league_id,league,season,team_id,team,player_id,name,firstname,lastname,age,nationality,height,weight,photo,position,appearances,lineups,minutes,rating,goals,assists,shots,shots_on_target,passes,key_passes,pass_accuracy,tackles,blocks,interceptions,dribble_attempts,successful_dribbles,duels_total,duels_won,fouls_drawn,fouls_committed,yellow_cards,red_cards,primary_position,primary_starts,secondary_position,secondary_starts,total_starts,position_confidence,unknown_starts,position_history,position_source,broad_position,detailed_position,goals_per90,assists_per90,shots_per90,shots_on_target_per90,passes_per90,key_passes_per90,tackles_per90,interceptions_per90,dribble_attempts_per90,successful_dribbles_per90,shot_accuracy,dribble_success_rate,season_teams,club_stints
135,Serie A,2025,505,Inter,5,M. Akanji,Manuel Obafemi,Akanji,30.0,Switzerland,188,91,https://media.api-sports.io/football/players/5.png,Defender,33.0,31.0,2820.0,7.15,2.0,0.0,19.0,6.0,2108.0,7.0,92.0,48.0,13.0,37.0,2.0,1.0,202.0,117.0,18.0,26.0,4.0,0.0,CB,0,,0,0,61.8,0,,statistical_fallback,Defender,CB,0.064,0.0,0.606,0.191,67.277,0.223,1.532,1.181,0.064,0.032,31.518,50.0,Inter,1
61,Ligue 1,2025,81,Marseille,6,L. Balerdi,Leonardo Julián,Balerdi Rosa,26.0,Argentina,187,76,https://media.api-sports.io/football/players/6.png,Defender,26.0,21.0,1998.0,6.91,0.0,1.0,17.0,5.0,1496.0,5.0,92.0,49.0,11.0,27.0,16.0,10.0,210.0,120.0,21.0,23.0,5.0,0.0,CB,0,,0,0,57.3,0,,statistical_fallback,Defender,CB,0.0,0.045,0.766,0.225,67.387,0.225,2.207,1.216,0.721,0.45,29.373,62.413,Marseille,1
78,Bundesliga,2025,157,Bayern München,8,Raphaël Guerreiro,Raphaël Adelino José,Guerreiro,32.0,Portugal,170,71,https://media.api-sports.io/football/players/8.png,Defender,18.0,8.0,803.0,6.78,5.0,2.0,10.0,5.0,525.0,18.0,89.0,7.0,1.0,2.0,14.0,3.0,44.0,14.0,2.0,3.0,0.0,0.0,FB,0,,0,0,66.3,0,,statistical_fallback,Defender,FB,0.56,0.224,1.121,0.56,58.842,2.017,0.785,0.224,1.569,0.336,49.955,21.415,Bayern München,1
61,Ligue 1,2025,85,Paris Saint Germain,9,A. Hakimi,Achraf,Hakimi Mouh,27.0,Morocco,181,73,https://media.api-sports.io/football/players/9.png,Defender,18.0,15.0,1374.0,6.79,2.0,2.0,20.0,9.0,1274.0,21.0,91.0,18.0,1.0,11.0,33.0,8.0,114.0,47.0,17.0,9.0,3.0,1.0,FB,0,,0,0,64.6,0,,statistical_fallback,Defender,FB,0.131,0.131,1.31,0.59,83.45,1.376,1.179,0.721,2.162,0.524,45.038,24.237,Paris Saint Germain,1
78,Bundesliga,2025,169,Eintracht Frankfurt,14,M. Dahoud,Mahmoud,Dahoud,29.0,Germany,178,68,https://media.api-sports.io/football/players/14.png,Midfielder,15.0,8.0,726.0,6.63,2.0,3.0,10.0,2.0,364.0,7.0,81.0,11.0,2.0,10.0,9.0,5.0,67.0,23.0,2.0,16.0,0.0,0.0,CAM,0,CM,0,0,58.5,0,,statistical_fallback,Midfielder,CAM,0.248,0.372,1.24,0.248,45.124,0.868,1.364,1.24,1.116,0.62,20.0,55.556,Eintracht Frankfurt,1
78,Bundesliga,2025,169,Eintracht Frankfurt,16,M. Götze,Mario,Götze,33.0,Germany,176,75,https://media.api-sports.io/football/players/16.png,Midfielder,21.0,8.0,879.0,6.5,0.0,0.0,2.0,0.0,494.0,15.0,83.0,14.0,3.0,5.0,14.0,5.0,93.0,32.0,12.0,9.0,1.0,0.0,CM,0,,0,0,58.0,0,,statistical_fallback,Midfielder,CM,0.0,0.0,0.205,0.0,50.58,1.536,1.433,0.512,1.433,0.512,0.0,35.729,Eintracht Frankfurt,1
135,Serie A,2025,489,AC Milan,17,C. Pulišić,Christian Mate,Pulišić,27.0,USA,177,73,https://media.api-sports.io/football/players/17.png,Attacker,30.0,18.0,1612.0,6.99,8.0,4.0,41.0,25.0,668.0,38.0,85.0,15.0,1.0,3.0,64.0,30.0,166.0,78.0,23.0,11.0,0.0,0.0,W,0,,0,0,57.6,0,,statistical_fallback,Attacker,W,0.447,0.223,2.289,1.396,37.295,2.122,0.837,0.167,3.573,1.675,60.987,46.879,AC Milan,1
39,Premier League,2025,66,Aston Villa,18,J. Sancho,Jadon Malik,Sancho,25.0,England,180,76,https://media.api-sports.io/football/players/18.png,Attacker,23.0,9.0,891.0,6.65,0.0,2.0,4.0,3.0,377.0,21.0,83.0,6.0,,2.0,29.0,16.0,64.0,27.0,2.0,3.0,0.0,0.0,RW,9,,0,9,100.0,0,RW:9,lineup_history,Attacker,RW,0.0,0.202,0.404,0.303,38.081,2.121,0.606,0.202,2.929,1.616,75.0,55.172,Aston Villa,1
140,La Liga,2025,547,Girona,20,A. Witsel,Axel Laurent Angel,Lambert Witsel,36.0,Belgium,186,81,https://media.api-sports.io/football/players/20.png,Defender,32.0,30.0,2533.0,6.85,1.0,2.0,16.0,5.0,1467.0,17.0,91.0,36.0,11.0,30.0,14.0,10.0,242.0,129.0,37.0,34.0,2.0,0.0,FB,0,,0,0,56.9,0,,statistical_fallback,Defender,FB,0.036,0.071,0.568,0.178,52.124,0.604,1.279,1.066,0.497,0.355,31.338,71.429,Girona,1
39,Premier League,2025,44,Burnley,22,J. Bruun Larsen,Jacob,Bruun Larsen,27.0,Denmark,183,77,https://media.api-sports.io/football/players/22.png,Attacker,28.0,10.0,1038.0,6.5,0.0,1.0,10.0,4.0,292.0,12.0,81.0,12.0,1.0,6.0,35.0,10.0,92.0,33.0,,1.0,0.0,0.0,RW,4,LW,3,10,40.0,0,RW:4 | LW:3 | ST:1 | RM:1 | CAM:1,lineup_history,Attacker,RW,0.0,0.087,0.867,0.347,25.318,1.04,1.04,0.52,3.035,0.867,40.023,28.567,Burnley,1
140,La Liga,2025,548,Real Sociedad,23,Sergio Gómez,Sergio,Gómez Martín,25.0,Spain,173,71,https://media.api-sports.io/football/players/23.png,Attacker,35.0,30.0,2705.0,6.87,0.0,6.0,8.0,0.0,1510.0,45.0,86.0,88.0,6.0,33.0,25.0,13.0,249.0,137.0,15.0,45.0,5.0,1.0,ST,0,W,0,0,62.6,0,,statistical_fallback,Attacker,ST,0.0,0.2,0.266,0.0,50.24,1.497,2.928,1.098,0.832,0.433,0.0,52.043,Real Sociedad,1
78,Bundesliga,2025,170,FC Augsburg,26,M. Wolf,Marius,Wolf,30.0,Germany,188,81,https://media.api-sports.io/football/players/26.png,Midfielder,29.0,12.0,1040.0,6.7,1.0,1.0,12.0,5.0,328.0,21.0,65.0,19.0,,11.0,16.0,7.0,75.0,35.0,2.0,10.0,4.0,0.0,CAM,0,CM,0,0,62.2,0,,statistical_fallback,Midfielder,CAM,0.087,0.087,1.038,0.433,28.385,1.817,1.644,0.952,1.385,0.606,41.715,43.755,FC Augsburg,1
140,La Liga,2025,530,Atletico Madrid,29,J. Oblak,Jan,Oblak,32.0,Slovenia,188,87,https://media.api-sports.io/football/players/29.png,Goalkeeper,30.0,30.0,2700.0,7.09,0.0,0.0,0.0,0.0,885.0,0.0,73.0,0.0,,0.0,0.0,0.0,10.0,7.0,4.0,,0.0,0.0,GK,0,,0,0,100.0,0,,statistical_fallback,Goalkeeper,GK,0.0,0.0,0.0,0.0,29.5,0.0,0.0,0.0,0.0,0.0,0.0,0.0,Atletico Madrid,1
140,La Liga,2025,530,Atletico Madrid,31,J. Giménez,José María,Giménez de Vargas,30.0,Uruguay,186,77,https://media.api-sports.io/football/players/31.png,Defender,16.0,13.0,1177.0,6.99,0.0,1.0,12.0,3.0,802.0,1.0,90.0,25.0,12.0,16.0,3.0,2.0,142.0,74.0,10.0,20.0,3.0,0.0,CB,0,,0,0,62.1,0,,statistical_fallback,Defender,CB,0.0,0.076,0.918,0.229,61.325,0.076,1.912,1.223,0.229,0.153,24.946,66.812,Atletico Madrid,1
61,Ligue 1,2025,85,Paris Saint Germain,33,L. Hernández,Lucas François Bernard,Hernández,29.0,France,184,79,https://media.api-sports.io/football/players/33.png,Defender,25.0,20.0,1751.0,7.07,0.0,3.0,8.0,3.0,1636.0,15.0,91.0,25.0,7.0,19.0,8.0,3.0,127.0,73.0,19.0,22.0,4.0,0.0,FB,0,,0,0,56.9,0,,statistical_fallback,Defender,FB,0.0,0.154,0.411,0.154,84.089,0.771,1.285,0.977,0.411,0.154,37.47,37.47,Paris Saint Germain,1
39,Premier League,2025,50,Manchester City,44,Rodri,Rodrigo,Hernández Cascante,29.0,Spain,190,82,https://media.api-sports.io/football/players/44.png,Midfielder,21.0,17.0,1513.0,7.46,1.0,0.0,10.0,3.0,1614.0,26.0,90.0,42.0,3.0,14.0,15.0,7.0,178.0,119.0,31.0,14.0,3.0,0.0,CDM,14,CM,3,17,82.4,0,CDM:14 | CM:3,lineup_history,Midfielder,CDM,0.059,0.0,0.595,0.178,96.008,1.547,2.498,0.833,0.892,0.416,29.916,46.637,Manchester City,1
140,La Liga,2025,547,Girona,45,T. Lemar,Thomas Benoît,Lemar,30.0,France,171,63,https://media.api-sports.io/football/players/45.png,Midfielder,27.0,14.0,1273.0,6.73,3.0,1.0,11.0,8.0,658.0,20.0,88.0,27.0,2.0,5.0,34.0,20.0,153.0,69.0,20.0,19.0,4.0,0.0,W,0,CAM,0,0,56.0,0,,statistical_fallback,Midfielder,W,0.212,0.071,0.778,0.566,46.52,1.414,1.909,0.353,2.404,1.414,72.751,58.819,Girona,1
140,La Liga,2025,533,Villarreal,49,T. Partey,Thomas,Teye Partey,32.0,Ghana,185,77,https://media.api-sports.io/football/players/49.png,Midfielder,25.0,8.0,930.0,6.58,0.0,0.0,8.0,2.0,547.0,8.0,86.0,18.0,4.0,14.0,10.0,8.0,89.0,46.0,6.0,11.0,1.0,0.0,CDM,0,CM,0,0,61.5,0,,statistical_fallback,Midfielder,CDM,0.0,0.0,0.774,0.194,52.935,0.774,1.742,1.355,0.968,0.774,25.065,79.959,Villarreal,1
140,La Liga,2025,530,Atletico Madrid,50,Koke,Jorge,Resurrección Merodio,33.0,Spain,176,77,https://media.api-sports.io/football/players/50.png,Midfielder,34.0,24.0,2237.0,7.14,2.0,2.0,9.0,4.0,1909.0,35.0,91.0,50.0,7.0,18.0,9.0,3.0,179.0,88.0,22.0,21.0,6.0,0.0,CM,0,,0,0,58.0,0,,statistical_fallback,Midfielder,CM,0.08,0.08,0.362,0.161,76.804,1.408,2.012,0.724,0.362,0.121,44.475,33.425,Atletico Madrid,1
140,La Liga,2025,728,Rayo Vallecano,52,Sergio Camello,Sergio,Camello Pérez,24.0,Spain,177,69,https://media.api-sports.io/football/players/52.png,Attacker,22.0,8.0,830.0,6.8,5.0,1.0,22.0,14.0,219.0,17.0,81.0,12.0,,3.0,31.0,15.0,104.0,44.0,14.0,8.0,3.0,1.0,W,0,ST,0,0,55.0,0,,statistical_fallback,Attacker,W,0.542,0.108,2.386,1.518,23.747,1.843,1.301,0.325,3.361,1.627,63.621,48.408,Rayo Vallecano,1
140,La Liga,2025,530,Atletico Madrid,56,A. Griezmann,Antoine,Griezmann,34.0,France,176,73,https://media.api-sports.io/football/players/56.png,Attacker,34.0,13.0,1477.0,6.89,7.0,4.0,45.0,25.0,731.0,32.0,82.0,14.0,2.0,8.0,26.0,9.0,105.0,44.0,10.0,4.0,1.0,0.0,ST,0,W,0,0,55.8,0,,statistical_fallback,Attacker,ST,0.427,0.244,2.742,1.523,44.543,1.95,0.853,0.487,1.584,0.548,55.543,34.596,Atletico Madrid,1
135,Serie A,2025,895,Como,59,Álvaro Morata,Álvaro Borja,Morata Martín,33.0,Spain,190,84,https://media.api-sports.io/football/players/59.png,Attacker,26.0,9.0,932.0,6.58,0.0,1.0,19.0,8.0,231.0,10.0,75.0,14.0,,1.0,7.0,2.0,124.0,65.0,33.0,16.0,3.0,0.0,ST,0,,0,0,57.6,0,,statistical_fallback,Attacker,ST,0.0,0.097,1.835,0.773,22.307,0.966,1.352,0.097,0.676,0.193,42.125,28.55,Como,1
61,Ligue 1,2025,80,Lyon,68,Clinton Mata,Clinton,Mukoni Mata Pedro Lourenço,33.0,Angola,180,72,https://media.api-sports.io/football/players/68.png,Defender,32.0,32.0,2836.0,6.94,0.0,0.0,4.0,0.0,1841.0,2.0,90.0,39.0,28.0,29.0,15.0,8.0,206.0,118.0,36.0,35.0,5.0,0.0,CB,0,,0,0,59.5,0,,statistical_fallback,Defender,CB,0.0,0.0,0.127,0.0,58.424,0.063,1.238,0.92,0.476,0.254,0.0,53.361,Lyon,1
140,La Liga,2025,543,Real Betis,74,S. Amrabat,Sofyan,Amrabat,29.0,Morocco,183,82,https://media.api-sports.io/football/players/74.png,Midfielder,17.0,14.0,1296.0,6.98,0.0,0.0,5.0,1.0,897.0,7.0,91.0,25.0,4.0,11.0,8.0,6.0,102.0,54.0,19.0,22.0,4.0,0.0,CM,0,,0,0,58.0,0,,statistical_fallback,Midfielder,CM,0.0,0.0,0.347,0.069,62.292,0.486,1.736,0.764,0.556,0.417,19.885,75.0,Real Betis,1
61,Ligue 1,2025,91,Monaco,81,K. Diatta,Krépin,Diatta,26.0,Senegal,175,68,https://media.api-sports.io/football/players/81.png,Midfielder,18.0,10.0,1026.0,6.9,0.0,1.0,5.0,1.0,458.0,13.0,78.0,31.0,3.0,16.0,9.0,6.0,107.0,73.0,10.0,8.0,2.0,0.0,CDM,0,CM,0,0,63.0,0,,statistical_fallback,Midfielder,CDM,0.0,0.088,0.439,0.088,40.175,1.14,2.719,1.404,0.789,0.526,20.046,66.667,Monaco,1
140,La Liga,2025,532,Valencia,83,A. Danjuma,Arnaut,Danjuma Adam Groeneveld,28.0,Netherlands,178,74,https://media.api-sports.io/football/players/83.png,Attacker,30.0,18.0,1627.0,6.76,3.0,2.0,28.0,14.0,391.0,17.0,77.0,13.0,1.0,2.0,64.0,27.0,158.0,69.0,22.0,21.0,0.0,0.0,ST,0,W,0,0,59.9,0,,statistical_fallback,Attacker,ST,0.166,0.111,1.549,0.774,21.629,0.94,0.719,0.111,3.54,1.494,49.968,42.203,Valencia,1
135,Serie A,2025,503,Espanyol | Torino,85,C. Ngonge,Cyril,Ngonge,25.0,Belgium,179,73,https://media.api-sports.io/football/players/85.png,Attacker,20.0,11.0,1439.0,6.69,1.0,1.0,19.0,12.0,255.0,12.0,69.0,11.0,,2.0,32.0,19.0,139.0,66.0,18.0,20.0,2.0,0.0,W,0,,0,0,58.0,0,,statistical_fallback,Attacker,W,0.063,0.188,1.876,1.001,23.579,1.251,1.126,0.375,3.19,1.501,53.328,47.055,Espanyol | Torino,2
135,Serie A,2025,496,Juventus,86,L. Openda,Ikoma-Loïs,Openda,25.0,Belgium,177,75,https://media.api-sports.io/football/players/86.png,Attacker,24.0,6.0,676.0,6.51,1.0,0.0,19.0,6.0,151.0,8.0,72.0,6.0,1.0,1.0,11.0,4.0,79.0,38.0,21.0,8.0,0.0,0.0,ST,0,,0,0,58.5,0,,statistical_fallback,Attacker,ST,0.133,0.0,2.53,0.799,20.104,1.065,0.799,0.133,1.464,0.533,31.581,36.407,Juventus,1
39,Premier League,2025,49,Chelsea,95,B. Badiashile,Benoît Ntambue,Badiashile Mukinayi Baya,24.0,France,194,75,https://media.api-sports.io/football/players/95.png,Defender,8.0,6.0,471.0,6.73,0.0,0.0,0.0,0.0,439.0,0.0,92.0,7.0,4.0,10.0,0.0,0.0,32.0,17.0,2.0,6.0,2.0,0.0,CB,6,,0,6,100.0,0,CB:6,lineup_history,Defender,CB,0.0,0.0,0.0,0.0,83.885,0.0,1.338,1.911,0.0,0.0,0.0,0.0,Chelsea,1
78,Bundesliga,2025,173,RB Leipzig,98,B. Henrichs,Benjamin Paa Kwesi,Henrichs,28.0,Germany,183,79,https://media.api-sports.io/football/players/98.png,Defender,17.0,3.0,319.0,6.6,1.0,0.0,4.0,2.0,176.0,3.0,81.0,7.0,1.0,5.0,6.0,1.0,31.0,11.0,1.0,3.0,0.0,0.0,FB,0,,0,0,57.6,0,,statistical_fallback,Defender,FB,0.282,0.0,1.129,0.564,49.655,0.846,1.975,1.411,1.693,0.282,49.956,16.657,RB Leipzig,1
61,Ligue 1,2025,96,Toulouse,102,D. Sidibé,Djibril,Sidibé,33.0,France,182,71,https://media.api-sports.io/football/players/102.png,Defender,33.0,26.0,2175.0,6.75,3.0,4.0,7.0,5.0,912.0,16.0,79.0,49.0,4.0,18.0,19.0,9.0,169.0,92.0,14.0,30.0,1.0,0.0,FB,0,,0,0,64.1,0,,statistical_fallback,Defender,FB,0.124,0.166,0.29,0.207,37.738,0.662,2.028,0.745,0.786,0.372,71.379,47.328,Toulouse,1
61,Ligue 1,2025,112,Metz,105,F. Ballo-Touré,Fodé,Ballo-Touré,28.0,Senegal,182,70,https://media.api-sports.io/football/players/105.png,Midfielder,13.0,11.0,843.0,6.49,0.0,0.0,4.0,1.0,343.0,4.0,90.0,21.0,,5.0,20.0,13.0,97.0,57.0,18.0,13.0,2.0,0.0,CM,0,,0,0,58.0,0,,statistical_fallback,Midfielder,CM,0.0,0.0,0.427,0.107,36.619,0.427,2.242,0.534,2.135,1.388,25.059,65.012,Metz,1
61,Ligue 1,2025,84,Nice,107,S. Diop,Sofiane,Diop,25.0,France,175,65,https://media.api-sports.io/football/players/107.png,Midfielder,35.0,27.0,2252.0,6.92,8.0,3.0,38.0,17.0,921.0,38.0,78.0,24.0,3.0,21.0,68.0,33.0,250.0,113.0,47.0,23.0,5.0,0.0,W,0,CAM,0,0,55.6,0,,statistical_fallback,Midfielder,W,0.32,0.12,1.519,0.679,36.807,1.519,0.959,0.839,2.718,1.319,44.7,48.528,Nice,1
61,Ligue 1,2025,91,Monaco,109,A. Golovin,Aleksandr,Golovin,29.0,Russia,178,69,https://media.api-sports.io/football/players/109.png,Midfielder,25.0,21.0,1661.0,6.88,5.0,5.0,25.0,18.0,734.0,24.0,82.0,26.0,5.0,24.0,31.0,19.0,156.0,68.0,18.0,30.0,3.0,0.0,CAM,0,CM,0,0,60.9,0,,statistical_fallback,Midfielder,CAM,0.271,0.271,1.355,0.975,39.771,1.3,1.409,1.3,1.68,1.03,71.956,61.31,Monaco,1
78,Bundesliga,2025,170,FC Augsburg,110,H. Massengo,Han-Noah,Massengo,24.0,France,178,70,https://media.api-sports.io/football/players/110.png,Midfielder,33.0,29.0,2435.0,6.83,2.0,1.0,15.0,6.0,1116.0,17.0,85.0,41.0,9.0,38.0,40.0,26.0,201.0,107.0,23.0,25.0,5.0,0.0,CDM,0,CM,0,0,59.4,0,,statistical_fallback,Midfielder,CDM,0.074,0.037,0.554,0.222,41.248,0.628,1.515,1.405,1.478,0.961,40.072,65.02,FC Augsburg,1
135,Serie A,2025,496,Juventus,116,K. Thuram,Khéphren,Thuram-Ulien,24.0,France,192,80,https://media.api-sports.io/football/players/116.png,Midfielder,35.0,30.0,2453.0,6.97,3.0,3.0,36.0,15.0,1507.0,24.0,86.0,60.0,9.0,12.0,37.0,23.0,245.0,132.0,12.0,38.0,2.0,0.0,CM,0,,0,0,58.0,0,,statistical_fallback,Midfielder,CM,0.11,0.11,1.321,0.55,55.291,0.881,2.201,0.44,1.358,0.844,41.635,62.15,Juventus,1
61,Ligue 1,2025,114,Paris FC,120,W. Geubbels,Willem Davnis Louis Didier,Geubbels,24.0,France,185,81,https://media.api-sports.io/football/players/120.png,Attacker,24.0,12.0,1019.0,6.56,5.0,0.0,26.0,9.0,209.0,7.0,69.0,3.0,3.0,6.0,7.0,1.0,116.0,38.0,3.0,19.0,0.0,0.0,ST,0,,0,0,63.5,0,,statistical_fallback,Attacker,ST,0.442,0.0,2.296,0.795,18.459,0.618,0.265,0.53,0.618,0.088,34.625,14.239,Paris FC,1
140,La Liga,2025,797,Elche,126,Iñaki Peña,Ignacio,Peña Sotorres,26.0,Spain,184,78,https://media.api-sports.io/football/players/126.png,Goalkeeper,16.0,16.0,1440.0,7.2,0.0,0.0,0.0,0.0,889.0,3.0,74.0,0.0,,0.0,0.0,0.0,8.0,3.0,1.0,,0.0,0.0,GK,0,,0,0,100.0,0,,statistical_fallback,Goalkeeper,GK,0.0,0.0,0.0,0.0,55.562,0.188,0.0,0.0,0.0,0.0,0.0,0.0,Elche,1
39,Premier League,2025,36,Fulham,131,Jorge Cuenca,Jorge,Cuenca Barreno,26.0,Spain,190,75,https://media.api-sports.io/football/players/131.png,Defender,15.0,11.0,965.0,6.85,0.0,0.0,1.0,0.0,626.0,3.0,88.0,16.0,10.0,15.0,5.0,2.0,68.0,36.0,1.0,10.0,6.0,0.0,CB,11,,0,11,100.0,0,CB:11,lineup_history,Defender,CB,0.0,0.0,0.093,0.0,58.383,0.28,1.492,1.399,0.466,0.187,0.0,40.129,Fulham,1
140,La Liga,2025,530,Atletico Madrid,133,C. Lenglet,Clément Nicolas Laurent,Lenglet,31.0,France,186,81,https://media.api-sports.io/football/players/133.png,Defender,19.0,18.0,1393.0,6.784,0.0,1.0,4.0,0.0,923.0,4.0,42.0,21.0,6.0,22.0,3.0,3.0,114.0,60.0,7.0,22.0,6.0,1.0,CB,0,,0,0,57.5,0,,statistical_fallback,Defender,CB,0.0,0.065,0.258,0.0,59.634,0.258,1.357,1.421,0.194,0.194,0.0,100.0,Atletico Madrid,1
135,Serie A,2025,500,Bologna,134,Juan Miranda,Juan,Miranda González,25.0,Spain,185,76,https://media.api-sports.io/football/players/134.png,Defender,32.0,29.0,2573.0,6.98,1.0,3.0,10.0,5.0,1456.0,66.0,83.0,49.0,5.0,35.0,16.0,8.0,206.0,126.0,35.0,25.0,6.0,0.0,FB,0,,0,0,59.5,0,,statistical_fallback,Defender,FB,0.035,0.105,0.35,0.175,50.929,2.309,1.714,1.224,0.56,0.28,50.0,50.0,Bologna,1
135,Serie A,2025,895,Como,137,Sergi Roberto,Sergi,Roberto Carnicer,33.0,Spain,178,68,https://media.api-sports.io/football/players/137.png,Midfielder,20.0,5.0,554.0,6.6,0.0,0.0,6.0,2.0,435.0,8.0,92.0,7.0,1.0,5.0,8.0,4.0,56.0,25.0,9.0,9.0,3.0,0.0,CM,0,,0,0,58.0,0,,statistical_fallback,Midfielder,CM,0.0,0.0,0.975,0.325,70.668,1.3,1.137,0.812,1.3,0.65,33.333,50.0,Como,1
39,Premier League,2025,48,West Ham,138,J. Todibo,Jean-Clair Dimitri Roger,Todibo,26.0,France,192,88,https://media.api-sports.io/football/players/138.png,Defender,23.0,22.0,1817.0,6.54,0.0,1.0,1.0,0.0,781.0,5.0,87.0,37.0,13.0,17.0,9.0,4.0,114.0,68.0,3.0,8.0,5.0,1.0,CB,22,,0,22,100.0,0,CB:22,lineup_history,Defender,CB,0.0,0.05,0.05,0.0,38.685,0.248,1.833,0.842,0.446,0.198,0.0,44.395,West Ham,1
140,La Liga,2025,542,Alaves,143,Carles Aleñá,Carles,Aleña Castillo,27.0,Spain,180,70,https://media.api-sports.io/football/players/143.png,Midfielder,34.0,23.0,1995.0,6.59,0.0,4.0,18.0,5.0,850.0,38.0,85.0,37.0,2.0,10.0,27.0,12.0,228.0,99.0,36.0,38.0,5.0,0.0,CAM,0,CM,0,0,60.0,0,,statistical_fallback,Midfielder,CAM,0.0,0.18,0.812,0.226,38.346,1.714,1.669,0.451,1.218,0.541,27.833,44.417,Alaves,1
61,Ligue 1,2025,85,Paris Saint Germain,153,O. Dembélé,Masour Ousmane,Dembélé,28.0,France,178,67,https://media.api-sports.io/football/players/153.png,Attacker,22.0,11.0,1062.0,7.41,10.0,7.0,38.0,18.0,745.0,41.0,83.0,6.0,,0.0,39.0,24.0,73.0,36.0,4.0,3.0,0.0,0.0,W,0,,0,0,58.3,0,,statistical_fallback,Attacker,W,0.847,0.593,3.22,1.525,63.136,3.475,0.508,0.0,3.305,2.034,47.36,61.543,Paris Saint Germain,1
140,La Liga,2025,547,Girona,158,P. Gazzaniga,Paulo Dino,Gazzaniga Farias,33.0,Argentina,195,90,https://media.api-sports.io/football/players/158.png,Goalkeeper,35.0,35.0,3103.0,7.05,0.0,0.0,0.0,0.0,1138.0,0.0,67.0,1.0,,0.0,1.0,0.0,15.0,12.0,5.0,1.0,4.0,1.0,GK,0,,0,0,100.0,0,,statistical_fallback,Goalkeeper,GK,0.0,0.0,0.0,0.0,33.007,0.0,0.029,0.0,0.029,0.0,0.0,0.0,Girona,1
140,La Liga,2025,533,Villarreal,166,J. Foyth,Juan Marcos,Foyth,27.0,Argentina,187,83,https://media.api-sports.io/football/players/166.png,Defender,13.0,12.0,936.0,7.18,0.0,0.0,1.0,0.0,566.0,0.0,89.0,20.0,10.0,16.0,4.0,3.0,51.0,33.0,1.0,8.0,2.0,0.0,CB,0,,0,0,62.3,0,,statistical_fallback,Defender,CB,0.0,0.0,0.096,0.0,54.423,0.0,1.923,1.538,0.385,0.288,0.0,74.805,Villarreal,1
39,Premier League,2025,34,Newcastle,169,K. Trippier,Kieran John,Trippier,35.0,England,178,71,https://media.api-sports.io/football/players/169.png,Defender,21.0,18.0,1592.0,6.71,0.0,1.0,2.0,0.0,1056.0,28.0,81.0,26.0,1.0,9.0,10.0,4.0,158.0,72.0,19.0,22.0,3.0,0.0,RB,17,RWB,1,18,94.4,0,RB:17 | RWB:1,lineup_history,Defender,RB,0.0,0.057,0.113,0.0,59.698,1.583,1.47,0.509,0.565,0.226,0.0,40.0,Newcastle,1
39,Premier League,2025,48,West Ham,171,K. Walker-Peters,Kyle Leonardus,Walker-Peters,28.0,England,173,62,https://media.api-sports.io/football/players/171.png,Defender,23.0,15.0,1401.0,6.69,1.0,0.0,5.0,3.0,596.0,7.0,85.0,44.0,4.0,9.0,24.0,16.0,162.0,98.0,25.0,12.0,2.0,0.0,RB,14,LB,1,15,93.3,0,RB:14 | LB:1,lineup_history,Defender,RB,0.064,0.0,0.321,0.193,38.287,0.45,2.827,0.578,1.542,1.028,60.125,66.667,West Ham,1
78,Bundesliga,2025,161,VfL Wolfsburg,174,C. Eriksen,Christian,Dannemann Eriksen,33.0,Denmark,182,76,https://media.api-sports.io/football/players/174.png,Midfielder,33.0,29.0,2629.0,6.95,3.0,9.0,31.0,16.0,1272.0,66.0,78.0,43.0,11.0,19.0,21.0,10.0,166.0,71.0,6.0,13.0,4.0,0.0,CAM,0,CM,0,0,63.1,0,,statistical_fallback,Midfielder,CAM,0.103,0.308,1.061,0.548,43.545,2.259,1.472,0.65,0.719,0.342,51.649,47.566,VfL Wolfsburg,1
61,Ligue 1,2025,91,Monaco,175,E. Dier,Eric Jeremy Edgar,Dier,31.0,England,188,83,https://media.api-sports.io/football/players/175.png,Defender,9.0,7.0,687.0,7.04,1.0,0.0,2.0,2.0,592.0,2.0,93.0,7.0,10.0,10.0,0.0,0.0,51.0,23.0,4.0,9.0,0.0,0.0,CB,0,,0,0,66.4,0,,statistical_fallback,Defender,CB,0.131,0.0,0.262,0.262,77.555,0.262,0.917,1.31,0.0,0.0,100.0,0.0,Monaco,1
78,Bundesliga,2025,157,Bayern München,184,H. Kane,Harry Edward,Kane,32.0,England,188,86,https://media.api-sports.io/football/players/184.png,Attacker,31.0,25.0,2382.0,7.87,36.0,5.0,91.0,67.0,727.0,40.0,81.0,19.0,6.0,8.0,51.0,32.0,239.0,126.0,32.0,25.0,1.0,0.0,ST,0,,0,0,58.6,0,,statistical_fallback,Attacker,ST,1.36,0.189,3.438,2.531,27.469,1.511,0.718,0.302,1.927,1.209,73.618,62.74,Bayern München,1
135,Serie A,2025,505,Inter,194,S. de Vrij,Stefan,de Vrij,33.0,Netherlands,190,78,https://media.api-sports.io/football/players/194.png,Defender,11.0,8.0,671.0,7.06,0.0,0.0,5.0,2.0,467.0,2.0,93.0,15.0,4.0,7.0,2.0,1.0,58.0,37.0,5.0,5.0,1.0,0.0,CB,0,,0,0,61.0,0,,statistical_fallback,Defender,CB,0.0,0.0,0.671,0.268,62.638,0.268,2.012,0.939,0.268,0.134,39.94,50.0,Inter,1
135,Serie A,2025,490,Cagliari,200,G. Zappa,Gabriele,Zappa,26.0,Italy,180,78,https://media.api-sports.io/football/players/200.png,Defender,31.0,18.0,1608.0,6.58,0.0,3.0,9.0,2.0,883.0,13.0,84.0,28.0,2.0,17.0,14.0,5.0,105.0,49.0,5.0,13.0,2.0,0.0,FB,0,,0,0,62.7,0,,statistical_fallback,Defender,FB,0.0,0.168,0.504,0.112,49.422,0.728,1.567,0.951,0.784,0.28,22.222,35.714,Cagliari,1
135,Serie A,2025,504,Hellas Verona,203,R. Gagliardini,Roberto,Gagliardini,31.0,Italy,190,77,https://media.api-sports.io/football/players/203.png,Midfielder,29.0,25.0,2216.0,6.97,1.0,0.0,9.0,3.0,1165.0,16.0,81.0,73.0,13.0,54.0,10.0,6.0,285.0,169.0,35.0,45.0,10.0,0.0,CDM,0,CM,0,0,69.1,0,,statistical_fallback,Midfielder,CDM,0.041,0.0,0.366,0.122,47.315,0.65,2.965,2.193,0.406,0.244,33.333,60.099,Hellas Verona,1
135,Serie A,2025,487,Lazio,211,M. Vecino,Matías,Vecino Falero,34.0,Uruguay,187,81,https://media.api-sports.io/football/players/211.png,Midfielder,13.0,5.0,605.0,6.72,0.0,1.0,4.0,0.0,369.0,3.0,88.0,10.0,3.0,7.0,2.0,0.0,57.0,25.0,3.0,8.0,1.0,0.0,CDM,0,CM,0,0,62.7,0,,statistical_fallback,Midfielder,CDM,0.0,0.149,0.595,0.0,54.893,0.446,1.488,1.041,0.298,0.0,0.0,0.0,Lazio,1
135,Serie A,2025,490,Cagliari,215,S. Esposito,Sebastiano,Esposito,23.0,Italy,186,76,https://media.api-sports.io/football/players/215.png,Midfielder,36.0,34.0,2699.0,7.0,7.0,5.0,42.0,16.0,1003.0,71.0,75.0,56.0,4.0,20.0,41.0,17.0,312.0,149.0,56.0,45.0,6.0,0.0,CAM,0,CM,0,0,59.9,0,,statistical_fallback,Midfielder,CAM,0.233,0.167,1.401,0.534,33.446,2.368,1.867,0.667,1.367,0.567,38.116,41.478,Cagliari,1
135,Serie A,2025,505,Inter,217,Lautaro Martínez,Lautaro Javier,Martínez,28.0,Argentina,174,72,https://media.api-sports.io/football/players/217.png,Attacker,30.0,27.0,2178.0,7.08,17.0,6.0,69.0,39.0,600.0,37.0,78.0,24.0,,7.0,43.0,20.0,253.0,115.0,47.0,47.0,4.0,0.0,ST,0,,0,0,58.2,0,,statistical_fallback,Attacker,ST,0.702,0.248,2.851,1.612,24.793,1.529,0.992,0.289,1.777,0.826,56.542,46.483,Inter,1
135,Serie A,2025,492,Napoli,219,M. Politano,Matteo,Politano,32.0,Italy,171,67,https://media.api-sports.io/football/players/219.png,Midfielder,34.0,26.0,2213.0,6.9,2.0,5.0,35.0,13.0,940.0,37.0,82.0,15.0,2.0,5.0,69.0,33.0,182.0,84.0,28.0,19.0,4.0,0.0,W,0,CAM,0,0,56.1,0,,statistical_fallback,Midfielder,W,0.081,0.203,1.423,0.529,38.229,1.505,0.61,0.203,2.806,1.342,37.175,47.826,Napoli,1
135,Serie A,2025,505,Inter,226,D. Dumfries,Denzel Justus Morris,Dumfries,29.0,Netherlands,188,80,https://media.api-sports.io/football/players/226.png,Midfielder,20.0,15.0,1327.0,6.62,3.0,1.0,16.0,5.0,377.0,13.0,80.0,15.0,,7.0,19.0,6.0,130.0,63.0,13.0,20.0,2.0,0.0,CM,0,,0,0,58.0,0,,statistical_fallback,Midfielder,CM,0.203,0.068,1.085,0.339,25.569,0.882,1.017,0.475,1.289,0.407,31.244,31.575,Inter,1
135,Serie A,2025,497,AS Roma,227,Angeliño,José Ángel,Esmoris Tasende,29.0,Spain,175,69,https://media.api-sports.io/football/players/227.png,Midfielder,7.0,5.0,418.0,6.86,0.0,0.0,4.0,2.0,209.0,5.0,78.0,9.0,,2.0,3.0,0.0,35.0,15.0,2.0,5.0,2.0,0.0,CM,0,,0,0,58.0,0,,statistical_fallback,Midfielder,CM,0.0,0.0,0.861,0.431,45.0,1.077,1.938,0.431,0.646,0.0,50.058,0.0,AS Roma,1
61,Ligue 1,2025,91,Monaco,231,J. Teze,Jordan,Teze,26.0,Netherlands,183,68,https://media.api-sports.io/football/players/231.png,Defender,33.0,28.0,2494.0,6.94,1.0,2.0,11.0,5.0,1332.0,35.0,83.0,61.0,10.0,29.0,10.0,3.0,223.0,117.0,25.0,32.0,8.0,0.0,FB,0,,0,0,57.3,0,,statistical_fallback,Defender,FB,0.036,0.072,0.397,0.18,48.067,1.263,2.201,1.047,0.361,0.108,45.34,29.917,Monaco,1
135,Serie A,2025,503,Torino,243,Z. Aboukhlal,Zakaria,Aboukhlal,25.0,Morocco,179,74,https://media.api-sports.io/football/players/243.png,Attacker,15.0,6.0,520.0,6.64,0.0,0.0,5.0,2.0,166.0,3.0,74.0,22.0,1.0,1.0,17.0,6.0,92.0,43.0,11.0,12.0,4.0,0.0,ST,0,W,0,0,56.5,0,,statistical_fallback,Attacker,ST,0.0,0.0,0.865,0.346,28.731,0.519,3.808,0.173,2.942,1.038,40.0,35.282,Torino,1
39,Premier League,2025,40,Liverpool,247,C. Gakpo,Cody Mathès,Gakpo,26.0,Netherlands,193,76,https://media.api-sports.io/football/players/247.png,Midfielder,36.0,32.0,2765.0,6.89,7.0,5.0,54.0,21.0,750.0,53.0,78.0,28.0,4.0,13.0,69.0,34.0,334.0,162.0,44.0,42.0,3.0,0.0,LW,23,ST,8,32,71.9,0,LW:23 | ST:8 | CAM:1,lineup_history,Midfielder,LW,0.228,0.163,1.758,0.684,24.412,1.725,0.911,0.423,2.246,1.107,38.908,49.288,Liverpool,1
135,Serie A,2025,497,AS Roma | Aston Villa,249,D. Malen,Donyell,Malen,26.0,Netherlands,176,68,https://media.api-sports.io/football/players/249.png,Attacker,18.0,18.0,2158.0,7.038,14.0,2.0,49.0,31.0,220.0,8.0,77.0,5.0,,2.0,43.0,16.0,146.0,48.0,17.0,12.0,1.0,0.0,ST,4,RW,1,5,80.0,0,ST:4 | RW:1,lineup_history,Attacker,ST,0.751,0.125,2.919,1.668,13.095,0.625,0.375,0.084,2.627,1.001,57.148,38.094,AS Roma | Aston Villa,2
39,Premier League,2025,63,Leeds,250,J. Piroe,Joël Mohammed,Ramzan Piroe,26.0,Netherlands,181,74,https://media.api-sports.io/football/players/250.png,Attacker,16.0,2.0,320.0,6.46,0.0,0.0,9.0,3.0,97.0,1.0,81.0,2.0,,1.0,3.0,1.0,33.0,8.0,,4.0,0.0,0.0,ST,2,,0,2,100.0,0,ST:2,lineup_history,Attacker,ST,0.0,0.0,2.531,0.844,27.281,0.281,0.562,0.281,0.844,0.281,33.347,33.294,Leeds,1
39,Premier League,2025,48,West Ham,253,A. Areola,Alphonse Francis,Areola,32.0,France,195,94,https://media.api-sports.io/football/players/253.png,Goalkeeper,20.0,20.0,1800.0,6.76,0.0,1.0,0.0,0.0,541.0,1.0,46.0,0.0,,1.0,0.0,0.0,9.0,6.0,1.0,1.0,0.0,0.0,GK,20,,0,20,100.0,0,GK:20,lineup_history,Goalkeeper,GK,0.0,0.05,0.0,0.0,27.05,0.05,0.0,0.05,0.0,0.0,0.0,0.0,West Ham,1
61,Ligue 1,2025,85,Paris Saint Germain,257,Marquinhos,Marcos,Aoás Corrêa,31.0,Brazil,183,75,https://media.api-sports.io/football/players/257.png,Defender,14.0,11.0,1049.0,7.27,0.0,0.0,1.0,0.0,938.0,2.0,95.0,15.0,4.0,8.0,2.0,2.0,69.0,41.0,2.0,8.0,0.0,0.0,CB,0,,0,0,58.5,0,,statistical_fallback,Defender,CB,0.0,0.0,0.086,0.0,80.477,0.172,1.287,0.686,0.172,0.172,0.0,100.0,Paris Saint Germain,1
61,Ligue 1,2025,91,Monaco,261,T. Kehrer,Jan Thilo,Kehrer,29.0,Germany,186,76,https://media.api-sports.io/football/players/261.png,Defender,28.0,28.0,2358.0,6.92,0.0,0.0,13.0,1.0,1643.0,6.0,87.0,65.0,23.0,30.0,7.0,4.0,259.0,165.0,29.0,27.0,7.0,1.0,CB,0,,0,0,64.4,0,,statistical_fallback,Defender,CB,0.0,0.0,0.496,0.038,62.71,0.229,2.481,1.145,0.267,0.153,7.661,57.303,Monaco,1
61,Ligue 1,2025,79,Lille,264,T. Meunier,Thomas André A.,Meunier,34.0,Belgium,190,78,https://media.api-sports.io/football/players/264.png,Defender,25.0,21.0,1915.0,6.87,2.0,2.0,13.0,5.0,1026.0,18.0,82.0,31.0,2.0,16.0,20.0,12.0,135.0,63.0,3.0,29.0,3.0,0.0,FB,0,,0,0,64.6,0,,statistical_fallback,Defender,FB,0.094,0.094,0.611,0.235,48.219,0.846,1.457,0.752,0.94,0.564,38.462,60.0,Lille,1
135,Serie A,2025,489,AC Milan,269,C. Nkunku,Christopher Alan,Nkunku,28.0,France,178,68,https://media.api-sports.io/football/players/269.png,Attacker,32.0,15.0,1377.0,6.68,7.0,3.0,24.0,16.0,342.0,16.0,88.0,5.0,1.0,2.0,26.0,9.0,114.0,50.0,22.0,9.0,0.0,0.0,ST,0,W,0,0,55.4,0,,statistical_fallback,Attacker,ST,0.458,0.196,1.569,1.046,22.353,1.046,0.327,0.131,1.699,0.588,66.667,34.609,AC Milan,1
78,Bundesliga,2025,182,Union Berlin,270,S. Nsoki,Stanley Pierre,Nsoki,26.0,France,184,77,https://media.api-sports.io/football/players/270.png,Defender,13.0,10.0,823.0,6.58,1.0,2.0,2.0,1.0,323.0,4.0,69.0,13.0,2.0,19.0,6.0,4.0,64.0,42.0,8.0,8.0,2.0,0.0,FB,0,,0,0,59.2,0,,statistical_fallback,Defender,FB,0.109,0.219,0.219,0.109,35.322,0.437,1.422,2.078,0.656,0.437,49.772,66.616,Union Berlin,1
135,Serie A,2025,489,AC Milan,272,A. Rabiot,Adrien Thibault Marie,Rabiot-Provost,30.0,France,188,72,https://media.api-sports.io/football/players/272.png,Attacker,29.0,28.0,2550.0,7.24,6.0,4.0,34.0,12.0,1319.0,27.0,85.0,57.0,5.0,20.0,41.0,20.0,308.0,173.0,55.0,35.0,5.0,0.0,ST,0,W,0,0,56.1,0,,statistical_fallback,Attacker,ST,0.212,0.141,1.2,0.424,46.553,0.953,2.012,0.706,1.447,0.706,35.333,48.791,AC Milan,1
140,La Liga,2025,541,Real Madrid,278,Kylian Mbappé,Kylian,Mbappé Lottin,27.0,France,178,75,https://media.api-sports.io/football/players/278.png,Attacker,31.0,29.0,2604.0,7.53,25.0,5.0,110.0,63.0,998.0,65.0,86.0,4.0,,2.0,148.0,78.0,257.0,125.0,36.0,13.0,4.0,0.0,W,0,ST,0,0,56.4,0,,statistical_fallback,Attacker,W,0.864,0.173,3.802,2.177,34.493,2.247,0.138,0.069,5.115,2.696,57.259,52.708,Real Madrid,1
39,Premier League,2025,40,Liverpool,280,Alisson Becker,Alisson Ramsés,Becker,33.0,Brazil,193,91,https://media.api-sports.io/football/players/280.png,Goalkeeper,26.0,26.0,2351.0,6.78,0.0,0.0,0.0,0.0,816.0,0.0,78.0,0.0,,0.0,0.0,0.0,14.0,11.0,7.0,1.0,1.0,0.0,GK,26,,0,26,100.0,0,GK:26,lineup_history,Goalkeeper,GK,0.0,0.0,0.0,0.0,31.238,0.0,0.0,0.0,0.0,0.0,0.0,0.0,Liverpool,1
39,Premier League,2025,55,Brentford,281,C. Kelleher,Caoimhín Odhrán,Kelleher,27.0,Republic of Ireland,188,74,https://media.api-sports.io/football/players/281.png,Goalkeeper,37.0,37.0,3341.0,7.04,0.0,0.0,0.0,0.0,1296.0,3.0,65.0,1.0,,1.0,3.0,3.0,22.0,16.0,6.0,3.0,1.0,0.0,GK,37,,0,37,100.0,0,GK:37,lineup_history,Goalkeeper,GK,0.0,0.0,0.0,0.0,34.912,0.081,0.027,0.027,0.081,0.081,0.0,100.0,Brentford,1
140,La Liga,2025,541,Real Madrid,283,T. Alexander-Arnold,Trent John,Alexander-Arnold,27.0,England,175,67,https://media.api-sports.io/football/players/283.png,Defender,21.0,14.0,1169.0,6.84,0.0,4.0,8.0,2.0,821.0,29.0,85.0,14.0,3.0,14.0,12.0,5.0,63.0,29.0,5.0,10.0,4.0,0.0,FB,0,,0,0,62.8,0,,statistical_fallback,Defender,FB,0.0,0.308,0.616,0.154,63.208,2.233,1.078,1.078,0.924,0.385,25.0,41.667,Real Madrid,1
39,Premier League,2025,40,Liverpool,284,J. Gomez,Joseph Dave,Gomez,28.0,England,188,80,https://media.api-sports.io/football/players/284.png,Defender,21.0,7.0,644.0,6.57,0.0,2.0,5.0,1.0,318.0,6.0,79.0,10.0,2.0,9.0,6.0,3.0,66.0,26.0,,14.0,4.0,0.0,RB,5,CB,2,7,71.4,0,RB:5 | CB:2,lineup_history,Defender,RB,0.0,0.28,0.699,0.14,44.441,0.839,1.398,1.258,0.839,0.419,20.029,49.94,Liverpool,1
39,Premier League,2025,39,Wolves,285,K. Hoever,Ki-Jana Delano,Hoever,23.0,Netherlands,183,65,https://media.api-sports.io/football/players/285.png,Midfielder,8.0,6.0,428.0,6.56,0.0,0.0,1.0,1.0,154.0,5.0,68.0,13.0,1.0,6.0,8.0,5.0,45.0,27.0,3.0,3.0,0.0,0.0,RWB,5,RB,1,6,83.3,0,RWB:5 | RB:1,lineup_history,Midfielder,RWB,0.0,0.0,0.21,0.21,32.383,1.051,2.734,1.262,1.682,1.051,100.0,62.485,Wolves,1
135,Serie A,2025,895,Como,288,Alberto Moreno,Alberto,Moreno Pérez,33.0,Spain,171,65,https://media.api-sports.io/football/players/288.png,Defender,19.0,13.0,1240.0,6.84,2.0,1.0,8.0,4.0,692.0,15.0,90.0,22.0,1.0,6.0,6.0,1.0,95.0,48.0,12.0,17.0,4.0,0.0,FB,0,,0,0,61.0,0,,statistical_fallback,Defender,FB,0.145,0.073,0.581,0.29,50.226,1.089,1.597,0.435,0.435,0.073,49.914,16.782,Como,1
39,Premier League,2025,40,Liverpool,289,A. Robertson,Andrew Henry,Robertson,31.0,Scotland,178,64,https://media.api-sports.io/football/players/289.png,Defender,24.0,11.0,1188.0,6.74,1.0,0.0,4.0,3.0,710.0,20.0,83.0,12.0,3.0,8.0,6.0,3.0,57.0,30.0,1.0,4.0,0.0,0.0,LB,11,,0,11,100.0,0,LB:11,lineup_history,Defender,LB,0.076,0.0,0.303,0.227,53.788,1.515,0.909,0.606,0.455,0.227,74.917,49.89,Liverpool,1
39,Premier League,2025,40,Liverpool,290,V. van Dijk,Virgil,van Dijk,34.0,Netherlands,195,92,https://media.api-sports.io/football/players/290.png,Defender,38.0,38.0,3431.0,7.28,6.0,0.0,26.0,14.0,2787.0,12.0,89.0,22.0,26.0,28.0,2.0,2.0,294.0,216.0,18.0,19.0,4.0,0.0,CB,38,,0,38,100.0,0,CB:38,lineup_history,Defender,CB,0.157,0.0,0.682,0.367,73.107,0.315,0.577,0.734,0.052,0.052,53.812,100.0,Liverpool,1
39,Premier League,2025,55,Brentford,292,J. Henderson,Jordan Brian,Henderson,35.0,England,182,78,https://media.api-sports.io/football/players/292.png,Midfielder,32.0,22.0,1929.0,6.8,1.0,3.0,4.0,1.0,1158.0,19.0,77.0,27.0,7.0,17.0,8.0,3.0,99.0,48.0,7.0,13.0,6.0,0.0,CDM,21,CM,1,22,95.5,0,CDM:21 | CM:1,lineup_history,Midfielder,CDM,0.047,0.14,0.187,0.047,54.028,0.886,1.26,0.793,0.373,0.14,25.134,37.534,Brentford,1
39,Premier League,2025,40,Liverpool,293,C. Jones,Curtis Julian,Jones,24.0,England,185,78,https://media.api-sports.io/football/players/293.png,Midfielder,34.0,18.0,1961.0,6.85,1.0,2.0,16.0,7.0,1644.0,21.0,91.0,40.0,6.0,18.0,35.0,22.0,202.0,102.0,29.0,17.0,2.0,0.0,CDM,8,RB,5,18,44.4,0,CDM:8 | RB:5 | CAM:2 | CM:1 | LW:1 | RW:1,lineup_history,Midfielder,CDM,0.046,0.092,0.734,0.321,75.451,0.964,1.836,0.826,1.606,1.01,43.733,62.889,Liverpool,1
39,Premier League,2025,51,Brighton,296,J. Milner,James Philip,Milner,39.0,England,175,70,https://media.api-sports.io/football/players/296.png,Midfielder,20.0,7.0,802.0,6.72,1.0,1.0,6.0,2.0,485.0,8.0,86.0,15.0,1.0,6.0,2.0,1.0,62.0,25.0,3.0,15.0,2.0,0.0,CDM,6,CM,1,7,85.7,0,CDM:6 | CM:1,lineup_history,Midfielder,CDM,0.112,0.112,0.673,0.224,54.426,0.898,1.683,0.673,0.224,0.112,33.284,50.0,Brighton,1
39,Premier League,2025,40,Liverpool,306,Mohamed Salah,Mohamed,Salah Hamed Mahrous Ghaly,33.0,Egypt,175,71,https://media.api-sports.io/football/players/306.png,Midfielder,27.0,23.0,2148.0,6.93,7.0,7.0,45.0,19.0,793.0,49.0,76.0,17.0,1.0,4.0,72.0,19.0,201.0,60.0,16.0,10.0,1.0,0.0,RW,22,ST,1,23,95.7,0,RW:22 | ST:1,lineup_history,Midfielder,RW,0.293,0.293,1.885,0.796,33.226,2.053,0.712,0.168,3.017,0.796,42.228,26.384,Liverpool,1
135,Serie A,2025,492,Napoli,312,A. Meret,Alex,Meret,28.0,Italy,190,82,https://media.api-sports.io/football/players/312.png,Goalkeeper,11.0,11.0,980.0,6.8,0.0,1.0,0.0,0.0,350.0,1.0,84.0,0.0,,0.0,0.0,0.0,4.0,2.0,1.0,1.0,1.0,0.0,GK,0,,0,0,100.0,0,,statistical_fallback,Goalkeeper,GK,0.0,0.092,0.0,0.0,32.143,0.092,0.0,0.0,0.0,0.0,0.0,0.0,Napoli,1
135,Serie A,2025,801,Pisa,314,Raúl Albiol,Raúl,Albiol i Tortajada,40.0,Spain,190,82,https://media.api-sports.io/football/players/314.png,Defender,8.0,5.0,502.0,6.65,0.0,1.0,0.0,0.0,253.0,3.0,86.0,7.0,6.0,6.0,0.0,0.0,33.0,16.0,2.0,6.0,1.0,0.0,CB,0,,0,0,57.8,0,,statistical_fallback,Defender,CB,0.0,0.179,0.0,0.0,45.359,0.538,1.255,1.076,0.0,0.0,0.0,0.0,Pisa,1
135,Serie A,2025,490,Cagliari | Cremonese,319,S. Luperto,Sebastiano,Luperto,29.0,Italy,191,75,https://media.api-sports.io/football/players/319.png,Defender,19.0,19.0,3017.0,6.714,1.0,0.0,5.0,3.0,850.0,3.0,89.0,15.0,10.0,18.0,1.0,1.0,97.0,48.0,17.0,23.0,3.0,0.0,CB,0,,0,0,56.0,0,,statistical_fallback,Defender,CB,0.03,0.03,0.269,0.149,48.624,0.179,1.044,0.895,0.149,0.149,55.392,100.0,Cagliari | Cremonese,2
135,Serie A,2025,490,Cagliari,325,G. Gaetano,Gianluca,Gaetano,25.0,Italy,183,71,https://media.api-sports.io/football/players/325.png,Midfielder,33.0,21.0,1911.0,6.86,2.0,4.0,25.0,11.0,1055.0,28.0,80.0,29.0,2.0,22.0,29.0,17.0,182.0,89.0,29.0,26.0,4.0,0.0,CAM,0,CM,0,0,60.6,0,,statistical_fallback,Midfielder,CAM,0.094,0.188,1.177,0.518,49.686,1.319,1.366,1.036,1.366,0.801,44.01,58.638,Cagliari,1
61,Ligue 1,2025,85,Paris Saint Germain,328,Fabián Ruiz,Fabián,Ruiz Peña,29.0,Spain,189,70,https://media.api-sports.io/football/players/328.png,Midfielder,20.0,13.0,1129.0,7.11,1.0,4.0,13.0,4.0,1212.0,19.0,92.0,17.0,,14.0,11.0,2.0,49.0,24.0,3.0,2.0,2.0,0.0,CAM,0,CM,0,0,63.7,0,,statistical_fallback,Midfielder,CAM,0.08,0.319,1.036,0.319,96.616,1.515,1.355,1.116,0.877,0.159,30.792,18.13,Paris Saint Germain,1
135,Serie A,2025,505,Inter,329,P. Zieliński,Piotr Sebastian,Zieliński,31.0,Poland,180,76,https://media.api-sports.io/football/players/329.png,Midfielder,34.0,22.0,2055.0,7.08,6.0,3.0,17.0,10.0,1496.0,29.0,92.0,31.0,3.0,5.0,27.0,18.0,132.0,78.0,18.0,18.0,3.0,0.0,CAM,0,CM,0,0,61.8,0,,statistical_fallback,Midfielder,CAM,0.263,0.131,0.745,0.438,65.518,1.27,1.358,0.219,1.182,0.788,58.792,66.667,Inter,1
140,La Liga,2025,541,Real Madrid,372,Éder Militão,Éder Gabriel,Militão,27.0,Brazil,186,78,https://media.api-sports.io/football/players/372.png,Defender,16.0,14.0,1141.0,7.3,2.0,1.0,18.0,9.0,767.0,8.0,90.0,23.0,12.0,11.0,6.0,3.0,106.0,65.0,13.0,15.0,2.0,0.0,CB,0,,0,0,56.0,0,,statistical_fallback,Defender,CB,0.158,0.079,1.42,0.71,60.5,0.631,1.814,0.868,0.473,0.237,50.0,50.106,Real Madrid,1
61,Ligue 1,2025,79,Lille,375,C. Mbemba,Chancel,Mbemba Mangulu,31.0,Congo DR,182,81,https://media.api-sports.io/football/players/375.png,Defender,13.0,9.0,953.0,6.78,0.0,0.0,5.0,3.0,662.0,4.0,91.0,14.0,4.0,14.0,3.0,1.0,69.0,41.0,6.0,10.0,3.0,0.0,CB,0,,0,0,59.8,0,,statistical_fallback,Defender,CB,0.0,0.0,0.472,0.283,62.518,0.378,1.322,1.322,0.283,0.094,59.958,33.216,Lille,1
78,Bundesliga,2025,182,Union Berlin,376,Diogo Leite,Diogo Filipe,Monteiro Pinto Leite,26.0,Portugal,188,70,https://media.api-sports.io/football/players/376.png,Defender,23.0,23.0,1970.0,6.75,0.0,0.0,6.0,1.0,1058.0,9.0,76.0,33.0,10.0,43.0,12.0,6.0,223.0,126.0,25.0,25.0,4.0,0.0,CB,0,,0,0,59.8,0,,statistical_fallback,Defender,CB,0.0,0.0,0.274,0.046,48.335,0.411,1.508,1.964,0.548,0.274,16.788,50.0,Union Berlin,1
78,Bundesliga,2025,172,VfB Stuttgart,399,A. Nübel,Alexander,Nübel,29.0,Germany,193,86,https://media.api-sports.io/football/players/399.png,Goalkeeper,34.0,34.0,3060.0,7.2,0.0,1.0,0.0,0.0,1237.0,3.0,69.0,0.0,,1.0,0.0,0.0,15.0,14.0,7.0,1.0,0.0,0.0,GK,0,,0,0,100.0,0,,statistical_fallback,Goalkeeper,GK,0.0,0.029,0.0,0.0,36.382,0.088,0.0,0.029,0.0,0.0,0.0,0.0,VfB Stuttgart,1
61,Ligue 1,2025,112,Metz,407,B. Stambouli,Benjamin Fernand Lucien,François Stambouli,35.0,France,180,82,https://media.api-sports.io/football/players/407.png,Midfielder,19.0,10.0,972.0,6.79,0.0,0.0,5.0,1.0,500.0,8.0,82.0,23.0,5.0,8.0,12.0,10.0,88.0,47.0,9.0,14.0,0.0,0.0,CDM,0,CM,0,0,62.8,0,,statistical_fallback,Midfielder,CDM,0.0,0.0,0.463,0.093,46.296,0.741,2.13,0.741,1.111,0.926,20.086,83.348,Metz,1
61,Ligue 1,2025,79,Lille,409,N. Bentaleb,Nabil,Bentaleb,31.0,Algeria,187,78,https://media.api-sports.io/football/players/409.png,Midfielder,26.0,13.0,1287.0,7.04,2.0,2.0,13.0,6.0,919.0,12.0,86.0,18.0,6.0,15.0,10.0,5.0,103.0,54.0,18.0,14.0,3.0,0.0,CM,0,,0,0,58.0,0,,statistical_fallback,Midfielder,CM,0.14,0.14,0.909,0.42,64.266,0.839,1.259,1.049,0.699,0.35,46.205,50.072,Lille,1
140,La Liga,2025,798,Mallorca,414,Omar Mascarell,Omar,Mascarell González,32.0,Spain,181,76,https://media.api-sports.io/football/players/414.png,Midfielder,30.0,26.0,2245.0,6.87,2.0,2.0,5.0,3.0,1084.0,8.0,86.0,48.0,17.0,34.0,9.0,6.0,197.0,97.0,13.0,38.0,5.0,0.0,CDM,0,CM,0,0,63.3,0,,statistical_fallback,Midfielder,CDM,0.08,0.08,0.2,0.12,43.457,0.321,1.924,1.363,0.361,0.241,60.0,66.759,Mallorca,1
135,Serie A,2025,496,Juventus,415,W. McKennie,Weston James Earl,McKennie,27.0,USA,183,84,https://media.api-sports.io/football/players/415.png,Midfielder,36.0,32.0,2841.0,6.87,5.0,5.0,36.0,16.0,1187.0,48.0,83.0,40.0,8.0,25.0,33.0,17.0,237.0,114.0,11.0,44.0,5.0,0.0,CAM,0,CM,0,0,61.1,0,,statistical_fallback,Midfielder,CAM,0.158,0.158,1.14,0.507,37.603,1.521,1.267,0.792,1.045,0.539,44.474,51.579,Juventus,1
135,Serie A,2025,504,Hellas Verona,418,S. Serdar,Suat,Serdar,28.0,Germany,184,75,https://media.api-sports.io/football/players/418.png,Midfielder,20.0,12.0,1116.0,6.74,2.0,0.0,13.0,7.0,395.0,13.0,71.0,31.0,5.0,9.0,17.0,9.0,122.0,60.0,12.0,19.0,3.0,0.0,CDM,0,CM,0,0,58.2,0,,statistical_fallback,Midfielder,CDM,0.161,0.0,1.048,0.565,31.855,1.048,2.5,0.726,1.371,0.726,53.912,52.954,Hellas Verona,1
61,Ligue 1,2025,94,Rennes,421,B. Embolo,Breel Donald,Embolo,28.0,Switzerland,187,84,https://media.api-sports.io/football/players/421.png,Attacker,31.0,20.0,1872.0,6.71,9.0,3.0,36.0,18.0,362.0,15.0,70.0,19.0,4.0,4.0,44.0,15.0,274.0,121.0,58.0,48.0,3.0,0.0,ST,0,,0,0,58.1,0,,statistical_fallback,Attacker,ST,0.433,0.144,1.731,0.865,17.404,0.721,0.913,0.192,2.115,0.721,49.971,34.09,Rennes,1
140,La Liga,2025,536,Sevilla,433,Marcão,Marcos,do Nascimento Teixeira,29.0,Brazil,185,80,https://media.api-sports.io/football/players/433.png,Defender,13.0,11.0,943.0,6.66,0.0,0.0,6.0,2.0,466.0,0.0,87.0,13.0,5.0,5.0,1.0,1.0,111.0,62.0,21.0,22.0,3.0,0.0,CB,0,,0,0,61.8,0,,statistical_fallback,Defender,CB,0.0,0.0,0.573,0.191,44.475,0.0,1.241,0.477,0.095,0.095,33.333,100.0,Sevilla,1
61,Ligue 1,2025,85,Paris Saint Germain,483,K. Kvaratskhelia,Khvicha,Kvaratskhelia,24.0,Georgia,183,76,https://media.api-sports.io/football/players/483.png,Attacker,28.0,18.0,1483.0,7.24,8.0,4.0,48.0,29.0,892.0,34.0,87.0,24.0,3.0,11.0,76.0,44.0,201.0,101.0,26.0,18.0,1.0,0.0,W,0,ST,0,0,56.0,0,,statistical_fallback,Attacker,W,0.486,0.243,2.913,1.76,54.134,2.063,1.457,0.668,4.612,2.67,60.419,57.892,Paris Saint Germain,1
78,Bundesliga,2025,157,Bayern München,497,M. Neuer,Manuel Peter,Neuer,39.0,Germany,193,93,https://media.api-sports.io/football/players/497.png,Goalkeeper,22.0,22.0,1860.0,6.9,0.0,0.0,0.0,0.0,705.0,0.0,81.0,0.0,,0.0,0.0,0.0,3.0,3.0,2.0,,0.0,0.0,GK,0,,0,0,100.0,0,,statistical_fallback,Goalkeeper,GK,0.0,0.0,0.0,0.0,34.113,0.0,0.0,0.0,0.0,0.0,0.0,0.0,Bayern München,1
78,Bundesliga,2025,157,Bayern München,502,J. Kimmich,Joshua Walter,Kimmich,30.0,Germany,177,75,https://media.api-sports.io/football/players/502.png,Midfielder,29.0,24.0,2280.0,7.74,2.0,8.0,22.0,10.0,2650.0,57.0,92.0,32.0,6.0,25.0,18.0,11.0,134.0,71.0,21.0,8.0,4.0,0.0,CAM,0,CM,0,0,61.9,0,,statistical_fallback,Midfielder,CAM,0.079,0.316,0.868,0.395,104.605,2.25,1.263,0.987,0.711,0.434,45.507,61.041,Bayern München,1
140,La Liga,2025,541,Real Madrid,505,D. Alaba,David,Olatukunbo Alaba,33.0,Austria,180,78,https://media.api-sports.io/football/players/505.png,Defender,11.0,5.0,428.0,6.84,0.0,0.0,3.0,1.0,388.0,0.0,93.0,5.0,5.0,0.0,0.0,0.0,21.0,12.0,,1.0,1.0,0.0,CB,0,,0,0,64.1,0,,statistical_fallback,Defender,CB,0.0,0.0,0.631,0.21,81.589,0.0,1.051,0.0,0.0,0.0,33.281,0.0,Real Madrid,1
78,Bundesliga,2025,165,Borussia Dortmund,506,N. Süle,Niklas,Süle,30.0,Germany,195,99,https://media.api-sports.io/football/players/506.png,Defender,11.0,7.0,487.0,6.9,0.0,1.0,2.0,1.0,362.0,2.0,93.0,8.0,2.0,5.0,2.0,1.0,32.0,17.0,1.0,8.0,3.0,0.0,FB,0,,0,0,57.3,0,,statistical_fallback,Defender,FB,0.0,0.185,0.37,0.185,66.899,0.37,1.478,0.924,0.37,0.185,50.0,50.0,Borussia Dortmund,1
78,Bundesliga,2025,157,Bayern München,509,A. Davies,Alphonso Boyle,Davies,25.0,Canada,183,75,https://media.api-sports.io/football/players/509.png,Defender,13.0,6.0,534.0,6.84,1.0,3.0,4.0,1.0,360.0,9.0,93.0,9.0,3.0,3.0,26.0,13.0,65.0,33.0,5.0,2.0,1.0,0.0,FB,0,,0,0,63.0,0,,statistical_fallback,Defender,FB,0.169,0.506,0.674,0.169,60.674,1.517,1.517,0.506,4.382,2.191,25.074,50.0,Bayern München,1
78,Bundesliga,2025,157,Bayern München,510,S. Gnabry,Serge David,Gnabry,30.0,Germany,176,77,https://media.api-sports.io/football/players/510.png,Midfielder,21.0,16.0,1228.0,7.08,8.0,6.0,35.0,17.0,649.0,23.0,89.0,18.0,1.0,4.0,34.0,16.0,96.0,40.0,6.0,9.0,1.0,0.0,CAM,0,W,0,0,69.0,0,,statistical_fallback,Midfielder,CAM,0.586,0.44,2.565,1.246,47.565,1.686,1.319,0.293,2.492,1.173,48.577,47.071,Bayern München,1
78,Bundesliga,2025,157,Bayern München,511,L. Goretzka,Leon Christoph,Goretzka,30.0,Germany,189,82,https://media.api-sports.io/football/players/511.png,Midfielder,31.0,25.0,1954.0,7.13,5.0,3.0,23.0,11.0,1618.0,22.0,91.0,29.0,8.0,26.0,14.0,11.0,160.0,78.0,16.0,15.0,4.0,0.0,CAM,0,CM,0,0,57.5,0,,statistical_fallback,Midfielder,CAM,0.23,0.138,1.059,0.507,74.524,1.013,1.336,1.198,0.645,0.507,47.875,78.605,Bayern München,1
78,Bundesliga,2025,182,Union Berlin,512,Jeong Woo-Yeong,Woo-Yeong,Jeong,26.0,Korea Republic,179,71,https://media.api-sports.io/football/players/512.png,Midfielder,28.0,13.0,1206.0,6.75,4.0,1.0,16.0,8.0,329.0,6.0,75.0,18.0,,7.0,18.0,7.0,122.0,55.0,20.0,13.0,0.0,0.0,CM,0,,0,0,58.0,0,,statistical_fallback,Midfielder,CM,0.299,0.075,1.194,0.597,24.552,0.448,1.343,0.522,1.343,0.522,50.0,38.868,Union Berlin,1
61,Ligue 1,2025,80,Lyon,519,C. Tolisso,Corentin,Tolisso,31.0,France,181,81,https://media.api-sports.io/football/players/519.png,Midfielder,30.0,26.0,2306.0,7.15,11.0,4.0,42.0,27.0,1314.0,34.0,84.0,32.0,10.0,18.0,16.0,6.0,299.0,146.0,55.0,42.0,5.0,0.0,CAM,0,CM,0,0,59.8,0,,statistical_fallback,Midfielder,CAM,0.429,0.156,1.639,1.054,51.284,1.327,1.249,0.703,0.624,0.234,64.308,37.5,Lyon,1
140,La Liga,2025,529,Barcelona,521,R. Lewandowski,Robert,Lewandowski,37.0,Poland,186,81,https://media.api-sports.io/football/players/521.png,Attacker,31.0,17.0,1657.0,6.77,14.0,2.0,49.0,29.0,336.0,14.0,79.0,5.0,,3.0,18.0,9.0,138.0,58.0,21.0,13.0,2.0,0.0,ST,0,,0,0,62.1,0,,statistical_fallback,Attacker,ST,0.76,0.109,2.661,1.575,18.25,0.76,0.272,0.163,0.978,0.489,59.188,50.0,Barcelona,1
61,Ligue 1,2025,80,Lyon,529,N. Tagliafico,Nicolás Alejandro,Tagliafico,33.0,Argentina,172,67,https://media.api-sports.io/football/players/529.png,Defender,20.0,14.0,1320.0,6.68,0.0,3.0,11.0,1.0,674.0,13.0,85.0,29.0,5.0,20.0,7.0,3.0,164.0,87.0,33.0,36.0,5.0,1.0,FB,0,,0,0,56.1,0,,statistical_fallback,Defender,FB,0.0,0.205,0.75,0.068,45.955,0.886,1.977,1.364,0.477,0.205,9.067,42.977,Lyon,1
140,La Liga,2025,547,Girona,531,D. Blind,Daley,Blind,35.0,Netherlands,180,72,https://media.api-sports.io/football/players/531.png,Defender,31.0,30.0,2610.0,6.95,0.0,0.0,2.0,1.0,2107.0,11.0,89.0,55.0,20.0,39.0,15.0,12.0,204.0,120.0,20.0,19.0,1.0,0.0,CB,0,,0,0,59.3,0,,statistical_fallback,Defender,CB,0.0,0.0,0.069,0.034,72.655,0.379,1.897,1.345,0.517,0.414,49.275,80.077,Girona,1
39,Premier League,2025,33,Manchester United,532,M. de Ligt,Matthijs,de Ligt,26.0,Netherlands,187,89,https://media.api-sports.io/football/players/532.png,Defender,13.0,13.0,1170.0,6.93,1.0,0.0,8.0,3.0,612.0,3.0,87.0,19.0,7.0,15.0,2.0,1.0,118.0,74.0,5.0,6.0,0.0,0.0,CB,13,,0,13,100.0,0,CB:13,lineup_history,Defender,CB,0.077,0.0,0.615,0.231,47.077,0.231,1.462,1.154,0.154,0.077,37.561,50.0,Manchester United,1
78,Bundesliga,2025,169,Eintracht Frankfurt,533,R. Kristensen,Rasmus,Nissen Kristensen,28.0,Denmark,187,70,https://media.api-sports.io/football/players/533.png,Defender,22.0,19.0,1563.0,6.97,2.0,0.0,12.0,6.0,1010.0,8.0,79.0,46.0,1.0,19.0,22.0,14.0,184.0,103.0,11.0,24.0,5.0,0.0,FB,0,,0,0,55.4,0,,statistical_fallback,Defender,FB,0.115,0.0,0.691,0.345,58.157,0.461,2.649,1.094,1.267,0.806,49.928,63.615,Eintracht Frankfurt,1
39,Premier League,2025,51,Brighton,537,J. Veltman,Joël Ivo,Veltman,33.0,Netherlands,184,75,https://media.api-sports.io/football/players/537.png,Defender,24.0,9.0,1073.0,6.84,1.0,0.0,2.0,1.0,442.0,4.0,81.0,31.0,6.0,18.0,5.0,2.0,112.0,75.0,22.0,10.0,5.0,0.0,RB,9,,0,9,100.0,0,RB:9,lineup_history,Defender,RB,0.084,0.0,0.168,0.084,37.074,0.336,2.6,1.51,0.419,0.168,50.0,40.095,Brighton,1
140,La Liga,2025,529,Barcelona,538,F. de Jong,Frenkie,de Jong,28.0,Netherlands,182,75,https://media.api-sports.io/football/players/538.png,Midfielder,25.0,16.0,1637.0,7.29,1.0,5.0,5.0,2.0,1501.0,35.0,94.0,45.0,4.0,17.0,7.0,5.0,127.0,85.0,27.0,10.0,5.0,0.0,CM,0,,0,0,58.0,0,,statistical_fallback,Midfielder,CM,0.055,0.275,0.275,0.11,82.523,1.924,2.474,0.935,0.385,0.275,40.0,71.429,Barcelona,1
135,Serie A,2025,494,Udinese,541,J. Ekkelenkamp,Jurgen,Ekkelenkamp,25.0,Netherlands,188,83,https://media.api-sports.io/football/players/541.png,Midfielder,31.0,27.0,2203.0,6.87,5.0,3.0,27.0,15.0,643.0,28.0,79.0,47.0,6.0,15.0,25.0,16.0,181.0,97.0,19.0,22.0,1.0,0.0,CAM,0,CM,0,0,58.9,0,,statistical_fallback,Midfielder,CAM,0.204,0.123,1.103,0.613,26.269,1.144,1.92,0.613,1.021,0.654,55.576,64.055,Udinese,1
39,Premier League,2025,40,Liverpool,542,R. Gravenberch,Ryan Jiro,Gravenberch,23.0,Netherlands,190,83,https://media.api-sports.io/football/players/542.png,Midfielder,36.0,34.0,2996.0,7.06,5.0,3.0,25.0,13.0,1860.0,29.0,88.0,59.0,12.0,47.0,54.0,31.0,284.0,160.0,42.0,38.0,5.0,0.0,CDM,32,CM,2,34,94.1,0,CDM:32 | CM:2,lineup_history,Midfielder,CDM,0.15,0.09,0.751,0.391,55.874,0.871,1.772,1.412,1.622,0.931,52.064,57.398,Liverpool,1
135,Serie A,2025,492,Napoli,544,N. Lang,Noa Noëll,Lang,26.0,Netherlands,173,70,https://media.api-sports.io/football/players/544.png,Attacker,18.0,7.0,668.0,6.96,1.0,2.0,6.0,4.0,269.0,15.0,78.0,12.0,,2.0,20.0,8.0,70.0,37.0,11.0,5.0,2.0,0.0,ST,0,W,0,0,63.3,0,,statistical_fallback,Attacker,ST,0.135,0.269,0.808,0.539,36.243,2.021,1.617,0.269,2.695,1.078,66.708,40.0,Napoli,1
39,Premier League,2025,33,Manchester United,545,N. Mazraoui,Noussair,Mazraoui,28.0,Morocco,183,63,https://media.api-sports.io/football/players/545.png,Defender,20.0,11.0,1022.0,6.89,0.0,0.0,2.0,0.0,543.0,7.0,87.0,28.0,2.0,14.0,15.0,8.0,108.0,68.0,14.0,12.0,3.0,0.0,RWB,4,RB,4,11,36.4,0,RWB:4 | RB:4 | CB:3,lineup_history,Defender,RWB,0.0,0.0,0.176,0.0,47.818,0.616,2.466,1.233,1.321,0.705,0.0,53.369,Manchester United,1
135,Serie A,2025,492,Napoli,552,David Neres,David,Neres Campos,28.0,Brazil,176,66,https://media.api-sports.io/football/players/552.png,Attacker,16.0,10.0,925.0,7.03,3.0,3.0,10.0,4.0,331.0,21.0,81.0,10.0,3.0,1.0,50.0,19.0,114.0,40.0,7.0,19.0,3.0,0.0,W,0,,0,0,66.3,0,,statistical_fallback,Attacker,W,0.292,0.292,0.973,0.389,32.205,2.043,0.973,0.097,4.865,1.849,39.979,38.006,Napoli,1
135,Serie A,2025,497,AS Roma,556,M. Svilar,Mile,Svilar,26.0,Serbia,189,77,https://media.api-sports.io/football/players/556.png,Goalkeeper,38.0,38.0,3420.0,7.07,0.0,0.0,0.0,0.0,1167.0,0.0,69.0,3.0,,1.0,0.0,0.0,24.0,20.0,8.0,,0.0,0.0,GK,0,,0,0,100.0,0,,statistical_fallback,Goalkeeper,GK,0.0,0.0,0.0,0.0,30.711,0.0,0.079,0.026,0.0,0.0,0.0,0.0,AS Roma,1
140,La Liga,2025,536,Sevilla,557,O. Vlachodimos,Odysseas,Vlachodimos,31.0,Greece,188,78,https://media.api-sports.io/football/players/557.png,Goalkeeper,33.0,33.0,2970.0,7.0,0.0,0.0,0.0,0.0,969.0,0.0,63.0,0.0,,1.0,1.0,1.0,8.0,7.0,2.0,,2.0,0.0,GK,0,,0,0,100.0,0,,statistical_fallback,Goalkeeper,GK,0.0,0.0,0.0,0.0,29.364,0.0,0.0,0.03,0.03,0.03,0.0,100.0,Sevilla,1
78,Bundesliga,2025,168,Bayer Leverkusen,563,Álex Grimaldo,Alejandro,Grimaldo García,30.0,Spain,171,63,https://media.api-sports.io/football/players/563.png,Midfielder,29.0,29.0,2524.0,7.32,8.0,8.0,43.0,21.0,1833.0,70.0,87.0,49.0,5.0,19.0,61.0,25.0,244.0,113.0,29.0,11.0,5.0,0.0,CAM,0,W,0,0,63.7,0,,statistical_fallback,Midfielder,CAM,0.285,0.285,1.533,0.749,65.361,2.496,1.747,0.677,2.175,0.891,48.858,40.966,Bayer Leverkusen,1
39,Premier League,2025,50,Manchester City,567,Rúben Dias,Rúben,dos Santos Gato Alves Dias,28.0,Portugal,187,76,https://media.api-sports.io/football/players/567.png,Defender,26.0,24.0,2161.0,7.17,2.0,0.0,7.0,4.0,1751.0,7.0,92.0,13.0,17.0,23.0,6.0,3.0,136.0,82.0,9.0,15.0,3.0,0.0,CB,24,,0,24,100.0,0,CB:24,lineup_history,Defender,CB,0.083,0.0,0.292,0.167,72.925,0.292,0.541,0.958,0.25,0.125,57.192,50.0,Manchester City,1
39,Premier League,2025,44,Burnley,575,Florentino,Florentino Ibrain,Morris Luís,26.0,Portugal,184,74,https://media.api-sports.io/football/players/575.png,Midfielder,31.0,25.0,2118.0,6.68,0.0,2.0,10.0,2.0,1040.0,13.0,85.0,90.0,14.0,41.0,21.0,7.0,262.0,129.0,8.0,40.0,6.0,0.0,CM,15,CDM,10,25,60.0,0,CM:15 | CDM:10,lineup_history,Midfielder,CM,0.0,0.085,0.425,0.085,44.193,0.552,3.824,1.742,0.892,0.297,20.0,33.296,Burnley,1
140,La Liga,2025,542,Alaves,608,L. Boyé,Lucas Ariel,Boyé,29.0,Argentina,179,81,https://media.api-sports.io/football/players/608.png,Attacker,29.0,22.0,1959.0,6.73,11.0,1.0,47.0,21.0,419.0,28.0,72.0,35.0,6.0,7.0,74.0,37.0,387.0,143.0,39.0,57.0,3.0,0.0,W,0,ST,0,0,56.6,0,,statistical_fallback,Attacker,W,0.505,0.046,2.159,0.965,19.25,1.286,1.608,0.322,3.4,1.7,44.697,50.0,Alaves,1
135,Serie A,2025,488,Sassuolo,616,A. Murić,Arijanet,Murić,27.0,Kosovo,198,81,https://media.api-sports.io/football/players/616.png,Goalkeeper,32.0,32.0,2880.0,7.17,0.0,0.0,0.0,0.0,927.0,1.0,60.0,0.0,,0.0,0.0,0.0,21.0,19.0,3.0,1.0,4.0,0.0,GK,0,,0,0,100.0,0,,statistical_fallback,Goalkeeper,GK,0.0,0.0,0.0,0.0,28.969,0.031,0.0,0.0,0.0,0.0,0.0,0.0,Sassuolo,1
140,La Liga,2025,529,Barcelona,619,Eric García,Eric,García Martret,24.0,Spain,180,77,https://media.api-sports.io/football/players/619.png,Defender,34.0,32.0,2730.0,7.06,1.0,2.0,17.0,7.0,2349.0,31.0,92.0,73.0,7.0,48.0,9.0,3.0,249.0,143.0,24.0,33.0,6.0,0.0,CB,0,,0,0,57.2,0,,statistical_fallback,Defender,CB,0.033,0.066,0.56,0.231,77.44,1.022,2.407,1.582,0.297,0.099,41.25,33.333,Barcelona,1
140,La Liga,2025,531,Athletic Club,622,Aymeric Laporte,Aymeric Jean Louis Gérard Alph,Laporte,31.0,Spain,189,86,https://media.api-sports.io/football/players/622.png,Defender,25.0,24.0,2060.0,6.85,0.0,1.0,9.0,5.0,1236.0,7.0,89.0,27.0,13.0,25.0,2.0,2.0,150.0,102.0,13.0,9.0,4.0,0.0,CB,0,,0,0,59.2,0,,statistical_fallback,Defender,CB,0.0,0.044,0.393,0.218,54.0,0.306,1.18,1.092,0.087,0.087,55.471,100.0,Athletic Club,1
39,Premier League,2025,50,Manchester City,626,J. Stones,John,Stones,31.0,England,188,80,https://media.api-sports.io/football/players/626.png,Defender,9.0,5.0,449.0,6.5,0.0,0.0,0.0,0.0,299.0,1.0,93.0,1.0,6.0,3.0,2.0,2.0,20.0,14.0,,,0.0,0.0,CB,5,,0,5,100.0,0,CB:5,lineup_history,Defender,CB,0.0,0.0,0.0,0.0,59.933,0.2,0.2,0.601,0.401,0.401,0.0,100.0,Manchester City,1
39,Premier League,2025,44,Burnley,627,K. Walker,Kyle Andrew,Walker,35.0,England,183,80,https://media.api-sports.io/football/players/627.png,Defender,36.0,35.0,3097.0,6.61,0.0,2.0,1.0,0.0,1440.0,13.0,77.0,56.0,10.0,45.0,27.0,13.0,261.0,138.0,22.0,32.0,9.0,0.0,RB,16,RWB,16,35,45.7,0,RB:16 | RWB:16 | CB:2 | RM:1,lineup_history,Defender,RB,0.0,0.058,0.029,0.0,41.847,0.378,1.627,1.308,0.785,0.378,0.0,48.153,Burnley,1
135,Serie A,2025,523,Parma,628,Adrián Bernabé,Adrián,Bernabé García,24.0,Spain,170,66,https://media.api-sports.io/football/players/628.png,Midfielder,32.0,31.0,2493.0,7.05,3.0,1.0,29.0,12.0,1268.0,55.0,84.0,39.0,6.0,17.0,42.0,15.0,228.0,119.0,61.0,15.0,0.0,0.0,CAM,0,CM,0,0,59.4,0,,statistical_fallback,Midfielder,CAM,0.108,0.036,1.047,0.433,45.776,1.986,1.408,0.614,1.516,0.542,41.356,35.752,Parma,1
135,Serie A,2025,492,Napoli,629,K. De Bruyne,Kevin,De Bruyne,34.0,Belgium,181,68,https://media.api-sports.io/football/players/629.png,Midfielder,18.0,13.0,1169.0,7.04,5.0,2.0,20.0,11.0,740.0,37.0,83.0,12.0,,5.0,14.0,9.0,73.0,30.0,6.0,8.0,1.0,0.0,CAM,0,CM,0,0,70.2,0,,statistical_fallback,Midfielder,CAM,0.385,0.154,1.54,0.847,56.972,2.849,0.924,0.385,1.078,0.693,55.0,64.286,Napoli,1
39,Premier League,2025,50,Manchester City,631,P. Foden,Philip Walter,Foden,25.0,England,171,63,https://media.api-sports.io/football/players/631.png,Midfielder,33.0,23.0,2119.0,7.01,7.0,5.0,36.0,19.0,1211.0,56.0,88.0,34.0,3.0,9.0,47.0,25.0,200.0,96.0,31.0,19.0,4.0,0.0,CM,13,CAM,4,23,56.5,0,CM:13 | CAM:4 | RM:2 | RW:2 | CDM:1 | ST:1,lineup_history,Midfielder,CM,0.297,0.212,1.529,0.807,51.435,2.378,1.444,0.382,1.996,1.062,52.78,53.206,Manchester City,1
39,Premier League,2025,50,Manchester City,636,Bernardo Silva,Bernardo,Mota Veiga de Carvalho e Silva,31.0,Portugal,173,65,https://media.api-sports.io/football/players/636.png,Midfielder,38.0,34.0,2890.0,6.85,2.0,4.0,17.0,7.0,2196.0,47.0,90.0,53.0,6.0,22.0,49.0,21.0,244.0,100.0,22.0,37.0,10.0,0.0,CM,24,CDM,7,34,70.6,0,CM:24 | CDM:7 | RM:3,lineup_history,Midfielder,CM,0.062,0.125,0.529,0.218,68.388,1.464,1.651,0.685,1.526,0.654,41.21,42.857,Manchester City,1
78,Bundesliga,2025,165,Borussia Dortmund,637,F. Nmecha,Felix Kalu,Nmecha,25.0,Germany,190,73,https://media.api-sports.io/football/players/637.png,Midfielder,29.0,25.0,2184.0,6.93,2.0,3.0,19.0,7.0,1075.0,20.0,87.0,37.0,4.0,27.0,54.0,31.0,212.0,117.0,22.0,28.0,0.0,0.0,W,0,CAM,0,0,58.0,0,,statistical_fallback,Midfielder,W,0.082,0.124,0.783,0.288,44.299,0.824,1.525,1.113,2.225,1.277,36.782,57.393,Borussia Dortmund,1
39,Premier League,2025,65,Nottingham Forest,641,O. Zinchenko,Oleksandr,Zinchenko,29.0,Ukraine,175,64,https://media.api-sports.io/football/players/641.png,Defender,5.0,4.0,353.0,6.72,0.0,0.0,2.0,2.0,254.0,5.0,90.0,10.0,1.0,2.0,2.0,1.0,34.0,16.0,2.0,1.0,0.0,0.0,LB,3,LWB,1,4,75.0,0,LB:3 | LWB:1,lineup_history,Defender,LB,0.0,0.0,0.51,0.51,64.759,1.275,2.55,0.51,0.51,0.255,100.0,50.0,Nottingham Forest,1
39,Premier League,2025,42,Arsenal,643,Gabriel Jesus,Gabriel Fernando,de Jesus,28.0,Brazil,175,73,https://media.api-sports.io/football/players/643.png,Attacker,14.0,3.0,421.0,6.59,3.0,0.0,16.0,12.0,108.0,3.0,76.0,4.0,,3.0,17.0,8.0,70.0,23.0,1.0,9.0,3.0,0.0,ST,3,,0,3,100.0,0,ST:3,lineup_history,Attacker,ST,0.641,0.0,3.42,2.565,23.088,0.641,0.855,0.641,3.634,1.71,75.0,47.056,Arsenal,1
61,Ligue 1,2025,83,Nantes,647,Anthony Lopes,Anthony,Lopes,35.0,Portugal,184,81,https://media.api-sports.io/football/players/647.png,Goalkeeper,32.0,32.0,2806.0,7.06,0.0,0.0,1.0,0.0,968.0,0.0,73.0,1.0,,1.0,1.0,1.0,23.0,20.0,14.0,1.0,4.0,0.0,GK,0,,0,0,100.0,0,,statistical_fallback,Goalkeeper,GK,0.0,0.0,0.032,0.0,31.048,0.0,0.032,0.032,0.032,0.032,0.0,100.0,Nantes,1
135,Serie A,2025,494,Udinese,656,O. Solet,Oumar Mickaël,Solet Bomawoko,25.0,France,192,88,https://media.api-sports.io/football/players/656.png,Defender,35.0,34.0,2961.0,7.21,3.0,1.0,25.0,6.0,2075.0,23.0,89.0,75.0,19.0,48.0,58.0,41.0,324.0,193.0,29.0,30.0,1.0,0.0,FB,0,,0,0,55.4,0,,statistical_fallback,Defender,FB,0.091,0.03,0.76,0.182,63.07,0.699,2.28,1.459,1.763,1.246,23.947,70.675,Udinese,1
39,Premier League,2025,36,Fulham,657,K. Tete,Kenny Joelle,Tete,30.0,Netherlands,180,71,https://media.api-sports.io/football/players/657.png,Defender,22.0,21.0,1802.0,6.93,1.0,0.0,10.0,3.0,886.0,11.0,84.0,64.0,6.0,27.0,22.0,8.0,217.0,130.0,31.0,27.0,2.0,0.0,RB,21,,0,21,100.0,0,RB:21,lineup_history,Defender,RB,0.05,0.0,0.499,0.15,44.251,0.549,3.196,1.349,1.099,0.4,30.06,36.397,Fulham,1
135,Serie A,2025,895,Como,659,M. Caqueret,Maxence,Caqueret,25.0,France,174,63,https://media.api-sports.io/football/players/659.png,Midfielder,30.0,17.0,1487.0,6.85,2.0,6.0,12.0,4.0,906.0,26.0,88.0,35.0,3.0,13.0,32.0,17.0,179.0,82.0,23.0,26.0,3.0,0.0,W,0,CAM,0,0,56.1,0,,statistical_fallback,Midfielder,W,0.121,0.363,0.726,0.242,54.835,1.574,2.118,0.787,1.937,1.029,33.333,53.123,Como,1
78,Bundesliga,2025,168,Bayer Leverkusen,663,M. Terrier,Martin Albert Frédéric,Terrier,28.0,France,184,71,https://media.api-sports.io/football/players/663.png,Attacker,18.0,7.0,672.0,6.82,4.0,1.0,14.0,6.0,247.0,9.0,85.0,11.0,1.0,1.0,12.0,5.0,61.0,36.0,13.0,1.0,1.0,0.0,ST,0,,0,0,57.0,0,,statistical_fallback,Attacker,ST,0.536,0.134,1.875,0.804,33.08,1.205,1.473,0.134,1.607,0.67,42.88,41.693,Bayer Leverkusen,1
61,Ligue 1,2025,106,Stade Brestois 29,664,L. Tousart,Lucas Simon Pierre,Tousart,28.0,France,185,83,https://media.api-sports.io/football/players/664.png,Midfielder,24.0,9.0,857.0,6.62,1.0,0.0,8.0,3.0,269.0,4.0,81.0,29.0,2.0,8.0,4.0,3.0,115.0,56.0,5.0,21.0,0.0,0.0,CDM,0,CM,0,0,62.7,0,,statistical_fallback,Midfielder,CDM,0.105,0.0,0.84,0.315,28.25,0.42,3.046,0.84,0.42,0.315,37.5,75.0,Stade Brestois 29,1
39,Premier League,2025,746,Sunderland,671,B. Traoré,Bertrand Isidore,Traoré,30.0,Burkina Faso,181,73,https://media.api-sports.io/football/players/671.png,Attacker,12.0,9.0,638.0,6.76,1.0,0.0,9.0,6.0,180.0,8.0,79.0,11.0,3.0,2.0,22.0,14.0,86.0,42.0,11.0,11.0,1.0,0.0,RW,5,RM,4,9,55.6,0,RW:5 | RM:4,lineup_history,Attacker,RW,0.141,0.0,1.27,0.846,25.392,1.129,1.552,0.282,3.103,1.975,66.614,63.648,Sunderland,1
135,Serie A,2025,502,Fiorentina,697,M. Solomon,Manor,Solomon,26.0,Israel,170,66,https://media.api-sports.io/football/players/697.png,Attacker,16.0,9.0,903.0,7.09,2.0,1.0,6.0,4.0,315.0,25.0,89.0,13.0,1.0,1.0,36.0,25.0,92.0,55.0,16.0,2.0,1.0,0.0,W,0,,0,0,64.6,0,,statistical_fallback,Attacker,W,0.199,0.1,0.598,0.399,31.395,2.492,1.296,0.1,3.588,2.492,66.722,69.454,Fiorentina,1
78,Bundesliga,2025,167,1899 Hoffenheim,702,O. Baumann,Oliver,Baumann,35.0,Germany,187,82,https://media.api-sports.io/football/players/702.png,Goalkeeper,34.0,34.0,3060.0,6.81,0.0,0.0,0.0,0.0,1260.0,1.0,71.0,0.0,,0.0,2.0,2.0,18.0,15.0,6.0,1.0,3.0,0.0,GK,0,,0,0,100.0,0,,statistical_fallback,Goalkeeper,GK,0.0,0.0,0.0,0.0,37.059,0.029,0.0,0.0,0.059,0.059,0.0,100.0,1899 Hoffenheim,1
78,Bundesliga,2025,164,FSV Mainz 05 | Como,711,S. Posch,Stefan,Posch,28.0,Austria,190,82,https://media.api-sports.io/football/players/711.png,Defender,16.0,16.0,1801.0,6.908,0.0,0.0,9.0,3.0,687.0,8.0,77.0,46.0,11.0,21.0,9.0,4.0,163.0,105.0,12.0,8.0,4.0,0.0,CB,0,,0,0,59.4,0,,statistical_fallback,Defender,CB,0.05,0.0,0.8,0.3,46.424,0.5,2.899,1.249,0.5,0.25,37.527,49.97,FSV Mainz 05 | Como,2
78,Bundesliga,2025,164,FSV Mainz 05,714,N. Amiri,Nadiem,Amiri,29.0,Germany,180,75,https://media.api-sports.io/football/players/714.png,Midfielder,26.0,24.0,2090.0,7.45,12.0,2.0,33.0,22.0,1111.0,63.0,81.0,31.0,3.0,22.0,49.0,25.0,187.0,94.0,26.0,20.0,6.0,0.0,CAM,0,W,0,0,62.6,0,,statistical_fallback,Midfielder,CAM,0.517,0.086,1.421,0.947,47.842,2.713,1.335,0.947,2.11,1.077,66.643,51.043,FSV Mainz 05,1
78,Bundesliga,2025,173,RB Leipzig,715,C. Baumgartner,Christoph,Baumgartner,26.0,Austria,180,73,https://media.api-sports.io/football/players/715.png,Midfielder,33.0,32.0,2789.0,6.92,13.0,8.0,70.0,35.0,1120.0,37.0,75.0,54.0,4.0,21.0,33.0,13.0,356.0,159.0,33.0,63.0,10.0,0.0,CAM,0,CM,0,0,62.0,0,,statistical_fallback,Midfielder,CAM,0.42,0.258,2.259,1.129,36.142,1.194,1.743,0.678,1.065,0.42,49.978,39.437,RB Leipzig,1
78,Bundesliga,2025,162,Werder Bremen,716,L. Bittencourt,Leonardo Jesus,Loureiro Bittencourt,32.0,Germany,171,63,https://media.api-sports.io/football/players/716.png,Midfielder,17.0,5.0,625.0,6.66,0.0,1.0,6.0,0.0,436.0,5.0,85.0,16.0,,8.0,8.0,3.0,61.0,36.0,11.0,7.0,5.0,0.0,CDM,0,CM,0,0,57.8,0,,statistical_fallback,Midfielder,CDM,0.0,0.144,0.864,0.0,62.784,0.72,2.304,1.152,1.152,0.432,0.0,37.5,Werder Bremen,1
39,Premier League,2025,34,Newcastle,723,Joelinton,Joelinton Cássio,Apolinário de Lira,29.0,Brazil,186,81,https://media.api-sports.io/football/players/723.png,Midfielder,27.0,23.0,1953.0,6.8,2.0,1.0,23.0,11.0,839.0,17.0,82.0,43.0,3.0,29.0,30.0,16.0,296.0,149.0,27.0,47.0,10.0,0.0,CM,19,LW,3,23,82.6,0,CM:19 | LW:3 | CDM:1,lineup_history,Midfielder,CM,0.092,0.046,1.06,0.507,38.664,0.783,1.982,1.336,1.382,0.737,47.83,53.329,Newcastle,1
78,Bundesliga,2025,163,Borussia Mönchengladbach,725,R. Hack,Robin,Hack,27.0,Germany,176,68,https://media.api-sports.io/football/players/725.png,Midfielder,8.0,3.0,317.0,6.74,1.0,0.0,8.0,4.0,122.0,13.0,83.0,2.0,,1.0,7.0,3.0,36.0,9.0,3.0,4.0,1.0,0.0,CAM,0,CM,0,0,68.1,0,,statistical_fallback,Midfielder,CAM,0.284,0.0,2.271,1.136,34.637,3.691,0.568,0.284,1.987,0.852,50.022,42.879,Borussia Mönchengladbach,1
78,Bundesliga,2025,167,1899 Hoffenheim,726,A. Kramarić,Andrej,Kramarić,34.0,Croatia,177,73,https://media.api-sports.io/football/players/726.png,Midfielder,34.0,26.0,2222.0,7.07,14.0,6.0,50.0,33.0,985.0,36.0,85.0,8.0,2.0,8.0,33.0,19.0,115.0,46.0,14.0,5.0,2.0,0.0,CAM,0,CM,0,0,69.4,0,,statistical_fallback,Midfielder,CAM,0.567,0.243,2.025,1.337,39.896,1.458,0.324,0.324,1.337,0.77,66.025,57.592,1899 Hoffenheim,1
140,La Liga,2025,541,Real Madrid,730,T. Courtois,Thibaut Nicolas Marc,Courtois,33.0,Belgium,200,96,https://media.api-sports.io/football/players/730.png,Goalkeeper,32.0,32.0,2880.0,6.93,0.0,0.0,0.0,0.0,1010.0,0.0,80.0,1.0,,0.0,0.0,0.0,13.0,8.0,2.0,1.0,1.0,0.0,GK,0,,0,0,100.0,0,,statistical_fallback,Goalkeeper,GK,0.0,0.0,0.0,0.0,31.562,0.0,0.031,0.0,0.0,0.0,0.0,0.0,Real Madrid,1
140,La Liga,2025,541,Real Madrid,733,Dani Carvajal,Daniel,Carvajal Ramos,33.0,Spain,173,73,https://media.api-sports.io/football/players/733.png,Defender,17.0,10.0,976.0,6.8,0.0,1.0,4.0,1.0,529.0,11.0,92.0,14.0,7.0,6.0,4.0,2.0,61.0,30.0,9.0,7.0,0.0,0.0,FB,0,,0,0,59.9,0,,statistical_fallback,Defender,FB,0.0,0.092,0.369,0.092,48.781,1.014,1.291,0.553,0.369,0.184,24.932,49.864,Real Madrid,1
140,La Liga,2025,539,Levante,734,Dela,Adrián,de la Fuente Barquilla,26.0,Spain,179,77,https://media.api-sports.io/football/players/734.png,Defender,33.0,30.0,2710.0,7.02,3.0,1.0,21.0,9.0,1489.0,19.0,82.0,31.0,22.0,48.0,10.0,7.0,178.0,106.0,27.0,34.0,5.0,0.0,CB,0,,0,0,56.0,0,,statistical_fallback,Defender,CB,0.1,0.033,0.697,0.299,49.45,0.631,1.03,1.594,0.332,0.232,42.898,69.88,Levante,1
140,La Liga,2025,541,Real Madrid,736,Fran García,Francisco José,García Torres,26.0,Spain,169,63,https://media.api-sports.io/football/players/736.png,Defender,13.0,10.0,933.0,6.66,1.0,1.0,5.0,2.0,444.0,5.0,88.0,19.0,4.0,7.0,9.0,3.0,81.0,43.0,14.0,7.0,1.0,0.0,FB,0,,0,0,60.8,0,,statistical_fallback,Defender,FB,0.096,0.096,0.482,0.193,42.83,0.482,1.833,0.675,0.868,0.289,40.041,33.295,Real Madrid,1
140,La Liga,2025,541,Real Madrid,744,Brahim Díaz,Brahim,Abdelkader Díaz,26.0,Morocco,171,59,https://media.api-sports.io/football/players/744.png,Attacker,30.0,13.0,1284.0,6.68,1.0,6.0,12.0,7.0,531.0,30.0,90.0,15.0,,2.0,44.0,25.0,159.0,79.0,37.0,19.0,2.0,0.0,W,0,,0,0,65.2,0,,statistical_fallback,Attacker,W,0.07,0.421,0.841,0.491,37.22,2.103,1.051,0.14,3.084,1.752,58.383,56.809,Real Madrid,1
39,Premier League,2025,33,Manchester United,747,Casemiro,Carlos Henrique,Casimiro,33.0,Brazil,185,84,https://media.api-sports.io/football/players/747.png,Midfielder,34.0,33.0,2593.0,7.19,9.0,2.0,36.0,18.0,1601.0,36.0,81.0,90.0,27.0,31.0,15.0,6.0,358.0,189.0,36.0,46.0,10.0,0.0,CDM,18,CM,15,33,54.5,0,CDM:18 | CM:15,lineup_history,Midfielder,CDM,0.312,0.069,1.25,0.625,55.569,1.25,3.124,1.076,0.521,0.208,50.0,39.923,Manchester United,1
140,La Liga,2025,541,Real Madrid,748,Dani Ceballos,Daniel,Ceballos Fernández,29.0,Spain,179,70,https://media.api-sports.io/football/players/748.png,Midfielder,16.0,4.0,498.0,6.93,0.0,0.0,3.0,0.0,450.0,9.0,92.0,18.0,4.0,7.0,13.0,3.0,66.0,37.0,15.0,6.0,1.0,0.0,CDM,0,CM,0,0,67.2,0,,statistical_fallback,Midfielder,CDM,0.0,0.0,0.542,0.0,81.325,1.627,3.253,1.265,2.349,0.542,0.0,23.074,Real Madrid,1
140,La Liga,2025,543,Real Betis,750,Álvaro Fidalgo,Álvaro,Fidalgo Fernández,28.0,Spain,174,68,https://media.api-sports.io/football/players/750.png,Midfielder,9.0,8.0,547.0,6.76,1.0,0.0,4.0,2.0,313.0,4.0,92.0,12.0,,3.0,5.0,3.0,48.0,22.0,6.0,2.0,0.0,0.0,CM,0,,0,0,58.0,0,,statistical_fallback,Midfielder,CM,0.165,0.0,0.658,0.329,51.499,0.658,1.974,0.494,0.823,0.494,50.0,60.024,Real Betis,1
140,La Liga,2025,530,Atletico Madrid,753,Marcos Llorente,Marcos,Llorente Moreno,30.0,Spain,183,74,https://media.api-sports.io/football/players/753.png,Defender,29.0,25.0,2185.0,6.93,0.0,4.0,11.0,6.0,1433.0,20.0,89.0,59.0,2.0,12.0,24.0,13.0,174.0,93.0,11.0,28.0,6.0,0.0,FB,0,,0,0,63.7,0,,statistical_fallback,Defender,FB,0.0,0.165,0.453,0.247,59.025,0.824,2.43,0.494,0.989,0.535,54.525,54.095,Atletico Madrid,1
135,Serie A,2025,489,AC Milan,754,L. Modrić,Luka,Modrić,40.0,Croatia,172,66,https://media.api-sports.io/football/players/754.png,Midfielder,34.0,32.0,2821.0,7.55,2.0,3.0,14.0,8.0,2219.0,53.0,90.0,51.0,12.0,39.0,35.0,17.0,202.0,112.0,33.0,23.0,4.0,0.0,CM,0,,0,0,58.0,0,,statistical_fallback,Midfielder,CM,0.064,0.096,0.447,0.255,70.794,1.691,1.627,1.244,1.117,0.542,57.047,48.523,AC Milan,1
140,La Liga,2025,541,Real Madrid,756,F. Valverde,Federico Santiago,Valverde Dipetta,27.0,Uruguay,182,78,https://media.api-sports.io/football/players/756.png,Midfielder,33.0,31.0,2746.0,7.33,5.0,8.0,41.0,22.0,1904.0,43.0,90.0,41.0,8.0,24.0,36.0,23.0,163.0,100.0,14.0,18.0,3.0,1.0,CAM,0,CM,0,0,62.8,0,,statistical_fallback,Midfielder,CAM,0.164,0.262,1.344,0.721,62.403,1.409,1.344,0.787,1.18,0.754,53.646,63.898,Real Madrid,1
78,Bundesliga,2025,168,Bayer Leverkusen,757,Lucas Vázquez,Lucas,Vázquez Iglesias,34.0,Spain,173,70,https://media.api-sports.io/football/players/757.png,Midfielder,12.0,6.0,499.0,6.89,1.0,2.0,3.0,1.0,233.0,11.0,87.0,6.0,2.0,2.0,3.0,1.0,39.0,19.0,8.0,6.0,2.0,0.0,CAM,0,CM,0,0,60.7,0,,statistical_fallback,Midfielder,CAM,0.18,0.361,0.541,0.18,42.024,1.984,1.082,0.361,0.541,0.18,33.272,33.272,Bayer Leverkusen,1
140,La Liga,2025,541,Real Madrid,762,Vinícius Júnior,Vinícius José,Paixão de Oliveira Júnior,25.0,Brazil,176,73,https://media.api-sports.io/football/players/762.png,Attacker,36.0,32.0,2825.0,7.51,16.0,5.0,75.0,46.0,1129.0,70.0,83.0,29.0,,2.0,195.0,87.0,403.0,197.0,81.0,38.0,8.0,0.0,W,0,ST,0,0,56.3,0,,statistical_fallback,Attacker,W,0.51,0.159,2.389,1.465,35.968,2.23,0.924,0.064,6.212,2.772,61.323,44.623,Real Madrid,1
135,Serie A,2025,492,Napoli,774,Juan Jesus,Juan Guilherme,Nunes Jesus,34.0,Brazil,185,83,https://media.api-sports.io/football/players/774.png,Defender,24.0,19.0,1682.0,6.78,0.0,0.0,0.0,0.0,1382.0,4.0,91.0,40.0,12.0,27.0,1.0,0.0,157.0,77.0,2.0,39.0,9.0,0.0,CB,0,,0,0,65.9,0,,statistical_fallback,Defender,CB,0.0,0.0,0.0,0.0,73.948,0.214,2.14,1.445,0.054,0.0,0.0,0.0,Napoli,1
135,Serie A,2025,497,AS Roma,778,B. Cristante,Bryan,Cristante,30.0,Italy,186,80,https://media.api-sports.io/football/players/778.png,Midfielder,37.0,36.0,3103.0,7.04,2.0,1.0,29.0,8.0,2129.0,27.0,81.0,72.0,8.0,27.0,22.0,13.0,416.0,206.0,9.0,63.0,6.0,0.0,CDM,0,CM,0,0,59.3,0,,statistical_fallback,Midfielder,CDM,0.058,0.029,0.841,0.232,61.75,0.783,2.088,0.783,0.638,0.377,27.586,59.091,AS Roma,1
135,Serie A,2025,497,AS Roma,782,L. Pellegrini,Lorenzo,Pellegrini,29.0,Italy,186,77,https://media.api-sports.io/football/players/782.png,Midfielder,24.0,20.0,1475.0,6.83,4.0,2.0,24.0,12.0,682.0,28.0,77.0,12.0,4.0,14.0,24.0,5.0,175.0,77.0,39.0,20.0,2.0,0.0,CAM,0,CM,0,0,61.7,0,,statistical_fallback,Midfielder,CAM,0.244,0.122,1.464,0.732,41.614,1.708,0.732,0.854,1.464,0.305,50.0,20.833,AS Roma,1
135,Serie A,2025,494,Udinese,786,N. Zaniolo,Nicolò,Zaniolo,26.0,Italy,190,79,https://media.api-sports.io/football/players/786.png,Midfielder,32.0,28.0,2269.0,6.83,5.0,6.0,47.0,22.0,579.0,53.0,78.0,28.0,,4.0,94.0,33.0,375.0,140.0,61.0,62.0,8.0,0.0,W,0,CAM,0,0,55.3,0,,statistical_fallback,Midfielder,W,0.198,0.238,1.864,0.873,22.966,2.102,1.111,0.159,3.729,1.309,46.835,35.103,Udinese,1
135,Serie A,2025,497,AS Roma,791,S. El Shaarawy,Stephan Kareem,El Shaarawy,33.0,Italy,178,72,https://media.api-sports.io/football/players/791.png,Attacker,20.0,5.0,656.0,6.74,1.0,2.0,14.0,7.0,331.0,12.0,84.0,10.0,2.0,7.0,27.0,12.0,87.0,35.0,7.0,10.0,4.0,0.0,W,0,,0,0,60.7,0,,statistical_fallback,Attacker,W,0.137,0.274,1.921,0.96,45.412,1.646,1.372,0.96,3.704,1.646,49.974,44.438,AS Roma,1
39,Premier League,2025,35,Bournemouth,792,J. Kluivert,Justin Dean,Kluivert,26.0,Netherlands,171,67,https://media.api-sports.io/football/players/792.png,Attacker,20.0,10.0,951.0,6.54,2.0,0.0,11.0,4.0,345.0,21.0,81.0,10.0,2.0,4.0,26.0,11.0,116.0,37.0,10.0,18.0,5.0,0.0,CAM,10,,0,10,100.0,0,CAM:10,lineup_history,Attacker,CAM,0.189,0.0,1.041,0.379,32.65,1.987,0.946,0.379,2.461,1.041,36.407,42.3,Bournemouth,1
78,Bundesliga,2025,168,Bayer Leverkusen,794,P. Schick,Patrik,Schick,29.0,Czechia,191,87,https://media.api-sports.io/football/players/794.png,Attacker,28.0,23.0,1995.0,6.95,16.0,3.0,59.0,34.0,411.0,14.0,80.0,9.0,2.0,3.0,32.0,10.0,207.0,100.0,20.0,22.0,2.0,0.0,ST,0,,0,0,63.0,0,,statistical_fallback,Attacker,ST,0.722,0.135,2.662,1.534,18.541,0.632,0.406,0.135,1.444,0.451,57.626,31.233,Bayer Leverkusen,1
39,Premier League,2025,63,Leeds,833,J. Bijol,Jaka,Bijol,26.0,Slovenia,190,85,https://media.api-sports.io/football/players/833.png,Defender,25.0,21.0,1913.0,6.93,1.0,2.0,11.0,6.0,1007.0,7.0,84.0,26.0,14.0,24.0,3.0,2.0,189.0,104.0,10.0,19.0,4.0,0.0,CB,21,,0,21,100.0,0,CB:21,lineup_history,Defender,CB,0.047,0.094,0.518,0.282,47.376,0.329,1.223,1.129,0.141,0.094,54.44,66.667,Leeds,1
135,Serie A,2025,503,Torino,842,N. Vlašić,Nikola,Vlašić,28.0,Croatia,179,79,https://media.api-sports.io/football/players/842.png,Attacker,37.0,36.0,3053.0,6.92,8.0,3.0,36.0,17.0,1155.0,54.0,83.0,67.0,4.0,21.0,55.0,28.0,340.0,162.0,45.0,44.0,7.0,0.0,ST,0,W,0,0,58.5,0,,statistical_fallback,Attacker,ST,0.236,0.088,1.061,0.501,34.048,1.592,1.975,0.619,1.621,0.825,47.22,50.895,Torino,1
135,Serie A,2025,496,Juventus,849,M. Perin,Mattia,Perin,33.0,Italy,188,85,https://media.api-sports.io/football/players/849.png,Goalkeeper,9.0,9.0,765.0,6.69,0.0,0.0,0.0,0.0,161.0,1.0,85.0,0.0,,0.0,0.0,0.0,2.0,2.0,2.0,,0.0,0.0,GK,0,,0,0,100.0,0,,statistical_fallback,Goalkeeper,GK,0.0,0.0,0.0,0.0,18.941,0.118,0.0,0.0,0.0,0.0,0.0,0.0,Juventus,1
140,La Liga,2025,529,Barcelona,851,W. Szczęsny,Wojciech Tomasz,Szczęsny,35.0,Poland,195,96,https://media.api-sports.io/football/players/851.png,Goalkeeper,8.0,8.0,720.0,6.99,0.0,0.0,0.0,0.0,235.0,0.0,83.0,0.0,,0.0,0.0,0.0,1.0,1.0,,,0.0,0.0,GK,0,,0,0,100.0,0,,statistical_fallback,Goalkeeper,GK,0.0,0.0,0.0,0.0,29.375,0.0,0.0,0.0,0.0,0.0,0.0,0.0,Barcelona,1
140,La Liga,2025,529,Barcelona,855,João Cancelo,João Pedro,Cavaco Cancelo,31.0,Portugal,182,74,https://media.api-sports.io/football/players/855.png,Defender,16.0,11.0,962.0,7.19,2.0,2.0,8.0,4.0,545.0,15.0,87.0,26.0,2.0,10.0,47.0,26.0,132.0,73.0,14.0,11.0,1.0,0.0,FB,0,,0,0,63.0,0,,statistical_fallback,Defender,FB,0.187,0.187,0.748,0.374,50.988,1.403,2.432,0.936,4.397,2.432,50.0,55.31,Barcelona,1
135,Serie A,2025,502,Fiorentina,861,D. Rugani,Daniele,Rugani,31.0,Italy,190,84,https://media.api-sports.io/football/players/861.png,Defender,5.0,4.0,328.0,6.46,0.0,0.0,1.0,0.0,177.0,0.0,92.0,5.0,3.0,4.0,0.0,0.0,28.0,12.0,,7.0,2.0,0.0,CB,0,,0,0,65.8,0,,statistical_fallback,Defender,CB,0.0,0.0,0.274,0.0,48.567,0.0,1.372,1.098,0.0,0.0,0.0,0.0,Fiorentina,1
135,Serie A,2025,492,Napoli,862,L. Spinazzola,Leonardo,Spinazzola,32.0,Italy,186,75,https://media.api-sports.io/football/players/862.png,Defender,32.0,22.0,1908.0,6.99,3.0,3.0,15.0,7.0,986.0,33.0,80.0,24.0,2.0,4.0,51.0,16.0,121.0,51.0,9.0,9.0,2.0,0.0,FB,0,,0,0,68.0,0,,statistical_fallback,Defender,FB,0.142,0.142,0.708,0.33,46.509,1.557,1.132,0.189,2.406,0.755,46.61,31.38,Napoli,1
39,Premier League,2025,47,Tottenham,863,R. Bentancur,Rodrigo,Bentancur Colmán,28.0,Uruguay,187,72,https://media.api-sports.io/football/players/863.png,Midfielder,26.0,23.0,1892.0,6.76,1.0,1.0,9.0,3.0,1017.0,10.0,85.0,56.0,7.0,34.0,31.0,19.0,206.0,113.0,8.0,19.0,7.0,0.0,CDM,17,CM,6,23,73.9,0,CDM:17 | CM:6,lineup_history,Midfielder,CDM,0.048,0.048,0.428,0.143,48.377,0.476,2.664,1.617,1.475,0.904,33.411,61.288,Tottenham,1
78,Bundesliga,2025,165,Borussia Dortmund,864,E. Can,Emre,Can,31.0,Germany,186,86,https://media.api-sports.io/football/players/864.png,Midfielder,9.0,7.0,621.0,7.21,3.0,0.0,5.0,4.0,450.0,0.0,86.0,12.0,7.0,16.0,5.0,3.0,81.0,43.0,10.0,10.0,3.0,0.0,CDM,0,CM,0,0,65.3,0,,statistical_fallback,Midfielder,CDM,0.435,0.0,0.725,0.58,65.217,0.0,1.739,2.319,0.725,0.435,80.0,60.0,Borussia Dortmund,1
135,Serie A,2025,801,Pisa,866,J. Cuadrado,Juan Guillermo,Cuadrado Bello,37.0,Colombia,179,72,https://media.api-sports.io/football/players/866.png,Midfielder,19.0,2.0,501.0,6.84,1.0,0.0,5.0,2.0,216.0,13.0,81.0,18.0,2.0,4.0,30.0,13.0,97.0,49.0,16.0,9.0,3.0,0.0,CDM,0,CM,0,0,59.9,0,,statistical_fallback,Midfielder,CDM,0.18,0.0,0.898,0.359,38.802,2.335,3.234,0.719,5.389,2.335,39.978,43.329,Pisa,1
135,Serie A,2025,500,Bologna,873,F. Bernardeschi,Federico,Bernardeschi,31.0,Italy,185,77,https://media.api-sports.io/football/players/873.png,Attacker,29.0,12.0,1222.0,6.91,4.0,2.0,30.0,13.0,540.0,30.0,87.0,7.0,2.0,7.0,49.0,24.0,109.0,48.0,11.0,13.0,3.0,0.0,W,0,,0,0,60.1,0,,statistical_fallback,Attacker,W,0.295,0.147,2.209,0.957,39.771,2.209,0.516,0.516,3.609,1.768,43.323,48.989,Bologna,1
135,Serie A,2025,497,AS Roma,875,P. Dybala,Paulo Exequiel,Dybala,32.0,Argentina,177,75,https://media.api-sports.io/football/players/875.png,Attacker,22.0,15.0,1355.0,6.9,2.0,6.0,29.0,18.0,683.0,55.0,83.0,10.0,1.0,4.0,54.0,19.0,170.0,78.0,40.0,11.0,0.0,0.0,W,0,,0,0,60.2,0,,statistical_fallback,Attacker,W,0.133,0.399,1.926,1.196,45.365,3.653,0.664,0.266,3.587,1.262,62.098,35.183,AS Roma,1
135,Serie A,2025,502,Fiorentina,876,N. Fagioli,Nicolò,Fagioli,24.0,Italy,178,71,https://media.api-sports.io/football/players/876.png,Midfielder,33.0,30.0,2564.0,7.25,2.0,3.0,20.0,7.0,1672.0,62.0,89.0,46.0,10.0,16.0,31.0,19.0,204.0,111.0,45.0,23.0,5.0,0.0,CAM,0,CM,0,0,57.8,0,,statistical_fallback,Midfielder,CAM,0.07,0.105,0.702,0.246,58.69,2.176,1.615,0.562,1.088,0.667,35.043,61.305,Fiorentina,1
135,Serie A,2025,502,Fiorentina,877,M. Kean,Moise Bioty,Kean,25.0,Italy,183,67,https://media.api-sports.io/football/players/877.png,Attacker,26.0,23.0,2047.0,6.68,8.0,1.0,75.0,27.0,213.0,3.0,72.0,6.0,1.0,7.0,60.0,25.0,228.0,102.0,44.0,29.0,4.0,0.0,ST,0,,0,0,60.1,0,,statistical_fallback,Attacker,ST,0.352,0.044,3.298,1.187,9.365,0.132,0.264,0.308,2.638,1.099,35.992,41.66,Fiorentina,1
135,Serie A,2025,523,Fiorentina | Parma,881,H. Nicolussi,Hans,Nicolussi Caviglia,25.0,Italy,180,76,https://media.api-sports.io/football/players/881.png,Midfielder,15.0,10.0,1473.0,6.728,0.0,3.0,7.0,2.0,452.0,9.0,86.0,15.0,4.0,3.0,15.0,9.0,89.0,40.0,9.0,8.0,0.0,0.0,CM,0,,0,0,58.0,0,,statistical_fallback,Midfielder,CM,0.0,0.244,0.611,0.183,46.863,1.161,1.65,0.367,1.344,0.672,29.979,49.988,Fiorentina | Parma,2
135,Serie A,2025,502,Fiorentina,882,David de Gea,David,de Gea Quintana,35.0,Spain,192,76,https://media.api-sports.io/football/players/882.png,Goalkeeper,37.0,37.0,3330.0,6.99,0.0,0.0,0.0,0.0,1067.0,1.0,66.0,0.0,,0.0,0.0,0.0,15.0,11.0,6.0,,1.0,0.0,GK,0,,0,0,100.0,0,,statistical_fallback,Goalkeeper,GK,0.0,0.0,0.0,0.0,28.838,0.027,0.0,0.0,0.0,0.0,0.0,0.0,Fiorentina,1
140,La Liga,2025,718,Oviedo,885,E. Bailly,Eric Bertrand,Bailly,31.0,Côte d'Ivoire,187,77,https://media.api-sports.io/football/players/885.png,Defender,15.0,15.0,1236.0,6.97,1.0,0.0,4.0,1.0,562.0,3.0,85.0,12.0,19.0,17.0,7.0,5.0,104.0,65.0,7.0,13.0,3.0,0.0,CB,0,,0,0,59.6,0,,statistical_fallback,Defender,CB,0.073,0.0,0.291,0.073,40.922,0.218,0.874,1.238,0.51,0.364,25.086,71.373,Oviedo,1
39,Premier League,2025,33,Manchester United,886,Diogo Dalot,José Diogo,Dalot Teixeira,26.0,Portugal,183,78,https://media.api-sports.io/football/players/886.png,Midfielder,34.0,29.0,2617.0,6.86,1.0,3.0,21.0,6.0,1132.0,29.0,84.0,53.0,9.0,27.0,27.0,18.0,227.0,135.0,14.0,25.0,5.0,0.0,RB,16,LWB,9,29,55.2,0,RB:16 | LWB:9 | RWB:4,lineup_history,Midfielder,RB,0.034,0.103,0.722,0.206,38.93,0.997,1.823,0.929,0.929,0.619,28.532,66.631,Manchester United,1
39,Premier League,2025,66,Aston Villa,889,V. Lindelöf,Victor Jörgen,Nilsson Lindelöf,31.0,Sweden,187,80,https://media.api-sports.io/football/players/889.png,Defender,17.0,11.0,985.0,6.67,0.0,1.0,3.0,0.0,637.0,2.0,94.0,7.0,5.0,8.0,0.0,0.0,31.0,19.0,1.0,2.0,0.0,0.0,CB,9,CDM,2,11,81.8,0,CB:9 | CDM:2,lineup_history,Defender,CB,0.0,0.091,0.274,0.0,58.203,0.183,0.64,0.731,0.0,0.0,0.0,0.0,Aston Villa,1
39,Premier League,2025,33,Manchester United,891,L. Shaw,Luke Paul Hoare,Shaw,30.0,England,178,80,https://media.api-sports.io/football/players/891.png,Defender,38.0,38.0,3231.0,6.71,1.0,1.0,6.0,3.0,1711.0,16.0,86.0,74.0,9.0,45.0,20.0,10.0,301.0,166.0,20.0,49.0,9.0,0.0,LB,20,CB,17,38,52.6,0,LB:20 | CB:17 | LWB:1,lineup_history,Defender,LB,0.028,0.028,0.167,0.084,47.66,0.446,2.061,1.253,0.557,0.279,50.299,50.09,Manchester United,1
39,Premier League,2025,45,Everton,895,J. Garner,James David,Garner,24.0,England,186,78,https://media.api-sports.io/football/players/895.png,Defender,38.0,38.0,3426.0,7.24,2.0,7.0,34.0,14.0,1792.0,56.0,87.0,120.0,10.0,57.0,34.0,18.0,341.0,209.0,42.0,39.0,12.0,0.0,CDM,30,RB,4,38,78.9,0,CDM:30 | RB:4 | LB:3 | CM:1,lineup_history,Defender,CDM,0.053,0.184,0.893,0.368,47.075,1.471,3.152,1.497,0.893,0.473,41.209,52.968,Everton,1
61,Ligue 1,2025,81,Marseille | Wolves,896,A. Gomes,Adilson Angel,Abreu de Almeida Gomes,25.0,England,168,56,https://media.api-sports.io/football/players/896.png,Midfielder,14.0,12.0,1380.0,6.824,3.0,0.0,9.0,5.0,582.0,18.0,90.0,10.0,,4.0,9.0,6.0,73.0,33.0,12.0,19.0,4.0,0.0,CM,3,CAM,3,7,42.9,0,CM:3 | CAM:3 | CDM:1,lineup_history,Midfielder,CM,0.196,0.0,0.978,0.456,50.217,1.565,1.304,0.261,0.978,0.652,46.635,66.645,Marseille | Wolves,2
61,Ligue 1,2025,81,Marseille,897,M. Greenwood,Mason Will John,Greenwood,24.0,England,181,70,https://media.api-sports.io/football/players/897.png,Attacker,32.0,29.0,2469.0,7.37,16.0,7.0,86.0,48.0,1251.0,61.0,81.0,15.0,1.0,4.0,105.0,54.0,229.0,105.0,34.0,22.0,4.0,0.0,W,0,,0,0,57.3,0,,statistical_fallback,Attacker,W,0.583,0.255,3.135,1.75,45.601,2.224,0.547,0.146,3.827,1.968,55.821,51.424,Marseille,1
135,Serie A,2025,488,Sassuolo,902,N. Matić,Nemanja,Matić,37.0,Serbia,194,85,https://media.api-sports.io/football/players/902.png,Midfielder,34.0,31.0,2669.0,6.95,1.0,1.0,8.0,4.0,1721.0,20.0,86.0,43.0,10.0,28.0,24.0,12.0,226.0,123.0,39.0,24.0,7.0,1.0,CDM,0,CM,0,0,59.8,0,,statistical_fallback,Midfielder,CDM,0.034,0.034,0.27,0.135,58.033,0.674,1.45,0.944,0.809,0.405,50.0,50.062,Sassuolo,1
135,Serie A,2025,492,Napoli,903,S. McTominay,Scott Francis,McTominay,29.0,Scotland,193,88,https://media.api-sports.io/football/players/903.png,Midfielder,33.0,31.0,2793.0,7.06,10.0,3.0,73.0,34.0,1329.0,22.0,88.0,28.0,13.0,21.0,57.0,26.0,318.0,169.0,73.0,24.0,1.0,0.0,W,0,CAM,0,0,55.1,0,,statistical_fallback,Midfielder,W,0.322,0.097,2.352,1.096,42.825,0.709,0.902,0.677,1.837,0.838,46.599,45.618,Napoli,1
140,La Liga,2025,529,Barcelona,909,M. Rashford,Marcus,Rashford,28.0,England,188,80,https://media.api-sports.io/football/players/909.png,Attacker,32.0,18.0,1761.0,6.82,8.0,7.0,49.0,29.0,771.0,46.0,84.0,8.0,3.0,2.0,87.0,30.0,171.0,67.0,25.0,10.0,3.0,0.0,W,0,,0,0,59.3,0,,statistical_fallback,Attacker,W,0.409,0.358,2.504,1.482,39.404,2.351,0.409,0.102,4.446,1.533,59.185,34.48,Barcelona,1
140,La Liga,2025,536,Sevilla,910,A. Sánchez,Alexis Alejandro,Sánchez Sánchez,37.0,Chile,169,62,https://media.api-sports.io/football/players/910.png,Attacker,28.0,11.0,1305.0,6.63,4.0,2.0,19.0,9.0,444.0,26.0,74.0,22.0,,7.0,22.0,8.0,150.0,70.0,26.0,16.0,3.0,0.0,ST,0,W,0,0,57.0,0,,statistical_fallback,Attacker,ST,0.276,0.138,1.31,0.621,30.621,1.793,1.517,0.483,1.517,0.552,47.405,36.388,Sevilla,1
140,La Liga,2025,532,Valencia,916,M. Diakhaby,Mouctar,Diakhaby,29.0,Guinea,189,78,https://media.api-sports.io/football/players/916.png,Defender,8.0,7.0,544.0,6.8,1.0,0.0,4.0,3.0,320.0,1.0,87.0,8.0,2.0,10.0,3.0,1.0,43.0,28.0,3.0,7.0,3.0,0.0,CB,0,,0,0,60.8,0,,statistical_fallback,Defender,CB,0.165,0.0,0.662,0.496,52.941,0.165,1.324,1.654,0.496,0.165,74.924,33.266,Valencia,1
140,La Liga,2025,532,Valencia,918,José Gayà,José Luis,Gayà Peña,30.0,Spain,172,66,https://media.api-sports.io/football/players/918.png,Defender,32.0,31.0,2461.0,6.66,1.0,2.0,9.0,3.0,923.0,25.0,83.0,69.0,7.0,23.0,24.0,11.0,208.0,123.0,20.0,31.0,6.0,1.0,FB,0,,0,0,62.6,0,,statistical_fallback,Defender,FB,0.037,0.073,0.329,0.11,33.755,0.914,2.523,0.841,0.878,0.402,33.435,45.786,Valencia,1
140,La Liga,2025,798,Mallorca,920,Toni Lato,Antonio,Latorre Grueso,28.0,Spain,171,64,https://media.api-sports.io/football/players/920.png,Defender,12.0,7.0,599.0,6.61,0.0,1.0,0.0,0.0,220.0,4.0,81.0,10.0,3.0,6.0,9.0,7.0,57.0,25.0,3.0,7.0,3.0,0.0,FB,0,,0,0,64.8,0,,statistical_fallback,Defender,FB,0.0,0.15,0.0,0.0,33.055,0.601,1.503,0.902,1.352,1.052,0.0,77.811,Mallorca,1
61,Ligue 1,2025,83,Nantes,924,F. Coquelin,Francis Joseph,Coquelin,34.0,France,176,74,https://media.api-sports.io/football/players/924.png,Midfielder,16.0,8.0,655.0,6.66,0.0,1.0,4.0,1.0,291.0,4.0,87.0,17.0,5.0,6.0,10.0,5.0,78.0,40.0,7.0,15.0,2.0,0.0,CDM,0,CM,0,0,61.9,0,,statistical_fallback,Midfielder,CDM,0.0,0.137,0.55,0.137,39.985,0.55,2.336,0.824,1.374,0.687,24.909,50.0,Nantes,1
140,La Liga,2025,548,Real Sociedad,925,Gonçalo Guedes,Gonçalo Manuel,Ganchinho Guedes,29.0,Portugal,179,68,https://media.api-sports.io/football/players/925.png,Attacker,32.0,22.0,1839.0,6.88,8.0,4.0,29.0,18.0,564.0,25.0,74.0,25.0,,4.0,39.0,18.0,193.0,87.0,33.0,18.0,3.0,0.0,ST,0,W,0,0,56.6,0,,statistical_fallback,Attacker,ST,0.392,0.196,1.419,0.881,27.602,1.223,1.223,0.196,1.909,0.881,62.086,46.15,Real Sociedad,1
61,Ligue 1,2025,81,Marseille,926,G. Kondogbia,Geoffrey Edwin,Kondogbia,32.0,Central African Republic,188,80,https://media.api-sports.io/football/players/926.png,Defender,10.0,9.0,593.0,6.98,0.0,0.0,3.0,1.0,432.0,2.0,87.0,14.0,5.0,10.0,6.0,6.0,64.0,37.0,8.0,12.0,3.0,0.0,CB,0,,0,0,60.3,0,,statistical_fallback,Defender,CB,0.0,0.0,0.455,0.152,65.565,0.304,2.125,1.518,0.911,0.911,33.407,100.0,Marseille,1
61,Ligue 1,2025,85,Paris Saint Germain,927,Lee Kang-In,Kang-In,Lee,24.0,Korea Republic,173,66,https://media.api-sports.io/football/players/927.png,Midfielder,27.0,18.0,1522.0,7.04,3.0,4.0,27.0,15.0,1044.0,60.0,91.0,17.0,1.0,3.0,51.0,28.0,148.0,70.0,19.0,18.0,3.0,0.0,CAM,0,W,0,0,68.3,0,,statistical_fallback,Midfielder,CAM,0.177,0.237,1.597,0.887,61.735,3.548,1.005,0.177,3.016,1.656,55.542,54.907,Paris Saint Germain,1
140,La Liga,2025,533,Villarreal,928,Dani Parejo,Daniel,Parejo Muñoz,36.0,Spain,182,74,https://media.api-sports.io/football/players/928.png,Midfielder,32.0,16.0,1398.0,6.92,1.0,0.0,2.0,1.0,900.0,26.0,88.0,42.0,7.0,12.0,16.0,8.0,129.0,85.0,27.0,16.0,3.0,0.0,CDM,0,CM,0,0,63.7,0,,statistical_fallback,Midfielder,CDM,0.064,0.0,0.129,0.064,57.94,1.674,2.704,0.773,1.03,0.515,49.612,50.0,Villarreal,1
140,La Liga,2025,548,Real Sociedad,930,Carlos Soler,Carlos,Soler Barragán,28.0,Spain,180,76,https://media.api-sports.io/football/players/930.png,Midfielder,33.0,26.0,2332.0,6.98,4.0,3.0,29.0,19.0,1195.0,46.0,86.0,38.0,10.0,15.0,20.0,13.0,162.0,79.0,20.0,28.0,3.0,1.0,CAM,0,CM,0,0,61.9,0,,statistical_fallback,Midfielder,CAM,0.154,0.116,1.119,0.733,46.119,1.775,1.467,0.579,0.772,0.502,65.505,65.026,Real Sociedad,1
140,La Liga,2025,529,Barcelona,931,Ferran Torres,Ferran,Torres García,25.0,Spain,182,80,https://media.api-sports.io/football/players/931.png,Attacker,33.0,23.0,1984.0,6.83,16.0,2.0,58.0,37.0,471.0,23.0,75.0,7.0,1.0,4.0,27.0,10.0,137.0,61.0,20.0,13.0,2.0,0.0,ST,0,,0,0,61.0,0,,statistical_fallback,Attacker,ST,0.726,0.091,2.631,1.678,21.366,1.043,0.318,0.181,1.225,0.454,63.778,37.061,Barcelona,1
135,Serie A,2025,488,Sassuolo,943,U. Garcia,Ulisses Alexandre,Garcia Lopes,29.0,Switzerland,182,73,https://media.api-sports.io/football/players/943.png,Defender,13.0,10.0,943.0,6.89,1.0,2.0,1.0,1.0,445.0,13.0,86.0,17.0,4.0,8.0,6.0,2.0,70.0,27.0,2.0,11.0,3.0,0.0,FB,0,,0,0,63.5,0,,statistical_fallback,Defender,FB,0.095,0.191,0.095,0.095,42.471,1.241,1.622,0.764,0.573,0.191,100.0,33.333,Sassuolo,1
135,Serie A,2025,801,Pisa,951,M. Aebischer,Michel,Aebischer,28.0,Switzerland,183,78,https://media.api-sports.io/football/players/951.png,Midfielder,35.0,33.0,2900.0,6.91,1.0,2.0,16.0,5.0,1530.0,34.0,85.0,65.0,6.0,37.0,29.0,14.0,257.0,131.0,38.0,45.0,8.0,0.0,CDM,0,CM,0,0,58.7,0,,statistical_fallback,Midfielder,CDM,0.031,0.062,0.497,0.155,47.483,1.055,2.017,1.148,0.9,0.434,31.187,48.222,Pisa,1
140,La Liga,2025,536,Sevilla,957,D. Sow,Mohameth Djibril Ibrahima,Sow,28.0,Switzerland,183,76,https://media.api-sports.io/football/players/957.png,Midfielder,33.0,27.0,2195.0,6.77,5.0,4.0,15.0,8.0,950.0,24.0,89.0,45.0,2.0,22.0,14.0,7.0,188.0,96.0,29.0,42.0,6.0,0.0,CM,0,,0,0,58.0,0,,statistical_fallback,Midfielder,CM,0.205,0.164,0.615,0.328,38.952,0.984,1.845,0.902,0.574,0.287,53.333,50.0,Sevilla,1
61,Ligue 1,2025,111,Le Havre,961,F. Mambimbi,Felix Khonde,Mambimbi,24.0,Switzerland,171,68,https://media.api-sports.io/football/players/961.png,Attacker,17.0,7.0,558.0,6.45,1.0,0.0,5.0,2.0,119.0,7.0,72.0,12.0,,3.0,11.0,4.0,74.0,24.0,5.0,16.0,1.0,0.0,ST,0,W,0,0,57.3,0,,statistical_fallback,Attacker,ST,0.161,0.0,0.806,0.323,19.194,1.129,1.935,0.484,1.774,0.645,40.074,36.359,Le Havre,1
61,Ligue 1,2025,91,Monaco,963,L. Hrádecký,Lukáš,Hrádecký,36.0,Finland,192,83,https://media.api-sports.io/football/players/963.png,Goalkeeper,17.0,17.0,1441.0,6.79,0.0,0.0,0.0,0.0,453.0,0.0,66.0,1.0,,0.0,0.0,0.0,8.0,8.0,,,1.0,0.0,GK,0,,0,0,100.0,0,,statistical_fallback,Goalkeeper,GK,0.0,0.0,0.0,0.0,28.293,0.0,0.062,0.0,0.0,0.0,0.0,0.0,Monaco,1
78,Bundesliga,2025,157,Bayern München,972,J. Tah,Jonathan,Glao Tah,29.0,Germany,195,94,https://media.api-sports.io/football/players/972.png,Defender,28.0,23.0,2024.0,7.27,2.0,1.0,7.0,5.0,1897.0,5.0,96.0,24.0,21.0,26.0,5.0,3.0,129.0,76.0,6.0,26.0,7.0,0.0,CB,0,,0,0,59.8,0,,statistical_fallback,Defender,CB,0.089,0.044,0.311,0.222,84.353,0.222,1.067,1.156,0.222,0.133,71.383,59.91,Bayern München,1
39,Premier League,2025,42,Arsenal,978,K. Havertz,Kai Lukas,Havertz,26.0,Germany,193,83,https://media.api-sports.io/football/players/978.png,Attacker,12.0,7.0,583.0,6.68,2.0,3.0,12.0,4.0,166.0,11.0,74.0,8.0,1.0,1.0,6.0,3.0,84.0,36.0,8.0,8.0,1.0,0.0,ST,4,CAM,2,7,57.1,0,ST:4 | CAM:2 | CM:1,lineup_history,Attacker,ST,0.309,0.463,1.852,0.617,25.626,1.698,1.235,0.154,0.926,0.463,33.315,50.0,Arsenal,1
78,Bundesliga,2025,164,FSV Mainz 05,979,D. Kohr,Dominik,Kohr,31.0,Germany,183,77,https://media.api-sports.io/football/players/979.png,Defender,29.0,28.0,2345.0,6.81,2.0,0.0,11.0,4.0,1125.0,10.0,83.0,48.0,17.0,45.0,11.0,5.0,256.0,134.0,43.0,40.0,10.0,1.0,CB,0,,0,0,60.4,0,,statistical_fallback,Defender,CB,0.077,0.0,0.422,0.154,43.177,0.384,1.842,1.727,0.422,0.192,36.493,45.498,FSV Mainz 05,1
39,Premier League,2025,66,Aston Villa,983,L. Bailey,Leon Patrick,Bailey Butler,28.0,Jamaica,178,77,https://media.api-sports.io/football/players/983.png,Midfielder,13.0,3.0,478.0,6.61,0.0,1.0,5.0,1.0,138.0,12.0,77.0,10.0,,4.0,26.0,5.0,71.0,24.0,5.0,6.0,1.0,0.0,RW,3,,0,3,100.0,0,RW:3,lineup_history,Midfielder,RW,0.0,0.188,0.941,0.188,25.983,2.259,1.883,0.753,4.895,0.941,19.979,19.224,Aston Villa,1
78,Bundesliga,2025,165,Borussia Dortmund,984,J. Brandt,Julian,Brandt,29.0,Germany,185,83,https://media.api-sports.io/football/players/984.png,Midfielder,29.0,17.0,1627.0,6.99,7.0,4.0,33.0,18.0,759.0,30.0,80.0,14.0,,5.0,34.0,18.0,130.0,60.0,5.0,8.0,0.0,0.0,W,0,CAM,0,0,56.7,0,,statistical_fallback,Midfielder,W,0.387,0.221,1.825,0.996,41.985,1.659,0.774,0.277,1.881,0.996,54.575,52.951,Borussia Dortmund,1
135,Serie A,2025,500,Bologna | Fiorentina,1014,S. Sohm,Simon Solomon Junior,Sohm,24.0,Switzerland,188,85,https://media.api-sports.io/football/players/1014.png,Midfielder,12.0,9.0,1438.0,6.595,0.0,0.0,2.0,1.0,271.0,6.0,81.0,10.0,1.0,2.0,5.0,4.0,53.0,30.0,3.0,9.0,1.0,0.0,CM,0,,0,0,58.0,0,,statistical_fallback,Midfielder,CM,0.0,0.062,0.375,0.063,35.737,0.939,1.251,0.501,1.001,0.688,16.675,68.722,Bologna | Fiorentina,2
61,Ligue 1,2025,97,Lorient,1031,Igor Silva,Igor,Silva de Almeida,29.0,Brazil,173,66,https://media.api-sports.io/football/players/1031.png,Defender,17.0,13.0,1223.0,6.74,1.0,0.0,6.0,1.0,603.0,8.0,86.0,21.0,7.0,13.0,9.0,3.0,92.0,56.0,18.0,9.0,1.0,0.0,CB,0,,0,0,55.3,0,,statistical_fallback,Defender,CB,0.074,0.0,0.442,0.074,44.374,0.589,1.545,0.957,0.662,0.221,16.742,33.384,Lorient,1
135,Serie A,2025,502,Fiorentina,1084,M. Pongračić,Marin,Pongračić,28.0,Croatia,190,95,https://media.api-sports.io/football/players/1084.png,Defender,35.0,33.0,2917.0,6.77,0.0,0.0,5.0,1.0,1901.0,8.0,91.0,31.0,27.0,35.0,22.0,16.0,241.0,117.0,21.0,69.0,12.0,0.0,CB,0,,0,0,57.5,0,,statistical_fallback,Defender,CB,0.0,0.0,0.154,0.031,58.653,0.247,0.956,1.08,0.679,0.494,20.13,72.754,Fiorentina,1
135,Serie A,2025,504,Hellas Verona,1090,A. Bernede,Antoine Joseph Emmanuel,Bernede,26.0,France,178,73,https://media.api-sports.io/football/players/1090.png,Midfielder,32.0,29.0,2320.0,6.68,1.0,2.0,14.0,4.0,890.0,30.0,77.0,70.0,6.0,14.0,37.0,17.0,282.0,120.0,20.0,55.0,2.0,0.0,CDM,0,CM,0,0,57.6,0,,statistical_fallback,Midfielder,CDM,0.039,0.078,0.543,0.155,34.526,1.164,2.716,0.543,1.435,0.659,28.545,45.923,Hellas Verona,1
78,Bundesliga,2025,173,RB Leipzig,1095,X. Schlager,Xaver,Schlager,28.0,Austria,174,76,https://media.api-sports.io/football/players/1095.png,Midfielder,26.0,21.0,1837.0,6.93,3.0,1.0,11.0,7.0,1060.0,21.0,86.0,37.0,2.0,8.0,32.0,22.0,183.0,96.0,16.0,25.0,6.0,0.0,CM,0,,0,0,58.0,0,,statistical_fallback,Midfielder,CM,0.147,0.049,0.539,0.343,51.932,1.029,1.813,0.392,1.568,1.078,63.636,68.75,RB Leipzig,1
39,Premier League,2025,40,Liverpool,1096,D. Szoboszlai,Dominik,Szoboszlai,25.0,Hungary,186,74,https://media.api-sports.io/football/players/1096.png,Midfielder,36.0,36.0,3244.0,7.19,6.0,7.0,47.0,23.0,2184.0,78.0,87.0,55.0,8.0,30.0,50.0,26.0,284.0,130.0,30.0,41.0,8.0,1.0,CAM,14,RB,8,36,38.9,0,CAM:14 | RB:8 | CDM:6 | RW:6 | CM:1 | ST:1,lineup_history,Midfielder,CAM,0.166,0.194,1.304,0.638,60.592,2.164,1.526,0.832,1.387,0.721,48.926,51.983,Liverpool,1
39,Premier League,2025,50,Manchester City,1100,E. Haaland,Erling,Braut Haaland,25.0,Norway,195,88,https://media.api-sports.io/football/players/1100.png,Attacker,35.0,34.0,2958.0,7.31,27.0,8.0,102.0,59.0,380.0,25.0,65.0,15.0,1.0,5.0,31.0,16.0,240.0,129.0,25.0,24.0,2.0,0.0,ST,34,,0,34,100.0,0,ST:34,lineup_history,Attacker,ST,0.822,0.243,3.103,1.795,11.562,0.761,0.456,0.152,0.943,0.487,57.847,51.644,Manchester City,1
61,Ligue 1,2025,91,Monaco,1101,T. Minamino,Takumi,Minamino,30.0,Japan,172,68,https://media.api-sports.io/football/players/1101.png,Midfielder,15.0,11.0,961.0,6.61,3.0,2.0,15.0,7.0,308.0,9.0,73.0,3.0,2.0,4.0,12.0,4.0,67.0,21.0,8.0,10.0,4.0,0.0,CAM,0,CM,0,0,64.8,0,,statistical_fallback,Midfielder,CAM,0.281,0.187,1.405,0.656,28.845,0.843,0.281,0.375,1.124,0.375,46.69,33.363,Monaco,1
140,La Liga,2025,539,Levante,1118,J. Toljan,Jeremy Isaiah Richard,Toljan,31.0,Germany,182,74,https://media.api-sports.io/football/players/1118.png,Defender,37.0,37.0,3173.0,6.54,1.0,4.0,5.0,1.0,1131.0,28.0,77.0,66.0,16.0,32.0,19.0,6.0,214.0,105.0,19.0,33.0,8.0,0.0,FB,0,,0,0,62.0,0,,statistical_fallback,Defender,FB,0.028,0.113,0.142,0.028,32.08,0.794,1.872,0.908,0.539,0.17,19.718,31.54,Levante,1
39,Premier League,2025,55,Brentford,1119,K. Ajer,Kristoffer,Vassbakk Ajer,27.0,Norway,198,92,https://media.api-sports.io/football/players/1119.png,Defender,27.0,20.0,1820.0,6.66,0.0,1.0,8.0,3.0,704.0,4.0,79.0,37.0,16.0,18.0,11.0,3.0,193.0,105.0,5.0,23.0,4.0,0.0,CB,15,LB,5,20,75.0,0,CB:15 | LB:5,lineup_history,Defender,CB,0.0,0.049,0.396,0.148,34.813,0.198,1.83,0.89,0.544,0.148,37.374,27.206,Brentford,1
78,Bundesliga,2025,182,Union Berlin,1124,O. Burke,Oliver Jasen,Burke,28.0,Scotland,188,74,https://media.api-sports.io/football/players/1124.png,Attacker,29.0,21.0,1691.0,6.74,6.0,2.0,28.0,15.0,348.0,22.0,72.0,12.0,2.0,5.0,35.0,11.0,159.0,61.0,8.0,10.0,4.0,0.0,ST,0,W,0,0,56.5,0,,statistical_fallback,Attacker,ST,0.319,0.106,1.49,0.798,18.522,1.171,0.639,0.266,1.863,0.585,53.557,31.401,Union Berlin,1
39,Premier League,2025,35,Bournemouth,1125,R. Christie,Ryan,Christie,30.0,Scotland,178,70,https://media.api-sports.io/football/players/1125.png,Midfielder,26.0,9.0,986.0,6.72,2.0,0.0,15.0,8.0,547.0,11.0,78.0,27.0,4.0,12.0,39.0,19.0,160.0,80.0,22.0,17.0,3.0,1.0,CDM,9,,0,9,100.0,0,CDM:9,lineup_history,Midfielder,CDM,0.183,0.0,1.369,0.73,49.929,1.004,2.465,1.095,3.56,1.734,53.324,48.708,Bournemouth,1
135,Serie A,2025,494,Udinese,1134,V. Bayo,Vakoun Issouf,Bayo,28.0,Côte d'Ivoire,184,72,https://media.api-sports.io/football/players/1134.png,Attacker,15.0,4.0,451.0,6.41,0.0,2.0,14.0,2.0,112.0,3.0,75.0,2.0,1.0,0.0,7.0,1.0,90.0,34.0,6.0,15.0,0.0,0.0,ST,0,W,0,0,56.4,0,,statistical_fallback,Attacker,ST,0.0,0.399,2.794,0.399,22.35,0.599,0.399,0.0,1.397,0.2,14.281,14.316,Udinese,1
61,Ligue 1,2025,116,Lens,1135,O. Édouard,Odsonne,Édouard,27.0,France,187,83,https://media.api-sports.io/football/players/1135.png,Attacker,29.0,26.0,1818.0,6.9,12.0,3.0,49.0,31.0,288.0,20.0,80.0,10.0,4.0,3.0,40.0,16.0,191.0,69.0,17.0,21.0,1.0,0.0,ST,0,,0,0,58.5,0,,statistical_fallback,Attacker,ST,0.594,0.149,2.426,1.535,14.257,0.99,0.495,0.149,1.98,0.792,63.273,40.0,Lens,1
61,Ligue 1,2025,81,Marseille,1138,T. Weah,Timothy,Tarpeh Weah,25.0,USA,183,66,https://media.api-sports.io/football/players/1138.png,Attacker,29.0,26.0,2263.0,6.76,2.0,2.0,20.0,10.0,1019.0,29.0,85.0,48.0,4.0,17.0,38.0,15.0,188.0,96.0,18.0,32.0,5.0,0.0,ST,0,W,0,0,59.6,0,,statistical_fallback,Attacker,ST,0.08,0.08,0.795,0.398,40.526,1.153,1.909,0.676,1.511,0.597,50.063,39.51,Marseille,1
78,Bundesliga,2025,173,RB Leipzig,1139,P. Gulácsi,Péter,Gulácsi,35.0,Hungary,191,86,https://media.api-sports.io/football/players/1139.png,Goalkeeper,23.0,23.0,2009.0,6.9,0.0,0.0,0.0,0.0,727.0,0.0,82.0,0.0,,0.0,0.0,0.0,4.0,2.0,,,1.0,0.0,GK,0,,0,0,100.0,0,,statistical_fallback,Goalkeeper,GK,0.0,0.0,0.0,0.0,32.568,0.0,0.0,0.0,0.0,0.0,0.0,0.0,RB Leipzig,1
61,Ligue 1,2025,97,Lorient,1142,Y. Mvogo,Yvon Landry,Mvogo Nganoma,31.0,Switzerland,190,88,https://media.api-sports.io/football/players/1142.png,Goalkeeper,31.0,31.0,2790.0,7.01,0.0,0.0,0.0,0.0,1122.0,0.0,77.0,1.0,,1.0,1.0,1.0,18.0,14.0,4.0,,0.0,0.0,GK,0,,0,0,100.0,0,,statistical_fallback,Goalkeeper,GK,0.0,0.0,0.0,0.0,36.194,0.0,0.032,0.032,0.032,0.032,0.0,100.0,Lorient,1
39,Premier League,2025,40,Liverpool,1145,I. Konaté,Ibrahima,Konaté,26.0,France,194,95,https://media.api-sports.io/football/players/1145.png,Defender,36.0,36.0,3100.0,7.07,1.0,0.0,9.0,4.0,2167.0,8.0,89.0,53.0,24.0,28.0,7.0,5.0,319.0,220.0,41.0,33.0,7.0,0.0,CB,36,,0,36,100.0,0,CB:36,lineup_history,Defender,CB,0.029,0.0,0.261,0.116,62.913,0.232,1.539,0.813,0.203,0.145,44.444,71.429,Liverpool,1
39,Premier League,2025,746,Sunderland,1146,N. Mukiele,Nordi,Mukiele Mulere,28.0,France,187,84,https://media.api-sports.io/football/players/1146.png,Defender,32.0,32.0,2800.0,6.95,3.0,3.0,16.0,4.0,1188.0,23.0,78.0,69.0,10.0,40.0,26.0,12.0,313.0,182.0,26.0,35.0,5.0,0.0,CB,16,RB,15,32,50.0,0,CB:16 | RB:15 | RWB:1,lineup_history,Defender,CB,0.096,0.096,0.514,0.129,38.186,0.739,2.218,1.286,0.836,0.386,25.097,46.172,Sunderland,1
78,Bundesliga,2025,173,RB Leipzig,1148,W. Orbán,Vilmos Tamás,Orbán,33.0,Hungary,186,87,https://media.api-sports.io/football/players/1148.png,Defender,33.0,33.0,2950.0,7.27,2.0,0.0,16.0,9.0,2293.0,11.0,89.0,47.0,36.0,42.0,8.0,6.0,316.0,212.0,23.0,21.0,4.0,0.0,CB,0,,0,0,65.1,0,,statistical_fallback,Defender,CB,0.061,0.0,0.488,0.275,69.956,0.336,1.434,1.281,0.244,0.183,56.352,75.0,RB Leipzig,1
78,Bundesliga,2025,157,Bayern München,1149,D. Upamecano,Dayotchanculle Oswald,Upamecano,27.0,France,186,90,https://media.api-sports.io/football/players/1149.png,Defender,24.0,21.0,1797.0,7.22,1.0,1.0,6.0,2.0,1649.0,11.0,92.0,44.0,5.0,19.0,10.0,4.0,151.0,87.0,5.0,15.0,4.0,0.0,FB,0,,0,0,55.5,0,,statistical_fallback,Defender,FB,0.05,0.05,0.301,0.1,82.588,0.551,2.204,0.952,0.501,0.2,33.223,39.92,Bayern München,1
39,Premier League,2025,35,Bournemouth,1150,T. Adams,Tyler Shaan,Adams,26.0,USA,175,72,https://media.api-sports.io/football/players/1150.png,Midfielder,25.0,21.0,1778.0,6.85,2.0,2.0,8.0,6.0,1008.0,7.0,87.0,50.0,9.0,33.0,12.0,6.0,184.0,93.0,13.0,35.0,8.0,0.0,CDM,21,,0,21,100.0,0,CDM:21,lineup_history,Midfielder,CDM,0.101,0.101,0.405,0.304,51.024,0.354,2.531,1.67,0.607,0.304,75.062,50.082,Bournemouth,1
78,Bundesliga,2025,192,1. FC Köln,1156,T. Krauß,Tom,Krauß,24.0,Germany,182,72,https://media.api-sports.io/football/players/1156.png,Defender,26.0,19.0,1801.0,6.9,0.0,2.0,5.0,2.0,834.0,15.0,86.0,72.0,9.0,28.0,18.0,9.0,194.0,118.0,22.0,23.0,4.0,0.0,FB,0,,0,0,57.4,0,,statistical_fallback,Defender,FB,0.0,0.1,0.25,0.1,41.677,0.75,3.598,1.399,0.9,0.45,40.0,50.0,1. FC Köln,1
78,Bundesliga,2025,157,Bayern München,1157,K. Laimer,Konrad,Laimer,28.0,Austria,180,72,https://media.api-sports.io/football/players/1157.png,Defender,29.0,22.0,1997.0,6.82,3.0,9.0,15.0,8.0,1378.0,44.0,90.0,46.0,6.0,17.0,36.0,14.0,200.0,84.0,9.0,29.0,9.0,0.0,FB,0,,0,0,64.3,0,,statistical_fallback,Defender,FB,0.135,0.406,0.676,0.361,62.103,1.983,2.073,0.766,1.622,0.631,53.402,38.903,Bayern München,1
78,Bundesliga,2025,165,Borussia Dortmund,1159,M. Sabitzer,Marcel,Sabitzer,31.0,Austria,178,76,https://media.api-sports.io/football/players/1159.png,Midfielder,26.0,21.0,1822.0,6.92,1.0,2.0,14.0,4.0,792.0,15.0,83.0,30.0,6.0,19.0,5.0,3.0,123.0,65.0,17.0,20.0,3.0,0.0,CM,0,,0,0,58.0,0,,statistical_fallback,Midfielder,CM,0.049,0.099,0.692,0.198,39.122,0.741,1.482,0.939,0.247,0.148,28.613,59.919,Borussia Dortmund,1
39,Premier League,2025,36,Fulham,1161,E. Smith Rowe,Emile,Smith Rowe,25.0,England,182,79,https://media.api-sports.io/football/players/1161.png,Midfielder,37.0,22.0,1944.0,6.65,3.0,0.0,25.0,11.0,920.0,18.0,91.0,35.0,1.0,22.0,29.0,14.0,145.0,72.0,17.0,10.0,1.0,0.0,CAM,21,LW,1,22,95.5,0,CAM:21 | LW:1,lineup_history,Midfielder,CAM,0.139,0.0,1.157,0.509,42.593,0.833,1.62,1.019,1.343,0.648,43.993,48.25,Fulham,1
39,Premier League,2025,33,Manchester United,1165,Matheus Cunha,Matheus Santos,Carneiro da Cunha,26.0,Brazil,183,76,https://media.api-sports.io/football/players/1165.png,Attacker,33.0,29.0,2503.0,7.13,10.0,2.0,58.0,35.0,880.0,35.0,80.0,39.0,3.0,21.0,91.0,44.0,353.0,164.0,54.0,27.0,4.0,0.0,LW,12,ST,9,29,41.4,0,LW:12 | ST:9 | CAM:7 | RW:1,lineup_history,Attacker,LW,0.36,0.072,2.085,1.258,31.642,1.258,1.402,0.755,3.272,1.582,60.336,48.35,Manchester United,1
78,Bundesliga,2025,175,Hamburger SV,1167,Y. Poulsen,Yussuf Yurary,Poulsen,31.0,Denmark,192,84,https://media.api-sports.io/football/players/1167.png,Attacker,15.0,1.0,342.0,6.66,1.0,0.0,5.0,3.0,111.0,2.0,58.0,4.0,1.0,2.0,4.0,3.0,91.0,47.0,3.0,13.0,4.0,0.0,ST,0,,0,0,62.3,0,,statistical_fallback,Attacker,ST,0.263,0.0,1.316,0.789,29.211,0.526,1.053,0.526,1.053,0.789,59.954,74.929,Hamburger SV,1
78,Bundesliga,2025,167,1899 Hoffenheim,1231,V. Coufal,Vladimír,Coufal,33.0,Czechia,174,76,https://media.api-sports.io/football/players/1231.png,Defender,34.0,34.0,3017.0,7.16,1.0,8.0,17.0,6.0,1331.0,59.0,78.0,60.0,16.0,37.0,62.0,31.0,308.0,173.0,42.0,33.0,4.0,0.0,FB,0,,0,0,62.8,0,,statistical_fallback,Defender,FB,0.03,0.239,0.507,0.179,39.705,1.76,1.79,1.104,1.85,0.925,35.306,50.0,1899 Hoffenheim,1
78,Bundesliga,2025,182,Union Berlin,1234,A. Král,Alex,Král,27.0,Czechia,187,80,https://media.api-sports.io/football/players/1234.png,Midfielder,20.0,2.0,466.0,6.58,0.0,0.0,4.0,3.0,138.0,4.0,78.0,9.0,1.0,4.0,13.0,9.0,68.0,37.0,11.0,4.0,1.0,0.0,CDM,0,CM,0,0,58.9,0,,statistical_fallback,Midfielder,CDM,0.0,0.0,0.773,0.579,26.652,0.773,1.738,0.773,2.511,1.738,74.903,69.215,Union Berlin,1
39,Premier League,2025,48,West Ham,1243,T. Souček,Tomáš,Souček,30.0,Czechia,192,86,https://media.api-sports.io/football/players/1243.png,Midfielder,35.0,24.0,2220.0,6.77,5.0,0.0,21.0,14.0,894.0,11.0,77.0,44.0,15.0,16.0,11.0,4.0,262.0,136.0,22.0,37.0,3.0,1.0,CM,16,CDM,6,24,66.7,0,CM:16 | CDM:6 | RW:1 | CAM:1,lineup_history,Midfielder,CM,0.203,0.0,0.851,0.568,36.243,0.446,1.784,0.649,0.446,0.162,66.745,36.323,West Ham,1
140,La Liga,2025,529,Barcelona,1257,J. Koundé,Jules Olivier,Koundé,27.0,France,181,84,https://media.api-sports.io/football/players/1257.png,Defender,30.0,24.0,2269.0,6.92,1.0,3.0,11.0,4.0,1922.0,23.0,91.0,47.0,13.0,29.0,35.0,21.0,232.0,127.0,24.0,23.0,6.0,0.0,FB,0,,0,0,57.9,0,,statistical_fallback,Defender,FB,0.04,0.119,0.436,0.159,76.236,0.912,1.864,1.15,1.388,0.833,36.468,60.014,Barcelona,1
135,Serie A,2025,487,Lazio,1266,T. Bašić,Toma,Bašić,29.0,Croatia,189,80,https://media.api-sports.io/football/players/1266.png,Midfielder,23.0,23.0,1746.0,6.85,2.0,3.0,24.0,12.0,875.0,22.0,87.0,21.0,7.0,11.0,4.0,1.0,119.0,62.0,19.0,20.0,0.0,1.0,CAM,0,CM,0,0,61.9,0,,statistical_fallback,Midfielder,CAM,0.103,0.155,1.237,0.619,45.103,1.134,1.082,0.567,0.206,0.052,50.04,25.243,Lazio,1
140,La Liga,2025,541,Real Madrid,1271,A. Tchouaméni,Aurélien Djani,Tchouaméni,25.0,France,187,81,https://media.api-sports.io/football/players/1271.png,Midfielder,33.0,31.0,2622.0,7.23,1.0,0.0,30.0,7.0,1913.0,24.0,91.0,68.0,13.0,47.0,10.0,3.0,250.0,170.0,27.0,31.0,8.0,0.0,CDM,0,CM,0,0,63.7,0,,statistical_fallback,Midfielder,CDM,0.034,0.0,1.03,0.24,65.664,0.824,2.334,1.613,0.343,0.103,23.301,30.029,Real Madrid,1
78,Bundesliga,2025,161,VfL Wolfsburg,1291,D. Vavro,Denis,Vavro,29.0,Slovakia,189,81,https://media.api-sports.io/football/players/1291.png,Defender,19.0,15.0,1405.0,6.84,1.0,0.0,11.0,5.0,634.0,3.0,86.0,11.0,13.0,18.0,3.0,3.0,91.0,52.0,6.0,10.0,2.0,0.0,CB,0,,0,0,58.8,0,,statistical_fallback,Defender,CB,0.064,0.0,0.705,0.32,40.612,0.192,0.705,1.153,0.192,0.192,45.39,100.0,VfL Wolfsburg,1
78,Bundesliga,2025,161,VfL Wolfsburg,1302,J. Wind,Jonas Older,Wind,27.0,Denmark,190,82,https://media.api-sports.io/football/players/1302.png,Forward,13.0,10.0,519.0,6.675,1.0,0.0,9.0,6.0,155.0,5.0,,0.0,1.0,0.0,3.0,2.0,84.0,43.0,17.0,2.0,1.0,0.0,ST,0,,0,0,60.2,0,,statistical_fallback,Forward,ST,0.173,0.0,1.561,1.04,26.879,0.867,0.0,0.0,0.52,0.347,66.624,66.731,VfL Wolfsburg,1
135,Serie A,2025,492,Napoli,1314,Amir Rrahmani,Amir,Rrahmani,31.0,Kosovo,192,87,https://media.api-sports.io/football/players/1314.png,Defender,21.0,21.0,1800.0,7.26,2.0,1.0,11.0,4.0,1672.0,7.0,92.0,22.0,10.0,24.0,4.0,2.0,165.0,108.0,16.0,20.0,2.0,0.0,CB,0,,0,0,60.7,0,,statistical_fallback,Defender,CB,0.1,0.05,0.55,0.2,83.6,0.35,1.1,1.2,0.2,0.1,36.364,50.0,Napoli,1
78,Bundesliga,2025,161,VfL Wolfsburg,1321,L. Majer,Lovro,Majer,27.0,Croatia,178,76,https://media.api-sports.io/football/players/1321.png,Midfielder,29.0,16.0,1389.0,6.67,2.0,3.0,20.0,7.0,544.0,22.0,81.0,27.0,1.0,9.0,25.0,12.0,172.0,72.0,21.0,31.0,6.0,0.0,CAM,0,CM,0,0,61.4,0,,statistical_fallback,Midfielder,CAM,0.13,0.194,1.296,0.454,35.248,1.425,1.749,0.583,1.62,0.778,35.031,48.025,VfL Wolfsburg,1
135,Serie A,2025,500,Bologna,1322,N. Moro,Nikola,Moro,27.0,Croatia,183,77,https://media.api-sports.io/football/players/1322.png,Midfielder,30.0,19.0,1797.0,7.14,1.0,0.0,17.0,2.0,1338.0,26.0,84.0,32.0,7.0,17.0,19.0,13.0,143.0,80.0,17.0,18.0,1.0,0.0,CM,0,,0,0,58.0,0,,statistical_fallback,Midfielder,CM,0.05,0.0,0.851,0.1,67.012,1.302,1.603,0.851,0.952,0.651,11.751,68.382,Bologna,1
140,La Liga,2025,529,Barcelona,1323,Dani Olmo,Daniel,Olmo Carvajal,27.0,Spain,182,73,https://media.api-sports.io/football/players/1323.png,Midfielder,33.0,24.0,2077.0,7.03,7.0,8.0,51.0,21.0,1216.0,49.0,85.0,34.0,1.0,14.0,43.0,16.0,216.0,112.0,42.0,27.0,1.0,0.0,CAM,0,W,0,0,65.7,0,,statistical_fallback,Midfielder,CAM,0.303,0.347,2.21,0.91,52.691,2.123,1.473,0.607,1.863,0.693,41.176,37.198,Barcelona,1
61,Ligue 1,2025,79,Lille,1337,B. Özer,Berke,Özer,25.0,Türkiye,190,73,https://media.api-sports.io/football/players/1337.png,Goalkeeper,32.0,32.0,2834.0,7.23,0.0,1.0,0.0,0.0,1051.0,2.0,79.0,3.0,,0.0,0.0,0.0,26.0,22.0,13.0,,4.0,0.0,GK,0,,0,0,100.0,0,,statistical_fallback,Goalkeeper,GK,0.0,0.032,0.0,0.0,33.377,0.064,0.095,0.0,0.0,0.0,0.0,0.0,Lille,1
135,Serie A,2025,492,Napoli,1358,E. Elmas,Eljif,Elmas,26.0,North Macedonia,184,78,https://media.api-sports.io/football/players/1358.png,Midfielder,33.0,20.0,1788.0,6.72,1.0,3.0,17.0,9.0,778.0,24.0,89.0,24.0,6.0,7.0,22.0,13.0,110.0,52.0,13.0,18.0,3.0,0.0,CAM,0,CM,0,0,61.8,0,,statistical_fallback,Midfielder,CAM,0.05,0.151,0.856,0.453,39.161,1.208,1.208,0.352,1.107,0.654,52.921,59.079,Napoli,1
39,Premier League,2025,51,Brighton,1361,F. Kadıoğlu,Ferdi Erenay,Kadıoğlu,26.0,Türkiye,174,68,https://media.api-sports.io/football/players/1361.png,Defender,37.0,34.0,3135.0,6.83,1.0,0.0,22.0,13.0,1362.0,22.0,85.0,58.0,7.0,26.0,22.0,12.0,253.0,137.0,36.0,22.0,6.0,0.0,LB,25,RB,4,34,73.5,0,LB:25 | RB:4 | RW:3 | LW:1 | RWB:1,lineup_history,Defender,LB,0.029,0.0,0.632,0.373,39.1,0.632,1.665,0.746,0.632,0.344,59.019,54.43,Brighton,1
39,Premier League,2025,63,Leeds,1408,S. Bornauw,Sebastiaan,Bornauw,26.0,Belgium,191,81,https://media.api-sports.io/football/players/1408.png,Defender,12.0,5.0,442.0,6.7,0.0,0.0,1.0,0.0,146.0,0.0,82.0,8.0,6.0,5.0,2.0,1.0,48.0,20.0,,7.0,1.0,0.0,CB,5,,0,5,100.0,0,CB:5,lineup_history,Defender,CB,0.0,0.0,0.204,0.0,29.729,0.0,1.629,1.018,0.407,0.204,0.0,50.123,Leeds,1
135,Serie A,2025,489,AC Milan,1417,A. Saelemaekers,Alexis Jesse,Saelemaekers,26.0,Belgium,180,72,https://media.api-sports.io/football/players/1417.png,Midfielder,35.0,33.0,2798.0,7.17,3.0,3.0,29.0,11.0,1326.0,52.0,83.0,74.0,4.0,28.0,106.0,50.0,338.0,197.0,64.0,26.0,5.0,0.0,W,0,CAM,0,0,56.6,0,,statistical_fallback,Midfielder,W,0.096,0.096,0.933,0.354,42.652,1.673,2.38,0.901,3.41,1.608,37.942,47.155,AC Milan,1
39,Premier League,2025,50,Manchester City,1422,J. Doku,Jérémy Baffour,Doku,23.0,Belgium,173,66,https://media.api-sports.io/football/players/1422.png,Attacker,30.0,19.0,1796.0,7.39,5.0,5.0,24.0,15.0,772.0,60.0,82.0,23.0,,13.0,147.0,82.0,320.0,169.0,61.0,23.0,0.0,0.0,LW,8,LM,7,19,42.1,0,LW:8 | LM:7 | CAM:4,lineup_history,Attacker,LW,0.251,0.251,1.203,0.752,38.686,3.007,1.153,0.651,7.366,4.109,62.51,55.783,Manchester City,1
78,Bundesliga,2025,175,Hamburger SV,1427,A. Sambi Lokonga,Albert-Mboyo,Sambi Lokonga,26.0,Belgium,183,67,https://media.api-sports.io/football/players/1427.png,Midfielder,26.0,20.0,1712.0,6.96,5.0,0.0,16.0,11.0,764.0,25.0,87.0,31.0,12.0,14.0,16.0,8.0,161.0,88.0,27.0,20.0,3.0,0.0,CM,0,,0,0,58.0,0,,statistical_fallback,Midfielder,CM,0.263,0.0,0.841,0.578,40.164,1.314,1.63,0.736,0.841,0.421,68.728,50.059,Hamburger SV,1
39,Premier League,2025,36,Fulham,1438,B. Leno,Bernd,Leno,33.0,Germany,189,82,https://media.api-sports.io/football/players/1438.png,Goalkeeper,38.0,38.0,3429.0,6.92,0.0,0.0,0.0,0.0,1393.0,0.0,77.0,4.0,,1.0,0.0,0.0,29.0,28.0,6.0,,3.0,0.0,GK,38,,0,38,100.0,0,GK:38,lineup_history,Goalkeeper,GK,0.0,0.0,0.0,0.0,36.562,0.0,0.105,0.026,0.0,0.0,0.0,0.0,Fulham,1
140,La Liga,2025,543,Real Betis,1439,Héctor Bellerín,Héctor,Bellerín Moruno,31.0,Spain,178,74,https://media.api-sports.io/football/players/1439.png,Defender,27.0,25.0,1840.0,6.726,2.0,3.0,5.0,5.0,1028.0,24.0,,30.0,4.0,14.0,13.0,7.0,118.0,58.0,4.0,15.0,2.0,0.0,FB,0,,0,0,63.8,0,,statistical_fallback,Defender,FB,0.098,0.147,0.245,0.245,50.283,1.174,1.467,0.685,0.636,0.342,100.0,53.774,Real Betis,1
135,Serie A,2025,499,Atalanta,1442,S. Kolašinac,Sead,Kolašinac,32.0,Bosnia and Herzegovina,183,85,https://media.api-sports.io/football/players/1442.png,Defender,19.0,15.0,1224.0,6.66,0.0,0.0,2.0,0.0,771.0,0.0,90.0,27.0,5.0,11.0,7.0,5.0,109.0,55.0,10.0,22.0,3.0,0.0,CB,0,,0,0,57.8,0,,statistical_fallback,Defender,CB,0.0,0.0,0.147,0.0,56.691,0.0,1.985,0.809,0.515,0.368,0.0,71.456,Atalanta,1
39,Premier League,2025,48,West Ham,1445,K. Mavropanos,Konstantinos,Mavropanos,28.0,Greece,194,94,https://media.api-sports.io/football/players/1445.png,Defender,31.0,27.0,2540.0,7.06,3.0,0.0,20.0,8.0,1169.0,4.0,82.0,40.0,30.0,49.0,2.0,2.0,204.0,133.0,9.0,16.0,2.0,0.0,CB,27,,0,27,100.0,0,CB:27,lineup_history,Defender,CB,0.106,0.0,0.709,0.283,41.421,0.142,1.417,1.736,0.071,0.071,39.915,100.0,West Ham,1
135,Serie A,2025,487,Lazio,1454,M. Guendouzi,Mattéo Elias Kenzo,Guendouzi Olié,26.0,France,185,68,https://media.api-sports.io/football/players/1454.png,Midfielder,16.0,16.0,1430.0,7.01,2.0,1.0,14.0,8.0,735.0,15.0,87.0,14.0,6.0,11.0,17.0,8.0,97.0,49.0,21.0,17.0,6.0,1.0,CM,0,,0,0,58.0,0,,statistical_fallback,Midfielder,CM,0.126,0.063,0.881,0.503,46.259,0.944,0.881,0.692,1.07,0.503,57.094,47.009,Lazio,1
39,Premier League,2025,36,Fulham,1455,A. Iwobi,Alexander Chuka,Iwobi,29.0,Nigeria,180,75,https://media.api-sports.io/football/players/1455.png,Midfielder,29.0,29.0,2443.0,7.07,4.0,3.0,24.0,15.0,1430.0,43.0,85.0,28.0,3.0,15.0,45.0,19.0,138.0,63.0,10.0,8.0,3.0,0.0,CDM,15,LW,12,29,51.7,0,CDM:15 | LW:12 | CAM:2,lineup_history,Midfielder,CDM,0.147,0.111,0.884,0.553,52.681,1.584,1.032,0.553,1.658,0.7,62.557,42.22,Fulham,1
61,Ligue 1,2025,80,Lyon,1456,A. Maitland-Niles,Ainsley Cory,Maitland-Niles,28.0,England,177,71,https://media.api-sports.io/football/players/1456.png,Midfielder,30.0,28.0,2485.0,6.74,1.0,4.0,13.0,7.0,1117.0,21.0,85.0,57.0,4.0,33.0,32.0,14.0,212.0,103.0,12.0,37.0,6.0,0.0,CM,0,,0,0,58.0,0,,statistical_fallback,Midfielder,CM,0.036,0.145,0.471,0.254,40.455,0.761,2.064,1.195,1.159,0.507,53.928,43.745,Lyon,1
135,Serie A,2025,505,Inter,1457,H. Mkhitaryan,Henrikh,Hamlet Mkhitaryan,36.0,Armenia,177,75,https://media.api-sports.io/football/players/1457.png,Midfielder,30.0,16.0,1556.0,6.97,4.0,1.0,31.0,14.0,997.0,23.0,88.0,33.0,4.0,14.0,29.0,12.0,169.0,74.0,17.0,28.0,5.0,0.0,CAM,0,CM,0,0,58.9,0,,statistical_fallback,Midfielder,CAM,0.231,0.058,1.793,0.81,57.667,1.33,1.909,0.81,1.677,0.694,45.176,41.383,Inter,1
39,Premier League,2025,42,Arsenal,1460,B. Saka,Bukayo Ayoyinka Temidayo,Saka,24.0,England,178,72,https://media.api-sports.io/football/players/1460.png,Attacker,31.0,25.0,2225.0,7.24,7.0,5.0,47.0,27.0,773.0,63.0,76.0,41.0,1.0,16.0,101.0,50.0,326.0,167.0,54.0,33.0,2.0,0.0,RW,24,CAM,1,25,96.0,0,RW:24 | CAM:1,lineup_history,Attacker,RW,0.283,0.202,1.901,1.092,31.267,2.548,1.658,0.647,4.085,2.022,57.443,49.498,Arsenal,1
140,La Liga,2025,542,Alaves,1461,Denis Suárez,Denis,Suárez Fernández,31.0,Spain,176,69,https://media.api-sports.io/football/players/1461.png,Midfielder,30.0,15.0,1432.0,6.71,1.0,2.0,6.0,4.0,797.0,22.0,85.0,22.0,3.0,7.0,54.0,25.0,187.0,77.0,26.0,20.0,6.0,0.0,W,0,CAM,0,0,58.3,0,,statistical_fallback,Midfielder,W,0.063,0.126,0.377,0.251,50.091,1.383,1.383,0.44,3.394,1.571,66.578,46.288,Alaves,1
39,Premier League,2025,34,Newcastle,1463,J. Willock,Joseph George,Willock,26.0,England,179,71,https://media.api-sports.io/football/players/1463.png,Midfielder,24.0,10.0,1020.0,6.52,0.0,2.0,14.0,6.0,360.0,14.0,84.0,19.0,2.0,9.0,17.0,7.0,115.0,47.0,11.0,16.0,3.0,0.0,CM,7,CAM,2,10,70.0,0,CM:7 | CAM:2 | CDM:1,lineup_history,Midfielder,CM,0.0,0.176,1.235,0.529,31.765,1.235,1.676,0.794,1.5,0.618,42.834,41.2,Newcastle,1
39,Premier League,2025,746,Sunderland,1464,G. Xhaka,Granit,Xhaka,33.0,Switzerland,186,80,https://media.api-sports.io/football/players/1464.png,Midfielder,34.0,32.0,2916.0,7.32,1.0,6.0,15.0,5.0,1806.0,34.0,83.0,50.0,20.0,29.0,24.0,11.0,257.0,155.0,42.0,23.0,8.0,0.0,CDM,20,CM,12,32,62.5,0,CDM:20 | CM:12,lineup_history,Midfielder,CDM,0.031,0.185,0.463,0.154,55.741,1.049,1.543,0.895,0.741,0.34,33.261,45.884,Sunderland,1
61,Ligue 1,2025,81,Marseille,1465,P. Aubameyang,Pierre-Emerick Emiliano Franço,Aubameyang,36.0,Gabon,187,80,https://media.api-sports.io/football/players/1465.png,Attacker,30.0,23.0,2046.0,6.94,10.0,5.0,53.0,34.0,443.0,26.0,81.0,8.0,,5.0,20.0,11.0,121.0,48.0,16.0,19.0,1.0,0.0,ST,0,,0,0,58.2,0,,statistical_fallback,Attacker,ST,0.44,0.22,2.331,1.496,19.487,1.144,0.352,0.22,0.88,0.484,64.178,55.0,Marseille,1
39,Premier League,2025,52,Crystal Palace,1468,E. Nketiah,Edward,Keddar Nketiah,26.0,England,175,72,https://media.api-sports.io/football/players/1468.png,Attacker,12.0,2.0,416.0,6.58,2.0,0.0,9.0,6.0,87.0,7.0,80.0,8.0,1.0,2.0,16.0,5.0,81.0,28.0,7.0,7.0,2.0,0.0,CAM,2,,0,2,100.0,0,CAM:2,lineup_history,Attacker,CAM,0.433,0.0,1.947,1.298,18.822,1.514,1.731,0.433,3.462,1.082,66.667,31.254,Crystal Palace,1
39,Premier League,2025,51,Brighton,1469,D. Welbeck,Daniel Nii,Tackie Mensah Welbeck,35.0,England,185,73,https://media.api-sports.io/football/players/1469.png,Attacker,37.0,26.0,2268.0,6.68,13.0,1.0,46.0,28.0,487.0,20.0,79.0,24.0,,9.0,27.0,11.0,178.0,64.0,10.0,30.0,5.0,0.0,ST,26,,0,26,100.0,0,ST:26,lineup_history,Attacker,ST,0.516,0.04,1.825,1.111,19.325,0.794,0.952,0.357,1.071,0.437,60.877,40.803,Brighton,1
140,La Liga,2025,532,Valencia,1482,Thierry Correia,Thierry,Rendall Correia,26.0,Portugal,176,69,https://media.api-sports.io/football/players/1482.png,Defender,24.0,17.0,1394.0,6.55,0.0,2.0,2.0,1.0,648.0,13.0,81.0,31.0,,17.0,16.0,8.0,152.0,78.0,25.0,28.0,5.0,0.0,FB,0,,0,0,62.8,0,,statistical_fallback,Defender,FB,0.0,0.129,0.129,0.065,41.836,0.839,2.001,1.098,1.033,0.516,50.388,49.952,Valencia,1
39,Premier League,2025,33,Manchester United,1485,Bruno Fernandes,Bruno Miguel,Borges Fernandes,31.0,Portugal,179,66,https://media.api-sports.io/football/players/1485.png,Midfielder,35.0,35.0,3066.0,7.63,9.0,21.0,55.0,24.0,1994.0,137.0,82.0,54.0,5.0,20.0,36.0,15.0,272.0,124.0,35.0,25.0,5.0,0.0,CAM,18,CM,17,35,51.4,0,CAM:18 | CM:17,lineup_history,Midfielder,CAM,0.264,0.616,1.614,0.705,58.532,4.022,1.585,0.587,1.057,0.44,43.68,41.627,Manchester United,1
140,La Liga,2025,536,Sevilla,1489,N. Gudelj,Nemanja,Gudelj,34.0,Serbia,187,79,https://media.api-sports.io/football/players/1489.png,Midfielder,34.0,26.0,2370.0,6.69,2.0,0.0,25.0,9.0,1106.0,7.0,88.0,35.0,18.0,25.0,11.0,5.0,186.0,94.0,11.0,40.0,9.0,0.0,CDM,0,CM,0,0,58.9,0,,statistical_fallback,Midfielder,CDM,0.076,0.0,0.949,0.342,42.0,0.266,1.329,0.949,0.418,0.19,36.038,45.455,Sevilla,1
140,La Liga,2025,529,Barcelona,1496,Raphinha,Raphael,Dias Belloli,29.0,Brazil,176,72,https://media.api-sports.io/football/players/1496.png,Midfielder,22.0,18.0,1388.0,7.55,13.0,3.0,49.0,24.0,639.0,43.0,81.0,15.0,1.0,5.0,41.0,21.0,109.0,49.0,10.0,10.0,5.0,0.0,W,0,CAM,0,0,56.4,0,,statistical_fallback,Midfielder,W,0.843,0.195,3.177,1.556,41.434,2.788,0.973,0.324,2.659,1.362,48.977,51.222,Barcelona,1
140,La Liga,2025,543,Real Betis,1557,Pau López,Pau,López Sabata,31.0,Spain,189,77,https://media.api-sports.io/football/players/1557.png,Goalkeeper,9.0,9.0,810.0,7.12,0.0,0.0,0.0,0.0,244.0,0.0,76.0,1.0,,0.0,0.0,0.0,6.0,5.0,2.0,,1.0,0.0,GK,0,,0,0,100.0,0,,statistical_fallback,Goalkeeper,GK,0.0,0.0,0.0,0.0,27.111,0.0,0.111,0.0,0.0,0.0,0.0,0.0,Real Betis,1
140,La Liga,2025,543,Real Betis,1561,Marc Bartra,Marc,Bartra Aregall,35.0,Spain,184,70,https://media.api-sports.io/football/players/1561.png,Defender,25.0,21.0,1984.0,6.96,1.0,0.0,14.0,5.0,1164.0,5.0,86.0,45.0,25.0,27.0,8.0,6.0,176.0,106.0,11.0,15.0,3.0,0.0,CB,0,,0,0,61.8,0,,statistical_fallback,Defender,CB,0.045,0.0,0.635,0.227,52.802,0.227,2.041,1.225,0.363,0.272,35.748,74.931,Real Betis,1
140,La Liga,2025,543,Real Betis,1564,Junior Firpo,Héctor Junior,Firpo Adames,29.0,Spain,184,78,https://media.api-sports.io/football/players/1564.png,Defender,12.0,10.0,832.0,6.56,0.0,1.0,3.0,0.0,383.0,8.0,84.0,24.0,1.0,10.0,8.0,4.0,85.0,50.0,8.0,11.0,2.0,0.0,FB,0,,0,0,60.6,0,,statistical_fallback,Defender,FB,0.0,0.108,0.325,0.0,41.43,0.865,2.596,1.082,0.865,0.433,0.0,50.058,Real Betis,1
61,Ligue 1,2025,79,Lille,1567,A. Mandi,Aïssa,Mandi,34.0,Algeria,184,78,https://media.api-sports.io/football/players/1567.png,Defender,29.0,28.0,2435.0,7.25,1.0,0.0,9.0,4.0,1902.0,10.0,91.0,33.0,15.0,44.0,6.0,4.0,143.0,96.0,17.0,17.0,8.0,0.0,CB,0,,0,0,61.3,0,,statistical_fallback,Defender,CB,0.037,0.0,0.333,0.148,70.3,0.37,1.22,1.626,0.222,0.148,44.444,66.667,Lille,1
140,La Liga,2025,543,Real Betis,1578,G. Lo Celso,Giovani,Lo Celso,29.0,Argentina,177,68,https://media.api-sports.io/football/players/1578.png,Midfielder,24.0,15.0,1396.0,7.01,2.0,3.0,20.0,11.0,865.0,33.0,87.0,19.0,,6.0,33.0,16.0,153.0,87.0,42.0,9.0,4.0,0.0,CAM,0,W,0,0,65.6,0,,statistical_fallback,Midfielder,CAM,0.129,0.193,1.289,0.709,55.766,2.128,1.225,0.387,2.128,1.032,55.004,48.496,Real Betis,1
39,Premier League,2025,39,Wolves,1590,José Sá,José Pedro,Malheiro de Sá,32.0,Portugal,192,84,https://media.api-sports.io/football/players/1590.png,Goalkeeper,23.0,23.0,2070.0,6.85,0.0,0.0,0.0,0.0,692.0,1.0,59.0,1.0,,0.0,0.0,0.0,23.0,22.0,6.0,,2.0,0.0,GK,23,,0,23,100.0,0,GK:23,lineup_history,Goalkeeper,GK,0.0,0.0,0.0,0.0,30.087,0.043,0.043,0.0,0.0,0.0,0.0,0.0,Wolves,1
135,Serie A,2025,497,AS Roma,1600,K. Tsimikas,Konstantinos,Tsimikas,29.0,Greece,179,77,https://media.api-sports.io/football/players/1600.png,Defender,18.0,6.0,644.0,6.61,0.0,0.0,4.0,0.0,265.0,4.0,80.0,11.0,2.0,8.0,10.0,6.0,63.0,30.0,8.0,9.0,1.0,0.0,FB,0,,0,0,59.5,0,,statistical_fallback,Defender,FB,0.0,0.0,0.559,0.0,37.034,0.559,1.537,1.118,1.398,0.839,0.0,60.014,AS Roma,1
39,Premier League,2025,50,Manchester City,1622,G. Donnarumma,Gianluigi,Donnarumma,26.0,Italy,196,90,https://media.api-sports.io/football/players/1622.png,Goalkeeper,34.0,34.0,3060.0,7.03,0.0,0.0,0.0,0.0,881.0,1.0,80.0,0.0,,1.0,2.0,2.0,24.0,22.0,4.0,,8.0,0.0,GK,34,,0,34,100.0,0,GK:34,lineup_history,Goalkeeper,GK,0.0,0.0,0.0,0.0,25.912,0.029,0.0,0.029,0.059,0.059,0.0,100.0,Manchester City,1
140,La Liga,2025,543,Real Betis,1631,R. Rodríguez,Ricardo Iván,Rodríguez Araya,33.0,Switzerland,182,83,https://media.api-sports.io/football/players/1631.png,Defender,23.0,18.0,1561.0,6.67,0.0,1.0,2.0,0.0,635.0,7.0,84.0,24.0,3.0,8.0,2.0,1.0,89.0,46.0,5.0,11.0,0.0,0.0,CB,0,,0,0,59.8,0,,statistical_fallback,Defender,CB,0.0,0.058,0.115,0.0,36.611,0.404,1.384,0.461,0.115,0.058,0.0,50.435,Real Betis,1
135,Serie A,2025,487,Lazio,1632,A. Romagnoli,Alessio,Romagnoli,30.0,Italy,185,75,https://media.api-sports.io/football/players/1632.png,Defender,32.0,31.0,2667.0,6.97,0.0,0.0,9.0,4.0,2001.0,3.0,93.0,23.0,20.0,32.0,1.0,1.0,169.0,101.0,15.0,18.0,6.0,1.0,CB,0,,0,0,62.9,0,,statistical_fallback,Defender,CB,0.0,0.0,0.304,0.135,67.525,0.101,0.776,1.08,0.034,0.034,44.408,100.0,Lazio,1
135,Serie A,2025,502,Fiorentina,1639,M. Brescianini,Marco,Brescianini,25.0,Italy,188,80,https://media.api-sports.io/football/players/1639.png,Midfielder,17.0,10.0,866.0,6.64,1.0,1.0,6.0,2.0,304.0,8.0,81.0,5.0,3.0,0.0,10.0,7.0,77.0,28.0,9.0,13.0,1.0,0.0,CM,0,,0,0,58.0,0,,statistical_fallback,Midfielder,CM,0.104,0.104,0.624,0.208,31.594,0.831,0.52,0.0,1.039,0.727,33.333,69.971,Fiorentina,1
135,Serie A,2025,505,Inter,1640,H. Çalhanoğlu,Hakan,Çalhanoğlu,31.0,Türkiye,178,76,https://media.api-sports.io/football/players/1640.png,Midfielder,22.0,20.0,1650.0,7.51,9.0,4.0,37.0,17.0,1393.0,41.0,90.0,34.0,6.0,16.0,15.0,5.0,125.0,63.0,11.0,28.0,7.0,0.0,CAM,0,CM,0,0,62.7,0,,statistical_fallback,Midfielder,CAM,0.491,0.218,2.018,0.927,75.982,2.236,1.855,0.873,0.818,0.273,45.937,33.374,Inter,1
39,Premier League,2025,48,West Ham,1646,Lucas Paquetá,Lucas,Tolentino Coelho de Lima,28.0,Brazil,180,72,https://media.api-sports.io/football/players/1646.png,Attacker,18.0,18.0,1521.0,6.89,4.0,1.0,17.0,11.0,788.0,23.0,77.0,39.0,6.0,8.0,42.0,16.0,264.0,123.0,30.0,28.0,6.0,0.0,CAM,9,CM,5,18,50.0,0,CAM:9 | CM:5 | ST:3 | LW:1,lineup_history,Attacker,CAM,0.237,0.059,1.006,0.651,46.627,1.361,2.308,0.473,2.485,0.947,64.712,38.109,West Ham,1
135,Serie A,2025,523,Parma,1649,P. Cutrone,Patrick,Cutrone,27.0,Italy,183,75,https://media.api-sports.io/football/players/1649.png,Attacker,15.0,11.0,891.0,6.46,1.0,0.0,17.0,7.0,175.0,3.0,65.0,6.0,2.0,3.0,12.0,4.0,79.0,35.0,16.0,7.0,0.0,0.0,ST,0,,0,0,59.2,0,,statistical_fallback,Attacker,ST,0.101,0.0,1.717,0.707,17.677,0.303,0.606,0.303,1.212,0.404,41.176,33.333,Parma,1
78,Bundesliga,2025,186,FC St. Pauli,1672,D. Sinani,Danel,Sinani,28.0,Luxembourg,185,70,https://media.api-sports.io/football/players/1672.png,Attacker,30.0,23.0,2068.0,6.72,5.0,3.0,34.0,18.0,954.0,47.0,74.0,25.0,1.0,7.0,31.0,12.0,217.0,75.0,27.0,39.0,4.0,0.0,ST,0,W,0,0,58.1,0,,statistical_fallback,Attacker,ST,0.218,0.131,1.48,0.783,41.518,2.045,1.088,0.305,1.349,0.522,52.905,38.695,FC St. Pauli,1
140,La Liga,2025,718,Oviedo,1695,Santi Cazorla,Santiago,Cazorla González,41.0,Spain,168,65,https://media.api-sports.io/football/players/1695.png,Midfielder,28.0,6.0,940.0,6.76,0.0,1.0,6.0,1.0,542.0,27.0,86.0,18.0,3.0,4.0,21.0,13.0,95.0,56.0,19.0,6.0,2.0,1.0,CM,0,,0,0,58.0,0,,statistical_fallback,Midfielder,CM,0.0,0.096,0.574,0.096,51.894,2.585,1.723,0.383,2.011,1.245,16.725,61.909,Oviedo,1
39,Premier League,2025,36,Fulham,1696,S. Chukwueze,Samuel Chimerenka,Chukwueze,26.0,Nigeria,172,70,https://media.api-sports.io/football/players/1696.png,Attacker,23.0,10.0,1075.0,6.89,3.0,4.0,17.0,7.0,412.0,24.0,74.0,6.0,1.0,6.0,39.0,18.0,100.0,43.0,12.0,5.0,0.0,0.0,LW,9,RW,1,10,90.0,0,LW:9 | RW:1,lineup_history,Attacker,LW,0.251,0.335,1.423,0.586,34.493,2.009,0.502,0.502,3.265,1.507,41.181,46.156,Fulham,1
140,La Liga,2025,543,Real Betis,1697,Pablo Fornals,Pablo,Fornals Malla,29.0,Spain,178,67,https://media.api-sports.io/football/players/1697.png,Midfielder,37.0,34.0,2865.0,7.13,9.0,6.0,28.0,18.0,1798.0,86.0,86.0,40.0,3.0,34.0,47.0,25.0,266.0,105.0,26.0,32.0,2.0,0.0,CAM,0,CM,0,0,62.8,0,,statistical_fallback,Midfielder,CAM,0.283,0.188,0.88,0.565,56.482,2.702,1.257,1.068,1.476,0.785,64.205,53.184,Real Betis,1
140,La Liga,2025,547,Girona,1700,Iván Martín,Iván,Martín Núñez,26.0,Spain,178,70,https://media.api-sports.io/football/players/1700.png,Midfielder,35.0,29.0,2538.0,6.86,0.0,1.0,9.0,5.0,1407.0,25.0,89.0,61.0,4.0,16.0,49.0,30.0,268.0,143.0,31.0,30.0,4.0,0.0,CDM,0,CM,0,0,58.8,0,,statistical_fallback,Midfielder,CDM,0.0,0.035,0.319,0.177,49.894,0.887,2.163,0.567,1.738,1.064,55.486,61.22,Girona,1
140,La Liga,2025,798,Mallorca,1701,Manu Morlanes,Manuel,Morlanes Ariño,26.0,Spain,178,75,https://media.api-sports.io/football/players/1701.png,Midfielder,32.0,22.0,1789.0,6.82,3.0,0.0,9.0,4.0,948.0,17.0,89.0,56.0,1.0,19.0,12.0,8.0,174.0,88.0,12.0,28.0,4.0,0.0,CDM,0,CM,0,0,60.7,0,,statistical_fallback,Midfielder,CDM,0.151,0.0,0.453,0.201,47.691,0.855,2.817,0.956,0.604,0.402,44.371,66.556,Mallorca,1
140,La Liga,2025,533,Villarreal,1702,Pedraza,Alfonso,Pedraza Sag,29.0,Spain,184,73,https://media.api-sports.io/football/players/1702.png,Defender,27.0,19.0,1690.0,6.73,1.0,3.0,8.0,3.0,604.0,21.0,78.0,41.0,6.0,29.0,33.0,20.0,164.0,87.0,23.0,27.0,8.0,0.0,FB,0,,0,0,63.0,0,,statistical_fallback,Defender,FB,0.053,0.16,0.426,0.16,32.166,1.118,2.183,1.544,1.757,1.065,37.559,60.615,Villarreal,1
140,La Liga,2025,728,Rayo Vallecano,1703,A. Rațiu,Andrei Florin,Rațiu,27.0,Romania,183,75,https://media.api-sports.io/football/players/1703.png,Defender,35.0,31.0,2810.0,6.95,0.0,4.0,26.0,9.0,1319.0,43.0,82.0,70.0,7.0,38.0,117.0,63.0,349.0,174.0,21.0,22.0,9.0,0.0,FB,0,,0,0,63.2,0,,statistical_fallback,Defender,FB,0.0,0.128,0.833,0.288,42.246,1.377,2.242,1.217,3.747,2.018,34.574,53.856,Rayo Vallecano,1
140,La Liga,2025,533,Villarreal,1707,Gerard Moreno,Gerard,Moreno Balagueró,33.0,Spain,180,77,https://media.api-sports.io/football/players/1707.png,Attacker,22.0,16.0,1350.0,7.15,10.0,0.0,27.0,16.0,567.0,23.0,79.0,15.0,1.0,4.0,30.0,16.0,147.0,66.0,16.0,14.0,0.0,0.0,ST,0,,0,0,58.4,0,,statistical_fallback,Attacker,ST,0.667,0.0,1.8,1.067,37.8,1.533,1.0,0.267,2.0,1.067,59.278,53.35,Villarreal,1
39,Premier League,2025,44,Burnley,1746,J. Worrall,Joseph Adrian,Worrall,29.0,England,193,64,https://media.api-sports.io/football/players/1746.png,Defender,11.0,5.0,517.0,6.52,0.0,0.0,1.0,0.0,155.0,0.0,80.0,4.0,7.0,5.0,0.0,0.0,52.0,25.0,1.0,4.0,0.0,0.0,CB,5,,0,5,100.0,0,CB:5,lineup_history,Defender,CB,0.0,0.0,0.174,0.0,26.983,0.0,0.696,0.87,0.0,0.0,0.0,0.0,Burnley,1
135,Serie A,2025,867,Lecce,1748,L. Coulibaly,Lassana,Coulibaly,29.0,Mali,183,77,https://media.api-sports.io/football/players/1748.png,Midfielder,33.0,31.0,2695.0,6.75,3.0,1.0,23.0,8.0,781.0,21.0,81.0,48.0,6.0,8.0,42.0,24.0,301.0,159.0,52.0,36.0,4.0,0.0,CM,0,,0,0,58.0,0,,statistical_fallback,Midfielder,CM,0.1,0.033,0.768,0.267,26.082,0.701,1.603,0.267,1.403,0.801,34.766,57.092,Lecce,1
78,Bundesliga,2025,182,Union Berlin,1798,F. Rønnow,Frederik,Riis Rønnow,33.0,Denmark,188,81,https://media.api-sports.io/football/players/1798.png,Goalkeeper,30.0,30.0,2641.0,6.76,0.0,0.0,0.0,0.0,929.0,2.0,55.0,1.0,,1.0,0.0,0.0,16.0,11.0,3.0,1.0,2.0,0.0,GK,0,,0,0,100.0,0,,statistical_fallback,Goalkeeper,GK,0.0,0.0,0.0,0.0,31.658,0.068,0.034,0.034,0.0,0.0,0.0,0.0,Union Berlin,1
61,Ligue 1,2025,114,Paris FC,1800,K. Trapp,Kevin Christian,Trapp,35.0,Germany,189,84,https://media.api-sports.io/football/players/1800.png,Goalkeeper,22.0,22.0,1980.0,6.93,0.0,0.0,0.0,0.0,813.0,0.0,69.0,0.0,,1.0,0.0,0.0,7.0,7.0,5.0,,2.0,0.0,GK,0,,0,0,100.0,0,,statistical_fallback,Goalkeeper,GK,0.0,0.0,0.0,0.0,36.955,0.0,0.0,0.045,0.0,0.0,0.0,0.0,Paris FC,1
135,Serie A,2025,497,AS Roma,1807,E. Ndicka,Obite Evan,Ndicka,26.0,Côte d'Ivoire,192,82,https://media.api-sports.io/football/players/1807.png,Defender,31.0,31.0,2683.0,6.97,3.0,0.0,21.0,6.0,1634.0,6.0,90.0,24.0,12.0,49.0,9.0,4.0,237.0,139.0,35.0,32.0,5.0,0.0,CB,0,,0,0,62.0,0,,statistical_fallback,Defender,CB,0.101,0.0,0.704,0.201,54.812,0.201,0.805,1.644,0.302,0.134,28.551,44.371,AS Roma,1
78,Bundesliga,2025,164,FSV Mainz 05,1812,D. da Costa,Danny,Vieira da Costa,32.0,Germany,187,87,https://media.api-sports.io/football/players/1812.png,Defender,34.0,30.0,2697.0,6.82,2.0,3.0,10.0,5.0,1145.0,16.0,75.0,43.0,16.0,30.0,24.0,15.0,228.0,131.0,24.0,22.0,3.0,0.0,FB,0,,0,0,60.0,0,,statistical_fallback,Defender,FB,0.067,0.1,0.334,0.167,38.209,0.534,1.435,1.001,0.801,0.501,50.0,62.547,FSV Mainz 05,1
135,Serie A,2025,496,Juventus,1821,F. Kostić,Filip,Kostić,33.0,Serbia,184,81,https://media.api-sports.io/football/players/1821.png,Midfielder,18.0,4.0,490.0,6.86,3.0,1.0,6.0,4.0,229.0,10.0,82.0,17.0,,4.0,8.0,4.0,56.0,30.0,5.0,8.0,1.0,0.0,CAM,0,CM,0,0,60.4,0,,statistical_fallback,Midfielder,CAM,0.551,0.184,1.102,0.735,42.061,1.837,3.122,0.735,1.469,0.735,66.697,50.034,Juventus,1
140,La Liga,2025,727,Osasuna,1825,Lucas Torró,Lucas,Torró Marset,31.0,Spain,190,77,https://media.api-sports.io/football/players/1825.png,Midfielder,34.0,31.0,2307.0,6.74,0.0,1.0,25.0,8.0,993.0,15.0,74.0,38.0,8.0,29.0,13.0,9.0,286.0,180.0,28.0,40.0,6.0,0.0,CDM,0,CM,0,0,59.5,0,,statistical_fallback,Midfielder,CDM,0.0,0.039,0.975,0.312,38.739,0.585,1.482,1.131,0.507,0.351,32.0,69.231,Osasuna,1
135,Serie A,2025,505,Inter,1836,F. Acerbi,Francesco,Acerbi,37.0,Italy,192,88,https://media.api-sports.io/football/players/1836.png,Defender,18.0,15.0,1387.0,6.96,0.0,1.0,3.0,1.0,979.0,5.0,94.0,10.0,16.0,18.0,2.0,1.0,107.0,69.0,13.0,17.0,3.0,0.0,CB,0,,0,0,61.3,0,,statistical_fallback,Defender,CB,0.0,0.065,0.195,0.065,63.526,0.324,0.649,1.168,0.13,0.065,33.333,50.0,Inter,1
135,Serie A,2025,487,Lazio,1841,Patric,Patricio,Gabarrón Gil,32.0,Spain,184,72,https://media.api-sports.io/football/players/1841.png,Defender,14.0,6.0,682.0,6.79,0.0,0.0,2.0,0.0,571.0,2.0,91.0,2.0,6.0,4.0,2.0,2.0,30.0,17.0,2.0,4.0,2.0,0.0,CB,0,,0,0,57.5,0,,statistical_fallback,Defender,CB,0.0,0.0,0.264,0.0,75.352,0.264,0.264,0.528,0.264,0.264,0.0,100.0,Lazio,1
135,Serie A,2025,487,Lazio,1844,A. Marušić,Adam,Marušić,33.0,Montenegro,185,76,https://media.api-sports.io/football/players/1844.png,Defender,33.0,32.0,2783.0,6.66,1.0,2.0,13.0,7.0,1534.0,9.0,87.0,35.0,12.0,33.0,20.0,6.0,174.0,89.0,18.0,22.0,1.0,1.0,FB,0,,0,0,57.5,0,,statistical_fallback,Defender,FB,0.032,0.065,0.42,0.226,49.608,0.291,1.132,1.067,0.647,0.194,53.81,29.985,Lazio,1
140,La Liga,2025,728,Rayo Vallecano,1847,Luiz Felipe,Luiz Felipe,Ramos Marchi,28.0,Italy,187,80,https://media.api-sports.io/football/players/1847.png,Defender,10.0,7.0,491.0,6.67,0.0,0.0,2.0,1.0,254.0,1.0,90.0,13.0,3.0,8.0,0.0,0.0,38.0,21.0,1.0,5.0,1.0,0.0,CB,0,,0,0,64.3,0,,statistical_fallback,Defender,CB,0.0,0.0,0.367,0.183,46.558,0.183,2.383,1.466,0.0,0.0,49.864,0.0,Rayo Vallecano,1
135,Serie A,2025,487,Lazio,1852,D. Cataldi,Danilo,Cataldi,31.0,Italy,180,70,https://media.api-sports.io/football/players/1852.png,Midfielder,27.0,24.0,1993.0,6.88,3.0,3.0,20.0,7.0,1098.0,23.0,85.0,34.0,9.0,21.0,15.0,6.0,117.0,64.0,12.0,22.0,6.0,0.0,CM,0,,0,0,58.0,0,,statistical_fallback,Midfielder,CM,0.135,0.135,0.903,0.316,49.584,1.039,1.535,0.948,0.677,0.271,34.994,40.03,Lazio,1
61,Ligue 1,2025,114,Paris FC,1863,C. Immobile,Ciro,Immobile,35.0,Italy,185,78,https://media.api-sports.io/football/players/1863.png,Attacker,12.0,9.0,711.0,6.66,2.0,2.0,12.0,5.0,156.0,9.0,69.0,0.0,2.0,1.0,5.0,3.0,54.0,18.0,6.0,8.0,2.0,0.0,ST,0,W,0,0,57.1,0,,statistical_fallback,Attacker,ST,0.253,0.253,1.519,0.633,19.747,1.139,0.0,0.127,0.633,0.38,41.672,60.032,Paris FC,1
39,Premier League,2025,49,Chelsea,1864,Pedro Neto,Pedro,Lomba Neto,25.0,Portugal,174,62,https://media.api-sports.io/football/players/1864.png,Midfielder,34.0,30.0,2643.0,6.97,5.0,6.0,24.0,13.0,931.0,55.0,87.0,19.0,,6.0,104.0,47.0,247.0,100.0,25.0,16.0,3.0,0.0,RW,16,LW,12,30,53.3,0,RW:16 | LW:12 | RM:1 | ST:1,lineup_history,Midfielder,RW,0.17,0.204,0.817,0.443,31.703,1.873,0.647,0.204,3.541,1.6,54.223,45.185,Chelsea,1
140,La Liga,2025,548,Real Sociedad,1902,D. Ćaleta-Car,Duje,Ćaleta-Car,29.0,Croatia,192,89,https://media.api-sports.io/football/players/1902.png,Defender,27.0,24.0,2152.0,6.81,1.0,0.0,9.0,3.0,1359.0,3.0,90.0,24.0,26.0,27.0,0.0,0.0,198.0,114.0,8.0,30.0,6.0,1.0,CB,0,,0,0,67.6,0,,statistical_fallback,Defender,CB,0.042,0.0,0.376,0.125,56.836,0.125,1.004,1.129,0.0,0.0,33.245,0.0,Real Sociedad,1
39,Premier League,2025,66,Aston Villa,1904,B. Kamara,Boubacar Bernard,Kamara,26.0,France,184,68,https://media.api-sports.io/football/players/1904.png,Midfielder,18.0,17.0,1418.0,7.11,1.0,3.0,4.0,4.0,818.0,15.0,88.0,37.0,8.0,18.0,31.0,14.0,204.0,116.0,30.0,17.0,5.0,0.0,CDM,14,CM,3,17,82.4,0,CDM:14 | CM:3,lineup_history,Midfielder,CDM,0.063,0.19,0.254,0.254,51.918,0.952,2.348,1.142,1.968,0.889,100.0,45.173,Aston Villa,1
61,Ligue 1,2025,114,Paris FC,1910,M. Lopez,Maxime,Baila Lopez,28.0,France,167,58,https://media.api-sports.io/football/players/1910.png,Midfielder,26.0,22.0,1960.0,6.85,0.0,3.0,8.0,6.0,1706.0,43.0,89.0,23.0,3.0,11.0,25.0,9.0,114.0,42.0,8.0,26.0,11.0,0.0,CAM,0,CM,0,0,61.4,0,,statistical_fallback,Midfielder,CAM,0.0,0.138,0.367,0.276,78.337,1.974,1.056,0.505,1.148,0.413,75.204,35.976,Paris FC,1
61,Ligue 1,2025,84,Nice,1914,M. Sanson,Morgan Stéphane,Sanson,31.0,France,180,73,https://media.api-sports.io/football/players/1914.png,Midfielder,33.0,22.0,1955.0,6.6,0.0,2.0,13.0,4.0,722.0,12.0,81.0,36.0,10.0,27.0,48.0,24.0,224.0,100.0,24.0,39.0,4.0,0.0,CDM,0,CM,0,0,60.3,0,,statistical_fallback,Midfielder,CDM,0.0,0.092,0.598,0.184,33.238,0.552,1.657,1.243,2.21,1.105,30.769,50.0,Nice,1
61,Ligue 1,2025,112,Metz,1915,B. Sarr,Bouna Junior,Sarr,32.0,Senegal,177 cm,69 kg,https://media.api-sports.io/football/players/1915.png,Defender,12.0,10.0,897.0,6.6,0.0,0.0,11.0,3.0,354.0,8.0,89.0,23.0,6.0,11.0,32.0,11.0,117.0,62.0,20.0,12.0,1.0,0.0,FB,0,,0,0,57.6,0,,statistical_fallback,Defender,FB,0.0,0.0,1.104,0.301,35.518,0.803,2.308,1.104,3.211,1.104,27.264,34.382,Metz,1
61,Ligue 1,2025,116,Lens,1922,F. Thauvin,Florian Tristán Mariano,Thauvin,32.0,France,179,70,https://media.api-sports.io/football/players/1922.png,Attacker,33.0,29.0,2460.0,7.23,11.0,6.0,56.0,27.0,1133.0,80.0,78.0,25.0,2.0,10.0,116.0,50.0,297.0,120.0,34.0,19.0,6.0,0.0,W,0,,0,0,59.9,0,,statistical_fallback,Attacker,W,0.402,0.22,2.049,0.988,41.451,2.927,0.915,0.366,4.244,1.829,48.219,43.096,Lens,1
78,Bundesliga,2025,173,RB Leipzig,1924,M. Vandevoordt,Maarten,Vandevoordt,23.0,Belgium,192,80,https://media.api-sports.io/football/players/1924.png,Goalkeeper,12.0,11.0,1051.0,7.03,0.0,0.0,0.0,0.0,421.0,0.0,72.0,0.0,,0.0,1.0,1.0,7.0,7.0,1.0,,0.0,0.0,GK,0,,0,0,100.0,0,,statistical_fallback,Goalkeeper,GK,0.0,0.0,0.0,0.0,36.051,0.0,0.0,0.0,0.086,0.086,0.0,100.0,RB Leipzig,1
140,La Liga,2025,538,Celta Vigo,1926,J. Aidoo,Joseph,Aidoo,30.0,Ghana,184,80,https://media.api-sports.io/football/players/1926.png,Defender,8.0,7.0,639.0,6.38,0.0,0.0,2.0,0.0,391.0,0.0,93.0,7.0,2.0,9.0,1.0,1.0,39.0,21.0,1.0,5.0,0.0,0.0,CB,0,,0,0,60.7,0,,statistical_fallback,Defender,CB,0.0,0.0,0.282,0.0,55.07,0.0,0.986,1.268,0.141,0.141,0.0,100.0,Celta Vigo,1
135,Serie A,2025,500,Bologna,1929,J. Lucumí,Jhon Janer,Lucumí Bonilla,27.0,Colombia,187,84,https://media.api-sports.io/football/players/1929.png,Defender,29.0,26.0,2300.0,7.0,1.0,0.0,7.0,2.0,1620.0,7.0,89.0,41.0,14.0,32.0,5.0,5.0,181.0,107.0,19.0,23.0,5.0,0.0,CB,0,,0,0,61.2,0,,statistical_fallback,Defender,CB,0.039,0.0,0.274,0.078,63.391,0.274,1.604,1.252,0.196,0.196,28.467,100.0,Bologna,1
78,Bundesliga,2025,161,VfL Wolfsburg,1930,J. Mæhle,Joakim,Mæhle Pedersen,28.0,Denmark,185,79,https://media.api-sports.io/football/players/1930.png,Defender,18.0,16.0,1335.0,6.54,1.0,2.0,10.0,4.0,553.0,15.0,82.0,37.0,,21.0,38.0,9.0,138.0,64.0,7.0,9.0,2.0,0.0,FB,0,,0,0,64.8,0,,statistical_fallback,Defender,FB,0.067,0.135,0.674,0.27,37.281,1.011,2.494,1.416,2.562,0.607,40.059,23.692,VfL Wolfsburg,1
39,Premier League,2025,36,Fulham,1934,S. Berge,Sander Gard,Bolin Berge,27.0,Norway,195,96,https://media.api-sports.io/football/players/1934.png,Midfielder,35.0,34.0,2920.0,6.89,0.0,1.0,8.0,3.0,1727.0,21.0,89.0,58.0,16.0,25.0,22.0,10.0,240.0,132.0,14.0,35.0,5.0,0.0,CDM,32,CM,2,34,94.1,0,CDM:32 | CM:2,lineup_history,Midfielder,CDM,0.0,0.031,0.247,0.092,53.229,0.647,1.788,0.771,0.678,0.308,37.247,45.428,Fulham,1
135,Serie A,2025,495,Genoa,1938,R. Malinovskyi,Ruslan,Malinovskyi,32.0,Ukraine,181,79,https://media.api-sports.io/football/players/1938.png,Midfielder,34.0,28.0,2250.0,6.91,6.0,3.0,43.0,15.0,1218.0,39.0,82.0,30.0,5.0,15.0,20.0,11.0,235.0,102.0,26.0,36.0,10.0,0.0,CAM,0,CM,0,0,62.7,0,,statistical_fallback,Midfielder,CAM,0.24,0.12,1.72,0.6,48.72,1.56,1.2,0.6,0.8,0.44,34.884,55.0,Genoa,1
135,Serie A,2025,494,Udinese,1939,J. Piotrowski,Jakub,Piotrowski,28.0,Poland,188,79,https://media.api-sports.io/football/players/1939.png,Midfielder,33.0,20.0,1697.0,6.67,1.0,1.0,22.0,9.0,553.0,12.0,82.0,45.0,8.0,17.0,29.0,13.0,199.0,109.0,29.0,29.0,2.0,0.0,CDM,0,CM,0,0,59.2,0,,statistical_fallback,Midfielder,CDM,0.053,0.053,1.167,0.477,29.328,0.636,2.387,0.902,1.538,0.689,40.874,44.798,Udinese,1
61,Ligue 1,2025,111,Le Havre,1945,M. Samatta,Mbwana Ally,Samatta,33.0,Tanzania,183,77,https://media.api-sports.io/football/players/1945.png,Attacker,27.0,17.0,1550.0,6.51,2.0,1.0,35.0,16.0,264.0,18.0,72.0,11.0,,4.0,26.0,12.0,218.0,81.0,20.0,35.0,4.0,0.0,ST,0,,0,0,56.8,0,,statistical_fallback,Attacker,ST,0.116,0.058,2.032,0.929,15.329,1.045,0.639,0.232,1.51,0.697,45.719,46.159,Le Havre,1
39,Premier League,2025,42,Arsenal,1946,L. Trossard,Leandro,Trossard,31.0,Belgium,172,61,https://media.api-sports.io/football/players/1946.png,Attacker,31.0,21.0,2006.0,6.96,6.0,6.0,35.0,15.0,757.0,36.0,77.0,27.0,3.0,9.0,56.0,25.0,209.0,96.0,39.0,13.0,2.0,0.0,LW,21,,0,21,100.0,0,LW:21,lineup_history,Attacker,LW,0.269,0.269,1.57,0.673,33.963,1.615,1.211,0.404,2.512,1.122,42.866,44.666,Arsenal,1
39,Premier League,2025,39,Crystal Palace | Wolves,2032,J. Strand Larsen,Jørgen,Strand Larsen,25.0,Norway,193,79,https://media.api-sports.io/football/players/2032.png,Attacker,22.0,14.0,2316.0,6.421,1.0,1.0,16.0,7.0,260.0,7.0,65.0,6.0,5.0,3.0,12.0,5.0,190.0,65.0,11.0,31.0,2.0,0.0,ST,26,,0,26,100.0,0,ST:26,lineup_history,Attacker,ST,0.155,0.039,1.321,0.544,19.158,0.388,0.349,0.155,1.049,0.427,41.173,40.724,Crystal Palace | Wolves,2
135,Serie A,2025,520,Cremonese,2057,F. Vázquez,Franco Damián,Vázquez,36.0,Argentina,187,82,https://media.api-sports.io/football/players/2057.png,Attacker,15.0,4.0,529.0,6.79,1.0,2.0,10.0,4.0,198.0,10.0,78.0,19.0,1.0,4.0,12.0,5.0,104.0,48.0,16.0,9.0,1.0,0.0,ST,0,W,0,0,57.3,0,,statistical_fallback,Attacker,ST,0.17,0.34,1.701,0.681,33.686,1.701,3.233,0.681,2.042,0.851,40.035,41.675,Cremonese,1
140,La Liga,2025,547,Girona,2061,Bryan Gil,Bryan,Gil Salvatierra,24.0,Spain,175,60,https://media.api-sports.io/football/players/2061.png,Attacker,29.0,20.0,1597.0,6.52,0.0,3.0,15.0,7.0,517.0,21.0,83.0,31.0,1.0,9.0,81.0,33.0,250.0,105.0,37.0,20.0,6.0,0.0,W,0,,0,0,65.0,0,,statistical_fallback,Attacker,W,0.0,0.169,0.845,0.394,29.136,1.183,1.747,0.507,4.565,1.86,46.627,40.745,Girona,1
140,La Liga,2025,797,Elche,2063,André Silva,André Miguel,Valente da Silva,30.0,Portugal,185,84,https://media.api-sports.io/football/players/2063.png,Forward,30.0,28.0,1845.0,6.755,10.0,0.0,42.0,29.0,492.0,22.0,,14.0,1.0,5.0,34.0,14.0,222.0,83.0,32.0,24.0,3.0,0.0,W,0,ST,0,0,58.5,0,,statistical_fallback,Forward,W,0.488,0.0,2.049,1.415,24.0,1.073,0.683,0.244,1.659,0.683,69.058,41.169,Elche,1
61,Ligue 1,2025,85,Paris Saint Germain,2068,M. Safonov,Matvey,Safonov,26.0,Russia,192,82,https://media.api-sports.io/football/players/2068.png,Goalkeeper,15.0,15.0,1350.0,7.23,0.0,0.0,0.0,0.0,363.0,2.0,81.0,0.0,,0.0,0.0,0.0,5.0,5.0,1.0,,0.0,0.0,GK,0,,0,0,100.0,0,,statistical_fallback,Goalkeeper,GK,0.0,0.0,0.0,0.0,24.2,0.133,0.0,0.0,0.0,0.0,0.0,0.0,Paris Saint Germain,1
39,Premier League,2025,45,Everton,2165,V. Mykolenko,Vitalii,Mykolenko,26.0,Ukraine,180,71,https://media.api-sports.io/football/players/2165.png,Defender,33.0,33.0,2972.0,6.7,0.0,1.0,6.0,2.0,1188.0,23.0,79.0,51.0,9.0,30.0,30.0,10.0,263.0,139.0,28.0,29.0,6.0,0.0,LB,33,,0,33,100.0,0,LB:33,lineup_history,Defender,LB,0.0,0.03,0.182,0.061,35.976,0.697,1.544,0.908,0.908,0.303,33.516,33.37,Everton,1
61,Ligue 1,2025,112,Metz,2181,G. Tsitaishvili,Giorgi,Tsitaishvili,25.0,Georgia,171,63,https://media.api-sports.io/football/players/2181.png,Defender,33.0,28.0,2457.0,6.77,3.0,2.0,22.0,8.0,737.0,45.0,78.0,19.0,3.0,13.0,85.0,42.0,207.0,104.0,36.0,23.0,3.0,0.0,FB,0,,0,0,68.0,0,,statistical_fallback,Defender,FB,0.11,0.073,0.806,0.293,26.996,1.648,0.696,0.476,3.114,1.538,36.352,49.39,Metz,1
140,La Liga,2025,547,Girona,2182,V. Tsygankov,Viktor,Tsygankov,28.0,Ukraine,178,73,https://media.api-sports.io/football/players/2182.png,Attacker,32.0,31.0,2641.0,6.85,6.0,5.0,39.0,21.0,1003.0,56.0,82.0,31.0,4.0,20.0,54.0,26.0,251.0,123.0,35.0,22.0,3.0,0.0,ST,0,W,0,0,59.8,0,,statistical_fallback,Attacker,ST,0.204,0.17,1.329,0.716,34.18,1.908,1.056,0.682,1.84,0.886,53.875,48.152,Girona,1
78,Bundesliga,2025,165,Borussia Dortmund,2194,R. Bensebaïni,Amir Selmane Ramy,Bensebaïni,30.0,Algeria,187,82,https://media.api-sports.io/football/players/2194.png,Defender,21.0,15.0,1529.0,7.44,5.0,2.0,13.0,7.0,1168.0,10.0,87.0,28.0,8.0,18.0,7.0,4.0,157.0,87.0,16.0,31.0,6.0,0.0,CB,0,,0,0,55.6,0,,statistical_fallback,Defender,CB,0.294,0.118,0.765,0.412,68.751,0.589,1.648,1.06,0.412,0.235,53.856,57.039,Borussia Dortmund,1
78,Bundesliga,2025,157,Bayern München,2195,S. Boey,Sacha,Boey,25.0,France,178,70,https://media.api-sports.io/football/players/2195.png,Defender,9.0,5.0,462.0,6.47,0.0,0.0,2.0,0.0,293.0,4.0,86.0,6.0,,5.0,9.0,1.0,48.0,20.0,8.0,10.0,1.0,0.0,FB,0,,0,0,58.8,0,,statistical_fallback,Defender,FB,0.0,0.0,0.39,0.0,57.078,0.779,1.169,0.974,1.753,0.195,0.0,11.124,Bayern München,1
61,Ligue 1,2025,114,Paris FC,2202,H. Traoré,Hamari,Traoré,33.0,Mali,175,64,https://media.api-sports.io/football/players/2202.png,Defender,18.0,14.0,1158.0,6.63,0.0,1.0,1.0,0.0,602.0,9.0,83.0,30.0,1.0,17.0,3.0,1.0,98.0,54.0,6.0,21.0,4.0,0.0,FB,0,,0,0,56.1,0,,statistical_fallback,Defender,FB,0.0,0.078,0.078,0.0,46.788,0.699,2.332,1.321,0.233,0.078,0.0,33.476,Paris FC,1
61,Ligue 1,2025,79,Lille,2204,B. André,Benjamin Michel Édouard,André,35.0,France,180,76,https://media.api-sports.io/football/players/2204.png,Midfielder,27.0,26.0,2333.0,7.12,2.0,2.0,19.0,6.0,1429.0,23.0,83.0,66.0,5.0,33.0,23.0,14.0,361.0,207.0,44.0,35.0,9.0,0.0,CDM,0,CM,0,0,61.3,0,,statistical_fallback,Midfielder,CDM,0.077,0.077,0.733,0.231,55.126,0.887,2.546,1.273,0.887,0.54,31.514,60.879,Lille,1
140,La Liga,2025,541,Real Madrid,2207,E. Camavinga,Eduardo,Celmi Camavinga,23.0,France,182,68,https://media.api-sports.io/football/players/2207.png,Midfielder,29.0,16.0,1532.0,7.07,1.0,0.0,10.0,2.0,1086.0,15.0,91.0,65.0,11.0,14.0,20.0,13.0,189.0,119.0,31.0,34.0,2.0,0.0,CDM,0,CM,0,0,66.0,0,,statistical_fallback,Midfielder,CDM,0.059,0.0,0.587,0.117,63.799,0.881,3.819,0.822,1.175,0.764,19.932,65.021,Real Madrid,1
61,Ligue 1,2025,106,Stade Brestois 29,2214,R. Del Castillo,Romain,Del Castillo,29.0,France,172,60,https://media.api-sports.io/football/players/2214.png,Attacker,32.0,32.0,2643.0,6.82,9.0,3.0,26.0,13.0,1026.0,57.0,74.0,59.0,1.0,30.0,86.0,29.0,352.0,161.0,43.0,28.0,2.0,1.0,W,0,,0,0,60.2,0,,statistical_fallback,Attacker,W,0.306,0.102,0.885,0.443,34.938,1.941,2.009,1.022,2.928,0.988,50.056,33.743,Stade Brestois 29,1
135,Serie A,2025,488,Sassuolo,2215,A. Laurienté,Armand,Laurienté,27.0,France,171,59,https://media.api-sports.io/football/players/2215.png,Attacker,38.0,33.0,2614.0,6.99,7.0,9.0,53.0,26.0,814.0,54.0,84.0,28.0,1.0,7.0,80.0,29.0,285.0,111.0,47.0,42.0,4.0,0.0,W,0,,0,0,60.0,0,,statistical_fallback,Attacker,W,0.241,0.31,1.825,0.895,28.026,1.859,0.964,0.241,2.754,0.998,49.041,36.238,Sassuolo,1
39,Premier League,2025,52,Crystal Palace,2218,I. Sarr,Ismaïla,Sarr,27.0,Senegal,185,76,https://media.api-sports.io/football/players/2218.png,Attacker,28.0,24.0,2176.0,6.83,9.0,1.0,37.0,21.0,473.0,19.0,71.0,18.0,4.0,8.0,31.0,11.0,241.0,95.0,42.0,12.0,2.0,0.0,CAM,22,RW,2,24,91.7,0,CAM:22 | RW:2,lineup_history,Attacker,CAM,0.372,0.041,1.53,0.869,19.563,0.786,0.744,0.331,1.282,0.455,56.797,35.491,Crystal Palace,1
140,La Liga,2025,538,Celta Vigo,2278,Marcos Alonso,Marcos,Alonso Mendoza,35.0,Spain,188,84,https://media.api-sports.io/football/players/2278.png,Defender,32.0,31.0,2770.0,7.06,1.0,0.0,13.0,3.0,2379.0,13.0,90.0,41.0,17.0,29.0,23.0,17.0,217.0,126.0,20.0,23.0,5.0,0.0,CB,0,,0,0,56.1,0,,statistical_fallback,Defender,CB,0.032,0.0,0.422,0.097,77.296,0.422,1.332,0.942,0.747,0.552,22.986,73.896,Celta Vigo,1
39,Premier League,2025,63,Leeds,2279,E. Ampadu,Ethan Kwame Colm Raymond,Ampadu,25.0,Wales,182,78,https://media.api-sports.io/football/players/2279.png,Midfielder,35.0,35.0,3128.0,7.15,1.0,1.0,15.0,6.0,1729.0,20.0,85.0,81.0,18.0,50.0,17.0,12.0,295.0,184.0,36.0,50.0,10.0,0.0,CM,22,CDM,13,35,62.9,0,CM:22 | CDM:13,lineup_history,Midfielder,CM,0.029,0.029,0.432,0.173,49.747,0.575,2.331,1.439,0.489,0.345,40.046,70.552,Leeds,1
140,La Liga,2025,536,Sevilla,2280,César Azpilicueta,César,Azpilicueta Tanco,36.0,Spain,178,76,https://media.api-sports.io/football/players/2280.png,Defender,17.0,17.0,1218.0,6.84,0.0,1.0,1.0,0.0,702.0,3.0,88.0,27.0,9.0,22.0,5.0,2.0,110.0,59.0,9.0,24.0,4.0,0.0,CB,0,,0,0,59.0,0,,statistical_fallback,Defender,CB,0.0,0.074,0.074,0.0,51.872,0.222,1.995,1.626,0.369,0.148,0.0,40.108,Sevilla,1
140,La Liga,2025,529,Barcelona,2282,A. Christensen,Andreas,Bødtker Christensen,29.0,Denmark,189,84,https://media.api-sports.io/football/players/2282.png,Defender,13.0,3.0,435.0,6.65,0.0,0.0,2.0,2.0,360.0,1.0,95.0,5.0,3.0,2.0,0.0,0.0,37.0,22.0,4.0,6.0,2.0,0.0,CB,0,,0,0,64.3,0,,statistical_fallback,Defender,CB,0.0,0.0,0.414,0.414,74.483,0.207,1.034,0.414,0.0,0.0,100.0,0.0,Barcelona,1
61,Ligue 1,2025,81,Marseille,2284,Emerson,Emerson,Palmieri dos Santos,31.0,Italy,176,63,https://media.api-sports.io/football/players/2284.png,Defender,28.0,23.0,2124.0,6.93,0.0,3.0,9.0,2.0,1260.0,46.0,88.0,47.0,8.0,35.0,22.0,8.0,162.0,95.0,17.0,16.0,3.0,0.0,FB,0,,0,0,59.4,0,,statistical_fallback,Defender,FB,0.0,0.127,0.381,0.085,53.39,1.949,1.992,1.483,0.932,0.339,22.31,36.373,Marseille,1
140,La Liga,2025,541,Real Madrid,2285,A. Rüdiger,Antonio,Rüdiger,32.0,Germany,190,85,https://media.api-sports.io/football/players/2285.png,Defender,18.0,16.0,1492.0,6.91,1.0,0.0,10.0,1.0,1172.0,3.0,93.0,14.0,4.0,4.0,1.0,0.0,72.0,46.0,2.0,11.0,0.0,0.0,CB,0,,0,0,59.1,0,,statistical_fallback,Defender,CB,0.06,0.0,0.603,0.06,70.697,0.181,0.845,0.241,0.06,0.0,9.95,0.0,Real Madrid,1
135,Serie A,2025,499,Atalanta,2286,D. Zappacosta,Davide,Zappacosta,33.0,Italy,182,70,https://media.api-sports.io/football/players/2286.png,Midfielder,35.0,30.0,2580.0,6.86,3.0,3.0,23.0,9.0,1152.0,42.0,84.0,22.0,2.0,20.0,57.0,25.0,159.0,66.0,8.0,18.0,3.0,0.0,CAM,0,CM,0,0,62.1,0,,statistical_fallback,Midfielder,CAM,0.105,0.105,0.802,0.314,40.186,1.465,0.767,0.698,1.988,0.872,39.152,43.863,Atalanta,1
39,Premier League,2025,66,Aston Villa,2287,R. Barkley,Ross,Barkley,32.0,England,189,76,https://media.api-sports.io/football/players/2287.png,Midfielder,21.0,7.0,865.0,6.82,3.0,1.0,14.0,8.0,404.0,10.0,88.0,14.0,3.0,2.0,19.0,12.0,101.0,48.0,8.0,9.0,1.0,0.0,CAM,5,CDM,2,7,71.4,0,CAM:5 | CDM:2,lineup_history,Midfielder,CAM,0.312,0.104,1.457,0.832,42.035,1.04,1.457,0.208,1.977,1.249,57.104,63.177,Aston Villa,1
135,Serie A,2025,489,AC Milan,2292,R. Loftus-Cheek,Ruben Ira,Loftus-Cheek,29.0,England,191,88,https://media.api-sports.io/football/players/2292.png,Midfielder,28.0,12.0,1149.0,6.6,3.0,1.0,18.0,6.0,406.0,10.0,84.0,14.0,1.0,5.0,26.0,12.0,161.0,76.0,19.0,23.0,2.0,0.0,W,0,CAM,0,0,56.7,0,,statistical_fallback,Midfielder,W,0.235,0.078,1.41,0.47,31.802,0.783,1.097,0.392,2.037,0.94,33.333,46.146,AC Milan,1
61,Ligue 1,2025,79,Lille,2295,O. Giroud,Olivier Jonathan,Giroud,39.0,France,193,91,https://media.api-sports.io/football/players/2295.png,Attacker,30.0,17.0,1623.0,6.62,7.0,1.0,36.0,16.0,340.0,19.0,68.0,11.0,5.0,4.0,5.0,3.0,180.0,94.0,31.0,27.0,2.0,0.0,ST,0,,0,0,61.7,0,,statistical_fallback,Attacker,ST,0.388,0.055,1.996,0.887,18.854,1.054,0.61,0.222,0.277,0.166,44.439,59.928,Lille,1
39,Premier League,2025,65,Nottingham Forest,2298,C. Hudson-Odoi,Callum James,Hudson-Odoi,25.0,England,182,76,https://media.api-sports.io/football/players/2298.png,Midfielder,30.0,21.0,1849.0,6.9,3.0,4.0,20.0,10.0,657.0,44.0,89.0,14.0,2.0,8.0,58.0,30.0,137.0,59.0,12.0,12.0,0.0,0.0,LW,17,RW,4,21,81.0,0,LW:17 | RW:4,lineup_history,Midfielder,LW,0.146,0.195,0.973,0.487,31.979,2.142,0.681,0.389,2.823,1.46,50.051,51.718,Nottingham Forest,1
135,Serie A,2025,487,Lazio,2299,Pedro,Pedro Eliezer,Rodríguez Ledesma,38.0,Spain,169,65,https://media.api-sports.io/football/players/2299.png,Attacker,29.0,9.0,993.0,6.78,5.0,2.0,18.0,11.0,482.0,20.0,86.0,11.0,,4.0,25.0,13.0,97.0,50.0,26.0,10.0,4.0,0.0,ST,0,W,0,0,56.9,0,,statistical_fallback,Attacker,ST,0.453,0.181,1.631,0.997,43.686,1.813,0.997,0.363,2.266,1.178,61.128,51.986,Lazio,1
61,Ligue 1,2025,111,Le Havre,2336,L. Négo,Loïc,Négo,34.0,Hungary,181,71,https://media.api-sports.io/football/players/2336.png,Defender,30.0,26.0,2347.0,6.81,0.0,0.0,13.0,3.0,987.0,14.0,77.0,52.0,8.0,33.0,26.0,13.0,172.0,102.0,18.0,18.0,3.0,0.0,FB,0,,0,0,58.1,0,,statistical_fallback,Defender,FB,0.0,0.0,0.499,0.115,37.848,0.537,1.994,1.265,0.997,0.499,23.046,50.05,Le Havre,1
78,Bundesliga,2025,170,FC Augsburg,2360,D. Giannoulis,Dimitrios Christos,Giannoulis,30.0,Greece,175,62,https://media.api-sports.io/football/players/2360.png,Midfielder,27.0,25.0,1901.0,6.96,2.0,5.0,9.0,6.0,656.0,34.0,71.0,27.0,11.0,19.0,42.0,19.0,145.0,78.0,20.0,16.0,8.0,0.0,CM,0,,0,0,58.0,0,,statistical_fallback,Midfielder,CM,0.095,0.237,0.426,0.284,31.057,1.61,1.278,0.9,1.988,0.9,66.667,45.272,FC Augsburg,1
39,Premier League,2025,47,Tottenham,2413,Richarlison,Richarlison,de Andrade,28.0,Brazil,184,83,https://media.api-sports.io/football/players/2413.png,Attacker,32.0,20.0,1957.0,6.83,11.0,4.0,47.0,26.0,319.0,20.0,62.0,27.0,3.0,5.0,30.0,11.0,325.0,137.0,33.0,23.0,5.0,0.0,ST,18,LW,2,20,90.0,0,ST:18 | LW:2,lineup_history,Attacker,ST,0.506,0.184,2.161,1.196,14.67,0.92,1.242,0.23,1.38,0.506,55.345,36.667,Tottenham,1
140,La Liga,2025,548,Real Sociedad,2449,Y. Herrera,Yangel Clemente,Herrera Ravelo,27.0,Venezuela,184,78,https://media.api-sports.io/football/players/2449.png,Midfielder,12.0,6.0,530.0,6.7,0.0,0.0,3.0,1.0,237.0,2.0,79.0,10.0,5.0,1.0,7.0,4.0,98.0,55.0,18.0,13.0,2.0,0.0,CDM,0,CM,0,0,63.6,0,,statistical_fallback,Midfielder,CDM,0.0,0.0,0.509,0.17,40.245,0.34,1.698,0.17,1.189,0.679,33.399,57.107,Real Sociedad,1
140,La Liga,2025,718,Oviedo,2461,S. Rondón,José Salomón,Rondón Giménez,36.0,Venezuela,186,86,https://media.api-sports.io/football/players/2461.png,Attacker,16.0,13.0,1037.0,6.58,2.0,0.0,20.0,5.0,206.0,5.0,71.0,3.0,1.0,1.0,19.0,9.0,160.0,77.0,21.0,11.0,2.0,0.0,ST,0,,0,0,59.5,0,,statistical_fallback,Attacker,ST,0.174,0.0,1.736,0.434,17.878,0.434,0.26,0.087,1.649,0.781,25.0,47.362,Oviedo,1
140,La Liga,2025,530,Atletico Madrid,2465,J. Musso,Juan Agustín,Musso,31.0,Argentina,193,93,https://media.api-sports.io/football/players/2465.png,Goalkeeper,8.0,8.0,721.0,6.84,0.0,0.0,0.0,0.0,218.0,0.0,77.0,0.0,,0.0,0.0,0.0,7.0,6.0,3.0,1.0,2.0,0.0,GK,0,,0,0,100.0,0,,statistical_fallback,Goalkeeper,GK,0.0,0.0,0.0,0.0,27.212,0.0,0.0,0.0,0.0,0.0,0.0,0.0,Atletico Madrid,1
39,Premier League,2025,33,Manchester United,2467,Lisandro Martínez,Lisandro,Martínez,27.0,Argentina,175,72,https://media.api-sports.io/football/players/2467.png,Defender,18.0,13.0,1237.0,7.1,0.0,0.0,2.0,0.0,938.0,5.0,89.0,19.0,12.0,12.0,16.0,14.0,72.0,47.0,2.0,9.0,0.0,1.0,CB,13,,0,13,100.0,0,CB:13,lineup_history,Defender,CB,0.0,0.0,0.146,0.0,68.246,0.364,1.382,0.873,1.164,1.019,0.0,87.543,Manchester United,1
140,La Liga,2025,532,Valencia,2470,R. Saravia,Renzo,Saravia,32.0,Argentina,176,75,https://media.api-sports.io/football/players/2470.png,Defender,5.0,4.0,353.0,6.42,0.0,0.0,1.0,0.0,149.0,1.0,82.0,8.0,,7.0,5.0,2.0,44.0,23.0,10.0,4.0,2.0,0.0,FB,0,,0,0,55.5,0,,statistical_fallback,Defender,FB,0.0,0.0,0.255,0.0,37.989,0.255,2.04,1.785,1.275,0.51,0.0,40.0,Valencia,1
140,La Liga,2025,532,Valencia,2476,G. Rodríguez,Guido,Rodríguez,31.0,Argentina,185,80,https://media.api-sports.io/football/players/2476.png,Midfielder,16.0,14.0,1308.0,7.23,4.0,0.0,13.0,5.0,706.0,7.0,86.0,41.0,7.0,10.0,19.0,10.0,178.0,98.0,28.0,21.0,4.0,0.0,CM,2,,0,2,100.0,0,CM:2,lineup_history,Midfielder,CM,0.275,0.0,0.894,0.344,48.578,0.482,2.821,0.688,1.307,0.688,38.479,52.64,Valencia,1
61,Ligue 1,2025,83,Nantes,2483,D. Machado,Deiver Andrés,Machado Mena,32.0,Colombia,180,75,https://media.api-sports.io/football/players/2483.png,Midfielder,14.0,12.0,911.0,6.64,0.0,1.0,4.0,1.0,268.0,7.0,82.0,20.0,1.0,7.0,17.0,5.0,107.0,52.0,20.0,21.0,2.0,0.0,CM,0,,0,0,58.0,0,,statistical_fallback,Midfielder,CM,0.0,0.099,0.395,0.099,26.476,0.692,1.976,0.692,1.679,0.494,25.063,29.422,Nantes,1
135,Serie A,2025,490,Cagliari,2484,Y. Mina,Yerry Fernando,Mina González,31.0,Colombia,195,94,https://media.api-sports.io/football/players/2484.png,Defender,26.0,26.0,2153.0,6.98,2.0,0.0,8.0,3.0,1201.0,8.0,91.0,32.0,23.0,26.0,5.0,2.0,203.0,129.0,37.0,26.0,4.0,0.0,CB,0,,0,0,62.8,0,,statistical_fallback,Defender,CB,0.084,0.0,0.334,0.125,50.204,0.334,1.338,1.087,0.209,0.084,37.425,40.191,Cagliari,1
78,Bundesliga,2025,157,Bayern München,2489,L. Díaz,Luis Fernando,Díaz Marulanda,28.0,Colombia,178,65,https://media.api-sports.io/football/players/2489.png,Midfielder,32.0,27.0,2450.0,7.28,15.0,14.0,64.0,37.0,1290.0,66.0,85.0,21.0,2.0,14.0,125.0,61.0,313.0,132.0,38.0,35.0,6.0,0.0,CAM,0,W,0,0,67.8,0,,statistical_fallback,Midfielder,CAM,0.551,0.514,2.351,1.359,47.388,2.424,0.771,0.514,4.592,2.241,57.805,48.802,Bayern München,1
39,Premier League,2025,52,Crystal Palace,2490,J. Lerma,Jefferson Andrés,Lerma Solís,31.0,Colombia,179,70,https://media.api-sports.io/football/players/2490.png,Midfielder,31.0,18.0,1731.0,6.72,0.0,2.0,14.0,7.0,868.0,14.0,79.0,30.0,4.0,25.0,7.0,3.0,223.0,121.0,24.0,25.0,7.0,0.0,CM,11,CB,7,18,61.1,0,CM:11 | CB:7,lineup_history,Midfielder,CM,0.0,0.104,0.728,0.364,45.13,0.728,1.56,1.3,0.364,0.156,50.0,42.857,Crystal Palace,1
135,Serie A,2025,503,Torino,2495,D. Zapata,Duván Esteban,Zapata Banguero,34.0,Colombia,189,88,https://media.api-sports.io/football/players/2495.png,Attacker,28.0,11.0,1125.0,6.61,3.0,1.0,24.0,15.0,245.0,10.0,73.0,4.0,1.0,1.0,16.0,6.0,149.0,67.0,24.0,15.0,0.0,0.0,ST,0,,0,0,60.3,0,,statistical_fallback,Attacker,ST,0.24,0.08,1.92,1.2,19.6,0.8,0.32,0.08,1.28,0.48,62.5,37.5,Torino,1
135,Serie A,2025,520,Cremonese,2522,A. Sanabria,Arnaldo Antonio,Sanabria Ayala,29.0,Paraguay,180,70,https://media.api-sports.io/football/players/2522.png,Attacker,25.0,10.0,940.0,6.5,1.0,1.0,8.0,4.0,175.0,6.0,82.0,2.0,,1.0,9.0,7.0,121.0,53.0,15.0,15.0,2.0,0.0,ST,0,W,0,0,55.9,0,,statistical_fallback,Attacker,ST,0.096,0.096,0.766,0.383,16.755,0.574,0.191,0.096,0.862,0.67,50.0,77.726,Cremonese,1
135,Serie A,2025,503,Torino,2553,G. Maripán,Guillermo Alfonso,Maripán Loaysa,31.0,Chile,190,84,https://media.api-sports.io/football/players/2553.png,Defender,27.0,24.0,2151.0,6.89,2.0,0.0,11.0,8.0,990.0,9.0,85.0,51.0,26.0,28.0,6.0,4.0,223.0,121.0,7.0,27.0,4.0,0.0,CB,0,,0,0,60.8,0,,statistical_fallback,Defender,CB,0.084,0.0,0.46,0.335,41.423,0.377,2.134,1.172,0.251,0.167,72.826,66.534,Torino,1
78,Bundesliga,2025,169,Eintracht Frankfurt,2598,R. Dōan,Ritsu,Dōan,27.0,Japan,172,70,https://media.api-sports.io/football/players/2598.png,Midfielder,31.0,28.0,2379.0,6.82,5.0,5.0,30.0,15.0,877.0,40.0,77.0,43.0,1.0,17.0,80.0,34.0,312.0,132.0,34.0,26.0,5.0,0.0,W,0,CAM,0,0,56.1,0,,statistical_fallback,Midfielder,W,0.189,0.189,1.135,0.567,33.178,1.513,1.627,0.643,3.026,1.286,49.956,42.498,Eintracht Frankfurt,1
39,Premier League,2025,52,Crystal Palace,2601,D. Kamada,Daichi,Kamada,29.0,Japan,184,76,https://media.api-sports.io/football/players/2601.png,Attacker,28.0,22.0,1908.0,6.86,0.0,0.0,12.0,4.0,825.0,20.0,84.0,63.0,1.0,14.0,24.0,12.0,211.0,116.0,28.0,30.0,3.0,0.0,CM,17,CAM,5,22,77.3,0,CM:17 | CAM:5,lineup_history,Attacker,CM,0.0,0.0,0.566,0.189,38.915,0.943,2.972,0.66,1.132,0.566,33.392,50.0,Crystal Palace,1
140,La Liga,2025,547,Girona,2617,C. Stuani,Cristhian Ricardo,Stuani Curbelo,39.0,Uruguay,186,76,https://media.api-sports.io/football/players/2617.png,Attacker,21.0,1.0,430.0,6.69,5.0,0.0,16.0,12.0,64.0,2.0,65.0,5.0,,1.0,2.0,2.0,70.0,36.0,11.0,12.0,4.0,0.0,ST,0,,0,0,70.9,0,,statistical_fallback,Attacker,ST,1.047,0.0,3.349,2.512,13.395,0.419,1.047,0.209,0.419,0.419,75.007,100.0,Girona,1
61,Ligue 1,2025,83,Nantes,2668,Mostafa Mohamed,Mostafa Mohamed Ahmed,Abdallah,28.0,Egypt,185,78,https://media.api-sports.io/football/players/2668.png,Attacker,24.0,13.0,1171.0,6.63,4.0,0.0,28.0,8.0,190.0,9.0,61.0,10.0,3.0,8.0,19.0,3.0,200.0,89.0,27.0,18.0,1.0,0.0,ST,0,,0,0,63.5,0,,statistical_fallback,Attacker,ST,0.307,0.0,2.152,0.615,14.603,0.692,0.769,0.615,1.46,0.231,28.578,15.822,Nantes,1
135,Serie A,2025,497,AS Roma,2669,Hermoso,Mario,Hermoso Canseco,30.0,Spain,184,75,https://media.api-sports.io/football/players/2669.png,Defender,27.0,25.0,2095.0,6.91,3.0,2.0,15.0,6.0,1421.0,10.0,86.0,36.0,6.0,29.0,13.0,4.0,199.0,107.0,19.0,40.0,9.0,0.0,CB,0,,0,0,55.0,0,,statistical_fallback,Defender,CB,0.129,0.086,0.644,0.258,61.045,0.43,1.547,1.246,0.558,0.172,40.062,30.824,AS Roma,1
39,Premier League,2025,66,Aston Villa,2724,L. Digne,Lucas,Digne,32.0,France,178,74,https://media.api-sports.io/football/players/2724.png,Defender,31.0,21.0,1866.0,6.78,0.0,6.0,8.0,5.0,728.0,26.0,81.0,36.0,4.0,14.0,11.0,4.0,156.0,87.0,12.0,14.0,3.0,0.0,LB,21,,0,21,100.0,0,LB:21,lineup_history,Defender,LB,0.0,0.289,0.386,0.241,35.113,1.254,1.736,0.675,0.531,0.193,62.435,36.347,Aston Villa,1
61,Ligue 1,2025,81,Marseille,2725,B. Pavard,Benjamin Jacques Marcel,Pavard,29.0,France,186,76,https://media.api-sports.io/football/players/2725.png,Defender,27.0,22.0,1952.0,6.8,1.0,2.0,8.0,3.0,1341.0,11.0,91.0,28.0,12.0,25.0,2.0,0.0,141.0,86.0,15.0,22.0,6.0,0.0,CB,0,,0,0,59.2,0,,statistical_fallback,Defender,CB,0.046,0.092,0.369,0.138,61.829,0.507,1.291,1.153,0.092,0.0,37.398,0.0,Marseille,1
39,Premier League,2025,36,Fulham,2729,J. Andersen,Joachim Christian,Andersen,29.0,Denmark,192,86,https://media.api-sports.io/football/players/2729.png,Defender,33.0,33.0,2884.0,7.04,0.0,1.0,13.0,4.0,2275.0,7.0,86.0,45.0,19.0,36.0,7.0,6.0,222.0,141.0,13.0,30.0,7.0,1.0,CB,33,,0,33,100.0,0,CB:33,lineup_history,Defender,CB,0.0,0.031,0.406,0.125,70.995,0.218,1.404,1.123,0.218,0.187,30.788,85.78,Fulham,1
61,Ligue 1,2025,81,Marseille,2735,P. Højbjerg,Pierre-Emile Kordt,Højbjerg,30.0,Denmark,185,84,https://media.api-sports.io/football/players/2735.png,Midfielder,32.0,30.0,2715.0,7.2,4.0,5.0,35.0,14.0,2230.0,42.0,89.0,38.0,6.0,27.0,31.0,17.0,250.0,130.0,45.0,38.0,4.0,0.0,CAM,0,CM,0,0,60.0,0,,statistical_fallback,Midfielder,CAM,0.133,0.166,1.16,0.464,73.923,1.392,1.26,0.895,1.028,0.564,40.0,54.864,Marseille,1
140,La Liga,2025,539,Levante,2741,M. Ryan,Mathew David,Ryan,33.0,Australia,184,83,https://media.api-sports.io/football/players/2741.png,Goalkeeper,36.0,36.0,3240.0,7.24,0.0,0.0,1.0,0.0,1140.0,0.0,70.0,2.0,,1.0,0.0,0.0,23.0,21.0,1.0,,4.0,0.0,GK,0,,0,0,100.0,0,,statistical_fallback,Goalkeeper,GK,0.0,0.0,0.028,0.0,31.667,0.0,0.056,0.028,0.0,0.0,0.0,0.0,Levante,1
78,Bundesliga,2025,186,FC St. Pauli,2749,J. Irvine,Jackson Alexander,Irvine,32.0,Australia,187,76,https://media.api-sports.io/football/players/2749.png,Midfielder,24.0,18.0,1632.0,6.7,0.0,1.0,13.0,4.0,687.0,11.0,71.0,34.0,8.0,27.0,18.0,10.0,198.0,103.0,12.0,20.0,1.0,0.0,CDM,0,CM,0,0,62.3,0,,statistical_fallback,Midfielder,CDM,0.0,0.055,0.717,0.221,37.886,0.607,1.875,1.489,0.993,0.551,30.823,55.488,FC St. Pauli,1
140,La Liga,2025,718,Oviedo,2762,J. Brekalo,Josip,Brekalo,27.0,Croatia,175,70,https://media.api-sports.io/football/players/2762.png,Midfielder,14.0,6.0,483.0,6.61,0.0,0.0,8.0,3.0,209.0,11.0,72.0,12.0,,3.0,11.0,4.0,48.0,22.0,6.0,7.0,1.0,0.0,CAM,0,CM,0,0,60.4,0,,statistical_fallback,Midfielder,CAM,0.0,0.0,1.491,0.559,38.944,2.05,2.236,0.559,2.05,0.745,37.492,36.341,Oviedo,1
135,Serie A,2025,499,Atalanta,2763,Mario Pasalic,Mario,Pasalic,30.0,Croatia,188,77,https://media.api-sports.io/football/players/2763.png,Midfielder,33.0,21.0,1932.0,6.88,3.0,4.0,20.0,6.0,1402.0,40.0,88.0,25.0,3.0,14.0,13.0,7.0,159.0,67.0,6.0,22.0,3.0,0.0,CAM,0,CM,0,0,62.4,0,,statistical_fallback,Midfielder,CAM,0.14,0.186,0.932,0.28,65.311,1.863,1.165,0.652,0.606,0.326,30.043,53.795,Atalanta,1
39,Premier League,2025,65,Nottingham Forest,2771,O. Aina,Temitayo Olufisayo Olaoluwa,Aina,29.0,Nigeria,184,82,https://media.api-sports.io/football/players/2771.png,Defender,18.0,18.0,1590.0,6.9,0.0,0.0,9.0,1.0,629.0,10.0,84.0,31.0,3.0,25.0,34.0,15.0,158.0,85.0,15.0,13.0,3.0,0.0,RB,16,LB,1,18,88.9,0,RB:16 | LB:1 | RWB:1,lineup_history,Defender,RB,0.0,0.0,0.509,0.057,35.604,0.566,1.755,1.415,1.925,0.849,11.198,44.104,Nottingham Forest,1
61,Ligue 1,2025,114,Paris FC,2781,M. Simon,Moses Daddy-Ajala,Simon,30.0,Nigeria,168,66,https://media.api-sports.io/football/players/2781.png,Midfielder,29.0,25.0,2024.0,6.78,3.0,3.0,25.0,11.0,485.0,32.0,84.0,14.0,1.0,9.0,65.0,29.0,198.0,69.0,19.0,15.0,0.0,0.0,W,0,CAM,0,0,56.4,0,,statistical_fallback,Midfielder,W,0.133,0.133,1.112,0.489,21.566,1.423,0.623,0.4,2.89,1.29,43.975,44.637,Paris FC,1
135,Serie A,2025,502,Fiorentina,2799,A. Guðmundsson,Albert,Guðmundsson,28.0,Iceland,177,80,https://media.api-sports.io/football/players/2799.png,Attacker,33.0,27.0,2262.0,6.71,5.0,4.0,28.0,15.0,839.0,32.0,86.0,8.0,3.0,3.0,39.0,20.0,173.0,61.0,30.0,34.0,4.0,1.0,ST,0,W,0,0,60.3,0,,statistical_fallback,Attacker,ST,0.199,0.159,1.114,0.597,33.382,1.273,0.318,0.119,1.552,0.796,53.591,51.289,Fiorentina,1
135,Serie A,2025,505,Inter,2802,Y. Sommer,Yann,Sommer,37.0,Switzerland,183,79,https://media.api-sports.io/football/players/2802.png,Goalkeeper,33.0,33.0,2961.0,6.93,0.0,0.0,0.0,0.0,1047.0,0.0,81.0,0.0,,0.0,0.0,0.0,6.0,4.0,3.0,,0.0,0.0,GK,0,,0,0,100.0,0,,statistical_fallback,Goalkeeper,GK,0.0,0.0,0.0,0.0,31.824,0.0,0.0,0.0,0.0,0.0,0.0,0.0,Inter,1
78,Bundesliga,2025,163,Borussia Mönchengladbach,2803,N. Elvedi,Nico,Elvedi,29.0,Switzerland,189,84,https://media.api-sports.io/football/players/2803.png,Defender,33.0,33.0,2967.0,7.03,0.0,2.0,5.0,0.0,1820.0,13.0,91.0,43.0,29.0,41.0,2.0,1.0,223.0,135.0,16.0,18.0,5.0,0.0,CB,0,,0,0,59.9,0,,statistical_fallback,Defender,CB,0.0,0.061,0.152,0.0,55.207,0.394,1.304,1.244,0.061,0.03,0.0,49.18,Borussia Mönchengladbach,1
39,Premier League,2025,34,Newcastle,2806,F. Schär,Fabian Lukas,Schär,34.0,Switzerland,186,84,https://media.api-sports.io/football/players/2806.png,Defender,16.0,11.0,1091.0,7.12,0.0,0.0,13.0,4.0,796.0,4.0,84.0,14.0,12.0,18.0,1.0,0.0,114.0,66.0,6.0,15.0,1.0,0.0,CB,11,,0,11,100.0,0,CB:11,lineup_history,Defender,CB,0.0,0.0,1.072,0.33,65.665,0.33,1.155,1.485,0.082,0.0,30.784,0.0,Newcastle,1
135,Serie A,2025,500,Bologna,2807,R. Freuler,Remo Marco,Freuler,33.0,Switzerland,180,77,https://media.api-sports.io/football/players/2807.png,Midfielder,29.0,26.0,2217.0,6.92,1.0,2.0,4.0,1.0,1348.0,22.0,87.0,55.0,5.0,23.0,7.0,2.0,170.0,96.0,24.0,19.0,5.0,0.0,CDM,0,CM,0,0,59.7,0,,statistical_fallback,Midfielder,CDM,0.041,0.081,0.162,0.041,54.723,0.893,2.233,0.934,0.284,0.081,25.309,28.521,Bologna,1
61,Ligue 1,2025,91,Monaco,2810,D. Zakaria,Denis Lemi,Zakaria Lako Lado,29.0,Switzerland,191,76,https://media.api-sports.io/football/players/2810.png,Midfielder,24.0,23.0,2033.0,6.86,2.0,1.0,12.0,3.0,1111.0,6.0,93.0,38.0,15.0,40.0,15.0,8.0,137.0,68.0,7.0,26.0,4.0,1.0,CDM,0,CM,0,0,61.5,0,,statistical_fallback,Midfielder,CDM,0.089,0.044,0.531,0.133,49.183,0.266,1.682,1.771,0.664,0.354,25.047,53.313,Monaco,1
140,La Liga,2025,540,Espanyol,2813,M. Dmitrović,Marko,Dmitrović,33.0,Serbia,194,91,https://media.api-sports.io/football/players/2813.png,Goalkeeper,37.0,37.0,3330.0,7.15,0.0,0.0,0.0,0.0,988.0,1.0,54.0,3.0,,0.0,0.0,0.0,17.0,15.0,5.0,,0.0,0.0,GK,0,,0,0,100.0,0,,statistical_fallback,Goalkeeper,GK,0.0,0.0,0.0,0.0,26.703,0.027,0.081,0.0,0.0,0.0,0.0,0.0,Espanyol,1
39,Premier League,2025,65,Nottingham Forest,2817,N. Milenković,Nikola,Milenković,28.0,Serbia,195,90,https://media.api-sports.io/football/players/2817.png,Defender,38.0,37.0,3375.0,6.83,0.0,0.0,14.0,1.0,1537.0,3.0,86.0,31.0,36.0,29.0,3.0,3.0,214.0,143.0,20.0,21.0,6.0,0.0,CB,37,,0,37,100.0,0,CB:37,lineup_history,Defender,CB,0.0,0.0,0.373,0.027,40.987,0.08,0.827,0.773,0.08,0.08,7.239,100.0,Nottingham Forest,1
39,Premier League,2025,36,Fulham,2823,S. Lukić,Saša,Lukić,29.0,Serbia,183,76,https://media.api-sports.io/football/players/2823.png,Midfielder,26.0,20.0,1734.0,6.6,1.0,2.0,13.0,6.0,730.0,28.0,85.0,49.0,9.0,18.0,11.0,6.0,212.0,103.0,25.0,53.0,9.0,0.0,CDM,18,CM,2,20,90.0,0,CDM:18 | CM:2,lineup_history,Midfielder,CDM,0.052,0.104,0.675,0.311,37.889,1.453,2.543,0.934,0.571,0.311,46.074,54.466,Fulham,1
39,Premier League,2025,40,Liverpool,2864,A. Isak,Alexander,Isak,26.0,Sweden,192,77,https://media.api-sports.io/football/players/2864.png,Attacker,14.0,8.0,714.0,6.51,3.0,1.0,15.0,6.0,88.0,2.0,62.0,7.0,1.0,0.0,10.0,1.0,58.0,17.0,1.0,5.0,0.0,0.0,ST,8,,0,8,100.0,0,ST:8,lineup_history,Attacker,ST,0.378,0.126,1.891,0.756,11.092,0.252,0.882,0.0,1.261,0.126,39.979,9.992,Liverpool,1
39,Premier League,2025,36,Fulham,2887,R. Jiménez,Raúl Alonso,Jiménez Rodríguez,34.0,Mexico,190,76,https://media.api-sports.io/football/players/2887.png,Attacker,36.0,27.0,2216.0,6.68,9.0,3.0,53.0,19.0,517.0,25.0,63.0,34.0,3.0,8.0,28.0,11.0,389.0,162.0,34.0,46.0,5.0,0.0,ST,27,,0,27,100.0,0,ST:27,lineup_history,Attacker,ST,0.366,0.122,2.153,0.772,20.997,1.015,1.381,0.325,1.137,0.447,35.857,39.314,Fulham,1
78,Bundesliga,2025,157,Bayern München,2897,Kim Min-Jae,Min-Jae,Kim,29.0,Korea Republic,190,88,https://media.api-sports.io/football/players/2897.png,Defender,25.0,19.0,1621.0,7.23,1.0,1.0,4.0,3.0,1580.0,5.0,94.0,22.0,18.0,39.0,2.0,1.0,115.0,72.0,3.0,9.0,1.0,0.0,CB,0,,0,0,63.1,0,,statistical_fallback,Defender,CB,0.056,0.056,0.222,0.167,87.724,0.278,1.221,2.165,0.111,0.056,75.225,50.45,Bayern München,1
78,Bundesliga,2025,164,FSV Mainz 05,2906,Lee Jae-Sung,Jae-Sung,Lee,33.0,Korea Republic,180,70,https://media.api-sports.io/football/players/2906.png,Attacker,28.0,26.0,2198.0,6.68,4.0,2.0,18.0,9.0,673.0,22.0,77.0,38.0,1.0,25.0,15.0,5.0,245.0,108.0,21.0,19.0,4.0,0.0,ST,0,W,0,0,55.4,0,,statistical_fallback,Attacker,ST,0.164,0.082,0.737,0.369,27.557,0.901,1.556,1.024,0.614,0.205,50.068,33.388,FSV Mainz 05,1
78,Bundesliga,2025,160,SC Freiburg,2915,M. Ginter,Matthias Lukas,Ginter,31.0,Germany,191,86,https://media.api-sports.io/football/players/2915.png,Defender,32.0,32.0,2836.0,7.01,3.0,4.0,13.0,7.0,1787.0,15.0,87.0,22.0,21.0,23.0,8.0,3.0,248.0,152.0,20.0,16.0,3.0,0.0,CB,0,,0,0,56.0,0,,statistical_fallback,Defender,CB,0.095,0.127,0.413,0.222,56.71,0.476,0.698,0.73,0.254,0.095,53.753,37.402,SC Freiburg,1
78,Bundesliga,2025,162,Werder Bremen,2916,N. Stark,Niklas,Stark,30.0,Germany,190,88,https://media.api-sports.io/football/players/2916.png,Defender,14.0,9.0,727.0,6.55,0.0,0.0,3.0,1.0,453.0,0.0,87.0,16.0,5.0,13.0,1.0,0.0,56.0,34.0,7.0,11.0,6.0,0.0,CB,0,,0,0,66.9,0,,statistical_fallback,Defender,CB,0.0,0.0,0.371,0.124,56.08,0.0,1.981,1.609,0.124,0.0,33.423,0.0,Werder Bremen,1
78,Bundesliga,2025,160,SC Freiburg,2917,M. Eggestein,Maximilian,Eggestein,29.0,Germany,181,75,https://media.api-sports.io/football/players/2917.png,Midfielder,34.0,34.0,3060.0,6.83,3.0,1.0,24.0,13.0,1482.0,19.0,82.0,64.0,15.0,30.0,22.0,15.0,270.0,154.0,20.0,18.0,4.0,0.0,CDM,0,CM,0,0,59.1,0,,statistical_fallback,Midfielder,CDM,0.088,0.029,0.706,0.382,43.588,0.559,1.882,0.882,0.647,0.441,54.108,68.161,SC Freiburg,1
39,Premier League,2025,65,Nottingham Forest,2919,M. Sels,Matz Willy Els,Sels,33.0,Belgium,188,75,https://media.api-sports.io/football/players/2919.png,Goalkeeper,31.0,30.0,2667.0,6.83,0.0,0.0,0.0,0.0,787.0,1.0,57.0,1.0,,0.0,0.0,0.0,13.0,10.0,4.0,,2.0,0.0,GK,30,,0,30,100.0,0,GK:30,lineup_history,Goalkeeper,GK,0.0,0.0,0.0,0.0,26.558,0.034,0.034,0.0,0.0,0.0,0.0,0.0,Nottingham Forest,1
39,Premier League,2025,36,Fulham,2920,T. Castagne,Timothy,Castagne,30.0,Belgium,185,80,https://media.api-sports.io/football/players/2920.png,Defender,30.0,20.0,1881.0,6.75,0.0,0.0,9.0,6.0,796.0,18.0,86.0,40.0,10.0,31.0,6.0,3.0,141.0,81.0,11.0,18.0,4.0,0.0,RB,14,RWB,3,20,70.0,0,RB:14 | RWB:3 | RW:2 | LB:1,lineup_history,Defender,RB,0.0,0.0,0.431,0.287,38.086,0.861,1.914,1.483,0.287,0.144,66.589,50.174,Fulham,1
140,La Liga,2025,718,Oviedo,2922,L. Dendoncker,Leander,Dendoncker,30.0,Belgium,188,83,https://media.api-sports.io/football/players/2922.png,Midfielder,19.0,15.0,1339.0,6.77,1.0,0.0,7.0,4.0,554.0,6.0,86.0,36.0,7.0,12.0,8.0,4.0,123.0,66.0,3.0,12.0,2.0,0.0,CDM,0,CM,0,0,63.3,0,,statistical_fallback,Midfielder,CDM,0.067,0.0,0.471,0.269,37.237,0.403,2.42,0.807,0.538,0.269,57.113,50.0,Oviedo,1
140,La Liga,2025,536,Sevilla,2924,A. Januzaj,Adnan,Januzaj,30.0,Belgium,186,76,https://media.api-sports.io/football/players/2924.png,Midfielder,12.0,2.0,320.0,6.76,0.0,0.0,2.0,0.0,129.0,11.0,87.0,5.0,,1.0,19.0,8.0,47.0,23.0,10.0,8.0,1.0,0.0,CM,0,,0,0,58.0,0,,statistical_fallback,Midfielder,CM,0.0,0.0,0.562,0.0,36.281,3.094,1.406,0.281,5.344,2.25,0.0,42.103,Sevilla,1
39,Premier League,2025,66,Aston Villa,2926,Y. Tielemans,Youri Marion A.,Tielemans,28.0,Belgium,176,72,https://media.api-sports.io/football/players/2926.png,Midfielder,25.0,21.0,1874.0,7.21,0.0,4.0,17.0,7.0,1128.0,32.0,84.0,58.0,14.0,18.0,17.0,9.0,214.0,129.0,41.0,25.0,0.0,0.0,CDM,14,CAM,5,21,66.7,0,CDM:14 | CAM:5 | CM:2,lineup_history,Midfielder,CDM,0.0,0.192,0.816,0.336,54.173,1.537,2.785,0.864,0.816,0.432,41.176,52.941,Aston Villa,1
39,Premier League,2025,45,Everton,2932,J. Pickford,Jordan Lee,Pickford,31.0,England,185,82,https://media.api-sports.io/football/players/2932.png,Goalkeeper,38.0,38.0,3432.0,7.02,0.0,0.0,0.0,0.0,1439.0,2.0,61.0,2.0,,0.0,0.0,0.0,17.0,13.0,6.0,1.0,4.0,0.0,GK,38,,0,38,100.0,0,GK:38,lineup_history,Goalkeeper,GK,0.0,0.0,0.0,0.0,37.736,0.052,0.052,0.0,0.0,0.0,0.0,0.0,Everton,1
61,Ligue 1,2025,95,Strasbourg,2933,B. Chilwell,Benjamin James,Chilwell,29.0,England,178,77,https://media.api-sports.io/football/players/2933.png,Midfielder,20.0,19.0,1602.0,6.64,0.0,2.0,4.0,3.0,792.0,7.0,87.0,25.0,4.0,22.0,17.0,10.0,122.0,67.0,22.0,14.0,4.0,0.0,CM,0,,0,0,58.0,0,,statistical_fallback,Midfielder,CM,0.0,0.112,0.225,0.169,44.494,0.393,1.404,1.236,0.955,0.562,75.111,58.848,Strasbourg,1
39,Premier League,2025,45,Everton,2934,M. Keane,Michael Vincent,Keane,32.0,England,191,82,https://media.api-sports.io/football/players/2934.png,Defender,33.0,29.0,2631.0,6.9,3.0,1.0,17.0,7.0,1102.0,2.0,85.0,35.0,27.0,37.0,11.0,6.0,258.0,159.0,6.0,16.0,1.0,1.0,CB,29,,0,29,100.0,0,CB:29,lineup_history,Defender,CB,0.103,0.034,0.582,0.239,37.697,0.068,1.197,1.266,0.376,0.205,41.065,54.521,Everton,1
39,Premier League,2025,33,Manchester United,2935,H. Maguire,Jacob Harry,Maguire,32.0,England,194,90,https://media.api-sports.io/football/players/2935.png,Defender,23.0,19.0,1667.0,6.9,1.0,2.0,11.0,4.0,849.0,4.0,86.0,22.0,11.0,13.0,2.0,1.0,140.0,98.0,16.0,16.0,3.0,1.0,CB,19,,0,19,100.0,0,CB:19,lineup_history,Defender,CB,0.054,0.108,0.594,0.216,45.837,0.216,1.188,0.702,0.108,0.054,36.364,50.0,Manchester United,1
39,Premier League,2025,45,Everton,2936,J. Tarkowski,James Alan,Tarkowski,33.0,England,185,81,https://media.api-sports.io/football/players/2936.png,Defender,37.0,37.0,3342.0,7.16,2.0,3.0,15.0,10.0,1553.0,19.0,80.0,51.0,52.0,31.0,8.0,4.0,344.0,233.0,35.0,32.0,8.0,0.0,CB,37,,0,37,100.0,0,CB:37,lineup_history,Defender,CB,0.054,0.081,0.404,0.269,41.822,0.512,1.373,0.835,0.215,0.108,66.584,50.233,Everton,1
39,Premier League,2025,42,Arsenal,2937,D. Rice,Declan,Rice,26.0,England,188,84,https://media.api-sports.io/football/players/2937.png,Midfielder,36.0,35.0,3099.0,7.46,4.0,5.0,27.0,13.0,2136.0,64.0,87.0,70.0,12.0,37.0,28.0,14.0,241.0,145.0,11.0,26.0,3.0,0.0,CM,21,CDM,13,35,60.0,0,CM:21 | CDM:13 | RB:1,lineup_history,Midfielder,CM,0.116,0.145,0.784,0.378,62.033,1.859,2.033,1.075,0.813,0.407,48.214,50.062,Arsenal,1
39,Premier League,2025,44,West Ham | Burnley,2938,J. Ward-Prowse,James Michael Edward,Ward-Prowse,31.0,England,177,66,https://media.api-sports.io/football/players/2938.png,Midfielder,13.0,7.0,1109.0,6.837,0.0,1.0,2.0,2.0,421.0,11.0,88.0,11.0,6.0,15.0,6.0,2.0,56.0,31.0,11.0,4.0,1.0,0.0,CM,6,CDM,6,12,50.0,0,CM:6 | CDM:6,lineup_history,Midfielder,CM,0.0,0.081,0.162,0.162,49.829,1.867,1.217,1.623,0.568,0.162,100.0,28.532,West Ham | Burnley,2
39,Premier League,2025,48,West Ham,2939,C. Wilson,Callum Eddie Graham,Wilson,33.0,England,180,66,https://media.api-sports.io/football/players/2939.png,Attacker,32.0,11.0,1267.0,6.66,7.0,1.0,28.0,16.0,155.0,8.0,64.0,4.0,2.0,3.0,26.0,12.0,147.0,49.0,14.0,12.0,1.0,0.0,ST,10,CAM,1,11,90.9,0,ST:10 | CAM:1,lineup_history,Attacker,ST,0.497,0.071,1.989,1.137,11.01,0.568,0.284,0.213,1.847,0.852,57.164,46.129,West Ham,1
61,Ligue 1,2025,81,Marseille,2973,A. Murillo,Michael Amir,Murillo Bermúdez,29.0,Panama,184,75,https://media.api-sports.io/football/players/2973.png,Midfielder,16.0,11.0,988.0,6.71,2.0,1.0,7.0,2.0,486.0,11.0,86.0,21.0,2.0,6.0,19.0,8.0,112.0,55.0,16.0,22.0,4.0,0.0,CM,0,,0,0,58.0,0,,statistical_fallback,Midfielder,CM,0.182,0.091,0.638,0.182,44.271,1.002,1.913,0.547,1.731,0.729,28.527,42.114,Marseille,1
39,Premier League,2025,45,Everton,2990,I. Gueye,Idrissa Gana,Gueye,36.0,Senegal,174,66,https://media.api-sports.io/football/players/2990.png,Midfielder,25.0,25.0,2101.0,6.79,2.0,3.0,18.0,7.0,1065.0,13.0,87.0,43.0,7.0,28.0,21.0,7.0,168.0,94.0,31.0,21.0,1.0,1.0,CDM,25,,0,25,100.0,0,CDM:25,lineup_history,Midfielder,CDM,0.086,0.129,0.771,0.3,45.621,0.557,1.842,1.199,0.9,0.3,38.911,33.333,Everton,1
135,Serie A,2025,500,Bologna,2998,Ł. Skorupski,Łukasz,Skorupski,34.0,Poland,187,90,https://media.api-sports.io/football/players/2998.png,Goalkeeper,19.0,19.0,1594.0,6.8,0.0,0.0,0.0,0.0,646.0,0.0,73.0,0.0,,0.0,0.0,0.0,12.0,11.0,8.0,1.0,1.0,1.0,GK,0,,0,0,100.0,0,,statistical_fallback,Goalkeeper,GK,0.0,0.0,0.0,0.0,36.474,0.0,0.0,0.0,0.0,0.0,0.0,0.0,Bologna,1
61,Ligue 1,2025,94,Rennes,3007,P. Frankowski,Przemysław Adam,Frankowski,30.0,Poland,175,70,https://media.api-sports.io/football/players/3007.png,Defender,19.0,15.0,1215.0,6.96,1.0,2.0,6.0,3.0,652.0,31.0,82.0,40.0,1.0,8.0,7.0,4.0,105.0,61.0,10.0,13.0,5.0,0.0,FB,0,,0,0,62.4,0,,statistical_fallback,Defender,FB,0.074,0.148,0.444,0.222,48.296,2.296,2.963,0.593,0.519,0.296,50.0,57.033,Rennes,1
140,La Liga,2025,543,Real Betis,3033,C. Bakambu,Cédric,Bakambu,34.0,Congo DR,182,73,https://media.api-sports.io/football/players/3033.png,Attacker,18.0,5.0,593.0,6.65,3.0,1.0,19.0,9.0,88.0,4.0,76.0,2.0,,2.0,4.0,1.0,60.0,21.0,9.0,11.0,1.0,0.0,ST,0,,0,0,62.7,0,,statistical_fallback,Attacker,ST,0.455,0.152,2.884,1.366,13.356,0.607,0.304,0.304,0.607,0.152,47.365,25.041,Real Betis,1
39,Premier League,2025,39,Wolves,3080,M. Munetsi,Marshall Nyasha,Munetsi,29.0,Zimbabwe,188,83,https://media.api-sports.io/football/players/3080.png,Attacker,13.0,9.0,877.0,6.6,1.0,1.0,12.0,6.0,169.0,3.0,63.0,21.0,2.0,7.0,9.0,5.0,142.0,65.0,10.0,19.0,2.0,0.0,CM,6,RW,3,9,66.7,0,CM:6 | RW:3,lineup_history,Attacker,CM,0.103,0.103,1.231,0.616,17.343,0.308,2.155,0.718,0.924,0.513,50.041,55.519,Wolves,1
61,Ligue 1,2025,112,Metz,3240,J. Gbamin,Jean-Philippe,Gbamin,30.0,Côte d'Ivoire,186,88,https://media.api-sports.io/football/players/3240.png,Defender,31.0,30.0,2488.0,6.58,1.0,1.0,10.0,7.0,1786.0,15.0,88.0,51.0,13.0,27.0,33.0,26.0,216.0,112.0,8.0,24.0,2.0,1.0,FB,0,,0,0,58.6,0,,statistical_fallback,Defender,FB,0.036,0.036,0.362,0.253,64.606,0.543,1.845,0.977,1.194,0.941,69.89,78.811,Metz,1
140,La Liga,2025,533,Villarreal,3246,N. Pépé,Nicolas,Pépé,30.0,Côte d'Ivoire,183,73,https://media.api-sports.io/football/players/3246.png,Midfielder,36.0,26.0,2397.0,7.25,8.0,8.0,43.0,25.0,881.0,57.0,82.0,31.0,1.0,16.0,122.0,59.0,325.0,150.0,43.0,23.0,4.0,0.0,W,0,CAM,0,0,55.3,0,,statistical_fallback,Midfielder,W,0.3,0.3,1.615,0.939,33.079,2.14,1.164,0.601,4.581,2.215,58.142,48.352,Villarreal,1
135,Serie A,2025,492,Napoli,3406,A. Zambo Anguissa,André-Frank,Zambo Anguissa,30.0,Cameroon,184,78,https://media.api-sports.io/football/players/3406.png,Midfielder,18.0,14.0,1256.0,6.87,4.0,1.0,20.0,9.0,714.0,13.0,86.0,18.0,3.0,12.0,17.0,9.0,158.0,77.0,18.0,18.0,1.0,0.0,CAM,0,CM,0,0,57.2,0,,statistical_fallback,Midfielder,CAM,0.287,0.072,1.433,0.645,51.162,0.932,1.29,0.86,1.218,0.645,45.01,52.956,Napoli,1
135,Serie A,2025,495,Genoa,3430,C. Ekuban,Caleb,Ansah Ekuban,31.0,Ghana,188,80,https://media.api-sports.io/football/players/3430.png,Attacker,31.0,6.0,986.0,6.59,4.0,1.0,24.0,10.0,153.0,11.0,68.0,4.0,1.0,5.0,24.0,8.0,140.0,64.0,29.0,16.0,0.0,0.0,ST,0,,0,0,58.6,0,,statistical_fallback,Attacker,ST,0.365,0.091,2.191,0.913,13.966,1.004,0.365,0.456,2.191,0.73,41.67,33.318,Genoa,1
140,La Liga,2025,718,Oviedo,3608,K. Sibo,Kwasi,Sibo,27.0,Ghana,182,72,https://media.api-sports.io/football/players/3608.png,Midfielder,26.0,21.0,1689.0,6.59,0.0,0.0,6.0,2.0,679.0,3.0,86.0,35.0,6.0,15.0,5.0,4.0,136.0,58.0,4.0,30.0,3.0,1.0,CM,0,,0,0,58.0,0,,statistical_fallback,Midfielder,CM,0.0,0.0,0.32,0.107,36.181,0.16,1.865,0.799,0.266,0.213,33.437,80.075,Oviedo,1
61,Ligue 1,2025,84,Nice,4399,H. Boudaoui,Hicham,Boudaoui,26.0,Algeria,175,61,https://media.api-sports.io/football/players/4399.png,Midfielder,26.0,19.0,1705.0,6.8,1.0,2.0,16.0,9.0,700.0,17.0,83.0,27.0,9.0,17.0,31.0,15.0,178.0,95.0,40.0,20.0,6.0,0.0,CM,0,,0,0,58.0,0,,statistical_fallback,Midfielder,CM,0.053,0.106,0.845,0.475,36.95,0.897,1.425,0.897,1.636,0.792,56.213,48.411,Nice,1
78,Bundesliga,2025,175,Hamburger SV,5973,N. Capaldo,Nicolás,Capaldo Taboas,27.0,Argentina,177,75,https://media.api-sports.io/football/players/5973.png,Midfielder,26.0,24.0,2009.0,6.76,1.0,3.0,15.0,6.0,750.0,22.0,77.0,68.0,6.0,35.0,24.0,10.0,283.0,161.0,46.0,31.0,10.0,0.0,CDM,0,CM,0,0,61.3,0,,statistical_fallback,Midfielder,CDM,0.045,0.134,0.672,0.269,33.599,0.986,3.046,1.568,1.075,0.448,40.03,41.674,Hamburger SV,1
39,Premier League,2025,49,Chelsea,5996,E. Fernández,Enzo Jeremías,Fernández,24.0,Argentina,178,76,https://media.api-sports.io/football/players/5996.png,Midfielder,36.0,35.0,3134.0,7.18,10.0,4.0,52.0,31.0,2035.0,69.0,86.0,53.0,2.0,21.0,48.0,13.0,310.0,137.0,45.0,36.0,10.0,0.0,CDM,16,CAM,10,35,45.7,0,CDM:16 | CAM:10 | CM:5 | LW:3 | LM:1,lineup_history,Midfielder,CDM,0.287,0.115,1.493,0.89,58.44,1.981,1.522,0.603,1.378,0.373,59.612,27.068,Chelsea,1
78,Bundesliga,2025,168,Bayer Leverkusen,6002,E. Palacios,Exequiel Alejandro,Palacios,27.0,Argentina,176,69,https://media.api-sports.io/football/players/6002.png,Midfielder,18.0,12.0,1097.0,7.09,0.0,1.0,7.0,2.0,1179.0,13.0,90.0,21.0,3.0,8.0,11.0,4.0,86.0,47.0,18.0,6.0,3.0,0.0,CM,0,,0,0,58.0,0,,statistical_fallback,Midfielder,CM,0.0,0.082,0.574,0.164,96.727,1.067,1.723,0.656,0.902,0.328,28.571,36.364,Bayer Leverkusen,1
140,La Liga,2025,530,Atletico Madrid,6009,J. Álvarez,Julián,Álvarez,25.0,Argentina,170,71,https://media.api-sports.io/football/players/6009.png,Attacker,29.0,22.0,1902.0,6.97,8.0,4.0,44.0,26.0,689.0,47.0,83.0,21.0,,3.0,52.0,25.0,174.0,69.0,18.0,14.0,2.0,0.0,ST,0,W,0,0,57.5,0,,statistical_fallback,Attacker,ST,0.379,0.189,2.082,1.23,32.603,2.224,0.994,0.142,2.461,1.183,59.078,48.07,Atletico Madrid,1
140,La Liga,2025,532,Valencia,6010,L. Beltrán,Lucas,Beltrán,24.0,Argentina,174,75,https://media.api-sports.io/football/players/6010.png,Midfielder,27.0,16.0,1366.0,6.6,1.0,2.0,22.0,9.0,391.0,13.0,78.0,22.0,1.0,4.0,29.0,16.0,226.0,102.0,39.0,26.0,1.0,0.0,W,0,CAM,0,0,56.2,0,,statistical_fallback,Midfielder,W,0.066,0.132,1.449,0.593,25.761,0.857,1.449,0.264,1.911,1.054,40.925,55.154,Valencia,1
39,Premier League,2025,65,Nottingham Forest,6056,N. Domínguez,Nicolás Martín,Domínguez,27.0,Argentina,179,73,https://media.api-sports.io/football/players/6056.png,Midfielder,27.0,17.0,1193.0,6.83,1.0,1.0,10.0,5.0,535.0,12.0,85.0,56.0,5.0,7.0,12.0,6.0,155.0,86.0,11.0,16.0,3.0,0.0,LW,6,CM,5,17,35.3,0,LW:6 | CM:5 | CDM:4 | RW:1 | CAM:1,lineup_history,Midfielder,LW,0.075,0.075,0.754,0.377,40.36,0.905,4.225,0.528,0.905,0.453,50.0,50.055,Nottingham Forest,1
140,La Liga,2025,530,Atletico Madrid,6067,T. Almada,Thiago Ezequiel,Almada,24.0,Argentina,171,63,https://media.api-sports.io/football/players/6067.png,Midfielder,27.0,16.0,1312.0,6.83,3.0,1.0,17.0,10.0,688.0,28.0,86.0,29.0,2.0,9.0,38.0,21.0,154.0,71.0,16.0,13.0,2.0,1.0,CAM,0,W,0,0,59.3,0,,statistical_fallback,Midfielder,CAM,0.206,0.069,1.166,0.686,47.195,1.921,1.989,0.617,2.607,1.441,58.834,55.274,Atletico Madrid,1
140,La Liga,2025,542,Alaves,6085,C. Benavídez,Carlos Nahuel,Benavídez Protesoni,27.0,Uruguay,185,76,https://media.api-sports.io/football/players/6085.png,Midfielder,13.0,3.0,338.0,6.64,0.0,0.0,2.0,2.0,137.0,3.0,81.0,11.0,5.0,2.0,2.0,0.0,37.0,19.0,2.0,8.0,1.0,0.0,CDM,0,CM,0,0,61.5,0,,statistical_fallback,Midfielder,CDM,0.0,0.0,0.533,0.533,36.479,0.799,2.929,0.533,0.533,0.0,100.0,0.0,Alaves,1
39,Premier League,2025,746,Sunderland,6168,O. Alderete,Omar Federico,Alderete Fernández,29.0,Paraguay,188,77,https://media.api-sports.io/football/players/6168.png,Defender,33.0,32.0,2802.0,6.83,1.0,1.0,17.0,9.0,1304.0,9.0,81.0,32.0,29.0,36.0,21.0,17.0,269.0,146.0,10.0,34.0,6.0,0.0,CB,32,,0,32,100.0,0,CB:32,lineup_history,Defender,CB,0.032,0.032,0.546,0.289,41.884,0.289,1.028,1.156,0.675,0.546,52.93,80.889,Sunderland,1
135,Serie A,2025,523,Parma,6221,L. Valenti,Lautaro Rodrigo,Valenti,26.0,Argentina,188,80,https://media.api-sports.io/football/players/6221.png,Defender,27.0,25.0,2251.0,6.88,0.0,0.0,9.0,4.0,1099.0,11.0,78.0,49.0,25.0,25.0,14.0,8.0,199.0,116.0,17.0,25.0,7.0,0.0,CB,0,,0,0,57.4,0,,statistical_fallback,Defender,CB,0.0,0.0,0.36,0.16,43.94,0.44,1.959,1.0,0.56,0.32,44.444,57.143,Parma,1
61,Ligue 1,2025,81,Marseille,6231,F. Medina,Facundo Axel,Medina,26.0,Argentina,184,78,https://media.api-sports.io/football/players/6231.png,Defender,17.0,16.0,1376.0,6.81,0.0,1.0,4.0,1.0,1043.0,7.0,91.0,19.0,13.0,23.0,7.0,4.0,91.0,43.0,10.0,24.0,7.0,0.0,CB,0,,0,0,56.5,0,,statistical_fallback,Defender,CB,0.0,0.065,0.262,0.065,68.219,0.458,1.243,1.504,0.458,0.262,24.809,57.205,Marseille,1
140,La Liga,2025,542,Alaves,6233,N. Tenaglia,Facundo Nahuel,Tenaglia,29.0,Argentina,180,73,https://media.api-sports.io/football/players/6233.png,Defender,36.0,36.0,3239.0,6.83,2.0,0.0,19.0,8.0,1367.0,7.0,86.0,66.0,30.0,46.0,21.0,9.0,279.0,164.0,42.0,31.0,3.0,0.0,CB,0,,0,0,58.9,0,,statistical_fallback,Defender,CB,0.056,0.0,0.528,0.222,37.984,0.195,1.834,1.278,0.584,0.25,42.045,42.808,Alaves,1
135,Serie A,2025,520,Cremonese,6383,M. Payero,Martín Ismael,Payero,27.0,Argentina,183,80,https://media.api-sports.io/football/players/6383.png,Midfielder,25.0,16.0,1459.0,6.58,1.0,0.0,18.0,8.0,458.0,12.0,75.0,19.0,3.0,10.0,48.0,22.0,215.0,93.0,34.0,37.0,8.0,0.0,CM,0,,0,0,58.0,0,,statistical_fallback,Midfielder,CM,0.062,0.0,1.11,0.493,28.252,0.74,1.172,0.617,2.961,1.357,44.414,45.829,Cremonese,1
135,Serie A,2025,523,Parma,6409,N. Estévez,Nahuel,Estévez Álvarez,30.0,Argentina,181,77,https://media.api-sports.io/football/players/6409.png,Midfielder,32.0,9.0,1044.0,6.75,0.0,1.0,3.0,1.0,536.0,13.0,77.0,18.0,4.0,6.0,2.0,0.0,113.0,63.0,13.0,11.0,2.0,0.0,CDM,0,CM,0,0,58.1,0,,statistical_fallback,Midfielder,CDM,0.0,0.086,0.259,0.086,46.207,1.121,1.552,0.517,0.172,0.0,33.205,0.0,Parma,1
140,La Liga,2025,546,Getafe,6490,L. Vázquez,Luis Ismael,Vázquez,24.0,Argentina,190,82,https://media.api-sports.io/football/players/6490.png,Attacker,17.0,14.0,1204.0,6.62,3.0,1.0,20.0,9.0,206.0,4.0,57.0,5.0,1.0,4.0,14.0,4.0,189.0,85.0,32.0,21.0,2.0,0.0,ST,0,,0,0,60.3,0,,statistical_fallback,Attacker,ST,0.224,0.075,1.495,0.673,15.399,0.299,0.374,0.299,1.047,0.299,45.017,28.558,Getafe,1
140,La Liga,2025,530,Atletico Madrid,6503,N. Molina,Nahuel,Molina Lucero,27.0,Argentina,179,70,https://media.api-sports.io/football/players/6503.png,Defender,26.0,13.0,1332.0,6.79,2.0,2.0,11.0,4.0,699.0,21.0,80.0,40.0,5.0,13.0,27.0,15.0,136.0,67.0,5.0,14.0,4.0,0.0,FB,0,,0,0,63.8,0,,statistical_fallback,Defender,FB,0.135,0.135,0.743,0.27,47.23,1.419,2.703,0.878,1.824,1.014,36.339,55.592,Atletico Madrid,1
39,Premier League,2025,35,Bournemouth,6610,M. Senesi,Marcos Nicolás,Senesi Barón,28.0,Argentina,185,80,https://media.api-sports.io/football/players/6610.png,Defender,37.0,37.0,3290.0,7.24,0.0,5.0,13.0,5.0,2319.0,24.0,77.0,62.0,47.0,55.0,9.0,6.0,374.0,196.0,37.0,34.0,8.0,0.0,CB,37,,0,37,100.0,0,CB:37,lineup_history,Defender,CB,0.0,0.137,0.356,0.137,63.438,0.657,1.696,1.505,0.246,0.164,38.483,66.667,Bournemouth,1
140,La Liga,2025,542,Alaves,6638,F. Garcés,Facundo Tomás,Garcés,26.0,Argentina,191,82,https://media.api-sports.io/football/players/6638.png,Defender,10.0,8.0,792.0,6.64,0.0,0.0,7.0,4.0,354.0,0.0,84.0,13.0,9.0,7.0,0.0,0.0,74.0,39.0,3.0,13.0,3.0,0.0,CB,0,,0,0,65.2,0,,statistical_fallback,Defender,CB,0.0,0.0,0.795,0.455,40.227,0.0,1.477,0.795,0.0,0.0,57.233,0.0,Alaves,1
135,Serie A,2025,867,Lecce,6662,S. Pierotti,Santiago Daniel,Pierotti,24.0,Argentina,189,69,https://media.api-sports.io/football/players/6662.png,Attacker,37.0,31.0,2614.0,6.49,1.0,2.0,22.0,8.0,640.0,22.0,75.0,83.0,5.0,20.0,97.0,39.0,524.0,197.0,23.0,67.0,4.0,0.0,ST,0,W,0,0,59.6,0,,statistical_fallback,Attacker,ST,0.034,0.069,0.757,0.275,22.035,0.757,2.858,0.689,3.34,1.343,36.328,40.21,Lecce,1
39,Premier League,2025,40,Liverpool,6716,A. Mac Allister,Alexis,Mac Allister,27.0,Argentina,176,69,https://media.api-sports.io/football/players/6716.png,Midfielder,37.0,31.0,2686.0,6.71,2.0,4.0,32.0,12.0,1436.0,36.0,86.0,53.0,9.0,21.0,27.0,11.0,250.0,113.0,32.0,35.0,7.0,0.0,CDM,26,CAM,4,31,83.9,0,CDM:26 | CAM:4 | CM:1,lineup_history,Midfielder,CDM,0.067,0.134,1.072,0.402,48.116,1.206,1.776,0.704,0.905,0.369,37.5,40.773,Liverpool,1
78,Bundesliga,2025,186,FC St. Pauli,6904,C. Metcalfe,Connor Isaac,Metcalfe,26.0,Australia,183,75,https://media.api-sports.io/football/players/6904.png,Midfielder,25.0,3.0,600.0,6.56,0.0,2.0,11.0,4.0,195.0,10.0,73.0,15.0,,6.0,14.0,6.0,74.0,30.0,2.0,9.0,2.0,0.0,W,0,CAM,0,0,55.5,0,,statistical_fallback,Midfielder,W,0.0,0.3,1.65,0.6,29.25,1.5,2.25,0.9,2.1,0.9,36.364,42.857,FC St. Pauli,1
78,Bundesliga,2025,162,Werder Bremen,7073,M. Grüll,Marco,Grüll,27.0,Austria,182,74,https://media.api-sports.io/football/players/7073.png,Attacker,33.0,23.0,2020.0,6.75,3.0,1.0,29.0,13.0,616.0,33.0,77.0,38.0,7.0,15.0,43.0,21.0,230.0,101.0,27.0,33.0,5.0,0.0,ST,0,W,0,0,58.6,0,,statistical_fallback,Attacker,ST,0.134,0.045,1.292,0.579,27.446,1.47,1.693,0.668,1.916,0.936,44.814,48.852,Werder Bremen,1
78,Bundesliga,2025,169,Eintracht Frankfurt,7288,M. Zetterer,Michael,Zetterer,30.0,Germany,187,79,https://media.api-sports.io/football/players/7288.png,Goalkeeper,22.0,21.0,1975.0,6.99,0.0,0.0,0.0,0.0,764.0,0.0,71.0,0.0,,1.0,0.0,0.0,14.0,12.0,7.0,,1.0,0.0,GK,0,,0,0,100.0,0,,statistical_fallback,Goalkeeper,GK,0.0,0.0,0.0,0.0,34.815,0.0,0.0,0.046,0.0,0.0,0.0,0.0,Eintracht Frankfurt,1
61,Ligue 1,2025,91,Monaco,7313,P. Köhn,Philipp François,Köhn,27.0,Switzerland,190,80,https://media.api-sports.io/football/players/7313.png,Goalkeeper,19.0,17.0,1619.0,6.94,0.0,0.0,0.0,0.0,464.0,0.0,75.0,0.0,,1.0,0.0,0.0,11.0,10.0,3.0,,1.0,0.0,GK,0,,0,0,100.0,0,,statistical_fallback,Goalkeeper,GK,0.0,0.0,0.0,0.0,25.794,0.0,0.0,0.056,0.0,0.0,0.0,0.0,Monaco,1
78,Bundesliga,2025,167,1899 Hoffenheim,7327,A. Prass,Alexander,Prass,24.0,Austria,180,72,https://media.api-sports.io/football/players/7327.png,Defender,32.0,12.0,1318.0,6.82,3.0,2.0,17.0,11.0,518.0,18.0,76.0,32.0,3.0,7.0,30.0,16.0,179.0,84.0,21.0,26.0,4.0,0.0,FB,0,,0,0,65.8,0,,statistical_fallback,Defender,FB,0.205,0.137,1.161,0.751,35.372,1.229,2.185,0.478,2.049,1.093,64.686,53.343,1899 Hoffenheim,1
78,Bundesliga,2025,173,RB Leipzig,7328,N. Seiwald,Nicolas,Seiwald,24.0,Austria,179,79,https://media.api-sports.io/football/players/7328.png,Midfielder,33.0,31.0,2703.0,6.88,0.0,2.0,13.0,7.0,1444.0,15.0,88.0,66.0,10.0,56.0,11.0,8.0,187.0,113.0,6.0,18.0,2.0,0.0,CDM,0,CM,0,0,61.5,0,,statistical_fallback,Midfielder,CDM,0.0,0.067,0.433,0.233,48.08,0.499,2.198,1.865,0.366,0.266,53.811,72.678,RB Leipzig,1
140,La Liga,2025,548,Real Sociedad,7332,L. Sučić,Luka,Sučić,23.0,Croatia,185,78,https://media.api-sports.io/football/players/7332.png,Midfielder,22.0,10.0,1018.0,6.77,3.0,1.0,16.0,7.0,463.0,9.0,79.0,19.0,1.0,5.0,25.0,14.0,120.0,55.0,6.0,11.0,1.0,0.0,W,0,CAM,0,0,56.9,0,,statistical_fallback,Midfielder,W,0.265,0.088,1.415,0.619,40.933,0.796,1.68,0.442,2.21,1.238,43.746,56.018,Real Sociedad,1
78,Bundesliga,2025,165,Borussia Dortmund,7334,K. Adeyemi,Karim-David,Adeyemi,23.0,Germany,180,75,https://media.api-sports.io/football/players/7334.png,Attacker,28.0,15.0,1215.0,6.88,7.0,4.0,26.0,14.0,293.0,16.0,71.0,5.0,,8.0,74.0,27.0,168.0,64.0,25.0,21.0,5.0,0.0,W,0,,0,0,58.4,0,,statistical_fallback,Attacker,W,0.519,0.296,1.926,1.037,21.704,1.185,0.37,0.593,5.481,2.0,53.842,36.49,Borussia Dortmund,1
78,Bundesliga,2025,162,Werder Bremen,7562,R. Schmid,Romano Christian,Schmid,25.0,Austria,168,69,https://media.api-sports.io/football/players/7562.png,Midfielder,34.0,34.0,2988.0,6.94,4.0,8.0,39.0,21.0,1454.0,89.0,76.0,46.0,4.0,11.0,98.0,37.0,336.0,131.0,31.0,19.0,4.0,0.0,W,0,CAM,0,0,55.6,0,,statistical_fallback,Midfielder,W,0.12,0.241,1.175,0.633,43.795,2.681,1.386,0.331,2.952,1.114,53.872,37.737,Werder Bremen,1
61,Ligue 1,2025,108,Auxerre,7578,G. Mensah,Gideon,Mensah,27.0,Ghana,178,70,https://media.api-sports.io/football/players/7578.png,Defender,30.0,26.0,2333.0,6.84,0.0,2.0,1.0,0.0,1104.0,17.0,82.0,51.0,4.0,28.0,29.0,16.0,222.0,113.0,34.0,37.0,8.0,0.0,FB,0,,0,0,61.7,0,,statistical_fallback,Defender,FB,0.0,0.077,0.039,0.0,42.589,0.656,1.967,1.08,1.119,0.617,0.0,55.139,Auxerre,1
135,Serie A,2025,504,Hellas Verona,7591,S. Lovrić,Sandi,Lovrić,27.0,Slovenia,180,70,https://media.api-sports.io/football/players/7591.png,Midfielder,8.0,3.0,366.0,6.86,0.0,0.0,3.0,1.0,150.0,6.0,91.0,15.0,,7.0,5.0,3.0,41.0,22.0,3.0,5.0,1.0,0.0,CM,0,,0,0,58.0,0,,statistical_fallback,Midfielder,CM,0.0,0.0,0.738,0.246,36.885,1.475,3.689,1.721,1.23,0.738,33.333,60.0,Hellas Verona,1
61,Ligue 1,2025,114,Paris FC,8474,T. De Smet,Thibault,De Smet,27.0,Belgium,183,65,https://media.api-sports.io/football/players/8474.png,Defender,17.0,13.0,1147.0,6.48,0.0,1.0,3.0,0.0,551.0,5.0,84.0,23.0,2.0,8.0,6.0,3.0,89.0,51.0,13.0,11.0,5.0,0.0,FB,0,,0,0,60.5,0,,statistical_fallback,Defender,FB,0.0,0.078,0.235,0.0,43.235,0.392,1.805,0.628,0.471,0.235,0.0,49.894,Paris FC,1
78,Bundesliga,2025,175,Hamburger SV,8483,J. Dompé,Jean-Luc,Mamadou Diarra Dompé,30.0,France,170,65,https://media.api-sports.io/football/players/8483.png,Attacker,20.0,12.0,1136.0,7.04,3.0,0.0,21.0,12.0,287.0,33.0,80.0,5.0,,0.0,37.0,21.0,68.0,35.0,9.0,2.0,0.0,0.0,W,0,,0,0,58.6,0,,statistical_fallback,Attacker,W,0.238,0.0,1.664,0.951,22.738,2.614,0.396,0.0,2.931,1.664,57.151,56.772,Hamburger SV,1
78,Bundesliga,2025,186,FC St. Pauli,8486,E. Smith,Eric Anders,Smith,28.0,Sweden,192,86,https://media.api-sports.io/football/players/8486.png,Defender,27.0,26.0,2314.0,6.88,2.0,2.0,9.0,5.0,1468.0,18.0,84.0,34.0,17.0,23.0,15.0,9.0,175.0,102.0,29.0,15.0,4.0,1.0,FB,0,,0,0,57.8,0,,statistical_fallback,Defender,FB,0.078,0.078,0.35,0.194,57.096,0.7,1.322,0.895,0.583,0.35,55.429,60.034,FC St. Pauli,1
135,Serie A,2025,496,Juventus,8489,J. David,Jonathan Christian,David,25.0,Canada,178,81,https://media.api-sports.io/football/players/8489.png,Attacker,35.0,20.0,1795.0,6.43,6.0,4.0,30.0,16.0,524.0,33.0,78.0,17.0,,5.0,25.0,6.0,193.0,66.0,26.0,30.0,0.0,0.0,ST,0,W,0,0,56.6,0,,statistical_fallback,Attacker,ST,0.301,0.201,1.504,0.802,26.273,1.655,0.852,0.251,1.253,0.301,53.324,24.022,Juventus,1
61,Ligue 1,2025,112,Metz,8490,G. Kvilitaia,Giorgi,Kvilitaia,32.0,Georgia,193,82,https://media.api-sports.io/football/players/8490.png,Attacker,10.0,5.0,502.0,6.71,2.0,0.0,10.0,7.0,123.0,9.0,69.0,7.0,1.0,0.0,6.0,4.0,81.0,36.0,6.0,11.0,1.0,0.0,ST,0,,0,0,61.7,0,,statistical_fallback,Attacker,ST,0.359,0.0,1.793,1.255,22.052,1.614,1.255,0.0,1.076,0.717,69.994,66.636,Metz,1
140,La Liga,2025,530,Atletico Madrid,8492,A. Sørloth,Alexander,Sørloth,30.0,Norway,196,90,https://media.api-sports.io/football/players/8492.png,Attacker,35.0,20.0,1982.0,6.81,13.0,0.0,55.0,35.0,424.0,10.0,67.0,14.0,2.0,0.0,28.0,11.0,283.0,135.0,16.0,30.0,4.0,1.0,ST,0,,0,0,67.6,0,,statistical_fallback,Attacker,ST,0.59,0.0,2.497,1.589,19.253,0.454,0.636,0.0,1.271,0.499,63.636,39.26,Atletico Madrid,1
61,Ligue 1,2025,80,Lyon,8493,R. Yaremchuk,Roman,Yaremchuk,30.0,Ukraine,191,79,https://media.api-sports.io/football/players/8493.png,Attacker,11.0,5.0,561.0,6.78,4.0,1.0,12.0,6.0,103.0,6.0,76.0,4.0,,0.0,10.0,2.0,53.0,22.0,4.0,7.0,1.0,0.0,ST,0,,0,0,58.3,0,,statistical_fallback,Attacker,ST,0.642,0.16,1.925,0.963,16.524,0.963,0.642,0.0,1.604,0.321,50.026,20.012,Lyon,1
135,Serie A,2025,895,Como,8574,J. Butez,Jean,Butez,30.0,France,188,70,https://media.api-sports.io/football/players/8574.png,Goalkeeper,38.0,38.0,3420.0,7.23,0.0,1.0,0.0,0.0,1340.0,3.0,81.0,2.0,,1.0,1.0,1.0,24.0,22.0,9.0,,3.0,0.0,GK,0,,0,0,100.0,0,,statistical_fallback,Goalkeeper,GK,0.0,0.026,0.0,0.0,35.263,0.079,0.053,0.026,0.026,0.026,0.0,100.0,Como,1
135,Serie A,2025,895,Como,8586,M. Vojvoda,Mërgim,Vojvoda,30.0,Kosovo,187,78,https://media.api-sports.io/football/players/8586.png,Midfielder,30.0,19.0,1599.0,6.73,2.0,2.0,16.0,7.0,753.0,29.0,83.0,13.0,2.0,14.0,21.0,13.0,115.0,48.0,12.0,15.0,2.0,0.0,CAM,0,CM,0,0,62.3,0,,statistical_fallback,Midfielder,CAM,0.113,0.113,0.901,0.394,42.383,1.632,0.732,0.788,1.182,0.732,43.729,61.929,Como,1
39,Premier League,2025,65,Nottingham Forest,8598,T. Awoniyi,Taiwo Micheal,Awoniyi,28.0,Nigeria,183,84,https://media.api-sports.io/football/players/8598.png,Attacker,17.0,3.0,502.0,6.68,4.0,1.0,14.0,8.0,75.0,6.0,80.0,2.0,1.0,1.0,4.0,2.0,82.0,20.0,7.0,10.0,2.0,0.0,ST,3,,0,3,100.0,0,ST:3,lineup_history,Attacker,ST,0.717,0.179,2.51,1.434,13.446,1.076,0.359,0.179,0.717,0.359,57.131,50.07,Nottingham Forest,1
78,Bundesliga,2025,192,1. FC Köln,8641,A. Castro-Montes,Alessio Daniel,Castro-Montes,28.0,Belgium,175,67,https://media.api-sports.io/football/players/8641.png,Midfielder,14.0,7.0,670.0,6.8,1.0,3.0,6.0,1.0,308.0,23.0,75.0,18.0,2.0,5.0,9.0,1.0,83.0,42.0,10.0,13.0,2.0,0.0,CM,0,,0,0,58.0,0,,statistical_fallback,Midfielder,CM,0.134,0.403,0.806,0.134,41.373,3.09,2.418,0.672,1.209,0.134,16.625,11.084,1. FC Köln,1
135,Serie A,2025,867,Lecce,8643,K. N’Dri,Konan Ignace,Jocelyn N’Dri,25.0,Côte d'Ivoire,174,73,https://media.api-sports.io/football/players/8643.png,Attacker,27.0,1.0,545.0,6.59,2.0,0.0,15.0,5.0,132.0,4.0,69.0,11.0,,2.0,45.0,10.0,119.0,44.0,18.0,9.0,3.0,0.0,ST,0,,0,0,58.7,0,,statistical_fallback,Attacker,ST,0.33,0.0,2.477,0.826,21.798,0.661,1.817,0.33,7.431,1.651,33.347,22.218,Lecce,1
78,Bundesliga,2025,170,FC Augsburg,8651,S. Essende,Samuel Emmanuel,Essende Mbongu,27.0,France,192,88,https://media.api-sports.io/football/players/8651.png,Attacker,14.0,2.0,422.0,6.45,1.0,0.0,13.0,4.0,92.0,4.0,68.0,4.0,,0.0,7.0,5.0,98.0,39.0,14.0,17.0,2.0,0.0,ST,0,,0,0,62.1,0,,statistical_fallback,Attacker,ST,0.213,0.0,2.773,0.853,19.621,0.853,0.853,0.0,1.493,1.066,30.761,71.4,FC Augsburg,1
78,Bundesliga,2025,162,Werder Bremen,8673,O. Deman,Olivier,Deman,25.0,Belgium,181,74,https://media.api-sports.io/football/players/8673.png,Defender,16.0,14.0,1255.0,6.89,1.0,2.0,5.0,3.0,601.0,17.0,79.0,39.0,4.0,11.0,13.0,6.0,128.0,80.0,12.0,19.0,3.0,0.0,FB,0,,0,0,61.5,0,,statistical_fallback,Defender,FB,0.072,0.143,0.359,0.215,43.1,1.219,2.797,0.789,0.932,0.43,59.889,46.137,Werder Bremen,1
61,Ligue 1,2025,84,Nice,8680,C. Vanhoutte,Charles,Vanhoutte,27.0,Belgium,182,76,https://media.api-sports.io/football/players/8680.png,Midfielder,27.0,21.0,1864.0,6.82,0.0,2.0,3.0,1.0,1032.0,15.0,84.0,48.0,11.0,20.0,16.0,8.0,197.0,101.0,8.0,36.0,6.0,0.0,CDM,0,CM,0,0,63.2,0,,statistical_fallback,Midfielder,CDM,0.0,0.097,0.145,0.048,49.828,0.724,2.318,0.966,0.773,0.386,33.103,49.935,Nice,1
61,Ligue 1,2025,91,Monaco,8694,W. Faes,Wout Felix Lina,Faes,27.0,Belgium,187,84,https://media.api-sports.io/football/players/8694.png,Defender,14.0,13.0,1141.0,6.78,0.0,0.0,4.0,1.0,782.0,1.0,92.0,15.0,11.0,16.0,2.0,1.0,78.0,43.0,3.0,14.0,3.0,0.0,CB,0,,0,0,63.3,0,,statistical_fallback,Defender,CB,0.0,0.0,0.316,0.079,61.683,0.079,1.183,1.262,0.158,0.079,25.0,50.0,Monaco,1
78,Bundesliga,2025,180,1. FC Heidenheim,8959,A. Beck,Adrian,Beck,28.0,Germany,186,75,https://media.api-sports.io/football/players/8959.png,Midfielder,24.0,9.0,884.0,6.78,1.0,1.0,7.0,4.0,388.0,18.0,84.0,18.0,4.0,4.0,30.0,18.0,128.0,60.0,14.0,13.0,1.0,0.0,W,0,CAM,0,0,56.6,0,,statistical_fallback,Midfielder,W,0.102,0.102,0.713,0.407,39.502,1.833,1.833,0.407,3.054,1.833,57.083,60.02,1. FC Heidenheim,1
78,Bundesliga,2025,186,FC St. Pauli,9026,N. Vasilj,Nikola,Vasilj,30.0,Bosnia and Herzegovina,193,86,https://media.api-sports.io/football/players/9026.png,Goalkeeper,34.0,34.0,3060.0,7.12,0.0,0.0,0.0,0.0,1124.0,0.0,69.0,1.0,,0.0,0.0,0.0,13.0,13.0,1.0,,0.0,0.0,GK,0,,0,0,100.0,0,,statistical_fallback,Goalkeeper,GK,0.0,0.0,0.0,0.0,33.059,0.0,0.029,0.0,0.0,0.0,0.0,0.0,FC St. Pauli,1
61,Ligue 1,2025,81,Marseille,9363,Igor Paixão,Igor Guilherme,Barbosa da Paixão,25.0,Brazil,168,65,https://media.api-sports.io/football/players/9363.png,Attacker,30.0,22.0,1981.0,6.95,6.0,5.0,46.0,23.0,699.0,29.0,82.0,29.0,2.0,15.0,83.0,27.0,255.0,107.0,34.0,21.0,3.0,0.0,W,0,,0,0,57.5,0,,statistical_fallback,Attacker,W,0.273,0.227,2.09,1.045,31.757,1.318,1.318,0.681,3.771,1.227,50.0,32.538,Marseille,1
39,Premier League,2025,65,Nottingham Forest,9366,Igor Jesus,Igor Jesus Maciel,da Cruz,24.0,Brazil,180,73,https://media.api-sports.io/football/players/9366.png,Attacker,37.0,28.0,2320.0,6.6,6.0,4.0,39.0,21.0,458.0,15.0,72.0,24.0,5.0,3.0,39.0,11.0,394.0,155.0,40.0,42.0,2.0,0.0,ST,27,CAM,1,28,96.4,0,ST:27 | CAM:1,lineup_history,Attacker,ST,0.233,0.155,1.513,0.815,17.767,0.582,0.931,0.116,1.513,0.427,53.866,28.222,Nottingham Forest,1
61,Ligue 1,2025,80,Lyon,9700,Abner,Abner Vinícius,da Silva Santos,25.0,Brazil,182,75,https://media.api-sports.io/football/players/9700.png,Defender,26.0,25.0,2164.0,6.83,3.0,2.0,10.0,7.0,1001.0,23.0,84.0,34.0,4.0,7.0,22.0,9.0,147.0,63.0,6.0,23.0,4.0,1.0,FB,0,,0,0,65.6,0,,statistical_fallback,Defender,FB,0.125,0.083,0.416,0.291,41.631,0.957,1.414,0.291,0.915,0.374,69.952,40.874,Lyon,1
140,La Liga,2025,543,Real Betis,9971,Antony,Antony Matheus,dos Santos,25.0,Brazil,174,63,https://media.api-sports.io/football/players/9971.png,Midfielder,32.0,30.0,2459.0,7.21,8.0,6.0,67.0,34.0,1197.0,56.0,81.0,40.0,1.0,23.0,58.0,27.0,228.0,118.0,44.0,20.0,6.0,1.0,W,0,CAM,0,0,57.1,0,,statistical_fallback,Midfielder,W,0.293,0.22,2.452,1.244,43.81,2.05,1.464,0.842,2.123,0.988,50.734,46.538,Real Betis,1
140,La Liga,2025,541,Real Madrid,10009,Rodrygo,Rodrygo,Silva de Goes,24.0,Brazil,174,64,https://media.api-sports.io/football/players/10009.png,Attacker,19.0,6.0,680.0,6.92,1.0,3.0,19.0,11.0,324.0,17.0,90.0,13.0,,3.0,38.0,18.0,102.0,54.0,23.0,5.0,3.0,0.0,W,0,,0,0,58.9,0,,statistical_fallback,Attacker,W,0.132,0.397,2.515,1.456,42.882,2.25,1.721,0.397,5.029,2.382,57.893,47.365,Real Madrid,1
135,Serie A,2025,505,Inter,10077,Luis Henrique,Luis Henrique,Tomaz de Lima,24.0,Brazil,181,85,https://media.api-sports.io/football/players/10077.png,Attacker,30.0,18.0,1627.0,6.86,1.0,2.0,11.0,7.0,820.0,22.0,86.0,20.0,1.0,6.0,23.0,13.0,61.0,38.0,,5.0,1.0,0.0,ST,0,W,0,0,61.6,0,,statistical_fallback,Attacker,ST,0.055,0.111,0.608,0.387,45.36,1.217,1.106,0.332,1.272,0.719,63.651,56.525,Inter,1
135,Serie A,2025,499,Atalanta,10097,Éderson,Éderson José,dos Santos Lourenço da Silva,26.0,Brazil,183,83,https://media.api-sports.io/football/players/10097.png,Midfielder,30.0,26.0,2235.0,7.0,2.0,1.0,21.0,11.0,1334.0,25.0,89.0,59.0,7.0,28.0,29.0,16.0,252.0,135.0,40.0,34.0,3.0,0.0,CDM,0,CM,0,0,58.7,0,,statistical_fallback,Midfielder,CDM,0.081,0.04,0.846,0.443,53.718,1.007,2.376,1.128,1.168,0.644,52.364,55.137,Atalanta,1
39,Premier League,2025,34,Newcastle,10135,Bruno Guimarães,Bruno,Guimarães Rodriguez Moura,28.0,Brazil,182,74,https://media.api-sports.io/football/players/10135.png,Midfielder,29.0,27.0,2455.0,7.47,9.0,5.0,36.0,23.0,1449.0,46.0,86.0,62.0,3.0,15.0,48.0,18.0,333.0,168.0,75.0,45.0,6.0,0.0,CM,22,CDM,5,27,81.5,0,CM:22 | CDM:5,lineup_history,Midfielder,CM,0.33,0.183,1.32,0.843,53.12,1.686,2.273,0.55,1.76,0.66,63.864,37.5,Newcastle,1
78,Bundesliga,2025,161,VfL Wolfsburg,10169,Vinicius Souza,Vinicius,de Souza Costa,26.0,Brazil,187,80,https://media.api-sports.io/football/players/10169.png,Midfielder,25.0,23.0,1898.0,6.91,0.0,0.0,8.0,2.0,729.0,8.0,81.0,60.0,9.0,28.0,16.0,9.0,251.0,152.0,24.0,42.0,6.0,0.0,CDM,0,CM,0,0,69.0,0,,statistical_fallback,Midfielder,CDM,0.0,0.0,0.379,0.095,34.568,0.379,2.845,1.328,0.759,0.427,25.066,56.258,VfL Wolfsburg,1
135,Serie A,2025,505,Inter,10238,Carlos Augusto,Carlos Augusto,Zopolato Neves,26.0,Brazil,184,78,https://media.api-sports.io/football/players/10238.png,Defender,34.0,18.0,1765.0,6.9,1.0,1.0,16.0,6.0,1131.0,11.0,89.0,37.0,9.0,18.0,13.0,6.0,188.0,116.0,13.0,26.0,6.0,0.0,FB,0,,0,0,55.2,0,,statistical_fallback,Defender,FB,0.051,0.051,0.816,0.306,57.671,0.561,1.887,0.918,0.663,0.306,37.5,46.154,Inter,1
61,Ligue 1,2025,91,Monaco,10316,Caio Henrique,Caio Henrique,Oliveira Silva,28.0,Brazil,178,68,https://media.api-sports.io/football/players/10316.png,Defender,22.0,17.0,1542.0,6.73,0.0,2.0,0.0,0.0,778.0,21.0,80.0,23.0,6.0,11.0,15.0,6.0,101.0,51.0,17.0,13.0,2.0,0.0,FB,0,,0,0,64.1,0,,statistical_fallback,Defender,FB,0.0,0.117,0.0,0.0,45.409,1.226,1.342,0.642,0.875,0.35,0.0,40.0,Monaco,1
39,Premier League,2025,49,Chelsea,10329,João Pedro,João Pedro,Junqueira de Jesus,24.0,Brazil,182,70,https://media.api-sports.io/football/players/10329.png,Attacker,35.0,31.0,2687.0,7.07,15.0,5.0,52.0,28.0,694.0,29.0,75.0,27.0,5.0,6.0,77.0,40.0,404.0,196.0,56.0,38.0,5.0,0.0,ST,25,CAM,6,31,80.6,0,ST:25 | CAM:6,lineup_history,Attacker,ST,0.502,0.167,1.742,0.938,23.245,0.971,0.904,0.201,2.579,1.34,53.846,51.958,Chelsea,1
140,La Liga,2025,797,Elche,11346,M. Dituro,Matías Ezequiel,Dituro Curto,38.0,Argentina,191,86,https://media.api-sports.io/football/players/11346.png,Goalkeeper,22.0,22.0,1980.0,7.39,0.0,0.0,0.0,0.0,1180.0,3.0,75.0,0.0,,1.0,0.0,0.0,23.0,18.0,7.0,,1.0,0.0,GK,0,,0,0,100.0,0,,statistical_fallback,Goalkeeper,GK,0.0,0.0,0.0,0.0,53.636,0.136,0.0,0.045,0.0,0.0,0.0,0.0,Elche,1
140,La Liga,2025,728,Rayo Vallecano,11379,A. Batalla,Augusto Martín,Batalla Barga,29.0,Argentina,186,87,https://media.api-sports.io/football/players/11379.png,Goalkeeper,34.0,34.0,3060.0,7.01,0.0,0.0,0.0,0.0,1258.0,2.0,63.0,1.0,,0.0,6.0,5.0,26.0,18.0,4.0,1.0,6.0,0.0,GK,0,,0,0,100.0,0,,statistical_fallback,Goalkeeper,GK,0.0,0.0,0.0,0.0,37.0,0.059,0.029,0.0,0.176,0.147,0.0,83.523,Rayo Vallecano,1
140,La Liga,2025,536,Sevilla,11421,G. Suazo,Gabriel Alonso,Suazo Urbina,28.0,Chile,178,72,https://media.api-sports.io/football/players/11421.png,Defender,29.0,25.0,2096.0,6.75,0.0,1.0,4.0,2.0,1026.0,36.0,83.0,86.0,5.0,30.0,26.0,15.0,236.0,128.0,15.0,33.0,7.0,0.0,FB,0,,0,0,59.8,0,,statistical_fallback,Defender,FB,0.0,0.043,0.172,0.086,44.055,1.546,3.693,1.288,1.116,0.644,50.0,57.706,Sevilla,1
39,Premier League,2025,39,Wolves,13708,J. Arias,Jhon Adolfo,Arias Andrade,28.0,Colombia,170,77,https://media.api-sports.io/football/players/13708.png,Midfielder,23.0,14.0,1121.0,6.63,1.0,0.0,10.0,3.0,398.0,11.0,89.0,43.0,2.0,8.0,20.0,8.0,165.0,70.0,9.0,25.0,1.0,0.0,RW,6,CM,4,14,42.9,0,RW:6 | CM:4 | LW:2 | ST:1 | CAM:1,lineup_history,Midfielder,RW,0.08,0.0,0.803,0.241,31.954,0.883,3.452,0.642,1.606,0.642,30.012,39.975,Wolves,1
39,Premier League,2025,52,Crystal Palace,13736,D. Muñoz,Daniel,Muñoz Mejía,29.0,Colombia,180,73,https://media.api-sports.io/football/players/13736.png,Midfielder,29.0,29.0,2403.0,6.91,4.0,3.0,20.0,13.0,824.0,28.0,79.0,74.0,1.0,26.0,15.0,2.0,266.0,138.0,18.0,35.0,7.0,0.0,RWB,29,,0,29,100.0,0,RWB:29,lineup_history,Midfielder,RWB,0.15,0.112,0.749,0.487,30.861,1.049,2.772,0.974,0.562,0.075,65.02,13.345,Crystal Palace,1
135,Serie A,2025,895,Como,14266,I. Smolčić,Ivan,Smolčić,25.0,Croatia,181,78,https://media.api-sports.io/football/players/14266.png,Defender,28.0,19.0,1665.0,6.87,0.0,1.0,9.0,4.0,878.0,15.0,87.0,38.0,9.0,23.0,3.0,2.0,146.0,82.0,17.0,26.0,8.0,0.0,CB,0,,0,0,56.2,0,,statistical_fallback,Defender,CB,0.0,0.054,0.486,0.216,47.459,0.811,2.054,1.243,0.162,0.108,44.444,66.667,Como,1
135,Serie A,2025,504,Hellas Verona,14327,D. Bradarić,Domagoj,Bradarić,26.0,Croatia,178,69,https://media.api-sports.io/football/players/14327.png,Midfielder,29.0,23.0,1976.0,6.64,0.0,1.0,9.0,6.0,531.0,28.0,75.0,30.0,3.0,9.0,18.0,7.0,108.0,54.0,10.0,8.0,2.0,0.0,CM,0,,0,0,58.0,0,,statistical_fallback,Midfielder,CM,0.0,0.046,0.41,0.273,24.185,1.275,1.366,0.41,0.82,0.319,66.585,38.902,Hellas Verona,1
135,Serie A,2025,503,Torino,14329,A. Ismajli,Ardian,Ismajli,29.0,Albania,185,76,https://media.api-sports.io/football/players/14329.png,Defender,25.0,21.0,1915.0,6.89,0.0,1.0,6.0,4.0,953.0,4.0,88.0,33.0,18.0,34.0,6.0,2.0,155.0,104.0,18.0,21.0,5.0,0.0,CB,0,,0,0,60.8,0,,statistical_fallback,Defender,CB,0.0,0.047,0.282,0.188,44.789,0.188,1.551,1.598,0.282,0.094,66.667,33.333,Torino,1
78,Bundesliga,2025,182,Union Berlin,14330,J. Juranović,Josip,Juranović,30.0,Croatia,173,68,https://media.api-sports.io/football/players/14330.png,Defender,11.0,3.0,334.0,6.94,1.0,1.0,4.0,1.0,131.0,12.0,74.0,7.0,4.0,1.0,1.0,0.0,17.0,11.0,3.0,,1.0,0.0,FB,0,,0,0,59.6,0,,statistical_fallback,Defender,FB,0.269,0.269,1.078,0.269,35.299,3.234,1.886,0.269,0.269,0.0,24.954,0.0,Union Berlin,1
78,Bundesliga,2025,170,FC Augsburg,14395,K. Jakić,Kristijan,Jakić,28.0,Croatia,184,78,https://media.api-sports.io/football/players/14395.png,Attacker,26.0,18.0,1653.0,6.77,2.0,1.0,13.0,6.0,721.0,13.0,80.0,34.0,7.0,16.0,14.0,6.0,146.0,75.0,17.0,17.0,5.0,0.0,ST,0,W,0,0,55.6,0,,statistical_fallback,Attacker,ST,0.109,0.054,0.708,0.327,39.256,0.708,1.851,0.871,0.762,0.327,46.186,42.913,FC Augsburg,1
61,Ligue 1,2025,94,Rennes,15286,Mousa Tamari,Mousa Mohammad Mousa,Sulaiman Al Tamari,28.0,Jordan,175,72,https://media.api-sports.io/football/players/15286.png,Attacker,33.0,25.0,2224.0,6.9,6.0,6.0,46.0,23.0,639.0,34.0,81.0,27.0,2.0,11.0,93.0,33.0,230.0,88.0,27.0,17.0,4.0,0.0,W,0,,0,0,60.6,0,,statistical_fallback,Attacker,W,0.243,0.243,1.862,0.931,25.859,1.376,1.093,0.445,3.763,1.335,50.0,35.477,Rennes,1
78,Bundesliga,2025,161,VfL Wolfsburg,15573,K. Grabara,Kamil Mieczysław,Grabara,26.0,Poland,195,80,https://media.api-sports.io/football/players/15573.png,Goalkeeper,36.0,36.0,3270.0,7.23,0.0,0.0,1.0,0.0,1218.0,3.0,65.0,1.0,,1.0,1.0,1.0,21.0,19.0,2.0,,1.0,0.0,GK,0,,0,0,100.0,0,,statistical_fallback,Goalkeeper,GK,0.0,0.0,0.028,0.0,33.523,0.083,0.028,0.028,0.028,0.028,0.0,100.0,VfL Wolfsburg,1
78,Bundesliga,2025,162,Werder Bremen,15592,J. Stage,Jens,Dalsgaard Stage,29.0,Denmark,187,81,https://media.api-sports.io/football/players/15592.png,Midfielder,29.0,29.0,2468.0,7.02,10.0,2.0,41.0,21.0,1104.0,26.0,75.0,41.0,9.0,18.0,25.0,13.0,265.0,145.0,30.0,35.0,5.0,0.0,CAM,0,CM,0,0,57.6,0,,statistical_fallback,Midfielder,CAM,0.365,0.073,1.495,0.766,40.259,0.948,1.495,0.656,0.912,0.474,51.237,51.974,Werder Bremen,1
135,Serie A,2025,867,Lecce,15673,Y. Ramadani,Ylber,Ramadani,29.0,Albania,185,80,https://media.api-sports.io/football/players/15673.png,Midfielder,37.0,37.0,3214.0,6.94,1.0,0.0,24.0,5.0,1446.0,19.0,80.0,91.0,11.0,46.0,27.0,14.0,347.0,192.0,59.0,43.0,10.0,0.0,CDM,0,CM,0,0,65.0,0,,statistical_fallback,Midfielder,CDM,0.028,0.0,0.672,0.14,40.492,0.532,2.548,1.288,0.756,0.392,20.833,51.852,Lecce,1
135,Serie A,2025,801,Pisa,15723,M. Højholt,Malthe,Højholt,24.0,Denmark,182,65,https://media.api-sports.io/football/players/15723.png,Midfielder,17.0,9.0,856.0,6.46,0.0,0.0,4.0,2.0,280.0,3.0,84.0,14.0,3.0,9.0,3.0,1.0,68.0,25.0,5.0,14.0,2.0,0.0,CM,0,,0,0,58.0,0,,statistical_fallback,Midfielder,CM,0.0,0.0,0.421,0.21,29.439,0.315,1.472,0.946,0.315,0.105,49.881,33.333,Pisa,1
78,Bundesliga,2025,180,1. FC Heidenheim,15732,M. Kaufmann,Mikkel,Kaufmann Sørensen,24.0,Denmark,190,81,https://media.api-sports.io/football/players/15732.png,Attacker,16.0,6.0,546.0,6.55,1.0,1.0,8.0,3.0,99.0,4.0,64.0,3.0,1.0,1.0,1.0,0.0,97.0,38.0,13.0,14.0,2.0,0.0,ST,0,,0,0,59.0,0,,statistical_fallback,Attacker,ST,0.165,0.165,1.319,0.495,16.319,0.659,0.495,0.165,0.165,0.0,37.528,0.0,1. FC Heidenheim,1
61,Ligue 1,2025,96,Toulouse,15793,R. Nicolaisen,Rasmus,Schmidt Nicolaisen,28.0,Denmark,191,81,https://media.api-sports.io/football/players/15793.png,Defender,33.0,31.0,2585.0,6.75,1.0,0.0,13.0,5.0,1224.0,2.0,86.0,25.0,22.0,43.0,3.0,3.0,198.0,123.0,21.0,29.0,4.0,0.0,CB,0,,0,0,63.2,0,,statistical_fallback,Defender,CB,0.035,0.0,0.453,0.174,42.615,0.07,0.87,1.497,0.104,0.104,38.411,100.0,Toulouse,1
135,Serie A,2025,497,AS Roma,15811,A. Dovbyk,Artem,Dovbyk,28.0,Ukraine,189,92,https://media.api-sports.io/football/players/15811.png,Attacker,14.0,3.0,396.0,6.5,3.0,1.0,11.0,6.0,87.0,11.0,71.0,3.0,,1.0,3.0,2.0,56.0,26.0,6.0,11.0,0.0,0.0,ST,0,,0,0,60.6,0,,statistical_fallback,Attacker,ST,0.682,0.227,2.5,1.364,19.773,2.5,0.682,0.227,0.682,0.455,54.56,66.716,AS Roma,1
39,Premier League,2025,48,West Ham,15870,M. Hermansen,Mads,Hermansen,25.0,Denmark,187,81,https://media.api-sports.io/football/players/15870.png,Goalkeeper,18.0,18.0,1625.0,6.78,0.0,1.0,0.0,0.0,593.0,2.0,58.0,0.0,,0.0,0.0,0.0,11.0,11.0,2.0,,0.0,0.0,GK,18,,0,18,100.0,0,GK:18,lineup_history,Goalkeeper,GK,0.0,0.055,0.0,0.0,32.843,0.111,0.0,0.0,0.0,0.0,0.0,0.0,West Ham,1
78,Bundesliga,2025,192,1. FC Köln,15871,M. Schwäbe,Marvin,Schwäbe,30.0,Germany,190,86,https://media.api-sports.io/football/players/15871.png,Goalkeeper,34.0,34.0,3060.0,7.13,0.0,0.0,0.0,0.0,1594.0,1.0,69.0,1.0,,0.0,0.0,0.0,11.0,8.0,4.0,1.0,2.0,0.0,GK,0,,0,0,100.0,0,,statistical_fallback,Goalkeeper,GK,0.0,0.0,0.0,0.0,46.882,0.029,0.029,0.0,0.0,0.0,0.0,0.0,1. FC Köln,1
78,Bundesliga,2025,160,SC Freiburg,15874,A. Jung,Anthony,Jung,34.0,Germany,186,83,https://media.api-sports.io/football/players/15874.png,Defender,12.0,4.0,528.0,6.57,0.0,0.0,1.0,0.0,324.0,4.0,82.0,4.0,8.0,9.0,1.0,1.0,36.0,21.0,3.0,4.0,2.0,0.0,CB,0,,0,0,61.1,0,,statistical_fallback,Defender,CB,0.0,0.0,0.17,0.0,55.227,0.682,0.682,1.534,0.17,0.17,0.0,100.0,SC Freiburg,1
135,Serie A,2025,495,Genoa,15881,M. Frendrup,Morten,Wetche Frendrup,24.0,Denmark,178,63,https://media.api-sports.io/football/players/15881.png,Midfielder,36.0,35.0,3089.0,6.93,1.0,0.0,7.0,3.0,1316.0,15.0,87.0,99.0,12.0,41.0,14.0,8.0,286.0,173.0,39.0,40.0,5.0,0.0,CDM,0,CM,0,0,67.1,0,,statistical_fallback,Midfielder,CDM,0.029,0.0,0.204,0.087,38.343,0.437,2.884,1.195,0.408,0.233,42.647,57.108,Genoa,1
78,Bundesliga,2025,161,VfL Wolfsburg,15884,J. Lindstrøm,Jesper Grænge,Lindstrøm,25.0,Denmark,182,66,https://media.api-sports.io/football/players/15884.png,Midfielder,15.0,4.0,437.0,6.45,0.0,0.0,9.0,5.0,132.0,5.0,78.0,8.0,,0.0,19.0,8.0,69.0,25.0,6.0,10.0,2.0,0.0,W,0,CAM,0,0,56.8,0,,statistical_fallback,Midfielder,W,0.0,0.0,1.854,1.03,27.185,1.03,1.648,0.0,3.913,1.648,55.556,42.116,VfL Wolfsburg,1
39,Premier League,2025,55,Brentford,15908,M. Damsgaard,Mikkel,Krogh Damsgaard,25.0,Denmark,180,66,https://media.api-sports.io/football/players/15908.png,Midfielder,33.0,24.0,2078.0,7.01,4.0,4.0,24.0,11.0,950.0,42.0,76.0,57.0,4.0,25.0,51.0,18.0,269.0,116.0,23.0,19.0,0.0,0.0,CAM,19,CM,3,24,79.2,0,CAM:19 | CM:3 | LM:1 | LW:1,lineup_history,Midfielder,CAM,0.173,0.173,1.039,0.476,41.145,1.819,2.469,1.083,2.209,0.78,45.813,35.31,Brentford,1
135,Serie A,2025,504,Hellas Verona,15909,M. Frese,Martin,Sønder Frese,27.0,Denmark,179,75,https://media.api-sports.io/football/players/15909.png,Defender,31.0,27.0,2412.0,6.8,2.0,0.0,18.0,11.0,718.0,31.0,75.0,84.0,10.0,29.0,8.0,0.0,244.0,144.0,20.0,46.0,8.0,0.0,CB,0,,0,0,57.0,0,,statistical_fallback,Defender,CB,0.075,0.0,0.672,0.41,26.791,1.157,3.134,1.082,0.299,0.0,61.012,0.0,Hellas Verona,1
39,Premier League,2025,47,Tottenham,15911,M. Kudus,Mohammed,Kudus,25.0,Ghana,177,70,https://media.api-sports.io/football/players/15911.png,Attacker,19.0,19.0,1545.0,6.89,2.0,5.0,16.0,9.0,444.0,25.0,85.0,29.0,,3.0,102.0,52.0,263.0,107.0,15.0,23.0,3.0,0.0,RW,15,CAM,4,19,78.9,0,RW:15 | CAM:4,lineup_history,Attacker,RW,0.117,0.291,0.932,0.524,25.864,1.456,1.689,0.175,5.942,3.029,56.223,50.976,Tottenham,1
135,Serie A,2025,504,Hellas Verona,15912,V. Nelsson,Victor Enok,Nelsson,27.0,Denmark,185,78,https://media.api-sports.io/football/players/15912.png,Defender,38.0,37.0,3315.0,6.71,0.0,0.0,7.0,1.0,1230.0,3.0,84.0,72.0,23.0,68.0,4.0,3.0,343.0,221.0,20.0,44.0,4.0,0.0,CB,0,,0,0,63.8,0,,statistical_fallback,Defender,CB,0.0,0.0,0.19,0.027,33.394,0.081,1.955,1.846,0.109,0.081,14.211,74.312,Hellas Verona,1
78,Bundesliga,2025,161,VfL Wolfsburg,15916,A. Skov Olsen,Andreas,Skov Olsen,26.0,Denmark,187,75,https://media.api-sports.io/football/players/15916.png,Midfielder,8.0,4.0,369.0,6.76,1.0,0.0,6.0,2.0,126.0,7.0,87.0,2.0,,1.0,4.0,3.0,20.0,12.0,4.0,1.0,1.0,0.0,CAM,0,CM,0,0,65.1,0,,statistical_fallback,Midfielder,CAM,0.244,0.0,1.463,0.488,30.732,1.707,0.488,0.244,0.976,0.732,33.356,75.0,VfL Wolfsburg,1
78,Bundesliga,2025,186,FC St. Pauli,15917,M. Rasmussen,Mathias,Knutsen Rasmussen,28.0,Norway,180,65,https://media.api-sports.io/football/players/15917.png,Midfielder,13.0,8.0,705.0,6.75,0.0,0.0,5.0,2.0,310.0,5.0,77.0,15.0,1.0,7.0,6.0,5.0,60.0,34.0,7.0,6.0,0.0,0.0,CM,0,,0,0,58.0,0,,statistical_fallback,Midfielder,CM,0.0,0.0,0.638,0.255,39.574,0.638,1.915,0.894,0.766,0.638,39.969,83.29,FC St. Pauli,1
61,Ligue 1,2025,85,Paris Saint Germain,16367,W. Pacho,Willian Joel,Pacho Tenorio,24.0,Ecuador,188,81,https://media.api-sports.io/football/players/16367.png,Defender,23.0,21.0,1915.0,6.98,0.0,0.0,6.0,1.0,1693.0,2.0,95.0,40.0,10.0,24.0,2.0,1.0,131.0,83.0,7.0,6.0,0.0,0.0,CB,0,,0,0,63.0,0,,statistical_fallback,Defender,CB,0.0,0.0,0.282,0.047,79.567,0.094,1.88,1.128,0.094,0.047,16.667,50.0,Paris Saint Germain,1
39,Premier League,2025,45,Everton,17661,J. Branthwaite,Jarrad Paul,Branthwaite,23.0,England,195,87,https://media.api-sports.io/football/players/17661.png,Defender,10.0,7.0,689.0,7.05,1.0,0.0,5.0,2.0,351.0,3.0,83.0,13.0,2.0,11.0,4.0,0.0,64.0,44.0,1.0,3.0,1.0,0.0,CB,5,LB,2,7,71.4,0,CB:5 | LB:2,lineup_history,Defender,CB,0.131,0.0,0.653,0.261,45.849,0.392,1.698,1.437,0.522,0.0,39.969,0.0,Everton,1
39,Premier League,2025,45,Everton,18592,I. Ndiaye,Iliman Cheikh,Baroy Ndiaye,25.0,Senegal,180,70,https://media.api-sports.io/football/players/18592.png,Midfielder,32.0,32.0,2798.0,6.88,6.0,3.0,30.0,22.0,941.0,30.0,84.0,70.0,2.0,16.0,132.0,71.0,407.0,189.0,37.0,30.0,2.0,0.0,RW,17,LW,13,32,53.1,0,RW:17 | LW:13 | CAM:2,lineup_history,Midfielder,RW,0.193,0.096,0.965,0.708,30.268,0.965,2.252,0.515,4.246,2.284,73.368,53.792,Everton,1
140,La Liga,2025,542,Alaves,18740,Jonny,Jonathan,Castro Otto,31.0,Spain,175,70,https://media.api-sports.io/football/players/18740.png,Defender,34.0,34.0,2998.0,6.68,0.0,0.0,8.0,3.0,1759.0,17.0,86.0,67.0,14.0,40.0,35.0,26.0,276.0,149.0,30.0,37.0,7.0,0.0,FB,0,,0,0,55.4,0,,statistical_fallback,Defender,FB,0.0,0.0,0.24,0.09,52.805,0.51,2.011,1.201,1.051,0.781,37.5,74.31,Alaves,1
39,Premier League,2025,39,Wolves,18742,M. Doherty,Matthew James,Doherty,33.0,Republic of Ireland,185,80,https://media.api-sports.io/football/players/18742.png,Defender,11.0,11.0,791.0,6.55,0.0,0.0,1.0,0.0,297.0,3.0,80.0,16.0,6.0,7.0,2.0,2.0,82.0,44.0,6.0,16.0,4.0,0.0,CB,6,RB,3,11,54.5,0,CB:6 | RB:3 | RWB:2,lineup_history,Defender,CB,0.0,0.0,0.114,0.0,33.793,0.341,1.82,0.796,0.228,0.228,0.0,100.0,Wolves,1
39,Premier League,2025,48,West Ham,18744,M. Kilman,Maximilian William,Kilman,28.0,England,194,89,https://media.api-sports.io/football/players/18744.png,Defender,21.0,17.0,1565.0,6.6,0.0,0.0,5.0,1.0,687.0,4.0,87.0,16.0,24.0,9.0,5.0,4.0,132.0,69.0,2.0,16.0,4.0,0.0,CB,17,,0,17,100.0,0,CB:17,lineup_history,Defender,CB,0.0,0.0,0.288,0.058,39.508,0.23,0.92,0.518,0.288,0.23,20.139,79.861,West Ham,1
39,Premier League,2025,65,Nottingham Forest,18746,M. Gibbs-White,Morgan Anthony,Gibbs-White,25.0,England,171,66,https://media.api-sports.io/football/players/18746.png,Midfielder,37.0,35.0,3110.0,6.92,15.0,4.0,59.0,32.0,1208.0,49.0,81.0,20.0,3.0,13.0,63.0,30.0,322.0,130.0,41.0,26.0,1.0,0.0,CAM,27,LM,3,35,77.1,0,CAM:27 | LM:3 | ST:2 | RW:1 | CM:1 | LW:1,lineup_history,Midfielder,CAM,0.434,0.116,1.707,0.926,34.958,1.418,0.579,0.376,1.823,0.868,54.247,47.614,Nottingham Forest,1
39,Premier League,2025,36,Fulham,18753,Adama Traoré,Adama,Traoré Diarra,29.0,Spain,178,86,https://media.api-sports.io/football/players/18753.png,Attacker,15.0,1.0,318.0,6.51,0.0,0.0,3.0,1.0,78.0,3.0,79.0,1.0,,0.0,10.0,6.0,41.0,16.0,8.0,6.0,0.0,0.0,RW,1,,0,1,100.0,0,RW:1,lineup_history,Attacker,RW,0.0,0.0,0.849,0.283,22.075,0.849,0.283,0.0,2.83,1.698,33.333,60.0,Fulham,1
39,Premier League,2025,63,Leeds,18766,D. Calvert-Lewin,Dominic Nathaniel,Calvert-Lewin,28.0,England,187,71,https://media.api-sports.io/football/players/18766.png,Attacker,35.0,30.0,2726.0,6.71,14.0,1.0,66.0,34.0,460.0,20.0,58.0,10.0,9.0,5.0,30.0,8.0,465.0,184.0,38.0,45.0,3.0,0.0,ST,30,,0,30,100.0,0,ST:30,lineup_history,Attacker,ST,0.462,0.033,2.179,1.123,15.187,0.66,0.33,0.165,0.99,0.264,51.537,26.667,Leeds,1
135,Serie A,2025,499,Atletico Madrid | Atalanta,18767,A. Lookman,Ademola Lookman Olajade,Alade Aylola Lookman,28.0,Nigeria,174,71,https://media.api-sports.io/football/players/18767.png,Attacker,12.0,9.0,1419.0,6.801,2.0,0.0,13.0,8.0,240.0,18.0,79.0,5.0,,3.0,30.0,16.0,70.0,31.0,8.0,10.0,0.0,0.0,W,0,ST,0,0,56.4,0,,statistical_fallback,Attacker,W,0.381,0.0,1.776,0.824,26.829,1.776,0.634,0.254,2.791,1.459,46.41,52.274,Atletico Madrid | Atalanta,2
39,Premier League,2025,34,Newcastle,18778,H. Barnes,Harvey Lewis,Barnes,28.0,England,174,66,https://media.api-sports.io/football/players/18778.png,Attacker,37.0,19.0,1970.0,6.77,7.0,1.0,39.0,21.0,585.0,24.0,80.0,14.0,1.0,3.0,45.0,13.0,157.0,57.0,23.0,17.0,1.0,0.0,LW,13,RW,5,19,68.4,0,LW:13 | RW:5 | LM:1,lineup_history,Attacker,LW,0.32,0.046,1.782,0.959,26.726,1.096,0.64,0.137,2.056,0.594,53.816,28.891,Newcastle,1
135,Serie A,2025,520,Cremonese,18788,J. Vardy,Jamie Richard,Vardy,38.0,England,179,74,https://media.api-sports.io/football/players/18788.png,Attacker,29.0,24.0,2107.0,6.67,7.0,2.0,22.0,14.0,303.0,15.0,62.0,12.0,3.0,3.0,15.0,6.0,214.0,87.0,21.0,19.0,5.0,0.0,ST,0,,0,0,56.8,0,,statistical_fallback,Attacker,ST,0.299,0.085,0.94,0.598,12.943,0.641,0.513,0.128,0.641,0.256,63.617,39.938,Cremonese,1
140,La Liga,2025,546,Getafe,18794,Kiko Femenía,Francisco,Femenía Far,34.0,Spain,176,61,https://media.api-sports.io/football/players/18794.png,Defender,28.0,25.0,2020.0,6.59,1.0,1.0,7.0,3.0,601.0,17.0,77.0,39.0,2.0,34.0,19.0,6.0,151.0,74.0,11.0,21.0,6.0,0.0,FB,0,,0,0,61.7,0,,statistical_fallback,Defender,FB,0.045,0.045,0.312,0.134,26.777,0.757,1.738,1.515,0.847,0.267,42.949,31.523,Getafe,1
135,Serie A,2025,494,Udinese,18797,C. Kabasele,Christian,Kabasele,34.0,Belgium,187,84,https://media.api-sports.io/football/players/18797.png,Defender,30.0,28.0,2262.0,6.8,3.0,0.0,8.0,6.0,841.0,1.0,88.0,18.0,21.0,36.0,6.0,5.0,185.0,111.0,25.0,33.0,5.0,1.0,CB,0,,0,0,60.9,0,,statistical_fallback,Defender,CB,0.119,0.0,0.318,0.239,33.462,0.04,0.716,1.432,0.239,0.199,75.157,83.264,Udinese,1
39,Premier League,2025,52,Crystal Palace,18806,W. Hughes,William James,Hughes,30.0,England,185,74,https://media.api-sports.io/football/players/18806.png,Midfielder,31.0,19.0,1577.0,6.78,0.0,0.0,10.0,0.0,677.0,21.0,81.0,27.0,8.0,15.0,18.0,11.0,160.0,79.0,25.0,23.0,7.0,0.0,CM,19,,0,19,100.0,0,CM:19,lineup_history,Midfielder,CM,0.0,0.0,0.571,0.0,38.637,1.198,1.541,0.856,1.027,0.628,0.0,61.149,Crystal Palace,1
39,Premier League,2025,36,Fulham,18814,I. Diop,Issa Laye Lucas Jean,Diop,28.0,France,194,92,https://media.api-sports.io/football/players/18814.png,Defender,13.0,8.0,827.0,6.64,1.0,0.0,2.0,1.0,494.0,0.0,87.0,7.0,7.0,6.0,1.0,1.0,47.0,26.0,3.0,9.0,2.0,0.0,CB,8,,0,8,100.0,0,CB:8,lineup_history,Defender,CB,0.109,0.0,0.218,0.109,53.761,0.0,0.762,0.653,0.109,0.109,50.0,100.0,Fulham,1
140,La Liga,2025,797,Elche,18821,G. Diangana,Grady George,Diangana,27.0,England,180,73,https://media.api-sports.io/football/players/18821.png,Attacker,20.0,13.0,929.0,6.51,1.0,0.0,7.0,2.0,294.0,10.0,83.0,14.0,3.0,4.0,32.0,10.0,121.0,49.0,19.0,15.0,3.0,0.0,ST,0,W,0,0,58.5,0,,statistical_fallback,Attacker,ST,0.097,0.0,0.678,0.194,28.482,0.969,1.356,0.388,3.1,0.969,28.614,31.258,Elche,1
39,Premier League,2025,48,West Ham,18846,A. Wan-Bissaka,Aaron,Wan-Bissaka,28.0,England,183,72,https://media.api-sports.io/football/players/18846.png,Midfielder,25.0,23.0,2084.0,6.64,0.0,2.0,0.0,0.0,736.0,18.0,76.0,34.0,7.0,39.0,33.0,16.0,165.0,84.0,12.0,23.0,4.0,0.0,RB,15,RWB,7,23,65.2,0,RB:15 | RWB:7 | CB:1,lineup_history,Midfielder,RB,0.0,0.086,0.0,0.0,31.785,0.777,1.468,1.684,1.425,0.691,0.0,48.491,West Ham,1
39,Premier League,2025,50,Manchester City,18861,N. Aké,Nathan Benjamin,Aké,30.0,Netherlands,180,75,https://media.api-sports.io/football/players/18861.png,Defender,18.0,6.0,703.0,6.81,0.0,0.0,5.0,1.0,492.0,7.0,88.0,8.0,1.0,5.0,1.0,0.0,50.0,33.0,8.0,3.0,1.0,0.0,CB,3,LB,3,6,50.0,0,CB:3 | LB:3,lineup_history,Defender,CB,0.0,0.0,0.64,0.128,62.987,0.896,1.024,0.64,0.128,0.0,20.0,0.0,Manchester City,1
39,Premier League,2025,52,Crystal Palace,18862,N. Clyne,Nathaniel Edwin,Clyne,34.0,England,175,67,https://media.api-sports.io/football/players/18862.png,Defender,10.0,7.0,604.0,6.59,0.0,1.0,2.0,0.0,185.0,3.0,80.0,16.0,2.0,5.0,7.0,4.0,42.0,24.0,2.0,4.0,1.0,0.0,RWB,6,CB,1,7,85.7,0,RWB:6 | CB:1,lineup_history,Defender,RWB,0.0,0.149,0.298,0.0,27.566,0.447,2.384,0.745,1.043,0.596,0.0,57.143,Crystal Palace,1
140,La Liga,2025,546,Getafe,18867,Diego Rico,Diego,Rico Salguero,32.0,Spain,183,76,https://media.api-sports.io/football/players/18867.png,Defender,28.0,18.0,1767.0,6.66,0.0,0.0,8.0,1.0,588.0,11.0,63.0,46.0,3.0,30.0,15.0,6.0,198.0,109.0,35.0,22.0,4.0,0.0,CB,0,,0,0,55.5,0,,statistical_fallback,Defender,CB,0.0,0.0,0.407,0.051,29.949,0.56,2.343,1.528,0.764,0.306,12.531,40.052,Getafe,1
39,Premier League,2025,35,Bournemouth,18869,A. Smith,Adam James,Smith,34.0,England,180,78,https://media.api-sports.io/football/players/18869.png,Defender,22.0,14.0,1095.0,6.54,0.0,2.0,0.0,0.0,363.0,5.0,77.0,15.0,9.0,9.0,1.0,1.0,89.0,39.0,11.0,19.0,3.0,0.0,RB,14,,0,14,100.0,0,RB:14,lineup_history,Defender,RB,0.0,0.164,0.0,0.0,29.836,0.411,1.233,0.74,0.082,0.082,0.0,100.0,Bournemouth,1
39,Premier League,2025,35,Bournemouth,18870,D. Brooks,David Robert,Brooks,28.0,Wales,173,62,https://media.api-sports.io/football/players/18870.png,Midfielder,31.0,13.0,1220.0,6.66,1.0,3.0,31.0,13.0,445.0,26.0,77.0,19.0,,4.0,41.0,17.0,133.0,55.0,13.0,11.0,7.0,0.0,RW,7,LW,4,13,53.8,0,RW:7 | LW:4 | LM:1 | RM:1,lineup_history,Midfielder,RW,0.074,0.221,2.287,0.959,32.828,1.918,1.402,0.295,3.025,1.254,41.933,41.455,Bournemouth,1
39,Premier League,2025,35,Bournemouth,18872,L. Cook,Lewis John,Cook,28.0,England,175,71,https://media.api-sports.io/football/players/18872.png,Midfielder,18.0,8.0,905.0,6.86,0.0,1.0,2.0,0.0,498.0,11.0,86.0,25.0,6.0,24.0,4.0,3.0,77.0,42.0,5.0,8.0,1.0,1.0,CDM,7,RB,1,8,87.5,0,CDM:7 | RB:1,lineup_history,Midfielder,CDM,0.0,0.099,0.199,0.0,49.525,1.094,2.486,2.387,0.398,0.298,0.0,74.874,Bournemouth,1
39,Premier League,2025,47,Tottenham,18883,D. Solanke,Dominic Ayodele,Solanke-Mitchell,28.0,England,187,80,https://media.api-sports.io/football/players/18883.png,Attacker,15.0,11.0,1000.0,6.87,3.0,0.0,14.0,11.0,158.0,6.0,74.0,22.0,2.0,3.0,24.0,11.0,145.0,61.0,9.0,12.0,1.0,0.0,ST,11,,0,11,100.0,0,ST:11,lineup_history,Attacker,ST,0.27,0.0,1.26,0.99,14.22,0.54,1.98,0.27,2.16,0.99,78.571,45.833,Tottenham,1
39,Premier League,2025,63,Leeds,18885,K. Darlow,Karl,Darlow,35.0,England,190,88,https://media.api-sports.io/football/players/18885.png,Goalkeeper,22.0,22.0,1985.0,7.05,0.0,0.0,0.0,0.0,845.0,0.0,58.0,1.0,,0.0,1.0,1.0,13.0,13.0,7.0,,1.0,0.0,GK,22,,0,22,100.0,0,GK:22,lineup_history,Goalkeeper,GK,0.0,0.0,0.0,0.0,38.312,0.0,0.045,0.0,0.045,0.045,0.0,100.0,Leeds,1
39,Premier League,2025,44,Burnley,18886,M. Dúbravka,Martin,Dúbravka,36.0,Slovakia,190,83,https://media.api-sports.io/football/players/18886.png,Goalkeeper,35.0,35.0,3150.0,6.99,0.0,0.0,0.0,0.0,1204.0,0.0,58.0,1.0,,0.0,0.0,0.0,34.0,29.0,8.0,,1.0,0.0,GK,35,,0,35,100.0,0,GK:35,lineup_history,Goalkeeper,GK,0.0,0.0,0.0,0.0,34.4,0.0,0.029,0.0,0.0,0.0,0.0,0.0,Burnley,1
140,La Liga,2025,728,Rayo Vallecano,18895,F. Lejeune,Florian Grégoire,Claude Lejeune,34.0,France,189,89,https://media.api-sports.io/football/players/18895.png,Defender,36.0,36.0,3231.0,7.08,2.0,1.0,43.0,18.0,2129.0,17.0,87.0,67.0,27.0,48.0,10.0,8.0,284.0,169.0,14.0,47.0,7.0,0.0,CB,0,,0,0,59.0,0,,statistical_fallback,Defender,CB,0.056,0.028,1.198,0.501,59.304,0.474,1.866,1.337,0.279,0.223,41.82,79.928,Rayo Vallecano,1
39,Premier League,2025,63,Leeds,18901,S. Longstaff,Sean David,Longstaff,28.0,England,180,65,https://media.api-sports.io/football/players/18901.png,Midfielder,23.0,10.0,1046.0,6.9,2.0,2.0,13.0,4.0,448.0,25.0,84.0,38.0,6.0,12.0,7.0,2.0,130.0,67.0,17.0,13.0,2.0,0.0,CM,10,,0,10,100.0,0,CM:10,lineup_history,Midfielder,CM,0.172,0.172,1.119,0.344,38.547,2.151,3.27,1.033,0.602,0.172,30.742,28.571,Leeds,1
140,La Liga,2025,533,Villarreal,18906,Ayoze Pérez,Ayoze,Pérez Gutiérrez,32.0,Spain,178,66,https://media.api-sports.io/football/players/18906.png,Attacker,25.0,12.0,1127.0,6.78,5.0,4.0,17.0,11.0,256.0,16.0,75.0,22.0,,4.0,39.0,13.0,179.0,72.0,23.0,17.0,4.0,0.0,W,0,,0,0,57.6,0,,statistical_fallback,Attacker,W,0.399,0.319,1.358,0.878,20.444,1.278,1.757,0.319,3.114,1.038,64.654,33.333,Villarreal,1
39,Premier League,2025,34,Newcastle,18911,N. Pope,Nicholas David,Pope,33.0,England,191,76,https://media.api-sports.io/football/players/18911.png,Goalkeeper,27.0,27.0,2426.0,6.94,0.0,0.0,1.0,1.0,611.0,0.0,60.0,1.0,,0.0,0.0,0.0,18.0,17.0,2.0,1.0,2.0,0.0,GK,27,,0,27,100.0,0,GK:27,lineup_history,Goalkeeper,GK,0.0,0.0,0.037,0.037,22.667,0.0,0.037,0.0,0.0,0.0,100.0,0.0,Newcastle,1
39,Premier League,2025,45,Everton,18929,D. McNeil,Dwight James Matthew,McNeil,26.0,England,183,68,https://media.api-sports.io/football/players/18929.png,Attacker,22.0,14.0,1189.0,6.63,0.0,1.0,12.0,5.0,324.0,15.0,81.0,23.0,3.0,10.0,14.0,7.0,103.0,44.0,7.0,11.0,1.0,0.0,RW,11,LW,2,14,78.6,0,RW:11 | LW:2 | CAM:1,lineup_history,Attacker,RW,0.0,0.076,0.908,0.378,24.525,1.135,1.741,0.757,1.06,0.53,41.63,50.0,Everton,1
39,Premier League,2025,65,Nottingham Forest,18931,C. Wood,Christopher Grant,Wood,34.0,New Zealand,191,81,https://media.api-sports.io/football/players/18931.png,Attacker,15.0,11.0,906.0,6.61,3.0,0.0,23.0,9.0,161.0,5.0,69.0,1.0,4.0,1.0,2.0,1.0,87.0,34.0,6.0,6.0,0.0,0.0,ST,11,,0,11,100.0,0,ST:11,lineup_history,Attacker,ST,0.298,0.0,2.285,0.894,15.993,0.497,0.099,0.099,0.199,0.099,39.125,49.749,Nottingham Forest,1
39,Premier League,2025,49,Chelsea,18959,Robert Sánchez,Robert,Lynch Sánchez,28.0,Spain,197,90,https://media.api-sports.io/football/players/18959.png,Goalkeeper,35.0,35.0,3054.0,6.91,0.0,1.0,0.0,0.0,1305.0,5.0,66.0,2.0,,1.0,0.0,0.0,29.0,26.0,14.0,2.0,3.0,1.0,GK,35,,0,35,100.0,0,GK:35,lineup_history,Goalkeeper,GK,0.0,0.029,0.0,0.0,38.458,0.147,0.059,0.029,0.0,0.0,0.0,0.0,Chelsea,1
39,Premier League,2025,34,Newcastle,18961,D. Burn,Daniel Johnson,Burn,33.0,England,198,87,https://media.api-sports.io/football/players/18961.png,Defender,29.0,25.0,2209.0,6.59,1.0,2.0,7.0,3.0,1054.0,7.0,79.0,40.0,12.0,21.0,3.0,2.0,275.0,151.0,13.0,36.0,10.0,0.0,CB,14,LB,11,25,56.0,0,CB:14 | LB:11,lineup_history,Defender,CB,0.041,0.081,0.285,0.122,42.943,0.285,1.63,0.856,0.122,0.081,42.807,66.393,Newcastle,1
39,Premier League,2025,51,Brighton,18963,L. Dunk,Lewis Carl,Dunk,34.0,England,192,88,https://media.api-sports.io/football/players/18963.png,Defender,33.0,31.0,2844.0,6.95,1.0,0.0,19.0,3.0,2484.0,7.0,92.0,34.0,27.0,30.0,4.0,4.0,217.0,127.0,12.0,15.0,10.0,0.0,CB,31,,0,31,100.0,0,CB:31,lineup_history,Defender,CB,0.032,0.0,0.601,0.095,78.608,0.222,1.076,0.949,0.127,0.127,15.807,100.0,Brighton,1
78,Bundesliga,2025,167,1899 Hoffenheim,18964,Bernardo,Bernardo,Fernandes da Silva Junior,30.0,Brazil,186,76,https://media.api-sports.io/football/players/18964.png,Defender,29.0,26.0,2318.0,6.88,0.0,0.0,5.0,0.0,1250.0,9.0,79.0,68.0,13.0,40.0,11.0,6.0,302.0,185.0,11.0,41.0,9.0,0.0,CB,0,,0,0,61.5,0,,statistical_fallback,Defender,CB,0.0,0.0,0.194,0.0,48.533,0.349,2.64,1.553,0.427,0.233,0.0,54.567,1899 Hoffenheim,1
135,Serie A,2025,495,Genoa,18967,L. Østigård,Leo,Skiri Østigård,26.0,Norway,182,81,https://media.api-sports.io/football/players/18967.png,Defender,30.0,30.0,2623.0,7.23,5.0,1.0,18.0,12.0,1692.0,10.0,88.0,36.0,27.0,30.0,1.0,1.0,242.0,157.0,15.0,38.0,7.0,0.0,CB,0,,0,0,61.8,0,,statistical_fallback,Defender,CB,0.172,0.034,0.618,0.412,58.056,0.343,1.235,1.029,0.034,0.034,66.667,100.0,Genoa,1
39,Premier League,2025,47,Tottenham,18968,Y. Bissouma,Yves,Bissouma,29.0,Mali,182,80,https://media.api-sports.io/football/players/18968.png,Midfielder,11.0,7.0,605.0,6.64,0.0,0.0,4.0,2.0,317.0,0.0,88.0,18.0,3.0,9.0,5.0,3.0,50.0,32.0,6.0,8.0,4.0,0.0,CM,5,CDM,2,7,71.4,0,CM:5 | CDM:2,lineup_history,Midfielder,CM,0.0,0.0,0.595,0.298,47.157,0.0,2.678,1.339,0.744,0.446,50.084,59.946,Tottenham,1
39,Premier League,2025,51,Brighton | Borussia Dortmund,18970,P. Groß,Pascal,Groß,34.0,Germany,181,78,https://media.api-sports.io/football/players/18970.png,Midfielder,19.0,18.0,2254.0,6.987,1.0,3.0,12.0,9.0,1064.0,39.0,85.0,29.0,4.0,12.0,16.0,7.0,128.0,60.0,12.0,17.0,2.0,0.0,CDM,14,CM,4,18,77.8,0,CDM:14 | CM:4,lineup_history,Midfielder,CDM,0.04,0.16,0.639,0.399,61.012,1.996,1.477,0.719,0.838,0.439,62.501,52.401,Brighton | Borussia Dortmund,2
39,Premier League,2025,42,Arsenal,18979,V. Gyökeres,Viktor Einar,Gyökeres,27.0,Sweden,189,90,https://media.api-sports.io/football/players/18979.png,Attacker,36.0,26.0,2254.0,6.62,14.0,1.0,41.0,22.0,320.0,20.0,62.0,7.0,3.0,1.0,37.0,7.0,234.0,74.0,31.0,35.0,5.0,0.0,ST,26,,0,26,100.0,0,ST:26,lineup_history,Attacker,ST,0.559,0.04,1.637,0.878,12.777,0.799,0.28,0.04,1.477,0.28,53.635,18.957,Arsenal,1
39,Premier League,2025,36,Fulham,19025,T. Cairney,Thomas,Cairney,34.0,Scotland,185,84,https://media.api-sports.io/football/players/19025.png,Midfielder,24.0,6.0,814.0,6.81,2.0,0.0,10.0,2.0,690.0,11.0,92.0,7.0,1.0,4.0,8.0,4.0,60.0,32.0,11.0,10.0,3.0,0.0,CDM,4,CM,2,6,66.7,0,CDM:4 | CM:2,lineup_history,Midfielder,CDM,0.221,0.0,1.106,0.221,76.29,1.216,0.774,0.442,0.885,0.442,19.982,49.944,Fulham,1
61,Ligue 1,2025,81,Marseille,19030,M. O&apos;Riley,Matthew Sean,O'Riley,25.0,Denmark,187,77,https://media.api-sports.io/football/players/19030.png,Midfielder,15.0,6.0,739.0,6.75,1.0,2.0,6.0,3.0,444.0,13.0,88.0,18.0,3.0,6.0,7.0,2.0,63.0,23.0,1.0,15.0,2.0,0.0,CAM,2,,0,2,100.0,0,CAM:2,lineup_history,Midfielder,CAM,0.122,0.244,0.731,0.365,54.073,1.583,2.192,0.731,0.853,0.244,49.932,28.605,Marseille,1
39,Premier League,2025,36,Fulham,19032,R. Sessegnon,Kouassi Ryan,Sessegnon,25.0,England,178,70,https://media.api-sports.io/football/players/19032.png,Defender,27.0,20.0,1822.0,6.62,3.0,1.0,10.0,4.0,679.0,14.0,76.0,48.0,8.0,25.0,25.0,9.0,181.0,79.0,3.0,33.0,0.0,0.0,LB,18,LWB,1,20,90.0,0,LB:18 | LWB:1 | RW:1,lineup_history,Defender,LB,0.148,0.049,0.494,0.198,33.54,0.692,2.371,1.235,1.235,0.445,40.081,36.032,Fulham,1
39,Premier League,2025,66,Aston Villa,19071,E. Buendía,Emiliano,Buendía Stati,29.0,Argentina,172,72,https://media.api-sports.io/football/players/19071.png,Midfielder,36.0,21.0,1796.0,6.85,6.0,2.0,36.0,13.0,655.0,30.0,81.0,49.0,4.0,13.0,30.0,9.0,277.0,124.0,45.0,41.0,6.0,0.0,LW,17,LM,3,21,81.0,0,LW:17 | LM:3 | CAM:1,lineup_history,Midfielder,LW,0.301,0.1,1.804,0.651,32.823,1.503,2.455,0.651,1.503,0.451,36.086,30.007,Aston Villa,1
39,Premier League,2025,52,Crystal Palace,19088,D. Henderson,Dean Bradley,Henderson,28.0,England,188,85,https://media.api-sports.io/football/players/19088.png,Goalkeeper,37.0,37.0,3330.0,6.94,0.0,0.0,0.0,0.0,1115.0,1.0,53.0,1.0,,2.0,1.0,1.0,25.0,21.0,5.0,2.0,5.0,0.0,GK,37,,0,37,100.0,0,GK:37,lineup_history,Goalkeeper,GK,0.0,0.0,0.0,0.0,30.135,0.027,0.027,0.054,0.027,0.027,0.0,100.0,Crystal Palace,1
135,Serie A,2025,502,Fiorentina,19128,J. Harrison,Jack David,Harrison,29.0,England,175,70,https://media.api-sports.io/football/players/19128.png,Attacker,15.0,10.0,979.0,6.73,1.0,3.0,9.0,4.0,381.0,15.0,82.0,10.0,1.0,1.0,32.0,11.0,101.0,32.0,7.0,9.0,1.0,0.0,LW,1,,0,1,100.0,0,LW:1,lineup_history,Attacker,LW,0.092,0.276,0.827,0.368,35.026,1.379,0.919,0.092,2.942,1.011,44.498,34.364,Fiorentina,1
39,Premier League,2025,39,Wolves,19143,S. Johnstone,Samuel Luke,Johnstone,32.0,England,193,85,https://media.api-sports.io/football/players/19143.png,Goalkeeper,12.0,12.0,1080.0,6.93,0.0,0.0,0.0,0.0,438.0,0.0,55.0,2.0,,0.0,0.0,0.0,6.0,5.0,,,0.0,0.0,GK,12,,0,12,100.0,0,GK:12,lineup_history,Goalkeeper,GK,0.0,0.0,0.0,0.0,36.5,0.0,0.167,0.0,0.0,0.0,0.0,0.0,Wolves,1
39,Premier League,2025,49,Chelsea,19145,T. Adarabioyo,Abdul-Nasir Oluwatosin,Oluwadoyinsolami Adarabioyo,28.0,England,196,80,https://media.api-sports.io/football/players/19145.png,Defender,16.0,8.0,796.0,6.89,0.0,0.0,1.0,0.0,757.0,1.0,90.0,17.0,5.0,9.0,0.0,0.0,83.0,58.0,,6.0,2.0,0.0,CB,8,,0,8,100.0,0,CB:8,lineup_history,Defender,CB,0.0,0.0,0.113,0.0,85.59,0.113,1.922,1.018,0.0,0.0,0.0,0.0,Chelsea,1
39,Premier League,2025,34,Newcastle,19163,J. Murphy,Jacob Kai,Murphy,30.0,England,179,74,https://media.api-sports.io/football/players/19163.png,Midfielder,33.0,19.0,1627.0,6.71,3.0,2.0,28.0,13.0,499.0,23.0,73.0,16.0,4.0,6.0,41.0,21.0,140.0,57.0,13.0,9.0,2.0,0.0,RW,14,RM,2,19,73.7,0,RW:14 | RM:2 | ST:1 | CAM:1 | RWB:1,lineup_history,Midfielder,RW,0.166,0.111,1.549,0.719,27.603,1.272,0.885,0.332,2.268,1.162,46.417,51.235,Newcastle,1
39,Premier League,2025,66,Aston Villa,19170,M. Rogers,Morgan Elliot,Rogers,23.0,England,187,80,https://media.api-sports.io/football/players/19170.png,Midfielder,37.0,37.0,3285.0,6.84,10.0,6.0,58.0,32.0,1067.0,47.0,74.0,42.0,3.0,13.0,118.0,42.0,441.0,158.0,49.0,46.0,7.0,0.0,CAM,19,LW,14,37,51.4,0,CAM:19 | LW:14 | ST:3 | RW:1,lineup_history,Midfielder,CAM,0.274,0.164,1.589,0.877,29.233,1.288,1.151,0.356,3.233,1.151,55.192,35.602,Aston Villa,1
140,La Liga,2025,536,Sevilla,19172,Ø. Nyland,Ørjan,Håskjold Nyland,35.0,Norway,192,90,https://media.api-sports.io/football/players/19172.png,Goalkeeper,5.0,5.0,450.0,6.6,0.0,0.0,0.0,0.0,139.0,0.0,70.0,0.0,,0.0,0.0,0.0,2.0,1.0,,,1.0,0.0,GK,0,,0,0,100.0,0,,statistical_fallback,Goalkeeper,GK,0.0,0.0,0.0,0.0,27.8,0.0,0.0,0.0,0.0,0.0,0.0,0.0,Sevilla,1
39,Premier League,2025,66,Aston Villa,19179,T. Mings,Tyrone Deon,Mings,32.0,England,196,77,https://media.api-sports.io/football/players/19179.png,Defender,17.0,15.0,1335.0,6.69,0.0,0.0,5.0,1.0,932.0,5.0,90.0,5.0,9.0,11.0,6.0,2.0,98.0,54.0,9.0,10.0,1.0,0.0,CB,15,,0,15,100.0,0,CB:15,lineup_history,Defender,CB,0.0,0.0,0.337,0.067,62.831,0.337,0.337,0.742,0.404,0.135,19.881,33.416,Aston Villa,1
39,Premier League,2025,44,Burnley,19182,A. Tuanzebe,Axel,Tuanzebe,28.0,England,186,75,https://media.api-sports.io/football/players/19182.png,Defender,14.0,14.0,1202.0,6.53,1.0,0.0,2.0,1.0,563.0,0.0,84.0,14.0,11.0,11.0,0.0,0.0,80.0,38.0,2.0,13.0,1.0,0.0,CB,13,RB,1,14,92.9,0,CB:13 | RB:1,lineup_history,Defender,CB,0.075,0.0,0.15,0.075,42.155,0.0,1.048,0.824,0.0,0.0,50.0,0.0,Burnley,1
135,Serie A,2025,494,Udinese,19185,K. Davis,Keinan Vincent Joseph,Davis,27.0,England,191,68,https://media.api-sports.io/football/players/19185.png,Attacker,30.0,27.0,2079.0,7.01,10.0,4.0,38.0,25.0,396.0,31.0,77.0,11.0,3.0,2.0,44.0,30.0,318.0,147.0,47.0,41.0,5.0,0.0,ST,0,W,0,0,55.9,0,,statistical_fallback,Attacker,ST,0.433,0.173,1.645,1.082,17.143,1.342,0.476,0.087,1.905,1.299,65.775,68.189,Udinese,1
39,Premier League,2025,45,Everton,19187,J. Grealish,Jack Peter,Grealish,30.0,England,180,77,https://media.api-sports.io/football/players/19187.png,Midfielder,20.0,18.0,1631.0,7.2,2.0,6.0,14.0,8.0,574.0,40.0,83.0,21.0,6.0,12.0,57.0,23.0,210.0,106.0,58.0,13.0,4.0,0.0,LW,18,,0,18,100.0,0,LW:18,lineup_history,Midfielder,LW,0.11,0.331,0.773,0.441,31.674,2.207,1.159,0.662,3.145,1.269,57.05,40.35,Everton,1
39,Premier League,2025,66,Aston Villa,19191,J.  McGinn,John,McGinn,31.0,Scotland,178,68,https://media.api-sports.io/football/players/19191.png,Midfielder,30.0,28.0,2169.0,6.95,5.0,4.0,21.0,12.0,753.0,41.0,82.0,29.0,5.0,12.0,39.0,19.0,239.0,107.0,48.0,31.0,5.0,0.0,RW,15,CAM,5,28,53.6,0,RW:15 | CAM:5 | CDM:3 | RM:3 | LW:2,lineup_history,Midfielder,RW,0.207,0.166,0.871,0.498,31.245,1.701,1.203,0.498,1.618,0.788,57.176,48.702,Aston Villa,1
39,Premier League,2025,34,Newcastle,19192,J. Ramsey,Jacob Matthew,Ramsey,24.0,England,180,75,https://media.api-sports.io/football/players/19192.png,Midfielder,28.0,15.0,1474.0,6.66,2.0,3.0,10.0,4.0,703.0,22.0,89.0,41.0,4.0,9.0,30.0,15.0,144.0,79.0,14.0,16.0,4.0,0.0,CM,10,CDM,3,15,66.7,0,CM:10 | CDM:3 | LM:1 | LW:1,lineup_history,Midfielder,CM,0.122,0.183,0.611,0.244,42.924,1.343,2.503,0.55,1.832,0.916,39.935,50.0,Newcastle,1
39,Premier League,2025,63,Leeds,19201,J. Bogle,Jayden Ian,Bogle,25.0,England,178,69,https://media.api-sports.io/football/players/19201.png,Defender,34.0,32.0,2809.0,6.61,1.0,2.0,11.0,4.0,884.0,21.0,76.0,66.0,5.0,33.0,57.0,19.0,303.0,138.0,29.0,39.0,6.0,0.0,RWB,17,RB,13,32,53.1,0,RWB:17 | RB:13 | RM:2,lineup_history,Defender,RWB,0.032,0.064,0.352,0.128,28.323,0.673,2.115,1.057,1.826,0.609,36.364,33.352,Leeds,1
135,Serie A,2025,489,AC Milan,19209,F. Tomori,Oluwafikayomi Oluwadamilola,Tomori,28.0,England,185,75,https://media.api-sports.io/football/players/19209.png,Defender,33.0,31.0,2563.0,6.86,0.0,2.0,6.0,2.0,1571.0,4.0,90.0,65.0,23.0,29.0,5.0,3.0,169.0,91.0,7.0,36.0,7.0,0.0,CB,0,,0,0,58.0,0,,statistical_fallback,Defender,CB,0.0,0.07,0.211,0.07,55.166,0.14,2.282,1.018,0.176,0.105,33.175,59.659,AC Milan,1
39,Premier League,2025,33,Manchester United,19220,M. Mount,Mason Tony,Mount,26.0,England,181,76,https://media.api-sports.io/football/players/19220.png,Attacker,23.0,12.0,1018.0,6.89,3.0,0.0,13.0,5.0,428.0,14.0,81.0,24.0,1.0,9.0,17.0,7.0,115.0,50.0,12.0,16.0,2.0,0.0,CAM,10,CDM,2,12,83.3,0,CAM:10 | CDM:2,lineup_history,Attacker,CAM,0.265,0.0,1.149,0.442,37.839,1.238,2.122,0.796,1.503,0.619,38.468,41.184,Manchester United,1
39,Premier League,2025,36,Fulham,19221,H. Wilson,Harry,Wilson,28.0,Wales,173,63,https://media.api-sports.io/football/players/19221.png,Midfielder,36.0,32.0,2701.0,7.11,10.0,7.0,51.0,25.0,777.0,39.0,81.0,29.0,3.0,15.0,33.0,18.0,184.0,89.0,37.0,13.0,7.0,0.0,RW,28,CAM,4,32,87.5,0,RW:28 | CAM:4,lineup_history,Midfielder,RW,0.333,0.233,1.699,0.833,25.89,1.3,0.966,0.5,1.1,0.6,49.029,54.545,Fulham,1
39,Premier League,2025,47,Tottenham,19235,D. Spence,Diop Tehuti,Djed-Hotep Spence,25.0,England,185,71,https://media.api-sports.io/football/players/19235.png,Defender,30.0,23.0,2090.0,6.56,0.0,0.0,10.0,8.0,882.0,10.0,80.0,43.0,3.0,17.0,76.0,31.0,251.0,118.0,21.0,28.0,4.0,0.0,LB,17,RB,2,23,73.9,0,LB:17 | RB:2 | LWB:2 | RWB:1 | RW:1,lineup_history,Defender,LB,0.0,0.0,0.431,0.344,37.981,0.431,1.852,0.732,3.273,1.335,79.814,40.788,Tottenham,1
39,Premier League,2025,35,Bournemouth,19245,M. Tavernier,Marcus Joseph,Tavernier,26.0,England,178,70,https://media.api-sports.io/football/players/19245.png,Midfielder,34.0,31.0,2738.0,6.84,7.0,4.0,51.0,24.0,1127.0,55.0,83.0,40.0,6.0,17.0,89.0,39.0,319.0,138.0,35.0,30.0,6.0,0.0,LW,10,CAM,9,31,32.3,0,LW:10 | CAM:9 | RW:5 | CDM:5 | CM:2,lineup_history,Midfielder,LW,0.23,0.131,1.676,0.789,37.045,1.808,1.315,0.559,2.925,1.282,47.076,43.829,Bournemouth,1
135,Serie A,2025,496,Juventus,19263,L. Kelly,Lloyd Casius,Kelly,27.0,England,178,70,https://media.api-sports.io/football/players/19263.png,Defender,35.0,33.0,2998.0,7.0,1.0,1.0,11.0,3.0,2033.0,11.0,88.0,48.0,17.0,14.0,23.0,18.0,287.0,173.0,20.0,43.0,4.0,0.0,FB,0,,0,0,56.4,0,,statistical_fallback,Defender,FB,0.03,0.03,0.33,0.09,61.031,0.33,1.441,0.42,0.69,0.54,27.273,78.261,Juventus,1
39,Premier League,2025,35,Bournemouth | Manchester City,19281,A. Semenyo,Antoine Serlom,Semenyo,25.0,Ghana,185,79,https://media.api-sports.io/football/players/19281.png,Midfielder,20.0,20.0,3200.0,7.047,10.0,3.0,42.0,27.0,516.0,25.0,75.0,28.0,3.0,6.0,72.0,33.0,297.0,121.0,14.0,38.0,6.0,0.0,LW,15,RW,10,37,40.5,0,LW:15 | RW:10 | RM:6 | ST:3 | LM:2 | CAM:1,lineup_history,Midfielder,LW,0.478,0.112,1.94,1.154,26.325,1.097,1.266,0.365,3.6,1.519,59.45,42.189,Bournemouth | Manchester City,2
39,Premier League,2025,66,Aston Villa,19298,M. Cash,Matthew Stuart,Cash,28.0,Poland,185,79,https://media.api-sports.io/football/players/19298.png,Defender,35.0,34.0,3032.0,6.84,3.0,3.0,22.0,10.0,1390.0,31.0,85.0,66.0,14.0,22.0,20.0,11.0,265.0,137.0,30.0,41.0,9.0,0.0,RB,34,,0,34,100.0,0,RB:34,lineup_history,Defender,RB,0.089,0.089,0.653,0.297,41.26,0.92,1.959,0.653,0.594,0.327,45.482,55.051,Aston Villa,1
39,Premier League,2025,65,Nottingham Forest,19305,R. Yates,Ryan James,Yates,28.0,England,190,87,https://media.api-sports.io/football/players/19305.png,Midfielder,22.0,2.0,629.0,6.69,0.0,2.0,5.0,2.0,260.0,5.0,78.0,16.0,3.0,9.0,2.0,1.0,84.0,50.0,13.0,13.0,3.0,0.0,CM,2,,0,2,100.0,0,CM:2,lineup_history,Midfielder,CM,0.0,0.286,0.715,0.286,37.202,0.715,2.289,1.288,0.286,0.143,40.0,50.0,Nottingham Forest,1
39,Premier League,2025,63,Leeds,19321,J. Rodon,Joseph Peter,Rodon,28.0,Wales,193,88,https://media.api-sports.io/football/players/19321.png,Defender,35.0,33.0,2958.0,6.69,2.0,0.0,14.0,7.0,1450.0,9.0,87.0,37.0,22.0,29.0,2.0,1.0,252.0,140.0,19.0,17.0,3.0,0.0,CB,33,,0,33,100.0,0,CB:33,lineup_history,Defender,CB,0.061,0.0,0.426,0.213,44.118,0.274,1.126,0.882,0.061,0.03,50.0,49.18,Leeds,1
39,Premier League,2025,63,Leeds,19329,D. James,Daniel Owen,James,28.0,Wales,171,63,https://media.api-sports.io/football/players/19329.png,Attacker,19.0,6.0,571.0,6.62,0.0,0.0,7.0,3.0,120.0,9.0,60.0,6.0,,1.0,15.0,6.0,56.0,27.0,8.0,1.0,0.0,0.0,RW,4,RWB,2,6,66.7,0,RW:4 | RWB:2,lineup_history,Attacker,RW,0.0,0.0,1.103,0.473,18.914,1.419,0.946,0.158,2.364,0.946,42.883,40.017,Leeds,1
39,Premier League,2025,55,Brentford,19346,R. Henry,Rico Antonio,Henry,28.0,England,170,67,https://media.api-sports.io/football/players/19346.png,Defender,25.0,14.0,1334.0,6.45,0.0,1.0,4.0,0.0,481.0,4.0,76.0,15.0,5.0,8.0,30.0,15.0,134.0,66.0,17.0,15.0,2.0,0.0,LB,13,LWB,1,14,92.9,0,LB:13 | LWB:1,lineup_history,Defender,LB,0.0,0.067,0.27,0.0,32.451,0.27,1.012,0.54,2.024,1.012,0.0,50.0,Brentford,1
39,Premier League,2025,66,Aston Villa,19354,E. Konsa,Ezri,Konsa Ngoyo,28.0,England,183,73,https://media.api-sports.io/football/players/19354.png,Defender,34.0,34.0,3036.0,7.0,0.0,0.0,7.0,2.0,2093.0,5.0,95.0,22.0,29.0,22.0,12.0,8.0,149.0,100.0,40.0,11.0,0.0,1.0,CB,34,,0,34,100.0,0,CB:34,lineup_history,Defender,CB,0.0,0.0,0.208,0.059,62.045,0.148,0.652,0.652,0.356,0.237,28.365,66.573,Aston Villa,1
140,La Liga,2025,536,Sevilla,19364,N. Maupay,Neal,Maupay,29.0,France,173,69,https://media.api-sports.io/football/players/19364.png,Attacker,12.0,10.0,870.0,6.61,2.0,1.0,12.0,7.0,199.0,14.0,81.0,4.0,1.0,1.0,11.0,4.0,94.0,33.0,16.0,15.0,2.0,0.0,ST,0,W,0,0,56.9,0,,statistical_fallback,Attacker,ST,0.207,0.103,1.241,0.724,20.586,1.448,0.414,0.103,1.138,0.414,58.34,36.38,Sevilla,1
39,Premier League,2025,66,Aston Villa,19366,O. Watkins,Oliver George Arthur,Watkins,30.0,England,180,75,https://media.api-sports.io/football/players/19366.png,Attacker,37.0,33.0,2864.0,6.87,16.0,3.0,60.0,38.0,477.0,23.0,72.0,22.0,2.0,6.0,56.0,26.0,283.0,116.0,32.0,35.0,4.0,0.0,ST,33,,0,33,100.0,0,ST:33,lineup_history,Attacker,ST,0.503,0.094,1.885,1.194,14.99,0.723,0.691,0.189,1.76,0.817,63.342,46.42,Aston Villa,1
39,Premier League,2025,48,West Ham,19428,J. Bowen,Jarrod,Bowen,29.0,England,176,70,https://media.api-sports.io/football/players/19428.png,Attacker,38.0,38.0,3410.0,6.99,9.0,11.0,50.0,28.0,793.0,45.0,73.0,49.0,7.0,27.0,119.0,53.0,429.0,184.0,49.0,19.0,4.0,0.0,RW,14,RM,13,38,36.8,0,RW:14 | RM:13 | ST:6 | CAM:4 | LW:1,lineup_history,Attacker,RW,0.238,0.29,1.32,0.739,20.93,1.188,1.293,0.713,3.141,1.399,55.985,44.54,West Ham,1
39,Premier League,2025,63,Leeds,19461,L. Nmecha,Lukas Okechukwu,Nmecha,27.0,Germany,185,80,https://media.api-sports.io/football/players/19461.png,Attacker,31.0,10.0,1097.0,6.69,6.0,1.0,25.0,16.0,220.0,11.0,66.0,12.0,1.0,3.0,13.0,7.0,159.0,67.0,18.0,18.0,0.0,0.0,ST,10,,0,10,100.0,0,ST:10,lineup_history,Attacker,ST,0.492,0.082,2.051,1.313,18.049,0.902,0.985,0.246,1.067,0.574,64.018,53.796,Leeds,1
39,Premier League,2025,42,Arsenal,19465,David Raya,David,Raya Martin,30.0,Spain,183,80,https://media.api-sports.io/football/players/19465.png,Goalkeeper,37.0,37.0,3330.0,6.95,0.0,0.0,0.0,0.0,1089.0,3.0,64.0,1.0,,1.0,1.0,1.0,26.0,25.0,14.0,,1.0,0.0,GK,37,,0,37,100.0,0,GK:37,lineup_history,Goalkeeper,GK,0.0,0.0,0.0,0.0,29.432,0.081,0.027,0.027,0.027,0.027,0.0,100.0,Arsenal,1
39,Premier League,2025,39,Wolves,19484,A. Armstrong,Adam James,Armstrong,28.0,England,172,69,https://media.api-sports.io/football/players/19484.png,Midfielder,14.0,14.0,1146.0,6.54,2.0,2.0,12.0,6.0,150.0,6.0,69.0,8.0,1.0,2.0,18.0,10.0,74.0,30.0,3.0,12.0,3.0,0.0,ST,10,CAM,3,14,71.4,0,ST:10 | CAM:3 | LW:1,lineup_history,Midfielder,ST,0.157,0.157,0.942,0.471,11.78,0.471,0.628,0.157,1.414,0.785,50.0,55.516,Wolves,1
39,Premier League,2025,55,Brentford,19495,N. Collins,Nathan Michael,Collins,24.0,Republic of Ireland,193,83,https://media.api-sports.io/football/players/19495.png,Defender,35.0,32.0,2983.0,6.77,1.0,2.0,16.0,6.0,1749.0,11.0,83.0,31.0,41.0,36.0,10.0,7.0,258.0,144.0,17.0,20.0,7.0,0.0,CB,32,,0,32,100.0,0,CB:32,lineup_history,Defender,CB,0.03,0.06,0.483,0.181,52.769,0.332,0.935,1.086,0.302,0.211,37.474,69.868,Brentford,1
61,Ligue 1,2025,112,Metz,19518,M. Colin,Maxime Jean-Yves,Colin,34.0,France,179,77,https://media.api-sports.io/football/players/19518.png,Defender,22.0,18.0,1700.0,6.57,0.0,0.0,5.0,2.0,925.0,6.0,89.0,40.0,10.0,26.0,11.0,7.0,110.0,64.0,7.0,10.0,1.0,0.0,CB,0,,0,0,56.4,0,,statistical_fallback,Defender,CB,0.0,0.0,0.265,0.106,48.971,0.318,2.118,1.376,0.582,0.371,40.0,63.746,Metz,1
135,Serie A,2025,503,Torino,19524,C. Adams,Ché Zach Everton Fred,Adams,29.0,Scotland,175,70,https://media.api-sports.io/football/players/19524.png,Attacker,33.0,19.0,1896.0,6.71,6.0,2.0,35.0,18.0,535.0,26.0,75.0,14.0,1.0,1.0,28.0,13.0,177.0,72.0,15.0,18.0,0.0,0.0,ST,0,W,0,0,55.3,0,,statistical_fallback,Attacker,ST,0.285,0.095,1.661,0.854,25.396,1.234,0.665,0.047,1.329,0.617,51.415,46.426,Torino,1
39,Premier League,2025,49,Chelsea,19545,R. James,Reece Lewis,James,26.0,England,182,82,https://media.api-sports.io/football/players/19545.png,Defender,29.0,20.0,1973.0,7.19,2.0,4.0,13.0,7.0,1322.0,27.0,88.0,48.0,6.0,33.0,22.0,11.0,190.0,113.0,22.0,27.0,4.0,0.0,RB,12,CDM,7,20,60.0,0,RB:12 | CDM:7 | CM:1,lineup_history,Defender,RB,0.091,0.182,0.593,0.319,60.304,1.232,2.19,1.505,1.004,0.502,53.794,50.0,Chelsea,1
39,Premier League,2025,36,Fulham,19549,A. Robinson,Antonee,Robinson,28.0,USA,183,70,https://media.api-sports.io/football/players/19549.png,Defender,22.0,17.0,1502.0,6.83,1.0,0.0,2.0,1.0,799.0,22.0,79.0,48.0,3.0,30.0,21.0,12.0,153.0,87.0,9.0,15.0,5.0,0.0,LB,15,LWB,2,17,88.2,0,LB:15 | LWB:2,lineup_history,Defender,LB,0.06,0.0,0.12,0.06,47.876,1.318,2.876,1.798,1.258,0.719,50.0,57.154,Fulham,1
39,Premier League,2025,42,Arsenal,19586,E. Eze,Eberechi Oluchi,Eze,27.0,England,178,73,https://media.api-sports.io/football/players/19586.png,Midfielder,32.0,21.0,1816.0,6.96,7.0,2.0,36.0,18.0,645.0,16.0,85.0,18.0,1.0,11.0,46.0,27.0,179.0,94.0,39.0,14.0,1.0,0.0,CAM,11,CM,7,22,50.0,0,CAM:11 | CM:7 | LW:4,lineup_history,Midfielder,CAM,0.347,0.099,1.784,0.892,31.966,0.793,0.892,0.545,2.28,1.338,50.0,58.684,Arsenal,1
39,Premier League,2025,66,Aston Villa,19599,E. Martínez,Damián Emiliano,Martínez Romero,33.0,Argentina,195,88,https://media.api-sports.io/football/players/19599.png,Goalkeeper,32.0,32.0,2835.0,6.98,0.0,1.0,0.0,0.0,1210.0,2.0,73.0,0.0,,0.0,0.0,0.0,29.0,28.0,17.0,,2.0,0.0,GK,32,,0,32,100.0,0,GK:32,lineup_history,Goalkeeper,GK,0.0,0.032,0.0,0.0,38.413,0.063,0.0,0.0,0.0,0.0,0.0,0.0,Aston Villa,1
78,Bundesliga,2025,157,Bayern München,19617,M. Olise,Michael Akpovie,Olise,24.0,France,184,76,https://media.api-sports.io/football/players/19617.png,Midfielder,32.0,23.0,2317.0,7.89,15.0,19.0,71.0,50.0,1558.0,81.0,84.0,24.0,1.0,13.0,138.0,65.0,330.0,155.0,58.0,32.0,8.0,0.0,CAM,0,W,0,0,67.1,0,,statistical_fallback,Midfielder,CAM,0.583,0.738,2.758,1.942,60.518,3.146,0.932,0.505,5.36,2.525,70.413,47.108,Bayern München,1
61,Ligue 1,2025,108,Auxerre,19625,D. Namaso,Daniel Namaso,Edi-Mesumbe Loader,25.0,England,182,77,https://media.api-sports.io/football/players/19625.png,Attacker,30.0,29.0,2525.0,6.67,3.0,3.0,40.0,17.0,703.0,32.0,84.0,35.0,2.0,10.0,86.0,33.0,403.0,161.0,47.0,64.0,9.0,0.0,W,0,,0,0,58.8,0,,statistical_fallback,Attacker,W,0.107,0.107,1.426,0.606,25.057,1.141,1.248,0.356,3.065,1.176,42.496,38.369,Auxerre,1
39,Premier League,2025,49,Chelsea,19720,T. Chalobah,Trevoh Thomas,Chalobah,26.0,England,190,75,https://media.api-sports.io/football/players/19720.png,Defender,34.0,31.0,2795.0,6.94,3.0,0.0,13.0,5.0,2280.0,5.0,93.0,35.0,17.0,36.0,9.0,7.0,228.0,133.0,18.0,20.0,3.0,1.0,CB,30,RB,1,31,96.8,0,CB:30 | RB:1,lineup_history,Defender,CB,0.097,0.0,0.419,0.161,73.417,0.161,1.127,1.159,0.29,0.225,38.425,77.586,Chelsea,1
135,Serie A,2025,867,Lecce,19738,C. Ndaba,Corrie Richard,Ndaba,26.0,Republic of Ireland,188,82,https://media.api-sports.io/football/players/19738.png,Defender,14.0,6.0,552.0,6.52,0.0,0.0,1.0,0.0,199.0,2.0,83.0,7.0,1.0,4.0,6.0,6.0,34.0,20.0,,2.0,0.0,0.0,FB,0,,0,0,62.3,0,,statistical_fallback,Defender,FB,0.0,0.0,0.163,0.0,32.446,0.326,1.141,0.652,0.978,0.978,0.0,100.0,Lecce,1
39,Premier League,2025,63,Leeds,19760,J. Justin,James Michael,Justin,27.0,England,183,80,https://media.api-sports.io/football/players/19760.png,Defender,29.0,21.0,1921.0,6.93,2.0,1.0,16.0,6.0,707.0,12.0,76.0,56.0,11.0,28.0,16.0,3.0,208.0,127.0,30.0,13.0,4.0,0.0,CB,8,LWB,6,21,38.1,0,CB:8 | LWB:6 | RWB:4 | LB:1 | RM:1 | RB:1,lineup_history,Defender,CB,0.094,0.047,0.75,0.281,33.123,0.562,2.624,1.312,0.75,0.141,37.467,18.8,Leeds,1
39,Premier League,2025,55,Brentford,19789,E. Pinnock,Ethan Rupert,Pinnock,32.0,Jamaica,194,79,https://media.api-sports.io/football/players/19789.png,Defender,4.0,4.0,321.0,6.75,0.0,0.0,1.0,1.0,133.0,0.0,82.0,5.0,5.0,5.0,1.0,1.0,34.0,20.0,2.0,,1.0,0.0,CB,4,,0,4,100.0,0,CB:4,lineup_history,Defender,CB,0.0,0.0,0.28,0.28,37.29,0.0,1.402,1.402,0.28,0.28,100.0,100.0,Brentford,1
135,Serie A,2025,494,Udinese,19824,J. Zemura,Jordan Bhekithemba,Zemura,26.0,Zimbabwe,173,63,https://media.api-sports.io/football/players/19824.png,Midfielder,17.0,13.0,1128.0,6.64,0.0,1.0,4.0,1.0,333.0,12.0,73.0,31.0,4.0,7.0,30.0,9.0,141.0,58.0,11.0,26.0,3.0,0.0,CDM,0,CM,0,0,59.6,0,,statistical_fallback,Midfielder,CDM,0.0,0.08,0.319,0.08,26.569,0.957,2.473,0.559,2.394,0.718,25.078,29.992,Udinese,1
39,Premier League,2025,44,Burnley,19827,J. Cullen,Joshua Jon,Cullen,29.0,Republic of Ireland,175,70,https://media.api-sports.io/football/players/19827.png,Midfielder,18.0,18.0,1519.0,6.91,2.0,2.0,7.0,6.0,866.0,13.0,84.0,31.0,11.0,22.0,6.0,2.0,121.0,66.0,18.0,16.0,2.0,0.0,CM,12,CDM,6,18,66.7,0,CM:12 | CDM:6,lineup_history,Midfielder,CM,0.118,0.118,0.415,0.355,51.31,0.77,1.837,1.303,0.355,0.118,85.542,33.239,Burnley,1
39,Premier League,2025,746,Sunderland,19911,L. O&apos;Nien,Luke Terry,O'Nien,31.0,England,174,74,https://media.api-sports.io/football/players/19911.png,Midfielder,12.0,5.0,604.0,6.63,0.0,1.0,3.0,1.0,245.0,2.0,83.0,6.0,1.0,6.0,1.0,1.0,44.0,24.0,8.0,6.0,1.0,1.0,CB,4,RB,1,5,80.0,0,CB:4 | RB:1,lineup_history,Midfielder,CB,0.0,0.149,0.447,0.149,36.507,0.298,0.894,0.894,0.149,0.149,33.333,100.0,Sunderland,1
39,Premier League,2025,42,Arsenal,19959,B. White,Benjamin William,White,28.0,England,186,76,https://media.api-sports.io/football/players/19959.png,Defender,12.0,9.0,713.0,6.89,0.0,1.0,4.0,1.0,354.0,8.0,81.0,15.0,4.0,9.0,4.0,3.0,67.0,36.0,6.0,5.0,0.0,0.0,RB,9,,0,9,100.0,0,RB:9,lineup_history,Defender,RB,0.0,0.126,0.505,0.126,44.684,1.01,1.893,1.136,0.505,0.379,24.95,75.05,Arsenal,1
39,Premier League,2025,35,Bournemouth,20093,J. Hill,James Clayton,Hill,23.0,England,184,73,https://media.api-sports.io/football/players/20093.png,Defender,29.0,22.0,2120.0,6.98,0.0,3.0,10.0,2.0,1038.0,13.0,77.0,39.0,15.0,39.0,2.0,2.0,260.0,166.0,13.0,17.0,5.0,0.0,CB,20,RB,2,22,90.9,0,CB:20 | RB:2,lineup_history,Defender,CB,0.0,0.127,0.425,0.085,44.066,0.552,1.656,1.656,0.085,0.085,20.0,100.0,Bournemouth,1
39,Premier League,2025,44,Burnley,20303,J. Laurent,Joshua Ishaele Jacob-Heron,Hunt-Laurent,30.0,England,188,70,https://media.api-sports.io/football/players/20303.png,Midfielder,33.0,18.0,1783.0,6.45,1.0,0.0,10.0,4.0,642.0,12.0,78.0,48.0,8.0,27.0,19.0,9.0,195.0,94.0,11.0,31.0,7.0,1.0,CB,10,CM,3,18,55.6,0,CB:10 | CM:3 | RWB:2 | CDM:2 | RB:1,lineup_history,Midfielder,CB,0.05,0.0,0.505,0.202,32.406,0.606,2.423,1.363,0.959,0.454,40.0,47.341,Burnley,1
39,Premier League,2025,34,Newcastle,20355,A. Ramsdale,Aaron Christopher,Ramsdale,27.0,England,190,88,https://media.api-sports.io/football/players/20355.png,Goalkeeper,12.0,11.0,1003.0,6.61,0.0,0.0,0.0,0.0,400.0,1.0,66.0,0.0,,0.0,0.0,0.0,8.0,6.0,1.0,,2.0,0.0,GK,11,,0,11,100.0,0,GK:11,lineup_history,Goalkeeper,GK,0.0,0.0,0.0,0.0,35.892,0.09,0.0,0.0,0.0,0.0,0.0,0.0,Newcastle,1
140,La Liga,2025,728,Rayo Vallecano,20520,I. Balliu,Iván,Balliu Campeny,33.0,Albania,172,63,https://media.api-sports.io/football/players/20520.png,Defender,14.0,6.0,594.0,6.75,0.0,0.0,3.0,0.0,265.0,3.0,82.0,15.0,3.0,9.0,10.0,7.0,55.0,31.0,5.0,9.0,2.0,0.0,FB,0,,0,0,56.6,0,,statistical_fallback,Defender,FB,0.0,0.0,0.455,0.0,40.152,0.455,2.273,1.364,1.515,1.061,0.0,70.033,Rayo Vallecano,1
61,Ligue 1,2025,116,Lens,20525,M. Udol,Matthieu,Udol,29.0,France,178,79,https://media.api-sports.io/football/players/20525.png,Defender,34.0,33.0,3003.0,7.03,1.0,7.0,38.0,17.0,1300.0,56.0,83.0,51.0,8.0,51.0,41.0,15.0,269.0,128.0,27.0,30.0,2.0,0.0,FB,0,,0,0,63.0,0,,statistical_fallback,Defender,FB,0.03,0.21,1.139,0.509,38.961,1.678,1.528,1.528,1.229,0.45,44.688,36.615,Lens,1
61,Ligue 1,2025,112,Metz,20529,G. Hein,Gauthier,Hein,29.0,France,170,65,https://media.api-sports.io/football/players/20529.png,Midfielder,29.0,26.0,2354.0,6.99,8.0,7.0,26.0,13.0,1435.0,58.0,89.0,18.0,2.0,8.0,22.0,9.0,148.0,51.0,17.0,15.0,2.0,0.0,CAM,0,CM,0,0,67.5,0,,statistical_fallback,Midfielder,CAM,0.306,0.268,0.994,0.497,54.864,2.218,0.688,0.306,0.841,0.344,50.0,40.904,Metz,1
61,Ligue 1,2025,112,Metz,20534,C. Sabaly,Cheikh Tidiane,Sabaly,26.0,Senegal,168,56,https://media.api-sports.io/football/players/20534.png,Attacker,14.0,12.0,976.0,6.57,0.0,2.0,7.0,4.0,229.0,10.0,76.0,18.0,3.0,5.0,34.0,14.0,130.0,50.0,16.0,14.0,2.0,0.0,ST,0,W,0,0,64.2,0,,statistical_fallback,Attacker,ST,0.0,0.184,0.645,0.369,21.117,0.922,1.66,0.461,3.135,1.291,57.209,41.18,Metz,1
61,Ligue 1,2025,112,Metz,20535,H. Diallo,Mouhamadou Habibou,Diallo,30.0,Senegal,186,79,https://media.api-sports.io/football/players/20535.png,Attacker,25.0,21.0,1910.0,6.71,4.0,1.0,28.0,12.0,267.0,12.0,66.0,9.0,4.0,2.0,26.0,13.0,261.0,123.0,29.0,27.0,0.0,0.0,ST,0,,0,0,57.5,0,,statistical_fallback,Attacker,ST,0.188,0.047,1.319,0.565,12.581,0.565,0.424,0.094,1.225,0.613,42.835,50.041,Metz,1
61,Ligue 1,2025,108,Auxerre,20542,D. Léon,Donovan René,Léon,33.0,French Guiana,187,94,https://media.api-sports.io/football/players/20542.png,Goalkeeper,29.0,29.0,2464.0,7.08,0.0,0.0,0.0,0.0,773.0,1.0,51.0,3.0,,1.0,1.0,1.0,21.0,17.0,7.0,3.0,1.0,2.0,GK,0,,0,0,100.0,0,,statistical_fallback,Goalkeeper,GK,0.0,0.0,0.0,0.0,28.235,0.037,0.11,0.037,0.037,0.037,0.0,100.0,Auxerre,1
61,Ligue 1,2025,106,Stade Brestois 29,20546,B. Chardonnet,Brendan,Chardonnet,31.0,France,181,74,https://media.api-sports.io/football/players/20546.png,Defender,29.0,29.0,2547.0,6.93,1.0,3.0,12.0,6.0,1250.0,12.0,84.0,36.0,40.0,32.0,2.0,1.0,226.0,133.0,20.0,28.0,6.0,0.0,CB,0,,0,0,59.0,0,,statistical_fallback,Defender,CB,0.035,0.106,0.424,0.212,44.17,0.424,1.272,1.131,0.071,0.035,50.0,49.296,Stade Brestois 29,1
61,Ligue 1,2025,77,Angers,20554,H. Belkebla,Haris,Belkebla,31.0,Algeria,177,68,https://media.api-sports.io/football/players/20554.png,Midfielder,33.0,33.0,2880.0,6.77,0.0,0.0,3.0,0.0,1265.0,16.0,87.0,72.0,8.0,32.0,34.0,18.0,266.0,162.0,54.0,24.0,7.0,0.0,CDM,0,CM,0,0,66.5,0,,statistical_fallback,Midfielder,CDM,0.0,0.0,0.094,0.0,39.531,0.5,2.25,1.0,1.062,0.562,0.0,52.919,Angers,1
61,Ligue 1,2025,106,Stade Brestois 29,20558,H. Magnetti,Hugo,Magnetti,27.0,France,180,75,https://media.api-sports.io/football/players/20558.png,Midfielder,33.0,31.0,2697.0,6.81,1.0,1.0,13.0,5.0,1121.0,18.0,84.0,70.0,3.0,45.0,27.0,17.0,227.0,133.0,33.0,31.0,5.0,0.0,CDM,0,CM,0,0,61.1,0,,statistical_fallback,Midfielder,CDM,0.033,0.033,0.434,0.167,37.408,0.601,2.336,1.502,0.901,0.567,38.479,62.93,Stade Brestois 29,1
61,Ligue 1,2025,84,Nice,20566,Y. Diouf,Yehvann,Diouf,26.0,France,188,74,https://media.api-sports.io/football/players/20566.png,Goalkeeper,28.0,28.0,2520.0,6.99,0.0,0.0,0.0,0.0,737.0,0.0,71.0,0.0,,2.0,1.0,1.0,17.0,12.0,5.0,,1.0,0.0,GK,0,,0,0,100.0,0,,statistical_fallback,Goalkeeper,GK,0.0,0.0,0.0,0.0,26.321,0.0,0.0,0.071,0.036,0.036,0.0,100.0,Nice,1
39,Premier League,2025,33,Manchester United,20589,B. Mbeumo,Bryan Tetsadong Marceau,Mbeumo,26.0,Cameroon,173,64,https://media.api-sports.io/football/players/20589.png,Attacker,33.0,31.0,2621.0,6.84,11.0,3.0,59.0,32.0,796.0,47.0,79.0,25.0,1.0,8.0,54.0,18.0,265.0,86.0,28.0,23.0,4.0,0.0,CAM,16,ST,8,31,51.6,0,CAM:16 | ST:8 | RW:5 | LW:2,lineup_history,Attacker,CAM,0.378,0.103,2.026,1.099,27.333,1.614,0.858,0.275,1.854,0.618,54.245,33.333,Manchester United,1
61,Ligue 1,2025,79,Lille,20600,R. Perraud,Romain Paul Jean-Michel,Perraud,28.0,France,173,68,https://media.api-sports.io/football/players/20600.png,Defender,30.0,27.0,2253.0,6.9,3.0,4.0,22.0,12.0,1123.0,37.0,85.0,44.0,6.0,23.0,34.0,14.0,229.0,121.0,44.0,21.0,4.0,1.0,FB,0,,0,0,63.2,0,,statistical_fallback,Defender,FB,0.12,0.16,0.879,0.479,44.86,1.478,1.758,0.919,1.358,0.559,54.494,41.163,Lille,1
78,Bundesliga,2025,164,FSV Mainz 05,20617,S. Katompa Mvumpa,Silas,Katompa Mvumpa,27.0,Congo DR,189,82,https://media.api-sports.io/football/players/20617.png,Attacker,8.0,4.0,342.0,6.64,1.0,0.0,8.0,7.0,58.0,3.0,74.0,3.0,1.0,0.0,15.0,8.0,56.0,20.0,5.0,4.0,1.0,0.0,ST,0,,0,0,58.3,0,,statistical_fallback,Attacker,ST,0.263,0.0,2.105,1.842,15.263,0.789,0.789,0.0,3.947,2.105,87.506,53.332,FSV Mainz 05,1
78,Bundesliga,2025,170,FC Augsburg,20634,A. Claude-Maurice,Alexis,Claude-Maurice,27.0,France,174,62,https://media.api-sports.io/football/players/20634.png,Midfielder,29.0,25.0,2107.0,6.9,5.0,4.0,58.0,26.0,731.0,33.0,84.0,41.0,1.0,8.0,82.0,44.0,306.0,144.0,42.0,23.0,3.0,0.0,W,0,CAM,0,0,55.8,0,,statistical_fallback,Midfielder,W,0.214,0.171,2.477,1.111,31.224,1.41,1.751,0.342,3.503,1.879,44.853,53.64,FC Augsburg,1
39,Premier League,2025,746,Sunderland,20638,E. Le Fée,Enzo Jérémy,Le Fée,25.0,France,170,63,https://media.api-sports.io/football/players/20638.png,Midfielder,36.0,33.0,2953.0,6.91,5.0,6.0,24.0,12.0,1112.0,53.0,81.0,89.0,12.0,29.0,46.0,13.0,342.0,157.0,37.0,31.0,5.0,0.0,CAM,12,LW,10,33,36.4,0,CAM:12 | LW:10 | LM:4 | CM:4 | CDM:2 | ST:1,lineup_history,Midfielder,CAM,0.152,0.183,0.731,0.366,33.891,1.615,2.712,0.884,1.402,0.396,50.068,28.245,Sunderland,1
39,Premier League,2025,34,Newcastle,20649,Y. Wissa,Yoane,Wissa,29.0,Congo DR,176,74,https://media.api-sports.io/football/players/20649.png,Attacker,19.0,4.0,548.0,6.47,1.0,0.0,13.0,5.0,92.0,3.0,69.0,5.0,1.0,0.0,12.0,1.0,67.0,23.0,2.0,6.0,3.0,0.0,ST,4,,0,4,100.0,0,ST:4,lineup_history,Attacker,ST,0.164,0.0,2.135,0.821,15.109,0.493,0.821,0.0,1.971,0.164,38.454,8.321,Newcastle,1
61,Ligue 1,2025,83,Nantes,20654,F. Centonze,Fabien,Centonze,29.0,France,182,75,https://media.api-sports.io/football/players/20654.png,Defender,15.0,9.0,765.0,6.87,3.0,0.0,6.0,3.0,199.0,4.0,75.0,31.0,2.0,23.0,15.0,4.0,96.0,53.0,8.0,13.0,4.0,0.0,FB,0,,0,0,56.0,0,,statistical_fallback,Defender,FB,0.353,0.0,0.706,0.353,23.412,0.471,3.647,2.706,1.765,0.471,50.0,26.686,Nantes,1
135,Serie A,2025,503,Torino,20656,E. Ebosse,Enzo Jacques Rodolphe,Ebosse,26.0,Cameroon,185,74,https://media.api-sports.io/football/players/20656.png,Defender,13.0,13.0,1117.0,6.78,0.0,1.0,0.0,0.0,724.0,7.0,89.0,11.0,13.0,10.0,4.0,2.0,82.0,38.0,9.0,16.0,3.0,0.0,CB,0,,0,0,55.6,0,,statistical_fallback,Defender,CB,0.0,0.081,0.0,0.0,58.335,0.564,0.886,0.806,0.322,0.161,0.0,50.0,Torino,1
39,Premier League,2025,39,Wolves,20665,J. Bellegarde,Jean-Ricner,Bellegarde,27.0,France,170,70,https://media.api-sports.io/football/players/20665.png,Attacker,26.0,15.0,1251.0,6.78,1.0,1.0,15.0,7.0,426.0,14.0,79.0,28.0,3.0,10.0,30.0,18.0,170.0,94.0,41.0,20.0,5.0,0.0,CM,6,CAM,6,15,40.0,0,CM:6 | CAM:6 | LW:3,lineup_history,Attacker,CM,0.072,0.072,1.079,0.504,30.647,1.007,2.014,0.719,2.158,1.295,46.71,60.009,Wolves,1
61,Ligue 1,2025,77,Angers,20692,H. Abdelli,Himad Said,Abdelli,26.0,Algeria,185,81,https://media.api-sports.io/football/players/20692.png,Midfielder,13.0,11.0,946.0,7.08,2.0,0.0,9.0,5.0,613.0,8.0,87.0,21.0,3.0,14.0,32.0,15.0,107.0,56.0,12.0,16.0,1.0,0.0,CDM,0,CM,0,0,60.0,0,,statistical_fallback,Midfielder,CDM,0.19,0.0,0.856,0.476,58.319,0.761,1.998,1.332,3.044,1.427,55.607,46.879,Angers,1
140,La Liga,2025,533,Villarreal,20696,P. Gueye,Pape Alassane,Gueye,26.0,Senegal,189,79,https://media.api-sports.io/football/players/20696.png,Midfielder,30.0,26.0,2143.0,7.12,5.0,2.0,37.0,13.0,1079.0,25.0,80.0,40.0,9.0,34.0,29.0,15.0,228.0,133.0,54.0,35.0,8.0,0.0,CM,0,,0,0,58.0,0,,statistical_fallback,Midfielder,CM,0.21,0.084,1.554,0.546,45.315,1.05,1.68,1.428,1.218,0.63,35.135,51.724,Villarreal,1
61,Ligue 1,2025,114,Paris FC,20704,A. Gory,Alimami,Gory,29.0,France,182,74,https://media.api-sports.io/football/players/20704.png,Attacker,24.0,9.0,988.0,6.66,5.0,1.0,14.0,6.0,221.0,6.0,82.0,19.0,1.0,8.0,13.0,4.0,97.0,47.0,16.0,11.0,3.0,0.0,ST,0,,0,0,57.9,0,,statistical_fallback,Attacker,ST,0.455,0.091,1.275,0.547,20.132,0.547,1.731,0.729,1.184,0.364,42.902,30.743,Paris FC,1
61,Ligue 1,2025,79,Lille,20732,G. Perrin,Gaëtan,Perrin,29.0,France,169,63,https://media.api-sports.io/football/players/20732.png,Attacker,12.0,3.0,346.0,6.71,1.0,0.0,6.0,4.0,122.0,10.0,78.0,12.0,,2.0,18.0,10.0,51.0,23.0,1.0,8.0,2.0,0.0,W,0,,0,0,57.1,0,,statistical_fallback,Attacker,W,0.26,0.0,1.561,1.04,31.734,2.601,3.121,0.52,4.682,2.601,66.624,55.553,Lille,1
61,Ligue 1,2025,116,Lens,20761,F. Sotoca,Florian,Sotoca,35.0,France,187,77,https://media.api-sports.io/football/players/20761.png,Attacker,26.0,4.0,553.0,6.53,1.0,0.0,11.0,1.0,251.0,8.0,79.0,6.0,,5.0,7.0,2.0,72.0,33.0,12.0,9.0,2.0,0.0,ST,0,,0,0,57.5,0,,statistical_fallback,Attacker,ST,0.163,0.0,1.79,0.163,40.85,1.302,0.976,0.814,1.139,0.325,9.106,28.534,Lens,1
61,Ligue 1,2025,80,Lyon,20762,R. Descamps,Rémy,Descamps,29.0,France,194,74,https://media.api-sports.io/football/players/20762.png,Goalkeeper,5.0,5.0,450.0,7.64,0.0,0.0,0.0,0.0,135.0,0.0,74.0,0.0,,0.0,1.0,1.0,2.0,1.0,,,0.0,0.0,GK,0,,0,0,100.0,0,,statistical_fallback,Goalkeeper,GK,0.0,0.0,0.0,0.0,27.0,0.0,0.0,0.0,0.2,0.2,0.0,100.0,Lyon,1
78,Bundesliga,2025,186,FC St. Pauli,20780,Mathias Pereira Lage,Mathias,Pereira Lage,29.0,Portugal,180,73,https://media.api-sports.io/football/players/20780.png,Attacker,28.0,25.0,2030.0,6.58,2.0,2.0,30.0,15.0,486.0,24.0,66.0,38.0,2.0,16.0,31.0,15.0,284.0,128.0,32.0,31.0,3.0,0.0,ST,0,W,0,0,55.3,0,,statistical_fallback,Attacker,ST,0.089,0.089,1.33,0.665,21.547,1.064,1.685,0.709,1.374,0.665,50.0,48.399,FC St. Pauli,1
78,Bundesliga,2025,163,Borussia Mönchengladbach,20784,F. Honorat,Franck,Honorat,29.0,France,180,70,https://media.api-sports.io/football/players/20784.png,Midfielder,28.0,24.0,1987.0,6.91,2.0,6.0,11.0,5.0,578.0,45.0,74.0,22.0,4.0,6.0,50.0,17.0,148.0,57.0,6.0,12.0,0.0,0.0,CAM,0,CM,0,0,62.8,0,,statistical_fallback,Midfielder,CAM,0.091,0.272,0.498,0.226,26.18,2.038,0.996,0.272,2.265,0.77,45.382,33.996,Borussia Mönchengladbach,1
61,Ligue 1,2025,77,Angers,20817,G. Koyalipou,Goduine,Koyalipou,25.0,France,184,82,https://media.api-sports.io/football/players/20817.png,Attacker,13.0,7.0,675.0,6.56,2.0,1.0,18.0,9.0,124.0,5.0,75.0,3.0,,2.0,17.0,6.0,75.0,28.0,5.0,4.0,0.0,0.0,ST,0,,0,0,57.1,0,,statistical_fallback,Attacker,ST,0.267,0.133,2.4,1.2,16.533,0.667,0.4,0.267,2.267,0.8,50.0,35.289,Angers,1
140,La Liga,2025,718,Oviedo,20844,H. Hassan,Haissem,Hassan,23.0,France,178,71,https://media.api-sports.io/football/players/20844.png,Midfielder,37.0,20.0,1943.0,6.81,0.0,3.0,24.0,8.0,497.0,20.0,80.0,39.0,,6.0,124.0,60.0,256.0,126.0,25.0,12.0,1.0,0.0,W,0,CAM,0,0,59.5,0,,statistical_fallback,Midfielder,W,0.0,0.139,1.112,0.371,23.021,0.926,1.806,0.278,5.744,2.779,33.363,48.381,Oviedo,1
61,Ligue 1,2025,77,Angers,20850,C. Arcus,Carlens Jean Fedlaire Ruby,Arcus,29.0,Haiti,180,73,https://media.api-sports.io/football/players/20850.png,Defender,26.0,24.0,2051.0,6.71,0.0,3.0,7.0,1.0,1115.0,16.0,87.0,37.0,3.0,31.0,5.0,2.0,149.0,80.0,16.0,33.0,7.0,0.0,FB,0,,0,0,57.1,0,,statistical_fallback,Defender,FB,0.0,0.132,0.307,0.044,48.927,0.702,1.624,1.36,0.219,0.088,14.332,40.183,Angers,1
61,Ligue 1,2025,114,Paris FC,20869,S. Chergui,Samir Sophian,Chergui,26.0,France,185,78,https://media.api-sports.io/football/players/20869.png,Defender,15.0,13.0,1155.0,6.53,1.0,0.0,7.0,4.0,561.0,2.0,90.0,18.0,6.0,11.0,5.0,3.0,84.0,45.0,4.0,14.0,1.0,0.0,CB,0,,0,0,55.8,0,,statistical_fallback,Defender,CB,0.078,0.0,0.545,0.312,43.714,0.156,1.403,0.857,0.39,0.234,57.248,60.0,Paris FC,1
61,Ligue 1,2025,97,Lorient,20917,L. Abergel,Laurent,Abergel,32.0,France,185,65,https://media.api-sports.io/football/players/20917.png,Midfielder,28.0,27.0,2324.0,6.91,1.0,0.0,13.0,5.0,1666.0,16.0,88.0,35.0,4.0,27.0,24.0,9.0,176.0,88.0,27.0,24.0,7.0,0.0,CM,0,,0,0,58.0,0,,statistical_fallback,Midfielder,CM,0.039,0.0,0.503,0.194,64.518,0.62,1.355,1.046,0.929,0.349,38.569,37.567,Lorient,1
61,Ligue 1,2025,114,Paris FC,20925,V. Marchetti,Vincent,Marchetti,28.0,France,181,70,https://media.api-sports.io/football/players/20925.png,Midfielder,23.0,9.0,839.0,6.65,2.0,1.0,16.0,7.0,401.0,4.0,87.0,18.0,3.0,4.0,13.0,10.0,88.0,44.0,4.0,12.0,1.0,0.0,CAM,0,CM,0,0,57.3,0,,statistical_fallback,Midfielder,CAM,0.215,0.107,1.716,0.751,43.015,0.429,1.931,0.429,1.395,1.073,43.765,76.918,Paris FC,1
135,Serie A,2025,801,Pisa,20959,M. Tramoni,Mattéo,Tramoni,25.0,France,175,72,https://media.api-sports.io/football/players/20959.png,Attacker,27.0,21.0,1615.0,6.79,2.0,2.0,21.0,9.0,363.0,28.0,71.0,32.0,1.0,16.0,34.0,8.0,152.0,67.0,15.0,15.0,3.0,0.0,ST,0,W,0,0,59.8,0,,statistical_fallback,Attacker,ST,0.111,0.111,1.17,0.502,20.229,1.56,1.783,0.892,1.895,0.446,42.906,23.536,Pisa,1
39,Premier League,2025,52,Crystal Palace,20995,M. Lacroix,Maxence Guy,Lacroix,25.0,France,190,88,https://media.api-sports.io/football/players/20995.png,Defender,35.0,35.0,3087.0,6.9,1.0,2.0,17.0,7.0,1656.0,7.0,88.0,60.0,18.0,45.0,11.0,7.0,333.0,204.0,19.0,34.0,4.0,1.0,CB,35,,0,35,100.0,0,CB:35,lineup_history,Defender,CB,0.029,0.058,0.496,0.204,48.28,0.204,1.749,1.312,0.321,0.204,41.129,63.551,Crystal Palace,1
140,La Liga,2025,536,Sevilla,21004,L. Agoumé,Lucien Jefferson,Agoumé,23.0,France,185,72,https://media.api-sports.io/football/players/21004.png,Midfielder,34.0,31.0,2693.0,6.81,1.0,3.0,9.0,2.0,1302.0,29.0,81.0,70.0,5.0,48.0,22.0,11.0,298.0,151.0,16.0,58.0,11.0,0.0,CDM,0,CM,0,0,61.6,0,,statistical_fallback,Midfielder,CDM,0.033,0.1,0.301,0.067,43.513,0.969,2.339,1.604,0.735,0.368,22.259,50.068,Sevilla,1
61,Ligue 1,2025,108,Auxerre,21010,E. Owusu,Elisha,Owusu,28.0,Ghana,182,72,https://media.api-sports.io/football/players/21010.png,Midfielder,29.0,27.0,2353.0,6.79,0.0,0.0,4.0,0.0,865.0,12.0,81.0,69.0,9.0,26.0,13.0,10.0,219.0,114.0,22.0,49.0,7.0,0.0,CDM,0,CM,0,0,66.7,0,,statistical_fallback,Midfielder,CDM,0.0,0.0,0.153,0.0,33.085,0.459,2.639,0.994,0.497,0.382,0.0,76.861,Auxerre,1
61,Ligue 1,2025,84,Nice,21079,M. Dupé,Maxime,Dupé,32.0,France,188,88,https://media.api-sports.io/football/players/21079.png,Goalkeeper,8.0,8.0,720.0,6.5,0.0,0.0,0.0,0.0,247.0,1.0,65.0,0.0,,0.0,0.0,0.0,3.0,3.0,1.0,,0.0,0.0,GK,0,,0,0,100.0,0,,statistical_fallback,Goalkeeper,GK,0.0,0.0,0.0,0.0,30.875,0.125,0.0,0.0,0.0,0.0,0.0,0.0,Nice,1
140,La Liga,2025,536,Sevilla,21087,B. Mendy,Batista Adélino,Mendy,26.0,France,191,82,https://media.api-sports.io/football/players/21087.png,Midfielder,27.0,19.0,1624.0,6.68,1.0,0.0,10.0,5.0,653.0,9.0,86.0,35.0,5.0,18.0,17.0,10.0,175.0,87.0,27.0,37.0,6.0,0.0,CDM,0,CM,0,0,62.1,0,,statistical_fallback,Midfielder,CDM,0.055,0.0,0.554,0.277,36.188,0.499,1.94,0.998,0.942,0.554,50.0,58.811,Sevilla,1
135,Serie A,2025,895,Como,21090,Diego Carlos,Diego Carlos,Santos Silva,32.0,Brazil,186,79,https://media.api-sports.io/football/players/21090.png,Defender,27.0,21.0,1948.0,6.85,1.0,0.0,8.0,2.0,1321.0,2.0,92.0,30.0,17.0,22.0,0.0,0.0,159.0,85.0,7.0,39.0,8.0,0.0,CB,0,,0,0,65.6,0,,statistical_fallback,Defender,CB,0.046,0.0,0.37,0.092,61.032,0.092,1.386,1.016,0.0,0.0,24.865,0.0,Como,1
61,Ligue 1,2025,94,Rennes,21102,V. Rongier,Valentin,Rongier,31.0,France,172,67,https://media.api-sports.io/football/players/21102.png,Midfielder,31.0,31.0,2745.0,7.24,2.0,5.0,16.0,10.0,2042.0,44.0,89.0,74.0,10.0,39.0,34.0,19.0,283.0,150.0,26.0,48.0,6.0,0.0,CDM,0,CM,0,0,57.9,0,,statistical_fallback,Midfielder,CDM,0.066,0.164,0.525,0.328,66.951,1.443,2.426,1.279,1.115,0.623,62.476,55.874,Rennes,1
61,Ligue 1,2025,111,Le Havre,21103,A. Touré,Abdoulaye,Touré,31.0,France,188,84,https://media.api-sports.io/football/players/21103.png,Midfielder,11.0,8.0,741.0,6.91,2.0,0.0,8.0,4.0,297.0,3.0,87.0,12.0,4.0,9.0,9.0,3.0,72.0,39.0,17.0,13.0,2.0,0.0,CDM,0,CM,0,0,59.9,0,,statistical_fallback,Midfielder,CDM,0.243,0.0,0.972,0.486,36.073,0.364,1.457,1.093,1.093,0.364,50.0,33.303,Le Havre,1
39,Premier League,2025,47,Tottenham,21104,R. Kolo Muani,Randal,Kolo Muani,27.0,France,187,73,https://media.api-sports.io/football/players/21104.png,Attacker,30.0,21.0,1682.0,6.47,1.0,1.0,15.0,4.0,327.0,20.0,70.0,28.0,1.0,3.0,66.0,28.0,280.0,103.0,17.0,41.0,3.0,0.0,ST,10,RW,6,21,47.6,0,ST:10 | RW:6 | LW:3 | CAM:2,lineup_history,Attacker,ST,0.054,0.054,0.803,0.214,17.497,1.07,1.498,0.161,3.532,1.498,26.65,42.412,Tottenham,1
39,Premier League,2025,50,Manchester City,21138,R. Aït-Nouri,Rayan,Aït-Nouri,24.0,Algeria,180,70,https://media.api-sports.io/football/players/21138.png,Defender,17.0,12.0,988.0,6.92,0.0,2.0,8.0,2.0,588.0,12.0,90.0,34.0,1.0,13.0,42.0,22.0,143.0,80.0,10.0,17.0,2.0,0.0,LB,11,CAM,1,12,91.7,0,LB:11 | CAM:1,lineup_history,Defender,LB,0.0,0.182,0.729,0.182,53.563,1.093,3.097,1.184,3.826,2.004,24.966,52.378,Manchester City,1
61,Ligue 1,2025,77,Angers,21145,P. Capelle,Pierrick,Capelle,38.0,France,181,73,https://media.api-sports.io/football/players/21145.png,Midfielder,16.0,6.0,660.0,6.51,0.0,1.0,6.0,1.0,226.0,6.0,80.0,19.0,1.0,7.0,5.0,3.0,90.0,37.0,11.0,15.0,2.0,0.0,CDM,0,CM,0,0,58.0,0,,statistical_fallback,Midfielder,CDM,0.0,0.136,0.818,0.136,30.818,0.818,2.591,0.955,0.682,0.409,16.626,59.971,Angers,1
140,La Liga,2025,532,Valencia,21153,B. Santamaría,Baptiste,Santamaría,30.0,France,183,81,https://media.api-sports.io/football/players/21153.png,Midfielder,19.0,7.0,775.0,6.81,1.0,1.0,4.0,2.0,404.0,4.0,81.0,12.0,2.0,7.0,12.0,6.0,83.0,46.0,10.0,13.0,2.0,0.0,CDM,0,CM,0,0,58.0,0,,statistical_fallback,Midfielder,CDM,0.116,0.116,0.465,0.232,46.916,0.465,1.394,0.813,1.394,0.697,49.892,50.0,Valencia,1
61,Ligue 1,2025,106,Stade Brestois 29,21248,G. Coudert,Grégoire,Coudert,26.0,France,188,85,https://media.api-sports.io/football/players/21248.png,Goalkeeper,25.0,24.0,2191.0,7.18,0.0,0.0,0.0,0.0,763.0,0.0,59.0,0.0,,0.0,1.0,1.0,20.0,17.0,8.0,1.0,2.0,0.0,GK,0,,0,0,100.0,0,,statistical_fallback,Goalkeeper,GK,0.0,0.0,0.0,0.0,31.342,0.0,0.0,0.0,0.041,0.041,0.0,100.0,Stade Brestois 29,1
61,Ligue 1,2025,77,Angers,21381,J. Lefort,Jordan,Lefort,32.0,France,184,81,https://media.api-sports.io/football/players/21381.png,Defender,34.0,34.0,3060.0,6.81,0.0,2.0,8.0,1.0,1932.0,9.0,86.0,51.0,16.0,48.0,16.0,10.0,196.0,116.0,19.0,22.0,2.0,0.0,CB,0,,0,0,55.4,0,,statistical_fallback,Defender,CB,0.0,0.059,0.235,0.029,56.824,0.265,1.5,1.412,0.471,0.294,12.34,62.42,Angers,1
78,Bundesliga,2025,165,Borussia Dortmund,21393,S. Guirassy,Serhou Yadaly,Guirassy,29.0,Guinea,187,82,https://media.api-sports.io/football/players/21393.png,Attacker,33.0,27.0,2348.0,6.84,17.0,1.0,71.0,40.0,569.0,20.0,75.0,2.0,2.0,0.0,26.0,12.0,301.0,144.0,36.0,39.0,3.0,0.0,ST,0,,0,0,65.3,0,,statistical_fallback,Attacker,ST,0.652,0.038,2.721,1.533,21.81,0.767,0.077,0.0,0.997,0.46,56.34,46.138,Borussia Dortmund,1
61,Ligue 1,2025,94,Rennes,21497,L. Blas,Ludovic Régis,Arsène Blas,28.0,France,180,70,https://media.api-sports.io/football/players/21497.png,Midfielder,32.0,15.0,1548.0,6.86,5.0,4.0,30.0,14.0,648.0,48.0,83.0,21.0,2.0,17.0,53.0,27.0,194.0,81.0,27.0,24.0,0.0,0.0,W,0,CAM,0,0,55.5,0,,statistical_fallback,Midfielder,W,0.291,0.233,1.744,0.814,37.674,2.791,1.221,0.988,3.081,1.57,46.674,50.957,Rennes,1
135,Serie A,2025,505,Inter,21509,M. Thuram,Marcus Lilian,Thuram-Ulien,28.0,France,192,90,https://media.api-sports.io/football/players/21509.png,Attacker,29.0,24.0,1913.0,7.04,13.0,6.0,56.0,29.0,480.0,29.0,75.0,23.0,2.0,1.0,28.0,17.0,258.0,129.0,41.0,43.0,2.0,0.0,ST,0,,0,0,59.8,0,,statistical_fallback,Attacker,ST,0.612,0.282,2.635,1.364,22.582,1.364,1.082,0.047,1.317,0.8,51.765,60.744,Inter,1
61,Ligue 1,2025,116,Lens,21568,R. Aguilar,Ruben,Aguilar,32.0,France,172,70,https://media.api-sports.io/football/players/21568.png,Midfielder,26.0,20.0,1736.0,6.98,2.0,2.0,10.0,3.0,864.0,26.0,84.0,38.0,11.0,28.0,14.0,7.0,132.0,73.0,12.0,26.0,5.0,0.0,CDM,0,CM,0,0,59.1,0,,statistical_fallback,Midfielder,CDM,0.104,0.104,0.518,0.156,44.793,1.348,1.97,1.452,0.726,0.363,30.116,50.0,Lens,1
61,Ligue 1,2025,83,Nantes,21570,N. Cozza,Nicolas Louis Marcel,Cozza,26.0,France,178,72,https://media.api-sports.io/football/players/21570.png,Defender,30.0,26.0,2320.0,6.62,0.0,1.0,7.0,3.0,821.0,10.0,76.0,44.0,11.0,17.0,18.0,8.0,194.0,103.0,32.0,24.0,2.0,0.0,FB,0,,0,0,60.9,0,,statistical_fallback,Defender,FB,0.0,0.039,0.272,0.116,31.849,0.388,1.707,0.659,0.698,0.31,42.647,44.413,Nantes,1
78,Bundesliga,2025,169,Eintracht Frankfurt,21587,E. Skhiri,Ellyes Joris,Skhiri,30.0,Tunisia,185,74,https://media.api-sports.io/football/players/21587.png,Midfielder,25.0,16.0,1450.0,6.71,0.0,0.0,6.0,0.0,910.0,7.0,88.0,20.0,6.0,26.0,12.0,7.0,124.0,64.0,13.0,11.0,2.0,0.0,CDM,0,CM,0,0,64.3,0,,statistical_fallback,Midfielder,CDM,0.0,0.0,0.372,0.0,56.483,0.434,1.241,1.614,0.745,0.434,0.0,58.255,Eintracht Frankfurt,1
61,Ligue 1,2025,94,Rennes,21628,B. Samba,Brice Lauriche,Samba,31.0,France,187,90,https://media.api-sports.io/football/players/21628.png,Goalkeeper,32.0,32.0,2880.0,6.96,0.0,0.0,0.0,0.0,1184.0,2.0,77.0,2.0,,0.0,0.0,0.0,16.0,13.0,7.0,1.0,5.0,0.0,GK,0,,0,0,100.0,0,,statistical_fallback,Goalkeeper,GK,0.0,0.0,0.0,0.0,37.0,0.062,0.062,0.0,0.0,0.0,0.0,0.0,Rennes,1
61,Ligue 1,2025,116,Lens,21635,J. Gradit,Jonathan,Gradit,33.0,France,180,75,https://media.api-sports.io/football/players/21635.png,Defender,10.0,10.0,809.0,6.72,0.0,0.0,1.0,0.0,473.0,2.0,91.0,17.0,9.0,16.0,5.0,3.0,76.0,43.0,9.0,15.0,2.0,1.0,CB,0,,0,0,61.9,0,,statistical_fallback,Defender,CB,0.0,0.0,0.111,0.0,52.621,0.222,1.891,1.78,0.556,0.334,0.0,60.072,Lens,1
61,Ligue 1,2025,83,Nantes,21636,F. Guilbert,Frédéric,Guilbert,31.0,France,178,70,https://media.api-sports.io/football/players/21636.png,Defender,8.0,7.0,610.0,7.05,0.0,0.0,6.0,2.0,179.0,7.0,76.0,16.0,5.0,21.0,9.0,5.0,72.0,42.0,13.0,7.0,1.0,0.0,FB,0,,0,0,55.1,0,,statistical_fallback,Defender,FB,0.0,0.0,0.885,0.295,26.41,1.033,2.361,3.098,1.328,0.738,33.333,55.572,Nantes,1
61,Ligue 1,2025,112,Metz,21640,J. Deminguet,Jessy,Deminguet,27.0,France,178,74,https://media.api-sports.io/football/players/21640.png,Midfielder,31.0,25.0,2021.0,6.71,2.0,0.0,13.0,7.0,873.0,4.0,89.0,44.0,2.0,22.0,21.0,10.0,200.0,97.0,32.0,28.0,4.0,0.0,CM,0,,0,0,58.0,0,,statistical_fallback,Midfielder,CM,0.089,0.0,0.579,0.312,38.877,0.178,1.959,0.98,0.935,0.445,53.886,47.594,Metz,1
61,Ligue 1,2025,111,Le Havre,21641,G. Kyeremeh,Godson,Kyeremeh,25.0,France,175,60,https://media.api-sports.io/football/players/21641.png,Attacker,13.0,3.0,397.0,6.63,1.0,1.0,5.0,2.0,67.0,5.0,80.0,7.0,,0.0,13.0,5.0,60.0,32.0,19.0,9.0,0.0,0.0,W,0,,0,0,59.2,0,,statistical_fallback,Attacker,W,0.227,0.227,1.134,0.453,15.189,1.134,1.587,0.0,2.947,1.134,39.947,38.48,Le Havre,1
61,Ligue 1,2025,81,Marseille,21694,N. Aguerd,Nayef,Aguerd,29.0,Morocco,190,76,https://media.api-sports.io/football/players/21694.png,Defender,16.0,16.0,1399.0,7.17,1.0,0.0,6.0,1.0,1303.0,3.0,92.0,22.0,9.0,21.0,3.0,1.0,118.0,67.0,6.0,21.0,4.0,0.0,CB,2,,0,2,100.0,0,CB:2,lineup_history,Defender,CB,0.064,0.0,0.386,0.064,83.824,0.193,1.415,1.351,0.193,0.064,16.58,33.161,Marseille,1
140,La Liga,2025,727,Osasuna,21701,V. Rosier,Valentin André Henri,Rosier,29.0,France,175,71,https://media.api-sports.io/football/players/21701.png,Midfielder,31.0,30.0,2554.0,6.68,1.0,1.0,12.0,3.0,1051.0,16.0,81.0,49.0,3.0,44.0,45.0,28.0,225.0,116.0,20.0,34.0,5.0,0.0,CDM,0,CM,0,0,60.1,0,,statistical_fallback,Midfielder,CDM,0.035,0.035,0.423,0.106,37.036,0.564,1.727,1.551,1.586,0.987,25.059,62.232,Osasuna,1
61,Ligue 1,2025,116,Lens,21715,W. Saïd,Wesley,Saïd,30.0,France,171,72,https://media.api-sports.io/football/players/21715.png,Attacker,29.0,26.0,2010.0,7.13,12.0,2.0,50.0,27.0,697.0,27.0,82.0,21.0,,10.0,43.0,26.0,181.0,75.0,13.0,37.0,2.0,0.0,ST,0,,0,0,56.5,0,,statistical_fallback,Attacker,ST,0.537,0.09,2.239,1.209,31.209,1.209,0.94,0.448,1.925,1.164,53.997,60.468,Lens,1
39,Premier League,2025,48,West Ham,21998,A. Disasi,Axel Wilson Arthur,Disasi Mhakinis Belho,27.0,France,190 cm,83 kg,https://media.api-sports.io/football/players/21998.png,Defender,14.0,14.0,1260.0,6.72,0.0,0.0,4.0,3.0,564.0,1.0,86.0,14.0,12.0,11.0,2.0,2.0,60.0,38.0,4.0,5.0,1.0,0.0,CB,14,,0,14,100.0,0,CB:14,lineup_history,Defender,CB,0.0,0.0,0.286,0.214,40.286,0.071,1.0,0.786,0.143,0.143,74.825,100.0,West Ham,1
135,Serie A,2025,494,Udinese,22007,H. Kamara,Hassane,Kamara,31.0,Côte d'Ivoire,168,67,https://media.api-sports.io/football/players/22007.png,Defender,26.0,22.0,1869.0,6.79,0.0,2.0,13.0,5.0,734.0,24.0,81.0,31.0,3.0,23.0,32.0,17.0,135.0,77.0,11.0,16.0,5.0,0.0,FB,0,,0,0,65.5,0,,statistical_fallback,Defender,FB,0.0,0.096,0.626,0.241,35.345,1.156,1.493,1.108,1.541,0.819,38.498,53.147,Udinese,1
135,Serie A,2025,487,Lazio,22015,B. Dia,Boulaye,Dia,29.0,Senegal,180,75,https://media.api-sports.io/football/players/22015.png,Attacker,27.0,14.0,1256.0,6.45,1.0,2.0,8.0,7.0,325.0,15.0,83.0,13.0,2.0,3.0,9.0,5.0,132.0,46.0,14.0,19.0,1.0,0.0,ST,0,W,0,0,58.5,0,,statistical_fallback,Attacker,ST,0.072,0.143,0.573,0.502,23.288,1.075,0.932,0.215,0.645,0.358,87.609,55.504,Lazio,1
61,Ligue 1,2025,114,Paris FC,22086,T. Kolodziejczak,Timothée,Kolodziejczak,34.0,France,185,75,https://media.api-sports.io/football/players/22086.png,Defender,11.0,7.0,674.0,6.44,0.0,0.0,1.0,1.0,496.0,2.0,90.0,9.0,3.0,8.0,1.0,1.0,45.0,21.0,1.0,8.0,2.0,0.0,CB,0,,0,0,59.2,0,,statistical_fallback,Defender,CB,0.0,0.0,0.134,0.134,66.231,0.267,1.202,1.068,0.134,0.134,100.0,100.0,Paris FC,1
39,Premier League,2025,42,Arsenal,22090,W. Saliba,William Alain André Gabriel,Saliba,24.0,France,192,92,https://media.api-sports.io/football/players/22090.png,Defender,31.0,30.0,2615.0,7.04,1.0,0.0,4.0,1.0,2104.0,10.0,92.0,35.0,7.0,17.0,10.0,7.0,231.0,131.0,16.0,22.0,2.0,0.0,CB,30,,0,30,100.0,0,CB:30,lineup_history,Defender,CB,0.034,0.0,0.138,0.034,72.413,0.344,1.205,0.585,0.344,0.241,24.638,70.058,Arsenal,1
61,Ligue 1,2025,83,Nantes,22093,R. Cabella,Rémy Joseph,Cabella,35.0,France,171 cm,68 kg,https://media.api-sports.io/football/players/22093.png,Midfielder,12.0,7.0,591.0,6.98,2.0,0.0,8.0,6.0,374.0,16.0,84.0,16.0,,6.0,10.0,4.0,71.0,36.0,11.0,7.0,1.0,0.0,CAM,0,CM,0,0,57.7,0,,statistical_fallback,Midfielder,CAM,0.305,0.0,1.218,0.914,56.954,2.437,2.437,0.914,1.523,0.609,75.041,39.987,Nantes,1
39,Premier League,2025,49,Chelsea,22094,W. Fofana,Wesley Tidjan,Fofana,25.0,France,190,84,https://media.api-sports.io/football/players/22094.png,Defender,25.0,20.0,1726.0,6.86,0.0,1.0,5.0,1.0,1250.0,3.0,92.0,19.0,19.0,40.0,14.0,10.0,188.0,114.0,17.0,27.0,7.0,0.0,CB,19,RB,1,20,95.0,0,CB:19 | RB:1,lineup_history,Defender,CB,0.0,0.052,0.261,0.052,65.18,0.156,0.991,2.086,0.73,0.521,19.923,71.37,Chelsea,1
61,Ligue 1,2025,94,Rennes | FSV Mainz 05,22097,A. Nordin,Arnaud Dominique,Nordin,27.0,France,170,70,https://media.api-sports.io/football/players/22097.png,Midfielder,10.0,7.0,1047.0,6.738,1.0,3.0,15.0,5.0,158.0,6.0,78.0,9.0,,0.0,15.0,6.0,75.0,35.0,17.0,8.0,1.0,0.0,W,0,CAM,0,0,56.2,0,,statistical_fallback,Midfielder,W,0.086,0.258,2.063,0.602,27.335,0.774,1.634,0.344,2.149,0.859,29.162,39.977,Rennes | FSV Mainz 05,2
61,Ligue 1,2025,83,Nantes,22134,K. Amian,Kelvin,Amian Adou,27.0,France,180,78,https://media.api-sports.io/football/players/22134.png,Defender,23.0,22.0,1962.0,6.62,0.0,1.0,9.0,2.0,786.0,8.0,80.0,28.0,10.0,7.0,10.0,5.0,140.0,79.0,18.0,23.0,3.0,0.0,FB,0,,0,0,60.3,0,,statistical_fallback,Defender,FB,0.0,0.046,0.413,0.092,36.055,0.367,1.284,0.321,0.459,0.229,22.276,49.891,Nantes,1
39,Premier League,2025,35,Bournemouth,22136,B. Diakité,Bafodé,Diakité,24.0,France,185,74,https://media.api-sports.io/football/players/22136.png,Defender,18.0,15.0,1286.0,6.66,0.0,0.0,1.0,0.0,749.0,3.0,87.0,20.0,5.0,12.0,3.0,0.0,111.0,60.0,5.0,8.0,1.0,0.0,CB,15,,0,15,100.0,0,CB:15,lineup_history,Defender,CB,0.0,0.0,0.07,0.0,52.418,0.21,1.4,0.84,0.21,0.0,0.0,0.0,Bournemouth,1
135,Serie A,2025,497,AS Roma,22147,M. Koné,Kouadio Emmanuel,Koné,24.0,France,185,80,https://media.api-sports.io/football/players/22147.png,Midfielder,29.0,28.0,2459.0,7.04,2.0,3.0,12.0,5.0,1370.0,25.0,90.0,49.0,3.0,18.0,47.0,29.0,307.0,155.0,53.0,47.0,2.0,0.0,CDM,0,CM,0,0,57.0,0,,statistical_fallback,Midfielder,CDM,0.073,0.11,0.439,0.183,50.142,0.915,1.793,0.659,1.72,1.061,41.686,61.686,AS Roma,1
39,Premier League,2025,65,Nottingham Forest,22149,I. Sangaré,Ibrahim,Sangaré,28.0,Côte d'Ivoire,191,77,https://media.api-sports.io/football/players/22149.png,Midfielder,28.0,25.0,2080.0,6.97,2.0,2.0,14.0,5.0,955.0,12.0,86.0,60.0,19.0,25.0,23.0,11.0,231.0,112.0,18.0,42.0,5.0,0.0,CDM,23,CM,2,25,92.0,0,CDM:23 | CM:2,lineup_history,Midfielder,CDM,0.087,0.087,0.606,0.216,41.322,0.519,2.596,1.082,0.995,0.476,35.644,47.839,Nottingham Forest,1
39,Premier League,2025,51,Brighton,22160,O. Boscagli,Olivier Maxime,Boscagli,28.0,France,181,68,https://media.api-sports.io/football/players/22160.png,Defender,12.0,9.0,819.0,6.96,0.0,1.0,1.0,0.0,754.0,4.0,86.0,16.0,2.0,18.0,2.0,2.0,72.0,46.0,11.0,7.0,2.0,0.0,CB,8,LB,1,9,88.9,0,CB:8 | LB:1,lineup_history,Defender,CB,0.0,0.11,0.11,0.0,82.857,0.44,1.758,1.978,0.22,0.22,0.0,100.0,Brighton,1
61,Ligue 1,2025,84,Nice,22163,Dante,Dante Bonfim,Costa Santos,42.0,Brazil,188,87,https://media.api-sports.io/football/players/22163.png,Defender,13.0,10.0,930.0,6.79,0.0,1.0,5.0,2.0,530.0,2.0,90.0,10.0,6.0,10.0,2.0,1.0,57.0,34.0,4.0,11.0,2.0,0.0,CB,0,,0,0,55.9,0,,statistical_fallback,Defender,CB,0.0,0.097,0.484,0.194,51.29,0.194,0.968,0.968,0.194,0.097,40.083,50.0,Nice,1
61,Ligue 1,2025,116,Lens,22166,M. Sarr,Malang Mamadou William Georges,Sarr,26.0,France,183,73,https://media.api-sports.io/football/players/22166.png,Defender,33.0,33.0,2925.0,7.2,0.0,1.0,19.0,5.0,1995.0,6.0,88.0,65.0,25.0,76.0,11.0,6.0,224.0,145.0,24.0,21.0,4.0,0.0,CB,0,,0,0,61.5,0,,statistical_fallback,Defender,CB,0.0,0.031,0.585,0.154,61.385,0.185,2.0,2.338,0.338,0.185,26.325,54.734,Lens,1
61,Ligue 1,2025,114,Paris FC,22170,P. Lees-Melou,Pierre,Lees-Melou,32.0,France,185,69,https://media.api-sports.io/football/players/22170.png,Midfielder,22.0,20.0,1786.0,6.91,1.0,3.0,17.0,6.0,922.0,16.0,82.0,57.0,8.0,23.0,20.0,8.0,188.0,100.0,24.0,28.0,6.0,0.0,CDM,0,CM,0,0,59.1,0,,statistical_fallback,Midfielder,CDM,0.05,0.151,0.857,0.302,46.461,0.806,2.872,1.159,1.008,0.403,35.239,39.98,Paris FC,1
61,Ligue 1,2025,97,Lorient,22171,J. Makengo,Jean-Victor,Makengo,27.0,France,177,75,https://media.api-sports.io/football/players/22171.png,Midfielder,31.0,23.0,1813.0,6.83,4.0,2.0,28.0,14.0,565.0,25.0,82.0,28.0,1.0,9.0,41.0,24.0,174.0,99.0,35.0,12.0,2.0,0.0,W,0,CAM,0,0,55.3,0,,statistical_fallback,Midfielder,W,0.199,0.099,1.39,0.695,28.047,1.241,1.39,0.447,2.035,1.191,50.0,58.526,Lorient,1
61,Ligue 1,2025,116,Lens,22173,A. Saint-Maximin,Allan Irénée,Saint-Maximin,28.0,France,173,67,https://media.api-sports.io/football/players/22173.png,Attacker,10.0,2.0,403.0,7.34,3.0,3.0,11.0,3.0,167.0,18.0,86.0,3.0,,1.0,26.0,14.0,60.0,26.0,7.0,3.0,1.0,0.0,W,0,,0,0,60.2,0,,statistical_fallback,Attacker,W,0.67,0.67,2.457,0.67,37.295,4.02,0.67,0.223,5.806,3.127,27.269,53.858,Lens,1
135,Serie A,2025,503,Torino,22174,A. Tamèze,Adrien Fidele,Tamèze Aoutsa,31.0,France,180,78,https://media.api-sports.io/football/players/22174.png,Midfielder,24.0,12.0,1133.0,6.5,0.0,0.0,3.0,0.0,513.0,8.0,80.0,15.0,6.0,20.0,5.0,0.0,88.0,41.0,7.0,16.0,3.0,0.0,CDM,0,CM,0,0,63.6,0,,statistical_fallback,Midfielder,CDM,0.0,0.0,0.238,0.0,40.75,0.635,1.192,1.589,0.397,0.0,0.0,0.0,Torino,1
61,Ligue 1,2025,83,Nantes,22177,I. Ganago,Ignatius,Kpene Ganago,26.0,Cameroon,179,73,https://media.api-sports.io/football/players/22177.png,Attacker,14.0,11.0,858.0,6.81,3.0,1.0,16.0,7.0,152.0,7.0,65.0,5.0,1.0,2.0,12.0,7.0,116.0,60.0,14.0,12.0,1.0,0.0,ST,0,,0,0,58.7,0,,statistical_fallback,Attacker,ST,0.315,0.105,1.678,0.734,15.944,0.734,0.524,0.21,1.259,0.734,43.743,58.3,Nantes,1
61,Ligue 1,2025,77,Angers,22220,H. Koffi,Hervé Kouakou,Koffi,29.0,Burkina Faso,186,80,https://media.api-sports.io/football/players/22220.png,Goalkeeper,30.0,30.0,2659.0,7.31,0.0,0.0,0.0,0.0,854.0,0.0,70.0,2.0,,0.0,0.0,0.0,21.0,19.0,11.0,1.0,1.0,0.0,GK,0,,0,0,100.0,0,,statistical_fallback,Goalkeeper,GK,0.0,0.0,0.0,0.0,28.906,0.0,0.068,0.0,0.0,0.0,0.0,0.0,Angers,1
135,Serie A,2025,489,AC Milan,22221,M. Maignan,Mike Peterson,Maignan,30.0,France,191,89,https://media.api-sports.io/football/players/22221.png,Goalkeeper,37.0,37.0,3296.0,7.23,0.0,0.0,0.0,0.0,1082.0,0.0,77.0,0.0,,1.0,3.0,3.0,13.0,13.0,6.0,,4.0,0.0,GK,0,,0,0,100.0,0,,statistical_fallback,Goalkeeper,GK,0.0,0.0,0.0,0.0,29.545,0.0,0.0,0.027,0.082,0.082,0.0,100.0,AC Milan,1
135,Serie A,2025,497,AS Roma,22222,Z. Çelik,Mehmet Zeki,Çelik,28.0,Türkiye,180,78,https://media.api-sports.io/football/players/22222.png,Defender,34.0,32.0,2730.0,6.83,1.0,2.0,14.0,4.0,1347.0,28.0,85.0,64.0,6.0,22.0,36.0,8.0,249.0,125.0,18.0,35.0,2.0,1.0,FB,0,,0,0,62.3,0,,statistical_fallback,Defender,FB,0.033,0.066,0.462,0.132,44.407,0.923,2.11,0.725,1.187,0.264,28.571,22.241,AS Roma,1
39,Premier League,2025,42,Arsenal,22224,Gabriel Magalhães,Gabriel,dos Santos Magalhães,28.0,Brazil,190,78,https://media.api-sports.io/football/players/22224.png,Defender,32.0,30.0,2751.0,7.36,3.0,4.0,17.0,7.0,1733.0,7.0,88.0,38.0,34.0,23.0,2.0,1.0,262.0,171.0,34.0,21.0,4.0,0.0,CB,30,,0,30,100.0,0,CB:30,lineup_history,Defender,CB,0.098,0.131,0.556,0.229,56.696,0.229,1.243,0.752,0.065,0.033,41.187,50.769,Arsenal,1
39,Premier League,2025,746,Sunderland,22225,Reinildo,Reinildo Isnard,Mandava,31.0,Mozambique,183,73,https://media.api-sports.io/football/players/22225.png,Defender,25.0,23.0,1982.0,6.67,0.0,1.0,2.0,0.0,815.0,6.0,85.0,39.0,14.0,30.0,27.0,15.0,219.0,121.0,35.0,32.0,7.0,1.0,LB,18,LWB,5,23,78.3,0,LB:18 | LWB:5,lineup_history,Defender,LB,0.0,0.045,0.091,0.0,37.008,0.272,1.771,1.362,1.226,0.681,0.0,55.546,Sunderland,1
135,Serie A,2025,489,AC Milan,22236,Rafael Leão,Rafael Alexandre,da Conceição Leão,26.0,Portugal,188,81,https://media.api-sports.io/football/players/22236.png,Attacker,29.0,23.0,1859.0,6.92,9.0,3.0,45.0,24.0,582.0,23.0,83.0,6.0,,5.0,56.0,26.0,200.0,94.0,34.0,19.0,5.0,0.0,ST,0,W,0,0,55.8,0,,statistical_fallback,Attacker,ST,0.436,0.145,2.179,1.162,28.176,1.114,0.29,0.242,2.711,1.259,53.327,46.44,AC Milan,1
135,Serie A,2025,504,Hellas Verona,22239,C. Niasse,Cheikh Ahmet Tidiane,Niasse,25.0,Senegal,188,73,https://media.api-sports.io/football/players/22239.png,Midfielder,20.0,11.0,983.0,6.6,0.0,1.0,5.0,1.0,361.0,11.0,81.0,21.0,5.0,14.0,6.0,4.0,128.0,61.0,15.0,20.0,1.0,0.0,CDM,0,CM,0,0,62.1,0,,statistical_fallback,Midfielder,CDM,0.0,0.092,0.458,0.092,33.052,1.007,1.923,1.282,0.549,0.366,20.087,66.667,Hellas Verona,1
78,Bundesliga,2025,164,FSV Mainz 05,22244,A. Caci,Anthony,Caci,28.0,France,184,76,https://media.api-sports.io/football/players/22244.png,Midfielder,10.0,6.0,520.0,6.9,0.0,0.0,4.0,0.0,301.0,11.0,81.0,15.0,1.0,3.0,10.0,7.0,49.0,29.0,3.0,9.0,3.0,0.0,CDM,0,CM,0,0,59.6,0,,statistical_fallback,Midfielder,CDM,0.0,0.0,0.692,0.0,52.096,1.904,2.596,0.519,1.731,1.212,0.0,70.017,FSV Mainz 05,1
61,Ligue 1,2025,106,Stade Brestois 29,22247,K. Lala,Kenny,Lala,34.0,France,178,78,https://media.api-sports.io/football/players/22247.png,Defender,32.0,31.0,2792.0,6.78,0.0,3.0,6.0,1.0,1258.0,26.0,77.0,39.0,10.0,31.0,19.0,8.0,167.0,83.0,23.0,17.0,4.0,0.0,FB,0,,0,0,62.1,0,,statistical_fallback,Defender,FB,0.0,0.097,0.193,0.032,40.552,0.838,1.257,0.999,0.612,0.258,16.58,42.157,Stade Brestois 29,1
135,Serie A,2025,489,AC Milan,22254,Y. Fofana,Youssouf,Fofana,26.0,France,185,75,https://media.api-sports.io/football/players/22254.png,Midfielder,33.0,28.0,2217.0,6.6,2.0,3.0,36.0,18.0,803.0,36.0,82.0,41.0,4.0,19.0,38.0,13.0,192.0,80.0,16.0,21.0,4.0,0.0,CAM,0,CM,0,0,62.1,0,,statistical_fallback,Midfielder,CAM,0.081,0.122,1.461,0.731,32.598,1.461,1.664,0.771,1.543,0.528,50.034,34.219,AC Milan,1
61,Ligue 1,2025,83,Nantes,22260,I. Sissoko,Ibrahima,Sissoko,28.0,France,193,90,https://media.api-sports.io/football/players/22260.png,Defender,14.0,10.0,828.0,6.57,0.0,0.0,3.0,0.0,330.0,4.0,80.0,15.0,5.0,18.0,11.0,7.0,98.0,47.0,8.0,25.0,4.0,0.0,CB,0,,0,0,55.3,0,,statistical_fallback,Defender,CB,0.0,0.0,0.326,0.0,35.87,0.435,1.63,1.957,1.196,0.761,0.0,63.629,Nantes,1
61,Ligue 1,2025,116,Lens,22261,A. Thomasson,Adrien,Thomasson,32.0,France,175,72,https://media.api-sports.io/football/players/22261.png,Midfielder,32.0,31.0,2690.0,6.9,3.0,9.0,32.0,13.0,1348.0,81.0,83.0,99.0,4.0,19.0,44.0,19.0,389.0,180.0,43.0,54.0,11.0,0.0,CAM,0,CM,0,0,58.1,0,,statistical_fallback,Midfielder,CAM,0.1,0.301,1.071,0.435,45.1,2.71,3.312,0.636,1.472,0.636,40.616,43.207,Lens,1
61,Ligue 1,2025,106,Stade Brestois 29,22264,L. Ajorque,Ludovic,Ajorque,31.0,France,197,92,https://media.api-sports.io/football/players/22264.png,Attacker,32.0,32.0,2823.0,6.94,8.0,9.0,44.0,17.0,774.0,41.0,69.0,28.0,6.0,13.0,18.0,12.0,500.0,264.0,55.0,65.0,9.0,1.0,ST,0,W,0,0,56.2,0,,statistical_fallback,Attacker,ST,0.255,0.287,1.403,0.542,24.676,1.307,0.893,0.414,0.574,0.383,38.632,66.725,Stade Brestois 29,1
61,Ligue 1,2025,114,Paris FC,22842,J. Krasso,Jean-Philippe,Krasso,28.0,Côte d'Ivoire,187,80,https://media.api-sports.io/football/players/22842.png,Attacker,25.0,12.0,1099.0,6.6,2.0,2.0,24.0,10.0,256.0,24.0,71.0,13.0,1.0,1.0,48.0,18.0,203.0,78.0,19.0,20.0,0.0,0.0,W,0,,0,0,59.1,0,,statistical_fallback,Attacker,W,0.164,0.164,1.965,0.819,20.965,1.965,1.065,0.082,3.931,1.474,41.679,37.497,Paris FC,1
61,Ligue 1,2025,97,Lorient,23363,N. Cadiou,Noah,Cadiou,27.0,France,191,84,https://media.api-sports.io/football/players/23363.png,Midfielder,28.0,20.0,1881.0,6.91,3.0,1.0,16.0,9.0,1164.0,11.0,87.0,24.0,13.0,23.0,26.0,13.0,153.0,68.0,13.0,27.0,2.0,0.0,CM,0,,0,0,58.0,0,,statistical_fallback,Midfielder,CM,0.144,0.048,0.766,0.431,55.694,0.526,1.148,1.1,1.244,0.622,56.266,50.0,Lorient,1
61,Ligue 1,2025,111,Le Havre,23637,Y. Zouaoui,Yanis,Zouaoui,27.0,France,183,75,https://media.api-sports.io/football/players/23637.png,Defender,30.0,28.0,2348.0,6.65,1.0,1.0,10.0,5.0,954.0,35.0,77.0,48.0,13.0,26.0,50.0,20.0,215.0,111.0,26.0,22.0,7.0,0.0,FB,0,,0,0,62.8,0,,statistical_fallback,Defender,FB,0.038,0.038,0.383,0.192,36.567,1.342,1.84,0.997,1.917,0.767,50.131,40.01,Le Havre,1
61,Ligue 1,2025,116,Lens,23643,M. Guilavogui,Morgan Bono,Guilavogui,27.0,Guinea,188,81,https://media.api-sports.io/football/players/23643.png,Attacker,16.0,3.0,485.0,6.79,1.0,0.0,7.0,2.0,208.0,10.0,79.0,14.0,,1.0,15.0,8.0,79.0,44.0,12.0,15.0,3.0,1.0,W,0,,0,0,57.3,0,,statistical_fallback,Attacker,W,0.186,0.0,1.299,0.371,38.598,1.856,2.598,0.186,2.784,1.485,28.56,53.341,Lens,1
61,Ligue 1,2025,94,Rennes,24147,M. Camara,Mahdi,Camara,27.0,France,178,73,https://media.api-sports.io/football/players/24147.png,Midfielder,32.0,31.0,2660.0,6.67,3.0,1.0,23.0,12.0,1173.0,23.0,88.0,62.0,9.0,32.0,62.0,25.0,272.0,140.0,28.0,39.0,5.0,1.0,CDM,0,CM,0,0,58.5,0,,statistical_fallback,Midfielder,CDM,0.102,0.034,0.778,0.406,39.688,0.778,2.098,1.083,2.098,0.846,52.185,40.324,Rennes,1
78,Bundesliga,2025,180,1. FC Heidenheim,24641,B. Zivzivadze,Budu,Zivzivadze,31.0,Georgia,189,85,https://media.api-sports.io/football/players/24641.png,Attacker,20.0,14.0,1146.0,6.62,6.0,0.0,23.0,14.0,219.0,7.0,72.0,14.0,2.0,1.0,31.0,13.0,160.0,56.0,13.0,15.0,2.0,1.0,ST,0,,0,0,60.5,0,,statistical_fallback,Attacker,ST,0.471,0.0,1.806,1.099,17.199,0.55,1.099,0.079,2.435,1.021,60.853,41.93,1. FC Heidenheim,1
39,Premier League,2025,40,Liverpool,24760,G. Mamardashvili,Giorgi,Mamardashvili,25.0,Georgia,197,90,https://media.api-sports.io/football/players/24760.png,Goalkeeper,10.0,10.0,868.0,6.74,0.0,0.0,0.0,0.0,288.0,0.0,70.0,1.0,,1.0,0.0,0.0,8.0,5.0,2.0,1.0,0.0,0.0,GK,10,,0,10,100.0,0,GK:10,lineup_history,Goalkeeper,GK,0.0,0.0,0.0,0.0,29.862,0.0,0.104,0.104,0.0,0.0,0.0,0.0,Liverpool,1
78,Bundesliga,2025,172,VfB Stuttgart,24798,C. Führich,Chris Jan,Führich,27.0,Germany,181,73,https://media.api-sports.io/football/players/24798.png,Midfielder,33.0,20.0,1723.0,7.17,7.0,7.0,34.0,23.0,879.0,50.0,82.0,15.0,,3.0,48.0,28.0,111.0,53.0,6.0,6.0,2.0,0.0,CAM,0,W,0,0,72.0,0,,statistical_fallback,Midfielder,CAM,0.366,0.366,1.776,1.201,45.914,2.612,0.784,0.157,2.507,1.463,67.624,58.357,VfB Stuttgart,1
78,Bundesliga,2025,172,VfB Stuttgart,24806,N. Nartey,Nikolas Terkelsen,Nartey,25.0,Denmark,187,82,https://media.api-sports.io/football/players/24806.png,Midfielder,28.0,14.0,1262.0,6.92,4.0,3.0,18.0,12.0,516.0,24.0,83.0,14.0,3.0,10.0,27.0,18.0,159.0,93.0,23.0,18.0,2.0,0.0,W,0,CAM,0,0,56.1,0,,statistical_fallback,Midfielder,W,0.285,0.214,1.284,0.856,36.799,1.712,0.998,0.713,1.926,1.284,66.667,66.667,VfB Stuttgart,1
78,Bundesliga,2025,164,FSV Mainz 05,24842,L. Maloney,Lennard,Maloney,26.0,USA,187,89,https://media.api-sports.io/football/players/24842.png,Midfielder,21.0,4.0,522.0,6.53,0.0,0.0,3.0,1.0,173.0,1.0,72.0,10.0,2.0,8.0,0.0,0.0,76.0,35.0,3.0,13.0,1.0,0.0,CDM,0,CM,0,0,65.4,0,,statistical_fallback,Midfielder,CDM,0.0,0.0,0.517,0.172,29.828,0.172,1.724,1.379,0.0,0.0,33.269,0.0,FSV Mainz 05,1
78,Bundesliga,2025,165,Borussia Dortmund,24845,J. Ryerson,Julian,Ryerson,28.0,Norway,183,86,https://media.api-sports.io/football/players/24845.png,Defender,31.0,26.0,2272.0,7.11,0.0,15.0,6.0,1.0,907.0,56.0,82.0,34.0,4.0,14.0,67.0,24.0,231.0,89.0,21.0,26.0,8.0,0.0,FB,0,,0,0,68.0,0,,statistical_fallback,Defender,FB,0.0,0.594,0.238,0.04,35.929,2.218,1.347,0.555,2.654,0.951,16.807,35.833,Borussia Dortmund,1
78,Bundesliga,2025,182,Union Berlin,24848,C. Trimmel,Christopher,Trimmel,38.0,Austria,189,82,https://media.api-sports.io/football/players/24848.png,Defender,29.0,22.0,1875.0,7.02,0.0,3.0,2.0,1.0,679.0,53.0,68.0,38.0,9.0,11.0,6.0,1.0,119.0,63.0,9.0,27.0,8.0,0.0,FB,0,,0,0,62.6,0,,statistical_fallback,Defender,FB,0.0,0.144,0.096,0.048,32.592,2.544,1.824,0.528,0.288,0.048,50.0,16.667,Union Berlin,1
78,Bundesliga,2025,167,1899 Hoffenheim,24854,G. Prömel,Grischa,Prömel,30.0,Germany,180,75,https://media.api-sports.io/football/players/24854.png,Midfielder,33.0,16.0,1752.0,6.83,7.0,2.0,34.0,14.0,928.0,16.0,82.0,36.0,5.0,16.0,15.0,6.0,190.0,97.0,28.0,23.0,5.0,0.0,CAM,0,CM,0,0,57.1,0,,statistical_fallback,Midfielder,CAM,0.36,0.103,1.747,0.719,47.671,0.822,1.849,0.822,0.771,0.308,41.156,39.948,1899 Hoffenheim,1
78,Bundesliga,2025,172,VfB Stuttgart,24868,J. Vagnoman,Josha Mamadou Karaboue,Vagnoman,25.0,Germany,190,90,https://media.api-sports.io/football/players/24868.png,Defender,27.0,18.0,1593.0,6.49,1.0,3.0,18.0,11.0,608.0,16.0,81.0,30.0,4.0,3.0,11.0,6.0,142.0,69.0,16.0,17.0,3.0,0.0,FB,0,,0,0,65.2,0,,statistical_fallback,Defender,FB,0.056,0.169,1.017,0.621,34.35,0.904,1.695,0.169,0.621,0.339,61.062,54.589,VfB Stuttgart,1
78,Bundesliga,2025,175,Hamburger SV,24880,B. Jatta,Bakery,Jatta,27.0,Gambia,184,79,https://media.api-sports.io/football/players/24880.png,Midfielder,15.0,12.0,918.0,6.63,1.0,1.0,10.0,4.0,223.0,4.0,81.0,15.0,4.0,9.0,9.0,3.0,81.0,29.0,5.0,13.0,1.0,0.0,CM,0,,0,0,58.0,0,,statistical_fallback,Midfielder,CM,0.098,0.098,0.98,0.392,21.863,0.392,1.471,0.882,0.882,0.294,40.0,33.333,Hamburger SV,1
61,Ligue 1,2025,80,Lyon,24882,O. Mangala,Orel Johnson,Mangala,27.0,Belgium,178,80,https://media.api-sports.io/football/players/24882.png,Midfielder,9.0,5.0,426.0,6.57,0.0,0.0,3.0,1.0,222.0,5.0,90.0,6.0,2.0,7.0,8.0,5.0,35.0,18.0,5.0,8.0,0.0,0.0,CDM,0,CM,0,0,59.4,0,,statistical_fallback,Midfielder,CDM,0.0,0.0,0.634,0.211,46.901,1.056,1.268,1.479,1.69,1.056,33.281,62.485,Lyon,1
39,Premier League,2025,39,Wolves,24888,Hwang Hee-Chan,Hee-Chan,Hwang,29.0,Korea Republic,177,77,https://media.api-sports.io/football/players/24888.png,Attacker,26.0,18.0,1461.0,6.61,2.0,2.0,15.0,6.0,378.0,15.0,75.0,10.0,,13.0,25.0,9.0,118.0,43.0,18.0,28.0,5.0,0.0,ST,12,LW,3,18,66.7,0,ST:12 | LW:3 | CAM:2 | RW:1,lineup_history,Attacker,ST,0.123,0.123,0.924,0.37,23.285,0.924,0.616,0.801,1.54,0.554,40.043,35.974,Wolves,1
78,Bundesliga,2025,180,Borussia Dortmund | 1. FC Heidenheim,24894,D. Ramaj,Diant,Ramaj,24.0,Germany,189,81,https://media.api-sports.io/football/players/24894.png,Goalkeeper,31.0,31.0,3150.0,7.031,0.0,1.0,0.0,0.0,1531.0,1.0,65.0,1.0,,0.0,0.0,0.0,21.0,15.0,2.0,2.0,2.0,0.0,GK,0,,0,0,100.0,0,,statistical_fallback,Goalkeeper,GK,0.0,0.028,0.0,0.0,49.257,0.028,0.028,0.0,0.0,0.0,0.0,0.0,Borussia Dortmund | 1. FC Heidenheim,2
78,Bundesliga,2025,180,1. FC Heidenheim,24897,M. Busch,Marnon-Thomas,Busch,31.0,Germany,182,80,https://media.api-sports.io/football/players/24897.png,Midfielder,29.0,20.0,1912.0,6.77,1.0,5.0,8.0,3.0,684.0,17.0,80.0,36.0,11.0,32.0,13.0,3.0,140.0,68.0,8.0,18.0,4.0,0.0,CDM,0,CM,0,0,58.3,0,,statistical_fallback,Midfielder,CDM,0.047,0.235,0.377,0.141,32.197,0.8,1.695,1.506,0.612,0.141,37.401,23.039,1. FC Heidenheim,1
78,Bundesliga,2025,180,1. FC Heidenheim,24899,P. Mainka,Patrick,Mainka,31.0,Germany,194,86,https://media.api-sports.io/football/players/24899.png,Defender,34.0,34.0,3060.0,6.86,2.0,2.0,34.0,9.0,1354.0,10.0,87.0,45.0,41.0,35.0,4.0,4.0,332.0,212.0,20.0,11.0,1.0,0.0,CB,0,,0,0,60.0,0,,statistical_fallback,Defender,CB,0.059,0.059,1.0,0.265,39.824,0.294,1.324,1.029,0.118,0.118,26.5,100.0,1. FC Heidenheim,1
78,Bundesliga,2025,168,Bayer Leverkusen,24903,R. Andrich,Robert,Andrich,31.0,Germany,187,83,https://media.api-sports.io/football/players/24903.png,Midfielder,32.0,29.0,2547.0,6.84,2.0,0.0,9.0,3.0,1859.0,12.0,90.0,43.0,19.0,33.0,6.0,1.0,177.0,107.0,22.0,30.0,5.0,0.0,CDM,0,CM,0,0,63.6,0,,statistical_fallback,Midfielder,CDM,0.071,0.0,0.318,0.106,65.689,0.424,1.519,1.166,0.212,0.035,33.333,16.509,Bayer Leverkusen,1
78,Bundesliga,2025,180,1. FC Heidenheim,24904,N. Dorsch,Niklas Bernd,Dorsch,27.0,Germany,178,76,https://media.api-sports.io/football/players/24904.png,Midfielder,32.0,27.0,2270.0,6.85,0.0,1.0,9.0,3.0,982.0,24.0,88.0,59.0,6.0,20.0,24.0,12.0,191.0,112.0,27.0,30.0,2.0,0.0,CDM,0,CM,0,0,59.9,0,,statistical_fallback,Midfielder,CDM,0.0,0.04,0.357,0.119,38.934,0.952,2.339,0.793,0.952,0.476,33.333,50.0,1. FC Heidenheim,1
78,Bundesliga,2025,182,Union Berlin,24910,T. Skarke,Tim,Skarke,29.0,Germany,181,78,https://media.api-sports.io/football/players/24910.png,Midfielder,22.0,4.0,619.0,6.56,1.0,1.0,13.0,5.0,154.0,12.0,70.0,7.0,,1.0,12.0,5.0,72.0,25.0,9.0,8.0,0.0,0.0,CAM,0,CM,0,0,68.9,0,,statistical_fallback,Midfielder,CAM,0.145,0.145,1.89,0.727,22.391,1.745,1.018,0.145,1.745,0.727,38.466,41.662,Union Berlin,1
78,Bundesliga,2025,175,Hamburger SV,24914,R. Glatzel,Robert-Nesta,Glatzel,31.0,Germany,193,85,https://media.api-sports.io/football/players/24914.png,Attacker,19.0,7.0,640.0,6.69,3.0,2.0,15.0,7.0,133.0,6.0,72.0,1.0,,0.0,14.0,5.0,85.0,35.0,13.0,9.0,0.0,0.0,ST,0,,0,0,57.5,0,,statistical_fallback,Attacker,ST,0.422,0.281,2.109,0.984,18.703,0.844,0.141,0.0,1.969,0.703,46.657,35.703,Hamburger SV,1
135,Serie A,2025,505,Inter,24953,Y. Bisseck,Yann Aurel Ludger,Bisseck,25.0,Germany,196,83,https://media.api-sports.io/football/players/24953.png,Defender,23.0,21.0,1922.0,7.15,3.0,1.0,17.0,12.0,1298.0,9.0,92.0,27.0,7.0,23.0,12.0,8.0,148.0,89.0,16.0,21.0,2.0,0.0,FB,0,,0,0,56.5,0,,statistical_fallback,Defender,FB,0.14,0.047,0.796,0.562,60.78,0.421,1.264,1.077,0.562,0.375,70.603,66.726,Inter,1
78,Bundesliga,2025,180,1. FC Heidenheim,24955,M. Honsak,Mathias,Honsak,29.0,Austria,188,78,https://media.api-sports.io/football/players/24955.png,Attacker,27.0,15.0,1260.0,6.57,2.0,1.0,24.0,8.0,300.0,12.0,74.0,21.0,1.0,18.0,38.0,15.0,157.0,66.0,15.0,11.0,1.0,0.0,ST,0,W,0,0,57.0,0,,statistical_fallback,Attacker,ST,0.143,0.071,1.714,0.571,21.429,0.857,1.5,1.286,2.714,1.071,33.314,39.462,1. FC Heidenheim,1
78,Bundesliga,2025,186,FC St. Pauli,24961,H. Wahl,Hauke Finn,Wahl,31.0,Germany,189,85,https://media.api-sports.io/football/players/24961.png,Defender,30.0,29.0,2591.0,6.79,2.0,1.0,9.0,4.0,1588.0,6.0,86.0,43.0,19.0,30.0,4.0,2.0,206.0,112.0,13.0,11.0,1.0,0.0,CB,0,,0,0,59.0,0,,statistical_fallback,Defender,CB,0.069,0.035,0.313,0.139,55.16,0.208,1.494,1.042,0.139,0.069,44.409,49.64,FC St. Pauli,1
78,Bundesliga,2025,172,VfB Stuttgart,24963,A. Karazor,Atakan,Karazor,29.0,Germany,191,76,https://media.api-sports.io/football/players/24963.png,Midfielder,28.0,22.0,1898.0,6.78,0.0,1.0,5.0,2.0,1094.0,12.0,85.0,42.0,7.0,16.0,14.0,8.0,208.0,136.0,34.0,20.0,5.0,1.0,CDM,0,CM,0,0,63.2,0,,statistical_fallback,Midfielder,CDM,0.0,0.047,0.237,0.095,51.876,0.569,1.992,0.759,0.664,0.379,40.084,57.078,VfB Stuttgart,1
78,Bundesliga,2025,163,Borussia Mönchengladbach,24969,P. Sander,Philipp,Sander,27.0,Germany,186,77,https://media.api-sports.io/football/players/24969.png,Midfielder,30.0,29.0,2454.0,7.0,2.0,0.0,20.0,8.0,1418.0,11.0,86.0,65.0,8.0,50.0,13.0,5.0,235.0,141.0,14.0,28.0,4.0,0.0,CDM,0,CM,0,0,64.1,0,,statistical_fallback,Midfielder,CDM,0.073,0.0,0.733,0.293,52.005,0.403,2.384,1.834,0.477,0.183,39.973,38.365,Borussia Mönchengladbach,1
78,Bundesliga,2025,180,1. FC Heidenheim,24979,J. Föhrenbach,Jonas,Föhrenbach,29.0,Germany,184,81,https://media.api-sports.io/football/players/24979.png,Midfielder,27.0,25.0,2327.0,6.62,1.0,1.0,1.0,1.0,822.0,21.0,79.0,46.0,9.0,30.0,9.0,2.0,159.0,91.0,18.0,16.0,3.0,0.0,CDM,0,CM,0,0,60.7,0,,statistical_fallback,Midfielder,CDM,0.039,0.039,0.039,0.039,31.792,0.812,1.779,1.16,0.348,0.077,100.0,22.126,1. FC Heidenheim,1
61,Ligue 1,2025,84,Nice,25008,J. Clauss,Jonathan,Clauss,33.0,France,178,69,https://media.api-sports.io/football/players/25008.png,Midfielder,32.0,30.0,2710.0,7.0,2.0,6.0,18.0,7.0,1323.0,70.0,80.0,67.0,6.0,48.0,46.0,27.0,227.0,122.0,18.0,22.0,0.0,0.0,CM,0,,0,0,58.0,0,,statistical_fallback,Midfielder,CM,0.066,0.199,0.598,0.232,43.937,2.325,2.225,1.594,1.528,0.897,38.796,58.704,Nice,1
78,Bundesliga,2025,162,Werder Bremen,25011,A. Pieper,Amos,Pieper,27.0,Germany,192,86,https://media.api-sports.io/football/players/25011.png,Defender,19.0,19.0,1504.0,7.05,0.0,0.0,6.0,2.0,1016.0,2.0,85.0,31.0,16.0,25.0,1.0,0.0,134.0,97.0,15.0,10.0,4.0,0.0,CB,0,,0,0,68.9,0,,statistical_fallback,Defender,CB,0.0,0.0,0.359,0.12,60.798,0.12,1.855,1.496,0.06,0.0,33.426,0.0,Werder Bremen,1
78,Bundesliga,2025,175,Hamburger SV,25033,Daniel Heuer Fernandes,Daniel,Heuer Fernandes,33.0,Portugal,188,81,https://media.api-sports.io/football/players/25033.png,Goalkeeper,33.0,33.0,2970.0,7.18,0.0,0.0,1.0,0.0,1660.0,0.0,74.0,0.0,,0.0,1.0,1.0,10.0,9.0,4.0,,3.0,0.0,GK,0,,0,0,100.0,0,,statistical_fallback,Goalkeeper,GK,0.0,0.0,0.03,0.0,50.303,0.0,0.0,0.0,0.03,0.03,0.0,100.0,Hamburger SV,1
135,Serie A,2025,504,Hellas Verona,25061,A. Bella-Kotchap,Armel,Bella-Kotchap,24.0,Germany,190,87,https://media.api-sports.io/football/players/25061.png,Defender,19.0,14.0,1355.0,6.73,0.0,0.0,2.0,0.0,566.0,1.0,84.0,20.0,16.0,32.0,4.0,1.0,113.0,77.0,17.0,22.0,3.0,0.0,CB,0,,0,0,64.2,0,,statistical_fallback,Defender,CB,0.0,0.0,0.133,0.0,37.594,0.066,1.328,2.125,0.266,0.066,0.0,24.812,Hellas Verona,1
39,Premier League,2025,55,Brentford,25073,V. Janelt,Vitaly,Janelt,27.0,Germany,184,79,https://media.api-sports.io/football/players/25073.png,Midfielder,25.0,15.0,1460.0,6.94,1.0,4.0,9.0,3.0,810.0,21.0,87.0,27.0,8.0,30.0,11.0,5.0,132.0,66.0,13.0,20.0,8.0,0.0,CDM,13,CM,2,15,86.7,0,CDM:13 | CM:2,lineup_history,Midfielder,CDM,0.062,0.247,0.555,0.185,49.932,1.295,1.664,1.849,0.678,0.308,33.333,45.428,Brentford,1
78,Bundesliga,2025,173,RB Leipzig,25158,D. Raum,David,Raum,27.0,Germany,180,75,https://media.api-sports.io/football/players/25158.png,Defender,30.0,29.0,2556.0,7.37,3.0,7.0,21.0,8.0,1696.0,98.0,80.0,48.0,9.0,30.0,36.0,16.0,200.0,97.0,17.0,29.0,6.0,0.0,FB,0,,0,0,63.2,0,,statistical_fallback,Defender,FB,0.106,0.246,0.739,0.282,59.718,3.451,1.69,1.056,1.268,0.563,38.16,44.401,RB Leipzig,1
78,Bundesliga,2025,180,1. FC Heidenheim,25203,B. Gimber,Benedikt Steffen,Gimber,28.0,Germany,187,85,https://media.api-sports.io/football/players/25203.png,Defender,21.0,18.0,1448.0,6.42,0.0,0.0,4.0,2.0,663.0,1.0,83.0,35.0,7.0,13.0,7.0,5.0,165.0,98.0,31.0,27.0,6.0,0.0,CB,0,,0,0,58.2,0,,statistical_fallback,Defender,CB,0.0,0.0,0.249,0.124,41.209,0.062,2.175,0.808,0.435,0.311,49.799,71.494,1. FC Heidenheim,1
78,Bundesliga,2025,192,1. FC Köln,25242,M. Bülter,Marius,Bülter,32.0,Germany,188,85,https://media.api-sports.io/football/players/25242.png,Attacker,32.0,18.0,1606.0,6.84,5.0,4.0,35.0,17.0,402.0,26.0,73.0,7.0,4.0,7.0,19.0,6.0,189.0,76.0,24.0,17.0,3.0,0.0,ST,0,W,0,0,56.2,0,,statistical_fallback,Attacker,ST,0.28,0.224,1.961,0.953,22.528,1.457,0.392,0.392,1.065,0.336,48.598,31.549,1. FC Köln,1
78,Bundesliga,2025,165,Borussia Dortmund,25282,G. Kobel,Gregor,Kobel,28.0,Switzerland,195,88,https://media.api-sports.io/football/players/25282.png,Goalkeeper,34.0,34.0,3060.0,7.18,0.0,0.0,0.0,0.0,1073.0,0.0,72.0,0.0,,0.0,0.0,0.0,11.0,8.0,5.0,,3.0,0.0,GK,0,,0,0,100.0,0,,statistical_fallback,Goalkeeper,GK,0.0,0.0,0.0,0.0,31.559,0.0,0.0,0.0,0.0,0.0,0.0,0.0,Borussia Dortmund,1
39,Premier League,2025,47,Tottenham,25287,K. Danso,Kevin,Danso,27.0,Austria,190,85,https://media.api-sports.io/football/players/25287.png,Defender,24.0,17.0,1519.0,6.86,0.0,0.0,6.0,2.0,952.0,2.0,87.0,27.0,11.0,24.0,3.0,2.0,198.0,120.0,13.0,21.0,8.0,0.0,CB,17,,0,17,100.0,0,CB:17,lineup_history,Defender,CB,0.0,0.0,0.355,0.118,56.406,0.118,1.6,1.422,0.178,0.118,33.239,66.292,Tottenham,1
78,Bundesliga,2025,170,FC Augsburg,25290,J. Gouweleeuw,Jeffrey,Gouweleeuw,34.0,Netherlands,188,83,https://media.api-sports.io/football/players/25290.png,Defender,11.0,10.0,851.0,6.53,0.0,1.0,4.0,3.0,371.0,5.0,79.0,19.0,3.0,14.0,3.0,2.0,71.0,38.0,3.0,7.0,3.0,0.0,FB,0,,0,0,57.3,0,,statistical_fallback,Defender,FB,0.0,0.106,0.423,0.317,39.236,0.529,2.009,1.481,0.317,0.212,74.941,66.877,FC Augsburg,1
78,Bundesliga,2025,170,FC Augsburg,25297,M. Gregoritsch,Michael,Gregoritsch,31.0,Austria,193,91,https://media.api-sports.io/football/players/25297.png,Attacker,17.0,11.0,927.0,6.75,6.0,2.0,24.0,10.0,178.0,7.0,55.0,5.0,5.0,5.0,11.0,2.0,138.0,55.0,17.0,5.0,2.0,0.0,ST,0,,0,0,62.4,0,,statistical_fallback,Attacker,ST,0.583,0.194,2.33,0.971,17.282,0.68,0.485,0.485,1.068,0.194,41.674,18.165,FC Augsburg,1
78,Bundesliga,2025,182,Union Berlin,25300,R. Khedira,Rani,Khedira,31.0,Germany,188,84,https://media.api-sports.io/football/players/25300.png,Midfielder,32.0,32.0,2835.0,6.67,5.0,1.0,15.0,10.0,656.0,16.0,66.0,59.0,5.0,37.0,13.0,3.0,249.0,117.0,18.0,52.0,7.0,0.0,CDM,0,CM,0,0,58.4,0,,statistical_fallback,Midfielder,CDM,0.159,0.032,0.476,0.317,20.825,0.508,1.873,1.175,0.413,0.095,66.597,23.002,Union Berlin,1
78,Bundesliga,2025,160,SC Freiburg,25313,J. Beste,Jan-Niklas,Beste,26.0,Germany,175,66,https://media.api-sports.io/football/players/25313.png,Midfielder,28.0,20.0,1716.0,6.81,2.0,2.0,22.0,14.0,493.0,35.0,75.0,40.0,2.0,17.0,41.0,15.0,195.0,97.0,36.0,17.0,5.0,0.0,W,0,CAM,0,0,56.8,0,,statistical_fallback,Midfielder,W,0.105,0.105,1.154,0.734,25.857,1.836,2.098,0.892,2.15,0.787,63.605,36.605,SC Freiburg,1
78,Bundesliga,2025,162,Werder Bremen,25314,M. Friedl,Marco,Friedl,27.0,Austria,187,82,https://media.api-sports.io/football/players/25314.png,Defender,30.0,29.0,2549.0,6.88,1.0,0.0,8.0,2.0,1796.0,5.0,88.0,44.0,24.0,35.0,7.0,4.0,190.0,118.0,16.0,17.0,9.0,1.0,CB,0,,0,0,62.9,0,,statistical_fallback,Defender,CB,0.035,0.0,0.282,0.071,63.413,0.177,1.554,1.236,0.247,0.141,25.177,57.085,Werder Bremen,1
78,Bundesliga,2025,172,VfB Stuttgart,25342,M. Mittelstädt,Maximilian,Mittelstädt,28.0,Germany,180,71,https://media.api-sports.io/football/players/25342.png,Defender,32.0,24.0,2195.0,7.23,6.0,4.0,26.0,16.0,1340.0,37.0,86.0,67.0,9.0,37.0,22.0,14.0,219.0,143.0,26.0,11.0,4.0,0.0,FB,0,,0,0,57.7,0,,statistical_fallback,Defender,FB,0.246,0.164,1.066,0.656,54.943,1.517,2.747,1.517,0.902,0.574,61.538,63.636,VfB Stuttgart,1
78,Bundesliga,2025,175,Hamburger SV,25346,J. Torunarigha,Jordan,Torunarigha,28.0,Germany,191,80,https://media.api-sports.io/football/players/25346.png,Defender,24.0,21.0,1965.0,6.79,0.0,0.0,3.0,1.0,1048.0,2.0,85.0,37.0,18.0,30.0,8.0,6.0,185.0,109.0,13.0,19.0,3.0,0.0,CB,0,,0,0,62.0,0,,statistical_fallback,Defender,CB,0.0,0.0,0.137,0.046,48.0,0.092,1.695,1.374,0.366,0.275,33.577,75.137,Hamburger SV,1
135,Serie A,2025,503,Torino,25353,V. Lazaro,Valentino Lando,Lazaro,29.0,Austria,180,75,https://media.api-sports.io/football/players/25353.png,Defender,31.0,26.0,2263.0,6.81,0.0,2.0,5.0,2.0,844.0,31.0,79.0,47.0,8.0,22.0,25.0,11.0,180.0,82.0,9.0,37.0,4.0,0.0,FB,0,,0,0,65.0,0,,statistical_fallback,Defender,FB,0.0,0.08,0.199,0.08,33.566,1.233,1.869,0.875,0.994,0.437,40.201,43.964,Torino,1
78,Bundesliga,2025,165,Borussia Dortmund,25368,W. Anton,Waldemar,Riptsov Anton,29.0,Germany,189,86,https://media.api-sports.io/football/players/25368.png,Defender,32.0,32.0,2880.0,7.26,2.0,0.0,11.0,6.0,2365.0,8.0,89.0,73.0,17.0,30.0,23.0,13.0,294.0,184.0,16.0,27.0,3.0,0.0,CB,0,,0,0,59.4,0,,statistical_fallback,Defender,CB,0.062,0.0,0.344,0.188,73.906,0.25,2.281,0.938,0.719,0.406,54.651,56.467,Borussia Dortmund,1
140,La Liga,2025,798,Mallorca,25375,T. Asano,Takuma,Asano,31.0,Japan,173,71,https://media.api-sports.io/football/players/25375.png,Midfielder,20.0,8.0,681.0,6.58,1.0,0.0,15.0,2.0,119.0,3.0,73.0,14.0,,1.0,11.0,2.0,86.0,34.0,10.0,9.0,2.0,0.0,CM,0,,0,0,58.0,0,,statistical_fallback,Midfielder,CM,0.132,0.0,1.982,0.264,15.727,0.396,1.85,0.132,1.454,0.264,13.32,18.157,Mallorca,1
78,Bundesliga,2025,192,1. FC Köln,25380,L. Maina,Linton,Maina,26.0,Germany,173,70,https://media.api-sports.io/football/players/25380.png,Midfielder,24.0,9.0,1029.0,6.74,2.0,0.0,15.0,8.0,306.0,17.0,84.0,9.0,2.0,4.0,21.0,9.0,72.0,26.0,7.0,8.0,0.0,0.0,CAM,0,CM,0,0,62.5,0,,statistical_fallback,Midfielder,CAM,0.175,0.0,1.312,0.7,26.764,1.487,0.787,0.35,1.837,0.787,53.354,42.842,1. FC Köln,1
135,Serie A,2025,489,AC Milan | West Ham,25391,N. Füllkrug,Niclas,Füllkrug,32.0,Germany,189,83,https://media.api-sports.io/football/players/25391.png,Attacker,20.0,3.0,1055.0,6.313,1.0,0.0,11.0,5.0,181.0,9.0,71.0,1.0,,3.0,6.0,3.0,73.0,31.0,8.0,8.0,0.0,0.0,ST,5,,0,5,100.0,0,ST:5,lineup_history,Attacker,ST,0.085,0.0,1.535,0.683,23.375,1.365,0.256,0.426,0.512,0.256,44.473,49.94,AC Milan | West Ham,2
78,Bundesliga,2025,161,VfL Wolfsburg,25400,Y. Gerhardt,Yannick,Gerhardt,31.0,Germany,184,81,https://media.api-sports.io/football/players/25400.png,Attacker,20.0,13.0,1975.0,6.72,8.0,3.0,50.0,19.0,507.0,26.0,69.0,39.0,1.0,7.0,50.0,18.0,239.0,94.0,11.0,22.0,1.0,0.0,ST,0,W,0,0,55.4,0,,statistical_fallback,Attacker,ST,0.365,0.137,2.278,0.866,23.104,1.185,1.777,0.319,2.278,0.82,38.016,35.996,VfL Wolfsburg,1
78,Bundesliga,2025,161,VfL Wolfsburg,25408,M. Arnold,Maximilian,Arnold,31.0,Germany,184,74,https://media.api-sports.io/football/players/25408.png,Midfielder,25.0,20.0,1860.0,7.09,1.0,4.0,9.0,5.0,1029.0,29.0,84.0,22.0,12.0,24.0,8.0,5.0,116.0,64.0,26.0,17.0,5.0,0.0,CM,0,,0,0,58.0,0,,statistical_fallback,Midfielder,CM,0.048,0.194,0.435,0.242,49.79,1.403,1.065,1.161,0.387,0.242,55.632,62.532,VfL Wolfsburg,1
78,Bundesliga,2025,170,FC Augsburg,25413,E. Rexhbeçaj,Elvis,Rexhbeçaj,28.0,Kosovo,182,78,https://media.api-sports.io/football/players/25413.png,Midfielder,26.0,10.0,1120.0,6.62,2.0,0.0,8.0,5.0,406.0,9.0,77.0,18.0,1.0,5.0,8.0,5.0,113.0,51.0,16.0,13.0,4.0,0.0,CM,0,,0,0,58.0,0,,statistical_fallback,Midfielder,CM,0.161,0.0,0.643,0.402,32.625,0.723,1.446,0.402,0.643,0.402,62.519,62.519,FC Augsburg,1
78,Bundesliga,2025,163,Borussia Mönchengladbach,25461,K. Stöger,Kevin,Stöger,32.0,Austria,175,74,https://media.api-sports.io/football/players/25461.png,Midfielder,29.0,15.0,1341.0,6.77,1.0,1.0,18.0,7.0,802.0,26.0,82.0,37.0,2.0,14.0,14.0,3.0,147.0,71.0,29.0,23.0,3.0,0.0,CM,0,,0,0,58.0,0,,statistical_fallback,Midfielder,CM,0.067,0.067,1.208,0.47,53.826,1.745,2.483,0.94,0.94,0.201,38.907,21.383,Borussia Mönchengladbach,1
78,Bundesliga,2025,180,1. FC Heidenheim,25502,O. Traoré,Omar Haktab,Traoré,27.0,Germany,187,77,https://media.api-sports.io/football/players/25502.png,Defender,26.0,16.0,1514.0,6.42,0.0,2.0,8.0,2.0,566.0,13.0,77.0,24.0,1.0,14.0,25.0,13.0,142.0,66.0,19.0,22.0,2.0,0.0,FB,0,,0,0,66.4,0,,statistical_fallback,Defender,FB,0.0,0.119,0.476,0.119,33.646,0.773,1.427,0.832,1.486,0.773,25.0,52.019,1. FC Heidenheim,1
78,Bundesliga,2025,163,Borussia Mönchengladbach,25626,M. Nicolas,Moritz,Nicolas,28.0,Germany,193,87,https://media.api-sports.io/football/players/25626.png,Goalkeeper,34.0,34.0,3060.0,7.36,0.0,0.0,0.0,0.0,1122.0,2.0,70.0,1.0,,1.0,0.0,0.0,12.0,12.0,3.0,,1.0,0.0,GK,0,,0,0,100.0,0,,statistical_fallback,Goalkeeper,GK,0.0,0.0,0.0,0.0,33.0,0.059,0.029,0.029,0.0,0.0,0.0,0.0,Borussia Mönchengladbach,1
78,Bundesliga,2025,168,Bayer Leverkusen,25635,J. Hofmann,Jonas,Hofmann,33.0,Germany,176,73,https://media.api-sports.io/football/players/25635.png,Midfielder,23.0,11.0,1015.0,6.76,2.0,2.0,17.0,7.0,547.0,16.0,83.0,13.0,,2.0,11.0,7.0,60.0,33.0,9.0,5.0,3.0,0.0,CAM,0,CM,0,0,68.2,0,,statistical_fallback,Midfielder,CAM,0.177,0.177,1.507,0.621,48.502,1.419,1.153,0.177,0.975,0.621,41.208,63.692,Bayer Leverkusen,1
78,Bundesliga,2025,163,Borussia Mönchengladbach,25638,F. Neuhaus,Florian Christian,Neuhaus,28.0,Germany,185,74,https://media.api-sports.io/football/players/25638.png,Midfielder,17.0,11.0,939.0,6.74,0.0,1.0,12.0,6.0,492.0,9.0,79.0,12.0,4.0,9.0,12.0,6.0,74.0,29.0,9.0,9.0,0.0,0.0,CAM,0,CM,0,0,58.9,0,,statistical_fallback,Midfielder,CAM,0.0,0.096,1.15,0.575,47.157,0.863,1.15,0.863,1.15,0.575,50.0,50.0,Borussia Mönchengladbach,1
78,Bundesliga,2025,170,FC Augsburg,25903,F. Dahmen,Finn Gilbert,Dahmen,27.0,Germany,186,80,https://media.api-sports.io/football/players/25903.png,Goalkeeper,34.0,34.0,3060.0,7.01,0.0,0.0,1.0,0.0,1429.0,4.0,68.0,3.0,,0.0,0.0,0.0,26.0,26.0,9.0,,1.0,0.0,GK,0,,0,0,100.0,0,,statistical_fallback,Goalkeeper,GK,0.0,0.0,0.029,0.0,42.029,0.118,0.088,0.0,0.0,0.0,0.0,0.0,FC Augsburg,1
78,Bundesliga,2025,164,FSV Mainz 05,25906,R. Zentner,Robin,Zentner,31.0,Germany,194,96,https://media.api-sports.io/football/players/25906.png,Goalkeeper,10.0,10.0,877.0,6.94,0.0,0.0,0.0,0.0,367.0,0.0,54.0,0.0,,0.0,1.0,1.0,14.0,8.0,1.0,2.0,2.0,1.0,GK,0,,0,0,100.0,0,,statistical_fallback,Goalkeeper,GK,0.0,0.0,0.0,0.0,37.662,0.0,0.0,0.0,0.103,0.103,0.0,100.0,FSV Mainz 05,1
78,Bundesliga,2025,164,FSV Mainz 05,25907,S. Bell,Stefan,Bell,34.0,Germany,192,88,https://media.api-sports.io/football/players/25907.png,Defender,18.0,13.0,1049.0,6.73,2.0,1.0,11.0,5.0,417.0,5.0,70.0,12.0,10.0,18.0,2.0,1.0,141.0,80.0,7.0,15.0,4.0,0.0,CB,0,,0,0,59.7,0,,statistical_fallback,Defender,CB,0.172,0.086,0.944,0.429,35.777,0.429,1.03,1.544,0.172,0.086,45.445,50.0,FSV Mainz 05,1
135,Serie A,2025,495,Genoa,25914,Aarón Martín,Aarón,Martín Caricol,28.0,Spain,180,72,https://media.api-sports.io/football/players/25914.png,Defender,33.0,26.0,2185.0,6.94,1.0,5.0,5.0,4.0,737.0,62.0,78.0,43.0,11.0,10.0,26.0,13.0,176.0,92.0,27.0,31.0,2.0,0.0,FB,0,,0,0,67.0,0,,statistical_fallback,Defender,FB,0.041,0.206,0.206,0.165,30.357,2.554,1.771,0.412,1.071,0.535,80.097,49.953,Genoa,1
78,Bundesliga,2025,164,FSV Mainz 05,25915,P. Mwene,Phillipp,Mwene,31.0,Austria,170,68,https://media.api-sports.io/football/players/25915.png,Midfielder,29.0,24.0,2072.0,6.82,1.0,2.0,9.0,2.0,592.0,18.0,75.0,29.0,9.0,15.0,16.0,8.0,173.0,82.0,32.0,22.0,4.0,0.0,CM,0,,0,0,58.0,0,,statistical_fallback,Midfielder,CM,0.043,0.087,0.391,0.087,25.714,0.782,1.26,0.652,0.695,0.347,22.251,49.928,FSV Mainz 05,1
61,Ligue 1,2025,80,Lyon,25916,M. Niakhaté,Moussa,Niakhaté,29.0,Senegal,190,82,https://media.api-sports.io/football/players/25916.png,Defender,32.0,30.0,2758.0,7.22,0.0,2.0,2.0,0.0,2086.0,14.0,89.0,36.0,21.0,29.0,7.0,5.0,253.0,167.0,32.0,38.0,3.0,0.0,CB,0,,0,0,58.7,0,,statistical_fallback,Defender,CB,0.0,0.065,0.065,0.0,68.071,0.457,1.175,0.946,0.228,0.163,0.0,71.491,Lyon,1
78,Bundesliga,2025,173,RB Leipzig,25917,R. Baku,Bote Ridle,Nzuzi Baku,27.0,Germany,176,72,https://media.api-sports.io/football/players/25917.png,Defender,32.0,28.0,2509.0,6.87,2.0,3.0,18.0,6.0,1644.0,37.0,86.0,61.0,7.0,31.0,37.0,13.0,220.0,107.0,22.0,23.0,4.0,0.0,FB,0,,0,0,61.5,0,,statistical_fallback,Defender,FB,0.072,0.108,0.646,0.215,58.972,1.327,2.188,1.112,1.327,0.466,33.282,35.117,RB Leipzig,1
78,Bundesliga,2025,169,Eintracht Frankfurt,25926,J. Burkardt,Jonathan Michael,Burkardt,25.0,Germany,181,76,https://media.api-sports.io/football/players/25926.png,Attacker,22.0,15.0,1340.0,6.96,13.0,1.0,33.0,21.0,206.0,9.0,73.0,8.0,,1.0,11.0,6.0,122.0,40.0,15.0,12.0,1.0,0.0,ST,0,,0,0,62.9,0,,statistical_fallback,Attacker,ST,0.873,0.067,2.216,1.41,13.836,0.604,0.537,0.067,0.739,0.403,63.628,54.533,Eintracht Frankfurt,1
39,Premier League,2025,52,Crystal Palace,25927,J. Mateta,Jean-Philippe,Mateta,28.0,France,192,88,https://media.api-sports.io/football/players/25927.png,Attacker,32.0,25.0,2222.0,6.73,12.0,0.0,56.0,32.0,315.0,9.0,62.0,10.0,6.0,6.0,31.0,14.0,292.0,110.0,19.0,21.0,2.0,0.0,ST,25,,0,25,100.0,0,ST:25,lineup_history,Attacker,ST,0.486,0.0,2.268,1.296,12.759,0.365,0.405,0.243,1.256,0.567,57.143,45.143,Crystal Palace,1
78,Bundesliga,2025,164,FSV Mainz 05,26171,P. Tietz,Phillip,Tietz,28.0,Germany,190,86,https://media.api-sports.io/football/players/26171.png,Attacker,19.0,19.0,1618.0,6.48,5.0,2.0,40.0,21.0,429.0,18.0,57.0,7.0,1.0,7.0,26.0,12.0,303.0,128.0,21.0,32.0,2.0,0.0,ST,0,,0,0,60.7,0,,statistical_fallback,Attacker,ST,0.278,0.111,2.225,1.168,23.863,1.001,0.389,0.389,1.446,0.667,52.494,46.127,FSV Mainz 05,1
78,Bundesliga,2025,168,Bayer Leverkusen,26232,M. Flekken,Mark,Flekken,32.0,Netherlands,195,87,https://media.api-sports.io/football/players/26232.png,Goalkeeper,24.0,24.0,2130.0,6.92,0.0,0.0,0.0,0.0,714.0,1.0,72.0,0.0,,0.0,1.0,1.0,14.0,13.0,3.0,,1.0,0.0,GK,0,,0,0,100.0,0,,statistical_fallback,Goalkeeper,GK,0.0,0.0,0.0,0.0,30.169,0.042,0.0,0.0,0.042,0.042,0.0,100.0,Bayer Leverkusen,1
78,Bundesliga,2025,160,SC Freiburg,26236,C. Günter,Christian,Günter,32.0,Germany,184,83,https://media.api-sports.io/football/players/26236.png,Defender,24.0,18.0,1573.0,6.57,0.0,3.0,6.0,0.0,514.0,20.0,78.0,19.0,6.0,9.0,5.0,2.0,69.0,37.0,6.0,10.0,3.0,0.0,FB,0,,0,0,63.8,0,,statistical_fallback,Defender,FB,0.0,0.172,0.343,0.0,29.409,1.144,1.087,0.515,0.286,0.114,0.0,39.86,SC Freiburg,1
78,Bundesliga,2025,192,1. FC Köln,26237,D. Heintz,Dominique,Heintz,32.0,Germany,188,89,https://media.api-sports.io/football/players/26237.png,Defender,9.0,5.0,398.0,6.82,0.0,0.0,0.0,0.0,270.0,1.0,84.0,3.0,4.0,5.0,4.0,3.0,34.0,23.0,4.0,2.0,0.0,0.0,CB,0,,0,0,59.5,0,,statistical_fallback,Defender,CB,0.0,0.0,0.0,0.0,61.055,0.226,0.678,1.131,0.905,0.678,0.0,74.917,1. FC Köln,1
78,Bundesliga,2025,169,Eintracht Frankfurt,26238,R. Koch,Robin Leon,Koch,29.0,Germany,192,85,https://media.api-sports.io/football/players/26238.png,Defender,32.0,32.0,2835.0,6.98,3.0,1.0,13.0,5.0,2139.0,10.0,91.0,42.0,28.0,46.0,3.0,2.0,275.0,165.0,13.0,31.0,2.0,0.0,CB,0,,0,0,63.7,0,,statistical_fallback,Defender,CB,0.095,0.032,0.413,0.159,67.905,0.317,1.333,1.46,0.095,0.063,38.499,66.316,Eintracht Frankfurt,1
78,Bundesliga,2025,160,SC Freiburg,26239,L. Kübler,Lukas,Kübler,33.0,Germany,182,74,https://media.api-sports.io/football/players/26239.png,Defender,23.0,19.0,1593.0,6.68,2.0,2.0,14.0,5.0,635.0,11.0,81.0,41.0,9.0,38.0,5.0,2.0,156.0,92.0,11.0,20.0,3.0,0.0,CB,0,,0,0,56.1,0,,statistical_fallback,Defender,CB,0.113,0.113,0.791,0.282,35.876,0.621,2.316,2.147,0.282,0.113,35.651,40.071,SC Freiburg,1
78,Bundesliga,2025,160,SC Freiburg,26240,P. Lienhart,Philipp,Lienhart,29.0,Austria,189,83,https://media.api-sports.io/football/players/26240.png,Defender,20.0,14.0,1305.0,6.98,1.0,0.0,8.0,2.0,977.0,5.0,90.0,18.0,8.0,15.0,5.0,3.0,92.0,60.0,8.0,7.0,3.0,0.0,CB,0,,0,0,59.3,0,,statistical_fallback,Defender,CB,0.069,0.0,0.552,0.138,67.379,0.345,1.241,1.034,0.345,0.207,25.0,60.0,SC Freiburg,1
78,Bundesliga,2025,170,FC Augsburg,26242,K. Schlotterbeck,Keven Matteo,Schlotterbeck,28.0,Germany,189,84,https://media.api-sports.io/football/players/26242.png,Defender,24.0,22.0,2031.0,6.98,0.0,1.0,9.0,3.0,1210.0,12.0,85.0,40.0,23.0,33.0,12.0,10.0,211.0,136.0,20.0,26.0,6.0,0.0,CB,0,,0,0,58.5,0,,statistical_fallback,Defender,CB,0.0,0.044,0.399,0.133,53.619,0.532,1.773,1.462,0.532,0.443,33.333,83.271,FC Augsburg,1
78,Bundesliga,2025,165,Borussia Dortmund,26243,N. Schlotterbeck,Nico Cedric,Schlotterbeck,26.0,Germany,191,86,https://media.api-sports.io/football/players/26243.png,Defender,28.0,28.0,2520.0,7.7,5.0,1.0,21.0,9.0,1985.0,12.0,88.0,50.0,12.0,27.0,23.0,15.0,255.0,158.0,27.0,30.0,8.0,0.0,FB,0,,0,0,55.0,0,,statistical_fallback,Defender,FB,0.179,0.036,0.75,0.321,70.893,0.429,1.786,0.964,0.821,0.536,42.8,65.286,Borussia Dortmund,1
78,Bundesliga,2025,160,SC Freiburg,26248,V. Grifo,Vincenzo,Grifo,32.0,Italy,180,76,https://media.api-sports.io/football/players/26248.png,Midfielder,33.0,21.0,1720.0,6.98,7.0,4.0,20.0,12.0,788.0,41.0,82.0,10.0,1.0,14.0,16.0,10.0,81.0,38.0,12.0,10.0,0.0,0.0,CAM,0,CM,0,0,66.5,0,,statistical_fallback,Midfielder,CAM,0.366,0.209,1.047,0.628,41.233,2.145,0.523,0.733,0.837,0.523,59.981,62.485,SC Freiburg,1
78,Bundesliga,2025,182,Union Berlin,26249,J. Haberer,Janik,Haberer,31.0,Germany,186,78,https://media.api-sports.io/football/players/26249.png,Midfielder,28.0,20.0,1658.0,6.67,0.0,1.0,3.0,1.0,586.0,21.0,76.0,35.0,3.0,8.0,16.0,6.0,179.0,81.0,21.0,24.0,8.0,0.0,CM,0,,0,0,58.0,0,,statistical_fallback,Midfielder,CM,0.0,0.054,0.163,0.054,31.809,1.14,1.9,0.434,0.869,0.326,33.129,37.514,Union Berlin,1
78,Bundesliga,2025,160,SC Freiburg,26250,N. Höfler,Nicolas,Höfler,35.0,Germany,181,79,https://media.api-sports.io/football/players/26250.png,Midfielder,14.0,2.0,319.0,6.49,0.0,0.0,4.0,2.0,121.0,0.0,85.0,7.0,1.0,2.0,2.0,1.0,34.0,15.0,3.0,6.0,0.0,0.0,CM,0,,0,0,58.0,0,,statistical_fallback,Midfielder,CM,0.0,0.0,1.129,0.564,34.138,0.0,1.975,0.564,0.564,0.282,49.956,50.0,SC Freiburg,1
78,Bundesliga,2025,160,SC Freiburg,26255,L. Höler,Lucas,Höler,31.0,Germany,184,83,https://media.api-sports.io/football/players/26255.png,Attacker,32.0,25.0,2065.0,6.67,3.0,1.0,27.0,15.0,560.0,24.0,68.0,24.0,2.0,11.0,25.0,10.0,287.0,131.0,30.0,30.0,4.0,0.0,ST,0,W,0,0,56.4,0,,statistical_fallback,Attacker,ST,0.131,0.044,1.177,0.654,24.407,1.046,1.046,0.479,1.09,0.436,55.565,40.0,SC Freiburg,1
78,Bundesliga,2025,192,1. FC Köln,26260,L. Waldschmidt,Gian-Luca,Waldschmidt,29.0,Germany,181,74,https://media.api-sports.io/football/players/26260.png,Attacker,24.0,7.0,684.0,6.79,5.0,4.0,21.0,13.0,224.0,13.0,75.0,8.0,2.0,4.0,16.0,7.0,66.0,31.0,6.0,9.0,1.0,0.0,ST,0,W,0,0,56.0,0,,statistical_fallback,Attacker,ST,0.658,0.526,2.763,1.711,29.474,1.711,1.053,0.526,2.105,0.921,61.925,43.753,1. FC Köln,1
78,Bundesliga,2025,167,1899 Hoffenheim,26300,O. Kabak,Ozan Muhammed,Kabak,25.0,Türkiye,187,86,https://media.api-sports.io/football/players/26300.png,Defender,25.0,18.0,1763.0,6.92,4.0,0.0,29.0,12.0,1132.0,8.0,84.0,20.0,14.0,25.0,10.0,6.0,247.0,149.0,8.0,27.0,5.0,0.0,CB,0,,0,0,61.4,0,,statistical_fallback,Defender,CB,0.204,0.0,1.48,0.613,57.788,0.408,1.021,1.276,0.51,0.306,41.419,60.0,1899 Hoffenheim,1
135,Serie A,2025,895,Como,26301,M. Kempf,Marc Oliver,Kempf,30.0,Germany,186,87,https://media.api-sports.io/football/players/26301.png,Defender,34.0,27.0,2323.0,6.98,4.0,1.0,17.0,6.0,1735.0,8.0,89.0,21.0,20.0,12.0,6.0,2.0,225.0,134.0,19.0,26.0,3.0,0.0,CB,0,,0,0,59.1,0,,statistical_fallback,Defender,CB,0.155,0.039,0.659,0.232,67.219,0.31,0.814,0.465,0.232,0.077,35.205,33.19,Como,1
140,La Liga,2025,798,Mallorca,26302,Pablo Maffeo,Pablo Carmine,Maffeo Becerra,28.0,Spain,172,70,https://media.api-sports.io/football/players/26302.png,Defender,31.0,30.0,2672.0,6.88,1.0,2.0,5.0,1.0,932.0,20.0,76.0,67.0,22.0,34.0,54.0,34.0,257.0,155.0,23.0,26.0,11.0,0.0,FB,0,,0,0,60.5,0,,statistical_fallback,Defender,FB,0.034,0.067,0.168,0.034,31.392,0.674,2.257,1.145,1.819,1.145,20.238,62.947,Mallorca,1
140,La Liga,2025,530,Atletico Madrid,26315,N. González,Nicolás Iván,González,27.0,Argentina,180,72,https://media.api-sports.io/football/players/26315.png,Midfielder,24.0,18.0,1460.0,6.91,5.0,0.0,37.0,20.0,534.0,12.0,76.0,24.0,3.0,12.0,47.0,24.0,237.0,123.0,25.0,28.0,4.0,1.0,W,0,CAM,0,0,56.8,0,,statistical_fallback,Midfielder,W,0.308,0.0,2.281,1.233,32.918,0.74,1.479,0.74,2.897,1.479,54.055,51.053,Atletico Madrid,1
78,Bundesliga,2025,162,Werder Bremen,26319,F. Agu,Felix,Agu,26.0,Germany,180,67,https://media.api-sports.io/football/players/26319.png,Defender,11.0,9.0,746.0,6.68,0.0,0.0,2.0,1.0,290.0,7.0,79.0,20.0,7.0,11.0,7.0,4.0,77.0,53.0,15.0,8.0,1.0,0.0,CB,0,,0,0,56.5,0,,statistical_fallback,Defender,CB,0.0,0.0,0.241,0.121,34.987,0.845,2.413,1.327,0.845,0.483,50.207,57.16,Werder Bremen,1
78,Bundesliga,2025,172,VfB Stuttgart,26475,D. Undav,Deniz,Undav,29.0,Germany,179,86,https://media.api-sports.io/football/players/26475.png,Midfielder,29.0,25.0,2247.0,7.18,19.0,7.0,90.0,46.0,624.0,42.0,72.0,18.0,2.0,4.0,18.0,9.0,228.0,85.0,23.0,32.0,5.0,0.0,CAM,0,CM,0,0,69.7,0,,statistical_fallback,Midfielder,CAM,0.761,0.28,3.605,1.842,24.993,1.682,0.721,0.16,0.721,0.36,51.096,49.931,VfB Stuttgart,1
78,Bundesliga,2025,180,1. FC Heidenheim,26530,S. Schimmer,Stefan,Schimmer,31.0,Germany,185,87,https://media.api-sports.io/football/players/26530.png,Attacker,27.0,3.0,812.0,6.6,5.0,1.0,22.0,11.0,156.0,12.0,64.0,11.0,,3.0,2.0,1.0,110.0,47.0,5.0,13.0,1.0,0.0,ST,0,,0,0,62.6,0,,statistical_fallback,Attacker,ST,0.554,0.111,2.438,1.219,17.291,1.33,1.219,0.333,0.222,0.111,50.0,50.0,1. FC Heidenheim,1
135,Serie A,2025,895,Como,26845,T. Douvikas,Anastasios,Douvikas,26.0,Greece,186,76,https://media.api-sports.io/football/players/26845.png,Attacker,38.0,25.0,2278.0,6.84,14.0,1.0,49.0,30.0,318.0,23.0,77.0,13.0,4.0,4.0,33.0,13.0,239.0,100.0,42.0,36.0,0.0,0.0,ST,0,,0,0,60.8,0,,statistical_fallback,Attacker,ST,0.553,0.04,1.936,1.185,12.564,0.909,0.514,0.158,1.304,0.514,61.209,39.417,Como,1
78,Bundesliga,2025,186,FC St. Pauli,27157,M. Saliakas,Emmanouil,Saliakas,29.0,Greece,177,74,https://media.api-sports.io/football/players/27157.png,Defender,17.0,12.0,1110.0,6.96,1.0,3.0,5.0,3.0,518.0,12.0,74.0,29.0,1.0,13.0,8.0,5.0,75.0,49.0,7.0,4.0,3.0,0.0,FB,0,,0,0,62.9,0,,statistical_fallback,Defender,FB,0.081,0.243,0.405,0.243,42.0,0.973,2.351,1.054,0.649,0.405,60.0,62.404,FC St. Pauli,1
78,Bundesliga,2025,163,Borussia Mönchengladbach,28382,H. Tabaković,Haris,Tabaković,31.0,Switzerland,196,90,https://media.api-sports.io/football/players/28382.png,Attacker,32.0,28.0,2394.0,6.71,13.0,2.0,51.0,27.0,485.0,16.0,67.0,10.0,5.0,0.0,16.0,6.0,333.0,138.0,20.0,48.0,5.0,0.0,ST,0,,0,0,63.5,0,,statistical_fallback,Attacker,ST,0.489,0.075,1.917,1.015,18.233,0.602,0.376,0.0,0.602,0.226,52.947,37.542,Borussia Mönchengladbach,1
135,Serie A,2025,503,Torino,30396,C. Biraghi,Cristiano,Biraghi,33.0,Italy,185,78,https://media.api-sports.io/football/players/30396.png,Defender,14.0,5.0,530.0,6.6,0.0,0.0,0.0,0.0,181.0,7.0,80.0,9.0,,3.0,3.0,1.0,39.0,23.0,6.0,9.0,0.0,0.0,CB,0,,0,0,62.0,0,,statistical_fallback,Defender,CB,0.0,0.0,0.0,0.0,30.736,1.189,1.528,0.509,0.509,0.17,0.0,33.399,Torino,1
135,Serie A,2025,520,Cremonese,30397,F. Ceccherini,Federico,Ceccherini,33.0,Italy,187,72,https://media.api-sports.io/football/players/30397.png,Defender,9.0,6.0,489.0,6.57,0.0,1.0,5.0,2.0,226.0,2.0,80.0,7.0,5.0,7.0,1.0,1.0,53.0,32.0,9.0,10.0,1.0,1.0,CB,0,,0,0,58.1,0,,statistical_fallback,Defender,CB,0.0,0.184,0.92,0.368,41.595,0.368,1.288,1.288,0.184,0.184,40.0,100.0,Cremonese,1
140,La Liga,2025,530,Atletico Madrid,30399,D. Hancko,Dávid,Hancko,28.0,Slovakia,188,82,https://media.api-sports.io/football/players/30399.png,Defender,30.0,27.0,2434.0,6.81,0.0,2.0,18.0,5.0,1448.0,13.0,87.0,43.0,11.0,19.0,15.0,8.0,179.0,97.0,4.0,15.0,2.0,0.0,FB,0,,0,0,59.3,0,,statistical_fallback,Defender,FB,0.0,0.074,0.666,0.185,53.541,0.481,1.59,0.703,0.555,0.296,27.778,53.333,Atletico Madrid,1
39,Premier League,2025,40,Liverpool,30410,F. Chiesa,Federico,Chiesa,28.0,Italy,175,70,https://media.api-sports.io/football/players/30410.png,Attacker,26.0,1.0,400.0,6.58,2.0,1.0,11.0,5.0,113.0,3.0,71.0,8.0,2.0,4.0,11.0,2.0,54.0,20.0,7.0,11.0,3.0,0.0,RW,1,,0,1,100.0,0,RW:1,lineup_history,Attacker,RW,0.45,0.225,2.475,1.125,25.425,0.675,1.8,0.9,2.475,0.45,45.455,18.182,Liverpool,1
135,Serie A,2025,503,Torino,30414,G. Simeone,Giovanni Pablo,Simeone Baldini,30.0,Argentina,180,81,https://media.api-sports.io/football/players/30414.png,Attacker,32.0,27.0,2245.0,6.76,11.0,0.0,59.0,28.0,417.0,23.0,72.0,16.0,2.0,5.0,52.0,22.0,294.0,112.0,41.0,31.0,1.0,0.0,ST,0,,0,0,61.1,0,,statistical_fallback,Attacker,ST,0.441,0.0,2.365,1.122,16.717,0.922,0.641,0.2,2.085,0.882,47.442,42.302,Torino,1
135,Serie A,2025,496,Juventus,30415,D. Vlahović,Dušan,Vlahović,25.0,Serbia,190,88,https://media.api-sports.io/football/players/30415.png,Attacker,19.0,11.0,976.0,6.76,7.0,1.0,38.0,18.0,175.0,12.0,69.0,3.0,2.0,2.0,7.0,3.0,109.0,49.0,18.0,9.0,0.0,0.0,ST,0,,0,0,63.8,0,,statistical_fallback,Attacker,ST,0.645,0.092,3.504,1.66,16.137,1.107,0.277,0.184,0.645,0.277,47.374,42.946,Juventus,1
135,Serie A,2025,499,Atalanta,30417,M. Carnesecchi,Marco,Carnesecchi,25.0,Italy,191,83,https://media.api-sports.io/football/players/30417.png,Goalkeeper,37.0,37.0,3330.0,7.34,0.0,0.0,0.0,0.0,1174.0,0.0,65.0,1.0,,0.0,1.0,1.0,18.0,17.0,6.0,1.0,0.0,0.0,GK,0,,0,0,100.0,0,,statistical_fallback,Goalkeeper,GK,0.0,0.0,0.0,0.0,31.73,0.0,0.027,0.0,0.027,0.027,0.0,100.0,Atalanta,1
135,Serie A,2025,523,Parma,30420,E. Del Prato,Enrico,Del Prato,26.0,Italy,183,76,https://media.api-sports.io/football/players/30420.png,Defender,35.0,34.0,2953.0,6.75,2.0,0.0,15.0,9.0,1118.0,7.0,86.0,36.0,22.0,24.0,9.0,5.0,161.0,85.0,10.0,16.0,5.0,0.0,CB,0,,0,0,55.0,0,,statistical_fallback,Defender,CB,0.061,0.0,0.457,0.274,34.074,0.213,1.097,0.731,0.274,0.152,59.956,55.474,Parma,1
135,Serie A,2025,499,Atalanta,30421,B. Djimsiti,Berat,Djimsiti,32.0,Albania,190,83,https://media.api-sports.io/football/players/30421.png,Defender,34.0,29.0,2533.0,6.91,0.0,0.0,12.0,2.0,1568.0,6.0,90.0,52.0,24.0,43.0,4.0,3.0,250.0,149.0,8.0,17.0,4.0,0.0,CB,0,,0,0,65.3,0,,statistical_fallback,Defender,CB,0.0,0.0,0.426,0.071,55.713,0.213,1.848,1.528,0.142,0.107,16.667,75.352,Atalanta,1
135,Serie A,2025,502,Fiorentina,30422,R. Gosens,Robin Everardus,Gosens,31.0,Germany,183,76,https://media.api-sports.io/football/players/30422.png,Midfielder,26.0,24.0,1893.0,6.87,3.0,1.0,13.0,7.0,776.0,12.0,79.0,31.0,6.0,25.0,3.0,0.0,176.0,88.0,25.0,24.0,2.0,0.0,CDM,0,CM,0,0,57.9,0,,statistical_fallback,Midfielder,CDM,0.143,0.048,0.618,0.333,36.894,0.571,1.474,1.189,0.143,0.0,53.883,0.0,Fiorentina,1
61,Ligue 1,2025,80,Lyon,30423,H. Hateboer,Hans,Hateboer,31.0,Netherlands,185,72,https://media.api-sports.io/football/players/30423.png,Defender,15.0,8.0,752.0,6.32,0.0,0.0,5.0,1.0,359.0,1.0,86.0,12.0,3.0,10.0,2.0,1.0,47.0,23.0,3.0,8.0,0.0,1.0,CB,0,,0,0,57.5,0,,statistical_fallback,Defender,CB,0.0,0.0,0.598,0.12,42.965,0.12,1.436,1.197,0.239,0.12,20.067,50.209,Lyon,1
135,Serie A,2025,497,AS Roma,30425,G. Mancini,Gianluca,Mancini,29.0,Italy,190,77,https://media.api-sports.io/football/players/30425.png,Defender,36.0,36.0,3066.0,7.0,4.0,2.0,15.0,8.0,1649.0,22.0,86.0,52.0,14.0,49.0,6.0,4.0,336.0,188.0,42.0,71.0,9.0,0.0,CB,0,,0,0,58.0,0,,statistical_fallback,Defender,CB,0.117,0.059,0.44,0.235,48.405,0.646,1.526,1.438,0.176,0.117,53.409,66.477,AS Roma,1
135,Serie A,2025,499,Atalanta,30432,M. de Roon,Marten Elco,de Roon,34.0,Netherlands,186,76,https://media.api-sports.io/football/players/30432.png,Midfielder,34.0,32.0,2704.0,7.04,1.0,2.0,13.0,4.0,1942.0,24.0,85.0,81.0,5.0,28.0,7.0,3.0,249.0,130.0,11.0,37.0,7.0,0.0,CDM,0,CM,0,0,60.0,0,,statistical_fallback,Midfielder,CDM,0.033,0.067,0.433,0.133,64.638,0.799,2.696,0.932,0.233,0.1,30.716,42.918,Atalanta,1
135,Serie A,2025,500,Bologna,30438,N. Cambiaghi,Nicolò,Cambiaghi,25.0,Italy,173,66,https://media.api-sports.io/football/players/30438.png,Midfielder,28.0,17.0,1530.0,6.94,3.0,4.0,16.0,6.0,397.0,18.0,83.0,30.0,,8.0,33.0,15.0,220.0,121.0,71.0,32.0,3.0,1.0,W,0,CAM,0,0,56.2,0,,statistical_fallback,Midfielder,W,0.176,0.235,0.941,0.353,23.353,1.059,1.765,0.471,1.941,0.882,37.513,45.44,Bologna,1
135,Serie A,2025,502,Fiorentina,30440,R. Piccoli,Roberto,Piccoli,24.0,Italy,187,78,https://media.api-sports.io/football/players/30440.png,Attacker,32.0,16.0,1698.0,6.49,4.0,1.0,37.0,15.0,228.0,15.0,65.0,8.0,,4.0,20.0,9.0,262.0,110.0,40.0,34.0,1.0,0.0,ST,0,,0,0,59.9,0,,statistical_fallback,Attacker,ST,0.212,0.053,1.961,0.795,12.085,0.795,0.424,0.212,1.06,0.477,40.541,45.0,Fiorentina,1
135,Serie A,2025,520,Como | Cremonese,30441,E. Audero,Emilio,Audero Mulyadi,28.0,Italy,190,83,https://media.api-sports.io/football/players/30441.png,Goalkeeper,34.0,34.0,3420.0,7.093,0.0,0.0,0.0,0.0,1293.0,0.0,61.0,0.0,,0.0,1.0,1.0,17.0,14.0,6.0,,0.0,0.0,GK,0,,0,0,100.0,0,,statistical_fallback,Goalkeeper,GK,0.0,0.0,0.0,0.0,37.868,0.0,0.0,0.0,0.026,0.026,0.0,100.0,Como | Cremonese,2
135,Serie A,2025,801,Pisa,30469,A. Calabresi,Arturo,Calabresi,29.0,Italy,186,75,https://media.api-sports.io/football/players/30469.png,Defender,26.0,17.0,1516.0,6.56,0.0,0.0,2.0,1.0,518.0,4.0,82.0,20.0,13.0,18.0,9.0,2.0,146.0,62.0,25.0,33.0,8.0,0.0,CB,0,,0,0,56.4,0,,statistical_fallback,Defender,CB,0.0,0.0,0.119,0.059,30.752,0.237,1.187,1.069,0.534,0.119,49.58,22.285,Pisa,1
78,Bundesliga,2025,161,VfL Wolfsburg,30484,M. Svanberg,Mattias Olof,Svanberg,26.0,Sweden,185,75,https://media.api-sports.io/football/players/30484.png,Midfielder,26.0,10.0,1028.0,6.61,3.0,1.0,17.0,8.0,267.0,7.0,72.0,12.0,5.0,11.0,13.0,3.0,127.0,56.0,24.0,20.0,6.0,0.0,CM,0,,0,0,58.0,0,,statistical_fallback,Midfielder,CM,0.263,0.088,1.488,0.7,23.375,0.613,1.051,0.963,1.138,0.263,47.043,23.111,VfL Wolfsburg,1
135,Serie A,2025,500,Bologna,30488,R. Orsolini,Riccardo,Orsolini,28.0,Italy,183,73,https://media.api-sports.io/football/players/30488.png,Midfielder,35.0,26.0,2131.0,6.87,10.0,1.0,66.0,31.0,561.0,26.0,70.0,21.0,1.0,8.0,67.0,32.0,235.0,126.0,44.0,21.0,2.0,0.0,W,0,CAM,0,0,55.7,0,,statistical_fallback,Midfielder,W,0.422,0.042,2.787,1.309,23.693,1.098,0.887,0.338,2.83,1.351,46.968,47.739,Bologna,1
135,Serie A,2025,496,Juventus,30497,Bremer,Gleison Bremer,Silva Nascimento,28.0,Brazil,188,80,https://media.api-sports.io/football/players/30497.png,Defender,26.0,25.0,2175.0,7.13,4.0,3.0,20.0,9.0,1334.0,8.0,89.0,28.0,11.0,32.0,7.0,1.0,189.0,105.0,10.0,21.0,5.0,0.0,CB,0,,0,0,57.5,0,,statistical_fallback,Defender,CB,0.166,0.124,0.828,0.372,55.2,0.331,1.159,1.324,0.29,0.041,44.928,14.138,Juventus,1
135,Serie A,2025,500,Bologna,30498,L. De Silvestri,Lorenzo,De Silvestri,37.0,Italy,186,84,https://media.api-sports.io/football/players/30498.png,Defender,12.0,6.0,503.0,6.7,0.0,0.0,0.0,0.0,183.0,5.0,85.0,2.0,3.0,7.0,2.0,1.0,27.0,13.0,3.0,9.0,2.0,0.0,CB,0,,0,0,56.6,0,,statistical_fallback,Defender,CB,0.0,0.0,0.0,0.0,32.744,0.895,0.358,1.252,0.358,0.179,0.0,50.0,Bologna,1
135,Serie A,2025,490,Cagliari,30505,M. Adopo,Michel Ndary,Adopo,25.0,France,187,76,https://media.api-sports.io/football/players/30505.png,Midfielder,38.0,33.0,3055.0,6.63,1.0,2.0,19.0,11.0,1084.0,27.0,82.0,56.0,6.0,29.0,36.0,14.0,276.0,126.0,25.0,35.0,4.0,0.0,CM,0,,0,0,58.0,0,,statistical_fallback,Midfielder,CM,0.029,0.059,0.56,0.324,31.935,0.795,1.65,0.854,1.061,0.412,57.857,38.831,Cagliari,1
140,La Liga,2025,531,Athletic Club,30510,Álex Berenguer,Alejandro,Berenguer Remiro,30.0,Spain,175,73,https://media.api-sports.io/football/players/30510.png,Midfielder,31.0,25.0,2164.0,6.62,2.0,3.0,32.0,20.0,768.0,49.0,76.0,28.0,1.0,13.0,59.0,23.0,304.0,119.0,38.0,28.0,4.0,0.0,W,0,CAM,0,0,56.5,0,,statistical_fallback,Midfielder,W,0.083,0.125,1.331,0.832,31.941,2.038,1.165,0.541,2.454,0.957,62.509,38.998,Athletic Club,1
135,Serie A,2025,488,Sassuolo,30519,S. Turati,Stefano,Turati,24.0,Italy,188,84,https://media.api-sports.io/football/players/30519.png,Goalkeeper,6.0,6.0,533.0,6.95,0.0,0.0,0.0,0.0,157.0,2.0,49.0,0.0,,1.0,0.0,0.0,4.0,4.0,1.0,,0.0,0.0,GK,0,,0,0,100.0,0,,statistical_fallback,Goalkeeper,GK,0.0,0.0,0.0,0.0,26.51,0.338,0.0,0.169,0.0,0.0,0.0,0.0,Sassuolo,1
135,Serie A,2025,504,Hellas Verona,30525,Pol Lirola,Pol Mikel,Lirola Kosok,28.0,Spain,183,70,https://media.api-sports.io/football/players/30525.png,Midfielder,6.0,3.0,313.0,6.43,0.0,0.0,0.0,0.0,113.0,1.0,62.0,5.0,1.0,4.0,4.0,1.0,22.0,8.0,,3.0,1.0,0.0,CM,0,,0,0,58.0,0,,statistical_fallback,Midfielder,CM,0.0,0.0,0.0,0.0,32.492,0.288,1.438,1.15,1.15,0.288,0.0,25.043,Hellas Verona,1
135,Serie A,2025,496,Juventus | Nice,30531,J. Boga,Jérémie,Boga,28.0,Côte d'Ivoire,172,68,https://media.api-sports.io/football/players/30531.png,Attacker,15.0,6.0,1329.0,6.919,4.0,0.0,18.0,12.0,213.0,15.0,82.0,7.0,,2.0,42.0,22.0,81.0,39.0,7.0,3.0,1.0,0.0,W,0,,0,0,58.5,0,,statistical_fallback,Attacker,W,0.406,0.135,2.031,1.151,27.833,1.896,0.745,0.339,4.605,2.37,56.687,51.475,Juventus | Nice,2
135,Serie A,2025,496,Juventus,30533,M. Locatelli,Manuel,Locatelli,27.0,Italy,185,75,https://media.api-sports.io/football/players/30533.png,Midfielder,36.0,36.0,3005.0,7.73,1.0,2.0,32.0,12.0,2805.0,47.0,88.0,102.0,23.0,39.0,18.0,10.0,318.0,190.0,44.0,55.0,9.0,0.0,CDM,0,CM,0,0,60.1,0,,statistical_fallback,Midfielder,CDM,0.03,0.06,0.958,0.359,84.01,1.408,3.055,1.168,0.539,0.3,37.474,55.659,Juventus,1
135,Serie A,2025,488,Sassuolo,30537,D. Berardi,Domenico,Berardi,31.0,Italy,183,72,https://media.api-sports.io/football/players/30537.png,Attacker,26.0,24.0,1970.0,7.02,8.0,4.0,35.0,21.0,647.0,33.0,76.0,26.0,,24.0,25.0,10.0,184.0,82.0,34.0,31.0,2.0,1.0,ST,0,W,0,0,55.3,0,,statistical_fallback,Attacker,ST,0.365,0.183,1.599,0.959,29.558,1.508,1.188,1.096,1.142,0.457,59.975,40.018,Sassuolo,1
135,Serie A,2025,500,Bologna,30542,J. Odgaard,Jens,Odgaard,26.0,Denmark,188,83,https://media.api-sports.io/football/players/30542.png,Midfielder,26.0,16.0,1403.0,6.64,5.0,1.0,26.0,13.0,326.0,14.0,73.0,21.0,,4.0,27.0,7.0,217.0,92.0,28.0,28.0,1.0,0.0,CAM,0,CM,0,0,62.4,0,,statistical_fallback,Midfielder,CAM,0.321,0.064,1.668,0.834,20.912,0.898,1.347,0.257,1.732,0.449,50.0,25.924,Bologna,1
135,Serie A,2025,499,Atalanta,30543,G. Raspadori,Giacomo,Raspadori,25.0,Italy,172,69,https://media.api-sports.io/football/players/30543.png,Attacker,13.0,7.0,791.0,6.82,3.0,1.0,17.0,11.0,299.0,17.0,80.0,8.0,,1.0,15.0,5.0,66.0,26.0,6.0,7.0,0.0,0.0,ST,0,W,0,0,55.6,0,,statistical_fallback,Attacker,ST,0.341,0.114,1.934,1.252,34.02,1.934,0.91,0.114,1.707,0.569,64.736,33.333,Atalanta,1
135,Serie A,2025,499,Atalanta,30544,G. Scamacca,Gianluca,Scamacca,26.0,Italy,196,85,https://media.api-sports.io/football/players/30544.png,Attacker,24.0,16.0,1319.0,6.69,10.0,1.0,49.0,22.0,316.0,17.0,70.0,8.0,2.0,3.0,23.0,13.0,141.0,65.0,18.0,26.0,2.0,0.0,ST,0,,0,0,60.7,0,,statistical_fallback,Attacker,ST,0.682,0.068,3.343,1.501,21.562,1.16,0.546,0.205,1.569,0.887,44.9,56.533,Atalanta,1
135,Serie A,2025,500,Bologna,30553,C. Lykogiannis,Charalampos,Lykogiannis,32.0,Greece,190,82,https://media.api-sports.io/football/players/30553.png,Defender,10.0,7.0,627.0,6.74,0.0,1.0,4.0,2.0,296.0,13.0,77.0,14.0,3.0,5.0,5.0,3.0,50.0,25.0,1.0,8.0,3.0,0.0,FB,0,,0,0,63.9,0,,statistical_fallback,Defender,FB,0.0,0.144,0.574,0.287,42.488,1.866,2.01,0.718,0.718,0.431,50.0,60.028,Bologna,1
135,Serie A,2025,487,Lazio,30554,L. Pellegrini,Luca,Pellegrini,26.0,Italy,178,72,https://media.api-sports.io/football/players/30554.png,Defender,24.0,17.0,1476.0,6.7,1.0,0.0,7.0,5.0,810.0,16.0,80.0,27.0,10.0,17.0,24.0,10.0,131.0,56.0,12.0,26.0,8.0,0.0,FB,0,,0,0,58.4,0,,statistical_fallback,Defender,FB,0.061,0.0,0.427,0.305,49.39,0.976,1.646,1.037,1.463,0.61,71.429,41.695,Lazio,1
135,Serie A,2025,488,Sassuolo,30556,F. Romagna,Filippo,Romagna,28.0,Italy,186,75,https://media.api-sports.io/football/players/30556.png,Defender,5.0,4.0,315.0,6.76,0.0,0.0,2.0,0.0,183.0,0.0,90.0,1.0,5.0,5.0,0.0,0.0,11.0,5.0,1.0,,0.0,0.0,CB,0,,0,0,67.2,0,,statistical_fallback,Defender,CB,0.0,0.0,0.571,0.0,52.286,0.0,0.286,1.429,0.0,0.0,0.0,0.0,Sassuolo,1
135,Serie A,2025,505,Inter,30558,N. Barella,Nicolò,Barella,28.0,Italy,175,68,https://media.api-sports.io/football/players/30558.png,Midfielder,34.0,31.0,2533.0,7.18,3.0,8.0,23.0,5.0,1761.0,72.0,85.0,53.0,3.0,9.0,50.0,25.0,231.0,113.0,22.0,33.0,7.0,0.0,W,0,CAM,0,0,55.1,0,,statistical_fallback,Midfielder,W,0.107,0.284,0.817,0.178,62.57,2.558,1.883,0.32,1.777,0.888,21.787,49.972,Inter,1
135,Serie A,2025,490,Cagliari,30561,A. Deiola,Alessandro,Deiola,30.0,Italy,189,85,https://media.api-sports.io/football/players/30561.png,Midfielder,20.0,17.0,1435.0,6.67,0.0,2.0,16.0,7.0,595.0,6.0,81.0,35.0,7.0,14.0,5.0,3.0,122.0,61.0,12.0,22.0,3.0,0.0,CM,0,,0,0,58.0,0,,statistical_fallback,Midfielder,CM,0.0,0.125,1.003,0.439,37.317,0.376,2.195,0.878,0.314,0.188,43.769,59.873,Cagliari,1
135,Serie A,2025,504,Hellas Verona,30611,L. Montipò,Lorenzo,Montipò,29.0,Italy,191,82,https://media.api-sports.io/football/players/30611.png,Goalkeeper,35.0,35.0,3150.0,6.73,0.0,1.0,0.0,0.0,928.0,3.0,46.0,1.0,,0.0,1.0,1.0,14.0,14.0,8.0,,0.0,0.0,GK,0,,0,0,100.0,0,,statistical_fallback,Goalkeeper,GK,0.0,0.029,0.0,0.0,26.514,0.086,0.029,0.0,0.029,0.029,0.0,100.0,Hellas Verona,1
135,Serie A,2025,503,Torino,30642,A. Paleari,Alberto Andrea,Paleari,33.0,Italy,193,88,https://media.api-sports.io/football/players/30642.png,Goalkeeper,29.0,29.0,2610.0,7.09,0.0,0.0,0.0,0.0,913.0,0.0,66.0,0.0,,0.0,0.0,0.0,22.0,19.0,7.0,,1.0,0.0,GK,0,,0,0,100.0,0,,statistical_fallback,Goalkeeper,GK,0.0,0.0,0.0,0.0,31.483,0.0,0.0,0.0,0.0,0.0,0.0,0.0,Torino,1
135,Serie A,2025,496,Juventus,30670,M. Di Gregorio,Michele,Di Gregorio,28.0,Italy,187,82,https://media.api-sports.io/football/players/30670.png,Goalkeeper,30.0,29.0,2655.0,6.95,0.0,0.0,0.0,0.0,667.0,0.0,75.0,0.0,,0.0,1.0,1.0,7.0,7.0,5.0,,1.0,0.0,GK,0,,0,0,100.0,0,,statistical_fallback,Goalkeeper,GK,0.0,0.0,0.0,0.0,22.61,0.0,0.0,0.0,0.034,0.034,0.0,100.0,Juventus,1
140,La Liga,2025,718,Oviedo,30690,N. Fonseca,Nicolás,Fonseca,27.0,Italy,181,76,https://media.api-sports.io/football/players/30690.png,Midfielder,19.0,12.0,1019.0,6.72,0.0,0.0,5.0,1.0,565.0,3.0,85.0,40.0,5.0,17.0,3.0,2.0,123.0,59.0,12.0,27.0,6.0,0.0,CDM,0,CM,0,0,68.2,0,,statistical_fallback,Midfielder,CDM,0.0,0.0,0.442,0.088,49.902,0.265,3.533,1.501,0.265,0.177,19.91,66.792,Oviedo,1
135,Serie A,2025,801,Pisa,30723,M. Marin,Marius Mihai,Marin,27.0,Romania,180,72,https://media.api-sports.io/football/players/30723.png,Midfielder,23.0,18.0,1292.0,6.73,0.0,0.0,1.0,0.0,449.0,2.0,77.0,45.0,4.0,13.0,5.0,1.0,150.0,73.0,20.0,36.0,7.0,0.0,CDM,0,CM,0,0,67.9,0,,statistical_fallback,Midfielder,CDM,0.0,0.0,0.07,0.0,31.277,0.139,3.135,0.906,0.348,0.07,0.0,20.115,Pisa,1
135,Serie A,2025,490,Cagliari,30731,E. Caprile,Elia,Caprile,24.0,Italy,191,74,https://media.api-sports.io/football/players/30731.png,Goalkeeper,38.0,38.0,3420.0,7.04,0.0,0.0,0.0,0.0,1091.0,1.0,63.0,0.0,,0.0,0.0,0.0,21.0,18.0,8.0,,2.0,0.0,GK,0,,0,0,100.0,0,,statistical_fallback,Goalkeeper,GK,0.0,0.0,0.0,0.0,28.711,0.026,0.0,0.0,0.0,0.0,0.0,0.0,Cagliari,1
135,Serie A,2025,801,Pisa,30733,A. Šemper,Adrian,Šemper,27.0,Croatia,194,89,https://media.api-sports.io/football/players/30733.png,Goalkeeper,25.0,25.0,2250.0,6.95,0.0,0.0,0.0,0.0,746.0,0.0,61.0,0.0,,0.0,0.0,0.0,18.0,16.0,6.0,,0.0,0.0,GK,0,,0,0,100.0,0,,statistical_fallback,Goalkeeper,GK,0.0,0.0,0.0,0.0,29.84,0.0,0.0,0.0,0.0,0.0,0.0,0.0,Pisa,1
135,Serie A,2025,801,Pisa,30753,M. Léris,Mehdi Pascal,Marcel Léris,27.0,Algeria,186,83,https://media.api-sports.io/football/players/30753.png,Midfielder,34.0,21.0,1912.0,6.87,2.0,3.0,15.0,7.0,563.0,27.0,70.0,67.0,8.0,22.0,42.0,17.0,275.0,161.0,22.0,27.0,2.0,0.0,CDM,0,CM,0,0,59.9,0,,statistical_fallback,Midfielder,CDM,0.094,0.141,0.706,0.329,26.501,1.271,3.154,1.036,1.977,0.8,46.601,40.465,Pisa,1
140,La Liga,2025,538,Celta Vigo,30765,I. Radu,Ionuț Andrei,Radu,28.0,Romania,188,70,https://media.api-sports.io/football/players/30765.png,Goalkeeper,38.0,38.0,3420.0,6.99,0.0,0.0,0.0,0.0,969.0,1.0,68.0,0.0,,1.0,1.0,1.0,13.0,12.0,8.0,,2.0,0.0,GK,0,,0,0,100.0,0,,statistical_fallback,Goalkeeper,GK,0.0,0.0,0.0,0.0,25.5,0.026,0.0,0.026,0.026,0.026,0.0,100.0,Celta Vigo,1
135,Serie A,2025,520,Cremonese,30775,G. Pezzella,Giuseppe,Pezzella,28.0,Italy,185,81,https://media.api-sports.io/football/players/30775.png,Midfielder,31.0,30.0,2591.0,6.65,0.0,1.0,5.0,0.0,749.0,27.0,76.0,53.0,14.0,11.0,29.0,14.0,261.0,127.0,32.0,49.0,8.0,1.0,CM,0,,0,0,58.0,0,,statistical_fallback,Midfielder,CM,0.0,0.035,0.174,0.0,26.017,0.938,1.841,0.382,1.007,0.486,0.0,48.262,Cremonese,1
39,Premier League,2025,47,Tottenham,30776,C. Romero,Cristian Gabriel,Romero,27.0,Argentina,185,78,https://media.api-sports.io/football/players/30776.png,Defender,23.0,22.0,1872.0,7.13,4.0,1.0,15.0,6.0,1128.0,12.0,87.0,58.0,14.0,31.0,10.0,8.0,234.0,155.0,16.0,32.0,10.0,1.0,CB,22,,0,22,100.0,0,CB:22,lineup_history,Defender,CB,0.192,0.048,0.721,0.288,54.231,0.577,2.788,1.49,0.481,0.385,39.945,80.042,Tottenham,1
135,Serie A,2025,490,Cagliari,30780,L. Mazzitelli,Luca,Mazzitelli,30.0,Italy,184,76,https://media.api-sports.io/football/players/30780.png,Midfielder,18.0,9.0,785.0,6.8,2.0,2.0,11.0,5.0,370.0,5.0,75.0,20.0,3.0,11.0,6.0,3.0,103.0,46.0,13.0,22.0,3.0,0.0,CM,0,,0,0,58.0,0,,statistical_fallback,Midfielder,CM,0.229,0.229,1.261,0.573,42.42,0.573,2.293,1.261,0.688,0.344,45.44,50.0,Cagliari,1
135,Serie A,2025,487,Lazio,30784,N. Rovella,Nicolò,Rovella,24.0,Italy,179,66,https://media.api-sports.io/football/players/30784.png,Midfielder,11.0,6.0,512.0,7.07,0.0,1.0,1.0,0.0,492.0,13.0,92.0,11.0,1.0,9.0,9.0,6.0,51.0,32.0,12.0,7.0,1.0,1.0,CDM,0,CM,0,0,59.8,0,,statistical_fallback,Midfielder,CDM,0.0,0.176,0.176,0.0,86.484,2.285,1.934,1.582,1.582,1.055,0.0,66.688,Lazio,1
78,Bundesliga,2025,182,Union Berlin,30785,A. Schäfer,András,Schäfer,26.0,Hungary,179,70,https://media.api-sports.io/football/players/30785.png,Midfielder,28.0,16.0,1442.0,6.67,2.0,1.0,20.0,10.0,512.0,7.0,76.0,41.0,9.0,23.0,19.0,9.0,202.0,100.0,23.0,32.0,2.0,1.0,CDM,0,CM,0,0,61.2,0,,statistical_fallback,Midfielder,CDM,0.125,0.062,1.248,0.624,31.956,0.437,2.559,1.436,1.186,0.562,50.0,47.386,Union Berlin,1
135,Serie A,2025,801,Pisa,30792,Nícolas,Nícolas David,Andrade,37.0,Brazil,190,85,https://media.api-sports.io/football/players/30792.png,Goalkeeper,6.0,6.0,540.0,6.52,0.0,0.0,0.0,0.0,191.0,0.0,64.0,0.0,,0.0,1.0,1.0,9.0,7.0,3.0,,0.0,0.0,GK,0,,0,0,100.0,0,,statistical_fallback,Goalkeeper,GK,0.0,0.0,0.0,0.0,31.833,0.0,0.0,0.0,0.167,0.167,0.0,100.0,Pisa,1
61,Ligue 1,2025,94,Rennes,30807,S. Fofana,Seko Mohamed,Fofana,30.0,Côte d'Ivoire,183,74,https://media.api-sports.io/football/players/30807.png,Midfielder,12.0,7.0,668.0,6.85,1.0,0.0,8.0,3.0,360.0,11.0,91.0,3.0,1.0,4.0,20.0,12.0,60.0,36.0,13.0,3.0,0.0,0.0,CM,0,,0,0,58.0,0,,statistical_fallback,Midfielder,CM,0.135,0.0,1.078,0.404,48.503,1.482,0.404,0.539,2.695,1.617,37.477,60.0,Rennes,1
135,Serie A,2025,502,Fiorentina,30810,R. Mandragora,Rolando,Mandragora,28.0,Italy,183,76,https://media.api-sports.io/football/players/30810.png,Midfielder,34.0,30.0,2438.0,7.02,7.0,3.0,43.0,18.0,990.0,35.0,84.0,45.0,5.0,13.0,16.0,6.0,236.0,142.0,56.0,37.0,7.0,0.0,CAM,0,CM,0,0,60.1,0,,statistical_fallback,Midfielder,CAM,0.258,0.111,1.587,0.664,36.546,1.292,1.661,0.48,0.591,0.221,41.84,37.394,Fiorentina,1
135,Serie A,2025,520,Cremonese,30848,D. Okereke,David Chidozie,Okereke,28.0,Nigeria,182,75,https://media.api-sports.io/football/players/30848.png,Attacker,10.0,3.0,400.0,6.69,2.0,0.0,7.0,5.0,98.0,3.0,87.0,3.0,1.0,0.0,13.0,5.0,67.0,24.0,4.0,1.0,0.0,1.0,ST,0,,0,0,59.9,0,,statistical_fallback,Attacker,ST,0.45,0.0,1.575,1.125,22.05,0.675,0.675,0.0,2.925,1.125,71.429,38.462,Cremonese,1
135,Serie A,2025,487,Lazio,30866,M. Lazzari,Manuel,Lazzari,32.0,Italy,174,67,https://media.api-sports.io/football/players/30866.png,Defender,23.0,9.0,957.0,6.6,0.0,0.0,3.0,2.0,397.0,2.0,85.0,13.0,1.0,6.0,22.0,10.0,88.0,44.0,19.0,10.0,2.0,0.0,FB,0,,0,0,61.0,0,,statistical_fallback,Defender,FB,0.0,0.0,0.282,0.188,37.335,0.188,1.223,0.564,2.069,0.94,66.667,45.433,Lazio,1
135,Serie A,2025,520,Cremonese,30915,M. Silvestri,Marco,Silvestri,34.0,Italy,191,80,https://media.api-sports.io/football/players/30915.png,Goalkeeper,4.0,4.0,360.0,6.85,0.0,0.0,0.0,0.0,140.0,0.0,57.0,0.0,,0.0,0.0,0.0,2.0,2.0,,,0.0,0.0,GK,0,,0,0,100.0,0,,statistical_fallback,Goalkeeper,GK,0.0,0.0,0.0,0.0,35.0,0.0,0.0,0.0,0.0,0.0,0.0,0.0,Cremonese,1
135,Serie A,2025,520,Cremonese,30919,M. Bianchetti,Matteo,Bianchetti,32.0,Italy,189,81,https://media.api-sports.io/football/players/30919.png,Defender,27.0,25.0,2197.0,6.77,0.0,2.0,6.0,1.0,1161.0,4.0,83.0,46.0,19.0,19.0,4.0,2.0,194.0,115.0,15.0,28.0,4.0,0.0,CB,0,,0,0,58.1,0,,statistical_fallback,Defender,CB,0.0,0.082,0.246,0.041,47.56,0.164,1.884,0.778,0.164,0.082,16.667,50.0,Cremonese,1
140,La Liga,2025,798,Mallorca,30924,M. Kumbulla,Marash,Kumbulla,25.0,Albania,191,78,https://media.api-sports.io/football/players/30924.png,Defender,8.0,5.0,438.0,6.63,0.0,0.0,3.0,0.0,293.0,1.0,78.0,3.0,2.0,2.0,1.0,1.0,29.0,20.0,5.0,2.0,1.0,0.0,CB,0,,0,0,57.7,0,,statistical_fallback,Defender,CB,0.0,0.0,0.616,0.0,60.205,0.205,0.616,0.411,0.205,0.205,0.0,100.0,Mallorca,1
140,La Liga,2025,718,Oviedo,30927,S. Colombatto,Santiago,Colombatto,28.0,Argentina,180,71,https://media.api-sports.io/football/players/30927.png,Midfielder,32.0,23.0,2069.0,6.78,0.0,1.0,11.0,2.0,1018.0,24.0,85.0,43.0,6.0,14.0,7.0,5.0,185.0,100.0,41.0,44.0,6.0,0.0,CM,0,,0,0,58.0,0,,statistical_fallback,Midfielder,CM,0.0,0.043,0.478,0.087,44.282,1.044,1.87,0.609,0.304,0.217,18.201,71.382,Oviedo,1
135,Serie A,2025,487,Lazio,30937,M. Zaccagni,Mattia,Zaccagni,30.0,Italy,177,63,https://media.api-sports.io/football/players/30937.png,Attacker,26.0,26.0,2114.0,6.98,3.0,0.0,27.0,14.0,773.0,35.0,82.0,37.0,1.0,19.0,60.0,23.0,292.0,157.0,82.0,30.0,6.0,1.0,ST,0,W,0,0,55.9,0,,statistical_fallback,Attacker,ST,0.128,0.0,1.149,0.596,32.909,1.49,1.575,0.809,2.554,0.979,51.871,38.332,Lazio,1
135,Serie A,2025,505,Inter,31009,A. Bastoni,Alessandro,Bastoni,26.0,Italy,190,75,https://media.api-sports.io/football/players/31009.png,Defender,28.0,28.0,2249.0,7.27,1.0,4.0,14.0,8.0,1850.0,25.0,87.0,51.0,6.0,23.0,10.0,6.0,219.0,129.0,20.0,45.0,6.0,0.0,FB,0,,0,0,57.0,0,,statistical_fallback,Defender,FB,0.04,0.16,0.56,0.32,74.033,1.0,2.041,0.92,0.4,0.24,57.143,60.0,Inter,1
135,Serie A,2025,505,Inter,31010,F. Dimarco,Federico,Dimarco,28.0,Italy,175,75,https://media.api-sports.io/football/players/31010.png,Midfielder,35.0,30.0,2704.0,7.42,7.0,16.0,46.0,22.0,1454.0,96.0,83.0,50.0,4.0,31.0,14.0,7.0,171.0,82.0,23.0,41.0,3.0,0.0,CAM,0,CM,0,0,64.8,0,,statistical_fallback,Midfielder,CAM,0.233,0.533,1.531,0.732,48.395,3.195,1.664,1.032,0.466,0.233,47.812,50.0,Inter,1
61,Ligue 1,2025,108,Auxerre,31016,F. Sierralta,Francisco Andrés,Sierralta Carvallo,28.0,Chile,190,83,https://media.api-sports.io/football/players/31016.png,Defender,10.0,9.0,862.0,6.84,1.0,0.0,4.0,2.0,405.0,2.0,89.0,14.0,5.0,8.0,2.0,2.0,77.0,53.0,5.0,8.0,2.0,0.0,CB,0,,0,0,59.1,0,,statistical_fallback,Defender,CB,0.104,0.0,0.418,0.209,42.285,0.209,1.462,0.835,0.209,0.209,50.0,100.0,Auxerre,1
135,Serie A,2025,520,Cremonese,31021,A. Grassi,Alberto,Grassi,30.0,Italy,183,75,https://media.api-sports.io/football/players/31021.png,Midfielder,30.0,18.0,1754.0,6.74,0.0,0.0,10.0,4.0,854.0,8.0,85.0,23.0,9.0,32.0,9.0,8.0,125.0,76.0,30.0,17.0,4.0,1.0,CDM,0,CM,0,0,62.1,0,,statistical_fallback,Midfielder,CDM,0.0,0.0,0.513,0.205,43.82,0.41,1.18,1.642,0.462,0.41,39.961,88.745,Cremonese,1
135,Serie A,2025,487,Lazio,31037,I. Provedel,Ivan,Provedel,31.0,Italy,194,82,https://media.api-sports.io/football/players/31037.png,Goalkeeper,27.0,27.0,2430.0,7.17,0.0,0.0,0.0,0.0,862.0,1.0,75.0,0.0,,0.0,1.0,1.0,14.0,12.0,2.0,,1.0,0.0,GK,0,,0,0,100.0,0,,statistical_fallback,Goalkeeper,GK,0.0,0.0,0.0,0.0,31.926,0.037,0.0,0.0,0.037,0.037,0.0,100.0,Lazio,1
135,Serie A,2025,492,Napoli,31042,G. Di Lorenzo,Giovanni,Di Lorenzo,32.0,Italy,183,83,https://media.api-sports.io/football/players/31042.png,Defender,26.0,26.0,2278.0,6.88,2.0,1.0,22.0,9.0,1467.0,16.0,85.0,45.0,9.0,9.0,21.0,8.0,198.0,111.0,23.0,33.0,1.0,0.0,FB,0,,0,0,59.1,0,,statistical_fallback,Defender,FB,0.079,0.04,0.869,0.356,57.959,0.632,1.778,0.356,0.83,0.316,40.967,38.072,Napoli,1
78,Bundesliga,2025,163,Borussia Mönchengladbach,31043,K. Diks,Kevin,Diks Bakarbessy,29.0,Netherlands,182,73,https://media.api-sports.io/football/players/31043.png,Defender,30.0,28.0,2467.0,6.97,5.0,0.0,21.0,13.0,1606.0,8.0,89.0,43.0,17.0,24.0,12.0,10.0,191.0,124.0,22.0,15.0,6.0,0.0,CB,0,,0,0,58.1,0,,statistical_fallback,Defender,CB,0.182,0.0,0.766,0.474,58.589,0.292,1.569,0.876,0.438,0.365,61.88,83.333,Borussia Mönchengladbach,1
135,Serie A,2025,489,AC Milan,31056,S. Ricci,Samuele,Ricci,24.0,Italy,181,76,https://media.api-sports.io/football/players/31056.png,Midfielder,31.0,11.0,1305.0,6.89,1.0,4.0,12.0,6.0,647.0,20.0,90.0,16.0,5.0,9.0,8.0,5.0,93.0,56.0,33.0,17.0,3.0,0.0,CAM,0,CM,0,0,60.5,0,,statistical_fallback,Midfielder,CAM,0.069,0.276,0.828,0.414,44.621,1.379,1.103,0.621,0.552,0.345,50.0,62.5,AC Milan,1
61,Ligue 1,2025,81,Marseille,31057,H. Traorè,Hamed Junior,Traorè,25.0,Côte d'Ivoire,184,77,https://media.api-sports.io/football/players/31057.png,Midfielder,13.0,7.0,619.0,6.68,2.0,1.0,11.0,6.0,224.0,10.0,83.0,9.0,2.0,4.0,21.0,10.0,75.0,39.0,11.0,8.0,1.0,0.0,W,0,CAM,0,0,55.4,0,,statistical_fallback,Midfielder,W,0.291,0.145,1.599,0.872,32.569,1.454,1.309,0.582,3.053,1.454,54.534,47.625,Marseille,1
135,Serie A,2025,488,Sassuolo,31094,A. Pinamonti,Andrea,Pinamonti,26.0,Italy,188,72,https://media.api-sports.io/football/players/31094.png,Attacker,36.0,32.0,2576.0,6.55,9.0,3.0,57.0,30.0,468.0,17.0,72.0,11.0,2.0,1.0,19.0,5.0,260.0,103.0,33.0,14.0,2.0,1.0,ST,0,,0,0,60.8,0,,statistical_fallback,Attacker,ST,0.314,0.105,1.991,1.048,16.351,0.594,0.384,0.035,0.664,0.175,52.637,26.355,Sassuolo,1
135,Serie A,2025,500,Bologna,31098,F. Ravaglia,Federico,Ravaglia,26.0,Italy,196,88,https://media.api-sports.io/football/players/31098.png,Goalkeeper,17.0,16.0,1469.0,7.13,0.0,0.0,0.0,0.0,759.0,0.0,74.0,3.0,,1.0,1.0,1.0,17.0,11.0,3.0,2.0,4.0,0.0,GK,0,,0,0,100.0,0,,statistical_fallback,Goalkeeper,GK,0.0,0.0,0.0,0.0,46.501,0.0,0.184,0.061,0.061,0.061,0.0,100.0,Bologna,1
135,Serie A,2025,500,Bologna,31099,N. Casale,Nicolò,Casale,27.0,Italy,191,84,https://media.api-sports.io/football/players/31099.png,Defender,12.0,8.0,684.0,6.62,0.0,0.0,4.0,0.0,357.0,4.0,86.0,7.0,5.0,7.0,0.0,0.0,79.0,43.0,5.0,15.0,0.0,0.0,CB,0,,0,0,63.3,0,,statistical_fallback,Defender,CB,0.0,0.0,0.526,0.0,46.974,0.526,0.921,0.921,0.0,0.0,0.0,0.0,Bologna,1
135,Serie A,2025,495,Genoa,31137,S. Sabelli,Stefano,Sabelli,32.0,Italy,176,70,https://media.api-sports.io/football/players/31137.png,Defender,16.0,12.0,929.0,6.66,0.0,0.0,6.0,0.0,332.0,7.0,69.0,22.0,6.0,4.0,8.0,1.0,84.0,45.0,19.0,6.0,1.0,0.0,CB,0,,0,0,57.3,0,,statistical_fallback,Defender,CB,0.0,0.0,0.581,0.0,32.164,0.678,2.131,0.388,0.775,0.097,0.0,12.516,Genoa,1
39,Premier League,2025,34,Newcastle,31146,S. Tonali,Sandro,Tonali,25.0,Italy,181,79,https://media.api-sports.io/football/players/31146.png,Midfielder,35.0,31.0,2543.0,6.95,0.0,2.0,19.0,8.0,1562.0,32.0,84.0,35.0,7.0,30.0,31.0,19.0,194.0,107.0,42.0,24.0,4.0,0.0,CM,25,CDM,6,31,80.6,0,CM:25 | CDM:6,lineup_history,Midfielder,CM,0.0,0.071,0.672,0.283,55.281,1.133,1.239,1.062,1.097,0.672,42.113,61.258,Newcastle,1
135,Serie A,2025,492,Napoli,31156,V. Milinković-Savić,Vanja,Milinković-Savić,28.0,Serbia,202,96,https://media.api-sports.io/football/players/31156.png,Goalkeeper,27.0,27.0,2430.0,6.79,0.0,1.0,0.0,0.0,1014.0,3.0,72.0,0.0,,0.0,0.0,0.0,11.0,8.0,6.0,1.0,0.0,0.0,GK,0,,0,0,100.0,0,,statistical_fallback,Goalkeeper,GK,0.0,0.037,0.0,0.0,37.556,0.111,0.0,0.0,0.0,0.0,0.0,0.0,Napoli,1
135,Serie A,2025,505,Inter,31173,D. Frattesi,Davide,Frattesi,26.0,Italy,178,74,https://media.api-sports.io/football/players/31173.png,Midfielder,22.0,3.0,574.0,6.55,0.0,0.0,13.0,4.0,121.0,6.0,77.0,15.0,1.0,3.0,9.0,5.0,68.0,35.0,11.0,9.0,0.0,0.0,CM,0,,0,0,58.0,0,,statistical_fallback,Midfielder,CM,0.0,0.0,2.038,0.627,18.972,0.941,2.352,0.47,1.411,0.784,30.765,55.563,Inter,1
135,Serie A,2025,520,Cremonese,31211,J. Vandeputte,Jari,Vandeputte,29.0,Belgium,177,69,https://media.api-sports.io/football/players/31211.png,Midfielder,32.0,23.0,1952.0,6.83,1.0,5.0,14.0,8.0,911.0,54.0,77.0,38.0,2.0,18.0,22.0,7.0,171.0,75.0,25.0,34.0,3.0,0.0,CAM,0,CM,0,0,60.9,0,,statistical_fallback,Midfielder,CAM,0.046,0.231,0.645,0.369,42.003,2.49,1.752,0.83,1.014,0.323,57.209,31.854,Cremonese,1
135,Serie A,2025,520,Napoli | Cremonese,31219,A. Zerbin,Alessio,Zerbin,26.0,Italy,182,80,https://media.api-sports.io/football/players/31219.png,Midfielder,32.0,17.0,1989.0,6.6,0.0,3.0,15.0,7.0,456.0,17.0,72.0,40.0,3.0,3.0,27.0,8.0,212.0,76.0,20.0,37.0,1.0,0.0,CM,0,,0,0,58.0,0,,statistical_fallback,Midfielder,CM,0.0,0.181,0.679,0.317,26.199,0.859,2.262,0.136,1.584,0.498,46.691,31.426,Napoli | Cremonese,2
135,Serie A,2025,492,Napoli,31226,A. Buongiorno,Alessandro,Buongiorno,26.0,Italy,190,86,https://media.api-sports.io/football/players/31226.png,Defender,33.0,28.0,2521.0,6.82,0.0,1.0,6.0,3.0,1848.0,3.0,91.0,33.0,12.0,40.0,5.0,1.0,237.0,134.0,26.0,50.0,3.0,0.0,CB,0,,0,0,62.1,0,,statistical_fallback,Defender,CB,0.0,0.036,0.214,0.107,65.974,0.107,1.178,1.428,0.179,0.036,50.0,20.112,Napoli,1
135,Serie A,2025,500,Bologna,31273,T. Pobega,Tommaso,Pobega,26.0,Italy,188,75,https://media.api-sports.io/football/players/31273.png,Midfielder,26.0,17.0,1452.0,6.66,3.0,1.0,21.0,10.0,510.0,6.0,77.0,37.0,11.0,19.0,10.0,7.0,158.0,78.0,12.0,35.0,2.0,1.0,CDM,0,CM,0,0,59.2,0,,statistical_fallback,Midfielder,CDM,0.186,0.062,1.302,0.62,31.612,0.372,2.293,1.178,0.62,0.434,47.619,70.0,Bologna,1
135,Serie A,2025,801,Pisa | Sassuolo,31318,M&apos;Bala Nzola,M'Bala,Nzola,29.0,Angola,185,91,https://media.api-sports.io/football/players/31318.png,Attacker,16.0,11.0,1520.0,6.618,3.0,0.0,20.0,7.0,186.0,15.0,77.0,4.0,1.0,1.0,28.0,14.0,151.0,71.0,17.0,18.0,1.0,1.0,ST,0,W,0,0,56.8,0,,statistical_fallback,Attacker,ST,0.237,0.059,1.658,0.651,17.585,1.184,0.474,0.177,2.191,1.125,39.281,51.376,Pisa | Sassuolo,2
39,Premier League,2025,47,Tottenham,31354,G. Vicario,Guglielmo,Vicario,29.0,Italy,194,83,https://media.api-sports.io/football/players/31354.png,Goalkeeper,31.0,31.0,2790.0,6.87,0.0,0.0,0.0,0.0,1071.0,1.0,67.0,1.0,,0.0,0.0,0.0,18.0,16.0,3.0,,1.0,0.0,GK,31,,0,31,100.0,0,GK:31,lineup_history,Goalkeeper,GK,0.0,0.0,0.0,0.0,34.548,0.032,0.032,0.0,0.0,0.0,0.0,0.0,Tottenham,1
135,Serie A,2025,492,Napoli,31390,P. Mazzocchi,Pasquale,Mazzocchi,30.0,Italy,183,78,https://media.api-sports.io/football/players/31390.png,Defender,16.0,2.0,316.0,6.6,0.0,1.0,2.0,1.0,169.0,4.0,84.0,2.0,,3.0,9.0,4.0,26.0,12.0,,1.0,0.0,1.0,FB,0,,0,0,68.0,0,,statistical_fallback,Defender,FB,0.0,0.285,0.57,0.285,48.133,1.139,0.57,0.854,2.563,1.139,50.0,44.44,Napoli,1
140,La Liga,2025,532,Valencia,31406,U. Sadiq,Umar,Sadiq Mesbah,28.0,Nigeria,192,85,https://media.api-sports.io/football/players/31406.png,Attacker,20.0,8.0,902.0,6.73,4.0,2.0,21.0,10.0,157.0,9.0,68.0,7.0,2.0,1.0,30.0,14.0,180.0,62.0,19.0,30.0,3.0,0.0,ST,0,W,0,0,55.4,0,,statistical_fallback,Attacker,ST,0.399,0.2,2.095,0.998,15.665,0.898,0.698,0.1,2.993,1.397,47.637,46.676,Valencia,1
135,Serie A,2025,520,Cremonese,31436,F. Bonazzoli,Federico,Bonazzoli,28.0,Italy,185,79,https://media.api-sports.io/football/players/31436.png,Attacker,35.0,31.0,2524.0,7.01,10.0,1.0,57.0,32.0,833.0,13.0,84.0,30.0,,11.0,34.0,11.0,248.0,130.0,80.0,26.0,4.0,0.0,ST,0,,0,0,62.6,0,,statistical_fallback,Attacker,ST,0.357,0.036,2.032,1.141,29.703,0.464,1.07,0.392,1.212,0.392,56.152,32.343,Cremonese,1
135,Serie A,2025,490,Cagliari,31499,G. Borrelli,Gennaro,Borrelli,25.0,Italy,194,,https://media.api-sports.io/football/players/31499.png,Attacker,27.0,13.0,1273.0,6.76,5.0,1.0,21.0,12.0,227.0,12.0,70.0,15.0,2.0,3.0,16.0,6.0,241.0,121.0,49.0,44.0,4.0,0.0,ST,0,,0,0,61.0,0,,statistical_fallback,Attacker,ST,0.353,0.071,1.485,0.848,16.049,0.848,1.06,0.212,1.131,0.424,57.104,37.489,Cagliari,1
135,Serie A,2025,867,Lecce,31507,R. Sottil,Riccardo,Sottil,26.0,Italy,180,75,https://media.api-sports.io/football/players/31507.png,Attacker,21.0,13.0,1072.0,6.81,1.0,2.0,10.0,3.0,250.0,24.0,82.0,4.0,,2.0,39.0,13.0,118.0,47.0,27.0,10.0,1.0,0.0,W,0,,0,0,65.8,0,,statistical_fallback,Attacker,W,0.084,0.168,0.84,0.252,20.989,2.015,0.336,0.168,3.274,1.091,30.0,33.323,Lecce,1
135,Serie A,2025,867,Lecce,31543,A. Gallo,Antonino,Gallo,25.0,Italy,183,69,https://media.api-sports.io/football/players/31543.png,Defender,37.0,34.0,3058.0,6.77,0.0,4.0,5.0,1.0,1126.0,36.0,70.0,58.0,6.0,15.0,25.0,13.0,184.0,110.0,13.0,7.0,3.0,0.0,FB,0,,0,0,66.4,0,,statistical_fallback,Defender,FB,0.0,0.118,0.147,0.029,33.139,1.06,1.707,0.441,0.736,0.383,19.728,52.038,Lecce,1
135,Serie A,2025,801,Pisa,31560,S. Moreo,Stefano,Moreo,32.0,Italy,191,86,https://media.api-sports.io/football/players/31560.png,Attacker,37.0,29.0,2321.0,6.78,7.0,1.0,46.0,20.0,549.0,25.0,59.0,17.0,4.0,22.0,27.0,13.0,281.0,145.0,20.0,22.0,2.0,0.0,ST,0,,0,0,59.4,0,,statistical_fallback,Attacker,ST,0.271,0.039,1.784,0.776,21.288,0.969,0.659,0.853,1.047,0.504,43.498,48.138,Pisa,1
135,Serie A,2025,801,Pisa,31604,A. Caracciolo,Antonio Aldo,Caracciolo,35.0,Italy,185,83,https://media.api-sports.io/football/players/31604.png,Defender,35.0,34.0,3074.0,6.62,2.0,0.0,20.0,6.0,1232.0,2.0,84.0,71.0,24.0,50.0,9.0,3.0,261.0,139.0,11.0,40.0,10.0,0.0,CB,0,,0,0,60.9,0,,statistical_fallback,Defender,CB,0.059,0.0,0.586,0.176,36.07,0.059,2.079,1.464,0.264,0.088,30.034,33.333,Pisa,1
135,Serie A,2025,523,Parma,31624,Gabriel Strefezza,Gabriel Tadeu,Strefezza Rebelato,28.0,Brazil,168 cm,63 kg,https://media.api-sports.io/football/players/31624.png,Attacker,14.0,13.0,1015.0,6.91,2.0,2.0,18.0,7.0,347.0,14.0,85.0,16.0,,5.0,33.0,17.0,141.0,66.0,28.0,21.0,3.0,0.0,W,0,,0,0,59.3,0,,statistical_fallback,Attacker,W,0.177,0.177,1.596,0.621,30.768,1.241,1.419,0.443,2.926,1.507,38.91,51.504,Parma,1
135,Serie A,2025,495,Genoa,31631,N. Leali,Nicola,Leali,32.0,Italy,195,80,https://media.api-sports.io/football/players/31631.png,Goalkeeper,22.0,21.0,1848.0,6.93,0.0,0.0,0.0,0.0,547.0,2.0,64.0,1.0,,1.0,0.0,0.0,8.0,5.0,2.0,2.0,2.0,1.0,GK,0,,0,0,100.0,0,,statistical_fallback,Goalkeeper,GK,0.0,0.0,0.0,0.0,26.64,0.097,0.049,0.049,0.0,0.0,0.0,0.0,Genoa,1
135,Serie A,2025,502,Fiorentina,31642,L. Ranieri,Luca,Ranieri,26.0,Italy,187,73,https://media.api-sports.io/football/players/31642.png,Defender,34.0,29.0,2479.0,6.88,1.0,0.0,12.0,3.0,1411.0,7.0,85.0,34.0,13.0,24.0,15.0,6.0,191.0,114.0,27.0,22.0,8.0,1.0,CB,0,,0,0,56.8,0,,statistical_fallback,Defender,CB,0.036,0.0,0.436,0.109,51.226,0.254,1.234,0.871,0.545,0.218,25.0,40.0,Fiorentina,1
135,Serie A,2025,504,Hellas Verona,31678,J. Akpa Akpro,Jean-Daniel Dave,Lewis Akpa Akpro,33.0,Côte d'Ivoire,180,70,https://media.api-sports.io/football/players/31678.png,Midfielder,22.0,17.0,1507.0,6.69,1.0,0.0,7.0,4.0,385.0,11.0,74.0,44.0,7.0,23.0,37.0,23.0,221.0,109.0,15.0,39.0,9.0,0.0,CDM,0,CM,0,0,66.8,0,,statistical_fallback,Midfielder,CDM,0.06,0.0,0.418,0.239,22.993,0.657,2.628,1.374,2.21,1.374,57.177,62.172,Hellas Verona,1
135,Serie A,2025,520,Cremonese,31692,M. Đurić,Milan,Đurić,35.0,Bosnia and Herzegovina,198,94,https://media.api-sports.io/football/players/31692.png,Attacker,11.0,3.0,394.0,6.8,0.0,1.0,9.0,5.0,133.0,4.0,48.0,1.0,,0.0,3.0,1.0,94.0,68.0,8.0,4.0,1.0,1.0,ST,0,,0,0,59.7,0,,statistical_fallback,Attacker,ST,0.0,0.228,2.056,1.142,30.381,0.914,0.228,0.0,0.685,0.228,55.545,33.285,Cremonese,1
135,Serie A,2025,490,Cagliari,31734,M. Felici,Mattia,Felici,24.0,Italy,182,75,https://media.api-sports.io/football/players/31734.png,Attacker,12.0,4.0,409.0,6.7,2.0,1.0,7.0,6.0,105.0,8.0,67.0,11.0,,5.0,19.0,7.0,61.0,25.0,6.0,10.0,3.0,0.0,W,0,,0,0,58.0,0,,statistical_fallback,Attacker,W,0.44,0.22,1.54,1.32,23.105,1.76,2.421,1.1,4.181,1.54,85.714,36.833,Cagliari,1
135,Serie A,2025,490,Cagliari,32034,A. Dossena,Alberto,Dossena,27.0,Italy,195,85,https://media.api-sports.io/football/players/32034.png,Defender,12.0,9.0,856.0,6.81,0.0,1.0,6.0,2.0,458.0,3.0,89.0,16.0,9.0,9.0,1.0,1.0,71.0,43.0,8.0,11.0,5.0,0.0,CB,0,,0,0,58.1,0,,statistical_fallback,Defender,CB,0.0,0.105,0.631,0.21,48.154,0.315,1.682,0.946,0.105,0.105,33.281,100.0,Cagliari,1
140,La Liga,2025,548,Real Sociedad,32862,T. Kubo,Takefusa,Kubo,24.0,Japan,173,64,https://media.api-sports.io/football/players/32862.png,Midfielder,24.0,17.0,1508.0,7.05,2.0,4.0,18.0,12.0,489.0,33.0,79.0,30.0,,11.0,71.0,36.0,211.0,123.0,50.0,9.0,2.0,0.0,W,0,CAM,0,0,55.8,0,,statistical_fallback,Midfielder,W,0.119,0.239,1.074,0.716,29.184,1.969,1.79,0.656,4.237,2.149,66.667,50.72,Real Sociedad,1
78,Bundesliga,2025,162,Werder Bremen,32887,Y. Sugawara,Yukinari,Sugawara,25.0,Japan,179,69,https://media.api-sports.io/football/players/32887.png,Defender,31.0,29.0,2432.0,6.53,0.0,6.0,21.0,11.0,1111.0,20.0,79.0,36.0,6.0,12.0,28.0,11.0,140.0,69.0,11.0,22.0,2.0,1.0,FB,0,,0,0,66.1,0,,statistical_fallback,Defender,FB,0.0,0.222,0.777,0.407,41.114,0.74,1.332,0.444,1.036,0.407,52.381,39.286,Werder Bremen,1
78,Bundesliga,2025,157,Bayern München,32893,H. Ito,Hiroki,Ito,26.0,Japan,188,84,https://media.api-sports.io/football/players/32893.png,Defender,16.0,10.0,932.0,6.81,1.0,2.0,8.0,3.0,808.0,6.0,91.0,4.0,3.0,14.0,4.0,4.0,54.0,32.0,3.0,10.0,0.0,0.0,FB,0,,0,0,57.7,0,,statistical_fallback,Defender,FB,0.097,0.193,0.773,0.29,78.026,0.579,0.386,1.352,0.386,0.386,37.516,100.0,Bayern München,1
39,Premier League,2025,63,Leeds,32966,A. Tanaka,Ao,Tanaka,27.0,Japan,180,75,https://media.api-sports.io/football/players/32966.png,Midfielder,28.0,14.0,1326.0,6.74,2.0,0.0,15.0,5.0,688.0,18.0,85.0,27.0,2.0,21.0,11.0,4.0,111.0,52.0,9.0,13.0,1.0,0.0,CM,14,,0,14,100.0,0,CM:14,lineup_history,Midfielder,CM,0.136,0.0,1.018,0.339,46.697,1.222,1.833,1.425,0.747,0.271,33.301,36.278,Leeds,1
61,Ligue 1,2025,111,Le Havre,33165,A. Seko,Ayumu,Seko,25.0,Japan,185,78,https://media.api-sports.io/football/players/33165.png,Defender,30.0,29.0,2625.0,6.8,0.0,0.0,15.0,6.0,1147.0,10.0,84.0,42.0,7.0,37.0,4.0,2.0,164.0,99.0,20.0,28.0,6.0,0.0,CB,0,,0,0,57.0,0,,statistical_fallback,Defender,CB,0.0,0.0,0.514,0.206,39.326,0.343,1.44,1.269,0.137,0.069,40.078,50.365,Le Havre,1
78,Bundesliga,2025,164,FSV Mainz 05,33889,K. Sano,Kaishu,Sano,25.0,Japan,176,67,https://media.api-sports.io/football/players/33889.png,Midfielder,34.0,34.0,3059.0,7.05,1.0,2.0,16.0,6.0,1282.0,25.0,80.0,52.0,14.0,66.0,42.0,28.0,292.0,183.0,30.0,14.0,1.0,0.0,CDM,0,CM,0,0,62.0,0,,statistical_fallback,Midfielder,CDM,0.029,0.059,0.471,0.177,37.718,0.736,1.53,1.942,1.236,0.824,37.58,66.667,FSV Mainz 05,1
135,Serie A,2025,495,Genoa,35544,J. Vásquez,Johan Felipe,Vázquez Ibarra,27.0,Mexico,184,78,https://media.api-sports.io/football/players/35544.png,Defender,36.0,36.0,3217.0,6.8,1.0,0.0,19.0,6.0,1994.0,9.0,85.0,59.0,28.0,45.0,17.0,8.0,323.0,185.0,46.0,23.0,2.0,0.0,CB,0,,0,0,61.6,0,,statistical_fallback,Defender,CB,0.028,0.0,0.532,0.168,55.785,0.252,1.651,1.259,0.476,0.224,31.579,47.059,Genoa,1
61,Ligue 1,2025,81,Marseille,36827,J. de Lange,Jeffrey,de Lange,27.0,Netherlands,191,80,https://media.api-sports.io/football/players/36827.png,Goalkeeper,5.0,5.0,450.0,6.64,0.0,0.0,0.0,0.0,137.0,1.0,81.0,0.0,,0.0,0.0,0.0,1.0,,,,0.0,0.0,GK,0,,0,0,100.0,0,,statistical_fallback,Goalkeeper,GK,0.0,0.0,0.0,0.0,27.4,0.2,0.0,0.0,0.0,0.0,0.0,0.0,Marseille,1
39,Premier League,2025,66,Aston Villa,36878,M. Bizot,Marco,Bizot,34.0,Netherlands,193,88,https://media.api-sports.io/football/players/36878.png,Goalkeeper,7.0,6.0,597.0,6.54,0.0,0.0,0.0,0.0,241.0,0.0,76.0,0.0,,0.0,0.0,0.0,3.0,2.0,1.0,1.0,2.0,0.0,GK,6,,0,6,100.0,0,GK:6,lineup_history,Goalkeeper,GK,0.0,0.0,0.0,0.0,36.332,0.0,0.0,0.0,0.0,0.0,0.0,0.0,Aston Villa,1
135,Serie A,2025,496,Juventus,36899,T. Koopmeiners,Teun,Koopmeiners,27.0,Netherlands,184,77,https://media.api-sports.io/football/players/36899.png,Midfielder,33.0,18.0,1829.0,6.71,0.0,0.0,16.0,7.0,1161.0,17.0,90.0,33.0,7.0,18.0,9.0,5.0,158.0,80.0,11.0,33.0,5.0,0.0,CDM,0,CM,0,0,57.8,0,,statistical_fallback,Midfielder,CDM,0.0,0.0,0.787,0.344,57.13,0.837,1.624,0.886,0.443,0.246,43.71,55.53,Juventus,1
39,Premier League,2025,50,Manchester City,36902,T. Reijnders,Tijjani,Reijnders,27.0,Netherlands,178,73,https://media.api-sports.io/football/players/36902.png,Midfielder,28.0,19.0,1640.0,6.85,5.0,2.0,36.0,16.0,797.0,18.0,89.0,10.0,1.0,11.0,44.0,19.0,118.0,47.0,15.0,19.0,2.0,0.0,CM,15,CDM,2,19,78.9,0,CM:15 | CDM:2 | LM:1 | ST:1,lineup_history,Midfielder,CM,0.274,0.11,1.976,0.878,43.738,0.988,0.549,0.604,2.415,1.043,44.433,43.188,Manchester City,1
135,Serie A,2025,494,Udinese,36916,K. Ehizibue,Kingsley Osezele,Ehizibue,30.0,Netherlands,189,78,https://media.api-sports.io/football/players/36916.png,Midfielder,32.0,20.0,1829.0,6.67,2.0,0.0,6.0,2.0,477.0,8.0,79.0,39.0,3.0,12.0,26.0,7.0,172.0,80.0,23.0,34.0,5.0,0.0,CM,0,,0,0,58.0,0,,statistical_fallback,Midfielder,CM,0.098,0.0,0.295,0.098,23.472,0.394,1.919,0.59,1.279,0.344,33.22,26.896,Udinese,1
39,Premier League,2025,55,Brentford,36922,S. van den Berg,Sepp,van den Berg,24.0,Netherlands,189,74,https://media.api-sports.io/football/players/36922.png,Defender,32.0,30.0,2772.0,6.84,0.0,2.0,20.0,7.0,1422.0,7.0,88.0,23.0,23.0,29.0,1.0,1.0,271.0,175.0,11.0,15.0,2.0,0.0,CB,30,,0,30,100.0,0,CB:30,lineup_history,Defender,CB,0.0,0.065,0.649,0.227,46.169,0.227,0.747,0.942,0.032,0.032,34.977,100.0,Brentford,1
39,Premier League,2025,44,Burnley,36927,Z. Flemming,Zian,Flemming,27.0,Netherlands,185,84,https://media.api-sports.io/football/players/36927.png,Midfielder,29.0,21.0,1807.0,6.83,11.0,0.0,38.0,21.0,278.0,10.0,65.0,17.0,5.0,7.0,11.0,4.0,274.0,114.0,26.0,50.0,5.0,0.0,ST,21,,0,21,100.0,0,ST:21,lineup_history,Midfielder,ST,0.548,0.0,1.893,1.046,13.846,0.498,0.847,0.349,0.548,0.199,55.256,36.314,Burnley,1
61,Ligue 1,2025,111,Le Havre,36932,Y. Namli,Younes,Namli,31.0,Denmark,180,70,https://media.api-sports.io/football/players/36932.png,Midfielder,12.0,3.0,340.0,6.62,0.0,1.0,2.0,0.0,113.0,3.0,70.0,9.0,,6.0,6.0,5.0,46.0,21.0,4.0,8.0,2.0,0.0,CDM,0,CM,0,0,59.2,0,,statistical_fallback,Midfielder,CDM,0.0,0.265,0.529,0.0,29.912,0.794,2.382,1.588,1.588,1.324,0.0,83.375,Le Havre,1
135,Serie A,2025,495,Cremonese | Genoa,36980,M. Thorsby,Morten,Thorsby,29.0,Norway,188,72,https://media.api-sports.io/football/players/36980.png,Midfielder,13.0,8.0,1380.0,6.629,2.0,1.0,8.0,4.0,213.0,6.0,65.0,7.0,3.0,3.0,2.0,2.0,124.0,65.0,5.0,15.0,2.0,0.0,CM,0,,0,0,58.0,0,,statistical_fallback,Midfielder,CM,0.196,0.065,1.109,0.522,28.565,0.587,1.435,0.326,0.196,0.196,47.054,100.0,Cremonese | Genoa,2
135,Serie A,2025,520,Cremonese,36986,D. Johnsen,Dennis,Tørset Johnsen,27.0,Norway,185,72,https://media.api-sports.io/football/players/36986.png,Attacker,11.0,5.0,390.0,6.67,1.0,1.0,3.0,2.0,96.0,4.0,51.0,3.0,,0.0,13.0,5.0,44.0,20.0,4.0,2.0,0.0,0.0,ST,0,W,0,0,61.2,0,,statistical_fallback,Attacker,ST,0.231,0.231,0.692,0.462,22.154,0.923,0.692,0.0,3.0,1.154,66.763,38.467,Cremonese,1
78,Bundesliga,2025,182,Union Berlin,37117,D. Doekhi,Danilho Raimundo,Doekhi,27.0,Netherlands,190,83,https://media.api-sports.io/football/players/37117.png,Defender,34.0,34.0,3060.0,6.76,5.0,0.0,40.0,11.0,1258.0,8.0,77.0,44.0,24.0,41.0,4.0,3.0,345.0,217.0,15.0,28.0,4.0,0.0,CB,0,,0,0,62.4,0,,statistical_fallback,Defender,CB,0.147,0.0,1.176,0.324,37.0,0.235,1.294,1.206,0.118,0.088,27.551,74.576,Union Berlin,1
39,Premier League,2025,42,Arsenal,37127,M. Ødegaard,Martin,Ødegaard,27.0,Norway,178,68,https://media.api-sports.io/football/players/37127.png,Midfielder,24.0,16.0,1370.0,7.01,1.0,6.0,17.0,8.0,828.0,40.0,84.0,19.0,,7.0,27.0,9.0,97.0,40.0,9.0,9.0,0.0,0.0,CM,16,,0,16,100.0,0,CM:16,lineup_history,Midfielder,CM,0.066,0.394,1.117,0.526,54.394,2.628,1.248,0.46,1.774,0.591,47.09,33.315,Arsenal,1
135,Serie A,2025,495,Genoa,37137,J. Bijlow,Justin,Bijlow,27.0,Netherlands,188,76,https://media.api-sports.io/football/players/37137.png,Goalkeeper,16.0,16.0,1395.0,6.99,0.0,0.0,0.0,0.0,610.0,0.0,75.0,0.0,,0.0,0.0,0.0,9.0,8.0,1.0,1.0,1.0,0.0,GK,0,,0,0,100.0,0,,statistical_fallback,Goalkeeper,GK,0.0,0.0,0.0,0.0,39.355,0.0,0.0,0.0,0.0,0.0,0.0,0.0,Genoa,1
39,Premier League,2025,746,Sunderland,37143,L. Geertruida,Lutsharel,Geertruida,25.0,Netherlands,184,69,https://media.api-sports.io/football/players/37143.png,Defender,28.0,17.0,1715.0,6.83,0.0,0.0,7.0,3.0,743.0,8.0,86.0,37.0,10.0,19.0,12.0,7.0,112.0,63.0,7.0,15.0,2.0,0.0,RB,7,CB,5,17,41.2,0,RB:7 | CB:5 | CDM:5,lineup_history,Defender,RB,0.0,0.0,0.367,0.157,38.991,0.42,1.942,0.997,0.63,0.367,42.779,58.254,Sunderland,1
61,Ligue 1,2025,79,Lille,37151,C. Verdonk,Calvin Ronald,Verdonk,28.0,Netherlands,174,69,https://media.api-sports.io/football/players/37151.png,Defender,18.0,7.0,796.0,6.68,0.0,0.0,2.0,1.0,543.0,8.0,82.0,15.0,1.0,18.0,2.0,0.0,57.0,31.0,3.0,14.0,3.0,1.0,CB,0,,0,0,59.6,0,,statistical_fallback,Defender,CB,0.0,0.0,0.226,0.113,61.394,0.905,1.696,2.035,0.226,0.0,50.0,0.0,Lille,1
78,Bundesliga,2025,167,1899 Hoffenheim,37153,W. Burger,Wouter,Burger,24.0,Netherlands,191,83,https://media.api-sports.io/football/players/37153.png,Midfielder,30.0,30.0,2440.0,7.09,4.0,5.0,29.0,13.0,1361.0,51.0,77.0,72.0,6.0,17.0,12.0,4.0,315.0,155.0,12.0,57.0,7.0,1.0,CAM,0,CM,0,0,57.2,0,,statistical_fallback,Midfielder,CAM,0.148,0.184,1.07,0.48,50.201,1.881,2.656,0.627,0.443,0.148,44.86,33.409,1899 Hoffenheim,1
78,Bundesliga,2025,168,Bayer Leverkusen,37246,J. Blaswich,Janis Jonathan,Blaswich,34.0,Germany,193,88,https://media.api-sports.io/football/players/37246.png,Goalkeeper,11.0,10.0,930.0,7.22,0.0,0.0,0.0,0.0,248.0,2.0,74.0,0.0,,0.0,0.0,0.0,5.0,4.0,,,1.0,0.0,GK,0,,0,0,100.0,0,,statistical_fallback,Goalkeeper,GK,0.0,0.0,0.0,0.0,24.0,0.194,0.0,0.0,0.0,0.0,0.0,0.0,Bayer Leverkusen,1
135,Serie A,2025,504,Hellas Verona,37437,A. Harroui,Abdoulrahmane,Harroui,27.0,Morocco,182,76,https://media.api-sports.io/football/players/37437.png,Midfielder,23.0,11.0,929.0,6.48,1.0,0.0,6.0,2.0,361.0,14.0,81.0,27.0,5.0,1.0,24.0,11.0,110.0,40.0,1.0,22.0,3.0,0.0,CDM,0,CM,0,0,58.3,0,,statistical_fallback,Midfielder,CDM,0.097,0.0,0.581,0.194,34.973,1.356,2.616,0.097,2.325,1.066,33.391,45.849,Hellas Verona,1
78,Bundesliga,2025,192,1. FC Köln,37439,R. Ache,Ragnar Prince,Friedel Ache,27.0,Germany,183,81,https://media.api-sports.io/football/players/37439.png,Attacker,29.0,18.0,1724.0,6.83,7.0,4.0,39.0,22.0,305.0,28.0,60.0,13.0,4.0,4.0,20.0,9.0,336.0,177.0,29.0,18.0,3.0,0.0,ST,0,,0,0,60.2,0,,statistical_fallback,Attacker,ST,0.365,0.209,2.036,1.148,15.922,1.462,0.679,0.209,1.044,0.47,56.385,45.019,1. FC Köln,1
135,Serie A,2025,492,Napoli,37604,S. Beukema,Sam,Beukema,27.0,Netherlands,188,77,https://media.api-sports.io/football/players/37604.png,Defender,24.0,18.0,1686.0,6.79,2.0,0.0,8.0,4.0,1372.0,6.0,91.0,19.0,11.0,14.0,3.0,2.0,117.0,57.0,5.0,19.0,2.0,0.0,CB,0,,0,0,58.9,0,,statistical_fallback,Defender,CB,0.107,0.0,0.427,0.214,73.238,0.32,1.014,0.747,0.16,0.107,50.117,66.875,Napoli,1
135,Serie A,2025,488,Sassuolo,37651,J. Idzes,Jay,Idzes,25.0,Netherlands,184,82,https://media.api-sports.io/football/players/37651.png,Defender,35.0,35.0,3063.0,6.71,0.0,0.0,3.0,0.0,1417.0,3.0,90.0,28.0,23.0,42.0,7.0,6.0,198.0,100.0,14.0,33.0,2.0,0.0,CB,0,,0,0,58.9,0,,statistical_fallback,Defender,CB,0.0,0.0,0.088,0.0,41.636,0.088,0.823,1.234,0.206,0.176,0.0,85.437,Sassuolo,1
61,Ligue 1,2025,77,Angers,37652,B. van den Boomen,Branco,van den Boomen,30.0,Netherlands,188,75,https://media.api-sports.io/football/players/37652.png,Midfielder,15.0,14.0,1242.0,7.05,0.0,1.0,10.0,5.0,788.0,28.0,89.0,27.0,4.0,7.0,9.0,4.0,102.0,47.0,9.0,19.0,3.0,0.0,CAM,0,CM,0,0,58.2,0,,statistical_fallback,Midfielder,CAM,0.0,0.072,0.725,0.362,57.101,2.029,1.957,0.507,0.652,0.29,49.931,44.479,Angers,1
39,Premier League,2025,48,West Ham,37724,C. Summerville,Crysencio Jilbert Sylverio Cir,Summerville,24.0,Netherlands,174,64,https://media.api-sports.io/football/players/37724.png,Attacker,31.0,29.0,2485.0,7.05,5.0,2.0,32.0,15.0,637.0,27.0,83.0,45.0,4.0,16.0,104.0,51.0,337.0,170.0,67.0,49.0,6.0,0.0,LM,13,LW,8,29,44.8,0,LM:13 | LW:8 | CAM:4 | ST:3 | RW:1,lineup_history,Attacker,LM,0.181,0.072,1.159,0.543,23.07,0.978,1.63,0.579,3.767,1.847,46.851,49.031,West Ham,1
78,Bundesliga,2025,186,FC St. Pauli,37759,M. Kaars,Martijn,Kaars,26.0,Netherlands,183,74,https://media.api-sports.io/football/players/37759.png,Attacker,29.0,14.0,1368.0,6.51,3.0,1.0,15.0,10.0,331.0,10.0,78.0,7.0,,0.0,14.0,5.0,113.0,31.0,6.0,8.0,2.0,0.0,ST,0,W,0,0,55.0,0,,statistical_fallback,Attacker,ST,0.197,0.066,0.987,0.658,21.776,0.658,0.461,0.0,0.921,0.329,66.667,35.722,FC St. Pauli,1
39,Premier League,2025,44,Burnley,37882,M. Edwards,Marcus,Edwards,27.0,England,168,65,https://media.api-sports.io/football/players/37882.png,Attacker,23.0,11.0,1073.0,6.67,1.0,3.0,14.0,6.0,338.0,20.0,82.0,11.0,,2.0,38.0,14.0,127.0,45.0,18.0,7.0,0.0,0.0,CAM,6,RW,4,11,54.5,0,CAM:6 | RW:4 | RM:1,lineup_history,Attacker,CAM,0.084,0.252,1.174,0.503,28.35,1.678,0.923,0.168,3.187,1.174,42.845,36.837,Burnley,1
78,Bundesliga,2025,164,FSV Mainz 05,37938,S. Becker,Sheraldo Rudi,Becker,30.0,Suriname,180,77,https://media.api-sports.io/football/players/37938.png,Attacker,14.0,11.0,953.0,6.93,3.0,3.0,24.0,15.0,178.0,17.0,73.0,1.0,,3.0,9.0,4.0,62.0,23.0,8.0,13.0,2.0,0.0,ST,0,W,0,0,55.3,0,,statistical_fallback,Attacker,ST,0.283,0.283,2.267,1.417,16.81,1.605,0.094,0.283,0.85,0.378,62.506,44.471,FSV Mainz 05,1
78,Bundesliga,2025,172,VfB Stuttgart,38112,J. Chabot,Julian Jeffrey Gaston,Chabot,27.0,Germany,195,95,https://media.api-sports.io/football/players/38112.png,Defender,27.0,26.0,2296.0,7.13,0.0,0.0,16.0,7.0,1728.0,7.0,88.0,33.0,15.0,36.0,7.0,4.0,304.0,203.0,40.0,35.0,3.0,0.0,CB,0,,0,0,64.6,0,,statistical_fallback,Defender,CB,0.0,0.0,0.627,0.274,67.735,0.274,1.294,1.411,0.274,0.157,43.7,57.299,VfB Stuttgart,1
39,Premier League,2025,51,Brighton,38695,J. van Hecke,Jan Paul,van Hecke,25.0,Netherlands,189,79,https://media.api-sports.io/football/players/38695.png,Defender,36.0,36.0,3211.0,7.26,3.0,3.0,16.0,10.0,2518.0,13.0,87.0,53.0,28.0,47.0,5.0,3.0,341.0,208.0,43.0,27.0,9.0,0.0,CB,36,,0,36,100.0,0,CB:36,lineup_history,Defender,CB,0.084,0.084,0.448,0.28,70.576,0.364,1.486,1.317,0.14,0.084,62.5,60.0,Brighton,1
140,La Liga,2025,718,Oviedo,38699,L. Ilić,Luka,Ilić,26.0,Serbia,182,73,https://media.api-sports.io/football/players/38699.png,Midfielder,19.0,8.0,756.0,6.47,1.0,0.0,9.0,5.0,234.0,3.0,79.0,11.0,4.0,6.0,13.0,4.0,86.0,28.0,7.0,16.0,3.0,0.0,CM,0,,0,0,58.0,0,,statistical_fallback,Midfielder,CM,0.119,0.0,1.071,0.595,27.857,0.357,1.31,0.714,1.548,0.476,55.556,30.749,Oviedo,1
39,Premier League,2025,34,Newcastle,38734,S. Botman,Sven Adriaan,Botman,25.0,Netherlands,193,81,https://media.api-sports.io/football/players/38734.png,Defender,25.0,21.0,1847.0,7.04,1.0,1.0,11.0,4.0,1182.0,8.0,87.0,22.0,26.0,27.0,4.0,4.0,199.0,132.0,19.0,13.0,2.0,0.0,CB,21,,0,21,100.0,0,CB:21,lineup_history,Defender,CB,0.049,0.049,0.536,0.195,57.596,0.39,1.072,1.316,0.195,0.195,36.381,100.0,Newcastle,1
39,Premier League,2025,42,Arsenal,38746,J. Timber,Jurriën David Norman,Timber,24.0,Netherlands,179,79,https://media.api-sports.io/football/players/38746.png,Defender,30.0,28.0,2457.0,6.92,3.0,5.0,22.0,7.0,1085.0,27.0,85.0,66.0,6.0,24.0,33.0,13.0,257.0,147.0,29.0,38.0,5.0,0.0,RB,25,CB,2,28,89.3,0,RB:25 | CB:2 | LB:1,lineup_history,Defender,RB,0.11,0.183,0.806,0.256,39.744,0.989,2.418,0.879,1.209,0.476,31.762,39.371,Arsenal,1
61,Ligue 1,2025,81,Marseille,38747,Q. Timber,Quinten Ryan Crispito,Timber,24.0,Netherlands,179,71,https://media.api-sports.io/football/players/38747.png,Midfielder,15.0,14.0,1111.0,6.67,0.0,0.0,7.0,2.0,485.0,9.0,85.0,31.0,,8.0,33.0,16.0,132.0,69.0,20.0,13.0,5.0,0.0,CM,0,,0,0,58.0,0,,statistical_fallback,Midfielder,CM,0.0,0.0,0.567,0.162,39.289,0.729,2.511,0.648,2.673,1.296,28.571,48.485,Marseille,1
135,Serie A,2025,487,Lazio,38749,K. Taylor,Kenneth,Taylor,23.0,Netherlands,182,75,https://media.api-sports.io/football/players/38749.png,Midfielder,17.0,17.0,1400.0,6.85,3.0,2.0,11.0,6.0,673.0,13.0,88.0,21.0,6.0,10.0,19.0,8.0,110.0,47.0,13.0,17.0,5.0,0.0,CM,0,,0,0,58.0,0,,statistical_fallback,Midfielder,CM,0.193,0.129,0.707,0.386,43.264,0.836,1.35,0.643,1.221,0.514,54.597,42.097,Lazio,1
39,Premier League,2025,746,Sunderland,38750,B. Brobbey,Brian Ebenezer,Adjei Brobbey,23.0,Netherlands,180,78,https://media.api-sports.io/football/players/38750.png,Attacker,31.0,22.0,1944.0,6.63,7.0,1.0,29.0,18.0,275.0,15.0,72.0,9.0,6.0,0.0,16.0,2.0,263.0,112.0,37.0,33.0,6.0,0.0,ST,22,,0,22,100.0,0,ST:22,lineup_history,Attacker,ST,0.324,0.046,1.343,0.833,12.731,0.694,0.417,0.0,0.741,0.093,62.025,12.551,Sunderland,1
135,Serie A,2025,895,Como,38753,N. Kühn,Nicolas-Gerrit,Kühn,25.0,Germany,174,74,https://media.api-sports.io/football/players/38753.png,Attacker,23.0,6.0,655.0,6.58,1.0,1.0,5.0,3.0,217.0,11.0,82.0,13.0,,5.0,19.0,10.0,73.0,28.0,2.0,6.0,0.0,0.0,ST,0,W,0,0,63.8,0,,statistical_fallback,Attacker,ST,0.137,0.137,0.687,0.412,29.817,1.511,1.786,0.687,2.611,1.374,59.971,52.624,Como,1
78,Bundesliga,2025,162,Werder Bremen,38798,S. Lynen,Senne Maaike,Lynen,26.0,Belgium,185,80,https://media.api-sports.io/football/players/38798.png,Midfielder,31.0,31.0,2757.0,6.79,0.0,0.0,14.0,4.0,1637.0,15.0,86.0,63.0,11.0,78.0,19.0,6.0,252.0,112.0,12.0,38.0,4.0,0.0,CDM,0,CM,0,0,64.2,0,,statistical_fallback,Midfielder,CDM,0.0,0.0,0.457,0.131,53.439,0.49,2.057,2.546,0.62,0.196,28.665,31.613,Werder Bremen,1
78,Bundesliga,2025,162,Werder Bremen,39071,V. Boniface,Victor Okoh,Boniface,25.0,Nigeria,189,91,https://media.api-sports.io/football/players/39071.png,Attacker,11.0,2.0,325.0,6.68,0.0,2.0,12.0,6.0,109.0,7.0,68.0,2.0,,0.0,14.0,5.0,52.0,28.0,6.0,1.0,1.0,0.0,W,0,,0,0,58.3,0,,statistical_fallback,Attacker,W,0.0,0.554,3.323,1.662,30.185,1.938,0.554,0.0,3.877,1.385,50.015,35.723,Werder Bremen,1
61,Ligue 1,2025,96,Toulouse,39115,A. Dønnum,Aron Leonard,Dønnum,27.0,Norway,179,73,https://media.api-sports.io/football/players/39115.png,Midfielder,28.0,28.0,2424.0,7.21,4.0,4.0,29.0,14.0,1007.0,62.0,78.0,46.0,3.0,27.0,55.0,25.0,256.0,112.0,38.0,41.0,9.0,0.0,W,0,CAM,0,0,56.3,0,,statistical_fallback,Midfielder,W,0.149,0.149,1.077,0.52,37.389,2.302,1.708,1.002,2.042,0.928,48.282,45.446,Toulouse,1
140,La Liga,2025,536,Sevilla,39121,C. Ejuke,Chidera,Ejuke,27.0,Nigeria,176,72,https://media.api-sports.io/football/players/39121.png,Attacker,27.0,6.0,954.0,6.8,1.0,1.0,12.0,3.0,360.0,13.0,83.0,19.0,1.0,6.0,92.0,57.0,168.0,97.0,16.0,5.0,0.0,0.0,W,0,,0,0,62.5,0,,statistical_fallback,Attacker,W,0.094,0.094,1.132,0.283,33.962,1.226,1.792,0.566,8.679,5.377,25.0,61.954,Sevilla,1
135,Serie A,2025,488,Sassuolo,39143,K. Thorstvedt,Kristian,Thorstvedt,26.0,Norway,189,84,https://media.api-sports.io/football/players/39143.png,Midfielder,32.0,27.0,2458.0,6.89,4.0,4.0,31.0,13.0,1055.0,32.0,82.0,44.0,13.0,32.0,42.0,18.0,286.0,149.0,57.0,34.0,9.0,0.0,CM,0,,0,0,58.0,0,,statistical_fallback,Midfielder,CM,0.146,0.146,1.135,0.476,38.629,1.172,1.611,1.172,1.538,0.659,41.938,42.848,Sassuolo,1
135,Serie A,2025,500,Bologna,39254,T. Heggem,Torbjørn,Lysaker Heggem,26.0,Norway,192,73,https://media.api-sports.io/football/players/39254.png,Defender,27.0,23.0,2113.0,6.69,0.0,0.0,8.0,2.0,1196.0,3.0,91.0,32.0,8.0,24.0,10.0,8.0,180.0,89.0,12.0,31.0,0.0,1.0,CB,0,,0,0,56.6,0,,statistical_fallback,Defender,CB,0.0,0.0,0.341,0.085,50.942,0.128,1.363,1.022,0.426,0.341,24.927,80.047,Bologna,1
78,Bundesliga,2025,164,FSV Mainz 05,39279,A. Hanche-Olsen,Andreas,Schjølberg Hanche-Olsen,28.0,Norway,185,79,https://media.api-sports.io/football/players/39279.png,Defender,13.0,8.0,850.0,6.62,0.0,1.0,5.0,3.0,438.0,3.0,81.0,8.0,9.0,15.0,2.0,0.0,110.0,66.0,6.0,13.0,3.0,0.0,CB,0,,0,0,63.0,0,,statistical_fallback,Defender,CB,0.0,0.106,0.529,0.318,46.376,0.318,0.847,1.588,0.212,0.0,60.113,0.0,FSV Mainz 05,1
135,Serie A,2025,503,Torino,39362,M. Pedersen,Marcus,Holmgren Pedersen,25.0,Norway,184,76,https://media.api-sports.io/football/players/39362.png,Defender,29.0,23.0,2138.0,6.56,1.0,2.0,11.0,3.0,552.0,20.0,77.0,23.0,4.0,10.0,21.0,9.0,139.0,45.0,6.0,31.0,3.0,0.0,FB,0,,0,0,67.2,0,,statistical_fallback,Defender,FB,0.042,0.084,0.463,0.126,23.237,0.842,0.968,0.421,0.884,0.379,27.214,42.873,Torino,1
78,Bundesliga,2025,186,FC St. Pauli,40274,A. Dźwigała,Adam,Dźwigała,30.0,Poland,185,72,https://media.api-sports.io/football/players/40274.png,Defender,19.0,14.0,1295.0,6.74,1.0,1.0,4.0,2.0,625.0,5.0,80.0,46.0,5.0,23.0,4.0,3.0,151.0,86.0,6.0,20.0,5.0,0.0,CB,0,,0,0,57.5,0,,statistical_fallback,Defender,CB,0.069,0.069,0.278,0.139,43.436,0.347,3.197,1.598,0.278,0.208,50.0,74.82,FC St. Pauli,1
61,Ligue 1,2025,106,Stade Brestois 29,40384,R. Majecki,Radosław,Majecki,26.0,Poland,193,78,https://media.api-sports.io/football/players/40384.png,Goalkeeper,10.0,10.0,865.0,6.68,0.0,0.0,0.0,0.0,298.0,0.0,67.0,0.0,,0.0,0.0,0.0,5.0,3.0,1.0,1.0,0.0,1.0,GK,0,,0,0,100.0,0,,statistical_fallback,Goalkeeper,GK,0.0,0.0,0.0,0.0,31.006,0.0,0.0,0.0,0.0,0.0,0.0,0.0,Stade Brestois 29,1
61,Ligue 1,2025,94,Rennes,40403,S. Szymański,Sebastian,Szymański,26.0,Poland,174,60,https://media.api-sports.io/football/players/40403.png,Midfielder,16.0,10.0,786.0,6.8,1.0,3.0,9.0,5.0,345.0,20.0,78.0,23.0,3.0,3.0,9.0,3.0,82.0,41.0,12.0,13.0,2.0,0.0,CAM,0,CM,0,0,60.0,0,,statistical_fallback,Midfielder,CAM,0.115,0.344,1.031,0.573,39.504,2.29,2.634,0.344,1.031,0.344,55.577,33.366,Rennes,1
135,Serie A,2025,503,Torino,40405,S. Kulenović,Sandro,Kulenović,26.0,Croatia,188,76,https://media.api-sports.io/football/players/40405.png,Attacker,13.0,3.0,310.0,6.45,0.0,1.0,3.0,2.0,65.0,5.0,63.0,4.0,1.0,1.0,5.0,2.0,43.0,14.0,4.0,11.0,2.0,0.0,ST,0,W,0,0,62.5,0,,statistical_fallback,Attacker,ST,0.0,0.29,0.871,0.581,18.871,1.452,1.161,0.29,1.452,0.581,66.705,40.014,Torino,1
78,Bundesliga,2025,192,VfL Wolfsburg | 1. FC Köln,40560,J. Kamiński,Jakub Piotr,Kamiński,24.0,Poland,179,64,https://media.api-sports.io/football/players/40560.png,Midfielder,37.0,37.0,3649.0,7.166,9.0,3.0,50.0,30.0,1100.0,60.0,,45.0,10.0,26.0,53.0,27.0,268.0,120.0,31.0,16.0,4.0,0.0,CAM,0,CM,0,0,62.6,0,,statistical_fallback,Midfielder,CAM,0.271,0.074,1.406,0.839,29.942,1.702,1.159,0.69,1.406,0.74,59.662,52.652,VfL Wolfsburg | 1. FC Köln,2
135,Serie A,2025,488,Sassuolo,40582,S. Walukiewicz,Sebastian Wiktor,Walukiewicz,25.0,Poland,188,80,https://media.api-sports.io/football/players/40582.png,Defender,34.0,33.0,2855.0,6.74,0.0,1.0,4.0,0.0,1238.0,21.0,85.0,50.0,10.0,25.0,36.0,21.0,213.0,110.0,13.0,35.0,7.0,0.0,FB,0,,0,0,63.3,0,,statistical_fallback,Defender,FB,0.0,0.032,0.126,0.0,39.026,0.662,1.576,0.788,1.135,0.662,0.0,58.326,Sassuolo,1
135,Serie A,2025,523,Parma,40592,A. Benedyczak,Adrian Dawid,Benedyczak,25.0,Poland,191,78,https://media.api-sports.io/football/players/40592.png,Attacker,14.0,5.0,486.0,6.64,1.0,1.0,7.0,3.0,96.0,9.0,73.0,6.0,1.0,0.0,4.0,0.0,69.0,31.0,6.0,9.0,1.0,0.0,ST,0,W,0,0,55.7,0,,statistical_fallback,Attacker,ST,0.185,0.185,1.296,0.556,17.778,1.667,1.111,0.0,0.741,0.0,42.901,0.0,Parma,1
135,Serie A,2025,494,Udinese,40594,A. Buksa,Adam,Buksa,29.0,Poland,191,78,https://media.api-sports.io/football/players/40594.png,Attacker,25.0,6.0,926.0,6.67,3.0,0.0,8.0,6.0,181.0,11.0,60.0,10.0,,2.0,10.0,2.0,170.0,80.0,16.0,24.0,3.0,0.0,ST,0,,0,0,60.2,0,,statistical_fallback,Attacker,ST,0.292,0.0,0.778,0.583,17.592,1.069,0.972,0.194,0.972,0.194,74.936,19.959,Udinese,1
39,Premier League,2025,47,Tottenham,41104,João Palhinha,João Maria,Lobo Alves Palhinha Gonçalves,30.0,Portugal,190,84,https://media.api-sports.io/football/players/41104.png,Midfielder,33.0,23.0,2210.0,7.04,5.0,2.0,19.0,9.0,1042.0,8.0,81.0,110.0,12.0,30.0,23.0,10.0,312.0,192.0,36.0,28.0,8.0,0.0,CDM,12,CM,9,23,52.2,0,CDM:12 | CM:9 | CB:2,lineup_history,Midfielder,CDM,0.204,0.081,0.774,0.367,42.434,0.326,4.48,1.222,0.937,0.407,47.416,43.436,Tottenham,1
135,Serie A,2025,502,Fiorentina,41144,Dodô,Domilson,Cordeiro dos Santos,27.0,Brazil,166,68,https://media.api-sports.io/football/players/41144.png,Midfielder,36.0,36.0,3139.0,6.98,1.0,2.0,20.0,4.0,1400.0,51.0,83.0,29.0,3.0,30.0,85.0,46.0,257.0,145.0,53.0,22.0,7.0,0.0,CM,0,,0,0,58.0,0,,statistical_fallback,Midfielder,CM,0.029,0.057,0.573,0.115,40.14,1.462,0.831,0.86,2.437,1.319,20.07,54.124,Fiorentina,1
61,Ligue 1,2025,77,Angers,41146,F. Hanin,Florent Olivier Sylvain,Hanin,35.0,France,177,73,https://media.api-sports.io/football/players/41146.png,Midfielder,25.0,9.0,892.0,6.64,0.0,0.0,1.0,0.0,355.0,8.0,77.0,15.0,4.0,11.0,9.0,3.0,73.0,35.0,8.0,8.0,0.0,0.0,CDM,0,CM,0,0,63.1,0,,statistical_fallback,Midfielder,CDM,0.0,0.0,0.101,0.0,35.818,0.807,1.513,1.11,0.908,0.303,0.0,33.37,Angers,1
78,Bundesliga,2025,168,Bayer Leverkusen,41150,E. Tapsoba,Edmond Fayçal,Tapsoba,26.0,Burkina Faso,194,85,https://media.api-sports.io/football/players/41150.png,Defender,29.0,29.0,2576.0,7.21,5.0,3.0,23.0,10.0,2409.0,11.0,90.0,31.0,19.0,20.0,14.0,8.0,202.0,111.0,2.0,31.0,7.0,0.0,FB,0,,0,0,56.0,0,,statistical_fallback,Defender,FB,0.175,0.105,0.804,0.349,84.165,0.384,1.083,0.699,0.489,0.28,43.408,57.26,Bayer Leverkusen,1
140,La Liga,2025,532,Valencia,41157,André Almeida,Domingos André,Ribeiro Almeida,25.0,Portugal,176,62,https://media.api-sports.io/football/players/41157.png,Midfielder,22.0,11.0,1035.0,6.94,0.0,2.0,6.0,3.0,568.0,18.0,89.0,23.0,1.0,10.0,29.0,14.0,116.0,62.0,22.0,11.0,0.0,0.0,W,0,CAM,0,0,57.0,0,,statistical_fallback,Midfielder,W,0.0,0.174,0.522,0.261,49.391,1.565,2.0,0.87,2.522,1.217,50.0,48.255,Valencia,1
61,Ligue 1,2025,106,Stade Brestois 29,41323,Mama Baldé,Mama Samba,Baldé,30.0,Guinea-Bissau,176,69,https://media.api-sports.io/football/players/41323.png,Attacker,18.0,8.0,723.0,6.64,2.0,2.0,19.0,5.0,162.0,7.0,71.0,13.0,,6.0,22.0,10.0,108.0,53.0,11.0,12.0,0.0,0.0,ST,0,W,0,0,55.3,0,,statistical_fallback,Attacker,ST,0.249,0.249,2.365,0.622,20.166,0.871,1.618,0.747,2.739,1.245,26.3,45.455,Stade Brestois 29,1
135,Serie A,2025,488,Sassuolo,41371,Fali Candé,Fali,Candé,27.0,Guinea-Bissau,184,82,https://media.api-sports.io/football/players/41371.png,Defender,12.0,5.0,512.0,6.54,0.0,0.0,3.0,0.0,191.0,1.0,76.0,9.0,3.0,2.0,0.0,0.0,56.0,26.0,6.0,9.0,2.0,0.0,CB,0,,0,0,60.3,0,,statistical_fallback,Defender,CB,0.0,0.0,0.527,0.0,33.574,0.176,1.582,0.352,0.0,0.0,0.0,0.0,Sassuolo,1
140,La Liga,2025,728,Rayo Vallecano,41552,P. Ciss,Pathé Ismaël,Ciss,31.0,Senegal,186,71,https://media.api-sports.io/football/players/41552.png,Midfielder,29.0,20.0,2003.0,7.01,2.0,1.0,18.0,8.0,1192.0,12.0,89.0,53.0,16.0,36.0,13.0,9.0,192.0,107.0,13.0,30.0,9.0,2.0,CDM,0,CM,0,0,62.0,0,,statistical_fallback,Midfielder,CDM,0.09,0.045,0.809,0.359,53.56,0.539,2.381,1.618,0.584,0.404,44.376,69.178,Rayo Vallecano,1
135,Serie A,2025,487,Lazio,41577,Nuno Tavares,Nuno Albertino,Varela Tavares,25.0,Portugal,183,75,https://media.api-sports.io/football/players/41577.png,Defender,23.0,17.0,1493.0,6.85,0.0,0.0,10.0,1.0,895.0,21.0,86.0,30.0,1.0,18.0,39.0,23.0,154.0,86.0,22.0,20.0,5.0,0.0,FB,0,,0,0,59.2,0,,statistical_fallback,Defender,FB,0.0,0.0,0.603,0.06,53.952,1.266,1.808,1.085,2.351,1.386,9.95,58.954,Lazio,1
61,Ligue 1,2025,85,Paris Saint Germain,41585,Gonçalo Ramos,Gonçalo,Matias Ramos,24.0,Portugal,185,79,https://media.api-sports.io/football/players/41585.png,Attacker,30.0,13.0,1320.0,6.61,6.0,1.0,45.0,25.0,340.0,17.0,83.0,13.0,,5.0,37.0,17.0,165.0,74.0,23.0,24.0,3.0,0.0,ST,0,,0,0,59.1,0,,statistical_fallback,Attacker,ST,0.409,0.068,3.068,1.705,23.182,1.159,0.886,0.341,2.523,1.159,55.574,45.937,Paris Saint Germain,1
39,Premier League,2025,39,Wolves,41606,Toti Gomes,Tote António,Gomes,26.0,Portugal,187,72,https://media.api-sports.io/football/players/41606.png,Defender,19.0,17.0,1427.0,6.56,0.0,0.0,4.0,2.0,816.0,6.0,86.0,23.0,12.0,14.0,12.0,10.0,109.0,68.0,11.0,11.0,2.0,1.0,CB,17,,0,17,100.0,0,CB:17,lineup_history,Defender,CB,0.0,0.0,0.252,0.126,51.465,0.378,1.451,0.883,0.757,0.631,50.0,83.355,Wolves,1
39,Premier League,2025,50,Manchester City,41621,Matheus Nunes,Matheus Luiz,Nunes,27.0,Portugal,183,78,https://media.api-sports.io/football/players/41621.png,Midfielder,34.0,32.0,2865.0,6.97,1.0,5.0,6.0,2.0,2154.0,28.0,89.0,58.0,8.0,30.0,57.0,28.0,268.0,158.0,30.0,17.0,5.0,0.0,RB,32,,0,32,100.0,0,RB:32,lineup_history,Midfielder,RB,0.031,0.157,0.188,0.063,67.665,0.88,1.822,0.942,1.791,0.88,33.511,49.135,Manchester City,1
78,Bundesliga,2025,175,Hamburger SV,41725,Fábio Vieira,Fábio Daniel,Ferreira Vieira,25.0,Portugal,170,58,https://media.api-sports.io/football/players/41725.png,Midfielder,29.0,25.0,2215.0,7.2,7.0,5.0,38.0,19.0,848.0,39.0,83.0,20.0,2.0,14.0,60.0,32.0,202.0,106.0,44.0,18.0,3.0,1.0,W,0,CAM,0,0,55.1,0,,statistical_fallback,Midfielder,W,0.284,0.203,1.544,0.772,34.456,1.585,0.813,0.569,2.438,1.3,50.0,53.322,Hamburger SV,1
135,Serie A,2025,500,Bologna,41734,João Mário,João Mário,Neto Lopes,25.0,Portugal,178,66,https://media.api-sports.io/football/players/41734.png,Midfielder,10.0,10.0,741.0,6.95,1.0,0.0,2.0,2.0,383.0,5.0,79.0,10.0,1.0,10.0,20.0,10.0,82.0,45.0,21.0,5.0,1.0,0.0,CDM,0,CM,0,0,62.9,0,,statistical_fallback,Midfielder,CDM,0.121,0.0,0.243,0.243,46.518,0.607,1.215,1.215,2.429,1.215,100.0,50.021,Bologna,1
135,Serie A,2025,490,Cagliari,41964,Zé Pedro,José Pedro,da Silva Figueiredo Freitas,28.0,Portugal,187,84,https://media.api-sports.io/football/players/41964.png,Defender,23.0,20.0,1713.0,6.63,0.0,1.0,6.0,0.0,954.0,3.0,86.0,31.0,13.0,20.0,7.0,5.0,145.0,68.0,15.0,29.0,6.0,0.0,CB,0,,0,0,55.7,0,,statistical_fallback,Defender,CB,0.0,0.053,0.315,0.0,50.123,0.158,1.629,1.051,0.368,0.263,0.0,71.467,Cagliari,1
140,La Liga,2025,718,Oviedo,41970,David Carmo,David,Mota Veiga Teixeira Carmo,26.0,Portugal,196,84,https://media.api-sports.io/football/players/41970.png,Defender,22.0,20.0,1787.0,6.79,1.0,0.0,8.0,3.0,1017.0,7.0,82.0,34.0,18.0,21.0,3.0,2.0,163.0,101.0,4.0,20.0,7.0,0.0,CB,0,,0,0,62.3,0,,statistical_fallback,Defender,CB,0.05,0.0,0.403,0.151,51.22,0.353,1.712,1.058,0.151,0.101,37.469,66.887,Oviedo,1
135,Serie A,2025,504,Hellas Verona,42006,Al Musrati,Al Moatasembellah Ali Mohamed,Al Musrati,29.0,Libya,189,80,https://media.api-sports.io/football/players/42006.png,Midfielder,18.0,8.0,847.0,6.62,0.0,1.0,4.0,1.0,480.0,7.0,82.0,14.0,8.0,9.0,2.0,0.0,82.0,31.0,3.0,15.0,5.0,0.0,CDM,0,CM,0,0,58.7,0,,statistical_fallback,Midfielder,CDM,0.0,0.106,0.425,0.106,51.004,0.744,1.488,0.956,0.213,0.0,24.941,0.0,Hellas Verona,1
61,Ligue 1,2025,83,Nantes,42086,Y. El-Arabi,Youssef,El-Arabi,38.0,Morocco,183,70,https://media.api-sports.io/football/players/42086.png,Attacker,25.0,11.0,979.0,6.59,3.0,0.0,13.0,9.0,264.0,9.0,63.0,12.0,1.0,3.0,20.0,6.0,155.0,65.0,23.0,22.0,0.0,0.0,ST,0,,0,0,59.5,0,,statistical_fallback,Attacker,ST,0.276,0.0,1.195,0.827,24.27,0.827,1.103,0.276,1.839,0.552,69.205,30.016,Nantes,1
61,Ligue 1,2025,116,Lens,44594,Saud Abdulhamid,Saud Abdullah Salem,Abdulhamid,26.0,Saudi Arabia,171,71,https://media.api-sports.io/football/players/44594.png,Defender,25.0,14.0,1356.0,6.99,2.0,4.0,6.0,3.0,602.0,24.0,88.0,34.0,2.0,11.0,15.0,4.0,128.0,59.0,14.0,26.0,4.0,1.0,FB,0,,0,0,65.0,0,,statistical_fallback,Defender,FB,0.133,0.265,0.398,0.199,39.956,1.593,2.257,0.73,0.996,0.265,50.0,26.606,Lens,1
135,Serie A,2025,500,Bologna,44814,L. Ferguson,Lewis,Ferguson,26.0,Scotland,181,75,https://media.api-sports.io/football/players/44814.png,Midfielder,27.0,17.0,1608.0,6.74,1.0,0.0,7.0,2.0,1041.0,16.0,87.0,26.0,8.0,11.0,7.0,3.0,159.0,84.0,26.0,33.0,6.0,0.0,CDM,0,CM,0,0,60.6,0,,statistical_fallback,Midfielder,CDM,0.056,0.0,0.392,0.112,58.265,0.896,1.455,0.616,0.392,0.168,28.571,42.857,Bologna,1
39,Premier League,2025,55,Brentford,44871,A. Hickey,Aaron,Buchanan Hickey,23.0,Scotland,178,72,https://media.api-sports.io/football/players/44871.png,Defender,21.0,8.0,727.0,6.65,0.0,0.0,5.0,1.0,285.0,0.0,83.0,15.0,6.0,8.0,7.0,0.0,66.0,33.0,9.0,7.0,1.0,0.0,LB,5,LWB,1,8,62.5,0,LB:5 | LWB:1 | RB:1 | CM:1,lineup_history,Defender,LB,0.0,0.0,0.619,0.124,35.282,0.0,1.857,0.99,0.867,0.0,20.032,0.0,Brentford,1
135,Serie A,2025,489,AC Milan,45826,S. Pavlović,Strahinja,Pavlović,24.0,Serbia,194,88,https://media.api-sports.io/football/players/45826.png,Defender,34.0,33.0,2870.0,7.05,5.0,1.0,21.0,6.0,1850.0,16.0,90.0,54.0,14.0,20.0,32.0,17.0,294.0,168.0,27.0,30.0,4.0,0.0,FB,0,,0,0,57.8,0,,statistical_fallback,Defender,FB,0.157,0.031,0.659,0.188,58.014,0.502,1.693,0.627,1.003,0.533,28.528,53.141,AC Milan,1
78,Bundesliga,2025,182,Union Berlin,45892,A. Ilić,Andrej,Ilić,25.0,Serbia,189,86,https://media.api-sports.io/football/players/45892.png,Attacker,32.0,24.0,2256.0,6.71,5.0,9.0,58.0,26.0,432.0,30.0,54.0,4.0,6.0,1.0,21.0,7.0,507.0,213.0,32.0,38.0,5.0,0.0,ST,0,,0,0,59.8,0,,statistical_fallback,Attacker,ST,0.199,0.359,2.314,1.037,17.234,1.197,0.16,0.04,0.838,0.279,44.814,33.294,Union Berlin,1
135,Serie A,2025,503,Torino,46170,I. Ilić,Ivan,Ilić,24.0,Serbia,186,77,https://media.api-sports.io/football/players/46170.png,Midfielder,8.0,5.0,415.0,6.64,0.0,0.0,0.0,0.0,190.0,8.0,82.0,8.0,,6.0,3.0,2.0,45.0,17.0,4.0,9.0,2.0,0.0,CM,0,,0,0,58.0,0,,statistical_fallback,Midfielder,CM,0.0,0.0,0.0,0.0,41.205,1.735,1.735,1.301,0.651,0.434,0.0,66.667,Torino,1
140,La Liga,2025,727,Osasuna,46646,Sergio Herrera,Sergio,Herrera Pirón,32.0,Spain,192,82,https://media.api-sports.io/football/players/46646.png,Goalkeeper,37.0,37.0,3285.0,7.0,0.0,0.0,0.0,0.0,1042.0,0.0,69.0,0.0,,0.0,0.0,0.0,16.0,13.0,5.0,3.0,3.0,1.0,GK,0,,0,0,100.0,0,,statistical_fallback,Goalkeeper,GK,0.0,0.0,0.0,0.0,28.548,0.0,0.0,0.0,0.0,0.0,0.0,0.0,Osasuna,1
140,La Liga,2025,718,Oviedo,46657,Nacho Vidal,Ignacio,Vidal Miralles,30.0,Spain,180,75,https://media.api-sports.io/football/players/46657.png,Defender,29.0,27.0,2277.0,6.6,0.0,0.0,11.0,3.0,917.0,7.0,81.0,44.0,7.0,31.0,31.0,14.0,196.0,105.0,27.0,24.0,4.0,0.0,FB,0,,0,0,57.4,0,,statistical_fallback,Defender,FB,0.0,0.0,0.435,0.119,36.245,0.277,1.739,1.225,1.225,0.553,27.356,45.143,Oviedo,1
140,La Liga,2025,727,Osasuna,46658,Rubén García,Rubén,García Santos,32.0,Spain,171,72,https://media.api-sports.io/football/players/46658.png,Attacker,35.0,28.0,2247.0,6.82,2.0,5.0,22.0,10.0,828.0,44.0,79.0,50.0,2.0,17.0,37.0,18.0,269.0,117.0,27.0,36.0,6.0,0.0,ST,0,W,0,0,61.2,0,,statistical_fallback,Attacker,ST,0.08,0.2,0.881,0.401,33.164,1.762,2.003,0.681,1.482,0.721,45.516,48.65,Osasuna,1
140,La Liga,2025,727,Osasuna,46662,Moncayola,Jon,Moncayola Tollar,27.0,Spain,189,86,https://media.api-sports.io/football/players/46662.png,Midfielder,36.0,35.0,3028.0,6.83,0.0,4.0,11.0,5.0,1387.0,39.0,80.0,54.0,6.0,23.0,21.0,13.0,216.0,97.0,13.0,41.0,9.0,0.0,CM,0,,0,0,58.0,0,,statistical_fallback,Midfielder,CM,0.0,0.119,0.327,0.149,41.225,1.159,1.605,0.684,0.624,0.386,45.566,61.859,Osasuna,1
140,La Liga,2025,727,Osasuna,46667,Kike Barja,Enrique,Barja Alfonso,28.0,Spain,178,69,https://media.api-sports.io/football/players/46667.png,Attacker,27.0,2.0,484.0,6.62,2.0,2.0,7.0,4.0,123.0,11.0,73.0,5.0,1.0,2.0,19.0,6.0,74.0,29.0,11.0,11.0,3.0,0.0,W,0,,0,0,60.6,0,,statistical_fallback,Attacker,W,0.372,0.372,1.302,0.744,22.872,2.045,0.93,0.372,3.533,1.116,57.143,31.588,Osasuna,1
140,La Liga,2025,718,Oviedo,46673,Aarón Escandell,Aarón,Escandell Banacloche,30.0,Spain,185,71,https://media.api-sports.io/football/players/46673.png,Goalkeeper,36.0,36.0,3240.0,7.28,0.0,1.0,0.0,0.0,1243.0,2.0,66.0,0.0,,0.0,2.0,2.0,14.0,14.0,8.0,1.0,3.0,0.0,GK,0,,0,0,100.0,0,,statistical_fallback,Goalkeeper,GK,0.0,0.028,0.0,0.0,34.528,0.056,0.0,0.0,0.056,0.056,0.0,100.0,Oviedo,1
140,La Liga,2025,797,Elche,46711,Aleix Febas,Aleix,Febas Pérez,29.0,Spain,171,61,https://media.api-sports.io/football/players/46711.png,Midfielder,36.0,36.0,3166.0,7.16,2.0,2.0,14.0,8.0,1959.0,27.0,89.0,77.0,4.0,27.0,92.0,54.0,414.0,254.0,117.0,34.0,10.0,0.0,CDM,0,CM,0,0,60.4,0,,statistical_fallback,Midfielder,CDM,0.057,0.057,0.398,0.227,55.689,0.768,2.189,0.768,2.615,1.535,57.035,58.7,Elche,1
135,Serie A,2025,489,AC Milan,46731,P. Estupiñán,Pervis Josué,Estupiñán Tenorio,27.0,Ecuador,175,73,https://media.api-sports.io/football/players/46731.png,Midfielder,19.0,13.0,1046.0,6.72,1.0,1.0,9.0,1.0,527.0,13.0,86.0,15.0,,11.0,7.0,2.0,77.0,33.0,8.0,16.0,5.0,1.0,CM,0,,0,0,58.0,0,,statistical_fallback,Midfielder,CM,0.086,0.086,0.774,0.086,45.344,1.119,1.291,0.946,0.602,0.172,11.111,28.571,AC Milan,1
140,La Liga,2025,798,Mallorca,46733,Raíllo,Antonio José,Raíllo Arenas,34.0,Spain,187,80,https://media.api-sports.io/football/players/46733.png,Defender,24.0,23.0,2070.0,6.97,0.0,1.0,12.0,1.0,1142.0,7.0,88.0,25.0,34.0,16.0,0.0,0.0,182.0,115.0,15.0,23.0,4.0,0.0,CB,0,,0,0,62.3,0,,statistical_fallback,Defender,CB,0.0,0.043,0.522,0.043,49.652,0.304,1.087,0.696,0.0,0.0,8.238,0.0,Mallorca,1
140,La Liga,2025,798,Mallorca,46738,M. Valjent,Martin,Valjent,30.0,Slovakia,187,70,https://media.api-sports.io/football/players/46738.png,Defender,37.0,37.0,3309.0,6.66,0.0,0.0,12.0,8.0,1783.0,3.0,87.0,50.0,15.0,24.0,6.0,4.0,213.0,122.0,11.0,36.0,6.0,0.0,CB,0,,0,0,57.5,0,,statistical_fallback,Defender,CB,0.0,0.0,0.326,0.218,48.495,0.082,1.36,0.653,0.163,0.109,66.871,66.871,Mallorca,1
140,La Liga,2025,727,Osasuna,46746,A. Budimir,Ante,Budimir,34.0,Croatia,190,75,https://media.api-sports.io/football/players/46746.png,Attacker,37.0,35.0,2953.0,6.84,17.0,0.0,88.0,41.0,392.0,16.0,60.0,21.0,6.0,6.0,18.0,3.0,387.0,180.0,37.0,52.0,3.0,0.0,ST,0,,0,0,68.3,0,,statistical_fallback,Attacker,ST,0.518,0.0,2.682,1.25,11.947,0.488,0.64,0.183,0.549,0.091,46.607,16.576,Osasuna,1
140,La Liga,2025,728,Rayo Vallecano,46759,A. Espino,Luis Alfonso,Espino García,33.0,Uruguay,172,71,https://media.api-sports.io/football/players/46759.png,Defender,30.0,15.0,1493.0,6.83,2.0,0.0,15.0,9.0,589.0,19.0,71.0,52.0,5.0,15.0,29.0,17.0,213.0,117.0,30.0,24.0,3.0,0.0,FB,0,,0,0,59.5,0,,statistical_fallback,Defender,FB,0.121,0.0,0.904,0.543,35.506,1.145,3.135,0.904,1.748,1.025,60.066,58.638,Rayo Vallecano,1
140,La Liga,2025,539,Levante,46790,Víctor García,Víctor,García Raja,28.0,Spain,180,79,https://media.api-sports.io/football/players/46790.png,Midfielder,21.0,12.0,1056.0,6.78,2.0,1.0,15.0,8.0,293.0,14.0,76.0,23.0,4.0,9.0,30.0,13.0,119.0,60.0,11.0,13.0,1.0,0.0,W,0,CAM,0,0,55.8,0,,statistical_fallback,Midfielder,W,0.17,0.085,1.278,0.682,24.972,1.193,1.96,0.767,2.557,1.108,53.365,43.332,Levante,1
135,Serie A,2025,502,Fiorentina,46792,Pablo Marí,Pablo,Marí Villar,32.0,Spain,193,87,https://media.api-sports.io/football/players/46792.png,Defender,11.0,9.0,809.0,6.57,0.0,0.0,2.0,0.0,455.0,2.0,91.0,12.0,7.0,22.0,1.0,0.0,75.0,38.0,8.0,17.0,3.0,0.0,CB,0,,0,0,65.5,0,,statistical_fallback,Defender,CB,0.0,0.0,0.222,0.0,50.618,0.222,1.335,2.447,0.111,0.0,0.0,0.0,Fiorentina,1
140,La Liga,2025,546,Getafe,46795,Domingos Duarte,Domingos,de Sousa Coutinho Meneses Duar,30.0,Portugal,192,80,https://media.api-sports.io/football/players/46795.png,Defender,34.0,34.0,2928.0,6.66,1.0,1.0,12.0,4.0,900.0,2.0,76.0,33.0,16.0,34.0,1.0,0.0,237.0,134.0,24.0,32.0,12.0,0.0,CB,0,,0,0,58.2,0,,statistical_fallback,Defender,CB,0.031,0.031,0.369,0.123,27.664,0.061,1.014,1.045,0.031,0.0,33.333,0.0,Getafe,1
140,La Liga,2025,540,Espanyol,46799,Edu Expósito,Eduardo,Expósito Jaén,29.0,Spain,178,68,https://media.api-sports.io/football/players/46799.png,Midfielder,36.0,32.0,2542.0,7.06,1.0,6.0,32.0,13.0,1015.0,83.0,76.0,54.0,2.0,23.0,45.0,34.0,272.0,148.0,43.0,28.0,9.0,0.0,CAM,0,CM,0,0,60.4,0,,statistical_fallback,Midfielder,CAM,0.035,0.212,1.133,0.46,35.936,2.939,1.912,0.814,1.593,1.204,40.6,75.581,Espanyol,1
140,La Liga,2025,546,Getafe,46813,A. Abqar,Abdelkabir,Abqar,26.0,Morocco,188,80,https://media.api-sports.io/football/players/46813.png,Defender,23.0,17.0,1440.0,6.73,0.0,2.0,6.0,1.0,440.0,4.0,72.0,39.0,8.0,21.0,7.0,2.0,160.0,99.0,36.0,29.0,10.0,1.0,CB,0,,0,0,55.8,0,,statistical_fallback,Defender,CB,0.0,0.125,0.375,0.062,27.5,0.25,2.438,1.312,0.438,0.125,16.533,28.539,Getafe,1
39,Premier League,2025,66,Aston Villa,46815,Pau Torres,Pau,Francisco Torres,28.0,Spain,191,80,https://media.api-sports.io/football/players/46815.png,Defender,21.0,18.0,1688.0,6.9,0.0,0.0,8.0,1.0,1166.0,1.0,89.0,22.0,18.0,11.0,11.0,7.0,106.0,59.0,5.0,7.0,1.0,0.0,CB,18,,0,18,100.0,0,CB:18,lineup_history,Defender,CB,0.0,0.0,0.427,0.053,62.168,0.053,1.173,0.586,0.586,0.373,12.412,63.652,Aston Villa,1
140,La Liga,2025,546,Getafe,46860,Javi Muñoz,Javier,Muñoz Jiménez,30.0,Spain,175,69,https://media.api-sports.io/football/players/46860.png,Midfielder,17.0,4.0,560.0,6.53,0.0,0.0,13.0,6.0,187.0,7.0,69.0,8.0,1.0,7.0,7.0,4.0,44.0,17.0,2.0,9.0,0.0,0.0,CAM,0,CM,0,0,59.5,0,,statistical_fallback,Midfielder,CAM,0.0,0.0,2.089,0.964,30.054,1.125,1.286,1.125,1.125,0.643,46.146,57.156,Getafe,1
140,La Liga,2025,728,Rayo Vallecano,46887,Pedro Díaz,Pedro,Díaz Fanjul,27.0,Spain,180,75,https://media.api-sports.io/football/players/46887.png,Midfielder,34.0,21.0,1881.0,6.53,0.0,1.0,29.0,6.0,768.0,23.0,84.0,38.0,1.0,8.0,30.0,15.0,176.0,79.0,13.0,20.0,3.0,0.0,CAM,0,CM,0,0,59.8,0,,statistical_fallback,Midfielder,CAM,0.0,0.048,1.388,0.287,36.746,1.1,1.818,0.383,1.435,0.718,20.677,50.035,Rayo Vallecano,1
78,Bundesliga,2025,172,VfB Stuttgart,46930,E. Demirović,Ermedin,Demirović,27.0,Bosnia and Herzegovina,185,84,https://media.api-sports.io/football/players/46930.png,Attacker,25.0,17.0,1506.0,6.9,12.0,3.0,34.0,22.0,250.0,17.0,73.0,14.0,1.0,1.0,14.0,7.0,204.0,77.0,26.0,37.0,5.0,0.0,ST,0,,0,0,61.3,0,,statistical_fallback,Attacker,ST,0.717,0.179,2.032,1.315,14.94,1.016,0.837,0.06,0.837,0.418,64.715,49.94,VfB Stuttgart,1
140,La Liga,2025,532,Valencia,46933,Luis Rioja,Luis Jesús,Rioja González,32.0,Spain,175,68,https://media.api-sports.io/football/players/46933.png,Midfielder,37.0,31.0,2636.0,6.82,3.0,6.0,18.0,5.0,839.0,39.0,78.0,36.0,,18.0,63.0,36.0,226.0,105.0,29.0,13.0,1.0,0.0,W,0,CAM,0,0,57.7,0,,statistical_fallback,Midfielder,W,0.102,0.205,0.615,0.171,28.646,1.332,1.229,0.615,2.151,1.229,27.805,57.136,Valencia,1
140,La Liga,2025,539,Levante,46941,Unai Elgezabal,Unai,Elgezabal Udondo,32.0,Spain,185,74,https://media.api-sports.io/football/players/46941.png,Defender,12.0,11.0,958.0,6.62,1.0,0.0,3.0,1.0,409.0,2.0,85.0,8.0,16.0,3.0,0.0,0.0,75.0,45.0,6.0,11.0,2.0,0.0,CB,0,,0,0,62.3,0,,statistical_fallback,Defender,CB,0.094,0.0,0.282,0.094,38.424,0.188,0.752,0.282,0.0,0.0,33.333,0.0,Levante,1
140,La Liga,2025,718,Oviedo,46966,Dani Calvo,Daniel Pedro,Calvo San Román,31.0,Spain,190,82,https://media.api-sports.io/football/players/46966.png,Defender,20.0,17.0,1617.0,7.05,0.0,0.0,3.0,0.0,787.0,2.0,90.0,27.0,27.0,11.0,2.0,1.0,112.0,76.0,6.0,11.0,3.0,0.0,CB,0,,0,0,61.3,0,,statistical_fallback,Defender,CB,0.0,0.0,0.167,0.0,43.803,0.111,1.503,0.612,0.111,0.056,0.0,50.45,Oviedo,1
140,La Liga,2025,727,Osasuna,46967,Juan Cruz,Juan Cruz,Álvaro Armada,33.0,Spain,180,79,https://media.api-sports.io/football/players/46967.png,Defender,15.0,7.0,660.0,6.61,0.0,0.0,1.0,0.0,237.0,2.0,88.0,4.0,6.0,4.0,3.0,2.0,26.0,13.0,2.0,4.0,2.0,0.0,CB,0,,0,0,57.0,0,,statistical_fallback,Defender,CB,0.0,0.0,0.136,0.0,32.318,0.273,0.545,0.545,0.409,0.273,0.0,66.748,Osasuna,1
140,La Liga,2025,797,Elche,46973,Josan,José Antonio,Ferrández Pomares,36.0,Spain,175,68,https://media.api-sports.io/football/players/46973.png,Midfielder,19.0,4.0,572.0,6.83,0.0,3.0,2.0,1.0,247.0,21.0,89.0,12.0,1.0,5.0,13.0,7.0,46.0,26.0,6.0,5.0,2.0,0.0,W,0,CAM,0,0,55.9,0,,statistical_fallback,Midfielder,W,0.0,0.472,0.315,0.157,38.864,3.304,1.888,0.787,2.045,1.101,49.841,53.839,Elche,1
140,La Liga,2025,797,Elche,46982,Gonzalo Villar,Gonzalo,Villar del Fraile,27.0,Spain,181,73,https://media.api-sports.io/football/players/46982.png,Midfielder,12.0,8.0,718.0,6.98,1.0,0.0,2.0,1.0,395.0,2.0,89.0,13.0,2.0,2.0,14.0,9.0,98.0,58.0,25.0,11.0,3.0,0.0,CDM,0,CM,0,0,62.6,0,,statistical_fallback,Midfielder,CDM,0.125,0.0,0.251,0.125,49.513,0.251,1.63,0.251,1.755,1.128,49.801,64.274,Elche,1
135,Serie A,2025,505,Inter,46988,Josep Martínez,Josep,Martínez Riera,27.0,Spain,191,78,https://media.api-sports.io/football/players/46988.png,Goalkeeper,5.0,5.0,450.0,6.76,0.0,0.0,0.0,0.0,184.0,0.0,86.0,0.0,,0.0,0.0,0.0,,,,,0.0,0.0,GK,0,,0,0,100.0,0,,statistical_fallback,Goalkeeper,GK,0.0,0.0,0.0,0.0,36.8,0.0,0.0,0.0,0.0,0.0,0.0,0.0,Inter,1
140,La Liga,2025,543,Real Betis,46990,Álvaro Vallés,Álvaro,Vallés Rosa,28.0,Spain,190,78,https://media.api-sports.io/football/players/46990.png,Goalkeeper,28.0,28.0,2520.0,7.0,0.0,0.0,0.0,0.0,860.0,0.0,71.0,0.0,,1.0,1.0,1.0,15.0,11.0,4.0,,1.0,0.0,GK,0,,0,0,100.0,0,,statistical_fallback,Goalkeeper,GK,0.0,0.0,0.0,0.0,30.714,0.0,0.0,0.036,0.036,0.036,0.0,100.0,Real Betis,1
140,La Liga,2025,531,Athletic Club,47007,Ruíz de Galarreta,Íñigo,Ruíz de Galarreta Etxeberria,32.0,Spain,175,69,https://media.api-sports.io/football/players/47007.png,Midfielder,34.0,30.0,2231.0,7.01,1.0,2.0,10.0,2.0,1239.0,31.0,82.0,60.0,5.0,23.0,50.0,34.0,296.0,160.0,41.0,54.0,10.0,0.0,CDM,0,CM,0,0,61.2,0,,statistical_fallback,Midfielder,CDM,0.04,0.081,0.403,0.081,49.982,1.251,2.42,0.928,2.017,1.372,20.099,68.022,Athletic Club,1
140,La Liga,2025,797,Sevilla | Elche,47013,Rafa Mir,Rafael,Mir Vicente,28.0,Spain,191,86,https://media.api-sports.io/football/players/47013.png,Attacker,27.0,21.0,2132.0,6.728,8.0,0.0,62.0,36.0,417.0,9.0,79.0,16.0,1.0,5.0,20.0,5.0,171.0,55.0,16.0,39.0,4.0,0.0,ST,0,,0,0,66.0,0,,statistical_fallback,Attacker,ST,0.465,0.0,2.955,1.731,20.727,0.38,0.76,0.296,0.971,0.253,58.577,26.087,Sevilla | Elche,2
140,La Liga,2025,546,Getafe,47085,Luis Milla,Luis,Milla Manzanares,31.0,Spain,175,67,https://media.api-sports.io/football/players/47085.png,Midfielder,37.0,37.0,3273.0,7.04,1.0,10.0,15.0,4.0,1383.0,80.0,77.0,59.0,7.0,42.0,39.0,21.0,321.0,173.0,43.0,32.0,4.0,1.0,CM,0,,0,0,58.0,0,,statistical_fallback,Midfielder,CM,0.027,0.275,0.412,0.11,38.029,2.2,1.622,1.155,1.072,0.577,26.699,53.825,Getafe,1
140,La Liga,2025,728,Rayo Vallecano,47109,Óscar Valentín,Óscar Valentín,Martín Luengo,31.0,Spain,177,72,https://media.api-sports.io/football/players/47109.png,Midfielder,33.0,26.0,2113.0,6.89,1.0,0.0,10.0,4.0,889.0,10.0,88.0,73.0,15.0,28.0,13.0,6.0,250.0,127.0,22.0,31.0,3.0,1.0,CDM,0,CM,0,0,67.5,0,,statistical_fallback,Midfielder,CDM,0.043,0.0,0.426,0.17,37.866,0.426,3.109,1.193,0.554,0.256,39.906,46.209,Rayo Vallecano,1
140,La Liga,2025,543,Real Betis,47119,Aitor Ruibal,Aitor,Ruibal García,29.0,Spain,176,74,https://media.api-sports.io/football/players/47119.png,Midfielder,27.0,20.0,1814.0,6.84,4.0,2.0,22.0,12.0,698.0,19.0,82.0,45.0,3.0,20.0,31.0,14.0,194.0,90.0,25.0,32.0,5.0,0.0,CM,0,,0,0,58.0,0,,statistical_fallback,Midfielder,CM,0.198,0.099,1.092,0.595,34.631,0.943,2.233,0.992,1.538,0.695,54.487,45.189,Real Betis,1
140,La Liga,2025,542,Alaves,47181,Toni Martínez,Antonio,Martínez López,28.0,Spain,187,83,https://media.api-sports.io/football/players/47181.png,Attacker,37.0,32.0,2725.0,6.99,14.0,3.0,76.0,36.0,667.0,24.0,58.0,28.0,2.0,4.0,39.0,17.0,506.0,258.0,37.0,46.0,2.0,0.0,ST,0,,0,0,63.8,0,,statistical_fallback,Attacker,ST,0.462,0.099,2.51,1.189,22.029,0.793,0.925,0.132,1.288,0.561,47.371,43.556,Alaves,1
140,La Liga,2025,797,Elche | Lecce,47182,Tete Morente,José Antonio,Morente Oliva,29.0,Spain,180,76,https://media.api-sports.io/football/players/47182.png,Attacker,13.0,11.0,1792.0,6.588,1.0,1.0,5.0,1.0,310.0,12.0,75.0,22.0,5.0,10.0,30.0,9.0,124.0,53.0,10.0,20.0,1.0,0.0,W,0,,0,0,61.0,0,,statistical_fallback,Attacker,W,0.05,0.05,0.552,0.151,28.728,1.105,1.658,0.653,2.863,0.904,27.268,31.575,Elche | Lecce,2
140,La Liga,2025,539,Levante,47225,Brugui,Roger,Brugué Ayguadé,29.0,Spain,173,68,https://media.api-sports.io/football/players/47225.png,Midfielder,19.0,10.0,1007.0,6.42,1.0,1.0,23.0,9.0,244.0,8.0,82.0,11.0,1.0,5.0,24.0,9.0,116.0,41.0,8.0,11.0,1.0,1.0,W,0,CAM,0,0,55.7,0,,statistical_fallback,Midfielder,W,0.089,0.089,2.056,0.804,21.807,0.715,0.983,0.447,2.145,0.804,39.105,37.483,Levante,1
140,La Liga,2025,546,Getafe,47247,David Soria,David,Soria Solís,32.0,Spain,192,83,https://media.api-sports.io/football/players/47247.png,Goalkeeper,38.0,38.0,3420.0,7.19,0.0,0.0,0.0,0.0,1121.0,1.0,45.0,0.0,,0.0,0.0,0.0,6.0,5.0,3.0,,2.0,0.0,GK,0,,0,0,100.0,0,,statistical_fallback,Goalkeeper,GK,0.0,0.0,0.0,0.0,29.5,0.026,0.0,0.0,0.0,0.0,0.0,0.0,Getafe,1
140,La Liga,2025,540,Espanyol,47249,L. Cabrera,Leandro Daniel,Cabrera Sasía,34.0,Uruguay,190,80,https://media.api-sports.io/football/players/47249.png,Defender,37.0,37.0,3330.0,6.78,3.0,0.0,28.0,12.0,1513.0,11.0,80.0,36.0,28.0,26.0,8.0,6.0,272.0,156.0,9.0,37.0,4.0,0.0,CB,0,,0,0,57.6,0,,statistical_fallback,Defender,CB,0.081,0.0,0.757,0.324,40.892,0.297,0.973,0.703,0.216,0.162,42.801,75.0,Espanyol,1
140,La Liga,2025,546,Getafe,47250,D. Dakonam,Djené,Dakonam Ortega,34.0,Togo,178,71,https://media.api-sports.io/football/players/47250.png,Defender,34.0,32.0,2585.0,6.61,0.0,0.0,2.0,0.0,795.0,2.0,78.0,35.0,10.0,37.0,9.0,8.0,197.0,112.0,26.0,35.0,10.0,2.0,CB,0,,0,0,56.1,0,,statistical_fallback,Defender,CB,0.0,0.0,0.07,0.0,27.679,0.07,1.219,1.288,0.313,0.279,0.0,89.137,Getafe,1
140,La Liga,2025,532,Valencia,47251,D. Foulquier,Dimitri Christophe,Foulquier,32.0,Guadeloupe,183,72,https://media.api-sports.io/football/players/47251.png,Defender,15.0,12.0,1157.0,6.4,0.0,0.0,5.0,1.0,519.0,6.0,84.0,15.0,1.0,8.0,20.0,10.0,91.0,43.0,7.0,16.0,1.0,0.0,FB,0,,0,0,62.7,0,,statistical_fallback,Defender,FB,0.0,0.0,0.389,0.078,40.372,0.467,1.167,0.622,1.556,0.778,20.051,50.0,Valencia,1
135,Serie A,2025,492,Napoli,47254,M. Olivera,Mathías,Olivera Miramontes,28.0,Uruguay,185,78,https://media.api-sports.io/football/players/47254.png,Defender,25.0,15.0,1368.0,6.79,0.0,0.0,8.0,3.0,1104.0,10.0,91.0,42.0,5.0,15.0,5.0,2.0,141.0,88.0,10.0,17.0,3.0,0.0,CB,0,,0,0,59.7,0,,statistical_fallback,Defender,CB,0.0,0.0,0.526,0.197,72.632,0.658,2.763,0.987,0.329,0.132,37.452,40.122,Napoli,1
140,La Liga,2025,546,Getafe,47258,M. Arambarri,Mauro Wilney,Arambarri Rosa,30.0,Uruguay,175,71,https://media.api-sports.io/football/players/47258.png,Midfielder,37.0,37.0,3255.0,6.73,6.0,2.0,45.0,19.0,800.0,22.0,75.0,68.0,6.0,22.0,62.0,30.0,454.0,221.0,67.0,60.0,6.0,0.0,CM,0,,0,0,58.0,0,,statistical_fallback,Midfielder,CM,0.166,0.055,1.244,0.525,22.12,0.608,1.88,0.608,1.714,0.829,42.203,48.366,Getafe,1
140,La Liga,2025,532,Valencia,47264,Hugo Duro,Hugo,Duro Perales,26.0,Spain,177,70,https://media.api-sports.io/football/players/47264.png,Attacker,36.0,22.0,1989.0,6.64,10.0,0.0,30.0,14.0,392.0,17.0,70.0,17.0,6.0,4.0,17.0,3.0,262.0,103.0,38.0,22.0,5.0,0.0,ST,0,,0,0,61.6,0,,statistical_fallback,Attacker,ST,0.452,0.0,1.357,0.633,17.738,0.769,0.769,0.181,0.769,0.136,46.647,17.685,Valencia,1
140,La Liga,2025,548,Real Sociedad,47269,Álex Remiro,Alejandro,Remiro Gargallo,30.0,Spain,192,79,https://media.api-sports.io/football/players/47269.png,Goalkeeper,37.0,37.0,3330.0,6.92,0.0,0.0,0.0,0.0,1374.0,4.0,71.0,1.0,,1.0,1.0,1.0,19.0,17.0,7.0,,1.0,0.0,GK,0,,0,0,100.0,0,,statistical_fallback,Goalkeeper,GK,0.0,0.0,0.0,0.0,37.135,0.108,0.027,0.027,0.027,0.027,0.0,100.0,Real Sociedad,1
140,La Liga,2025,531,Athletic Club,47270,Unai Simón,Unai,Simón Mendibil,28.0,Spain,190,88,https://media.api-sports.io/football/players/47270.png,Goalkeeper,37.0,37.0,3330.0,6.88,0.0,0.0,0.0,0.0,1124.0,1.0,58.0,1.0,,0.0,0.0,0.0,17.0,17.0,8.0,,1.0,0.0,GK,0,,0,0,100.0,0,,statistical_fallback,Goalkeeper,GK,0.0,0.0,0.0,0.0,30.378,0.027,0.027,0.0,0.0,0.0,0.0,0.0,Athletic Club,1
140,La Liga,2025,531,Athletic Club,47271,Yeray,Yeray,Álvarez López,30.0,Spain,182,78,https://media.api-sports.io/football/players/47271.png,Defender,7.0,6.0,514.0,6.61,0.0,0.0,1.0,0.0,285.0,3.0,83.0,1.0,2.0,13.0,1.0,0.0,28.0,13.0,5.0,3.0,0.0,0.0,CB,0,,0,0,60.0,0,,statistical_fallback,Defender,CB,0.0,0.0,0.175,0.0,49.903,0.525,0.175,2.276,0.175,0.0,0.0,0.0,Athletic Club,1
140,La Liga,2025,531,Athletic Club,47273,Yuri,Yuri,Berchiche Izeta,35.0,Spain,181,79,https://media.api-sports.io/football/players/47273.png,Defender,32.0,31.0,2709.0,7.05,0.0,6.0,19.0,5.0,1475.0,30.0,87.0,43.0,3.0,35.0,21.0,10.0,238.0,144.0,34.0,26.0,5.0,0.0,FB,0,,0,0,60.0,0,,statistical_fallback,Defender,FB,0.0,0.199,0.631,0.166,49.003,0.997,1.429,1.163,0.698,0.332,26.307,47.564,Athletic Club,1
140,La Liga,2025,531,Athletic Club,47276,Lekue,Íñigo,Lekue Martínez,32.0,Spain,180,70,https://media.api-sports.io/football/players/47276.png,Defender,11.0,8.0,600.0,6.3,0.0,0.0,1.0,1.0,251.0,1.0,77.0,15.0,,4.0,17.0,6.0,67.0,22.0,,12.0,2.0,2.0,FB,0,,0,0,63.1,0,,statistical_fallback,Defender,FB,0.0,0.0,0.15,0.15,37.65,0.15,2.25,0.6,2.55,0.9,100.0,35.294,Athletic Club,1
135,Serie A,2025,504,Valencia | Celta Vigo | Hellas Verona,47277,Unai Núñez,Unai,Núñez Gestoso,28.0,Spain,186,80,https://media.api-sports.io/football/players/47277.png,Defender,17.0,15.0,2546.0,6.634,0.0,0.0,4.0,1.0,552.0,5.0,78.0,24.0,13.0,23.0,12.0,9.0,140.0,70.0,10.0,27.0,5.0,0.0,CB,0,,0,0,58.4,0,,statistical_fallback,Defender,CB,0.0,0.0,0.424,0.071,39.945,0.283,2.086,1.449,0.566,0.389,16.666,68.727,Valencia | Celta Vigo | Hellas Verona,3
140,La Liga,2025,531,Athletic Club,47278,Dani Vivian,Daniel,Vivian Moreno,26.0,Spain,183,78,https://media.api-sports.io/football/players/47278.png,Defender,31.0,28.0,2563.0,6.68,1.0,0.0,13.0,6.0,1349.0,6.0,85.0,55.0,13.0,32.0,6.0,5.0,220.0,107.0,17.0,38.0,8.0,1.0,CB,0,,0,0,58.4,0,,statistical_fallback,Defender,CB,0.035,0.0,0.456,0.211,47.37,0.211,1.931,1.124,0.211,0.176,46.272,83.412,Athletic Club,1
140,La Liga,2025,728,Rayo Vallecano,47285,Unai López,Unai,López Cabrera,30.0,Spain,170,68,https://media.api-sports.io/football/players/47285.png,Midfielder,28.0,19.0,1623.0,6.82,0.0,4.0,10.0,4.0,1064.0,36.0,86.0,31.0,3.0,22.0,22.0,13.0,154.0,69.0,14.0,37.0,7.0,0.0,CM,0,,0,0,58.0,0,,statistical_fallback,Midfielder,CM,0.0,0.222,0.555,0.222,59.002,1.996,1.719,1.22,1.22,0.721,40.0,59.098,Rayo Vallecano,1
140,La Liga,2025,531,Athletic Club,47291,Gorka Guruzeta,Gorka,Guruzeta Rodríguez,29.0,Spain,188,77,https://media.api-sports.io/football/players/47291.png,Attacker,35.0,28.0,2371.0,6.56,10.0,3.0,65.0,32.0,522.0,26.0,67.0,19.0,2.0,12.0,34.0,7.0,351.0,134.0,30.0,49.0,5.0,0.0,ST,0,,0,0,61.6,0,,statistical_fallback,Attacker,ST,0.38,0.114,2.467,1.215,19.814,0.987,0.721,0.456,1.291,0.266,49.25,20.604,Athletic Club,1
140,La Liga,2025,531,Athletic Club,47294,I. Williams,Iñaki Arthuer,Dannis Williams,31.0,Ghana,186,81,https://media.api-sports.io/football/players/47294.png,Midfielder,30.0,25.0,2168.0,6.6,3.0,6.0,39.0,20.0,496.0,26.0,69.0,12.0,2.0,8.0,55.0,12.0,226.0,77.0,23.0,28.0,2.0,0.0,W,0,CAM,0,0,56.5,0,,statistical_fallback,Midfielder,W,0.125,0.249,1.619,0.83,20.59,1.079,0.498,0.332,2.283,0.498,51.266,21.813,Athletic Club,1
61,Ligue 1,2025,81,Marseille,47296,G. Rulli,Gerónimo,Rulli,33.0,Argentina,189,84,https://media.api-sports.io/football/players/47296.png,Goalkeeper,29.0,29.0,2610.0,7.07,0.0,0.0,1.0,0.0,890.0,1.0,80.0,2.0,,0.0,1.0,1.0,30.0,26.0,14.0,1.0,3.0,0.0,GK,0,,0,0,100.0,0,,statistical_fallback,Goalkeeper,GK,0.0,0.0,0.034,0.0,30.69,0.034,0.069,0.0,0.034,0.034,0.0,100.0,Marseille,1
140,La Liga,2025,548,Real Sociedad,47298,Elustondo,Aritz,Elustondo Irribaria,31.0,Spain,180,71,https://media.api-sports.io/football/players/47298.png,Defender,16.0,8.0,725.0,6.43,0.0,1.0,4.0,2.0,378.0,1.0,85.0,14.0,3.0,10.0,6.0,0.0,92.0,43.0,11.0,17.0,0.0,0.0,CB,0,,0,0,58.2,0,,statistical_fallback,Defender,CB,0.0,0.124,0.497,0.248,46.924,0.124,1.738,1.241,0.745,0.0,49.899,0.0,Real Sociedad,1
140,La Liga,2025,531,Athletic Club,47299,Gorosabel,Andoni,Gorosabel Espinosa,29.0,Spain,174,70,https://media.api-sports.io/football/players/47299.png,Defender,24.0,15.0,1359.0,6.59,0.0,1.0,5.0,1.0,555.0,16.0,85.0,37.0,2.0,16.0,20.0,12.0,133.0,74.0,12.0,13.0,3.0,0.0,FB,0,,0,0,63.0,0,,statistical_fallback,Defender,FB,0.0,0.066,0.331,0.066,36.755,1.06,2.45,1.06,1.325,0.795,19.94,60.0,Athletic Club,1
140,La Liga,2025,530,Atletico Madrid,47301,Robin Le Normand,Robin Aime Robert,Le Normand,29.0,Spain,187,80,https://media.api-sports.io/football/players/47301.png,Defender,28.0,17.0,1789.0,6.84,1.0,1.0,4.0,1.0,1047.0,2.0,89.0,35.0,7.0,20.0,4.0,1.0,158.0,99.0,14.0,22.0,5.0,0.0,CB,0,,0,0,58.9,0,,statistical_fallback,Defender,CB,0.05,0.05,0.201,0.05,52.672,0.101,1.761,1.006,0.201,0.05,24.876,24.876,Atletico Madrid,1
140,La Liga,2025,543,Real Betis,47302,Diego Llorente,Diego Javier,Llorente Ríos,32.0,Spain,186,75,https://media.api-sports.io/football/players/47302.png,Defender,18.0,14.0,1226.0,7.08,1.0,0.0,4.0,3.0,730.0,1.0,90.0,28.0,10.0,27.0,2.0,1.0,117.0,72.0,13.0,13.0,5.0,0.0,CB,0,,0,0,66.0,0,,statistical_fallback,Defender,CB,0.073,0.0,0.294,0.22,53.589,0.073,2.055,1.982,0.147,0.073,74.83,49.66,Real Betis,1
140,La Liga,2025,548,Real Sociedad,47303,Aihen Muñoz,Aihen,Muñoz Capellán,28.0,Spain,175,68,https://media.api-sports.io/football/players/47303.png,Defender,21.0,9.0,885.0,6.53,1.0,0.0,6.0,2.0,308.0,5.0,83.0,28.0,1.0,5.0,13.0,4.0,87.0,41.0,3.0,7.0,1.0,0.0,FB,0,,0,0,61.8,0,,statistical_fallback,Defender,FB,0.102,0.0,0.61,0.203,31.322,0.508,2.847,0.508,1.322,0.407,33.279,30.787,Real Sociedad,1
140,La Liga,2025,542,Alaves,47309,Guevara,Ander,Guevara Lajo,28.0,Spain,180,73,https://media.api-sports.io/football/players/47309.png,Midfielder,25.0,2.0,681.0,6.66,1.0,1.0,4.0,1.0,456.0,6.0,82.0,12.0,2.0,7.0,10.0,5.0,88.0,37.0,5.0,11.0,3.0,0.0,CDM,0,CM,0,0,57.9,0,,statistical_fallback,Midfielder,CDM,0.132,0.132,0.529,0.132,60.264,0.793,1.586,0.925,1.322,0.661,24.953,50.0,Alaves,1
39,Premier League,2025,42,Arsenal,47311,Mikel Merino,Mikel,Merino Zazón,29.0,Spain,189,83,https://media.api-sports.io/football/players/47311.png,Midfielder,22.0,10.0,1035.0,6.86,4.0,3.0,16.0,8.0,370.0,12.0,75.0,26.0,2.0,10.0,12.0,5.0,172.0,79.0,20.0,22.0,1.0,0.0,CM,5,ST,5,10,50.0,0,CM:5 | ST:5,lineup_history,Midfielder,CM,0.348,0.261,1.391,0.696,32.174,1.043,2.261,0.87,1.043,0.435,50.036,41.707,Arsenal,1
140,La Liga,2025,548,Real Sociedad,47314,Zubeldia,Igor,Zubeldia Elorza,28.0,Spain,181,73,https://media.api-sports.io/football/players/47314.png,Defender,25.0,23.0,2088.0,6.63,0.0,1.0,4.0,1.0,1153.0,5.0,88.0,37.0,13.0,22.0,4.0,1.0,192.0,88.0,5.0,38.0,9.0,0.0,CB,0,,0,0,57.3,0,,statistical_fallback,Defender,CB,0.0,0.043,0.172,0.043,49.698,0.216,1.595,0.948,0.172,0.043,25.0,25.0,Real Sociedad,1
39,Premier League,2025,42,Arsenal,47315,Martín Zubimendi,Martín,Zubimendi Ibáñez,26.0,Spain,181,74,https://media.api-sports.io/football/players/47315.png,Midfielder,38.0,34.0,3001.0,7.06,5.0,1.0,19.0,9.0,1927.0,19.0,87.0,68.0,5.0,39.0,15.0,7.0,256.0,153.0,15.0,33.0,4.0,0.0,CM,22,CDM,11,34,64.7,0,CM:22 | CDM:11 | RB:1,lineup_history,Midfielder,CM,0.15,0.03,0.57,0.27,57.791,0.57,2.039,1.17,0.45,0.21,47.368,46.667,Arsenal,1
140,La Liga,2025,548,Real Sociedad,47317,Barrenetxea,Ander,Barrenetxea Muguruza,24.0,Spain,175,74,https://media.api-sports.io/football/players/47317.png,Midfielder,30.0,22.0,1769.0,6.84,3.0,5.0,29.0,11.0,726.0,44.0,80.0,30.0,4.0,15.0,116.0,55.0,285.0,124.0,30.0,37.0,5.0,0.0,W,0,CAM,0,0,56.4,0,,statistical_fallback,Midfielder,W,0.153,0.254,1.475,0.56,36.936,2.239,1.526,0.763,5.902,2.798,37.966,47.408,Real Sociedad,1
140,La Liga,2025,548,Real Sociedad,47323,Mikel Oyarzabal,Mikel,Oyarzabal Ugarte,28.0,Spain,181,79,https://media.api-sports.io/football/players/47323.png,Attacker,34.0,30.0,2714.0,7.08,15.0,4.0,62.0,36.0,777.0,42.0,76.0,29.0,3.0,4.0,61.0,36.0,328.0,145.0,42.0,28.0,3.0,0.0,ST,0,W,0,0,56.4,0,,statistical_fallback,Attacker,ST,0.497,0.133,2.056,1.194,25.766,1.393,0.962,0.133,2.023,1.194,58.074,59.021,Real Sociedad,1
140,La Liga,2025,797,Elche,47329,Adrià Pedrosa,Adrià,Giner Pedrosa,27.0,Spain,176,69,https://media.api-sports.io/football/players/47329.png,Midfielder,26.0,8.0,1079.0,6.54,1.0,1.0,7.0,3.0,415.0,22.0,83.0,33.0,2.0,15.0,28.0,5.0,127.0,53.0,8.0,18.0,4.0,0.0,CDM,0,CM,0,0,57.3,0,,statistical_fallback,Midfielder,CDM,0.083,0.083,0.584,0.25,34.615,1.835,2.753,1.251,2.335,0.417,42.808,17.859,Elche,1
140,La Liga,2025,798,Mallorca,47336,Darder,Sergi,Darder Moll,32.0,Spain,180,71,https://media.api-sports.io/football/players/47336.png,Midfielder,38.0,30.0,2688.0,6.91,1.0,5.0,28.0,13.0,1159.0,59.0,84.0,28.0,7.0,25.0,60.0,34.0,185.0,99.0,29.0,21.0,3.0,0.0,W,0,CAM,0,0,55.2,0,,statistical_fallback,Midfielder,W,0.033,0.167,0.938,0.435,38.806,1.975,0.938,0.837,2.009,1.138,46.375,56.645,Mallorca,1
140,La Liga,2025,543,Real Betis,47341,Marc Roca,Marc,Roca Junqué,29.0,Spain,184,77,https://media.api-sports.io/football/players/47341.png,Midfielder,29.0,23.0,2025.0,6.78,1.0,1.0,13.0,7.0,1074.0,19.0,88.0,38.0,9.0,23.0,14.0,11.0,178.0,81.0,23.0,42.0,1.0,0.0,CDM,0,CM,0,0,57.5,0,,statistical_fallback,Midfielder,CDM,0.044,0.044,0.578,0.311,47.733,0.844,1.689,1.022,0.622,0.489,53.806,78.617,Real Betis,1
140,La Liga,2025,538,Celta Vigo,47348,Borja Iglesias,Borja,Iglesias Quintás,32.0,Spain,187,86,https://media.api-sports.io/football/players/47348.png,Attacker,35.0,21.0,1903.0,6.75,14.0,2.0,38.0,26.0,458.0,17.0,72.0,8.0,5.0,1.0,22.0,12.0,180.0,69.0,30.0,38.0,7.0,0.0,ST,0,,0,0,59.8,0,,statistical_fallback,Attacker,ST,0.662,0.095,1.797,1.23,21.661,0.804,0.378,0.047,1.04,0.568,68.447,54.615,Celta Vigo,1
140,La Liga,2025,540,Espanyol,47349,Javi Puado,Javier,Puado Díaz,27.0,Spain,177,69,https://media.api-sports.io/football/players/47349.png,Midfielder,10.0,8.0,678.0,6.53,2.0,0.0,15.0,9.0,199.0,10.0,83.0,4.0,1.0,3.0,14.0,5.0,56.0,17.0,6.0,11.0,2.0,0.0,CAM,0,CM,0,0,64.0,0,,statistical_fallback,Midfielder,CAM,0.265,0.0,1.991,1.195,26.416,1.327,0.531,0.398,1.858,0.664,60.02,35.737,Espanyol,1
140,La Liga,2025,542,Alaves,47353,Sivera,Antonio,Sivera Salvá,29.0,Spain,184,75,https://media.api-sports.io/football/players/47353.png,Goalkeeper,38.0,38.0,3420.0,6.93,0.0,0.0,0.0,0.0,1036.0,0.0,50.0,2.0,,0.0,0.0,0.0,17.0,14.0,1.0,1.0,3.0,0.0,GK,0,,0,0,100.0,0,,statistical_fallback,Goalkeeper,GK,0.0,0.0,0.0,0.0,27.263,0.0,0.053,0.0,0.0,0.0,0.0,0.0,Alaves,1
140,La Liga,2025,797,Elche,47378,Bigas,Pedro,Bigas Rigo,35.0,Spain,181,83,https://media.api-sports.io/football/players/47378.png,Defender,28.0,25.0,2068.0,6.9,1.0,3.0,8.0,3.0,1503.0,15.0,88.0,34.0,19.0,30.0,8.0,4.0,181.0,106.0,19.0,24.0,4.0,0.0,CB,0,,0,0,57.6,0,,statistical_fallback,Defender,CB,0.044,0.131,0.348,0.131,65.411,0.653,1.48,1.306,0.348,0.174,37.644,50.0,Elche,1
39,Premier League,2025,49,Chelsea,47380,Marc Cucurella,Marc,Cucurella Saseta,27.0,Spain,174,66,https://media.api-sports.io/football/players/47380.png,Defender,34.0,31.0,2723.0,6.68,1.0,4.0,14.0,6.0,1443.0,39.0,87.0,55.0,8.0,32.0,3.0,1.0,228.0,120.0,29.0,45.0,8.0,1.0,LB,28,LWB,2,31,90.3,0,LB:28 | LWB:2 | LW:1,lineup_history,Defender,LB,0.033,0.132,0.463,0.198,47.694,1.289,1.818,1.058,0.099,0.033,42.765,33.333,Chelsea,1
140,La Liga,2025,540,Espanyol,47396,Kike García,Enrique,García Martínez,36.0,Spain,186,79,https://media.api-sports.io/football/players/47396.png,Attacker,37.0,17.0,1749.0,6.66,8.0,1.0,50.0,27.0,388.0,20.0,64.0,13.0,1.0,6.0,23.0,8.0,317.0,152.0,44.0,33.0,3.0,0.0,ST,0,,0,0,64.6,0,,statistical_fallback,Attacker,ST,0.412,0.051,2.573,1.389,19.966,1.029,0.669,0.309,1.184,0.412,53.984,34.797,Espanyol,1
140,La Liga,2025,540,Espanyol,47398,Pere Milla,Pere,Milla Peña,33.0,Spain,184,72,https://media.api-sports.io/football/players/47398.png,Midfielder,33.0,24.0,1989.0,6.72,7.0,1.0,48.0,21.0,535.0,34.0,71.0,37.0,3.0,18.0,24.0,11.0,240.0,106.0,38.0,24.0,6.0,1.0,CAM,0,CM,0,0,60.4,0,,statistical_fallback,Midfielder,CAM,0.317,0.045,2.172,0.95,24.208,1.538,1.674,0.814,1.086,0.498,43.738,45.856,Espanyol,1
140,La Liga,2025,541,Real Madrid,47400,A. Lunin,Andriy,Lunin,26.0,Ukraine,191,80,https://media.api-sports.io/football/players/47400.png,Goalkeeper,6.0,6.0,540.0,7.13,0.0,0.0,0.0,0.0,209.0,0.0,87.0,1.0,,0.0,0.0,0.0,2.0,2.0,,,0.0,1.0,GK,0,,0,0,100.0,0,,statistical_fallback,Goalkeeper,GK,0.0,0.0,0.0,0.0,34.833,0.0,0.167,0.0,0.0,0.0,0.0,0.0,Real Madrid,1
140,La Liga,2025,546,Getafe,47407,A. Nyom,Allan Roméo,Nyom,37.0,Cameroon,188,78,https://media.api-sports.io/football/players/47407.png,Defender,15.0,7.0,524.0,6.68,0.0,1.0,2.0,1.0,179.0,6.0,64.0,11.0,,1.0,3.0,1.0,65.0,37.0,8.0,13.0,6.0,1.0,FB,0,,0,0,63.3,0,,statistical_fallback,Defender,FB,0.0,0.172,0.344,0.172,30.744,1.031,1.889,0.172,0.515,0.172,50.0,33.398,Getafe,1
140,La Liga,2025,728,Rayo Vallecano,47414,Gumbau,Gerard,Gumbau Garriga,31.0,Spain,187,77,https://media.api-sports.io/football/players/47414.png,Midfielder,28.0,14.0,1197.0,6.68,0.0,3.0,12.0,5.0,485.0,23.0,83.0,29.0,6.0,10.0,9.0,6.0,120.0,53.0,5.0,38.0,4.0,0.0,CAM,0,CM,0,0,57.3,0,,statistical_fallback,Midfielder,CAM,0.0,0.226,0.902,0.376,36.466,1.729,2.18,0.752,0.677,0.451,41.685,66.617,Rayo Vallecano,1
140,La Liga,2025,531,Athletic Club,47418,Mikel Vesga,Mikel,Vesga Arruti,32.0,Spain,191,83,https://media.api-sports.io/football/players/47418.png,Midfielder,23.0,1.0,459.0,6.6,0.0,0.0,3.0,0.0,283.0,4.0,76.0,18.0,,9.0,9.0,7.0,84.0,46.0,7.0,8.0,0.0,0.0,CDM,0,CM,0,0,65.4,0,,statistical_fallback,Midfielder,CDM,0.0,0.0,0.588,0.0,55.49,0.784,3.529,1.765,1.765,1.373,0.0,77.79,Athletic Club,1
140,La Liga,2025,718,Oviedo,47429,David Costas,David,Costas Cordal,30.0,Spain,184,71,https://media.api-sports.io/football/players/47429.png,Defender,25.0,22.0,2075.0,6.8,1.0,0.0,5.0,1.0,1025.0,5.0,88.0,26.0,18.0,27.0,9.0,7.0,146.0,90.0,10.0,16.0,3.0,0.0,CB,0,,0,0,58.3,0,,statistical_fallback,Defender,CB,0.043,0.0,0.217,0.043,44.458,0.217,1.128,1.171,0.39,0.304,19.816,77.949,Oviedo,1
140,La Liga,2025,547,Girona | Celta Vigo,47435,Fran Beltrán,Francisco José,Beltrán Peinado,26.0,Spain,170,66,https://media.api-sports.io/football/players/47435.png,Midfielder,17.0,11.0,1562.0,6.832,1.0,0.0,5.0,3.0,738.0,12.0,91.0,27.0,4.0,10.0,7.0,4.0,100.0,48.0,9.0,10.0,3.0,0.0,CDM,0,CM,0,0,60.7,0,,statistical_fallback,Midfielder,CDM,0.057,0.0,0.518,0.231,60.788,0.749,1.959,0.979,0.576,0.346,44.494,59.982,Girona | Celta Vigo,2
39,Premier League,2025,55,Brentford,47438,M. Jensen,Mathias,Jensen,29.0,Denmark,180,72,https://media.api-sports.io/football/players/47438.png,Midfielder,36.0,26.0,2277.0,6.95,3.0,1.0,19.0,8.0,1118.0,35.0,80.0,41.0,4.0,21.0,35.0,19.0,199.0,83.0,15.0,20.0,3.0,0.0,CAM,9,CDM,8,26,34.6,0,CAM:9 | CDM:8 | CM:6 | RW:3,lineup_history,Midfielder,CAM,0.119,0.04,0.751,0.316,44.19,1.383,1.621,0.83,1.383,0.751,42.077,54.302,Brentford,1
135,Serie A,2025,492,Napoli,47439,S. Lobotka,Stanislav,Lobotka,31.0,Slovakia,168,68,https://media.api-sports.io/football/players/47439.png,Midfielder,32.0,29.0,2441.0,6.93,1.0,1.0,6.0,4.0,1824.0,22.0,92.0,28.0,3.0,16.0,8.0,4.0,140.0,88.0,45.0,13.0,3.0,0.0,CM,0,,0,0,58.0,0,,statistical_fallback,Midfielder,CM,0.037,0.037,0.221,0.147,67.251,0.811,1.032,0.59,0.295,0.147,66.516,49.831,Napoli,1
140,La Liga,2025,548,Real Sociedad,47440,Brais Méndez,Brais,Méndez Portela,28.0,Spain,187,76,https://media.api-sports.io/football/players/47440.png,Midfielder,29.0,21.0,1672.0,6.92,6.0,2.0,25.0,16.0,878.0,25.0,82.0,37.0,3.0,7.0,49.0,21.0,236.0,121.0,35.0,43.0,5.0,1.0,W,0,CAM,0,0,55.1,0,,statistical_fallback,Midfielder,W,0.323,0.108,1.346,0.861,47.261,1.346,1.992,0.377,2.638,1.13,63.967,42.835,Real Sociedad,1
140,La Liga,2025,538,Celta Vigo,47445,Iago Aspas,Iago,Aspas Juncal,38.0,Spain,176,67,https://media.api-sports.io/football/players/47445.png,Attacker,32.0,11.0,1155.0,6.85,5.0,3.0,23.0,12.0,635.0,31.0,78.0,15.0,,12.0,20.0,12.0,97.0,47.0,17.0,5.0,4.0,0.0,ST,0,W,0,0,57.6,0,,statistical_fallback,Attacker,ST,0.39,0.234,1.792,0.935,49.481,2.416,1.169,0.935,1.558,0.935,52.176,60.013,Celta Vigo,1
140,La Liga,2025,532,Valencia,47463,Pepelu,José Luis,García Vayá,27.0,Spain,185,73,https://media.api-sports.io/football/players/47463.png,Midfielder,31.0,26.0,2232.0,7.0,2.0,0.0,14.0,3.0,1381.0,21.0,86.0,60.0,10.0,20.0,10.0,8.0,196.0,112.0,14.0,30.0,4.0,0.0,CDM,0,CM,0,0,62.5,0,,statistical_fallback,Midfielder,CDM,0.081,0.0,0.565,0.121,55.685,0.847,2.419,0.806,0.403,0.323,21.416,80.149,Valencia,1
140,La Liga,2025,539,Levante,47467,José Luis Morales,José Luis,Morales Nogales,38.0,Spain,180,70,https://media.api-sports.io/football/players/47467.png,Attacker,20.0,1.0,383.0,6.69,1.0,1.0,7.0,4.0,126.0,7.0,74.0,10.0,2.0,3.0,17.0,9.0,46.0,25.0,4.0,3.0,1.0,0.0,W,0,,0,0,60.1,0,,statistical_fallback,Attacker,W,0.235,0.235,1.645,0.94,29.608,1.645,2.35,0.705,3.995,2.115,57.143,52.941,Levante,1
140,La Liga,2025,546,Getafe,47472,Borja Mayoral,Borja,Mayoral Moya,28.0,Spain,182,68,https://media.api-sports.io/football/players/47472.png,Attacker,16.0,12.0,1067.0,6.7,4.0,1.0,10.0,7.0,264.0,5.0,81.0,5.0,2.0,5.0,9.0,6.0,95.0,33.0,7.0,6.0,0.0,0.0,ST,0,W,0,0,55.7,0,,statistical_fallback,Attacker,ST,0.337,0.084,0.843,0.59,22.268,0.422,0.422,0.422,0.759,0.506,69.988,66.667,Getafe,1
140,La Liga,2025,540,Espanyol,47478,Fernando Calero,Fernando,Calero Villa,30.0,Spain,183,71,https://media.api-sports.io/football/players/47478.png,Defender,28.0,24.0,2150.0,6.87,0.0,0.0,11.0,1.0,1222.0,3.0,88.0,29.0,31.0,29.0,7.0,2.0,150.0,76.0,9.0,15.0,5.0,0.0,CB,0,,0,0,61.6,0,,statistical_fallback,Defender,CB,0.0,0.0,0.46,0.042,51.153,0.126,1.214,1.214,0.293,0.084,9.13,28.669,Espanyol,1
61,Ligue 1,2025,91,Monaco,47480,M. Salisu,Mohammed,Salisu Abdul Karim,26.0,Ghana,191,82,https://media.api-sports.io/football/players/47480.png,Defender,12.0,12.0,1080.0,7.01,1.0,0.0,6.0,2.0,816.0,2.0,87.0,25.0,21.0,17.0,2.0,2.0,118.0,68.0,3.0,17.0,3.0,0.0,CB,0,,0,0,66.8,0,,statistical_fallback,Defender,CB,0.083,0.0,0.5,0.167,68.0,0.167,2.083,1.417,0.167,0.167,33.4,100.0,Monaco,1
78,Bundesliga,2025,168,Bayer Leverkusen,47516,Aleix García,Aleix,García Serrano,28.0,Spain,173,68,https://media.api-sports.io/football/players/47516.png,Midfielder,33.0,31.0,2676.0,7.5,3.0,8.0,19.0,5.0,3035.0,51.0,92.0,26.0,5.0,23.0,14.0,4.0,109.0,58.0,19.0,8.0,6.0,0.0,CAM,0,CM,0,0,61.2,0,,statistical_fallback,Midfielder,CAM,0.101,0.269,0.639,0.168,102.074,1.715,0.874,0.774,0.471,0.135,26.291,28.662,Bayer Leverkusen,1
39,Premier League,2025,47,Tottenham,47519,Pedro Porro,Pedro Antonio,Porro Sauceda,26.0,Spain,173,69,https://media.api-sports.io/football/players/47519.png,Defender,34.0,32.0,2810.0,6.89,1.0,2.0,23.0,8.0,1469.0,56.0,74.0,75.0,10.0,29.0,45.0,19.0,269.0,139.0,26.0,32.0,10.0,0.0,RB,29,RWB,1,32,90.6,0,RB:29 | RWB:1 | CB:1 | RM:1,lineup_history,Defender,RB,0.032,0.064,0.737,0.256,47.05,1.794,2.402,0.929,1.441,0.609,34.735,42.262,Tottenham,1
140,La Liga,2025,547,Girona,47520,Portu,Cristian,Portugués Manzanera,33.0,Spain,167,66,https://media.api-sports.io/football/players/47520.png,Attacker,10.0,4.0,473.0,6.56,0.0,0.0,6.0,5.0,78.0,3.0,71.0,4.0,1.0,2.0,3.0,0.0,37.0,12.0,4.0,6.0,1.0,0.0,ST,0,,0,0,58.4,0,,statistical_fallback,Attacker,ST,0.0,0.0,1.142,0.951,14.841,0.571,0.761,0.381,0.571,0.0,83.275,0.0,Girona,1
39,Premier League,2025,66,Aston Villa | Nottingham Forest,47522,Douglas Luiz,Douglas Luiz,Soares de Paulo,27.0,Brazil,175,66,https://media.api-sports.io/football/players/47522.png,Midfielder,13.0,7.0,944.0,6.894,1.0,0.0,5.0,4.0,431.0,14.0,88.0,13.0,3.0,7.0,7.0,5.0,58.0,33.0,10.0,9.0,1.0,0.0,CDM,11,CM,1,12,91.7,0,CDM:11 | CM:1,lineup_history,Midfielder,CDM,0.095,0.0,0.763,0.477,62.447,1.811,2.193,1.335,1.239,0.572,62.478,46.151,Aston Villa | Nottingham Forest,2
140,La Liga,2025,532,Valencia,47527,S. Dimitrievski,Stole,Dimitrievski,32.0,North Macedonia,188,84,https://media.api-sports.io/football/players/47527.png,Goalkeeper,20.0,20.0,1800.0,7.09,0.0,0.0,0.0,0.0,655.0,0.0,60.0,1.0,,1.0,0.0,0.0,12.0,11.0,4.0,,1.0,0.0,GK,0,,0,0,100.0,0,,statistical_fallback,Goalkeeper,GK,0.0,0.0,0.0,0.0,32.75,0.0,0.05,0.05,0.0,0.0,0.0,0.0,Valencia,1
140,La Liga,2025,727,Osasuna,47533,Catena,Alejandro,Catena Marugán,31.0,Spain,194,82,https://media.api-sports.io/football/players/47533.png,Defender,35.0,35.0,3073.0,6.9,3.0,2.0,14.0,4.0,1695.0,12.0,85.0,40.0,32.0,33.0,11.0,6.0,263.0,140.0,14.0,46.0,11.0,1.0,CB,0,,0,0,56.3,0,,statistical_fallback,Defender,CB,0.088,0.059,0.41,0.117,49.642,0.351,1.171,0.966,0.322,0.176,28.537,54.658,Osasuna,1
140,La Liga,2025,533,Villarreal,47541,Santi Comesaña,Santiago,Comesaña Veiga,29.0,Spain,188,75,https://media.api-sports.io/football/players/47541.png,Midfielder,34.0,28.0,2413.0,6.89,3.0,6.0,21.0,7.0,1208.0,27.0,83.0,46.0,15.0,30.0,21.0,11.0,258.0,120.0,28.0,43.0,5.0,1.0,CM,0,,0,0,58.0,0,,statistical_fallback,Midfielder,CM,0.112,0.224,0.783,0.261,45.056,1.007,1.716,1.119,0.783,0.41,33.333,52.363,Villarreal,1
140,La Liga,2025,728,Rayo Vallecano,47543,Álvaro García,Álvaro,García Rivera,33.0,Spain,167,61,https://media.api-sports.io/football/players/47543.png,Midfielder,32.0,23.0,2105.0,6.74,4.0,5.0,35.0,19.0,521.0,42.0,68.0,27.0,2.0,13.0,16.0,4.0,142.0,55.0,12.0,19.0,3.0,0.0,CAM,0,CM,0,0,67.1,0,,statistical_fallback,Midfielder,CAM,0.171,0.214,1.496,0.812,22.276,1.796,1.154,0.556,0.684,0.171,54.278,25.0,Rayo Vallecano,1
140,La Liga,2025,547,Girona,47547,Álex Moreno,Alexandre,Moreno Lopera,32.0,Spain,179,68,https://media.api-sports.io/football/players/47547.png,Defender,31.0,28.0,2562.0,6.67,0.0,3.0,12.0,5.0,1054.0,16.0,83.0,43.0,10.0,30.0,72.0,35.0,240.0,118.0,20.0,32.0,5.0,0.0,FB,0,,0,0,63.9,0,,statistical_fallback,Defender,FB,0.0,0.105,0.422,0.176,37.026,0.562,1.511,1.054,2.529,1.23,41.706,48.636,Girona,1
140,La Liga,2025,727,Osasuna,47566,Javi Galán,Javier,Galán Gil,31.0,Spain,170,70,https://media.api-sports.io/football/players/47566.png,Defender,20.0,19.0,1674.0,6.87,0.0,1.0,5.0,1.0,851.0,27.0,84.0,46.0,5.0,28.0,57.0,35.0,222.0,128.0,37.0,30.0,3.0,0.0,FB,0,,0,0,60.2,0,,statistical_fallback,Defender,FB,0.0,0.054,0.269,0.054,45.753,1.452,2.473,1.505,3.065,1.882,20.074,61.403,Osasuna,1
140,La Liga,2025,727,Osasuna,47574,Moi Gómez,Moisés,Gómez Bordonado,31.0,Spain,176,71,https://media.api-sports.io/football/players/47574.png,Midfielder,26.0,12.0,1218.0,6.92,0.0,2.0,6.0,2.0,868.0,15.0,88.0,20.0,1.0,11.0,22.0,12.0,118.0,65.0,21.0,20.0,3.0,0.0,CM,0,,0,0,58.0,0,,statistical_fallback,Midfielder,CM,0.0,0.148,0.443,0.148,64.138,1.108,1.478,0.813,1.626,0.887,33.409,54.551,Osasuna,1
140,La Liga,2025,543,Real Betis,47579,E. Ávila,Luis Ezequiel,Ávila,31.0,Argentina,172,81,https://media.api-sports.io/football/players/47579.png,Attacker,16.0,3.0,394.0,6.58,1.0,0.0,4.0,2.0,107.0,9.0,71.0,4.0,,5.0,2.0,0.0,45.0,20.0,8.0,6.0,4.0,0.0,ST,0,,0,0,56.8,0,,statistical_fallback,Attacker,ST,0.228,0.0,0.914,0.457,24.442,2.056,0.914,1.142,0.457,0.0,50.0,0.0,Real Betis,1
140,La Liga,2025,543,Real Betis,47582,C. Hernández,Juan Camilo,Hernández Suárez,26.0,Colombia,175,73,https://media.api-sports.io/football/players/47582.png,Attacker,32.0,30.0,2592.0,6.89,11.0,3.0,67.0,27.0,657.0,34.0,71.0,28.0,2.0,9.0,50.0,27.0,291.0,130.0,38.0,22.0,5.0,0.0,ST,0,,0,0,56.9,0,,statistical_fallback,Attacker,ST,0.382,0.104,2.326,0.938,22.812,1.181,0.972,0.312,1.736,0.938,40.327,54.032,Real Betis,1
39,Premier League,2025,44,Burnley,47903,H. Ekdal,Hjalmar,Ekdal,27.0,Sweden,188,77,https://media.api-sports.io/football/players/47903.png,Defender,19.0,17.0,1539.0,6.67,0.0,0.0,4.0,1.0,681.0,4.0,85.0,24.0,13.0,12.0,4.0,2.0,130.0,83.0,7.0,5.0,0.0,0.0,CB,17,,0,17,100.0,0,CB:17,lineup_history,Defender,CB,0.0,0.0,0.234,0.058,39.825,0.234,1.404,0.702,0.234,0.117,24.786,50.0,Burnley,1
39,Premier League,2025,63,Leeds,47969,G. Gudmundsson,Gabriel Johan,Gudmundsson,26.0,Sweden,180,74,https://media.api-sports.io/football/players/47969.png,Defender,32.0,31.0,2642.0,6.67,0.0,0.0,13.0,3.0,957.0,21.0,76.0,65.0,7.0,27.0,74.0,39.0,332.0,178.0,56.0,31.0,5.0,0.0,LWB,17,LB,13,31,54.8,0,LWB:17 | LB:13 | LM:1,lineup_history,Defender,LWB,0.0,0.0,0.443,0.102,32.6,0.715,2.214,0.92,2.521,1.329,23.025,52.717,Leeds,1
135,Serie A,2025,500,Bologna,47985,E. Holm,Emil Alfons,Holm,25.0,Sweden,191,83,https://media.api-sports.io/football/players/47985.png,Defender,11.0,8.0,663.0,6.84,1.0,4.0,6.0,1.0,298.0,7.0,78.0,20.0,2.0,6.0,7.0,2.0,87.0,48.0,14.0,11.0,2.0,0.0,FB,0,,0,0,62.4,0,,statistical_fallback,Defender,FB,0.136,0.543,0.814,0.136,40.452,0.95,2.715,0.814,0.95,0.271,16.708,28.526,Bologna,1
140,La Liga,2025,538,Celta Vigo,47988,C. Starfelt,Carl Anders Theodor,Starfelt,30.0,Sweden,187,83,https://media.api-sports.io/football/players/47988.png,Defender,19.0,17.0,1493.0,6.86,0.0,0.0,4.0,1.0,1015.0,1.0,95.0,23.0,13.0,17.0,2.0,1.0,105.0,62.0,8.0,19.0,2.0,0.0,CB,0,,0,0,62.9,0,,statistical_fallback,Defender,CB,0.0,0.0,0.241,0.06,61.186,0.06,1.386,1.025,0.121,0.06,24.896,49.587,Celta Vigo,1
135,Serie A,2025,494,Udinese,48047,J. Karlström,Jesper Kewe,Karlström,30.0,Sweden,185,81,https://media.api-sports.io/football/players/48047.png,Midfielder,36.0,36.0,3152.0,6.8,1.0,0.0,11.0,3.0,1356.0,16.0,81.0,54.0,16.0,36.0,21.0,10.0,228.0,121.0,30.0,41.0,6.0,0.0,CDM,0,CM,0,0,62.6,0,,statistical_fallback,Midfielder,CDM,0.029,0.0,0.314,0.086,38.718,0.457,1.542,1.028,0.6,0.286,27.389,47.667,Udinese,1
135,Serie A,2025,499,Atalanta,48119,O. Kossounou,Kouakou Odilon Dorgeless,Kossounou,24.0,Côte d'Ivoire,191,79,https://media.api-sports.io/football/players/48119.png,Defender,19.0,10.0,994.0,6.65,1.0,0.0,3.0,1.0,629.0,4.0,91.0,17.0,7.0,9.0,11.0,5.0,87.0,37.0,3.0,16.0,1.0,0.0,FB,0,,0,0,56.0,0,,statistical_fallback,Defender,FB,0.091,0.0,0.272,0.091,56.952,0.362,1.539,0.815,0.996,0.453,33.456,45.482,Atalanta,1
78,Bundesliga,2025,186,FC St. Pauli,48142,K. Mets,Karol,Mets,32.0,Estonia,191,79,https://media.api-sports.io/football/players/48142.png,Defender,23.0,22.0,1934.0,6.6,1.0,0.0,5.0,1.0,1200.0,4.0,85.0,25.0,7.0,20.0,2.0,1.0,134.0,80.0,11.0,13.0,3.0,0.0,CB,0,,0,0,59.6,0,,statistical_fallback,Defender,CB,0.047,0.0,0.233,0.047,55.843,0.186,1.163,0.931,0.093,0.047,20.172,50.538,FC St. Pauli,1
135,Serie A,2025,523,Parma,48193,P. Almqvist,Pontus Skule Erik,Almqvist,26.0,Sweden,183,67,https://media.api-sports.io/football/players/48193.png,Attacker,13.0,4.0,452.0,6.59,0.0,1.0,3.0,2.0,106.0,9.0,78.0,9.0,,6.0,16.0,6.0,73.0,35.0,14.0,6.0,0.0,0.0,W,0,,0,0,64.2,0,,statistical_fallback,Attacker,W,0.0,0.199,0.597,0.398,21.106,1.792,1.792,1.195,3.186,1.195,66.667,37.508,Parma,1
78,Bundesliga,2025,192,1. FC Köln,48198,Í. Bergmann Jóhannesson,Ísak,Bergmann Jóhannesson,22.0,Iceland,180,72,https://media.api-sports.io/football/players/48198.png,Midfielder,31.0,21.0,1812.0,6.75,1.0,2.0,10.0,4.0,905.0,34.0,83.0,27.0,6.0,8.0,7.0,6.0,100.0,48.0,5.0,14.0,6.0,0.0,CM,0,,0,0,58.0,0,,statistical_fallback,Midfielder,CM,0.05,0.099,0.497,0.199,44.95,1.689,1.341,0.397,0.348,0.298,40.04,85.632,1. FC Köln,1
140,La Liga,2025,532,Valencia,48372,E. Cömert,Eray Ervin,Cömert,27.0,Switzerland,183,80,https://media.api-sports.io/football/players/48372.png,Defender,17.0,15.0,1339.0,6.77,2.0,1.0,8.0,3.0,798.0,6.0,85.0,25.0,6.0,20.0,0.0,0.0,87.0,55.0,13.0,9.0,3.0,1.0,CB,0,,0,0,59.7,0,,statistical_fallback,Defender,CB,0.134,0.067,0.538,0.202,53.637,0.403,1.68,1.344,0.0,0.0,37.546,0.0,Valencia,1
78,Bundesliga,2025,164,FSV Mainz 05,48378,S. Widmer,Silvan Dominic,Widmer,32.0,Switzerland,183,77,https://media.api-sports.io/football/players/48378.png,Defender,27.0,22.0,1819.0,6.81,2.0,1.0,15.0,4.0,558.0,8.0,74.0,40.0,8.0,16.0,9.0,2.0,149.0,81.0,11.0,15.0,5.0,0.0,CB,0,,0,0,59.0,0,,statistical_fallback,Defender,CB,0.099,0.049,0.742,0.198,27.609,0.396,1.979,0.792,0.445,0.099,26.685,22.247,FSV Mainz 05,1
39,Premier League,2025,63,Leeds,48389,N. Okafor,Noah Arinzechukwu,Okafor,25.0,Switzerland,185,85,https://media.api-sports.io/football/players/48389.png,Attacker,28.0,19.0,1573.0,6.93,8.0,1.0,25.0,15.0,332.0,20.0,76.0,23.0,1.0,12.0,92.0,39.0,222.0,88.0,14.0,18.0,3.0,0.0,LW,7,ST,7,19,36.8,0,LW:7 | ST:7 | CAM:4 | LM:1,lineup_history,Attacker,LW,0.458,0.057,1.43,0.858,18.996,1.144,1.316,0.687,5.264,2.231,60.0,42.382,Leeds,1
135,Serie A,2025,496,Juventus,48392,E. Zhegrova,Edon,Zhegrova,26.0,Kosovo,181,66,https://media.api-sports.io/football/players/48392.png,Attacker,19.0,0.0,386.0,6.67,0.0,0.0,11.0,9.0,229.0,10.0,82.0,5.0,,0.0,44.0,21.0,74.0,34.0,6.0,4.0,1.0,0.0,W,0,ST,0,0,56.4,0,,statistical_fallback,Attacker,W,0.0,0.0,2.565,2.098,53.394,2.332,1.166,0.0,10.259,4.896,81.793,47.724,Juventus,1
140,La Liga,2025,532,Valencia,48465,F. Ugrinic,Filip,Ugrinic,26.0,Switzerland,184,88,https://media.api-sports.io/football/players/48465.png,Midfielder,27.0,17.0,1513.0,6.79,0.0,3.0,12.0,3.0,654.0,23.0,83.0,25.0,4.0,11.0,26.0,17.0,130.0,71.0,13.0,17.0,3.0,0.0,CAM,0,CM,0,0,57.4,0,,statistical_fallback,Midfielder,CAM,0.0,0.178,0.714,0.178,38.903,1.368,1.487,0.654,1.547,1.011,24.93,65.352,Valencia,1
140,La Liga,2025,536,Sevilla,48471,R. Vargas,Rubén Estephan,Vargas Martínez,27.0,Switzerland,177,77,https://media.api-sports.io/football/players/48471.png,Midfielder,24.0,20.0,1608.0,6.74,3.0,6.0,24.0,8.0,561.0,28.0,73.0,19.0,1.0,7.0,48.0,21.0,157.0,77.0,17.0,13.0,2.0,0.0,W,0,CAM,0,0,56.0,0,,statistical_fallback,Midfielder,W,0.168,0.336,1.343,0.448,31.399,1.567,1.063,0.392,2.687,1.175,33.358,43.729,Sevilla,1
78,Bundesliga,2025,175,Hamburger SV,48489,M. Muheim,Miro Max Maria,Muheim,27.0,Switzerland,182,77,https://media.api-sports.io/football/players/48489.png,Midfielder,29.0,27.0,2437.0,6.96,0.0,4.0,17.0,7.0,1108.0,41.0,75.0,62.0,5.0,27.0,31.0,21.0,263.0,150.0,50.0,39.0,7.0,1.0,CM,0,,0,0,58.0,0,,statistical_fallback,Midfielder,CM,0.0,0.148,0.628,0.259,40.919,1.514,2.29,0.997,1.145,0.776,41.242,67.773,Hamburger SV,1
140,La Liga,2025,540,Espanyol,48555,C. Pickel,Charles,Monginda Pickel,28.0,Switzerland,187,76,https://media.api-sports.io/football/players/48555.png,Midfielder,24.0,4.0,712.0,6.53,1.0,0.0,6.0,4.0,250.0,2.0,80.0,13.0,3.0,6.0,6.0,5.0,87.0,39.0,2.0,15.0,3.0,1.0,CDM,0,CM,0,0,59.6,0,,statistical_fallback,Midfielder,CDM,0.126,0.0,0.758,0.506,31.601,0.253,1.643,0.758,0.758,0.632,66.755,83.377,Espanyol,1
78,Bundesliga,2025,170,FC Augsburg,48574,C. Zesiger,Cédric Adrian,Zesiger,27.0,Switzerland,194,92,https://media.api-sports.io/football/players/48574.png,Defender,27.0,20.0,1840.0,6.68,0.0,0.0,8.0,3.0,943.0,8.0,81.0,34.0,18.0,18.0,11.0,3.0,158.0,87.0,16.0,18.0,7.0,0.0,CB,0,,0,0,57.7,0,,statistical_fallback,Defender,CB,0.0,0.0,0.391,0.147,46.125,0.391,1.663,0.88,0.538,0.147,37.596,27.323,FC Augsburg,1
78,Bundesliga,2025,162,Werder Bremen,48642,Cameron Puertas,Cameron Mitchel,Puertas Castro,27.0,Spain,178,74,https://media.api-sports.io/football/players/48642.png,Midfielder,28.0,22.0,1878.0,6.71,1.0,2.0,25.0,8.0,878.0,27.0,85.0,60.0,8.0,19.0,40.0,14.0,245.0,109.0,22.0,36.0,6.0,0.0,CM,0,,0,0,58.0,0,,statistical_fallback,Midfielder,CM,0.048,0.096,1.198,0.383,42.077,1.294,2.875,0.911,1.917,0.671,31.97,35.003,Werder Bremen,1
39,Premier League,2025,65,Nottingham Forest,48648,D. Ndoye,Dan Assane,Ndoye,25.0,Switzerland,184,79,https://media.api-sports.io/football/players/48648.png,Midfielder,24.0,14.0,1176.0,6.63,1.0,1.0,11.0,4.0,282.0,14.0,78.0,23.0,2.0,10.0,33.0,13.0,149.0,69.0,22.0,16.0,1.0,0.0,RW,9,LW,5,14,64.3,0,RW:9 | LW:5,lineup_history,Midfielder,RW,0.077,0.077,0.842,0.306,21.582,1.071,1.76,0.765,2.526,0.995,36.342,39.39,Nottingham Forest,1
78,Bundesliga,2025,192,1. FC Köln,48765,J. Schmied,Joël Pascal,Schmied,27.0,Switzerland,188,84,https://media.api-sports.io/football/players/48765.png,Defender,16.0,13.0,1080.0,6.3,0.0,0.0,2.0,0.0,439.0,2.0,87.0,11.0,10.0,11.0,1.0,1.0,81.0,38.0,8.0,16.0,5.0,0.0,CB,0,,0,0,58.6,0,,statistical_fallback,Defender,CB,0.0,0.0,0.167,0.0,36.583,0.167,0.917,0.917,0.083,0.083,0.0,100.0,1. FC Köln,1
61,Ligue 1,2025,83,Nantes,50026,C. Awaziem,Chidozie Collins,Awaziem,29.0,Nigeria,189,78,https://media.api-sports.io/football/players/50026.png,Defender,27.0,26.0,2249.0,6.91,1.0,2.0,7.0,4.0,1387.0,10.0,84.0,28.0,17.0,20.0,8.0,4.0,156.0,96.0,21.0,23.0,7.0,0.0,FB,0,,0,0,55.4,0,,statistical_fallback,Defender,FB,0.04,0.08,0.28,0.16,55.505,0.4,1.12,0.8,0.32,0.16,57.143,50.0,Nantes,1
61,Ligue 1,2025,97,Lorient,50030,M. Talbi,Montassar Omar,Talbi,27.0,Tunisia,190,81,https://media.api-sports.io/football/players/50030.png,Defender,29.0,29.0,2610.0,6.9,0.0,1.0,9.0,2.0,1445.0,7.0,89.0,22.0,24.0,26.0,6.0,3.0,190.0,114.0,12.0,6.0,3.0,0.0,CB,0,,0,0,57.7,0,,statistical_fallback,Defender,CB,0.0,0.034,0.31,0.069,49.828,0.241,0.759,0.897,0.207,0.103,22.258,49.758,Lorient,1
140,La Liga,2025,798,Mallorca,50048,V. Muriqi,Vedat,Muriqi,31.0,Kosovo,194,92,https://media.api-sports.io/football/players/50048.png,Attacker,37.0,36.0,3134.0,7.1,23.0,1.0,93.0,50.0,706.0,24.0,64.0,8.0,5.0,3.0,27.0,16.0,440.0,228.0,64.0,42.0,4.0,1.0,ST,0,,0,0,66.6,0,,statistical_fallback,Attacker,ST,0.66,0.029,2.671,1.436,20.274,0.689,0.23,0.086,0.775,0.459,53.763,59.226,Mallorca,1
135,Serie A,2025,801,Pisa,50054,S. Scuffet,Simone,Scuffet,29.0,Italy,193,77,https://media.api-sports.io/football/players/50054.png,Goalkeeper,7.0,7.0,630.0,7.04,0.0,0.0,0.0,0.0,237.0,0.0,67.0,0.0,,0.0,0.0,0.0,6.0,6.0,4.0,,0.0,0.0,GK,0,,0,0,100.0,0,,statistical_fallback,Goalkeeper,GK,0.0,0.0,0.0,0.0,33.857,0.0,0.0,0.0,0.0,0.0,0.0,0.0,Pisa,1
39,Premier League,2025,33,Manchester United,50132,A. Bayındır,Altay,Bayındır,27.0,Türkiye,198,88,https://media.api-sports.io/football/players/50132.png,Goalkeeper,6.0,6.0,540.0,6.58,0.0,0.0,0.0,0.0,177.0,1.0,60.0,0.0,,0.0,1.0,1.0,6.0,5.0,3.0,,0.0,0.0,GK,6,,0,6,100.0,0,GK:6,lineup_history,Goalkeeper,GK,0.0,0.0,0.0,0.0,29.5,0.167,0.0,0.0,0.167,0.167,0.0,100.0,Manchester United,1
61,Ligue 1,2025,96,Toulouse,50735,M. McKenzie,Mark Irwin Robert Alexander,McKenzie,26.0,USA,184,83,https://media.api-sports.io/football/players/50735.png,Defender,30.0,28.0,2422.0,6.81,0.0,2.0,4.0,1.0,1166.0,19.0,86.0,45.0,13.0,24.0,7.0,6.0,181.0,101.0,12.0,35.0,7.0,1.0,FB,0,,0,0,58.4,0,,statistical_fallback,Defender,FB,0.0,0.074,0.149,0.037,43.328,0.706,1.672,0.892,0.26,0.223,24.832,85.769,Toulouse,1
39,Premier League,2025,63,Leeds,50739,B. Aaronson,Brenden Russell,Aaronson,25.0,USA,177,68,https://media.api-sports.io/football/players/50739.png,Midfielder,37.0,30.0,2475.0,6.76,4.0,5.0,29.0,17.0,668.0,34.0,81.0,50.0,4.0,15.0,84.0,31.0,389.0,156.0,51.0,20.0,3.0,0.0,RW,8,CAM,8,30,26.7,0,RW:8 | CAM:8 | CM:5 | ST:4 | LM:4 | RM:1,lineup_history,Midfielder,RW,0.145,0.182,1.055,0.618,24.291,1.236,1.818,0.545,3.055,1.127,58.578,36.89,Leeds,1
78,Bundesliga,2025,163,Borussia Mönchengladbach,50852,J. Scally,Joseph Michael,Scally,23.0,USA,184,80,https://media.api-sports.io/football/players/50852.png,Defender,32.0,29.0,2611.0,6.63,2.0,3.0,14.0,10.0,912.0,18.0,80.0,48.0,4.0,17.0,54.0,24.0,297.0,153.0,51.0,33.0,8.0,0.0,FB,0,,0,0,65.0,0,,statistical_fallback,Defender,FB,0.069,0.103,0.483,0.345,31.436,0.62,1.655,0.586,1.861,0.827,71.429,44.438,Borussia Mönchengladbach,1
39,Premier League,2025,48,Lazio | West Ham,50856,V. Castellanos,Valentín Mariano José,Castellanos Giménez,27.0,Argentina,178,70,https://media.api-sports.io/football/players/50856.png,Attacker,18.0,17.0,2089.0,6.786,6.0,0.0,42.0,22.0,250.0,12.0,64.0,11.0,2.0,6.0,11.0,2.0,151.0,56.0,16.0,32.0,6.0,0.0,ST,17,,0,17,100.0,0,ST:17,lineup_history,Attacker,ST,0.344,0.129,2.413,1.292,16.587,0.861,0.776,0.388,1.207,0.431,53.547,35.69,Lazio | West Ham,2
78,Bundesliga,2025,186,FC St. Pauli,50863,J. Sands,James Hoban,Sands,25.0,USA,186,84,https://media.api-sports.io/football/players/50863.png,Midfielder,24.0,23.0,1941.0,6.74,1.0,0.0,13.0,4.0,881.0,10.0,75.0,42.0,7.0,42.0,5.0,2.0,244.0,139.0,38.0,26.0,4.0,0.0,CDM,0,CM,0,0,65.7,0,,statistical_fallback,Midfielder,CDM,0.046,0.0,0.603,0.185,40.85,0.464,1.947,1.947,0.232,0.093,30.68,40.086,FC St. Pauli,1
61,Ligue 1,2025,96,Toulouse,50956,C. Cásseres,Cristian Sleiker,Cásseres Yepes Jr.,25.0,Venezuela,176,68,https://media.api-sports.io/football/players/50956.png,Midfielder,31.0,29.0,2516.0,7.14,2.0,3.0,18.0,6.0,1395.0,39.0,85.0,79.0,9.0,35.0,35.0,16.0,270.0,151.0,44.0,40.0,7.0,0.0,CDM,0,CM,0,0,59.8,0,,statistical_fallback,Midfielder,CDM,0.072,0.107,0.644,0.215,49.901,1.395,2.826,1.252,1.252,0.572,33.385,45.687,Toulouse,1
140,La Liga,2025,533,Villarreal,51016,T. Buchanan,Tajon Trevor,Buchanan,26.0,Canada,183,68,https://media.api-sports.io/football/players/51016.png,Attacker,34.0,21.0,1835.0,6.81,7.0,1.0,21.0,11.0,464.0,16.0,81.0,29.0,2.0,21.0,66.0,21.0,206.0,89.0,36.0,18.0,8.0,0.0,ST,0,W,0,0,57.6,0,,statistical_fallback,Attacker,ST,0.343,0.049,1.03,0.54,22.757,0.785,1.422,1.03,3.237,1.03,52.427,31.82,Villarreal,1
39,Premier League,2025,33,Manchester United,51494,M. Ugarte,Manuel,Ugarte Ribeiro,24.0,Uruguay,182,77,https://media.api-sports.io/football/players/51494.png,Midfielder,22.0,8.0,901.0,6.68,0.0,0.0,8.0,1.0,502.0,3.0,85.0,46.0,5.0,20.0,10.0,7.0,148.0,79.0,15.0,24.0,1.0,0.0,CM,4,CDM,4,8,50.0,0,CM:4 | CDM:4,lineup_history,Midfielder,CM,0.0,0.0,0.799,0.1,50.144,0.3,4.595,1.998,0.999,0.699,12.516,69.97,Manchester United,1
140,La Liga,2025,718,Oviedo,51530,F. Viñas,Federico Sebastián,Viñas Barboza,27.0,Uruguay,180,81,https://media.api-sports.io/football/players/51530.png,Attacker,33.0,28.0,2451.0,6.95,9.0,1.0,48.0,21.0,517.0,27.0,71.0,50.0,4.0,14.0,72.0,49.0,494.0,260.0,69.0,46.0,6.0,2.0,ST,0,,0,0,56.5,0,,statistical_fallback,Attacker,ST,0.33,0.037,1.763,0.771,18.984,0.991,1.836,0.514,2.644,1.799,43.732,68.041,Oviedo,1
61,Ligue 1,2025,114,Paris FC,55819,T. Ollila,Tuomas,Ollila,25.0,Finland,175,68,https://media.api-sports.io/football/players/55819.png,Defender,10.0,3.0,320.0,6.62,0.0,0.0,3.0,1.0,125.0,1.0,72.0,2.0,,3.0,4.0,2.0,30.0,18.0,7.0,3.0,0.0,0.0,FB,0,,0,0,59.7,0,,statistical_fallback,Defender,FB,0.0,0.0,0.844,0.281,35.156,0.281,0.562,0.844,1.125,0.562,33.294,49.956,Paris FC,1
39,Premier League,2025,746,Sunderland,55904,D. Ballard,Daniel George,Ballard,26.0,Northern Ireland,187,85,https://media.api-sports.io/football/players/55904.png,Defender,29.0,24.0,2148.0,6.83,2.0,0.0,21.0,9.0,1103.0,15.0,82.0,33.0,24.0,20.0,5.0,3.0,285.0,168.0,30.0,29.0,4.0,1.0,CB,24,,0,24,100.0,0,CB:24,lineup_history,Defender,CB,0.084,0.0,0.88,0.377,46.215,0.628,1.383,0.838,0.209,0.126,42.841,60.287,Sunderland,1
135,Serie A,2025,503,Torino,56266,F. Israel,Franco,Israel Wibmer,25.0,Uruguay,190,82,https://media.api-sports.io/football/players/56266.png,Goalkeeper,9.0,9.0,810.0,6.63,0.0,0.0,0.0,0.0,290.0,0.0,58.0,0.0,,0.0,0.0,0.0,7.0,6.0,3.0,,1.0,0.0,GK,0,,0,0,100.0,0,,statistical_fallback,Goalkeeper,GK,0.0,0.0,0.0,0.0,32.222,0.0,0.0,0.0,0.0,0.0,0.0,0.0,Torino,1
135,Serie A,2025,801,Pisa,56293,I. Touré,Idrissa,Touré,27.0,Germany,188,76,https://media.api-sports.io/football/players/56293.png,Midfielder,32.0,26.0,2286.0,6.76,1.0,0.0,22.0,8.0,669.0,20.0,65.0,43.0,8.0,23.0,44.0,21.0,406.0,222.0,19.0,23.0,4.0,1.0,CDM,0,CM,0,0,61.2,0,,statistical_fallback,Midfielder,CDM,0.039,0.0,0.866,0.315,26.339,0.787,1.693,0.906,1.732,0.827,36.374,47.748,Pisa,1
135,Serie A,2025,495,Genoa,56396,Junior Messias,Junior Walter,Messias,34.0,Brazil,174,70,https://media.api-sports.io/football/players/56396.png,Attacker,20.0,5.0,675.0,6.99,3.0,1.0,14.0,7.0,260.0,6.0,76.0,20.0,1.0,5.0,37.0,20.0,135.0,75.0,22.0,10.0,1.0,0.0,ST,0,W,0,0,55.5,0,,statistical_fallback,Attacker,ST,0.4,0.133,1.867,0.933,34.667,0.8,2.667,0.667,4.933,2.667,49.973,54.064,Genoa,1
135,Serie A,2025,867,Lecce,56459,W. Falcone,Wladimiro,Falcone,30.0,Italy,195,85,https://media.api-sports.io/football/players/56459.png,Goalkeeper,38.0,38.0,3420.0,6.98,0.0,0.0,0.0,0.0,1141.0,1.0,45.0,2.0,,0.0,0.0,0.0,26.0,24.0,8.0,,2.0,0.0,GK,0,,0,0,100.0,0,,statistical_fallback,Goalkeeper,GK,0.0,0.0,0.0,0.0,30.026,0.026,0.053,0.0,0.0,0.0,0.0,0.0,Lecce,1
135,Serie A,2025,489,AC Milan,56473,M. Gabbia,Matteo,Gabbia,26.0,Italy,185,78,https://media.api-sports.io/football/players/56473.png,Defender,30.0,28.0,2531.0,6.95,0.0,0.0,17.0,3.0,1499.0,2.0,91.0,21.0,22.0,14.0,1.0,0.0,153.0,90.0,6.0,25.0,4.0,0.0,CB,0,,0,0,61.4,0,,statistical_fallback,Defender,CB,0.0,0.0,0.605,0.107,53.303,0.071,0.747,0.498,0.036,0.0,17.686,0.0,AC Milan,1
135,Serie A,2025,520,Lecce | Cremonese,56560,Y. Maleh,Youssef,Maleh,27.0,Morocco,179,70,https://media.api-sports.io/football/players/56560.png,Midfielder,14.0,14.0,1570.0,6.581,1.0,0.0,12.0,3.0,433.0,6.0,80.0,27.0,2.0,8.0,9.0,2.0,117.0,48.0,10.0,27.0,2.0,1.0,CDM,0,CM,0,0,59.2,0,,statistical_fallback,Midfielder,CDM,0.057,0.0,0.974,0.229,33.707,0.516,2.178,0.803,0.917,0.402,23.529,43.784,Lecce | Cremonese,2
135,Serie A,2025,490,Cagliari | Napoli,56851,M. Folorunsho,Michael Ijemuan,Folorunsho,27.0,Italy,190,92,https://media.api-sports.io/football/players/56851.png,Attacker,27.0,24.0,2359.0,6.525,2.0,0.0,25.0,9.0,486.0,15.0,66.0,24.0,3.0,9.0,50.0,22.0,281.0,127.0,49.0,35.0,3.0,0.0,ST,0,W,0,0,55.0,0,,statistical_fallback,Attacker,ST,0.077,0.0,1.183,0.381,21.899,0.686,1.107,0.419,2.175,0.877,32.216,40.346,Cagliari | Napoli,2
140,La Liga,2025,536,Sevilla,57446,A. Adams,Akor Jerome,Adams,25.0,Nigeria,190,92,https://media.api-sports.io/football/players/57446.png,Attacker,32.0,21.0,2070.0,6.74,10.0,3.0,48.0,30.0,357.0,13.0,63.0,8.0,4.0,1.0,28.0,16.0,245.0,92.0,12.0,36.0,3.0,0.0,ST,0,,0,0,60.5,0,,statistical_fallback,Attacker,ST,0.435,0.13,2.087,1.304,15.522,0.565,0.348,0.043,1.217,0.696,62.482,57.19,Sevilla,1
135,Serie A,2025,504,Hellas Verona,59421,D. Mosquera,Daniel Fernando,Mosquera Bonilla,26.0,Colombia,181,75,https://media.api-sports.io/football/players/59421.png,Attacker,22.0,5.0,610.0,6.4,0.0,2.0,11.0,5.0,114.0,5.0,73.0,5.0,3.0,2.0,16.0,7.0,124.0,34.0,6.0,22.0,1.0,0.0,ST,0,W,0,0,59.4,0,,statistical_fallback,Attacker,ST,0.0,0.295,1.623,0.738,16.82,0.738,0.738,0.295,2.361,1.033,45.471,43.753,Hellas Verona,1
61,Ligue 1,2025,80,Lyon,61142,D. Greif,Dominik,Greif,28.0,Slovakia,197,82,https://media.api-sports.io/football/players/61142.png,Goalkeeper,29.0,29.0,2610.0,7.03,0.0,1.0,0.0,0.0,939.0,2.0,78.0,2.0,,0.0,0.0,0.0,14.0,13.0,5.0,,1.0,0.0,GK,0,,0,0,100.0,0,,statistical_fallback,Goalkeeper,GK,0.0,0.034,0.0,0.0,32.379,0.069,0.069,0.0,0.0,0.0,0.0,0.0,Lyon,1
140,La Liga,2025,548,Real Sociedad,61774,O. Óskarsson,Orri Steinn,Óskarsson,21.0,Iceland,186,76,https://media.api-sports.io/football/players/61774.png,Attacker,20.0,8.0,842.0,6.92,9.0,0.0,26.0,19.0,124.0,5.0,62.0,7.0,1.0,1.0,4.0,3.0,78.0,33.0,7.0,15.0,5.0,0.0,ST,0,,0,0,67.3,0,,statistical_fallback,Attacker,ST,0.962,0.0,2.779,2.031,13.254,0.534,0.748,0.107,0.428,0.321,73.084,75.0,Real Sociedad,1
39,Premier League,2025,63,Leeds,64003,P. Struijk,Pascal Augustus,Struijk,26.0,Netherlands,190,79,https://media.api-sports.io/football/players/64003.png,Defender,34.0,33.0,2942.0,6.83,0.0,1.0,23.0,5.0,1838.0,12.0,88.0,39.0,19.0,31.0,6.0,4.0,312.0,174.0,22.0,27.0,5.0,0.0,CB,33,,0,33,100.0,0,CB:33,lineup_history,Defender,CB,0.0,0.031,0.704,0.153,56.227,0.367,1.193,0.948,0.184,0.122,21.733,66.304,Leeds,1
61,Ligue 1,2025,111,Le Havre,64255,G. Lloris,Gautier,Lloris,30.0,France,191,87,https://media.api-sports.io/football/players/64255.png,Defender,29.0,28.0,2400.0,7.03,1.0,1.0,9.0,4.0,1528.0,4.0,91.0,41.0,21.0,42.0,3.0,1.0,190.0,128.0,17.0,27.0,1.0,1.0,CB,0,,0,0,63.4,0,,statistical_fallback,Defender,CB,0.038,0.038,0.337,0.15,57.3,0.15,1.537,1.575,0.112,0.038,44.51,33.929,Le Havre,1
140,La Liga,2025,798,Mallorca,64268,J. Mojica,Johan Andrés,Mojica Palacio,33.0,Colombia,185,66,https://media.api-sports.io/football/players/64268.png,Defender,35.0,30.0,2737.0,6.68,0.0,4.0,14.0,2.0,1212.0,36.0,78.0,52.0,6.0,24.0,41.0,15.0,228.0,119.0,30.0,29.0,6.0,1.0,FB,0,,0,0,65.2,0,,statistical_fallback,Defender,FB,0.0,0.132,0.46,0.066,39.854,1.184,1.71,0.789,1.348,0.493,14.348,36.573,Mallorca,1
78,Bundesliga,2025,180,1. FC Heidenheim,64302,C. Conteh,Christian Joe,Conteh,26.0,Germany,182,72,https://media.api-sports.io/football/players/64302.png,Attacker,9.0,4.0,405.0,6.6,0.0,0.0,2.0,0.0,79.0,7.0,79.0,2.0,,2.0,15.0,5.0,33.0,10.0,3.0,4.0,0.0,0.0,W,0,,0,0,65.6,0,,statistical_fallback,Attacker,W,0.0,0.0,0.444,0.0,17.556,1.556,0.444,0.444,3.333,1.111,0.0,33.333,1. FC Heidenheim,1
140,La Liga,2025,539,Levante,64309,Manu Sánchez,Manuel,Sánchez de la Peña,25.0,Spain,171,70,https://media.api-sports.io/football/players/64309.png,Defender,33.0,31.0,2818.0,6.59,1.0,2.0,10.0,4.0,914.0,17.0,81.0,81.0,5.0,32.0,32.0,11.0,265.0,134.0,21.0,35.0,8.0,0.0,FB,0,,0,0,62.2,0,,statistical_fallback,Defender,FB,0.032,0.064,0.319,0.128,29.191,0.543,2.587,1.022,1.022,0.351,40.125,34.344,Levante,1
61,Ligue 1,2025,80,Lyon,66387,P. Šulc,Pavel,Šulc,25.0,Czechia,177,76,https://media.api-sports.io/football/players/66387.png,Midfielder,27.0,17.0,1568.0,6.91,11.0,3.0,31.0,18.0,380.0,22.0,74.0,24.0,,7.0,32.0,15.0,191.0,70.0,15.0,28.0,3.0,0.0,W,0,CAM,0,0,56.3,0,,statistical_fallback,Midfielder,W,0.631,0.172,1.779,1.033,21.811,1.263,1.378,0.402,1.837,0.861,58.066,46.87,Lyon,1
39,Premier League,2025,39,Wolves,66407,L. Krejčí,Ladislav,Krejčí,26.0,Czechia,191,87,https://media.api-sports.io/football/players/66407.png,Defender,28.0,27.0,2361.0,6.71,2.0,1.0,16.0,10.0,1312.0,9.0,82.0,32.0,15.0,32.0,4.0,2.0,206.0,103.0,7.0,33.0,4.0,0.0,CB,22,CM,4,27,81.5,0,CB:22 | CM:4 | CDM:1,lineup_history,Defender,CB,0.076,0.038,0.61,0.381,50.013,0.343,1.22,1.22,0.152,0.076,62.459,50.0,Wolves,1
135,Serie A,2025,499,Atalanta,66817,N. Krstović,Nikola,Krstović,25.0,Montenegro,185,83,https://media.api-sports.io/football/players/66817.png,Attacker,33.0,18.0,1786.0,6.68,10.0,5.0,75.0,34.0,501.0,21.0,73.0,15.0,3.0,3.0,39.0,17.0,266.0,117.0,27.0,45.0,4.0,0.0,ST,0,,0,0,60.3,0,,statistical_fallback,Attacker,ST,0.504,0.252,3.779,1.713,25.246,1.058,0.756,0.151,1.965,0.857,45.329,43.613,Atalanta,1
61,Ligue 1,2025,79,Lille,67889,H. Haraldsson,Hákon Arnar,Haraldsson,22.0,Iceland,180,73,https://media.api-sports.io/football/players/67889.png,Midfielder,32.0,29.0,2475.0,6.93,8.0,2.0,35.0,17.0,1212.0,56.0,86.0,25.0,,11.0,47.0,20.0,226.0,101.0,43.0,28.0,6.0,0.0,CAM,0,CM,0,0,66.5,0,,statistical_fallback,Midfielder,CAM,0.291,0.073,1.273,0.618,44.073,2.036,0.909,0.4,1.709,0.727,48.547,42.539,Lille,1
140,La Liga,2025,727,Osasuna,67939,Aimar Oroz,Aimar,Oroz Huarte,24.0,Spain,177,72,https://media.api-sports.io/football/players/67939.png,Attacker,31.0,26.0,2152.0,6.79,0.0,2.0,14.0,4.0,850.0,38.0,79.0,37.0,1.0,10.0,56.0,29.0,320.0,162.0,67.0,33.0,6.0,0.0,ST,0,W,0,0,62.4,0,,statistical_fallback,Attacker,ST,0.0,0.084,0.586,0.167,35.548,1.589,1.547,0.418,2.342,1.213,28.498,51.793,Osasuna,1
39,Premier League,2025,65,Nottingham Forest,67943,Morato,Felipe,Rodrigues da Silva,24.0,Brazil,192,88,https://media.api-sports.io/football/players/67943.png,Defender,21.0,14.0,1366.0,6.94,1.0,0.0,5.0,2.0,756.0,2.0,85.0,30.0,15.0,11.0,5.0,5.0,102.0,65.0,7.0,16.0,5.0,0.0,CB,13,LB,1,14,92.9,0,CB:13 | LB:1,lineup_history,Defender,CB,0.066,0.0,0.329,0.132,49.81,0.132,1.977,0.725,0.329,0.329,40.122,100.0,Nottingham Forest,1
39,Premier League,2025,52,Manchester City | Crystal Palace,67971,M. Guéhi,Addji Keaninkin Marc-Israel,Guéhi,25.0,England,182,80,https://media.api-sports.io/football/players/67971.png,Defender,20.0,20.0,3150.0,7.34,2.0,2.0,10.0,4.0,1064.0,9.0,85.0,30.0,10.0,25.0,5.0,2.0,161.0,103.0,18.0,14.0,4.0,0.0,CB,35,,0,35,100.0,0,CB:35,lineup_history,Defender,CB,0.086,0.086,0.686,0.257,65.886,0.514,1.314,1.429,0.314,0.2,37.487,63.591,Manchester City | Crystal Palace,2
39,Premier League,2025,47,Tottenham | Atletico Madrid,67972,C. Gallagher,Conor John,Gallagher,25.0,England,183,77,https://media.api-sports.io/football/players/67972.png,Midfielder,16.0,14.0,1862.0,6.694,1.0,1.0,9.0,4.0,521.0,13.0,84.0,22.0,4.0,18.0,19.0,12.0,132.0,65.0,23.0,25.0,2.0,0.0,CM,6,CAM,5,14,42.9,0,CM:6 | CAM:5 | CDM:2 | RM:1,lineup_history,Midfielder,CM,0.145,0.048,1.015,0.435,42.535,0.822,1.885,1.402,1.692,0.725,42.87,42.846,Tottenham | Atletico Madrid,2
61,Ligue 1,2025,112,Metz,68177,G. Abuashvili,Giorgi,Abuashvili,22.0,Georgia,175,68,https://media.api-sports.io/football/players/68177.png,Attacker,23.0,6.0,700.0,6.6,2.0,0.0,15.0,9.0,254.0,6.0,90.0,13.0,1.0,5.0,27.0,9.0,101.0,36.0,11.0,8.0,1.0,0.0,ST,0,,0,0,58.0,0,,statistical_fallback,Attacker,ST,0.257,0.0,1.929,1.157,32.657,0.771,1.671,0.643,3.471,1.157,59.979,33.333,Metz,1
61,Ligue 1,2025,84,Nice,69971,T. Moffi,Teremas Igobor,Moffi,26.0,Nigeria,188,87,https://media.api-sports.io/football/players/69971.png,Attacker,10.0,6.0,489.0,6.48,2.0,0.0,13.0,8.0,74.0,5.0,71.0,1.0,,0.0,9.0,3.0,38.0,12.0,2.0,2.0,0.0,0.0,ST,0,,0,0,61.0,0,,statistical_fallback,Attacker,ST,0.368,0.0,2.393,1.472,13.62,0.92,0.184,0.0,1.656,0.552,61.513,33.333,Nice,1
39,Premier League,2025,33,Manchester United,70100,J. Zirkzee,Joshua Orobosa,Zirkzee,24.0,Netherlands,193,84,https://media.api-sports.io/football/players/70100.png,Attacker,24.0,5.0,666.0,6.5,2.0,1.0,19.0,9.0,245.0,11.0,74.0,9.0,2.0,1.0,9.0,5.0,100.0,40.0,6.0,9.0,3.0,0.0,ST,4,RW,1,5,80.0,0,ST:4 | RW:1,lineup_history,Attacker,ST,0.27,0.135,2.568,1.216,33.108,1.486,1.216,0.135,1.216,0.676,47.352,55.592,Manchester United,1
39,Premier League,2025,65,Nottingham Forest,70366,John,John Victor,Maciel Furtado,29.0,Brazil,196,91,https://media.api-sports.io/football/players/70366.png,Goalkeeper,5.0,5.0,438.0,6.3,0.0,0.0,0.0,0.0,130.0,0.0,63.0,0.0,,0.0,0.0,0.0,,,,,1.0,0.0,GK,5,,0,5,100.0,0,GK:5,lineup_history,Goalkeeper,GK,0.0,0.0,0.0,0.0,26.712,0.0,0.0,0.0,0.0,0.0,0.0,0.0,Nottingham Forest,1
140,La Liga,2025,533,Villarreal,70500,Sergi Cardona,Sergi,Cardona Bermúdez,26.0,Spain,185,77,https://media.api-sports.io/football/players/70500.png,Defender,31.0,20.0,1970.0,6.75,1.0,4.0,16.0,5.0,738.0,21.0,81.0,47.0,9.0,36.0,14.0,4.0,184.0,92.0,23.0,28.0,4.0,0.0,FB,0,,0,0,59.0,0,,statistical_fallback,Defender,FB,0.046,0.183,0.731,0.228,33.716,0.959,2.147,1.645,0.64,0.183,31.19,28.594,Villarreal,1
61,Ligue 1,2025,95,Strasbourg,70747,J. Enciso,Julio César,Enciso Espínola,21.0,Paraguay,173,64,https://media.api-sports.io/football/players/70747.png,Midfielder,27.0,22.0,1892.0,7.06,3.0,6.0,43.0,22.0,636.0,29.0,83.0,21.0,1.0,7.0,96.0,54.0,246.0,118.0,31.0,20.0,2.0,0.0,W,0,CAM,0,0,56.4,0,,statistical_fallback,Midfielder,W,0.143,0.285,2.045,1.047,30.254,1.379,0.999,0.333,4.567,2.569,51.198,56.251,Strasbourg,1
78,Bundesliga,2025,192,1. FC Köln,72048,C. Özkacar,Cenk,Özkacar,25.0,Türkiye,190,87,https://media.api-sports.io/football/players/72048.png,Defender,25.0,20.0,1801.0,6.61,0.0,0.0,11.0,4.0,1088.0,5.0,86.0,33.0,14.0,24.0,11.0,6.0,188.0,107.0,6.0,11.0,2.0,0.0,CB,0,,0,0,60.5,0,,statistical_fallback,Defender,CB,0.0,0.0,0.55,0.2,54.37,0.25,1.649,1.199,0.55,0.3,36.364,54.545,1. FC Köln,1
61,Ligue 1,2025,97,Lorient,72457,A. Tosin,Aiyegun Oluwatosin,Tosin,27.0,Benin,179,75,https://media.api-sports.io/football/players/72457.png,Attacker,27.0,11.0,1068.0,6.68,5.0,0.0,25.0,12.0,197.0,11.0,77.0,5.0,,2.0,27.0,13.0,86.0,38.0,14.0,11.0,1.0,0.0,ST,0,,0,0,58.5,0,,statistical_fallback,Attacker,ST,0.421,0.0,2.107,1.011,16.601,0.927,0.421,0.169,2.275,1.096,47.983,48.176,Lorient,1
78,Bundesliga,2025,175,Hamburger SV,73879,P. Otele,Philip Porwei,Otele,26.0,Nigeria,178,80,https://media.api-sports.io/football/players/73879.png,Attacker,9.0,7.0,477.0,6.63,1.0,1.0,5.0,3.0,113.0,9.0,68.0,2.0,,3.0,13.0,7.0,54.0,23.0,4.0,8.0,3.0,1.0,ST,0,W,0,0,62.6,0,,statistical_fallback,Attacker,ST,0.189,0.189,0.943,0.566,21.321,1.698,0.377,0.566,2.453,1.321,60.021,53.852,Hamburger SV,1
39,Premier League,2025,63,Leeds,80296,Lucas Perri,Lucas,Estella Perri,28.0,Brazil,197,98,https://media.api-sports.io/football/players/80296.png,Goalkeeper,16.0,16.0,1440.0,6.63,0.0,0.0,0.0,0.0,559.0,0.0,53.0,0.0,,0.0,0.0,0.0,10.0,7.0,3.0,1.0,2.0,0.0,GK,16,,0,16,100.0,0,GK:16,lineup_history,Goalkeeper,GK,0.0,0.0,0.0,0.0,34.938,0.0,0.0,0.0,0.0,0.0,0.0,0.0,Leeds,1
61,Ligue 1,2025,80,Lyon,80752,T. Tessmann,Francis Tanner James,Tessmann,24.0,USA,188,86,https://media.api-sports.io/football/players/80752.png,Midfielder,29.0,22.0,1960.0,6.82,1.0,0.0,22.0,8.0,1091.0,13.0,85.0,29.0,13.0,14.0,18.0,9.0,159.0,82.0,19.0,21.0,2.0,0.0,CM,0,,0,0,58.0,0,,statistical_fallback,Midfielder,CM,0.046,0.0,1.01,0.367,50.097,0.597,1.332,0.643,0.827,0.413,36.337,49.94,Lyon,1
39,Premier League,2025,50,Manchester City,81573,Omar Marmoush,Omar Khaled Mohamed Abd Elsala,Marmoush,26.0,Egypt,180,81,https://media.api-sports.io/football/players/81573.png,Attacker,21.0,8.0,734.0,6.7,3.0,3.0,21.0,9.0,163.0,12.0,87.0,13.0,2.0,2.0,22.0,10.0,91.0,46.0,21.0,10.0,3.0,0.0,ST,5,LW,2,8,62.5,0,ST:5 | LW:2 | LM:1,lineup_history,Attacker,ST,0.368,0.368,2.575,1.104,19.986,1.471,1.594,0.245,2.698,1.226,42.874,45.441,Manchester City,1
61,Ligue 1,2025,114,Paris FC,83831,I. Kebbal,Ilan Kais,Kebbal,27.0,Algeria,169,60,https://media.api-sports.io/football/players/83831.png,Midfielder,29.0,26.0,2229.0,7.4,9.0,4.0,41.0,20.0,1430.0,61.0,86.0,32.0,,8.0,71.0,32.0,258.0,126.0,61.0,15.0,7.0,0.0,CAM,0,W,0,0,66.9,0,,statistical_fallback,Midfielder,CAM,0.363,0.162,1.655,0.808,57.739,2.463,1.292,0.323,2.867,1.292,48.822,45.065,Paris FC,1
61,Ligue 1,2025,108,Auxerre,84082,R. Faivre,Romain,Faivre,27.0,France,180,75,https://media.api-sports.io/football/players/84082.png,Midfielder,10.0,7.0,587.0,6.8,0.0,2.0,8.0,3.0,178.0,10.0,82.0,7.0,1.0,5.0,22.0,12.0,54.0,33.0,11.0,5.0,0.0,0.0,W,0,CAM,0,0,57.0,0,,statistical_fallback,Midfielder,W,0.0,0.307,1.227,0.46,27.291,1.533,1.073,0.767,3.373,1.84,37.49,54.551,Auxerre,1
140,La Liga,2025,531,Athletic Club,84086,Robert Navarro,Roberto,Navarro Muñoz,23.0,Spain,178,65,https://media.api-sports.io/football/players/84086.png,Midfielder,32.0,10.0,1311.0,6.68,6.0,1.0,18.0,9.0,416.0,24.0,80.0,16.0,1.0,7.0,54.0,23.0,183.0,64.0,16.0,18.0,1.0,0.0,W,0,CAM,0,0,56.2,0,,statistical_fallback,Midfielder,W,0.412,0.069,1.236,0.618,28.558,1.648,1.098,0.481,3.707,1.579,50.0,42.595,Athletic Club,1
39,Premier League,2025,746,Sunderland,84087,W. Isidor,Wilson,Isidor,25.0,France,186,79,https://media.api-sports.io/football/players/84087.png,Attacker,32.0,11.0,1186.0,6.65,6.0,0.0,31.0,17.0,135.0,0.0,60.0,11.0,1.0,1.0,24.0,6.0,168.0,49.0,7.0,14.0,1.0,0.0,ST,11,,0,11,100.0,0,ST:11,lineup_history,Attacker,ST,0.455,0.0,2.352,1.29,10.245,0.0,0.835,0.076,1.821,0.455,54.847,24.986,Sunderland,1
61,Ligue 1,2025,96,Toulouse,84128,Y. Gboho,Gnantin Yann,Gboho,24.0,France,178,63,https://media.api-sports.io/football/players/84128.png,Attacker,32.0,31.0,2625.0,7.11,8.0,3.0,34.0,16.0,808.0,57.0,81.0,26.0,1.0,14.0,155.0,77.0,366.0,174.0,69.0,16.0,1.0,1.0,W,0,,0,0,62.2,0,,statistical_fallback,Attacker,W,0.274,0.103,1.166,0.549,27.703,1.954,0.891,0.48,5.314,2.64,47.084,49.68,Toulouse,1
61,Ligue 1,2025,114,Paris FC,84218,A. Camara,Adama Mohamed,Camara,29.0,France,195,87,https://media.api-sports.io/football/players/84218.png,Midfielder,29.0,26.0,2171.0,6.78,1.0,0.0,14.0,5.0,912.0,16.0,85.0,58.0,12.0,39.0,20.0,9.0,212.0,111.0,19.0,26.0,8.0,0.0,CDM,0,CM,0,0,64.8,0,,statistical_fallback,Midfielder,CDM,0.041,0.0,0.58,0.207,37.807,0.663,2.404,1.617,0.829,0.373,35.69,44.994,Paris FC,1
61,Ligue 1,2025,81,Marseille,85041,A. Gouiri,Amine Ferid,Gouiri,25.0,France,180,72,https://media.api-sports.io/football/players/85041.png,Attacker,22.0,15.0,1328.0,6.96,8.0,3.0,27.0,17.0,412.0,32.0,83.0,12.0,1.0,3.0,48.0,19.0,142.0,55.0,16.0,17.0,1.0,0.0,W,0,,0,0,58.4,0,,statistical_fallback,Attacker,W,0.542,0.203,1.83,1.152,27.922,2.169,0.813,0.203,3.253,1.288,62.951,39.594,Marseille,1
61,Ligue 1,2025,106,Stade Brestois 29,85914,J. Le Cardinal,Julien,Le Cardinal,28.0,France,182,73,https://media.api-sports.io/football/players/85914.png,Defender,5.0,3.0,327.0,6.92,1.0,0.0,5.0,2.0,144.0,1.0,81.0,5.0,5.0,3.0,1.0,0.0,40.0,23.0,4.0,2.0,1.0,0.0,CB,0,,0,0,62.4,0,,statistical_fallback,Defender,CB,0.275,0.0,1.376,0.55,39.633,0.275,1.376,0.826,0.275,0.0,39.971,0.0,Stade Brestois 29,1
135,Serie A,2025,495,Genoa,89520,M. Ellertsson,Mikael Egill,Ellertsson,23.0,Iceland,182,74,https://media.api-sports.io/football/players/89520.png,Midfielder,36.0,31.0,2777.0,6.58,1.0,1.0,18.0,6.0,638.0,16.0,75.0,44.0,8.0,15.0,40.0,11.0,236.0,108.0,42.0,28.0,1.0,1.0,CM,0,,0,0,58.0,0,,statistical_fallback,Midfielder,CM,0.032,0.032,0.583,0.194,20.677,0.519,1.426,0.486,1.296,0.356,33.276,27.469,Genoa,1
39,Premier League,2025,51,Brighton,90590,G. Rutter,Georginio,Rutter,23.0,France,182,83,https://media.api-sports.io/football/players/90590.png,Attacker,32.0,20.0,1804.0,6.63,3.0,3.0,28.0,14.0,435.0,25.0,69.0,32.0,1.0,11.0,66.0,28.0,285.0,113.0,34.0,30.0,2.0,0.0,CAM,10,ST,9,20,50.0,0,CAM:10 | ST:9 | RW:1,lineup_history,Attacker,CAM,0.15,0.15,1.397,0.698,21.702,1.247,1.596,0.549,3.293,1.397,49.964,42.423,Brighton,1
61,Ligue 1,2025,106,Stade Brestois 29,90594,J. Dina Ebimbe,Éric Junior,Dina Ebimbe,25.0,France,183,76,https://media.api-sports.io/football/players/90594.png,Midfielder,27.0,15.0,1180.0,6.61,5.0,0.0,17.0,9.0,276.0,8.0,76.0,25.0,,6.0,17.0,3.0,134.0,52.0,15.0,22.0,3.0,0.0,CM,0,,0,0,58.0,0,,statistical_fallback,Midfielder,CM,0.381,0.0,1.297,0.686,21.051,0.61,1.907,0.458,1.297,0.229,52.891,17.656,Stade Brestois 29,1
61,Ligue 1,2025,108,Auxerre,90617,L. Sinayoko,Lassine,Sinayoko,26.0,Mali,186,81,https://media.api-sports.io/football/players/90617.png,Attacker,32.0,32.0,2780.0,7.0,12.0,4.0,68.0,38.0,757.0,40.0,75.0,42.0,,26.0,65.0,32.0,381.0,165.0,53.0,29.0,8.0,0.0,ST,0,,0,0,57.2,0,,statistical_fallback,Attacker,ST,0.388,0.129,2.201,1.23,24.507,1.295,1.36,0.842,2.104,1.036,55.884,49.24,Auxerre,1
78,Bundesliga,2025,192,1. FC Köln,90641,T. Hübers,Timo Bernd,Hübers,29.0,Germany,190,82,https://media.api-sports.io/football/players/90641.png,Defender,8.0,8.0,669.0,7.0,0.0,0.0,0.0,0.0,367.0,0.0,87.0,14.0,5.0,11.0,1.0,1.0,80.0,46.0,10.0,8.0,0.0,0.0,CB,0,,0,0,66.3,0,,statistical_fallback,Defender,CB,0.0,0.0,0.0,0.0,49.372,0.0,1.883,1.48,0.135,0.135,0.0,100.0,1. FC Köln,1
78,Bundesliga,2025,186,FC St. Pauli,90731,L. Ritzka,Lars,Ritzka,27.0,Germany,185,80,https://media.api-sports.io/football/players/90731.png,Defender,21.0,12.0,970.0,6.59,0.0,0.0,4.0,1.0,382.0,6.0,72.0,40.0,5.0,16.0,2.0,0.0,102.0,54.0,3.0,11.0,1.0,0.0,CB,0,,0,0,60.7,0,,statistical_fallback,Defender,CB,0.0,0.0,0.371,0.093,35.443,0.557,3.711,1.485,0.186,0.0,25.067,0.0,FC St. Pauli,1
78,Bundesliga,2025,164,FSV Mainz 05,90829,D. Batz,Daniel,Batz,34.0,Germany,191,87,https://media.api-sports.io/football/players/90829.png,Goalkeeper,21.0,21.0,1890.0,7.44,0.0,0.0,0.0,0.0,664.0,0.0,63.0,0.0,,0.0,0.0,0.0,14.0,9.0,1.0,,2.0,0.0,GK,0,,0,0,100.0,0,,statistical_fallback,Goalkeeper,GK,0.0,0.0,0.0,0.0,31.619,0.0,0.0,0.0,0.0,0.0,0.0,0.0,FSV Mainz 05,1
135,Serie A,2025,523,Parma,91358,E. Valeri,Emanuele,Valeri,27.0,Italy,180,78,https://media.api-sports.io/football/players/91358.png,Midfielder,34.0,29.0,2645.0,6.88,0.0,2.0,15.0,5.0,751.0,51.0,73.0,47.0,3.0,22.0,34.0,15.0,213.0,102.0,26.0,23.0,2.0,0.0,CM,0,,0,0,58.0,0,,statistical_fallback,Midfielder,CM,0.0,0.068,0.51,0.17,25.554,1.735,1.599,0.749,1.157,0.51,33.333,44.08,Parma,1
135,Serie A,2025,499,Atalanta,91422,R. Bellanova,Raoul,Bellanova,25.0,Italy,188,82,https://media.api-sports.io/football/players/91422.png,Midfielder,24.0,15.0,1387.0,6.66,0.0,1.0,8.0,5.0,550.0,21.0,88.0,18.0,3.0,9.0,13.0,9.0,87.0,48.0,12.0,5.0,2.0,0.0,CM,0,,0,0,58.0,0,,statistical_fallback,Midfielder,CM,0.0,0.065,0.519,0.324,35.689,1.363,1.168,0.584,0.844,0.584,62.428,69.194,Atalanta,1
135,Serie A,2025,801,Pisa,91503,S. Canestrelli,Simone,Canestrelli,25.0,Italy,192,85,https://media.api-sports.io/football/players/91503.png,Defender,37.0,36.0,3201.0,6.58,1.0,0.0,11.0,3.0,1261.0,10.0,81.0,40.0,20.0,33.0,5.0,3.0,276.0,158.0,21.0,42.0,4.0,0.0,CB,0,,0,0,58.4,0,,statistical_fallback,Defender,CB,0.028,0.0,0.309,0.084,35.455,0.281,1.125,0.928,0.141,0.084,27.184,59.574,Pisa,1
140,La Liga,2025,728,Rayo Vallecano,91745,Alemão,Alexandre,Zurawski,27.0,Brazil,182,88,https://media.api-sports.io/football/players/91745.png,Attacker,26.0,11.0,1149.0,6.53,4.0,0.0,20.0,12.0,184.0,7.0,68.0,6.0,2.0,1.0,13.0,7.0,148.0,59.0,27.0,23.0,3.0,0.0,ST,0,,0,0,61.8,0,,statistical_fallback,Attacker,ST,0.313,0.0,1.567,0.94,14.413,0.548,0.47,0.078,1.018,0.548,59.987,53.831,Rayo Vallecano,1
39,Premier League,2025,51,Brighton,92993,M. Wieffer,Mats,Wieffer,26.0,Netherlands,188,78,https://media.api-sports.io/football/players/92993.png,Defender,26.0,23.0,1914.0,6.74,2.0,3.0,13.0,6.0,878.0,20.0,83.0,66.0,7.0,25.0,20.0,9.0,284.0,140.0,22.0,30.0,8.0,0.0,RB,23,,0,23,100.0,0,RB:23,lineup_history,Defender,RB,0.094,0.141,0.611,0.282,41.285,0.94,3.103,1.176,0.94,0.423,46.154,45.0,Brighton,1
135,Serie A,2025,500,Bologna,93016,T. Dallinga,Thijs,Dallinga,25.0,Netherlands,180,75,https://media.api-sports.io/football/players/93016.png,Attacker,23.0,9.0,829.0,6.5,2.0,2.0,16.0,5.0,226.0,10.0,71.0,7.0,2.0,1.0,6.0,2.0,102.0,36.0,9.0,20.0,2.0,0.0,ST,0,W,0,0,55.0,0,,statistical_fallback,Attacker,ST,0.217,0.217,1.737,0.543,24.536,1.086,0.76,0.109,0.651,0.217,31.261,33.333,Bologna,1
135,Serie A,2025,489,AC Milan,94562,S. Giménez,Santiago Tomás,Giménez,24.0,Mexico,182,79,https://media.api-sports.io/football/players/94562.png,Attacker,16.0,11.0,896.0,6.49,0.0,1.0,23.0,9.0,134.0,4.0,80.0,8.0,1.0,1.0,19.0,3.0,86.0,32.0,15.0,10.0,2.0,0.0,ST,0,W,0,0,55.8,0,,statistical_fallback,Attacker,ST,0.0,0.1,2.31,0.904,13.46,0.402,0.804,0.1,1.908,0.301,39.134,15.776,AC Milan,1
61,Ligue 1,2025,112,Metz,96331,K. Kouao,Koffi Franck,Kouao,27.0,Côte d'Ivoire,173,65,https://media.api-sports.io/football/players/96331.png,Defender,27.0,27.0,2273.0,6.88,2.0,1.0,19.0,10.0,1084.0,11.0,86.0,72.0,13.0,29.0,42.0,30.0,253.0,143.0,33.0,32.0,10.0,0.0,FB,0,,0,0,58.2,0,,statistical_fallback,Defender,FB,0.079,0.04,0.752,0.396,42.921,0.436,2.851,1.148,1.663,1.188,52.66,71.437,Metz,1
39,Premier League,2025,44,Burnley,98936,L. Foster,Lyle Brent,Foster,25.0,South Africa,185,70,https://media.api-sports.io/football/players/98936.png,Attacker,26.0,15.0,1372.0,6.47,3.0,2.0,13.0,6.0,281.0,10.0,70.0,16.0,3.0,4.0,22.0,10.0,208.0,66.0,13.0,22.0,4.0,0.0,ST,10,RW,4,15,66.7,0,ST:10 | RW:4 | LW:1,lineup_history,Attacker,ST,0.197,0.131,0.853,0.394,18.433,0.656,1.05,0.262,1.443,0.656,46.19,45.461,Burnley,1
61,Ligue 1,2025,79,Lille,99576,O. Sahraoui,Osame,Sahraoui,24.0,Norway,170,65,https://media.api-sports.io/football/players/99576.png,Attacker,18.0,4.0,507.0,6.67,1.0,2.0,7.0,4.0,266.0,10.0,80.0,6.0,1.0,3.0,32.0,15.0,92.0,47.0,25.0,4.0,0.0,0.0,W,0,,0,0,62.8,0,,statistical_fallback,Attacker,W,0.178,0.355,1.243,0.71,47.219,1.775,1.065,0.533,5.68,2.663,57.12,46.884,Lille,1
140,La Liga,2025,529,Barcelona,101814,R. Araújo,Ronald Federico,Araújo da Silva,26.0,Uruguay,191,96,https://media.api-sports.io/football/players/101814.png,Defender,24.0,11.0,1072.0,6.9,3.0,0.0,11.0,5.0,836.0,3.0,91.0,21.0,5.0,10.0,0.0,0.0,100.0,63.0,3.0,17.0,2.0,0.0,CB,0,,0,0,64.9,0,,statistical_fallback,Defender,CB,0.252,0.0,0.924,0.42,70.187,0.252,1.763,0.84,0.0,0.0,45.455,0.0,Barcelona,1
140,La Liga,2025,542,Alaves,104821,Jon Guridi,Jon,Guridi Aldalur,30.0,Spain,179,64,https://media.api-sports.io/football/players/104821.png,Midfielder,28.0,15.0,1259.0,6.5,0.0,0.0,11.0,4.0,443.0,11.0,82.0,29.0,2.0,10.0,19.0,8.0,143.0,65.0,8.0,15.0,1.0,0.0,CM,0,,0,0,58.0,0,,statistical_fallback,Midfielder,CM,0.0,0.0,0.786,0.286,31.668,0.786,2.073,0.715,1.358,0.572,36.387,42.121,Alaves,1
140,La Liga,2025,539,Levante,104832,Diego Pampín,Diego,Varela Pampín,25.0,Spain,173,65,https://media.api-sports.io/football/players/104832.png,Defender,8.0,6.0,535.0,6.39,0.0,0.0,1.0,0.0,270.0,3.0,85.0,11.0,,6.0,7.0,6.0,56.0,29.0,7.0,8.0,3.0,0.0,FB,0,,0,0,59.5,0,,statistical_fallback,Defender,FB,0.0,0.0,0.168,0.0,45.421,0.505,1.85,1.009,1.178,1.009,0.0,85.654,Levante,1
140,La Liga,2025,539,Levante,104949,Pablo Martínez,Pablo,Martínez Andrés,27.0,Spain,182,74,https://media.api-sports.io/football/players/104949.png,Midfielder,27.0,21.0,1865.0,6.88,1.0,5.0,18.0,4.0,689.0,36.0,78.0,18.0,12.0,19.0,33.0,14.0,143.0,57.0,12.0,31.0,3.0,0.0,CAM,0,CM,0,0,59.3,0,,statistical_fallback,Midfielder,CAM,0.048,0.241,0.869,0.193,33.249,1.737,0.869,0.917,1.592,0.676,22.209,42.462,Levante,1
61,Ligue 1,2025,84,Nice,105154,I. Jansson,Isak Alexander,Jansson,23.0,Sweden,174,,https://media.api-sports.io/football/players/105154.png,Attacker,24.0,7.0,683.0,6.52,1.0,0.0,14.0,11.0,155.0,8.0,70.0,13.0,,6.0,12.0,4.0,81.0,29.0,8.0,12.0,3.0,0.0,ST,0,,0,0,59.0,0,,statistical_fallback,Attacker,ST,0.132,0.0,1.845,1.449,20.425,1.054,1.713,0.791,1.581,0.527,78.537,33.333,Nice,1
39,Premier League,2025,55,Brentford,106725,K. Lewis-Potter,Keane William,Lewis-Potter,24.0,England,170,67,https://media.api-sports.io/football/players/106725.png,Midfielder,36.0,22.0,1990.0,6.65,3.0,3.0,19.0,9.0,567.0,19.0,77.0,23.0,2.0,12.0,44.0,16.0,181.0,86.0,36.0,15.0,1.0,0.0,LB,10,RW,6,22,45.5,0,LB:10 | RW:6 | LWB:3 | LW:3,lineup_history,Midfielder,LB,0.136,0.136,0.859,0.407,25.643,0.859,1.04,0.543,1.99,0.724,47.381,36.382,Brentford,1
140,La Liga,2025,539,Levante,106727,Oriol Rey,Oriol,Rey Erenas,27.0,Spain,177,71,https://media.api-sports.io/football/players/106727.png,Midfielder,20.0,14.0,1327.0,6.71,0.0,1.0,5.0,1.0,576.0,10.0,87.0,20.0,5.0,10.0,2.0,1.0,106.0,49.0,14.0,23.0,4.0,0.0,CM,0,,0,0,58.0,0,,statistical_fallback,Midfielder,CM,0.0,0.068,0.339,0.068,39.066,0.678,1.356,0.678,0.136,0.068,20.059,50.0,Levante,1
39,Premier League,2025,51,Brighton,106835,K. Mitoma,Kaoru,Mitoma,28.0,Japan,178,73,https://media.api-sports.io/football/players/106835.png,Midfielder,25.0,19.0,1721.0,6.81,3.0,1.0,24.0,13.0,572.0,31.0,82.0,18.0,1.0,8.0,62.0,27.0,204.0,81.0,21.0,31.0,5.0,0.0,LW,19,,0,19,100.0,0,LW:19,lineup_history,Midfielder,LW,0.157,0.052,1.255,0.68,29.913,1.621,0.941,0.418,3.242,1.412,54.183,43.553,Brighton,1
78,Bundesliga,2025,163,Borussia Mönchengladbach,106851,S. Machino,Shuto,Machino,26.0,Japan,185,81,https://media.api-sports.io/football/players/106851.png,Attacker,32.0,9.0,1084.0,6.63,3.0,1.0,20.0,11.0,286.0,14.0,72.0,8.0,1.0,3.0,10.0,3.0,125.0,54.0,11.0,14.0,2.0,0.0,ST,0,,0,0,58.0,0,,statistical_fallback,Attacker,ST,0.249,0.083,1.661,0.913,23.745,1.162,0.664,0.249,0.83,0.249,54.967,30.0,Borussia Mönchengladbach,1
140,La Liga,2025,798,Mallorca,107194,Antonio Sánchez,Antonio,Sánchez Navarro,28.0,Spain,179,78,https://media.api-sports.io/football/players/107194.png,Midfielder,30.0,9.0,1088.0,6.59,0.0,0.0,6.0,3.0,378.0,12.0,78.0,20.0,3.0,15.0,12.0,5.0,105.0,40.0,10.0,16.0,4.0,0.0,CM,0,,0,0,58.0,0,,statistical_fallback,Midfielder,CM,0.0,0.0,0.496,0.248,31.268,0.993,1.654,1.241,0.993,0.414,50.0,41.692,Mallorca,1
140,La Liga,2025,798,Mallorca,108519,Mateu Morey,Mateu Jaume,Morey Bauzà,25.0,Spain,173,67,https://media.api-sports.io/football/players/108519.png,Defender,18.0,9.0,736.0,6.52,1.0,0.0,3.0,2.0,240.0,3.0,76.0,19.0,3.0,7.0,6.0,4.0,84.0,39.0,10.0,15.0,2.0,0.0,CB,0,,0,0,57.9,0,,statistical_fallback,Defender,CB,0.122,0.0,0.367,0.245,29.348,0.367,2.323,0.856,0.734,0.489,66.757,66.621,Mallorca,1
39,Premier League,2025,39,Wolves,110153,T. Arokodare,Toluwalase Emmanuel,Arokodare,25.0,Nigeria,197,97,https://media.api-sports.io/football/players/110153.png,Attacker,33.0,13.0,1438.0,6.58,3.0,1.0,38.0,16.0,268.0,11.0,60.0,7.0,2.0,5.0,32.0,18.0,284.0,140.0,17.0,18.0,1.0,0.0,ST,13,,0,13,100.0,0,ST:13,lineup_history,Attacker,ST,0.188,0.063,2.378,1.001,16.773,0.688,0.438,0.313,2.003,1.127,42.094,56.266,Wolves,1
61,Ligue 1,2025,108,Auxerre,115588,B. Okoh,Bryan Ikemefuna,Okoh,22.0,Switzerland,189,88,https://media.api-sports.io/football/players/115588.png,Defender,13.0,12.0,1011.0,7.12,3.0,0.0,6.0,3.0,423.0,4.0,84.0,13.0,13.0,27.0,2.0,0.0,82.0,52.0,8.0,13.0,2.0,0.0,CB,0,,0,0,64.2,0,,statistical_fallback,Defender,CB,0.267,0.0,0.534,0.267,37.656,0.356,1.157,2.404,0.178,0.0,50.0,0.0,Auxerre,1
39,Premier League,2025,33,Manchester United,115589,B. Šeško,Benjamin,Šeško,22.0,Slovenia,195,85,https://media.api-sports.io/football/players/115589.png,Attacker,30.0,17.0,1636.0,6.76,11.0,1.0,51.0,34.0,306.0,9.0,68.0,5.0,2.0,3.0,30.0,10.0,209.0,85.0,6.0,17.0,2.0,0.0,ST,17,,0,17,100.0,0,ST:17,lineup_history,Attacker,ST,0.605,0.055,2.806,1.87,16.834,0.495,0.275,0.165,1.65,0.55,66.643,33.333,Manchester United,1
39,Premier League,2025,49,Chelsea,116117,M. Caicedo,Moisés Isaac,Caicedo Corozo,24.0,Ecuador,178,73,https://media.api-sports.io/football/players/116117.png,Midfielder,33.0,32.0,2802.0,7.17,3.0,1.0,14.0,7.0,2049.0,19.0,91.0,87.0,15.0,59.0,28.0,15.0,309.0,172.0,55.0,54.0,11.0,1.0,CDM,27,CM,5,32,84.4,0,CDM:27 | CM:5,lineup_history,Midfielder,CDM,0.096,0.032,0.45,0.225,65.814,0.61,2.794,1.895,0.899,0.482,50.0,53.615,Chelsea,1
39,Premier League,2025,35,Bournemouth,118307,Đ. Petrović,Đorđe,Petrović,26.0,Serbia,194,89,https://media.api-sports.io/football/players/118307.png,Goalkeeper,38.0,38.0,3420.0,6.87,0.0,0.0,0.0,0.0,903.0,0.0,64.0,0.0,,0.0,0.0,0.0,26.0,23.0,2.0,,3.0,0.0,GK,38,,0,38,100.0,0,GK:38,lineup_history,Goalkeeper,GK,0.0,0.0,0.0,0.0,23.763,0.0,0.0,0.0,0.0,0.0,0.0,0.0,Bournemouth,1
61,Ligue 1,2025,96,Toulouse,118345,A. Francis,Abu,Francis,24.0,Ghana,182,65,https://media.api-sports.io/football/players/118345.png,Midfielder,8.0,7.0,532.0,6.73,0.0,0.0,2.0,0.0,238.0,1.0,82.0,19.0,3.0,8.0,4.0,3.0,49.0,33.0,4.0,5.0,2.0,0.0,CDM,0,CM,0,0,70.3,0,,statistical_fallback,Midfielder,CDM,0.0,0.0,0.338,0.0,40.263,0.169,3.214,1.353,0.677,0.508,0.0,75.037,Toulouse,1
135,Serie A,2025,867,Lecce,118956,L. Banda,Lameck,Banda,24.0,Zambia,169,69,https://media.api-sports.io/football/players/118956.png,Attacker,32.0,21.0,1760.0,6.77,5.0,4.0,24.0,15.0,342.0,24.0,80.0,27.0,,7.0,87.0,34.0,288.0,121.0,49.0,44.0,6.0,1.0,W,0,,0,0,60.4,0,,statistical_fallback,Attacker,W,0.256,0.205,1.227,0.767,17.489,1.227,1.381,0.358,4.449,1.739,62.51,39.087,Lecce,1
39,Premier League,2025,746,Sunderland,119121,T. Hume,Trai,Hume,23.0,Northern Ireland,180,75,https://media.api-sports.io/football/players/119121.png,Defender,38.0,34.0,3050.0,6.78,2.0,1.0,22.0,7.0,1047.0,29.0,75.0,67.0,12.0,26.0,19.0,5.0,328.0,175.0,39.0,31.0,9.0,0.0,RB,9,LB,9,34,26.5,0,RB:9 | LB:9 | RW:7 | RWB:5 | RM:3 | LWB:1,lineup_history,Defender,RB,0.059,0.03,0.649,0.207,30.895,0.856,1.977,0.767,0.561,0.148,31.895,26.381,Sunderland,1
140,La Liga,2025,533,Sevilla | Villarreal,119213,Alfon González,Alfonso,González Martínez,26.0,Spain,172,60,https://media.api-sports.io/football/players/119213.png,Attacker,10.0,3.0,655.0,6.549,1.0,0.0,4.0,3.0,59.0,3.0,81.0,2.0,,1.0,8.0,2.0,35.0,6.0,2.0,7.0,0.0,0.0,ST,0,W,0,0,55.2,0,,statistical_fallback,Attacker,ST,0.274,0.0,1.512,1.374,18.137,1.236,0.412,0.274,3.161,0.824,90.893,26.078,Sevilla | Villarreal,2
140,La Liga,2025,546,Getafe,119742,Juan Iglesias,Juan Antonio,Iglesias Sánchez,27.0,Spain,187,77,https://media.api-sports.io/football/players/119742.png,Defender,37.0,36.0,3189.0,6.87,1.0,2.0,12.0,5.0,863.0,18.0,64.0,112.0,12.0,26.0,58.0,30.0,437.0,245.0,70.0,63.0,4.0,0.0,FB,0,,0,0,62.1,0,,statistical_fallback,Defender,FB,0.028,0.056,0.339,0.141,24.356,0.508,3.161,0.734,1.637,0.847,41.593,51.741,Getafe,1
61,Ligue 1,2025,111,Le Havre,119853,M. Diaw,Mory,Diaw,32.0,Senegal,197,95,https://media.api-sports.io/football/players/119853.png,Goalkeeper,30.0,30.0,2655.0,7.02,0.0,1.0,0.0,0.0,974.0,3.0,72.0,2.0,,2.0,0.0,0.0,13.0,12.0,6.0,,1.0,0.0,GK,0,,0,0,100.0,0,,statistical_fallback,Goalkeeper,GK,0.0,0.034,0.0,0.0,33.017,0.102,0.068,0.068,0.0,0.0,0.0,0.0,Le Havre,1
135,Serie A,2025,503,Torino,122468,Saúl Coco,Saúl Basilio,Coco-Bassey Oubiña,26.0,Equatorial Guinea,187,86,https://media.api-sports.io/football/players/122468.png,Defender,35.0,35.0,3090.0,6.86,1.0,1.0,12.0,4.0,1508.0,11.0,85.0,58.0,42.0,43.0,11.0,7.0,292.0,165.0,34.0,46.0,3.0,0.0,CB,0,,0,0,58.8,0,,statistical_fallback,Defender,CB,0.029,0.029,0.35,0.117,43.922,0.32,1.689,1.252,0.32,0.204,33.429,63.75,Torino,1
140,La Liga,2025,728,Rayo Vallecano,122657,R. Nteka,Randy,Nteka,28.0,France,189,75,https://media.api-sports.io/football/players/122657.png,Midfielder,13.0,3.0,381.0,6.66,3.0,0.0,10.0,6.0,91.0,4.0,79.0,4.0,3.0,0.0,7.0,4.0,73.0,35.0,7.0,11.0,3.0,0.0,CAM,0,CM,0,0,57.6,0,,statistical_fallback,Midfielder,CAM,0.709,0.0,2.362,1.417,21.496,0.945,0.945,0.0,1.654,0.945,59.992,57.134,Rayo Vallecano,1
140,La Liga,2025,538,Celta Vigo,122734,Ferran Jutglà,Ferran,Jutglà Blanch,26.0,Spain,176,75,https://media.api-sports.io/football/players/122734.png,Attacker,30.0,21.0,1669.0,6.89,9.0,3.0,41.0,26.0,419.0,16.0,77.0,12.0,1.0,8.0,54.0,21.0,191.0,80.0,30.0,24.0,4.0,0.0,ST,0,,0,0,57.1,0,,statistical_fallback,Attacker,ST,0.485,0.162,2.211,1.402,22.594,0.863,0.647,0.431,2.912,1.132,63.41,38.874,Celta Vigo,1
135,Serie A,2025,801,Pisa,123476,F. Stojilković,Filip,Stojilković,25.0,Switzerland,185,80,https://media.api-sports.io/football/players/123476.png,Attacker,13.0,8.0,659.0,6.46,0.0,0.0,9.0,4.0,68.0,2.0,72.0,2.0,1.0,0.0,4.0,2.0,28.0,5.0,,8.0,0.0,0.0,ST,0,W,0,0,56.0,0,,statistical_fallback,Attacker,ST,0.0,0.0,1.229,0.546,9.287,0.273,0.273,0.0,0.546,0.273,44.426,50.0,Pisa,1
78,Bundesliga,2025,157,Bayern München,125171,J. Stanišić,Josip,Stanišić,25.0,Croatia,186,77,https://media.api-sports.io/football/players/125171.png,Defender,26.0,19.0,1855.0,6.92,2.0,3.0,7.0,4.0,1258.0,24.0,89.0,28.0,8.0,18.0,16.0,10.0,129.0,73.0,11.0,8.0,1.0,0.0,FB,0,,0,0,61.5,0,,statistical_fallback,Defender,FB,0.097,0.146,0.34,0.194,61.035,1.164,1.358,0.873,0.776,0.485,57.059,62.5,Bayern München,1
78,Bundesliga,2025,160,SC Freiburg,125173,J. Adamu,Junior Chukwubuike,Adamu,24.0,Austria,183,79,https://media.api-sports.io/football/players/125173.png,Attacker,9.0,7.0,456.0,6.56,1.0,1.0,7.0,3.0,82.0,4.0,58.0,11.0,2.0,6.0,12.0,5.0,97.0,48.0,9.0,10.0,1.0,0.0,ST,0,W,0,0,55.5,0,,statistical_fallback,Attacker,ST,0.197,0.197,1.382,0.592,16.184,0.789,2.171,1.184,2.368,0.987,42.836,41.681,SC Freiburg,1
140,La Liga,2025,539,Levante,125239,K. Arriaga,Kervin Fabián,Arriaga Villanueva,27.0,Honduras,191,77,https://media.api-sports.io/football/players/125239.png,Midfielder,27.0,16.0,1544.0,6.96,3.0,3.0,12.0,6.0,715.0,7.0,82.0,41.0,14.0,14.0,19.0,8.0,204.0,116.0,22.0,22.0,7.0,0.0,CDM,0,CM,0,0,61.0,0,,statistical_fallback,Midfielder,CDM,0.175,0.175,0.699,0.35,41.677,0.408,2.39,0.816,1.108,0.466,50.072,42.058,Levante,1
78,Bundesliga,2025,180,1. FC Heidenheim,125720,S. Conteh,Sirlord Calvin,Conteh,29.0,Germany,178,78,https://media.api-sports.io/football/players/125720.png,Attacker,15.0,3.0,619.0,6.61,2.0,1.0,9.0,3.0,130.0,8.0,66.0,7.0,,4.0,9.0,3.0,64.0,29.0,10.0,7.0,1.0,0.0,ST,0,W,0,0,56.6,0,,statistical_fallback,Attacker,ST,0.291,0.145,1.309,0.436,18.901,1.163,1.018,0.582,1.309,0.436,33.308,33.308,1. FC Heidenheim,1
39,Premier League,2025,45,Everton,125743,Beto,Norberto Bercique,Gomes Betuncal,27.0,Portugal,194,88,https://media.api-sports.io/football/players/125743.png,Attacker,37.0,17.0,1614.0,6.62,9.0,1.0,32.0,17.0,208.0,12.0,62.0,15.0,5.0,1.0,41.0,14.0,337.0,133.0,12.0,33.0,3.0,0.0,ST,17,,0,17,100.0,0,ST:17,lineup_history,Attacker,ST,0.502,0.056,1.784,0.948,11.599,0.669,0.836,0.056,2.286,0.781,53.139,34.164,Everton,1
140,La Liga,2025,797,Elche,126640,D. Affengruber,David,Affengruber,24.0,Austria,185,79,https://media.api-sports.io/football/players/126640.png,Defender,36.0,33.0,2953.0,6.93,1.0,1.0,13.0,4.0,2074.0,8.0,87.0,74.0,26.0,51.0,17.0,12.0,290.0,185.0,35.0,34.0,7.0,1.0,CB,0,,0,0,60.6,0,,statistical_fallback,Defender,CB,0.03,0.03,0.396,0.122,63.21,0.244,2.255,1.554,0.518,0.366,30.808,70.656,Elche,1
78,Bundesliga,2025,161,VfL Wolfsburg,126642,P. Wimmer,Patrick,Wimmer,24.0,Austria,182,77,https://media.api-sports.io/football/players/126642.png,Midfielder,25.0,21.0,1634.0,6.92,4.0,3.0,19.0,8.0,494.0,16.0,65.0,47.0,2.0,25.0,75.0,38.0,321.0,149.0,33.0,28.0,4.0,0.0,W,0,CAM,0,0,56.3,0,,statistical_fallback,Midfielder,W,0.22,0.165,1.047,0.441,27.209,0.881,2.589,1.377,4.131,2.093,42.12,50.666,VfL Wolfsburg,1
135,Serie A,2025,504,Hellas Verona,126690,K. Bowie,Kieran,Bowie,23.0,Scotland,,,https://media.api-sports.io/football/players/126690.png,Attacker,14.0,14.0,1204.0,6.76,4.0,0.0,25.0,11.0,200.0,13.0,70.0,9.0,3.0,0.0,15.0,5.0,185.0,71.0,27.0,34.0,1.0,0.0,ST,0,,0,0,61.7,0,,statistical_fallback,Attacker,ST,0.299,0.0,1.869,0.822,14.95,0.972,0.673,0.0,1.121,0.374,43.981,33.363,Hellas Verona,1
61,Ligue 1,2025,94,Rennes,126757,L. Brassier,Lilian,Brassier,26.0,France,186,78,https://media.api-sports.io/football/players/126757.png,Defender,27.0,25.0,2252.0,6.8,0.0,1.0,8.0,2.0,1574.0,13.0,85.0,30.0,23.0,38.0,15.0,7.0,166.0,95.0,21.0,27.0,2.0,0.0,CB,0,,0,0,57.0,0,,statistical_fallback,Defender,CB,0.0,0.04,0.32,0.08,62.904,0.52,1.199,1.519,0.599,0.28,25.0,46.745,Rennes,1
135,Serie A,2025,520,Cremonese,126889,M. Collocolo,Michele,Collocolo,26.0,Italy,188,,https://media.api-sports.io/football/players/126889.png,Midfielder,8.0,5.0,363.0,6.44,0.0,0.0,1.0,1.0,118.0,2.0,81.0,3.0,2.0,1.0,1.0,1.0,21.0,9.0,2.0,2.0,1.0,0.0,CM,0,,0,0,58.0,0,,statistical_fallback,Midfielder,CM,0.0,0.0,0.248,0.248,29.256,0.496,0.744,0.248,0.248,0.248,100.0,100.0,Cremonese,1
39,Premier League,2025,52,Crystal Palace,126949,C. Richards,Christopher Jeffrey,Richards,25.0,USA,188,87,https://media.api-sports.io/football/players/126949.png,Defender,33.0,31.0,2826.0,6.9,1.0,0.0,8.0,2.0,1479.0,9.0,83.0,55.0,19.0,43.0,6.0,4.0,301.0,170.0,5.0,18.0,4.0,0.0,CB,31,,0,31,100.0,0,CB:31,lineup_history,Defender,CB,0.032,0.0,0.255,0.064,47.102,0.287,1.752,1.369,0.191,0.127,25.098,66.492,Crystal Palace,1
135,Serie A,2025,867,Lecce,126974,O. Gandelman,Omri,Gandelman,25.0,Israel,188,84,https://media.api-sports.io/football/players/126974.png,Midfielder,19.0,10.0,978.0,6.51,2.0,1.0,7.0,3.0,243.0,7.0,63.0,9.0,1.0,4.0,11.0,2.0,184.0,69.0,3.0,13.0,0.0,0.0,CM,0,,0,0,58.0,0,,statistical_fallback,Midfielder,CM,0.184,0.092,0.644,0.276,22.362,0.644,0.828,0.368,1.012,0.184,42.857,18.182,Lecce,1
135,Serie A,2025,520,Cremonese,126980,T. Barbieri,Tommaso,Barbieri,23.0,Italy,181,59,https://media.api-sports.io/football/players/126980.png,Defender,29.0,18.0,1713.0,6.72,0.0,1.0,9.0,2.0,536.0,10.0,73.0,45.0,8.0,13.0,33.0,16.0,231.0,112.0,26.0,40.0,8.0,0.0,FB,0,,0,0,62.1,0,,statistical_fallback,Defender,FB,0.0,0.053,0.473,0.105,28.161,0.525,2.364,0.683,1.734,0.841,22.199,48.501,Cremonese,1
135,Serie A,2025,496,Juventus,127011,A. Cambiaso,Andrea,Cambiaso,25.0,Italy,182,77,https://media.api-sports.io/football/players/127011.png,Midfielder,36.0,35.0,2794.0,6.91,3.0,4.0,23.0,13.0,1545.0,56.0,88.0,61.0,7.0,20.0,27.0,9.0,202.0,100.0,21.0,29.0,3.0,1.0,CAM,0,CM,0,0,59.1,0,,statistical_fallback,Midfielder,CAM,0.097,0.129,0.741,0.419,49.767,1.804,1.965,0.644,0.87,0.29,56.545,33.333,Juventus,1
135,Serie A,2025,520,Cremonese,127035,F. Baschirotto,Federico,Baschirotto,29.0,Italy,184,90,https://media.api-sports.io/football/players/127035.png,Defender,29.0,29.0,2541.0,6.82,2.0,0.0,9.0,5.0,1316.0,2.0,86.0,26.0,33.0,26.0,2.0,1.0,193.0,93.0,9.0,45.0,2.0,0.0,CB,0,,0,0,61.5,0,,statistical_fallback,Defender,CB,0.071,0.0,0.319,0.177,46.612,0.071,0.921,0.921,0.071,0.035,55.486,49.296,Cremonese,1
135,Serie A,2025,488,Sassuolo,127413,A. Vranckx,Aster Jan,Vranckx,23.0,Belgium,183,78,https://media.api-sports.io/football/players/127413.png,Midfielder,16.0,9.0,692.0,6.55,0.0,0.0,2.0,1.0,245.0,2.0,84.0,16.0,,0.0,13.0,3.0,92.0,44.0,17.0,16.0,2.0,0.0,CM,0,,0,0,58.0,0,,statistical_fallback,Midfielder,CM,0.0,0.0,0.26,0.13,31.864,0.26,2.081,0.0,1.691,0.39,50.0,23.063,Sassuolo,1
140,La Liga,2025,540,Espanyol,127426,Pol Lozano,Pol,Lozano Vizuete,26.0,Spain,177,62,https://media.api-sports.io/football/players/127426.png,Midfielder,33.0,28.0,2182.0,6.66,2.0,1.0,9.0,5.0,945.0,23.0,87.0,38.0,6.0,22.0,11.0,3.0,215.0,82.0,30.0,64.0,11.0,0.0,CM,0,,0,0,58.0,0,,statistical_fallback,Midfielder,CM,0.082,0.041,0.371,0.206,38.978,0.949,1.567,0.907,0.454,0.124,55.526,27.313,Espanyol,1
78,Bundesliga,2025,182,Union Berlin,127471,C. Klaus,Carl Friedrich Georg,Klaus,31.0,Germany,189,86,https://media.api-sports.io/football/players/127471.png,Goalkeeper,4.0,3.0,329.0,7.25,0.0,0.0,0.0,0.0,109.0,0.0,61.0,0.0,,0.0,0.0,0.0,2.0,2.0,,,0.0,0.0,GK,0,,0,0,100.0,0,,statistical_fallback,Goalkeeper,GK,0.0,0.0,0.0,0.0,29.818,0.0,0.0,0.0,0.0,0.0,0.0,0.0,Union Berlin,1
78,Bundesliga,2025,180,1. FC Heidenheim,127619,J. Schöppner,Jan,Schöppner,26.0,Germany,190,78,https://media.api-sports.io/football/players/127619.png,Midfielder,31.0,29.0,2260.0,6.66,3.0,3.0,15.0,7.0,697.0,14.0,68.0,32.0,11.0,34.0,32.0,11.0,247.0,107.0,17.0,20.0,5.0,0.0,CDM,0,CM,0,0,58.0,0,,statistical_fallback,Midfielder,CDM,0.119,0.119,0.597,0.279,27.757,0.558,1.274,1.354,1.274,0.438,46.734,34.38,1. FC Heidenheim,1
39,Premier League,2025,42,Arsenal,127769,Gabriel Martinelli,Gabriel Teodoro,Martinelli Silva,24.0,Brazil,178,75,https://media.api-sports.io/football/players/127769.png,Attacker,30.0,11.0,1079.0,6.6,1.0,4.0,22.0,13.0,260.0,13.0,72.0,12.0,1.0,1.0,38.0,21.0,130.0,54.0,14.0,10.0,3.0,0.0,LW,11,,0,11,100.0,0,LW:11,lineup_history,Attacker,LW,0.083,0.334,1.835,1.084,21.687,1.084,1.001,0.083,3.17,1.752,59.074,55.268,Arsenal,1
39,Premier League,2025,42,Arsenal,127817,P. Hincapié,Piero Martín,Hincapié Reyna,23.0,Ecuador,184,77,https://media.api-sports.io/football/players/127817.png,Defender,25.0,20.0,1792.0,6.92,1.0,2.0,2.0,2.0,838.0,13.0,88.0,48.0,9.0,26.0,14.0,7.0,172.0,100.0,14.0,18.0,2.0,0.0,LB,13,CB,7,20,65.0,0,LB:13 | CB:7,lineup_history,Defender,LB,0.05,0.1,0.1,0.1,42.087,0.653,2.411,1.306,0.703,0.352,100.0,50.071,Arsenal,1
61,Ligue 1,2025,106,Stade Brestois 29,128287,J. Chotard,Joris,Chotard,24.0,France,179,70,https://media.api-sports.io/football/players/128287.png,Midfielder,33.0,31.0,2777.0,6.93,2.0,1.0,18.0,8.0,1190.0,11.0,80.0,66.0,14.0,47.0,12.0,4.0,194.0,107.0,12.0,28.0,2.0,0.0,CDM,0,CM,0,0,61.5,0,,statistical_fallback,Midfielder,CDM,0.065,0.032,0.583,0.259,38.567,0.356,2.139,1.523,0.389,0.13,44.425,33.419,Stade Brestois 29,1
135,Serie A,2025,488,Sassuolo,128338,W. Coulibaly,Woyo,Coulibaly,26.0,France,188,77,https://media.api-sports.io/football/players/128338.png,Defender,20.0,9.0,1048.0,6.64,0.0,0.0,3.0,1.0,435.0,4.0,90.0,24.0,4.0,9.0,11.0,8.0,96.0,50.0,12.0,15.0,2.0,0.0,FB,0,,0,0,58.7,0,,statistical_fallback,Defender,FB,0.0,0.0,0.258,0.086,37.357,0.344,2.061,0.773,0.945,0.687,33.333,72.698,Sassuolo,1
61,Ligue 1,2025,111,Le Havre,128342,R. Ndiaye,Rassoul,Ndiaye,24.0,Senegal,179,70,https://media.api-sports.io/football/players/128342.png,Midfielder,33.0,30.0,2573.0,7.03,4.0,4.0,22.0,9.0,863.0,29.0,83.0,68.0,2.0,16.0,40.0,22.0,262.0,142.0,37.0,22.0,2.0,0.0,CM,0,,0,0,58.0,0,,statistical_fallback,Midfielder,CM,0.14,0.14,0.77,0.315,30.187,1.014,2.379,0.56,1.399,0.77,40.909,55.039,Le Havre,1
61,Ligue 1,2025,85,Paris Saint Germain,128384,Vitinha,Vítor,Machado Ferreira,25.0,Portugal,172,64,https://media.api-sports.io/football/players/128384.png,Midfielder,29.0,24.0,2121.0,7.58,1.0,7.0,24.0,10.0,2743.0,34.0,93.0,24.0,5.0,27.0,18.0,13.0,105.0,62.0,21.0,14.0,2.0,0.0,CAM,0,CM,0,0,61.5,0,,statistical_fallback,Midfielder,CAM,0.042,0.297,1.018,0.424,116.393,1.443,1.018,1.146,0.764,0.552,41.65,72.251,Paris Saint Germain,1
140,La Liga,2025,531,Athletic Club,128398,Oihan Sancet,Oihan,Sancet Tirapu,25.0,Spain,188,73,https://media.api-sports.io/football/players/128398.png,Midfielder,28.0,22.0,1803.0,6.61,4.0,0.0,37.0,15.0,596.0,27.0,81.0,25.0,2.0,4.0,30.0,16.0,199.0,88.0,28.0,28.0,4.0,1.0,CAM,0,CM,0,0,61.5,0,,statistical_fallback,Midfielder,CAM,0.2,0.0,1.847,0.749,29.75,1.348,1.248,0.2,1.498,0.799,40.552,53.338,Athletic Club,1
135,Serie A,2025,500,Bologna,128461,N. Zortea,Nadir,Zortea,26.0,Italy,175,70,https://media.api-sports.io/football/players/128461.png,Defender,32.0,16.0,1818.0,6.68,0.0,2.0,10.0,1.0,777.0,24.0,79.0,26.0,6.0,20.0,42.0,20.0,176.0,80.0,17.0,28.0,2.0,0.0,FB,0,,0,0,65.2,0,,statistical_fallback,Defender,FB,0.0,0.099,0.495,0.05,38.465,1.188,1.287,0.99,2.079,0.99,10.101,47.619,Bologna,1
135,Serie A,2025,867,Lecce,128478,W. Cheddira,Walid,Cheddira,27.0,Morocco,187,80,https://media.api-sports.io/football/players/128478.png,Attacker,17.0,11.0,1003.0,6.69,3.0,1.0,18.0,10.0,147.0,8.0,68.0,4.0,2.0,2.0,17.0,7.0,133.0,53.0,25.0,20.0,2.0,0.0,ST,0,,0,0,57.1,0,,statistical_fallback,Attacker,ST,0.269,0.09,1.615,0.897,13.19,0.718,0.359,0.179,1.525,0.628,55.542,41.18,Lecce,1
78,Bundesliga,2025,172,VfB Stuttgart,128533,J. Leweling,Jamie,Leweling,24.0,Germany,185,86,https://media.api-sports.io/football/players/128533.png,Midfielder,32.0,26.0,2375.0,7.03,7.0,9.0,30.0,18.0,755.0,41.0,77.0,22.0,2.0,14.0,68.0,31.0,225.0,108.0,44.0,17.0,4.0,0.0,W,0,CAM,0,0,55.2,0,,statistical_fallback,Midfielder,W,0.265,0.341,1.137,0.682,28.611,1.554,0.834,0.531,2.577,1.175,59.982,45.596,VfB Stuttgart,1
140,La Liga,2025,728,Rayo Vallecano,128582,Jorge de Frutos,Jorge,de Frutos Sebastián,28.0,Spain,173,72,https://media.api-sports.io/football/players/128582.png,Attacker,36.0,31.0,2483.0,6.94,10.0,1.0,51.0,28.0,398.0,31.0,76.0,31.0,,11.0,59.0,28.0,267.0,116.0,39.0,34.0,3.0,0.0,ST,0,W,0,0,56.3,0,,statistical_fallback,Attacker,ST,0.362,0.036,1.849,1.015,14.426,1.124,1.124,0.399,2.139,1.015,54.895,47.452,Rayo Vallecano,1
78,Bundesliga,2025,182,Union Berlin,128853,D. Köhn,Derrick Arthur,Köhn,27.0,Germany,180,73,https://media.api-sports.io/football/players/128853.png,Defender,29.0,21.0,1910.0,6.75,1.0,2.0,19.0,5.0,557.0,26.0,76.0,34.0,5.0,8.0,26.0,11.0,152.0,67.0,16.0,33.0,5.0,1.0,FB,0,,0,0,68.0,0,,statistical_fallback,Defender,FB,0.047,0.094,0.895,0.236,26.246,1.225,1.602,0.377,1.225,0.518,26.369,42.286,Union Berlin,1
140,La Liga,2025,542,Alaves,128951,Víctor Parada,Víctor,Parada González,23.0,Spain,185,76,https://media.api-sports.io/football/players/128951.png,Defender,30.0,25.0,2165.0,6.49,0.0,3.0,10.0,2.0,764.0,14.0,82.0,33.0,11.0,10.0,13.0,8.0,177.0,88.0,15.0,29.0,8.0,0.0,FB,0,,0,0,63.3,0,,statistical_fallback,Defender,FB,0.0,0.125,0.416,0.083,31.76,0.582,1.372,0.416,0.54,0.333,19.952,61.667,Alaves,1
140,La Liga,2025,539,Levante,128985,Iker Losada,Iker,Losada Aragunde,24.0,Spain,175,70,https://media.api-sports.io/football/players/128985.png,Attacker,23.0,10.0,909.0,6.6,3.0,1.0,11.0,4.0,228.0,11.0,71.0,13.0,2.0,11.0,15.0,6.0,70.0,29.0,7.0,6.0,1.0,0.0,ST,0,W,0,0,58.3,0,,statistical_fallback,Attacker,ST,0.297,0.099,1.089,0.396,22.574,1.089,1.287,1.089,1.485,0.594,36.364,40.0,Levante,1
61,Ligue 1,2025,84,Nice,128987,S. Abdul Samed,Salis Abdul,Samed,25.0,Ghana,179,69,https://media.api-sports.io/football/players/128987.png,Midfielder,19.0,12.0,933.0,6.49,0.0,0.0,1.0,0.0,442.0,1.0,91.0,11.0,1.0,10.0,8.0,2.0,79.0,29.0,10.0,19.0,3.0,0.0,CM,0,,0,0,58.0,0,,statistical_fallback,Midfielder,CM,0.0,0.0,0.096,0.0,42.637,0.096,1.061,0.965,0.772,0.193,0.0,25.0,Nice,1
39,Premier League,2025,50,Manchester City,129033,J. Gvardiol,Joško,Gvardiol,23.0,Croatia,185,80,https://media.api-sports.io/football/players/129033.png,Defender,18.0,16.0,1386.0,7.01,2.0,2.0,13.0,6.0,1045.0,6.0,89.0,18.0,10.0,15.0,6.0,2.0,104.0,56.0,7.0,16.0,2.0,0.0,CB,14,LB,2,16,87.5,0,CB:14 | LB:2,lineup_history,Defender,CB,0.13,0.13,0.844,0.39,67.857,0.39,1.169,0.974,0.39,0.13,46.209,33.333,Manchester City,1
39,Premier League,2025,51,Brighton,129058,B. Verbruggen,Bart,Verbruggen,23.0,Netherlands,193,66,https://media.api-sports.io/football/players/129058.png,Goalkeeper,38.0,38.0,3420.0,7.05,0.0,0.0,0.0,0.0,1553.0,1.0,76.0,1.0,,0.0,1.0,1.0,21.0,16.0,3.0,2.0,3.0,0.0,GK,38,,0,38,100.0,0,GK:38,lineup_history,Goalkeeper,GK,0.0,0.0,0.0,0.0,40.868,0.026,0.026,0.0,0.026,0.026,0.0,100.0,Brighton,1
135,Serie A,2025,895,Como,129119,I. Van der Brempt,Ignace,Van der Brempt,23.0,Belgium,187,76,https://media.api-sports.io/football/players/129119.png,Defender,20.0,11.0,943.0,6.82,0.0,1.0,2.0,0.0,468.0,5.0,85.0,30.0,,8.0,15.0,6.0,110.0,62.0,15.0,19.0,2.0,0.0,FB,0,,0,0,62.4,0,,statistical_fallback,Defender,FB,0.0,0.095,0.191,0.0,44.666,0.477,2.863,0.764,1.432,0.573,0.0,40.014,Como,1
39,Premier League,2025,63,Leeds,129142,I. Gruev,Ilia,Iliev Gruev,25.0,Bulgaria,185,72,https://media.api-sports.io/football/players/129142.png,Midfielder,23.0,15.0,1334.0,6.7,0.0,3.0,6.0,1.0,584.0,11.0,89.0,24.0,6.0,15.0,7.0,6.0,113.0,52.0,9.0,16.0,3.0,0.0,CM,14,CDM,1,15,93.3,0,CM:14 | CDM:1,lineup_history,Midfielder,CM,0.0,0.202,0.405,0.067,39.4,0.742,1.619,1.012,0.472,0.405,16.543,85.805,Leeds,1
135,Serie A,2025,497,AS Roma,129643,E. Ferguson,Evan Joe,Ferguson,21.0,Republic of Ireland,183,78,https://media.api-sports.io/football/players/129643.png,Attacker,16.0,10.0,776.0,6.54,3.0,2.0,25.0,15.0,165.0,15.0,76.0,7.0,1.0,1.0,17.0,8.0,112.0,34.0,9.0,11.0,1.0,0.0,ST,0,W,0,0,55.6,0,,statistical_fallback,Attacker,ST,0.348,0.232,2.899,1.74,19.137,1.74,0.812,0.116,1.972,0.928,60.021,47.059,AS Roma,1
140,La Liga,2025,547,Girona,129678,A. Ounahi,Azzedine,Ounahi,25.0,Morocco,182,62,https://media.api-sports.io/football/players/129678.png,Midfielder,24.0,20.0,1766.0,7.27,5.0,2.0,35.0,19.0,907.0,36.0,85.0,23.0,1.0,16.0,132.0,69.0,310.0,159.0,63.0,18.0,7.0,0.0,W,0,CAM,0,0,55.9,0,,statistical_fallback,Midfielder,W,0.255,0.102,1.784,0.968,46.223,1.835,1.172,0.815,6.727,3.516,54.26,52.267,Girona,1
61,Ligue 1,2025,94,Rennes,129681,A. Rouault,Anthony,Rouault,24.0,France,186,77,https://media.api-sports.io/football/players/129681.png,Defender,21.0,19.0,1724.0,7.06,1.0,0.0,6.0,3.0,1199.0,6.0,88.0,25.0,20.0,19.0,4.0,3.0,157.0,81.0,8.0,26.0,5.0,0.0,CB,0,,0,0,61.8,0,,statistical_fallback,Defender,CB,0.052,0.0,0.313,0.157,62.593,0.313,1.305,0.992,0.209,0.157,50.16,75.12,Rennes,1
39,Premier League,2025,35,Bournemouth,129682,A. Adli,Amine,Adli,25.0,Morocco,174,72,https://media.api-sports.io/football/players/129682.png,Attacker,31.0,10.0,1106.0,6.81,3.0,1.0,14.0,9.0,413.0,16.0,77.0,36.0,2.0,7.0,22.0,8.0,180.0,96.0,22.0,29.0,2.0,0.0,LW,7,RW,3,10,70.0,0,LW:7 | RW:3,lineup_history,Attacker,LW,0.244,0.081,1.139,0.732,33.608,1.302,2.929,0.57,1.79,0.651,64.267,36.369,Bournemouth,1
78,Bundesliga,2025,175,Hamburger SV,129693,R. Philippe,Rayan,Philippe,25.0,France,182,78,https://media.api-sports.io/football/players/129693.png,Attacker,28.0,13.0,1292.0,6.57,5.0,0.0,30.0,16.0,204.0,16.0,69.0,20.0,,4.0,37.0,12.0,148.0,48.0,9.0,24.0,2.0,0.0,ST,0,,0,0,57.9,0,,statistical_fallback,Attacker,ST,0.348,0.0,2.09,1.115,14.211,1.115,1.393,0.279,2.577,0.836,53.349,32.441,Hamburger SV,1
39,Premier League,2025,65,Nottingham Forest,129695,D. Bakwa,Dilane,Bakwa,23.0,France,180,75,https://media.api-sports.io/football/players/129695.png,Attacker,14.0,6.0,552.0,6.61,0.0,2.0,7.0,3.0,195.0,11.0,78.0,4.0,1.0,0.0,21.0,8.0,64.0,27.0,14.0,9.0,1.0,0.0,RW,3,LM,1,6,50.0,0,RW:3 | LM:1 | RM:1 | CAM:1,lineup_history,Attacker,RW,0.0,0.326,1.141,0.489,31.793,1.793,0.652,0.0,3.424,1.304,42.857,38.084,Nottingham Forest,1
39,Premier League,2025,52,Tottenham | Crystal Palace,129711,B. Johnson,Brennan Price,Johnson,24.0,Wales,186,73,https://media.api-sports.io/football/players/129711.png,Attacker,18.0,13.0,1752.0,6.572,0.0,1.0,11.0,3.0,242.0,13.0,63.0,16.0,,2.0,19.0,6.0,106.0,43.0,11.0,18.0,4.0,0.0,CAM,9,LW,4,19,47.4,0,CAM:9 | LW:4 | RW:4 | RWB:1 | RM:1,lineup_history,Attacker,CAM,0.103,0.051,0.822,0.257,19.623,0.976,1.49,0.206,1.489,0.462,31.238,31.023,Tottenham | Crystal Palace,2
140,La Liga,2025,541,Real Madrid,129718,J. Bellingham,Jude Victor William,Bellingham,22.0,England,186,75,https://media.api-sports.io/football/players/129718.png,Midfielder,28.0,22.0,1917.0,7.28,6.0,4.0,32.0,26.0,1177.0,36.0,89.0,51.0,2.0,14.0,67.0,37.0,307.0,177.0,55.0,33.0,3.0,0.0,W,0,CAM,0,0,55.1,0,,statistical_fallback,Midfielder,W,0.282,0.188,1.502,1.221,55.258,1.69,2.394,0.657,3.146,1.737,81.292,55.213,Real Madrid,1
78,Bundesliga,2025,165,Borussia Dortmund,129791,Fábio Silva,Fábio Daniel,Soares Silva,23.0,Portugal,185,75,https://media.api-sports.io/football/players/129791.png,Attacker,28.0,7.0,828.0,6.58,2.0,6.0,14.0,8.0,268.0,17.0,72.0,7.0,1.0,2.0,29.0,12.0,130.0,43.0,10.0,19.0,3.0,0.0,W,0,,0,0,61.5,0,,statistical_fallback,Attacker,W,0.217,0.652,1.522,0.87,29.13,1.848,0.761,0.217,3.152,1.304,57.162,41.371,Borussia Dortmund,1
135,Serie A,2025,492,Napoli,130423,B. Gilmour,Billy Clifford,Gilmour,24.0,Scotland,170,60,https://media.api-sports.io/football/players/130423.png,Midfielder,17.0,8.0,802.0,7.05,1.0,0.0,6.0,3.0,792.0,7.0,90.0,14.0,1.0,11.0,11.0,9.0,62.0,35.0,7.0,9.0,1.0,0.0,CM,0,,0,0,58.0,0,,statistical_fallback,Midfielder,CM,0.112,0.0,0.673,0.337,88.878,0.786,1.571,1.234,1.234,1.01,50.074,81.848,Napoli,1
140,La Liga,2025,728,Rayo Vallecano,131546,Isi Palazón,Isaac,Palazón Camacho,31.0,Spain,169,71,https://media.api-sports.io/football/players/131546.png,Midfielder,31.0,27.0,2262.0,6.72,3.0,3.0,37.0,16.0,871.0,39.0,82.0,29.0,6.0,3.0,48.0,23.0,273.0,123.0,51.0,36.0,10.0,1.0,W,0,CAM,0,0,56.0,0,,statistical_fallback,Midfielder,W,0.119,0.119,1.472,0.637,34.655,1.552,1.154,0.119,1.91,0.915,43.274,47.906,Rayo Vallecano,1
140,La Liga,2025,718,Oviedo,131548,Lucas Ahijado,Lucas,Ahijado Quintana,30.0,Spain,173,67,https://media.api-sports.io/football/players/131548.png,Defender,20.0,11.0,1100.0,6.65,0.0,1.0,6.0,2.0,427.0,9.0,79.0,46.0,4.0,17.0,27.0,16.0,114.0,72.0,3.0,14.0,3.0,0.0,FB,0,,0,0,61.1,0,,statistical_fallback,Defender,FB,0.0,0.082,0.491,0.164,34.936,0.736,3.764,1.391,2.209,1.309,33.401,59.258,Oviedo,1
140,La Liga,2025,536,Sevilla,133110,T. Nianzou,Tanguy-Austin,Nianzou Kouassi,23.0,France,187,83,https://media.api-sports.io/football/players/133110.png,Defender,12.0,8.0,648.0,6.47,0.0,0.0,6.0,0.0,319.0,2.0,88.0,14.0,1.0,4.0,5.0,2.0,75.0,45.0,6.0,15.0,5.0,1.0,CB,0,,0,0,55.1,0,,statistical_fallback,Defender,CB,0.0,0.0,0.833,0.0,44.306,0.278,1.944,0.556,0.694,0.278,0.0,40.058,Sevilla,1
140,La Liga,2025,530,Atletico Madrid,133185,J. Cardoso,João Lucas,de Souza Cardoso,24.0,USA,186,78,https://media.api-sports.io/football/players/133185.png,Midfielder,15.0,12.0,892.0,6.84,0.0,0.0,1.0,0.0,499.0,3.0,88.0,38.0,6.0,16.0,10.0,5.0,138.0,69.0,14.0,23.0,5.0,0.0,CDM,0,CM,0,0,72.0,0,,statistical_fallback,Midfielder,CDM,0.0,0.0,0.101,0.0,50.348,0.303,3.834,1.614,1.009,0.504,0.0,49.95,Atletico Madrid,1
140,La Liga,2025,529,Barcelona,133609,Pedri,Pedro,González López,23.0,Spain,174,68,https://media.api-sports.io/football/players/133609.png,Midfielder,29.0,23.0,2107.0,7.54,2.0,9.0,16.0,10.0,2055.0,64.0,91.0,50.0,2.0,24.0,55.0,37.0,229.0,140.0,43.0,9.0,1.0,0.0,W,0,CAM,0,0,55.4,0,,statistical_fallback,Midfielder,W,0.085,0.384,0.683,0.427,87.779,2.734,2.136,1.025,2.349,1.58,62.518,67.263,Barcelona,1
135,Serie A,2025,487,Lazio,133729,T. Noslin,Tijjani,Noslin,26.0,Netherlands,180,75,https://media.api-sports.io/football/players/133729.png,Attacker,29.0,9.0,1181.0,6.77,4.0,2.0,30.0,13.0,372.0,16.0,81.0,7.0,3.0,3.0,31.0,17.0,149.0,68.0,23.0,19.0,5.0,0.0,ST,0,W,0,0,55.3,0,,statistical_fallback,Attacker,ST,0.305,0.152,2.286,0.991,28.349,1.219,0.533,0.229,2.362,1.296,43.351,54.869,Lazio,1
135,Serie A,2025,487,Lazio,134926,D. Maldini,Daniel,Maldini,24.0,Italy,188,83,https://media.api-sports.io/football/players/134926.png,Attacker,12.0,9.0,690.0,6.74,2.0,1.0,9.0,5.0,212.0,7.0,83.0,12.0,1.0,4.0,19.0,7.0,105.0,44.0,20.0,14.0,0.0,0.0,W,0,,0,0,58.0,0,,statistical_fallback,Attacker,W,0.261,0.13,1.174,0.652,27.652,0.913,1.565,0.522,2.478,0.913,55.537,36.844,Lazio,1
39,Premier League,2025,39,Wolves,135068,E. Agbadou,Emmanuel Elysee,Djedje Agbadou Badobre,28.0,Côte d'Ivoire,192,80,https://media.api-sports.io/football/players/135068.png,Defender,14.0,12.0,1101.0,6.85,0.0,0.0,7.0,3.0,659.0,4.0,83.0,32.0,15.0,13.0,5.0,4.0,105.0,67.0,5.0,10.0,1.0,1.0,CB,12,,0,12,100.0,0,CB:12,lineup_history,Defender,CB,0.0,0.0,0.572,0.245,53.869,0.327,2.616,1.063,0.409,0.327,42.832,79.951,Wolves,1
39,Premier League,2025,39,Wolves,135334,S. Bueno,Santiago Ignacio,Bueno Sciutto,27.0,Uruguay,190,76,https://media.api-sports.io/football/players/135334.png,Defender,29.0,28.0,2553.0,6.77,3.0,1.0,8.0,7.0,1083.0,10.0,86.0,50.0,21.0,27.0,2.0,0.0,201.0,109.0,11.0,30.0,4.0,0.0,CB,28,,0,28,100.0,0,CB:28,lineup_history,Defender,CB,0.106,0.035,0.282,0.247,38.179,0.353,1.763,0.952,0.071,0.0,87.589,0.0,Wolves,1
135,Serie A,2025,487,Lazio,135519,G. Isaksen,Gustav,Tang Isaksen,24.0,Denmark,181,68,https://media.api-sports.io/football/players/135519.png,Attacker,30.0,18.0,1598.0,6.8,5.0,1.0,34.0,19.0,514.0,17.0,80.0,16.0,3.0,7.0,71.0,27.0,223.0,110.0,57.0,18.0,0.0,0.0,ST,0,W,0,0,55.8,0,,statistical_fallback,Attacker,ST,0.282,0.056,1.915,1.07,28.949,0.957,0.901,0.394,3.999,1.521,55.875,38.035,Lazio,1
135,Serie A,2025,488,Sassuolo,135526,J. Doig,Josh Thomas,Doig,23.0,Scotland,189,71,https://media.api-sports.io/football/players/135526.png,Defender,30.0,22.0,1926.0,6.61,0.0,0.0,10.0,4.0,732.0,15.0,81.0,33.0,14.0,23.0,30.0,9.0,177.0,89.0,19.0,16.0,5.0,0.0,FB,0,,0,0,57.8,0,,statistical_fallback,Defender,FB,0.0,0.0,0.467,0.187,34.206,0.701,1.542,1.075,1.402,0.421,40.043,30.029,Sassuolo,1
61,Ligue 1,2025,79,Lille,135749,Félix Correia,Félix Alexandre,Andrade Sanches Correia,24.0,Portugal,178,64,https://media.api-sports.io/football/players/135749.png,Midfielder,34.0,26.0,2068.0,6.88,4.0,5.0,26.0,9.0,865.0,38.0,78.0,29.0,2.0,21.0,48.0,17.0,178.0,84.0,28.0,14.0,2.0,0.0,W,0,CAM,0,0,55.4,0,,statistical_fallback,Midfielder,W,0.174,0.218,1.132,0.392,37.645,1.654,1.262,0.914,2.089,0.74,34.629,35.424,Lille,1
61,Ligue 1,2025,91,Monaco,135775,Ansu Fati,Anssumane,Fati Vieira,23.0,Spain,178,66,https://media.api-sports.io/football/players/135775.png,Attacker,25.0,10.0,1086.0,6.82,11.0,0.0,33.0,24.0,427.0,15.0,82.0,15.0,,4.0,29.0,14.0,110.0,49.0,6.0,9.0,1.0,0.0,ST,0,,0,0,60.9,0,,statistical_fallback,Attacker,ST,0.912,0.0,2.735,1.989,35.387,1.243,1.243,0.331,2.403,1.16,72.724,48.273,Monaco,1
78,Bundesliga,2025,172,VfB Stuttgart,135883,R. Hendriks,Ramon,Hendriks,24.0,Netherlands,189,83,https://media.api-sports.io/football/players/135883.png,Defender,31.0,22.0,2033.0,6.76,0.0,3.0,4.0,0.0,1234.0,6.0,90.0,35.0,11.0,21.0,8.0,8.0,164.0,111.0,25.0,17.0,3.0,0.0,FB,0,,0,0,55.2,0,,statistical_fallback,Defender,FB,0.0,0.133,0.177,0.0,54.629,0.266,1.549,0.93,0.354,0.354,0.0,100.0,VfB Stuttgart,1
135,Serie A,2025,502,Fiorentina,136087,F. Parisi,Fabiano,Parisi,25.0,Italy,178,70,https://media.api-sports.io/football/players/136087.png,Defender,23.0,18.0,1527.0,6.98,1.0,1.0,16.0,7.0,639.0,19.0,84.0,21.0,6.0,20.0,55.0,31.0,211.0,124.0,66.0,14.0,6.0,0.0,FB,0,,0,0,61.2,0,,statistical_fallback,Defender,FB,0.059,0.059,0.943,0.413,37.662,1.12,1.238,1.179,3.242,1.827,43.796,56.354,Fiorentina,1
140,La Liga,2025,543,Real Betis,136117,Rodrigo Riquelme,Rodrigo,Riquelme Reche,25.0,Spain,173,66,https://media.api-sports.io/football/players/136117.png,Midfielder,25.0,7.0,838.0,6.6,1.0,1.0,16.0,7.0,307.0,14.0,83.0,16.0,,5.0,39.0,11.0,117.0,42.0,11.0,8.0,2.0,0.0,W,0,CAM,0,0,55.7,0,,statistical_fallback,Midfielder,W,0.107,0.107,1.718,0.752,32.971,1.504,1.718,0.537,4.189,1.181,43.772,28.193,Real Betis,1
39,Premier League,2025,42,Arsenal,136723,N. Madueke,Chukwunonso Tristan,Madueke,23.0,England,182,75,https://media.api-sports.io/football/players/136723.png,Attacker,26.0,16.0,1226.0,6.79,2.0,1.0,15.0,9.0,411.0,22.0,76.0,21.0,1.0,5.0,61.0,29.0,171.0,75.0,15.0,15.0,0.0,0.0,RW,14,LW,2,16,87.5,0,RW:14 | LW:2,lineup_history,Attacker,RW,0.147,0.073,1.101,0.661,30.171,1.615,1.542,0.367,4.478,2.129,60.036,47.544,Arsenal,1
78,Bundesliga,2025,172,VfB Stuttgart,137210,A. Stiller,Angelo,Stiller,24.0,Germany,183,77,https://media.api-sports.io/football/players/137210.png,Midfielder,34.0,30.0,2750.0,7.26,2.0,5.0,12.0,8.0,2329.0,56.0,88.0,49.0,7.0,30.0,24.0,14.0,240.0,140.0,44.0,18.0,1.0,0.0,CM,0,,0,0,58.0,0,,statistical_fallback,Midfielder,CM,0.065,0.164,0.393,0.262,76.222,1.833,1.604,0.982,0.785,0.458,66.667,58.344,VfB Stuttgart,1
61,Ligue 1,2025,83,Nantes,137296,Kwon Hyeok-Kyu,Hyeok-Kyu,Kwon,24.0,Korea Republic,190,77,https://media.api-sports.io/football/players/137296.png,Midfielder,12.0,9.0,764.0,6.79,0.0,0.0,1.0,0.0,221.0,0.0,86.0,15.0,8.0,7.0,1.0,0.0,64.0,33.0,10.0,11.0,2.0,0.0,CDM,0,CM,0,0,66.4,0,,statistical_fallback,Midfielder,CDM,0.0,0.0,0.118,0.0,26.034,0.0,1.767,0.825,0.118,0.0,0.0,0.0,Nantes,1
39,Premier League,2025,66,Crystal Palace | Aston Villa,137303,E. Guessand,Evann,Guessand,24.0,France,185,79,https://media.api-sports.io/football/players/137303.png,Attacker,13.0,6.0,933.0,6.525,0.0,1.0,7.0,5.0,93.0,4.0,81.0,18.0,3.0,1.0,25.0,7.0,103.0,44.0,12.0,11.0,0.0,0.0,RW,5,CAM,3,9,55.6,0,RW:5 | CAM:3 | LW:1,lineup_history,Attacker,RW,0.097,0.193,0.965,0.579,18.039,0.482,2.315,0.482,3.762,1.35,60.022,35.892,Crystal Palace | Aston Villa,2
135,Serie A,2025,499,Atalanta,137976,I. Hien,Isak Malcolm Kwaku,Hien,26.0,Sweden,191,88,https://media.api-sports.io/football/players/137976.png,Defender,28.0,20.0,1965.0,6.87,1.0,0.0,8.0,3.0,1135.0,2.0,92.0,49.0,16.0,29.0,9.0,4.0,239.0,122.0,21.0,36.0,5.0,0.0,CB,0,,0,0,63.1,0,,statistical_fallback,Defender,CB,0.046,0.0,0.366,0.137,51.985,0.092,2.244,1.328,0.412,0.183,37.432,44.417,Atalanta,1
140,La Liga,2025,532,Valencia,138776,L. Ramazani,Largie,Ramazani,24.0,Belgium,167,55,https://media.api-sports.io/football/players/138776.png,Attacker,27.0,11.0,1250.0,6.82,6.0,1.0,34.0,19.0,316.0,16.0,74.0,14.0,,14.0,55.0,22.0,164.0,59.0,20.0,17.0,4.0,0.0,W,0,ST,0,0,55.3,0,,statistical_fallback,Attacker,W,0.432,0.072,2.448,1.368,22.752,1.152,1.008,1.008,3.96,1.584,55.882,40.0,Valencia,1
39,Premier League,2025,65,Nottingham Forest,138780,N. Williams,Neco Shay,Williams,24.0,Wales,183,72,https://media.api-sports.io/football/players/138780.png,Defender,37.0,36.0,3206.0,6.93,2.0,3.0,28.0,19.0,1325.0,37.0,81.0,96.0,17.0,47.0,71.0,31.0,386.0,216.0,52.0,30.0,6.0,1.0,LB,27,RB,5,36,75.0,0,LB:27 | RB:5 | LWB:2 | RWB:2,lineup_history,Defender,LB,0.056,0.084,0.786,0.533,37.196,1.039,2.695,1.319,1.993,0.87,67.812,43.653,Nottingham Forest,1
39,Premier League,2025,34,Newcastle,138787,A. Gordon,Anthony Michael,Gordon,24.0,England,183,72,https://media.api-sports.io/football/players/138787.png,Attacker,26.0,24.0,1817.0,7.08,6.0,2.0,37.0,20.0,517.0,26.0,81.0,19.0,,3.0,71.0,33.0,214.0,101.0,40.0,13.0,3.0,1.0,LW,16,ST,8,24,66.7,0,LW:16 | ST:8,lineup_history,Attacker,LW,0.297,0.099,1.833,0.991,25.608,1.288,0.941,0.149,3.517,1.635,54.064,46.488,Newcastle,1
39,Premier League,2025,66,Aston Villa,138816,I. Maatsen,Ian Ethan,Maatsen,23.0,Netherlands,178,57,https://media.api-sports.io/football/players/138816.png,Defender,30.0,17.0,1627.0,6.59,0.0,1.0,14.0,5.0,715.0,26.0,86.0,43.0,1.0,19.0,51.0,21.0,207.0,101.0,19.0,17.0,2.0,0.0,LB,17,,0,17,100.0,0,LB:17,lineup_history,Defender,LB,0.0,0.055,0.774,0.277,39.551,1.438,2.379,1.051,2.821,1.162,35.788,41.191,Aston Villa,1
39,Premier League,2025,44,Burnley,138822,A. Broja,Armando,Broja,24.0,Albania,191,83,https://media.api-sports.io/football/players/138822.png,Attacker,24.0,8.0,874.0,6.4,1.0,1.0,8.0,6.0,151.0,5.0,69.0,6.0,,3.0,24.0,8.0,195.0,65.0,16.0,14.0,0.0,0.0,ST,8,,0,8,100.0,0,ST:8,lineup_history,Attacker,ST,0.103,0.103,0.824,0.618,15.549,0.515,0.618,0.309,2.471,0.824,75.0,33.347,Burnley,1
61,Ligue 1,2025,91,Monaco,138835,F. Balogun,Folarin Jerry,Balogun,24.0,USA,178,66,https://media.api-sports.io/football/players/138835.png,Attacker,30.0,26.0,2245.0,6.77,13.0,4.0,60.0,32.0,406.0,24.0,73.0,5.0,2.0,4.0,33.0,14.0,220.0,80.0,37.0,43.0,4.0,1.0,ST,0,,0,0,59.2,0,,statistical_fallback,Attacker,ST,0.521,0.16,2.405,1.283,16.276,0.962,0.2,0.16,1.323,0.561,53.347,42.404,Monaco,1
78,Bundesliga,2025,186,FC St. Pauli,138873,R. Jones,Ricky-Jade,Jones,23.0,England,183,69,https://media.api-sports.io/football/players/138873.png,Attacker,9.0,3.0,349.0,6.69,2.0,0.0,8.0,6.0,57.0,7.0,50.0,3.0,,2.0,6.0,4.0,62.0,24.0,7.0,8.0,1.0,0.0,ST,0,,0,0,61.6,0,,statistical_fallback,Attacker,ST,0.516,0.0,2.063,1.547,14.699,1.805,0.774,0.516,1.547,1.032,74.988,66.71,FC St. Pauli,1
39,Premier League,2025,65,Nottingham Forest,138908,E. Anderson,Elliot,Anderson,23.0,Scotland,179,69,https://media.api-sports.io/football/players/138908.png,Midfielder,38.0,37.0,3334.0,7.35,4.0,4.0,26.0,10.0,2383.0,55.0,85.0,104.0,16.0,40.0,91.0,50.0,542.0,298.0,80.0,57.0,8.0,0.0,CDM,30,CM,7,37,81.1,0,CDM:30 | CM:7,lineup_history,Midfielder,CDM,0.108,0.108,0.702,0.27,64.328,1.485,2.807,1.08,2.457,1.35,38.462,54.945,Nottingham Forest,1
78,Bundesliga,2025,165,Borussia Dortmund,138935,C. Chukwuemeka,Carney Chibueze,Chukwuemeka,22.0,England,187,77,https://media.api-sports.io/football/players/138935.png,Midfielder,28.0,8.0,939.0,6.68,2.0,0.0,12.0,2.0,383.0,11.0,85.0,21.0,1.0,6.0,47.0,22.0,137.0,64.0,15.0,11.0,2.0,0.0,W,0,CAM,0,0,57.3,0,,statistical_fallback,Midfielder,W,0.192,0.0,1.15,0.192,36.709,1.054,2.013,0.575,4.505,2.109,16.696,46.815,Borussia Dortmund,1
140,La Liga,2025,542,Alaves,139001,Pablo Ibáñez,Pablo,Ibáñez Lumbreras,27.0,Spain,179,74,https://media.api-sports.io/football/players/139001.png,Midfielder,37.0,28.0,2253.0,6.72,1.0,1.0,32.0,13.0,1009.0,19.0,85.0,58.0,10.0,22.0,71.0,31.0,361.0,181.0,66.0,38.0,7.0,0.0,W,0,CAM,0,0,56.2,0,,statistical_fallback,Midfielder,W,0.04,0.04,1.278,0.519,40.306,0.759,2.317,0.879,2.836,1.238,40.61,43.653,Alaves,1
140,La Liga,2025,798,Mallorca | Cagliari,140831,Zito Luvumbo,Zito André,Sebastião Luvumbo,23.0,Angola,171,65,https://media.api-sports.io/football/players/140831.png,Attacker,10.0,6.0,854.0,6.615,0.0,2.0,9.0,7.0,58.0,9.0,70.0,1.0,,0.0,23.0,9.0,78.0,32.0,21.0,13.0,2.0,0.0,W,0,,0,0,58.4,0,,statistical_fallback,Attacker,W,0.0,0.211,2.108,1.37,12.963,1.265,0.316,0.106,3.688,1.265,65.002,34.293,Mallorca | Cagliari,2
61,Ligue 1,2025,79,Lille,142691,Alexsandro Ribeiro,Alexsandro Victor,de Souza Ribeiro,26.0,Brazil,189,82,https://media.api-sports.io/football/players/142691.png,Defender,9.0,7.0,516.0,6.71,0.0,0.0,7.0,2.0,453.0,0.0,90.0,11.0,3.0,11.0,3.0,2.0,61.0,40.0,8.0,10.0,0.0,1.0,CB,0,,0,0,65.4,0,,statistical_fallback,Defender,CB,0.0,0.0,1.221,0.349,79.012,0.0,1.919,1.919,0.523,0.349,28.583,66.73,Lille,1
135,Serie A,2025,494,Udinese,143648,M. Okoye,Maduka Emilio,Okoye,26.0,Nigeria,197,94,https://media.api-sports.io/football/players/143648.png,Goalkeeper,30.0,30.0,2617.0,6.98,0.0,0.0,0.0,0.0,904.0,2.0,64.0,0.0,,0.0,0.0,0.0,12.0,9.0,4.0,2.0,1.0,1.0,GK,0,,0,0,100.0,0,,statistical_fallback,Goalkeeper,GK,0.0,0.0,0.0,0.0,31.089,0.069,0.0,0.0,0.0,0.0,0.0,0.0,Udinese,1
78,Bundesliga,2025,170,FC Augsburg,143831,R. Fellhauer,Robin Salvatore,Fellhauer,27.0,Germany,182,75,https://media.api-sports.io/football/players/143831.png,Midfielder,34.0,31.0,2810.0,6.82,3.0,2.0,24.0,9.0,903.0,31.0,75.0,57.0,9.0,24.0,34.0,15.0,275.0,144.0,33.0,24.0,2.0,0.0,CM,0,,0,0,58.0,0,,statistical_fallback,Midfielder,CM,0.096,0.064,0.769,0.288,28.922,0.993,1.826,0.769,1.089,0.48,37.451,44.077,FC Augsburg,1
61,Ligue 1,2025,97,Lorient,144319,S. Soumano,Sambou,Soumano,24.0,Senegal,182,69,https://media.api-sports.io/football/players/144319.png,Attacker,31.0,8.0,927.0,6.54,4.0,2.0,19.0,10.0,180.0,10.0,73.0,5.0,,4.0,14.0,5.0,149.0,56.0,18.0,16.0,2.0,0.0,ST,0,,0,0,58.7,0,,statistical_fallback,Attacker,ST,0.388,0.194,1.845,0.971,17.476,0.971,0.485,0.388,1.359,0.485,52.629,35.688,Lorient,1
135,Serie A,2025,487,Lazio,144740,F. Dele-Bashiru,Fisayo,Dele-Bashiru,24.0,England,176,70,https://media.api-sports.io/football/players/144740.png,Midfielder,24.0,11.0,1185.0,6.53,1.0,0.0,8.0,2.0,449.0,11.0,92.0,19.0,,3.0,13.0,5.0,74.0,31.0,3.0,8.0,0.0,0.0,CM,0,,0,0,58.0,0,,statistical_fallback,Midfielder,CM,0.076,0.0,0.608,0.152,34.101,0.835,1.443,0.228,0.987,0.38,25.0,38.501,Lazio,1
78,Bundesliga,2025,186,FC St. Pauli,146586,J. Fujita,Joel Chima,Fujita,23.0,Japan,175,76,https://media.api-sports.io/football/players/146586.png,Midfielder,32.0,31.0,2671.0,6.72,1.0,3.0,21.0,7.0,1176.0,30.0,76.0,68.0,4.0,33.0,85.0,47.0,312.0,148.0,19.0,37.0,6.0,0.0,W,0,CAM,0,0,56.4,0,,statistical_fallback,Midfielder,W,0.034,0.101,0.708,0.236,39.626,1.011,2.291,1.112,2.864,1.584,33.333,55.307,FC St. Pauli,1
140,La Liga,2025,727,Osasuna,146751,Raúl García,Raúl,García de Haro,25.0,Spain,192,70,https://media.api-sports.io/football/players/146751.png,Attacker,36.0,6.0,1042.0,6.72,7.0,1.0,33.0,23.0,234.0,12.0,67.0,15.0,2.0,7.0,31.0,15.0,170.0,85.0,15.0,12.0,2.0,1.0,ST,0,,0,0,61.1,0,,statistical_fallback,Attacker,ST,0.605,0.086,2.85,1.987,20.211,1.036,1.296,0.605,2.678,1.296,69.719,48.394,Osasuna,1
78,Bundesliga,2025,169,Eintracht Frankfurt,147831,A. Kalimuendo,Arnaud,Kalimuendo-Muinga,23.0,France,178,79,https://media.api-sports.io/football/players/147831.png,Attacker,19.0,17.0,1420.0,6.77,6.0,1.0,19.0,16.0,301.0,23.0,85.0,11.0,1.0,4.0,41.0,21.0,168.0,62.0,18.0,9.0,4.0,0.0,ST,0,W,0,0,57.4,0,,statistical_fallback,Attacker,ST,0.38,0.063,1.204,1.014,19.077,1.458,0.697,0.254,2.599,1.331,84.219,51.212,Eintracht Frankfurt,1
61,Ligue 1,2025,95,Strasbourg,147835,A. Omobamidele,Andrew Abiola,Omobamidele,23.0,Republic of Ireland,188,78,https://media.api-sports.io/football/players/147835.png,Defender,25.0,13.0,1375.0,6.83,1.0,0.0,4.0,3.0,1181.0,0.0,96.0,7.0,9.0,17.0,2.0,0.0,71.0,45.0,10.0,13.0,4.0,0.0,CB,0,,0,0,64.8,0,,statistical_fallback,Defender,CB,0.065,0.0,0.262,0.196,77.302,0.0,0.458,1.113,0.131,0.0,74.809,0.0,Strasbourg,1
135,Serie A,2025,499,Atalanta,147859,C. De Ketelaere,Charles Marc,De Ketelaere,24.0,Belgium,192,74,https://media.api-sports.io/football/players/147859.png,Attacker,31.0,26.0,2188.0,7.25,3.0,5.0,30.0,16.0,1016.0,63.0,78.0,24.0,2.0,5.0,102.0,51.0,346.0,153.0,36.0,23.0,4.0,0.0,W,0,,0,0,63.3,0,,statistical_fallback,Attacker,W,0.123,0.206,1.234,0.658,41.792,2.591,0.987,0.206,4.196,2.098,53.323,50.0,Atalanta,1
39,Premier League,2025,45,Everton,148099,K. Dewsbury-Hall,Kiernan Frank,Dewsbury-Hall,27.0,England,178,80,https://media.api-sports.io/football/players/148099.png,Midfielder,31.0,30.0,2635.0,7.15,8.0,4.0,28.0,15.0,1025.0,37.0,82.0,53.0,4.0,12.0,50.0,27.0,292.0,148.0,48.0,32.0,6.0,0.0,CAM,27,CDM,2,30,90.0,0,CAM:27 | CDM:2 | LW:1,lineup_history,Midfielder,CAM,0.273,0.137,0.956,0.512,35.009,1.264,1.81,0.41,1.708,0.922,53.556,53.981,Everton,1
78,Bundesliga,2025,186,FC St. Pauli,148448,A. Pyrka,Arkadiusz,Pyrka,23.0,Poland,177,72,https://media.api-sports.io/football/players/148448.png,Midfielder,31.0,30.0,2580.0,6.67,0.0,1.0,9.0,3.0,916.0,24.0,73.0,39.0,11.0,24.0,44.0,16.0,203.0,99.0,31.0,17.0,3.0,0.0,CM,0,,0,0,58.0,0,,statistical_fallback,Midfielder,CM,0.0,0.035,0.314,0.105,31.953,0.837,1.36,0.837,1.535,0.558,33.439,36.352,FC St. Pauli,1
61,Ligue 1,2025,108,Auxerre,152418,N. Ahamada,Naouirou Mohamed,Ahamada,23.0,France,183,73,https://media.api-sports.io/football/players/152418.png,Midfielder,15.0,8.0,687.0,6.77,0.0,1.0,5.0,1.0,265.0,6.0,86.0,10.0,1.0,5.0,16.0,8.0,54.0,29.0,8.0,5.0,0.0,0.0,CM,0,,0,0,58.0,0,,statistical_fallback,Midfielder,CM,0.0,0.131,0.655,0.131,34.716,0.786,1.31,0.655,2.096,1.048,20.0,50.0,Auxerre,1
39,Premier League,2025,40,Liverpool,152654,J. Frimpong,Jeremie Agyekum,Frimpong,25.0,Netherlands,171,63,https://media.api-sports.io/football/players/152654.png,Defender,21.0,12.0,1079.0,6.75,0.0,1.0,6.0,2.0,441.0,15.0,84.0,11.0,,6.0,33.0,18.0,118.0,57.0,21.0,8.0,1.0,0.0,RB,7,RW,4,12,58.3,0,RB:7 | RW:4 | CAM:1,lineup_history,Defender,RB,0.0,0.083,0.5,0.167,36.784,1.251,0.918,0.5,2.753,1.501,33.4,54.522,Liverpool,1
61,Ligue 1,2025,97,Lorient,152669,D. Yongwa,Darlin Zidane,Yongwa Ngameni,25.0,Cameroon,177,65,https://media.api-sports.io/football/players/152669.png,Defender,23.0,14.0,1312.0,6.53,0.0,1.0,5.0,2.0,638.0,17.0,82.0,32.0,2.0,11.0,28.0,13.0,172.0,85.0,22.0,14.0,4.0,1.0,FB,0,,0,0,63.1,0,,statistical_fallback,Defender,FB,0.0,0.069,0.343,0.137,43.765,1.166,2.195,0.755,1.921,0.892,39.942,46.434,Lorient,1
39,Premier League,2025,47,Tottenham,152849,M. van de Ven,Micky,van de Ven,24.0,Netherlands,193,81,https://media.api-sports.io/football/players/152849.png,Defender,35.0,35.0,3055.0,6.73,4.0,1.0,13.0,6.0,1762.0,6.0,90.0,39.0,22.0,23.0,15.0,11.0,218.0,119.0,22.0,29.0,9.0,1.0,CB,34,LB,1,35,97.1,0,CB:34 | LB:1,lineup_history,Defender,CB,0.118,0.029,0.383,0.177,51.908,0.177,1.149,0.678,0.442,0.324,46.214,73.303,Tottenham,1
39,Premier League,2025,35,Bournemouth,152856,Evanilson,Francisco Evanilson,de Lima Barbosa,26.0,Brazil,183,80,https://media.api-sports.io/football/players/152856.png,Attacker,36.0,32.0,2759.0,6.61,6.0,1.0,57.0,22.0,465.0,31.0,76.0,13.0,6.0,8.0,32.0,16.0,284.0,113.0,37.0,26.0,2.0,0.0,ST,32,,0,32,100.0,0,ST:32,lineup_history,Attacker,ST,0.196,0.033,1.859,0.718,15.169,1.011,0.424,0.261,1.044,0.522,38.623,50.0,Bournemouth,1
140,La Liga,2025,798,Mallorca,152955,L. Bergström,Lucas Carl Edvard,Bergström,23.0,Finland,205,82,https://media.api-sports.io/football/players/152955.png,Goalkeeper,5.0,5.0,450.0,7.1,0.0,0.0,0.0,0.0,145.0,0.0,53.0,0.0,,0.0,0.0,0.0,6.0,5.0,,,1.0,0.0,GK,0,,0,0,100.0,0,,statistical_fallback,Goalkeeper,GK,0.0,0.0,0.0,0.0,29.0,0.0,0.0,0.0,0.0,0.0,0.0,0.0,Mallorca,1
39,Premier League,2025,36,Fulham,152967,C. Bassey,Calvin,Bassey Ughelumba,26.0,Nigeria,185,76,https://media.api-sports.io/football/players/152967.png,Defender,30.0,28.0,2553.0,6.87,1.0,0.0,6.0,1.0,1707.0,10.0,87.0,62.0,21.0,22.0,20.0,10.0,245.0,151.0,40.0,28.0,5.0,0.0,CB,27,LB,1,28,96.4,0,CB:27 | LB:1,lineup_history,Defender,CB,0.035,0.0,0.212,0.035,60.176,0.353,2.186,0.776,0.705,0.353,16.509,50.071,Fulham,1
39,Premier League,2025,49,Chelsea,152982,C. Palmer,Cole Jermaine,Palmer,23.0,England,189,76,https://media.api-sports.io/football/players/152982.png,Midfielder,26.0,24.0,1978.0,7.04,10.0,1.0,43.0,25.0,819.0,25.0,85.0,25.0,,15.0,67.0,22.0,190.0,84.0,37.0,13.0,5.0,0.0,CAM,15,RW,7,24,62.5,0,CAM:15 | RW:7 | CM:1 | LW:1,lineup_history,Midfielder,CAM,0.455,0.046,1.957,1.138,37.265,1.138,1.138,0.683,3.049,1.001,58.15,32.83,Chelsea,1
135,Serie A,2025,504,Hellas Verona,153408,D. Oyegoke,Daniel Oladele,Akinbiyi Oyegoke,22.0,England,188,63,https://media.api-sports.io/football/players/153408.png,Defender,15.0,8.0,606.0,6.64,0.0,0.0,3.0,1.0,177.0,3.0,75.0,16.0,,7.0,12.0,7.0,70.0,35.0,5.0,13.0,2.0,0.0,FB,0,,0,0,61.6,0,,statistical_fallback,Defender,FB,0.0,0.0,0.446,0.149,26.287,0.446,2.376,1.04,1.782,1.04,33.408,58.361,Hellas Verona,1
39,Premier League,2025,34,Newcastle,153430,A. Elanga,Anthony David,Junior Elanga,23.0,Sweden,178,70,https://media.api-sports.io/football/players/153430.png,Attacker,32.0,14.0,1347.0,6.57,0.0,1.0,12.0,4.0,423.0,15.0,80.0,14.0,,3.0,42.0,13.0,153.0,65.0,25.0,8.0,0.0,0.0,RW,14,,0,14,100.0,0,RW:14,lineup_history,Attacker,RW,0.0,0.067,0.802,0.267,28.263,1.002,0.935,0.2,2.806,0.869,33.292,30.969,Newcastle,1
61,Ligue 1,2025,111,Le Havre,156465,I. Soumaré,Issa,Soumaré,25.0,Senegal,182,78,https://media.api-sports.io/football/players/156465.png,Attacker,34.0,33.0,2949.0,7.1,8.0,5.0,68.0,28.0,637.0,29.0,69.0,36.0,6.0,11.0,64.0,26.0,496.0,268.0,74.0,56.0,3.0,0.0,ST,0,,0,0,58.4,0,,statistical_fallback,Attacker,ST,0.244,0.153,2.075,0.855,19.44,0.885,1.099,0.336,1.953,0.793,41.205,40.604,Le Havre,1
39,Premier League,2025,50,Manchester City,156477,R. Cherki,Mathis Rayan,Cherki,22.0,France,180,71,https://media.api-sports.io/football/players/156477.png,Midfielder,33.0,19.0,1806.0,7.2,4.0,12.0,32.0,13.0,1271.0,61.0,86.0,26.0,1.0,7.0,105.0,50.0,241.0,111.0,34.0,16.0,1.0,0.0,CAM,12,CM,2,19,63.2,0,CAM:12 | CM:2 | LM:2 | RM:2 | RW:1,lineup_history,Midfielder,CAM,0.199,0.598,1.595,0.648,63.339,3.04,1.296,0.349,5.233,2.492,40.627,47.621,Manchester City,1
140,La Liga,2025,728,Rayo Vallecano,156488,Dani Cárdenas,Daniel,Cárdenas Lindez,28.0,Spain,186,80,https://media.api-sports.io/football/players/156488.png,Goalkeeper,4.0,4.0,360.0,7.75,0.0,0.0,0.0,0.0,123.0,0.0,69.0,1.0,,0.0,0.0,0.0,1.0,1.0,,,0.0,0.0,GK,0,,0,0,100.0,0,,statistical_fallback,Goalkeeper,GK,0.0,0.0,0.0,0.0,30.75,0.0,0.25,0.0,0.0,0.0,0.0,0.0,Rayo Vallecano,1
135,Serie A,2025,503,Torino,156490,N. Nkounkou,Niels Patrick,Nkounkou,25.0,France,184,75,https://media.api-sports.io/football/players/156490.png,Defender,11.0,3.0,361.0,6.86,0.0,1.0,3.0,1.0,117.0,6.0,80.0,16.0,1.0,8.0,12.0,8.0,53.0,29.0,3.0,4.0,3.0,0.0,FB,0,,0,0,62.8,0,,statistical_fallback,Defender,FB,0.0,0.249,0.748,0.249,29.169,1.496,3.989,1.994,2.992,1.994,33.289,66.644,Torino,1
39,Premier League,2025,42,Arsenal,157052,R. Calafiori,Riccardo,Calafiori,23.0,Italy,188,86,https://media.api-sports.io/football/players/157052.png,Defender,26.0,22.0,1707.0,6.92,1.0,2.0,22.0,8.0,756.0,9.0,85.0,32.0,5.0,15.0,24.0,16.0,184.0,104.0,10.0,26.0,5.0,0.0,LB,22,,0,22,100.0,0,LB:22,lineup_history,Defender,LB,0.053,0.105,1.16,0.422,39.859,0.475,1.687,0.791,1.265,0.844,36.379,66.719,Arsenal,1
140,La Liga,2025,797,Elche,157146,L. Pétrot,Léo,Pétrot,28.0,France,188,80,https://media.api-sports.io/football/players/157146.png,Defender,32.0,18.0,1615.0,6.65,0.0,0.0,4.0,0.0,950.0,2.0,86.0,37.0,15.0,15.0,7.0,3.0,134.0,80.0,6.0,19.0,2.0,1.0,CB,0,,0,0,60.6,0,,statistical_fallback,Defender,CB,0.0,0.0,0.223,0.0,52.941,0.111,2.062,0.836,0.39,0.167,0.0,42.821,Elche,1
61,Ligue 1,2025,112,Metz,157912,B. Traoré,Boubacar,Traoré,24.0,Mali,183,67,https://media.api-sports.io/football/players/157912.png,Midfielder,20.0,16.0,1391.0,6.69,1.0,0.0,15.0,3.0,622.0,4.0,86.0,47.0,1.0,14.0,26.0,18.0,177.0,92.0,5.0,32.0,4.0,0.0,CDM,0,CM,0,0,62.3,0,,statistical_fallback,Midfielder,CDM,0.065,0.0,0.971,0.194,40.244,0.259,3.041,0.906,1.682,1.165,19.979,69.263,Metz,1
140,La Liga,2025,538,Celta Vigo,157988,Sergio Carreira,Sergio,Carreira Vilariño,25.0,Spain,170,70,https://media.api-sports.io/football/players/157988.png,Defender,34.0,29.0,2693.0,6.8,2.0,1.0,11.0,7.0,1511.0,19.0,85.0,32.0,3.0,24.0,54.0,26.0,202.0,104.0,36.0,20.0,2.0,0.0,FB,0,,0,0,63.6,0,,statistical_fallback,Defender,FB,0.067,0.033,0.368,0.234,50.498,0.635,1.069,0.802,1.805,0.869,63.587,48.144,Celta Vigo,1
39,Premier League,2025,33,Manchester United,157997,A. Diallo,Amad,Diallo Traoré,23.0,Côte d'Ivoire,173,72,https://media.api-sports.io/football/players/157997.png,Attacker,32.0,27.0,2344.0,6.89,2.0,3.0,39.0,23.0,903.0,41.0,88.0,38.0,3.0,17.0,79.0,39.0,254.0,128.0,38.0,23.0,2.0,0.0,RW,12,RWB,10,27,44.4,0,RW:12 | RWB:10 | CAM:4 | LW:1,lineup_history,Attacker,RW,0.077,0.115,1.497,0.883,34.672,1.574,1.459,0.653,3.033,1.497,58.985,49.357,Manchester United,1
39,Premier League,2025,34,Newcastle,158054,N. Woltemade,Nick,Woltemade,23.0,Germany,198,90,https://media.api-sports.io/football/players/158054.png,Attacker,33.0,24.0,1939.0,6.66,8.0,3.0,24.0,13.0,384.0,22.0,76.0,24.0,2.0,5.0,35.0,13.0,241.0,92.0,20.0,20.0,0.0,0.0,ST,19,CAM,5,24,79.2,0,ST:19 | CAM:5,lineup_history,Attacker,ST,0.371,0.139,1.114,0.603,17.824,1.021,1.114,0.232,1.625,0.603,54.129,37.108,Newcastle,1
61,Ligue 1,2025,84,Nice,158065,Tiago Gouveia,Tiago Maria,Antunes Gouveia,25.0,Portugal,176,70,https://media.api-sports.io/football/players/158065.png,Forward,16.0,13.0,585.0,6.425,0.0,0.0,11.0,4.0,195.0,2.0,,8.0,1.0,9.0,23.0,7.0,65.0,27.0,10.0,6.0,2.0,0.0,W,0,ST,0,0,55.2,0,,statistical_fallback,Forward,W,0.0,0.0,1.692,0.615,30.0,0.308,1.231,1.385,3.538,1.077,36.348,30.441,Nice,1
61,Ligue 1,2025,112,Metz,158532,J. Fischer,Jonathan,Frost Fischer,24.0,Denmark,198,,https://media.api-sports.io/football/players/158532.png,Goalkeeper,27.0,26.0,2353.0,6.99,0.0,0.0,0.0,0.0,931.0,1.0,78.0,0.0,,0.0,0.0,0.0,14.0,12.0,4.0,,0.0,0.0,GK,0,,0,0,100.0,0,,statistical_fallback,Goalkeeper,GK,0.0,0.0,0.0,0.0,35.61,0.038,0.0,0.0,0.0,0.0,0.0,0.0,Metz,1
61,Ligue 1,2025,97,Lorient,158551,J. Mvuka,Joel,Mugisha Mvuka,23.0,Norway,176,66,https://media.api-sports.io/football/players/158551.png,Midfielder,15.0,5.0,572.0,6.58,0.0,0.0,6.0,1.0,148.0,4.0,79.0,22.0,,7.0,16.0,6.0,71.0,40.0,11.0,4.0,0.0,0.0,CDM,0,CM,0,0,61.3,0,,statistical_fallback,Midfielder,CDM,0.0,0.0,0.944,0.157,23.287,0.629,3.462,1.101,2.517,0.944,16.631,37.505,Lorient,1
78,Bundesliga,2025,165,Borussia Dortmund,158644,M. Beier,Maximilian,Beier,23.0,Germany,183,72,https://media.api-sports.io/football/players/158644.png,Attacker,32.0,24.0,2036.0,6.8,9.0,6.0,36.0,20.0,588.0,26.0,70.0,26.0,3.0,14.0,48.0,18.0,241.0,92.0,24.0,31.0,3.0,0.0,ST,0,W,0,0,56.6,0,,statistical_fallback,Attacker,ST,0.398,0.265,1.591,0.884,25.992,1.149,1.149,0.619,2.122,0.796,55.563,37.512,Borussia Dortmund,1
39,Premier League,2025,34,Newcastle,158694,T. Livramento,Valentino Francisco,Livramento,23.0,England,182,65,https://media.api-sports.io/football/players/158694.png,Defender,17.0,14.0,1328.0,6.8,0.0,1.0,1.0,0.0,653.0,11.0,88.0,22.0,2.0,6.0,32.0,14.0,111.0,61.0,16.0,7.0,1.0,0.0,RB,9,LB,3,14,64.3,0,RB:9 | LB:3 | LWB:1 | RWB:1,lineup_history,Defender,RB,0.0,0.068,0.068,0.0,44.255,0.745,1.491,0.407,2.169,0.949,0.0,43.753,Newcastle,1
39,Premier League,2025,65,Nottingham Forest,158697,J. McAtee,James John,McAtee,23.0,England,180,72,https://media.api-sports.io/football/players/158697.png,Midfielder,14.0,2.0,322.0,6.54,0.0,1.0,2.0,0.0,121.0,6.0,84.0,7.0,1.0,3.0,9.0,3.0,44.0,16.0,5.0,4.0,1.0,0.0,CAM,1,LM,1,2,50.0,0,CAM:1 | LM:1,lineup_history,Midfielder,CAM,0.0,0.28,0.559,0.0,33.82,1.677,1.957,0.839,2.516,0.839,0.0,33.347,Nottingham Forest,1
78,Bundesliga,2025,168,Bayer Leverkusen,158698,J. Quansah,Jarell,Amorin Quansah,22.0,England,190,84,https://media.api-sports.io/football/players/158698.png,Defender,28.0,25.0,2308.0,6.9,4.0,0.0,16.0,8.0,1638.0,11.0,90.0,28.0,14.0,27.0,27.0,14.0,172.0,103.0,21.0,18.0,9.0,0.0,CB,0,,0,0,55.3,0,,statistical_fallback,Defender,CB,0.156,0.0,0.624,0.312,63.873,0.429,1.092,1.053,1.053,0.546,50.0,51.852,Bayer Leverkusen,1
135,Serie A,2025,523,Parma,161569,O. Sørensen,Oliver,Sørensen Jensen,23.0,Denmark,184,78,https://media.api-sports.io/football/players/161569.png,Midfielder,34.0,19.0,1835.0,6.54,1.0,1.0,10.0,3.0,514.0,10.0,82.0,18.0,2.0,17.0,23.0,7.0,142.0,57.0,20.0,13.0,2.0,0.0,CM,0,,0,0,58.0,0,,statistical_fallback,Midfielder,CM,0.049,0.049,0.49,0.147,25.21,0.49,0.883,0.834,1.128,0.343,30.0,30.408,Parma,1
135,Serie A,2025,496,Juventus,161585,Francisco Conceição,Francisco,Fernandes da Conceição,23.0,Portugal,170,64,https://media.api-sports.io/football/players/161585.png,Attacker,31.0,27.0,2098.0,7.0,3.0,5.0,45.0,23.0,849.0,42.0,87.0,34.0,1.0,7.0,102.0,54.0,264.0,130.0,40.0,32.0,3.0,0.0,W,0,,0,0,60.6,0,,statistical_fallback,Attacker,W,0.129,0.214,1.93,0.987,36.42,1.802,1.459,0.3,4.376,2.316,51.14,52.925,Juventus,1
39,Premier League,2025,44,Burnley,161621,L. Tchaouna,Loum,Tchaouna,22.0,France,180,68,https://media.api-sports.io/football/players/161621.png,Attacker,29.0,14.0,1316.0,6.57,2.0,1.0,14.0,9.0,342.0,13.0,75.0,18.0,1.0,2.0,21.0,7.0,136.0,54.0,16.0,13.0,2.0,0.0,RM,7,RW,6,14,50.0,0,RM:7 | RW:6 | LW:1,lineup_history,Attacker,RM,0.137,0.068,0.957,0.616,23.389,0.889,1.231,0.137,1.436,0.479,64.368,33.357,Burnley,1
61,Ligue 1,2025,83,Nantes,161622,M. Abline,Matthis,Abline,22.0,France,176,67,https://media.api-sports.io/football/players/161622.png,Attacker,33.0,28.0,2514.0,6.95,6.0,4.0,55.0,23.0,415.0,30.0,70.0,20.0,,8.0,116.0,51.0,338.0,146.0,42.0,32.0,6.0,0.0,W,0,,0,0,58.4,0,,statistical_fallback,Attacker,W,0.215,0.143,1.969,0.823,14.857,1.074,0.716,0.286,4.153,1.826,41.798,43.968,Nantes,1
140,La Liga,2025,547,Girona,161670,V. Vanat,Vladyslav,Vanat,24.0,Ukraine,182,69,https://media.api-sports.io/football/players/161670.png,Attacker,27.0,27.0,1960.0,6.64,9.0,1.0,22.0,18.0,272.0,12.0,77.0,5.0,1.0,3.0,19.0,9.0,135.0,48.0,17.0,28.0,4.0,0.0,ST,0,,0,0,57.7,0,,statistical_fallback,Attacker,ST,0.413,0.046,1.01,0.827,12.49,0.551,0.23,0.138,0.872,0.413,81.881,47.362,Girona,1
61,Ligue 1,2025,85,Paris Saint Germain,161671,I. Zabarnyi,Illia,Zabarnyi,23.0,Ukraine,189,80,https://media.api-sports.io/football/players/161671.png,Defender,28.0,26.0,2387.0,7.15,1.0,0.0,3.0,3.0,2212.0,4.0,94.0,32.0,12.0,20.0,6.0,3.0,132.0,77.0,8.0,18.0,6.0,0.0,CB,0,,0,0,59.0,0,,statistical_fallback,Defender,CB,0.038,0.0,0.113,0.113,83.402,0.151,1.207,0.754,0.226,0.113,100.0,50.0,Paris Saint Germain,1
135,Serie A,2025,867,Lecce,161702,Danilo Veiga,Danilo Filipe,Melo Veiga,23.0,Portugal,183,78,https://media.api-sports.io/football/players/161702.png,Defender,36.0,33.0,3022.0,6.73,0.0,1.0,5.0,2.0,1003.0,21.0,70.0,97.0,14.0,32.0,64.0,21.0,402.0,215.0,47.0,44.0,9.0,0.0,FB,0,,0,0,60.4,0,,statistical_fallback,Defender,FB,0.0,0.03,0.149,0.06,29.871,0.625,2.889,0.953,1.906,0.625,40.268,32.791,Lecce,1
61,Ligue 1,2025,95,Strasbourg,161747,G. Doué,Guéla Maho Lewis,Doué,23.0,Côte d'Ivoire,187,84,https://media.api-sports.io/football/players/161747.png,Defender,24.0,23.0,2063.0,6.92,2.0,6.0,9.0,5.0,1248.0,19.0,87.0,50.0,9.0,27.0,33.0,18.0,282.0,150.0,24.0,42.0,3.0,0.0,FB,0,,0,0,58.7,0,,statistical_fallback,Defender,FB,0.087,0.262,0.393,0.218,54.445,0.829,2.181,1.178,1.44,0.785,55.471,54.514,Strasbourg,1
135,Serie A,2025,523,Parma,161859,G. Oristanio,Gaetano Pio,Oristanio,23.0,Italy,175,62,https://media.api-sports.io/football/players/161859.png,Midfielder,20.0,8.0,857.0,6.6,1.0,0.0,14.0,4.0,156.0,10.0,82.0,9.0,,2.0,31.0,15.0,120.0,52.0,20.0,13.0,1.0,0.0,W,0,CAM,0,0,58.0,0,,statistical_fallback,Midfielder,W,0.105,0.0,1.47,0.42,16.383,1.05,0.945,0.21,3.256,1.575,28.571,48.372,Parma,1
61,Ligue 1,2025,85,Paris Saint Germain,161904,B. Barcola,Bradley,Barcola,23.0,France,182,73,https://media.api-sports.io/football/players/161904.png,Attacker,29.0,21.0,1750.0,7.21,11.0,1.0,50.0,31.0,721.0,38.0,83.0,30.0,1.0,12.0,87.0,36.0,202.0,86.0,10.0,20.0,2.0,0.0,W,0,ST,0,0,55.3,0,,statistical_fallback,Attacker,W,0.566,0.051,2.571,1.594,37.08,1.954,1.543,0.617,4.474,1.851,61.999,41.372,Paris Saint Germain,1
39,Premier League,2025,49,Chelsea,161907,M. Gusto,Malo,Gusto,22.0,France,179,67,https://media.api-sports.io/football/players/161907.png,Defender,34.0,26.0,2267.0,6.66,2.0,3.0,9.0,6.0,1260.0,28.0,86.0,53.0,5.0,31.0,24.0,12.0,186.0,100.0,20.0,20.0,4.0,0.0,RB,19,LB,3,26,73.1,0,RB:19 | LB:3 | CDM:2 | RWB:2,lineup_history,Defender,RB,0.079,0.119,0.357,0.238,50.022,1.112,2.104,1.231,0.953,0.476,66.667,49.948,Chelsea,1
78,Bundesliga,2025,163,Borussia Mönchengladbach,161921,G. Reyna,Giovanni Alejandro,Reyna,23.0,USA,185,79,https://media.api-sports.io/football/players/161921.png,Midfielder,19.0,4.0,526.0,6.78,1.0,0.0,3.0,2.0,295.0,13.0,84.0,9.0,1.0,5.0,18.0,10.0,74.0,33.0,10.0,5.0,1.0,0.0,CM,0,,0,0,58.0,0,,statistical_fallback,Midfielder,CM,0.171,0.0,0.513,0.342,50.475,2.224,1.54,0.856,3.08,1.711,66.667,55.552,Borussia Mönchengladbach,1
78,Bundesliga,2025,169,Eintracht Frankfurt,161922,A. Knauff,Ansgar,Knauff,23.0,Germany,180,73,https://media.api-sports.io/football/players/161922.png,Attacker,28.0,12.0,1332.0,6.56,4.0,1.0,21.0,14.0,354.0,17.0,70.0,13.0,,9.0,27.0,11.0,151.0,49.0,12.0,26.0,3.0,0.0,ST,0,W,0,0,55.9,0,,statistical_fallback,Attacker,ST,0.27,0.068,1.419,0.946,23.919,1.149,0.878,0.608,1.824,0.743,66.667,40.735,Eintracht Frankfurt,1
140,La Liga,2025,529,Barcelona,161928,Alejandro Balde,Alejandro,Balde Martínez,22.0,Spain,177,76,https://media.api-sports.io/football/players/161928.png,Defender,28.0,21.0,1874.0,6.7,0.0,2.0,9.0,1.0,1194.0,24.0,91.0,35.0,10.0,5.0,39.0,23.0,158.0,93.0,25.0,14.0,2.0,0.0,FB,0,,0,0,62.9,0,,statistical_fallback,Defender,FB,0.0,0.096,0.432,0.048,57.343,1.153,1.681,0.24,1.873,1.105,11.111,58.996,Barcelona,1
39,Premier League,2025,50,Manchester City,161933,Nico González,Nicolás,González Iglesias,23.0,Spain,189,88,https://media.api-sports.io/football/players/161933.png,Midfielder,25.0,17.0,1587.0,7.0,1.0,0.0,5.0,2.0,1306.0,11.0,90.0,42.0,6.0,24.0,17.0,12.0,189.0,104.0,18.0,30.0,6.0,0.0,CM,11,CDM,6,17,64.7,0,CM:11 | CDM:6,lineup_history,Midfielder,CM,0.057,0.0,0.284,0.113,74.064,0.624,2.382,1.361,0.964,0.681,39.789,70.643,Manchester City,1
39,Premier League,2025,49,Chelsea,161948,L. Delap,Liam Rory,Delap,22.0,England,186,72,https://media.api-sports.io/football/players/161948.png,Attacker,28.0,12.0,1139.0,6.46,1.0,0.0,26.0,11.0,189.0,3.0,69.0,5.0,,1.0,13.0,10.0,151.0,59.0,19.0,25.0,4.0,0.0,ST,12,,0,12,100.0,0,ST:12,lineup_history,Attacker,ST,0.079,0.0,2.054,0.869,14.934,0.237,0.395,0.079,1.027,0.79,42.308,76.923,Chelsea,1
140,La Liga,2025,797,Elche,161963,Germán Valera,Germán,Valera Karabinaite,23.0,Spain,170,68,https://media.api-sports.io/football/players/161963.png,Attacker,36.0,33.0,2874.0,6.95,4.0,5.0,21.0,8.0,1153.0,46.0,87.0,55.0,8.0,23.0,79.0,38.0,313.0,176.0,71.0,40.0,4.0,1.0,ST,0,W,0,0,62.1,0,,statistical_fallback,Attacker,ST,0.125,0.157,0.658,0.251,36.106,1.441,1.722,0.72,2.474,1.19,38.146,48.1,Elche,1
39,Premier League,2025,51,Brighton,162007,M. De Cuyper,Maxim,De Cuyper,25.0,Belgium,182,72,https://media.api-sports.io/football/players/162007.png,Defender,30.0,17.0,1443.0,6.86,2.0,3.0,9.0,6.0,689.0,33.0,84.0,23.0,2.0,12.0,17.0,7.0,128.0,61.0,21.0,18.0,2.0,0.0,LB,11,LW,5,17,64.7,0,LB:11 | LW:5 | LWB:1,lineup_history,Defender,LB,0.125,0.187,0.561,0.374,42.973,2.058,1.435,0.748,1.06,0.437,66.667,41.226,Brighton,1
140,La Liga,2025,530,Atletico Madrid,162012,M. Ruggeri,Matteo,Ruggeri,23.0,Italy,187,69,https://media.api-sports.io/football/players/162012.png,Defender,26.0,20.0,1776.0,6.76,0.0,3.0,4.0,2.0,891.0,26.0,86.0,36.0,3.0,20.0,18.0,5.0,156.0,69.0,2.0,28.0,4.0,0.0,FB,0,,0,0,63.1,0,,statistical_fallback,Defender,FB,0.0,0.152,0.203,0.101,45.152,1.318,1.824,1.014,0.912,0.253,49.754,27.741,Atletico Madrid,1
39,Premier League,2025,47,Tottenham,162016,X. Simons,Xavier Quentin Shay,Simons,22.0,Netherlands,179,58,https://media.api-sports.io/football/players/162016.png,Attacker,28.0,19.0,1769.0,6.86,2.0,5.0,25.0,10.0,803.0,35.0,82.0,34.0,1.0,15.0,67.0,29.0,247.0,119.0,44.0,21.0,5.0,1.0,CAM,9,LW,7,19,47.4,0,CAM:9 | LW:7 | ST:2 | LM:1,lineup_history,Attacker,CAM,0.102,0.254,1.272,0.509,40.854,1.781,1.73,0.763,3.409,1.475,40.016,43.268,Tottenham,1
135,Serie A,2025,492,Napoli,162032,Miguel Gutiérrez,Miguel,Gutiérrez Ortega,24.0,Spain,180,73,https://media.api-sports.io/football/players/162032.png,Defender,28.0,15.0,1490.0,6.83,1.0,1.0,13.0,5.0,794.0,21.0,88.0,33.0,1.0,9.0,23.0,8.0,140.0,78.0,28.0,19.0,0.0,0.0,FB,0,,0,0,63.3,0,,statistical_fallback,Defender,FB,0.06,0.06,0.785,0.302,47.96,1.268,1.993,0.544,1.389,0.483,38.471,34.773,Napoli,1
78,Bundesliga,2025,168,Bayer Leverkusen,162037,M. Tillman,Malik Leon,Tillman,23.0,USA,187,71,https://media.api-sports.io/football/players/162037.png,Midfielder,29.0,18.0,1689.0,6.92,6.0,0.0,28.0,13.0,783.0,26.0,83.0,38.0,6.0,18.0,32.0,11.0,201.0,104.0,29.0,18.0,2.0,0.0,CM,0,,0,0,58.0,0,,statistical_fallback,Midfielder,CM,0.32,0.0,1.492,0.693,41.723,1.385,2.025,0.959,1.705,0.586,46.448,34.37,Bayer Leverkusen,1
140,La Liga,2025,797,Elche,162058,Víctor Chust,Víctor,Chust García,25.0,Spain,182,77,https://media.api-sports.io/football/players/162058.png,Defender,31.0,22.0,2165.0,6.89,1.0,0.0,9.0,3.0,1519.0,5.0,90.0,63.0,18.0,20.0,12.0,8.0,210.0,110.0,10.0,38.0,8.0,0.0,CB,0,,0,0,59.3,0,,statistical_fallback,Defender,CB,0.042,0.0,0.374,0.125,63.145,0.208,2.619,0.831,0.499,0.333,33.422,66.733,Elche,1
39,Premier League,2025,746,Sunderland,162076,D. Cirkin,Dennis,Cirkin,23.0,England,182,78,https://media.api-sports.io/football/players/162076.png,Defender,8.0,3.0,329.0,6.67,0.0,0.0,1.0,0.0,99.0,0.0,77.0,8.0,1.0,5.0,4.0,3.0,35.0,18.0,2.0,4.0,2.0,0.0,LB,3,,0,3,100.0,0,LB:3,lineup_history,Defender,LB,0.0,0.0,0.274,0.0,27.082,0.0,2.188,1.368,1.094,0.821,0.0,75.046,Sunderland,1
135,Serie A,2025,499,Atalanta,162106,Y. Musah,Yunus Dimoara,Musah,23.0,USA,178,71,https://media.api-sports.io/football/players/162106.png,Midfielder,19.0,4.0,568.0,6.75,1.0,0.0,6.0,2.0,327.0,2.0,88.0,9.0,1.0,5.0,17.0,12.0,80.0,42.0,16.0,7.0,1.0,0.0,CDM,0,CM,0,0,59.8,0,,statistical_fallback,Midfielder,CDM,0.158,0.0,0.951,0.317,51.813,0.317,1.426,0.792,2.694,1.901,33.333,70.564,Atalanta,1
140,La Liga,2025,538,Celta Vigo,162123,I. Moriba,Moriba,Kourouma Kourouma,22.0,Guinea,165,73,https://media.api-sports.io/football/players/162123.png,Midfielder,36.0,26.0,2495.0,6.82,2.0,3.0,14.0,5.0,1043.0,17.0,88.0,87.0,7.0,25.0,28.0,13.0,306.0,173.0,58.0,40.0,8.0,0.0,CDM,0,CM,0,0,62.2,0,,statistical_fallback,Midfielder,CDM,0.072,0.108,0.505,0.18,37.623,0.613,3.138,0.902,1.01,0.469,35.644,46.436,Celta Vigo,1
140,La Liga,2025,536,Sevilla,162126,Peque Fernández,Gerard,Fernández Castellano,23.0,Spain,172,66,https://media.api-sports.io/football/players/162126.png,Attacker,26.0,12.0,1012.0,6.75,2.0,1.0,11.0,6.0,364.0,15.0,81.0,13.0,1.0,1.0,44.0,18.0,175.0,96.0,48.0,15.0,7.0,0.0,W,0,,0,0,60.1,0,,statistical_fallback,Attacker,W,0.178,0.089,0.978,0.534,32.372,1.334,1.156,0.089,3.913,1.601,54.601,40.915,Sevilla,1
140,La Liga,2025,532,Valencia,162127,Diego López,Diego,López Noguerol,23.0,Spain,172,62,https://media.api-sports.io/football/players/162127.png,Midfielder,34.0,20.0,1777.0,6.71,4.0,1.0,18.0,8.0,515.0,17.0,76.0,22.0,2.0,10.0,35.0,13.0,216.0,92.0,33.0,20.0,2.0,0.0,CM,0,,0,0,58.0,0,,statistical_fallback,Midfielder,CM,0.203,0.051,0.912,0.405,26.083,0.861,1.114,0.506,1.773,0.658,44.408,37.112,Valencia,1
39,Premier League,2025,63,Leeds,162128,W. Gnonto,Degnand Wilfried,Gnonto,22.0,Italy,172,65,https://media.api-sports.io/football/players/162128.png,Attacker,23.0,4.0,540.0,6.61,0.0,1.0,6.0,0.0,218.0,9.0,76.0,18.0,,3.0,14.0,5.0,77.0,35.0,11.0,7.0,3.0,0.0,LW,4,,0,4,100.0,0,LW:4,lineup_history,Attacker,LW,0.0,0.167,1.0,0.0,36.333,1.5,3.0,0.5,2.333,0.833,0.0,35.705,Leeds,1
135,Serie A,2025,489,AC Milan,162141,K. De Winter,Koni,De Winter,23.0,Belgium,188,74,https://media.api-sports.io/football/players/162141.png,Defender,26.0,19.0,1805.0,6.88,1.0,1.0,5.0,1.0,1263.0,5.0,91.0,29.0,12.0,13.0,6.0,3.0,138.0,82.0,8.0,27.0,1.0,0.0,CB,0,,0,0,56.3,0,,statistical_fallback,Defender,CB,0.05,0.05,0.249,0.05,62.975,0.249,1.446,0.648,0.299,0.15,20.08,50.167,AC Milan,1
140,La Liga,2025,532,Valencia,162175,Jesús Vázquez,Jesús,Vázquez Alcalde,22.0,Spain,182,76,https://media.api-sports.io/football/players/162175.png,Defender,24.0,7.0,970.0,6.68,0.0,0.0,5.0,2.0,339.0,14.0,84.0,24.0,4.0,4.0,36.0,21.0,133.0,64.0,8.0,16.0,2.0,0.0,FB,0,,0,0,62.6,0,,statistical_fallback,Defender,FB,0.0,0.0,0.464,0.186,31.454,1.299,2.227,0.371,3.34,1.948,40.086,58.323,Valencia,1
135,Serie A,2025,496,Juventus,162188,P. Kalulu,Pierre Kazeye Rommel,Kalulu Kyatengwa,25.0,France,179,69,https://media.api-sports.io/football/players/162188.png,Midfielder,37.0,37.0,3282.0,6.93,2.0,4.0,9.0,4.0,2197.0,43.0,88.0,62.0,8.0,24.0,22.0,7.0,223.0,119.0,16.0,34.0,3.0,0.0,CM,0,,0,0,58.0,0,,statistical_fallback,Midfielder,CM,0.055,0.11,0.247,0.11,60.247,1.179,1.7,0.658,0.603,0.192,44.534,31.841,Juventus,1
78,Bundesliga,2025,175,Hamburger SV,162265,W. Omari,Warmed,Omari,25.0,France,188,74,https://media.api-sports.io/football/players/162265.png,Defender,20.0,17.0,1607.0,6.66,0.0,1.0,3.0,1.0,724.0,8.0,85.0,22.0,14.0,27.0,6.0,6.0,117.0,61.0,11.0,16.0,0.0,0.0,FB,0,,0,0,55.6,0,,statistical_fallback,Defender,FB,0.0,0.056,0.168,0.056,40.548,0.448,1.232,1.512,0.336,0.336,33.333,100.0,Hamburger SV,1
135,Serie A,2025,895,Como,162266,L. da Cunha,Lucas,da Cunha,24.0,France,174,66,https://media.api-sports.io/football/players/162266.png,Midfielder,36.0,31.0,2748.0,7.12,6.0,4.0,30.0,16.0,1981.0,45.0,90.0,57.0,1.0,18.0,33.0,22.0,240.0,115.0,19.0,35.0,4.0,0.0,CAM,0,CM,0,0,61.3,0,,statistical_fallback,Midfielder,CAM,0.197,0.131,0.983,0.524,64.88,1.474,1.867,0.59,1.081,0.721,53.306,66.698,Como,1
39,Premier League,2025,35,Bournemouth,162267,A. Truffert,Adrien,Truffert,24.0,France,176,72,https://media.api-sports.io/football/players/162267.png,Defender,38.0,38.0,3380.0,6.83,1.0,5.0,11.0,6.0,1560.0,32.0,83.0,103.0,10.0,48.0,73.0,33.0,399.0,212.0,32.0,39.0,5.0,0.0,LB,38,,0,38,100.0,0,LB:38,lineup_history,Defender,LB,0.027,0.133,0.293,0.16,41.538,0.852,2.743,1.278,1.944,0.879,54.608,45.216,Bournemouth,1
78,Bundesliga,2025,192,1. FC Köln,162386,K. Lund,Kristoffer,Lund Hansen,23.0,Denmark,184,65,https://media.api-sports.io/football/players/162386.png,Midfielder,33.0,26.0,2289.0,6.65,0.0,2.0,14.0,3.0,836.0,20.0,76.0,38.0,7.0,26.0,34.0,19.0,225.0,128.0,39.0,13.0,2.0,0.0,CDM,0,CM,0,0,59.1,0,,statistical_fallback,Midfielder,CDM,0.0,0.079,0.55,0.118,32.87,0.786,1.494,1.022,1.337,0.747,21.455,55.871,1. FC Köln,1
78,Bundesliga,2025,161,VfL Wolfsburg,162409,K. Koulierakis,Konstantinos,Koulierakis,22.0,Greece,188,78,https://media.api-sports.io/football/players/162409.png,Defender,31.0,29.0,2698.0,6.82,4.0,1.0,21.0,12.0,1615.0,17.0,84.0,43.0,15.0,38.0,7.0,3.0,233.0,133.0,16.0,32.0,6.0,0.0,CB,0,,0,0,57.7,0,,statistical_fallback,Defender,CB,0.133,0.033,0.701,0.4,53.873,0.567,1.434,1.268,0.234,0.1,57.061,42.735,VfL Wolfsburg,1
78,Bundesliga,2025,169,Eintracht Frankfurt,162414,A. Amenda,Aurèle Florian,Amenda,22.0,Switzerland,194,90,https://media.api-sports.io/football/players/162414.png,Defender,24.0,18.0,1685.0,6.67,0.0,0.0,10.0,2.0,1377.0,6.0,87.0,15.0,7.0,26.0,4.0,2.0,169.0,106.0,13.0,22.0,5.0,0.0,CB,0,,0,0,63.4,0,,statistical_fallback,Defender,CB,0.0,0.0,0.534,0.107,73.549,0.32,0.801,1.389,0.214,0.107,20.037,50.0,Eintracht Frankfurt,1
140,La Liga,2025,547,Girona,162434,Alejandro Francés,Alejandro,Francés Torrijo,23.0,Spain,181,70,https://media.api-sports.io/football/players/162434.png,Defender,24.0,11.0,1121.0,6.9,0.0,2.0,9.0,4.0,731.0,10.0,83.0,25.0,6.0,15.0,11.0,7.0,104.0,69.0,23.0,15.0,2.0,1.0,FB,0,,0,0,57.1,0,,statistical_fallback,Defender,FB,0.0,0.161,0.723,0.321,58.689,0.803,2.007,1.204,0.883,0.562,44.398,63.647,Girona,1
61,Ligue 1,2025,111,Le Havre,162443,É. Youté,Étienne Ludovic,Youté Kinkoué,23.0,France,196,88,https://media.api-sports.io/football/players/162443.png,Midfielder,9.0,4.0,434.0,6.88,0.0,0.0,0.0,0.0,201.0,1.0,84.0,6.0,9.0,1.0,0.0,0.0,18.0,10.0,1.0,3.0,2.0,0.0,CM,0,,0,0,58.0,0,,statistical_fallback,Midfielder,CM,0.0,0.0,0.0,0.0,41.682,0.207,1.244,0.207,0.0,0.0,0.0,0.0,Le Havre,1
135,Serie A,2025,497,AS Roma,162452,D. Rensch,Devyne Fabian Jairo,Rensch,22.0,Netherlands,181,75,https://media.api-sports.io/football/players/162452.png,Defender,24.0,12.0,1196.0,6.89,1.0,4.0,4.0,2.0,543.0,10.0,81.0,31.0,5.0,17.0,7.0,4.0,103.0,64.0,18.0,6.0,1.0,0.0,FB,0,,0,0,58.6,0,,statistical_fallback,Defender,FB,0.075,0.301,0.301,0.151,40.861,0.753,2.333,1.279,0.527,0.301,50.166,57.116,AS Roma,1
61,Ligue 1,2025,85,Paris Saint Germain,162453,L. Chevalier,Lucas,Chevalier,24.0,France,189,78,https://media.api-sports.io/football/players/162453.png,Goalkeeper,17.0,17.0,1530.0,6.99,0.0,0.0,0.0,0.0,399.0,0.0,87.0,0.0,,0.0,0.0,0.0,3.0,3.0,1.0,,0.0,0.0,GK,0,,0,0,100.0,0,,statistical_fallback,Goalkeeper,GK,0.0,0.0,0.0,0.0,23.471,0.0,0.0,0.0,0.0,0.0,0.0,0.0,Paris Saint Germain,1
61,Ligue 1,2025,84,Nice,162465,M. Bard,Melvin Michel Maxence,Bard,25.0,France,173,65,https://media.api-sports.io/football/players/162465.png,Midfielder,31.0,28.0,2531.0,6.72,2.0,1.0,13.0,5.0,1207.0,16.0,80.0,55.0,14.0,42.0,30.0,19.0,241.0,135.0,28.0,26.0,4.0,0.0,CDM,0,CM,0,0,63.3,0,,statistical_fallback,Midfielder,CDM,0.071,0.036,0.462,0.178,42.92,0.569,1.956,1.493,1.067,0.676,38.528,63.355,Nice,1
61,Ligue 1,2025,108,Auxerre,162466,S. Diomandé,Sinaly,Diomandé,24.0,Côte d'Ivoire,184,74,https://media.api-sports.io/football/players/162466.png,Defender,24.0,24.0,2134.0,6.93,2.0,2.0,7.0,4.0,953.0,4.0,86.0,33.0,14.0,31.0,9.0,5.0,167.0,99.0,26.0,31.0,3.0,0.0,CB,0,,0,0,55.8,0,,statistical_fallback,Defender,CB,0.084,0.084,0.295,0.169,40.192,0.169,1.392,1.307,0.38,0.211,57.288,55.526,Auxerre,1
140,La Liga,2025,533,Villarreal,162473,Arnau Tenas,Arnau,Tenas Ureña,24.0,Spain,185,85,https://media.api-sports.io/football/players/162473.png,Goalkeeper,10.0,10.0,901.0,6.91,0.0,0.0,0.0,0.0,284.0,0.0,63.0,1.0,,0.0,0.0,0.0,2.0,2.0,1.0,,0.0,0.0,GK,0,,0,0,100.0,0,,statistical_fallback,Goalkeeper,GK,0.0,0.0,0.0,0.0,28.368,0.0,0.1,0.0,0.0,0.0,0.0,0.0,Villarreal,1
78,Bundesliga,2025,192,1. FC Köln,162480,E. Martel,Eric,Martel,23.0,Germany,188,81,https://media.api-sports.io/football/players/162480.png,Midfielder,31.0,30.0,2564.0,6.83,2.0,2.0,12.0,4.0,1417.0,14.0,86.0,46.0,22.0,35.0,4.0,2.0,345.0,186.0,51.0,42.0,11.0,0.0,CDM,0,CM,0,0,64.0,0,,statistical_fallback,Midfielder,CDM,0.07,0.07,0.421,0.14,49.739,0.491,1.615,1.229,0.14,0.07,33.254,50.0,1. FC Köln,1
39,Premier League,2025,50,Manchester City,162489,J. Trafford,James Harrington,Trafford,23.0,England,197,83,https://media.api-sports.io/football/players/162489.png,Goalkeeper,4.0,4.0,372.0,7.08,0.0,0.0,0.0,0.0,118.0,0.0,73.0,2.0,,0.0,1.0,1.0,5.0,5.0,1.0,,0.0,0.0,GK,4,,0,4,100.0,0,GK:4,lineup_history,Goalkeeper,GK,0.0,0.0,0.0,0.0,28.548,0.0,0.484,0.0,0.242,0.242,0.0,100.0,Manchester City,1
39,Premier League,2025,47,Tottenham,162498,R. Drăgușin,Radu,Matei Drăgușin,23.0,Romania,191,85,https://media.api-sports.io/football/players/162498.png,Defender,10.0,5.0,541.0,6.57,0.0,0.0,3.0,0.0,239.0,0.0,77.0,5.0,8.0,16.0,1.0,1.0,50.0,26.0,1.0,9.0,0.0,0.0,CB,5,,0,5,100.0,0,CB:5,lineup_history,Defender,CB,0.0,0.0,0.499,0.0,39.76,0.0,0.832,2.662,0.166,0.166,0.0,100.0,Tottenham,1
39,Premier League,2025,33,Manchester United,162511,S. Lammens,Senne,Lammens,23.0,Belgium,193,70,https://media.api-sports.io/football/players/162511.png,Goalkeeper,32.0,32.0,2880.0,7.01,0.0,0.0,0.0,0.0,942.0,0.0,59.0,1.0,,0.0,0.0,0.0,12.0,11.0,4.0,,0.0,0.0,GK,32,,0,32,100.0,0,GK:32,lineup_history,Goalkeeper,GK,0.0,0.0,0.0,0.0,29.438,0.0,0.031,0.0,0.0,0.0,0.0,0.0,Manchester United,1
61,Ligue 1,2025,106,Stade Brestois 29,162568,S. Coulibaly,Soumaïla,Coulibaly,22.0,France,191,73,https://media.api-sports.io/football/players/162568.png,Defender,16.0,15.0,1339.0,6.61,0.0,0.0,5.0,2.0,745.0,2.0,90.0,14.0,9.0,14.0,3.0,3.0,99.0,63.0,20.0,26.0,3.0,0.0,CB,0,,0,0,59.9,0,,statistical_fallback,Defender,CB,0.0,0.0,0.336,0.134,50.075,0.134,0.941,0.941,0.202,0.202,39.881,100.0,Stade Brestois 29,1
61,Ligue 1,2025,80,Lyon,162590,T. Morton,Tyler Scott,Morton,23.0,England,182,75,https://media.api-sports.io/football/players/162590.png,Midfielder,29.0,29.0,2524.0,7.14,2.0,2.0,14.0,8.0,1516.0,29.0,87.0,48.0,13.0,22.0,21.0,14.0,180.0,98.0,19.0,29.0,6.0,1.0,CM,0,,0,0,58.0,0,,statistical_fallback,Midfielder,CM,0.071,0.071,0.499,0.285,54.057,1.034,1.712,0.784,0.749,0.499,57.114,66.622,Lyon,1
140,La Liga,2025,542,Alaves,162686,Antonio Blanco,Antonio,Blanco Conde,25.0,Spain,176,70,https://media.api-sports.io/football/players/162686.png,Midfielder,36.0,36.0,3116.0,6.89,2.0,3.0,24.0,13.0,1835.0,22.0,85.0,93.0,11.0,53.0,31.0,23.0,406.0,192.0,43.0,71.0,9.0,0.0,CDM,0,CM,0,0,61.4,0,,statistical_fallback,Midfielder,CDM,0.058,0.087,0.693,0.375,53.001,0.635,2.686,1.531,0.895,0.664,54.113,74.19,Alaves,1
61,Ligue 1,2025,84,Nice | Eintracht Frankfurt,162707,E. Wahi,Sepe Elye,Wahi,22.0,France,184,74,https://media.api-sports.io/football/players/162707.png,Attacker,15.0,12.0,1345.0,6.707,7.0,1.0,24.0,20.0,155.0,8.0,69.0,5.0,,2.0,16.0,6.0,93.0,24.0,6.0,21.0,6.0,0.0,ST,0,,0,0,59.0,0,,statistical_fallback,Attacker,ST,0.469,0.134,2.007,1.539,15.658,0.803,0.468,0.134,1.539,0.468,76.655,30.434,Nice | Eintracht Frankfurt,2
140,La Liga,2025,538,Celta Vigo,162712,Óscar Mingueza,Óscar,Mingueza García,26.0,Spain,184,75,https://media.api-sports.io/football/players/162712.png,Midfielder,34.0,21.0,1967.0,6.93,1.0,4.0,10.0,5.0,1236.0,32.0,85.0,42.0,5.0,9.0,29.0,15.0,185.0,99.0,28.0,15.0,4.0,0.0,CM,0,,0,0,58.0,0,,statistical_fallback,Midfielder,CM,0.046,0.183,0.458,0.229,56.553,1.464,1.922,0.412,1.327,0.686,50.0,51.696,Celta Vigo,1
39,Premier League,2025,66,Aston Villa,162714,A. Onana,Amadou Ba Zeund Georges,Mvom Onana,24.0,Belgium,195,76,https://media.api-sports.io/football/players/162714.png,Midfielder,25.0,21.0,1788.0,7.03,2.0,0.0,15.0,7.0,849.0,7.0,87.0,48.0,17.0,24.0,13.0,7.0,190.0,121.0,25.0,20.0,3.0,0.0,CDM,20,CM,1,21,95.2,0,CDM:20 | CM:1,lineup_history,Midfielder,CDM,0.101,0.0,0.755,0.352,42.735,0.352,2.416,1.208,0.654,0.352,46.623,53.823,Aston Villa,1
78,Bundesliga,2025,173,RB Leipzig,162761,C. Lukeba,Castello Junior,Lukeba,23.0,France,184,73,https://media.api-sports.io/football/players/162761.png,Defender,26.0,24.0,2177.0,7.1,1.0,0.0,5.0,2.0,1719.0,7.0,90.0,31.0,21.0,30.0,29.0,22.0,150.0,95.0,12.0,11.0,3.0,0.0,CB,0,,0,0,57.5,0,,statistical_fallback,Defender,CB,0.041,0.0,0.207,0.083,71.066,0.289,1.282,1.24,1.199,0.91,40.097,75.897,RB Leipzig,1
78,Bundesliga,2025,175,Hamburger SV,162773,R. Königsdörffer,Ransford-Yeboah,Königsdörffer,24.0,Ghana,182,78,https://media.api-sports.io/football/players/162773.png,Attacker,33.0,29.0,2360.0,6.64,5.0,0.0,50.0,22.0,428.0,20.0,70.0,6.0,,6.0,40.0,15.0,247.0,99.0,32.0,25.0,2.0,0.0,ST,0,,0,0,58.8,0,,statistical_fallback,Attacker,ST,0.191,0.0,1.907,0.839,16.322,0.763,0.229,0.229,1.525,0.572,43.996,37.508,Hamburger SV,1
135,Serie A,2025,494,Udinese,162907,A. Zanoli,Alessandro,Zanoli,25.0,Italy,188,74,https://media.api-sports.io/football/players/162907.png,Defender,19.0,16.0,1290.0,6.82,1.0,2.0,3.0,1.0,348.0,15.0,80.0,25.0,5.0,7.0,33.0,14.0,115.0,61.0,5.0,16.0,1.0,0.0,FB,0,,0,0,67.5,0,,statistical_fallback,Defender,FB,0.07,0.14,0.209,0.07,24.279,1.047,1.744,0.488,2.302,0.977,33.493,42.441,Udinese,1
140,La Liga,2025,728,Rayo Vallecano,162931,Fran Pérez,Francisco,Pérez Martínez,23.0,Spain,175,68,https://media.api-sports.io/football/players/162931.png,Midfielder,29.0,12.0,1250.0,6.54,2.0,1.0,14.0,8.0,304.0,13.0,82.0,15.0,2.0,2.0,30.0,14.0,128.0,45.0,15.0,18.0,4.0,0.0,W,0,CAM,0,0,56.2,0,,statistical_fallback,Midfielder,W,0.144,0.072,1.008,0.576,21.888,0.936,1.08,0.144,2.16,1.008,57.143,46.667,Rayo Vallecano,1
78,Bundesliga,2025,164,FSV Mainz 05,162946,B. Hollerbach,Benedict,Hollerbach,24.0,Germany,181,81,https://media.api-sports.io/football/players/162946.png,Attacker,14.0,13.0,882.0,6.55,1.0,2.0,15.0,6.0,184.0,4.0,72.0,13.0,1.0,1.0,31.0,12.0,174.0,55.0,13.0,18.0,0.0,0.0,ST,0,W,0,0,57.7,0,,statistical_fallback,Attacker,ST,0.102,0.204,1.531,0.612,18.776,0.408,1.327,0.102,3.163,1.224,39.974,38.697,FSV Mainz 05,1
135,Serie A,2025,487,Lazio,162952,Mario Gila,Mario,Gila Fuentes,25.0,Spain,185,74,https://media.api-sports.io/football/players/162952.png,Defender,31.0,31.0,2482.0,7.21,0.0,0.0,9.0,3.0,1820.0,5.0,90.0,46.0,17.0,25.0,7.0,6.0,203.0,134.0,25.0,19.0,4.0,1.0,CB,0,,0,0,61.2,0,,statistical_fallback,Defender,CB,0.0,0.0,0.326,0.109,65.995,0.181,1.668,0.907,0.254,0.218,33.436,85.827,Lazio,1
78,Bundesliga,2025,167,1899 Hoffenheim,162964,R. Hranáč,Robin,Hranáč,25.0,Czechia,190,85,https://media.api-sports.io/football/players/162964.png,Defender,29.0,26.0,2251.0,6.74,1.0,0.0,6.0,3.0,1265.0,3.0,86.0,25.0,18.0,17.0,4.0,2.0,205.0,119.0,10.0,26.0,5.0,0.0,CB,0,,0,0,61.4,0,,statistical_fallback,Defender,CB,0.04,0.0,0.24,0.12,50.578,0.12,1.0,0.68,0.16,0.08,50.0,50.0,1899 Hoffenheim,1
61,Ligue 1,2025,94,Rennes,163004,E. Lepaul,Esteban,Lepaul,25.0,France,177,71,https://media.api-sports.io/football/players/163004.png,Attacker,32.0,31.0,2527.0,7.07,20.0,5.0,65.0,38.0,484.0,21.0,78.0,7.0,,2.0,27.0,9.0,175.0,70.0,15.0,22.0,3.0,0.0,ST,0,,0,0,61.0,0,,statistical_fallback,Attacker,ST,0.712,0.178,2.315,1.353,17.238,0.748,0.249,0.071,0.962,0.321,58.445,33.368,Rennes,1
78,Bundesliga,2025,160,SC Freiburg,163022,P. Osterhage,Patrick,Osterhage,25.0,Germany,184,75,https://media.api-sports.io/football/players/163022.png,Midfielder,20.0,13.0,1197.0,6.69,1.0,0.0,5.0,2.0,457.0,6.0,86.0,14.0,10.0,17.0,17.0,6.0,101.0,41.0,13.0,13.0,4.0,0.0,CDM,0,CM,0,0,61.7,0,,statistical_fallback,Midfielder,CDM,0.075,0.0,0.376,0.15,34.361,0.451,1.053,1.278,1.278,0.451,39.894,35.29,SC Freiburg,1
78,Bundesliga,2025,170,FC Augsburg,163032,F. Rieder,Fabian,Rieder,23.0,Switzerland,179,74,https://media.api-sports.io/football/players/163032.png,Attacker,32.0,28.0,2359.0,6.88,6.0,3.0,30.0,13.0,822.0,44.0,75.0,37.0,3.0,16.0,44.0,19.0,267.0,107.0,38.0,45.0,4.0,0.0,ST,0,W,0,0,59.6,0,,statistical_fallback,Attacker,ST,0.229,0.114,1.145,0.496,31.361,1.679,1.412,0.61,1.679,0.725,43.319,43.18,FC Augsburg,1
78,Bundesliga,2025,170,FC Augsburg,163039,C. Matsima,Chrislain Iris Aurel,Matsima,23.0,France,193,81,https://media.api-sports.io/football/players/163039.png,Defender,18.0,17.0,1494.0,6.79,1.0,1.0,4.0,1.0,758.0,4.0,85.0,19.0,20.0,30.0,3.0,1.0,94.0,62.0,4.0,10.0,5.0,0.0,CB,0,,0,0,60.2,0,,statistical_fallback,Defender,CB,0.06,0.06,0.241,0.06,45.663,0.241,1.145,1.807,0.181,0.06,24.896,33.149,FC Augsburg,1
78,Bundesliga,2025,163,Borussia Mönchengladbach | Nottingham Forest,163069,L. Netz,Luca,Netz,22.0,Germany,180,83,https://media.api-sports.io/football/players/163069.png,Defender,15.0,10.0,1298.0,6.752,0.0,2.0,0.0,0.0,354.0,10.0,76.0,16.0,5.0,5.0,16.0,9.0,72.0,35.0,2.0,8.0,1.0,0.0,LB,2,LWB,1,3,66.7,0,LB:2 | LWB:1,lineup_history,Defender,LB,0.0,0.139,0.0,0.0,31.479,0.832,1.941,0.555,1.387,0.763,0.0,55.003,Borussia Mönchengladbach | Nottingham Forest,2
39,Premier League,2025,34,Newcastle,163189,M. Thiaw,Malick Laye,Thiaw,24.0,Germany,191,80,https://media.api-sports.io/football/players/163189.png,Defender,35.0,33.0,2973.0,7.04,4.0,0.0,20.0,14.0,1693.0,6.0,89.0,44.0,33.0,30.0,8.0,8.0,274.0,176.0,11.0,24.0,4.0,0.0,CB,33,,0,33,100.0,0,CB:33,lineup_history,Defender,CB,0.121,0.0,0.605,0.424,51.251,0.182,1.332,0.908,0.242,0.242,70.083,100.0,Newcastle,1
135,Serie A,2025,504,Hellas Verona,169297,A. Edmundsson,Andrias,Edmundsson,25.0,Faroe Islands,193,81,https://media.api-sports.io/football/players/169297.png,Defender,15.0,15.0,1320.0,6.89,0.0,0.0,4.0,1.0,524.0,2.0,75.0,26.0,14.0,27.0,2.0,1.0,137.0,72.0,7.0,13.0,3.0,0.0,CB,0,,0,0,63.8,0,,statistical_fallback,Defender,CB,0.0,0.0,0.273,0.068,35.727,0.136,1.773,1.841,0.136,0.068,24.908,50.0,Hellas Verona,1
39,Premier League,2025,40,Liverpool,174565,H. Ekitike,Hugo,Ekitike,23.0,France,190,76,https://media.api-sports.io/football/players/174565.png,Attacker,28.0,21.0,1810.0,6.93,11.0,4.0,48.0,19.0,400.0,21.0,76.0,11.0,2.0,3.0,72.0,38.0,239.0,92.0,12.0,35.0,0.0,0.0,ST,21,,0,21,100.0,0,ST:21,lineup_history,Attacker,ST,0.547,0.199,2.387,0.945,19.89,1.044,0.547,0.149,3.58,1.89,39.589,52.793,Liverpool,1
61,Ligue 1,2025,111,Le Havre,174625,F. Doucouré,Fodé,Doucouré,24.0,Mali,172,62,https://media.api-sports.io/football/players/174625.png,Defender,26.0,15.0,1242.0,6.84,3.0,1.0,13.0,8.0,432.0,18.0,81.0,36.0,1.0,9.0,20.0,7.0,113.0,56.0,4.0,14.0,2.0,0.0,FB,0,,0,0,66.6,0,,statistical_fallback,Defender,FB,0.217,0.072,0.942,0.58,31.304,1.304,2.609,0.652,1.449,0.507,61.571,34.99,Le Havre,1
61,Ligue 1,2025,77,Angers,174660,L. Rao-Lisoa,Lillian,Rao-Lisoa,25.0,France,178,70,https://media.api-sports.io/football/players/174660.png,Midfielder,32.0,21.0,1976.0,6.83,2.0,4.0,10.0,6.0,654.0,22.0,73.0,52.0,4.0,15.0,40.0,17.0,223.0,116.0,17.0,27.0,3.0,0.0,CM,0,,0,0,58.0,0,,statistical_fallback,Midfielder,CM,0.091,0.182,0.455,0.273,29.787,1.002,2.368,0.683,1.822,0.774,60.0,42.481,Angers,1
61,Ligue 1,2025,97,Lorient,174703,T. Le Bris,Théo,Le Bris,23.0,France,170,65,https://media.api-sports.io/football/players/174703.png,Midfielder,28.0,22.0,1898.0,6.82,2.0,2.0,15.0,7.0,626.0,13.0,86.0,40.0,2.0,17.0,23.0,11.0,117.0,65.0,7.0,9.0,0.0,0.0,CM,0,,0,0,58.0,0,,statistical_fallback,Midfielder,CM,0.095,0.095,0.711,0.332,29.684,0.616,1.897,0.806,1.091,0.522,46.695,47.846,Lorient,1
61,Ligue 1,2025,77,Angers,174708,Y. Belkhdim,Yassine,Belkhdim,23.0,France,175,70,https://media.api-sports.io/football/players/174708.png,Midfielder,27.0,26.0,2149.0,6.77,2.0,2.0,24.0,14.0,724.0,15.0,84.0,59.0,6.0,36.0,18.0,5.0,191.0,103.0,29.0,29.0,5.0,0.0,CDM,0,CM,0,0,57.6,0,,statistical_fallback,Midfielder,CDM,0.084,0.084,1.005,0.586,30.321,0.628,2.471,1.508,0.754,0.209,58.308,27.719,Angers,1
61,Ligue 1,2025,96,Toulouse,174724,F. Magri,Frank,Magri,26.0,France,178,75,https://media.api-sports.io/football/players/174724.png,Attacker,17.0,16.0,1264.0,6.74,5.0,1.0,25.0,12.0,203.0,14.0,73.0,8.0,1.0,3.0,22.0,10.0,191.0,78.0,22.0,28.0,3.0,0.0,ST,0,,0,0,58.3,0,,statistical_fallback,Attacker,ST,0.356,0.071,1.78,0.854,14.454,0.997,0.57,0.214,1.566,0.712,47.978,45.466,Toulouse,1
61,Ligue 1,2025,114,Paris FC,174881,M. Mbow,Mamadou Moustapha,Mbow,25.0,Senegal,192,74,https://media.api-sports.io/football/players/174881.png,Defender,31.0,30.0,2716.0,6.87,0.0,1.0,9.0,3.0,1591.0,4.0,91.0,52.0,29.0,39.0,7.0,6.0,216.0,135.0,16.0,28.0,5.0,0.0,CB,0,,0,0,60.7,0,,statistical_fallback,Defender,CB,0.0,0.033,0.298,0.099,52.721,0.133,1.723,1.292,0.232,0.199,33.221,85.776,Paris FC,1
61,Ligue 1,2025,108,Auxerre,174915,J. Casimir,Josué,Casimir,24.0,Guadeloupe,178,68,https://media.api-sports.io/football/players/174915.png,Midfielder,31.0,16.0,1532.0,6.61,1.0,0.0,17.0,12.0,459.0,10.0,78.0,31.0,,11.0,20.0,10.0,187.0,98.0,32.0,34.0,5.0,0.0,CM,0,,0,0,58.0,0,,statistical_fallback,Midfielder,CM,0.059,0.0,0.999,0.705,26.965,0.587,1.821,0.646,1.175,0.587,70.571,49.957,Auxerre,1
78,Bundesliga,2025,168,Bayer Leverkusen,174918,L. Badé,Loïc,Badé,25.0,France,191,89,https://media.api-sports.io/football/players/174918.png,Defender,23.0,19.0,1659.0,7.24,0.0,0.0,9.0,4.0,1421.0,2.0,92.0,33.0,19.0,21.0,5.0,3.0,150.0,95.0,4.0,11.0,5.0,0.0,CB,0,,0,0,64.9,0,,statistical_fallback,Defender,CB,0.0,0.0,0.488,0.217,77.089,0.108,1.79,1.139,0.271,0.163,44.467,60.148,Bayer Leverkusen,1
61,Ligue 1,2025,111,Le Havre,174927,A. Sangante,Arouna,Sangante,23.0,Senegal,189,76,https://media.api-sports.io/football/players/174927.png,Defender,28.0,28.0,2333.0,6.85,1.0,1.0,8.0,5.0,1424.0,10.0,85.0,41.0,15.0,38.0,9.0,4.0,248.0,141.0,41.0,42.0,4.0,2.0,CB,0,,0,0,59.5,0,,statistical_fallback,Defender,CB,0.039,0.039,0.309,0.193,54.934,0.386,1.582,1.466,0.347,0.154,62.46,44.38,Le Havre,1
61,Ligue 1,2025,111,Le Havre,174937,Y. Kechta,Yassine,Kechta,23.0,Morocco,174,68,https://media.api-sports.io/football/players/174937.png,Midfielder,30.0,14.0,1348.0,6.56,2.0,1.0,16.0,9.0,418.0,15.0,79.0,32.0,4.0,17.0,25.0,7.0,170.0,58.0,16.0,35.0,4.0,0.0,CM,0,,0,0,58.0,0,,statistical_fallback,Midfielder,CM,0.134,0.067,1.068,0.601,27.908,1.001,2.136,1.135,1.669,0.467,56.273,27.981,Le Havre,1
78,Bundesliga,2025,161,VfL Wolfsburg,177618,K. Fischer,Kilian,Fischer,25.0,Germany,182,77,https://media.api-sports.io/football/players/177618.png,Defender,11.0,10.0,803.0,6.31,0.0,0.0,2.0,0.0,365.0,3.0,80.0,20.0,3.0,12.0,6.0,1.0,72.0,37.0,4.0,10.0,0.0,0.0,CB,0,,0,0,56.7,0,,statistical_fallback,Defender,CB,0.0,0.0,0.224,0.0,40.909,0.336,2.242,1.345,0.672,0.112,0.0,16.667,VfL Wolfsburg,1
39,Premier League,2025,63,Leeds,177665,A. Stach,Anton Levi,Stach,27.0,Germany,193,86,https://media.api-sports.io/football/players/177665.png,Midfielder,29.0,28.0,2378.0,7.15,5.0,3.0,31.0,14.0,939.0,63.0,77.0,65.0,9.0,20.0,42.0,20.0,292.0,155.0,24.0,36.0,3.0,0.0,CM,23,CAM,2,28,82.1,0,CM:23 | CAM:2 | RM:2 | CDM:1,lineup_history,Midfielder,CM,0.189,0.114,1.173,0.53,35.538,2.384,2.46,0.757,1.59,0.757,45.183,47.61,Leeds,1
78,Bundesliga,2025,162,Werder Bremen,177807,J. Njinmah,Justin Gideon,Njinmah,25.0,Germany,184,75,https://media.api-sports.io/football/players/177807.png,Midfielder,33.0,22.0,1955.0,6.68,5.0,0.0,47.0,23.0,438.0,16.0,76.0,23.0,1.0,6.0,55.0,21.0,170.0,86.0,25.0,8.0,2.0,0.0,CAM,0,CM,0,0,61.7,0,,statistical_fallback,Midfielder,CAM,0.23,0.0,2.164,1.059,20.164,0.737,1.059,0.276,2.532,0.967,48.937,38.191,Werder Bremen,1
78,Bundesliga,2025,180,1. FC Heidenheim,177815,T. Siersleben,Tim,Siersleben,25.0,Germany,187,80,https://media.api-sports.io/football/players/177815.png,Defender,15.0,12.0,1093.0,6.55,0.0,0.0,5.0,3.0,545.0,2.0,81.0,23.0,10.0,20.0,1.0,0.0,90.0,49.0,13.0,13.0,2.0,0.0,CB,0,,0,0,64.7,0,,statistical_fallback,Defender,CB,0.0,0.0,0.412,0.247,44.876,0.165,1.894,1.647,0.082,0.0,59.951,0.0,1. FC Heidenheim,1
39,Premier League,2025,55,Brentford,178077,K. Schade,Kevin,Schade,24.0,Germany,183,74,https://media.api-sports.io/football/players/178077.png,Midfielder,35.0,32.0,2768.0,6.75,8.0,3.0,45.0,24.0,528.0,29.0,67.0,40.0,3.0,18.0,75.0,20.0,429.0,188.0,43.0,50.0,6.0,1.0,LW,25,ST,6,32,78.1,0,LW:25 | ST:6 | LM:1,lineup_history,Midfielder,LW,0.26,0.098,1.463,0.78,17.168,0.943,1.301,0.585,2.439,0.65,53.315,26.65,Brentford,1
78,Bundesliga,2025,180,1. FC Heidenheim,178106,M. Pieringer,Marvin,Pieringer,26.0,Germany,191,81,https://media.api-sports.io/football/players/178106.png,Attacker,27.0,20.0,1653.0,6.73,4.0,1.0,29.0,8.0,383.0,16.0,67.0,20.0,1.0,10.0,29.0,16.0,268.0,125.0,27.0,37.0,2.0,0.0,ST,0,W,0,0,56.4,0,,statistical_fallback,Attacker,ST,0.218,0.054,1.579,0.436,20.853,0.871,1.089,0.544,1.579,0.871,27.612,55.161,1. FC Heidenheim,1
78,Bundesliga,2025,163,Borussia Mönchengladbach,178709,Y. Engelhardt,Yannik,Engelhardt,24.0,Germany,184,74,https://media.api-sports.io/football/players/178709.png,Midfielder,31.0,29.0,2497.0,6.75,2.0,2.0,17.0,5.0,1327.0,14.0,86.0,43.0,11.0,34.0,11.0,6.0,243.0,120.0,34.0,41.0,7.0,0.0,CDM,0,CM,0,0,59.8,0,,statistical_fallback,Midfielder,CDM,0.072,0.072,0.613,0.18,47.829,0.505,1.55,1.225,0.396,0.216,29.364,54.545,Borussia Mönchengladbach,1
135,Serie A,2025,499,Atalanta,178749,L. Samardžić,Lazar Vujadin,Samardžić,23.0,Serbia,184,70,https://media.api-sports.io/football/players/178749.png,Midfielder,26.0,11.0,1028.0,6.77,2.0,1.0,19.0,9.0,524.0,28.0,84.0,12.0,,9.0,33.0,14.0,121.0,41.0,10.0,17.0,1.0,0.0,CAM,0,W,0,0,66.6,0,,statistical_fallback,Midfielder,CAM,0.175,0.088,1.663,0.788,45.875,2.451,1.051,0.788,2.889,1.226,47.384,42.437,Atalanta,1
78,Bundesliga,2025,160,SC Freiburg,178768,N. Atubolu,Noah,Atubolu,23.0,Germany,190,78,https://media.api-sports.io/football/players/178768.png,Goalkeeper,34.0,34.0,3060.0,7.09,0.0,0.0,0.0,0.0,1361.0,3.0,67.0,0.0,,0.0,0.0,0.0,16.0,16.0,6.0,,1.0,0.0,GK,0,,0,0,100.0,0,,statistical_fallback,Goalkeeper,GK,0.0,0.0,0.0,0.0,40.029,0.088,0.0,0.0,0.0,0.0,0.0,0.0,SC Freiburg,1
78,Bundesliga,2025,160,SC Freiburg,178769,P. Treu,Philipp,Treu,25.0,Germany,172,71,https://media.api-sports.io/football/players/178769.png,Defender,28.0,24.0,2194.0,6.63,1.0,2.0,12.0,5.0,814.0,20.0,85.0,44.0,7.0,9.0,36.0,15.0,202.0,107.0,37.0,20.0,2.0,0.0,FB,0,,0,0,65.3,0,,statistical_fallback,Defender,FB,0.041,0.082,0.492,0.205,33.391,0.82,1.805,0.369,1.477,0.615,41.667,41.638,SC Freiburg,1
78,Bundesliga,2025,186,FC St. Pauli,178921,A. Hountondji,Andréas,Hountondji,23.0,Benin,190,64,https://media.api-sports.io/football/players/178921.png,Attacker,21.0,15.0,1084.0,6.46,4.0,0.0,17.0,13.0,150.0,6.0,66.0,7.0,2.0,1.0,27.0,9.0,139.0,33.0,6.0,9.0,2.0,0.0,ST,0,,0,0,58.2,0,,statistical_fallback,Attacker,ST,0.332,0.0,1.411,1.079,12.454,0.498,0.581,0.083,2.242,0.747,76.471,33.318,FC St. Pauli,1
140,La Liga,2025,798,Mallorca,179139,Leo Román,Leonardo,Román Riquelme,25.0,Spain,189,83,https://media.api-sports.io/football/players/179139.png,Goalkeeper,33.0,33.0,2970.0,7.02,0.0,0.0,0.0,0.0,1147.0,0.0,72.0,1.0,,1.0,1.0,1.0,10.0,7.0,2.0,1.0,4.0,0.0,GK,0,,0,0,100.0,0,,statistical_fallback,Goalkeeper,GK,0.0,0.0,0.0,0.0,34.758,0.0,0.03,0.03,0.03,0.03,0.0,100.0,Mallorca,1
39,Premier League,2025,44,Burnley,179400,M. Estève,Maxime,Estève,23.0,France,193,87,https://media.api-sports.io/football/players/179400.png,Defender,34.0,34.0,2937.0,6.64,0.0,0.0,9.0,1.0,1346.0,7.0,86.0,44.0,33.0,37.0,5.0,3.0,210.0,139.0,12.0,13.0,1.0,0.0,CB,34,,0,34,100.0,0,CB:34,lineup_history,Defender,CB,0.0,0.0,0.276,0.031,41.246,0.215,1.348,1.134,0.153,0.092,11.232,60.131,Burnley,1
61,Ligue 1,2025,111,Le Havre,179843,L. Gourna-Douath,Lucas,Gourna-Douath,22.0,France,185 cm,81 kg,https://media.api-sports.io/football/players/179843.png,Midfielder,15.0,14.0,1275.0,6.84,0.0,0.0,6.0,2.0,560.0,6.0,86.0,26.0,11.0,14.0,16.0,8.0,149.0,84.0,35.0,24.0,5.0,0.0,CDM,0,CM,0,0,66.1,0,,statistical_fallback,Midfielder,CDM,0.0,0.0,0.424,0.141,39.529,0.424,1.835,0.988,1.129,0.565,33.255,50.044,Le Havre,1
140,La Liga,2025,538,Celta Vigo,179955,Javi Rueda,Javier,Rueda García,23.0,Spain,177,74,https://media.api-sports.io/football/players/179955.png,Defender,26.0,16.0,1410.0,6.78,2.0,6.0,9.0,3.0,532.0,14.0,76.0,19.0,6.0,21.0,41.0,21.0,148.0,69.0,21.0,25.0,6.0,0.0,FB,0,,0,0,64.0,0,,statistical_fallback,Defender,FB,0.128,0.383,0.574,0.191,33.957,0.894,1.213,1.34,2.617,1.34,33.275,51.204,Celta Vigo,1
39,Premier League,2025,40,Liverpool,180317,C. Bradley,Conor,Bradley,22.0,Northern Ireland,180,64,https://media.api-sports.io/football/players/180317.png,Defender,15.0,12.0,932.0,6.59,0.0,1.0,2.0,0.0,492.0,4.0,83.0,19.0,4.0,13.0,22.0,7.0,136.0,61.0,20.0,18.0,5.0,0.0,RB,12,,0,12,100.0,0,RB:12,lineup_history,Defender,RB,0.0,0.097,0.193,0.0,47.511,0.386,1.835,1.255,2.124,0.676,0.0,31.827,Liverpool,1
140,La Liga,2025,533,Villarreal,180496,G. Mikautadze,Georges,Mikautadze,25.0,Georgia,176,71,https://media.api-sports.io/football/players/180496.png,Attacker,32.0,23.0,2117.0,6.96,13.0,6.0,54.0,32.0,400.0,28.0,75.0,6.0,1.0,5.0,68.0,33.0,204.0,94.0,45.0,13.0,1.0,0.0,W,0,ST,0,0,55.1,0,,statistical_fallback,Attacker,W,0.553,0.255,2.296,1.36,17.005,1.19,0.255,0.213,2.891,1.403,59.233,48.53,Villarreal,1
39,Premier League,2025,44,Burnley,180560,H. Mejbri,Hannibal,Mejbri,22.0,Tunisia,177,74,https://media.api-sports.io/football/players/180560.png,Midfielder,27.0,15.0,1253.0,6.72,1.0,4.0,11.0,5.0,509.0,21.0,77.0,29.0,3.0,8.0,34.0,20.0,206.0,102.0,47.0,24.0,10.0,0.0,CAM,9,CM,5,15,60.0,0,CAM:9 | CM:5 | RM:1,lineup_history,Midfielder,CAM,0.072,0.287,0.79,0.359,36.56,1.508,2.083,0.575,2.442,1.437,45.443,58.845,Burnley,1
78,Bundesliga,2025,172,VfB Stuttgart,180731,L. Assignon,Lorenz,Assignon,25.0,France,181,77,https://media.api-sports.io/football/players/180731.png,Defender,24.0,12.0,1109.0,6.51,0.0,0.0,9.0,4.0,480.0,10.0,83.0,22.0,2.0,13.0,21.0,11.0,123.0,60.0,7.0,19.0,3.0,1.0,FB,0,,0,0,59.9,0,,statistical_fallback,Defender,FB,0.0,0.0,0.73,0.325,38.954,0.812,1.785,1.055,1.704,0.893,44.521,52.406,VfB Stuttgart,1
135,Serie A,2025,523,Parma,180762,E. Corvi,Edoardo,Corvi,24.0,Italy,187,77,https://media.api-sports.io/football/players/180762.png,Goalkeeper,17.0,17.0,1530.0,6.95,0.0,0.0,0.0,0.0,512.0,0.0,74.0,1.0,,0.0,0.0,0.0,8.0,7.0,5.0,,1.0,0.0,GK,0,,0,0,100.0,0,,statistical_fallback,Goalkeeper,GK,0.0,0.0,0.0,0.0,30.118,0.0,0.059,0.0,0.0,0.0,0.0,0.0,Parma,1
140,La Liga,2025,546,Getafe,180927,Z. Romero,Zaid Abner,Romero,26.0,Argentina,193,85,https://media.api-sports.io/football/players/180927.png,Defender,15.0,15.0,1350.0,7.01,1.0,0.0,7.0,2.0,426.0,1.0,69.0,32.0,3.0,28.0,23.0,16.0,141.0,87.0,12.0,11.0,4.0,0.0,FB,0,,0,0,55.2,0,,statistical_fallback,Defender,FB,0.067,0.0,0.467,0.133,28.4,0.067,2.133,1.867,1.533,1.067,28.48,69.602,Getafe,1
140,La Liga,2025,727,Osasuna,181259,Abel Bretones,Abel,Bretones Cruz,25.0,Spain,188,78,https://media.api-sports.io/football/players/181259.png,Midfielder,28.0,17.0,1658.0,6.74,1.0,2.0,10.0,3.0,504.0,13.0,77.0,33.0,5.0,18.0,29.0,13.0,147.0,78.0,19.0,17.0,5.0,1.0,CDM,0,CM,0,0,58.3,0,,statistical_fallback,Midfielder,CDM,0.054,0.109,0.543,0.163,27.358,0.706,1.791,0.977,1.574,0.706,30.018,44.854,Osasuna,1
140,La Liga,2025,543,Real Betis,181421,A. Ezzalzouli,Abdessamad,Ezzalzouli,24.0,Morocco,177,73,https://media.api-sports.io/football/players/181421.png,Attacker,29.0,26.0,2255.0,7.32,10.0,8.0,53.0,26.0,798.0,32.0,79.0,53.0,1.0,16.0,86.0,39.0,375.0,194.0,71.0,28.0,3.0,0.0,W,0,ST,0,0,55.5,0,,statistical_fallback,Attacker,W,0.399,0.319,2.115,1.038,31.849,1.277,2.115,0.639,3.432,1.557,49.078,45.367,Real Betis,1
140,La Liga,2025,532,Valencia,181582,Copete,José Manuel,Arias Copete,26.0,Spain,192,73,https://media.api-sports.io/football/players/181582.png,Defender,21.0,19.0,1768.0,6.65,0.0,0.0,11.0,0.0,1003.0,5.0,85.0,25.0,16.0,22.0,9.0,7.0,137.0,78.0,11.0,20.0,5.0,0.0,CB,0,,0,0,58.3,0,,statistical_fallback,Defender,CB,0.0,0.0,0.56,0.0,51.058,0.255,1.273,1.12,0.458,0.356,0.0,77.729,Valencia,1
140,La Liga,2025,529,Barcelona,181701,Gerard Martín,Gerard,Martín Langreo,23.0,Spain,186,82,https://media.api-sports.io/football/players/181701.png,Defender,32.0,26.0,2140.0,7.06,0.0,0.0,5.0,4.0,1947.0,13.0,91.0,40.0,8.0,28.0,9.0,6.0,146.0,97.0,7.0,16.0,6.0,0.0,CB,0,,0,0,57.8,0,,statistical_fallback,Defender,CB,0.0,0.0,0.21,0.168,81.883,0.547,1.682,1.178,0.379,0.252,80.0,66.491,Barcelona,1
140,La Liga,2025,728,Rayo Vallecano,181734,Pep Chavarría,Josep María,Chavarría Pérez,27.0,Spain,174,72,https://media.api-sports.io/football/players/181734.png,Defender,33.0,29.0,2681.0,6.79,1.0,2.0,11.0,3.0,1278.0,27.0,84.0,54.0,14.0,31.0,44.0,17.0,248.0,128.0,35.0,33.0,5.0,0.0,FB,0,,0,0,61.1,0,,statistical_fallback,Defender,FB,0.034,0.067,0.369,0.101,42.902,0.906,1.813,1.041,1.477,0.571,27.371,38.659,Rayo Vallecano,1
39,Premier League,2025,44,Burnley,181797,B. Humphreys,Bashir,Humphreys,22.0,England,187,79,https://media.api-sports.io/football/players/181797.png,Defender,20.0,17.0,1578.0,6.85,0.0,0.0,5.0,3.0,849.0,9.0,81.0,27.0,19.0,11.0,12.0,6.0,143.0,69.0,10.0,14.0,6.0,0.0,CB,14,LWB,2,17,82.4,0,CB:14 | LWB:2 | RB:1,lineup_history,Defender,CB,0.0,0.0,0.285,0.171,48.422,0.513,1.54,0.627,0.684,0.342,60.0,50.0,Burnley,1
39,Premier League,2025,65,Nottingham Forest,181806,N. Savona,Nicolò,Savona,22.0,Italy,192,80,https://media.api-sports.io/football/players/181806.png,Defender,14.0,11.0,1026.0,6.59,2.0,0.0,4.0,3.0,399.0,7.0,78.0,20.0,3.0,4.0,5.0,2.0,70.0,34.0,5.0,12.0,2.0,0.0,RB,10,RWB,1,11,90.9,0,RB:10 | RWB:1,lineup_history,Defender,RB,0.175,0.0,0.351,0.263,35.0,0.614,1.754,0.351,0.439,0.175,74.929,39.863,Nottingham Forest,1
135,Serie A,2025,496,Juventus,181808,F. Miretti,Fabio,Miretti,22.0,Italy,179,75,https://media.api-sports.io/football/players/181808.png,Midfielder,23.0,5.0,631.0,6.7,1.0,2.0,12.0,5.0,379.0,12.0,85.0,19.0,,3.0,19.0,7.0,86.0,36.0,7.0,15.0,1.0,0.0,CAM,0,W,0,0,63.6,0,,statistical_fallback,Midfielder,CAM,0.143,0.285,1.712,0.713,54.057,1.712,2.71,0.428,2.71,0.998,41.647,36.827,Juventus,1
78,Bundesliga,2025,157,Bayern München,181812,J. Musiala,Jamal,Musiala,22.0,Germany,184,72,https://media.api-sports.io/football/players/181812.png,Midfielder,15.0,7.0,685.0,6.68,3.0,4.0,18.0,9.0,292.0,17.0,84.0,11.0,,2.0,40.0,21.0,107.0,52.0,18.0,5.0,1.0,0.0,W,0,CAM,0,0,55.2,0,,statistical_fallback,Midfielder,W,0.394,0.526,2.365,1.182,38.365,2.234,1.445,0.263,5.255,2.759,49.979,52.502,Bayern München,1
61,Ligue 1,2025,81,Marseille,181827,C. Egan-Riley,Conrad Jaden,Egan-Riley,22.0,England,183,70,https://media.api-sports.io/football/players/181827.png,Defender,11.0,8.0,626.0,6.67,0.0,0.0,0.0,0.0,523.0,2.0,92.0,10.0,4.0,1.0,3.0,1.0,45.0,26.0,5.0,5.0,1.0,1.0,CB,0,,0,0,57.4,0,,statistical_fallback,Defender,CB,0.0,0.0,0.0,0.0,75.192,0.288,1.438,0.144,0.431,0.144,0.0,33.411,Marseille,1
78,Bundesliga,2025,192,1. FC Köln,181908,J. Thielmann,Jan Uwe,Thielmann,23.0,Germany,178,72,https://media.api-sports.io/football/players/181908.png,Attacker,26.0,20.0,1553.0,6.76,3.0,1.0,17.0,10.0,406.0,14.0,75.0,18.0,3.0,15.0,24.0,8.0,137.0,67.0,23.0,11.0,4.0,0.0,ST,0,W,0,0,55.9,0,,statistical_fallback,Attacker,ST,0.174,0.058,0.985,0.58,23.529,0.811,1.043,0.869,1.391,0.464,58.883,33.357,1. FC Köln,1
140,La Liga,2025,531,Athletic Club,182181,Jesús Areso,Jesús,Areso Blanco,26.0,Spain,182,81,https://media.api-sports.io/football/players/182181.png,Defender,26.0,14.0,1513.0,6.72,0.0,1.0,1.0,0.0,581.0,23.0,83.0,22.0,8.0,18.0,25.0,14.0,126.0,75.0,7.0,19.0,3.0,0.0,FB,0,,0,0,62.6,0,,statistical_fallback,Defender,FB,0.0,0.059,0.059,0.0,34.56,1.368,1.309,1.071,1.487,0.833,0.0,56.019,Athletic Club,1
39,Premier League,2025,52,Crystal Palace,182201,T. Mitchell,Tyrick Kwon,Mitchell,26.0,England,175,68,https://media.api-sports.io/football/players/182201.png,Midfielder,38.0,36.0,3253.0,6.79,1.0,2.0,14.0,7.0,1107.0,29.0,73.0,101.0,12.0,34.0,43.0,15.0,306.0,170.0,28.0,23.0,6.0,0.0,LWB,36,,0,36,100.0,0,LWB:36,lineup_history,Midfielder,LWB,0.028,0.055,0.387,0.194,30.627,0.802,2.794,0.941,1.19,0.415,50.129,34.874,Crystal Palace,1
140,La Liga,2025,530,Atletico Madrid,182219,Álex Baena,Alejandro,Baena Rodríguez,24.0,Spain,175,70,https://media.api-sports.io/football/players/182219.png,Midfielder,27.0,21.0,1572.0,6.95,2.0,3.0,22.0,7.0,727.0,46.0,81.0,18.0,4.0,16.0,37.0,12.0,169.0,64.0,29.0,26.0,5.0,0.0,W,0,CAM,0,0,56.6,0,,statistical_fallback,Midfielder,W,0.115,0.172,1.26,0.401,41.622,2.634,1.031,0.916,2.118,0.687,31.825,32.436,Atletico Madrid,1
140,La Liga,2025,718,Oviedo,182486,Alberto Reina,Alberto,Reina Campos,28.0,Spain,179,71,https://media.api-sports.io/football/players/182486.png,Midfielder,37.0,31.0,2487.0,6.71,4.0,1.0,19.0,11.0,1040.0,34.0,85.0,44.0,6.0,19.0,29.0,14.0,235.0,120.0,46.0,37.0,5.0,0.0,CM,0,,0,0,58.0,0,,statistical_fallback,Midfielder,CM,0.145,0.036,0.688,0.398,37.636,1.23,1.592,0.688,1.049,0.507,57.849,48.332,Oviedo,1
140,La Liga,2025,533,Villarreal,182519,Alberto Moleiro,Alberto,Moleiro González,22.0,Spain,172,67,https://media.api-sports.io/football/players/182519.png,Midfielder,37.0,30.0,2491.0,6.89,10.0,5.0,39.0,20.0,814.0,37.0,79.0,30.0,3.0,12.0,67.0,33.0,264.0,93.0,27.0,33.0,4.0,0.0,W,0,CAM,0,0,55.4,0,,statistical_fallback,Midfielder,W,0.361,0.181,1.409,0.723,29.41,1.337,1.084,0.434,2.421,1.192,51.313,49.236,Villarreal,1
140,La Liga,2025,542,Alaves,182546,Jon Pacheco,Jon,Pacheco Dozagarat,24.0,Spain,184,77,https://media.api-sports.io/football/players/182546.png,Defender,22.0,20.0,1734.0,6.77,0.0,0.0,4.0,1.0,938.0,5.0,86.0,37.0,21.0,11.0,4.0,3.0,144.0,89.0,7.0,14.0,5.0,0.0,CB,0,,0,0,60.0,0,,statistical_fallback,Defender,CB,0.0,0.0,0.208,0.052,48.685,0.26,1.92,0.571,0.208,0.156,25.0,75.0,Alaves,1
135,Serie A,2025,494,Udinese,182560,Oier Zarraga,Oier,Zarraga Egaña,26.0,Spain,175,76,https://media.api-sports.io/football/players/182560.png,Midfielder,24.0,2.0,497.0,6.54,0.0,0.0,2.0,1.0,158.0,2.0,89.0,6.0,3.0,6.0,3.0,1.0,54.0,20.0,5.0,8.0,2.0,0.0,CM,0,,0,0,58.0,0,,statistical_fallback,Midfielder,CM,0.0,0.0,0.362,0.181,28.612,0.362,1.087,1.087,0.543,0.181,50.0,33.333,Udinese,1
140,La Liga,2025,727,Osasuna,182592,Jorge Herrando,Jorge,Herrando Oroz,24.0,Spain,190,78,https://media.api-sports.io/football/players/182592.png,Defender,28.0,17.0,1608.0,6.68,0.0,1.0,1.0,0.0,703.0,2.0,86.0,33.0,11.0,20.0,3.0,3.0,126.0,71.0,8.0,24.0,3.0,0.0,CB,0,,0,0,56.7,0,,statistical_fallback,Defender,CB,0.0,0.056,0.056,0.0,39.347,0.112,1.847,1.119,0.168,0.168,0.0,100.0,Osasuna,1
140,La Liga,2025,539,Levante,182603,Jon Ander Olasagasti,Jon Ander,Olasagasti Imizcoz,25.0,Spain,176,74,https://media.api-sports.io/football/players/182603.png,Midfielder,33.0,18.0,1748.0,6.82,1.0,5.0,18.0,9.0,667.0,36.0,76.0,28.0,8.0,13.0,25.0,12.0,194.0,102.0,33.0,20.0,3.0,1.0,CAM,0,CM,0,0,58.7,0,,statistical_fallback,Midfielder,CAM,0.051,0.257,0.927,0.463,34.342,1.854,1.442,0.669,1.287,0.618,49.946,48.019,Levante,1
140,La Liga,2025,727,Osasuna,182621,Iker Muñoz,Iker,Muñoz Cameros,23.0,Spain,180,69,https://media.api-sports.io/football/players/182621.png,Midfielder,19.0,8.0,953.0,6.65,0.0,0.0,8.0,4.0,449.0,5.0,84.0,12.0,2.0,12.0,11.0,4.0,113.0,51.0,21.0,18.0,5.0,0.0,CM,0,,0,0,58.0,0,,statistical_fallback,Midfielder,CM,0.0,0.0,0.756,0.378,42.403,0.472,1.133,1.133,1.039,0.378,50.0,36.381,Osasuna,1
140,La Liga,2025,718,Oviedo,182636,Javi López,Javier,López Carballo,23.0,Spain,184,80,https://media.api-sports.io/football/players/182636.png,Defender,25.0,20.0,1726.0,6.54,0.0,1.0,3.0,1.0,743.0,19.0,79.0,43.0,2.0,20.0,40.0,18.0,203.0,99.0,26.0,38.0,3.0,1.0,FB,0,,0,0,63.0,0,,statistical_fallback,Defender,FB,0.0,0.052,0.156,0.052,38.743,0.991,2.242,1.043,2.086,0.939,33.333,45.014,Oviedo,1
140,La Liga,2025,538,Celta Vigo,182638,Manu Fernández,Manuel,Fernández Arroyo,24.0,Spain,,,https://media.api-sports.io/football/players/182638.png,Defender,14.0,9.0,765.0,6.67,0.0,0.0,2.0,0.0,504.0,3.0,90.0,13.0,3.0,8.0,2.0,1.0,46.0,28.0,7.0,8.0,2.0,0.0,CB,0,,0,0,57.3,0,,statistical_fallback,Defender,CB,0.0,0.0,0.235,0.0,59.294,0.353,1.529,0.941,0.235,0.118,0.0,50.213,Celta Vigo,1
140,La Liga,2025,539,Levante,182639,Unai Vencedor,Unai,Vencedor Paris,25.0,Spain,176,71,https://media.api-sports.io/football/players/182639.png,Midfielder,16.0,11.0,818.0,6.74,0.0,0.0,0.0,0.0,416.0,12.0,81.0,22.0,5.0,6.0,7.0,4.0,109.0,48.0,8.0,24.0,3.0,1.0,CDM,0,CM,0,0,65.8,0,,statistical_fallback,Midfielder,CDM,0.0,0.0,0.0,0.0,45.77,1.32,2.421,0.66,0.77,0.44,0.0,57.143,Levante,1
140,La Liga,2025,797,Elche | Celta Vigo,182661,Álvaro Núñez,Álvaro,Núñez Cobo,25.0,Spain,174,60,https://media.api-sports.io/football/players/182661.png,Defender,19.0,19.0,1984.0,6.928,0.0,2.0,1.0,0.0,989.0,21.0,91.0,24.0,6.0,16.0,22.0,14.0,123.0,64.0,17.0,12.0,2.0,0.0,FB,0,,0,0,62.9,0,,statistical_fallback,Defender,FB,0.0,0.091,0.09,0.045,55.343,0.998,1.316,0.726,1.044,0.681,50.213,65.216,Elche | Celta Vigo,2
140,La Liga,2025,540,Espanyol,182674,Jofre Carreras,Jofre,Carreras Pagès,24.0,Spain,175,68,https://media.api-sports.io/football/players/182674.png,Midfielder,26.0,9.0,921.0,6.58,1.0,0.0,15.0,7.0,216.0,15.0,75.0,9.0,,6.0,43.0,16.0,117.0,55.0,27.0,13.0,1.0,0.0,W,0,CAM,0,0,56.4,0,,statistical_fallback,Midfielder,W,0.098,0.0,1.466,0.684,21.107,1.466,0.879,0.586,4.202,1.564,46.658,37.22,Espanyol,1
140,La Liga,2025,529,Barcelona,182718,Joan García,Joan,García Pons,24.0,Spain,193,85,https://media.api-sports.io/football/players/182718.png,Goalkeeper,30.0,30.0,2700.0,7.35,0.0,0.0,0.0,0.0,856.0,0.0,89.0,5.0,,3.0,1.0,1.0,19.0,18.0,4.0,,1.0,0.0,GK,0,,0,0,100.0,0,,statistical_fallback,Goalkeeper,GK,0.0,0.0,0.0,0.0,28.533,0.0,0.167,0.1,0.033,0.033,0.0,100.0,Barcelona,1
140,La Liga,2025,539,Levante,182770,Carlos Álvarez,Carlos,Álvarez Rivera,22.0,Spain,167,75,https://media.api-sports.io/football/players/182770.png,Midfielder,30.0,23.0,1908.0,6.84,3.0,1.0,19.0,11.0,656.0,40.0,80.0,22.0,1.0,13.0,57.0,19.0,223.0,93.0,49.0,22.0,3.0,0.0,CAM,0,CM,0,0,61.5,0,,statistical_fallback,Midfielder,CAM,0.142,0.047,0.896,0.519,30.943,1.887,1.038,0.613,2.689,0.896,57.924,33.321,Levante,1
140,La Liga,2025,536,Sevilla,182772,Juanlu Sánchez,Juan Luis,Sánchez Velasco,22.0,Spain,183,68,https://media.api-sports.io/football/players/182772.png,Defender,32.0,23.0,2002.0,6.65,0.0,3.0,7.0,1.0,763.0,22.0,83.0,64.0,,12.0,51.0,27.0,269.0,151.0,42.0,23.0,5.0,0.0,FB,0,,0,0,66.6,0,,statistical_fallback,Defender,FB,0.0,0.135,0.315,0.045,34.301,0.989,2.877,0.539,2.293,1.214,14.286,52.944,Sevilla,1
140,La Liga,2025,542,Alaves,182784,I. Diabate,Ibrahim Yalatif,Diabate,26.0,Côte d'Ivoire,185,,https://media.api-sports.io/football/players/182784.png,Attacker,10.0,6.0,587.0,6.55,2.0,0.0,11.0,5.0,90.0,2.0,62.0,4.0,,2.0,2.0,1.0,63.0,23.0,5.0,6.0,1.0,0.0,ST,0,,0,0,62.1,0,,statistical_fallback,Attacker,ST,0.307,0.0,1.687,0.767,13.799,0.307,0.613,0.307,0.307,0.153,45.465,49.837,Alaves,1
140,La Liga,2025,540,Espanyol,183699,Urko González,Urko,González de Zárate Quirós,24.0,Spain,189,83,https://media.api-sports.io/football/players/183699.png,Midfielder,35.0,28.0,2619.0,6.65,0.0,1.0,12.0,1.0,980.0,11.0,80.0,54.0,10.0,32.0,23.0,15.0,277.0,133.0,42.0,42.0,7.0,0.0,CDM,0,CM,0,0,62.9,0,,statistical_fallback,Midfielder,CDM,0.0,0.034,0.412,0.034,33.677,0.378,1.856,1.1,0.79,0.515,8.252,65.19,Espanyol,1
140,La Liga,2025,548,Real Sociedad,183744,Beñat Turrientes,Beñat,Turrientes Imaz,23.0,Spain,181,70,https://media.api-sports.io/football/players/183744.png,Midfielder,27.0,16.0,1367.0,6.75,0.0,3.0,15.0,6.0,695.0,12.0,86.0,40.0,6.0,9.0,32.0,20.0,176.0,94.0,23.0,28.0,7.0,0.0,W,0,CAM,0,0,55.8,0,,statistical_fallback,Midfielder,W,0.0,0.198,0.988,0.395,45.757,0.79,2.634,0.593,2.107,1.317,39.98,62.506,Real Sociedad,1
140,La Liga,2025,542,Alaves,183751,A. Rebbach,Abderrahmane,Rebbach,27.0,Algeria,176,68,https://media.api-sports.io/football/players/183751.png,Attacker,30.0,15.0,1509.0,6.71,1.0,4.0,25.0,12.0,459.0,30.0,79.0,42.0,,15.0,50.0,17.0,226.0,98.0,30.0,40.0,8.0,0.0,W,0,,0,0,60.6,0,,statistical_fallback,Attacker,W,0.06,0.239,1.491,0.716,27.376,1.789,2.505,0.895,2.982,1.014,48.021,34.004,Alaves,1
140,La Liga,2025,531,Athletic Club,183799,Nico Williams,Nicholas,Williams Arthuer,23.0,Spain,181,67,https://media.api-sports.io/football/players/183799.png,Midfielder,25.0,20.0,1687.0,6.97,6.0,3.0,34.0,16.0,567.0,34.0,77.0,15.0,,7.0,145.0,67.0,282.0,119.0,29.0,26.0,2.0,0.0,W,0,CAM,0,0,56.1,0,,statistical_fallback,Midfielder,W,0.32,0.16,1.814,0.854,30.249,1.814,0.8,0.373,7.736,3.574,47.078,46.2,Athletic Club,1
140,La Liga,2025,532,Valencia | Athletic Club,183848,Julen Agirrezabala,Julen,Agirrezabala Astúlez,25.0,Spain,187,80,https://media.api-sports.io/football/players/183848.png,Goalkeeper,18.0,18.0,2070.0,6.806,0.0,0.0,0.0,0.0,493.0,1.0,69.0,2.0,,0.0,0.0,0.0,12.0,10.0,1.0,,1.0,0.0,GK,0,,0,0,100.0,0,,statistical_fallback,Goalkeeper,GK,0.0,0.0,0.0,0.0,28.261,0.087,0.087,0.0,0.0,0.0,0.0,0.0,Valencia | Athletic Club,2
140,La Liga,2025,531,Athletic Club,183849,Aitor Paredes,Aitor,Paredes Casamichana,25.0,Spain,186,76,https://media.api-sports.io/football/players/183849.png,Defender,19.0,18.0,1629.0,6.77,2.0,0.0,11.0,4.0,942.0,4.0,87.0,21.0,4.0,29.0,3.0,3.0,104.0,61.0,7.0,19.0,4.0,0.0,CB,0,,0,0,59.2,0,,statistical_fallback,Defender,CB,0.11,0.0,0.608,0.221,52.044,0.221,1.16,1.602,0.166,0.166,36.349,100.0,Athletic Club,1
140,La Liga,2025,718,Oviedo,184194,Álex Forés,Álex,Forés Mendoza,24.0,Spain,179,67,https://media.api-sports.io/football/players/184194.png,Attacker,18.0,3.0,382.0,6.46,0.0,1.0,5.0,2.0,63.0,1.0,68.0,2.0,,1.0,7.0,3.0,38.0,15.0,6.0,3.0,0.0,0.0,ST,0,W,0,0,59.2,0,,statistical_fallback,Attacker,ST,0.0,0.236,1.178,0.471,14.843,0.236,0.471,0.236,1.649,0.707,39.983,42.874,Oviedo,1
39,Premier League,2025,52,Crystal Palace,184226,Yeremy Pino,Yeremy Jesús,Pino Santos,23.0,Spain,172,65,https://media.api-sports.io/football/players/184226.png,Midfielder,34.0,26.0,2100.0,6.86,2.0,2.0,24.0,11.0,831.0,48.0,74.0,36.0,1.0,9.0,44.0,18.0,257.0,100.0,24.0,30.0,4.0,0.0,CAM,21,LW,3,26,80.8,0,CAM:21 | LW:3 | ST:1 | LM:1,lineup_history,Midfielder,CAM,0.086,0.086,1.029,0.471,35.614,2.057,1.543,0.386,1.886,0.771,45.773,40.88,Crystal Palace,1
140,La Liga,2025,540,Villarreal | Espanyol,184420,Carlos Romero,Carlos,Romero Serrano,24.0,Spain,180,73,https://media.api-sports.io/football/players/184420.png,Defender,36.0,36.0,3645.0,7.077,6.0,3.0,26.0,12.0,1011.0,27.0,79.0,97.0,16.0,40.0,84.0,49.0,327.0,178.0,19.0,40.0,4.0,0.0,FB,0,,0,0,63.2,0,,statistical_fallback,Defender,FB,0.173,0.099,0.691,0.321,28.42,0.766,2.74,1.111,2.469,1.407,46.448,56.994,Villarreal | Espanyol,2
140,La Liga,2025,546,Getafe,184459,Álex Sancris,Alejandro,San Cristóbal Sánchez,28.0,Spain,177,72,https://media.api-sports.io/football/players/184459.png,Attacker,18.0,5.0,710.0,6.49,0.0,1.0,9.0,5.0,193.0,8.0,69.0,10.0,,2.0,10.0,5.0,92.0,31.0,12.0,16.0,3.0,0.0,ST,0,W,0,0,59.2,0,,statistical_fallback,Attacker,ST,0.0,0.127,1.141,0.634,24.465,1.014,1.268,0.254,1.268,0.634,55.565,50.0,Getafe,1
140,La Liga,2025,536,Sevilla,185398,Isaac,Isaac,Romero Bernal,25.0,Spain,184,70,https://media.api-sports.io/football/players/185398.png,Attacker,29.0,18.0,1498.0,6.44,4.0,0.0,33.0,14.0,336.0,14.0,72.0,16.0,1.0,6.0,44.0,10.0,208.0,72.0,24.0,29.0,6.0,1.0,ST,0,,0,0,58.3,0,,statistical_fallback,Attacker,ST,0.24,0.0,1.983,0.841,20.187,0.841,0.961,0.36,2.644,0.601,42.41,22.731,Sevilla,1
140,La Liga,2025,542,Alaves,187214,Carlos Vicente,Carlos,Vicente Robles,26.0,Spain,179,72,https://media.api-sports.io/football/players/187214.png,Midfielder,21.0,11.0,1256.0,6.95,5.0,0.0,10.0,6.0,473.0,27.0,79.0,28.0,2.0,7.0,37.0,11.0,168.0,92.0,42.0,12.0,1.0,0.0,CM,0,,0,0,58.0,0,,statistical_fallback,Midfielder,CM,0.358,0.0,0.717,0.43,33.893,1.935,2.006,0.502,2.651,0.788,59.972,29.725,Alaves,1
140,La Liga,2025,797,Elche,187318,Marc Aguado,Marc,Aguado Pallares,25.0,Spain,178,68,https://media.api-sports.io/football/players/187318.png,Midfielder,35.0,30.0,2522.0,6.8,1.0,2.0,2.0,2.0,1325.0,11.0,90.0,48.0,21.0,43.0,1.0,0.0,137.0,79.0,23.0,25.0,3.0,0.0,CDM,0,CM,0,0,62.3,0,,statistical_fallback,Midfielder,CDM,0.036,0.071,0.071,0.071,47.284,0.393,1.713,1.534,0.036,0.0,100.0,0.0,Elche,1
140,La Liga,2025,540,Espanyol,187987,Ramón Terrats,Ramón,Terrats Espacio,25.0,Spain,181,71,https://media.api-sports.io/football/players/187987.png,Midfielder,29.0,12.0,1062.0,6.62,1.0,2.0,12.0,3.0,255.0,16.0,76.0,23.0,5.0,11.0,28.0,9.0,153.0,63.0,22.0,15.0,0.0,0.0,W,0,CAM,0,0,55.2,0,,statistical_fallback,Midfielder,W,0.085,0.169,1.017,0.254,21.61,1.356,1.949,0.932,2.373,0.763,24.975,32.153,Espanyol,1
61,Ligue 1,2025,84,Nice,188319,Kevin Carlos,Kevin Carlos,Omoruyi Benjamin,24.0,Spain,186,98,https://media.api-sports.io/football/players/188319.png,Attacker,24.0,9.0,901.0,6.4,0.0,0.0,13.0,7.0,167.0,3.0,69.0,2.0,1.0,1.0,8.0,2.0,132.0,50.0,17.0,29.0,3.0,0.0,ST,0,,0,0,58.9,0,,statistical_fallback,Attacker,ST,0.0,0.0,1.299,0.699,16.681,0.3,0.2,0.1,0.799,0.2,53.811,25.031,Nice,1
140,La Liga,2025,797,Elche,189866,John Nwankwo,John Chetauya,Nwankwo Donald Okeh,25.0,Spain,182,78,https://media.api-sports.io/football/players/189866.png,Defender,21.0,6.0,683.0,6.58,1.0,0.0,5.0,2.0,291.0,1.0,88.0,16.0,1.0,7.0,6.0,2.0,80.0,38.0,6.0,18.0,3.0,0.0,CB,0,,0,0,55.1,0,,statistical_fallback,Defender,CB,0.132,0.0,0.659,0.264,38.346,0.132,2.108,0.922,0.791,0.264,40.061,33.375,Elche,1
140,La Liga,2025,798,Mallorca,190485,Samú Costa,Samuel,de Almeida Costa,25.0,Portugal,183,75,https://media.api-sports.io/football/players/190485.png,Midfielder,34.0,31.0,2705.0,6.99,7.0,2.0,31.0,16.0,1268.0,17.0,79.0,65.0,13.0,26.0,49.0,14.0,421.0,217.0,68.0,64.0,11.0,0.0,CDM,0,CM,0,0,59.6,0,,statistical_fallback,Midfielder,CDM,0.233,0.067,1.031,0.532,42.189,0.566,2.163,0.865,1.63,0.466,51.6,28.589,Mallorca,1
61,Ligue 1,2025,108,Auxerre,190686,S. Mara,Sékou,Mara,23.0,France,184,73,https://media.api-sports.io/football/players/190686.png,Attacker,27.0,14.0,1234.0,6.64,3.0,2.0,24.0,12.0,239.0,9.0,72.0,13.0,,4.0,34.0,17.0,207.0,92.0,27.0,27.0,0.0,0.0,ST,0,W,0,0,56.2,0,,statistical_fallback,Attacker,ST,0.219,0.146,1.75,0.875,17.431,0.656,0.948,0.292,2.48,1.24,50.0,50.0,Auxerre,1
78,Bundesliga,2025,160,SC Freiburg,191160,J. Makengo,Jordy,Makengo Basambundu,24.0,France,191,78,https://media.api-sports.io/football/players/191160.png,Defender,20.0,12.0,1188.0,6.57,0.0,1.0,0.0,0.0,445.0,5.0,84.0,22.0,10.0,15.0,13.0,7.0,84.0,52.0,9.0,10.0,1.0,0.0,FB,0,,0,0,59.4,0,,statistical_fallback,Defender,FB,0.0,0.076,0.0,0.0,33.712,0.379,1.667,1.136,0.985,0.53,0.0,53.807,SC Freiburg,1
61,Ligue 1,2025,108,Auxerre,191189,C. Akpa,Clément,Akpa,24.0,France,181,68,https://media.api-sports.io/football/players/191189.png,Defender,26.0,21.0,1949.0,6.72,0.0,0.0,3.0,0.0,1073.0,9.0,80.0,31.0,9.0,21.0,13.0,11.0,163.0,107.0,30.0,12.0,3.0,0.0,CB,0,,0,0,55.5,0,,statistical_fallback,Defender,CB,0.0,0.0,0.139,0.0,49.548,0.416,1.432,0.97,0.6,0.508,0.0,84.667,Auxerre,1
61,Ligue 1,2025,108,Auxerre,191240,M. Senaya,Marvin,Senaya,24.0,France,181,76,https://media.api-sports.io/football/players/191240.png,Defender,25.0,20.0,1784.0,6.86,1.0,0.0,8.0,5.0,625.0,6.0,76.0,57.0,14.0,34.0,21.0,3.0,218.0,134.0,32.0,26.0,5.0,0.0,CB,0,,0,0,59.7,0,,statistical_fallback,Defender,CB,0.05,0.0,0.404,0.252,31.53,0.303,2.876,1.715,1.059,0.151,62.376,14.259,Auxerre,1
61,Ligue 1,2025,77,Angers,191289,A. Sbaï,Mohamed Amine,Sbaï,25.0,France,175,72,https://media.api-sports.io/football/players/191289.png,Midfielder,25.0,23.0,1834.0,6.73,3.0,1.0,23.0,16.0,578.0,29.0,72.0,20.0,,7.0,99.0,37.0,228.0,84.0,24.0,15.0,2.0,0.0,W,0,CAM,0,0,56.5,0,,statistical_fallback,Midfielder,W,0.147,0.049,1.129,0.785,28.364,1.423,0.981,0.344,4.858,1.816,69.531,37.382,Angers,1
78,Bundesliga,2025,192,1. FC Köln,191740,S. Sebulonsen,Sebastian,Søraas Sebulonsen,25.0,Norway,187,78,https://media.api-sports.io/football/players/191740.png,Midfielder,31.0,28.0,2505.0,6.41,0.0,0.0,16.0,5.0,812.0,21.0,77.0,44.0,5.0,14.0,39.0,18.0,190.0,100.0,9.0,11.0,5.0,0.0,CM,0,,0,0,58.0,0,,statistical_fallback,Midfielder,CM,0.0,0.0,0.575,0.18,29.174,0.754,1.581,0.503,1.401,0.647,31.304,46.181,1. FC Köln,1
135,Serie A,2025,523,Parma,191979,J. Ondrejka,Jacob Axel Per,Ondrejka,23.0,Sweden,180,73,https://media.api-sports.io/football/players/191979.png,Attacker,16.0,9.0,776.0,6.55,0.0,0.0,15.0,7.0,205.0,5.0,79.0,7.0,,3.0,30.0,10.0,81.0,32.0,14.0,8.0,2.0,0.0,ST,0,W,0,0,56.9,0,,statistical_fallback,Attacker,ST,0.0,0.0,1.74,0.812,23.776,0.58,0.812,0.348,3.479,1.16,46.667,33.343,Parma,1
140,La Liga,2025,539,Levante,192032,Iván Romero,Iván,Romero de Ávila Araque,24.0,Spain,172,72,https://media.api-sports.io/football/players/192032.png,Attacker,32.0,28.0,2287.0,6.88,7.0,1.0,40.0,18.0,535.0,25.0,73.0,33.0,2.0,12.0,75.0,36.0,365.0,176.0,77.0,40.0,5.0,0.0,ST,0,W,0,0,55.0,0,,statistical_fallback,Attacker,ST,0.275,0.039,1.574,0.708,21.054,0.984,1.299,0.472,2.951,1.417,44.981,48.018,Levante,1
61,Ligue 1,2025,80,Lyon,193293,R. Kluivert,Ruben,Kluivert,24.0,Netherlands,187,70,https://media.api-sports.io/football/players/193293.png,Defender,16.0,9.0,805.0,6.51,1.0,2.0,2.0,1.0,413.0,2.0,84.0,17.0,4.0,9.0,4.0,3.0,72.0,43.0,4.0,10.0,4.0,0.0,FB,0,,0,0,56.5,0,,statistical_fallback,Defender,FB,0.112,0.224,0.224,0.112,46.174,0.224,1.901,1.006,0.447,0.335,50.0,74.944,Lyon,1
61,Ligue 1,2025,97,Lorient,193501,B. Meité,Abdoul Bamo,Meité,24.0,Côte d'Ivoire,183,75,https://media.api-sports.io/football/players/193501.png,Defender,25.0,22.0,1983.0,6.72,0.0,3.0,8.0,1.0,862.0,7.0,84.0,28.0,13.0,13.0,13.0,7.0,222.0,125.0,25.0,30.0,5.0,0.0,FB,0,,0,0,57.9,0,,statistical_fallback,Defender,FB,0.0,0.136,0.363,0.045,39.123,0.318,1.271,0.59,0.59,0.318,12.397,53.898,Lorient,1
61,Ligue 1,2025,84,Nice,193617,T. Louchet,Tom Alexis,Louchet,22.0,France,176,65,https://media.api-sports.io/football/players/193617.png,Midfielder,28.0,15.0,1467.0,6.79,3.0,3.0,13.0,6.0,572.0,22.0,78.0,39.0,4.0,10.0,28.0,12.0,139.0,72.0,13.0,16.0,1.0,1.0,CM,0,,0,0,58.0,0,,statistical_fallback,Midfielder,CM,0.184,0.184,0.798,0.368,35.092,1.35,2.393,0.613,1.718,0.736,46.115,42.841,Nice,1
61,Ligue 1,2025,108,Auxerre,193681,T. De Percin,Théo Franck Mathias,De Percin,24.0,Martinique,185,81,https://media.api-sports.io/football/players/193681.png,Goalkeeper,8.0,5.0,596.0,6.93,0.0,0.0,0.0,0.0,206.0,0.0,53.0,0.0,,0.0,0.0,0.0,3.0,3.0,1.0,,0.0,0.0,GK,0,,0,0,100.0,0,,statistical_fallback,Goalkeeper,GK,0.0,0.0,0.0,0.0,31.107,0.0,0.0,0.0,0.0,0.0,0.0,0.0,Auxerre,1
61,Ligue 1,2025,83,Nantes,193952,J. Lepenant,Johann Théo Tom,Lepenant,23.0,France,176,69,https://media.api-sports.io/football/players/193952.png,Midfielder,28.0,24.0,2192.0,6.84,0.0,1.0,15.0,7.0,830.0,33.0,80.0,79.0,4.0,28.0,29.0,10.0,285.0,150.0,48.0,30.0,4.0,0.0,CDM,0,CM,0,0,60.2,0,,statistical_fallback,Midfielder,CDM,0.0,0.041,0.616,0.287,34.078,1.355,3.244,1.15,1.191,0.411,46.591,34.509,Nantes,1
61,Ligue 1,2025,108,Auxerre,193953,L. Sy,Lamine,Sy,23.0,France,171,65,https://media.api-sports.io/football/players/193953.png,Defender,24.0,17.0,1551.0,6.67,0.0,0.0,7.0,2.0,518.0,13.0,83.0,42.0,7.0,24.0,40.0,13.0,147.0,75.0,14.0,24.0,1.0,0.0,FB,0,,0,0,59.3,0,,statistical_fallback,Defender,FB,0.0,0.0,0.406,0.116,30.058,0.754,2.437,1.393,2.321,0.754,28.571,32.486,Auxerre,1
39,Premier League,2025,746,Sunderland,194536,R. Roefs,Robin,Roefs,22.0,Netherlands,193,72,https://media.api-sports.io/football/players/194536.png,Goalkeeper,35.0,35.0,3163.0,6.98,0.0,0.0,0.0,0.0,1320.0,4.0,63.0,0.0,,0.0,1.0,1.0,37.0,35.0,14.0,,4.0,0.0,GK,35,,0,35,100.0,0,GK:35,lineup_history,Goalkeeper,GK,0.0,0.0,0.0,0.0,37.559,0.114,0.0,0.0,0.028,0.028,0.0,100.0,Sunderland,1
135,Serie A,2025,504,Hellas Verona,194837,T. Suslov,Tomáš,Suslov,23.0,Slovakia,173,72,https://media.api-sports.io/football/players/194837.png,Midfielder,11.0,5.0,445.0,6.43,0.0,0.0,7.0,4.0,102.0,4.0,83.0,8.0,,1.0,17.0,4.0,59.0,24.0,12.0,9.0,1.0,1.0,CM,0,,0,0,58.0,0,,statistical_fallback,Midfielder,CM,0.0,0.0,1.416,0.809,20.629,0.809,1.618,0.202,3.438,0.809,57.133,23.531,Hellas Verona,1
61,Ligue 1,2025,114,Paris FC,194981,O. Nkambadio,Obed,Nkambadio,22.0,France,190,86,https://media.api-sports.io/football/players/194981.png,Goalkeeper,12.0,12.0,1080.0,6.48,0.0,0.0,0.0,0.0,475.0,1.0,79.0,0.0,,0.0,0.0,0.0,4.0,3.0,,,0.0,0.0,GK,0,,0,0,100.0,0,,statistical_fallback,Goalkeeper,GK,0.0,0.0,0.0,0.0,39.583,0.083,0.0,0.0,0.0,0.0,0.0,0.0,Paris FC,1
140,La Liga,2025,543,Real Betis,195100,Natan,Natan,Bernardo de Souza,24.0,Brazil,188,92,https://media.api-sports.io/football/players/195100.png,Defender,33.0,32.0,2810.0,6.71,0.0,0.0,7.0,1.0,1432.0,7.0,88.0,31.0,23.0,37.0,4.0,3.0,210.0,110.0,11.0,28.0,8.0,0.0,CB,0,,0,0,60.4,0,,statistical_fallback,Defender,CB,0.0,0.0,0.224,0.032,45.865,0.224,0.993,1.185,0.128,0.096,14.286,75.0,Real Betis,1
39,Premier League,2025,39,Wolves,195103,João Gomes,João Victor,Gomes da Silva,24.0,Brazil,176,74,https://media.api-sports.io/football/players/195103.png,Midfielder,35.0,32.0,2843.0,6.78,1.0,1.0,13.0,7.0,1453.0,16.0,85.0,108.0,6.0,36.0,67.0,43.0,449.0,227.0,49.0,69.0,10.0,0.0,CM,26,CDM,6,32,81.2,0,CM:26 | CDM:6,lineup_history,Midfielder,CM,0.032,0.032,0.412,0.222,45.997,0.507,3.419,1.14,2.121,1.361,53.883,64.168,Wolves,1
39,Premier League,2025,36,Fulham,195106,Rodrigo Muniz,Rodrigo,Muniz Carvalho,24.0,Brazil,178,67,https://media.api-sports.io/football/players/195106.png,Attacker,21.0,10.0,997.0,6.52,1.0,1.0,21.0,5.0,133.0,8.0,42.0,8.0,3.0,2.0,12.0,5.0,220.0,108.0,18.0,21.0,2.0,0.0,ST,10,,0,10,100.0,0,ST:10,lineup_history,Attacker,ST,0.09,0.09,1.896,0.451,12.006,0.722,0.722,0.181,1.083,0.451,23.787,41.644,Fulham,1
140,La Liga,2025,546,Getafe | Lyon,195512,M. Satriano,Martín Adrián,Satriano Costa,24.0,Uruguay,187,75,https://media.api-sports.io/football/players/195512.png,Attacker,18.0,18.0,2307.0,6.77,6.0,1.0,27.0,14.0,368.0,15.0,64.0,22.0,2.0,9.0,61.0,24.0,291.0,117.0,31.0,21.0,5.0,0.0,ST,0,W,0,0,55.4,0,,statistical_fallback,Attacker,ST,0.312,0.078,1.56,0.82,20.481,0.936,1.053,0.585,2.965,1.132,52.52,38.164,Getafe | Lyon,2
39,Premier League,2025,39,Wolves,195717,Y. Mosquera,Yerson,Mosquera Valdelamar,24.0,Colombia,187,76,https://media.api-sports.io/football/players/195717.png,Defender,27.0,24.0,2142.0,6.68,0.0,0.0,22.0,6.0,793.0,11.0,80.0,62.0,17.0,29.0,23.0,9.0,280.0,160.0,44.0,34.0,12.0,0.0,CB,23,RB,1,24,95.8,0,CB:23 | RB:1,lineup_history,Defender,CB,0.0,0.0,0.924,0.252,33.319,0.462,2.605,1.218,0.966,0.378,27.273,39.13,Wolves,1
140,La Liga,2025,536,Sevilla,195923,José Ángel Carmona,José Ángel,Carmona Navarro,23.0,Spain,184,80,https://media.api-sports.io/football/players/195923.png,Defender,35.0,29.0,2564.0,6.71,1.0,3.0,13.0,3.0,1164.0,22.0,81.0,65.0,9.0,39.0,42.0,19.0,318.0,172.0,44.0,49.0,13.0,0.0,FB,0,,0,0,59.5,0,,statistical_fallback,Defender,FB,0.035,0.105,0.456,0.105,40.858,0.772,2.282,1.369,1.474,0.667,23.026,45.251,Sevilla,1
39,Premier League,2025,45,Everton,195993,C. Alcaraz,Carlos Jonas,Alcaraz Duran,23.0,Argentina,176,68,https://media.api-sports.io/football/players/195993.png,Midfielder,20.0,6.0,731.0,6.48,0.0,1.0,12.0,5.0,307.0,9.0,81.0,14.0,3.0,3.0,15.0,7.0,101.0,46.0,12.0,10.0,4.0,0.0,CAM,4,RW,1,6,66.7,0,CAM:4 | RW:1 | LW:1,lineup_history,Midfielder,CAM,0.0,0.123,1.477,0.616,37.798,1.108,1.724,0.369,1.847,0.862,41.706,46.67,Everton,1
39,Premier League,2025,55,Brentford,196156,Thiago,Igor Thiago,Nascimento Rodrigues,24.0,Brazil,191,85,https://media.api-sports.io/football/players/196156.png,Attacker,38.0,37.0,3295.0,6.94,22.0,1.0,67.0,43.0,628.0,24.0,69.0,38.0,8.0,12.0,53.0,29.0,524.0,202.0,26.0,73.0,7.0,0.0,ST,37,,0,37,100.0,0,ST:37,lineup_history,Attacker,ST,0.601,0.027,1.83,1.175,17.153,0.656,1.038,0.328,1.448,0.792,64.208,54.696,Brentford,1
61,Ligue 1,2025,94,Rennes,196187,A. Seidu,Alidu,Seidu,25.0,Ghana,173,68,https://media.api-sports.io/football/players/196187.png,Defender,21.0,13.0,1185.0,6.88,0.0,1.0,5.0,1.0,757.0,8.0,91.0,35.0,2.0,17.0,14.0,7.0,139.0,87.0,31.0,16.0,1.0,0.0,FB,0,,0,0,56.8,0,,statistical_fallback,Defender,FB,0.0,0.076,0.38,0.076,57.494,0.608,2.658,1.291,1.063,0.532,20.0,50.047,Rennes,1
39,Premier League,2025,44,Burnley,196855,J. Anthony,Jaidon Kya Denley,Anthony,26.0,England,183,,https://media.api-sports.io/football/players/196855.png,Midfielder,37.0,32.0,2743.0,6.78,8.0,2.0,42.0,23.0,896.0,37.0,79.0,42.0,7.0,15.0,100.0,35.0,321.0,133.0,47.0,28.0,4.0,0.0,LW,13,LM,12,32,40.6,0,LW:13 | LM:12 | CAM:7,lineup_history,Midfielder,LW,0.262,0.066,1.378,0.755,29.398,1.214,1.378,0.492,3.281,1.148,54.79,34.989,Burnley,1
78,Bundesliga,2025,165,Borussia Dortmund,197448,Yan Couto,Yan,Bueno Couto,23.0,Brazil,168,60,https://media.api-sports.io/football/players/197448.png,Midfielder,19.0,11.0,1010.0,6.86,2.0,2.0,7.0,4.0,459.0,17.0,81.0,20.0,1.0,7.0,25.0,13.0,106.0,48.0,13.0,17.0,4.0,0.0,W,0,CAM,0,0,56.2,0,,statistical_fallback,Midfielder,W,0.178,0.178,0.624,0.356,40.901,1.515,1.782,0.624,2.228,1.158,57.051,51.975,Borussia Dortmund,1
61,Ligue 1,2025,83,Nantes,197771,Y. Benhattab,Yassine,Benhattab,23.0,France,170,59,https://media.api-sports.io/football/players/197771.png,Midfielder,10.0,5.0,477.0,6.61,0.0,0.0,2.0,1.0,141.0,7.0,72.0,10.0,,0.0,15.0,8.0,42.0,22.0,3.0,3.0,0.0,0.0,CM,0,,0,0,58.0,0,,statistical_fallback,Midfielder,CM,0.0,0.0,0.377,0.189,26.604,1.321,1.887,0.0,2.83,1.509,50.133,53.322,Nantes,1
61,Ligue 1,2025,83,Nantes | Lecce,197779,M. Kaba,Mohamed,Kaba,24.0,France,185,71,https://media.api-sports.io/football/players/197779.png,Midfielder,13.0,12.0,1587.0,6.719,0.0,2.0,11.0,6.0,298.0,12.0,79.0,28.0,3.0,14.0,14.0,7.0,138.0,77.0,29.0,14.0,2.0,0.0,CDM,0,CM,0,0,57.5,0,,statistical_fallback,Midfielder,CDM,0.0,0.113,1.021,0.567,27.448,0.964,2.269,1.021,1.701,0.908,55.56,53.355,Nantes | Lecce,2
135,Serie A,2025,494,Udinese,197830,R. Sava,Răzvan Sergiu,Sava,23.0,Romania,195,84,https://media.api-sports.io/football/players/197830.png,Goalkeeper,7.0,6.0,619.0,6.6,0.0,0.0,0.0,0.0,172.0,0.0,75.0,0.0,,0.0,0.0,0.0,1.0,,,,1.0,0.0,GK,0,,0,0,100.0,0,,statistical_fallback,Goalkeeper,GK,0.0,0.0,0.0,0.0,25.008,0.0,0.0,0.0,0.0,0.0,0.0,0.0,Udinese,1
78,Bundesliga,2025,165,Borussia Dortmund,198654,D. Svensson,Daniel,Svensson,23.0,Sweden,183,72,https://media.api-sports.io/football/players/198654.png,Midfielder,33.0,27.0,2452.0,6.76,2.0,2.0,8.0,4.0,840.0,35.0,83.0,38.0,8.0,20.0,24.0,12.0,193.0,93.0,22.0,28.0,0.0,0.0,CM,0,,0,0,58.0,0,,statistical_fallback,Midfielder,CM,0.073,0.073,0.294,0.147,30.832,1.285,1.395,0.734,0.881,0.44,50.0,49.943,Borussia Dortmund,1
140,La Liga,2025,548,Real Sociedad,199044,J. Aramburu,Jon Mikel,Aramburu Mejías,23.0,Venezuela,176,71,https://media.api-sports.io/football/players/199044.png,Defender,35.0,31.0,2788.0,6.63,1.0,0.0,17.0,5.0,1285.0,11.0,80.0,105.0,9.0,47.0,20.0,9.0,368.0,207.0,45.0,69.0,11.0,0.0,CB,0,,0,0,58.3,0,,statistical_fallback,Defender,CB,0.032,0.0,0.549,0.161,41.481,0.355,3.39,1.517,0.646,0.291,29.326,45.046,Real Sociedad,1
135,Serie A,2025,492,Napoli,199089,L. Lucca,Lorenzo,Lucca,25.0,Italy,201,80,https://media.api-sports.io/football/players/199089.png,Attacker,16.0,4.0,420.0,6.58,1.0,0.0,9.0,5.0,66.0,2.0,78.0,0.0,,0.0,9.0,6.0,67.0,28.0,13.0,17.0,1.0,0.0,ST,1,,0,1,100.0,0,ST:1,lineup_history,Attacker,ST,0.214,0.0,1.929,1.071,14.143,0.429,0.0,0.0,1.929,1.286,55.521,66.667,Napoli,1
78,Bundesliga,2025,160,SC Freiburg,199143,Y. Suzuki,Yuito,Suzuki,24.0,Japan,175,70,https://media.api-sports.io/football/players/199143.png,Midfielder,25.0,18.0,1636.0,6.77,4.0,2.0,27.0,14.0,404.0,25.0,77.0,20.0,1.0,10.0,34.0,18.0,151.0,57.0,10.0,19.0,3.0,0.0,W,0,CAM,0,0,55.8,0,,statistical_fallback,Midfielder,W,0.22,0.11,1.485,0.77,22.225,1.375,1.1,0.55,1.87,0.99,51.852,52.941,SC Freiburg,1
135,Serie A,2025,523,Parma,199578,Z. Suzuki,Zion,Suzuki,23.0,Japan,190,98,https://media.api-sports.io/football/players/199578.png,Goalkeeper,20.0,20.0,1800.0,7.06,0.0,0.0,0.0,0.0,700.0,1.0,62.0,0.0,,0.0,0.0,0.0,12.0,11.0,4.0,,1.0,0.0,GK,0,,0,0,100.0,0,,statistical_fallback,Goalkeeper,GK,0.0,0.0,0.0,0.0,35.0,0.05,0.0,0.0,0.0,0.0,0.0,0.0,Parma,1
140,La Liga,2025,540,Espanyol,199824,Rubén Sánchez,Rubén,Sánchez Sáez,24.0,Spain,185,73,https://media.api-sports.io/football/players/199824.png,Defender,21.0,8.0,830.0,6.7,0.0,1.0,8.0,1.0,324.0,9.0,75.0,12.0,6.0,10.0,26.0,15.0,102.0,51.0,12.0,11.0,2.0,0.0,FB,0,,0,0,61.9,0,,statistical_fallback,Defender,FB,0.0,0.108,0.867,0.108,35.133,0.976,1.301,1.084,2.819,1.627,12.457,57.716,Espanyol,1
135,Serie A,2025,499,Atalanta,199837,K. Sulemana,Kamaldeen,Sulemana,23.0,Ghana,175,70,https://media.api-sports.io/football/players/199837.png,Attacker,25.0,9.0,1008.0,6.74,2.0,1.0,19.0,10.0,342.0,13.0,84.0,9.0,1.0,2.0,49.0,22.0,132.0,57.0,14.0,13.0,4.0,0.0,W,0,,0,0,59.0,0,,statistical_fallback,Attacker,W,0.179,0.089,1.696,0.893,30.536,1.161,0.804,0.179,4.375,1.964,52.653,44.891,Atalanta,1
61,Ligue 1,2025,80,Lyon,199871,A. Karabec,Adam,Karabec,22.0,Czechia,186,74,https://media.api-sports.io/football/players/199871.png,Midfielder,21.0,11.0,940.0,6.75,1.0,0.0,6.0,5.0,275.0,22.0,80.0,4.0,1.0,1.0,20.0,11.0,86.0,43.0,21.0,14.0,3.0,0.0,CM,0,,0,0,58.0,0,,statistical_fallback,Midfielder,CM,0.096,0.0,0.574,0.479,26.33,2.106,0.383,0.096,1.915,1.053,83.449,54.987,Lyon,1
78,Bundesliga,2025,164,FSV Mainz 05,199897,S. Kawasaki,Sota,Kawasaki,24.0,Japan,172,68,https://media.api-sports.io/football/players/199897.png,Midfielder,10.0,3.0,325.0,6.69,0.0,0.0,0.0,0.0,74.0,0.0,68.0,11.0,3.0,1.0,3.0,0.0,35.0,17.0,2.0,6.0,1.0,0.0,CDM,0,CM,0,0,68.3,0,,statistical_fallback,Midfielder,CDM,0.0,0.0,0.0,0.0,20.492,0.0,3.046,0.277,0.831,0.0,0.0,0.0,FSV Mainz 05,1
78,Bundesliga,2025,161,VfL Wolfsburg,200139,M. Amoura,Mohammed El Amine,Amoura,26.0,Algeria,170,61,https://media.api-sports.io/football/players/200139.png,Attacker,32.0,23.0,1975.0,6.72,8.0,3.0,50.0,19.0,507.0,26.0,69.0,39.0,1.0,7.0,50.0,18.0,239.0,94.0,11.0,22.0,2.0,0.0,ST,0,W,0,0,55.4,0,,statistical_fallback,Attacker,ST,0.365,0.137,2.278,0.866,23.104,1.185,1.777,0.319,2.278,0.82,38.016,35.996,VfL Wolfsburg,1
61,Ligue 1,2025,97,Lorient,200873,M. Bamba,Muhamad,Bamba,24.0,Côte d'Ivoire,185,75,https://media.api-sports.io/football/players/200873.png,Attacker,18.0,7.0,685.0,6.47,1.0,2.0,11.0,6.0,129.0,6.0,75.0,4.0,,2.0,6.0,4.0,80.0,31.0,8.0,17.0,3.0,0.0,ST,0,W,0,0,55.5,0,,statistical_fallback,Attacker,ST,0.131,0.263,1.445,0.788,16.949,0.788,0.526,0.263,0.788,0.526,54.533,66.751,Lorient,1
78,Bundesliga,2025,167,1899 Hoffenheim,202501,F. Asllani,Fisnik,Asllani,23.0,Germany,191,81,https://media.api-sports.io/football/players/202501.png,Attacker,33.0,31.0,2354.0,6.74,10.0,7.0,58.0,28.0,652.0,36.0,68.0,17.0,,7.0,40.0,17.0,254.0,94.0,37.0,26.0,2.0,0.0,ST,0,W,0,0,55.3,0,,statistical_fallback,Attacker,ST,0.382,0.268,2.218,1.071,24.928,1.376,0.65,0.268,1.529,0.65,48.287,42.511,1899 Hoffenheim,1
78,Bundesliga,2025,180,1. FC Heidenheim,202526,E. Dinkçi,Eren Sami,Dinkçi,24.0,Germany,188,70,https://media.api-sports.io/football/players/202526.png,Attacker,14.0,13.0,1135.0,7.04,3.0,1.0,21.0,9.0,321.0,10.0,70.0,17.0,1.0,6.0,23.0,9.0,92.0,34.0,4.0,9.0,3.0,0.0,ST,0,W,0,0,56.4,0,,statistical_fallback,Attacker,ST,0.238,0.079,1.665,0.714,25.454,0.793,1.348,0.476,1.824,0.714,42.883,39.145,1. FC Heidenheim,1
78,Bundesliga,2025,186,FC St. Pauli,202636,L. Oppie,Louis,Oppie,23.0,Germany,184,81,https://media.api-sports.io/football/players/202636.png,Midfielder,23.0,17.0,1616.0,6.6,1.0,0.0,12.0,4.0,648.0,10.0,78.0,24.0,2.0,10.0,9.0,3.0,104.0,48.0,15.0,15.0,0.0,0.0,CM,0,,0,0,58.0,0,,statistical_fallback,Midfielder,CM,0.056,0.0,0.668,0.223,36.089,0.557,1.337,0.557,0.501,0.167,33.383,33.333,FC St. Pauli,1
78,Bundesliga,2025,160,SC Freiburg,202696,I. Matanović,Igor,Matanović,22.0,Croatia,194,90,https://media.api-sports.io/football/players/202696.png,Attacker,31.0,14.0,1570.0,6.81,11.0,2.0,38.0,19.0,318.0,22.0,62.0,23.0,2.0,9.0,30.0,12.0,314.0,139.0,22.0,43.0,0.0,0.0,ST,0,,0,0,60.6,0,,statistical_fallback,Attacker,ST,0.631,0.115,2.178,1.089,18.229,1.261,1.318,0.516,1.72,0.688,50.0,40.0,SC Freiburg,1
78,Bundesliga,2025,164,FSV Mainz 05,202736,P. Nebel,Paul,Nebel,23.0,Germany,169,66,https://media.api-sports.io/football/players/202736.png,Attacker,30.0,24.0,2081.0,6.6,5.0,2.0,19.0,8.0,770.0,41.0,78.0,50.0,2.0,13.0,50.0,20.0,248.0,103.0,20.0,29.0,2.0,2.0,ST,0,W,0,0,61.0,0,,statistical_fallback,Attacker,ST,0.216,0.086,0.822,0.346,33.301,1.773,2.162,0.562,2.162,0.865,42.092,40.009,FSV Mainz 05,1
78,Bundesliga,2025,192,1. FC Köln,202838,D. Huseinbašić,Denis,Huseinbašić,25.0,Germany,184,76,https://media.api-sports.io/football/players/202838.png,Midfielder,17.0,13.0,823.0,6.653,0.0,0.0,2.0,0.0,465.0,5.0,,17.0,1.0,4.0,2.0,1.0,56.0,32.0,9.0,9.0,1.0,0.0,CM,0,,0,0,58.0,0,,statistical_fallback,Midfielder,CM,0.0,0.0,0.219,0.0,50.851,0.547,1.859,0.437,0.219,0.109,0.0,49.772,1. FC Köln,1
39,Premier League,2025,45,Everton,202854,M. Röhl,Merlin,Röhl,23.0,Germany,192,75,https://media.api-sports.io/football/players/202854.png,Midfielder,16.0,6.0,694.0,6.51,1.0,0.0,7.0,1.0,169.0,6.0,77.0,24.0,2.0,4.0,11.0,3.0,120.0,49.0,7.0,20.0,0.0,0.0,RW,4,CAM,1,6,66.7,0,RW:4 | CAM:1 | CDM:1,lineup_history,Midfielder,RW,0.13,0.0,0.908,0.13,21.916,0.778,3.112,0.519,1.427,0.389,14.317,27.26,Everton,1
78,Bundesliga,2025,160,SC Freiburg,202919,M. Rosenfelder,Maximilian,Rosenfelder,22.0,Germany,186,76,https://media.api-sports.io/football/players/202919.png,Defender,12.0,5.0,507.0,6.52,0.0,0.0,0.0,0.0,239.0,0.0,89.0,8.0,2.0,5.0,3.0,2.0,39.0,20.0,5.0,2.0,0.0,0.0,CB,0,,0,0,55.7,0,,statistical_fallback,Defender,CB,0.0,0.0,0.0,0.0,42.426,0.0,1.42,0.888,0.533,0.355,0.0,66.604,SC Freiburg,1
78,Bundesliga,2025,163,Borussia Mönchengladbach,203007,R. Reitz,Rocco,Reitz,23.0,Germany,176,75,https://media.api-sports.io/football/players/203007.png,Midfielder,31.0,31.0,2636.0,6.87,0.0,4.0,34.0,14.0,1239.0,28.0,77.0,68.0,6.0,49.0,51.0,24.0,323.0,171.0,55.0,35.0,8.0,1.0,CDM,0,CM,0,0,57.2,0,,statistical_fallback,Midfielder,CDM,0.0,0.137,1.161,0.478,42.303,0.956,2.322,1.673,1.741,0.819,41.171,47.042,Borussia Mönchengladbach,1
78,Bundesliga,2025,180,1. FC Heidenheim,203011,J. Niehues,Julian,Niehues,24.0,Germany,195,89,https://media.api-sports.io/football/players/203011.png,Midfielder,24.0,17.0,1397.0,6.75,3.0,0.0,13.0,5.0,611.0,7.0,82.0,17.0,7.0,21.0,9.0,5.0,108.0,56.0,9.0,10.0,1.0,0.0,CDM,0,CM,0,0,59.1,0,,statistical_fallback,Midfielder,CDM,0.193,0.0,0.838,0.322,39.363,0.451,1.095,1.353,0.58,0.322,38.425,55.517,1. FC Heidenheim,1
78,Bundesliga,2025,167,1899 Hoffenheim,203040,T. Lemperle,Tim,Lemperle,23.0,Germany,187,78,https://media.api-sports.io/football/players/203040.png,Attacker,29.0,24.0,1959.0,6.55,8.0,2.0,42.0,21.0,514.0,27.0,70.0,21.0,1.0,6.0,40.0,15.0,259.0,89.0,16.0,60.0,2.0,0.0,ST,0,W,0,0,56.3,0,,statistical_fallback,Attacker,ST,0.368,0.092,1.93,0.965,23.614,1.24,0.965,0.276,1.838,0.689,50.0,37.486,1899 Hoffenheim,1
135,Serie A,2025,867,Lecce,203219,J. Siebert,Jamil,Siebert,23.0,Germany,193,86,https://media.api-sports.io/football/players/203219.png,Defender,21.0,18.0,1707.0,6.85,1.0,0.0,3.0,2.0,602.0,3.0,77.0,27.0,21.0,15.0,6.0,4.0,143.0,75.0,7.0,22.0,3.0,0.0,CB,0,,0,0,57.1,0,,statistical_fallback,Defender,CB,0.053,0.0,0.158,0.105,31.74,0.158,1.424,0.791,0.316,0.211,66.456,66.772,Lecce,1
39,Premier League,2025,40,Liverpool,203224,F. Wirtz,Florian Richard,Wirtz,22.0,Germany,176,70,https://media.api-sports.io/football/players/203224.png,Midfielder,33.0,27.0,2399.0,6.81,5.0,3.0,32.0,18.0,1422.0,61.0,84.0,34.0,2.0,11.0,74.0,39.0,248.0,99.0,19.0,22.0,1.0,0.0,CAM,17,LW,6,27,63.0,0,CAM:17 | LW:6 | ST:2 | RW:1 | CM:1,lineup_history,Midfielder,CAM,0.188,0.113,1.201,0.675,53.347,2.288,1.276,0.413,2.776,1.463,56.203,52.702,Liverpool,1
78,Bundesliga,2025,157,Bayern München,203376,J. Urbig,Jonas Kurt,Urbig,22.0,Germany,189,83,https://media.api-sports.io/football/players/203376.png,Goalkeeper,14.0,11.0,1110.0,7.22,0.0,0.0,0.0,0.0,434.0,1.0,83.0,0.0,,0.0,0.0,0.0,6.0,4.0,2.0,,0.0,0.0,GK,0,,0,0,100.0,0,,statistical_fallback,Goalkeeper,GK,0.0,0.0,0.0,0.0,35.189,0.081,0.0,0.0,0.0,0.0,0.0,0.0,Bayern München,1
61,Ligue 1,2025,96,Toulouse,203428,J. Russell-Rowe,Jacen Rex Orlando,Russell-Rowe,23.0,Canada,183,73,https://media.api-sports.io/football/players/203428.png,Attacker,13.0,5.0,473.0,6.38,1.0,0.0,10.0,4.0,100.0,6.0,72.0,5.0,2.0,1.0,5.0,2.0,52.0,15.0,1.0,9.0,0.0,0.0,ST,0,,0,0,58.0,0,,statistical_fallback,Attacker,ST,0.19,0.0,1.903,0.761,19.027,1.142,0.951,0.19,0.951,0.381,39.989,40.063,Toulouse,1
135,Serie A,2025,499,Atalanta,203474,N. Zalewski,Nicola,Zalewski,23.0,Poland,175,68,https://media.api-sports.io/football/players/203474.png,Midfielder,33.0,24.0,1910.0,6.98,2.0,4.0,26.0,7.0,703.0,36.0,75.0,29.0,1.0,18.0,66.0,28.0,232.0,122.0,52.0,21.0,3.0,0.0,W,0,CAM,0,0,56.9,0,,statistical_fallback,Midfielder,W,0.094,0.188,1.225,0.33,33.126,1.696,1.366,0.848,3.11,1.319,26.939,42.412,Atalanta,1
135,Serie A,2025,523,Parma,203483,A. N&apos;Diaye,Abdoulaye,Niakhate N'Diaye,23.0,Senegal,185,75,https://media.api-sports.io/football/players/203483.png,Defender,11.0,9.0,780.0,6.6,0.0,0.0,6.0,0.0,423.0,1.0,83.0,17.0,3.0,12.0,3.0,2.0,95.0,54.0,12.0,13.0,4.0,0.0,CB,0,,0,0,61.5,0,,statistical_fallback,Defender,CB,0.0,0.0,0.692,0.0,48.808,0.115,1.962,1.385,0.346,0.231,0.0,66.763,Parma,1
61,Ligue 1,2025,95,Strasbourg,203762,E. Emegha,Emanuel,Esseh Emegha,22.0,Netherlands,195,82,https://media.api-sports.io/football/players/203762.png,Attacker,10.0,4.0,451.0,6.91,4.0,2.0,13.0,8.0,52.0,3.0,82.0,0.0,,0.0,7.0,3.0,34.0,17.0,9.0,12.0,3.0,0.0,ST,0,,0,0,60.1,0,,statistical_fallback,Attacker,ST,0.798,0.399,2.594,1.596,10.377,0.599,0.0,0.0,1.397,0.599,61.527,42.878,Strasbourg,1
39,Premier League,2025,47,Tottenham,204039,D. Udogie,Iyenoma Destiny,Udogie,23.0,Italy,186,73,https://media.api-sports.io/football/players/204039.png,Defender,20.0,14.0,1342.0,6.54,0.0,1.0,2.0,1.0,585.0,12.0,85.0,31.0,5.0,7.0,18.0,6.0,132.0,66.0,22.0,17.0,4.0,0.0,LB,12,LWB,2,14,85.7,0,LB:12 | LWB:2,lineup_history,Defender,LB,0.0,0.067,0.134,0.067,39.232,0.805,2.079,0.469,1.207,0.402,50.0,33.306,Tottenham,1
78,Bundesliga,2025,169,Eintracht Frankfurt,204043,A. Theate,Arthur Nicolas,Theate,25.0,Belgium,185,79,https://media.api-sports.io/football/players/204043.png,Defender,24.0,24.0,2143.0,6.8,1.0,0.0,14.0,7.0,1627.0,12.0,89.0,35.0,16.0,30.0,8.0,4.0,160.0,83.0,13.0,15.0,8.0,0.0,CB,0,,0,0,59.4,0,,statistical_fallback,Defender,CB,0.042,0.0,0.588,0.294,68.329,0.504,1.47,1.26,0.336,0.168,50.0,50.0,Eintracht Frankfurt,1
39,Premier League,2025,40,Liverpool,206254,M. Kerkez,Miloš,Kerkez,22.0,Hungary,180,71,https://media.api-sports.io/football/players/206254.png,Defender,34.0,27.0,2301.0,6.62,2.0,1.0,7.0,2.0,1068.0,26.0,85.0,41.0,8.0,14.0,22.0,12.0,193.0,114.0,30.0,22.0,4.0,0.0,LB,27,,0,27,100.0,0,LB:27,lineup_history,Defender,LB,0.078,0.039,0.274,0.078,41.773,1.017,1.604,0.548,0.86,0.469,28.467,54.535,Liverpool,1
61,Ligue 1,2025,97,Lorient,214310,N. Adjei,Nathaniel,Adjei,23.0,Ghana,191,,https://media.api-sports.io/football/players/214310.png,Defender,15.0,9.0,840.0,6.6,0.0,0.0,4.0,2.0,389.0,1.0,91.0,11.0,2.0,8.0,2.0,1.0,59.0,30.0,6.0,8.0,0.0,0.0,CB,0,,0,0,56.0,0,,statistical_fallback,Defender,CB,0.0,0.0,0.429,0.214,41.679,0.107,1.179,0.857,0.214,0.107,49.883,50.0,Lorient,1
61,Ligue 1,2025,108,Auxerre,215827,F. Oppegård,Fredrik,Oppegård,23.0,Norway,175,67,https://media.api-sports.io/football/players/215827.png,Defender,23.0,15.0,1269.0,6.54,0.0,0.0,5.0,2.0,393.0,11.0,79.0,26.0,5.0,13.0,17.0,9.0,81.0,43.0,8.0,8.0,1.0,1.0,FB,0,,0,0,62.3,0,,statistical_fallback,Defender,FB,0.0,0.0,0.355,0.142,27.872,0.78,1.844,0.922,1.206,0.638,40.0,52.902,Auxerre,1
61,Ligue 1,2025,95,Strasbourg,226803,S. Nanasi,Algot Sebastian,Nanasi,23.0,Sweden,178,71,https://media.api-sports.io/football/players/226803.png,Midfielder,19.0,11.0,1060.0,6.83,7.0,2.0,17.0,11.0,407.0,17.0,83.0,12.0,3.0,6.0,18.0,8.0,69.0,25.0,3.0,8.0,0.0,0.0,CAM,0,CM,0,0,65.2,0,,statistical_fallback,Midfielder,CAM,0.594,0.17,1.443,0.934,34.557,1.443,1.019,0.509,1.528,0.679,64.726,44.437,Strasbourg,1
78,Bundesliga,2025,168,Bayer Leverkusen,231029,N. Tella,Nathan Adewale Temitayo,Tella,26.0,England,173,70,https://media.api-sports.io/football/players/231029.png,Attacker,17.0,10.0,892.0,7.01,1.0,4.0,16.0,8.0,236.0,19.0,85.0,12.0,1.0,5.0,26.0,13.0,111.0,53.0,19.0,15.0,2.0,0.0,ST,0,W,0,0,61.2,0,,statistical_fallback,Attacker,ST,0.101,0.404,1.614,0.807,23.812,1.917,1.211,0.504,2.623,1.312,50.0,50.019,Bayer Leverkusen,1
78,Bundesliga,2025,161,VfL Wolfsburg,231032,M. Jenz,Moritz,Jenz,26.0,Germany,190,86,https://media.api-sports.io/football/players/231032.png,Defender,22.0,20.0,1789.0,6.58,1.0,0.0,2.0,1.0,1021.0,2.0,89.0,32.0,20.0,12.0,0.0,0.0,167.0,102.0,7.0,31.0,7.0,0.0,CB,0,,0,0,65.5,0,,statistical_fallback,Defender,CB,0.05,0.0,0.101,0.05,51.364,0.101,1.61,0.604,0.0,0.0,49.505,0.0,VfL Wolfsburg,1
135,Serie A,2025,504,Hellas Verona,236955,A. Sarr,Amin,Sarr,24.0,Sweden,188,83,https://media.api-sports.io/football/players/236955.png,Attacker,34.0,9.0,1087.0,6.54,0.0,1.0,13.0,6.0,287.0,15.0,75.0,15.0,,3.0,23.0,10.0,211.0,85.0,22.0,25.0,1.0,0.0,ST,0,W,0,0,58.9,0,,statistical_fallback,Attacker,ST,0.0,0.083,1.076,0.497,23.763,1.242,1.242,0.248,1.904,0.828,46.19,43.487,Hellas Verona,1
140,La Liga,2025,533,Villarreal,237066,Rafa Marín,Rafael,Marín Zamora,23.0,Spain,191,83,https://media.api-sports.io/football/players/237066.png,Defender,23.0,21.0,1981.0,7.03,1.0,0.0,5.0,1.0,1083.0,7.0,90.0,37.0,16.0,19.0,2.0,2.0,146.0,88.0,8.0,16.0,1.0,0.0,CB,0,,0,0,59.7,0,,statistical_fallback,Defender,CB,0.045,0.0,0.227,0.045,49.202,0.318,1.681,0.863,0.091,0.091,19.824,100.0,Villarreal,1
78,Bundesliga,2025,168,Bayer Leverkusen,237087,E. Fernández,Ignacio Ezequiél Agustín,Fernández Carballo,23.0,Argentina,178,70,https://media.api-sports.io/football/players/237087.png,Midfielder,20.0,12.0,1001.0,6.78,0.0,1.0,7.0,1.0,826.0,8.0,89.0,31.0,3.0,12.0,16.0,9.0,137.0,72.0,24.0,14.0,3.0,0.0,CDM,0,CM,0,0,62.9,0,,statistical_fallback,Midfielder,CDM,0.0,0.09,0.629,0.09,74.266,0.719,2.787,1.079,1.439,0.809,14.308,56.22,Bayer Leverkusen,1
39,Premier League,2025,47,Tottenham,237129,P. Sarr,Pape Matar,Sarr,23.0,Senegal,185,70,https://media.api-sports.io/football/players/237129.png,Midfielder,26.0,13.0,1410.0,6.82,2.0,4.0,10.0,6.0,631.0,11.0,84.0,33.0,10.0,18.0,22.0,13.0,188.0,86.0,13.0,29.0,3.0,0.0,CM,10,CDM,2,13,76.9,0,CM:10 | CDM:2 | CAM:1,lineup_history,Midfielder,CM,0.128,0.255,0.638,0.383,40.277,0.702,2.106,1.149,1.404,0.83,60.031,59.117,Tottenham,1
39,Premier League,2025,36,Fulham,237819,Kevin,Kevin,Santos Lopes de Macedo,22.0,Brazil,176,71,https://media.api-sports.io/football/players/237819.png,Attacker,26.0,9.0,1037.0,6.75,1.0,1.0,19.0,10.0,338.0,14.0,76.0,21.0,,9.0,88.0,44.0,204.0,90.0,17.0,14.0,1.0,0.0,LW,9,,0,9,100.0,0,LW:9,lineup_history,Attacker,LW,0.087,0.087,1.649,0.868,29.335,1.215,1.823,0.781,7.637,3.819,52.638,50.007,Fulham,1
78,Bundesliga,2025,175,Hamburger SV,260898,N. Remberg,Nicolai,Remberg,25.0,Germany,187,88,https://media.api-sports.io/football/players/260898.png,Midfielder,32.0,32.0,2880.0,6.94,0.0,2.0,13.0,8.0,1341.0,13.0,89.0,60.0,16.0,42.0,25.0,14.0,280.0,170.0,48.0,44.0,11.0,0.0,CDM,0,CM,0,0,63.3,0,,statistical_fallback,Midfielder,CDM,0.0,0.062,0.406,0.25,41.906,0.406,1.875,1.312,0.781,0.438,61.576,56.082,Hamburger SV,1
78,Bundesliga,2025,175,Hamburger SV,263177,A. Grønbæk,Albert,Grønbæk Erlykke,24.0,Denmark,176,65,https://media.api-sports.io/football/players/263177.png,Midfielder,7.0,6.0,495.0,6.89,1.0,2.0,5.0,4.0,138.0,8.0,74.0,15.0,1.0,11.0,8.0,5.0,46.0,28.0,6.0,2.0,0.0,0.0,W,0,CAM,0,0,55.6,0,,statistical_fallback,Midfielder,W,0.182,0.364,0.909,0.727,25.091,1.455,2.727,2.0,1.455,0.909,79.978,62.474,Hamburger SV,1
135,Serie A,2025,495,Genoa,263481,L. Colombo,Lorenzo,Colombo,23.0,Italy,186,74,https://media.api-sports.io/football/players/263481.png,Attacker,38.0,30.0,2353.0,6.56,7.0,1.0,53.0,27.0,477.0,19.0,70.0,20.0,2.0,1.0,50.0,19.0,403.0,150.0,55.0,41.0,2.0,0.0,ST,0,,0,0,60.1,0,,statistical_fallback,Attacker,ST,0.268,0.038,2.027,1.033,18.245,0.727,0.765,0.038,1.912,0.727,50.962,38.023,Genoa,1
61,Ligue 1,2025,85,Paris Saint Germain,263482,Nuno Mendes,Nuno Alexandre,Tavares Mendes,23.0,Portugal,180,70,https://media.api-sports.io/football/players/263482.png,Defender,20.0,13.0,1251.0,7.3,4.0,5.0,23.0,15.0,957.0,30.0,89.0,25.0,4.0,13.0,51.0,25.0,148.0,83.0,25.0,12.0,1.0,0.0,FB,0,,0,0,62.0,0,,statistical_fallback,Defender,FB,0.288,0.36,1.655,1.079,68.849,2.158,1.799,0.935,3.669,1.799,65.196,49.032,Paris Saint Germain,1
39,Premier League,2025,55,Brentford,263538,Y. Yarmolyuk,Yehor,Yarmolyuk,21.0,Ukraine,180,72,https://media.api-sports.io/football/players/263538.png,Midfielder,37.0,30.0,2675.0,6.73,1.0,2.0,12.0,4.0,1347.0,15.0,84.0,70.0,14.0,28.0,42.0,15.0,280.0,128.0,12.0,37.0,7.0,0.0,CDM,22,CM,7,30,73.3,0,CDM:22 | CM:7 | RM:1,lineup_history,Midfielder,CDM,0.034,0.067,0.404,0.135,45.32,0.505,2.355,0.942,1.413,0.505,33.416,35.74,Brentford,1
135,Serie A,2025,488,Sassuolo,263699,A. Fadera,Alieu,Fadera,24.0,Gambia,182,71,https://media.api-sports.io/football/players/263699.png,Attacker,28.0,8.0,980.0,6.68,2.0,1.0,8.0,4.0,257.0,7.0,78.0,36.0,,7.0,35.0,11.0,199.0,90.0,36.0,36.0,5.0,0.0,ST,0,W,0,0,56.4,0,,statistical_fallback,Attacker,ST,0.184,0.092,0.735,0.367,23.602,0.643,3.306,0.643,3.214,1.01,49.932,31.425,Sassuolo,1
135,Serie A,2025,867,Lecce,264122,N. Štulić,Nikola,Štulić,24.0,Serbia,188,80,https://media.api-sports.io/football/players/264122.png,Attacker,34.0,20.0,1725.0,6.46,4.0,0.0,21.0,9.0,314.0,20.0,68.0,12.0,4.0,2.0,9.0,4.0,236.0,89.0,26.0,37.0,1.0,0.0,ST,0,,0,0,58.1,0,,statistical_fallback,Attacker,ST,0.209,0.0,1.096,0.47,16.383,1.043,0.626,0.104,0.47,0.209,42.883,44.468,Lecce,1
61,Ligue 1,2025,96,Toulouse,264383,W. Kamanzi,Warren Håkon Christofer,Kamanzi,25.0,Norway,177,70,https://media.api-sports.io/football/players/264383.png,Defender,24.0,7.0,865.0,6.68,1.0,1.0,6.0,2.0,292.0,8.0,87.0,19.0,2.0,8.0,20.0,13.0,77.0,42.0,8.0,8.0,1.0,0.0,FB,0,,0,0,66.2,0,,statistical_fallback,Defender,FB,0.104,0.104,0.624,0.208,30.382,0.832,1.977,0.832,2.081,1.353,33.333,65.017,Toulouse,1
140,La Liga,2025,727,Osasuna,264470,Raul Moro,Raul,Moro Prescoli,23.0,Spain,169,68,https://media.api-sports.io/football/players/264470.png,Attacker,14.0,7.0,629.0,6.67,0.0,2.0,2.0,0.0,164.0,11.0,76.0,2.0,,1.0,25.0,12.0,46.0,21.0,6.0,1.0,0.0,0.0,W,0,,0,0,68.0,0,,statistical_fallback,Attacker,W,0.0,0.286,0.286,0.0,23.466,1.574,0.286,0.143,3.577,1.717,0.0,48.001,Osasuna,1
135,Serie A,2025,520,AC Milan | Cremonese,264472,F. Terracciano,Filippo,Terracciano,22.0,Italy,180,68,https://media.api-sports.io/football/players/264472.png,Defender,36.0,33.0,3372.0,6.762,2.0,0.0,9.0,4.0,1550.0,11.0,86.0,33.0,23.0,56.0,13.0,5.0,174.0,106.0,26.0,18.0,6.0,0.0,CB,0,,0,0,59.1,0,,statistical_fallback,Defender,CB,0.08,0.0,0.267,0.134,47.829,0.321,0.987,1.655,0.4,0.186,50.147,46.623,AC Milan | Cremonese,2
135,Serie A,2025,489,AC Milan,264705,A. Jashari,Ardon,Jashari,23.0,Switzerland,181,81,https://media.api-sports.io/football/players/264705.png,Midfielder,14.0,7.0,706.0,6.72,0.0,1.0,6.0,2.0,435.0,9.0,91.0,14.0,1.0,5.0,14.0,6.0,69.0,30.0,8.0,11.0,0.0,0.0,CM,0,,0,0,58.0,0,,statistical_fallback,Midfielder,CM,0.0,0.127,0.765,0.255,55.453,1.147,1.785,0.637,1.785,0.765,33.333,42.857,AC Milan,1
135,Serie A,2025,499,Atalanta,264857,L. Bernasconi,Lorenzo,Bernasconi,22.0,Italy,190,72,https://media.api-sports.io/football/players/264857.png,Defender,23.0,17.0,1572.0,6.99,0.0,3.0,4.0,1.0,708.0,27.0,84.0,29.0,6.0,14.0,17.0,9.0,88.0,47.0,5.0,8.0,3.0,0.0,FB,0,,0,0,65.7,0,,statistical_fallback,Defender,FB,0.0,0.172,0.229,0.057,40.534,1.546,1.66,0.802,0.973,0.515,24.891,52.929,Atalanta,1
78,Bundesliga,2025,172,VfB Stuttgart,265363,Tiago Tomás,Tiago,Barreiros de Melo Tomás,23.0,Portugal,180,69,https://media.api-sports.io/football/players/265363.png,Attacker,27.0,10.0,1039.0,6.68,5.0,3.0,26.0,10.0,300.0,11.0,79.0,15.0,2.0,5.0,34.0,13.0,140.0,67.0,29.0,12.0,4.0,0.0,ST,0,W,0,0,55.9,0,,statistical_fallback,Attacker,ST,0.433,0.26,2.252,0.866,25.987,0.953,1.299,0.433,2.945,1.126,38.455,38.234,VfB Stuttgart,1
78,Bundesliga,2025,162,Werder Bremen,265372,I. Schmidt,Isaac Osa's,Schmidt,26.0,Switzerland,172,68,https://media.api-sports.io/football/players/265372.png,Defender,19.0,6.0,677.0,6.62,1.0,0.0,5.0,2.0,345.0,10.0,77.0,16.0,,11.0,17.0,10.0,78.0,45.0,3.0,9.0,2.0,0.0,FB,0,,0,0,59.2,0,,statistical_fallback,Defender,FB,0.133,0.0,0.665,0.266,45.864,1.329,2.127,1.462,2.26,1.329,40.0,58.805,Werder Bremen,1
135,Serie A,2025,503,Torino,265722,Rafael Obrador,Rafael,Obrador Burguera,21.0,Spain,181,72,https://media.api-sports.io/football/players/265722.png,Defender,16.0,14.0,1123.0,6.62,1.0,3.0,5.0,2.0,359.0,13.0,81.0,23.0,1.0,11.0,28.0,9.0,92.0,39.0,5.0,7.0,1.0,0.0,FB,0,,0,0,68.0,0,,statistical_fallback,Defender,FB,0.08,0.24,0.401,0.16,28.771,1.042,1.843,0.882,2.244,0.721,39.9,32.13,Torino,1
78,Bundesliga,2025,175,Hamburger SV,265741,G. Gocholeishvili,Giorgi,Gocholeishvili,24.0,Georgia,178,,https://media.api-sports.io/football/players/265741.png,Midfielder,24.0,9.0,957.0,6.67,0.0,1.0,7.0,2.0,245.0,10.0,74.0,25.0,1.0,8.0,39.0,18.0,143.0,72.0,19.0,13.0,2.0,0.0,W,0,CAM,0,0,56.6,0,,statistical_fallback,Midfielder,W,0.0,0.094,0.658,0.188,23.041,0.94,2.351,0.752,3.668,1.693,28.571,46.156,Hamburger SV,1
39,Premier League,2025,39,Wolves,265782,D. Møller Wolfe,David,Møller Wolfe,23.0,Norway,185,78,https://media.api-sports.io/football/players/265782.png,Midfielder,22.0,11.0,1061.0,6.57,0.0,2.0,1.0,0.0,260.0,8.0,74.0,10.0,2.0,7.0,8.0,5.0,56.0,30.0,4.0,10.0,1.0,0.0,LWB,10,LB,1,11,90.9,0,LWB:10 | LB:1,lineup_history,Midfielder,LWB,0.0,0.17,0.085,0.0,22.055,0.679,0.848,0.594,0.679,0.424,0.0,62.445,Wolves,1
39,Premier League,2025,39,Wolves,265784,André,André Trindade,da Costa Neto,24.0,Brazil,176,77,https://media.api-sports.io/football/players/265784.png,Midfielder,35.0,30.0,2766.0,6.81,1.0,0.0,5.0,1.0,1306.0,18.0,91.0,82.0,13.0,30.0,34.0,19.0,290.0,148.0,43.0,47.0,12.0,0.0,CM,20,CDM,10,30,66.7,0,CM:20 | CDM:10,lineup_history,Midfielder,CM,0.033,0.0,0.163,0.033,42.495,0.586,2.668,0.976,1.106,0.618,20.245,55.877,Wolves,1
39,Premier League,2025,51,Brighton,265820,Y. Ayari,Yasin,Abbas Ayari,22.0,Sweden,172,69,https://media.api-sports.io/football/players/265820.png,Midfielder,29.0,20.0,1941.0,6.76,3.0,3.0,30.0,10.0,960.0,16.0,86.0,46.0,4.0,26.0,48.0,18.0,213.0,101.0,28.0,24.0,1.0,0.0,CDM,17,CM,3,20,85.0,0,CDM:17 | CM:3,lineup_history,Midfielder,CDM,0.139,0.139,1.391,0.464,44.513,0.742,2.133,1.206,2.226,0.835,33.357,37.511,Brighton,1
39,Premier League,2025,47,Tottenham,265826,A. Kinský,Antonín,Kinský,22.0,Czechia,190,83,https://media.api-sports.io/football/players/265826.png,Goalkeeper,7.0,7.0,642.0,6.87,0.0,0.0,0.0,0.0,219.0,0.0,63.0,0.0,,0.0,0.0,0.0,4.0,4.0,1.0,,0.0,0.0,GK,7,,0,7,100.0,0,GK:7,lineup_history,Goalkeeper,GK,0.0,0.0,0.0,0.0,30.701,0.0,0.0,0.0,0.0,0.0,0.0,0.0,Tottenham,1
61,Ligue 1,2025,114,Paris FC,266013,Otávio,Otávio,Ataide da Silva,23.0,Brazil,187,79,https://media.api-sports.io/football/players/266013.png,Defender,23.0,21.0,1908.0,6.89,1.0,0.0,8.0,3.0,1368.0,4.0,88.0,50.0,18.0,28.0,11.0,6.0,185.0,112.0,33.0,24.0,6.0,1.0,CB,0,,0,0,62.7,0,,statistical_fallback,Defender,CB,0.047,0.0,0.377,0.142,64.528,0.189,2.358,1.321,0.519,0.283,37.666,54.528,Paris FC,1
61,Ligue 1,2025,83,Nantes,266200,M. Lahdo,Mayckel,Lahdo,23.0,Sweden,171,76,https://media.api-sports.io/football/players/266200.png,Attacker,8.0,5.0,418.0,6.56,1.0,1.0,2.0,1.0,100.0,5.0,86.0,5.0,,0.0,12.0,6.0,44.0,18.0,6.0,5.0,0.0,0.0,ST,0,W,0,0,63.2,0,,statistical_fallback,Attacker,ST,0.215,0.215,0.431,0.215,21.531,1.077,1.077,0.0,2.584,1.292,49.884,50.0,Nantes,1
140,La Liga,2025,718,Oviedo,266202,I. Chaira,Ilyas,Chaira,24.0,Morocco,179,,https://media.api-sports.io/football/players/266202.png,Midfielder,36.0,30.0,2458.0,6.59,6.0,2.0,62.0,35.0,663.0,18.0,83.0,49.0,5.0,5.0,105.0,31.0,363.0,142.0,41.0,53.0,2.0,1.0,W,0,CAM,0,0,57.1,0,,statistical_fallback,Midfielder,W,0.22,0.073,2.27,1.282,24.276,0.659,1.794,0.183,3.845,1.135,56.476,29.519,Oviedo,1
39,Premier League,2025,50,Manchester City,266657,Sávio,Sávio,Moreira de Oliveira,21.0,Brazil,179,66,https://media.api-sports.io/football/players/266657.png,Attacker,24.0,7.0,858.0,6.76,1.0,1.0,17.0,11.0,372.0,9.0,82.0,9.0,,5.0,54.0,17.0,101.0,41.0,15.0,9.0,2.0,0.0,CAM,3,RM,2,7,42.9,0,CAM:3 | RM:2 | LM:2,lineup_history,Attacker,CAM,0.105,0.105,1.783,1.154,39.021,0.944,0.944,0.524,5.664,1.783,64.722,31.48,Manchester City,1
140,La Liga,2025,542,Alaves,266658,Calebe,Calebe,Gonçalves Ferreira da Silva,25.0,Brazil,173,67,https://media.api-sports.io/football/players/266658.png,Midfielder,19.0,13.0,765.0,6.69,0.0,0.0,2.0,1.0,313.0,12.0,87.0,25.0,1.0,9.0,39.0,16.0,117.0,62.0,19.0,18.0,2.0,0.0,CDM,0,CM,0,0,63.8,0,,statistical_fallback,Midfielder,CDM,0.0,0.0,0.235,0.118,36.824,1.412,2.941,1.059,4.588,1.882,50.213,41.02,Alaves,1
135,Serie A,2025,520,Cremonese,266813,W. Bondo,Warren Pierre,Bondo,22.0,France,177,63,https://media.api-sports.io/football/players/266813.png,Midfielder,27.0,22.0,1769.0,6.63,0.0,0.0,5.0,2.0,776.0,3.0,89.0,31.0,3.0,8.0,26.0,15.0,173.0,85.0,33.0,39.0,5.0,0.0,CM,0,,0,0,58.0,0,,statistical_fallback,Midfielder,CM,0.0,0.0,0.254,0.102,39.48,0.153,1.577,0.407,1.323,0.763,40.157,57.672,Cremonese,1
135,Serie A,2025,496,Juventus,268341,F. Gatti,Federico,Gatti,27.0,Italy,190,82,https://media.api-sports.io/football/players/268341.png,Defender,21.0,12.0,1100.0,6.77,2.0,0.0,11.0,6.0,645.0,3.0,90.0,12.0,6.0,13.0,1.0,1.0,82.0,46.0,6.0,17.0,3.0,0.0,CB,0,,0,0,60.3,0,,statistical_fallback,Defender,CB,0.164,0.0,0.9,0.491,52.773,0.245,0.982,1.064,0.082,0.082,54.556,100.0,Juventus,1
78,Bundesliga,2025,173,RB Leipzig,268571,E. Bitshiabu,El Chadaille,Bitshiabu,20.0,France,196,95,https://media.api-sports.io/football/players/268571.png,Defender,11.0,8.0,672.0,6.92,0.0,0.0,2.0,0.0,560.0,2.0,92.0,8.0,10.0,7.0,1.0,0.0,38.0,18.0,,4.0,0.0,0.0,CB,0,,0,0,63.2,0,,statistical_fallback,Defender,CB,0.0,0.0,0.268,0.0,75.0,0.268,1.071,0.938,0.134,0.0,0.0,0.0,RB Leipzig,1
140,La Liga,2025,548,Real Sociedad,268960,A. Zakharyan,Arsen,Zakharyan,22.0,Russia,182,73,https://media.api-sports.io/football/players/268960.png,Midfielder,17.0,3.0,448.0,6.48,0.0,0.0,8.0,3.0,216.0,10.0,79.0,10.0,,2.0,12.0,1.0,47.0,15.0,2.0,9.0,2.0,0.0,CAM,0,CM,0,0,62.8,0,,statistical_fallback,Midfielder,CAM,0.0,0.0,1.607,0.603,43.393,2.009,2.009,0.402,2.411,0.201,37.523,8.337,Real Sociedad,1
140,La Liga,2025,538,Celta Vigo,269163,W. Swedberg,Williot Theo,Swedberg,21.0,Sweden,187,78,https://media.api-sports.io/football/players/269163.png,Attacker,29.0,13.0,1268.0,6.73,5.0,5.0,17.0,12.0,294.0,10.0,77.0,28.0,2.0,4.0,27.0,10.0,169.0,74.0,34.0,30.0,2.0,0.0,ST,0,W,0,0,55.1,0,,statistical_fallback,Attacker,ST,0.355,0.355,1.207,0.852,20.868,0.71,1.987,0.284,1.916,0.71,70.588,37.056,Celta Vigo,1
78,Bundesliga,2025,169,Eintracht Frankfurt,269531,N. Collins,Pharrell Nnamdi,Collins,21.0,Germany,188,81,https://media.api-sports.io/football/players/269531.png,Defender,23.0,16.0,1508.0,6.65,1.0,2.0,4.0,1.0,1076.0,3.0,87.0,49.0,1.0,25.0,24.0,11.0,161.0,97.0,19.0,22.0,4.0,0.0,FB,0,,0,0,55.6,0,,statistical_fallback,Defender,FB,0.06,0.119,0.239,0.06,64.218,0.179,2.924,1.492,1.432,0.656,25.105,45.81,Eintracht Frankfurt,1
39,Premier League,2025,45,Everton,270139,J. O&apos;Brien,Jake,O'Brien,24.0,Republic of Ireland,197,92,https://media.api-sports.io/football/players/270139.png,Defender,37.0,35.0,3131.0,6.71,1.0,1.0,10.0,6.0,1075.0,17.0,74.0,57.0,16.0,15.0,20.0,6.0,317.0,194.0,17.0,23.0,6.0,1.0,RB,30,CB,5,35,85.7,0,RB:30 | CB:5,lineup_history,Defender,RB,0.029,0.029,0.287,0.172,30.901,0.489,1.638,0.431,0.575,0.172,59.93,29.913,Everton,1
135,Serie A,2025,503,Torino,270507,C. Casadei,Cesare,Casadei,22.0,Italy,192,77,https://media.api-sports.io/football/players/270507.png,Midfielder,33.0,19.0,1990.0,6.83,6.0,0.0,28.0,17.0,748.0,17.0,75.0,36.0,3.0,10.0,24.0,13.0,316.0,170.0,16.0,52.0,5.0,0.0,CM,0,,0,0,58.0,0,,statistical_fallback,Midfielder,CM,0.271,0.0,1.266,0.769,33.829,0.769,1.628,0.452,1.085,0.588,60.742,54.194,Torino,1
39,Premier League,2025,44,Burnley,270508,L. Ugochukwu,Lesley Chimuanya,Ugochukwu,21.0,France,190,72,https://media.api-sports.io/football/players/270508.png,Midfielder,35.0,27.0,2359.0,6.72,3.0,1.0,14.0,8.0,787.0,10.0,83.0,51.0,21.0,18.0,31.0,15.0,245.0,121.0,30.0,28.0,2.0,0.0,CM,15,CAM,6,27,55.6,0,CM:15 | CAM:6 | CDM:5 | RM:1,lineup_history,Midfielder,CM,0.114,0.038,0.534,0.305,30.025,0.382,1.946,0.687,1.183,0.572,57.116,48.352,Burnley,1
135,Serie A,2025,505,Inter,270509,A. Diouf,Andy Alune,Diouf,22.0,France,187,82,https://media.api-sports.io/football/players/270509.png,Midfielder,19.0,4.0,499.0,6.72,1.0,0.0,6.0,3.0,234.0,12.0,85.0,12.0,,1.0,23.0,12.0,73.0,33.0,3.0,5.0,1.0,0.0,W,0,CAM,0,0,56.4,0,,statistical_fallback,Midfielder,W,0.18,0.0,1.082,0.541,42.204,2.164,2.164,0.18,4.148,2.164,50.0,52.17,Inter,1
39,Premier League,2025,47,Tottenham,270510,M. Tel,Mathys Henri,Tel,20.0,France,183,77,https://media.api-sports.io/football/players/270510.png,Attacker,31.0,13.0,1358.0,6.74,4.0,1.0,24.0,8.0,358.0,30.0,77.0,19.0,2.0,6.0,78.0,39.0,236.0,96.0,23.0,19.0,1.0,0.0,LW,7,ST,3,13,53.8,0,LW:7 | ST:3 | LM:2 | CAM:1,lineup_history,Attacker,LW,0.265,0.066,1.591,0.53,23.726,1.988,1.259,0.398,5.169,2.585,33.312,50.01,Tottenham,1
135,Serie A,2025,488,Sassuolo,271350,T. Muharemović,Tarik,Muharemović,22.0,Bosnia and Herzegovina,182,76,https://media.api-sports.io/football/players/271350.png,Defender,32.0,32.0,2835.0,6.86,2.0,2.0,12.0,6.0,1649.0,5.0,85.0,44.0,31.0,45.0,11.0,7.0,208.0,134.0,20.0,24.0,7.0,0.0,CB,0,,0,0,59.5,0,,statistical_fallback,Defender,CB,0.063,0.063,0.381,0.19,52.349,0.159,1.397,1.429,0.349,0.222,49.869,63.61,Sassuolo,1
61,Ligue 1,2025,77,Angers,271540,O. Camara,Ousmane,Camara,22.0,France,197,90,https://media.api-sports.io/football/players/271540.png,Defender,32.0,31.0,2719.0,6.83,1.0,0.0,12.0,5.0,1362.0,4.0,90.0,47.0,25.0,31.0,5.0,3.0,191.0,111.0,7.0,22.0,3.0,0.0,CB,0,,0,0,60.4,0,,statistical_fallback,Defender,CB,0.033,0.0,0.397,0.166,45.083,0.132,1.556,1.026,0.166,0.099,41.814,59.639,Angers,1
61,Ligue 1,2025,95,Strasbourg,271542,I. Doukouré,Ismaël,Landry Doukouré,22.0,France,183,76,https://media.api-sports.io/football/players/271542.png,Defender,25.0,25.0,2076.0,6.57,0.0,2.0,7.0,3.0,1479.0,7.0,91.0,20.0,12.0,23.0,15.0,12.0,133.0,78.0,17.0,21.0,4.0,2.0,FB,0,,0,0,57.5,0,,statistical_fallback,Defender,FB,0.0,0.087,0.303,0.13,64.118,0.303,0.867,0.997,0.65,0.52,42.904,80.0,Strasbourg,1
140,La Liga,2025,797,Elche,271580,Martim Neto,Martim,Carvalho Neto,22.0,Portugal,185,82,https://media.api-sports.io/football/players/271580.png,Midfielder,25.0,15.0,1353.0,6.82,2.0,5.0,10.0,4.0,606.0,26.0,87.0,21.0,1.0,2.0,31.0,21.0,121.0,58.0,11.0,19.0,3.0,0.0,W,0,CAM,0,0,56.5,0,,statistical_fallback,Midfielder,W,0.133,0.333,0.665,0.266,40.31,1.729,1.397,0.133,2.062,1.397,40.0,67.75,Elche,1
61,Ligue 1,2025,94,Rennes,272460,Q. Merlin,Quentin,Merlin,23.0,France,174,68,https://media.api-sports.io/football/players/272460.png,Defender,33.0,27.0,2532.0,6.92,1.0,5.0,14.0,7.0,1350.0,47.0,78.0,56.0,12.0,35.0,32.0,16.0,218.0,114.0,30.0,22.0,2.0,0.0,FB,0,,0,0,61.7,0,,statistical_fallback,Defender,FB,0.036,0.178,0.498,0.249,47.986,1.671,1.991,1.244,1.137,0.569,50.0,50.044,Rennes,1
140,La Liga,2025,540,Espanyol,273732,T. Dolan,Tyrhys,Dolan,24.0,England,170,,https://media.api-sports.io/football/players/273732.png,Attacker,36.0,28.0,2431.0,6.78,2.0,5.0,22.0,12.0,555.0,32.0,83.0,57.0,2.0,17.0,85.0,35.0,307.0,148.0,46.0,37.0,6.0,0.0,W,0,,0,0,62.4,0,,statistical_fallback,Attacker,W,0.074,0.185,0.814,0.444,20.547,1.185,2.11,0.629,3.147,1.296,54.545,41.182,Espanyol,1
61,Ligue 1,2025,106,Stade Brestois 29,274267,B. Locko,Bradley,Locko Banzouzi,23.0,France,180,74,https://media.api-sports.io/football/players/274267.png,Defender,21.0,14.0,1302.0,6.71,0.0,2.0,2.0,1.0,461.0,8.0,77.0,53.0,,11.0,24.0,12.0,164.0,90.0,18.0,12.0,0.0,0.0,FB,0,,0,0,65.0,0,,statistical_fallback,Defender,FB,0.0,0.138,0.138,0.069,31.866,0.553,3.664,0.76,1.659,0.829,50.0,49.97,Stade Brestois 29,1
61,Ligue 1,2025,91,Monaco,274300,M. Akliouche,Maghnes,Akliouche,23.0,France,183,72,https://media.api-sports.io/football/players/274300.png,Midfielder,31.0,28.0,2410.0,7.04,6.0,6.0,35.0,19.0,1106.0,44.0,85.0,39.0,3.0,19.0,55.0,26.0,239.0,104.0,36.0,29.0,3.0,0.0,W,0,CAM,0,0,56.0,0,,statistical_fallback,Midfielder,W,0.224,0.224,1.307,0.71,41.303,1.643,1.456,0.71,2.054,0.971,54.323,47.274,Monaco,1
61,Ligue 1,2025,84,Nice,274312,M. Cho,Mohamed-Ali,Cho,21.0,France,181,66,https://media.api-sports.io/football/players/274312.png,Attacker,26.0,22.0,1789.0,6.78,4.0,3.0,25.0,14.0,483.0,24.0,79.0,16.0,2.0,4.0,55.0,18.0,224.0,83.0,33.0,14.0,1.0,0.0,W,0,,0,0,59.6,0,,statistical_fallback,Attacker,W,0.201,0.151,1.258,0.704,24.298,1.207,0.805,0.201,2.767,0.906,55.962,32.743,Nice,1
135,Serie A,2025,505,Inter,275651,A. Bonny,Ange-Yoan,Bonny,22.0,France,189,83,https://media.api-sports.io/football/players/275651.png,Attacker,33.0,10.0,1156.0,6.76,5.0,4.0,17.0,9.0,269.0,17.0,79.0,17.0,,1.0,40.0,20.0,171.0,72.0,24.0,17.0,1.0,0.0,W,0,,0,0,59.7,0,,statistical_fallback,Attacker,W,0.389,0.311,1.324,0.701,20.943,1.324,1.324,0.078,3.114,1.557,52.946,50.0,Inter,1
135,Serie A,2025,503,Torino,275776,K. Asllani,Kristjan,Asllani,23.0,Albania,179,69,https://media.api-sports.io/football/players/275776.png,Midfielder,15.0,13.0,1135.0,6.87,0.0,0.0,13.0,4.0,617.0,15.0,84.0,21.0,1.0,12.0,6.0,3.0,73.0,39.0,14.0,7.0,3.0,0.0,CM,0,,0,0,58.0,0,,statistical_fallback,Midfielder,CM,0.0,0.0,1.031,0.317,48.925,1.189,1.665,0.952,0.476,0.238,30.747,50.0,Torino,1
61,Ligue 1,2025,95,Strasbourg,276184,M. Sarr,Mamadou,Sarr,20.0,France,194,77,https://media.api-sports.io/football/players/276184.png,Defender,15.0,15.0,1305.0,6.79,0.0,0.0,1.0,0.0,982.0,1.0,95.0,15.0,3.0,9.0,7.0,5.0,98.0,51.0,11.0,16.0,3.0,0.0,CB,1,,0,1,100.0,0,CB:1,lineup_history,Defender,CB,0.0,0.0,0.069,0.0,67.724,0.069,1.034,0.621,0.483,0.345,0.0,71.429,Strasbourg,1
61,Ligue 1,2025,97,Lorient,276662,P. Pagis,Pablo,Pagis,23.0,France,181,70,https://media.api-sports.io/football/players/276662.png,Attacker,28.0,22.0,1770.0,7.09,10.0,5.0,46.0,19.0,645.0,45.0,77.0,27.0,2.0,16.0,48.0,23.0,198.0,86.0,29.0,23.0,1.0,0.0,ST,0,W,0,0,56.7,0,,statistical_fallback,Attacker,ST,0.508,0.254,2.339,0.966,32.797,2.288,1.373,0.814,2.441,1.169,41.3,47.89,Lorient,1
78,Bundesliga,2025,169,Eintracht Frankfurt,276670,F. Chaïbi,Farès,Chaïbi,23.0,Algeria,183,69,https://media.api-sports.io/football/players/276670.png,Midfielder,28.0,21.0,1797.0,6.83,2.0,9.0,19.0,9.0,800.0,40.0,78.0,31.0,2.0,14.0,22.0,11.0,170.0,86.0,21.0,14.0,2.0,0.0,CAM,0,CM,0,0,62.3,0,,statistical_fallback,Midfielder,CAM,0.1,0.451,0.952,0.451,40.067,2.003,1.553,0.701,1.102,0.551,47.374,50.0,Eintracht Frankfurt,1
135,Serie A,2025,497,AS Roma,277003,N. El Aynaoui,Neil,El Aynaoui,24.0,Morocco,185,77,https://media.api-sports.io/football/players/277003.png,Midfielder,25.0,8.0,996.0,6.7,1.0,2.0,6.0,4.0,583.0,12.0,89.0,20.0,2.0,17.0,17.0,9.0,109.0,51.0,10.0,23.0,5.0,0.0,CM,0,,0,0,58.0,0,,statistical_fallback,Midfielder,CM,0.09,0.181,0.542,0.361,52.681,1.084,1.807,1.536,1.536,0.813,66.605,52.93,AS Roma,1
61,Ligue 1,2025,116,Lens,277191,A. Sima,Abdallah Dipo,Sima,24.0,Senegal,188,79,https://media.api-sports.io/football/players/277191.png,Attacker,21.0,6.0,718.0,6.63,2.0,2.0,23.0,9.0,241.0,10.0,76.0,7.0,,2.0,11.0,4.0,100.0,46.0,14.0,14.0,3.0,0.0,ST,0,,0,0,58.5,0,,statistical_fallback,Attacker,ST,0.251,0.251,2.883,1.128,30.209,1.253,0.877,0.251,1.379,0.501,39.126,36.331,Lens,1
61,Ligue 1,2025,116,Lens,277306,M. Sangaré,Mamadou,Sangaré,23.0,Mali,178,63,https://media.api-sports.io/football/players/277306.png,Midfielder,29.0,27.0,2327.0,7.12,3.0,4.0,34.0,14.0,1452.0,38.0,86.0,86.0,5.0,40.0,57.0,32.0,336.0,190.0,43.0,35.0,5.0,0.0,CM,0,,0,0,58.0,0,,statistical_fallback,Midfielder,CM,0.116,0.155,1.315,0.541,56.158,1.47,3.326,1.547,2.205,1.238,41.141,56.145,Lens,1
135,Serie A,2025,500,Bologna,278095,J. Rowe,Jonathan David Henry,Rowe,22.0,England,178,74,https://media.api-sports.io/football/players/278095.png,Attacker,28.0,17.0,1611.0,6.8,3.0,2.0,34.0,17.0,388.0,21.0,80.0,21.0,,8.0,91.0,49.0,266.0,135.0,50.0,23.0,2.0,0.0,W,0,,0,0,57.3,0,,statistical_fallback,Attacker,W,0.168,0.112,1.899,0.95,21.676,1.173,1.173,0.447,5.084,2.737,50.026,53.836,Bologna,1
39,Premier League,2025,36,Manchester City | Fulham,278133,Oscar Bobb,Oscar,Bobb,22.0,Norway,177,70,https://media.api-sports.io/football/players/278133.png,Midfielder,14.0,6.0,1050.0,6.808,0.0,0.0,7.0,3.0,194.0,12.0,80.0,13.0,,6.0,19.0,11.0,67.0,35.0,8.0,4.0,0.0,0.0,RW,4,LW,4,11,36.4,0,RW:4 | LW:4 | RM:3,lineup_history,Midfielder,RW,0.0,0.086,0.686,0.257,34.371,1.886,1.8,0.771,3.857,2.314,37.481,60.006,Manchester City | Fulham,2
39,Premier League,2025,51,Brighton,278370,D. Gómez,Diego Alexander,Gómez Amarilla,22.0,Paraguay,183,77,https://media.api-sports.io/football/players/278370.png,Midfielder,32.0,26.0,2137.0,6.74,5.0,1.0,31.0,14.0,752.0,20.0,78.0,78.0,3.0,18.0,41.0,19.0,325.0,162.0,11.0,48.0,9.0,0.0,RW,10,CAM,7,26,38.5,0,RW:10 | CAM:7 | LW:5 | CDM:4,lineup_history,Midfielder,RW,0.211,0.042,1.306,0.59,31.671,0.842,3.285,0.758,1.727,0.8,45.176,46.323,Brighton,1
61,Ligue 1,2025,96,Toulouse,278392,C. Cresswell,Charlie Richard,Cresswell,23.0,England,187,74,https://media.api-sports.io/football/players/278392.png,Defender,29.0,28.0,2533.0,6.96,3.0,2.0,31.0,12.0,1409.0,11.0,85.0,26.0,30.0,28.0,1.0,1.0,296.0,171.0,15.0,31.0,8.0,0.0,CB,0,,0,0,60.9,0,,statistical_fallback,Defender,CB,0.107,0.071,1.101,0.426,50.063,0.391,0.924,0.995,0.036,0.036,38.692,100.0,Toulouse,1
78,Bundesliga,2025,167,1899 Hoffenheim,278453,A. Hajdari,Albian,Hajdari,22.0,Switzerland,189,80,https://media.api-sports.io/football/players/278453.png,Defender,30.0,28.0,2440.0,7.01,1.0,2.0,11.0,4.0,1570.0,10.0,82.0,58.0,23.0,42.0,3.0,2.0,256.0,137.0,23.0,43.0,10.0,0.0,CB,0,,0,0,61.8,0,,statistical_fallback,Defender,CB,0.037,0.074,0.406,0.148,57.91,0.369,2.139,1.549,0.111,0.074,36.453,66.667,1899 Hoffenheim,1
140,La Liga,2025,533,Villarreal,278619,Luíz Júnior,Luíz Lúcio,Reis Júnior,24.0,Brazil,194,88,https://media.api-sports.io/football/players/278619.png,Goalkeeper,28.0,28.0,2520.0,7.01,0.0,0.0,0.0,0.0,621.0,0.0,69.0,0.0,,1.0,0.0,0.0,15.0,11.0,4.0,2.0,3.0,0.0,GK,0,,0,0,100.0,0,,statistical_fallback,Goalkeeper,GK,0.0,0.0,0.0,0.0,22.179,0.0,0.0,0.036,0.0,0.0,0.0,0.0,Villarreal,1
39,Premier League,2025,52,Crystal Palace,278898,C. Riad,Chadi,Riad Dnanou,22.0,Morocco,186,78,https://media.api-sports.io/football/players/278898.png,Defender,9.0,6.0,554.0,6.57,0.0,1.0,4.0,2.0,370.0,1.0,86.0,8.0,3.0,4.0,1.0,1.0,54.0,25.0,3.0,5.0,2.0,0.0,CB,6,,0,6,100.0,0,CB:6,lineup_history,Defender,CB,0.0,0.162,0.65,0.325,60.108,0.162,1.3,0.65,0.162,0.162,50.0,100.0,Crystal Palace,1
140,La Liga,2025,727,Osasuna,279822,F. Boyomo,Flavien Enzo Thiedort,Boyomo,24.0,Cameroon,180,70,https://media.api-sports.io/football/players/279822.png,Defender,30.0,29.0,2545.0,6.77,1.0,2.0,9.0,4.0,1313.0,9.0,86.0,58.0,13.0,18.0,8.0,3.0,193.0,102.0,5.0,33.0,7.0,0.0,CB,0,,0,0,57.0,0,,statistical_fallback,Defender,CB,0.035,0.071,0.318,0.141,46.432,0.318,2.051,0.637,0.283,0.106,44.34,37.456,Osasuna,1
78,Bundesliga,2025,170,FC Augsburg,279993,A. Kade,Anton,Kade,21.0,Germany,185,72,https://media.api-sports.io/football/players/279993.png,Midfielder,28.0,18.0,1746.0,6.84,6.0,0.0,38.0,21.0,448.0,26.0,73.0,31.0,1.0,13.0,52.0,24.0,240.0,109.0,18.0,20.0,3.0,0.0,W,0,CAM,0,0,55.1,0,,statistical_fallback,Midfielder,W,0.309,0.0,1.959,1.082,23.093,1.34,1.598,0.67,2.68,1.237,55.232,46.157,FC Augsburg,1
78,Bundesliga,2025,180,1. FC Heidenheim,280055,L. Kerber,Luca,Kerber,23.0,Germany,180,77,https://media.api-sports.io/football/players/280055.png,Midfielder,18.0,8.0,721.0,6.61,2.0,0.0,7.0,3.0,115.0,2.0,72.0,17.0,3.0,3.0,5.0,0.0,78.0,35.0,6.0,12.0,3.0,0.0,CDM,0,CM,0,0,58.8,0,,statistical_fallback,Midfielder,CDM,0.25,0.0,0.874,0.374,14.355,0.25,2.122,0.374,0.624,0.0,42.792,0.0,1. FC Heidenheim,1
78,Bundesliga,2025,169,Eintracht Frankfurt,280074,N. Brown,Nathaniel,Brown,22.0,Germany,176,60,https://media.api-sports.io/football/players/280074.png,Defender,33.0,29.0,2658.0,6.77,4.0,4.0,14.0,9.0,1134.0,34.0,84.0,81.0,7.0,26.0,39.0,17.0,252.0,140.0,33.0,27.0,3.0,0.0,FB,0,,0,0,63.8,0,,statistical_fallback,Defender,FB,0.135,0.135,0.474,0.305,38.397,1.151,2.743,0.88,1.321,0.576,64.346,43.603,Eintracht Frankfurt,1
78,Bundesliga,2025,164,FSV Mainz 05,280339,A. Sieb,Armindo,Sieb,22.0,Germany,175,75,https://media.api-sports.io/football/players/280339.png,Attacker,22.0,3.0,553.0,6.5,2.0,0.0,12.0,6.0,147.0,9.0,69.0,7.0,,1.0,18.0,6.0,97.0,27.0,2.0,16.0,1.0,0.0,ST,0,,0,0,57.8,0,,statistical_fallback,Attacker,ST,0.325,0.0,1.953,0.976,23.924,1.465,1.139,0.163,2.929,0.976,49.974,33.322,FSV Mainz 05,1
78,Bundesliga,2025,163,Borussia Mönchengladbach,280358,J. Castrop,Jens,Castrop,22.0,Germany,178,76,https://media.api-sports.io/football/players/280358.png,Midfielder,26.0,20.0,1599.0,6.69,3.0,1.0,22.0,12.0,498.0,19.0,75.0,58.0,1.0,18.0,66.0,25.0,237.0,122.0,26.0,31.0,2.0,2.0,W,0,CAM,0,0,55.9,0,,statistical_fallback,Midfielder,W,0.169,0.056,1.238,0.675,28.03,1.069,3.265,1.013,3.715,1.407,54.523,37.873,Borussia Mönchengladbach,1
39,Premier League,2025,39,Wolves,280687,Hugo Bueno,Hugo,Bueno López,23.0,Spain,180,73,https://media.api-sports.io/football/players/280687.png,Defender,35.0,26.0,2375.0,6.65,1.0,2.0,12.0,6.0,846.0,38.0,80.0,67.0,4.0,39.0,77.0,31.0,292.0,141.0,24.0,17.0,3.0,0.0,LWB,20,LB,5,26,76.9,0,LWB:20 | LB:5 | RWB:1,lineup_history,Defender,LWB,0.038,0.076,0.455,0.227,32.059,1.44,2.539,1.478,2.918,1.175,49.89,40.267,Wolves,1
135,Serie A,2025,495,Genoa,281096,P. Masini,Patrizio,Masini,24.0,Italy,182,72,https://media.api-sports.io/football/players/281096.png,Midfielder,28.0,13.0,1431.0,6.74,0.0,1.0,12.0,5.0,565.0,9.0,74.0,68.0,8.0,25.0,9.0,2.0,253.0,141.0,45.0,39.0,5.0,0.0,CDM,0,CM,0,0,65.0,0,,statistical_fallback,Midfielder,CDM,0.0,0.063,0.755,0.314,35.535,0.566,4.277,1.572,0.566,0.126,41.589,22.261,Genoa,1
135,Serie A,2025,495,Genoa,281408,Vítinha,Vítor Manuel,Carvalho Oliveira,25.0,Portugal,178,74,https://media.api-sports.io/football/players/281408.png,Attacker,35.0,28.0,2254.0,6.8,5.0,1.0,41.0,20.0,396.0,17.0,66.0,39.0,5.0,14.0,113.0,36.0,446.0,201.0,68.0,34.0,5.0,0.0,ST,0,W,0,0,55.2,0,,statistical_fallback,Attacker,ST,0.2,0.04,1.637,0.799,15.812,0.679,1.557,0.559,4.512,1.437,48.809,31.848,Genoa,1
135,Serie A,2025,494,Udinese,281495,T. Kristensen,Thomas,Thiesson Kristensen,23.0,Denmark,198,85,https://media.api-sports.io/football/players/281495.png,Defender,28.0,28.0,2475.0,6.92,3.0,0.0,9.0,6.0,1249.0,3.0,85.0,26.0,22.0,25.0,12.0,6.0,215.0,122.0,9.0,25.0,4.0,0.0,CB,0,,0,0,59.2,0,,statistical_fallback,Defender,CB,0.109,0.0,0.327,0.218,45.418,0.109,0.945,0.909,0.436,0.218,66.667,50.0,Udinese,1
140,La Liga,2025,547,Girona,281795,Y. Asprilla,Yáser Esnéider,Asprilla Martínez,22.0,Colombia,185,75,https://media.api-sports.io/football/players/281795.png,Attacker,15.0,6.0,605.0,6.71,0.0,0.0,10.0,5.0,151.0,12.0,85.0,8.0,1.0,5.0,22.0,13.0,68.0,31.0,8.0,11.0,0.0,0.0,W,0,,0,0,61.0,0,,statistical_fallback,Attacker,W,0.0,0.0,1.488,0.744,22.463,1.785,1.19,0.744,3.273,1.934,50.0,59.09,Girona,1
135,Serie A,2025,495,Genoa,281826,A. Marcandalli,Alessandro,Marcandalli,23.0,Italy,195,80,https://media.api-sports.io/football/players/281826.png,Defender,32.0,29.0,2606.0,6.68,0.0,2.0,4.0,2.0,1232.0,10.0,82.0,33.0,11.0,20.0,9.0,4.0,176.0,104.0,11.0,23.0,4.0,0.0,CB,0,,0,0,58.2,0,,statistical_fallback,Defender,CB,0.0,0.069,0.138,0.069,42.548,0.345,1.14,0.691,0.311,0.138,50.0,44.373,Genoa,1
140,La Liga,2025,540,Espanyol,282054,C. Riedel,Clemens,Riedel,22.0,Germany,186,83,https://media.api-sports.io/football/players/282054.png,Defender,20.0,16.0,1402.0,6.82,0.0,1.0,2.0,1.0,810.0,4.0,88.0,28.0,7.0,11.0,1.0,1.0,130.0,70.0,7.0,23.0,5.0,0.0,CB,0,,0,0,57.1,0,,statistical_fallback,Defender,CB,0.0,0.064,0.128,0.064,51.997,0.257,1.797,0.706,0.064,0.064,50.0,100.0,Espanyol,1
39,Premier League,2025,49,Chelsea,282125,R. Lavia,Roméo,Lavia,21.0,Belgium,181,76,https://media.api-sports.io/football/players/282125.png,Midfielder,12.0,4.0,377.0,6.78,0.0,0.0,2.0,0.0,284.0,1.0,92.0,8.0,,5.0,5.0,3.0,38.0,22.0,8.0,8.0,0.0,0.0,CDM,3,CM,1,4,75.0,0,CDM:3 | CM:1,lineup_history,Midfielder,CDM,0.0,0.0,0.477,0.0,67.798,0.239,1.91,1.194,1.194,0.716,0.0,59.966,Chelsea,1
61,Ligue 1,2025,83,Nantes | Strasbourg,282549,J. Mwanga,Junior,Mwanga,22.0,France,184,80,https://media.api-sports.io/football/players/282549.png,Midfielder,15.0,15.0,1642.0,6.749,1.0,1.0,7.0,3.0,542.0,13.0,84.0,27.0,6.0,10.0,21.0,13.0,130.0,66.0,14.0,16.0,2.0,1.0,CDM,0,CM,0,0,59.9,0,,statistical_fallback,Midfielder,CDM,0.055,0.055,0.439,0.165,43.136,0.986,2.138,0.713,1.534,0.986,37.536,64.279,Nantes | Strasbourg,2
39,Premier League,2025,39,Wolves,282770,Rodrigo Gomes,Rodrigo Martins,Gomes,22.0,Portugal,175,67,https://media.api-sports.io/football/players/282770.png,Defender,22.0,9.0,978.0,6.64,3.0,0.0,18.0,6.0,263.0,4.0,72.0,23.0,2.0,9.0,26.0,8.0,104.0,45.0,8.0,6.0,0.0,0.0,RWB,3,LWB,2,9,33.3,0,RWB:3 | LWB:2 | LW:2 | CAM:1 | RW:1,lineup_history,Defender,RWB,0.276,0.0,1.656,0.552,24.202,0.368,2.117,0.828,2.393,0.736,33.333,30.756,Wolves,1
61,Ligue 1,2025,91,Monaco,283026,M. Biereth,Mika,Miles Biereth,22.0,Denmark,187,69,https://media.api-sports.io/football/players/283026.png,Attacker,32.0,12.0,1108.0,6.47,2.0,2.0,12.0,7.0,206.0,21.0,61.0,11.0,2.0,0.0,13.0,4.0,142.0,44.0,14.0,16.0,0.0,0.0,ST,0,W,0,0,58.9,0,,statistical_fallback,Attacker,ST,0.162,0.162,0.975,0.569,16.733,1.706,0.894,0.0,1.056,0.325,58.359,30.777,Monaco,1
78,Bundesliga,2025,157,Bayern München,283058,N. Jackson,Nicolas,Jackson,24.0,Senegal,186,78,https://media.api-sports.io/football/players/283058.png,Attacker,23.0,12.0,1037.0,6.77,8.0,1.0,31.0,21.0,320.0,18.0,81.0,8.0,,4.0,30.0,11.0,98.0,36.0,10.0,15.0,2.0,1.0,ST,0,,0,0,56.9,0,,statistical_fallback,Attacker,ST,0.694,0.087,2.69,1.823,27.772,1.562,0.694,0.347,2.604,0.955,67.77,36.674,Bayern München,1
61,Ligue 1,2025,81,Marseille,283216,B. Nadir,Bilal,Nadir,22.0,France,172,65,https://media.api-sports.io/football/players/283216.png,Midfielder,20.0,5.0,596.0,6.59,0.0,4.0,4.0,1.0,371.0,12.0,90.0,17.0,1.0,7.0,6.0,4.0,77.0,27.0,4.0,24.0,5.0,0.0,CM,0,,0,0,58.0,0,,statistical_fallback,Midfielder,CM,0.0,0.604,0.604,0.151,56.023,1.812,2.567,1.057,0.906,0.604,25.0,66.667,Marseille,1
140,La Liga,2025,547,Girona,283668,Arnau Martínez,Arnau,Martínez López,22.0,Spain,182,72,https://media.api-sports.io/football/players/283668.png,Defender,35.0,33.0,2678.0,6.81,2.0,3.0,14.0,4.0,1427.0,24.0,85.0,66.0,13.0,41.0,26.0,13.0,258.0,143.0,30.0,24.0,6.0,0.0,FB,0,,0,0,57.8,0,,statistical_fallback,Defender,FB,0.067,0.101,0.471,0.134,47.957,0.807,2.218,1.378,0.874,0.437,28.45,50.0,Girona,1
78,Bundesliga,2025,164,FSV Mainz 05,283753,N. Veratschnig,Nikolas Konrad,Veratschnig,22.0,Austria,180,75,https://media.api-sports.io/football/players/283753.png,Defender,21.0,6.0,660.0,6.64,0.0,1.0,3.0,1.0,209.0,4.0,67.0,19.0,2.0,10.0,12.0,6.0,90.0,43.0,10.0,12.0,3.0,0.0,FB,0,,0,0,61.2,0,,statistical_fallback,Defender,FB,0.0,0.136,0.409,0.136,28.5,0.545,2.591,1.364,1.636,0.818,33.252,50.0,FSV Mainz 05,1
61,Ligue 1,2025,97,Lorient,284072,B. Dieng,Cheikh Ahmadou Bamba,Mbacké Dieng,25.0,Senegal,178,72,https://media.api-sports.io/football/players/284072.png,Attacker,22.0,15.0,1220.0,6.81,10.0,1.0,41.0,24.0,191.0,11.0,76.0,7.0,1.0,3.0,16.0,6.0,127.0,54.0,13.0,15.0,3.0,0.0,ST,0,,0,0,63.5,0,,statistical_fallback,Attacker,ST,0.738,0.074,3.025,1.77,14.09,0.811,0.516,0.221,1.18,0.443,58.512,37.542,Lorient,1
39,Premier League,2025,50,Manchester City,284230,R. Lewis,Rico Henry Mark,Lewis,21.0,England,170,64,https://media.api-sports.io/football/players/284230.png,Defender,11.0,4.0,435.0,6.63,0.0,1.0,2.0,0.0,283.0,7.0,84.0,6.0,1.0,7.0,4.0,2.0,38.0,18.0,9.0,5.0,2.0,0.0,RB,4,,0,4,100.0,0,RB:4,lineup_history,Defender,RB,0.0,0.207,0.414,0.0,58.552,1.448,1.241,1.448,0.828,0.414,0.0,50.0,Manchester City,1
140,La Liga,2025,541,Real Madrid,284300,Álvaro Fernández,Álvaro,Fernández Carreras,22.0,Spain,186,78,https://media.api-sports.io/football/players/284300.png,Defender,28.0,26.0,2340.0,7.05,2.0,3.0,6.0,3.0,1723.0,30.0,90.0,41.0,7.0,39.0,36.0,19.0,230.0,124.0,33.0,22.0,5.0,1.0,FB,0,,0,0,58.6,0,,statistical_fallback,Defender,FB,0.077,0.115,0.231,0.115,66.269,1.154,1.577,1.5,1.385,0.731,49.784,52.78,Real Madrid,1
39,Premier League,2025,33,Manchester United,284322,K. Mainoo,Kobbie Boateng,Mainoo,20.0,England,175,72,https://media.api-sports.io/football/players/284322.png,Midfielder,28.0,16.0,1670.0,6.87,1.0,2.0,8.0,3.0,1047.0,22.0,89.0,35.0,10.0,20.0,35.0,19.0,185.0,91.0,22.0,13.0,2.0,0.0,CDM,16,,0,16,100.0,0,CDM:16,lineup_history,Midfielder,CDM,0.054,0.108,0.431,0.162,56.425,1.186,1.886,1.078,1.886,1.024,37.587,54.295,Manchester United,1
39,Premier League,2025,49,Chelsea,284324,A. Garnacho,Alejandro,Garnacho Ferreyra,21.0,Argentina,180,73,https://media.api-sports.io/football/players/284324.png,Attacker,24.0,14.0,1283.0,6.77,1.0,4.0,23.0,7.0,473.0,29.0,87.0,16.0,,4.0,39.0,14.0,123.0,56.0,23.0,9.0,2.0,0.0,LW,13,LM,1,14,92.9,0,LW:13 | LM:1,lineup_history,Attacker,LW,0.07,0.281,1.613,0.491,33.18,2.034,1.122,0.281,2.736,0.982,30.44,35.892,Chelsea,1
39,Premier League,2025,746,Sunderland,284414,R. Mundle,Romaine Lee,Mundle,22.0,England,180,61,https://media.api-sports.io/football/players/284414.png,Attacker,14.0,2.0,412.0,6.5,0.0,0.0,5.0,2.0,104.0,1.0,85.0,5.0,,1.0,15.0,7.0,63.0,24.0,8.0,7.0,1.0,0.0,LW,1,LM,1,2,50.0,0,LW:1 | LM:1,lineup_history,Attacker,LW,0.0,0.0,1.092,0.437,22.718,0.218,1.092,0.218,3.277,1.529,40.018,46.659,Sunderland,1
39,Premier League,2025,65,Nottingham Forest,284428,O. Hutchinson,Omari Elijah,Giraud-Hutchinson,22.0,Jamaica,174,65,https://media.api-sports.io/football/players/284428.png,Attacker,31.0,17.0,1695.0,6.76,1.0,5.0,17.0,11.0,537.0,34.0,83.0,21.0,,12.0,79.0,41.0,222.0,90.0,24.0,23.0,1.0,0.0,RW,12,RM,4,17,70.6,0,RW:12 | RM:4 | LW:1,lineup_history,Attacker,RW,0.053,0.265,0.903,0.584,28.513,1.805,1.115,0.637,4.195,2.177,64.673,51.895,Nottingham Forest,1
39,Premier League,2025,48,West Ham,284446,F. Potts,Freddie,Potts,22.0,England,183,,https://media.api-sports.io/football/players/284446.png,Midfielder,22.0,12.0,1167.0,6.82,0.0,1.0,1.0,1.0,530.0,8.0,83.0,29.0,3.0,17.0,8.0,2.0,111.0,65.0,14.0,15.0,1.0,0.0,CM,7,CDM,5,12,58.3,0,CM:7 | CDM:5,lineup_history,Midfielder,CM,0.0,0.077,0.077,0.077,40.874,0.617,2.237,1.311,0.617,0.154,100.0,24.959,West Ham,1
39,Premier League,2025,66,Aston Villa,284457,L. Bogarde,Lamare Trenton,Chansey Bogarde,21.0,Netherlands,183,76,https://media.api-sports.io/football/players/284457.png,Defender,28.0,11.0,1104.0,6.57,0.0,0.0,0.0,0.0,501.0,2.0,89.0,26.0,6.0,5.0,7.0,2.0,109.0,57.0,20.0,17.0,5.0,0.0,CDM,8,RB,3,11,72.7,0,CDM:8 | RB:3,lineup_history,Defender,CDM,0.0,0.0,0.0,0.0,40.842,0.163,2.12,0.408,0.571,0.163,0.0,28.546,Aston Villa,1
39,Premier League,2025,34,Newcastle,284492,L. Hall,Lewis Kieran,Hall,21.0,England,179,73,https://media.api-sports.io/football/players/284492.png,Defender,30.0,24.0,2188.0,6.88,1.0,1.0,14.0,6.0,1256.0,25.0,85.0,54.0,14.0,28.0,68.0,37.0,290.0,158.0,41.0,17.0,4.0,0.0,LB,21,LWB,2,24,87.5,0,LB:21 | LWB:2 | RB:1,lineup_history,Defender,LB,0.041,0.041,0.576,0.247,51.664,1.028,2.221,1.152,2.797,1.522,42.882,54.415,Newcastle,1
39,Premier League,2025,45,Everton,284500,T. Iroegbunam,Timothy Emeka,Iroegbunam,22.0,England,183,70,https://media.api-sports.io/football/players/284500.png,Midfielder,29.0,17.0,1505.0,6.76,0.0,2.0,8.0,1.0,490.0,8.0,81.0,69.0,12.0,22.0,39.0,14.0,228.0,125.0,20.0,29.0,9.0,0.0,CDM,16,CM,1,17,94.1,0,CDM:16 | CM:1,lineup_history,Midfielder,CDM,0.0,0.12,0.478,0.06,29.302,0.478,4.126,1.316,2.332,0.837,12.552,35.892,Everton,1
135,Serie A,2025,495,Genoa,284570,B. Norton-Cuffy,Brooke Dion Nelson,Norton-Cuffy,21.0,England,181,70,https://media.api-sports.io/football/players/284570.png,Defender,27.0,25.0,2214.0,6.84,2.0,1.0,11.0,6.0,720.0,21.0,81.0,43.0,6.0,10.0,54.0,32.0,213.0,106.0,16.0,23.0,4.0,0.0,FB,0,,0,0,66.5,0,,statistical_fallback,Defender,FB,0.081,0.041,0.447,0.244,29.268,0.854,1.748,0.407,2.195,1.301,54.586,59.271,Genoa,1
39,Premier League,2025,55,Brentford,284797,D. Ouattara,Dango Aboubacar Faissal,Ouattara,23.0,Burkina Faso,177,71,https://media.api-sports.io/football/players/284797.png,Midfielder,32.0,25.0,2290.0,6.87,7.0,3.0,42.0,20.0,484.0,27.0,63.0,24.0,,24.0,80.0,23.0,325.0,138.0,39.0,27.0,5.0,0.0,RW,22,ST,1,25,88.0,0,RW:22 | ST:1 | LW:1 | RM:1,lineup_history,Midfielder,RW,0.275,0.118,1.651,0.786,19.022,1.061,0.943,0.943,3.144,0.904,47.608,28.753,Brentford,1
140,La Liga,2025,798,Mallorca,285909,Pablo Torre,Pablo,Torre Carral,22.0,Spain,173,65,https://media.api-sports.io/football/players/285909.png,Midfielder,35.0,19.0,1637.0,6.8,4.0,4.0,19.0,12.0,803.0,34.0,84.0,23.0,2.0,9.0,35.0,16.0,190.0,82.0,36.0,29.0,4.0,0.0,W,0,CAM,0,0,56.6,0,,statistical_fallback,Midfielder,W,0.22,0.22,1.045,0.66,44.148,1.869,1.265,0.495,1.924,0.88,63.158,45.738,Mallorca,1
140,La Liga,2025,543,Real Betis,286084,Sergi Altimira,Sergi,Altimira Clavell,24.0,Spain,188,80,https://media.api-sports.io/football/players/286084.png,Midfielder,24.0,20.0,1198.0,6.992,1.0,2.0,5.0,3.0,768.0,11.0,,51.0,4.0,21.0,7.0,4.0,144.0,93.0,22.0,14.0,3.0,0.0,CDM,0,CM,0,0,63.5,0,,statistical_fallback,Midfielder,CDM,0.075,0.15,0.376,0.225,57.696,0.826,3.831,1.578,0.526,0.301,59.84,57.224,Real Betis,1
39,Premier League,2025,52,Crystal Palace,286458,J. Devenny,Justin,Devenny,22.0,Scotland,178,74,https://media.api-sports.io/football/players/286458.png,Midfielder,21.0,7.0,830.0,6.48,1.0,0.0,9.0,4.0,252.0,7.0,73.0,25.0,,1.0,14.0,3.0,118.0,46.0,10.0,11.0,0.0,0.0,CAM,3,RWB,2,7,42.9,0,CAM:3 | RWB:2 | LW:1 | LWB:1,lineup_history,Midfielder,CAM,0.108,0.0,0.976,0.434,27.325,0.759,2.711,0.108,1.518,0.325,44.467,21.41,Crystal Palace,1
135,Serie A,2025,487,Lazio,286474,M. Cancellieri,Matteo,Cancellieri,23.0,Italy,180,79,https://media.api-sports.io/football/players/286474.png,Attacker,30.0,21.0,1739.0,6.87,4.0,2.0,33.0,17.0,457.0,18.0,76.0,42.0,2.0,24.0,41.0,14.0,305.0,155.0,67.0,39.0,6.0,0.0,ST,0,,0,0,57.5,0,,statistical_fallback,Attacker,ST,0.207,0.104,1.708,0.88,23.652,0.932,2.174,1.242,2.122,0.725,51.522,34.166,Lazio,1
140,La Liga,2025,538,Celta Vigo,286559,Carlos Domínguez,Carlos,Domínguez Cáceres,24.0,Spain,187,81,https://media.api-sports.io/football/players/286559.png,Defender,8.0,6.0,610.0,6.69,0.0,0.0,2.0,1.0,442.0,1.0,91.0,13.0,5.0,5.0,2.0,0.0,46.0,28.0,1.0,6.0,1.0,0.0,CB,0,,0,0,62.5,0,,statistical_fallback,Defender,CB,0.0,0.0,0.295,0.148,65.213,0.148,1.918,0.738,0.295,0.0,50.169,0.0,Celta Vigo,1
140,La Liga,2025,531,Athletic Club,286593,Nico Serrano,Nicolás,Serrano Galdeano,22.0,Spain,181,72,https://media.api-sports.io/football/players/286593.png,Attacker,16.0,4.0,365.0,6.69,1.0,0.0,8.0,4.0,123.0,10.0,80.0,6.0,,2.0,19.0,7.0,61.0,23.0,8.0,10.0,0.0,0.0,W,0,ST,0,0,56.0,0,,statistical_fallback,Attacker,W,0.247,0.0,1.973,0.986,30.329,2.466,1.479,0.493,4.685,1.726,49.975,36.841,Athletic Club,1
140,La Liga,2025,540,Espanyol,286601,O. El Hilali,Omar,El Hilali,22.0,Morocco,183,75,https://media.api-sports.io/football/players/286601.png,Defender,36.0,32.0,2828.0,6.73,0.0,2.0,1.0,0.0,1242.0,17.0,80.0,73.0,15.0,40.0,10.0,7.0,238.0,131.0,24.0,44.0,9.0,0.0,FB,0,,0,0,56.2,0,,statistical_fallback,Defender,FB,0.0,0.064,0.032,0.0,39.526,0.541,2.323,1.273,0.318,0.223,0.0,70.126,Espanyol,1
39,Premier League,2025,49,Chelsea,286616,F. Jörgensen,Filip,Jörgensen,23.0,Denmark,192,85,https://media.api-sports.io/football/players/286616.png,Goalkeeper,5.0,3.0,378.0,6.68,0.0,0.0,0.0,0.0,171.0,0.0,76.0,0.0,,1.0,1.0,1.0,4.0,3.0,,,0.0,0.0,GK,3,,0,3,100.0,0,GK:3,lineup_history,Goalkeeper,GK,0.0,0.0,0.0,0.0,40.714,0.0,0.0,0.238,0.238,0.238,0.0,100.0,Chelsea,1
140,La Liga,2025,538,Celta Vigo,286639,Bryan Zaragoza,Bryan,Zaragoza Martínez,24.0,Spain,164,61,https://media.api-sports.io/football/players/286639.png,Attacker,19.0,13.0,1135.0,6.9,1.0,1.0,20.0,12.0,334.0,18.0,77.0,10.0,,2.0,70.0,27.0,129.0,55.0,17.0,7.0,1.0,0.0,W,0,,0,0,62.6,0,,statistical_fallback,Attacker,W,0.079,0.079,1.586,0.952,26.485,1.427,0.793,0.159,5.551,2.141,60.025,38.57,Celta Vigo,1
78,Bundesliga,2025,160,SC Freiburg,286710,D. Scherhant,Derry Lionel,Scherhant,23.0,Germany,185,78,https://media.api-sports.io/football/players/286710.png,Attacker,31.0,12.0,1308.0,6.7,5.0,1.0,23.0,13.0,226.0,22.0,75.0,20.0,4.0,7.0,80.0,30.0,229.0,92.0,36.0,19.0,2.0,0.0,W,0,,0,0,57.9,0,,statistical_fallback,Attacker,W,0.344,0.069,1.583,0.894,15.55,1.514,1.376,0.482,5.505,2.064,56.475,37.493,SC Freiburg,1
39,Premier League,2025,49,Chelsea,286894,J. Bynoe-Gittens,Jamie Jermaine,Bynoe-Gittens,21.0,England,175,70,https://media.api-sports.io/football/players/286894.png,Midfielder,16.0,5.0,495.0,6.6,0.0,2.0,4.0,2.0,149.0,9.0,79.0,8.0,1.0,2.0,21.0,13.0,59.0,32.0,8.0,6.0,0.0,0.0,LW,4,RM,1,5,80.0,0,LW:4 | RM:1,lineup_history,Midfielder,LW,0.0,0.364,0.727,0.364,27.091,1.636,1.455,0.364,3.818,2.364,50.069,61.917,Chelsea,1
135,Serie A,2025,500,Bologna,287564,M. Vitík,Martin,Vitík,22.0,Czechia,193,84,https://media.api-sports.io/football/players/287564.png,Defender,19.0,14.0,1324.0,6.83,0.0,0.0,5.0,2.0,731.0,3.0,87.0,36.0,7.0,10.0,3.0,2.0,152.0,85.0,4.0,23.0,3.0,0.0,CB,0,,0,0,60.2,0,,statistical_fallback,Defender,CB,0.0,0.0,0.34,0.136,49.69,0.204,2.447,0.68,0.204,0.136,40.0,66.667,Bologna,1
140,La Liga,2025,548,Real Sociedad,287654,Jon Gorrotxategi,Jon,Gorrotxategi Etxaniz,23.0,Spain,177,,https://media.api-sports.io/football/players/287654.png,Midfielder,30.0,26.0,2215.0,6.76,1.0,3.0,7.0,1.0,1307.0,18.0,86.0,46.0,13.0,34.0,17.0,10.0,230.0,114.0,27.0,32.0,6.0,0.0,CDM,0,CM,0,0,62.3,0,,statistical_fallback,Midfielder,CDM,0.041,0.122,0.284,0.041,53.106,0.731,1.869,1.381,0.691,0.406,14.437,58.755,Real Sociedad,1
78,Bundesliga,2025,192,1. FC Köln,287916,R. van den Berg,Rav,van den Berg,21.0,Netherlands,190,75,https://media.api-sports.io/football/players/287916.png,Defender,14.0,12.0,1138.0,6.65,0.0,1.0,0.0,0.0,706.0,1.0,93.0,14.0,12.0,14.0,1.0,0.0,80.0,43.0,3.0,10.0,0.0,1.0,CB,0,,0,0,61.1,0,,statistical_fallback,Defender,CB,0.0,0.079,0.0,0.0,55.835,0.079,1.107,1.107,0.079,0.0,0.0,0.0,1. FC Köln,1
135,Serie A,2025,492,Napoli,288006,R. Højlund,Rasmus,Winther Højlund,22.0,Denmark,191,86,https://media.api-sports.io/football/players/288006.png,Attacker,33.0,32.0,2761.0,6.57,12.0,5.0,46.0,25.0,507.0,33.0,74.0,4.0,2.0,0.0,34.0,12.0,309.0,111.0,53.0,37.0,1.0,0.0,ST,0,W,0,0,56.0,0,,statistical_fallback,Attacker,ST,0.391,0.163,1.499,0.815,16.527,1.076,0.13,0.0,1.108,0.391,54.37,35.289,Napoli,1
39,Premier League,2025,52,Crystal Palace,288102,A. Wharton,Adam James,Wharton,21.0,England,182,77,https://media.api-sports.io/football/players/288102.png,Midfielder,34.0,29.0,2562.0,7.09,1.0,5.0,17.0,6.0,1232.0,44.0,79.0,70.0,3.0,26.0,29.0,15.0,288.0,140.0,31.0,35.0,5.0,0.0,CM,29,,0,29,100.0,0,CM:29,lineup_history,Midfielder,CM,0.035,0.176,0.597,0.211,43.279,1.546,2.459,0.913,1.019,0.527,35.343,51.717,Crystal Palace,1
78,Bundesliga,2025,182,Union Berlin,288206,L. Querfeld,Leopold,Querfeld,22.0,Austria,190,83,https://media.api-sports.io/football/players/288206.png,Defender,31.0,30.0,2704.0,6.89,3.0,0.0,23.0,10.0,1218.0,21.0,79.0,52.0,25.0,36.0,7.0,4.0,350.0,211.0,28.0,46.0,6.0,0.0,CB,0,,0,0,60.8,0,,statistical_fallback,Defender,CB,0.1,0.0,0.766,0.333,40.54,0.699,1.731,1.198,0.233,0.133,43.473,57.082,Union Berlin,1
135,Serie A,2025,895,Como,288699,M. Perrone,Máximo,Perrone,22.0,Argentina,177,68,https://media.api-sports.io/football/players/288699.png,Midfielder,36.0,33.0,2749.0,6.99,3.0,4.0,14.0,9.0,2175.0,34.0,91.0,56.0,3.0,22.0,17.0,9.0,214.0,100.0,23.0,43.0,8.0,0.0,CM,0,,0,0,58.0,0,,statistical_fallback,Midfielder,CM,0.098,0.131,0.458,0.295,71.208,1.113,1.833,0.72,0.557,0.295,64.41,52.962,Como,1
135,Serie A,2025,495,Genoa | AS Roma,288769,T. Baldanzi,Tommaso,Baldanzi,22.0,Italy,176,63,https://media.api-sports.io/football/players/288769.png,Midfielder,8.0,5.0,792.0,6.745,0.0,2.0,7.0,3.0,212.0,9.0,89.0,11.0,,2.0,11.0,5.0,46.0,22.0,6.0,2.0,0.0,0.0,W,0,CAM,0,0,58.0,0,,statistical_fallback,Midfielder,W,0.114,0.227,1.704,0.795,39.432,1.705,1.818,0.568,1.818,0.568,46.672,31.242,Genoa | AS Roma,2
78,Bundesliga,2025,162,Werder Bremen,289460,J. Malatini,Julián,Malatini,24.0,Argentina,191,84,https://media.api-sports.io/football/players/289460.png,Defender,11.0,5.0,540.0,6.43,0.0,0.0,1.0,0.0,339.0,2.0,83.0,15.0,1.0,5.0,3.0,1.0,53.0,28.0,1.0,7.0,3.0,0.0,CB,0,,0,0,56.6,0,,statistical_fallback,Defender,CB,0.0,0.0,0.167,0.0,56.5,0.333,2.5,0.833,0.5,0.167,0.0,33.4,Werder Bremen,1
61,Ligue 1,2025,77,Angers,289555,L. Mouton,Louis,Mouton,23.0,France,189,75,https://media.api-sports.io/football/players/289555.png,Attacker,32.0,24.0,1911.0,6.56,2.0,1.0,23.0,8.0,707.0,22.0,75.0,40.0,4.0,14.0,34.0,12.0,200.0,83.0,16.0,20.0,2.0,1.0,ST,0,W,0,0,58.2,0,,statistical_fallback,Attacker,ST,0.094,0.047,1.083,0.377,33.297,1.036,1.884,0.659,1.601,0.565,34.811,35.29,Angers,1
135,Serie A,2025,499,Atalanta,289761,G. Scalvini,Giorgio,Scalvini,22.0,Italy,194,76,https://media.api-sports.io/football/players/289761.png,Defender,24.0,23.0,1817.0,7.08,3.0,1.0,12.0,6.0,1210.0,15.0,87.0,46.0,12.0,43.0,29.0,13.0,206.0,112.0,10.0,31.0,2.0,0.0,CB,0,,0,0,55.3,0,,statistical_fallback,Defender,CB,0.149,0.05,0.594,0.297,59.934,0.743,2.278,2.13,1.436,0.644,50.0,44.847,Atalanta,1
140,La Liga,2025,548,Real Sociedad,290106,Pablo Marín,Pablo,Marín Tejada,22.0,Spain,178,71,https://media.api-sports.io/football/players/290106.png,Midfielder,34.0,15.0,1511.0,6.51,0.0,1.0,7.0,4.0,374.0,13.0,79.0,19.0,1.0,8.0,40.0,17.0,166.0,66.0,23.0,22.0,2.0,0.0,CM,0,,0,0,58.0,0,,statistical_fallback,Midfielder,CM,0.0,0.06,0.417,0.238,22.277,0.774,1.132,0.477,2.383,1.013,57.074,42.509,Real Sociedad,1
78,Bundesliga,2025,161,VfL Wolfsburg,290545,J. Seelt,Jenson,Seelt,22.0,Netherlands,192,84,https://media.api-sports.io/football/players/290545.png,Defender,9.0,8.0,696.0,6.7,0.0,0.0,2.0,0.0,379.0,0.0,86.0,13.0,5.0,5.0,3.0,2.0,70.0,44.0,6.0,5.0,0.0,0.0,CB,1,,0,1,100.0,0,CB:1,lineup_history,Defender,CB,0.0,0.0,0.259,0.0,49.009,0.0,1.681,0.647,0.388,0.259,0.0,66.753,VfL Wolfsburg,1
78,Bundesliga,2025,173,RB Leipzig,290549,J. Bakayoko,Saint-Cyr Johan,Bakayoko,22.0,Belgium,179,76,https://media.api-sports.io/football/players/290549.png,Attacker,20.0,8.0,779.0,6.68,2.0,0.0,15.0,9.0,287.0,9.0,82.0,5.0,,2.0,31.0,15.0,83.0,33.0,11.0,11.0,1.0,0.0,W,0,ST,0,0,55.9,0,,statistical_fallback,Attacker,W,0.231,0.0,1.733,1.04,33.158,1.04,0.578,0.231,3.582,1.733,60.012,48.381,RB Leipzig,1
140,La Liga,2025,728,Rayo Vallecano,290740,Ilias Akhomach,Ilias,Akhomach Chakkour,21.0,Morocco,175,70,https://media.api-sports.io/football/players/290740.png,Attacker,11.0,7.0,712.0,6.75,0.0,1.0,13.0,6.0,197.0,8.0,83.0,16.0,,2.0,34.0,13.0,115.0,58.0,29.0,9.0,2.0,0.0,W,0,,0,0,59.5,0,,statistical_fallback,Attacker,W,0.0,0.126,1.643,0.758,24.902,1.011,2.022,0.253,4.298,1.643,46.135,38.227,Rayo Vallecano,1
135,Serie A,2025,867,Lecce,291589,Kialonda Gaspar,Esmevânio Kialonda,Gaspar,28.0,Angola,193,90,https://media.api-sports.io/football/players/291589.png,Defender,23.0,21.0,1830.0,6.81,0.0,0.0,6.0,1.0,792.0,0.0,84.0,23.0,21.0,17.0,3.0,1.0,153.0,94.0,22.0,13.0,6.0,1.0,CB,0,,0,0,62.7,0,,statistical_fallback,Defender,CB,0.0,0.0,0.295,0.049,38.951,0.0,1.131,0.836,0.148,0.049,16.61,33.108,Lecce,1
61,Ligue 1,2025,91,Monaco,291649,Vanderson,Vanderson,de Oliveira Campos,24.0,Brazil,173,74,https://media.api-sports.io/football/players/291649.png,Defender,14.0,7.0,613.0,6.8,0.0,2.0,3.0,0.0,364.0,11.0,79.0,24.0,1.0,23.0,17.0,8.0,79.0,44.0,2.0,15.0,4.0,0.0,FB,0,,0,0,60.1,0,,statistical_fallback,Defender,FB,0.0,0.294,0.44,0.0,53.442,1.615,3.524,3.377,2.496,1.175,0.0,47.075,Monaco,1
140,La Liga,2025,541,Real Madrid,291964,A. Güler,Arda,Güler,20.0,Türkiye,176,67,https://media.api-sports.io/football/players/291964.png,Midfielder,33.0,25.0,2026.0,7.18,4.0,9.0,35.0,19.0,1345.0,70.0,90.0,46.0,2.0,9.0,43.0,27.0,190.0,109.0,32.0,21.0,1.0,0.0,CAM,0,W,0,0,64.5,0,,statistical_fallback,Midfielder,CAM,0.178,0.4,1.555,0.844,59.748,3.11,2.043,0.4,1.91,1.199,54.277,62.775,Real Madrid,1
135,Serie A,2025,523,Parma,292172,Mateo Pellegrino,Mateo,Pellegrino Casalánguida,24.0,Argentina,193,85,https://media.api-sports.io/football/players/292172.png,Attacker,37.0,34.0,2991.0,6.72,9.0,1.0,53.0,22.0,480.0,22.0,62.0,17.0,5.0,4.0,48.0,25.0,546.0,233.0,71.0,87.0,5.0,0.0,ST,0,,0,0,59.2,0,,statistical_fallback,Attacker,ST,0.271,0.03,1.595,0.662,14.443,0.662,0.512,0.12,1.444,0.752,41.505,52.078,Parma,1
61,Ligue 1,2025,108,Auxerre,293643,I. Osman,Ibrahim,Osman,21.0,Ghana,177,64,https://media.api-sports.io/football/players/293643.png,Midfielder,14.0,7.0,630.0,6.6,0.0,2.0,15.0,6.0,164.0,7.0,79.0,11.0,,4.0,22.0,6.0,89.0,37.0,14.0,7.0,0.0,0.0,W,0,CAM,0,0,55.5,0,,statistical_fallback,Midfielder,W,0.0,0.286,2.143,0.857,23.429,1.0,1.571,0.571,3.143,0.857,39.991,27.267,Auxerre,1
135,Serie A,2025,895,Como,295026,M. Baturina,Martin,Baturina,22.0,Croatia,172,68,https://media.api-sports.io/football/players/295026.png,Midfielder,29.0,17.0,1591.0,7.14,6.0,3.0,20.0,9.0,845.0,63.0,87.0,21.0,2.0,5.0,45.0,23.0,192.0,94.0,44.0,15.0,0.0,0.0,CAM,0,W,0,0,63.5,0,,statistical_fallback,Midfielder,CAM,0.339,0.17,1.131,0.509,47.8,3.564,1.188,0.283,2.546,1.301,45.004,51.1,Como,1
140,La Liga,2025,718,Oviedo,295223,R. Alhassane,Abdel Rahim,Alhassane Bonkano,23.0,Niger,184,75,https://media.api-sports.io/football/players/295223.png,Defender,27.0,18.0,1726.0,6.63,0.0,0.0,0.0,0.0,720.0,17.0,79.0,34.0,6.0,32.0,17.0,8.0,113.0,71.0,8.0,10.0,2.0,0.0,FB,0,,0,0,57.7,0,,statistical_fallback,Defender,FB,0.0,0.0,0.0,0.0,37.543,0.886,1.773,1.669,0.886,0.417,0.0,47.065,Oviedo,1
140,La Liga,2025,530,Atletico Madrid,295793,Marc Pubill,Marc,Pubill Pagès,22.0,Spain,190,86,https://media.api-sports.io/football/players/295793.png,Defender,19.0,15.0,1382.0,7.11,1.0,1.0,10.0,4.0,914.0,3.0,88.0,25.0,15.0,20.0,5.0,4.0,143.0,102.0,14.0,16.0,2.0,0.0,CB,0,,0,0,61.5,0,,statistical_fallback,Defender,CB,0.065,0.065,0.651,0.26,59.522,0.195,1.628,1.302,0.326,0.26,39.939,79.755,Atletico Madrid,1
39,Premier League,2025,39,Wolves,296560,J. Tchatchoua,Jackson,Tchatchoua,24.0,Cameroon,186,76,https://media.api-sports.io/football/players/296560.png,Defender,31.0,19.0,1855.0,6.54,0.0,1.0,2.0,1.0,541.0,21.0,76.0,29.0,8.0,16.0,14.0,5.0,134.0,66.0,9.0,8.0,3.0,0.0,RWB,18,RB,1,19,94.7,0,RWB:18 | RB:1,lineup_history,Defender,RWB,0.0,0.049,0.097,0.049,26.248,1.019,1.407,0.776,0.679,0.243,50.515,35.788,Wolves,1
140,La Liga,2025,529,Barcelona,296667,Gavi,Pablo Martín,Páez Gavira,21.0,Spain,174,69,https://media.api-sports.io/football/players/296667.png,Midfielder,11.0,7.0,574.0,6.87,0.0,1.0,0.0,0.0,407.0,8.0,92.0,17.0,2.0,3.0,8.0,1.0,76.0,42.0,14.0,11.0,3.0,0.0,CDM,0,CM,0,0,62.0,0,,statistical_fallback,Midfielder,CDM,0.0,0.157,0.0,0.0,63.815,1.254,2.666,0.47,1.254,0.157,0.0,12.52,Barcelona,1
140,La Liga,2025,536,Sevilla,297311,Kike Salas,Enrique Jesús,Salas Valiente,23.0,Spain,188,80,https://media.api-sports.io/football/players/297311.png,Defender,26.0,24.0,2208.0,6.99,2.0,0.0,13.0,8.0,1369.0,7.0,80.0,59.0,18.0,37.0,13.0,8.0,277.0,177.0,20.0,31.0,1.0,0.0,CB,0,,0,0,62.6,0,,statistical_fallback,Defender,CB,0.082,0.0,0.53,0.326,55.802,0.285,2.405,1.508,0.53,0.326,61.509,61.509,Sevilla,1
135,Serie A,2025,801,Pisa,298165,F. Loyola,Felipe Ignacio,Loyola Olea,25.0,Chile,180,76,https://media.api-sports.io/football/players/298165.png,Defender,11.0,6.0,538.0,6.44,1.0,0.0,4.0,1.0,216.0,4.0,87.0,10.0,1.0,7.0,6.0,3.0,49.0,16.0,2.0,8.0,0.0,1.0,FB,0,,0,0,60.7,0,,statistical_fallback,Defender,FB,0.167,0.0,0.669,0.167,36.134,0.669,1.673,1.171,1.004,0.502,24.963,50.0,Pisa,1
140,La Liga,2025,543,Real Betis,300885,N. Deossa,Nelson Alexander,Deossa Suárez,25.0,Colombia,185,71,https://media.api-sports.io/football/players/300885.png,Midfielder,20.0,8.0,736.0,6.81,0.0,0.0,12.0,0.0,320.0,8.0,83.0,14.0,,5.0,36.0,28.0,155.0,93.0,24.0,18.0,3.0,0.0,W,0,CAM,0,0,59.7,0,,statistical_fallback,Midfielder,W,0.0,0.0,1.467,0.0,39.13,0.978,1.712,0.611,4.402,3.424,0.0,77.783,Real Betis,1
39,Premier League,2025,48,West Ham,301187,Pablo,Pablo Felipe,Pereira de Jesus,21.0,Portugal,184,74,https://media.api-sports.io/football/players/301187.png,Attacker,14.0,10.0,826.0,6.51,0.0,1.0,9.0,3.0,200.0,14.0,73.0,25.0,2.0,4.0,14.0,9.0,153.0,60.0,8.0,23.0,0.0,0.0,CAM,9,LW,1,10,90.0,0,CAM:9 | LW:1,lineup_history,Attacker,CAM,0.0,0.109,0.981,0.327,21.792,1.525,2.724,0.436,1.525,0.981,33.333,64.328,West Ham,1
61,Ligue 1,2025,91,Monaco | Sunderland,301771,S. Adingra,Simon,Adingra,23.0,Côte d'Ivoire,175,68,https://media.api-sports.io/football/players/301771.png,Midfielder,14.0,10.0,1533.0,6.619,3.0,2.0,13.0,6.0,346.0,13.0,76.0,11.0,,6.0,69.0,23.0,135.0,46.0,8.0,7.0,0.0,0.0,LW,8,LM,1,9,88.9,0,LW:8 | LM:1,lineup_history,Midfielder,LW,0.235,0.117,0.998,0.47,29.765,1.174,1.292,0.47,5.577,1.761,47.071,31.579,Monaco | Sunderland,2
135,Serie A,2025,523,Parma,301924,N. Elphege,Nesta,Elphege,24.0,France,196,82,https://media.api-sports.io/football/players/301924.png,Attacker,9.0,2.0,306.0,6.83,2.0,1.0,5.0,3.0,62.0,4.0,66.0,2.0,,0.0,6.0,4.0,47.0,25.0,,3.0,0.0,0.0,ST,0,W,0,0,55.7,0,,statistical_fallback,Attacker,ST,0.588,0.294,1.471,0.882,18.235,1.176,0.588,0.0,1.765,1.176,59.959,66.629,Parma,1
135,Serie A,2025,801,Pisa,302069,S. Angori,Samuele,Angori,22.0,Italy,186,77,https://media.api-sports.io/football/players/302069.png,Midfielder,35.0,30.0,2604.0,6.88,0.0,2.0,8.0,3.0,785.0,38.0,72.0,46.0,8.0,22.0,18.0,9.0,205.0,128.0,55.0,17.0,2.0,0.0,CM,0,,0,0,58.0,0,,statistical_fallback,Midfielder,CM,0.0,0.069,0.276,0.104,27.131,1.313,1.59,0.76,0.622,0.311,37.681,50.0,Pisa,1
78,Bundesliga,2025,175,Hamburger SV,302632,W. Mikelbrencis,William,Mikelbrencis,21.0,France,176,64,https://media.api-sports.io/football/players/302632.png,Defender,26.0,15.0,1404.0,6.57,0.0,4.0,10.0,6.0,357.0,17.0,71.0,34.0,3.0,5.0,32.0,13.0,144.0,62.0,5.0,18.0,3.0,0.0,FB,0,,0,0,68.0,0,,statistical_fallback,Defender,FB,0.0,0.256,0.641,0.385,22.885,1.09,2.179,0.321,2.051,0.833,60.062,40.614,Hamburger SV,1
61,Ligue 1,2025,106,Stade Brestois 29,302868,D. Guindo,Daouda,Guindo,23.0,Mali,183,68,https://media.api-sports.io/football/players/302868.png,Defender,25.0,19.0,1700.0,6.46,1.0,1.0,16.0,5.0,675.0,9.0,78.0,37.0,8.0,30.0,9.0,4.0,122.0,68.0,15.0,26.0,4.0,1.0,FB,0,,0,0,57.2,0,,statistical_fallback,Defender,FB,0.053,0.053,0.847,0.265,35.735,0.476,1.959,1.588,0.476,0.212,31.287,44.538,Stade Brestois 29,1
61,Ligue 1,2025,95,Strasbourg,303016,M. Oyedele,Maximillian,Oyedele,21.0,Poland,180,70,https://media.api-sports.io/football/players/303016.png,Midfielder,8.0,6.0,447.0,6.79,1.0,0.0,2.0,1.0,292.0,1.0,89.0,13.0,,5.0,7.0,4.0,49.0,26.0,5.0,9.0,3.0,0.0,CDM,0,CM,0,0,62.0,0,,statistical_fallback,Midfielder,CDM,0.201,0.0,0.403,0.201,58.792,0.201,2.617,1.007,1.409,0.805,49.876,57.133,Strasbourg,1
135,Serie A,2025,504,Hellas Verona,303362,R. Belghali,Rafik,Belghali,23.0,Algeria,186,73,https://media.api-sports.io/football/players/303362.png,Defender,26.0,22.0,1926.0,6.72,2.0,0.0,13.0,6.0,492.0,28.0,76.0,21.0,6.0,18.0,71.0,39.0,184.0,79.0,10.0,20.0,6.0,0.0,FB,0,,0,0,65.1,0,,statistical_fallback,Defender,FB,0.093,0.0,0.607,0.28,22.991,1.308,0.981,0.841,3.318,1.822,46.129,54.913,Hellas Verona,1
61,Ligue 1,2025,96,Toulouse,304140,M. Sauer,Mário,Sauer,21.0,Slovakia,182,,https://media.api-sports.io/football/players/304140.png,Midfielder,25.0,6.0,683.0,6.58,1.0,0.0,8.0,3.0,240.0,3.0,77.0,11.0,2.0,10.0,7.0,3.0,53.0,24.0,3.0,12.0,4.0,0.0,CM,0,,0,0,58.0,0,,statistical_fallback,Midfielder,CM,0.132,0.0,1.054,0.395,31.625,0.395,1.449,1.318,0.922,0.395,37.476,42.842,Toulouse,1
39,Premier League,2025,45,Everton,304317,T. Dibling,Tyler-Jay,Dibling,19.0,England,178,72,https://media.api-sports.io/football/players/304317.png,Midfielder,14.0,4.0,371.0,6.52,0.0,0.0,1.0,0.0,102.0,4.0,86.0,7.0,1.0,6.0,27.0,13.0,79.0,33.0,11.0,11.0,2.0,0.0,RW,4,,0,4,100.0,0,RW:4,lineup_history,Midfielder,RW,0.0,0.0,0.243,0.0,24.744,0.97,1.698,1.456,6.55,3.154,0.0,48.153,Everton,1
61,Ligue 1,2025,83,Nantes,304427,Ali Yousef Musrati,Ali Yousef Ibrahim,Al Musrati,24.0,Libya,193,82,https://media.api-sports.io/football/players/304427.png,Defender,13.0,10.0,968.0,6.72,0.0,0.0,3.0,1.0,408.0,3.0,83.0,11.0,5.0,20.0,2.0,2.0,67.0,46.0,11.0,11.0,4.0,0.0,CB,0,,0,0,59.6,0,,statistical_fallback,Defender,CB,0.0,0.0,0.279,0.093,37.934,0.279,1.023,1.86,0.186,0.186,33.333,100.0,Nantes,1
78,Bundesliga,2025,170,FC Augsburg,304686,Arthur Chaves,Arthur,Largura Chaves,24.0,Brazil,188,80,https://media.api-sports.io/football/players/304686.png,Defender,11.0,9.0,829.0,6.89,2.0,0.0,3.0,2.0,321.0,3.0,80.0,19.0,11.0,8.0,4.0,2.0,85.0,45.0,8.0,8.0,1.0,0.0,CB,0,,0,0,59.5,0,,statistical_fallback,Defender,CB,0.217,0.0,0.326,0.217,34.849,0.326,2.063,0.869,0.434,0.217,66.564,50.0,FC Augsburg,1
39,Premier League,2025,35,Bournemouth,304853,A. Scott,Alex Jay,Scott,22.0,England,178,68,https://media.api-sports.io/football/players/304853.png,Midfielder,37.0,34.0,2859.0,7.08,3.0,1.0,30.0,13.0,1393.0,28.0,84.0,60.0,15.0,36.0,52.0,29.0,333.0,185.0,60.0,45.0,5.0,0.0,CDM,31,CM,2,34,91.2,0,CDM:31 | CM:2 | CAM:1,lineup_history,Midfielder,CDM,0.094,0.031,0.944,0.409,43.851,0.881,1.889,1.133,1.637,0.913,43.326,55.773,Bournemouth,1
39,Premier League,2025,51,Brighton,305730,J. Hinshelwood,Jack Luca,Hinshelwood,20.0,England,181,76,https://media.api-sports.io/football/players/305730.png,Midfielder,27.0,20.0,1750.0,6.66,4.0,3.0,29.0,15.0,630.0,15.0,82.0,19.0,5.0,6.0,9.0,3.0,128.0,46.0,12.0,33.0,0.0,0.0,CAM,11,CDM,5,20,55.0,0,CAM:11 | CDM:5 | CM:3 | RB:1,lineup_history,Midfielder,CAM,0.206,0.154,1.491,0.771,32.4,0.771,0.977,0.309,0.463,0.154,51.71,33.261,Brighton,1
39,Premier League,2025,49,Chelsea,305834,Andrey Santos,Andrey,Nascimento dos Santos,21.0,Brazil,180,75,https://media.api-sports.io/football/players/305834.png,Midfielder,27.0,13.0,1280.0,6.85,1.0,0.0,9.0,2.0,798.0,8.0,90.0,37.0,6.0,20.0,5.0,2.0,121.0,75.0,22.0,13.0,4.0,0.0,CDM,10,CM,2,13,76.9,0,CDM:10 | CM:2 | CAM:1,lineup_history,Midfielder,CDM,0.07,0.0,0.633,0.141,56.109,0.562,2.602,1.406,0.352,0.141,22.275,40.057,Chelsea,1
140,La Liga,2025,547,Girona,306727,J. Solis,Jhon Elmer,Solis Romero,21.0,Colombia,189,80,https://media.api-sports.io/football/players/306727.png,Midfielder,12.0,3.0,384.0,6.46,0.0,0.0,3.0,2.0,164.0,1.0,88.0,3.0,1.0,4.0,11.0,3.0,41.0,15.0,7.0,2.0,0.0,0.0,CM,0,,0,0,58.0,0,,statistical_fallback,Midfielder,CM,0.0,0.0,0.703,0.469,38.438,0.234,0.703,0.938,2.578,0.703,66.714,27.269,Girona,1
61,Ligue 1,2025,79,Lille,306979,H. Igamane,Hamza,Igamane,23.0,Morocco,181,77,https://media.api-sports.io/football/players/306979.png,Attacker,13.0,4.0,428.0,6.94,5.0,1.0,18.0,9.0,127.0,4.0,74.0,7.0,,2.0,22.0,13.0,68.0,32.0,3.0,6.0,2.0,0.0,ST,0,,0,0,58.3,0,,statistical_fallback,Attacker,ST,1.051,0.21,3.785,1.893,26.706,0.841,1.472,0.421,4.626,2.734,50.013,59.101,Lille,1
39,Premier League,2025,50,Manchester City,307123,N. O&apos;Reilly,Nico,O'Reilly,20.0,England,177,77,https://media.api-sports.io/football/players/307123.png,Midfielder,34.0,29.0,2648.0,6.88,5.0,3.0,28.0,15.0,1347.0,23.0,86.0,68.0,12.0,20.0,60.0,24.0,344.0,161.0,18.0,45.0,5.0,0.0,LB,22,CM,3,29,75.9,0,LB:22 | CM:3 | LM:3 | CDM:1,lineup_history,Midfielder,LB,0.17,0.102,0.952,0.51,45.782,0.782,2.311,0.68,2.039,0.816,53.571,40.02,Manchester City,1
61,Ligue 1,2025,85,Paris Saint Germain,307835,Beraldo,Lucas,Lopes Beraldo,22.0,Brazil,186,78,https://media.api-sports.io/football/players/307835.png,Defender,20.0,18.0,1570.0,7.26,2.0,1.0,11.0,4.0,1430.0,14.0,93.0,31.0,8.0,21.0,3.0,0.0,138.0,73.0,7.0,15.0,2.0,0.0,CB,0,,0,0,59.2,0,,statistical_fallback,Defender,CB,0.115,0.057,0.631,0.229,81.975,0.803,1.777,1.204,0.172,0.0,36.292,0.0,Paris Saint Germain,1
78,Bundesliga,2025,186,FC St. Pauli,307929,T. Ando,Tomoya,Ando,26.0,Japan,190,84,https://media.api-sports.io/football/players/307929.png,Defender,15.0,14.0,1261.0,6.7,0.0,1.0,7.0,2.0,688.0,6.0,85.0,33.0,8.0,15.0,9.0,5.0,133.0,90.0,12.0,12.0,3.0,0.0,CB,0,,0,0,55.3,0,,statistical_fallback,Defender,CB,0.0,0.071,0.5,0.143,49.104,0.428,2.355,1.071,0.642,0.357,28.6,55.607,FC St. Pauli,1
135,Serie A,2025,523,Parma,308836,M. Keita,Lamine Mandela,Keita,23.0,Belgium,180,78,https://media.api-sports.io/football/players/308836.png,Midfielder,37.0,36.0,2999.0,6.94,1.0,1.0,13.0,5.0,1211.0,11.0,88.0,74.0,11.0,44.0,45.0,29.0,287.0,179.0,57.0,30.0,1.0,0.0,CDM,0,CM,0,0,64.5,0,,statistical_fallback,Midfielder,CDM,0.03,0.03,0.39,0.15,36.342,0.33,2.221,1.32,1.35,0.87,38.462,64.444,Parma,1
140,La Liga,2025,546,Getafe,309364,Coba,Coba,Gomes da Costa,23.0,Spain,182,73,https://media.api-sports.io/football/players/309364.png,Attacker,14.0,2.0,361.0,6.63,0.0,0.0,4.0,1.0,132.0,4.0,68.0,10.0,,1.0,20.0,10.0,83.0,44.0,6.0,8.0,1.0,0.0,ST,0,W,0,0,60.1,0,,statistical_fallback,Attacker,ST,0.0,0.0,0.997,0.249,32.909,0.997,2.493,0.249,4.986,2.493,24.975,50.0,Getafe,1
135,Serie A,2025,490,Cagliari | Torino,309388,M. Prati,Matteo,Prati,22.0,Italy,183,73,https://media.api-sports.io/football/players/309388.png,Midfielder,20.0,15.0,1889.0,6.634,1.0,0.0,13.0,1.0,551.0,8.0,80.0,24.0,6.0,15.0,4.0,2.0,76.0,37.0,3.0,17.0,4.0,0.0,CDM,0,CM,0,0,58.5,0,,statistical_fallback,Midfielder,CDM,0.048,0.048,1.048,0.048,40.497,0.572,1.858,0.953,0.667,0.333,4.565,49.974,Cagliari | Torino,2
135,Serie A,2025,492,Napoli,310943,Alisson Santos,Alisson,de Almeida Santos,23.0,Brazil,177,82,https://media.api-sports.io/football/players/310943.png,Attacker,14.0,9.0,836.0,7.32,4.0,0.0,22.0,16.0,286.0,14.0,82.0,20.0,1.0,2.0,57.0,34.0,119.0,66.0,8.0,4.0,1.0,0.0,W,0,ST,0,0,57.8,0,,statistical_fallback,Attacker,W,0.431,0.0,2.368,1.722,30.789,1.507,2.153,0.215,6.136,3.66,72.72,59.648,Napoli,1
135,Serie A,2025,500,Bologna,311067,S. Castro,Santiago Thomas,Castro,21.0,Argentina,180,80,https://media.api-sports.io/football/players/311067.png,Attacker,35.0,26.0,2365.0,6.72,7.0,2.0,49.0,20.0,388.0,28.0,76.0,10.0,2.0,1.0,35.0,16.0,292.0,129.0,50.0,35.0,3.0,0.0,ST,0,,0,0,57.1,0,,statistical_fallback,Attacker,ST,0.266,0.076,1.865,0.761,14.765,1.066,0.381,0.038,1.332,0.609,40.804,45.721,Bologna,1
135,Serie A,2025,504,Hellas Verona,311071,N. Valentini,Nicolás,Valentini,24.0,Argentina,184,79,https://media.api-sports.io/football/players/311071.png,Defender,21.0,15.0,1406.0,6.67,0.0,0.0,16.0,7.0,513.0,4.0,71.0,31.0,14.0,15.0,6.0,5.0,167.0,95.0,7.0,30.0,7.0,0.0,CB,0,,0,0,58.6,0,,statistical_fallback,Defender,CB,0.0,0.0,1.024,0.448,32.838,0.256,1.984,0.96,0.384,0.32,43.75,83.333,Hellas Verona,1
135,Serie A,2025,502,Fiorentina,311083,C. Ndour,Cher,Ndour,21.0,Italy,190,82,https://media.api-sports.io/football/players/311083.png,Attacker,33.0,20.0,1885.0,6.67,3.0,0.0,14.0,8.0,756.0,6.0,82.0,35.0,9.0,14.0,23.0,7.0,210.0,97.0,23.0,26.0,2.0,0.0,ST,0,,0,0,57.6,0,,statistical_fallback,Attacker,ST,0.143,0.0,0.668,0.382,36.095,0.286,1.671,0.668,1.098,0.334,57.186,30.419,Fiorentina,1
39,Premier League,2025,746,Sunderland,311543,N. Angulo,Nilson David,Angulo Ramírez,22.0,Ecuador,184,65,https://media.api-sports.io/football/players/311543.png,Attacker,8.0,5.0,413.0,6.49,0.0,0.0,6.0,3.0,78.0,3.0,74.0,10.0,,5.0,15.0,6.0,60.0,24.0,3.0,11.0,1.0,0.0,LW,3,LM,1,5,60.0,0,LW:3 | LM:1 | RW:1,lineup_history,Attacker,LW,0.0,0.0,1.308,0.654,16.998,0.654,2.179,1.09,3.269,1.308,50.0,40.012,Sunderland,1
140,La Liga,2025,533,Villarreal,311773,S. Mouriño,Álvaro Santiago,Mouriño González,23.0,Uruguay,186,76,https://media.api-sports.io/football/players/311773.png,Defender,28.0,27.0,2385.0,6.98,1.0,2.0,11.0,3.0,1237.0,9.0,84.0,103.0,9.0,30.0,24.0,14.0,340.0,191.0,36.0,54.0,10.0,0.0,FB,0,,0,0,56.3,0,,statistical_fallback,Defender,FB,0.038,0.075,0.415,0.113,46.679,0.34,3.887,1.132,0.906,0.528,27.229,58.278,Villarreal,1
135,Serie A,2025,504,Hellas Verona | Napoli,312615,Giovane,Giovane,Santana do Nascimento,22.0,Brazil,183,84,https://media.api-sports.io/football/players/312615.png,Attacker,21.0,19.0,1883.0,6.555,3.0,4.0,35.0,25.0,367.0,28.0,66.0,13.0,1.0,5.0,68.0,30.0,297.0,95.0,15.0,21.0,2.0,0.0,W,0,,0,0,59.5,0,,statistical_fallback,Attacker,W,0.143,0.239,1.816,1.29,21.938,1.529,0.717,0.287,4.015,1.721,71.053,42.858,Hellas Verona | Napoli,2
78,Bundesliga,2025,168,Bayer Leverkusen,312840,E. Poku,Ernest,Poku,21.0,Netherlands,173,63,https://media.api-sports.io/football/players/312840.png,Attacker,29.0,16.0,1484.0,6.82,5.0,5.0,18.0,9.0,558.0,28.0,83.0,13.0,1.0,8.0,66.0,28.0,164.0,61.0,17.0,4.0,0.0,0.0,W,0,,0,0,64.7,0,,statistical_fallback,Attacker,W,0.303,0.303,1.092,0.546,33.841,1.698,0.788,0.485,4.003,1.698,50.0,42.418,Bayer Leverkusen,1
61,Ligue 1,2025,79,Lille,312964,N. Ngoy,Nathan,Ngoy,22.0,Belgium,183,74,https://media.api-sports.io/football/players/312964.png,Defender,29.0,27.0,2412.0,6.85,1.0,2.0,15.0,6.0,1648.0,4.0,91.0,33.0,13.0,36.0,9.0,7.0,136.0,80.0,11.0,20.0,10.0,1.0,CB,0,,0,0,56.3,0,,statistical_fallback,Defender,CB,0.037,0.075,0.56,0.224,61.493,0.149,1.231,1.343,0.336,0.261,40.0,77.679,Lille,1
140,La Liga,2025,540,Espanyol,312990,Roberto Fernández,Roberto,Fernández Jaén,23.0,Spain,186,78,https://media.api-sports.io/football/players/312990.png,Attacker,38.0,25.0,2387.0,6.62,7.0,3.0,46.0,23.0,364.0,18.0,69.0,12.0,5.0,6.0,23.0,9.0,336.0,121.0,46.0,40.0,3.0,0.0,ST,0,,0,0,59.1,0,,statistical_fallback,Attacker,ST,0.264,0.113,1.734,0.867,13.724,0.679,0.452,0.226,0.867,0.339,50.0,39.1,Espanyol,1
140,La Liga,2025,547,Girona,313025,Hugo Rincón,Hugo,Rincón Lumbreras,22.0,Spain,183,75,https://media.api-sports.io/football/players/313025.png,Defender,33.0,16.0,1758.0,6.71,1.0,1.0,6.0,2.0,774.0,10.0,82.0,47.0,9.0,5.0,17.0,9.0,223.0,129.0,53.0,32.0,4.0,0.0,FB,0,,0,0,59.8,0,,statistical_fallback,Defender,FB,0.051,0.051,0.307,0.102,39.625,0.512,2.406,0.256,0.87,0.461,33.225,52.989,Girona,1
140,La Liga,2025,798,Mallorca,313059,M. Joseph,Mateo,Joseph Fernández-Regatillo,22.0,England,185,74,https://media.api-sports.io/football/players/313059.png,Attacker,29.0,19.0,1710.0,6.66,2.0,3.0,28.0,14.0,302.0,13.0,81.0,29.0,4.0,12.0,38.0,18.0,219.0,88.0,31.0,19.0,2.0,0.0,ST,0,W,0,0,56.8,0,,statistical_fallback,Attacker,ST,0.105,0.158,1.474,0.737,15.895,0.684,1.526,0.632,2.0,0.947,50.0,47.35,Mallorca,1
61,Ligue 1,2025,81,Marseille,313236,E. Nwaneri,Ethan Chidiebere,Nwaneri,18.0,England,176,70,https://media.api-sports.io/football/players/313236.png,Attacker,9.0,3.0,322.0,6.83,2.0,1.0,5.0,3.0,131.0,5.0,87.0,3.0,,4.0,16.0,5.0,39.0,10.0,1.0,4.0,1.0,0.0,W,0,,0,0,61.5,0,,statistical_fallback,Attacker,W,0.559,0.28,1.398,0.839,36.615,1.398,0.839,1.118,4.472,1.398,60.014,31.261,Marseille,1
39,Premier League,2025,42,Arsenal,313245,M. Lewis-Skelly,Myles Anthony,Lewis-Skelly,19.0,England,178,72,https://media.api-sports.io/football/players/313245.png,Defender,20.0,5.0,722.0,6.64,0.0,0.0,1.0,0.0,381.0,4.0,91.0,8.0,1.0,5.0,10.0,8.0,72.0,38.0,16.0,10.0,3.0,0.0,CDM,3,LB,2,5,60.0,0,CDM:3 | LB:2,lineup_history,Defender,CDM,0.0,0.0,0.125,0.0,47.493,0.499,0.997,0.623,1.247,0.997,0.0,79.952,Arsenal,1
140,La Liga,2025,530,Atletico Madrid,313383,O. Vargas,Obed,Gómez Vargas,20.0,USA,175,68,https://media.api-sports.io/football/players/313383.png,Midfielder,12.0,8.0,740.0,6.95,0.0,1.0,4.0,0.0,316.0,4.0,82.0,26.0,6.0,7.0,15.0,10.0,68.0,47.0,9.0,4.0,2.0,0.0,CDM,0,CM,0,0,65.3,0,,statistical_fallback,Midfielder,CDM,0.0,0.122,0.486,0.0,38.432,0.486,3.162,0.851,1.824,1.216,0.0,66.667,Atletico Madrid,1
140,La Liga,2025,538,Celta Vigo,313651,Hugo Sotelo,Hugo,Sotelo Gómez,22.0,Spain,180,75,https://media.api-sports.io/football/players/313651.png,Midfielder,20.0,16.0,1342.0,7.02,0.0,2.0,2.0,1.0,995.0,26.0,92.0,30.0,9.0,13.0,4.0,2.0,101.0,48.0,13.0,27.0,3.0,0.0,CDM,0,CM,0,0,57.4,0,,statistical_fallback,Midfielder,CDM,0.0,0.134,0.134,0.067,66.729,1.744,2.012,0.872,0.268,0.134,50.0,50.0,Celta Vigo,1
61,Ligue 1,2025,84,Nice,313937,A. Mendy,Antoine,Mendy,21.0,France,187,75,https://media.api-sports.io/football/players/313937.png,Defender,27.0,26.0,2278.0,6.8,1.0,0.0,13.0,8.0,1307.0,1.0,85.0,59.0,19.0,19.0,17.0,6.0,260.0,156.0,26.0,34.0,5.0,0.0,CB,0,,0,0,60.3,0,,statistical_fallback,Defender,CB,0.04,0.0,0.514,0.316,51.637,0.04,2.331,0.751,0.672,0.237,61.479,35.268,Nice,1
140,La Liga,2025,728,Rayo Vallecano,314006,J. Vertrouwd,Jozhua,Vertrouwd,21.0,Netherlands,188,73,https://media.api-sports.io/football/players/314006.png,Defender,9.0,3.0,441.0,6.49,0.0,0.0,1.0,0.0,198.0,2.0,90.0,7.0,3.0,4.0,1.0,0.0,28.0,16.0,3.0,6.0,0.0,0.0,CB,0,,0,0,57.5,0,,statistical_fallback,Defender,CB,0.0,0.0,0.204,0.0,40.408,0.408,1.429,0.816,0.204,0.0,0.0,0.0,Rayo Vallecano,1
78,Bundesliga,2025,173,RB Leipzig,314511,A. Nusa,Antonio,Eromonsele Nordby Nusa,20.0,Norway,180,73,https://media.api-sports.io/football/players/314511.png,Midfielder,31.0,24.0,2035.0,7.1,4.0,3.0,42.0,20.0,592.0,33.0,79.0,26.0,,10.0,129.0,68.0,299.0,163.0,64.0,9.0,0.0,0.0,W,0,CAM,0,0,56.6,0,,statistical_fallback,Midfielder,W,0.177,0.133,1.857,0.885,26.182,1.459,1.15,0.442,5.705,3.007,47.658,52.708,RB Leipzig,1
39,Premier League,2025,34,Newcastle,315237,W. Osula,William Idamudia,Daugaard Osula,22.0,Denmark,180,81,https://media.api-sports.io/football/players/315237.png,Attacker,24.0,8.0,863.0,6.8,7.0,0.0,16.0,12.0,81.0,6.0,80.0,6.0,1.0,1.0,16.0,8.0,112.0,39.0,16.0,24.0,0.0,0.0,ST,8,,0,8,100.0,0,ST:8,lineup_history,Attacker,ST,0.73,0.0,1.669,1.251,8.447,0.626,0.626,0.104,1.669,0.834,74.955,49.97,Newcastle,1
135,Serie A,2025,494,Udinese,315249,N. Bertola,Nicolò,Bertola,22.0,Italy,185,79,https://media.api-sports.io/football/players/315249.png,Defender,28.0,18.0,1780.0,6.68,0.0,1.0,10.0,4.0,817.0,11.0,78.0,37.0,14.0,23.0,16.0,5.0,160.0,89.0,12.0,20.0,3.0,0.0,FB,0,,0,0,56.4,0,,statistical_fallback,Defender,FB,0.0,0.051,0.506,0.202,41.309,0.556,1.871,1.163,0.809,0.253,39.921,31.273,Udinese,1
140,La Liga,2025,532,Valencia,315699,Javi Guerra,Javier,Guerra Moreno,22.0,Spain,187,77,https://media.api-sports.io/football/players/315699.png,Midfielder,36.0,25.0,2086.0,6.81,4.0,6.0,22.0,12.0,982.0,32.0,81.0,29.0,6.0,24.0,62.0,26.0,225.0,89.0,20.0,28.0,3.0,0.0,W,0,CAM,0,0,56.0,0,,statistical_fallback,Midfielder,W,0.173,0.259,0.949,0.518,42.368,1.381,1.251,1.035,2.675,1.122,54.584,41.944,Valencia,1
140,La Liga,2025,546,Getafe,316516,S. Boselli,Juan Sebastián,Boselli Graf,22.0,Uruguay,183,80,https://media.api-sports.io/football/players/316516.png,Defender,11.0,4.0,406.0,6.71,0.0,0.0,3.0,1.0,84.0,1.0,54.0,17.0,1.0,1.0,2.0,2.0,51.0,26.0,,6.0,4.0,0.0,CB,0,,0,0,57.5,0,,statistical_fallback,Defender,CB,0.0,0.0,0.665,0.222,18.621,0.222,3.768,0.222,0.443,0.443,33.383,100.0,Getafe,1
140,La Liga,2025,539,Levante,316517,A. Matturro,Alan Agustín,Matturro Romero,21.0,Uruguay,189,74,https://media.api-sports.io/football/players/316517.png,Defender,19.0,10.0,957.0,6.51,1.0,1.0,4.0,1.0,474.0,4.0,82.0,21.0,6.0,6.0,3.0,0.0,77.0,47.0,10.0,7.0,0.0,1.0,CB,0,,0,0,55.5,0,,statistical_fallback,Defender,CB,0.094,0.094,0.376,0.094,44.577,0.376,1.975,0.564,0.282,0.0,25.0,0.0,Levante,1
135,Serie A,2025,494,Udinese,318053,S. Goglichidze,Saba,Goglichidze,21.0,Georgia,193,82,https://media.api-sports.io/football/players/318053.png,Defender,8.0,4.0,422.0,6.58,0.0,0.0,3.0,1.0,184.0,2.0,81.0,11.0,1.0,8.0,0.0,0.0,33.0,20.0,4.0,5.0,2.0,0.0,CB,0,,0,0,61.6,0,,statistical_fallback,Defender,CB,0.0,0.0,0.64,0.213,39.242,0.427,2.346,1.706,0.0,0.0,33.281,0.0,Udinese,1
140,La Liga,2025,797,Elche,318592,L. Cepeda,Lucas Antonio,Cepeda Barturen,23.0,Chile,177,66,https://media.api-sports.io/football/players/318592.png,Attacker,10.0,4.0,405.0,6.87,1.0,0.0,10.0,5.0,157.0,6.0,84.0,9.0,1.0,1.0,13.0,5.0,53.0,25.0,10.0,7.0,1.0,0.0,ST,0,,0,0,57.9,0,,statistical_fallback,Attacker,ST,0.222,0.0,2.222,1.111,34.889,1.333,2.0,0.222,2.889,1.111,50.0,38.456,Elche,1
61,Ligue 1,2025,95,Strasbourg,319572,V. Barco,Valentín,Barco,21.0,Argentina,170,66,https://media.api-sports.io/football/players/319572.png,Midfielder,27.0,24.0,2170.0,7.14,2.0,4.0,18.0,10.0,1552.0,40.0,86.0,54.0,2.0,14.0,58.0,24.0,258.0,148.0,61.0,24.0,5.0,1.0,W,0,CAM,0,0,55.5,0,,statistical_fallback,Midfielder,W,0.083,0.166,0.747,0.415,64.369,1.659,2.24,0.581,2.406,0.995,55.556,41.355,Strasbourg,1
61,Ligue 1,2025,108,Auxerre,319919,O. El Azzouzi,Oussama,El Azzouzi,24.0,Morocco,189,82,https://media.api-sports.io/football/players/319919.png,Midfielder,11.0,10.0,813.0,6.88,1.0,0.0,4.0,1.0,386.0,9.0,90.0,19.0,3.0,16.0,18.0,6.0,89.0,42.0,7.0,18.0,1.0,1.0,CDM,0,CM,0,0,63.7,0,,statistical_fallback,Midfielder,CDM,0.111,0.0,0.443,0.111,42.731,0.996,2.103,1.771,1.993,0.664,25.056,33.317,Auxerre,1
140,La Liga,2025,538,Celta Vigo,320517,Pablo Durán,Pablo,Durán Fernández,24.0,Spain,176,72,https://media.api-sports.io/football/players/320517.png,Attacker,30.0,17.0,1432.0,6.6,2.0,2.0,25.0,15.0,362.0,10.0,72.0,16.0,3.0,7.0,30.0,7.0,125.0,48.0,12.0,15.0,1.0,0.0,ST,0,W,0,0,55.0,0,,statistical_fallback,Attacker,ST,0.126,0.126,1.571,0.943,22.751,0.628,1.006,0.44,1.885,0.44,60.025,23.342,Celta Vigo,1
61,Ligue 1,2025,96,Toulouse,321648,Emersonn,Emersonn,Correia da Silva,21.0,Brazil,186,72,https://media.api-sports.io/football/players/321648.png,Attacker,28.0,19.0,1521.0,6.55,6.0,2.0,42.0,19.0,249.0,18.0,75.0,20.0,1.0,7.0,35.0,10.0,266.0,103.0,10.0,41.0,5.0,1.0,ST,0,,0,0,59.8,0,,statistical_fallback,Attacker,ST,0.355,0.118,2.485,1.124,14.734,1.065,1.183,0.414,2.071,0.592,45.231,28.585,Toulouse,1
135,Serie A,2025,490,Cagliari,321744,A. Obert,Adam,Obert,23.0,Slovakia,188,84,https://media.api-sports.io/football/players/321744.png,Defender,35.0,33.0,2788.0,6.85,0.0,3.0,8.0,3.0,1209.0,27.0,81.0,68.0,18.0,42.0,25.0,16.0,239.0,128.0,13.0,40.0,9.0,0.0,FB,0,,0,0,59.6,0,,statistical_fallback,Defender,FB,0.0,0.097,0.258,0.097,39.028,0.872,2.195,1.356,0.807,0.516,37.597,63.941,Cagliari,1
61,Ligue 1,2025,108,Auxerre,322595,L. Coulibaly,Lasso,Coulibaly,23.0,Ghana,186,70,https://media.api-sports.io/football/players/322595.png,Midfielder,17.0,1.0,322.0,6.63,0.0,0.0,2.0,1.0,108.0,4.0,77.0,6.0,1.0,5.0,23.0,15.0,62.0,35.0,11.0,10.0,1.0,0.0,CDM,0,CM,0,0,62.7,0,,statistical_fallback,Midfielder,CDM,0.0,0.0,0.559,0.28,30.186,1.118,1.677,1.398,6.429,4.193,50.089,65.22,Auxerre,1
78,Bundesliga,2025,163,Borussia Mönchengladbach,322627,F. Chiarodia,Fabio Christian,Chiarodia,20.0,Italy,186,80,https://media.api-sports.io/football/players/322627.png,Defender,15.0,8.0,690.0,6.59,0.0,0.0,4.0,1.0,441.0,1.0,85.0,15.0,6.0,12.0,2.0,1.0,44.0,23.0,1.0,8.0,1.0,0.0,CB,0,,0,0,62.1,0,,statistical_fallback,Defender,CB,0.0,0.0,0.522,0.13,57.522,0.13,1.957,1.565,0.261,0.13,24.904,49.808,Borussia Mönchengladbach,1
135,Serie A,2025,500,Bologna | Fiorentina,322630,G. Fabbian,Giovanni,Fabbian,22.0,Italy,186,75,https://media.api-sports.io/football/players/322630.png,Midfielder,14.0,8.0,1174.0,6.574,2.0,0.0,12.0,4.0,167.0,4.0,80.0,7.0,,5.0,7.0,2.0,85.0,42.0,18.0,13.0,0.0,0.0,CM,0,,0,0,58.0,0,,statistical_fallback,Midfielder,CM,0.153,0.0,1.456,0.46,22.692,0.69,0.92,0.46,1.15,0.46,31.557,40.001,Bologna | Fiorentina,2
61,Ligue 1,2025,97,Lorient,322865,D. Karim,Dermane,Karim,22.0,Togo,,,https://media.api-sports.io/football/players/322865.png,Midfielder,30.0,15.0,1363.0,6.74,1.0,2.0,14.0,2.0,544.0,16.0,84.0,25.0,2.0,11.0,42.0,20.0,190.0,90.0,39.0,21.0,3.0,0.0,W,0,CAM,0,0,59.0,0,,statistical_fallback,Midfielder,W,0.066,0.132,0.924,0.132,35.921,1.056,1.651,0.726,2.773,1.321,14.286,47.638,Lorient,1
61,Ligue 1,2025,116,Lens,322984,S. Baidoo,Samson,Baidoo,21.0,Austria,190,86,https://media.api-sports.io/football/players/322984.png,Defender,23.0,20.0,1832.0,7.21,2.0,1.0,13.0,4.0,1058.0,4.0,92.0,34.0,25.0,23.0,7.0,7.0,169.0,90.0,5.0,19.0,2.0,0.0,CB,0,,0,0,58.4,0,,statistical_fallback,Defender,CB,0.098,0.049,0.639,0.197,51.976,0.197,1.67,1.13,0.344,0.344,30.829,100.0,Lens,1
135,Serie A,2025,523,Parma,323369,M. Løvik,Mathias Johan,Fjørtoft Løvik,22.0,Norway,183,78,https://media.api-sports.io/football/players/323369.png,Midfielder,9.0,5.0,479.0,6.48,0.0,0.0,2.0,0.0,127.0,2.0,79.0,11.0,,6.0,11.0,2.0,46.0,18.0,2.0,3.0,0.0,0.0,CM,0,,0,0,58.0,0,,statistical_fallback,Midfielder,CM,0.0,0.0,0.376,0.0,23.862,0.376,2.067,1.127,2.067,0.376,0.0,18.191,Parma,1
78,Bundesliga,2025,172,VfB Stuttgart,323449,A. Al Dakhil,Ameen,Al Dakhil,23.0,Belgium,188,81,https://media.api-sports.io/football/players/323449.png,Defender,8.0,3.0,390.0,6.6,0.0,0.0,1.0,0.0,254.0,2.0,88.0,8.0,3.0,4.0,3.0,2.0,34.0,19.0,1.0,1.0,1.0,0.0,CB,0,,0,0,56.4,0,,statistical_fallback,Defender,CB,0.0,0.0,0.231,0.0,58.615,0.462,1.846,0.923,0.692,0.462,0.0,66.763,VfB Stuttgart,1
61,Ligue 1,2025,108,Auxerre,323625,K. Danois,Kévin,Danois,21.0,France,183,72,https://media.api-sports.io/football/players/323625.png,Midfielder,33.0,32.0,2835.0,7.01,3.0,1.0,19.0,8.0,1515.0,53.0,85.0,78.0,2.0,38.0,60.0,35.0,324.0,153.0,26.0,33.0,3.0,0.0,CDM,0,CM,0,0,57.3,0,,statistical_fallback,Midfielder,CDM,0.095,0.032,0.603,0.254,48.095,1.683,2.476,1.206,1.905,1.111,42.123,58.32,Auxerre,1
140,La Liga,2025,530,Atletico Madrid,323935,G. Simeone,Giuliano,Simeone Baldini,23.0,Argentina,174,75,https://media.api-sports.io/football/players/323935.png,Midfielder,31.0,25.0,2109.0,6.93,4.0,6.0,30.0,14.0,946.0,31.0,81.0,44.0,3.0,18.0,65.0,29.0,279.0,139.0,40.0,21.0,2.0,0.0,W,0,CAM,0,0,56.1,0,,statistical_fallback,Midfielder,W,0.171,0.256,1.28,0.597,40.37,1.323,1.878,0.768,2.774,1.238,46.641,44.629,Atletico Madrid,1
135,Serie A,2025,497,AS Roma,323936,M. Soulé,Matías,Soulé Malvano,22.0,Argentina,182,76,https://media.api-sports.io/football/players/323936.png,Attacker,33.0,28.0,2167.0,7.1,6.0,5.0,37.0,18.0,989.0,46.0,84.0,19.0,2.0,9.0,94.0,35.0,261.0,104.0,41.0,7.0,1.0,0.0,W,0,,0,0,62.2,0,,statistical_fallback,Attacker,W,0.249,0.208,1.537,0.748,41.075,1.91,0.789,0.374,3.904,1.454,48.666,37.244,AS Roma,1
78,Bundesliga,2025,161,VfL Wolfsburg,323951,A. Zehnter,Aaron,Zehnter,21.0,Germany,180,70,https://media.api-sports.io/football/players/323951.png,Defender,20.0,17.0,1465.0,6.53,2.0,0.0,10.0,5.0,596.0,16.0,76.0,15.0,7.0,18.0,10.0,7.0,63.0,31.0,,2.0,0.0,0.0,FB,0,,0,0,59.5,0,,statistical_fallback,Defender,FB,0.123,0.0,0.614,0.307,36.614,0.983,0.922,1.106,0.614,0.43,50.0,70.033,VfL Wolfsburg,1
78,Bundesliga,2025,170,FC Augsburg,323974,E. Saad,Elias,Saad,26.0,Tunisia,185,72,https://media.api-sports.io/football/players/323974.png,Attacker,10.0,7.0,499.0,6.69,0.0,0.0,4.0,3.0,152.0,12.0,79.0,15.0,1.0,1.0,34.0,15.0,99.0,48.0,12.0,8.0,1.0,0.0,W,0,,0,0,62.6,0,,statistical_fallback,Attacker,W,0.0,0.0,0.721,0.541,27.415,2.164,2.705,0.18,6.132,2.705,75.035,44.113,FC Augsburg,1
78,Bundesliga,2025,175,Hamburger SV,324019,Daniel Elfadli,Daniel,Elfadli,28.0,Libya,188,78,https://media.api-sports.io/football/players/324019.png,Defender,21.0,15.0,1266.0,6.54,0.0,0.0,3.0,1.0,666.0,2.0,93.0,22.0,9.0,20.0,4.0,3.0,113.0,58.0,15.0,20.0,5.0,0.0,CB,0,,0,0,60.6,0,,statistical_fallback,Defender,CB,0.0,0.0,0.213,0.071,47.346,0.142,1.564,1.422,0.284,0.213,33.333,75.0,Hamburger SV,1
140,La Liga,2025,728,Rayo Vallecano,324750,Carlos Martín,Carlos,Martín Domínguez,23.0,Spain,184,73,https://media.api-sports.io/football/players/324750.png,Midfielder,11.0,7.0,467.0,6.39,0.0,0.0,6.0,4.0,110.0,3.0,82.0,11.0,2.0,0.0,5.0,4.0,65.0,25.0,5.0,11.0,1.0,0.0,CM,0,,0,0,58.0,0,,statistical_fallback,Midfielder,CM,0.0,0.0,1.156,0.771,21.199,0.578,2.12,0.0,0.964,0.771,66.696,79.979,Rayo Vallecano,1
78,Bundesliga,2025,182,Union Berlin,324957,T. Rothe,Tom Alexander,Rothe,21.0,Germany,193,85,https://media.api-sports.io/football/players/324957.png,Defender,21.0,10.0,1039.0,6.51,2.0,0.0,14.0,5.0,379.0,11.0,72.0,20.0,2.0,19.0,22.0,7.0,130.0,59.0,6.0,10.0,1.0,1.0,FB,0,,0,0,58.5,0,,statistical_fallback,Defender,FB,0.173,0.0,1.213,0.433,32.83,0.953,1.732,1.646,1.906,0.606,35.697,31.794,Union Berlin,1
61,Ligue 1,2025,96,Toulouse,325346,G. Restes,Guillaume,Restes,20.0,France,188,82,https://media.api-sports.io/football/players/325346.png,Goalkeeper,34.0,34.0,2957.0,6.81,0.0,0.0,0.0,0.0,828.0,1.0,66.0,0.0,,1.0,0.0,0.0,14.0,12.0,8.0,,3.0,0.0,GK,0,,0,0,100.0,0,,statistical_fallback,Goalkeeper,GK,0.0,0.0,0.0,0.0,25.201,0.03,0.0,0.03,0.0,0.0,0.0,0.0,Toulouse,1
135,Serie A,2025,801,Pisa,325387,G. Piccinini,Gabriele,Piccinini,24.0,Italy,184,76,https://media.api-sports.io/football/players/325387.png,Midfielder,25.0,5.0,872.0,6.53,0.0,0.0,13.0,7.0,232.0,7.0,78.0,22.0,1.0,2.0,12.0,4.0,108.0,54.0,12.0,11.0,3.0,0.0,CM,0,,0,0,58.0,0,,statistical_fallback,Midfielder,CM,0.0,0.0,1.342,0.722,23.945,0.722,2.271,0.206,1.239,0.413,53.8,33.333,Pisa,1
61,Ligue 1,2025,95,Strasbourg,325594,F. Lemaréchal,Félix,Lemaréchal,22.0,France,180,73,https://media.api-sports.io/football/players/325594.png,Midfielder,11.0,7.0,554.0,6.57,0.0,2.0,7.0,2.0,234.0,7.0,77.0,17.0,,3.0,22.0,12.0,81.0,39.0,6.0,8.0,1.0,0.0,W,0,CAM,0,0,58.6,0,,statistical_fallback,Midfielder,W,0.0,0.325,1.137,0.325,38.014,1.137,2.762,0.487,3.574,1.949,28.584,54.533,Strasbourg,1
78,Bundesliga,2025,157,Bayern München,325975,T. Bischof,Tom,Bischof,20.0,Germany,176,66,https://media.api-sports.io/football/players/325975.png,Midfielder,26.0,14.0,1320.0,6.91,3.0,3.0,20.0,9.0,1176.0,24.0,92.0,26.0,5.0,15.0,14.0,7.0,99.0,53.0,9.0,15.0,2.0,0.0,CAM,0,CM,0,0,59.8,0,,statistical_fallback,Midfielder,CAM,0.205,0.205,1.364,0.614,80.182,1.636,1.773,1.023,0.955,0.477,45.015,49.948,Bayern München,1
61,Ligue 1,2025,106,Stade Brestois 29,326068,K. Doumbia,Kamory,Doumbia,22.0,Mali,170,53,https://media.api-sports.io/football/players/326068.png,Midfielder,24.0,22.0,1765.0,6.81,5.0,4.0,27.0,14.0,678.0,27.0,82.0,61.0,,20.0,56.0,17.0,259.0,110.0,21.0,29.0,6.0,0.0,W,0,CAM,0,0,55.1,0,,statistical_fallback,Midfielder,W,0.255,0.204,1.377,0.714,34.572,1.377,3.11,1.02,2.856,0.867,51.852,30.357,Stade Brestois 29,1
61,Ligue 1,2025,106,Stade Brestois 29,326073,R. Labeau Lascary,Rémy,Labeau Lascary,22.0,France,184,72,https://media.api-sports.io/football/players/326073.png,Attacker,27.0,12.0,1195.0,6.7,5.0,1.0,26.0,16.0,226.0,13.0,80.0,16.0,2.0,6.0,51.0,20.0,179.0,65.0,18.0,29.0,2.0,0.0,W,0,ST,0,0,55.9,0,,statistical_fallback,Attacker,W,0.377,0.075,1.958,1.205,17.021,0.979,1.205,0.452,3.841,1.506,61.542,39.209,Stade Brestois 29,1
78,Bundesliga,2025,173,RB Leipzig,326102,Rômulo,Rômulo José,Cardoso da Cruz,23.0,Brazil,193,79,https://media.api-sports.io/football/players/326102.png,Attacker,30.0,27.0,2204.0,6.66,9.0,4.0,54.0,27.0,558.0,26.0,74.0,30.0,4.0,9.0,32.0,11.0,277.0,112.0,20.0,20.0,3.0,0.0,ST,0,,0,0,59.0,0,,statistical_fallback,Attacker,ST,0.368,0.163,2.205,1.103,22.786,1.062,1.225,0.368,1.307,0.449,50.023,34.353,RB Leipzig,1
39,Premier League,2025,48,West Ham,326176,S. Magassa,Soungoutou,Magassa,22.0,France,188,80,https://media.api-sports.io/football/players/326176.png,Midfielder,22.0,11.0,998.0,6.72,1.0,0.0,5.0,2.0,405.0,5.0,80.0,40.0,4.0,17.0,8.0,5.0,129.0,73.0,17.0,17.0,4.0,0.0,CDM,6,CM,5,11,54.5,0,CDM:6 | CM:5,lineup_history,Midfielder,CDM,0.09,0.0,0.451,0.18,36.523,0.451,3.607,1.533,0.721,0.451,39.911,62.552,West Ham,1
78,Bundesliga,2025,165,Borussia Dortmund,326757,J. Bellingham,Jobe Samuel Patrick,Bellingham,20.0,England,188,73,https://media.api-sports.io/football/players/326757.png,Attacker,32.0,20.0,1800.0,6.77,0.0,1.0,10.0,6.0,1048.0,9.0,87.0,44.0,8.0,38.0,31.0,15.0,186.0,103.0,20.0,15.0,2.0,1.0,ST,0,W,0,0,58.2,0,,statistical_fallback,Attacker,ST,0.0,0.05,0.5,0.3,52.4,0.45,2.2,1.9,1.55,0.75,60.0,48.387,Borussia Dortmund,1
39,Premier League,2025,746,Sunderland,327631,H. Diarra,Mouhamadou Habib,Diarra,21.0,France,179,74,https://media.api-sports.io/football/players/327631.png,Midfielder,20.0,15.0,1420.0,6.72,2.0,2.0,22.0,8.0,436.0,7.0,81.0,14.0,,4.0,22.0,6.0,127.0,58.0,27.0,19.0,6.0,0.0,CM,7,CAM,7,15,46.7,0,CM:7 | CAM:7 | RM:1,lineup_history,Midfielder,CM,0.127,0.127,1.394,0.507,27.634,0.444,0.887,0.254,1.394,0.38,36.37,27.26,Sunderland,1
78,Bundesliga,2025,163,Borussia Mönchengladbach,327646,L. Ullrich,Lukas,Ullrich,21.0,Germany,180,69,https://media.api-sports.io/football/players/327646.png,Defender,23.0,14.0,1315.0,6.51,0.0,0.0,8.0,2.0,487.0,14.0,77.0,28.0,5.0,21.0,22.0,9.0,112.0,58.0,11.0,17.0,2.0,0.0,FB,0,,0,0,59.5,0,,statistical_fallback,Defender,FB,0.0,0.0,0.548,0.137,33.331,0.958,1.916,1.437,1.506,0.616,25.0,40.903,Borussia Mönchengladbach,1
39,Premier League,2025,48,West Ham,327730,O. Scarles,Oliver,Scarles,20.0,England,182,75,https://media.api-sports.io/football/players/327730.png,Defender,13.0,9.0,668.0,6.58,0.0,0.0,3.0,0.0,275.0,5.0,80.0,30.0,1.0,13.0,9.0,2.0,74.0,46.0,7.0,7.0,2.0,0.0,LB,7,RB,1,9,77.8,0,LB:7 | RB:1 | RWB:1,lineup_history,Defender,LB,0.0,0.0,0.404,0.0,37.051,0.674,4.042,1.751,1.213,0.269,0.0,22.176,West Ham,1
78,Bundesliga,2025,182,Union Berlin,327831,A. Kemlein,Aljoscha,Kemlein,21.0,Germany,185,78,https://media.api-sports.io/football/players/327831.png,Midfielder,30.0,23.0,1967.0,6.78,0.0,2.0,10.0,2.0,965.0,15.0,76.0,40.0,5.0,16.0,24.0,17.0,187.0,98.0,11.0,22.0,4.0,0.0,CM,0,,0,0,58.0,0,,statistical_fallback,Midfielder,CM,0.0,0.092,0.458,0.092,44.154,0.686,1.83,0.732,1.098,0.778,20.087,70.856,Union Berlin,1
78,Bundesliga,2025,180,1. FC Heidenheim,327897,A. Ibrahimović,Arijon,Ibrahimović,20.0,Germany,176,69,https://media.api-sports.io/football/players/327897.png,Attacker,32.0,25.0,2181.0,6.8,2.0,4.0,33.0,19.0,813.0,56.0,72.0,34.0,5.0,23.0,51.0,23.0,249.0,109.0,27.0,13.0,2.0,0.0,ST,0,W,0,0,60.2,0,,statistical_fallback,Attacker,ST,0.083,0.165,1.362,0.784,33.549,2.311,1.403,0.949,2.105,0.949,57.562,45.083,1. FC Heidenheim,1
78,Bundesliga,2025,157,Bayern München,328033,A. Pavlović,Aleksandar,Pavlović,21.0,Germany,188,75,https://media.api-sports.io/football/players/328033.png,Midfielder,24.0,16.0,1460.0,7.19,3.0,1.0,8.0,5.0,1595.0,21.0,94.0,26.0,8.0,14.0,8.0,4.0,107.0,51.0,10.0,19.0,2.0,0.0,CM,0,,0,0,58.0,0,,statistical_fallback,Midfielder,CM,0.185,0.062,0.493,0.308,98.322,1.295,1.603,0.863,0.493,0.247,62.475,50.101,Bayern München,1
135,Serie A,2025,488,Sassuolo,328046,I. Koné,Ismaël Kenneth Jordan,Koné,23.0,Canada,188,76,https://media.api-sports.io/football/players/328046.png,Midfielder,35.0,33.0,2756.0,7.03,6.0,0.0,20.0,10.0,1144.0,23.0,91.0,31.0,4.0,15.0,44.0,26.0,210.0,116.0,54.0,25.0,4.0,0.0,CM,0,,0,0,58.0,0,,statistical_fallback,Midfielder,CM,0.196,0.0,0.653,0.327,37.358,0.751,1.012,0.49,1.437,0.849,50.077,59.081,Sassuolo,1
39,Premier League,2025,47,Tottenham,328089,A. Gray,Archie James Francis,Gray,19.0,England,187,70,https://media.api-sports.io/football/players/328089.png,Midfielder,24.0,18.0,1512.0,6.58,2.0,2.0,8.0,5.0,539.0,8.0,83.0,11.0,4.0,17.0,16.0,7.0,85.0,29.0,2.0,12.0,5.0,0.0,CDM,8,CM,4,18,44.4,0,CDM:8 | CM:4 | RWB:3 | RB:2 | LB:1,lineup_history,Midfielder,CDM,0.119,0.119,0.476,0.298,32.083,0.476,0.655,1.012,0.952,0.417,62.605,43.803,Tottenham,1
39,Premier League,2025,34,Newcastle,328105,L. Miley,Lewis,Miley,19.0,England,185,72,https://media.api-sports.io/football/players/328105.png,Midfielder,23.0,15.0,1494.0,6.95,1.0,4.0,8.0,4.0,840.0,15.0,89.0,29.0,3.0,20.0,14.0,12.0,134.0,89.0,4.0,5.0,0.0,0.0,CM,8,RB,7,15,53.3,0,CM:8 | RB:7,lineup_history,Midfielder,CM,0.06,0.241,0.482,0.241,50.602,0.904,1.747,1.205,0.843,0.723,50.0,85.765,Newcastle,1
78,Bundesliga,2025,173,RB Leipzig | Brighton,328225,B. Gruda,Brajan,Gruda,21.0,Germany,178,70,https://media.api-sports.io/football/players/328225.png,Midfielder,13.0,8.0,1495.0,6.898,3.0,3.0,13.0,10.0,260.0,17.0,78.0,8.0,,0.0,35.0,21.0,99.0,46.0,12.0,10.0,1.0,0.0,CAM,5,RW,3,8,62.5,0,CAM:5 | RW:3,lineup_history,Midfielder,CAM,0.241,0.241,1.505,0.963,30.522,1.986,1.325,0.12,5.298,2.468,64.01,46.584,RB Leipzig | Brighton,2
78,Bundesliga,2025,167,1899 Hoffenheim,328262,M. Damar,Muhammed Mehmet,Damar,21.0,Germany,185,73,https://media.api-sports.io/football/players/328262.png,Midfielder,15.0,2.0,302.0,6.58,0.0,0.0,8.0,8.0,125.0,12.0,81.0,5.0,,1.0,7.0,2.0,37.0,10.0,2.0,4.0,0.0,0.0,CAM,0,CM,0,0,66.7,0,,statistical_fallback,Midfielder,CAM,0.0,0.0,2.384,2.384,37.252,3.576,1.49,0.298,2.086,0.596,100.0,28.571,1899 Hoffenheim,1
78,Bundesliga,2025,162,Werder Bremen,329578,M. Backhaus,Mio,Backhaus,21.0,Germany,194,82,https://media.api-sports.io/football/players/329578.png,Goalkeeper,32.0,32.0,2880.0,7.1,0.0,0.0,0.0,0.0,1056.0,0.0,78.0,0.0,,0.0,0.0,0.0,28.0,25.0,12.0,,1.0,0.0,GK,0,,0,0,100.0,0,,statistical_fallback,Goalkeeper,GK,0.0,0.0,0.0,0.0,33.0,0.0,0.0,0.0,0.0,0.0,0.0,0.0,Werder Bremen,1
140,La Liga,2025,538,Celta Vigo,329720,Hugo Álvarez,Hugo,Álvarez Antúnez,22.0,Spain,176,72,https://media.api-sports.io/football/players/329720.png,Midfielder,28.0,15.0,1343.0,6.76,4.0,2.0,11.0,8.0,611.0,25.0,85.0,15.0,,10.0,43.0,16.0,121.0,49.0,17.0,16.0,2.0,0.0,W,0,CAM,0,0,55.5,0,,statistical_fallback,Midfielder,W,0.268,0.134,0.737,0.536,40.946,1.675,1.005,0.67,2.882,1.072,72.727,37.196,Celta Vigo,1
140,La Liga,2025,538,Celta Vigo,329722,Yoel Lago,Yoel,Lago Amil,21.0,Spain,185,70,https://media.api-sports.io/football/players/329722.png,Defender,12.0,11.0,947.0,6.75,0.0,0.0,1.0,0.0,540.0,2.0,91.0,19.0,10.0,7.0,2.0,2.0,76.0,45.0,14.0,17.0,4.0,0.0,CB,0,,0,0,60.0,0,,statistical_fallback,Defender,CB,0.0,0.0,0.095,0.0,51.32,0.19,1.806,0.665,0.19,0.19,0.0,100.0,Celta Vigo,1
140,La Liga,2025,529,Barcelona,329728,Marc Casadó,Marc,Casadó Torras,22.0,Spain,171,65,https://media.api-sports.io/football/players/329728.png,Midfielder,24.0,10.0,999.0,6.72,0.0,1.0,2.0,0.0,898.0,14.0,90.0,18.0,3.0,7.0,6.0,2.0,94.0,47.0,20.0,25.0,1.0,0.0,CM,0,,0,0,58.0,0,,statistical_fallback,Midfielder,CM,0.0,0.09,0.18,0.0,80.901,1.261,1.622,0.631,0.541,0.18,0.0,33.272,Barcelona,1
39,Premier League,2025,44,Burnley,330238,Lucas Pires,Lucas,Pires Silva,24.0,Brazil,175,71,https://media.api-sports.io/football/players/330238.png,Defender,20.0,15.0,1406.0,6.59,0.0,0.0,10.0,4.0,561.0,20.0,84.0,29.0,6.0,20.0,28.0,18.0,121.0,54.0,4.0,15.0,1.0,1.0,LWB,9,LB,6,15,60.0,0,LWB:9 | LB:6,lineup_history,Defender,LWB,0.0,0.0,0.64,0.256,35.91,1.28,1.856,1.28,1.792,1.152,40.0,64.286,Burnley,1
39,Premier League,2025,35,Bournemouth,330437,Álex Jiménez,Alejandro,Jiménez Sánchez,20.0,Spain,177,73,https://media.api-sports.io/football/players/330437.png,Defender,31.0,26.0,2330.0,6.81,1.0,0.0,12.0,4.0,868.0,14.0,80.0,69.0,11.0,27.0,75.0,39.0,277.0,141.0,20.0,35.0,10.0,0.0,RB,21,RW,5,26,80.8,0,RB:21 | RW:5,lineup_history,Defender,RB,0.039,0.0,0.464,0.155,33.528,0.541,2.665,1.043,2.897,1.506,33.405,51.985,Bournemouth,1
140,La Liga,2025,542,Alaves,331369,Angel Pérez,Angel,Pérez Hidalgo,23.0,Spain,183 cm,,https://media.api-sports.io/football/players/331369.png,Defender,16.0,14.0,1290.0,6.73,1.0,3.0,6.0,4.0,471.0,24.0,74.0,15.0,1.0,9.0,47.0,20.0,124.0,53.0,17.0,16.0,4.0,0.0,FB,0,,0,0,68.0,0,,statistical_fallback,Defender,FB,0.07,0.209,0.419,0.279,32.86,1.674,1.047,0.628,3.279,1.395,66.587,42.543,Alaves,1
135,Serie A,2025,801,Pisa,331678,H. Meister,Henrik,Wendel Meister,22.0,Denmark,192,83,https://media.api-sports.io/football/players/331678.png,Attacker,28.0,15.0,1512.0,6.39,2.0,0.0,16.0,8.0,155.0,5.0,64.0,5.0,,1.0,37.0,13.0,190.0,68.0,17.0,26.0,2.0,0.0,ST,0,W,0,0,55.2,0,,statistical_fallback,Attacker,ST,0.119,0.0,0.952,0.476,9.226,0.298,0.298,0.06,2.202,0.774,50.0,35.15,Pisa,1
140,La Liga,2025,531,Athletic Club,332308,Unai Gómez,Unai,Gómez Etxebarria,22.0,Spain,183,75,https://media.api-sports.io/football/players/332308.png,Midfielder,26.0,12.0,949.0,6.48,1.0,1.0,18.0,7.0,222.0,8.0,75.0,14.0,1.0,1.0,15.0,6.0,110.0,42.0,6.0,12.0,1.0,0.0,CAM,0,CM,0,0,62.6,0,,statistical_fallback,Midfielder,CAM,0.095,0.095,1.707,0.664,21.054,0.759,1.328,0.095,1.423,0.569,38.899,39.986,Athletic Club,1
140,La Liga,2025,531,Athletic Club,332309,Alejandro Rego,Alejandro,Rego Mora,22.0,Spain,192,,https://media.api-sports.io/football/players/332309.png,Midfielder,29.0,11.0,1266.0,6.73,1.0,1.0,6.0,3.0,539.0,11.0,82.0,42.0,5.0,24.0,19.0,9.0,148.0,71.0,6.0,40.0,6.0,0.0,CDM,0,CM,0,0,63.4,0,,statistical_fallback,Midfielder,CDM,0.071,0.071,0.427,0.213,38.318,0.782,2.986,1.706,1.351,0.64,49.883,47.372,Athletic Club,1
135,Serie A,2025,487,Lazio,333116,R. Belahyane,Reda,Belahyane,21.0,France,169,53,https://media.api-sports.io/football/players/333116.png,Midfielder,13.0,5.0,612.0,6.69,0.0,2.0,3.0,1.0,281.0,6.0,85.0,13.0,1.0,3.0,21.0,7.0,61.0,26.0,3.0,11.0,1.0,1.0,W,0,CAM,0,0,59.3,0,,statistical_fallback,Midfielder,W,0.0,0.294,0.441,0.147,41.324,0.882,1.912,0.441,3.088,1.029,33.333,33.323,Lazio,1
61,Ligue 1,2025,91,Monaco,333137,K. Ouattara,Kassoum,Ouattara,21.0,France,176,73,https://media.api-sports.io/football/players/333137.png,Defender,15.0,12.0,983.0,6.57,0.0,3.0,6.0,0.0,377.0,17.0,74.0,27.0,,16.0,34.0,9.0,141.0,62.0,10.0,22.0,3.0,0.0,FB,0,,0,0,64.8,0,,statistical_fallback,Defender,FB,0.0,0.275,0.549,0.0,34.517,1.556,2.472,1.465,3.113,0.824,0.0,26.47,Monaco,1
140,La Liga,2025,538,Celta Vigo,333502,Miguel Román,Miguel,Román González,23.0,Spain,178,70,https://media.api-sports.io/football/players/333502.png,Midfielder,19.0,14.0,1310.0,6.95,1.0,0.0,5.0,1.0,748.0,17.0,87.0,26.0,7.0,12.0,12.0,3.0,106.0,50.0,11.0,20.0,3.0,0.0,CDM,0,CM,0,0,60.6,0,,statistical_fallback,Midfielder,CDM,0.069,0.0,0.344,0.069,51.389,1.168,1.786,0.824,0.824,0.206,20.058,25.0,Celta Vigo,1
140,La Liga,2025,532,Valencia,333672,César Tárrega,César,Tárrega Requeni,23.0,Spain,194,78,https://media.api-sports.io/football/players/333672.png,Defender,32.0,29.0,2597.0,6.63,0.0,0.0,9.0,1.0,1320.0,2.0,86.0,42.0,19.0,29.0,13.0,10.0,228.0,126.0,13.0,40.0,8.0,0.0,CB,0,,0,0,58.4,0,,statistical_fallback,Defender,CB,0.0,0.0,0.312,0.035,45.745,0.069,1.456,1.005,0.451,0.347,11.218,76.94,Valencia,1
39,Premier League,2025,42,Arsenal,333682,Cristhian Mosquera,Cristhian Andrey,Mosquera Ibargüen,21.0,Spain,191,78,https://media.api-sports.io/football/players/333682.png,Defender,20.0,9.0,1003.0,6.93,0.0,0.0,1.0,0.0,630.0,5.0,91.0,32.0,7.0,8.0,3.0,1.0,119.0,59.0,7.0,17.0,4.0,0.0,CB,7,RB,2,9,77.8,0,CB:7 | RB:2,lineup_history,Defender,CB,0.0,0.0,0.09,0.0,56.53,0.449,2.871,0.718,0.269,0.09,0.0,33.457,Arsenal,1
61,Ligue 1,2025,95,Strasbourg,334035,S. Amo-Ameyaw,Samuel,Amo-Ameyaw,19.0,England,174,64,https://media.api-sports.io/football/players/334035.png,Defender,25.0,9.0,1050.0,6.74,2.0,2.0,11.0,5.0,414.0,13.0,88.0,21.0,,3.0,55.0,28.0,149.0,75.0,26.0,15.0,2.0,0.0,FB,0,,0,0,67.9,0,,statistical_fallback,Defender,FB,0.171,0.171,0.943,0.429,35.486,1.114,1.8,0.257,4.714,2.4,45.493,50.912,Strasbourg,1
78,Bundesliga,2025,162,Werder Bremen,334334,K. Topp,Keke Maximilian,Topp,21.0,Germany,192,81,https://media.api-sports.io/football/players/334334.png,Attacker,20.0,7.0,659.0,6.39,1.0,1.0,14.0,3.0,188.0,8.0,75.0,9.0,,1.0,9.0,5.0,115.0,43.0,7.0,16.0,4.0,0.0,ST,0,W,0,0,55.1,0,,statistical_fallback,Attacker,ST,0.137,0.137,1.912,0.41,25.675,1.093,1.229,0.137,1.229,0.683,21.444,55.574,Werder Bremen,1
78,Bundesliga,2025,175,Hamburger SV,334362,D. Downs,Damion Lamar,Downs,21.0,Germany,192,80,https://media.api-sports.io/football/players/334362.png,Attacker,12.0,6.0,550.0,6.4,0.0,0.0,5.0,4.0,70.0,7.0,78.0,6.0,1.0,0.0,9.0,2.0,61.0,16.0,1.0,8.0,0.0,0.0,ST,0,W,0,0,57.7,0,,statistical_fallback,Attacker,ST,0.0,0.0,0.818,0.655,11.455,1.145,0.982,0.0,1.473,0.327,80.073,22.2,Hamburger SV,1
140,La Liga,2025,543,Real Betis,334574,Ángel Ortiz,Ángel,Ortiz Monterrey,21.0,Spain,167,60,https://media.api-sports.io/football/players/334574.png,Attacker,13.0,7.0,582.0,6.66,0.0,0.0,0.0,0.0,250.0,6.0,83.0,27.0,4.0,3.0,18.0,8.0,82.0,45.0,9.0,9.0,1.0,0.0,ST,0,W,0,0,60.7,0,,statistical_fallback,Attacker,ST,0.0,0.0,0.0,0.0,38.66,0.928,4.175,0.464,2.784,1.237,0.0,44.432,Real Betis,1
140,La Liga,2025,539,Levante,334878,U. Raghouber,Ugo,Raghouber,22.0,France,180,62,https://media.api-sports.io/football/players/334878.png,Midfielder,16.0,8.0,721.0,6.83,0.0,0.0,2.0,0.0,336.0,4.0,84.0,22.0,,15.0,12.0,9.0,105.0,66.0,14.0,10.0,1.0,0.0,CDM,0,CM,0,0,66.8,0,,statistical_fallback,Midfielder,CDM,0.0,0.0,0.25,0.0,41.942,0.499,2.746,1.872,1.498,1.123,0.0,74.967,Levante,1
78,Bundesliga,2025,172,VfB Stuttgart,334879,B. Bouanani,Badredine,Bouanani,21.0,Algeria,177,68,https://media.api-sports.io/football/players/334879.png,Midfielder,14.0,5.0,481.0,6.56,0.0,0.0,11.0,4.0,201.0,5.0,77.0,4.0,,4.0,15.0,4.0,44.0,16.0,6.0,1.0,1.0,0.0,CM,0,,0,0,58.0,0,,statistical_fallback,Midfielder,CM,0.0,0.0,2.058,0.748,37.609,0.936,0.748,0.748,2.807,0.748,36.346,26.648,VfB Stuttgart,1
78,Bundesliga,2025,161,VfL Wolfsburg,334914,S. Kumbedi,Saël,Kumbedi Nseke,20.0,France,175,67,https://media.api-sports.io/football/players/334914.png,Defender,26.0,22.0,1995.0,6.52,0.0,5.0,3.0,0.0,736.0,19.0,78.0,48.0,6.0,17.0,41.0,18.0,203.0,97.0,19.0,22.0,2.0,0.0,FB,0,,0,0,65.8,0,,statistical_fallback,Defender,FB,0.0,0.226,0.135,0.0,33.203,0.857,2.165,0.767,1.85,0.812,0.0,43.892,VfL Wolfsburg,1
135,Serie A,2025,867,Lecce,334925,O. Ngom,Oumar,Ngom,21.0,France,184,75,https://media.api-sports.io/football/players/334925.png,Midfielder,15.0,10.0,847.0,6.65,0.0,0.0,2.0,2.0,262.0,4.0,82.0,23.0,2.0,13.0,11.0,6.0,98.0,46.0,6.0,15.0,1.0,0.0,CDM,0,CM,0,0,65.2,0,,statistical_fallback,Midfielder,CDM,0.0,0.0,0.213,0.213,27.839,0.425,2.444,1.381,1.169,0.638,100.0,54.577,Lecce,1
61,Ligue 1,2025,96,Toulouse,334952,R. Messali,Rafik,Messali,22.0,Algeria,177,74,https://media.api-sports.io/football/players/334952.png,Midfielder,12.0,5.0,500.0,6.76,0.0,0.0,0.0,0.0,177.0,3.0,75.0,10.0,2.0,12.0,11.0,4.0,56.0,29.0,9.0,11.0,2.0,0.0,CDM,0,CM,0,0,68.5,0,,statistical_fallback,Midfielder,CDM,0.0,0.0,0.0,0.0,31.86,0.54,1.8,2.16,1.98,0.72,0.0,36.364,Toulouse,1
61,Ligue 1,2025,85,Paris Saint Germain,335051,João Neves,João Pedro,Gonçalves Neves,21.0,Portugal,174,66,https://media.api-sports.io/football/players/335051.png,Midfielder,21.0,13.0,1287.0,7.16,5.0,1.0,19.0,6.0,1039.0,14.0,91.0,27.0,5.0,7.0,14.0,8.0,107.0,61.0,13.0,13.0,0.0,0.0,CM,0,,0,0,58.0,0,,statistical_fallback,Midfielder,CM,0.35,0.07,1.329,0.42,72.657,0.979,1.888,0.49,0.979,0.559,31.603,57.099,Paris Saint Germain,1
61,Ligue 1,2025,95,Strasbourg,335056,Diego Moreira,Diego Manuel Jadon,da Silva Moreira,21.0,Portugal,179,73,https://media.api-sports.io/football/players/335056.png,Attacker,27.0,23.0,2041.0,7.02,4.0,6.0,18.0,11.0,949.0,38.0,81.0,44.0,4.0,21.0,86.0,36.0,259.0,121.0,27.0,18.0,4.0,0.0,W,0,,0,0,64.4,0,,statistical_fallback,Attacker,W,0.176,0.265,0.794,0.485,41.847,1.676,1.94,0.926,3.792,1.587,61.083,41.851,Strasbourg,1
135,Serie A,2025,867,Lecce,335071,M. Berisha,Medon,Berisha,22.0,Albania,186,81,https://media.api-sports.io/football/players/335071.png,Midfielder,13.0,12.0,880.0,7.25,2.0,3.0,15.0,5.0,364.0,20.0,81.0,21.0,2.0,5.0,4.0,3.0,74.0,41.0,10.0,11.0,0.0,0.0,CAM,0,CM,0,0,62.1,0,,statistical_fallback,Midfielder,CAM,0.205,0.307,1.534,0.511,37.227,2.045,2.148,0.511,0.409,0.307,33.312,75.061,Lecce,1
78,Bundesliga,2025,169,Eintracht Frankfurt,335094,H. Larsson,Hugo Emanuel,Larsson,21.0,Sweden,187,79,https://media.api-sports.io/football/players/335094.png,Midfielder,25.0,21.0,1824.0,6.79,2.0,2.0,10.0,6.0,1029.0,19.0,86.0,19.0,5.0,31.0,9.0,4.0,74.0,34.0,2.0,7.0,0.0,0.0,CM,0,,0,0,58.0,0,,statistical_fallback,Midfielder,CM,0.099,0.099,0.493,0.296,50.773,0.938,0.938,1.53,0.444,0.197,60.041,44.369,Eintracht Frankfurt,1
78,Bundesliga,2025,163,Borussia Mönchengladbach,335095,H. Bolin,Axel Hugo,Bolin,22.0,Sweden,179,64,https://media.api-sports.io/football/players/335095.png,Midfielder,13.0,5.0,552.0,6.72,1.0,1.0,9.0,4.0,137.0,8.0,81.0,4.0,,1.0,11.0,3.0,49.0,22.0,12.0,2.0,0.0,0.0,W,0,CAM,0,0,57.1,0,,statistical_fallback,Midfielder,W,0.163,0.163,1.467,0.652,22.337,1.304,0.652,0.163,1.793,0.489,44.444,27.273,Borussia Mönchengladbach,1
140,La Liga,2025,798,Mallorca,335697,David López,David,López Guijarro,22.0,Spain,195,87,https://media.api-sports.io/football/players/335697.png,Defender,14.0,9.0,833.0,6.59,0.0,0.0,3.0,0.0,457.0,0.0,83.0,11.0,14.0,10.0,2.0,2.0,73.0,43.0,4.0,13.0,2.0,0.0,CB,0,,0,0,64.0,0,,statistical_fallback,Defender,CB,0.0,0.0,0.324,0.0,49.376,0.0,1.188,1.08,0.216,0.216,0.0,100.0,Mallorca,1
135,Serie A,2025,895,Como,336560,Álex Valle,Álex,Valle Gómez,21.0,Spain,178,72,https://media.api-sports.io/football/players/336560.png,Defender,28.0,23.0,2025.0,6.75,1.0,4.0,7.0,2.0,1013.0,14.0,84.0,51.0,7.0,23.0,19.0,5.0,184.0,93.0,19.0,34.0,3.0,0.0,FB,0,,0,0,60.1,0,,statistical_fallback,Defender,FB,0.044,0.178,0.311,0.089,45.022,0.622,2.267,1.022,0.844,0.222,28.617,26.303,Como,1
39,Premier League,2025,47,Tottenham,336564,W. Odobert,Wilson Serge Eric,Odobert,21.0,France,182,76,https://media.api-sports.io/football/players/336564.png,Attacker,24.0,10.0,990.0,6.61,0.0,2.0,18.0,8.0,325.0,20.0,84.0,9.0,,1.0,42.0,24.0,103.0,48.0,10.0,2.0,0.0,0.0,LW,4,CAM,3,10,40.0,0,LW:4 | CAM:3 | RW:3,lineup_history,Attacker,LW,0.0,0.182,1.636,0.727,29.545,1.818,0.818,0.091,3.818,2.182,44.438,57.15,Tottenham,1
135,Serie A,2025,490,Cagliari,336567,S. Kılıçsoy,Semih,Kılıçsoy,20.0,Türkiye,178,68,https://media.api-sports.io/football/players/336567.png,Attacker,22.0,11.0,983.0,6.57,4.0,0.0,11.0,8.0,240.0,11.0,77.0,5.0,1.0,1.0,25.0,14.0,126.0,40.0,15.0,14.0,1.0,0.0,ST,0,W,0,0,55.8,0,,statistical_fallback,Attacker,ST,0.366,0.0,1.007,0.732,21.974,1.007,0.458,0.092,2.289,1.282,72.691,56.007,Cagliari,1
135,Serie A,2025,503,Torino,336573,E. İlkhan,Emirhan,İlkhan,21.0,Türkiye,175,67,https://media.api-sports.io/football/players/336573.png,Midfielder,19.0,13.0,1018.0,6.82,1.0,2.0,7.0,3.0,474.0,11.0,83.0,26.0,2.0,13.0,13.0,7.0,115.0,64.0,18.0,11.0,2.0,1.0,CDM,0,CM,0,0,58.1,0,,statistical_fallback,Midfielder,CDM,0.088,0.177,0.619,0.265,41.906,0.972,2.299,1.149,1.149,0.619,42.811,53.873,Torino,1
39,Premier League,2025,48,West Ham,336585,Mateus Fernandes,Mateus Gonçalo,Espanha Fernandes,21.0,Portugal,178,72,https://media.api-sports.io/football/players/336585.png,Midfielder,36.0,35.0,3029.0,7.19,3.0,4.0,17.0,8.0,1559.0,37.0,87.0,104.0,12.0,36.0,48.0,28.0,360.0,200.0,49.0,49.0,7.0,0.0,CM,24,LW,4,35,68.6,0,CM:24 | LW:4 | CDM:4 | CAM:3,lineup_history,Midfielder,CM,0.089,0.119,0.505,0.238,46.322,1.099,3.09,1.07,1.426,0.832,47.129,58.345,West Ham,1
140,La Liga,2025,530,Atletico Madrid,336594,Pablo Barrios,Pablo,Barrios Rivas,22.0,Spain,183,75,https://media.api-sports.io/football/players/336594.png,Midfielder,23.0,20.0,1666.0,7.03,1.0,1.0,13.0,6.0,1052.0,20.0,88.0,30.0,2.0,27.0,54.0,33.0,189.0,104.0,23.0,12.0,0.0,0.0,W,0,CAM,0,0,56.2,0,,statistical_fallback,Midfielder,W,0.054,0.054,0.702,0.324,56.831,1.08,1.621,1.459,2.917,1.783,46.154,61.124,Atletico Madrid,1
61,Ligue 1,2025,85,Paris Saint Germain,336657,W. Zaïre-Emery,Warren,Zaïre-Emery,19.0,France,178,68,https://media.api-sports.io/football/players/336657.png,Defender,32.0,27.0,2453.0,7.0,3.0,4.0,12.0,7.0,2059.0,42.0,93.0,48.0,7.0,12.0,48.0,30.0,219.0,112.0,17.0,33.0,3.0,0.0,FB,0,,0,0,64.2,0,,statistical_fallback,Defender,FB,0.11,0.147,0.44,0.257,75.544,1.541,1.761,0.44,1.761,1.101,58.409,62.521,Paris Saint Germain,1
39,Premier League,2025,746,Sunderland,336659,C. Talbi,Chemsdine,Talbi,20.0,Morocco,175,65,https://media.api-sports.io/football/players/336659.png,Attacker,28.0,16.0,1561.0,6.63,4.0,1.0,20.0,10.0,402.0,12.0,81.0,11.0,1.0,2.0,36.0,16.0,91.0,29.0,1.0,5.0,0.0,0.0,RW,7,LW,5,16,43.8,0,RW:7 | LW:5 | LM:4,lineup_history,Attacker,RW,0.231,0.058,1.153,0.577,23.177,0.692,0.634,0.115,2.076,0.922,50.043,44.412,Sunderland,1
140,La Liga,2025,533,Villarreal,336671,Renato Veiga,Renato,da Palma Veiga,22.0,Portugal,190,88,https://media.api-sports.io/football/players/336671.png,Midfielder,32.0,27.0,2485.0,6.76,0.0,0.0,6.0,3.0,1543.0,3.0,88.0,19.0,30.0,24.0,4.0,0.0,140.0,74.0,6.0,24.0,5.0,1.0,CM,0,,0,0,58.0,0,,statistical_fallback,Midfielder,CM,0.0,0.0,0.217,0.109,55.883,0.109,0.688,0.869,0.145,0.0,50.23,0.0,Villarreal,1
140,La Liga,2025,541,Real Madrid,336711,Gonzalo García,Gonzalo,García Torres,21.0,Spain,182,74,https://media.api-sports.io/football/players/336711.png,Attacker,30.0,9.0,988.0,6.68,6.0,1.0,19.0,11.0,241.0,13.0,85.0,11.0,,3.0,15.0,3.0,92.0,40.0,6.0,9.0,2.0,0.0,ST,0,,0,0,58.3,0,,statistical_fallback,Attacker,ST,0.547,0.091,1.731,1.002,21.953,1.184,1.002,0.273,1.366,0.273,57.886,19.985,Real Madrid,1
140,La Liga,2025,531,Athletic Club,336998,A. Boiro,Adama,Boiro Boiro,23.0,Senegal,183,75,https://media.api-sports.io/football/players/336998.png,Defender,14.0,8.0,819.0,6.48,0.0,0.0,1.0,0.0,340.0,3.0,87.0,18.0,1.0,17.0,16.0,8.0,81.0,48.0,11.0,6.0,1.0,0.0,FB,0,,0,0,56.4,0,,statistical_fallback,Defender,FB,0.0,0.0,0.11,0.0,37.363,0.33,1.978,1.868,1.758,0.879,0.0,50.0,Athletic Club,1
78,Bundesliga,2025,163,Borussia Mönchengladbach,337593,K. Takai,Kota,Takai,21.0,Japan,192,84,https://media.api-sports.io/football/players/337593.png,Defender,8.0,3.0,357.0,6.54,0.0,0.0,3.0,2.0,259.0,2.0,88.0,11.0,1.0,5.0,1.0,0.0,46.0,27.0,3.0,3.0,1.0,0.0,CB,0,,0,0,63.3,0,,statistical_fallback,Defender,CB,0.0,0.0,0.756,0.504,65.294,0.504,2.773,1.261,0.252,0.0,66.667,0.0,Borussia Mönchengladbach,1
140,La Liga,2025,727,Osasuna,338751,Víctor Muñoz,Víctor,Muñoz Villanueva,22.0,Spain,173,70,https://media.api-sports.io/football/players/338751.png,Attacker,34.0,31.0,2668.0,6.89,6.0,2.0,56.0,31.0,623.0,27.0,80.0,22.0,,9.0,178.0,75.0,404.0,167.0,54.0,32.0,3.0,0.0,ST,0,W,0,0,56.7,0,,statistical_fallback,Attacker,ST,0.202,0.067,1.889,1.046,21.016,0.911,0.742,0.304,6.004,2.53,55.373,42.139,Osasuna,1
140,La Liga,2025,536,Sevilla,338902,Andrés Castrín,Andrés,López Gallo,22.0,Spain,188,83,https://media.api-sports.io/football/players/338902.png,Defender,19.0,13.0,1281.0,6.99,1.0,0.0,9.0,3.0,749.0,2.0,86.0,26.0,14.0,20.0,11.0,9.0,121.0,75.0,13.0,13.0,4.0,0.0,CB,0,,0,0,60.7,0,,statistical_fallback,Defender,CB,0.07,0.0,0.632,0.211,52.623,0.141,1.827,1.405,0.773,0.632,33.386,81.759,Sevilla,1
140,La Liga,2025,529,Barcelona,338958,R. Bardghji,Roony,Bardghji,20.0,Sweden,173,73,https://media.api-sports.io/football/players/338958.png,Midfielder,21.0,7.0,661.0,6.64,1.0,1.0,18.0,12.0,336.0,14.0,88.0,6.0,,2.0,41.0,22.0,77.0,37.0,8.0,7.0,0.0,0.0,W,0,CAM,0,0,55.5,0,,statistical_fallback,Midfielder,W,0.136,0.136,2.451,1.634,45.749,1.906,0.817,0.272,5.582,2.995,66.667,53.655,Barcelona,1
140,La Liga,2025,547,Girona,339105,Joel Roca,Joel,Roca Casals,20.0,Spain,176,72,https://media.api-sports.io/football/players/339105.png,Midfielder,32.0,16.0,1482.0,6.71,3.0,1.0,31.0,16.0,381.0,16.0,83.0,23.0,1.0,2.0,89.0,37.0,238.0,110.0,45.0,13.0,4.0,1.0,W,0,CAM,0,0,57.4,0,,statistical_fallback,Midfielder,W,0.182,0.061,1.883,0.972,23.138,0.972,1.397,0.121,5.405,2.247,51.62,41.573,Girona,1
39,Premier League,2025,746,Sunderland,339201,C. Rigg,Christopher,Rigg,18.0,England,177,65,https://media.api-sports.io/football/players/339201.png,Midfielder,18.0,11.0,777.0,6.58,1.0,1.0,9.0,3.0,213.0,9.0,71.0,13.0,1.0,4.0,13.0,7.0,65.0,32.0,8.0,8.0,1.0,0.0,RW,6,CAM,2,11,54.5,0,RW:6 | CAM:2 | RM:2 | CM:1,lineup_history,Midfielder,RW,0.116,0.116,1.042,0.347,24.672,1.042,1.506,0.463,1.506,0.811,33.301,53.851,Sunderland,1
61,Ligue 1,2025,96,Toulouse,339417,P. Diop,Pape Demba,Diop,22.0,Senegal,,,https://media.api-sports.io/football/players/339417.png,Midfielder,16.0,14.0,1202.0,6.89,1.0,2.0,22.0,11.0,633.0,19.0,87.0,32.0,7.0,31.0,11.0,4.0,128.0,62.0,17.0,15.0,2.0,0.0,CM,0,,0,0,58.0,0,,statistical_fallback,Midfielder,CM,0.075,0.15,1.647,0.824,47.396,1.423,2.396,2.321,0.824,0.3,50.03,36.408,Toulouse,1
78,Bundesliga,2025,169,Eintracht Frankfurt,339874,O. HÃ¸jlund,Oscar,Winther Højlund,20.0,Denmark,184,76,https://media.api-sports.io/football/players/339874.png,Midfielder,24.0,12.0,1099.0,6.56,1.0,1.0,5.0,3.0,564.0,7.0,89.0,29.0,5.0,7.0,12.0,5.0,116.0,44.0,5.0,27.0,3.0,0.0,CDM,0,CM,0,0,58.7,0,,statistical_fallback,Midfielder,CDM,0.082,0.082,0.409,0.246,46.187,0.573,2.375,0.573,0.983,0.409,60.147,41.607,Eintracht Frankfurt,1
135,Serie A,2025,496,Juventus,339883,K. Yıldız,Kenan,Yıldız,20.0,Türkiye,185,77,https://media.api-sports.io/football/players/339883.png,Attacker,36.0,33.0,2838.0,7.39,10.0,6.0,64.0,40.0,1223.0,76.0,84.0,26.0,,7.0,149.0,78.0,348.0,176.0,56.0,23.0,2.0,0.0,W,0,,0,0,58.7,0,,statistical_fallback,Attacker,W,0.317,0.19,2.03,1.268,38.784,2.41,0.825,0.222,4.725,2.474,62.463,52.36,Juventus,1
78,Bundesliga,2025,169,Eintracht Frankfurt,339887,C. Uzun,Can Yılmaz,Uzun,20.0,Türkiye,186,67,https://media.api-sports.io/football/players/339887.png,Midfielder,21.0,15.0,1172.0,7.18,8.0,4.0,30.0,19.0,593.0,20.0,81.0,15.0,2.0,2.0,40.0,16.0,138.0,63.0,26.0,15.0,3.0,0.0,CAM,0,W,0,0,66.3,0,,statistical_fallback,Midfielder,CAM,0.614,0.307,2.304,1.459,45.538,1.536,1.152,0.154,3.072,1.229,63.325,40.007,Eintracht Frankfurt,1
61,Ligue 1,2025,79,Lille,340077,M. Fernandez-Pardo,Matias,Fernandez-Pardo,20.0,Belgium,183,70,https://media.api-sports.io/football/players/340077.png,Attacker,29.0,27.0,2379.0,7.0,8.0,5.0,42.0,30.0,621.0,36.0,81.0,20.0,1.0,7.0,82.0,36.0,239.0,100.0,40.0,15.0,5.0,0.0,W,0,,0,0,58.9,0,,statistical_fallback,Attacker,W,0.303,0.189,1.589,1.135,23.493,1.362,0.757,0.265,3.102,1.362,71.429,43.907,Lille,1
61,Ligue 1,2025,95,Strasbourg,340151,M. Penders,Mike Louis,Penders,20.0,Belgium,200,95,https://media.api-sports.io/football/players/340151.png,Goalkeeper,33.0,33.0,2970.0,6.95,0.0,0.0,0.0,0.0,1400.0,0.0,86.0,0.0,,0.0,0.0,0.0,8.0,7.0,2.0,1.0,3.0,0.0,GK,0,,0,0,100.0,0,,statistical_fallback,Goalkeeper,GK,0.0,0.0,0.0,0.0,42.424,0.0,0.0,0.0,0.0,0.0,0.0,0.0,Strasbourg,1
61,Ligue 1,2025,81,Marseille,340154,A. Vermeeren,Arthur Denis,Vermeeren,20.0,Belgium,180,76,https://media.api-sports.io/football/players/340154.png,Midfielder,20.0,10.0,830.0,6.49,0.0,1.0,2.0,1.0,572.0,11.0,88.0,28.0,1.0,12.0,8.0,5.0,80.0,38.0,1.0,15.0,1.0,1.0,CDM,0,CM,0,0,59.4,0,,statistical_fallback,Midfielder,CDM,0.0,0.108,0.217,0.108,62.024,1.193,3.036,1.301,0.867,0.542,49.77,62.514,Marseille,1
78,Bundesliga,2025,172,VfB Stuttgart,340573,B. El Khannouss,Bilal,El Khannouss,21.0,Morocco,180,70,https://media.api-sports.io/football/players/340573.png,Midfielder,25.0,19.0,1634.0,6.98,4.0,5.0,26.0,15.0,944.0,45.0,79.0,28.0,3.0,10.0,32.0,18.0,147.0,75.0,9.0,19.0,6.0,0.0,CAM,0,CM,0,0,64.7,0,,statistical_fallback,Midfielder,CAM,0.22,0.275,1.432,0.826,51.995,2.479,1.542,0.551,1.763,0.991,57.682,56.211,VfB Stuttgart,1
140,La Liga,2025,529,Barcelona,340626,Fermín,Fermín,López Martín,22.0,Spain,176,73,https://media.api-sports.io/football/players/340626.png,Midfielder,30.0,19.0,1797.0,7.05,6.0,9.0,55.0,25.0,889.0,34.0,87.0,48.0,,7.0,79.0,44.0,244.0,120.0,20.0,34.0,3.0,0.0,W,0,CAM,0,0,55.5,0,,statistical_fallback,Midfielder,W,0.301,0.451,2.755,1.252,44.524,1.703,2.404,0.351,3.957,2.204,45.445,55.699,Barcelona,1
135,Serie A,2025,502,Fiorentina,340700,J. Fazzini,Jacopo,Fazzini,22.0,Italy,178,62,https://media.api-sports.io/football/players/340700.png,Midfielder,20.0,5.0,590.0,6.67,0.0,0.0,3.0,1.0,188.0,9.0,74.0,18.0,1.0,6.0,22.0,9.0,106.0,51.0,15.0,12.0,2.0,0.0,CDM,0,CM,0,0,62.9,0,,statistical_fallback,Midfielder,CDM,0.0,0.0,0.458,0.153,28.678,1.373,2.746,0.915,3.356,1.373,33.406,40.912,Fiorentina,1
135,Serie A,2025,801,Pisa,341226,R. Durosinmi,Rafiu,Adekunle Durosinmi,22.0,Nigeria,,,https://media.api-sports.io/football/players/341226.png,Attacker,12.0,4.0,430.0,6.37,1.0,1.0,8.0,5.0,85.0,3.0,60.0,0.0,,1.0,7.0,3.0,87.0,28.0,2.0,15.0,1.0,1.0,ST,0,,0,0,58.1,0,,statistical_fallback,Attacker,ST,0.209,0.209,1.674,1.047,17.791,0.628,0.0,0.209,1.465,0.628,62.545,42.867,Pisa,1
140,La Liga,2025,797,Elche | Atletico Madrid,341371,Rodrigo Mendoza,Rodrigo,Mendoza Martinez Moya,20.0,Spain,182,72,https://media.api-sports.io/football/players/341371.png,Attacker,16.0,6.0,1231.0,6.59,1.0,0.0,6.0,2.0,402.0,10.0,85.0,12.0,,4.0,28.0,14.0,111.0,44.0,16.0,19.0,4.0,0.0,ST,0,W,0,0,61.7,0,,statistical_fallback,Attacker,ST,0.073,0.073,0.731,0.292,46.937,1.096,1.17,0.293,2.559,1.316,39.996,51.421,Elche | Atletico Madrid,2
140,La Liga,2025,536,Sevilla,341453,Oso,Joaquín,Martínez Gauna,22.0,Spain,183,,https://media.api-sports.io/football/players/341453.png,Defender,21.0,14.0,1409.0,6.8,2.0,3.0,13.0,8.0,441.0,21.0,75.0,27.0,3.0,7.0,31.0,17.0,144.0,75.0,16.0,12.0,1.0,0.0,FB,0,,0,0,67.9,0,,statistical_fallback,Defender,FB,0.128,0.192,0.83,0.511,28.169,1.341,1.725,0.447,1.98,1.086,61.566,54.848,Sevilla,1
140,La Liga,2025,541,Real Madrid,341640,Raúl Asencio,Raúl,Asencio del Rosario,22.0,Spain,184,79,https://media.api-sports.io/football/players/341640.png,Defender,23.0,18.0,1706.0,6.92,2.0,0.0,12.0,4.0,1185.0,5.0,94.0,17.0,13.0,10.0,2.0,1.0,105.0,62.0,23.0,17.0,4.0,0.0,CB,0,,0,0,59.4,0,,statistical_fallback,Defender,CB,0.106,0.0,0.633,0.211,62.515,0.264,0.897,0.528,0.106,0.053,33.333,50.0,Real Madrid,1
78,Bundesliga,2025,170,FC Augsburg,341641,Rodrigo Ribeiro,Rodrigo,Duarte Ribeiro,20.0,Portugal,185,72,https://media.api-sports.io/football/players/341641.png,Attacker,14.0,6.0,632.0,6.52,2.0,0.0,18.0,7.0,117.0,1.0,68.0,6.0,3.0,5.0,12.0,8.0,96.0,38.0,3.0,10.0,1.0,0.0,ST,0,,0,0,62.5,0,,statistical_fallback,Attacker,ST,0.285,0.0,2.563,0.997,16.661,0.142,0.854,0.712,1.709,1.139,38.9,66.647,FC Augsburg,1
39,Premier League,2025,49,Chelsea,341642,J. Hato,Jorrel,Hato,19.0,Netherlands,182,76,https://media.api-sports.io/football/players/341642.png,Defender,22.0,12.0,1160.0,6.54,0.0,0.0,4.0,0.0,753.0,8.0,91.0,36.0,7.0,18.0,13.0,7.0,116.0,61.0,2.0,15.0,7.0,0.0,CB,7,LB,5,12,58.3,0,CB:7 | LB:5,lineup_history,Defender,CB,0.0,0.0,0.31,0.0,58.422,0.621,2.793,1.397,1.009,0.543,0.0,53.816,Chelsea,1
135,Serie A,2025,495,Genoa,341646,V. Carboni,Valentín,Carboni,20.0,Argentina,185,78,https://media.api-sports.io/football/players/341646.png,Midfielder,12.0,3.0,360.0,6.71,0.0,0.0,4.0,2.0,131.0,4.0,82.0,14.0,,2.0,19.0,10.0,69.0,32.0,5.0,11.0,2.0,0.0,CDM,0,CM,0,0,57.4,0,,statistical_fallback,Midfielder,CDM,0.0,0.0,1.0,0.5,32.75,1.0,3.5,0.5,4.75,2.5,50.0,52.632,Genoa,1
135,Serie A,2025,801,Pisa,341838,G. Bonfanti,Giovanni,Bonfanti,22.0,Italy,187,83,https://media.api-sports.io/football/players/341838.png,Defender,9.0,6.0,495.0,6.54,0.0,0.0,4.0,1.0,140.0,3.0,65.0,13.0,2.0,7.0,12.0,5.0,61.0,30.0,3.0,10.0,1.0,0.0,FB,0,,0,0,58.5,0,,statistical_fallback,Defender,FB,0.0,0.0,0.727,0.182,25.455,0.545,2.364,1.273,2.182,0.909,25.034,41.659,Pisa,1
135,Serie A,2025,497,AS Roma,342019,D. Ghilardi,Daniele,Ghilardi,22.0,Italy,189,77,https://media.api-sports.io/football/players/342019.png,Defender,23.0,9.0,1089.0,6.8,0.0,0.0,2.0,0.0,603.0,5.0,85.0,30.0,6.0,20.0,5.0,3.0,135.0,75.0,17.0,23.0,1.0,0.0,CB,0,,0,0,61.0,0,,statistical_fallback,Defender,CB,0.0,0.0,0.165,0.0,49.835,0.413,2.479,1.653,0.413,0.248,0.0,60.048,AS Roma,1
39,Premier League,2025,55,Brentford,342022,M. Kayode,Michael Olabode,Kayode,21.0,Italy,179,74,https://media.api-sports.io/football/players/342022.png,Defender,37.0,37.0,3275.0,6.88,1.0,1.0,5.0,3.0,1138.0,36.0,85.0,66.0,15.0,38.0,107.0,55.0,367.0,212.0,50.0,26.0,8.0,0.0,RB,32,RWB,5,37,86.5,0,RB:32 | RWB:5,lineup_history,Defender,RB,0.027,0.027,0.137,0.082,31.273,0.989,1.814,1.044,2.94,1.511,59.854,51.395,Brentford,1
135,Serie A,2025,488,Sassuolo,342035,C. Volpato,Cristian,Volpato,22.0,Italy,187,,https://media.api-sports.io/football/players/342035.png,Midfielder,24.0,11.0,1090.0,6.75,2.0,4.0,14.0,7.0,406.0,23.0,79.0,16.0,1.0,6.0,53.0,23.0,143.0,55.0,11.0,19.0,4.0,0.0,W,0,CAM,0,0,56.2,0,,statistical_fallback,Midfielder,W,0.165,0.33,1.156,0.578,33.523,1.899,1.321,0.495,4.376,1.899,50.0,43.396,Sassuolo,1
61,Ligue 1,2025,114,Paris FC,342063,D. Coppola,Diego,Coppola,22.0,Italy,192,78,https://media.api-sports.io/football/players/342063.png,Defender,13.0,13.0,1170.0,6.93,0.0,2.0,5.0,3.0,629.0,4.0,86.0,12.0,10.0,6.0,2.0,2.0,83.0,43.0,3.0,6.0,1.0,0.0,CB,2,,0,2,100.0,0,CB:2,lineup_history,Defender,CB,0.0,0.154,0.385,0.231,48.385,0.308,0.923,0.462,0.154,0.154,60.0,100.0,Paris FC,1
78,Bundesliga,2025,164,FSV Mainz 05,342177,N. Weiper,Nelson Felix Patrick,Weiper,20.0,Germany,191,82,https://media.api-sports.io/football/players/342177.png,Attacker,24.0,3.0,586.0,6.5,0.0,0.0,10.0,6.0,139.0,6.0,62.0,3.0,1.0,3.0,14.0,7.0,125.0,47.0,3.0,6.0,1.0,0.0,ST,0,W,0,0,56.5,0,,statistical_fallback,Attacker,ST,0.0,0.0,1.536,0.922,21.348,0.922,0.461,0.461,2.15,1.075,60.026,50.0,FSV Mainz 05,1
78,Bundesliga,2025,161,VfL Wolfsburg,342188,D. Pejčinović,Dženan,Pejčinović,20.0,Germany,188,78,https://media.api-sports.io/football/players/342188.png,Attacker,32.0,18.0,1670.0,6.59,9.0,0.0,44.0,24.0,420.0,14.0,68.0,10.0,3.0,3.0,18.0,5.0,228.0,76.0,8.0,26.0,1.0,0.0,ST,0,,0,0,65.2,0,,statistical_fallback,Attacker,ST,0.485,0.0,2.371,1.293,22.635,0.754,0.539,0.162,0.97,0.269,54.534,27.732,VfL Wolfsburg,1
135,Serie A,2025,801,Pisa,342310,R. Bozhinov,Rosen,Petkov Bozhinov,20.0,Bulgaria,193,,https://media.api-sports.io/football/players/342310.png,Defender,9.0,8.0,614.0,6.3,0.0,0.0,3.0,1.0,413.0,4.0,87.0,7.0,4.0,11.0,1.0,0.0,48.0,23.0,1.0,12.0,2.0,0.0,CB,0,,0,0,62.2,0,,statistical_fallback,Defender,CB,0.0,0.0,0.44,0.147,60.537,0.586,1.026,1.612,0.147,0.0,33.409,0.0,Pisa,1
135,Serie A,2025,520,Cremonese,342651,R. Floriani Mussolini,Romano,Floriani Mussolini,22.0,Italy,188,72,https://media.api-sports.io/football/players/342651.png,Defender,28.0,12.0,1185.0,6.55,0.0,1.0,4.0,1.0,308.0,9.0,70.0,27.0,5.0,5.0,16.0,6.0,131.0,59.0,5.0,21.0,2.0,0.0,FB,0,,0,0,64.2,0,,statistical_fallback,Defender,FB,0.0,0.076,0.304,0.076,23.392,0.684,2.051,0.38,1.215,0.456,25.0,37.531,Cremonese,1
39,Premier League,2025,33,Manchester United,342970,L. Yoro,Leny,Yoro,20.0,France,190,83,https://media.api-sports.io/football/players/342970.png,Defender,32.0,18.0,1748.0,6.68,0.0,0.0,8.0,3.0,988.0,4.0,88.0,32.0,11.0,31.0,3.0,2.0,148.0,83.0,5.0,17.0,1.0,0.0,CB,18,,0,18,100.0,0,CB:18,lineup_history,Defender,CB,0.0,0.0,0.412,0.154,50.87,0.206,1.648,1.596,0.154,0.103,37.379,66.883,Manchester United,1
61,Ligue 1,2025,85,Paris Saint Germain,343027,D. Doué,Désiré,Doué,20.0,France,181,79,https://media.api-sports.io/football/players/343027.png,Attacker,23.0,16.0,1356.0,7.14,7.0,4.0,39.0,19.0,849.0,29.0,85.0,32.0,2.0,12.0,72.0,32.0,200.0,93.0,28.0,24.0,0.0,0.0,W,0,ST,0,0,56.7,0,,statistical_fallback,Attacker,W,0.465,0.265,2.588,1.261,56.35,1.925,2.124,0.796,4.779,2.124,48.725,44.444,Paris Saint Germain,1
135,Serie A,2025,503,Torino,343189,G. Gineitis,Gvidas,Gineitis,21.0,Lithuania,187,79,https://media.api-sports.io/football/players/343189.png,Midfielder,29.0,23.0,1763.0,6.77,0.0,1.0,18.0,5.0,573.0,27.0,76.0,45.0,10.0,22.0,29.0,17.0,222.0,121.0,32.0,43.0,5.0,0.0,CDM,0,CM,0,0,60.2,0,,statistical_fallback,Midfielder,CDM,0.0,0.051,0.919,0.255,29.251,1.378,2.297,1.123,1.48,0.868,27.748,58.649,Torino,1
140,La Liga,2025,797,Elche,343202,Á. Rodríguez,Álvaro Daniel,Rodríguez Muñoz,21.0,Uruguay,192,81,https://media.api-sports.io/football/players/343202.png,Attacker,34.0,24.0,2200.0,6.94,7.0,5.0,64.0,24.0,535.0,33.0,64.0,24.0,1.0,3.0,79.0,38.0,472.0,242.0,49.0,36.0,2.0,0.0,W,0,ST,0,0,55.3,0,,statistical_fallback,Attacker,W,0.286,0.205,2.618,0.982,21.886,1.35,0.982,0.123,3.232,1.555,37.51,48.113,Elche,1
140,La Liga,2025,546,Getafe,343205,Mario Martín,Mario,Martín Rielves,21.0,Spain,178,74,https://media.api-sports.io/football/players/343205.png,Midfielder,35.0,26.0,2135.0,6.48,2.0,1.0,15.0,6.0,569.0,8.0,72.0,56.0,5.0,16.0,35.0,13.0,444.0,177.0,34.0,72.0,11.0,0.0,CDM,0,CM,0,0,61.5,0,,statistical_fallback,Midfielder,CDM,0.084,0.042,0.632,0.253,23.986,0.337,2.361,0.674,1.475,0.548,40.032,37.153,Getafe,1
78,Bundesliga,2025,173,RB Leipzig,343286,E. Banzuzi,Ezechiel,Banzuzi,20.0,Netherlands,191,,https://media.api-sports.io/football/players/343286.png,Midfielder,24.0,2.0,597.0,6.65,0.0,1.0,8.0,4.0,285.0,7.0,84.0,15.0,3.0,8.0,3.0,2.0,93.0,49.0,7.0,14.0,3.0,0.0,CDM,0,CM,0,0,57.5,0,,statistical_fallback,Midfielder,CDM,0.0,0.151,1.206,0.603,42.965,1.055,2.261,1.206,0.452,0.302,50.0,66.814,RB Leipzig,1
78,Bundesliga,2025,161,VfL Wolfsburg,343316,J. Belocian,Jeanuël,Belocian,20.0,France,186,73,https://media.api-sports.io/football/players/343316.png,Defender,16.0,16.0,1465.0,6.81,0.0,1.0,4.0,0.0,658.0,6.0,88.0,31.0,15.0,21.0,12.0,7.0,128.0,70.0,13.0,19.0,3.0,0.0,FB,0,,0,0,56.3,0,,statistical_fallback,Defender,FB,0.0,0.061,0.246,0.0,40.423,0.369,1.904,1.29,0.737,0.43,0.0,58.345,VfL Wolfsburg,1
135,Serie A,2025,494,Udinese,343558,L. Miller,Lennon Lee,Miller,19.0,Scotland,182,72,https://media.api-sports.io/football/players/343558.png,Midfielder,24.0,9.0,1018.0,6.7,0.0,2.0,7.0,1.0,384.0,14.0,77.0,21.0,4.0,7.0,15.0,10.0,106.0,64.0,17.0,14.0,4.0,0.0,CDM,0,CM,0,0,57.2,0,,statistical_fallback,Midfielder,CDM,0.0,0.177,0.619,0.088,33.949,1.238,1.857,0.619,1.326,0.884,14.216,66.667,Udinese,1
135,Serie A,2025,488,Sassuolo,343562,L. Lipani,Luca,Lipani,20.0,Italy,185,65,https://media.api-sports.io/football/players/343562.png,Midfielder,24.0,10.0,1028.0,6.6,0.0,1.0,8.0,3.0,482.0,11.0,84.0,29.0,2.0,15.0,10.0,5.0,127.0,55.0,8.0,28.0,3.0,0.0,CDM,0,CM,0,0,58.8,0,,statistical_fallback,Midfielder,CDM,0.0,0.088,0.7,0.263,42.198,0.963,2.539,1.313,0.875,0.438,37.571,50.057,Sassuolo,1
61,Ligue 1,2025,77,Angers,343609,J. Ekomié,Jacques Emmanuel,Paul Ekomié,22.0,Gabon,179,74,https://media.api-sports.io/football/players/343609.png,Defender,32.0,25.0,2240.0,6.56,0.0,0.0,10.0,3.0,742.0,12.0,81.0,60.0,10.0,31.0,36.0,14.0,243.0,131.0,31.0,30.0,3.0,0.0,FB,0,,0,0,57.3,0,,statistical_fallback,Defender,FB,0.0,0.0,0.402,0.121,29.812,0.482,2.411,1.246,1.446,0.562,30.1,38.866,Angers,1
39,Premier League,2025,45,Everton,343684,T. Barry,Thierno,Barry,23.0,France,195,82,https://media.api-sports.io/football/players/343684.png,Attacker,38.0,21.0,1932.0,6.53,8.0,0.0,31.0,14.0,362.0,12.0,60.0,6.0,4.0,5.0,30.0,9.0,398.0,151.0,8.0,47.0,3.0,0.0,ST,21,,0,21,100.0,0,ST:21,lineup_history,Attacker,ST,0.373,0.0,1.444,0.652,16.863,0.559,0.28,0.233,1.398,0.419,45.152,29.971,Everton,1
61,Ligue 1,2025,80,Lyon,345388,Afonso Moreira,Afonso,Bastardo Moreira,20.0,Portugal,176,69,https://media.api-sports.io/football/players/345388.png,Attacker,27.0,18.0,1724.0,7.09,4.0,7.0,31.0,14.0,543.0,33.0,80.0,33.0,,13.0,70.0,24.0,270.0,122.0,57.0,27.0,3.0,0.0,W,0,,0,0,60.3,0,,statistical_fallback,Attacker,W,0.209,0.365,1.618,0.731,28.347,1.723,1.723,0.679,3.654,1.253,45.179,34.291,Lyon,1
61,Ligue 1,2025,95,Strasbourg,345416,Rafael LuÃ­s,Rafael Filipe,Gonçalves Soares Luís,20.0,Portugal,188,83,https://media.api-sports.io/football/players/345416.png,Midfielder,12.0,6.0,585.0,6.59,0.0,1.0,3.0,3.0,385.0,6.0,88.0,18.0,,4.0,12.0,4.0,56.0,25.0,2.0,7.0,0.0,0.0,CM,0,,0,0,58.0,0,,statistical_fallback,Midfielder,CM,0.0,0.154,0.462,0.462,59.231,0.923,2.769,0.615,1.846,0.615,100.0,33.315,Strasbourg,1
135,Serie A,2025,505,Inter,345808,F. Esposito,Francesco Pio,Esposito,20.0,Italy,190,80,https://media.api-sports.io/football/players/345808.png,Attacker,35.0,15.0,1571.0,6.65,7.0,3.0,43.0,23.0,365.0,22.0,73.0,9.0,2.0,5.0,16.0,4.0,206.0,104.0,50.0,29.0,1.0,0.0,ST,0,,0,0,62.0,0,,statistical_fallback,Attacker,ST,0.401,0.172,2.463,1.318,20.91,1.26,0.516,0.286,0.917,0.229,53.512,24.973,Inter,1
78,Bundesliga,2025,162,Werder Bremen,346866,S. Mbangula,Samuel-Germain,Kinduelu Mbangula Tshifunda,21.0,Belgium,171,64,https://media.api-sports.io/football/players/346866.png,Midfielder,26.0,12.0,1182.0,6.83,3.0,2.0,12.0,8.0,481.0,15.0,86.0,16.0,1.0,4.0,54.0,30.0,151.0,75.0,23.0,4.0,0.0,0.0,W,0,CAM,0,0,57.6,0,,statistical_fallback,Midfielder,W,0.228,0.152,0.914,0.609,36.624,1.142,1.218,0.305,4.112,2.284,66.63,55.545,Werder Bremen,1
61,Ligue 1,2025,116,Lens,347211,R. Risser,Robin,Risser Birckel,21.0,France,192,83,https://media.api-sports.io/football/players/347211.png,Goalkeeper,33.0,33.0,2970.0,7.08,0.0,1.0,0.0,0.0,869.0,2.0,77.0,0.0,,0.0,0.0,0.0,10.0,8.0,5.0,,2.0,0.0,GK,0,,0,0,100.0,0,,statistical_fallback,Goalkeeper,GK,0.0,0.03,0.0,0.0,26.333,0.061,0.0,0.0,0.0,0.0,0.0,0.0,Lens,1
135,Serie A,2025,500,Bologna,347265,B. Domínguez,Benjamín,Domínguez,22.0,Argentina,172,68,https://media.api-sports.io/football/players/347265.png,Attacker,15.0,6.0,542.0,6.51,0.0,3.0,7.0,2.0,121.0,7.0,80.0,9.0,,2.0,21.0,9.0,94.0,38.0,18.0,6.0,1.0,0.0,W,0,,0,0,64.4,0,,statistical_fallback,Attacker,W,0.0,0.498,1.162,0.332,20.092,1.162,1.494,0.332,3.487,1.494,28.571,42.845,Bologna,1
39,Premier League,2025,47,Tottenham,347316,L. Bergvall,Lucas Erik Holger,Bergvall,19.0,Sweden,187,74,https://media.api-sports.io/football/players/347316.png,Midfielder,23.0,11.0,979.0,6.57,1.0,3.0,11.0,5.0,305.0,5.0,81.0,22.0,2.0,2.0,24.0,15.0,113.0,49.0,7.0,24.0,2.0,0.0,CAM,6,CM,3,11,54.5,0,CAM:6 | CM:3 | LW:1 | RW:1,lineup_history,Midfielder,CAM,0.092,0.276,1.011,0.46,28.039,0.46,2.022,0.184,2.206,1.379,45.5,62.511,Tottenham,1
135,Serie A,2025,492,Napoli,347395,A. Vergara,Antonio,Vergara,22.0,Italy,182,70,https://media.api-sports.io/football/players/347395.png,Midfielder,12.0,8.0,618.0,6.9,1.0,2.0,7.0,3.0,176.0,11.0,76.0,12.0,,4.0,26.0,8.0,113.0,45.0,20.0,17.0,2.0,0.0,W,0,CAM,0,0,56.5,0,,statistical_fallback,Midfielder,W,0.146,0.291,1.019,0.437,25.631,1.602,1.748,0.583,3.786,1.165,42.885,30.771,Napoli,1
135,Serie A,2025,494,Udinese,347644,A. Atta,Arthur,Atta,22.0,France,189,77,https://media.api-sports.io/football/players/347644.png,Midfielder,32.0,29.0,2563.0,6.89,5.0,3.0,38.0,20.0,1039.0,34.0,83.0,27.0,1.0,19.0,120.0,63.0,322.0,141.0,32.0,23.0,3.0,0.0,W,0,CAM,0,0,57.2,0,,statistical_fallback,Midfielder,W,0.176,0.105,1.334,0.702,36.485,1.194,0.948,0.667,4.214,2.212,52.624,52.492,Udinese,1
135,Serie A,2025,505,Inter,348205,P. Sučić,Petar,Sučić,22.0,Bosnia and Herzegovina,183,76,https://media.api-sports.io/football/players/348205.png,Midfielder,34.0,21.0,1783.0,6.88,2.0,2.0,16.0,6.0,1133.0,29.0,89.0,46.0,1.0,9.0,35.0,15.0,201.0,98.0,25.0,30.0,5.0,0.0,CAM,0,CM,0,0,57.3,0,,statistical_fallback,Midfielder,CAM,0.101,0.101,0.808,0.303,57.19,1.464,2.322,0.454,1.767,0.757,37.5,42.841,Inter,1
135,Serie A,2025,523,Parma,348568,A. Circati,Alessandro,Circati,22.0,Australia,190,78,https://media.api-sports.io/football/players/348568.png,Defender,31.0,31.0,2666.0,7.0,1.0,0.0,4.0,1.0,1478.0,9.0,87.0,42.0,30.0,24.0,6.0,4.0,222.0,140.0,18.0,30.0,6.0,0.0,CB,0,,0,0,60.8,0,,statistical_fallback,Defender,CB,0.034,0.0,0.135,0.034,49.895,0.304,1.418,0.81,0.203,0.135,25.185,66.502,Parma,1
78,Bundesliga,2025,170,FC Augsburg,348888,M. Kömür,Mert,Kömür,20.0,Germany,183,77,https://media.api-sports.io/football/players/348888.png,Attacker,28.0,17.0,1466.0,6.63,2.0,4.0,31.0,16.0,459.0,23.0,80.0,15.0,,7.0,40.0,17.0,192.0,64.0,19.0,26.0,1.0,0.0,ST,0,W,0,0,59.0,0,,statistical_fallback,Attacker,ST,0.123,0.246,1.903,0.982,28.179,1.412,0.921,0.43,2.456,1.044,51.603,42.508,FC Augsburg,1
135,Serie A,2025,497,AS Roma,349001,Wesley,Wesley Vinícius,França Lima,22.0,Brazil,173,73,https://media.api-sports.io/football/players/349001.png,Midfielder,30.0,28.0,2457.0,7.02,5.0,0.0,20.0,13.0,1028.0,33.0,80.0,53.0,5.0,23.0,60.0,14.0,317.0,149.0,57.0,36.0,6.0,1.0,CDM,0,CM,0,0,57.9,0,,statistical_fallback,Midfielder,CDM,0.183,0.0,0.733,0.476,37.656,1.209,1.941,0.842,2.198,0.513,64.939,23.339,AS Roma,1
78,Bundesliga,2025,172,VfB Stuttgart,349344,L. Jaquez,Luca Antony,Jaquez,22.0,Switzerland,187,80,https://media.api-sports.io/football/players/349344.png,Defender,14.0,10.0,899.0,6.82,0.0,1.0,3.0,0.0,727.0,5.0,90.0,8.0,7.0,10.0,2.0,2.0,55.0,30.0,2.0,4.0,1.0,0.0,CB,0,,0,0,55.3,0,,statistical_fallback,Defender,CB,0.0,0.1,0.3,0.0,72.781,0.501,0.801,1.001,0.2,0.2,0.0,100.0,VfB Stuttgart,1
39,Premier League,2025,746,Sunderland,349799,Eliezer Mayenda,Eliezer,Mayenda Dossou,20.0,Spain,180,75,https://media.api-sports.io/football/players/349799.png,Attacker,20.0,8.0,770.0,6.58,2.0,0.0,8.0,6.0,85.0,4.0,65.0,5.0,1.0,1.0,32.0,11.0,122.0,42.0,11.0,6.0,0.0,0.0,ST,7,RW,1,8,87.5,0,ST:7 | RW:1,lineup_history,Attacker,ST,0.234,0.0,0.935,0.701,9.935,0.468,0.584,0.117,3.74,1.286,74.973,34.385,Sunderland,1
135,Serie A,2025,895,Como,350037,N. Paz,Nicolás,Paz Martínez,21.0,Argentina,186,74,https://media.api-sports.io/football/players/350037.png,Midfielder,35.0,33.0,2884.0,7.31,12.0,6.0,86.0,48.0,1394.0,51.0,82.0,91.0,3.0,28.0,125.0,69.0,439.0,230.0,41.0,53.0,5.0,0.0,W,0,CAM,0,0,55.6,0,,statistical_fallback,Midfielder,W,0.374,0.187,2.684,1.498,43.502,1.592,2.84,0.874,3.901,2.153,55.812,55.191,Como,1
135,Serie A,2025,487,Lazio,350857,O. Provstgaard,Oliver,Provstgaard Nielsen,22.0,Denmark,194,70,https://media.api-sports.io/football/players/350857.png,Defender,26.0,13.0,1544.0,6.89,0.0,0.0,6.0,2.0,1153.0,4.0,92.0,12.0,13.0,15.0,3.0,1.0,119.0,63.0,9.0,14.0,3.0,0.0,CB,0,,0,0,61.2,0,,statistical_fallback,Defender,CB,0.0,0.0,0.35,0.117,67.209,0.233,0.699,0.874,0.175,0.058,33.429,33.143,Lazio,1
140,La Liga,2025,533,Villarreal,351587,T. Oluwaseyi,Tanitoluwa,Oluwatimikhin Oluwaseyi,25.0,Nigeria,191,80,https://media.api-sports.io/football/players/351587.png,Attacker,27.0,9.0,922.0,6.49,2.0,2.0,13.0,7.0,112.0,6.0,63.0,7.0,3.0,1.0,22.0,9.0,128.0,46.0,8.0,11.0,1.0,0.0,ST,0,W,0,0,57.1,0,,statistical_fallback,Attacker,ST,0.195,0.195,1.269,0.683,10.933,0.586,0.683,0.098,2.148,0.879,53.822,40.922,Villarreal,1
140,La Liga,2025,538,Celta Vigo,351913,J. El Abdellaoui,Jones,El Abdellaoui,19.0,Norway,184,72,https://media.api-sports.io/football/players/351913.png,Attacker,22.0,4.0,683.0,6.62,2.0,0.0,11.0,4.0,143.0,9.0,83.0,5.0,,3.0,27.0,11.0,74.0,25.0,3.0,7.0,0.0,0.0,W,0,,0,0,58.9,0,,statistical_fallback,Attacker,W,0.264,0.0,1.449,0.527,18.843,1.186,0.659,0.395,3.558,1.449,36.37,40.725,Celta Vigo,1
78,Bundesliga,2025,168,Bayer Leverkusen,352375,Arthur,Arthur Augusto,de Matos Soares,22.0,Brazil,173,70,https://media.api-sports.io/football/players/352375.png,Midfielder,20.0,13.0,1132.0,6.64,1.0,3.0,5.0,2.0,460.0,14.0,83.0,20.0,2.0,17.0,42.0,14.0,131.0,59.0,10.0,19.0,3.0,0.0,W,0,CAM,0,0,57.5,0,,statistical_fallback,Midfielder,W,0.08,0.239,0.398,0.159,36.572,1.113,1.59,1.352,3.339,1.113,39.95,33.333,Bayer Leverkusen,1
78,Bundesliga,2025,180,1. FC Heidenheim,353143,Hennes Behrens,Hennes,Behrens,20.0,Germany,175,70,https://media.api-sports.io/football/players/353143.png,Midfielder,16.0,15.0,1319.0,6.89,1.0,2.0,5.0,4.0,470.0,18.0,72.0,28.0,7.0,16.0,21.0,15.0,137.0,84.0,27.0,5.0,0.0,0.0,CDM,0,CM,0,0,59.9,0,,statistical_fallback,Midfielder,CDM,0.068,0.136,0.341,0.273,32.07,1.228,1.911,1.092,1.433,1.024,80.059,71.458,1. FC Heidenheim,1
135,Serie A,2025,490,Cagliari,353609,I. Sulemana,Ibrahim,Sulemana Kakari,22.0,Ghana,180,72,https://media.api-sports.io/football/players/353609.png,Midfielder,16.0,7.0,853.0,6.58,1.0,0.0,7.0,2.0,369.0,6.0,88.0,19.0,2.0,5.0,22.0,10.0,104.0,51.0,10.0,12.0,2.0,0.0,CDM,0,CM,0,0,60.6,0,,statistical_fallback,Midfielder,CDM,0.106,0.0,0.739,0.211,38.933,0.633,2.005,0.528,2.321,1.055,28.552,45.455,Cagliari,1
61,Ligue 1,2025,81,Marseille,354298,T. Nnadi,Tochukwu,Nnadi,22.0,Nigeria,,,https://media.api-sports.io/football/players/354298.png,Midfielder,8.0,4.0,352.0,6.43,0.0,1.0,4.0,1.0,161.0,3.0,88.0,7.0,,3.0,3.0,2.0,41.0,16.0,4.0,10.0,1.0,0.0,CAM,0,CM,0,0,59.7,0,,statistical_fallback,Midfielder,CAM,0.0,0.256,1.023,0.256,41.165,0.767,1.79,0.767,0.767,0.511,25.024,66.623,Marseille,1
135,Serie A,2025,895,Como,354533,J. Addai,Jayden,Osei Addai,20.0,Netherlands,175,74,https://media.api-sports.io/football/players/354533.png,Attacker,12.0,7.0,688.0,6.88,3.0,0.0,11.0,6.0,167.0,7.0,74.0,6.0,1.0,3.0,30.0,14.0,86.0,36.0,14.0,13.0,4.0,0.0,ST,0,W,0,0,55.3,0,,statistical_fallback,Attacker,ST,0.392,0.0,1.439,0.785,21.846,0.916,0.785,0.392,3.924,1.831,54.552,46.662,Como,1
140,La Liga,2025,543,Real Betis,355004,V. Gómez,Diego Valentín,Gómez,22.0,Argentina,180,76,https://media.api-sports.io/football/players/355004.png,Defender,28.0,19.0,1881.0,6.75,1.0,0.0,11.0,5.0,959.0,10.0,85.0,45.0,13.0,24.0,14.0,13.0,195.0,110.0,11.0,26.0,5.0,0.0,CB,0,,0,0,56.3,0,,statistical_fallback,Defender,CB,0.048,0.0,0.526,0.239,45.885,0.478,2.153,1.148,0.67,0.622,45.437,92.836,Real Betis,1
78,Bundesliga,2025,173,RB Leipzig,355167,Max Finkgräfe,Max,Finkgräfe,21.0,Germany,183,77,https://media.api-sports.io/football/players/355167.png,Defender,13.0,5.0,502.0,6.63,1.0,1.0,4.0,2.0,303.0,12.0,90.0,16.0,1.0,7.0,5.0,5.0,46.0,27.0,4.0,3.0,2.0,0.0,FB,0,,0,0,61.1,0,,statistical_fallback,Defender,FB,0.179,0.179,0.717,0.359,54.323,2.151,2.869,1.255,0.896,0.896,50.07,100.0,RB Leipzig,1
140,La Liga,2025,533,Villarreal,355994,A. Freeman,Alexander Michael,Freeman,21.0,USA,188,,https://media.api-sports.io/football/players/355994.png,Defender,9.0,3.0,356.0,6.86,0.0,0.0,1.0,0.0,234.0,1.0,90.0,13.0,2.0,4.0,6.0,3.0,38.0,25.0,3.0,2.0,0.0,0.0,CB,0,,0,0,57.4,0,,statistical_fallback,Defender,CB,0.0,0.0,0.253,0.0,59.157,0.253,3.287,1.011,1.517,0.758,0.0,49.967,Villarreal,1
39,Premier League,2025,51,Brighton,356041,C. Baleba,Carlos Noom,Quomah Baleba,21.0,Cameroon,179,73,https://media.api-sports.io/football/players/356041.png,Midfielder,31.0,23.0,1677.0,6.63,0.0,0.0,12.0,2.0,747.0,9.0,86.0,37.0,6.0,28.0,25.0,12.0,204.0,102.0,24.0,31.0,5.0,0.0,CDM,20,CM,3,23,87.0,0,CDM:20 | CM:3,lineup_history,Midfielder,CDM,0.0,0.0,0.644,0.107,40.089,0.483,1.986,1.503,1.342,0.644,16.615,47.988,Brighton,1
135,Serie A,2025,497,AS Roma,356888,N. Pisilli,Niccolò,Pisilli,21.0,Italy,181,73,https://media.api-sports.io/football/players/356888.png,Midfielder,25.0,13.0,1295.0,6.69,2.0,4.0,13.0,5.0,812.0,13.0,86.0,27.0,1.0,24.0,27.0,8.0,151.0,52.0,4.0,20.0,3.0,0.0,CAM,0,CM,0,0,57.2,0,,statistical_fallback,Midfielder,CAM,0.139,0.278,0.903,0.347,56.432,0.903,1.876,1.668,1.876,0.556,38.427,29.638,AS Roma,1
61,Ligue 1,2025,95,Strasbourg,358166,A. Ouattara,Abdoul Guemissongui,Ouattara,20.0,France,178,68,https://media.api-sports.io/football/players/358166.png,Defender,28.0,19.0,1775.0,6.66,2.0,0.0,20.0,11.0,862.0,6.0,90.0,23.0,1.0,21.0,23.0,8.0,94.0,46.0,11.0,12.0,2.0,0.0,CB,0,,0,0,59.1,0,,statistical_fallback,Defender,CB,0.101,0.0,1.014,0.558,43.707,0.304,1.166,1.065,1.166,0.406,55.03,34.82,Strasbourg,1
140,La Liga,2025,728,Rayo Vallecano,358431,N. Mendy,Nobel,Mendy,21.0,France,187,78,https://media.api-sports.io/football/players/358431.png,Defender,24.0,22.0,1811.0,6.69,2.0,0.0,10.0,3.0,963.0,3.0,85.0,29.0,24.0,21.0,4.0,3.0,143.0,75.0,12.0,32.0,8.0,1.0,CB,0,,0,0,61.0,0,,statistical_fallback,Defender,CB,0.099,0.0,0.497,0.149,47.858,0.149,1.441,1.044,0.199,0.149,29.98,74.874,Rayo Vallecano,1
61,Ligue 1,2025,95,Strasbourg,359386,M. Godo,Becket Fabrice-Martial,Godo,22.0,England,169,61,https://media.api-sports.io/football/players/359386.png,Attacker,28.0,18.0,1613.0,6.93,10.0,1.0,31.0,17.0,441.0,24.0,82.0,16.0,1.0,14.0,54.0,24.0,160.0,76.0,32.0,15.0,2.0,0.0,W,0,ST,0,0,55.9,0,,statistical_fallback,Attacker,W,0.558,0.056,1.73,0.949,24.606,1.339,0.893,0.781,3.013,1.339,54.855,44.441,Strasbourg,1
39,Premier League,2025,50,Manchester City,360114,A. Khusanov,Abduqodir,Khusanov,21.0,Uzbekistan,186,84,https://media.api-sports.io/football/players/360114.png,Defender,21.0,15.0,1429.0,6.91,0.0,0.0,7.0,1.0,1080.0,6.0,91.0,27.0,9.0,33.0,9.0,7.0,91.0,55.0,6.0,14.0,2.0,0.0,CB,13,RB,2,15,86.7,0,CB:13 | RB:2,lineup_history,Defender,CB,0.0,0.0,0.441,0.063,68.02,0.378,1.7,2.078,0.567,0.441,14.286,77.778,Manchester City,1
61,Ligue 1,2025,80,Lyon,361348,M. Fofana,Malick Martin,Fofana,20.0,Belgium,169,61,https://media.api-sports.io/football/players/361348.png,Midfielder,12.0,9.0,767.0,7.07,2.0,1.0,11.0,9.0,222.0,10.0,80.0,11.0,,3.0,20.0,7.0,74.0,40.0,22.0,11.0,1.0,0.0,W,0,CAM,0,0,55.7,0,,statistical_fallback,Midfielder,W,0.235,0.117,1.291,1.056,26.05,1.173,1.291,0.352,2.347,0.821,81.797,34.981,Lyon,1
61,Ligue 1,2025,80,Lyon,361352,N. Nartey,Noah,Teye Nartey,20.0,Denmark,180,70,https://media.api-sports.io/football/players/361352.png,Midfielder,11.0,5.0,547.0,6.79,2.0,0.0,3.0,2.0,228.0,3.0,87.0,11.0,,2.0,23.0,14.0,73.0,33.0,7.0,6.0,0.0,0.0,CM,0,,0,0,58.0,0,,statistical_fallback,Midfielder,CM,0.329,0.0,0.494,0.329,37.514,0.494,1.81,0.329,3.784,2.303,66.599,60.862,Lyon,1
140,La Liga,2025,542,Alaves,361384,Yusi,Youssef,Enríquez Lekhedim,20.0,Morocco,175,68,https://media.api-sports.io/football/players/361384.png,Defender,25.0,13.0,1347.0,6.63,0.0,1.0,7.0,3.0,535.0,17.0,79.0,17.0,1.0,10.0,23.0,8.0,117.0,54.0,13.0,24.0,7.0,0.0,FB,0,,0,0,66.5,0,,statistical_fallback,Defender,FB,0.0,0.067,0.468,0.2,35.746,1.136,1.136,0.668,1.537,0.535,42.735,34.808,Alaves,1
78,Bundesliga,2025,160,SC Freiburg,361393,I. Ogbus,Bruno Ifechukwu,Ogbus,20.0,Switzerland,185,84,https://media.api-sports.io/football/players/361393.png,Defender,18.0,14.0,1186.0,6.67,0.0,0.0,4.0,2.0,620.0,1.0,91.0,23.0,18.0,11.0,15.0,3.0,117.0,59.0,11.0,5.0,1.0,0.0,CB,0,,0,0,58.7,0,,statistical_fallback,Defender,CB,0.0,0.0,0.304,0.152,47.049,0.076,1.745,0.835,1.138,0.228,50.0,20.035,SC Freiburg,1
140,La Liga,2025,541,Real Madrid,361497,D. Huijsen,Dean Donny,Huijsen,20.0,Netherlands,195,87,https://media.api-sports.io/football/players/361497.png,Defender,28.0,24.0,2037.0,7.31,2.0,2.0,16.0,5.0,1661.0,10.0,89.0,31.0,17.0,19.0,2.0,2.0,155.0,96.0,13.0,21.0,7.0,1.0,CB,0,,0,0,58.1,0,,statistical_fallback,Defender,CB,0.088,0.088,0.707,0.221,73.387,0.442,1.37,0.839,0.088,0.088,31.259,100.0,Real Madrid,1
78,Bundesliga,2025,161,VfL Wolfsburg,362564,A. Daghim,Adam,Daghim,20.0,Denmark,189,80,https://media.api-sports.io/football/players/362564.png,Attacker,29.0,14.0,1544.0,6.73,2.0,4.0,21.0,11.0,426.0,21.0,65.0,28.0,2.0,14.0,60.0,22.0,218.0,100.0,25.0,19.0,3.0,0.0,W,0,,0,0,61.1,0,,statistical_fallback,Attacker,W,0.117,0.233,1.224,0.641,24.832,1.224,1.632,0.816,3.497,1.282,52.369,36.66,VfL Wolfsburg,1
39,Premier League,2025,65,Nottingham Forest,362711,Jair,Jair Paula,da Cunha Filho,20.0,Brazil,198,87,https://media.api-sports.io/football/players/362711.png,Defender,9.0,6.0,525.0,6.64,0.0,0.0,1.0,1.0,221.0,1.0,80.0,9.0,2.0,5.0,4.0,2.0,34.0,22.0,6.0,,0.0,0.0,CB,5,RB,1,6,83.3,0,CB:5 | RB:1,lineup_history,Defender,CB,0.0,0.0,0.171,0.171,37.886,0.171,1.543,0.857,0.686,0.343,100.0,50.0,Nottingham Forest,1
61,Ligue 1,2025,96,Toulouse,362741,S. Hidalgo,Santiago,Hidalgo Massa,20.0,Argentina,174,71,https://media.api-sports.io/football/players/362741.png,Attacker,29.0,15.0,1328.0,6.68,4.0,6.0,25.0,13.0,284.0,12.0,74.0,38.0,1.0,7.0,42.0,11.0,255.0,94.0,30.0,41.0,4.0,0.0,ST,0,W,0,0,55.2,0,,statistical_fallback,Attacker,ST,0.271,0.407,1.694,0.881,19.247,0.813,2.575,0.474,2.846,0.745,52.007,26.177,Toulouse,1
140,La Liga,2025,718,Oviedo,362750,T. Fernández,Thiago Cruz,Fernández,21.0,Argentina,175,68,https://media.api-sports.io/football/players/362750.png,Attacker,16.0,9.0,822.0,6.63,0.0,4.0,10.0,5.0,253.0,10.0,80.0,13.0,,5.0,50.0,21.0,128.0,47.0,11.0,7.0,4.0,0.0,W,0,,0,0,66.2,0,,statistical_fallback,Attacker,W,0.0,0.438,1.095,0.547,27.701,1.095,1.423,0.547,5.474,2.299,49.954,41.999,Oviedo,1
135,Serie A,2025,523,Parma,362752,C. Ordoñez,Christian Nahuel,Ordoñez,21.0,Argentina,177,65,https://media.api-sports.io/football/players/362752.png,Attacker,28.0,12.0,1095.0,6.51,1.0,0.0,7.0,2.0,265.0,5.0,82.0,24.0,7.0,8.0,14.0,5.0,123.0,48.0,11.0,16.0,4.0,0.0,ST,0,W,0,0,55.8,0,,statistical_fallback,Attacker,ST,0.082,0.0,0.575,0.164,21.781,0.411,1.973,0.658,1.151,0.411,28.522,35.708,Parma,1
78,Bundesliga,2025,169,Eintracht Frankfurt,362884,Kauã Santos,Kauã Morais,Vieira dos Santos,22.0,Brazil,196,85,https://media.api-sports.io/football/players/362884.png,Goalkeeper,13.0,13.0,1085.0,6.64,0.0,0.0,0.0,0.0,427.0,0.0,63.0,1.0,,0.0,1.0,1.0,15.0,14.0,3.0,,0.0,0.0,GK,0,,0,0,100.0,0,,statistical_fallback,Goalkeeper,GK,0.0,0.0,0.0,0.0,35.419,0.0,0.083,0.0,0.083,0.083,0.0,100.0,Eintracht Frankfurt,1
39,Premier League,2025,65,Nottingham Forest,363695,Murillo,Murillo,Santiago Costa dos Santos,23.0,Brazil,180,75,https://media.api-sports.io/football/players/363695.png,Defender,25.0,25.0,2133.0,7.02,1.0,0.0,6.0,4.0,1132.0,8.0,83.0,35.0,24.0,34.0,14.0,9.0,138.0,74.0,7.0,23.0,5.0,0.0,CB,25,,0,25,100.0,0,CB:25,lineup_history,Defender,CB,0.042,0.0,0.253,0.169,47.764,0.338,1.477,1.435,0.591,0.38,66.798,64.298,Nottingham Forest,1
61,Ligue 1,2025,112,Metz,363792,T. Yegbe,Terry,Yegbe,24.0,Ghana,195,88,https://media.api-sports.io/football/players/363792.png,Defender,24.0,22.0,1966.0,6.45,0.0,1.0,6.0,2.0,1153.0,5.0,88.0,15.0,19.0,23.0,3.0,2.0,88.0,44.0,8.0,19.0,3.0,0.0,CB,0,,0,0,57.8,0,,statistical_fallback,Defender,CB,0.0,0.046,0.275,0.092,52.782,0.229,0.687,1.053,0.137,0.092,33.455,67.153,Metz,1
61,Ligue 1,2025,111,Le Havre,364093,S. Ebonog,Simon,Ebonog,21.0,France,,,https://media.api-sports.io/football/players/364093.png,Midfielder,30.0,21.0,1778.0,6.59,1.0,0.0,15.0,4.0,469.0,8.0,78.0,39.0,4.0,24.0,36.0,17.0,223.0,113.0,34.0,29.0,8.0,0.0,CDM,0,CM,0,0,63.3,0,,statistical_fallback,Midfielder,CDM,0.051,0.0,0.759,0.202,23.74,0.405,1.974,1.215,1.822,0.861,26.614,47.256,Le Havre,1
135,Serie A,2025,801,Pisa,364600,İ. Vural,İsak,Vural,19.0,Türkiye,175,,https://media.api-sports.io/football/players/364600.png,Midfielder,15.0,9.0,752.0,6.69,0.0,0.0,5.0,1.0,210.0,3.0,82.0,9.0,3.0,2.0,18.0,9.0,102.0,58.0,33.0,16.0,4.0,0.0,CM,0,,0,0,58.0,0,,statistical_fallback,Midfielder,CM,0.0,0.0,0.598,0.12,25.133,0.359,1.077,0.239,2.154,1.077,20.067,50.0,Pisa,1
39,Premier League,2025,746,Sunderland,365331,N. Sadiki,Noah Junior,Sadiki,21.0,Belgium,165,58,https://media.api-sports.io/football/players/365331.png,Midfielder,33.0,33.0,2907.0,6.76,0.0,1.0,9.0,5.0,1105.0,19.0,85.0,46.0,11.0,34.0,44.0,27.0,230.0,123.0,40.0,32.0,9.0,0.0,CDM,18,CM,15,33,54.5,0,CDM:18 | CM:15,lineup_history,Midfielder,CDM,0.0,0.031,0.279,0.155,34.211,0.588,1.424,1.053,1.362,0.836,55.556,61.38,Sunderland,1
61,Ligue 1,2025,106,Stade Brestois 29,365742,M. Diaz,Michel Junior,Diaz,22.0,Côte d'Ivoire,193,87,https://media.api-sports.io/football/players/365742.png,Defender,20.0,17.0,1560.0,6.98,0.0,0.0,5.0,1.0,642.0,1.0,85.0,27.0,24.0,24.0,4.0,3.0,115.0,74.0,11.0,8.0,4.0,0.0,CB,0,,0,0,61.9,0,,statistical_fallback,Defender,CB,0.0,0.0,0.288,0.058,37.038,0.058,1.558,1.385,0.231,0.173,20.139,74.892,Stade Brestois 29,1
39,Premier League,2025,49,Chelsea,366735,Joshua Kofi Acheampong,Joshua Kofi,Acheampong,19.0,England,184,75,https://media.api-sports.io/football/players/366735.png,Defender,17.0,8.0,700.0,6.59,1.0,0.0,2.0,2.0,477.0,2.0,92.0,11.0,2.0,11.0,14.0,11.0,66.0,42.0,9.0,2.0,1.0,0.0,CB,5,RB,3,8,62.5,0,CB:5 | RB:3,lineup_history,Defender,CB,0.129,0.0,0.257,0.257,61.329,0.257,1.414,1.414,1.8,1.414,100.0,78.556,Chelsea,1
61,Ligue 1,2025,94,Rennes,367636,J. Jacquet,Jérémy,Jacquet,20.0,France,188,77,https://media.api-sports.io/football/players/367636.png,Defender,19.0,19.0,1673.0,7.03,0.0,0.0,8.0,3.0,1076.0,9.0,90.0,27.0,16.0,19.0,8.0,4.0,120.0,81.0,17.0,20.0,5.0,0.0,CB,0,,0,0,59.2,0,,statistical_fallback,Defender,CB,0.0,0.0,0.43,0.161,57.884,0.484,1.452,1.022,0.43,0.215,37.442,50.0,Rennes,1
39,Premier League,2025,35,Bournemouth,368030,E. Kroupi,Eli Junior,Kroupi,19.0,France,179,70,https://media.api-sports.io/football/players/368030.png,Attacker,33.0,21.0,1690.0,6.8,13.0,0.0,33.0,22.0,466.0,22.0,76.0,9.0,,9.0,37.0,15.0,143.0,44.0,12.0,27.0,5.0,0.0,CAM,15,ST,6,21,71.4,0,CAM:15 | ST:6,lineup_history,Attacker,CAM,0.692,0.0,1.757,1.172,24.817,1.172,0.479,0.479,1.97,0.799,66.705,40.558,Bournemouth,1
135,Serie A,2025,504,Hellas Verona,368129,T. Slotsager,Tobias,Slotsager,19.0,Denmark,190,,https://media.api-sports.io/football/players/368129.png,Defender,8.0,4.0,443.0,6.79,0.0,0.0,2.0,1.0,227.0,0.0,77.0,14.0,4.0,3.0,0.0,0.0,50.0,40.0,5.0,3.0,0.0,0.0,CB,0,,0,0,67.1,0,,statistical_fallback,Defender,CB,0.0,0.0,0.406,0.203,46.117,0.0,2.844,0.609,0.0,0.0,50.0,0.0,Hellas Verona,1
135,Serie A,2025,504,Hellas Verona,368260,G. Orban,Gift Emmanuel,Orban,23.0,Nigeria,178,73,https://media.api-sports.io/football/players/368260.png,Attacker,28.0,23.0,2036.0,6.52,7.0,2.0,61.0,28.0,376.0,20.0,71.0,4.0,,4.0,38.0,19.0,205.0,71.0,21.0,23.0,4.0,1.0,ST,0,,0,0,58.8,0,,statistical_fallback,Attacker,ST,0.309,0.088,2.696,1.238,16.621,0.884,0.177,0.177,1.68,0.84,45.92,50.0,Hellas Verona,1
61,Ligue 1,2025,116,Lens,369500,I. Ganiou,Pierre-Ismaëlo,Ganiou,20.0,France,191,80,https://media.api-sports.io/football/players/369500.png,Defender,23.0,22.0,2014.0,7.1,3.0,0.0,17.0,4.0,1310.0,9.0,86.0,39.0,14.0,29.0,14.0,10.0,199.0,121.0,22.0,25.0,3.0,0.0,CB,0,,0,0,59.2,0,,statistical_fallback,Defender,CB,0.134,0.0,0.76,0.179,58.54,0.402,1.743,1.296,0.626,0.447,23.553,71.406,Lens,1
61,Ligue 1,2025,95,Strasbourg,369544,Gessime Yassine,Gessime,Yassine,20.0,France,173,"
    ",https://media.api-sports.io/football/players/369544.png,Attacker,12.0,6.0,514.0,6.82,0.0,1.0,5.0,1.0,179.0,8.0,82.0,23.0,,2.0,29.0,10.0,97.0,52.0,19.0,9.0,0.0,0.0,W,0,,0,0,64.8,0,,statistical_fallback,Attacker,W,0.0,0.175,0.875,0.175,31.342,1.401,4.027,0.35,5.078,1.751,20.0,34.482,Strasbourg,1
78,Bundesliga,2025,169,Eintracht Frankfurt,369674,J. Bahoya,Jean-Mattéo,Bahoya Négoce,20.0,France,180,75,https://media.api-sports.io/football/players/369674.png,Midfielder,27.0,15.0,1335.0,6.94,3.0,4.0,15.0,9.0,445.0,31.0,80.0,31.0,2.0,13.0,69.0,41.0,187.0,101.0,22.0,13.0,2.0,0.0,W,0,CAM,0,0,56.2,0,,statistical_fallback,Midfielder,W,0.202,0.27,1.011,0.607,30.0,2.09,2.09,0.876,4.652,2.764,60.04,59.415,Eintracht Frankfurt,1
78,Bundesliga,2025,162,Werder Bremen,371911,J. Milošević,Jovan,Milošević,20.0,Serbia,190,84,https://media.api-sports.io/football/players/371911.png,Attacker,13.0,5.0,501.0,6.65,3.0,1.0,9.0,4.0,106.0,3.0,74.0,4.0,1.0,1.0,9.0,5.0,74.0,29.0,3.0,8.0,2.0,0.0,ST,0,,0,0,57.5,0,,statistical_fallback,Attacker,ST,0.539,0.18,1.617,0.719,19.042,0.539,0.719,0.18,1.617,0.898,44.465,55.535,Werder Bremen,1
61,Ligue 1,2025,91,Monaco,371916,C. Mawissa Elebi,Christian,Mawissa Elebi,20.0,France,185,77,https://media.api-sports.io/football/players/371916.png,Defender,18.0,13.0,1195.0,6.66,0.0,0.0,2.0,1.0,849.0,5.0,89.0,30.0,6.0,18.0,28.0,18.0,140.0,80.0,12.0,12.0,4.0,0.0,CB,0,,0,0,56.9,0,,statistical_fallback,Defender,CB,0.0,0.0,0.151,0.075,63.941,0.377,2.259,1.356,2.109,1.356,49.669,64.296,Monaco,1
61,Ligue 1,2025,91,Monaco,374058,L. Camara,Lamine,Camara,21.0,Senegal,173,65,https://media.api-sports.io/football/players/374058.png,Midfielder,24.0,22.0,1851.0,7.16,3.0,4.0,17.0,4.0,1217.0,35.0,85.0,55.0,7.0,37.0,30.0,16.0,241.0,135.0,48.0,28.0,6.0,0.0,CDM,0,CM,0,0,59.2,0,,statistical_fallback,Midfielder,CDM,0.146,0.194,0.827,0.194,59.173,1.702,2.674,1.799,1.459,0.778,23.458,53.324,Monaco,1
135,Serie A,2025,489,AC Milan,374359,D. Bartesaghi,Davide,Bartesaghi,20.0,Italy,193,86,https://media.api-sports.io/football/players/374359.png,Defender,31.0,27.0,2442.0,6.91,2.0,0.0,15.0,7.0,1063.0,44.0,85.0,49.0,10.0,12.0,32.0,12.0,208.0,100.0,14.0,19.0,3.0,0.0,FB,0,,0,0,62.1,0,,statistical_fallback,Defender,FB,0.074,0.0,0.553,0.258,39.177,1.622,1.806,0.442,1.179,0.442,46.655,37.489,AC Milan,1
61,Ligue 1,2025,79,Lille,375598,N. Mukau,Ngal'ayel,Mukau,21.0,Belgium,188,70,https://media.api-sports.io/football/players/375598.png,Midfielder,30.0,19.0,1566.0,6.61,1.0,0.0,11.0,5.0,627.0,13.0,87.0,29.0,1.0,14.0,25.0,13.0,167.0,78.0,23.0,27.0,3.0,0.0,CM,0,,0,0,58.0,0,,statistical_fallback,Midfielder,CM,0.057,0.0,0.632,0.287,36.034,0.747,1.667,0.805,1.437,0.747,45.411,51.983,Lille,1
39,Premier League,2025,44,Burnley,375915,Q. Hartman,Quilindschy,Hartman,24.0,Netherlands,183,77,https://media.api-sports.io/football/players/375915.png,Defender,21.0,21.0,1830.0,6.48,0.0,5.0,7.0,3.0,736.0,20.0,75.0,52.0,4.0,31.0,12.0,5.0,127.0,70.0,3.0,13.0,1.0,0.0,LB,13,LWB,8,21,61.9,0,LB:13 | LWB:8,lineup_history,Defender,LB,0.0,0.246,0.344,0.148,36.197,0.984,2.557,1.525,0.59,0.246,43.023,41.695,Burnley,1
61,Ligue 1,2025,106,Stade Brestois 29,375990,P. Mboup,Pathé,Mboup,22.0,Senegal,175,,https://media.api-sports.io/football/players/375990.png,Attacker,28.0,9.0,1069.0,6.5,1.0,0.0,20.0,10.0,244.0,9.0,79.0,20.0,2.0,11.0,75.0,32.0,224.0,81.0,19.0,34.0,6.0,0.0,ST,0,W,0,0,55.5,0,,statistical_fallback,Attacker,ST,0.084,0.0,1.684,0.842,20.543,0.758,1.684,0.926,6.314,2.694,50.0,42.667,Stade Brestois 29,1
61,Ligue 1,2025,80,Lyon,377122,Endrick,Endrick Felipe,Moreira de Sousa,19.0,Brazil,173,66,https://media.api-sports.io/football/players/377122.png,Attacker,16.0,14.0,1222.0,7.09,5.0,7.0,41.0,26.0,302.0,30.0,74.0,13.0,,3.0,75.0,36.0,168.0,73.0,21.0,21.0,4.0,0.0,W,0,,0,0,58.0,0,,statistical_fallback,Attacker,W,0.368,0.516,3.02,1.915,22.242,2.209,0.957,0.221,5.524,2.651,63.411,47.991,Lyon,1
140,La Liga,2025,539,Levante,378284,Etta Eyong,Karl Edouard Blaise,Etta Eyong,22.0,Cameroon,181,75,https://media.api-sports.io/football/players/378284.png,Attacker,30.0,15.0,1446.0,6.64,6.0,2.0,38.0,21.0,255.0,12.0,67.0,23.0,1.0,6.0,25.0,10.0,229.0,96.0,30.0,29.0,3.0,0.0,ST,0,,0,0,60.5,0,,statistical_fallback,Attacker,ST,0.373,0.124,2.365,1.307,15.871,0.747,1.432,0.373,1.556,0.622,55.264,39.974,Levante,1
61,Ligue 1,2025,112,Metz,378353,U. Mboula,Urie-Michel,Mboula,22.0,Gabon,185,,https://media.api-sports.io/football/players/378353.png,Defender,14.0,10.0,751.0,6.74,0.0,0.0,2.0,1.0,552.0,0.0,91.0,11.0,6.0,14.0,12.0,7.0,52.0,32.0,11.0,9.0,2.0,0.0,CB,0,,0,0,59.9,0,,statistical_fallback,Defender,CB,0.0,0.0,0.24,0.12,66.152,0.0,1.318,1.678,1.438,0.839,50.0,58.345,Metz,1
61,Ligue 1,2025,79,Lille,379329,Tiago Santos,Tiago,Carvalho Santos,23.0,Portugal,175,67,https://media.api-sports.io/football/players/379329.png,Defender,15.0,8.0,727.0,6.65,0.0,0.0,6.0,0.0,291.0,6.0,83.0,14.0,,6.0,17.0,3.0,90.0,41.0,21.0,13.0,0.0,0.0,FB,0,,0,0,61.7,0,,statistical_fallback,Defender,FB,0.0,0.0,0.743,0.0,36.025,0.743,1.733,0.743,2.105,0.371,0.0,17.625,Lille,1
78,Bundesliga,2025,168,Bayer Leverkusen,380587,I. Maza,Ibrahim,Maza,20.0,Germany,180,70,https://media.api-sports.io/football/players/380587.png,Attacker,28.0,20.0,1859.0,7.11,3.0,4.0,38.0,17.0,891.0,29.0,83.0,41.0,1.0,16.0,85.0,48.0,247.0,133.0,36.0,19.0,2.0,0.0,W,0,,0,0,59.7,0,,statistical_fallback,Attacker,W,0.145,0.194,1.84,0.823,43.136,1.404,1.985,0.775,4.115,2.324,44.728,56.476,Bayer Leverkusen,1
78,Bundesliga,2025,182,Union Berlin,380873,Ilyas  Ansah,Ilyas,Ansah,21.0,Germany,194,84,https://media.api-sports.io/football/players/380873.png,Attacker,33.0,23.0,1909.0,6.63,5.0,1.0,25.0,12.0,299.0,16.0,74.0,17.0,3.0,5.0,72.0,25.0,298.0,101.0,43.0,22.0,1.0,0.0,ST,0,W,0,0,57.8,0,,statistical_fallback,Attacker,ST,0.236,0.047,1.179,0.566,14.096,0.754,0.801,0.236,3.394,1.179,48.007,34.738,Union Berlin,1
78,Bundesliga,2025,175,Hamburger SV,380939,Fabio Amadu Uri Baldé,Fabio Amadu,Uri Baldé,20.0,Portugal,182,75,https://media.api-sports.io/football/players/380939.png,Attacker,16.0,3.0,455.0,6.57,1.0,1.0,8.0,4.0,106.0,5.0,73.0,14.0,,1.0,19.0,10.0,74.0,32.0,2.0,4.0,1.0,0.0,ST,0,W,0,0,58.8,0,,statistical_fallback,Attacker,ST,0.198,0.198,1.582,0.791,20.967,0.989,2.769,0.198,3.758,1.978,50.0,52.634,Hamburger SV,1
78,Bundesliga,2025,173,RB Leipzig,380978,A. Ouédraogo,Forzan Assan,Ouédraogo,19.0,Germany,191,84,https://media.api-sports.io/football/players/380978.png,Midfielder,19.0,13.0,974.0,6.92,4.0,3.0,19.0,13.0,297.0,14.0,83.0,8.0,3.0,3.0,26.0,14.0,98.0,50.0,22.0,4.0,0.0,0.0,W,0,CAM,0,0,55.0,0,,statistical_fallback,Midfielder,W,0.37,0.277,1.756,1.201,27.444,1.294,0.739,0.277,2.402,1.294,68.394,53.872,RB Leipzig,1
140,La Liga,2025,727,Osasuna,381197,Asier Osambela,Asier,Osambela Larraya,21.0,Spain,186,75,https://media.api-sports.io/football/players/381197.png,Midfielder,17.0,2.0,372.0,6.61,1.0,0.0,6.0,3.0,166.0,3.0,69.0,6.0,4.0,4.0,2.0,0.0,57.0,24.0,1.0,15.0,1.0,1.0,CDM,0,CM,0,0,58.6,0,,statistical_fallback,Midfielder,CDM,0.242,0.0,1.452,0.726,40.161,0.726,1.452,0.968,0.484,0.0,50.0,0.0,Osasuna,1
39,Premier League,2025,33,Manchester United,382452,P. Dorgu,Patrick,Chinazaekpere Dorgu,21.0,Denmark,185,68,https://media.api-sports.io/football/players/382452.png,Midfielder,26.0,15.0,1461.0,6.92,4.0,4.0,21.0,12.0,505.0,27.0,75.0,48.0,3.0,16.0,39.0,11.0,274.0,149.0,47.0,23.0,5.0,0.0,LWB,8,LW,5,15,53.3,0,LWB:8 | LW:5 | RW:1 | CAM:1,lineup_history,Midfielder,LWB,0.246,0.246,1.294,0.739,31.109,1.663,2.957,0.986,2.402,0.678,57.11,28.226,Manchester United,1
135,Serie A,2025,503,Torino,383006,A. Njie,Alieu Eybi,Njie,20.0,Sweden,171,60,https://media.api-sports.io/football/players/383006.png,Attacker,15.0,2.0,311.0,6.67,1.0,1.0,6.0,3.0,61.0,3.0,72.0,6.0,,0.0,15.0,7.0,55.0,25.0,8.0,8.0,2.0,0.0,ST,0,W,0,0,57.3,0,,statistical_fallback,Attacker,ST,0.289,0.289,1.736,0.868,17.653,0.868,1.736,0.0,4.341,2.026,50.0,46.671,Torino,1
135,Serie A,2025,490,Cagliari,383018,M. Palestra,Marco,Palestra,20.0,Italy,186,80,https://media.api-sports.io/football/players/383018.png,Midfielder,37.0,34.0,3084.0,7.05,1.0,4.0,20.0,7.0,867.0,33.0,85.0,55.0,3.0,20.0,135.0,70.0,416.0,248.0,108.0,41.0,3.0,0.0,W,0,CAM,0,0,59.1,0,,statistical_fallback,Midfielder,W,0.029,0.117,0.584,0.204,25.302,0.963,1.605,0.584,3.94,2.043,34.932,51.853,Cagliari,1
135,Serie A,2025,490,Cagliari,383026,Riyad Idrissi,Riyad,Idrissi,20.0,Morocco,182,69,https://media.api-sports.io/football/players/383026.png,Defender,23.0,4.0,781.0,6.62,2.0,0.0,6.0,6.0,287.0,6.0,79.0,21.0,4.0,8.0,14.0,8.0,78.0,36.0,6.0,9.0,3.0,0.0,FB,0,,0,0,60.6,0,,statistical_fallback,Defender,FB,0.23,0.0,0.691,0.691,33.073,0.691,2.42,0.922,1.613,0.922,100.0,57.161,Cagliari,1
78,Bundesliga,2025,173,RB Leipzig,383665,T. Gomis,Tidiam,Gomis,19.0,France,182,71,https://media.api-sports.io/football/players/383665.png,Attacker,18.0,2.0,356.0,6.47,1.0,0.0,5.0,3.0,105.0,2.0,84.0,4.0,1.0,0.0,29.0,10.0,56.0,21.0,3.0,4.0,1.0,0.0,ST,0,W,0,0,56.2,0,,statistical_fallback,Attacker,ST,0.253,0.0,1.264,0.758,26.545,0.506,1.011,0.0,7.331,2.528,59.968,34.484,RB Leipzig,1
39,Premier League,2025,51,Brighton,383685,Y. Minteh,Yankuba,Minteh Moat,21.0,Gambia,180,65,https://media.api-sports.io/football/players/383685.png,Midfielder,34.0,26.0,2398.0,6.85,3.0,4.0,26.0,11.0,628.0,46.0,67.0,55.0,,17.0,121.0,65.0,335.0,161.0,22.0,32.0,3.0,0.0,RW,19,LW,7,26,73.1,0,RW:19 | LW:7,lineup_history,Midfielder,RW,0.113,0.15,0.976,0.413,23.57,1.726,2.064,0.638,4.541,2.44,42.316,53.733,Brighton,1
140,La Liga,2025,531,Athletic Club,383780,Mikel Jauregizar,Mikel,Jauregizar Alboniga,22.0,Spain,177,74,https://media.api-sports.io/football/players/383780.png,Midfielder,36.0,34.0,2843.0,6.74,2.0,0.0,20.0,11.0,1344.0,28.0,80.0,68.0,3.0,46.0,29.0,10.0,338.0,158.0,34.0,49.0,5.0,0.0,CDM,0,CM,0,0,60.3,0,,statistical_fallback,Midfielder,CDM,0.063,0.0,0.633,0.348,42.547,0.886,2.153,1.456,0.918,0.317,54.976,34.532,Athletic Club,1
61,Ligue 1,2025,97,Lorient,384112,P. Katseris,Panos,Katseris,24.0,Greece,187,,https://media.api-sports.io/football/players/384112.png,Defender,16.0,8.0,749.0,6.83,1.0,2.0,5.0,4.0,252.0,10.0,79.0,12.0,1.0,11.0,25.0,10.0,99.0,42.0,14.0,13.0,3.0,0.0,FB,0,,0,0,65.1,0,,statistical_fallback,Defender,FB,0.12,0.24,0.601,0.481,30.28,1.202,1.442,1.322,3.004,1.202,80.033,40.013,Lorient,1
140,La Liga,2025,538,Celta Vigo,384135,Javi Rodríguez,Javier,Rodríguez Galiano,22.0,Spain,178,70,https://media.api-sports.io/football/players/384135.png,Defender,33.0,28.0,2562.0,6.77,0.0,1.0,10.0,2.0,1842.0,10.0,90.0,38.0,18.0,26.0,16.0,8.0,205.0,105.0,33.0,33.0,5.0,0.0,FB,0,,0,0,55.4,0,,statistical_fallback,Defender,FB,0.0,0.035,0.351,0.07,64.707,0.351,1.335,0.913,0.562,0.281,19.943,50.0,Celta Vigo,1
135,Serie A,2025,497,AS Roma,384543,J. Ziółkowski,Jan,Ziółkowski,20.0,Poland,194,76,https://media.api-sports.io/football/players/384543.png,Defender,18.0,5.0,527.0,6.81,0.0,0.0,2.0,0.0,254.0,1.0,83.0,19.0,5.0,8.0,0.0,0.0,84.0,50.0,8.0,12.0,3.0,0.0,CB,0,,0,0,68.1,0,,statistical_fallback,Defender,CB,0.0,0.0,0.342,0.0,43.378,0.171,3.245,1.366,0.0,0.0,0.0,0.0,AS Roma,1
61,Ligue 1,2025,77,Angers,385569,E. Biumla,Emmanuel Junior,Biumla Bayiha,20.0,France,185,75,https://media.api-sports.io/football/players/385569.png,Midfielder,9.0,3.0,394.0,6.38,0.0,0.0,2.0,0.0,167.0,0.0,86.0,7.0,2.0,3.0,1.0,0.0,38.0,17.0,6.0,8.0,0.0,0.0,CM,0,,0,0,58.0,0,,statistical_fallback,Midfielder,CM,0.0,0.0,0.457,0.0,38.147,0.0,1.599,0.685,0.228,0.0,0.0,0.0,Angers,1
135,Serie A,2025,520,Cremonese,385788,F. Folino,Francesco,Folino,23.0,Italy,192,,https://media.api-sports.io/football/players/385788.png,Defender,18.0,7.0,738.0,6.68,1.0,0.0,2.0,1.0,311.0,1.0,80.0,8.0,9.0,3.0,3.0,0.0,61.0,33.0,9.0,11.0,1.0,0.0,CB,0,,0,0,59.5,0,,statistical_fallback,Defender,CB,0.122,0.0,0.244,0.122,37.927,0.122,0.976,0.366,0.366,0.0,50.0,0.0,Cremonese,1
61,Ligue 1,2025,79,Lille,386287,E. Mbappé,Ethan,Mbappé Lottin,19.0,France,176,70,https://media.api-sports.io/football/players/386287.png,Midfielder,18.0,4.0,568.0,6.85,3.0,1.0,10.0,7.0,237.0,15.0,82.0,14.0,,3.0,20.0,6.0,71.0,29.0,9.0,7.0,1.0,0.0,W,0,CAM,0,0,56.6,0,,statistical_fallback,Midfielder,W,0.475,0.158,1.585,1.109,37.553,2.377,2.218,0.475,3.169,0.951,69.968,30.009,Lille,1
135,Serie A,2025,895,Como,386305,Jacobo Ramón Naveros,Jacobo Ramón,Naveros,20.0,Spain,195,80,https://media.api-sports.io/football/players/386305.png,Defender,32.0,30.0,2743.0,7.18,2.0,0.0,29.0,9.0,2121.0,11.0,91.0,50.0,17.0,37.0,12.0,7.0,299.0,182.0,12.0,33.0,11.0,1.0,CB,0,,0,0,61.8,0,,statistical_fallback,Defender,CB,0.066,0.0,0.952,0.295,69.592,0.361,1.641,1.214,0.394,0.23,30.987,58.376,Como,1
140,La Liga,2025,529,Barcelona,386828,Lamine Yamal,Lamine,Yamal Nasraoui Ebana,18.0,Spain,179,72,https://media.api-sports.io/football/players/386828.png,Midfielder,28.0,26.0,2268.0,7.95,16.0,11.0,85.0,37.0,1349.0,72.0,81.0,36.0,,9.0,244.0,135.0,418.0,223.0,52.0,28.0,1.0,0.0,W,0,CAM,0,0,55.2,0,,statistical_fallback,Midfielder,W,0.635,0.437,3.373,1.468,53.532,2.857,1.429,0.357,9.683,5.357,43.522,55.324,Barcelona,1
140,La Liga,2025,797,Elche,386859,Héctor Fort,Héctor,Fort García,19.0,Spain,185,78,https://media.api-sports.io/football/players/386859.png,Defender,14.0,7.0,500.0,6.68,2.0,2.0,7.0,5.0,162.0,4.0,83.0,12.0,1.0,6.0,19.0,8.0,59.0,27.0,1.0,5.0,0.0,0.0,FB,0,,0,0,65.6,0,,statistical_fallback,Defender,FB,0.36,0.36,1.26,0.9,29.16,0.72,2.16,1.08,3.42,1.44,71.429,42.105,Elche,1
140,La Liga,2025,530,Atletico Madrid,386870,Julio Díaz del Romo,Julio Díaz,del Romo,20.0,Spain,174 cm,,https://media.api-sports.io/football/players/386870.png,Midfielder,4.0,4.0,311.0,6.63,0.0,1.0,0.0,0.0,139.0,6.0,89.0,6.0,,4.0,10.0,7.0,34.0,18.0,3.0,4.0,2.0,0.0,W,0,CAM,0,0,58.6,0,,statistical_fallback,Midfielder,W,0.0,0.289,0.0,0.0,40.225,1.736,1.736,1.158,2.894,2.026,0.0,70.007,Atletico Madrid,1
135,Serie A,2025,495,Genoa,387128,S. Otoa,Sebastian,Otoa,21.0,Denmark,188,75,https://media.api-sports.io/football/players/387128.png,Defender,13.0,9.0,843.0,6.71,0.0,0.0,2.0,2.0,362.0,0.0,90.0,11.0,11.0,9.0,4.0,3.0,68.0,48.0,13.0,5.0,1.0,0.0,CB,0,,0,0,60.9,0,,statistical_fallback,Defender,CB,0.0,0.0,0.214,0.214,38.648,0.0,1.174,0.961,0.427,0.32,100.0,74.941,Genoa,1
78,Bundesliga,2025,175,Hamburger SV,387521,L. Vušković,Luka,Vušković,18.0,Croatia,193,86,https://media.api-sports.io/football/players/387521.png,Defender,28.0,27.0,2441.0,7.26,6.0,0.0,26.0,10.0,1534.0,11.0,83.0,22.0,26.0,40.0,9.0,8.0,306.0,207.0,32.0,29.0,6.0,0.0,CB,0,,0,0,63.4,0,,statistical_fallback,Defender,CB,0.221,0.0,0.959,0.369,56.559,0.406,0.811,1.475,0.332,0.295,38.478,88.855,Hamburger SV,1
78,Bundesliga,2025,167,1899 Hoffenheim,387643,B. Touré,Bazoumana,Touré,19.0,Côte d'Ivoire,173,74,https://media.api-sports.io/football/players/387643.png,Attacker,30.0,29.0,2325.0,6.9,5.0,9.0,33.0,13.0,662.0,46.0,75.0,34.0,2.0,6.0,112.0,48.0,359.0,152.0,29.0,44.0,2.0,0.0,W,0,,0,0,63.6,0,,statistical_fallback,Attacker,W,0.194,0.348,1.277,0.503,25.626,1.781,1.316,0.232,4.335,1.858,39.389,42.86,1899 Hoffenheim,1
78,Bundesliga,2025,167,1899 Hoffenheim,387973,Max Moerstedt,Max,Moerstedt,19.0,Germany,194,77,https://media.api-sports.io/football/players/387973.png,Attacker,22.0,1.0,411.0,6.53,2.0,0.0,6.0,4.0,105.0,2.0,73.0,7.0,1.0,0.0,7.0,4.0,79.0,31.0,10.0,14.0,2.0,0.0,ST,0,,0,0,62.1,0,,statistical_fallback,Attacker,ST,0.438,0.0,1.314,0.876,22.993,0.438,1.533,0.0,1.533,0.876,66.667,57.143,1899 Hoffenheim,1
135,Serie A,2025,503,Torino,388547,Luca Marianucci,Luca,Marianucci,21.0,Italy,186,75,https://media.api-sports.io/football/players/388547.png,Defender,10.0,6.0,573.0,6.66,0.0,0.0,1.0,0.0,286.0,5.0,79.0,13.0,3.0,9.0,5.0,2.0,67.0,32.0,3.0,9.0,2.0,0.0,FB,0,,0,0,57.3,0,,statistical_fallback,Defender,FB,0.0,0.0,0.157,0.0,44.921,0.785,2.042,1.414,0.785,0.314,0.0,40.0,Torino,1
61,Ligue 1,2025,83,Nantes,388779,D. Assoumani,Dehmaine,Tabibou Assoumani,20.0,France,181,73,https://media.api-sports.io/football/players/388779.png,Midfielder,27.0,14.0,1282.0,6.63,1.0,0.0,19.0,7.0,401.0,20.0,73.0,30.0,,17.0,37.0,20.0,160.0,80.0,20.0,23.0,4.0,1.0,CM,0,,0,0,58.0,0,,statistical_fallback,Midfielder,CM,0.07,0.0,1.334,0.491,28.151,1.404,2.106,1.193,2.598,1.404,36.807,54.042,Nantes,1
78,Bundesliga,2025,172,VfB Stuttgart,388871,José María Andrés Baixauli,José María,Andrés Baixauli,20.0,Spain,190,82,https://media.api-sports.io/football/players/388871.png,Midfielder,25.0,14.0,1327.0,6.97,3.0,0.0,12.0,6.0,727.0,15.0,84.0,30.0,11.0,32.0,2.0,2.0,160.0,90.0,7.0,20.0,5.0,0.0,CDM,0,CM,0,0,63.2,0,,statistical_fallback,Midfielder,CDM,0.203,0.0,0.814,0.407,49.307,1.017,2.035,2.17,0.136,0.136,50.0,100.0,VfB Stuttgart,1
39,Premier League,2025,36,Fulham,389315,Joshua King,Joshua,King,18.0,England,187,74,https://media.api-sports.io/football/players/389315.png,Midfielder,32.0,15.0,1319.0,6.62,1.0,2.0,21.0,11.0,347.0,15.0,79.0,27.0,5.0,3.0,37.0,16.0,153.0,76.0,30.0,13.0,4.0,0.0,CAM,14,ST,1,15,93.3,0,CAM:14 | ST:1,lineup_history,Midfielder,CAM,0.068,0.136,1.433,0.751,23.677,1.024,1.842,0.205,2.525,1.092,52.408,43.248,Fulham,1
61,Ligue 1,2025,114,Paris FC,389322,N. Sangui,Nhoa,Sangui,19.0,France,178,67,https://media.api-sports.io/football/players/389322.png,Defender,26.0,18.0,1752.0,6.59,0.0,0.0,3.0,1.0,764.0,17.0,86.0,26.0,5.0,17.0,25.0,10.0,102.0,60.0,17.0,5.0,0.0,0.0,FB,0,,0,0,61.7,0,,statistical_fallback,Defender,FB,0.0,0.0,0.154,0.051,39.247,0.873,1.336,0.873,1.284,0.514,33.117,40.031,Paris FC,1
78,Bundesliga,2025,167,1899 Hoffenheim,390586,L. Avdullahu,Leon,Avdullahu,21.0,Switzerland,185,79,https://media.api-sports.io/football/players/390586.png,Midfielder,33.0,32.0,2838.0,7.07,0.0,1.0,9.0,2.0,2044.0,22.0,89.0,47.0,6.0,34.0,18.0,8.0,211.0,99.0,12.0,26.0,5.0,0.0,CM,0,,0,0,58.0,0,,statistical_fallback,Midfielder,CM,0.0,0.032,0.285,0.063,64.82,0.698,1.49,1.078,0.571,0.254,22.105,44.483,1899 Hoffenheim,1
61,Ligue 1,2025,95,Strasbourg,390742,J. Panichelli,Joaquín,Panichelli,23.0,Argentina,186,82,https://media.api-sports.io/football/players/390742.png,Attacker,27.0,24.0,2195.0,6.85,16.0,1.0,51.0,31.0,466.0,22.0,72.0,26.0,8.0,12.0,30.0,11.0,307.0,138.0,44.0,43.0,3.0,0.0,ST,0,,0,0,63.6,0,,statistical_fallback,Attacker,ST,0.656,0.041,2.091,1.271,19.107,0.902,1.066,0.492,1.23,0.451,60.784,36.667,Strasbourg,1
140,La Liga,2025,538,Celta Vigo,391822,Fer López,Fernando,López González,21.0,Spain,188,76,https://media.api-sports.io/football/players/391822.png,Attacker,17.0,13.0,1174.0,6.8,1.0,1.0,9.0,5.0,581.0,13.0,86.0,20.0,2.0,8.0,37.0,21.0,140.0,64.0,18.0,24.0,3.0,0.0,CAM,1,CM,1,2,50.0,0,CAM:1 | CM:1,lineup_history,Attacker,CAM,0.077,0.077,0.69,0.383,44.54,0.997,1.533,0.613,2.836,1.61,55.507,56.77,Celta Vigo,1
39,Premier League,2025,51,Brighton,392482,C. Kostoulas,Charalampos,Kostoulas,18.0,Greece,,,https://media.api-sports.io/football/players/392482.png,Attacker,21.0,2.0,386.0,6.66,2.0,1.0,16.0,8.0,127.0,10.0,74.0,11.0,,1.0,27.0,11.0,109.0,51.0,7.0,7.0,2.0,0.0,ST,2,,0,2,100.0,0,ST:2,lineup_history,Attacker,ST,0.466,0.233,3.731,1.865,29.611,2.332,2.565,0.233,6.295,2.565,49.987,40.747,Brighton,1
140,La Liga,2025,546,Getafe,394573,Adrian Liso,Adrian,Liso Lahoz,20.0,Spain,182,70,https://media.api-sports.io/football/players/394573.png,Attacker,28.0,21.0,1723.0,6.58,3.0,0.0,16.0,10.0,273.0,4.0,69.0,29.0,2.0,4.0,47.0,15.0,315.0,122.0,43.0,39.0,4.0,0.0,ST,0,,0,0,57.1,0,,statistical_fallback,Attacker,ST,0.157,0.0,0.836,0.522,14.26,0.209,1.515,0.209,2.455,0.784,62.44,31.935,Getafe,1
78,Bundesliga,2025,172,VfB Stuttgart,394734,Finn Jeltsch,Finn,Jeltsch,19.0,Germany,187,86,https://media.api-sports.io/football/players/394734.png,Defender,23.0,17.0,1512.0,6.75,0.0,1.0,2.0,0.0,1044.0,5.0,90.0,24.0,14.0,19.0,7.0,5.0,133.0,73.0,16.0,13.0,3.0,0.0,CB,0,,0,0,57.6,0,,statistical_fallback,Defender,CB,0.0,0.06,0.119,0.0,62.143,0.298,1.429,1.131,0.417,0.298,0.0,71.463,VfB Stuttgart,1
61,Ligue 1,2025,116,Lens,394950,A. Bulatović,Andrija,Bulatović,19.0,Montenegro,180,71,https://media.api-sports.io/football/players/394950.png,Midfielder,19.0,6.0,787.0,6.73,0.0,4.0,9.0,5.0,336.0,16.0,82.0,33.0,2.0,9.0,21.0,6.0,117.0,61.0,20.0,19.0,2.0,0.0,W,0,CAM,0,0,56.4,0,,statistical_fallback,Midfielder,W,0.0,0.457,1.029,0.572,38.424,1.83,3.774,1.029,2.402,0.686,55.588,28.56,Lens,1
61,Ligue 1,2025,91,Monaco,395040,G. Ilenikhena,George,Ilenikhena,19.0,France,185,76,https://media.api-sports.io/football/players/395040.png,Attacker,15.0,3.0,386.0,6.49,2.0,0.0,13.0,7.0,53.0,3.0,73.0,1.0,1.0,0.0,11.0,1.0,48.0,16.0,6.0,2.0,0.0,0.0,ST,0,,0,0,63.9,0,,statistical_fallback,Attacker,ST,0.466,0.0,3.031,1.632,12.358,0.699,0.233,0.0,2.565,0.233,53.844,9.084,Monaco,1
61,Ligue 1,2025,116,Lens,395589,N. Äelik,Nidal,Čelik,19.0,Bosnia and Herzegovina,189,,https://media.api-sports.io/football/players/395589.png,Defender,8.0,8.0,618.0,6.61,0.0,0.0,1.0,1.0,322.0,0.0,91.0,20.0,5.0,9.0,5.0,1.0,52.0,28.0,1.0,13.0,2.0,0.0,CB,0,,0,0,61.1,0,,statistical_fallback,Defender,CB,0.0,0.0,0.146,0.146,46.893,0.0,2.913,1.311,0.728,0.146,100.0,20.055,Lens,1
61,Ligue 1,2025,95,Strasbourg,395762,M. Amougou,Mathis,Amougou,19.0,France,177,65,https://media.api-sports.io/football/players/395762.png,Midfielder,12.0,4.0,406.0,6.61,0.0,0.0,3.0,2.0,229.0,5.0,89.0,17.0,1.0,2.0,9.0,4.0,46.0,25.0,4.0,4.0,1.0,0.0,CDM,0,CM,0,0,59.0,0,,statistical_fallback,Midfielder,CDM,0.0,0.0,0.665,0.443,50.764,1.108,3.768,0.443,1.995,0.887,66.617,44.461,Strasbourg,1
61,Ligue 1,2025,95,Strasbourg,396193,L. Høgsberg,Lucas,Høgsberg,19.0,Denmark,182,69,https://media.api-sports.io/football/players/396193.png,Defender,24.0,21.0,1796.0,6.79,0.0,0.0,3.0,1.0,1324.0,1.0,92.0,21.0,21.0,13.0,1.0,1.0,95.0,51.0,13.0,16.0,3.0,0.0,CB,0,,0,0,61.8,0,,statistical_fallback,Defender,CB,0.0,0.0,0.15,0.05,66.347,0.05,1.052,0.651,0.05,0.05,33.333,100.0,Strasbourg,1
135,Serie A,2025,489,AC Milan,396380,Z. Athekame,Zachary,Athekame,21.0,Switzerland,181,74,https://media.api-sports.io/football/players/396380.png,Defender,27.0,7.0,850.0,6.74,2.0,2.0,9.0,4.0,358.0,12.0,80.0,15.0,,3.0,12.0,5.0,79.0,42.0,12.0,16.0,3.0,0.0,FB,0,,0,0,67.6,0,,statistical_fallback,Defender,FB,0.212,0.212,0.953,0.424,37.906,1.271,1.588,0.318,1.271,0.529,44.491,41.621,AC Milan,1
140,La Liga,2025,529,Barcelona,396623,Pau Cubarsí Paredes,Pau,Cubarsí Paredes,18.0,Spain,183,79,https://media.api-sports.io/football/players/396623.png,Defender,31.0,31.0,2708.0,7.21,1.0,0.0,7.0,2.0,2771.0,5.0,94.0,41.0,12.0,30.0,1.0,1.0,195.0,117.0,9.0,25.0,3.0,0.0,CB,0,,0,0,62.1,0,,statistical_fallback,Defender,CB,0.033,0.0,0.233,0.066,92.094,0.166,1.363,0.997,0.033,0.033,28.326,100.0,Barcelona,1
135,Serie A,2025,502,Fiorentina,396637,P. Comuzzo,Pietro,Comuzzo,20.0,Italy,185,75,https://media.api-sports.io/football/players/396637.png,Defender,27.0,18.0,1700.0,6.65,1.0,0.0,9.0,2.0,992.0,3.0,90.0,32.0,14.0,24.0,2.0,1.0,137.0,69.0,4.0,24.0,2.0,0.0,CB,0,,0,0,62.4,0,,statistical_fallback,Defender,CB,0.053,0.0,0.476,0.106,52.518,0.159,1.694,1.271,0.106,0.053,22.269,50.0,Fiorentina,1
135,Serie A,2025,895,Como,400948,Assane Diao,Assane,Diao Diaoune,20.0,Spain,185,80,https://media.api-sports.io/football/players/400948.png,Attacker,17.0,13.0,1089.0,6.76,2.0,1.0,17.0,10.0,324.0,9.0,79.0,16.0,1.0,4.0,69.0,27.0,195.0,90.0,39.0,15.0,2.0,0.0,ST,0,W,0,0,57.5,0,,statistical_fallback,Attacker,ST,0.165,0.083,1.405,0.826,26.777,0.744,1.322,0.331,5.702,2.231,58.79,39.127,Como,1
61,Ligue 1,2025,97,Lorient,402265,A. Avom,Arthur,Ebong Avom,21.0,Cameroon,185,,https://media.api-sports.io/football/players/402265.png,Midfielder,31.0,22.0,2115.0,7.03,2.0,1.0,15.0,6.0,1271.0,31.0,83.0,55.0,3.0,30.0,39.0,21.0,227.0,121.0,39.0,23.0,3.0,0.0,CDM,0,CM,0,0,58.5,0,,statistical_fallback,Midfielder,CDM,0.085,0.043,0.638,0.255,54.085,1.319,2.34,1.277,1.66,0.894,39.969,53.855,Lorient,1
39,Premier League,2025,33,Manchester United,402329,A. Heaven,Ayden,Heaven,19.0,England,189,77,https://media.api-sports.io/football/players/402329.png,Defender,17.0,11.0,938.0,6.91,0.0,1.0,2.0,0.0,494.0,2.0,90.0,22.0,11.0,1.0,8.0,6.0,80.0,55.0,9.0,7.0,2.0,0.0,CB,11,,0,11,100.0,0,CB:11,lineup_history,Defender,CB,0.0,0.096,0.192,0.0,47.399,0.192,2.111,0.096,0.768,0.576,0.0,75.0,Manchester United,1
61,Ligue 1,2025,97,Lorient,402386,K. Kouassi,Kan Guy Arsène,Kouassi,21.0,Côte d'Ivoire,188,,https://media.api-sports.io/football/players/402386.png,Midfielder,31.0,30.0,2612.0,6.91,2.0,6.0,8.0,5.0,874.0,32.0,86.0,26.0,3.0,23.0,69.0,37.0,215.0,123.0,53.0,15.0,4.0,0.0,CM,0,,0,0,58.0,0,,statistical_fallback,Midfielder,CM,0.069,0.207,0.276,0.172,30.115,1.103,0.896,0.792,2.377,1.275,62.319,53.639,Lorient,1
61,Ligue 1,2025,77,Angers,403277,L. Machine,Lanroy,Machine,20.0,France,,,https://media.api-sports.io/football/players/403277.png,Attacker,22.0,3.0,515.0,6.45,1.0,0.0,12.0,4.0,116.0,4.0,79.0,8.0,,0.0,12.0,5.0,79.0,28.0,5.0,9.0,1.0,0.0,ST,0,,0,0,58.5,0,,statistical_fallback,Attacker,ST,0.175,0.0,2.097,0.699,20.272,0.699,1.398,0.0,2.097,0.874,33.333,41.679,Angers,1
61,Ligue 1,2025,112,Metz,403878,P. Sy,Pape Mamadou,Sy,28.0,Senegal,206,,https://media.api-sports.io/football/players/403878.png,Goalkeeper,8.0,8.0,707.0,7.01,0.0,0.0,0.0,0.0,204.0,0.0,66.0,1.0,,0.0,0.0,0.0,6.0,6.0,4.0,,0.0,0.0,GK,0,,0,0,100.0,0,,statistical_fallback,Goalkeeper,GK,0.0,0.0,0.0,0.0,25.969,0.0,0.127,0.0,0.0,0.0,0.0,0.0,Metz,1
61,Ligue 1,2025,84,Nice,404172,K. Peprah Oppong,Kojo,Peprah Oppong,21.0,Ghana,,,https://media.api-sports.io/football/players/404172.png,Defender,31.0,30.0,2608.0,6.82,1.0,0.0,7.0,3.0,1566.0,6.0,92.0,49.0,18.0,28.0,17.0,12.0,228.0,143.0,30.0,31.0,4.0,0.0,CB,0,,0,0,58.3,0,,statistical_fallback,Defender,CB,0.035,0.0,0.242,0.104,54.041,0.207,1.691,0.966,0.587,0.414,42.975,70.528,Nice,1
78,Bundesliga,2025,192,1. FC Köln,404656,Jahmai Simpson-Pusey,Jahmai,Simpson-Pusey,20.0,England,187,79,https://media.api-sports.io/football/players/404656.png,Defender,11.0,10.0,866.0,6.6,0.0,0.0,4.0,3.0,538.0,2.0,86.0,9.0,7.0,13.0,3.0,3.0,58.0,40.0,4.0,4.0,2.0,1.0,CB,0,,0,0,60.8,0,,statistical_fallback,Defender,CB,0.0,0.0,0.416,0.312,55.912,0.208,0.935,1.351,0.312,0.312,75.0,100.0,1. FC Köln,1
140,La Liga,2025,548,Real Sociedad,405073,Jon Martín,Jon,Martín Vicente,19.0,Spain,185,83,https://media.api-sports.io/football/players/405073.png,Defender,25.0,25.0,2250.0,6.84,2.0,0.0,12.0,5.0,1356.0,2.0,91.0,31.0,24.0,34.0,12.0,8.0,206.0,135.0,12.0,18.0,6.0,0.0,CB,0,,0,0,62.9,0,,statistical_fallback,Defender,CB,0.08,0.0,0.48,0.2,54.24,0.08,1.24,1.36,0.48,0.32,41.667,66.667,Real Sociedad,1
61,Ligue 1,2025,84,Nice,405237,K. Boudache,Kaïl,Boudache,17.0,France,,,https://media.api-sports.io/football/players/405237.png,Attacker,14.0,3.0,580.0,6.69,2.0,0.0,11.0,4.0,135.0,5.0,74.0,13.0,,6.0,21.0,6.0,90.0,29.0,4.0,6.0,1.0,0.0,ST,0,W,0,0,56.4,0,,statistical_fallback,Attacker,ST,0.31,0.0,1.707,0.621,20.948,0.776,2.017,0.931,3.259,0.931,36.38,28.567,Nice,1
135,Serie A,2025,495,Genoa,405239,Alexsandro Amorim,Alexsandro,Amorim de Freitas Filho,20.0,Brazil,177,68,https://media.api-sports.io/football/players/405239.png,Midfielder,11.0,6.0,561.0,6.76,0.0,0.0,0.0,0.0,282.0,11.0,85.0,16.0,2.0,8.0,9.0,7.0,72.0,42.0,18.0,7.0,1.0,0.0,CDM,0,CM,0,0,67.2,0,,statistical_fallback,Midfielder,CDM,0.0,0.0,0.0,0.0,45.241,1.765,2.567,1.283,1.444,1.123,0.0,77.77,Genoa,1
39,Premier League,2025,45,Everton,405360,H. Armstrong,Harrison,Armstrong,18.0,England,185,70,https://media.api-sports.io/football/players/405360.png,Midfielder,13.0,6.0,549.0,6.69,0.0,0.0,4.0,2.0,205.0,4.0,80.0,13.0,1.0,4.0,8.0,2.0,64.0,35.0,15.0,6.0,0.0,0.0,CAM,2,LW,2,6,33.3,0,CAM:2 | LW:2 | CM:1 | RW:1,lineup_history,Midfielder,CAM,0.0,0.0,0.656,0.328,33.607,0.656,2.131,0.656,1.311,0.328,50.0,25.019,Everton,1
78,Bundesliga,2025,160,SC Freiburg,406244,J. Manzambi,Johan,Manzambi,20.0,Switzerland,182,75,https://media.api-sports.io/football/players/406244.png,Midfielder,27.0,26.0,2094.0,7.21,5.0,4.0,37.0,13.0,940.0,19.0,84.0,35.0,2.0,27.0,63.0,33.0,304.0,179.0,78.0,22.0,4.0,2.0,W,0,CAM,0,0,57.8,0,,statistical_fallback,Midfielder,W,0.215,0.172,1.59,0.559,40.401,0.817,1.504,1.16,2.708,1.418,35.157,52.363,SC Freiburg,1
61,Ligue 1,2025,95,Strasbourg,406303,K. Páez,Ray Kendry,Páez Andrade,18.0,Ecuador,178,71,https://media.api-sports.io/football/players/406303.png,Midfielder,15.0,4.0,431.0,6.5,1.0,0.0,8.0,4.0,159.0,6.0,77.0,6.0,,3.0,19.0,6.0,65.0,17.0,3.0,7.0,0.0,0.0,W,0,CAM,0,0,56.1,0,,statistical_fallback,Midfielder,W,0.209,0.0,1.671,0.835,33.202,1.253,1.253,0.626,3.968,1.253,49.97,31.578,Strasbourg,1
39,Premier League,2025,35,Bournemouth,407806,Rayan,Rayan Vitor,Simplício Rocha,19.0,Brazil,187,81,https://media.api-sports.io/football/players/407806.png,Attacker,15.0,13.0,1119.0,6.97,5.0,2.0,17.0,8.0,318.0,14.0,78.0,11.0,,8.0,34.0,13.0,135.0,55.0,6.0,9.0,1.0,0.0,RW,12,LW,1,13,92.3,0,RW:12 | LW:1,lineup_history,Attacker,RW,0.402,0.161,1.367,0.643,25.576,1.126,0.885,0.643,2.735,1.046,47.037,38.245,Bournemouth,1
140,La Liga,2025,539,Levante,408320,Jorge Cabello,Jorge,Cabello Trujillo,21.0,Spain,180,71,https://media.api-sports.io/football/players/408320.png,Defender,5.0,4.0,364.0,6.36,0.0,0.0,0.0,0.0,123.0,0.0,86.0,7.0,4.0,0.0,2.0,2.0,30.0,18.0,3.0,3.0,1.0,0.0,CB,0,,0,0,55.3,0,,statistical_fallback,Defender,CB,0.0,0.0,0.0,0.0,30.412,0.0,1.731,0.0,0.495,0.495,0.0,100.0,Levante,1
135,Serie A,2025,801,Pisa,408635,E. Akinsanmiro,Ebenezer,Akinsanmiro,21.0,Nigeria,184,70,https://media.api-sports.io/football/players/408635.png,Midfielder,24.0,16.0,1445.0,6.81,0.0,1.0,11.0,3.0,509.0,16.0,85.0,39.0,6.0,27.0,40.0,21.0,196.0,102.0,28.0,30.0,2.0,0.0,CDM,0,CM,0,0,62.2,0,,statistical_fallback,Midfielder,CDM,0.0,0.062,0.685,0.187,31.702,0.997,2.429,1.682,2.491,1.308,27.299,52.509,Pisa,1
61,Ligue 1,2025,112,Metz,408870,Ibou Sané,Ibou,Sané,20.0,Senegal,179,71,https://media.api-sports.io/football/players/408870.png,Attacker,16.0,5.0,555.0,6.69,1.0,1.0,5.0,3.0,131.0,5.0,82.0,7.0,,1.0,10.0,2.0,57.0,29.0,15.0,8.0,2.0,0.0,ST,0,W,0,0,56.9,0,,statistical_fallback,Attacker,ST,0.162,0.162,0.811,0.486,21.243,0.811,1.135,0.162,1.622,0.324,59.926,19.975,Metz,1
61,Ligue 1,2025,85,Paris Saint Germain,409216,Senny Mayulu,Senny,Mayulu,19.0,France,183,69,https://media.api-sports.io/football/players/409216.png,Midfielder,26.0,21.0,1681.0,6.8,4.0,4.0,29.0,11.0,767.0,39.0,89.0,48.0,1.0,11.0,41.0,16.0,192.0,92.0,20.0,26.0,2.0,0.0,W,0,CAM,0,0,56.3,0,,statistical_fallback,Midfielder,W,0.214,0.214,1.553,0.589,41.065,2.088,2.57,0.589,2.195,0.857,37.927,39.043,Paris Saint Germain,1
39,Premier League,2025,48,West Ham,409303,E. Diouf,El Hadji Malick,Diouf,21.0,Senegal,183,,https://media.api-sports.io/football/players/409303.png,Midfielder,32.0,30.0,2716.0,6.74,0.0,5.0,13.0,4.0,1037.0,30.0,74.0,44.0,13.0,33.0,47.0,23.0,255.0,137.0,25.0,28.0,6.0,0.0,LB,22,LWB,8,30,73.3,0,LB:22 | LWB:8,lineup_history,Midfielder,LB,0.0,0.166,0.431,0.133,34.363,0.994,1.458,1.094,1.557,0.762,30.858,48.94,West Ham,1
39,Premier League,2025,35,Bournemouth,412719,Veljko Milosavljević,Veljko,Milosavljević,18.0,Serbia,192,,https://media.api-sports.io/football/players/412719.png,Defender,7.0,4.0,375.0,6.78,0.0,0.0,1.0,0.0,190.0,1.0,84.0,5.0,5.0,4.0,1.0,1.0,36.0,17.0,,,0.0,0.0,CB,4,,0,4,100.0,0,CB:4,lineup_history,Defender,CB,0.0,0.0,0.24,0.0,45.6,0.24,1.2,0.96,0.24,0.24,0.0,100.0,Bournemouth,1
39,Premier League,2025,52,Crystal Palace,412759,J. Canvot,Jaydee,Canvot,19.0,France,188,75,https://media.api-sports.io/football/players/412759.png,Defender,20.0,14.0,1347.0,6.87,0.0,0.0,7.0,1.0,765.0,3.0,88.0,39.0,13.0,12.0,4.0,2.0,141.0,85.0,7.0,12.0,3.0,0.0,CB,14,,0,14,100.0,0,CB:14,lineup_history,Defender,CB,0.0,0.0,0.468,0.067,51.114,0.2,2.606,0.802,0.267,0.134,14.316,50.187,Crystal Palace,1
78,Bundesliga,2025,170,FC Augsburg,413065,Noahkai Kai Daniel Banks,Noahkai Kai Daniel,Banks,19.0,USA,193,93,https://media.api-sports.io/football/players/413065.png,Defender,23.0,20.0,1738.0,6.92,1.0,1.0,6.0,5.0,881.0,7.0,90.0,42.0,13.0,16.0,9.0,5.0,172.0,100.0,18.0,29.0,8.0,0.0,FB,0,,0,0,55.1,0,,statistical_fallback,Defender,FB,0.052,0.052,0.311,0.259,45.621,0.362,2.175,0.829,0.466,0.259,83.28,55.579,FC Augsburg,1
140,La Liga,2025,547,Girona,414359,Vitor Nunes,Vitor,de Oliveira Nunes dos Reis,19.0,Brazil,186,67,https://media.api-sports.io/football/players/414359.png,Defender,36.0,35.0,3138.0,6.89,1.0,1.0,15.0,4.0,1924.0,9.0,90.0,49.0,40.0,34.0,11.0,8.0,295.0,168.0,24.0,40.0,8.0,1.0,CB,0,,0,0,59.2,0,,statistical_fallback,Defender,CB,0.029,0.029,0.43,0.115,55.182,0.258,1.405,0.975,0.315,0.229,26.744,72.698,Girona,1
140,La Liga,2025,547,Girona,414385,C. Echeverri,Claudio Jeremías,Echeverri,19.0,Argentina,171,62,https://media.api-sports.io/football/players/414385.png,Midfielder,17.0,5.0,618.0,6.73,1.0,1.0,14.0,7.0,225.0,8.0,86.0,6.0,,1.0,25.0,16.0,70.0,37.0,14.0,8.0,4.0,0.0,W,0,CAM,0,0,56.9,0,,statistical_fallback,Midfielder,W,0.146,0.146,2.039,1.019,32.767,1.165,0.874,0.146,3.641,2.33,49.975,63.993,Girona,1
135,Serie A,2025,490,Cagliari,415155,J. Rodríguez,Juan Martín,Rodríguez Camejo,20.0,Uruguay,190,80,https://media.api-sports.io/football/players/415155.png,Defender,17.0,16.0,1315.0,6.72,1.0,0.0,3.0,2.0,662.0,0.0,88.0,37.0,14.0,18.0,1.0,1.0,101.0,62.0,8.0,15.0,3.0,0.0,CB,0,,0,0,64.6,0,,statistical_fallback,Defender,CB,0.068,0.0,0.205,0.137,45.308,0.0,2.532,1.232,0.068,0.068,66.829,100.0,Cagliari,1
61,Ligue 1,2025,95,Strasbourg,415431,S. El Mourabet,Samir,El Mourabet,20.0,France,168,58,https://media.api-sports.io/football/players/415431.png,Midfielder,33.0,25.0,2141.0,6.95,1.0,2.0,6.0,1.0,1439.0,28.0,89.0,79.0,13.0,25.0,29.0,18.0,221.0,132.0,26.0,23.0,4.0,0.0,CDM,0,CM,0,0,63.9,0,,statistical_fallback,Midfielder,CDM,0.042,0.084,0.252,0.042,60.49,1.177,3.321,1.051,1.219,0.757,16.667,62.1,Strasbourg,1
135,Serie A,2025,500,Bologna,416062,E. Helland,Eivind,Fauske Helland,20.0,Norway,,,https://media.api-sports.io/football/players/416062.png,Defender,6.0,6.0,488.0,6.8,0.0,0.0,1.0,0.0,335.0,3.0,87.0,7.0,6.0,6.0,0.0,0.0,37.0,23.0,1.0,5.0,2.0,0.0,CB,0,,0,0,65.1,0,,statistical_fallback,Defender,CB,0.0,0.0,0.184,0.0,61.783,0.553,1.291,1.107,0.0,0.0,0.0,0.0,Bologna,1
61,Ligue 1,2025,94,Rennes,417830,A. Ait Boudlal,Abdelhamid,Aït Boudlal,19.0,Morocco,190,78,https://media.api-sports.io/football/players/417830.png,Defender,20.0,17.0,1415.0,6.88,2.0,1.0,12.0,4.0,820.0,1.0,88.0,22.0,17.0,19.0,18.0,10.0,142.0,80.0,10.0,14.0,3.0,1.0,CB,0,,0,0,57.0,0,,statistical_fallback,Defender,CB,0.127,0.064,0.763,0.254,52.155,0.064,1.399,1.208,1.145,0.636,33.29,55.546,Rennes,1
61,Ligue 1,2025,91,Monaco,419035,M. Coulibaly,Mamadou,Coulibaly,21.0,France,180,75,https://media.api-sports.io/football/players/419035.png,Midfielder,25.0,15.0,1382.0,6.78,3.0,3.0,9.0,5.0,683.0,12.0,85.0,37.0,2.0,19.0,35.0,15.0,184.0,81.0,16.0,31.0,7.0,1.0,W,0,CAM,0,0,55.0,0,,statistical_fallback,Midfielder,W,0.195,0.195,0.586,0.326,44.479,0.781,2.41,1.237,2.279,0.977,55.631,42.87,Monaco,1
135,Serie A,2025,801,Pisa,419603,F. Coppola,Francesco,Coppola,20.0,Italy,,,https://media.api-sports.io/football/players/419603.png,Defender,7.0,5.0,461.0,6.27,0.0,0.0,0.0,0.0,123.0,0.0,83.0,13.0,4.0,4.0,0.0,0.0,51.0,24.0,8.0,7.0,3.0,0.0,CB,0,,0,0,63.3,0,,statistical_fallback,Defender,CB,0.0,0.0,0.0,0.0,24.013,0.0,2.538,0.781,0.0,0.0,0.0,0.0,Pisa,1
78,Bundesliga,2025,173,RB Leipzig,419916,C. Harder,Conrad,Harder Weibel Schandorf,20.0,Denmark,185,71,https://media.api-sports.io/football/players/419916.png,Attacker,29.0,8.0,919.0,6.56,3.0,3.0,30.0,13.0,195.0,14.0,70.0,10.0,1.0,6.0,25.0,5.0,153.0,55.0,18.0,21.0,3.0,0.0,ST,0,,0,0,57.1,0,,statistical_fallback,Attacker,ST,0.294,0.294,2.938,1.273,19.097,1.371,0.979,0.588,2.448,0.49,43.329,20.016,RB Leipzig,1
140,La Liga,2025,539,Levante,421807,M. Moreno,Matías Agustín,Moreno,22.0,Argentina,193,81,https://media.api-sports.io/football/players/421807.png,Defender,28.0,27.0,2266.0,6.83,0.0,0.0,5.0,0.0,1089.0,8.0,85.0,32.0,19.0,38.0,8.0,4.0,183.0,109.0,23.0,23.0,8.0,0.0,CB,0,,0,0,60.6,0,,statistical_fallback,Defender,CB,0.0,0.0,0.199,0.0,43.252,0.318,1.271,1.509,0.318,0.159,0.0,50.0,Levante,1
61,Ligue 1,2025,77,Angers,421875,S. Cherif,Sidiki,Cherif,19.0,France,185,75,https://media.api-sports.io/football/players/421875.png,Attacker,19.0,14.0,1164.0,6.59,4.0,0.0,18.0,12.0,225.0,5.0,74.0,8.0,,7.0,34.0,11.0,140.0,52.0,16.0,15.0,3.0,0.0,ST,0,,0,0,58.1,0,,statistical_fallback,Attacker,ST,0.309,0.0,1.392,0.928,17.397,0.387,0.619,0.541,2.629,0.851,66.667,32.37,Angers,1
78,Bundesliga,2025,161,VfL Wolfsburg,422572,K. Shiogai,Kento,Shiogai,20.0,Japan,180,77,https://media.api-sports.io/football/players/422572.png,Attacker,13.0,2.0,344.0,6.52,1.0,0.0,11.0,8.0,57.0,2.0,70.0,7.0,,3.0,9.0,3.0,59.0,17.0,3.0,9.0,3.0,0.0,ST,0,,0,0,62.6,0,,statistical_fallback,Attacker,ST,0.262,0.0,2.878,2.093,14.913,0.523,1.831,0.785,2.355,0.785,72.724,33.333,VfL Wolfsburg,1
78,Bundesliga,2025,165,Borussia Dortmund,422780,A. Anselmino,Aaron,Anselmino,20.0,Argentina,186,83,https://media.api-sports.io/football/players/422780.png,Defender,6.0,4.0,368.0,7.22,1.0,0.0,1.0,1.0,213.0,0.0,87.0,9.0,2.0,5.0,2.0,1.0,40.0,22.0,3.0,6.0,0.0,0.0,CB,0,,0,0,62.7,0,,statistical_fallback,Defender,CB,0.245,0.0,0.245,0.245,52.092,0.0,2.201,1.223,0.489,0.245,100.0,50.102,Borussia Dortmund,1
61,Ligue 1,2025,77,Angers,425207,M. Courcoul,Marius,Courcoul,18.0,France,182,70,https://media.api-sports.io/football/players/425207.png,Defender,18.0,3.0,373.0,6.61,0.0,0.0,2.0,1.0,157.0,3.0,79.0,15.0,2.0,3.0,4.0,1.0,43.0,22.0,3.0,6.0,0.0,0.0,FB,0,,0,0,56.7,0,,statistical_fallback,Defender,FB,0.0,0.0,0.483,0.241,37.882,0.724,3.619,0.724,0.965,0.241,49.896,24.974,Angers,1
39,Premier League,2025,49,Chelsea,425733,Estêvão,Estêvão Willian,Almeida de Oliveira Gonçalves,18.0,Brazil,176,62,https://media.api-sports.io/football/players/425733.png,Attacker,22.0,12.0,852.0,6.72,2.0,2.0,17.0,8.0,270.0,16.0,80.0,11.0,,4.0,70.0,29.0,149.0,52.0,9.0,12.0,4.0,0.0,RW,12,,0,12,100.0,0,RW:12,lineup_history,Attacker,RW,0.211,0.211,1.796,0.845,28.521,1.69,1.162,0.423,7.394,3.063,47.049,41.425,Chelsea,1
61,Ligue 1,2025,112,Metz,428084,Sadibou Sané,Sadibou,Sané,21.0,Senegal,185,76,https://media.api-sports.io/football/players/428084.png,Defender,23.0,22.0,1943.0,6.97,2.0,1.0,4.0,2.0,1437.0,3.0,89.0,46.0,24.0,38.0,6.0,3.0,159.0,96.0,15.0,22.0,5.0,2.0,CB,0,,0,0,63.1,0,,statistical_fallback,Defender,CB,0.093,0.046,0.185,0.093,66.562,0.139,2.131,1.76,0.278,0.139,50.27,50.0,Metz,1
135,Serie A,2025,523,Parma,428237,M. Troilo,Mariano,Troilo,22.0,Argentina,191,86,https://media.api-sports.io/football/players/428237.png,Defender,21.0,18.0,1636.0,6.91,1.0,0.0,6.0,2.0,850.0,7.0,89.0,27.0,18.0,18.0,7.0,5.0,151.0,88.0,20.0,27.0,7.0,1.0,CB,0,,0,0,58.9,0,,statistical_fallback,Defender,CB,0.055,0.0,0.33,0.11,46.76,0.385,1.485,0.99,0.385,0.275,33.333,71.429,Parma,1
78,Bundesliga,2025,182,Union Berlin,430354,Livan Burcu,Livan,Burcu,21.0,Germany,178,68,https://media.api-sports.io/football/players/430354.png,Attacker,18.0,6.0,655.0,6.73,1.0,1.0,11.0,3.0,208.0,9.0,79.0,12.0,,2.0,32.0,15.0,88.0,41.0,14.0,6.0,4.0,0.0,W,0,,0,0,61.9,0,,statistical_fallback,Attacker,W,0.137,0.137,1.511,0.412,28.58,1.237,1.649,0.275,4.397,2.061,27.267,46.873,Union Berlin,1
78,Bundesliga,2025,160,SC Freiburg,431149,Cyriaque Kalou Irié,Cyriaque Kalou,Irié,20.0,Côte d'Ivoire,184,,https://media.api-sports.io/football/players/431149.png,Attacker,10.0,3.0,343.0,6.63,0.0,0.0,6.0,2.0,110.0,4.0,83.0,9.0,,3.0,20.0,12.0,70.0,33.0,8.0,11.0,3.0,0.0,W,0,,0,0,59.0,0,,statistical_fallback,Attacker,W,0.0,0.0,1.574,0.525,28.863,1.05,2.362,0.787,5.248,3.149,33.355,60.004,SC Freiburg,1
135,Serie A,2025,487,Lazio,431413,E. Motta,Edoardo,Motta,20.0,Italy,194,87,https://media.api-sports.io/football/players/431413.png,Goalkeeper,9.0,9.0,810.0,6.9,0.0,0.0,0.0,0.0,237.0,1.0,71.0,0.0,,0.0,0.0,0.0,7.0,4.0,1.0,1.0,1.0,0.0,GK,0,,0,0,100.0,0,,statistical_fallback,Goalkeeper,GK,0.0,0.0,0.0,0.0,26.333,0.111,0.0,0.0,0.0,0.0,0.0,0.0,Lazio,1
78,Bundesliga,2025,192,1. FC Köln,432310,S. El Mala,Said,El Mala,19.0,Germany,187,,https://media.api-sports.io/football/players/432310.png,Midfielder,34.0,20.0,1957.0,6.96,13.0,4.0,61.0,30.0,341.0,20.0,74.0,24.0,,8.0,117.0,42.0,267.0,106.0,23.0,15.0,4.0,0.0,W,0,CAM,0,0,57.3,0,,statistical_fallback,Midfielder,W,0.598,0.184,2.805,1.38,15.682,0.92,1.104,0.368,5.381,1.932,49.198,35.904,1. FC Köln,1
140,La Liga,2025,529,Barcelona,433396,Marc Bernal,Marc,Bernal Casas,18.0,Spain,193,87,https://media.api-sports.io/football/players/433396.png,Midfielder,22.0,9.0,795.0,6.91,2.0,1.0,4.0,2.0,591.0,5.0,92.0,27.0,2.0,12.0,14.0,11.0,116.0,65.0,11.0,16.0,5.0,0.0,CDM,0,CM,0,0,63.6,0,,statistical_fallback,Midfielder,CDM,0.226,0.113,0.453,0.226,66.906,0.566,3.057,1.358,1.585,1.245,49.89,78.549,Barcelona,1
61,Ligue 1,2025,112,Metz,434352,A. Touré,Alpha Amadou,Touré,19.0,Senegal,180,,https://media.api-sports.io/football/players/434352.png,Midfielder,30.0,16.0,1611.0,6.54,0.0,1.0,10.0,1.0,727.0,11.0,86.0,40.0,4.0,9.0,27.0,15.0,195.0,99.0,27.0,27.0,5.0,0.0,CDM,0,CM,0,0,60.2,0,,statistical_fallback,Midfielder,CDM,0.0,0.056,0.559,0.056,40.615,0.615,2.235,0.503,1.508,0.838,10.018,55.57,Metz,1
135,Serie A,2025,494,Udinese,434410,I. Gueye,Idrissa,Gueye,19.0,Senegal,174,66,https://media.api-sports.io/football/players/434410.png,Attacker,19.0,1.0,427.0,6.49,1.0,0.0,12.0,6.0,71.0,4.0,67.0,6.0,3.0,3.0,5.0,2.0,80.0,38.0,9.0,15.0,2.0,0.0,ST,0,,0,0,64.6,0,,statistical_fallback,Attacker,ST,0.211,0.0,2.529,1.265,14.965,0.843,1.265,0.632,1.054,0.422,50.02,40.038,Udinese,1
61,Ligue 1,2025,81,Marseille,435482,R. Vaz,Robinio,Vaz,18.0,France,185,75,https://media.api-sports.io/football/players/435482.png,Attacker,14.0,3.0,393.0,6.78,4.0,2.0,8.0,6.0,70.0,6.0,77.0,5.0,,2.0,3.0,1.0,50.0,20.0,9.0,8.0,2.0,0.0,ST,0,,0,0,61.4,0,,statistical_fallback,Attacker,ST,0.916,0.458,1.832,1.374,16.031,1.374,1.145,0.458,0.687,0.229,75.0,33.333,Marseille,1
140,La Liga,2025,533,Villarreal,435552,Pau Navarro,Pau,Navarro Badenes,20.0,Spain,185,72,https://media.api-sports.io/football/players/435552.png,Defender,23.0,23.0,1925.0,6.72,0.0,0.0,2.0,2.0,973.0,4.0,88.0,65.0,16.0,18.0,11.0,7.0,209.0,109.0,11.0,34.0,4.0,0.0,CB,0,,0,0,58.3,0,,statistical_fallback,Defender,CB,0.0,0.0,0.094,0.094,45.491,0.187,3.039,0.842,0.514,0.327,100.0,63.619,Villarreal,1
135,Serie A,2025,867,Lecce,436260,F. Camarda,Francesco,Camarda,17.0,Italy,184,77,https://media.api-sports.io/football/players/436260.png,Attacker,21.0,7.0,693.0,6.4,1.0,0.0,10.0,3.0,107.0,4.0,71.0,3.0,1.0,0.0,9.0,3.0,83.0,24.0,4.0,12.0,1.0,0.0,ST,0,W,0,0,55.6,0,,statistical_fallback,Attacker,ST,0.13,0.0,1.299,0.39,13.896,0.519,0.39,0.0,1.169,0.39,30.023,33.362,Lecce,1
135,Serie A,2025,502,Fiorentina,437093,N. Fortini,Niccolò,Fortini,19.0,Italy,185,,https://media.api-sports.io/football/players/437093.png,Defender,16.0,2.0,546.0,6.74,0.0,0.0,5.0,2.0,210.0,4.0,87.0,22.0,2.0,4.0,19.0,8.0,87.0,52.0,18.0,5.0,0.0,0.0,FB,0,,0,0,60.0,0,,statistical_fallback,Defender,FB,0.0,0.0,0.824,0.33,34.615,0.659,3.626,0.659,3.132,1.319,40.049,42.114,Fiorentina,1
61,Ligue 1,2025,111,Le Havre,437349,E. Koffi Vinette,Enzo,Koffi Vinette,19.0,France,,,https://media.api-sports.io/football/players/437349.png,Attacker,14.0,4.0,387.0,6.51,0.0,0.0,4.0,2.0,151.0,4.0,72.0,15.0,,9.0,18.0,8.0,78.0,39.0,10.0,12.0,2.0,0.0,ST,0,W,0,0,59.1,0,,statistical_fallback,Attacker,ST,0.0,0.0,0.93,0.465,35.116,0.93,3.488,2.093,4.186,1.86,50.0,44.434,Le Havre,1
61,Ligue 1,2025,97,Lorient,437776,A. Faye,Abdoulaye,Faye,21.0,Senegal,,,https://media.api-sports.io/football/players/437776.png,Defender,17.0,16.0,1446.0,6.63,0.0,0.0,7.0,2.0,834.0,2.0,87.0,32.0,6.0,28.0,10.0,7.0,147.0,85.0,14.0,25.0,8.0,0.0,CB,0,,0,0,60.0,0,,statistical_fallback,Defender,CB,0.0,0.0,0.436,0.124,51.909,0.124,1.992,1.743,0.622,0.436,28.44,70.096,Lorient,1
61,Ligue 1,2025,94,Rennes,438281,M. Nagida,Mahamadou Aboubakar,Nagida,20.0,Cameroon,176,63,https://media.api-sports.io/football/players/438281.png,Defender,19.0,7.0,810.0,6.6,0.0,0.0,9.0,3.0,508.0,5.0,83.0,20.0,3.0,18.0,19.0,12.0,109.0,57.0,11.0,14.0,2.0,0.0,CB,0,,0,0,56.2,0,,statistical_fallback,Defender,CB,0.0,0.0,1.0,0.333,56.444,0.556,2.222,2.0,2.111,1.333,33.3,63.145,Rennes,1
61,Ligue 1,2025,79,Lille,438688,A. Bouaddi,Ayyoub,Bouaddi,18.0,France,186,72,https://media.api-sports.io/football/players/438688.png,Midfielder,30.0,28.0,2338.0,6.78,0.0,1.0,8.0,5.0,1061.0,21.0,84.0,59.0,7.0,27.0,56.0,34.0,251.0,142.0,24.0,37.0,7.0,1.0,CDM,0,CM,0,0,62.2,0,,statistical_fallback,Midfielder,CDM,0.0,0.038,0.308,0.192,40.843,0.808,2.271,1.039,2.156,1.309,62.338,60.714,Lille,1
78,Bundesliga,2025,162,Werder Bremen,440147,Abdoul Karim Coulibaly,Abdoul Karim,Coulibaly,18.0,Germany,191,75,https://media.api-sports.io/football/players/440147.png,Defender,27.0,24.0,2122.0,6.45,1.0,0.0,6.0,1.0,1437.0,7.0,86.0,27.0,17.0,23.0,12.0,8.0,161.0,80.0,9.0,18.0,4.0,0.0,CB,0,,0,0,57.2,0,,statistical_fallback,Defender,CB,0.042,0.0,0.254,0.042,60.947,0.297,1.145,0.975,0.509,0.339,16.535,66.601,Werder Bremen,1
78,Bundesliga,2025,164,FSV Mainz 05,442546,K. Potulski,Kacper,Potulski,18.0,Poland,195,85,https://media.api-sports.io/football/players/442546.png,Defender,15.0,9.0,1060.0,6.78,1.0,0.0,9.0,5.0,440.0,2.0,82.0,15.0,15.0,18.0,4.0,2.0,112.0,60.0,5.0,17.0,3.0,0.0,CB,0,,0,0,62.4,0,,statistical_fallback,Defender,CB,0.085,0.0,0.764,0.425,37.358,0.17,1.274,1.528,0.34,0.17,55.628,50.0,FSV Mainz 05,1
135,Serie A,2025,895,Como,443162,Jesús Rodríguez,Jesús,Rodríguez Caraballo,20.0,Spain,185,68,https://media.api-sports.io/football/players/443162.png,Midfielder,31.0,18.0,1734.0,6.86,2.0,9.0,36.0,12.0,456.0,36.0,79.0,26.0,,5.0,99.0,41.0,243.0,112.0,32.0,25.0,3.0,1.0,W,0,CAM,0,0,56.3,0,,statistical_fallback,Midfielder,W,0.104,0.467,1.869,0.623,23.668,1.869,1.349,0.26,5.138,2.128,33.333,41.417,Como,1
140,La Liga,2025,543,Real Betis,443163,Pablo García,Pablo,García Fernández,19.0,Spain,175,67,https://media.api-sports.io/football/players/443163.png,Attacker,15.0,2.0,389.0,6.44,0.0,0.0,11.0,4.0,96.0,2.0,81.0,10.0,,4.0,17.0,5.0,59.0,24.0,9.0,5.0,1.0,0.0,ST,0,,0,0,56.9,0,,statistical_fallback,Attacker,ST,0.0,0.0,2.545,0.925,22.211,0.463,2.314,0.925,3.933,1.157,36.346,29.418,Real Betis,1
61,Ligue 1,2025,116,Lens,443579,R. Fofana,Rayan,Fofana,19.0,France,182,74,https://media.api-sports.io/football/players/443579.png,Attacker,25.0,7.0,814.0,6.75,5.0,0.0,28.0,12.0,145.0,5.0,75.0,11.0,2.0,2.0,29.0,13.0,145.0,72.0,34.0,15.0,0.0,0.0,ST,0,,0,0,64.0,0,,statistical_fallback,Attacker,ST,0.553,0.0,3.096,1.327,16.032,0.553,1.216,0.221,3.206,1.437,42.862,44.822,Lens,1
61,Ligue 1,2025,83,Nantes,443674,Louis Leroux,Louis,Leroux,19.0,France,184,75,https://media.api-sports.io/football/players/443674.png,Midfielder,23.0,16.0,1443.0,6.63,1.0,1.0,6.0,3.0,457.0,16.0,74.0,37.0,2.0,4.0,29.0,11.0,134.0,71.0,14.0,12.0,2.0,0.0,CM,0,,0,0,58.0,0,,statistical_fallback,Midfielder,CM,0.062,0.062,0.374,0.187,28.503,0.998,2.308,0.249,1.809,0.686,50.0,37.922,Nantes,1
61,Ligue 1,2025,83,Nantes,443676,Bahereba Guirassy,Bahereba,Guirassy,19.0,Guinea,177,66,https://media.api-sports.io/football/players/443676.png,Midfielder,20.0,9.0,827.0,6.66,2.0,1.0,11.0,7.0,201.0,7.0,66.0,21.0,1.0,5.0,38.0,9.0,135.0,52.0,9.0,15.0,2.0,0.0,W,0,CAM,0,0,57.1,0,,statistical_fallback,Midfielder,W,0.218,0.109,1.197,0.762,21.874,0.762,2.285,0.544,4.135,0.979,63.659,23.676,Nantes,1
78,Bundesliga,2025,168,Bayer Leverkusen,444961,M. Culbreath,Montrell,Amare Culbreath,18.0,Germany,172 cm,,https://media.api-sports.io/football/players/444961.png,Midfielder,12.0,9.0,740.0,6.84,1.0,0.0,6.0,2.0,253.0,6.0,84.0,27.0,,8.0,18.0,5.0,81.0,46.0,11.0,5.0,0.0,0.0,CDM,0,CM,0,0,60.1,0,,statistical_fallback,Midfielder,CDM,0.122,0.0,0.73,0.243,30.77,0.73,3.284,0.973,2.189,0.608,33.288,27.775,Bayer Leverkusen,1
140,La Liga,2025,797,Elche,446067,Buba Sangaré,Aboubacar,Sangaré Traoré,18.0,Spain,183,75,https://media.api-sports.io/football/players/446067.png,Defender,12.0,8.0,557.0,6.54,0.0,0.0,1.0,0.0,244.0,1.0,85.0,21.0,1.0,8.0,17.0,4.0,87.0,40.0,7.0,23.0,3.0,0.0,FB,0,,0,0,55.1,0,,statistical_fallback,Defender,FB,0.0,0.0,0.162,0.0,39.425,0.162,3.393,1.293,2.747,0.646,0.0,23.517,Elche,1
135,Serie A,2025,500,Bologna,446089,M. Pessina,Massimo,Pessina,18.0,Italy,200,85,https://media.api-sports.io/football/players/446089.png,Goalkeeper,4.0,3.0,352.0,6.8,0.0,0.0,0.0,0.0,136.0,0.0,66.0,0.0,,0.0,0.0,0.0,2.0,2.0,1.0,,0.0,0.0,GK,0,,0,0,100.0,0,,statistical_fallback,Goalkeeper,GK,0.0,0.0,0.0,0.0,34.773,0.0,0.0,0.0,0.0,0.0,0.0,0.0,Bologna,1
61,Ligue 1,2025,85,Paris Saint Germain,446249,I. Mbaye,Ibrahim,Mbaye,17.0,France,185,65,https://media.api-sports.io/football/players/446249.png,Attacker,24.0,10.0,997.0,6.77,3.0,2.0,18.0,10.0,570.0,20.0,86.0,14.0,,5.0,55.0,21.0,127.0,53.0,13.0,10.0,0.0,0.0,W,0,,0,0,61.0,0,,statistical_fallback,Attacker,W,0.271,0.181,1.625,0.903,51.454,1.805,1.264,0.451,4.965,1.896,55.569,38.187,Paris Saint Germain,1
78,Bundesliga,2025,162,Werder Bremen,448468,P. Čović,Patrice,Čović,18.0,Croatia,176,68,https://media.api-sports.io/football/players/448468.png,Midfielder,15.0,2.0,348.0,6.61,1.0,0.0,2.0,2.0,200.0,3.0,79.0,13.0,,4.0,4.0,0.0,36.0,15.0,2.0,6.0,1.0,0.0,CM,0,,0,0,58.0,0,,statistical_fallback,Midfielder,CM,0.259,0.0,0.517,0.517,51.724,0.776,3.362,1.034,1.034,0.0,100.0,0.0,Werder Bremen,1
61,Ligue 1,2025,106,Stade Brestois 29,449153,H. Makalou,Hamidou,Makalou,19.0,Mali,164,58,https://media.api-sports.io/football/players/449153.png,Midfielder,17.0,2.0,362.0,6.59,0.0,0.0,3.0,1.0,187.0,7.0,83.0,6.0,1.0,5.0,7.0,4.0,27.0,15.0,4.0,1.0,0.0,0.0,CM,0,,0,0,58.0,0,,statistical_fallback,Midfielder,CM,0.0,0.0,0.746,0.249,46.492,1.74,1.492,1.243,1.74,0.994,33.378,57.126,Stade Brestois 29,1
140,La Liga,2025,541,Real Madrid,449249,Franco Mastantuono,Franco,Mastantuono,18.0,Argentina,178,73,https://media.api-sports.io/football/players/449249.png,Attacker,23.0,11.0,1049.0,6.7,1.0,0.0,24.0,7.0,492.0,16.0,90.0,20.0,,3.0,54.0,25.0,177.0,80.0,30.0,18.0,5.0,1.0,W,0,ST,0,0,56.9,0,,statistical_fallback,Attacker,W,0.086,0.0,2.059,0.601,42.212,1.373,1.716,0.257,4.633,2.145,29.189,46.298,Real Madrid,1
61,Ligue 1,2025,84,Nice,449509,Abdulay Bah,Abdulai Juma,Bah,19.0,Sierra Leone,195,80,https://media.api-sports.io/football/players/449509.png,Defender,28.0,23.0,2063.0,6.79,0.0,0.0,7.0,2.0,1241.0,6.0,91.0,35.0,29.0,29.0,13.0,9.0,191.0,103.0,7.0,27.0,7.0,0.0,CB,0,,0,0,60.4,0,,statistical_fallback,Defender,CB,0.0,0.0,0.305,0.087,54.14,0.262,1.527,1.265,0.567,0.393,28.525,69.312,Nice,1
61,Ligue 1,2025,94,Rennes,449662,M. Meïté,Mohamed Kader,Meïté,18.0,France,191,76,https://media.api-sports.io/football/players/449662.png,Attacker,17.0,6.0,530.0,6.74,3.0,2.0,14.0,7.0,83.0,5.0,65.0,3.0,1.0,1.0,11.0,6.0,66.0,33.0,4.0,12.0,0.0,0.0,ST,0,,0,0,58.6,0,,statistical_fallback,Attacker,ST,0.509,0.34,2.377,1.189,14.094,0.849,0.509,0.17,1.868,1.019,50.021,54.55,Rennes,1
140,La Liga,2025,539,Levante,450497,Carlos Espí,Carlos,Espí Escrihuela,20.0,Spain,185,90,https://media.api-sports.io/football/players/450497.png,Attacker,25.0,13.0,1351.0,6.88,11.0,0.0,48.0,24.0,212.0,9.0,65.0,13.0,1.0,9.0,24.0,12.0,198.0,96.0,25.0,31.0,3.0,0.0,ST,0,,0,0,66.9,0,,statistical_fallback,Attacker,ST,0.733,0.0,3.198,1.599,14.123,0.6,0.866,0.6,1.599,0.799,50.0,49.969,Levante,1
135,Serie A,2025,495,Genoa,451504,J. Ekhator,Jeff,Ekhator Osayuki,19.0,Italy,190,82,https://media.api-sports.io/football/players/451504.png,Attacker,30.0,9.0,949.0,6.56,3.0,0.0,14.0,5.0,179.0,10.0,58.0,12.0,,2.0,22.0,12.0,152.0,69.0,19.0,20.0,3.0,0.0,ST,0,,0,0,56.9,0,,statistical_fallback,Attacker,ST,0.285,0.0,1.328,0.474,16.976,0.948,1.138,0.19,2.086,1.138,35.693,54.554,Genoa,1
39,Premier League,2025,40,Liverpool,452685,R. Ngumoha,Rio,Ngumoha,17.0,England,170,75,https://media.api-sports.io/football/players/452685.png,Attacker,19.0,5.0,582.0,6.98,2.0,1.0,12.0,6.0,192.0,16.0,86.0,4.0,1.0,3.0,42.0,29.0,82.0,45.0,12.0,4.0,0.0,0.0,LW,5,,0,5,100.0,0,LW:5,lineup_history,Attacker,LW,0.309,0.155,1.856,0.928,29.691,2.474,0.619,0.464,6.495,4.485,50.0,69.053,Liverpool,1
61,Ligue 1,2025,96,Toulouse,452697,D. Methalie,Dayann,Methalie,19.0,France,186,70,https://media.api-sports.io/football/players/452697.png,Midfielder,28.0,23.0,1899.0,6.53,2.0,1.0,12.0,7.0,475.0,9.0,79.0,54.0,3.0,25.0,79.0,28.0,263.0,105.0,11.0,57.0,9.0,0.0,CDM,0,CM,0,0,60.7,0,,statistical_fallback,Midfielder,CDM,0.095,0.047,0.569,0.332,22.512,0.427,2.559,1.185,3.744,1.327,58.348,35.443,Toulouse,1
61,Ligue 1,2025,91,Monaco,453792,A. Bamba,Aladji,Bamba,19.0,France,181,67,https://media.api-sports.io/football/players/453792.png,Midfielder,18.0,10.0,830.0,6.87,0.0,2.0,1.0,1.0,515.0,13.0,81.0,33.0,,7.0,20.0,14.0,150.0,82.0,18.0,23.0,2.0,0.0,CDM,0,CM,0,0,57.6,0,,statistical_fallback,Midfielder,CDM,0.0,0.217,0.108,0.108,55.843,1.41,3.578,0.759,2.169,1.518,100.0,69.986,Monaco,1
135,Serie A,2025,499,Atalanta,453906,H. Ahanor,Honest,Ahanor,17.0,Italy,184,79,https://media.api-sports.io/football/players/453906.png,Defender,22.0,15.0,1380.0,6.64,0.0,0.0,11.0,4.0,713.0,2.0,89.0,36.0,10.0,23.0,8.0,5.0,171.0,102.0,28.0,25.0,2.0,1.0,CB,0,,0,0,62.0,0,,statistical_fallback,Defender,CB,0.0,0.0,0.717,0.261,46.5,0.13,2.348,1.5,0.522,0.326,36.402,62.452,Atalanta,1
135,Serie A,2025,867,Lecce,455316,Tiago Gabriel,Tiago Gabriel,Coelho Oliveira,21.0,Portugal,196,88,https://media.api-sports.io/football/players/455316.png,Defender,37.0,36.0,3220.0,6.9,2.0,0.0,18.0,4.0,1326.0,2.0,87.0,63.0,21.0,45.0,1.0,1.0,338.0,227.0,40.0,29.0,7.0,0.0,CB,0,,0,0,63.8,0,,statistical_fallback,Defender,CB,0.056,0.0,0.503,0.112,37.062,0.056,1.761,1.258,0.028,0.028,22.266,100.0,Lecce,1
39,Premier League,2025,39,Wolves,456206,M. Mane,Mateus Bula,Dami Mané,18.0,England,,,https://media.api-sports.io/football/players/456206.png,Attacker,27.0,19.0,1799.0,6.9,3.0,1.0,35.0,17.0,372.0,31.0,76.0,27.0,1.0,6.0,83.0,30.0,282.0,112.0,47.0,26.0,0.0,0.0,CAM,12,CM,6,19,63.2,0,CAM:12 | CM:6 | ST:1,lineup_history,Attacker,CAM,0.15,0.05,1.751,0.85,18.61,1.551,1.351,0.3,4.152,1.501,48.544,36.151,Wolves,1
61,Ligue 1,2025,77,Angers,456831,Marius Louër,Marius,Louër,19.0,France,181,70,https://media.api-sports.io/football/players/456831.png,Defender,9.0,7.0,552.0,6.656,0.0,0.0,0.0,0.0,205.0,3.0,,20.0,2.0,3.0,5.0,4.0,53.0,32.0,3.0,7.0,1.0,0.0,FB,0,,0,0,59.3,0,,statistical_fallback,Defender,FB,0.0,0.0,0.0,0.0,33.424,0.489,3.261,0.489,0.815,0.652,0.0,80.0,Angers,1
61,Ligue 1,2025,77,Angers,457541,P. Peter,Prosper,Peter,18.0,France,,,https://media.api-sports.io/football/players/457541.png,Attacker,29.0,14.0,1273.0,6.53,5.0,0.0,20.0,14.0,196.0,11.0,70.0,7.0,,4.0,40.0,6.0,208.0,79.0,30.0,30.0,0.0,0.0,ST,0,,0,0,60.4,0,,statistical_fallback,Attacker,ST,0.353,0.0,1.414,0.99,13.857,0.778,0.495,0.283,2.828,0.424,70.014,14.993,Angers,1
140,La Liga,2025,539,Levante,463279,Paco Cortés,Francisco,Cortés Gracia,18.0,Spain,,,https://media.api-sports.io/football/players/463279.png,Attacker,8.0,2.0,476.0,6.57,0.0,0.0,5.0,4.0,104.0,6.0,77.0,4.0,1.0,2.0,23.0,9.0,53.0,20.0,6.0,6.0,2.0,0.0,W,0,,0,0,62.0,0,,statistical_fallback,Attacker,W,0.0,0.0,0.945,0.756,19.664,1.134,0.756,0.378,4.349,1.702,80.0,39.135,Levante,1
78,Bundesliga,2025,175,Hamburger SV,470282,Alexander Røssing-Lelesiit,Alexander,Røssing-Lelesiit,18.0,Norway,173,65,https://media.api-sports.io/football/players/470282.png,Attacker,11.0,5.0,332.0,6.51,0.0,1.0,2.0,2.0,68.0,5.0,80.0,9.0,1.0,0.0,16.0,6.0,63.0,23.0,7.0,13.0,2.0,0.0,W,0,,0,0,65.5,0,,statistical_fallback,Attacker,W,0.0,0.271,0.542,0.542,18.434,1.355,2.44,0.0,4.337,1.627,100.0,37.514,Hamburger SV,1
61,Ligue 1,2025,85,Paris Saint Germain,471107,Quentin Ndjantou Mbitcha,Quentin,Ndjantou Mbitcha,18.0,France,,,https://media.api-sports.io/football/players/471107.png,Attacker,10.0,3.0,354.0,6.64,1.0,1.0,7.0,3.0,198.0,5.0,84.0,2.0,1.0,2.0,10.0,6.0,32.0,10.0,2.0,7.0,1.0,0.0,ST,0,W,0,0,61.2,0,,statistical_fallback,Attacker,ST,0.254,0.254,1.78,0.763,50.339,1.271,0.508,0.508,2.542,1.525,42.865,59.992,Paris Saint Germain,1
140,La Liga,2025,546,Getafe,471478,Davinchi,David,Cordón Mancha,18.0,Spain,182,,https://media.api-sports.io/football/players/471478.png,Defender,14.0,7.0,698.0,6.35,0.0,0.0,3.0,2.0,212.0,3.0,58.0,26.0,1.0,6.0,19.0,10.0,106.0,47.0,2.0,27.0,2.0,0.0,FB,0,,0,0,60.7,0,,statistical_fallback,Defender,FB,0.0,0.0,0.387,0.258,27.335,0.387,3.352,0.774,2.45,1.289,66.667,52.612,Getafe,1
78,Bundesliga,2025,186,FC St. Pauli,474789,Abdoulie Ceesay,Abdoulie,Ceesay,21.0,Gambia,185,79,https://media.api-sports.io/football/players/474789.png,Attacker,20.0,0.0,353.0,6.62,3.0,0.0,9.0,4.0,73.0,3.0,67.0,3.0,,0.0,8.0,6.0,81.0,30.0,6.0,14.0,4.0,0.0,ST,0,,0,0,63.2,0,,statistical_fallback,Attacker,ST,0.765,0.0,2.295,1.02,18.612,0.765,0.765,0.0,2.04,1.53,44.444,75.0,FC St. Pauli,1
78,Bundesliga,2025,165,Borussia Dortmund,478991,S. Inacio,Samuele,Inácio Piá,17.0,Italy,,,https://media.api-sports.io/football/players/478991.png,Attacker,7.0,4.0,383.0,6.84,1.0,0.0,6.0,5.0,124.0,8.0,84.0,6.0,,2.0,7.0,5.0,45.0,23.0,10.0,7.0,2.0,0.0,ST,0,W,0,0,56.4,0,,statistical_fallback,Attacker,ST,0.235,0.0,1.41,1.175,29.138,1.88,1.41,0.47,1.645,1.175,83.333,71.429,Borussia Dortmund,1
61,Ligue 1,2025,96,Toulouse,489905,S. Koumbassa,Seny,Koumbassa,18.0,France,187,,https://media.api-sports.io/football/players/489905.png,Defender,10.0,5.0,458.0,6.64,1.0,0.0,3.0,1.0,167.0,0.0,85.0,9.0,2.0,3.0,0.0,0.0,20.0,13.0,,2.0,0.0,0.0,CB,0,,0,0,59.3,0,,statistical_fallback,Defender,CB,0.197,0.0,0.59,0.197,32.817,0.0,1.769,0.59,0.0,0.0,33.39,0.0,Toulouse,1
61,Ligue 1,2025,85,Paris Saint Germain,491087,Pedro Fernández,Pedro,Fernández Sarmiento,17.0,Spain,182,68,https://media.api-sports.io/football/players/491087.png,Midfielder,12.0,7.0,682.0,6.68,1.0,0.0,7.0,3.0,392.0,8.0,91.0,13.0,3.0,8.0,13.0,6.0,67.0,35.0,12.0,8.0,0.0,0.0,CDM,0,CM,0,0,58.4,0,,statistical_fallback,Midfielder,CDM,0.132,0.0,0.924,0.396,51.73,1.056,1.716,1.056,1.716,0.792,42.857,46.154,Paris Saint Germain,1
140,La Liga,2025,798,Mallorca,491248,Jan Virgili,Jan,Virgili Tenas,19.0,Spain,,,https://media.api-sports.io/football/players/491248.png,Attacker,31.0,19.0,1804.0,6.61,2.0,4.0,21.0,16.0,407.0,30.0,75.0,15.0,2.0,7.0,113.0,51.0,258.0,104.0,24.0,22.0,0.0,1.0,W,0,,0,0,63.9,0,,statistical_fallback,Attacker,W,0.1,0.2,1.048,0.798,20.305,1.497,0.748,0.349,5.637,2.544,76.145,45.13,Mallorca,1
78,Bundesliga,2025,157,Bayern München,494131,L. Karl,Lennart,Karl,17.0,Germany,168,67,https://media.api-sports.io/football/players/494131.png,Midfielder,26.0,16.0,1282.0,6.84,5.0,5.0,37.0,21.0,816.0,24.0,85.0,25.0,2.0,14.0,66.0,22.0,161.0,59.0,11.0,5.0,1.0,0.0,W,0,CAM,0,0,55.3,0,,statistical_fallback,Midfielder,W,0.351,0.351,2.598,1.474,57.285,1.685,1.755,0.983,4.633,1.544,56.736,33.326,Bayern München,1
61,Ligue 1,2025,114,Paris FC | Auxerre,496896,R. Matondo,Rudy,Matondo,17.0,France,180,,https://media.api-sports.io/football/players/496896.png,Midfielder,11.0,8.0,1359.0,6.718,2.0,0.0,6.0,5.0,265.0,3.0,85.0,18.0,1.0,4.0,15.0,10.0,88.0,46.0,14.0,15.0,1.0,1.0,CDM,0,CM,0,0,60.6,0,,statistical_fallback,Midfielder,CDM,0.132,0.0,0.464,0.331,33.312,0.331,1.854,0.729,1.391,0.927,71.378,66.63,Paris FC | Auxerre,2
61,Ligue 1,2025,106,Stade Brestois 29,498791,R. Le Guen,Raphaël Marc,Le Guen,19.0,France,196,83,https://media.api-sports.io/football/players/498791.png,Defender,6.0,4.0,380.0,6.63,0.0,0.0,3.0,1.0,178.0,0.0,87.0,6.0,6.0,11.0,1.0,1.0,28.0,19.0,,4.0,0.0,0.0,CB,0,,0,0,64.6,0,,statistical_fallback,Defender,CB,0.0,0.0,0.711,0.237,42.158,0.0,1.421,2.605,0.237,0.237,33.333,100.0,Stade Brestois 29,1
135,Serie A,2025,523,Parma,499380,S. Britschgi,Sascha,Britschgi,19.0,Switzerland,182,78,https://media.api-sports.io/football/players/499380.png,Defender,29.0,22.0,2112.0,6.52,0.0,2.0,9.0,3.0,615.0,18.0,76.0,33.0,5.0,8.0,18.0,9.0,171.0,76.0,23.0,18.0,6.0,0.0,FB,0,,0,0,66.3,0,,statistical_fallback,Defender,FB,0.0,0.085,0.384,0.128,26.207,0.767,1.406,0.341,0.767,0.384,33.333,50.065,Parma,1
78,Bundesliga,2025,163,Borussia Mönchengladbach,501906,W. Mohya,Wael,Mohya,17.0,Germany,174,,https://media.api-sports.io/football/players/501906.png,Midfielder,15.0,6.0,562.0,6.72,2.0,1.0,6.0,5.0,174.0,4.0,82.0,8.0,1.0,1.0,15.0,3.0,69.0,29.0,13.0,4.0,1.0,0.0,CAM,0,CM,0,0,60.8,0,,statistical_fallback,Midfielder,CAM,0.32,0.16,0.961,0.801,27.865,0.641,1.281,0.16,2.402,0.48,83.351,19.983,Borussia Mönchengladbach,1
78,Bundesliga,2025,168,Bayer Leverkusen,505295,Christian Kofane,Christian Michel,Kofane,19.0,Cameroon,189,68,https://media.api-sports.io/football/players/505295.png,Attacker,29.0,12.0,1269.0,6.73,5.0,4.0,39.0,19.0,203.0,17.0,82.0,13.0,1.0,2.0,12.0,7.0,159.0,68.0,17.0,30.0,3.0,0.0,ST,0,,0,0,59.5,0,,statistical_fallback,Attacker,ST,0.355,0.284,2.766,1.348,14.397,1.206,0.922,0.142,0.851,0.496,48.735,58.284,Bayer Leverkusen,1
140,La Liga,2025,541,Real Madrid,509470,Thiago Pitarch,Thiago,Pitarch Pinar,18.0,Spain,,,https://media.api-sports.io/football/players/509470.png,Midfielder,10.0,8.0,596.0,6.46,0.0,2.0,4.0,2.0,407.0,6.0,90.0,12.0,,7.0,13.0,7.0,82.0,28.0,7.0,12.0,2.0,0.0,W,0,CAM,0,0,57.4,0,,statistical_fallback,Midfielder,W,0.0,0.302,0.604,0.302,61.46,0.906,1.812,1.057,1.963,1.057,50.0,53.846,Real Madrid,1
61,Ligue 1,2025,111,Le Havre,513415,Stephan Zagadou,Stephan,Zagadou,17.0,France,,,https://media.api-sports.io/football/players/513415.png,Defender,8.0,6.0,504.0,6.78,1.0,0.0,1.0,1.0,201.0,2.0,89.0,11.0,8.0,2.0,3.0,2.0,41.0,21.0,1.0,7.0,0.0,1.0,CB,0,,0,0,56.3,0,,statistical_fallback,Defender,CB,0.179,0.0,0.179,0.179,35.893,0.357,1.964,0.357,0.536,0.357,100.0,66.604,Le Havre,1
78,Bundesliga,2025,173,RB Leipzig,513776,Y. Diomande,Yan,Diomande,19.0,Côte d'Ivoire,,,https://media.api-sports.io/football/players/513776.png,Attacker,33.0,28.0,2476.0,7.72,12.0,8.0,41.0,26.0,1067.0,55.0,83.0,29.0,1.0,16.0,197.0,118.0,392.0,186.0,34.0,19.0,2.0,0.0,W,0,,0,0,60.5,0,,statistical_fallback,Attacker,W,0.436,0.291,1.49,0.945,38.784,1.999,1.054,0.582,7.161,4.289,63.423,59.894,RB Leipzig,1
61,Ligue 1,2025,96,Toulouse,514464,A. Vossah,Alexis,Vossah,17.0,France,181,69,https://media.api-sports.io/football/players/514464.png,Midfielder,23.0,12.0,1093.0,6.43,1.0,1.0,6.0,2.0,374.0,7.0,80.0,11.0,2.0,8.0,6.0,4.0,85.0,41.0,10.0,18.0,5.0,1.0,CM,0,,0,0,58.0,0,,statistical_fallback,Midfielder,CM,0.082,0.082,0.494,0.165,30.796,0.576,0.906,0.659,0.494,0.329,33.401,66.599,Toulouse,1
61,Ligue 1,2025,80,Lyon,519664,K. Merah,Khalis,Merah,18.0,France,,,https://media.api-sports.io/football/players/519664.png,Midfielder,22.0,15.0,1148.0,6.64,0.0,1.0,6.0,3.0,494.0,12.0,85.0,27.0,,7.0,15.0,10.0,118.0,61.0,20.0,11.0,2.0,0.0,CM,0,,0,0,58.0,0,,statistical_fallback,Midfielder,CM,0.0,0.078,0.47,0.235,38.728,0.941,2.117,0.549,1.176,0.784,50.0,66.667,Lyon,1
61,Ligue 1,2025,83,Nantes,522609,T. Tati,Tylel,Tati,17.0,France,190,79,https://media.api-sports.io/football/players/522609.png,Defender,20.0,20.0,1724.0,6.46,0.0,0.0,0.0,0.0,950.0,1.0,88.0,19.0,15.0,17.0,11.0,8.0,96.0,54.0,15.0,23.0,5.0,1.0,CB,0,,0,0,56.3,0,,statistical_fallback,Defender,CB,0.0,0.0,0.0,0.0,49.594,0.052,0.992,0.887,0.574,0.418,0.0,72.822,Nantes,1
78,Bundesliga,2025,169,Eintracht Frankfurt,535046,A. Amaimouni,,,20.0,,,,https://media.api-sports.io/football/players/535046.png,Attacker,17.0,6.0,595.0,6.64,2.0,3.0,11.0,7.0,126.0,6.0,76.0,6.0,1.0,3.0,36.0,20.0,91.0,36.0,10.0,8.0,1.0,0.0,ST,0,W,0,0,59.0,0,,statistical_fallback,Attacker,ST,0.303,0.454,1.664,1.059,19.059,0.908,0.908,0.454,5.445,3.025,63.642,55.556,Eintracht Frankfurt,1
78,Bundesliga,2025,165,Borussia Dortmund,568225,L. Reggiani,,,17.0,,,,https://media.api-sports.io/football/players/568225.png,Defender,8.0,6.0,513.0,6.83,1.0,0.0,3.0,1.0,378.0,2.0,88.0,14.0,1.0,2.0,4.0,4.0,40.0,25.0,2.0,3.0,2.0,0.0,FB,0,,0,0,56.9,0,,statistical_fallback,Defender,FB,0.175,0.0,0.526,0.175,66.316,0.351,2.456,0.351,0.702,0.702,33.27,100.0,Borussia Dortmund,1
61,Ligue 1,2025,112,Metz,570580,B. Munongo,,,15.0,,,,https://media.api-sports.io/football/players/570580.png,Midfielder,11.0,5.0,428.0,6.58,0.0,0.0,4.0,1.0,200.0,3.0,84.0,11.0,1.0,6.0,6.0,3.0,63.0,27.0,2.0,17.0,1.0,0.0,CDM,0,CM,0,0,63.0,0,,statistical_fallback,Midfielder,CDM,0.0,0.0,0.841,0.21,42.056,0.631,2.313,1.262,1.262,0.631,24.97,50.0,Metz,1
140,La Liga,2025,539,Levante,579287,K. Tunde,,,,,,,https://media.api-sports.io/football/players/579287.png,Attacker,21.0,17.0,1151.0,6.48,0.0,1.0,15.0,3.0,225.0,6.0,76.0,23.0,,14.0,32.0,15.0,147.0,73.0,23.0,16.0,3.0,0.0,ST,0,W,0,0,59.1,0,,statistical_fallback,Attacker,ST,0.0,0.078,1.173,0.235,17.593,0.469,1.798,1.095,2.502,1.173,20.034,46.882,Levante,1
61,Ligue 1,2025,112,Metz,584096,N. Mbala,,,17.0,,,,https://media.api-sports.io/football/players/584096.png,Attacker,13.0,4.0,448.0,6.67,2.0,2.0,12.0,4.0,84.0,13.0,73.0,9.0,,1.0,16.0,6.0,52.0,25.0,6.0,3.0,0.0,0.0,W,0,,0,0,58.5,0,,statistical_fallback,Attacker,W,0.402,0.402,2.411,0.804,16.875,2.612,1.808,0.201,3.214,1.205,33.347,37.492,Metz,1
61,Ligue 1,2025,111,Le Havre,584356,K. Quetant,,,19.0,,,,https://media.api-sports.io/football/players/584356.png,Attacker,9.0,4.0,387.0,6.56,1.0,0.0,6.0,2.0,63.0,1.0,63.0,0.0,,1.0,3.0,2.0,37.0,13.0,3.0,6.0,1.0,0.0,ST,0,,0,0,58.4,0,,statistical_fallback,Attacker,ST,0.233,0.0,1.395,0.465,14.651,0.233,0.0,0.233,0.698,0.465,33.333,66.619,Le Havre,1
135,Serie A,2025,490,Cagliari,626704,P. Mendy,,,19.0,,,,https://media.api-sports.io/football/players/626704.png,Attacker,9.0,3.0,338.0,6.61,2.0,0.0,12.0,3.0,74.0,6.0,70.0,0.0,1.0,1.0,5.0,2.0,77.0,24.0,4.0,12.0,1.0,0.0,ST,0,,0,0,62.8,0,,statistical_fallback,Attacker,ST,0.533,0.0,3.195,0.799,19.704,1.598,0.0,0.266,1.331,0.533,25.008,40.045,Cagliari,1
