api_football_player_id,player_name,player_full_name,current_team,league,transfermarkt_player_id,transfermarkt_name,transfermarkt_club,market_value_eur,market_value_m_eur,valuation_date,transfermarkt_url,match_confidence,match_score,match_margin,match_method,source
8959,A. Beck,Adrian Beck,1. FC Heidenheim,Bundesliga,273669,Adrian Beck,1. Fußballclub Heidenheim 1846,1500000,1.5,2026-05-27,https://www.transfermarkt.co.uk/adrian-beck/profil/spieler/273669,high,1.0,1.0,provider_id_crosswalk,transfermarkt_dataset
327897,A. Ibrahimović,Arijon Ibrahimović,1. FC Heidenheim,Bundesliga,744728,Arijon Ibrahimovic,1. Fußballclub Heidenheim 1846,10000000,10.0,2026-05-27,https://www.transfermarkt.co.uk/arijon-ibrahimovic/profil/spieler/744728,high,1.0,1.0,provider_id_crosswalk,transfermarkt_dataset
25203,B. Gimber,Benedikt Steffen Gimber,1. FC Heidenheim,Bundesliga,227084,Benedikt Gimber,1. Fußballclub Heidenheim 1846,1500000,1.5,2026-05-27,https://www.transfermarkt.co.uk/benedikt-gimber/profil/spieler/227084,high,1.0,1.0,provider_id_crosswalk,transfermarkt_dataset
24641,B. Zivzivadze,Budu Zivzivadze,1. FC Heidenheim,Bundesliga,187097,Budu Zivzivadze,1. Fußballclub Heidenheim 1846,1200000,1.2,2026-05-27,https://www.transfermarkt.co.uk/budu-zivzivadze/profil/spieler/187097,high,1.0,1.0,provider_id_crosswalk,transfermarkt_dataset
64302,C. Conteh,Christian Joe Conteh,1. FC Heidenheim,Bundesliga,530298,Christian Conteh,1. Fußballclub Heidenheim 1846,1500000,1.5,2026-05-27,https://www.transfermarkt.co.uk/christian-conteh/profil/spieler/530298,high,1.0,1.0,provider_id_crosswalk,transfermarkt_dataset
202526,E. Dinkçi,Eren Sami Dinkçi,1. FC Heidenheim,Bundesliga,645774,Eren Dinkçi,SC Freiburg,6000000,6.0,2026-05-27,https://www.transfermarkt.co.uk/eren-dinkci/profil/spieler/645774,high,1.0,1.0,provider_id_crosswalk,transfermarkt_dataset
353143,Hennes Behrens,Hennes Behrens,1. FC Heidenheim,Bundesliga,829838,Hennes Behrens,1. Fußballclub Heidenheim 1846,5000000,5.0,2026-05-27,https://www.transfermarkt.co.uk/hennes-behrens/profil/spieler/829838,high,1.0,1.0,provider_id_crosswalk,transfermarkt_dataset
24979,J. Föhrenbach,Jonas Föhrenbach,1. FC Heidenheim,Bundesliga,192169,Jonas Föhrenbach,1. Fußballclub Heidenheim 1846,1000000,1.0,2026-05-27,https://www.transfermarkt.co.uk/jonas-fohrenbach/profil/spieler/192169,high,1.0,1.0,provider_id_crosswalk,transfermarkt_dataset
203011,J. Niehues,Julian Niehues,1. FC Heidenheim,Bundesliga,530173,Julian Niehues,1. Fußballclub Heidenheim 1846,1500000,1.5,2026-05-27,https://www.transfermarkt.co.uk/julian-niehues/profil/spieler/530173,high,1.0,1.0,provider_id_crosswalk,transfermarkt_dataset
127619,J. Schöppner,Jan Schöppner,1. FC Heidenheim,Bundesliga,581357,Jan Schöppner,1. Fußballclub Heidenheim 1846,3000000,3.0,2026-05-27,https://www.transfermarkt.co.uk/jan-schoppner/profil/spieler/581357,high,1.0,1.0,provider_id_crosswalk,transfermarkt_dataset
280055,L. Kerber,Luca Kerber,1. FC Heidenheim,Bundesliga,809498,Luca Kerber,1. Fußballclub Heidenheim 1846,2000000,2.0,2026-05-27,https://www.transfermarkt.co.uk/luca-kerber/profil/spieler/809498,high,1.0,1.0,provider_id_crosswalk,transfermarkt_dataset
24897,M. Busch,Marnon-Thomas Busch,1. FC Heidenheim,Bundesliga,117478,Marnon Busch,1. Fußballclub Heidenheim 1846,1000000,1.0,2026-05-27,https://www.transfermarkt.co.uk/marnon-busch/profil/spieler/117478,high,1.0,1.0,provider_id_crosswalk,transfermarkt_dataset
24955,M. Honsak,Mathias Honsak,1. FC Heidenheim,Bundesliga,283497,Mathias Honsak,1. Fußballclub Heidenheim 1846,1700000,1.7,2026-05-27,https://www.transfermarkt.co.uk/mathias-honsak/profil/spieler/283497,high,1.0,1.0,provider_id_crosswalk,transfermarkt_dataset
15732,M. Kaufmann,Mikkel Kaufmann Sørensen,1. FC Heidenheim,Bundesliga,545332,Mikkel Kaufmann,1. Fußballclub Heidenheim 1846,1500000,1.5,2026-05-27,https://www.transfermarkt.co.uk/mikkel-kaufmann/profil/spieler/545332,high,1.0,1.0,provider_id_crosswalk,transfermarkt_dataset
178106,M. Pieringer,Marvin Pieringer,1. FC Heidenheim,Bundesliga,471055,Marvin Pieringer,1. Fußballclub Heidenheim 1846,3000000,3.0,2026-05-27,https://www.transfermarkt.co.uk/marvin-pieringer/profil/spieler/471055,high,1.0,1.0,provider_id_crosswalk,transfermarkt_dataset
24904,N. Dorsch,Niklas Bernd Dorsch,1. FC Heidenheim,Bundesliga,251302,Niklas Dorsch,1. Fußballclub Heidenheim 1846,2500000,2.5,2026-05-27,https://www.transfermarkt.co.uk/niklas-dorsch/profil/spieler/251302,high,1.0,1.0,provider_id_crosswalk,transfermarkt_dataset
25502,O. Traoré,Omar Haktab Traoré,1. FC Heidenheim,Bundesliga,388294,Omar Traoré,1. Fußballclub Heidenheim 1846,2000000,2.0,2026-05-27,https://www.transfermarkt.co.uk/omar-traore/profil/spieler/388294,high,1.0,1.0,provider_id_crosswalk,transfermarkt_dataset
24899,P. Mainka,Patrick Mainka,1. FC Heidenheim,Bundesliga,133731,Patrick Mainka,1. Fußballclub Heidenheim 1846,2500000,2.5,2026-05-27,https://www.transfermarkt.co.uk/patrick-mainka/profil/spieler/133731,high,1.0,1.0,provider_id_crosswalk,transfermarkt_dataset
125720,S. Conteh,Sirlord Calvin Conteh,1. FC Heidenheim,Bundesliga,307183,Sirlord Conteh,1. Fußballclub Heidenheim 1846,1200000,1.2,2026-05-27,https://www.transfermarkt.co.uk/sirlord-conteh/profil/spieler/307183,high,1.0,1.0,provider_id_crosswalk,transfermarkt_dataset
26530,S. Schimmer,Stefan Schimmer,1. FC Heidenheim,Bundesliga,394033,Stefan Schimmer,1. Fußballclub Heidenheim 1846,300000,0.3,2026-05-27,https://www.transfermarkt.co.uk/stefan-schimmer/profil/spieler/394033,high,1.0,1.0,provider_id_crosswalk,transfermarkt_dataset
177815,T. Siersleben,Tim Siersleben,1. FC Heidenheim,Bundesliga,337092,Tim Siersleben,1. Fußballclub Heidenheim 1846,1800000,1.8,2026-05-27,https://www.transfermarkt.co.uk/tim-siersleben/profil/spieler/337092,high,1.0,1.0,provider_id_crosswalk,transfermarkt_dataset
8641,A. Castro-Montes,Alessio Daniel Castro-Montes,1. FC Köln,Bundesliga,340166,Alessio Castro-Montes,Union Saint-Gilloise,2500000,2.5,2026-05-27,https://www.transfermarkt.co.uk/alessio-castro-montes/profil/spieler/340166,medium,0.8476,0.2482,name_club_age,transfermarkt_dataset
72048,C. Özkacar,Cenk Özkacar,1. FC Köln,Bundesliga,615350,Cenk Özkacar,1.FC Köln,4000000,4.0,2026-05-27,https://www.transfermarkt.co.uk/cenk-ozkacar/profil/spieler/615350,high,1.0,1.0,provider_id_crosswalk,transfermarkt_dataset
26237,D. Heintz,Dominique Heintz,1. FC Köln,Bundesliga,110036,Dominique Heintz,1.FC Köln,600000,0.6,2026-05-27,https://www.transfermarkt.co.uk/dominique-heintz/profil/spieler/110036,high,1.0,1.0,provider_id_crosswalk,transfermarkt_dataset
202838,D. Huseinbašić,Denis Huseinbašić,1. FC Köln,Bundesliga,678479,Denis Huseinbasic,1.FC Köln,2000000,2.0,2026-05-27,https://www.transfermarkt.co.uk/denis-huseinbasic/profil/spieler/678479,high,1.0,1.0,provider_id_crosswalk,transfermarkt_dataset
162480,E. Martel,Eric Martel,1. FC Köln,Bundesliga,597000,Eric Martel,1.FC Köln,8000000,8.0,2026-05-27,https://www.transfermarkt.co.uk/eric-martel/profil/spieler/597000,high,1.0,1.0,provider_id_crosswalk,transfermarkt_dataset
48765,J. Schmied,Joël Pascal Schmied,1. FC Köln,Bundesliga,322517,Joël Schmied,1.FC Köln,3000000,3.0,2026-05-27,https://www.transfermarkt.co.uk/joel-schmied/profil/spieler/322517,high,1.0,1.0,provider_id_crosswalk,transfermarkt_dataset
181908,J. Thielmann,Jan Uwe Thielmann,1. FC Köln,Bundesliga,472249,Jan Thielmann,1.FC Köln,5000000,5.0,2026-05-27,https://www.transfermarkt.co.uk/jan-thielmann/profil/spieler/472249,high,1.0,1.0,provider_id_crosswalk,transfermarkt_dataset
404656,Jahmai Simpson-Pusey,Jahmai Simpson-Pusey,1. FC Köln,Bundesliga,942497,Jahmai Simpson-Pusey,1.FC Köln,9000000,9.0,2026-05-27,https://www.transfermarkt.co.uk/jahmai-simpson-pusey/profil/spieler/942497,high,1.0,1.0,provider_id_crosswalk,transfermarkt_dataset
162386,K. Lund,Kristoffer Lund Hansen,1. FC Köln,Bundesliga,623773,Kristoffer Lund,1.FC Köln,4000000,4.0,2026-05-27,https://www.transfermarkt.co.uk/kristoffer-lund/profil/spieler/623773,high,1.0,1.0,provider_id_crosswalk,transfermarkt_dataset
25380,L. Maina,Linton Maina,1. FC Köln,Bundesliga,335103,Linton Maina,1.FC Köln,3000000,3.0,2026-05-27,https://www.transfermarkt.co.uk/linton-maina/profil/spieler/335103,high,1.0,1.0,provider_id_crosswalk,transfermarkt_dataset
26260,L. Waldschmidt,Gian-Luca Waldschmidt,1. FC Köln,Bundesliga,196095,Luca Waldschmidt,1.FC Köln,2000000,2.0,2026-05-27,https://www.transfermarkt.co.uk/luca-waldschmidt/profil/spieler/196095,high,1.0,1.0,provider_id_crosswalk,transfermarkt_dataset
25242,M. Bülter,Marius Bülter,1. FC Köln,Bundesliga,116088,Marius Bülter,1.FC Köln,1800000,1.8,2026-05-27,https://www.transfermarkt.co.uk/marius-bulter/profil/spieler/116088,high,1.0,1.0,provider_id_crosswalk,transfermarkt_dataset
15871,M. Schwäbe,Marvin Schwäbe,1. FC Köln,Bundesliga,160929,Marvin Schwäbe,1.FC Köln,3000000,3.0,2026-05-27,https://www.transfermarkt.co.uk/marvin-schwabe/profil/spieler/160929,high,1.0,1.0,name_club_age,transfermarkt_dataset
37439,R. Ache,Ragnar Prince Friedel Ache,1. FC Köln,Bundesliga,416380,Ragnar Ache,1.FC Köln,9000000,9.0,2026-05-27,https://www.transfermarkt.co.uk/ragnar-ache/profil/spieler/416380,high,1.0,1.0,provider_id_crosswalk,transfermarkt_dataset
287916,R. van den Berg,Rav van den Berg,1. FC Köln,Bundesliga,640556,Rav van den Berg,1.FC Köln,7000000,7.0,2026-05-27,https://www.transfermarkt.co.uk/rav-van-den-berg/profil/spieler/640556,high,1.0,1.0,provider_id_crosswalk,transfermarkt_dataset
432310,S. El Mala,Said El Mala,1. FC Köln,Bundesliga,1168219,Said El Mala,1.FC Köln,45000000,45.0,2026-05-27,https://www.transfermarkt.co.uk/said-el-mala/profil/spieler/1168219,high,1.0,1.0,provider_id_crosswalk,transfermarkt_dataset
191740,S. Sebulonsen,Sebastian Søraas Sebulonsen,1. FC Köln,Bundesliga,592387,Sebastian Sebulonsen,1.FC Köln,5500000,5.5,2026-05-27,https://www.transfermarkt.co.uk/sebastian-sebulonsen/profil/spieler/592387,high,1.0,1.0,provider_id_crosswalk,transfermarkt_dataset
90641,T. Hübers,Timo Bernd Hübers,1. FC Köln,Bundesliga,236981,Timo Hübers,1.FC Köln,1500000,1.5,2026-05-27,https://www.transfermarkt.co.uk/timo-hubers/profil/spieler/236981,high,1.0,1.0,provider_id_crosswalk,transfermarkt_dataset
1156,T. Krauß,Tom Krauß,1. FC Köln,Bundesliga,405687,Tom Krauß,1.FC Köln,4500000,4.5,2026-05-27,https://www.transfermarkt.co.uk/tom-krauss/profil/spieler/405687,high,1.0,1.0,provider_id_crosswalk,transfermarkt_dataset
48198,Í. Bergmann Jóhannesson,Ísak Bergmann Jóhannesson,1. FC Köln,Bundesliga,579565,Ísak Jóhannesson,1.FC Köln,8000000,8.0,2026-05-27,https://www.transfermarkt.co.uk/isak-johannesson/profil/spieler/579565,high,1.0,1.0,provider_id_crosswalk,transfermarkt_dataset
278453,A. Hajdari,Albian Hajdari,1899 Hoffenheim,Bundesliga,579459,Albian Hajdari,TSG 1899 Hoffenheim,25000000,25.0,2026-05-27,https://www.transfermarkt.co.uk/albian-hajdari/profil/spieler/579459,high,1.0,1.0,provider_id_crosswalk,transfermarkt_dataset
726,A. Kramarić,Andrej Kramarić,1899 Hoffenheim,Bundesliga,46580,Andrej Kramaric,TSG 1899 Hoffenheim,2500000,2.5,2026-05-27,https://www.transfermarkt.co.uk/andrej-kramaric/profil/spieler/46580,high,1.0,1.0,provider_id_crosswalk,transfermarkt_dataset
7327,A. Prass,Alexander Prass,1899 Hoffenheim,Bundesliga,434116,Alexander Prass,TSG 1899 Hoffenheim,9000000,9.0,2026-05-27,https://www.transfermarkt.co.uk/alexander-prass/profil/spieler/434116,high,1.0,1.0,provider_id_crosswalk,transfermarkt_dataset
387643,B. Touré,Bazoumana Touré,1899 Hoffenheim,Bundesliga,1067904,Bazoumana Touré,TSG 1899 Hoffenheim,40000000,40.0,2026-05-27,https://www.transfermarkt.co.uk/bazoumana-toure/profil/spieler/1067904,high,1.0,1.0,provider_id_crosswalk,transfermarkt_dataset
18964,Bernardo,Bernardo Fernandes da Silva Junior,1899 Hoffenheim,Bundesliga,364258,Bernardo,TSG 1899 Hoffenheim,4000000,4.0,2026-05-27,https://www.transfermarkt.co.uk/bernardo/profil/spieler/364258,high,1.0,1.0,provider_id_crosswalk,transfermarkt_dataset
202501,F. Asllani,Fisnik Asllani,1899 Hoffenheim,Bundesliga,524290,Fisnik Asllani,TSG 1899 Hoffenheim,35000000,35.0,2026-05-27,https://www.transfermarkt.co.uk/fisnik-asllani/profil/spieler/524290,high,1.0,1.0,provider_id_crosswalk,transfermarkt_dataset
24854,G. Prömel,Grischa Prömel,1899 Hoffenheim,Bundesliga,234029,Grischa Prömel,TSG 1899 Hoffenheim,3500000,3.5,2026-05-27,https://www.transfermarkt.co.uk/grischa-promel/profil/spieler/234029,high,1.0,1.0,provider_id_crosswalk,transfermarkt_dataset
390586,L. Avdullahu,Leon Avdullahu,1899 Hoffenheim,Bundesliga,667457,Leon Avdullahu,TSG 1899 Hoffenheim,30000000,30.0,2026-05-27,https://www.transfermarkt.co.uk/leon-avdullahu/profil/spieler/667457,high,1.0,1.0,provider_id_crosswalk,transfermarkt_dataset
328262,M. Damar,Muhammed Mehmet Damar,1899 Hoffenheim,Bundesliga,789898,Muhammed Damar,TSG 1899 Hoffenheim,5000000,5.0,2026-05-27,https://www.transfermarkt.co.uk/muhammed-damar/profil/spieler/789898,high,1.0,1.0,provider_id_crosswalk,transfermarkt_dataset
387973,Max Moerstedt,Max Moerstedt,1899 Hoffenheim,Bundesliga,923595,Max Moerstedt,TSG 1899 Hoffenheim,7000000,7.0,2026-05-27,https://www.transfermarkt.co.uk/max-moerstedt/profil/spieler/923595,high,1.0,1.0,provider_id_crosswalk,transfermarkt_dataset
702,O. Baumann,Oliver Baumann,1899 Hoffenheim,Bundesliga,55089,Oliver Baumann,TSG 1899 Hoffenheim,2500000,2.5,2026-05-27,https://www.transfermarkt.co.uk/oliver-baumann/profil/spieler/55089,high,1.0,1.0,provider_id_crosswalk,transfermarkt_dataset
26300,O. Kabak,Ozan Muhammed Kabak,1899 Hoffenheim,Bundesliga,361260,Ozan Kabak,TSG 1899 Hoffenheim,15000000,15.0,2026-05-27,https://www.transfermarkt.co.uk/ozan-kabak/profil/spieler/361260,high,1.0,1.0,provider_id_crosswalk,transfermarkt_dataset
162964,R. Hranáč,Robin Hranáč,1899 Hoffenheim,Bundesliga,620217,Robin Hranac,TSG 1899 Hoffenheim,10000000,10.0,2026-05-27,https://www.transfermarkt.co.uk/robin-hranac/profil/spieler/620217,high,1.0,1.0,provider_id_crosswalk,transfermarkt_dataset
203040,T. Lemperle,Tim Lemperle,1899 Hoffenheim,Bundesliga,553285,Tim Lemperle,TSG 1899 Hoffenheim,17000000,17.0,2026-05-27,https://www.transfermarkt.co.uk/tim-lemperle/profil/spieler/553285,high,1.0,1.0,provider_id_crosswalk,transfermarkt_dataset
1231,V. Coufal,Vladimír Coufal,1899 Hoffenheim,Bundesliga,157672,Vladimír Coufal,TSG 1899 Hoffenheim,2500000,2.5,2026-05-27,https://www.transfermarkt.co.uk/vladimir-coufal/profil/spieler/157672,high,1.0,1.0,provider_id_crosswalk,transfermarkt_dataset
37153,W. Burger,Wouter Burger,1899 Hoffenheim,Bundesliga,412953,Wouter Burger,TSG 1899 Hoffenheim,20000000,20.0,2026-05-27,https://www.transfermarkt.co.uk/wouter-burger/profil/spieler/412953,high,1.0,1.0,provider_id_crosswalk,transfermarkt_dataset
47516,Aleix García,Aleix García Serrano,Bayer Leverkusen,Bundesliga,261504,Aleix García,Bayer 04 Leverkusen,20000000,20.0,2026-05-27,https://www.transfermarkt.co.uk/aleix-garcia/profil/spieler/261504,high,1.0,1.0,provider_id_crosswalk,transfermarkt_dataset
352375,Arthur,Arthur Augusto de Matos Soares,Bayer Leverkusen,Bundesliga,977464,Arthur,Bayer 04 Leverkusen,8000000,8.0,2026-05-27,https://www.transfermarkt.co.uk/arthur/profil/spieler/977464,high,1.0,1.0,provider_id_crosswalk,transfermarkt_dataset
505295,Christian Kofane,Christian Michel Kofane,Bayer Leverkusen,Bundesliga,1364454,Christian Kofane,Bayer 04 Leverkusen,40000000,40.0,2026-05-27,https://www.transfermarkt.co.uk/christian-kofane/profil/spieler/1364454,high,1.0,1.0,provider_id_crosswalk,transfermarkt_dataset
237087,E. Fernández,Ignacio Ezequiél Agustín Fernández Carballo,Bayer Leverkusen,Bundesliga,664708,Equi Fernández,Bayer 04 Leverkusen,20000000,20.0,2026-05-27,https://www.transfermarkt.co.uk/equi-fernandez/profil/spieler/664708,high,1.0,1.0,provider_id_crosswalk,transfermarkt_dataset
6002,E. Palacios,Exequiel Alejandro Palacios,Bayer Leverkusen,Bundesliga,401578,Exequiel Palacios,Bayer 04 Leverkusen,25000000,25.0,2026-05-27,https://www.transfermarkt.co.uk/exequiel-palacios/profil/spieler/401578,high,1.0,1.0,provider_id_crosswalk,transfermarkt_dataset
312840,E. Poku,Ernest Poku,Bayer Leverkusen,Bundesliga,718303,Ernest Poku,AZ Alkmaar,25000000,25.0,2026-05-27,https://www.transfermarkt.co.uk/ernest-poku/profil/spieler/718303,high,1.0,1.0,provider_id_crosswalk,transfermarkt_dataset
41150,E. Tapsoba,Edmond Fayçal Tapsoba,Bayer Leverkusen,Bundesliga,564545,Edmond Tapsoba,Bayer 04 Leverkusen,35000000,35.0,2026-05-27,https://www.transfermarkt.co.uk/edmond-tapsoba/profil/spieler/564545,high,1.0,1.0,provider_id_crosswalk,transfermarkt_dataset
380587,I. Maza,Ibrahim Maza,Bayer Leverkusen,Bundesliga,905011,Ibrahim Maza,Bayer 04 Leverkusen,45000000,45.0,2026-05-27,https://www.transfermarkt.co.uk/ibrahim-maza/profil/spieler/905011,high,1.0,1.0,provider_id_crosswalk,transfermarkt_dataset
37246,J. Blaswich,Janis Jonathan Blaswich,Bayer Leverkusen,Bundesliga,81173,Janis Blaswich,Bayer 04 Leverkusen,700000,0.7,2026-05-27,https://www.transfermarkt.co.uk/janis-blaswich/profil/spieler/81173,high,1.0,1.0,provider_id_crosswalk,transfermarkt_dataset
25635,J. Hofmann,Jonas Hofmann,Bayer Leverkusen,Bundesliga,7161,Jonas Hofmann,Bayer 04 Leverkusen,1500000,1.5,2026-05-27,https://www.transfermarkt.co.uk/jonas-hofmann/profil/spieler/7161,high,1.0,1.0,provider_id_crosswalk,transfermarkt_dataset
158698,J. Quansah,Jarell Amorin Quansah,Bayer Leverkusen,Bundesliga,632349,Jarell Quansah,Bayer 04 Leverkusen,45000000,45.0,2026-05-27,https://www.transfermarkt.co.uk/jarell-quansah/profil/spieler/632349,high,1.0,1.0,provider_id_crosswalk,transfermarkt_dataset
174918,L. Badé,Loïc Badé,Bayer Leverkusen,Bundesliga,730581,Loïc Badé,Bayer 04 Leverkusen,20000000,20.0,2026-05-27,https://www.transfermarkt.co.uk/loic-bade/profil/spieler/730581,high,1.0,1.0,provider_id_crosswalk,transfermarkt_dataset
757,Lucas Vázquez,Lucas Vázquez Iglesias,Bayer Leverkusen,Bundesliga,221316,Lucas Vázquez,Bayer 04 Leverkusen,1500000,1.5,2026-05-27,https://www.transfermarkt.co.uk/lucas-vazquez/profil/spieler/221316,high,1.0,1.0,provider_id_crosswalk,transfermarkt_dataset
444961,M. Culbreath,Montrell Amare Culbreath,Bayer Leverkusen,Bundesliga,1058514,Montrell Culbreath,Bayer 04 Leverkusen,15000000,15.0,2026-05-27,https://www.transfermarkt.co.uk/montrell-culbreath/profil/spieler/1058514,high,1.0,1.0,provider_id_crosswalk,transfermarkt_dataset
26232,M. Flekken,Mark Flekken,Bayer Leverkusen,Bundesliga,125714,Mark Flekken,Bayer 04 Leverkusen,6000000,6.0,2026-05-27,https://www.transfermarkt.co.uk/mark-flekken/profil/spieler/125714,high,1.0,1.0,provider_id_crosswalk,transfermarkt_dataset
663,M. Terrier,Martin Albert Frédéric Terrier,Bayer Leverkusen,Bundesliga,442891,Martin Terrier,Bayer 04 Leverkusen,8000000,8.0,2026-05-27,https://www.transfermarkt.co.uk/martin-terrier/profil/spieler/442891,high,1.0,1.0,provider_id_crosswalk,transfermarkt_dataset
162037,M. Tillman,Malik Leon Tillman,Bayer Leverkusen,Bundesliga,467437,Malik Tillman,Bayer 04 Leverkusen,30000000,30.0,2026-05-27,https://www.transfermarkt.co.uk/malik-tillman/profil/spieler/467437,high,1.0,1.0,provider_id_crosswalk,transfermarkt_dataset
231029,N. Tella,Nathan Adewale Temitayo Tella,Bayer Leverkusen,Bundesliga,340322,Nathan Tella,Bayer 04 Leverkusen,15000000,15.0,2026-05-27,https://www.transfermarkt.co.uk/nathan-tella/profil/spieler/340322,high,1.0,1.0,provider_id_crosswalk,transfermarkt_dataset
794,P. Schick,Patrik Schick,Bayer Leverkusen,Bundesliga,242086,Patrik Schick,Bayer 04 Leverkusen,18000000,18.0,2026-05-27,https://www.transfermarkt.co.uk/patrik-schick/profil/spieler/242086,high,1.0,1.0,provider_id_crosswalk,transfermarkt_dataset
24903,R. Andrich,Robert Andrich,Bayer Leverkusen,Bundesliga,159088,Robert Andrich,Bayer 04 Leverkusen,6000000,6.0,2026-05-27,https://www.transfermarkt.co.uk/robert-andrich/profil/spieler/159088,high,1.0,1.0,provider_id_crosswalk,transfermarkt_dataset
563,Álex Grimaldo,Alejandro Grimaldo García,Bayer Leverkusen,Bundesliga,193082,Alejandro Grimaldo,Bayer 04 Leverkusen,20000000,20.0,2026-05-27,https://www.transfermarkt.co.uk/alejandro-grimaldo/profil/spieler/193082,high,1.0,1.0,provider_id_crosswalk,transfermarkt_dataset
509,A. Davies,Alphonso Boyle Davies,Bayern München,Bundesliga,424204,Alphonso Davies,Bayern Munich,40000000,40.0,2026-05-27,https://www.transfermarkt.co.uk/alphonso-davies/profil/spieler/424204,high,1.0,1.0,provider_id_crosswalk,transfermarkt_dataset
328033,A. Pavlović,Aleksandar Pavlović,Bayern München,Bundesliga,792380,Aleksandar Pavlovic,Bayern Munich,90000000,90.0,2026-05-27,https://www.transfermarkt.co.uk/aleksandar-pavlovic/profil/spieler/792380,high,1.0,1.0,provider_id_crosswalk,transfermarkt_dataset
1149,D. Upamecano,Dayotchanculle Oswald Upamecano,Bayern München,Bundesliga,344695,Dayot Upamecano,Bayern Munich,70000000,70.0,2026-05-27,https://www.transfermarkt.co.uk/dayot-upamecano/profil/spieler/344695,high,1.0,1.0,provider_id_crosswalk,transfermarkt_dataset
32893,H. Ito,Hiroki Ito,Bayern München,Bundesliga,353892,Hiroki Ito,Bayern Munich,18000000,18.0,2026-05-27,https://www.transfermarkt.co.uk/hiroki-ito/profil/spieler/353892,high,1.0,1.0,provider_id_crosswalk,transfermarkt_dataset
184,H. Kane,Harry Edward Kane,Bayern München,Bundesliga,132098,Harry Kane,Bayern Munich,60000000,60.0,2026-05-27,https://www.transfermarkt.co.uk/harry-kane/profil/spieler/132098,high,1.0,1.0,provider_id_crosswalk,transfermarkt_dataset
502,J. Kimmich,Joshua Walter Kimmich,Bayern München,Bundesliga,161056,Joshua Kimmich,Bayern Munich,35000000,35.0,2026-05-27,https://www.transfermarkt.co.uk/joshua-kimmich/profil/spieler/161056,high,1.0,1.0,provider_id_crosswalk,transfermarkt_dataset
181812,J. Musiala,Jamal Musiala,Bayern München,Bundesliga,580195,Jamal Musiala,Bayern Munich,100000000,100.0,2026-05-27,https://www.transfermarkt.co.uk/jamal-musiala/profil/spieler/580195,high,1.0,1.0,provider_id_crosswalk,transfermarkt_dataset
125171,J. Stanišić,Josip Stanišić,Bayern München,Bundesliga,483046,Josip Stanisic,Bayern Munich,40000000,40.0,2026-05-27,https://www.transfermarkt.co.uk/josip-stanisic/profil/spieler/483046,high,1.0,1.0,provider_id_crosswalk,transfermarkt_dataset
972,J. Tah,Jonathan Glao Tah,Bayern München,Bundesliga,196357,Jonathan Tah,Bayern Munich,28000000,28.0,2026-05-27,https://www.transfermarkt.co.uk/jonathan-tah/profil/spieler/196357,high,1.0,1.0,provider_id_crosswalk,transfermarkt_dataset
203376,J. Urbig,Jonas Kurt Urbig,Bayern München,Bundesliga,607720,Jonas Urbig,Bayern Munich,18000000,18.0,2026-05-27,https://www.transfermarkt.co.uk/jonas-urbig/profil/spieler/607720,high,1.0,1.0,provider_id_crosswalk,transfermarkt_dataset
1157,K. Laimer,Konrad Laimer,Bayern München,Bundesliga,223967,Konrad Laimer,Bayern Munich,32000000,32.0,2026-05-27,https://www.transfermarkt.co.uk/konrad-laimer/profil/spieler/223967,high,1.0,1.0,provider_id_crosswalk,transfermarkt_dataset
2897,Kim Min-Jae,Min-Jae Kim,Bayern München,Bundesliga,503482,Min-jae Kim,Bayern Munich,20000000,20.0,2026-05-27,https://www.transfermarkt.co.uk/min-jae-kim/profil/spieler/503482,high,1.0,1.0,provider_id_crosswalk,transfermarkt_dataset
2489,L. Díaz,Luis Fernando Díaz Marulanda,Bayern München,Bundesliga,480692,Luis Díaz,Bayern Munich,70000000,70.0,2026-05-27,https://www.transfermarkt.co.uk/luis-diaz/profil/spieler/480692,high,1.0,1.0,provider_id_crosswalk,transfermarkt_dataset
511,L. Goretzka,Leon Christoph Goretzka,Bayern München,Bundesliga,153084,Leon Goretzka,Bayern Munich,12000000,12.0,2026-05-27,https://www.transfermarkt.co.uk/leon-goretzka/profil/spieler/153084,high,1.0,1.0,provider_id_crosswalk,transfermarkt_dataset
494131,L. Karl,Lennart Karl,Bayern München,Bundesliga,1075147,Lennart Karl,Bayern Munich,60000000,60.0,2026-05-27,https://www.transfermarkt.co.uk/lennart-karl/profil/spieler/1075147,high,1.0,1.0,provider_id_crosswalk,transfermarkt_dataset
497,M. Neuer,Manuel Peter Neuer,Bayern München,Bundesliga,17259,Manuel Neuer,Bayern Munich,4000000,4.0,2026-05-27,https://www.transfermarkt.co.uk/manuel-neuer/profil/spieler/17259,high,1.0,1.0,provider_id_crosswalk,transfermarkt_dataset
19617,M. Olise,Michael Akpovie Olise,Bayern München,Bundesliga,566723,Michael Olise,Bayern Munich,150000000,150.0,2026-05-27,https://www.transfermarkt.co.uk/michael-olise/profil/spieler/566723,high,1.0,1.0,provider_id_crosswalk,transfermarkt_dataset
283058,N. Jackson,Nicolas Jackson,Bayern München,Bundesliga,776890,Nicolas Jackson,Bayern Munich,40000000,40.0,2026-05-27,https://www.transfermarkt.co.uk/nicolas-jackson/profil/spieler/776890,high,1.0,1.0,provider_id_crosswalk,transfermarkt_dataset
8,Raphaël Guerreiro,Raphaël Adelino José Guerreiro,Bayern München,Bundesliga,170986,Raphaël Guerreiro,Bayern Munich,5000000,5.0,2026-05-27,https://www.transfermarkt.co.uk/raphael-guerreiro/profil/spieler/170986,high,1.0,1.0,provider_id_crosswalk,transfermarkt_dataset
2195,S. Boey,Sacha Boey,Bayern München,Bundesliga,475413,Sacha Boey,Bayern Munich,10000000,10.0,2026-05-21,https://www.transfermarkt.co.uk/sacha-boey/profil/spieler/475413,high,1.0,1.0,provider_id_crosswalk,transfermarkt_dataset
510,S. Gnabry,Serge David Gnabry,Bayern München,Bundesliga,159471,Serge Gnabry,Bayern Munich,18000000,18.0,2026-05-27,https://www.transfermarkt.co.uk/serge-gnabry/profil/spieler/159471,high,1.0,1.0,provider_id_crosswalk,transfermarkt_dataset
325975,T. Bischof,Tom Bischof,Bayern München,Bundesliga,822959,Tom Bischof,Bayern Munich,40000000,40.0,2026-05-27,https://www.transfermarkt.co.uk/tom-bischof/profil/spieler/822959,high,1.0,1.0,provider_id_crosswalk,transfermarkt_dataset
422780,A. Anselmino,Aaron Anselmino,Borussia Dortmund,Bundesliga,1145504,Aarón Anselmino,Borussia Dortmund,10000000,10.0,2026-06-01,https://www.transfermarkt.co.uk/aaron-anselmino/profil/spieler/1145504,high,1.0,1.0,provider_id_crosswalk,transfermarkt_dataset
138935,C. Chukwuemeka,Carney Chibueze Chukwuemeka,Borussia Dortmund,Bundesliga,659459,Carney Chukwuemeka,Borussia Dortmund,20000000,20.0,2026-05-27,https://www.transfermarkt.co.uk/carney-chukwuemeka/profil/spieler/659459,high,1.0,1.0,provider_id_crosswalk,transfermarkt_dataset
24894,D. Ramaj,Diant Ramaj,Borussia Dortmund,Bundesliga,448705,Diant Ramaj,1. Fußballclub Heidenheim 1846,7000000,7.0,2026-05-27,https://www.transfermarkt.co.uk/diant-ramaj/profil/spieler/448705,high,1.0,1.0,provider_id_crosswalk,transfermarkt_dataset
198654,D. Svensson,Daniel Svensson,Borussia Dortmund,Bundesliga,579287,Daniel Svensson,Borussia Dortmund,22000000,22.0,2026-05-27,https://www.transfermarkt.co.uk/daniel-svensson/profil/spieler/579287,high,1.0,1.0,provider_id_crosswalk,transfermarkt_dataset
864,E. Can,Emre Can,Borussia Dortmund,Bundesliga,119296,Emre Can,Borussia Dortmund,3000000,3.0,2026-05-27,https://www.transfermarkt.co.uk/emre-can/profil/spieler/119296,high,1.0,1.0,provider_id_crosswalk,transfermarkt_dataset
637,F. Nmecha,Felix Kalu Nmecha,Borussia Dortmund,Bundesliga,406640,Felix Nmecha,Borussia Dortmund,50000000,50.0,2026-05-27,https://www.transfermarkt.co.uk/felix-nmecha/profil/spieler/406640,high,1.0,1.0,provider_id_crosswalk,transfermarkt_dataset
129791,Fábio Silva,Fábio Daniel Soares Silva,Borussia Dortmund,Bundesliga,505653,Fábio Silva,Borussia Dortmund,22000000,22.0,2026-05-27,https://www.transfermarkt.co.uk/fabio-silva/profil/spieler/505653,high,1.0,1.0,provider_id_crosswalk,transfermarkt_dataset
25282,G. Kobel,Gregor Kobel,Borussia Dortmund,Bundesliga,257814,Gregor Kobel,Borussia Dortmund,40000000,40.0,2026-05-27,https://www.transfermarkt.co.uk/gregor-kobel/profil/spieler/257814,high,1.0,1.0,provider_id_crosswalk,transfermarkt_dataset
326757,J. Bellingham,Jobe Samuel Patrick Bellingham,Borussia Dortmund,Bundesliga,796297,Jobe Bellingham,Borussia Dortmund,40000000,40.0,2026-05-27,https://www.transfermarkt.co.uk/jobe-bellingham/profil/spieler/796297,high,1.0,1.0,provider_id_crosswalk,transfermarkt_dataset
984,J. Brandt,Julian Brandt,Borussia Dortmund,Bundesliga,187492,Julian Brandt,Borussia Dortmund,15000000,15.0,2026-05-27,https://www.transfermarkt.co.uk/julian-brandt/profil/spieler/187492,high,1.0,1.0,provider_id_crosswalk,transfermarkt_dataset
24845,J. Ryerson,Julian Ryerson,Borussia Dortmund,Bundesliga,370789,Julian Ryerson,Borussia Dortmund,25000000,25.0,2026-05-27,https://www.transfermarkt.co.uk/julian-ryerson/profil/spieler/370789,high,1.0,1.0,provider_id_crosswalk,transfermarkt_dataset
7334,K. Adeyemi,Karim-David Adeyemi,Borussia Dortmund,Bundesliga,496094,Karim Adeyemi,Borussia Dortmund,40000000,40.0,2026-05-27,https://www.transfermarkt.co.uk/karim-adeyemi/profil/spieler/496094,high,1.0,1.0,provider_id_crosswalk,transfermarkt_dataset
568225,L. Reggiani,nan nan,Borussia Dortmund,Bundesliga,1074990,Luca Reggiani,Borussia Dortmund,10000000,10.0,2026-05-27,https://www.transfermarkt.co.uk/luca-reggiani/profil/spieler/1074990,high,1.0,1.0,provider_id_crosswalk,transfermarkt_dataset
158644,M. Beier,Maximilian Beier,Borussia Dortmund,Bundesliga,578392,Maximilian Beier,Borussia Dortmund,40000000,40.0,2026-05-27,https://www.transfermarkt.co.uk/maximilian-beier/profil/spieler/578392,high,1.0,1.0,provider_id_crosswalk,transfermarkt_dataset
1159,M. Sabitzer,Marcel Sabitzer,Borussia Dortmund,Bundesliga,106987,Marcel Sabitzer,Borussia Dortmund,6000000,6.0,2026-05-27,https://www.transfermarkt.co.uk/marcel-sabitzer/profil/spieler/106987,high,1.0,1.0,provider_id_crosswalk,transfermarkt_dataset
26243,N. Schlotterbeck,Nico Cedric Schlotterbeck,Borussia Dortmund,Bundesliga,388198,Nico Schlotterbeck,Borussia Dortmund,55000000,55.0,2026-05-27,https://www.transfermarkt.co.uk/nico-schlotterbeck/profil/spieler/388198,high,1.0,1.0,provider_id_crosswalk,transfermarkt_dataset
506,N. Süle,Niklas Süle,Borussia Dortmund,Bundesliga,166601,Niklas Süle,Borussia Dortmund,4000000,4.0,2026-05-27,https://www.transfermarkt.co.uk/niklas-sule/profil/spieler/166601,high,1.0,1.0,provider_id_crosswalk,transfermarkt_dataset
2194,R. Bensebaïni,Amir Selmane Ramy Bensebaïni,Borussia Dortmund,Bundesliga,284732,Ramy Bensebaini,Borussia Dortmund,7000000,7.0,2026-05-27,https://www.transfermarkt.co.uk/ramy-bensebaini/profil/spieler/284732,high,1.0,1.0,provider_id_crosswalk,transfermarkt_dataset
21393,S. Guirassy,Serhou Yadaly Guirassy,Borussia Dortmund,Bundesliga,270541,Serhou Guirassy,Borussia Dortmund,32000000,32.0,2026-05-27,https://www.transfermarkt.co.uk/serhou-guirassy/profil/spieler/270541,high,0.9395,0.4526,name_club_age,transfermarkt_dataset
478991,S. Inacio,Samuele Inácio Piá,Borussia Dortmund,Bundesliga,1058359,Samuele Inácio,Borussia Dortmund,15000000,15.0,2026-05-27,https://www.transfermarkt.co.uk/samuele-inacio/profil/spieler/1058359,high,1.0,1.0,provider_id_crosswalk,transfermarkt_dataset
25368,W. Anton,Waldemar Riptsov Anton,Borussia Dortmund,Bundesliga,193004,Waldemar Anton,Borussia Dortmund,18000000,18.0,2026-05-27,https://www.transfermarkt.co.uk/waldemar-anton/profil/spieler/193004,high,1.0,1.0,provider_id_crosswalk,transfermarkt_dataset
197448,Yan Couto,Yan Bueno Couto,Borussia Dortmund,Bundesliga,627228,Yan Couto,Borussia Dortmund,17000000,17.0,2026-05-27,https://www.transfermarkt.co.uk/yan-couto/profil/spieler/627228,high,1.0,1.0,provider_id_crosswalk,transfermarkt_dataset
322627,F. Chiarodia,Fabio Christian Chiarodia,Borussia Mönchengladbach,Bundesliga,724104,Fabio Chiarodia,Borussia Mönchengladbach,3000000,3.0,2026-05-27,https://www.transfermarkt.co.uk/fabio-chiarodia/profil/spieler/724104,high,1.0,1.0,provider_id_crosswalk,transfermarkt_dataset
20784,F. Honorat,Franck Honorat,Borussia Mönchengladbach,Bundesliga,229006,Franck Honorat,Borussia Mönchengladbach,7000000,7.0,2026-05-27,https://www.transfermarkt.co.uk/franck-honorat/profil/spieler/229006,high,1.0,1.0,provider_id_crosswalk,transfermarkt_dataset
25638,F. Neuhaus,Florian Christian Neuhaus,Borussia Mönchengladbach,Bundesliga,278332,Florian Neuhaus,Borussia Mönchengladbach,2500000,2.5,2026-05-27,https://www.transfermarkt.co.uk/florian-neuhaus/profil/spieler/278332,high,1.0,1.0,provider_id_crosswalk,transfermarkt_dataset
161921,G. Reyna,Giovanni Alejandro Reyna,Borussia Mönchengladbach,Bundesliga,504215,Giovanni Reyna,Borussia Dortmund,4000000,4.0,2026-05-27,https://www.transfermarkt.co.uk/giovanni-reyna/profil/spieler/504215,high,1.0,1.0,provider_id_crosswalk,transfermarkt_dataset
335095,H. Bolin,Axel Hugo Bolin,Borussia Mönchengladbach,Bundesliga,667251,Hugo Bolin,Borussia Mönchengladbach,6000000,6.0,2026-05-27,https://www.transfermarkt.co.uk/hugo-bolin/profil/spieler/667251,high,1.0,1.0,provider_id_crosswalk,transfermarkt_dataset
28382,H. Tabaković,Haris Tabaković,Borussia Mönchengladbach,Bundesliga,203123,Haris Tabakovic,Borussia Mönchengladbach,3500000,3.5,2026-05-27,https://www.transfermarkt.co.uk/haris-tabakovic/profil/spieler/203123,high,1.0,1.0,provider_id_crosswalk,transfermarkt_dataset
280358,J. Castrop,Jens Castrop,Borussia Mönchengladbach,Bundesliga,613192,Jens Castrop,Borussia Mönchengladbach,10000000,10.0,2026-05-27,https://www.transfermarkt.co.uk/jens-castrop/profil/spieler/613192,high,1.0,1.0,provider_id_crosswalk,transfermarkt_dataset
50852,J. Scally,Joseph Michael Scally,Borussia Mönchengladbach,Bundesliga,504153,Joe Scally,Borussia Mönchengladbach,7000000,7.0,2026-05-27,https://www.transfermarkt.co.uk/joe-scally/profil/spieler/504153,high,1.0,1.0,provider_id_crosswalk,transfermarkt_dataset
31043,K. Diks,Kevin Diks Bakarbessy,Borussia Mönchengladbach,Bundesliga,335209,Kevin Diks,Borussia Mönchengladbach,5000000,5.0,2026-05-27,https://www.transfermarkt.co.uk/kevin-diks/profil/spieler/335209,high,1.0,1.0,provider_id_crosswalk,transfermarkt_dataset
25461,K. Stöger,Kevin Stöger,Borussia Mönchengladbach,Bundesliga,106872,Kevin Stöger,Borussia Mönchengladbach,1800000,1.8,2026-05-27,https://www.transfermarkt.co.uk/kevin-stoger/profil/spieler/106872,high,1.0,1.0,provider_id_crosswalk,transfermarkt_dataset
337593,K. Takai,Kota Takai,Borussia Mönchengladbach,Bundesliga,671108,Kota Takai,Tottenham Hotspur,5000000,5.0,2026-05-27,https://www.transfermarkt.co.uk/kota-takai/profil/spieler/671108,high,1.0,1.0,provider_id_crosswalk,transfermarkt_dataset
163069,L. Netz,Luca Netz,Borussia Mönchengladbach,Bundesliga,524285,Luca Netz,Borussia Mönchengladbach,8000000,8.0,2026-06-03,https://www.transfermarkt.co.uk/luca-netz/profil/spieler/524285,high,1.0,1.0,provider_id_crosswalk,transfermarkt_dataset
327646,L. Ullrich,Lukas Ullrich,Borussia Mönchengladbach,Bundesliga,787151,Lukas Ullrich,Borussia Mönchengladbach,6000000,6.0,2026-05-27,https://www.transfermarkt.co.uk/lukas-ullrich/profil/spieler/787151,high,1.0,1.0,provider_id_crosswalk,transfermarkt_dataset
25626,M. Nicolas,Moritz Nicolas,Borussia Mönchengladbach,Bundesliga,284270,Moritz Nicolas,Borussia Mönchengladbach,8000000,8.0,2026-05-27,https://www.transfermarkt.co.uk/moritz-nicolas/profil/spieler/284270,high,1.0,1.0,provider_id_crosswalk,transfermarkt_dataset
2803,N. Elvedi,Nico Elvedi,Borussia Mönchengladbach,Bundesliga,192635,Nico Elvedi,Borussia Mönchengladbach,8000000,8.0,2026-05-27,https://www.transfermarkt.co.uk/nico-elvedi/profil/spieler/192635,high,1.0,1.0,provider_id_crosswalk,transfermarkt_dataset
24969,P. Sander,Philipp Sander,Borussia Mönchengladbach,Bundesliga,388409,Philipp Sander,Borussia Mönchengladbach,4000000,4.0,2026-05-27,https://www.transfermarkt.co.uk/philipp-sander/profil/spieler/388409,high,1.0,1.0,provider_id_crosswalk,transfermarkt_dataset
725,R. Hack,Robin Hack,Borussia Mönchengladbach,Bundesliga,284010,Robin Hack,Borussia Mönchengladbach,7000000,7.0,2026-05-27,https://www.transfermarkt.co.uk/robin-hack/profil/spieler/284010,high,1.0,1.0,provider_id_crosswalk,transfermarkt_dataset
203007,R. Reitz,Rocco Reitz,Borussia Mönchengladbach,Bundesliga,467434,Rocco Reitz,Borussia Mönchengladbach,20000000,20.0,2026-05-27,https://www.transfermarkt.co.uk/rocco-reitz/profil/spieler/467434,high,1.0,1.0,provider_id_crosswalk,transfermarkt_dataset
106851,S. Machino,Shuto Machino,Borussia Mönchengladbach,Bundesliga,550580,Shuto Machino,Borussia Mönchengladbach,4000000,4.0,2026-05-27,https://www.transfermarkt.co.uk/shuto-machino/profil/spieler/550580,high,1.0,1.0,provider_id_crosswalk,transfermarkt_dataset
501906,W. Mohya,Wael Mohya,Borussia Mönchengladbach,Bundesliga,1070979,Wael Mohya,Borussia Mönchengladbach,17000000,17.0,2026-05-27,https://www.transfermarkt.co.uk/wael-mohya/profil/spieler/1070979,high,1.0,1.0,name_club_age,transfermarkt_dataset
178709,Y. Engelhardt,Yannik Engelhardt,Borussia Mönchengladbach,Bundesliga,405670,Yannik Engelhardt,Borussia Mönchengladbach,7000000,7.0,2026-05-27,https://www.transfermarkt.co.uk/yannik-engelhardt/profil/spieler/405670,high,1.0,1.0,provider_id_crosswalk,transfermarkt_dataset
162414,A. Amenda,Aurèle Florian Amenda,Eintracht Frankfurt,Bundesliga,635645,Aurèle Amenda,Eintracht Frankfurt,10000000,10.0,2026-05-27,https://www.transfermarkt.co.uk/aurele-amenda/profil/spieler/635645,high,1.0,1.0,provider_id_crosswalk,transfermarkt_dataset
147831,A. Kalimuendo,Arnaud Kalimuendo-Muinga,Eintracht Frankfurt,Bundesliga,585959,Arnaud Kalimuendo,Eintracht Frankfurt,25000000,25.0,2026-05-27,https://www.transfermarkt.co.uk/arnaud-kalimuendo/profil/spieler/585959,high,1.0,1.0,provider_id_crosswalk,transfermarkt_dataset
161922,A. Knauff,Ansgar Knauff,Eintracht Frankfurt,Bundesliga,429874,Ansgar Knauff,Eintracht Frankfurt,15000000,15.0,2026-05-27,https://www.transfermarkt.co.uk/ansgar-knauff/profil/spieler/429874,high,1.0,1.0,provider_id_crosswalk,transfermarkt_dataset
204043,A. Theate,Arthur Nicolas Theate,Eintracht Frankfurt,Bundesliga,368891,Arthur Theate,Eintracht Frankfurt,17000000,17.0,2026-05-27,https://www.transfermarkt.co.uk/arthur-theate/profil/spieler/368891,high,1.0,1.0,provider_id_crosswalk,transfermarkt_dataset
339887,C. Uzun,Can Yılmaz Uzun,Eintracht Frankfurt,Bundesliga,816585,Can Uzun,Eintracht Frankfurt,45000000,45.0,2026-05-27,https://www.transfermarkt.co.uk/can-uzun/profil/spieler/816585,high,1.0,1.0,provider_id_crosswalk,transfermarkt_dataset
21587,E. Skhiri,Ellyes Joris Skhiri,Eintracht Frankfurt,Bundesliga,290587,Ellyes Skhiri,Eintracht Frankfurt,5000000,5.0,2026-05-27,https://www.transfermarkt.co.uk/ellyes-skhiri/profil/spieler/290587,high,1.0,1.0,provider_id_crosswalk,transfermarkt_dataset
276670,F. Chaïbi,Farès Chaïbi,Eintracht Frankfurt,Bundesliga,855015,Farès Chaïbi,Eintracht Frankfurt,15000000,15.0,2026-05-27,https://www.transfermarkt.co.uk/fares-chaibi/profil/spieler/855015,high,1.0,1.0,provider_id_crosswalk,transfermarkt_dataset
335094,H. Larsson,Hugo Emanuel Larsson,Eintracht Frankfurt,Bundesliga,931838,Hugo Larsson,Eintracht Frankfurt,28000000,28.0,2026-05-27,https://www.transfermarkt.co.uk/hugo-larsson/profil/spieler/931838,high,1.0,1.0,provider_id_crosswalk,transfermarkt_dataset
369674,J. Bahoya,Jean-Mattéo Bahoya Négoce,Eintracht Frankfurt,Bundesliga,939964,Jean-Mattéo Bahoya,Eintracht Frankfurt,25000000,25.0,2026-05-27,https://www.transfermarkt.co.uk/jean-matteo-bahoya/profil/spieler/939964,high,1.0,1.0,provider_id_crosswalk,transfermarkt_dataset
25926,J. Burkardt,Jonathan Michael Burkardt,Eintracht Frankfurt,Bundesliga,333647,Jonathan Burkardt,Eintracht Frankfurt,30000000,30.0,2026-05-27,https://www.transfermarkt.co.uk/jonathan-burkardt/profil/spieler/333647,high,1.0,1.0,provider_id_crosswalk,transfermarkt_dataset
362884,Kauã Santos,Kauã Morais Vieira dos Santos,Eintracht Frankfurt,Bundesliga,997861,Kauã Santos,Eintracht Frankfurt,7000000,7.0,2026-05-27,https://www.transfermarkt.co.uk/kaua-santos/profil/spieler/997861,high,1.0,1.0,provider_id_crosswalk,transfermarkt_dataset
14,M. Dahoud,Mahmoud Dahoud,Eintracht Frankfurt,Bundesliga,191422,Mahmoud Dahoud,Eintracht Frankfurt,2000000,2.0,2026-05-27,https://www.transfermarkt.co.uk/mahmoud-dahoud/profil/spieler/191422,high,1.0,1.0,provider_id_crosswalk,transfermarkt_dataset
16,M. Götze,Mario Götze,Eintracht Frankfurt,Bundesliga,74842,Mario Götze,Eintracht Frankfurt,3000000,3.0,2026-05-27,https://www.transfermarkt.co.uk/mario-gotze/profil/spieler/74842,high,1.0,1.0,provider_id_crosswalk,transfermarkt_dataset
7288,M. Zetterer,Michael Zetterer,Eintracht Frankfurt,Bundesliga,196813,Michael Zetterer,SV Werder Bremen,4000000,4.0,2026-05-27,https://www.transfermarkt.co.uk/michael-zetterer/profil/spieler/196813,high,1.0,1.0,provider_id_crosswalk,transfermarkt_dataset
280074,N. Brown,Nathaniel Brown,Eintracht Frankfurt,Bundesliga,691892,Nathaniel Brown,Eintracht Frankfurt,40000000,40.0,2026-05-27,https://www.transfermarkt.co.uk/nathaniel-brown/profil/spieler/691892,high,1.0,1.0,provider_id_crosswalk,transfermarkt_dataset
269531,N. Collins,Pharrell Nnamdi Collins,Eintracht Frankfurt,Bundesliga,684315,Nnamdi Collins,Eintracht Frankfurt,20000000,20.0,2026-05-27,https://www.transfermarkt.co.uk/nnamdi-collins/profil/spieler/684315,high,1.0,1.0,provider_id_crosswalk,transfermarkt_dataset
339874,O. HÃ¸jlund,Oscar Winther Højlund,Eintracht Frankfurt,Bundesliga,846310,Oscar Højlund,Eintracht Frankfurt,15000000,15.0,2026-05-27,https://www.transfermarkt.co.uk/oscar-hojlund/profil/spieler/846310,high,1.0,1.0,provider_id_crosswalk,transfermarkt_dataset
2598,R. Dōan,Ritsu Dōan,Eintracht Frankfurt,Bundesliga,358504,Ritsu Doan,Eintracht Frankfurt,17000000,17.0,2026-05-27,https://www.transfermarkt.co.uk/ritsu-doan/profil/spieler/358504,high,1.0,1.0,provider_id_crosswalk,transfermarkt_dataset
26238,R. Koch,Robin Leon Koch,Eintracht Frankfurt,Bundesliga,328784,Robin Koch,Eintracht Frankfurt,10000000,10.0,2026-05-27,https://www.transfermarkt.co.uk/robin-koch/profil/spieler/328784,high,1.0,1.0,provider_id_crosswalk,transfermarkt_dataset
533,R. Kristensen,Rasmus Nissen Kristensen,Eintracht Frankfurt,Bundesliga,369684,Rasmus Nissen Kristensen,Eintracht Frankfurt,10000000,10.0,2026-05-27,https://www.transfermarkt.co.uk/rasmus-nissen-kristensen/profil/spieler/369684,high,1.0,1.0,provider_id_crosswalk,transfermarkt_dataset
20634,A. Claude-Maurice,Alexis Claude-Maurice,FC Augsburg,Bundesliga,384593,Alexis Claude-Maurice,FC Augsburg,15000000,15.0,2026-05-27,https://www.transfermarkt.co.uk/alexis-claude-maurice/profil/spieler/384593,high,1.0,1.0,provider_id_crosswalk,transfermarkt_dataset
279993,A. Kade,Anton Kade,FC Augsburg,Bundesliga,654234,Anton Kade,FC Augsburg,10000000,10.0,2026-05-27,https://www.transfermarkt.co.uk/anton-kade/profil/spieler/654234,high,1.0,1.0,provider_id_crosswalk,transfermarkt_dataset
304686,Arthur Chaves,Arthur Largura Chaves,FC Augsburg,Bundesliga,875332,Arthur Chaves,TSG 1899 Hoffenheim,5000000,5.0,2026-05-27,https://www.transfermarkt.co.uk/arthur-chaves/profil/spieler/875332,high,1.0,1.0,provider_id_crosswalk,transfermarkt_dataset
163039,C. Matsima,Chrislain Iris Aurel Matsima,FC Augsburg,Bundesliga,569383,Chrislain Matsima,FC Augsburg,22000000,22.0,2026-05-27,https://www.transfermarkt.co.uk/chrislain-matsima/profil/spieler/569383,high,1.0,1.0,provider_id_crosswalk,transfermarkt_dataset
48574,C. Zesiger,Cédric Adrian Zesiger,FC Augsburg,Bundesliga,382478,Cédric Zesiger,FC Augsburg,5000000,5.0,2026-05-27,https://www.transfermarkt.co.uk/cedric-zesiger/profil/spieler/382478,high,1.0,1.0,provider_id_crosswalk,transfermarkt_dataset
2360,D. Giannoulis,Dimitrios Christos Giannoulis,FC Augsburg,Bundesliga,295630,Dimitrios Giannoulis,FC Augsburg,3000000,3.0,2026-05-27,https://www.transfermarkt.co.uk/dimitrios-giannoulis/profil/spieler/295630,high,1.0,1.0,provider_id_crosswalk,transfermarkt_dataset
25413,E. Rexhbeçaj,Elvis Rexhbeçaj,FC Augsburg,Bundesliga,280575,Elvis Rexhbecaj,FC Augsburg,3500000,3.5,2026-05-27,https://www.transfermarkt.co.uk/elvis-rexhbecaj/profil/spieler/280575,high,1.0,1.0,provider_id_crosswalk,transfermarkt_dataset
25903,F. Dahmen,Finn Gilbert Dahmen,FC Augsburg,Bundesliga,251299,Finn Dahmen,FC Augsburg,12000000,12.0,2026-05-27,https://www.transfermarkt.co.uk/finn-dahmen/profil/spieler/251299,high,1.0,1.0,provider_id_crosswalk,transfermarkt_dataset
163032,F. Rieder,Fabian Rieder,FC Augsburg,Bundesliga,507341,Fabian Rieder,Stade Rennais FC,12000000,12.0,2026-05-27,https://www.transfermarkt.co.uk/fabian-rieder/profil/spieler/507341,high,1.0,1.0,provider_id_crosswalk,transfermarkt_dataset
110,H. Massengo,Han-Noah Massengo,FC Augsburg,Bundesliga,536508,Han-Noah Massengo,FC Augsburg,8000000,8.0,2026-05-27,https://www.transfermarkt.co.uk/han-noah-massengo/profil/spieler/536508,high,1.0,1.0,provider_id_crosswalk,transfermarkt_dataset
25290,J. Gouweleeuw,Jeffrey Gouweleeuw,FC Augsburg,Bundesliga,106405,Jeffrey Gouweleeuw,FC Augsburg,1000000,1.0,2026-05-27,https://www.transfermarkt.co.uk/jeffrey-gouweleeuw/profil/spieler/106405,high,1.0,1.0,provider_id_crosswalk,transfermarkt_dataset
14395,K. Jakić,Kristijan Jakić,FC Augsburg,Bundesliga,374954,Kristijan Jakic,FC Augsburg,6000000,6.0,2026-05-27,https://www.transfermarkt.co.uk/kristijan-jakic/profil/spieler/374954,high,1.0,1.0,provider_id_crosswalk,transfermarkt_dataset
26242,K. Schlotterbeck,Keven Matteo Schlotterbeck,FC Augsburg,Bundesliga,413843,Keven Schlotterbeck,FC Augsburg,6000000,6.0,2026-05-27,https://www.transfermarkt.co.uk/keven-schlotterbeck/profil/spieler/413843,high,1.0,1.0,provider_id_crosswalk,transfermarkt_dataset
25297,M. Gregoritsch,Michael Gregoritsch,FC Augsburg,Bundesliga,120205,Michael Gregoritsch,FC Augsburg,1500000,1.5,2026-05-27,https://www.transfermarkt.co.uk/michael-gregoritsch/profil/spieler/120205,high,1.0,1.0,provider_id_crosswalk,transfermarkt_dataset
348888,M. Kömür,Mert Kömür,FC Augsburg,Bundesliga,777005,Mert Kömür,FC Augsburg,12000000,12.0,2026-05-27,https://www.transfermarkt.co.uk/mert-komur/profil/spieler/777005,high,1.0,1.0,provider_id_crosswalk,transfermarkt_dataset
26,M. Wolf,Marius Wolf,FC Augsburg,Bundesliga,193900,Marius Wolf,FC Augsburg,2500000,2.5,2026-05-27,https://www.transfermarkt.co.uk/marius-wolf/profil/spieler/193900,high,1.0,1.0,provider_id_crosswalk,transfermarkt_dataset
413065,Noahkai Kai Daniel Banks,Noahkai Kai Daniel Banks,FC Augsburg,Bundesliga,923945,Noahkai Banks,FC Augsburg,20000000,20.0,2026-05-27,https://www.transfermarkt.co.uk/noahkai-banks/profil/spieler/923945,high,1.0,1.0,provider_id_crosswalk,transfermarkt_dataset
143831,R. Fellhauer,Robin Salvatore Fellhauer,FC Augsburg,Bundesliga,264960,Robin Fellhauer,FC Augsburg,3500000,3.5,2026-05-27,https://www.transfermarkt.co.uk/robin-fellhauer/profil/spieler/264960,high,1.0,1.0,provider_id_crosswalk,transfermarkt_dataset
341641,Rodrigo Ribeiro,Rodrigo Duarte Ribeiro,FC Augsburg,Bundesliga,726701,Rodrigo Ribeiro,Sporting CP,4000000,4.0,2026-05-27,https://www.transfermarkt.co.uk/rodrigo-ribeiro/profil/spieler/726701,high,1.0,1.0,provider_id_crosswalk,transfermarkt_dataset
8651,S. Essende,Samuel Emmanuel Essende Mbongu,FC Augsburg,Bundesliga,395522,Samuel Essende,BSC Young Boys,2500000,2.5,2026-06-02,https://www.transfermarkt.co.uk/samuel-essende/profil/spieler/395522,high,1.0,1.0,provider_id_crosswalk,transfermarkt_dataset
40274,A. Dźwigała,Adam Dźwigała,FC St. Pauli,Bundesliga,236966,Adam Dzwigala,FC St. Pauli,800000,0.8,2026-05-27,https://www.transfermarkt.co.uk/adam-dzwigala/profil/spieler/236966,high,1.0,1.0,provider_id_crosswalk,transfermarkt_dataset
178921,A. Hountondji,Andréas Hountondji,FC St. Pauli,Bundesliga,704155,Andréas Hountondji,FC St. Pauli,3000000,3.0,2026-05-27,https://www.transfermarkt.co.uk/andreas-hountondji/profil/spieler/704155,high,1.0,1.0,provider_id_crosswalk,transfermarkt_dataset
148448,A. Pyrka,Arkadiusz Pyrka,FC St. Pauli,Bundesliga,599733,Arkadiusz Pyrka,FC St. Pauli,3500000,3.5,2026-05-27,https://www.transfermarkt.co.uk/arkadiusz-pyrka/profil/spieler/599733,high,1.0,1.0,provider_id_crosswalk,transfermarkt_dataset
474789,Abdoulie Ceesay,Abdoulie Ceesay,FC St. Pauli,Bundesliga,1280281,Abdoulie Ceesay,FC St. Pauli,1000000,1.0,2026-05-27,https://www.transfermarkt.co.uk/abdoulie-ceesay/profil/spieler/1280281,high,1.0,1.0,provider_id_crosswalk,transfermarkt_dataset
6904,C. Metcalfe,Connor Isaac Metcalfe,FC St. Pauli,Bundesliga,522223,Connor Metcalfe,FC St. Pauli,1500000,1.5,2026-05-27,https://www.transfermarkt.co.uk/connor-metcalfe/profil/spieler/522223,high,1.0,1.0,provider_id_crosswalk,transfermarkt_dataset
1672,D. Sinani,Danel Sinani,FC St. Pauli,Bundesliga,346499,Danel Sinani,FC St. Pauli,3000000,3.0,2026-05-27,https://www.transfermarkt.co.uk/danel-sinani/profil/spieler/346499,high,1.0,1.0,provider_id_crosswalk,transfermarkt_dataset
8486,E. Smith,Eric Anders Smith,FC St. Pauli,Bundesliga,292534,Eric Smith,FC St. Pauli,5000000,5.0,2026-05-27,https://www.transfermarkt.co.uk/eric-smith/profil/spieler/292534,high,1.0,1.0,provider_id_crosswalk,transfermarkt_dataset
24961,H. Wahl,Hauke Finn Wahl,FC St. Pauli,Bundesliga,154147,Hauke Wahl,FC St. Pauli,1500000,1.5,2026-05-27,https://www.transfermarkt.co.uk/hauke-wahl/profil/spieler/154147,high,1.0,1.0,provider_id_crosswalk,transfermarkt_dataset
146586,J. Fujita,Joel Chima Fujita,FC St. Pauli,Bundesliga,697277,Joel Chima Fujita,FC St. Pauli,10000000,10.0,2026-05-27,https://www.transfermarkt.co.uk/joel-chima-fujita/profil/spieler/697277,high,1.0,1.0,provider_id_crosswalk,transfermarkt_dataset
2749,J. Irvine,Jackson Alexander Irvine,FC St. Pauli,Bundesliga,192557,Jackson Irvine,FC St. Pauli,1000000,1.0,2026-05-27,https://www.transfermarkt.co.uk/jackson-irvine/profil/spieler/192557,high,1.0,1.0,provider_id_crosswalk,transfermarkt_dataset
50863,J. Sands,James Hoban Sands,FC St. Pauli,Bundesliga,393321,James Sands,New York City Football Club,5000000,5.0,2026-05-27,https://www.transfermarkt.co.uk/james-sands/profil/spieler/393321,high,1.0,1.0,provider_id_crosswalk,transfermarkt_dataset
48142,K. Mets,Karol Mets,FC St. Pauli,Bundesliga,139304,Karol Mets,FC St. Pauli,600000,0.6,2026-05-27,https://www.transfermarkt.co.uk/karol-mets/profil/spieler/139304,high,1.0,1.0,provider_id_crosswalk,transfermarkt_dataset
202636,L. Oppie,Louis Oppie,FC St. Pauli,Bundesliga,605265,Louis Oppie,FC St. Pauli,2500000,2.5,2026-05-27,https://www.transfermarkt.co.uk/louis-oppie/profil/spieler/605265,high,1.0,1.0,provider_id_crosswalk,transfermarkt_dataset
90731,L. Ritzka,Lars Ritzka,FC St. Pauli,Bundesliga,333903,Lars Ritzka,FC St. Pauli,1000000,1.0,2026-05-27,https://www.transfermarkt.co.uk/lars-ritzka/profil/spieler/333903,high,1.0,1.0,provider_id_crosswalk,transfermarkt_dataset
37759,M. Kaars,Martijn Kaars,FC St. Pauli,Bundesliga,377729,Martijn Kaars,FC St. Pauli,3000000,3.0,2026-05-27,https://www.transfermarkt.co.uk/martijn-kaars/profil/spieler/377729,high,1.0,1.0,provider_id_crosswalk,transfermarkt_dataset
15917,M. Rasmussen,Mathias Knutsen Rasmussen,FC St. Pauli,Bundesliga,268327,Mathias Rasmussen,Union Saint-Gilloise,2000000,2.0,2026-05-27,https://www.transfermarkt.co.uk/mathias-rasmussen/profil/spieler/268327,high,1.0,1.0,provider_id_crosswalk,transfermarkt_dataset
27157,M. Saliakas,Emmanouil Saliakas,FC St. Pauli,Bundesliga,242661,Manolis Saliakas,FC St. Pauli,2000000,2.0,2026-05-27,https://www.transfermarkt.co.uk/manolis-saliakas/profil/spieler/242661,high,1.0,1.0,provider_id_crosswalk,transfermarkt_dataset
20780,Mathias Pereira Lage,Mathias Pereira Lage,FC St. Pauli,Bundesliga,424072,Mathias Pereira Lage,FC St. Pauli,2500000,2.5,2026-05-27,https://www.transfermarkt.co.uk/mathias-pereira-lage/profil/spieler/424072,high,1.0,0.3437,name_club_age,transfermarkt_dataset
9026,N. Vasilj,Nikola Vasilj,FC St. Pauli,Bundesliga,248454,Nikola Vasilj,FC St. Pauli,4500000,4.5,2026-05-27,https://www.transfermarkt.co.uk/nikola-vasilj/profil/spieler/248454,high,1.0,1.0,provider_id_crosswalk,transfermarkt_dataset
138873,R. Jones,Ricky-Jade Jones,FC St. Pauli,Bundesliga,677935,Ricky-Jade Jones,FC St. Pauli,1200000,1.2,2026-05-27,https://www.transfermarkt.co.uk/ricky-jade-jones/profil/spieler/677935,high,1.0,0.3671,name_club_age,transfermarkt_dataset
307929,T. Ando,Tomoya Ando,FC St. Pauli,Bundesliga,610795,Tomoya Ando,FC St. Pauli,3000000,3.0,2026-05-27,https://www.transfermarkt.co.uk/tomoya-ando/profil/spieler/610795,high,1.0,1.0,provider_id_crosswalk,transfermarkt_dataset
22244,A. Caci,Anthony Caci,FSV Mainz 05,Bundesliga,453016,Anthony Caci,1.FSV Mainz 05,7000000,7.0,2026-05-27,https://www.transfermarkt.co.uk/anthony-caci/profil/spieler/453016,high,1.0,1.0,provider_id_crosswalk,transfermarkt_dataset
39279,A. Hanche-Olsen,Andreas Schjølberg Hanche-Olsen,FSV Mainz 05,Bundesliga,370683,Andreas Hanche-Olsen,1.FSV Mainz 05,3500000,3.5,2026-05-27,https://www.transfermarkt.co.uk/andreas-hanche-olsen/profil/spieler/370683,high,1.0,1.0,provider_id_crosswalk,transfermarkt_dataset
280339,A. Sieb,Armindo Sieb,FSV Mainz 05,Bundesliga,569033,Armindo Sieb,1.FSV Mainz 05,2500000,2.5,2026-05-27,https://www.transfermarkt.co.uk/armindo-sieb/profil/spieler/569033,high,1.0,1.0,provider_id_crosswalk,transfermarkt_dataset
162946,B. Hollerbach,Benedict Hollerbach,FSV Mainz 05,Bundesliga,453870,Benedict Hollerbach,1.FSV Mainz 05,8000000,8.0,2026-05-27,https://www.transfermarkt.co.uk/benedict-hollerbach/profil/spieler/453870,high,1.0,1.0,provider_id_crosswalk,transfermarkt_dataset
90829,D. Batz,Daniel Batz,FSV Mainz 05,Bundesliga,90317,Daniel Batz,1.FSV Mainz 05,350000,0.35,2026-05-27,https://www.transfermarkt.co.uk/daniel-batz/profil/spieler/90317,high,1.0,1.0,provider_id_crosswalk,transfermarkt_dataset
979,D. Kohr,Dominik Kohr,FSV Mainz 05,Bundesliga,118847,Dominik Kohr,1.FSV Mainz 05,2000000,2.0,2026-05-27,https://www.transfermarkt.co.uk/dominik-kohr/profil/spieler/118847,high,1.0,1.0,provider_id_crosswalk,transfermarkt_dataset
1812,D. da Costa,Danny Vieira da Costa,FSV Mainz 05,Bundesliga,85906,Danny da Costa,1.FSV Mainz 05,1200000,1.2,2026-05-27,https://www.transfermarkt.co.uk/danny-da-costa/profil/spieler/85906,high,1.0,1.0,provider_id_crosswalk,transfermarkt_dataset
442546,K. Potulski,Kacper Potulski,FSV Mainz 05,Bundesliga,1073748,Kacper Potulski,1.FSV Mainz 05,18000000,18.0,2026-05-27,https://www.transfermarkt.co.uk/kacper-potulski/profil/spieler/1073748,high,1.0,1.0,provider_id_crosswalk,transfermarkt_dataset
33889,K. Sano,Kaishu Sano,FSV Mainz 05,Bundesliga,643574,Kaishu Sano,1.FSV Mainz 05,40000000,40.0,2026-05-27,https://www.transfermarkt.co.uk/kaishu-sano/profil/spieler/643574,high,1.0,1.0,provider_id_crosswalk,transfermarkt_dataset
24842,L. Maloney,Lennard Maloney,FSV Mainz 05,Bundesliga,392710,Lennard Maloney,1.FSV Mainz 05,2500000,2.5,2026-05-27,https://www.transfermarkt.co.uk/lennard-maloney/profil/spieler/392710,high,1.0,1.0,provider_id_crosswalk,transfermarkt_dataset
2906,Lee Jae-Sung,Jae-Sung Lee,FSV Mainz 05,Bundesliga,314398,Jae-sung Lee,1.FSV Mainz 05,2000000,2.0,2026-05-27,https://www.transfermarkt.co.uk/jae-sung-lee/profil/spieler/314398,high,1.0,1.0,provider_id_crosswalk,transfermarkt_dataset
714,N. Amiri,Nadiem Amiri,FSV Mainz 05,Bundesliga,232454,Nadiem Amiri,1.FSV Mainz 05,17000000,17.0,2026-05-27,https://www.transfermarkt.co.uk/nadiem-amiri/profil/spieler/232454,high,1.0,1.0,provider_id_crosswalk,transfermarkt_dataset
283753,N. Veratschnig,Nikolas Konrad Veratschnig,FSV Mainz 05,Bundesliga,601143,Nikolas Veratschnig,1.FSV Mainz 05,2500000,2.5,2026-05-27,https://www.transfermarkt.co.uk/nikolas-veratschnig/profil/spieler/601143,high,1.0,1.0,provider_id_crosswalk,transfermarkt_dataset
342177,N. Weiper,Nelson Felix Patrick Weiper,FSV Mainz 05,Bundesliga,796213,Nelson Weiper,1.FSV Mainz 05,7000000,7.0,2026-05-27,https://www.transfermarkt.co.uk/nelson-weiper/profil/spieler/796213,high,1.0,1.0,provider_id_crosswalk,transfermarkt_dataset
25915,P. Mwene,Phillipp Mwene,FSV Mainz 05,Bundesliga,127573,Phillipp Mwene,1.FSV Mainz 05,1500000,1.5,2026-05-27,https://www.transfermarkt.co.uk/phillipp-mwene/profil/spieler/127573,high,1.0,1.0,provider_id_crosswalk,transfermarkt_dataset
202736,P. Nebel,Paul Nebel,FSV Mainz 05,Bundesliga,503160,Paul Nebel,1.FSV Mainz 05,18000000,18.0,2026-05-27,https://www.transfermarkt.co.uk/paul-nebel/profil/spieler/503160,high,1.0,1.0,provider_id_crosswalk,transfermarkt_dataset
26171,P. Tietz,Phillip Tietz,FSV Mainz 05,Bundesliga,288340,Phillip Tietz,FC Augsburg,4000000,4.0,2026-05-27,https://www.transfermarkt.co.uk/phillip-tietz/profil/spieler/288340,high,1.0,1.0,provider_id_crosswalk,transfermarkt_dataset
25906,R. Zentner,Robin Zentner,FSV Mainz 05,Bundesliga,160963,Robin Zentner,1.FSV Mainz 05,2500000,2.5,2026-05-27,https://www.transfermarkt.co.uk/robin-zentner/profil/spieler/160963,high,1.0,1.0,provider_id_crosswalk,transfermarkt_dataset
37938,S. Becker,Sheraldo Rudi Becker,FSV Mainz 05,Bundesliga,188888,Sheraldo Becker,CA Osasuna,1500000,1.5,2026-05-27,https://www.transfermarkt.co.uk/sheraldo-becker/profil/spieler/188888,high,1.0,1.0,provider_id_crosswalk,transfermarkt_dataset
25907,S. Bell,Stefan Bell,FSV Mainz 05,Bundesliga,82350,Stefan Bell,1.FSV Mainz 05,600000,0.6,2026-05-27,https://www.transfermarkt.co.uk/stefan-bell/profil/spieler/82350,high,1.0,1.0,provider_id_crosswalk,transfermarkt_dataset
20617,S. Katompa Mvumpa,Silas Katompa Mvumpa,FSV Mainz 05,Bundesliga,612826,Silas,1.FSV Mainz 05,2000000,2.0,2026-05-27,https://www.transfermarkt.co.uk/silas/profil/spieler/612826,high,1.0,1.0,provider_id_crosswalk,transfermarkt_dataset
199897,S. Kawasaki,Sota Kawasaki,FSV Mainz 05,Bundesliga,733371,Sota Kawasaki,1.FSV Mainz 05,2000000,2.0,2026-05-27,https://www.transfermarkt.co.uk/sota-kawasaki/profil/spieler/733371,high,1.0,1.0,provider_id_crosswalk,transfermarkt_dataset
711,S. Posch,Stefan Posch,FSV Mainz 05,Bundesliga,223974,Stefan Posch,Bologna Football Club 1909,6000000,6.0,2026-05-27,https://www.transfermarkt.co.uk/stefan-posch/profil/spieler/223974,high,1.0,1.0,provider_id_crosswalk,transfermarkt_dataset
48378,S. Widmer,Silvan Dominic Widmer,FSV Mainz 05,Bundesliga,168989,Silvan Widmer,1.FSV Mainz 05,800000,0.8,2026-05-27,https://www.transfermarkt.co.uk/silvan-widmer/profil/spieler/168989,high,1.0,1.0,provider_id_crosswalk,transfermarkt_dataset
263177,A. Grønbæk,Albert Grønbæk Erlykke,Hamburger SV,Bundesliga,503866,Albert Grønbaek,Hamburger SV,5000000,5.0,2026-05-27,https://www.transfermarkt.co.uk/albert-gronbaek/profil/spieler/503866,high,1.0,1.0,provider_id_crosswalk,transfermarkt_dataset
1427,A. Sambi Lokonga,Albert-Mboyo Sambi Lokonga,Hamburger SV,Bundesliga,381967,Albert Sambi Lokonga,Hamburger SV,12000000,12.0,2026-05-27,https://www.transfermarkt.co.uk/albert-sambi-lokonga/profil/spieler/381967,high,1.0,1.0,provider_id_crosswalk,transfermarkt_dataset
470282,Alexander Røssing-Lelesiit,Alexander Røssing-Lelesiit,Hamburger SV,Bundesliga,1213681,Alexander Røssing-Lelesiit,Hamburger SV,5000000,5.0,2026-05-27,https://www.transfermarkt.co.uk/alexander-rossing-lelesiit/profil/spieler/1213681,high,1.0,1.0,provider_id_crosswalk,transfermarkt_dataset
24880,B. Jatta,Bakery Jatta,Hamburger SV,Bundesliga,415194,Bakery Jatta,Hamburger SV,1000000,1.0,2026-05-27,https://www.transfermarkt.co.uk/bakery-jatta/profil/spieler/415194,high,1.0,1.0,provider_id_crosswalk,transfermarkt_dataset
334362,D. Downs,Damion Lamar Downs,Hamburger SV,Bundesliga,820241,Damion Downs,Hamburger SV,4000000,4.0,2026-05-27,https://www.transfermarkt.co.uk/damion-downs/profil/spieler/820241,high,1.0,1.0,provider_id_crosswalk,transfermarkt_dataset
324019,Daniel Elfadli,Daniel Elfadli,Hamburger SV,Bundesliga,529895,Daniel Elfadli,Hamburger SV,3000000,3.0,2026-05-27,https://www.transfermarkt.co.uk/daniel-elfadli/profil/spieler/529895,high,1.0,1.0,provider_id_crosswalk,transfermarkt_dataset
25033,Daniel Heuer Fernandes,Daniel Heuer Fernandes,Hamburger SV,Bundesliga,84993,Daniel Heuer Fernandes,Hamburger SV,1200000,1.2,2026-05-27,https://www.transfermarkt.co.uk/daniel-heuer-fernandes/profil/spieler/84993,high,1.0,1.0,provider_id_crosswalk,transfermarkt_dataset
380939,Fabio Amadu Uri Baldé,Fabio Amadu Uri Baldé,Hamburger SV,Bundesliga,910541,Fábio Baldé,Hamburger SV,5000000,5.0,2026-05-27,https://www.transfermarkt.co.uk/fabio-balde/profil/spieler/910541,high,1.0,1.0,provider_id_crosswalk,transfermarkt_dataset
41725,Fábio Vieira,Fábio Daniel Ferreira Vieira,Hamburger SV,Bundesliga,537598,Fábio Vieira,Hamburger SV,18000000,18.0,2026-05-27,https://www.transfermarkt.co.uk/fabio-vieira/profil/spieler/537598,high,1.0,1.0,provider_id_crosswalk,transfermarkt_dataset
265741,G. Gocholeishvili,Giorgi Gocholeishvili,Hamburger SV,Bundesliga,540056,Giorgi Gocholeishvili,FC Shakhtar Donetsk,2000000,2.0,2026-05-27,https://www.transfermarkt.co.uk/giorgi-gocholeishvili/profil/spieler/540056,high,1.0,1.0,provider_id_crosswalk,transfermarkt_dataset
8483,J. Dompé,Jean-Luc Mamadou Diarra Dompé,Hamburger SV,Bundesliga,291222,Jean-Luc Dompé,Hamburger SV,2500000,2.5,2026-05-27,https://www.transfermarkt.co.uk/jean-luc-dompe/profil/spieler/291222,high,1.0,1.0,provider_id_crosswalk,transfermarkt_dataset
25346,J. Torunarigha,Jordan Torunarigha,Hamburger SV,Bundesliga,227110,Jordan Torunarigha,Hamburger SV,4000000,4.0,2026-05-27,https://www.transfermarkt.co.uk/jordan-torunarigha/profil/spieler/227110,high,1.0,1.0,provider_id_crosswalk,transfermarkt_dataset
387521,L. Vušković,Luka Vušković,Hamburger SV,Bundesliga,892160,Luka Vuskovic,Tottenham Hotspur,60000000,60.0,2026-05-27,https://www.transfermarkt.co.uk/luka-vuskovic/profil/spieler/892160,high,1.0,1.0,provider_id_crosswalk,transfermarkt_dataset
48489,M. Muheim,Miro Max Maria Muheim,Hamburger SV,Bundesliga,298603,Miro Muheim,Hamburger SV,5000000,5.0,2026-05-27,https://www.transfermarkt.co.uk/miro-muheim/profil/spieler/298603,high,1.0,1.0,provider_id_crosswalk,transfermarkt_dataset
5973,N. Capaldo,Nicolás Capaldo Taboas,Hamburger SV,Bundesliga,649672,Nicolás Capaldo,Hamburger SV,8000000,8.0,2026-05-27,https://www.transfermarkt.co.uk/nicolas-capaldo/profil/spieler/649672,high,1.0,1.0,provider_id_crosswalk,transfermarkt_dataset
260898,N. Remberg,Nicolai Remberg,Hamburger SV,Bundesliga,592534,Nicolai Remberg,Hamburger SV,9000000,9.0,2026-05-27,https://www.transfermarkt.co.uk/nicolai-remberg/profil/spieler/592534,high,1.0,1.0,provider_id_crosswalk,transfermarkt_dataset
73879,P. Otele,Philip Porwei Otele,Hamburger SV,Bundesliga,678655,Philip Otele,Hamburger SV,4000000,4.0,2026-05-27,https://www.transfermarkt.co.uk/philip-otele/profil/spieler/678655,high,1.0,1.0,provider_id_crosswalk,transfermarkt_dataset
24914,R. Glatzel,Robert-Nesta Glatzel,Hamburger SV,Bundesliga,196139,Robert Glatzel,Hamburger SV,1500000,1.5,2026-05-27,https://www.transfermarkt.co.uk/robert-glatzel/profil/spieler/196139,high,1.0,1.0,provider_id_crosswalk,transfermarkt_dataset
162773,R. Königsdörffer,Ransford-Yeboah Königsdörffer,Hamburger SV,Bundesliga,470038,Ransford Königsdörffer,Hamburger SV,5000000,5.0,2026-05-27,https://www.transfermarkt.co.uk/ransford-konigsdorffer/profil/spieler/470038,high,1.0,1.0,provider_id_crosswalk,transfermarkt_dataset
129693,R. Philippe,Rayan Philippe,Hamburger SV,Bundesliga,694507,Rayan Philippe,Hamburger SV,4000000,4.0,2026-05-27,https://www.transfermarkt.co.uk/rayan-philippe/profil/spieler/694507,high,1.0,1.0,provider_id_crosswalk,transfermarkt_dataset
302632,W. Mikelbrencis,William Mikelbrencis,Hamburger SV,Bundesliga,743500,William Mikelbrencis,Hamburger SV,3000000,3.0,2026-05-27,https://www.transfermarkt.co.uk/william-mikelbrencis/profil/spieler/743500,high,1.0,1.0,provider_id_crosswalk,transfermarkt_dataset
162265,W. Omari,Warmed Omari,Hamburger SV,Bundesliga,711996,Warmed Omari,Hamburger SV,4000000,4.0,2026-05-27,https://www.transfermarkt.co.uk/warmed-omari/profil/spieler/711996,high,1.0,1.0,provider_id_crosswalk,transfermarkt_dataset
1167,Y. Poulsen,Yussuf Yurary Poulsen,Hamburger SV,Bundesliga,157635,Yussuf Poulsen,Hamburger SV,1000000,1.0,2026-05-27,https://www.transfermarkt.co.uk/yussuf-poulsen/profil/spieler/157635,high,1.0,1.0,provider_id_crosswalk,transfermarkt_dataset
314511,A. Nusa,Antonio Eromonsele Nordby Nusa,RB Leipzig,Bundesliga,894914,Antonio Nusa,RB Leipzig,32000000,32.0,2026-05-27,https://www.transfermarkt.co.uk/antonio-nusa/profil/spieler/894914,high,1.0,1.0,provider_id_crosswalk,transfermarkt_dataset
380978,A. Ouédraogo,Forzan Assan Ouédraogo,RB Leipzig,Bundesliga,897424,Assan Ouédraogo,RB Leipzig,28000000,28.0,2026-05-27,https://www.transfermarkt.co.uk/assan-ouedraogo/profil/spieler/897424,high,1.0,1.0,provider_id_crosswalk,transfermarkt_dataset
328225,B. Gruda,Brajan Gruda,RB Leipzig,Bundesliga,700106,Brajan Gruda,RB Leipzig,28000000,28.0,2026-05-27,https://www.transfermarkt.co.uk/brajan-gruda/profil/spieler/700106,high,1.0,1.0,provider_id_crosswalk,transfermarkt_dataset
98,B. Henrichs,Benjamin Paa Kwesi Henrichs,RB Leipzig,Bundesliga,202591,Benjamin Henrichs,RB Leipzig,7000000,7.0,2026-05-27,https://www.transfermarkt.co.uk/benjamin-henrichs/profil/spieler/202591,high,1.0,1.0,provider_id_crosswalk,transfermarkt_dataset
715,C. Baumgartner,Christoph Baumgartner,RB Leipzig,Bundesliga,324278,Christoph Baumgartner,RB Leipzig,40000000,40.0,2026-05-27,https://www.transfermarkt.co.uk/christoph-baumgartner/profil/spieler/324278,high,1.0,1.0,provider_id_crosswalk,transfermarkt_dataset
419916,C. Harder,Conrad Harder Weibel Schandorf,RB Leipzig,Bundesliga,807386,Conrad Harder,RB Leipzig,17000000,17.0,2026-05-27,https://www.transfermarkt.co.uk/conrad-harder/profil/spieler/807386,high,1.0,1.0,provider_id_crosswalk,transfermarkt_dataset
162761,C. Lukeba,Castello Junior Lukeba,RB Leipzig,Bundesliga,618472,Castello Lukeba,RB Leipzig,50000000,50.0,2026-05-27,https://www.transfermarkt.co.uk/castello-lukeba/profil/spieler/618472,high,1.0,1.0,provider_id_crosswalk,transfermarkt_dataset
25158,D. Raum,David Raum,RB Leipzig,Bundesliga,318204,David Raum,RB Leipzig,25000000,25.0,2026-05-27,https://www.transfermarkt.co.uk/david-raum/profil/spieler/318204,high,1.0,1.0,provider_id_crosswalk,transfermarkt_dataset
343286,E. Banzuzi,Ezechiel Banzuzi,RB Leipzig,Bundesliga,865682,Ezechiel Banzuzi,RB Leipzig,16000000,16.0,2026-05-27,https://www.transfermarkt.co.uk/ezechiel-banzuzi/profil/spieler/865682,high,1.0,1.0,provider_id_crosswalk,transfermarkt_dataset
268571,E. Bitshiabu,El Chadaille Bitshiabu,RB Leipzig,Bundesliga,787912,El Chadaille Bitshiabu,RB Leipzig,18000000,18.0,2026-05-27,https://www.transfermarkt.co.uk/el-chadaille-bitshiabu/profil/spieler/787912,high,1.0,1.0,provider_id_crosswalk,transfermarkt_dataset
290549,J. Bakayoko,Saint-Cyr Johan Bakayoko,RB Leipzig,Bundesliga,565424,Johan Bakayoko,RB Leipzig,20000000,20.0,2026-05-27,https://www.transfermarkt.co.uk/johan-bakayoko/profil/spieler/565424,high,1.0,1.0,provider_id_crosswalk,transfermarkt_dataset
1924,M. Vandevoordt,Maarten Vandevoordt,RB Leipzig,Bundesliga,486046,Maarten Vandevoordt,RB Leipzig,15000000,15.0,2026-05-27,https://www.transfermarkt.co.uk/maarten-vandevoordt/profil/spieler/486046,high,1.0,1.0,provider_id_crosswalk,transfermarkt_dataset
355167,Max Finkgräfe,Max Finkgräfe,RB Leipzig,Bundesliga,810649,Max Finkgräfe,RB Leipzig,5000000,5.0,2026-05-27,https://www.transfermarkt.co.uk/max-finkgrafe/profil/spieler/810649,high,1.0,1.0,provider_id_crosswalk,transfermarkt_dataset
7328,N. Seiwald,Nicolas Seiwald,RB Leipzig,Bundesliga,404950,Nicolas Seiwald,RB Leipzig,25000000,25.0,2026-05-27,https://www.transfermarkt.co.uk/nicolas-seiwald/profil/spieler/404950,high,1.0,1.0,provider_id_crosswalk,transfermarkt_dataset
1139,P. Gulácsi,Péter Gulácsi,RB Leipzig,Bundesliga,57071,Péter Gulácsi,RB Leipzig,1000000,1.0,2026-05-27,https://www.transfermarkt.co.uk/peter-gulacsi/profil/spieler/57071,high,1.0,1.0,provider_id_crosswalk,transfermarkt_dataset
25917,R. Baku,Bote Ridle Nzuzi Baku,RB Leipzig,Bundesliga,327251,Ridle Baku,RB Leipzig,12000000,12.0,2026-05-27,https://www.transfermarkt.co.uk/ridle-baku/profil/spieler/327251,high,1.0,1.0,provider_id_crosswalk,transfermarkt_dataset
326102,Rômulo,Rômulo José Cardoso da Cruz,RB Leipzig,Bundesliga,957874,Rômulo,RB Leipzig,30000000,30.0,2026-05-27,https://www.transfermarkt.co.uk/romulo/profil/spieler/957874,high,1.0,1.0,provider_id_crosswalk,transfermarkt_dataset
383665,T. Gomis,Tidiam Gomis,RB Leipzig,Bundesliga,955448,Tidiam Gomis,RB Leipzig,5000000,5.0,2026-05-27,https://www.transfermarkt.co.uk/tidiam-gomis/profil/spieler/955448,high,1.0,1.0,provider_id_crosswalk,transfermarkt_dataset
1148,W. Orbán,Vilmos Tamás Orbán,RB Leipzig,Bundesliga,93740,Willi Orbán,RB Leipzig,5000000,5.0,2026-05-27,https://www.transfermarkt.co.uk/willi-orban/profil/spieler/93740,high,1.0,1.0,provider_id_crosswalk,transfermarkt_dataset
1095,X. Schlager,Xaver Schlager,RB Leipzig,Bundesliga,223979,Xaver Schlager,RB Leipzig,10000000,10.0,2026-05-27,https://www.transfermarkt.co.uk/xaver-schlager/profil/spieler/223979,high,1.0,1.0,name_club_age,transfermarkt_dataset
513776,Y. Diomande,Yan Diomande,RB Leipzig,Bundesliga,1390649,Yan Diomande,RB Leipzig,90000000,90.0,2026-05-27,https://www.transfermarkt.co.uk/yan-diomande/profil/spieler/1390649,high,1.0,1.0,provider_id_crosswalk,transfermarkt_dataset
15874,A. Jung,Anthony Jung,SC Freiburg,Bundesliga,58995,Anthony Jung,SC Freiburg,600000,0.6,2026-05-27,https://www.transfermarkt.co.uk/anthony-jung/profil/spieler/58995,high,1.0,1.0,provider_id_crosswalk,transfermarkt_dataset
26236,C. Günter,Christian Günter,SC Freiburg,Bundesliga,93707,Christian Günter,SC Freiburg,2000000,2.0,2026-05-27,https://www.transfermarkt.co.uk/christian-gunter/profil/spieler/93707,high,1.0,1.0,provider_id_crosswalk,transfermarkt_dataset
431149,Cyriaque Kalou Irié,Cyriaque Kalou Irié,SC Freiburg,Bundesliga,1145064,Cyriaque Irié,SC Freiburg,8000000,8.0,2026-05-27,https://www.transfermarkt.co.uk/cyriaque-irie/profil/spieler/1145064,high,1.0,1.0,provider_id_crosswalk,transfermarkt_dataset
286710,D. Scherhant,Derry Lionel Scherhant,SC Freiburg,Bundesliga,820957,Derry Scherhant,SC Freiburg,7500000,7.5,2026-05-27,https://www.transfermarkt.co.uk/derry-scherhant/profil/spieler/820957,high,1.0,1.0,provider_id_crosswalk,transfermarkt_dataset
202696,I. Matanović,Igor Matanović,SC Freiburg,Bundesliga,605268,Igor Matanovic,SC Freiburg,22000000,22.0,2026-05-27,https://www.transfermarkt.co.uk/igor-matanovic/profil/spieler/605268,high,1.0,1.0,provider_id_crosswalk,transfermarkt_dataset
361393,I. Ogbus,Bruno Ifechukwu Ogbus,SC Freiburg,Bundesliga,863759,Bruno Ogbus,SC Freiburg,15000000,15.0,2026-05-27,https://www.transfermarkt.co.uk/bruno-ogbus/profil/spieler/863759,high,1.0,1.0,provider_id_crosswalk,transfermarkt_dataset
125173,J. Adamu,Junior Chukwubuike Adamu,SC Freiburg,Bundesliga,452477,Junior Adamu,SC Freiburg,3000000,3.0,2026-05-20,https://www.transfermarkt.co.uk/junior-adamu/profil/spieler/452477,high,1.0,1.0,provider_id_crosswalk,transfermarkt_dataset
25313,J. Beste,Jan-Niklas Beste,SC Freiburg,Bundesliga,342967,Niklas Beste,SC Freiburg,10000000,10.0,2026-05-27,https://www.transfermarkt.co.uk/niklas-beste/profil/spieler/342967,high,1.0,1.0,provider_id_crosswalk,transfermarkt_dataset
191160,J. Makengo,Jordy Makengo Basambundu,SC Freiburg,Bundesliga,815078,Jordy Makengo,SC Freiburg,6000000,6.0,2026-05-27,https://www.transfermarkt.co.uk/jordy-makengo/profil/spieler/815078,high,1.0,1.0,provider_id_crosswalk,transfermarkt_dataset
406244,J. Manzambi,Johan Manzambi,SC Freiburg,Bundesliga,927353,Johan Manzambi,SC Freiburg,50000000,50.0,2026-05-27,https://www.transfermarkt.co.uk/johan-manzambi/profil/spieler/927353,high,1.0,1.0,provider_id_crosswalk,transfermarkt_dataset
26255,L. Höler,Lucas Höler,SC Freiburg,Bundesliga,248999,Lucas Höler,SC Freiburg,3000000,3.0,2026-05-27,https://www.transfermarkt.co.uk/lucas-holer/profil/spieler/248999,high,1.0,1.0,provider_id_crosswalk,transfermarkt_dataset
26239,L. Kübler,Lukas Kübler,SC Freiburg,Bundesliga,93604,Lukas Kübler,SC Freiburg,1500000,1.5,2026-05-27,https://www.transfermarkt.co.uk/lukas-kubler/profil/spieler/93604,high,1.0,1.0,provider_id_crosswalk,transfermarkt_dataset
2917,M. Eggestein,Maximilian Eggestein,SC Freiburg,Bundesliga,190284,Maximilian Eggestein,SC Freiburg,10000000,10.0,2026-05-27,https://www.transfermarkt.co.uk/maximilian-eggestein/profil/spieler/190284,high,1.0,1.0,provider_id_crosswalk,transfermarkt_dataset
2915,M. Ginter,Matthias Lukas Ginter,SC Freiburg,Bundesliga,124502,Matthias Ginter,SC Freiburg,5000000,5.0,2026-05-27,https://www.transfermarkt.co.uk/matthias-ginter/profil/spieler/124502,high,1.0,1.0,provider_id_crosswalk,transfermarkt_dataset
178768,N. Atubolu,Noah Atubolu,SC Freiburg,Bundesliga,526845,Noah Atubolu,SC Freiburg,25000000,25.0,2026-05-27,https://www.transfermarkt.co.uk/noah-atubolu/profil/spieler/526845,high,1.0,1.0,provider_id_crosswalk,transfermarkt_dataset
26250,N. Höfler,Nicolas Höfler,SC Freiburg,Bundesliga,55099,Nicolas Höfler,SC Freiburg,500000,0.5,2026-05-27,https://www.transfermarkt.co.uk/nicolas-hofler/profil/spieler/55099,high,1.0,1.0,provider_id_crosswalk,transfermarkt_dataset
26240,P. Lienhart,Philipp Lienhart,SC Freiburg,Bundesliga,225657,Philipp Lienhart,SC Freiburg,10000000,10.0,2026-05-27,https://www.transfermarkt.co.uk/philipp-lienhart/profil/spieler/225657,high,1.0,1.0,provider_id_crosswalk,transfermarkt_dataset
163022,P. Osterhage,Patrick Osterhage,SC Freiburg,Bundesliga,443331,Patrick Osterhage,SC Freiburg,12000000,12.0,2026-05-27,https://www.transfermarkt.co.uk/patrick-osterhage/profil/spieler/443331,high,1.0,1.0,provider_id_crosswalk,transfermarkt_dataset
178769,P. Treu,Philipp Treu,SC Freiburg,Bundesliga,335993,Philipp Treu,SC Freiburg,15000000,15.0,2026-05-27,https://www.transfermarkt.co.uk/philipp-treu/profil/spieler/335993,high,1.0,1.0,provider_id_crosswalk,transfermarkt_dataset
26248,V. Grifo,Vincenzo Grifo,SC Freiburg,Bundesliga,185077,Vincenzo Grifo,SC Freiburg,4000000,4.0,2026-05-27,https://www.transfermarkt.co.uk/vincenzo-grifo/profil/spieler/185077,high,1.0,1.0,provider_id_crosswalk,transfermarkt_dataset
199143,Y. Suzuki,Yuito Suzuki,SC Freiburg,Bundesliga,668606,Yuito Suzuki,SC Freiburg,24000000,24.0,2026-05-27,https://www.transfermarkt.co.uk/yuito-suzuki/profil/spieler/668606,high,1.0,1.0,provider_id_crosswalk,transfermarkt_dataset
45892,A. Ilić,Andrej Ilić,Union Berlin,Bundesliga,583699,Andrej Ilic,1.FC Union Berlin,9000000,9.0,2026-05-27,https://www.transfermarkt.co.uk/andrej-ilic/profil/spieler/583699,high,1.0,1.0,provider_id_crosswalk,transfermarkt_dataset
327831,A. Kemlein,Aljoscha Kemlein,Union Berlin,Bundesliga,692737,Aljoscha Kemlein,1.FC Union Berlin,12000000,12.0,2026-05-27,https://www.transfermarkt.co.uk/aljoscha-kemlein/profil/spieler/692737,high,1.0,1.0,provider_id_crosswalk,transfermarkt_dataset
1234,A. Král,Alex Král,Union Berlin,Bundesliga,337333,Alex Král,1.FC Union Berlin,2500000,2.5,2026-05-27,https://www.transfermarkt.co.uk/alex-kral/profil/spieler/337333,high,1.0,1.0,provider_id_crosswalk,transfermarkt_dataset
30785,A. Schäfer,András Schäfer,Union Berlin,Bundesliga,454863,András Schäfer,1.FC Union Berlin,4500000,4.5,2026-05-27,https://www.transfermarkt.co.uk/andras-schafer/profil/spieler/454863,high,1.0,1.0,provider_id_crosswalk,transfermarkt_dataset
127471,C. Klaus,Carl Friedrich Georg Klaus,Union Berlin,Bundesliga,161057,Carl Klaus,1.FC Union Berlin,350000,0.35,2026-05-27,https://www.transfermarkt.co.uk/carl-klaus/profil/spieler/161057,high,1.0,1.0,provider_id_crosswalk,transfermarkt_dataset
24848,C. Trimmel,Christopher Trimmel,Union Berlin,Bundesliga,75921,Christopher Trimmel,1.FC Union Berlin,600000,0.6,2026-05-27,https://www.transfermarkt.co.uk/christopher-trimmel/profil/spieler/75921,high,1.0,1.0,provider_id_crosswalk,transfermarkt_dataset
37117,D. Doekhi,Danilho Raimundo Doekhi,Union Berlin,Bundesliga,387047,Danilho Doekhi,1.FC Union Berlin,13000000,13.0,2026-05-27,https://www.transfermarkt.co.uk/danilho-doekhi/profil/spieler/387047,high,1.0,1.0,provider_id_crosswalk,transfermarkt_dataset
128853,D. Köhn,Derrick Arthur Köhn,Union Berlin,Bundesliga,391780,Derrick Köhn,1.FC Union Berlin,4000000,4.0,2026-05-27,https://www.transfermarkt.co.uk/derrick-kohn/profil/spieler/391780,high,1.0,1.0,provider_id_crosswalk,transfermarkt_dataset
376,Diogo Leite,Diogo Filipe Monteiro Pinto Leite,Union Berlin,Bundesliga,357156,Diogo Leite,1.FC Union Berlin,12000000,12.0,2026-05-27,https://www.transfermarkt.co.uk/diogo-leite/profil/spieler/357156,high,1.0,1.0,provider_id_crosswalk,transfermarkt_dataset
1798,F. Rønnow,Frederik Riis Rønnow,Union Berlin,Bundesliga,107775,Frederik Rönnow,1.FC Union Berlin,2000000,2.0,2026-05-27,https://www.transfermarkt.co.uk/frederik-ronnow/profil/spieler/107775,high,1.0,1.0,provider_id_crosswalk,transfermarkt_dataset
380873,Ilyas  Ansah,Ilyas Ansah,Union Berlin,Bundesliga,1035765,Ilyas Ansah,1.FC Union Berlin,12000000,12.0,2026-05-27,https://www.transfermarkt.co.uk/ilyas-ansah/profil/spieler/1035765,high,1.0,1.0,provider_id_crosswalk,transfermarkt_dataset
26249,J. Haberer,Janik Haberer,Union Berlin,Bundesliga,177779,Janik Haberer,1.FC Union Berlin,2000000,2.0,2026-05-27,https://www.transfermarkt.co.uk/janik-haberer/profil/spieler/177779,high,1.0,1.0,provider_id_crosswalk,transfermarkt_dataset
14330,J. Juranović,Josip Juranović,Union Berlin,Bundesliga,362977,Josip Juranovic,1.FC Union Berlin,2000000,2.0,2026-05-27,https://www.transfermarkt.co.uk/josip-juranovic/profil/spieler/362977,high,1.0,1.0,provider_id_crosswalk,transfermarkt_dataset
512,Jeong Woo-Yeong,Woo-Yeong Jeong,Union Berlin,Bundesliga,297583,Woo-yeong Jeong,1.FC Union Berlin,3500000,3.5,2026-05-27,https://www.transfermarkt.co.uk/woo-yeong-jeong/profil/spieler/297583,high,1.0,1.0,provider_id_crosswalk,transfermarkt_dataset
288206,L. Querfeld,Leopold Querfeld,Union Berlin,Bundesliga,597432,Leopold Querfeld,1.FC Union Berlin,20000000,20.0,2026-05-27,https://www.transfermarkt.co.uk/leopold-querfeld/profil/spieler/597432,high,1.0,1.0,provider_id_crosswalk,transfermarkt_dataset
430354,Livan Burcu,Livan Burcu,Union Berlin,Bundesliga,519872,Livan Burcu,1.FC Union Berlin,4000000,4.0,2026-05-27,https://www.transfermarkt.co.uk/livan-burcu/profil/spieler/519872,high,1.0,1.0,provider_id_crosswalk,transfermarkt_dataset
1124,O. Burke,Oliver Jasen Burke,Union Berlin,Bundesliga,341317,Oliver Burke,1.FC Union Berlin,3000000,3.0,2026-05-27,https://www.transfermarkt.co.uk/oliver-burke/profil/spieler/341317,high,1.0,1.0,provider_id_crosswalk,transfermarkt_dataset
25300,R. Khedira,Rani Khedira,Union Berlin,Bundesliga,124410,Rani Khedira,1.FC Union Berlin,2000000,2.0,2026-05-27,https://www.transfermarkt.co.uk/rani-khedira/profil/spieler/124410,high,1.0,1.0,provider_id_crosswalk,transfermarkt_dataset
270,S. Nsoki,Stanley Pierre Nsoki,Union Berlin,Bundesliga,371141,Stanley Nsoki,1.FC Union Berlin,2000000,2.0,2026-05-27,https://www.transfermarkt.co.uk/stanley-nsoki/profil/spieler/371141,high,1.0,1.0,provider_id_crosswalk,transfermarkt_dataset
324957,T. Rothe,Tom Alexander Rothe,Union Berlin,Bundesliga,798043,Tom Rothe,1.FC Union Berlin,10000000,10.0,2026-05-27,https://www.transfermarkt.co.uk/tom-rothe/profil/spieler/798043,high,1.0,1.0,provider_id_crosswalk,transfermarkt_dataset
24910,T. Skarke,Tim Skarke,Union Berlin,Bundesliga,287920,Tim Skarke,1.FC Union Berlin,1500000,1.5,2026-05-27,https://www.transfermarkt.co.uk/tim-skarke/profil/spieler/287920,high,1.0,1.0,provider_id_crosswalk,transfermarkt_dataset
323449,A. Al Dakhil,Ameen Al Dakhil,VfB Stuttgart,Bundesliga,620598,Ameen Al-Dakhil,VfB Stuttgart,3000000,3.0,2026-05-27,https://www.transfermarkt.co.uk/ameen-al-dakhil/profil/spieler/620598,high,1.0,0.3962,name_club_age,transfermarkt_dataset
24963,A. Karazor,Atakan Karazor,VfB Stuttgart,Bundesliga,232320,Atakan Karazor,VfB Stuttgart,8000000,8.0,2026-05-27,https://www.transfermarkt.co.uk/atakan-karazor/profil/spieler/232320,high,1.0,1.0,provider_id_crosswalk,transfermarkt_dataset
399,A. Nübel,Alexander Nübel,VfB Stuttgart,Bundesliga,195778,Alexander Nübel,VfB Stuttgart,12000000,12.0,2026-05-27,https://www.transfermarkt.co.uk/alexander-nubel/profil/spieler/195778,high,1.0,1.0,provider_id_crosswalk,transfermarkt_dataset
137210,A. Stiller,Angelo Stiller,VfB Stuttgart,Bundesliga,443710,Angelo Stiller,VfB Stuttgart,45000000,45.0,2026-05-27,https://www.transfermarkt.co.uk/angelo-stiller/profil/spieler/443710,high,1.0,1.0,provider_id_crosswalk,transfermarkt_dataset
334879,B. Bouanani,Badredine Bouanani,VfB Stuttgart,Bundesliga,707242,Badredine Bouanani,VfB Stuttgart,10000000,10.0,2026-05-27,https://www.transfermarkt.co.uk/badredine-bouanani/profil/spieler/707242,high,1.0,1.0,provider_id_crosswalk,transfermarkt_dataset
340573,B. El Khannouss,Bilal El Khannouss,VfB Stuttgart,Bundesliga,654982,Bilal El Khannouss,VfB Stuttgart,35000000,35.0,2026-05-27,https://www.transfermarkt.co.uk/bilal-el-khannouss/profil/spieler/654982,high,1.0,1.0,provider_id_crosswalk,transfermarkt_dataset
24798,C. Führich,Chris Jan Führich,VfB Stuttgart,Bundesliga,272278,Chris Führich,VfB Stuttgart,12000000,12.0,2026-05-27,https://www.transfermarkt.co.uk/chris-fuhrich/profil/spieler/272278,high,1.0,1.0,provider_id_crosswalk,transfermarkt_dataset
26475,D. Undav,Deniz Undav,VfB Stuttgart,Bundesliga,339314,Deniz Undav,VfB Stuttgart,22000000,22.0,2026-05-27,https://www.transfermarkt.co.uk/deniz-undav/profil/spieler/339314,high,1.0,1.0,provider_id_crosswalk,transfermarkt_dataset
46930,E. Demirović,Ermedin Demirović,VfB Stuttgart,Bundesliga,335457,Ermedin Demirovic,VfB Stuttgart,22000000,22.0,2026-05-27,https://www.transfermarkt.co.uk/ermedin-demirovic/profil/spieler/335457,high,1.0,1.0,provider_id_crosswalk,transfermarkt_dataset
394734,Finn Jeltsch,Finn Jeltsch,VfB Stuttgart,Bundesliga,924117,Finn Jeltsch,VfB Stuttgart,35000000,35.0,2026-05-27,https://www.transfermarkt.co.uk/finn-jeltsch/profil/spieler/924117,high,1.0,1.0,provider_id_crosswalk,transfermarkt_dataset
38112,J. Chabot,Julian Jeffrey Gaston Chabot,VfB Stuttgart,Bundesliga,303219,Jeff Chabot,VfB Stuttgart,15000000,15.0,2026-05-27,https://www.transfermarkt.co.uk/jeff-chabot/profil/spieler/303219,high,1.0,1.0,provider_id_crosswalk,transfermarkt_dataset
128533,J. Leweling,Jamie Leweling,VfB Stuttgart,Bundesliga,518505,Jamie Leweling,VfB Stuttgart,40000000,40.0,2026-05-27,https://www.transfermarkt.co.uk/jamie-leweling/profil/spieler/518505,high,1.0,1.0,provider_id_crosswalk,transfermarkt_dataset
24868,J. Vagnoman,Josha Mamadou Karaboue Vagnoman,VfB Stuttgart,Bundesliga,448258,Josha Vagnoman,VfB Stuttgart,10000000,10.0,2026-05-27,https://www.transfermarkt.co.uk/josha-vagnoman/profil/spieler/448258,high,1.0,1.0,provider_id_crosswalk,transfermarkt_dataset
388871,José María Andrés Baixauli,José María Andrés Baixauli,VfB Stuttgart,Bundesliga,948279,Chema Andrés,VfB Stuttgart,20000000,20.0,2026-05-27,https://www.transfermarkt.co.uk/chema-andres/profil/spieler/948279,high,1.0,1.0,provider_id_crosswalk,transfermarkt_dataset
180731,L. Assignon,Lorenz Assignon,VfB Stuttgart,Bundesliga,711969,Lorenz Assignon,VfB Stuttgart,9000000,9.0,2026-05-27,https://www.transfermarkt.co.uk/lorenz-assignon/profil/spieler/711969,high,1.0,1.0,provider_id_crosswalk,transfermarkt_dataset
349344,L. Jaquez,Luca Antony Jaquez,VfB Stuttgart,Bundesliga,539798,Luca Jaquez,VfB Stuttgart,10000000,10.0,2026-05-27,https://www.transfermarkt.co.uk/luca-jaquez/profil/spieler/539798,high,1.0,1.0,provider_id_crosswalk,transfermarkt_dataset
25342,M. Mittelstädt,Maximilian Mittelstädt,VfB Stuttgart,Bundesliga,282660,Maximilian Mittelstädt,VfB Stuttgart,18000000,18.0,2026-05-27,https://www.transfermarkt.co.uk/maximilian-mittelstadt/profil/spieler/282660,high,1.0,1.0,provider_id_crosswalk,transfermarkt_dataset
24806,N. Nartey,Nikolas Terkelsen Nartey,VfB Stuttgart,Bundesliga,400546,Nikolas Nartey,VfB Stuttgart,10000000,10.0,2026-05-27,https://www.transfermarkt.co.uk/nikolas-nartey/profil/spieler/400546,high,1.0,1.0,provider_id_crosswalk,transfermarkt_dataset
135883,R. Hendriks,Ramon Hendriks,VfB Stuttgart,Bundesliga,436064,Ramon Hendriks,VfB Stuttgart,25000000,25.0,2026-05-27,https://www.transfermarkt.co.uk/ramon-hendriks/profil/spieler/436064,high,1.0,1.0,provider_id_crosswalk,transfermarkt_dataset
265363,Tiago Tomás,Tiago Barreiros de Melo Tomás,VfB Stuttgart,Bundesliga,616344,Tiago Tomás,VfB Stuttgart,15000000,15.0,2026-05-27,https://www.transfermarkt.co.uk/tiago-tomas/profil/spieler/616344,high,1.0,1.0,provider_id_crosswalk,transfermarkt_dataset
362564,A. Daghim,Adam Daghim,VfL Wolfsburg,Bundesliga,881297,Adam Daghim,Fußballclub Red Bull Salzburg,7500000,7.5,2026-05-27,https://www.transfermarkt.co.uk/adam-daghim/profil/spieler/881297,high,1.0,1.0,provider_id_crosswalk,transfermarkt_dataset
15916,A. Skov Olsen,Andreas Skov Olsen,VfL Wolfsburg,Bundesliga,432982,Andreas Skov Olsen,Rangers FC,6000000,6.0,2026-05-20,https://www.transfermarkt.co.uk/andreas-skov-olsen/profil/spieler/432982,high,1.0,1.0,provider_id_crosswalk,transfermarkt_dataset
323951,A. Zehnter,Aaron Zehnter,VfL Wolfsburg,Bundesliga,730484,Aaron Zehnter,VfL Wolfsburg,5000000,5.0,2026-05-27,https://www.transfermarkt.co.uk/aaron-zehnter/profil/spieler/730484,high,1.0,1.0,provider_id_crosswalk,transfermarkt_dataset
174,C. Eriksen,Christian Dannemann Eriksen,VfL Wolfsburg,Bundesliga,69633,Christian Eriksen,VfL Wolfsburg,2500000,2.5,2026-05-27,https://www.transfermarkt.co.uk/christian-eriksen/profil/spieler/69633,high,1.0,1.0,provider_id_crosswalk,transfermarkt_dataset
342188,D. Pejčinović,Dženan Pejčinović,VfL Wolfsburg,Bundesliga,819636,Dzenan Pejcinovic,VfL Wolfsburg,15000000,15.0,2026-05-27,https://www.transfermarkt.co.uk/dzenan-pejcinovic/profil/spieler/819636,high,1.0,1.0,provider_id_crosswalk,transfermarkt_dataset
1291,D. Vavro,Denis Vavro,VfL Wolfsburg,Bundesliga,239962,Denis Vavro,VfL Wolfsburg,5000000,5.0,2026-05-27,https://www.transfermarkt.co.uk/denis-vavro/profil/spieler/239962,high,1.0,1.0,provider_id_crosswalk,transfermarkt_dataset
343316,J. Belocian,Jeanuël Belocian,VfL Wolfsburg,Bundesliga,919515,Jeanuël Belocian,Bayer 04 Leverkusen,12000000,12.0,2026-05-27,https://www.transfermarkt.co.uk/jeanuel-belocian/profil/spieler/919515,high,1.0,1.0,provider_id_crosswalk,transfermarkt_dataset
40560,J. Kamiński,Jakub Piotr Kamiński,VfL Wolfsburg,Bundesliga,407098,Jakub Kamiński,1.FC Köln,17000000,17.0,2026-05-27,https://www.transfermarkt.co.uk/jakub-kaminski/profil/spieler/407098,high,1.0,1.0,provider_id_crosswalk,transfermarkt_dataset
15884,J. Lindstrøm,Jesper Grænge Lindstrøm,VfL Wolfsburg,Bundesliga,513245,Jesper Lindstrøm,VfL Wolfsburg,4000000,4.0,2026-05-27,https://www.transfermarkt.co.uk/jesper-lindstrom/profil/spieler/513245,high,1.0,1.0,provider_id_crosswalk,transfermarkt_dataset
1930,J. Mæhle,Joakim Mæhle Pedersen,VfL Wolfsburg,Bundesliga,369674,Joakim Maehle,VfL Wolfsburg,7000000,7.0,2026-05-27,https://www.transfermarkt.co.uk/joakim-maehle/profil/spieler/369674,high,1.0,1.0,provider_id_crosswalk,transfermarkt_dataset
290545,J. Seelt,Jenson Seelt,VfL Wolfsburg,Bundesliga,617755,Jenson Seelt,Sunderland AFC,5000000,5.0,2026-05-27,https://www.transfermarkt.co.uk/jenson-seelt/profil/spieler/617755,high,1.0,1.0,provider_id_crosswalk,transfermarkt_dataset
1302,J. Wind,Jonas Older Wind,VfL Wolfsburg,Bundesliga,391004,Jonas Wind,VfL Wolfsburg,4000000,4.0,2026-05-27,https://www.transfermarkt.co.uk/jonas-wind/profil/spieler/391004,high,1.0,1.0,provider_id_crosswalk,transfermarkt_dataset
177618,K. Fischer,Kilian Fischer,VfL Wolfsburg,Bundesliga,435796,Kilian Fischer,VfL Wolfsburg,4000000,4.0,2026-05-27,https://www.transfermarkt.co.uk/kilian-fischer/profil/spieler/435796,high,1.0,1.0,provider_id_crosswalk,transfermarkt_dataset
15573,K. Grabara,Kamil Mieczysław Grabara,VfL Wolfsburg,Bundesliga,346551,Kamil Grabara,VfL Wolfsburg,12000000,12.0,2026-05-27,https://www.transfermarkt.co.uk/kamil-grabara/profil/spieler/346551,high,1.0,1.0,provider_id_crosswalk,transfermarkt_dataset
162409,K. Koulierakis,Konstantinos Koulierakis,VfL Wolfsburg,Bundesliga,669380,Konstantinos Koulierakis,VfL Wolfsburg,25000000,25.0,2026-05-27,https://www.transfermarkt.co.uk/konstantinos-koulierakis/profil/spieler/669380,high,1.0,1.0,provider_id_crosswalk,transfermarkt_dataset
422572,K. Shiogai,Kento Shiogai,VfL Wolfsburg,Bundesliga,1144627,Kento Shiogai,NEC Nijmegen,8000000,8.0,2026-05-27,https://www.transfermarkt.co.uk/kento-shiogai/profil/spieler/1144627,high,1.0,1.0,provider_id_crosswalk,transfermarkt_dataset
1321,L. Majer,Lovro Majer,VfL Wolfsburg,Bundesliga,387106,Lovro Majer,VfL Wolfsburg,8000000,8.0,2026-05-27,https://www.transfermarkt.co.uk/lovro-majer/profil/spieler/387106,high,1.0,1.0,provider_id_crosswalk,transfermarkt_dataset
25408,M. Arnold,Maximilian Arnold,VfL Wolfsburg,Bundesliga,117674,Maximilian Arnold,VfL Wolfsburg,3000000,3.0,2026-05-27,https://www.transfermarkt.co.uk/maximilian-arnold/profil/spieler/117674,high,1.0,1.0,provider_id_crosswalk,transfermarkt_dataset
231032,M. Jenz,Moritz Jenz,VfL Wolfsburg,Bundesliga,460245,Moritz Jenz,VfL Wolfsburg,5000000,5.0,2026-05-27,https://www.transfermarkt.co.uk/moritz-jenz/profil/spieler/460245,high,1.0,1.0,provider_id_crosswalk,transfermarkt_dataset
30484,M. Svanberg,Mattias Olof Svanberg,VfL Wolfsburg,Bundesliga,342405,Mattias Svanberg,VfL Wolfsburg,8000000,8.0,2026-05-27,https://www.transfermarkt.co.uk/mattias-svanberg/profil/spieler/342405,high,1.0,1.0,provider_id_crosswalk,transfermarkt_dataset
126642,P. Wimmer,Patrick Wimmer,VfL Wolfsburg,Bundesliga,533295,Patrick Wimmer,VfL Wolfsburg,12000000,12.0,2026-05-27,https://www.transfermarkt.co.uk/patrick-wimmer/profil/spieler/533295,high,1.0,1.0,provider_id_crosswalk,transfermarkt_dataset
334914,S. Kumbedi,Saël Kumbedi Nseke,VfL Wolfsburg,Bundesliga,951579,Saël Kumbedi,Olympique Lyon,12000000,12.0,2026-05-27,https://www.transfermarkt.co.uk/sael-kumbedi/profil/spieler/951579,high,1.0,1.0,provider_id_crosswalk,transfermarkt_dataset
10169,Vinicius Souza,Vinicius de Souza Costa,VfL Wolfsburg,Bundesliga,663581,Vini Souza,VfL Wolfsburg,7000000,7.0,2026-05-27,https://www.transfermarkt.co.uk/vini-souza/profil/spieler/663581,high,1.0,1.0,provider_id_crosswalk,transfermarkt_dataset
25400,Y. Gerhardt,Yannick Gerhardt,VfL Wolfsburg,Bundesliga,119277,Yannick Gerhardt,VfL Wolfsburg,1800000,1.8,2026-05-27,https://www.transfermarkt.co.uk/yannick-gerhardt/profil/spieler/119277,high,1.0,1.0,provider_id_crosswalk,transfermarkt_dataset
25011,A. Pieper,Amos Pieper,Werder Bremen,Bundesliga,334221,Amos Pieper,SV Werder Bremen,4000000,4.0,2026-05-27,https://www.transfermarkt.co.uk/amos-pieper/profil/spieler/334221,high,1.0,1.0,provider_id_crosswalk,transfermarkt_dataset
440147,Abdoul Karim Coulibaly,Abdoul Karim Coulibaly,Werder Bremen,Bundesliga,1084638,Karim Coulibaly,SV Werder Bremen,28000000,28.0,2026-05-27,https://www.transfermarkt.co.uk/karim-coulibaly/profil/spieler/1084638,medium,0.8501,0.2326,name_club_age,transfermarkt_dataset
48642,Cameron Puertas,Cameron Mitchel Puertas Castro,Werder Bremen,Bundesliga,449592,Cameron Puertas,SV Werder Bremen,7000000,7.0,2026-05-27,https://www.transfermarkt.co.uk/cameron-puertas/profil/spieler/449592,high,1.0,1.0,provider_id_crosswalk,transfermarkt_dataset
26319,F. Agu,Felix Agu,Werder Bremen,Bundesliga,393512,Felix Agu,SV Werder Bremen,4500000,4.5,2026-05-27,https://www.transfermarkt.co.uk/felix-agu/profil/spieler/393512,high,1.0,1.0,provider_id_crosswalk,transfermarkt_dataset
265372,I. Schmidt,Isaac Osa's Schmidt,Werder Bremen,Bundesliga,449597,Isaac Schmidt,SV Werder Bremen,2200000,2.2,2026-05-27,https://www.transfermarkt.co.uk/isaac-schmidt/profil/spieler/449597,high,1.0,1.0,provider_id_crosswalk,transfermarkt_dataset
289460,J. Malatini,Julián Malatini,Werder Bremen,Bundesliga,830108,Julián Malatini,SV Werder Bremen,2000000,2.0,2026-05-27,https://www.transfermarkt.co.uk/julian-malatini/profil/spieler/830108,high,1.0,1.0,provider_id_crosswalk,transfermarkt_dataset
371911,J. Milošević,Jovan Milošević,Werder Bremen,Bundesliga,943795,Jovan Milosevic,SV Werder Bremen,7000000,7.0,2026-05-27,https://www.transfermarkt.co.uk/jovan-milosevic/profil/spieler/943795,high,1.0,1.0,provider_id_crosswalk,transfermarkt_dataset
177807,J. Njinmah,Justin Gideon Njinmah,Werder Bremen,Bundesliga,596153,Justin Njinmah,SV Werder Bremen,5000000,5.0,2026-05-27,https://www.transfermarkt.co.uk/justin-njinmah/profil/spieler/596153,high,1.0,1.0,provider_id_crosswalk,transfermarkt_dataset
15592,J. Stage,Jens Dalsgaard Stage,Werder Bremen,Bundesliga,289835,Jens Stage,SV Werder Bremen,14000000,14.0,2026-05-27,https://www.transfermarkt.co.uk/jens-stage/profil/spieler/289835,high,1.0,1.0,provider_id_crosswalk,transfermarkt_dataset
334334,K. Topp,Keke Maximilian Topp,Werder Bremen,Bundesliga,701757,Keke Topp,SV Werder Bremen,3000000,3.0,2026-05-27,https://www.transfermarkt.co.uk/keke-topp/profil/spieler/701757,high,1.0,1.0,provider_id_crosswalk,transfermarkt_dataset
716,L. Bittencourt,Leonardo Jesus Loureiro Bittencourt,Werder Bremen,Bundesliga,93844,Leonardo Bittencourt,SV Werder Bremen,900000,0.9,2026-05-27,https://www.transfermarkt.co.uk/leonardo-bittencourt/profil/spieler/93844,high,1.0,1.0,provider_id_crosswalk,transfermarkt_dataset
329578,M. Backhaus,Mio Backhaus,Werder Bremen,Bundesliga,620295,Mio Backhaus,SV Werder Bremen,15000000,15.0,2026-05-27,https://www.transfermarkt.co.uk/mio-backhaus/profil/spieler/620295,high,1.0,1.0,provider_id_crosswalk,transfermarkt_dataset
25314,M. Friedl,Marco Friedl,Werder Bremen,Bundesliga,156990,Marco Friedl,SV Werder Bremen,10000000,10.0,2026-05-27,https://www.transfermarkt.co.uk/marco-friedl/profil/spieler/156990,high,1.0,1.0,provider_id_crosswalk,transfermarkt_dataset
7073,M. Grüll,Marco Grüll,Werder Bremen,Bundesliga,391766,Marco Grüll,SV Werder Bremen,4000000,4.0,2026-05-27,https://www.transfermarkt.co.uk/marco-grull/profil/spieler/391766,high,1.0,1.0,provider_id_crosswalk,transfermarkt_dataset
2916,N. Stark,Niklas Stark,Werder Bremen,Bundesliga,162434,Niklas Stark,SV Werder Bremen,2500000,2.5,2026-05-27,https://www.transfermarkt.co.uk/niklas-stark/profil/spieler/162434,high,1.0,1.0,provider_id_crosswalk,transfermarkt_dataset
8673,O. Deman,Olivier Deman,Werder Bremen,Bundesliga,621802,Olivier Deman,SV Werder Bremen,3500000,3.5,2026-05-27,https://www.transfermarkt.co.uk/olivier-deman/profil/spieler/621802,high,1.0,1.0,provider_id_crosswalk,transfermarkt_dataset
448468,P. Čović,Patrice Čović,Werder Bremen,Bundesliga,1114155,Patrice Covic,SV Werder Bremen,4000000,4.0,2026-05-27,https://www.transfermarkt.co.uk/patrice-covic/profil/spieler/1114155,high,1.0,1.0,provider_id_crosswalk,transfermarkt_dataset
7562,R. Schmid,Romano Christian Schmid,Werder Bremen,Bundesliga,346853,Romano Schmid,SV Werder Bremen,15000000,15.0,2026-05-27,https://www.transfermarkt.co.uk/romano-schmid/profil/spieler/346853,high,1.0,1.0,provider_id_crosswalk,transfermarkt_dataset
38798,S. Lynen,Senne Maaike Lynen,Werder Bremen,Bundesliga,338668,Senne Lynen,SV Werder Bremen,8000000,8.0,2026-05-27,https://www.transfermarkt.co.uk/senne-lynen/profil/spieler/338668,high,1.0,1.0,provider_id_crosswalk,transfermarkt_dataset
346866,S. Mbangula,Samuel-Germain Kinduelu Mbangula Tshifunda,Werder Bremen,Bundesliga,654991,Samuel Mbangula,SV Werder Bremen,8000000,8.0,2026-05-27,https://www.transfermarkt.co.uk/samuel-mbangula/profil/spieler/654991,high,1.0,1.0,provider_id_crosswalk,transfermarkt_dataset
39071,V. Boniface,Victor Okoh Boniface,Werder Bremen,Bundesliga,656681,Victor Boniface,SV Werder Bremen,5000000,5.0,2026-05-27,https://www.transfermarkt.co.uk/victor-boniface/profil/spieler/656681,high,1.0,1.0,provider_id_crosswalk,transfermarkt_dataset
32887,Y. Sugawara,Yukinari Sugawara,Werder Bremen,Bundesliga,405385,Yukinari Sugawara,SV Werder Bremen,5500000,5.5,2026-05-27,https://www.transfermarkt.co.uk/yukinari-sugawara/profil/spieler/405385,high,1.0,1.0,provider_id_crosswalk,transfermarkt_dataset
183751,A. Rebbach,Abderrahmane Rebbach,Alaves,La Liga,718034,Abde Rebbach,Deportivo Alavés,2500000,2.5,2026-06-05,https://www.transfermarkt.co.uk/abde-rebbach/profil/spieler/718034,high,1.0,1.0,provider_id_crosswalk,transfermarkt_dataset
331369,Angel Pérez,Angel Pérez Hidalgo,Alaves,La Liga,1124136,Ángel Pérez,Deportivo Alavés,3000000,3.0,2026-06-05,https://www.transfermarkt.co.uk/angel-perez/profil/spieler/1124136,high,1.0,1.0,provider_id_crosswalk,transfermarkt_dataset
162686,Antonio Blanco,Antonio Blanco Conde,Alaves,La Liga,495621,Antonio Blanco,Deportivo Alavés,10000000,10.0,2026-06-05,https://www.transfermarkt.co.uk/antonio-blanco/profil/spieler/495621,high,1.0,1.0,provider_id_crosswalk,transfermarkt_dataset
6085,C. Benavídez,Carlos Nahuel Benavídez Protesoni,Alaves,La Liga,431190,Carlos Protesoni,Deportivo Alavés,1000000,1.0,2026-06-05,https://www.transfermarkt.co.uk/carlos-protesoni/profil/spieler/431190,high,1.0,1.0,provider_id_crosswalk,transfermarkt_dataset
266658,Calebe,Calebe Gonçalves Ferreira da Silva,Alaves,La Liga,798114,Calebe,Deportivo Alavés,1800000,1.8,2026-06-05,https://www.transfermarkt.co.uk/calebe/profil/spieler/798114,high,1.0,1.0,provider_id_crosswalk,transfermarkt_dataset
143,Carles Aleñá,Carles Aleña Castillo,Alaves,La Liga,284854,Carles Aleñá,Deportivo Alavés,3000000,3.0,2026-06-05,https://www.transfermarkt.co.uk/carles-alena/profil/spieler/284854,high,1.0,1.0,provider_id_crosswalk,transfermarkt_dataset
187214,Carlos Vicente,Carlos Vicente Robles,Alaves,La Liga,540536,Carlos Vicente,Deportivo Alavés,4000000,4.0,2024-06-07,https://www.transfermarkt.co.uk/carlos-vicente/profil/spieler/540536,high,1.0,1.0,provider_id_crosswalk,transfermarkt_dataset
1461,Denis Suárez,Denis Suárez Fernández,Alaves,La Liga,165007,Denis Suárez,Villarreal CF,1000000,1.0,2026-06-05,https://www.transfermarkt.co.uk/denis-suarez/profil/spieler/165007,high,1.0,1.0,provider_id_crosswalk,transfermarkt_dataset
6638,F. Garcés,Facundo Tomás Garcés,Alaves,La Liga,533354,Facundo Garcés,Deportivo Alavés,1000000,1.0,2026-02-11,https://www.transfermarkt.co.uk/facundo-garces/profil/spieler/533354,high,1.0,1.0,provider_id_crosswalk,transfermarkt_dataset
47309,Guevara,Ander Guevara Lajo,Alaves,La Liga,465967,Ander Guevara,Deportivo Alavés,2500000,2.5,2026-06-05,https://www.transfermarkt.co.uk/ander-guevara/profil/spieler/465967,high,1.0,1.0,provider_id_crosswalk,transfermarkt_dataset
182784,I. Diabate,Ibrahim Yalatif Diabate,Alaves,La Liga,620696,Ibrahim Diabate,Göteborgs Atlet- och Idrottssällskap,1500000,1.5,2026-06-05,https://www.transfermarkt.co.uk/ibrahim-diabate/profil/spieler/620696,high,1.0,1.0,provider_id_crosswalk,transfermarkt_dataset
104821,Jon Guridi,Jon Guridi Aldalur,Alaves,La Liga,289257,Jon Guridi,Deportivo Alavés,1800000,1.8,2026-06-05,https://www.transfermarkt.co.uk/jon-guridi/profil/spieler/289257,high,1.0,1.0,provider_id_crosswalk,transfermarkt_dataset
182546,Jon Pacheco,Jon Pacheco Dozagarat,Alaves,La Liga,580560,Jon Pacheco,Deportivo Alavés,5000000,5.0,2026-06-05,https://www.transfermarkt.co.uk/jon-pacheco/profil/spieler/580560,high,1.0,1.0,provider_id_crosswalk,transfermarkt_dataset
18740,Jonny,Jonathan Castro Otto,Alaves,La Liga,175446,Jonny Otto,Deportivo Alavés,2200000,2.2,2026-06-05,https://www.transfermarkt.co.uk/jonny-otto/profil/spieler/175446,high,1.0,1.0,provider_id_crosswalk,transfermarkt_dataset
608,L. Boyé,Lucas Ariel Boyé,Alaves,La Liga,334222,Lucas Boyé,Deportivo Alavés,5000000,5.0,2026-06-05,https://www.transfermarkt.co.uk/lucas-boye/profil/spieler/334222,high,1.0,1.0,provider_id_crosswalk,transfermarkt_dataset
6233,N. Tenaglia,Facundo Nahuel Tenaglia,Alaves,La Liga,533568,Nahuel Tenaglia,Deportivo Alavés,3000000,3.0,2026-06-05,https://www.transfermarkt.co.uk/nahuel-tenaglia/profil/spieler/533568,high,1.0,1.0,provider_id_crosswalk,transfermarkt_dataset
139001,Pablo Ibáñez,Pablo Ibáñez Lumbreras,Alaves,La Liga,785353,Pablo Ibáñez,Deportivo Alavés,4000000,4.0,2026-06-05,https://www.transfermarkt.co.uk/pablo-ibanez/profil/spieler/785353,high,0.9591,0.3439,name_club_age,transfermarkt_dataset
47353,Sivera,Antonio Sivera Salvá,Alaves,La Liga,298197,Antonio Sivera,Deportivo Alavés,6000000,6.0,2026-06-05,https://www.transfermarkt.co.uk/antonio-sivera/profil/spieler/298197,high,1.0,1.0,provider_id_crosswalk,transfermarkt_dataset
47181,Toni Martínez,Antonio Martínez López,Alaves,La Liga,302371,Toni Martínez,Deportivo Alavés,7500000,7.5,2026-06-05,https://www.transfermarkt.co.uk/toni-martinez/profil/spieler/302371,high,1.0,1.0,provider_id_crosswalk,transfermarkt_dataset
128951,Víctor Parada,Víctor Parada González,Alaves,La Liga,591957,Victor Parada,Deportivo Alavés,4000000,4.0,2026-06-05,https://www.transfermarkt.co.uk/victor-parada/profil/spieler/591957,high,1.0,1.0,provider_id_crosswalk,transfermarkt_dataset
361384,Yusi,Youssef Enríquez Lekhedim,Alaves,La Liga,741289,Youssef Enríquez,Deportivo Alavés,4000000,4.0,2026-06-05,https://www.transfermarkt.co.uk/youssef-enriquez/profil/spieler/741289,high,1.0,1.0,provider_id_crosswalk,transfermarkt_dataset
336998,A. Boiro,Adama Boiro Boiro,Athletic Club,La Liga,710671,Adama Boiro,Athletic Bilbao,2500000,2.5,2026-06-05,https://www.transfermarkt.co.uk/adama-boiro/profil/spieler/710671,high,1.0,1.0,provider_id_crosswalk,transfermarkt_dataset
183849,Aitor Paredes,Aitor Paredes Casamichana,Athletic Club,La Liga,591916,Aitor Paredes,Athletic Bilbao,7500000,7.5,2026-06-05,https://www.transfermarkt.co.uk/aitor-paredes/profil/spieler/591916,high,1.0,1.0,provider_id_crosswalk,transfermarkt_dataset
332309,Alejandro Rego,Alejandro Rego Mora,Athletic Club,La Liga,834491,Alejandro Rego,Athletic Bilbao,5000000,5.0,2026-06-05,https://www.transfermarkt.co.uk/alejandro-rego/profil/spieler/834491,high,1.0,1.0,provider_id_crosswalk,transfermarkt_dataset
622,Aymeric Laporte,Aymeric Jean Louis Gérard Alph Laporte,Athletic Club,La Liga,176553,Aymeric Laporte,Athletic Bilbao,8000000,8.0,2026-06-05,https://www.transfermarkt.co.uk/aymeric-laporte/profil/spieler/176553,high,1.0,1.0,provider_id_crosswalk,transfermarkt_dataset
47278,Dani Vivian,Daniel Vivian Moreno,Athletic Club,La Liga,524000,Dani Vivian,Athletic Bilbao,20000000,20.0,2026-06-05,https://www.transfermarkt.co.uk/dani-vivian/profil/spieler/524000,high,1.0,1.0,provider_id_crosswalk,transfermarkt_dataset
47291,Gorka Guruzeta,Gorka Guruzeta Rodríguez,Athletic Club,La Liga,340205,Gorka Guruzeta,Athletic Bilbao,5000000,5.0,2026-06-05,https://www.transfermarkt.co.uk/gorka-guruzeta/profil/spieler/340205,high,1.0,1.0,provider_id_crosswalk,transfermarkt_dataset
47299,Gorosabel,Andoni Gorosabel Espinosa,Athletic Club,La Liga,289255,Andoni Gorosabel,Athletic Bilbao,3000000,3.0,2026-06-05,https://www.transfermarkt.co.uk/andoni-gorosabel/profil/spieler/289255,high,1.0,1.0,provider_id_crosswalk,transfermarkt_dataset
47294,I. Williams,Iñaki Arthuer Dannis Williams,Athletic Club,La Liga,255508,Iñaki Williams,Athletic Bilbao,8000000,8.0,2026-06-05,https://www.transfermarkt.co.uk/inaki-williams/profil/spieler/255508,high,1.0,1.0,provider_id_crosswalk,transfermarkt_dataset
182181,Jesús Areso,Jesús Areso Blanco,Athletic Club,La Liga,488626,Jesús Areso,Athletic Bilbao,5000000,5.0,2026-06-05,https://www.transfermarkt.co.uk/jesus-areso/profil/spieler/488626,high,1.0,1.0,provider_id_crosswalk,transfermarkt_dataset
47276,Lekue,Íñigo Lekue Martínez,Athletic Club,La Liga,255501,Iñigo Lekue,Athletic Bilbao,1000000,1.0,2026-06-05,https://www.transfermarkt.co.uk/inigo-lekue/profil/spieler/255501,high,1.0,1.0,provider_id_crosswalk,transfermarkt_dataset
383780,Mikel Jauregizar,Mikel Jauregizar Alboniga,Athletic Club,La Liga,938729,Mikel Jauregizar,Athletic Bilbao,30000000,30.0,2026-06-05,https://www.transfermarkt.co.uk/mikel-jauregizar/profil/spieler/938729,high,1.0,1.0,provider_id_crosswalk,transfermarkt_dataset
47418,Mikel Vesga,Mikel Vesga Arruti,Athletic Club,La Liga,300168,Mikel Vesga,Athletic Bilbao,1200000,1.2,2026-06-05,https://www.transfermarkt.co.uk/mikel-vesga/profil/spieler/300168,high,1.0,1.0,provider_id_crosswalk,transfermarkt_dataset
286593,Nico Serrano,Nicolás Serrano Galdeano,Athletic Club,La Liga,668183,Nico Serrano,Athletic Bilbao,1500000,1.5,2026-06-05,https://www.transfermarkt.co.uk/nico-serrano/profil/spieler/668183,high,1.0,1.0,provider_id_crosswalk,transfermarkt_dataset
183799,Nico Williams,Nicholas Williams Arthuer,Athletic Club,La Liga,709187,Nico Williams,Athletic Bilbao,40000000,40.0,2026-06-05,https://www.transfermarkt.co.uk/nico-williams/profil/spieler/709187,high,1.0,1.0,provider_id_crosswalk,transfermarkt_dataset
128398,Oihan Sancet,Oihan Sancet Tirapu,Athletic Club,La Liga,571020,Oihan Sancet,Athletic Bilbao,25000000,25.0,2026-06-05,https://www.transfermarkt.co.uk/oihan-sancet/profil/spieler/571020,high,1.0,1.0,provider_id_crosswalk,transfermarkt_dataset
84086,Robert Navarro,Roberto Navarro Muñoz,Athletic Club,La Liga,563137,Robert Navarro,Athletic Bilbao,6000000,6.0,2026-06-05,https://www.transfermarkt.co.uk/robert-navarro/profil/spieler/563137,high,1.0,1.0,provider_id_crosswalk,transfermarkt_dataset
47007,Ruíz de Galarreta,Íñigo Ruíz de Galarreta Etxeberria,Athletic Club,La Liga,126751,Iñigo Ruiz de Galarreta,Athletic Bilbao,2000000,2.0,2026-06-05,https://www.transfermarkt.co.uk/inigo-ruiz-de-galarreta/profil/spieler/126751,high,1.0,1.0,provider_id_crosswalk,transfermarkt_dataset
332308,Unai Gómez,Unai Gómez Etxebarria,Athletic Club,La Liga,834752,Unai Gómez,Athletic Bilbao,5000000,5.0,2026-06-05,https://www.transfermarkt.co.uk/unai-gomez/profil/spieler/834752,high,1.0,1.0,provider_id_crosswalk,transfermarkt_dataset
47270,Unai Simón,Unai Simón Mendibil,Athletic Club,La Liga,262396,Unai Simón,Athletic Bilbao,22000000,22.0,2026-06-05,https://www.transfermarkt.co.uk/unai-simon/profil/spieler/262396,high,1.0,1.0,provider_id_crosswalk,transfermarkt_dataset
47271,Yeray,Yeray Álvarez López,Athletic Club,La Liga,255488,Yeray Álvarez,Athletic Bilbao,900000,0.9,2026-06-05,https://www.transfermarkt.co.uk/yeray-alvarez/profil/spieler/255488,high,1.0,1.0,provider_id_crosswalk,transfermarkt_dataset
47273,Yuri,Yuri Berchiche Izeta,Athletic Club,La Liga,61812,Yuri Berchiche,Athletic Bilbao,1000000,1.0,2026-06-05,https://www.transfermarkt.co.uk/yuri-berchiche/profil/spieler/61812,high,1.0,1.0,provider_id_crosswalk,transfermarkt_dataset
30510,Álex Berenguer,Alejandro Berenguer Remiro,Athletic Club,La Liga,338425,Álex Berenguer,Athletic Bilbao,4000000,4.0,2026-06-05,https://www.transfermarkt.co.uk/alex-berenguer/profil/spieler/338425,high,1.0,1.0,provider_id_crosswalk,transfermarkt_dataset
56,A. Griezmann,Antoine Griezmann,Atletico Madrid,La Liga,125781,Antoine Griezmann,Atlético de Madrid,8000000,8.0,2026-06-05,https://www.transfermarkt.co.uk/antoine-griezmann/profil/spieler/125781,high,1.0,1.0,provider_id_crosswalk,transfermarkt_dataset
18767,A. Lookman,Ademola Lookman Olajade Alade Aylola Lookman,Atletico Madrid,La Liga,406040,Ademola Lookman,Atalanta BC,40000000,40.0,2026-06-05,https://www.transfermarkt.co.uk/ademola-lookman/profil/spieler/406040,high,1.0,1.0,provider_id_crosswalk,transfermarkt_dataset
8492,A. Sørloth,Alexander Sørloth,Atletico Madrid,La Liga,238407,Alexander Sørloth,Atlético de Madrid,18000000,18.0,2026-06-05,https://www.transfermarkt.co.uk/alexander-sorloth/profil/spieler/238407,high,1.0,1.0,provider_id_crosswalk,transfermarkt_dataset
133,C. Lenglet,Clément Nicolas Laurent Lenglet,Atletico Madrid,La Liga,182904,Clément Lenglet,Atlético de Madrid,4000000,4.0,2026-06-05,https://www.transfermarkt.co.uk/clement-lenglet/profil/spieler/182904,high,1.0,1.0,provider_id_crosswalk,transfermarkt_dataset
30399,D. Hancko,Dávid Hancko,Atletico Madrid,La Liga,404418,Dávid Hancko,Atlético de Madrid,35000000,35.0,2026-06-05,https://www.transfermarkt.co.uk/david-hancko/profil/spieler/404418,high,1.0,1.0,provider_id_crosswalk,transfermarkt_dataset
323935,G. Simeone,Giuliano Simeone Baldini,Atletico Madrid,La Liga,742201,Giuliano Simeone,Atlético de Madrid,40000000,40.0,2026-06-05,https://www.transfermarkt.co.uk/giuliano-simeone/profil/spieler/742201,high,1.0,1.0,provider_id_crosswalk,transfermarkt_dataset
133185,J. Cardoso,João Lucas de Souza Cardoso,Atletico Madrid,La Liga,689505,Johnny Cardoso,Atlético de Madrid,20000000,20.0,2026-06-05,https://www.transfermarkt.co.uk/johnny-cardoso/profil/spieler/689505,high,1.0,1.0,provider_id_crosswalk,transfermarkt_dataset
31,J. Giménez,José María Giménez de Vargas,Atletico Madrid,La Liga,250845,José María Giménez,Atlético de Madrid,9000000,9.0,2026-06-05,https://www.transfermarkt.co.uk/jose-maria-gimenez/profil/spieler/250845,high,1.0,1.0,provider_id_crosswalk,transfermarkt_dataset
2465,J. Musso,Juan Agustín Musso,Atletico Madrid,La Liga,242359,Juan Musso,Atlético de Madrid,3000000,3.0,2026-06-05,https://www.transfermarkt.co.uk/juan-musso/profil/spieler/242359,high,1.0,1.0,provider_id_crosswalk,transfermarkt_dataset
29,J. Oblak,Jan Oblak,Atletico Madrid,La Liga,121483,Jan Oblak,Atlético de Madrid,15000000,15.0,2026-06-05,https://www.transfermarkt.co.uk/jan-oblak/profil/spieler/121483,high,1.0,1.0,provider_id_crosswalk,transfermarkt_dataset
6009,J. Álvarez,Julián Álvarez,Atletico Madrid,La Liga,576024,Julián Alvarez,Atlético de Madrid,100000000,100.0,2026-06-05,https://www.transfermarkt.co.uk/julian-alvarez/profil/spieler/576024,high,1.0,1.0,provider_id_crosswalk,transfermarkt_dataset
162012,M. Ruggeri,Matteo Ruggeri,Atletico Madrid,La Liga,616631,Matteo Ruggeri,Atlético de Madrid,28000000,28.0,2026-06-05,https://www.transfermarkt.co.uk/matteo-ruggeri/profil/spieler/616631,high,1.0,1.0,provider_id_crosswalk,transfermarkt_dataset
295793,Marc Pubill,Marc Pubill Pagès,Atletico Madrid,La Liga,844637,Marc Pubill,Atlético de Madrid,35000000,35.0,2026-06-05,https://www.transfermarkt.co.uk/marc-pubill/profil/spieler/844637,high,1.0,1.0,provider_id_crosswalk,transfermarkt_dataset
753,Marcos Llorente,Marcos Llorente Moreno,Atletico Madrid,La Liga,282411,Marcos Llorente,Atlético de Madrid,20000000,20.0,2026-06-05,https://www.transfermarkt.co.uk/marcos-llorente/profil/spieler/282411,high,1.0,1.0,provider_id_crosswalk,transfermarkt_dataset
26315,N. González,Nicolás Iván González,Atletico Madrid,La Liga,486031,Nico González,Juventus FC,22000000,22.0,2026-06-05,https://www.transfermarkt.co.uk/nico-gonzalez/profil/spieler/486031,high,1.0,1.0,provider_id_crosswalk,transfermarkt_dataset
6503,N. Molina,Nahuel Molina Lucero,Atletico Madrid,La Liga,424042,Nahuel Molina,Atlético de Madrid,15000000,15.0,2026-06-05,https://www.transfermarkt.co.uk/nahuel-molina/profil/spieler/424042,high,1.0,1.0,provider_id_crosswalk,transfermarkt_dataset
313383,O. Vargas,Obed Gómez Vargas,Atletico Madrid,La Liga,889435,Obed Vargas,Atlético de Madrid,10000000,10.0,2026-06-05,https://www.transfermarkt.co.uk/obed-vargas/profil/spieler/889435,high,1.0,1.0,provider_id_crosswalk,transfermarkt_dataset
336594,Pablo Barrios,Pablo Barrios Rivas,Atletico Madrid,La Liga,775605,Pablo Barrios,Atlético de Madrid,55000000,55.0,2026-06-05,https://www.transfermarkt.co.uk/pablo-barrios/profil/spieler/775605,high,1.0,1.0,provider_id_crosswalk,transfermarkt_dataset
47301,Robin Le Normand,Robin Aime Robert Le Normand,Atletico Madrid,La Liga,351809,Robin Le Normand,Atlético de Madrid,20000000,20.0,2026-06-05,https://www.transfermarkt.co.uk/robin-le-normand/profil/spieler/351809,high,1.0,1.0,provider_id_crosswalk,transfermarkt_dataset
6067,T. Almada,Thiago Ezequiel Almada,Atletico Madrid,La Liga,576028,Thiago Almada,Atlético de Madrid,15000000,15.0,2026-06-05,https://www.transfermarkt.co.uk/thiago-almada/profil/spieler/576028,high,1.0,1.0,provider_id_crosswalk,transfermarkt_dataset
182219,Álex Baena,Alejandro Baena Rodríguez,Atletico Madrid,La Liga,548111,Álex Baena,Atlético de Madrid,40000000,40.0,2026-06-05,https://www.transfermarkt.co.uk/alex-baena/profil/spieler/548111,high,1.0,1.0,provider_id_crosswalk,transfermarkt_dataset
2282,A. Christensen,Andreas Bødtker Christensen,Barcelona,La Liga,196948,Andreas Christensen,FC Barcelona,8000000,8.0,2026-06-05,https://www.transfermarkt.co.uk/andreas-christensen/profil/spieler/196948,high,1.0,1.0,provider_id_crosswalk,transfermarkt_dataset
161928,Alejandro Balde,Alejandro Balde Martínez,Barcelona,La Liga,636688,Alejandro Balde,FC Barcelona,50000000,50.0,2026-06-05,https://www.transfermarkt.co.uk/alejandro-balde/profil/spieler/636688,high,0.9871,0.2628,name_club_age,transfermarkt_dataset
1323,Dani Olmo,Daniel Olmo Carvajal,Barcelona,La Liga,293385,Dani Olmo,FC Barcelona,60000000,60.0,2026-06-05,https://www.transfermarkt.co.uk/dani-olmo/profil/spieler/293385,high,1.0,1.0,provider_id_crosswalk,transfermarkt_dataset
619,Eric García,Eric García Martret,Barcelona,La Liga,466794,Eric García,FC Barcelona,40000000,40.0,2026-06-05,https://www.transfermarkt.co.uk/eric-garcia/profil/spieler/466794,high,1.0,1.0,provider_id_crosswalk,transfermarkt_dataset
538,F. de Jong,Frenkie de Jong,Barcelona,La Liga,326330,Frenkie de Jong,FC Barcelona,35000000,35.0,2026-06-05,https://www.transfermarkt.co.uk/frenkie-de-jong/profil/spieler/326330,high,1.0,1.0,provider_id_crosswalk,transfermarkt_dataset
340626,Fermín,Fermín López Martín,Barcelona,La Liga,636703,Fermín López,FC Barcelona,100000000,100.0,2026-06-05,https://www.transfermarkt.co.uk/fermin-lopez/profil/spieler/636703,high,1.0,1.0,provider_id_crosswalk,transfermarkt_dataset
931,Ferran Torres,Ferran Torres García,Barcelona,La Liga,398184,Ferran Torres,FC Barcelona,50000000,50.0,2026-06-05,https://www.transfermarkt.co.uk/ferran-torres/profil/spieler/398184,high,1.0,1.0,provider_id_crosswalk,transfermarkt_dataset
296667,Gavi,Pablo Martín Páez Gavira,Barcelona,La Liga,646740,Gavi,FC Barcelona,30000000,30.0,2026-06-05,https://www.transfermarkt.co.uk/gavi/profil/spieler/646740,high,1.0,1.0,provider_id_crosswalk,transfermarkt_dataset
181701,Gerard Martín,Gerard Martín Langreo,Barcelona,La Liga,705395,Gerard Martín,FC Barcelona,35000000,35.0,2026-06-05,https://www.transfermarkt.co.uk/gerard-martin/profil/spieler/705395,high,1.0,1.0,provider_id_crosswalk,transfermarkt_dataset
1257,J. Koundé,Jules Olivier Koundé,Barcelona,La Liga,411975,Jules Koundé,FC Barcelona,60000000,60.0,2026-06-05,https://www.transfermarkt.co.uk/jules-kounde/profil/spieler/411975,high,1.0,1.0,provider_id_crosswalk,transfermarkt_dataset
182718,Joan García,Joan García Pons,Barcelona,La Liga,561613,Joan García,FC Barcelona,45000000,45.0,2026-06-05,https://www.transfermarkt.co.uk/joan-garcia/profil/spieler/561613,high,1.0,1.0,provider_id_crosswalk,transfermarkt_dataset
855,João Cancelo,João Pedro Cavaco Cancelo,Barcelona,La Liga,182712,João Cancelo,Al-Hilal Saudi Football Club,8000000,8.0,2026-06-05,https://www.transfermarkt.co.uk/joao-cancelo/profil/spieler/182712,high,1.0,1.0,provider_id_crosswalk,transfermarkt_dataset
386828,Lamine Yamal,Lamine Yamal Nasraoui Ebana,Barcelona,La Liga,937958,Lamine Yamal,FC Barcelona,200000000,200.0,2026-06-05,https://www.transfermarkt.co.uk/lamine-yamal/profil/spieler/937958,high,1.0,1.0,provider_id_crosswalk,transfermarkt_dataset
909,M. Rashford,Marcus Rashford,Barcelona,La Liga,258923,Marcus Rashford,FC Barcelona,40000000,40.0,2026-06-05,https://www.transfermarkt.co.uk/marcus-rashford/profil/spieler/258923,high,1.0,1.0,provider_id_crosswalk,transfermarkt_dataset
433396,Marc Bernal,Marc Bernal Casas,Barcelona,La Liga,1018920,Marc Bernal,FC Barcelona,30000000,30.0,2026-06-05,https://www.transfermarkt.co.uk/marc-bernal/profil/spieler/1018920,high,1.0,1.0,provider_id_crosswalk,transfermarkt_dataset
329728,Marc Casadó,Marc Casadó Torras,Barcelona,La Liga,636695,Marc Casadó,FC Barcelona,18000000,18.0,2026-06-05,https://www.transfermarkt.co.uk/marc-casado/profil/spieler/636695,high,1.0,1.0,provider_id_crosswalk,transfermarkt_dataset
396623,Pau Cubarsí Paredes,Pau Cubarsí Paredes,Barcelona,La Liga,962110,Pau Cubarsí,FC Barcelona,80000000,80.0,2026-06-05,https://www.transfermarkt.co.uk/pau-cubarsi/profil/spieler/962110,high,1.0,1.0,provider_id_crosswalk,transfermarkt_dataset
133609,Pedri,Pedro González López,Barcelona,La Liga,683840,Pedri,FC Barcelona,150000000,150.0,2026-06-05,https://www.transfermarkt.co.uk/pedri/profil/spieler/683840,high,1.0,1.0,provider_id_crosswalk,transfermarkt_dataset
101814,R. Araújo,Ronald Federico Araújo da Silva,Barcelona,La Liga,480267,Ronald Araujo,FC Barcelona,20000000,20.0,2026-06-05,https://www.transfermarkt.co.uk/ronald-araujo/profil/spieler/480267,high,1.0,1.0,provider_id_crosswalk,transfermarkt_dataset
338958,R. Bardghji,Roony Bardghji,Barcelona,La Liga,792331,Roony Bardghji,FC Barcelona,15000000,15.0,2026-06-05,https://www.transfermarkt.co.uk/roony-bardghji/profil/spieler/792331,high,1.0,1.0,provider_id_crosswalk,transfermarkt_dataset
521,R. Lewandowski,Robert Lewandowski,Barcelona,La Liga,38253,Robert Lewandowski,FC Barcelona,7000000,7.0,2026-06-05,https://www.transfermarkt.co.uk/robert-lewandowski/profil/spieler/38253,high,1.0,1.0,provider_id_crosswalk,transfermarkt_dataset
1496,Raphinha,Raphael Dias Belloli,Barcelona,La Liga,411295,Raphinha,FC Barcelona,70000000,70.0,2026-06-05,https://www.transfermarkt.co.uk/raphinha/profil/spieler/411295,high,1.0,1.0,provider_id_crosswalk,transfermarkt_dataset
851,W. Szczęsny,Wojciech Tomasz Szczęsny,Barcelona,La Liga,44058,Wojciech Szczesny,FC Barcelona,800000,0.8,2026-06-05,https://www.transfermarkt.co.uk/wojciech-szczesny/profil/spieler/44058,high,1.0,1.0,provider_id_crosswalk,transfermarkt_dataset
47348,Borja Iglesias,Borja Iglesias Quintás,Celta Vigo,La Liga,278359,Borja Iglesias,Celta de Vigo,2800000,2.8,2026-06-05,https://www.transfermarkt.co.uk/borja-iglesias/profil/spieler/278359,high,1.0,1.0,provider_id_crosswalk,transfermarkt_dataset
286639,Bryan Zaragoza,Bryan Zaragoza Martínez,Celta Vigo,La Liga,713644,Bryan Zaragoza,Associazione Sportiva Roma,8000000,8.0,2026-05-29,https://www.transfermarkt.co.uk/bryan-zaragoza/profil/spieler/713644,high,0.91,0.2564,name_club_age,transfermarkt_dataset
47988,C. Starfelt,Carl Anders Theodor Starfelt,Celta Vigo,La Liga,258987,Carl Starfelt,Celta de Vigo,4500000,4.5,2026-06-05,https://www.transfermarkt.co.uk/carl-starfelt/profil/spieler/258987,high,1.0,1.0,provider_id_crosswalk,transfermarkt_dataset
286559,Carlos Domínguez,Carlos Domínguez Cáceres,Celta Vigo,La Liga,636093,Carlos Domínguez,Celta de Vigo,2000000,2.0,2026-06-05,https://www.transfermarkt.co.uk/carlos-dominguez/profil/spieler/636093,high,1.0,1.0,provider_id_crosswalk,transfermarkt_dataset
391822,Fer López,Fernando López González,Celta Vigo,La Liga,1064471,Fer López,Celta de Vigo,16000000,16.0,2026-06-05,https://www.transfermarkt.co.uk/fer-lopez/profil/spieler/1064471,high,1.0,1.0,provider_id_crosswalk,transfermarkt_dataset
122734,Ferran Jutglà,Ferran Jutglà Blanch,Celta Vigo,La Liga,599231,Ferran Jutglà,Celta de Vigo,10000000,10.0,2026-06-05,https://www.transfermarkt.co.uk/ferran-jutgla/profil/spieler/599231,high,1.0,1.0,provider_id_crosswalk,transfermarkt_dataset
313651,Hugo Sotelo,Hugo Sotelo Gómez,Celta Vigo,La Liga,892221,Hugo Sotelo,Celta de Vigo,5000000,5.0,2026-06-05,https://www.transfermarkt.co.uk/hugo-sotelo/profil/spieler/892221,high,1.0,1.0,provider_id_crosswalk,transfermarkt_dataset
329720,Hugo Álvarez,Hugo Álvarez Antúnez,Celta Vigo,La Liga,892929,Hugo Álvarez,Celta de Vigo,8000000,8.0,2026-06-05,https://www.transfermarkt.co.uk/hugo-alvarez/profil/spieler/892929,high,1.0,1.0,provider_id_crosswalk,transfermarkt_dataset
162123,I. Moriba,Moriba Kourouma Kourouma,Celta Vigo,La Liga,617074,Ilaix Moriba,Celta de Vigo,15000000,15.0,2026-06-05,https://www.transfermarkt.co.uk/ilaix-moriba/profil/spieler/617074,high,1.0,1.0,provider_id_crosswalk,transfermarkt_dataset
30765,I. Radu,Ionuț Andrei Radu,Celta Vigo,La Liga,303657,Ionuț Radu,Celta de Vigo,9000000,9.0,2026-06-05,https://www.transfermarkt.co.uk/ionut-radu/profil/spieler/303657,high,1.0,1.0,provider_id_crosswalk,transfermarkt_dataset
47445,Iago Aspas,Iago Aspas Juncal,Celta Vigo,La Liga,72047,Iago Aspas,Celta de Vigo,1600000,1.6,2026-06-05,https://www.transfermarkt.co.uk/iago-aspas/profil/spieler/72047,high,1.0,1.0,provider_id_crosswalk,transfermarkt_dataset
1926,J. Aidoo,Joseph Aidoo,Celta Vigo,La Liga,358250,Joseph Aidoo,Celta de Vigo,1000000,1.0,2026-06-05,https://www.transfermarkt.co.uk/joseph-aidoo/profil/spieler/358250,high,1.0,1.0,provider_id_crosswalk,transfermarkt_dataset
351913,J. El Abdellaoui,Jones El Abdellaoui,Celta Vigo,La Liga,960571,Jones El-Abdellaoui,Celta de Vigo,8000000,8.0,2026-06-05,https://www.transfermarkt.co.uk/jones-el-abdellaoui/profil/spieler/960571,high,1.0,1.0,provider_id_crosswalk,transfermarkt_dataset
384135,Javi Rodríguez,Javier Rodríguez Galiano,Celta Vigo,La Liga,1076815,Javi Rodríguez,Celta de Vigo,18000000,18.0,2026-06-05,https://www.transfermarkt.co.uk/javi-rodriguez/profil/spieler/1076815,high,1.0,1.0,provider_id_crosswalk,transfermarkt_dataset
179955,Javi Rueda,Javier Rueda García,Celta Vigo,La Liga,652331,Javi Rueda,Celta de Vigo,6000000,6.0,2026-06-05,https://www.transfermarkt.co.uk/javi-rueda/profil/spieler/652331,high,1.0,1.0,provider_id_crosswalk,transfermarkt_dataset
182638,Manu Fernández,Manuel Fernández Arroyo,Celta Vigo,La Liga,638124,Manu Fernández,Celta de Vigo,1500000,1.5,2026-06-05,https://www.transfermarkt.co.uk/manu-fernandez/profil/spieler/638124,high,1.0,1.0,provider_id_crosswalk,transfermarkt_dataset
2278,Marcos Alonso,Marcos Alonso Mendoza,Celta Vigo,La Liga,112515,Marcos Alonso,Celta de Vigo,1200000,1.2,2026-06-05,https://www.transfermarkt.co.uk/marcos-alonso/profil/spieler/112515,high,1.0,1.0,provider_id_crosswalk,transfermarkt_dataset
333502,Miguel Román,Miguel Román González,Celta Vigo,La Liga,892932,Miguel Román,Celta de Vigo,15000000,15.0,2026-06-05,https://www.transfermarkt.co.uk/miguel-roman/profil/spieler/892932,high,1.0,1.0,provider_id_crosswalk,transfermarkt_dataset
320517,Pablo Durán,Pablo Durán Fernández,Celta Vigo,La Liga,905997,Pablo Durán,Celta de Vigo,4000000,4.0,2026-06-05,https://www.transfermarkt.co.uk/pablo-duran/profil/spieler/905997,high,1.0,1.0,provider_id_crosswalk,transfermarkt_dataset
157988,Sergio Carreira,Sergio Carreira Vilariño,Celta Vigo,La Liga,545647,Sergio Carreira,Celta de Vigo,12000000,12.0,2026-06-05,https://www.transfermarkt.co.uk/sergio-carreira/profil/spieler/545647,high,1.0,1.0,provider_id_crosswalk,transfermarkt_dataset
269163,W. Swedberg,Williot Theo Swedberg,Celta Vigo,La Liga,764859,Williot Swedberg,Celta de Vigo,20000000,20.0,2026-06-05,https://www.transfermarkt.co.uk/williot-swedberg/profil/spieler/764859,high,1.0,1.0,provider_id_crosswalk,transfermarkt_dataset
329722,Yoel Lago,Yoel Lago Amil,Celta Vigo,La Liga,939374,Yoel Lago,Celta de Vigo,4000000,4.0,2026-06-05,https://www.transfermarkt.co.uk/yoel-lago/profil/spieler/939374,high,0.9883,0.3826,name_club_age,transfermarkt_dataset
162712,Óscar Mingueza,Óscar Mingueza García,Celta Vigo,La Liga,331505,Óscar Mingueza,Celta de Vigo,18000000,18.0,2026-06-05,https://www.transfermarkt.co.uk/oscar-mingueza/profil/spieler/331505,high,1.0,1.0,provider_id_crosswalk,transfermarkt_dataset
47329,Adrià Pedrosa,Adrià Giner Pedrosa,Elche,La Liga,501418,Adrià Pedrosa,Elche CF,2800000,2.8,2026-06-05,https://www.transfermarkt.co.uk/adria-pedrosa/profil/spieler/501418,high,1.0,1.0,provider_id_crosswalk,transfermarkt_dataset
46711,Aleix Febas,Aleix Febas Pérez,Elche,La Liga,217144,Aleix Febas,Elche CF,5000000,5.0,2026-06-05,https://www.transfermarkt.co.uk/aleix-febas/profil/spieler/217144,high,1.0,1.0,provider_id_crosswalk,transfermarkt_dataset
2063,André Silva,André Miguel Valente da Silva,Elche,La Liga,198008,André Silva,Elche CF,3000000,3.0,2026-06-05,https://www.transfermarkt.co.uk/andre-silva/profil/spieler/198008,high,1.0,1.0,provider_id_crosswalk,transfermarkt_dataset
47378,Bigas,Pedro Bigas Rigo,Elche,La Liga,203043,Pedro Bigas,Elche CF,300000,0.3,2026-06-05,https://www.transfermarkt.co.uk/pedro-bigas/profil/spieler/203043,high,1.0,1.0,provider_id_crosswalk,transfermarkt_dataset
446067,Buba Sangaré,Aboubacar Sangaré Traoré,Elche,La Liga,962125,Buba Sangaré,Associazione Sportiva Roma,4500000,4.5,2026-06-05,https://www.transfermarkt.co.uk/buba-sangare/profil/spieler/962125,high,1.0,1.0,provider_id_crosswalk,transfermarkt_dataset
126640,D. Affengruber,David Affengruber,Elche,La Liga,452483,David Affengruber,Elche CF,20000000,20.0,2026-06-05,https://www.transfermarkt.co.uk/david-affengruber/profil/spieler/452483,high,1.0,1.0,provider_id_crosswalk,transfermarkt_dataset
18821,G. Diangana,Grady George Diangana,Elche,La Liga,342048,Grady Diangana,Elche CF,2000000,2.0,2026-06-05,https://www.transfermarkt.co.uk/grady-diangana/profil/spieler/342048,high,1.0,1.0,provider_id_crosswalk,transfermarkt_dataset
161963,Germán Valera,Germán Valera Karabinaite,Elche,La Liga,548188,Germán Valera,Elche CF,6000000,6.0,2026-06-05,https://www.transfermarkt.co.uk/german-valera/profil/spieler/548188,high,1.0,1.0,provider_id_crosswalk,transfermarkt_dataset
46982,Gonzalo Villar,Gonzalo Villar del Fraile,Elche,La Liga,398163,Gonzalo Villar,GNK Dinamo Zagreb,1800000,1.8,2026-06-05,https://www.transfermarkt.co.uk/gonzalo-villar/profil/spieler/398163,high,1.0,1.0,provider_id_crosswalk,transfermarkt_dataset
386859,Héctor Fort,Héctor Fort García,Elche,La Liga,937955,Héctor Fort,Elche CF,12000000,12.0,2026-06-05,https://www.transfermarkt.co.uk/hector-fort/profil/spieler/937955,high,1.0,1.0,provider_id_crosswalk,transfermarkt_dataset
126,Iñaki Peña,Ignacio Peña Sotorres,Elche,La Liga,283170,Iñaki Peña,FC Barcelona,4000000,4.0,2026-06-05,https://www.transfermarkt.co.uk/inaki-pena/profil/spieler/283170,high,1.0,1.0,provider_id_crosswalk,transfermarkt_dataset
189866,John Nwankwo,John Chetauya Nwankwo Donald Okeh,Elche,La Liga,627290,John Donald,Elche CF,1000000,1.0,2026-06-05,https://www.transfermarkt.co.uk/john-donald/profil/spieler/627290,high,1.0,1.0,provider_id_crosswalk,transfermarkt_dataset
46973,Josan,José Antonio Ferrández Pomares,Elche,La Liga,277533,Josan,Elche CF,100000,0.1,2026-06-05,https://www.transfermarkt.co.uk/josan/profil/spieler/277533,high,1.0,1.0,provider_id_crosswalk,transfermarkt_dataset
318592,L. Cepeda,Lucas Antonio Cepeda Barturen,Elche,La Liga,912392,Lucas Cepeda,Elche CF,2500000,2.5,2026-06-05,https://www.transfermarkt.co.uk/lucas-cepeda/profil/spieler/912392,high,1.0,1.0,provider_id_crosswalk,transfermarkt_dataset
157146,L. Pétrot,Léo Pétrot,Elche,La Liga,412829,Léo Pétrot,Elche CF,1500000,1.5,2026-06-05,https://www.transfermarkt.co.uk/leo-petrot/profil/spieler/412829,high,1.0,1.0,provider_id_crosswalk,transfermarkt_dataset
11346,M. Dituro,Matías Ezequiel Dituro Curto,Elche,La Liga,144128,Matías Dituro,Elche CF,100000,0.1,2026-06-05,https://www.transfermarkt.co.uk/matias-dituro/profil/spieler/144128,high,0.903,0.903,name_club_age,transfermarkt_dataset
187318,Marc Aguado,Marc Aguado Pallares,Elche,La Liga,531404,Marc Aguado,Elche CF,3500000,3.5,2026-06-05,https://www.transfermarkt.co.uk/marc-aguado/profil/spieler/531404,high,1.0,1.0,provider_id_crosswalk,transfermarkt_dataset
271580,Martim Neto,Martim Carvalho Neto,Elche,La Liga,549027,Martim Neto,Elche CF,4000000,4.0,2026-06-05,https://www.transfermarkt.co.uk/martim-neto/profil/spieler/549027,high,1.0,1.0,provider_id_crosswalk,transfermarkt_dataset
341371,Rodrigo Mendoza,Rodrigo Mendoza Martinez Moya,Elche,La Liga,961297,Rodrigo Mendoza,Elche CF,20000000,20.0,2026-06-05,https://www.transfermarkt.co.uk/rodrigo-mendoza/profil/spieler/961297,high,1.0,1.0,provider_id_crosswalk,transfermarkt_dataset
47182,Tete Morente,José Antonio Morente Oliva,Elche,La Liga,339816,Tete Morente,US Lecce,1800000,1.8,2026-06-05,https://www.transfermarkt.co.uk/tete-morente/profil/spieler/339816,high,1.0,1.0,provider_id_crosswalk,transfermarkt_dataset
162058,Víctor Chust,Víctor Chust García,Elche,La Liga,495625,Víctor Chust,Elche CF,3500000,3.5,2026-06-05,https://www.transfermarkt.co.uk/victor-chust/profil/spieler/495625,high,1.0,1.0,provider_id_crosswalk,transfermarkt_dataset
343202,Á. Rodríguez,Álvaro Daniel Rodríguez Muñoz,Elche,La Liga,948275,Álvaro Rodríguez,Elche CF,10000000,10.0,2026-06-05,https://www.transfermarkt.co.uk/alvaro-rodriguez/profil/spieler/948275,high,1.0,1.0,provider_id_crosswalk,transfermarkt_dataset
182661,Álvaro Núñez,Álvaro Núñez Cobo,Elche,La Liga,626953,Álvaro Núñez,Celta de Vigo,4000000,4.0,2026-06-05,https://www.transfermarkt.co.uk/alvaro-nunez/profil/spieler/626953,high,1.0,1.0,provider_id_crosswalk,transfermarkt_dataset
85,C. Ngonge,Cyril Ngonge,Espanyol,La Liga,358032,Cyril Ngonge,Torino FC,7000000,7.0,2026-06-05,https://www.transfermarkt.co.uk/cyril-ngonge/profil/spieler/358032,high,1.0,1.0,provider_id_crosswalk,transfermarkt_dataset
48555,C. Pickel,Charles Monginda Pickel,Espanyol,La Liga,243879,Charles Pickel,RCD Espanyol Barcelona,2500000,2.5,2026-06-05,https://www.transfermarkt.co.uk/charles-pickel/profil/spieler/243879,high,1.0,1.0,provider_id_crosswalk,transfermarkt_dataset
282054,C. Riedel,Clemens Riedel,Espanyol,La Liga,692070,Clemens Riedel,RCD Espanyol Barcelona,4000000,4.0,2026-06-05,https://www.transfermarkt.co.uk/clemens-riedel/profil/spieler/692070,high,1.0,1.0,provider_id_crosswalk,transfermarkt_dataset
46799,Edu Expósito,Eduardo Expósito Jaén,Espanyol,La Liga,506248,Edu Expósito,RCD Espanyol Barcelona,5000000,5.0,2026-06-05,https://www.transfermarkt.co.uk/edu-exposito/profil/spieler/506248,high,1.0,1.0,provider_id_crosswalk,transfermarkt_dataset
47478,Fernando Calero,Fernando Calero Villa,Espanyol,La Liga,357884,Fernando Calero,RCD Espanyol Barcelona,2000000,2.0,2026-06-05,https://www.transfermarkt.co.uk/fernando-calero/profil/spieler/357884,high,1.0,1.0,provider_id_crosswalk,transfermarkt_dataset
47349,Javi Puado,Javier Puado Díaz,Espanyol,La Liga,408471,Javi Puado,RCD Espanyol Barcelona,7500000,7.5,2026-06-05,https://www.transfermarkt.co.uk/javi-puado/profil/spieler/408471,high,1.0,1.0,provider_id_crosswalk,transfermarkt_dataset
182674,Jofre Carreras,Jofre Carreras Pagès,Espanyol,La Liga,628498,Jofre Carreras,RCD Espanyol Barcelona,3000000,3.0,2026-06-05,https://www.transfermarkt.co.uk/jofre-carreras/profil/spieler/628498,high,1.0,1.0,provider_id_crosswalk,transfermarkt_dataset
47396,Kike García,Enrique García Martínez,Espanyol,La Liga,93936,Kike García,RCD Espanyol Barcelona,700000,0.7,2026-06-05,https://www.transfermarkt.co.uk/kike-garcia/profil/spieler/93936,high,1.0,1.0,provider_id_crosswalk,transfermarkt_dataset
47249,L. Cabrera,Leandro Daniel Cabrera Sasía,Espanyol,La Liga,102423,Leandro Cabrera,RCD Espanyol Barcelona,900000,0.9,2026-06-05,https://www.transfermarkt.co.uk/leandro-cabrera/profil/spieler/102423,medium,0.878,0.2496,name_club_age,transfermarkt_dataset
2813,M. Dmitrović,Marko Dmitrović,Espanyol,La Liga,94308,Marko Dmitrovic,RCD Espanyol Barcelona,700000,0.7,2026-06-05,https://www.transfermarkt.co.uk/marko-dmitrovic/profil/spieler/94308,high,1.0,1.0,provider_id_crosswalk,transfermarkt_dataset
286601,O. El Hilali,Omar El Hilali,Espanyol,La Liga,822331,Omar El Hilali,RCD Espanyol Barcelona,15000000,15.0,2026-06-05,https://www.transfermarkt.co.uk/omar-el-hilali/profil/spieler/822331,high,1.0,1.0,provider_id_crosswalk,transfermarkt_dataset
47398,Pere Milla,Pere Milla Peña,Espanyol,La Liga,225593,Pere Milla,RCD Espanyol Barcelona,1000000,1.0,2026-06-05,https://www.transfermarkt.co.uk/pere-milla/profil/spieler/225593,high,1.0,1.0,provider_id_crosswalk,transfermarkt_dataset
127426,Pol Lozano,Pol Lozano Vizuete,Espanyol,La Liga,412045,Pol Lozano,RCD Espanyol Barcelona,6000000,6.0,2026-06-05,https://www.transfermarkt.co.uk/pol-lozano/profil/spieler/412045,high,1.0,1.0,provider_id_crosswalk,transfermarkt_dataset
187987,Ramón Terrats,Ramón Terrats Espacio,Espanyol,La Liga,783396,Ramón Terrats,RCD Espanyol Barcelona,3000000,3.0,2026-06-05,https://www.transfermarkt.co.uk/ramon-terrats/profil/spieler/783396,high,1.0,1.0,provider_id_crosswalk,transfermarkt_dataset
312990,Roberto Fernández,Roberto Fernández Jaén,Espanyol,La Liga,720518,Roberto Fernández,RCD Espanyol Barcelona,10000000,10.0,2026-06-05,https://www.transfermarkt.co.uk/roberto-fernandez/profil/spieler/720518,high,1.0,1.0,provider_id_crosswalk,transfermarkt_dataset
199824,Rubén Sánchez,Rubén Sánchez Sáez,Espanyol,La Liga,705813,Rubén Sánchez,RCD Espanyol Barcelona,1800000,1.8,2026-06-05,https://www.transfermarkt.co.uk/ruben-sanchez/profil/spieler/705813,high,0.958,0.1553,name_club_age,transfermarkt_dataset
273732,T. Dolan,Tyrhys Dolan,Espanyol,La Liga,647435,Tyrhys Dolan,RCD Espanyol Barcelona,10000000,10.0,2026-06-05,https://www.transfermarkt.co.uk/tyrhys-dolan/profil/spieler/647435,high,1.0,1.0,provider_id_crosswalk,transfermarkt_dataset
183699,Urko González,Urko González de Zárate Quirós,Espanyol,La Liga,625651,Urko González de Zárate,RCD Espanyol Barcelona,12000000,12.0,2026-06-05,https://www.transfermarkt.co.uk/urko-gonzalez-de-zarate/profil/spieler/625651,high,1.0,1.0,provider_id_crosswalk,transfermarkt_dataset
46813,A. Abqar,Abdelkabir Abqar,Getafe,La Liga,559979,Abdel Abqar,Getafe CF,3500000,3.5,2026-06-05,https://www.transfermarkt.co.uk/abdel-abqar/profil/spieler/559979,high,1.0,1.0,provider_id_crosswalk,transfermarkt_dataset
47407,A. Nyom,Allan Roméo Nyom,Getafe,La Liga,111508,Allan Nyom,Getafe CF,100000,0.1,2026-06-05,https://www.transfermarkt.co.uk/allan-nyom/profil/spieler/111508,high,1.0,1.0,provider_id_crosswalk,transfermarkt_dataset
394573,Adrian Liso,Adrian Liso Lahoz,Getafe,La Liga,1061122,Adrián Liso,Getafe CF,3000000,3.0,2026-06-05,https://www.transfermarkt.co.uk/adrian-liso/profil/spieler/1061122,high,1.0,1.0,provider_id_crosswalk,transfermarkt_dataset
47472,Borja Mayoral,Borja Mayoral Moya,Getafe,La Liga,298976,Borja Mayoral,Getafe CF,6000000,6.0,2026-06-05,https://www.transfermarkt.co.uk/borja-mayoral/profil/spieler/298976,high,1.0,1.0,provider_id_crosswalk,transfermarkt_dataset
309364,Coba,Coba Gomes da Costa,Getafe,La Liga,1033005,Coba da Costa,RSC Anderlecht,1500000,1.5,2026-06-04,https://www.transfermarkt.co.uk/coba-da-costa/profil/spieler/1033005,high,1.0,1.0,provider_id_crosswalk,transfermarkt_dataset
47250,D. Dakonam,Djené Dakonam Ortega,Getafe,La Liga,221150,Dakonam Djené,Getafe CF,1400000,1.4,2026-06-05,https://www.transfermarkt.co.uk/dakonam-djene/profil/spieler/221150,high,1.0,1.0,provider_id_crosswalk,transfermarkt_dataset
47247,David Soria,David Soria Solís,Getafe,La Liga,226012,David Soria,Getafe CF,2800000,2.8,2026-06-05,https://www.transfermarkt.co.uk/david-soria/profil/spieler/226012,high,1.0,1.0,provider_id_crosswalk,transfermarkt_dataset
471478,Davinchi,David Cordón Mancha,Getafe,La Liga,1268764,Davinchi,Getafe CF,1000000,1.0,2026-06-05,https://www.transfermarkt.co.uk/davinchi/profil/spieler/1268764,high,1.0,1.0,provider_id_crosswalk,transfermarkt_dataset
18867,Diego Rico,Diego Rico Salguero,Getafe,La Liga,249513,Diego Rico,Getafe CF,1000000,1.0,2026-06-05,https://www.transfermarkt.co.uk/diego-rico/profil/spieler/249513,high,1.0,1.0,provider_id_crosswalk,transfermarkt_dataset
46795,Domingos Duarte,Domingos de Sousa Coutinho Meneses Duar,Getafe,La Liga,257376,Domingos Duarte,Getafe CF,800000,0.8,2026-06-05,https://www.transfermarkt.co.uk/domingos-duarte/profil/spieler/257376,high,1.0,1.0,provider_id_crosswalk,transfermarkt_dataset
46860,Javi Muñoz,Javier Muñoz Jiménez,Getafe,La Liga,282421,Javi Muñoz,Getafe CF,1200000,1.2,2026-06-05,https://www.transfermarkt.co.uk/javi-munoz/profil/spieler/282421,high,1.0,1.0,provider_id_crosswalk,transfermarkt_dataset
119742,Juan Iglesias,Juan Antonio Iglesias Sánchez,Getafe,La Liga,390688,Juan Iglesias,Getafe CF,5000000,5.0,2026-06-05,https://www.transfermarkt.co.uk/juan-iglesias/profil/spieler/390688,high,1.0,1.0,provider_id_crosswalk,transfermarkt_dataset
18794,Kiko Femenía,Francisco Femenía Far,Getafe,La Liga,76467,Kiko Femenía,Getafe CF,700000,0.7,2026-06-05,https://www.transfermarkt.co.uk/kiko-femenia/profil/spieler/76467,high,1.0,1.0,provider_id_crosswalk,transfermarkt_dataset
6490,L. Vázquez,Luis Ismael Vázquez,Getafe,La Liga,844516,Luis Vázquez,RSC Anderlecht,2500000,2.5,2026-06-05,https://www.transfermarkt.co.uk/luis-vazquez/profil/spieler/844516,medium,0.8523,0.1647,name_club_age,transfermarkt_dataset
47085,Luis Milla,Luis Milla Manzanares,Getafe,La Liga,281989,Luis Milla,Getafe CF,3500000,3.5,2026-06-05,https://www.transfermarkt.co.uk/luis-milla/profil/spieler/281989,high,1.0,1.0,provider_id_crosswalk,transfermarkt_dataset
47258,M. Arambarri,Mauro Wilney Arambarri Rosa,Getafe,La Liga,290249,Mauro Arambarri,Getafe CF,8000000,8.0,2026-06-05,https://www.transfermarkt.co.uk/mauro-arambarri/profil/spieler/290249,high,1.0,1.0,provider_id_crosswalk,transfermarkt_dataset
195512,M. Satriano,Martín Adrián Satriano Costa,Getafe,La Liga,640109,Martín Satriano,Getafe CF,10000000,10.0,2026-06-05,https://www.transfermarkt.co.uk/martin-satriano/profil/spieler/640109,high,1.0,1.0,provider_id_crosswalk,transfermarkt_dataset
343205,Mario Martín,Mario Martín Rielves,Getafe,La Liga,948273,Mario Martín,Getafe CF,10000000,10.0,2026-06-05,https://www.transfermarkt.co.uk/mario-martin/profil/spieler/948273,high,1.0,1.0,provider_id_crosswalk,transfermarkt_dataset
316516,S. Boselli,Juan Sebastián Boselli Graf,Getafe,La Liga,898352,Sebastián Boselli,Getafe CF,1500000,1.5,2026-06-05,https://www.transfermarkt.co.uk/sebastian-boselli/profil/spieler/898352,high,1.0,1.0,provider_id_crosswalk,transfermarkt_dataset
180927,Z. Romero,Zaid Abner Romero,Getafe,La Liga,741142,Zaid Romero,Club Brugge KV,2500000,2.5,2026-06-05,https://www.transfermarkt.co.uk/zaid-romero/profil/spieler/741142,high,1.0,1.0,provider_id_crosswalk,transfermarkt_dataset
184459,Álex Sancris,Alejandro San Cristóbal Sánchez,Getafe,La Liga,560705,Álex Sancris,Getafe CF,1500000,1.5,2026-06-05,https://www.transfermarkt.co.uk/alex-sancris/profil/spieler/560705,high,1.0,1.0,provider_id_crosswalk,transfermarkt_dataset
129678,A. Ounahi,Azzedine Ounahi,Girona,La Liga,593482,Azzedine Ounahi,Girona FC,10000000,10.0,2026-06-05,https://www.transfermarkt.co.uk/azzedine-ounahi/profil/spieler/593482,high,1.0,1.0,provider_id_crosswalk,transfermarkt_dataset
20,A. Witsel,Axel Laurent Angel Lambert Witsel,Girona,La Liga,35047,Axel Witsel,Girona FC,1200000,1.2,2026-06-05,https://www.transfermarkt.co.uk/axel-witsel/profil/spieler/35047,high,1.0,1.0,provider_id_crosswalk,transfermarkt_dataset
162434,Alejandro Francés,Alejandro Francés Torrijo,Girona,La Liga,632896,Alejandro Francés,Girona FC,3000000,3.0,2026-06-05,https://www.transfermarkt.co.uk/alejandro-frances/profil/spieler/632896,high,1.0,1.0,provider_id_crosswalk,transfermarkt_dataset
283668,Arnau Martínez,Arnau Martínez López,Girona,La Liga,826224,Arnau Martínez,Girona FC,10000000,10.0,2026-06-05,https://www.transfermarkt.co.uk/arnau-martinez/profil/spieler/826224,high,1.0,1.0,provider_id_crosswalk,transfermarkt_dataset
2061,Bryan Gil,Bryan Gil Salvatierra,Girona,La Liga,537382,Bryan Gil,Girona FC,8000000,8.0,2026-06-05,https://www.transfermarkt.co.uk/bryan-gil/profil/spieler/537382,high,1.0,1.0,provider_id_crosswalk,transfermarkt_dataset
414385,C. Echeverri,Claudio Jeremías Echeverri,Girona,La Liga,994536,Claudio Echeverri,Girona FC,15000000,15.0,2026-06-05,https://www.transfermarkt.co.uk/claudio-echeverri/profil/spieler/994536,high,1.0,1.0,provider_id_crosswalk,transfermarkt_dataset
2617,C. Stuani,Cristhian Ricardo Stuani Curbelo,Girona,La Liga,59323,Cristhian Stuani,Girona FC,700000,0.7,2026-06-05,https://www.transfermarkt.co.uk/cristhian-stuani/profil/spieler/59323,medium,0.8753,0.4358,name_club_age,transfermarkt_dataset
531,D. Blind,Daley Blind,Girona,La Liga,12282,Daley Blind,Girona FC,1200000,1.2,2026-06-05,https://www.transfermarkt.co.uk/daley-blind/profil/spieler/12282,high,1.0,1.0,provider_id_crosswalk,transfermarkt_dataset
47435,Fran Beltrán,Francisco José Beltrán Peinado,Girona,La Liga,423444,Fran Beltrán,Girona FC,4000000,4.0,2026-06-05,https://www.transfermarkt.co.uk/fran-beltran/profil/spieler/423444,high,1.0,1.0,provider_id_crosswalk,transfermarkt_dataset
313025,Hugo Rincón,Hugo Rincón Lumbreras,Girona,La Liga,834487,Hugo Rincón,Girona FC,3500000,3.5,2026-06-05,https://www.transfermarkt.co.uk/hugo-rincon/profil/spieler/834487,high,1.0,1.0,provider_id_crosswalk,transfermarkt_dataset
1700,Iván Martín,Iván Martín Núñez,Girona,La Liga,341278,Iván Martín,Girona FC,5000000,5.0,2026-06-05,https://www.transfermarkt.co.uk/ivan-martin/profil/spieler/341278,high,1.0,1.0,provider_id_crosswalk,transfermarkt_dataset
306727,J. Solis,Jhon Elmer Solis Romero,Girona,La Liga,742521,Jhon Solís,Girona FC,2500000,2.5,2025-12-12,https://www.transfermarkt.co.uk/jhon-solis/profil/spieler/742521,high,1.0,1.0,provider_id_crosswalk,transfermarkt_dataset
339105,Joel Roca,Joel Roca Casals,Girona,La Liga,895326,Joel Roca,Girona FC,6000000,6.0,2026-06-05,https://www.transfermarkt.co.uk/joel-roca/profil/spieler/895326,high,0.982,0.5034,name_club_age,transfermarkt_dataset
158,P. Gazzaniga,Paulo Dino Gazzaniga Farias,Girona,La Liga,195488,Paulo Gazzaniga,Girona FC,1800000,1.8,2026-06-05,https://www.transfermarkt.co.uk/paulo-gazzaniga/profil/spieler/195488,high,1.0,1.0,provider_id_crosswalk,transfermarkt_dataset
47520,Portu,Cristian Portugués Manzanera,Girona,La Liga,99353,Portu,Girona FC,1200000,1.2,2026-06-05,https://www.transfermarkt.co.uk/portu/profil/spieler/99353,high,1.0,1.0,provider_id_crosswalk,transfermarkt_dataset
45,T. Lemar,Thomas Benoît Lemar,Girona,La Liga,205562,Thomas Lemar,Girona FC,1800000,1.8,2026-06-05,https://www.transfermarkt.co.uk/thomas-lemar/profil/spieler/205562,high,1.0,1.0,provider_id_crosswalk,transfermarkt_dataset
2182,V. Tsygankov,Viktor Tsygankov,Girona,La Liga,264372,Viktor Tsygankov,Girona FC,15000000,15.0,2026-06-05,https://www.transfermarkt.co.uk/viktor-tsygankov/profil/spieler/264372,high,1.0,1.0,provider_id_crosswalk,transfermarkt_dataset
161670,V. Vanat,Vladyslav Vanat,Girona,La Liga,631821,Vladyslav Vanat,Girona FC,15000000,15.0,2026-06-05,https://www.transfermarkt.co.uk/vladyslav-vanat/profil/spieler/631821,high,1.0,1.0,provider_id_crosswalk,transfermarkt_dataset
414359,Vitor Nunes,Vitor de Oliveira Nunes dos Reis,Girona,La Liga,1005575,Vitor Reis,Girona FC,30000000,30.0,2026-06-05,https://www.transfermarkt.co.uk/vitor-reis/profil/spieler/1005575,high,1.0,1.0,provider_id_crosswalk,transfermarkt_dataset
281795,Y. Asprilla,Yáser Esnéider Asprilla Martínez,Girona,La Liga,857818,Yáser Asprilla,Girona FC,14000000,14.0,2026-05-21,https://www.transfermarkt.co.uk/yaser-asprilla/profil/spieler/857818,high,1.0,1.0,provider_id_crosswalk,transfermarkt_dataset
47547,Álex Moreno,Alexandre Moreno Lopera,Girona,La Liga,193098,Álex Moreno,Girona FC,3000000,3.0,2026-06-05,https://www.transfermarkt.co.uk/alex-moreno/profil/spieler/193098,high,1.0,1.0,provider_id_crosswalk,transfermarkt_dataset
316517,A. Matturro,Alan Agustín Matturro Romero,Levante,La Liga,861981,Alan Matturro,Levante UD,4000000,4.0,2026-06-05,https://www.transfermarkt.co.uk/alan-matturro/profil/spieler/861981,high,1.0,1.0,provider_id_crosswalk,transfermarkt_dataset
47225,Brugui,Roger Brugué Ayguadé,Levante,La Liga,557057,Roger Brugué,Levante UD,2000000,2.0,2026-06-05,https://www.transfermarkt.co.uk/roger-brugue/profil/spieler/557057,high,1.0,1.0,provider_id_crosswalk,transfermarkt_dataset
450497,Carlos Espí,Carlos Espí Escrihuela,Levante,La Liga,1063338,Carlos Espí,Levante UD,20000000,20.0,2026-06-05,https://www.transfermarkt.co.uk/carlos-espi/profil/spieler/1063338,high,1.0,1.0,provider_id_crosswalk,transfermarkt_dataset
182770,Carlos Álvarez,Carlos Álvarez Rivera,Levante,La Liga,668179,Carlos Álvarez,Levante UD,15000000,15.0,2026-06-05,https://www.transfermarkt.co.uk/carlos-alvarez/profil/spieler/668179,high,0.9841,0.3256,name_club_age,transfermarkt_dataset
734,Dela,Adrián de la Fuente Barquilla,Levante,La Liga,341263,Adrián Dela,Levante UD,4000000,4.0,2026-06-05,https://www.transfermarkt.co.uk/adrian-dela/profil/spieler/341263,high,1.0,1.0,provider_id_crosswalk,transfermarkt_dataset
104832,Diego Pampín,Diego Varela Pampín,Levante,La Liga,505493,Diego Pampín,Levante UD,1000000,1.0,2026-06-05,https://www.transfermarkt.co.uk/diego-pampin/profil/spieler/505493,high,1.0,1.0,provider_id_crosswalk,transfermarkt_dataset
378284,Etta Eyong,Karl Edouard Blaise Etta Eyong,Levante,La Liga,1038950,Karl Etta Eyong,Levante UD,15000000,15.0,2026-06-05,https://www.transfermarkt.co.uk/karl-etta-eyong/profil/spieler/1038950,high,1.0,1.0,provider_id_crosswalk,transfermarkt_dataset
128985,Iker Losada,Iker Losada Aragunde,Levante,La Liga,632741,Iker Losada,Levante UD,1800000,1.8,2026-06-05,https://www.transfermarkt.co.uk/iker-losada/profil/spieler/632741,high,1.0,1.0,provider_id_crosswalk,transfermarkt_dataset
192032,Iván Romero,Iván Romero de Ávila Araque,Levante,La Liga,628886,Iván Romero,Levante UD,8000000,8.0,2026-06-05,https://www.transfermarkt.co.uk/ivan-romero/profil/spieler/628886,high,1.0,1.0,provider_id_crosswalk,transfermarkt_dataset
1118,J. Toljan,Jeremy Isaiah Richard Toljan,Levante,La Liga,129674,Jeremy Toljan,Levante UD,2000000,2.0,2026-06-05,https://www.transfermarkt.co.uk/jeremy-toljan/profil/spieler/129674,high,1.0,1.0,provider_id_crosswalk,transfermarkt_dataset
182603,Jon Ander Olasagasti,Jon Ander Olasagasti Imizcoz,Levante,La Liga,625660,Jon Ander Olasagasti,Levante UD,2500000,2.5,2026-06-05,https://www.transfermarkt.co.uk/jon-ander-olasagasti/profil/spieler/625660,high,1.0,1.0,provider_id_crosswalk,transfermarkt_dataset
47467,José Luis Morales,José Luis Morales Nogales,Levante,La Liga,252677,José Luis Morales,Levante UD,200000,0.2,2026-06-05,https://www.transfermarkt.co.uk/jose-luis-morales/profil/spieler/252677,high,0.9841,0.2993,name_club_age,transfermarkt_dataset
125239,K. Arriaga,Kervin Fabián Arriaga Villanueva,Levante,La Liga,526050,Kervin Arriaga,Levante UD,2000000,2.0,2026-06-05,https://www.transfermarkt.co.uk/kervin-arriaga/profil/spieler/526050,high,1.0,1.0,provider_id_crosswalk,transfermarkt_dataset
579287,K. Tunde,nan nan,Levante,La Liga,1063340,Kareem Tunde,Levante UD,2000000,2.0,2026-06-05,https://www.transfermarkt.co.uk/kareem-tunde/profil/spieler/1063340,high,1.0,1.0,provider_id_crosswalk,transfermarkt_dataset
421807,M. Moreno,Matías Agustín Moreno,Levante,La Liga,1144700,Matías Moreno,Levante UD,6000000,6.0,2026-06-05,https://www.transfermarkt.co.uk/matias-moreno/profil/spieler/1144700,high,1.0,1.0,provider_id_crosswalk,transfermarkt_dataset
2741,M. Ryan,Mathew David Ryan,Levante,La Liga,128969,Mathew Ryan,Levante UD,1800000,1.8,2026-06-05,https://www.transfermarkt.co.uk/mathew-ryan/profil/spieler/128969,high,1.0,1.0,provider_id_crosswalk,transfermarkt_dataset
64309,Manu Sánchez,Manuel Sánchez de la Peña,Levante,La Liga,618809,Manu Sánchez,Levante UD,6000000,6.0,2026-06-05,https://www.transfermarkt.co.uk/manu-sanchez/profil/spieler/618809,high,1.0,1.0,provider_id_crosswalk,transfermarkt_dataset
106727,Oriol Rey,Oriol Rey Erenas,Levante,La Liga,293388,Oriol Rey,Levante UD,1800000,1.8,2026-06-05,https://www.transfermarkt.co.uk/oriol-rey/profil/spieler/293388,high,1.0,1.0,provider_id_crosswalk,transfermarkt_dataset
104949,Pablo Martínez,Pablo Martínez Andrés,Levante,La Liga,568835,Pablo Martínez,Levante UD,3000000,3.0,2026-06-05,https://www.transfermarkt.co.uk/pablo-martinez/profil/spieler/568835,high,1.0,1.0,provider_id_crosswalk,transfermarkt_dataset
463279,Paco Cortés,Francisco Cortés Gracia,Levante,La Liga,1232057,Paco Cortés,Levante UD,1500000,1.5,2026-06-05,https://www.transfermarkt.co.uk/paco-cortes/profil/spieler/1232057,high,1.0,1.0,provider_id_crosswalk,transfermarkt_dataset
334878,U. Raghouber,Ugo Raghouber,Levante,La Liga,707230,Ugo Raghouber,Levante UD,3000000,3.0,2026-06-05,https://www.transfermarkt.co.uk/ugo-raghouber/profil/spieler/707230,high,1.0,1.0,provider_id_crosswalk,transfermarkt_dataset
46941,Unai Elgezabal,Unai Elgezabal Udondo,Levante,La Liga,255495,Unai Elgezabal,Levante UD,500000,0.5,2026-06-05,https://www.transfermarkt.co.uk/unai-elgezabal/profil/spieler/255495,high,1.0,1.0,provider_id_crosswalk,transfermarkt_dataset
182639,Unai Vencedor,Unai Vencedor Paris,Levante,La Liga,610083,Unai Vencedor,Levante UD,1600000,1.6,2026-06-05,https://www.transfermarkt.co.uk/unai-vencedor/profil/spieler/610083,high,1.0,1.0,provider_id_crosswalk,transfermarkt_dataset
46790,Víctor García,Víctor García Raja,Levante,La Liga,590690,Víctor García,Levante UD,1500000,1.5,2026-06-05,https://www.transfermarkt.co.uk/victor-garcia/profil/spieler/590690,high,0.9841,0.2374,name_club_age,transfermarkt_dataset
107194,Antonio Sánchez,Antonio Sánchez Navarro,Mallorca,La Liga,513031,Antonio Sánchez,RCD Mallorca,2000000,2.0,2026-06-05,https://www.transfermarkt.co.uk/antonio-sanchez/profil/spieler/513031,high,1.0,1.0,provider_id_crosswalk,transfermarkt_dataset
47336,Darder,Sergi Darder Moll,Mallorca,La Liga,142021,Sergi Darder,RCD Mallorca,3000000,3.0,2026-06-05,https://www.transfermarkt.co.uk/sergi-darder/profil/spieler/142021,high,1.0,1.0,provider_id_crosswalk,transfermarkt_dataset
335697,David López,David López Guijarro,Mallorca,La Liga,947431,David López,RCD Mallorca,1200000,1.2,2026-06-05,https://www.transfermarkt.co.uk/david-lopez/profil/spieler/947431,high,1.0,1.0,provider_id_crosswalk,transfermarkt_dataset
64268,J. Mojica,Johan Andrés Mojica Palacio,Mallorca,La Liga,262939,Johan Mojica,RCD Mallorca,1500000,1.5,2026-06-05,https://www.transfermarkt.co.uk/johan-mojica/profil/spieler/262939,high,1.0,1.0,provider_id_crosswalk,transfermarkt_dataset
491248,Jan Virgili,Jan Virgili Tenas,Mallorca,La Liga,1301775,Jan Virgili,RCD Mallorca,15000000,15.0,2026-06-05,https://www.transfermarkt.co.uk/jan-virgili/profil/spieler/1301775,high,1.0,1.0,provider_id_crosswalk,transfermarkt_dataset
152955,L. Bergström,Lucas Carl Edvard Bergström,Mallorca,La Liga,490606,Lucas Bergström,RCD Mallorca,1400000,1.4,2026-06-05,https://www.transfermarkt.co.uk/lucas-bergstrom/profil/spieler/490606,high,1.0,1.0,provider_id_crosswalk,transfermarkt_dataset
179139,Leo Román,Leonardo Román Riquelme,Mallorca,La Liga,562742,Leo Román,RCD Mallorca,6000000,6.0,2026-06-05,https://www.transfermarkt.co.uk/leo-roman/profil/spieler/562742,high,1.0,1.0,provider_id_crosswalk,transfermarkt_dataset
313059,M. Joseph,Mateo Joseph Fernández-Regatillo,Mallorca,La Liga,834742,Mateo Joseph,RCD Mallorca,3500000,3.5,2026-06-05,https://www.transfermarkt.co.uk/mateo-joseph/profil/spieler/834742,high,1.0,1.0,provider_id_crosswalk,transfermarkt_dataset
30924,M. Kumbulla,Marash Kumbulla,Mallorca,La Liga,371371,Marash Kumbulla,RCD Mallorca,3000000,3.0,2026-06-05,https://www.transfermarkt.co.uk/marash-kumbulla/profil/spieler/371371,high,1.0,1.0,provider_id_crosswalk,transfermarkt_dataset
46738,M. Valjent,Martin Valjent,Mallorca,La Liga,277384,Martin Valjent,RCD Mallorca,3000000,3.0,2026-06-05,https://www.transfermarkt.co.uk/martin-valjent/profil/spieler/277384,high,1.0,1.0,provider_id_crosswalk,transfermarkt_dataset
1701,Manu Morlanes,Manuel Morlanes Ariño,Mallorca,La Liga,335225,Manu Morlanes,RCD Mallorca,2400000,2.4,2026-06-05,https://www.transfermarkt.co.uk/manu-morlanes/profil/spieler/335225,high,1.0,1.0,provider_id_crosswalk,transfermarkt_dataset
108519,Mateu Morey,Mateu Jaume Morey Bauzà,Mallorca,La Liga,388513,Mateu Morey,RCD Mallorca,1400000,1.4,2026-06-05,https://www.transfermarkt.co.uk/mateu-morey/profil/spieler/388513,high,1.0,1.0,provider_id_crosswalk,transfermarkt_dataset
414,Omar Mascarell,Omar Mascarell González,Mallorca,La Liga,142031,Omar Mascarell,RCD Mallorca,700000,0.7,2026-06-05,https://www.transfermarkt.co.uk/omar-mascarell/profil/spieler/142031,high,1.0,1.0,provider_id_crosswalk,transfermarkt_dataset
26302,Pablo Maffeo,Pablo Carmine Maffeo Becerra,Mallorca,La Liga,251876,Pablo Maffeo,RCD Mallorca,3000000,3.0,2026-06-05,https://www.transfermarkt.co.uk/pablo-maffeo/profil/spieler/251876,high,1.0,1.0,provider_id_crosswalk,transfermarkt_dataset
285909,Pablo Torre,Pablo Torre Carral,Mallorca,La Liga,720038,Pablo Torre,RCD Mallorca,5000000,5.0,2026-06-05,https://www.transfermarkt.co.uk/pablo-torre/profil/spieler/720038,high,1.0,1.0,provider_id_crosswalk,transfermarkt_dataset
46733,Raíllo,Antonio José Raíllo Arenas,Mallorca,La Liga,278296,Antonio Raíllo,RCD Mallorca,1000000,1.0,2026-06-05,https://www.transfermarkt.co.uk/antonio-raillo/profil/spieler/278296,high,1.0,1.0,provider_id_crosswalk,transfermarkt_dataset
190485,Samú Costa,Samuel de Almeida Costa,Mallorca,La Liga,657430,Samú Costa,RCD Mallorca,15000000,15.0,2026-06-05,https://www.transfermarkt.co.uk/samu-costa/profil/spieler/657430,high,1.0,1.0,provider_id_crosswalk,transfermarkt_dataset
25375,T. Asano,Takuma Asano,Mallorca,La Liga,245744,Takuma Asano,RCD Mallorca,1500000,1.5,2026-06-05,https://www.transfermarkt.co.uk/takuma-asano/profil/spieler/245744,high,1.0,1.0,provider_id_crosswalk,transfermarkt_dataset
920,Toni Lato,Antonio Latorre Grueso,Mallorca,La Liga,320271,Toni Lato,RCD Mallorca,1400000,1.4,2026-06-05,https://www.transfermarkt.co.uk/toni-lato/profil/spieler/320271,high,1.0,1.0,provider_id_crosswalk,transfermarkt_dataset
50048,V. Muriqi,Vedat Muriqi,Mallorca,La Liga,256267,Vedat Muriqi,RCD Mallorca,4500000,4.5,2026-06-05,https://www.transfermarkt.co.uk/vedat-muriqi/profil/spieler/256267,high,1.0,1.0,provider_id_crosswalk,transfermarkt_dataset
140831,Zito Luvumbo,Zito André Sebastião Luvumbo,Mallorca,La Liga,666547,Zito Luvumbo,RCD Mallorca,3000000,3.0,2026-06-05,https://www.transfermarkt.co.uk/zito-luvumbo/profil/spieler/666547,high,1.0,1.0,provider_id_crosswalk,transfermarkt_dataset
46746,A. Budimir,Ante Budimir,Osasuna,La Liga,46413,Ante Budimir,CA Osasuna,2800000,2.8,2026-06-05,https://www.transfermarkt.co.uk/ante-budimir/profil/spieler/46413,high,1.0,1.0,provider_id_crosswalk,transfermarkt_dataset
181259,Abel Bretones,Abel Bretones Cruz,Osasuna,La Liga,658115,Abel Bretones,CA Osasuna,3500000,3.5,2026-06-05,https://www.transfermarkt.co.uk/abel-bretones/profil/spieler/658115,high,1.0,1.0,provider_id_crosswalk,transfermarkt_dataset
67939,Aimar Oroz,Aimar Oroz Huarte,Osasuna,La Liga,634131,Aimar Oroz,CA Osasuna,7500000,7.5,2026-06-05,https://www.transfermarkt.co.uk/aimar-oroz/profil/spieler/634131,high,1.0,1.0,provider_id_crosswalk,transfermarkt_dataset
381197,Asier Osambela,Asier Osambela Larraya,Osasuna,La Liga,1038512,Asier Osambela,CA Osasuna,1000000,1.0,2026-06-05,https://www.transfermarkt.co.uk/asier-osambela/profil/spieler/1038512,high,1.0,1.0,provider_id_crosswalk,transfermarkt_dataset
47533,Catena,Alejandro Catena Marugán,Osasuna,La Liga,449796,Alejandro Catena,CA Osasuna,2600000,2.6,2026-06-05,https://www.transfermarkt.co.uk/alejandro-catena/profil/spieler/449796,high,1.0,1.0,provider_id_crosswalk,transfermarkt_dataset
279822,F. Boyomo,Flavien Enzo Thiedort Boyomo,Osasuna,La Liga,541555,Enzo Boyomo,CA Osasuna,15000000,15.0,2026-06-05,https://www.transfermarkt.co.uk/enzo-boyomo/profil/spieler/541555,high,1.0,1.0,provider_id_crosswalk,transfermarkt_dataset
182621,Iker Muñoz,Iker Muñoz Cameros,Osasuna,La Liga,710677,Iker Muñoz,CA Osasuna,2000000,2.0,2026-06-05,https://www.transfermarkt.co.uk/iker-munoz/profil/spieler/710677,high,1.0,1.0,provider_id_crosswalk,transfermarkt_dataset
47566,Javi Galán,Javier Galán Gil,Osasuna,La Liga,448628,Javi Galán,CA Osasuna,1800000,1.8,2026-06-05,https://www.transfermarkt.co.uk/javi-galan/profil/spieler/448628,high,1.0,1.0,provider_id_crosswalk,transfermarkt_dataset
182592,Jorge Herrando,Jorge Herrando Oroz,Osasuna,La Liga,555500,Jorge Herrando,CA Osasuna,3500000,3.5,2026-06-05,https://www.transfermarkt.co.uk/jorge-herrando/profil/spieler/555500,high,1.0,1.0,provider_id_crosswalk,transfermarkt_dataset
46967,Juan Cruz,Juan Cruz Álvaro Armada,Osasuna,La Liga,169497,Juan Cruz,CA Osasuna,1000000,1.0,2026-06-05,https://www.transfermarkt.co.uk/juan-cruz/profil/spieler/169497,high,1.0,1.0,provider_id_crosswalk,transfermarkt_dataset
46667,Kike Barja,Enrique Barja Alfonso,Osasuna,La Liga,298575,Kike Barja,CA Osasuna,1500000,1.5,2026-06-05,https://www.transfermarkt.co.uk/kike-barja/profil/spieler/298575,high,1.0,1.0,provider_id_crosswalk,transfermarkt_dataset
1825,Lucas Torró,Lucas Torró Marset,Osasuna,La Liga,213670,Lucas Torró,CA Osasuna,2500000,2.5,2026-06-05,https://www.transfermarkt.co.uk/lucas-torro/profil/spieler/213670,high,1.0,1.0,provider_id_crosswalk,transfermarkt_dataset
47574,Moi Gómez,Moisés Gómez Bordonado,Osasuna,La Liga,175449,Moi Gómez,CA Osasuna,1500000,1.5,2026-06-05,https://www.transfermarkt.co.uk/moi-gomez/profil/spieler/175449,high,1.0,1.0,provider_id_crosswalk,transfermarkt_dataset
46662,Moncayola,Jon Moncayola Tollar,Osasuna,La Liga,552425,Jon Moncayola,CA Osasuna,7000000,7.0,2026-06-05,https://www.transfermarkt.co.uk/jon-moncayola/profil/spieler/552425,high,1.0,1.0,provider_id_crosswalk,transfermarkt_dataset
264470,Raul Moro,Raul Moro Prescoli,Osasuna,La Liga,624942,Raúl Moro,CA Osasuna,3500000,3.5,2026-06-05,https://www.transfermarkt.co.uk/raul-moro/profil/spieler/624942,high,1.0,1.0,provider_id_crosswalk,transfermarkt_dataset
146751,Raúl García,Raúl García de Haro,Osasuna,La Liga,631002,Raúl García,CA Osasuna,3000000,3.0,2026-06-05,https://www.transfermarkt.co.uk/raul-garcia/profil/spieler/631002,high,1.0,1.0,provider_id_crosswalk,transfermarkt_dataset
46658,Rubén García,Rubén García Santos,Osasuna,La Liga,213260,Rubén García,CA Osasuna,1600000,1.6,2026-06-05,https://www.transfermarkt.co.uk/ruben-garcia/profil/spieler/213260,high,1.0,1.0,provider_id_crosswalk,transfermarkt_dataset
46646,Sergio Herrera,Sergio Herrera Pirón,Osasuna,La Liga,248738,Sergio Herrera,CA Osasuna,2800000,2.8,2026-06-05,https://www.transfermarkt.co.uk/sergio-herrera/profil/spieler/248738,high,1.0,1.0,provider_id_crosswalk,transfermarkt_dataset
21701,V. Rosier,Valentin André Henri Rosier,Osasuna,La Liga,441170,Valentin Rosier,CA Osasuna,3000000,3.0,2026-06-05,https://www.transfermarkt.co.uk/valentin-rosier/profil/spieler/441170,high,1.0,1.0,provider_id_crosswalk,transfermarkt_dataset
338751,Víctor Muñoz,Víctor Muñoz Villanueva,Osasuna,La Liga,935231,Víctor Muñoz,CA Osasuna,30000000,30.0,2026-06-05,https://www.transfermarkt.co.uk/victor-munoz/profil/spieler/935231,high,1.0,1.0,provider_id_crosswalk,transfermarkt_dataset
46673,Aarón Escandell,Aarón Escandell Banacloche,Oviedo,La Liga,284430,Aarón Escandell,Real Oviedo,3000000,3.0,2026-06-05,https://www.transfermarkt.co.uk/aaron-escandell/profil/spieler/284430,high,1.0,1.0,provider_id_crosswalk,transfermarkt_dataset
182486,Alberto Reina,Alberto Reina Campos,Oviedo,La Liga,603696,Alberto Reina,Real Oviedo,2000000,2.0,2026-06-05,https://www.transfermarkt.co.uk/alberto-reina/profil/spieler/603696,high,1.0,1.0,provider_id_crosswalk,transfermarkt_dataset
46966,Dani Calvo,Daniel Pedro Calvo San Román,Oviedo,La Liga,326416,Dani Calvo,Real Oviedo,900000,0.9,2026-06-05,https://www.transfermarkt.co.uk/dani-calvo/profil/spieler/326416,high,1.0,1.0,provider_id_crosswalk,transfermarkt_dataset
41970,David Carmo,David Mota Veiga Teixeira Carmo,Oviedo,La Liga,498237,David Carmo,Real Oviedo,5000000,5.0,2026-06-05,https://www.transfermarkt.co.uk/david-carmo/profil/spieler/498237,high,1.0,1.0,provider_id_crosswalk,transfermarkt_dataset
47429,David Costas,David Costas Cordal,Oviedo,La Liga,276111,David Costas,Real Oviedo,1200000,1.2,2026-06-05,https://www.transfermarkt.co.uk/david-costas/profil/spieler/276111,high,1.0,1.0,provider_id_crosswalk,transfermarkt_dataset
885,E. Bailly,Eric Bertrand Bailly,Oviedo,La Liga,286384,Eric Bailly,Real Oviedo,1200000,1.2,2026-06-05,https://www.transfermarkt.co.uk/eric-bailly/profil/spieler/286384,high,1.0,1.0,provider_id_crosswalk,transfermarkt_dataset
51530,F. Viñas,Federico Sebastián Viñas Barboza,Oviedo,La Liga,578419,Federico Viñas,Real Oviedo,4000000,4.0,2026-06-05,https://www.transfermarkt.co.uk/federico-vinas/profil/spieler/578419,high,1.0,1.0,provider_id_crosswalk,transfermarkt_dataset
20844,H. Hassan,Haissem Hassan,Oviedo,La Liga,620164,Haissem Hassan,Real Oviedo,3500000,3.5,2026-06-05,https://www.transfermarkt.co.uk/haissem-hassan/profil/spieler/620164,high,1.0,1.0,provider_id_crosswalk,transfermarkt_dataset
266202,I. Chaira,Ilyas Chaira,Oviedo,La Liga,593412,Ilyas Chaira,Real Oviedo,4000000,4.0,2026-06-05,https://www.transfermarkt.co.uk/ilyas-chaira/profil/spieler/593412,high,1.0,1.0,provider_id_crosswalk,transfermarkt_dataset
2762,J. Brekalo,Josip Brekalo,Oviedo,La Liga,293169,Josip Brekalo,Real Oviedo,2500000,2.5,2025-12-12,https://www.transfermarkt.co.uk/josip-brekalo/profil/spieler/293169,high,1.0,1.0,provider_id_crosswalk,transfermarkt_dataset
182636,Javi López,Javier López Carballo,Oviedo,La Liga,72310,Javi López,Adelaide United,200000,0.2,2023-04-05,https://www.transfermarkt.co.uk/javi-lopez/profil/spieler/72310,high,1.0,1.0,provider_id_crosswalk,transfermarkt_dataset
3608,K. Sibo,Kwasi Sibo,Oviedo,La Liga,538006,Kwasi Sibo,Real Oviedo,1400000,1.4,2026-06-05,https://www.transfermarkt.co.uk/kwasi-sibo/profil/spieler/538006,high,1.0,1.0,provider_id_crosswalk,transfermarkt_dataset
2922,L. Dendoncker,Leander Dendoncker,Oviedo,La Liga,168157,Leander Dendoncker,Real Oviedo,1800000,1.8,2026-06-05,https://www.transfermarkt.co.uk/leander-dendoncker/profil/spieler/168157,high,1.0,1.0,provider_id_crosswalk,transfermarkt_dataset
38699,L. Ilić,Luka Ilić,Oviedo,La Liga,429790,Luka Ilic,Real Oviedo,1400000,1.4,2026-06-05,https://www.transfermarkt.co.uk/luka-ilic/profil/spieler/429790,high,1.0,1.0,provider_id_crosswalk,transfermarkt_dataset
131548,Lucas Ahijado,Lucas Ahijado Quintana,Oviedo,La Liga,349884,Lucas Ahijado,Real Oviedo,600000,0.6,2026-06-05,https://www.transfermarkt.co.uk/lucas-ahijado/profil/spieler/349884,high,1.0,1.0,provider_id_crosswalk,transfermarkt_dataset
30690,N. Fonseca,Nicolás Fonseca,Oviedo,La Liga,462070,Nicolás Fonseca,Real Oviedo,3000000,3.0,2026-06-05,https://www.transfermarkt.co.uk/nicolas-fonseca/profil/spieler/462070,high,1.0,1.0,provider_id_crosswalk,transfermarkt_dataset
46657,Nacho Vidal,Ignacio Vidal Miralles,Oviedo,La Liga,216870,Nacho Vidal,Real Oviedo,1200000,1.2,2026-06-05,https://www.transfermarkt.co.uk/nacho-vidal/profil/spieler/216870,high,1.0,1.0,provider_id_crosswalk,transfermarkt_dataset
295223,R. Alhassane,Abdel Rahim Alhassane Bonkano,Oviedo,La Liga,929899,Rahim Alhassane,Real Oviedo,1500000,1.5,2026-06-05,https://www.transfermarkt.co.uk/rahim-alhassane/profil/spieler/929899,high,1.0,1.0,provider_id_crosswalk,transfermarkt_dataset
30927,S. Colombatto,Santiago Colombatto,Oviedo,La Liga,395122,Santiago Colombatto,Real Oviedo,2500000,2.5,2026-06-05,https://www.transfermarkt.co.uk/santiago-colombatto/profil/spieler/395122,high,1.0,1.0,provider_id_crosswalk,transfermarkt_dataset
2461,S. Rondón,José Salomón Rondón Giménez,Oviedo,La Liga,80197,Salomón Rondón,CF Pachuca,350000,0.35,2026-05-20,https://www.transfermarkt.co.uk/salomon-rondon/profil/spieler/80197,high,1.0,1.0,provider_id_crosswalk,transfermarkt_dataset
1695,Santi Cazorla,Santiago Cazorla González,Oviedo,La Liga,15799,Santi Cazorla,Real Oviedo,200000,0.2,2026-06-05,https://www.transfermarkt.co.uk/santi-cazorla/profil/spieler/15799,high,1.0,1.0,provider_id_crosswalk,transfermarkt_dataset
362750,T. Fernández,Thiago Cruz Fernández,Oviedo,La Liga,1127730,Thiago Fernández,Real Oviedo,4500000,4.5,2026-06-05,https://www.transfermarkt.co.uk/thiago-fernandez/profil/spieler/1127730,high,1.0,1.0,provider_id_crosswalk,transfermarkt_dataset
184194,Álex Forés,Álex Forés Mendoza,Oviedo,La Liga,709380,Álex Forés,Real Oviedo,700000,0.7,2026-06-05,https://www.transfermarkt.co.uk/alex-fores/profil/spieler/709380,high,0.9735,0.3636,name_club_age,transfermarkt_dataset
11379,A. Batalla,Augusto Martín Batalla Barga,Rayo Vallecano,La Liga,275218,Augusto Batalla,Rayo Vallecano,6000000,6.0,2026-06-05,https://www.transfermarkt.co.uk/augusto-batalla/profil/spieler/275218,high,1.0,1.0,provider_id_crosswalk,transfermarkt_dataset
46759,A. Espino,Luis Alfonso Espino García,Rayo Vallecano,La Liga,311044,Alfonso Espino,Rayo Vallecano,900000,0.9,2026-06-05,https://www.transfermarkt.co.uk/alfonso-espino/profil/spieler/311044,high,1.0,1.0,provider_id_crosswalk,transfermarkt_dataset
1703,A. Rațiu,Andrei Florin Rațiu,Rayo Vallecano,La Liga,527966,Andrei Rațiu,Rayo Vallecano,18000000,18.0,2026-06-05,https://www.transfermarkt.co.uk/andrei-ratiu/profil/spieler/527966,high,1.0,1.0,provider_id_crosswalk,transfermarkt_dataset
91745,Alemão,Alexandre Zurawski,Rayo Vallecano,La Liga,560417,Alemão,CF Pachuca,4000000,4.0,2026-06-05,https://www.transfermarkt.co.uk/alemao/profil/spieler/560417,high,1.0,1.0,provider_id_crosswalk,transfermarkt_dataset
324750,Carlos Martín,Carlos Martín Domínguez,Rayo Vallecano,La Liga,618813,Carlos Martín,Rayo Vallecano,1500000,1.5,2026-06-05,https://www.transfermarkt.co.uk/carlos-martin/profil/spieler/618813,high,1.0,1.0,provider_id_crosswalk,transfermarkt_dataset
156488,Dani Cárdenas,Daniel Cárdenas Lindez,Rayo Vallecano,La Liga,397676,Dani Cárdenas,Rayo Vallecano,1800000,1.8,2026-06-05,https://www.transfermarkt.co.uk/dani-cardenas/profil/spieler/397676,high,1.0,1.0,provider_id_crosswalk,transfermarkt_dataset
18895,F. Lejeune,Florian Grégoire Claude Lejeune,Rayo Vallecano,La Liga,127108,Florian Lejeune,Rayo Vallecano,1800000,1.8,2026-06-05,https://www.transfermarkt.co.uk/florian-lejeune/profil/spieler/127108,high,1.0,1.0,provider_id_crosswalk,transfermarkt_dataset
162931,Fran Pérez,Francisco Pérez Martínez,Rayo Vallecano,La Liga,622988,Fran Pérez,Rayo Vallecano,2500000,2.5,2026-06-05,https://www.transfermarkt.co.uk/fran-perez/profil/spieler/622988,high,1.0,1.0,provider_id_crosswalk,transfermarkt_dataset
47414,Gumbau,Gerard Gumbau Garriga,Rayo Vallecano,La Liga,268670,Gerard Gumbau,Rayo Vallecano,1200000,1.2,2026-06-05,https://www.transfermarkt.co.uk/gerard-gumbau/profil/spieler/268670,high,1.0,1.0,provider_id_crosswalk,transfermarkt_dataset
20520,I. Balliu,Iván Balliu Campeny,Rayo Vallecano,La Liga,85295,Iván Balliu,Rayo Vallecano,1000000,1.0,2026-06-05,https://www.transfermarkt.co.uk/ivan-balliu/profil/spieler/85295,high,1.0,1.0,provider_id_crosswalk,transfermarkt_dataset
290740,Ilias Akhomach,Ilias Akhomach Chakkour,Rayo Vallecano,La Liga,709969,Ilias Akhomach,Villarreal CF,12000000,12.0,2026-06-05,https://www.transfermarkt.co.uk/ilias-akhomach/profil/spieler/709969,high,1.0,1.0,provider_id_crosswalk,transfermarkt_dataset
131546,Isi Palazón,Isaac Palazón Camacho,Rayo Vallecano,La Liga,362086,Isi Palazón,Rayo Vallecano,2800000,2.8,2026-06-05,https://www.transfermarkt.co.uk/isi-palazon/profil/spieler/362086,high,1.0,1.0,provider_id_crosswalk,transfermarkt_dataset
314006,J. Vertrouwd,Jozhua Vertrouwd,Rayo Vallecano,La Liga,765467,Jozhua Vertrouwd,Rayo Vallecano,2000000,2.0,2026-06-05,https://www.transfermarkt.co.uk/jozhua-vertrouwd/profil/spieler/765467,high,1.0,1.0,provider_id_crosswalk,transfermarkt_dataset
128582,Jorge de Frutos,Jorge de Frutos Sebastián,Rayo Vallecano,La Liga,455181,Jorge de Frutos,Rayo Vallecano,12000000,12.0,2026-06-05,https://www.transfermarkt.co.uk/jorge-de-frutos/profil/spieler/455181,high,1.0,1.0,provider_id_crosswalk,transfermarkt_dataset
1847,Luiz Felipe,Luiz Felipe Ramos Marchi,Rayo Vallecano,La Liga,457931,Luiz Felipe,Rayo Vallecano,2000000,2.0,2026-06-05,https://www.transfermarkt.co.uk/luiz-felipe/profil/spieler/457931,high,1.0,1.0,provider_id_crosswalk,transfermarkt_dataset
358431,N. Mendy,Nobel Mendy,Rayo Vallecano,La Liga,1034853,Nobel Mendy,Rayo Vallecano,7500000,7.5,2026-06-05,https://www.transfermarkt.co.uk/nobel-mendy/profil/spieler/1034853,high,1.0,1.0,provider_id_crosswalk,transfermarkt_dataset
41552,P. Ciss,Pathé Ismaël Ciss,Rayo Vallecano,La Liga,525578,Pathé Ciss,Rayo Vallecano,1800000,1.8,2026-06-05,https://www.transfermarkt.co.uk/pathe-ciss/profil/spieler/525578,high,1.0,1.0,provider_id_crosswalk,transfermarkt_dataset
46887,Pedro Díaz,Pedro Díaz Fanjul,Rayo Vallecano,La Liga,363057,Pedro Díaz,Rayo Vallecano,3000000,3.0,2026-06-05,https://www.transfermarkt.co.uk/pedro-diaz/profil/spieler/363057,high,1.0,1.0,provider_id_crosswalk,transfermarkt_dataset
181734,Pep Chavarría,Josep María Chavarría Pérez,Rayo Vallecano,La Liga,596122,Pep Chavarría,Rayo Vallecano,10000000,10.0,2026-06-05,https://www.transfermarkt.co.uk/pep-chavarria/profil/spieler/596122,high,1.0,1.0,provider_id_crosswalk,transfermarkt_dataset
122657,R. Nteka,Randy Nteka,Rayo Vallecano,La Liga,560483,Randy Nteka,Rayo Vallecano,1000000,1.0,2026-06-05,https://www.transfermarkt.co.uk/randy-nteka/profil/spieler/560483,high,1.0,1.0,name_club_age,transfermarkt_dataset
52,Sergio Camello,Sergio Camello Pérez,Rayo Vallecano,La Liga,505674,Sergio Camello,Rayo Vallecano,3000000,3.0,2026-06-05,https://www.transfermarkt.co.uk/sergio-camello/profil/spieler/505674,high,1.0,1.0,provider_id_crosswalk,transfermarkt_dataset
47285,Unai López,Unai López Cabrera,Rayo Vallecano,La Liga,192009,Unai López,Rayo Vallecano,2500000,2.5,2026-06-05,https://www.transfermarkt.co.uk/unai-lopez/profil/spieler/192009,high,1.0,1.0,provider_id_crosswalk,transfermarkt_dataset
47543,Álvaro García,Álvaro García Rivera,Rayo Vallecano,La Liga,257062,Álvaro García,Rayo Vallecano,1500000,1.5,2026-06-05,https://www.transfermarkt.co.uk/alvaro-garcia/profil/spieler/257062,high,1.0,1.0,provider_id_crosswalk,transfermarkt_dataset
47109,Óscar Valentín,Óscar Valentín Martín Luengo,Rayo Vallecano,La Liga,517753,Óscar Valentín,Rayo Vallecano,2000000,2.0,2026-06-05,https://www.transfermarkt.co.uk/oscar-valentin/profil/spieler/517753,high,1.0,1.0,provider_id_crosswalk,transfermarkt_dataset
181421,A. Ezzalzouli,Abdessamad Ezzalzouli,Real Betis,La Liga,724520,Abde Ezzalzouli,Real Betis Balompié,40000000,40.0,2026-06-05,https://www.transfermarkt.co.uk/abde-ezzalzouli/profil/spieler/724520,high,1.0,1.0,provider_id_crosswalk,transfermarkt_dataset
47119,Aitor Ruibal,Aitor Ruibal García,Real Betis,La Liga,378139,Aitor Ruibal,Real Betis Balompié,4000000,4.0,2026-06-05,https://www.transfermarkt.co.uk/aitor-ruibal/profil/spieler/378139,high,1.0,1.0,provider_id_crosswalk,transfermarkt_dataset
9971,Antony,Antony Matheus dos Santos,Real Betis,La Liga,602105,Antony,Real Betis Balompié,40000000,40.0,2026-06-05,https://www.transfermarkt.co.uk/antony/profil/spieler/602105,high,1.0,1.0,provider_id_crosswalk,transfermarkt_dataset
3033,C. Bakambu,Cédric Bakambu,Real Betis,La Liga,127048,Cédric Bakambu,Real Betis Balompié,1200000,1.2,2026-06-05,https://www.transfermarkt.co.uk/cedric-bakambu/profil/spieler/127048,high,1.0,1.0,provider_id_crosswalk,transfermarkt_dataset
47582,C. Hernández,Juan Camilo Hernández Suárez,Real Betis,La Liga,459463,Cucho Hernández,Real Betis Balompié,18000000,18.0,2026-06-05,https://www.transfermarkt.co.uk/cucho-hernandez/profil/spieler/459463,high,1.0,1.0,provider_id_crosswalk,transfermarkt_dataset
47302,Diego Llorente,Diego Javier Llorente Ríos,Real Betis,La Liga,246291,Diego Llorente,Real Betis Balompié,2500000,2.5,2026-06-05,https://www.transfermarkt.co.uk/diego-llorente/profil/spieler/246291,high,1.0,1.0,provider_id_crosswalk,transfermarkt_dataset
47579,E. Ávila,Luis Ezequiel Ávila,Real Betis,La Liga,167721,Chimy Ávila,Real Betis Balompié,1200000,1.2,2026-06-05,https://www.transfermarkt.co.uk/chimy-avila/profil/spieler/167721,high,1.0,1.0,provider_id_crosswalk,transfermarkt_dataset
1578,G. Lo Celso,Giovani Lo Celso,Real Betis,La Liga,348795,Giovani Lo Celso,Real Betis Balompié,8000000,8.0,2026-06-05,https://www.transfermarkt.co.uk/giovani-lo-celso/profil/spieler/348795,high,1.0,1.0,provider_id_crosswalk,transfermarkt_dataset
1439,Héctor Bellerín,Héctor Bellerín Moruno,Real Betis,La Liga,191217,Héctor Bellerín,Real Betis Balompié,2400000,2.4,2026-06-05,https://www.transfermarkt.co.uk/hector-bellerin/profil/spieler/191217,high,1.0,1.0,provider_id_crosswalk,transfermarkt_dataset
1564,Junior Firpo,Héctor Junior Firpo Adames,Real Betis,La Liga,374139,Junior Firpo,Real Betis Balompié,3500000,3.5,2026-06-05,https://www.transfermarkt.co.uk/junior-firpo/profil/spieler/374139,high,1.0,1.0,provider_id_crosswalk,transfermarkt_dataset
1561,Marc Bartra,Marc Bartra Aregall,Real Betis,La Liga,99922,Marc Bartra,Real Betis Balompié,900000,0.9,2026-06-05,https://www.transfermarkt.co.uk/marc-bartra/profil/spieler/99922,high,1.0,1.0,provider_id_crosswalk,transfermarkt_dataset
47341,Marc Roca,Marc Roca Junqué,Real Betis,La Liga,336869,Marc Roca,Real Betis Balompié,4000000,4.0,2026-06-05,https://www.transfermarkt.co.uk/marc-roca/profil/spieler/336869,high,1.0,1.0,provider_id_crosswalk,transfermarkt_dataset
300885,N. Deossa,Nelson Alexander Deossa Suárez,Real Betis,La Liga,907559,Nelson Deossa,Real Betis Balompié,9000000,9.0,2026-06-05,https://www.transfermarkt.co.uk/nelson-deossa/profil/spieler/907559,high,1.0,1.0,provider_id_crosswalk,transfermarkt_dataset
195100,Natan,Natan Bernardo de Souza,Real Betis,La Liga,735568,Natan,Real Betis Balompié,25000000,25.0,2026-06-05,https://www.transfermarkt.co.uk/natan/profil/spieler/735568,high,1.0,1.0,provider_id_crosswalk,transfermarkt_dataset
1697,Pablo Fornals,Pablo Fornals Malla,Real Betis,La Liga,357885,Pablo Fornals,Real Betis Balompié,8000000,8.0,2026-06-05,https://www.transfermarkt.co.uk/pablo-fornals/profil/spieler/357885,high,1.0,1.0,provider_id_crosswalk,transfermarkt_dataset
443163,Pablo García,Pablo García Fernández,Real Betis,La Liga,961087,Pablo García,Real Betis Balompié,8000000,8.0,2026-06-05,https://www.transfermarkt.co.uk/pablo-garcia/profil/spieler/961087,high,1.0,0.2343,name_club_age,transfermarkt_dataset
1557,Pau López,Pau López Sabata,Real Betis,La Liga,286415,Pau López,Real Betis Balompié,2500000,2.5,2026-06-05,https://www.transfermarkt.co.uk/pau-lopez/profil/spieler/286415,high,1.0,1.0,provider_id_crosswalk,transfermarkt_dataset
1631,R. Rodríguez,Ricardo Iván Rodríguez Araya,Real Betis,La Liga,86784,Ricardo Rodríguez,Real Betis Balompié,1400000,1.4,2026-06-05,https://www.transfermarkt.co.uk/ricardo-rodriguez/profil/spieler/86784,high,1.0,1.0,provider_id_crosswalk,transfermarkt_dataset
136117,Rodrigo Riquelme,Rodrigo Riquelme Reche,Real Betis,La Liga,461617,Rodrigo Riquelme,Real Betis Balompié,4000000,4.0,2026-06-05,https://www.transfermarkt.co.uk/rodrigo-riquelme/profil/spieler/461617,high,1.0,1.0,provider_id_crosswalk,transfermarkt_dataset
74,S. Amrabat,Sofyan Amrabat,Real Betis,La Liga,287579,Sofyan Amrabat,Fenerbahce,10000000,10.0,2026-06-05,https://www.transfermarkt.co.uk/sofyan-amrabat/profil/spieler/287579,high,1.0,1.0,provider_id_crosswalk,transfermarkt_dataset
286084,Sergi Altimira,Sergi Altimira Clavell,Real Betis,La Liga,466801,Sergi Altimira,Real Betis Balompié,20000000,20.0,2026-06-05,https://www.transfermarkt.co.uk/sergi-altimira/profil/spieler/466801,high,1.0,1.0,provider_id_crosswalk,transfermarkt_dataset
355004,V. Gómez,Diego Valentín Gómez,Real Betis,La Liga,985383,Valentín Gómez,Real Betis Balompié,12000000,12.0,2026-06-05,https://www.transfermarkt.co.uk/valentin-gomez/profil/spieler/985383,high,1.0,1.0,provider_id_crosswalk,transfermarkt_dataset
750,Álvaro Fidalgo,Álvaro Fidalgo Fernández,Real Betis,La Liga,261503,Álvaro Fidalgo,CF América,6000000,6.0,2026-06-05,https://www.transfermarkt.co.uk/alvaro-fidalgo/profil/spieler/261503,high,1.0,1.0,provider_id_crosswalk,transfermarkt_dataset
46990,Álvaro Vallés,Álvaro Vallés Rosa,Real Betis,La Liga,417913,Álvaro Valles,Real Betis Balompié,7000000,7.0,2026-06-05,https://www.transfermarkt.co.uk/alvaro-valles/profil/spieler/417913,high,1.0,1.0,provider_id_crosswalk,transfermarkt_dataset
334574,Ángel Ortiz,Ángel Ortiz Monterrey,Real Betis,La Liga,933908,Ángel Ortiz,Real Betis Balompié,4000000,4.0,2026-06-05,https://www.transfermarkt.co.uk/angel-ortiz/profil/spieler/933908,high,1.0,1.0,provider_id_crosswalk,transfermarkt_dataset
291964,A. Güler,Arda Güler,Real Madrid,La Liga,861410,Arda Güler,Real Madrid,90000000,90.0,2026-06-05,https://www.transfermarkt.co.uk/arda-guler/profil/spieler/861410,high,1.0,1.0,provider_id_crosswalk,transfermarkt_dataset
47400,A. Lunin,Andriy Lunin,Real Madrid,La Liga,404839,Andriy Lunin,Real Madrid,12000000,12.0,2026-06-05,https://www.transfermarkt.co.uk/andriy-lunin/profil/spieler/404839,high,1.0,1.0,provider_id_crosswalk,transfermarkt_dataset
2285,A. Rüdiger,Antonio Rüdiger,Real Madrid,La Liga,86202,Antonio Rüdiger,Real Madrid,6000000,6.0,2026-06-05,https://www.transfermarkt.co.uk/antonio-rudiger/profil/spieler/86202,high,1.0,1.0,provider_id_crosswalk,transfermarkt_dataset
1271,A. Tchouaméni,Aurélien Djani Tchouaméni,Real Madrid,La Liga,413112,Aurélien Tchouaméni,Real Madrid,70000000,70.0,2026-06-05,https://www.transfermarkt.co.uk/aurelien-tchouameni/profil/spieler/413112,high,1.0,1.0,provider_id_crosswalk,transfermarkt_dataset
744,Brahim Díaz,Brahim Abdelkader Díaz,Real Madrid,La Liga,314678,Brahim Díaz,Real Madrid,35000000,35.0,2026-06-05,https://www.transfermarkt.co.uk/brahim-diaz/profil/spieler/314678,high,1.0,1.0,provider_id_crosswalk,transfermarkt_dataset
505,D. Alaba,David Olatukunbo Alaba,Real Madrid,La Liga,59016,David Alaba,Real Madrid,3000000,3.0,2026-06-05,https://www.transfermarkt.co.uk/david-alaba/profil/spieler/59016,high,1.0,1.0,provider_id_crosswalk,transfermarkt_dataset
361497,D. Huijsen,Dean Donny Huijsen,Real Madrid,La Liga,890290,Dean Huijsen,Real Madrid,60000000,60.0,2026-06-05,https://www.transfermarkt.co.uk/dean-huijsen/profil/spieler/890290,high,1.0,1.0,provider_id_crosswalk,transfermarkt_dataset
733,Dani Carvajal,Daniel Carvajal Ramos,Real Madrid,La Liga,138927,Daniel Carvajal,Real Madrid,4000000,4.0,2026-06-05,https://www.transfermarkt.co.uk/daniel-carvajal/profil/spieler/138927,high,1.0,1.0,provider_id_crosswalk,transfermarkt_dataset
748,Dani Ceballos,Daniel Ceballos Fernández,Real Madrid,La Liga,319745,Dani Ceballos,Real Madrid,7000000,7.0,2026-06-05,https://www.transfermarkt.co.uk/dani-ceballos/profil/spieler/319745,medium,0.82,0.139,name_club_age,transfermarkt_dataset
2207,E. Camavinga,Eduardo Celmi Camavinga,Real Madrid,La Liga,640428,Eduardo Camavinga,Real Madrid,50000000,50.0,2026-06-05,https://www.transfermarkt.co.uk/eduardo-camavinga/profil/spieler/640428,high,1.0,1.0,provider_id_crosswalk,transfermarkt_dataset
756,F. Valverde,Federico Santiago Valverde Dipetta,Real Madrid,La Liga,369081,Federico Valverde,Real Madrid,90000000,90.0,2026-06-05,https://www.transfermarkt.co.uk/federico-valverde/profil/spieler/369081,high,1.0,1.0,provider_id_crosswalk,transfermarkt_dataset
736,Fran García,Francisco José García Torres,Real Madrid,La Liga,341264,Fran García,Real Madrid,10000000,10.0,2026-06-05,https://www.transfermarkt.co.uk/fran-garcia/profil/spieler/341264,high,1.0,1.0,provider_id_crosswalk,transfermarkt_dataset
449249,Franco Mastantuono,Franco Mastantuono,Real Madrid,La Liga,1057316,Franco Mastantuono,Real Madrid,45000000,45.0,2026-06-05,https://www.transfermarkt.co.uk/franco-mastantuono/profil/spieler/1057316,high,1.0,1.0,provider_id_crosswalk,transfermarkt_dataset
336711,Gonzalo García,Gonzalo García Torres,Real Madrid,La Liga,935230,Gonzalo García,Real Madrid,30000000,30.0,2026-06-05,https://www.transfermarkt.co.uk/gonzalo-garcia/profil/spieler/935230,high,1.0,1.0,provider_id_crosswalk,transfermarkt_dataset
129718,J. Bellingham,Jude Victor William Bellingham,Real Madrid,La Liga,581678,Jude Bellingham,Real Madrid,130000000,130.0,2026-06-05,https://www.transfermarkt.co.uk/jude-bellingham/profil/spieler/581678,high,1.0,1.0,provider_id_crosswalk,transfermarkt_dataset
278,Kylian Mbappé,Kylian Mbappé Lottin,Real Madrid,La Liga,342229,Kylian Mbappé,Real Madrid,180000000,180.0,2026-06-05,https://www.transfermarkt.co.uk/kylian-mbappe/profil/spieler/342229,high,1.0,1.0,provider_id_crosswalk,transfermarkt_dataset
341640,Raúl Asencio,Raúl Asencio del Rosario,Real Madrid,La Liga,935245,Raúl Asencio,Real Madrid,20000000,20.0,2026-06-05,https://www.transfermarkt.co.uk/raul-asencio/profil/spieler/935245,high,1.0,1.0,provider_id_crosswalk,transfermarkt_dataset
10009,Rodrygo,Rodrygo Silva de Goes,Real Madrid,La Liga,412363,Rodrygo,Real Madrid,45000000,45.0,2026-06-05,https://www.transfermarkt.co.uk/rodrygo/profil/spieler/412363,high,1.0,1.0,provider_id_crosswalk,transfermarkt_dataset
283,T. Alexander-Arnold,Trent John Alexander-Arnold,Real Madrid,La Liga,314353,Trent Alexander-Arnold,Real Madrid,60000000,60.0,2026-06-05,https://www.transfermarkt.co.uk/trent-alexander-arnold/profil/spieler/314353,high,1.0,1.0,provider_id_crosswalk,transfermarkt_dataset
730,T. Courtois,Thibaut Nicolas Marc Courtois,Real Madrid,La Liga,108390,Thibaut Courtois,Real Madrid,15000000,15.0,2026-06-05,https://www.transfermarkt.co.uk/thibaut-courtois/profil/spieler/108390,high,1.0,1.0,provider_id_crosswalk,transfermarkt_dataset
509470,Thiago Pitarch,Thiago Pitarch Pinar,Real Madrid,La Liga,1375227,Thiago Pitarch,Real Madrid,20000000,20.0,2026-06-05,https://www.transfermarkt.co.uk/thiago-pitarch/profil/spieler/1375227,high,1.0,1.0,provider_id_crosswalk,transfermarkt_dataset
762,Vinícius Júnior,Vinícius José Paixão de Oliveira Júnior,Real Madrid,La Liga,371998,Vinicius Junior,Real Madrid,140000000,140.0,2026-06-05,https://www.transfermarkt.co.uk/vinicius-junior/profil/spieler/371998,high,1.0,1.0,provider_id_crosswalk,transfermarkt_dataset
284300,Álvaro Fernández,Álvaro Fernández Carreras,Real Madrid,La Liga,811778,Álvaro Carreras,Real Madrid,50000000,50.0,2026-06-05,https://www.transfermarkt.co.uk/alvaro-carreras/profil/spieler/811778,high,1.0,1.0,provider_id_crosswalk,transfermarkt_dataset
372,Éder Militão,Éder Gabriel Militão,Real Madrid,La Liga,401530,Éder Militão,Real Madrid,20000000,20.0,2026-06-05,https://www.transfermarkt.co.uk/eder-militao/profil/spieler/401530,high,1.0,1.0,provider_id_crosswalk,transfermarkt_dataset
268960,A. Zakharyan,Arsen Zakharyan,Real Sociedad,La Liga,555143,Arsen Zakharyan,Real Sociedad,9000000,9.0,2026-06-05,https://www.transfermarkt.co.uk/arsen-zakharyan/profil/spieler/555143,high,1.0,1.0,provider_id_crosswalk,transfermarkt_dataset
47303,Aihen Muñoz,Aihen Muñoz Capellán,Real Sociedad,La Liga,517842,Aihen Muñoz,Real Sociedad,2500000,2.5,2026-06-05,https://www.transfermarkt.co.uk/aihen-munoz/profil/spieler/517842,high,1.0,1.0,provider_id_crosswalk,transfermarkt_dataset
47317,Barrenetxea,Ander Barrenetxea Muguruza,Real Sociedad,La Liga,616369,Ander Barrenetxea,Real Sociedad,18000000,18.0,2026-06-05,https://www.transfermarkt.co.uk/ander-barrenetxea/profil/spieler/616369,high,1.0,1.0,provider_id_crosswalk,transfermarkt_dataset
183744,Beñat Turrientes,Beñat Turrientes Imaz,Real Sociedad,La Liga,634431,Beñat Turrientes,Real Sociedad,10000000,10.0,2026-06-05,https://www.transfermarkt.co.uk/benat-turrientes/profil/spieler/634431,high,1.0,1.0,provider_id_crosswalk,transfermarkt_dataset
47440,Brais Méndez,Brais Méndez Portela,Real Sociedad,La Liga,309110,Brais Méndez,Real Sociedad,8000000,8.0,2026-06-05,https://www.transfermarkt.co.uk/brais-mendez/profil/spieler/309110,high,1.0,1.0,provider_id_crosswalk,transfermarkt_dataset
930,Carlos Soler,Carlos Soler Barragán,Real Sociedad,La Liga,372246,Carlos Soler,Real Sociedad,7000000,7.0,2026-06-05,https://www.transfermarkt.co.uk/carlos-soler/profil/spieler/372246,high,1.0,1.0,provider_id_crosswalk,transfermarkt_dataset
1902,D. Ćaleta-Car,Duje Ćaleta-Car,Real Sociedad,La Liga,238266,Duje Caleta-Car,Real Sociedad,2800000,2.8,2026-06-05,https://www.transfermarkt.co.uk/duje-caleta-car/profil/spieler/238266,high,1.0,1.0,provider_id_crosswalk,transfermarkt_dataset
47298,Elustondo,Aritz Elustondo Irribaria,Real Sociedad,La Liga,229804,Aritz Elustondo,Real Sociedad,1500000,1.5,2026-06-05,https://www.transfermarkt.co.uk/aritz-elustondo/profil/spieler/229804,high,1.0,1.0,provider_id_crosswalk,transfermarkt_dataset
925,Gonçalo Guedes,Gonçalo Manuel Ganchinho Guedes,Real Sociedad,La Liga,225122,Gonçalo Guedes,Real Sociedad,6000000,6.0,2026-06-05,https://www.transfermarkt.co.uk/goncalo-guedes/profil/spieler/225122,high,1.0,1.0,provider_id_crosswalk,transfermarkt_dataset
199044,J. Aramburu,Jon Mikel Aramburu Mejías,Real Sociedad,La Liga,661145,Jon Aramburu,Real Sociedad,15000000,15.0,2026-06-05,https://www.transfermarkt.co.uk/jon-aramburu/profil/spieler/661145,high,1.0,1.0,provider_id_crosswalk,transfermarkt_dataset
287654,Jon Gorrotxategi,Jon Gorrotxategi Etxaniz,Real Sociedad,La Liga,711374,Jon Gorrotxategi,Real Sociedad,25000000,25.0,2026-06-05,https://www.transfermarkt.co.uk/jon-gorrotxategi/profil/spieler/711374,high,1.0,1.0,provider_id_crosswalk,transfermarkt_dataset
405073,Jon Martín,Jon Martín Vicente,Real Sociedad,La Liga,1018938,Jon Martín,Real Sociedad,25000000,25.0,2026-06-05,https://www.transfermarkt.co.uk/jon-martin/profil/spieler/1018938,high,1.0,1.0,provider_id_crosswalk,transfermarkt_dataset
7332,L. Sučić,Luka Sučić,Real Sociedad,La Liga,502722,Luka Sucic,Real Sociedad,10000000,10.0,2026-06-05,https://www.transfermarkt.co.uk/luka-sucic/profil/spieler/502722,high,1.0,1.0,provider_id_crosswalk,transfermarkt_dataset
47323,Mikel Oyarzabal,Mikel Oyarzabal Ugarte,Real Sociedad,La Liga,351478,Mikel Oyarzabal,Real Sociedad,25000000,25.0,2026-06-05,https://www.transfermarkt.co.uk/mikel-oyarzabal/profil/spieler/351478,high,1.0,1.0,provider_id_crosswalk,transfermarkt_dataset
61774,O. Óskarsson,Orri Steinn Óskarsson,Real Sociedad,La Liga,660438,Orri Óskarsson,Real Sociedad,20000000,20.0,2026-06-05,https://www.transfermarkt.co.uk/orri-oskarsson/profil/spieler/660438,high,1.0,1.0,provider_id_crosswalk,transfermarkt_dataset
290106,Pablo Marín,Pablo Marín Tejada,Real Sociedad,La Liga,907813,Pablo Marín,Real Sociedad,7000000,7.0,2026-06-05,https://www.transfermarkt.co.uk/pablo-marin/profil/spieler/907813,high,1.0,1.0,provider_id_crosswalk,transfermarkt_dataset
23,Sergio Gómez,Sergio Gómez Martín,Real Sociedad,La Liga,366930,Sergio Gómez,Real Sociedad,15000000,15.0,2026-06-05,https://www.transfermarkt.co.uk/sergio-gomez/profil/spieler/366930,high,1.0,1.0,provider_id_crosswalk,transfermarkt_dataset
32862,T. Kubo,Takefusa Kubo,Real Sociedad,La Liga,405398,Takefusa Kubo,Real Sociedad,20000000,20.0,2026-06-05,https://www.transfermarkt.co.uk/takefusa-kubo/profil/spieler/405398,high,1.0,1.0,provider_id_crosswalk,transfermarkt_dataset
2449,Y. Herrera,Yangel Clemente Herrera Ravelo,Real Sociedad,La Liga,378293,Yangel Herrera,Girona FC,6000000,6.0,2026-06-05,https://www.transfermarkt.co.uk/yangel-herrera/profil/spieler/378293,high,1.0,1.0,provider_id_crosswalk,transfermarkt_dataset
47314,Zubeldia,Igor Zubeldia Elorza,Real Sociedad,La Liga,355628,Igor Zubeldia,Real Sociedad,6000000,6.0,2026-06-05,https://www.transfermarkt.co.uk/igor-zubeldia/profil/spieler/355628,high,1.0,1.0,provider_id_crosswalk,transfermarkt_dataset
47269,Álex Remiro,Alejandro Remiro Gargallo,Real Sociedad,La Liga,212862,Álex Remiro,Real Sociedad,9000000,9.0,2026-06-05,https://www.transfermarkt.co.uk/alex-remiro/profil/spieler/212862,high,1.0,1.0,provider_id_crosswalk,transfermarkt_dataset
57446,A. Adams,Akor Jerome Adams,Sevilla,La Liga,607034,Akor Adams,Sevilla FC,15000000,15.0,2026-06-05,https://www.transfermarkt.co.uk/akor-adams/profil/spieler/607034,high,1.0,1.0,provider_id_crosswalk,transfermarkt_dataset
2924,A. Januzaj,Adnan Januzaj,Sevilla,La Liga,177847,Adnan Januzaj,Sevilla FC,1000000,1.0,2026-06-05,https://www.transfermarkt.co.uk/adnan-januzaj/profil/spieler/177847,high,1.0,1.0,provider_id_crosswalk,transfermarkt_dataset
910,A. Sánchez,Alexis Alejandro Sánchez Sánchez,Sevilla,La Liga,40433,Alexis Sánchez,Sevilla FC,1200000,1.2,2026-06-05,https://www.transfermarkt.co.uk/alexis-sanchez/profil/spieler/40433,high,1.0,1.0,provider_id_crosswalk,transfermarkt_dataset
119213,Alfon González,Alfonso González Martínez,Sevilla,La Liga,357628,Alfon González,Villarreal CF,3000000,3.0,2026-06-05,https://www.transfermarkt.co.uk/alfon-gonzalez/profil/spieler/357628,high,1.0,1.0,provider_id_crosswalk,transfermarkt_dataset
338902,Andrés Castrín,Andrés López Gallo,Sevilla,La Liga,719999,Andrés Castrín,Sevilla FC,6000000,6.0,2026-06-05,https://www.transfermarkt.co.uk/andres-castrin/profil/spieler/719999,medium,0.8841,0.2691,name_club_age,transfermarkt_dataset
21087,B. Mendy,Batista Adélino Mendy,Sevilla,La Liga,395234,Batista Mendy,Sevilla FC,7500000,7.5,2026-06-05,https://www.transfermarkt.co.uk/batista-mendy/profil/spieler/395234,high,1.0,1.0,provider_id_crosswalk,transfermarkt_dataset
39121,C. Ejuke,Chidera Ejuke,Sevilla,La Liga,500067,Chidera Ejuke,Sevilla FC,4000000,4.0,2026-06-05,https://www.transfermarkt.co.uk/chidera-ejuke/profil/spieler/500067,high,1.0,1.0,provider_id_crosswalk,transfermarkt_dataset
2280,César Azpilicueta,César Azpilicueta Tanco,Sevilla,La Liga,57500,César Azpilicueta,Sevilla FC,1000000,1.0,2026-06-05,https://www.transfermarkt.co.uk/cesar-azpilicueta/profil/spieler/57500,high,1.0,1.0,provider_id_crosswalk,transfermarkt_dataset
957,D. Sow,Mohameth Djibril Ibrahima Sow,Sevilla,La Liga,212723,Djibril Sow,Sevilla FC,7500000,7.5,2026-06-05,https://www.transfermarkt.co.uk/djibril-sow/profil/spieler/212723,high,1.0,1.0,provider_id_crosswalk,transfermarkt_dataset
11421,G. Suazo,Gabriel Alonso Suazo Urbina,Sevilla,La Liga,385105,Gabriel Suazo,Sevilla FC,6000000,6.0,2026-06-05,https://www.transfermarkt.co.uk/gabriel-suazo/profil/spieler/385105,high,1.0,1.0,provider_id_crosswalk,transfermarkt_dataset
185398,Isaac,Isaac Romero Bernal,Sevilla,La Liga,687609,Isaac Romero,Sevilla FC,5000000,5.0,2026-06-05,https://www.transfermarkt.co.uk/isaac-romero/profil/spieler/687609,high,1.0,1.0,provider_id_crosswalk,transfermarkt_dataset
195923,José Ángel Carmona,José Ángel Carmona Navarro,Sevilla,La Liga,711625,José Ángel Carmona,Sevilla FC,12000000,12.0,2026-06-05,https://www.transfermarkt.co.uk/jose-angel-carmona/profil/spieler/711625,high,1.0,1.0,provider_id_crosswalk,transfermarkt_dataset
182772,Juanlu Sánchez,Juan Luis Sánchez Velasco,Sevilla,La Liga,676042,Juanlu Sánchez,Sevilla FC,10000000,10.0,2026-06-05,https://www.transfermarkt.co.uk/juanlu-sanchez/profil/spieler/676042,high,1.0,1.0,provider_id_crosswalk,transfermarkt_dataset
297311,Kike Salas,Enrique Jesús Salas Valiente,Sevilla,La Liga,766583,Kike Salas,Sevilla FC,14000000,14.0,2026-06-05,https://www.transfermarkt.co.uk/kike-salas/profil/spieler/766583,high,1.0,1.0,provider_id_crosswalk,transfermarkt_dataset
21004,L. Agoumé,Lucien Jefferson Agoumé,Sevilla,La Liga,569384,Lucien Agoumé,Sevilla FC,15000000,15.0,2026-06-05,https://www.transfermarkt.co.uk/lucien-agoume/profil/spieler/569384,high,1.0,1.0,provider_id_crosswalk,transfermarkt_dataset
433,Marcão,Marcos do Nascimento Teixeira,Sevilla,La Liga,439022,Marcão,Sevilla FC,2500000,2.5,2026-06-05,https://www.transfermarkt.co.uk/marcao/profil/spieler/439022,high,1.0,1.0,provider_id_crosswalk,transfermarkt_dataset
1489,N. Gudelj,Nemanja Gudelj,Sevilla,La Liga,74294,Nemanja Gudelj,Sevilla FC,2000000,2.0,2026-06-05,https://www.transfermarkt.co.uk/nemanja-gudelj/profil/spieler/74294,high,1.0,1.0,provider_id_crosswalk,transfermarkt_dataset
19364,N. Maupay,Neal Maupay,Sevilla,La Liga,217115,Neal Maupay,Olympique Marseille,4000000,4.0,2026-06-05,https://www.transfermarkt.co.uk/neal-maupay/profil/spieler/217115,high,1.0,1.0,provider_id_crosswalk,transfermarkt_dataset
557,O. Vlachodimos,Odysseas Vlachodimos,Sevilla,La Liga,124419,Odysseas Vlachodimos,Sevilla FC,3000000,3.0,2026-06-05,https://www.transfermarkt.co.uk/odysseas-vlachodimos/profil/spieler/124419,high,0.9841,0.9841,name_club_age,transfermarkt_dataset
48471,R. Vargas,Rubén Estephan Vargas Martínez,Sevilla,La Liga,345886,Rubén Vargas,Sevilla FC,12000000,12.0,2026-06-05,https://www.transfermarkt.co.uk/ruben-vargas/profil/spieler/345886,high,1.0,1.0,provider_id_crosswalk,transfermarkt_dataset
47013,Rafa Mir,Rafael Mir Vicente,Sevilla,La Liga,361254,Rafa Mir,Elche CF,4000000,4.0,2026-06-05,https://www.transfermarkt.co.uk/rafa-mir/profil/spieler/361254,high,1.0,1.0,provider_id_crosswalk,transfermarkt_dataset
133110,T. Nianzou,Tanguy-Austin Nianzou Kouassi,Sevilla,La Liga,538996,Tanguy Nianzou,Sevilla FC,1200000,1.2,2026-06-05,https://www.transfermarkt.co.uk/tanguy-nianzou/profil/spieler/538996,high,1.0,1.0,provider_id_crosswalk,transfermarkt_dataset
19172,Ø. Nyland,Ørjan Håskjold Nyland,Sevilla,La Liga,73517,Ørjan Nyland,Sevilla FC,800000,0.8,2026-06-05,https://www.transfermarkt.co.uk/orjan-nyland/profil/spieler/73517,high,1.0,1.0,provider_id_crosswalk,transfermarkt_dataset
83,A. Danjuma,Arnaut Danjuma Adam Groeneveld,Valencia,La Liga,355861,Arnaut Danjuma,Valencia CF,3000000,3.0,2026-06-05,https://www.transfermarkt.co.uk/arnaut-danjuma/profil/spieler/355861,high,1.0,1.0,provider_id_crosswalk,transfermarkt_dataset
41157,André Almeida,Domingos André Ribeiro Almeida,Valencia,La Liga,375382,André Almeida,Valencia CF,6000000,6.0,2026-06-05,https://www.transfermarkt.co.uk/andre-almeida/profil/spieler/375382,high,1.0,1.0,provider_id_crosswalk,transfermarkt_dataset
21153,B. Santamaría,Baptiste Santamaría,Valencia,La Liga,285323,Baptiste Santamaria,Valencia CF,2500000,2.5,2026-06-05,https://www.transfermarkt.co.uk/baptiste-santamaria/profil/spieler/285323,high,1.0,1.0,provider_id_crosswalk,transfermarkt_dataset
181582,Copete,José Manuel Arias Copete,Valencia,La Liga,520840,José Copete,Valencia CF,5000000,5.0,2026-06-05,https://www.transfermarkt.co.uk/jose-copete/profil/spieler/520840,high,1.0,1.0,provider_id_crosswalk,transfermarkt_dataset
333672,César Tárrega,César Tárrega Requeni,Valencia,La Liga,707274,César Tárrega,Valencia CF,9000000,9.0,2026-06-05,https://www.transfermarkt.co.uk/cesar-tarrega/profil/spieler/707274,high,1.0,1.0,provider_id_crosswalk,transfermarkt_dataset
47251,D. Foulquier,Dimitri Christophe Foulquier,Valencia,La Liga,170472,Dimitri Foulquier,Valencia CF,900000,0.9,2026-06-05,https://www.transfermarkt.co.uk/dimitri-foulquier/profil/spieler/170472,high,1.0,1.0,provider_id_crosswalk,transfermarkt_dataset
162127,Diego López,Diego López Noguerol,Valencia,La Liga,617081,Diego López,Valencia CF,9000000,9.0,2026-06-05,https://www.transfermarkt.co.uk/diego-lopez/profil/spieler/617081,high,1.0,1.0,provider_id_crosswalk,transfermarkt_dataset
48372,E. Cömert,Eray Ervin Cömert,Valencia,La Liga,298583,Eray Cömert,Valencia CF,2500000,2.5,2026-06-05,https://www.transfermarkt.co.uk/eray-comert/profil/spieler/298583,high,1.0,1.0,provider_id_crosswalk,transfermarkt_dataset
48465,F. Ugrinic,Filip Ugrinic,Valencia,La Liga,394236,Filip Ugrinic,BSC Young Boys,6000000,6.0,2026-06-05,https://www.transfermarkt.co.uk/filip-ugrinic/profil/spieler/394236,high,1.0,1.0,provider_id_crosswalk,transfermarkt_dataset
2476,G. Rodríguez,Guido Rodríguez,Valencia,La Liga,342385,Guido Rodríguez,West Ham United,4000000,4.0,2026-06-05,https://www.transfermarkt.co.uk/guido-rodriguez/profil/spieler/342385,high,1.0,1.0,provider_id_crosswalk,transfermarkt_dataset
47264,Hugo Duro,Hugo Duro Perales,Valencia,La Liga,573775,Hugo Duro,Valencia CF,12000000,12.0,2026-06-05,https://www.transfermarkt.co.uk/hugo-duro/profil/spieler/573775,high,1.0,1.0,provider_id_crosswalk,transfermarkt_dataset
315699,Javi Guerra,Javier Guerra Moreno,Valencia,La Liga,834764,Javi Guerra,Valencia CF,25000000,25.0,2026-06-05,https://www.transfermarkt.co.uk/javi-guerra/profil/spieler/834764,high,1.0,1.0,provider_id_crosswalk,transfermarkt_dataset
162175,Jesús Vázquez,Jesús Vázquez Alcalde,Valencia,La Liga,623024,Jesús Vázquez,Valencia CF,4000000,4.0,2026-06-05,https://www.transfermarkt.co.uk/jesus-vazquez/profil/spieler/623024,high,1.0,1.0,provider_id_crosswalk,transfermarkt_dataset
918,José Gayà,José Luis Gayà Peña,Valencia,La Liga,221322,José Gayà,Valencia CF,4000000,4.0,2026-06-05,https://www.transfermarkt.co.uk/jose-gaya/profil/spieler/221322,high,1.0,1.0,provider_id_crosswalk,transfermarkt_dataset
183848,Julen Agirrezabala,Julen Agirrezabala Astúlez,Valencia,La Liga,625014,Julen Agirrezabala,Valencia CF,9000000,9.0,2026-06-05,https://www.transfermarkt.co.uk/julen-agirrezabala/profil/spieler/625014,high,1.0,1.0,provider_id_crosswalk,transfermarkt_dataset
6010,L. Beltrán,Lucas Beltrán,Valencia,La Liga,628366,Lucas Beltrán,Club Atlético River Plate,8000000,8.0,2026-06-05,https://www.transfermarkt.co.uk/lucas-beltran/profil/spieler/628366,high,1.0,1.0,provider_id_crosswalk,transfermarkt_dataset
138776,L. Ramazani,Largie Ramazani,Valencia,La Liga,518644,Largie Ramazani,Leeds United,8000000,8.0,2026-06-05,https://www.transfermarkt.co.uk/largie-ramazani/profil/spieler/518644,high,1.0,1.0,provider_id_crosswalk,transfermarkt_dataset
46933,Luis Rioja,Luis Jesús Rioja González,Valencia,La Liga,278837,Luis Rioja,Valencia CF,1800000,1.8,2026-06-05,https://www.transfermarkt.co.uk/luis-rioja/profil/spieler/278837,high,1.0,1.0,provider_id_crosswalk,transfermarkt_dataset
916,M. Diakhaby,Mouctar Diakhaby,Valencia,La Liga,346289,Mouctar Diakhaby,Valencia CF,1500000,1.5,2026-06-05,https://www.transfermarkt.co.uk/mouctar-diakhaby/profil/spieler/346289,high,1.0,1.0,provider_id_crosswalk,transfermarkt_dataset
47463,Pepelu,José Luis García Vayá,Valencia,La Liga,328480,Pepelu,Valencia CF,8000000,8.0,2026-06-05,https://www.transfermarkt.co.uk/pepelu/profil/spieler/328480,high,1.0,1.0,provider_id_crosswalk,transfermarkt_dataset
2470,R. Saravia,Renzo Saravia,Valencia,La Liga,268642,Renzo Saravia,Valencia CF,1400000,1.4,2026-06-05,https://www.transfermarkt.co.uk/renzo-saravia/profil/spieler/268642,high,1.0,1.0,provider_id_crosswalk,transfermarkt_dataset
47527,S. Dimitrievski,Stole Dimitrievski,Valencia,La Liga,165467,Stole Dimitrievski,Valencia CF,2000000,2.0,2026-06-05,https://www.transfermarkt.co.uk/stole-dimitrievski/profil/spieler/165467,high,1.0,1.0,provider_id_crosswalk,transfermarkt_dataset
1482,Thierry Correia,Thierry Rendall Correia,Valencia,La Liga,367466,Thierry Correia,Valencia CF,2500000,2.5,2026-06-05,https://www.transfermarkt.co.uk/thierry-correia/profil/spieler/367466,high,1.0,1.0,provider_id_crosswalk,transfermarkt_dataset
31406,U. Sadiq,Umar Sadiq Mesbah,Valencia,La Liga,337715,Umar Sadiq,Valencia CF,4000000,4.0,2026-06-05,https://www.transfermarkt.co.uk/umar-sadiq/profil/spieler/337715,high,1.0,1.0,provider_id_crosswalk,transfermarkt_dataset
47277,Unai Núñez,Unai Núñez Gestoso,Valencia,La Liga,338285,Unai Núñez,Hellas Verona,3500000,3.5,2026-06-05,https://www.transfermarkt.co.uk/unai-nunez/profil/spieler/338285,high,1.0,1.0,provider_id_crosswalk,transfermarkt_dataset
182519,Alberto Moleiro,Alberto Moleiro González,Villarreal,La Liga,733576,Alberto Moleiro,Villarreal CF,50000000,50.0,2026-06-05,https://www.transfermarkt.co.uk/alberto-moleiro/profil/spieler/733576,high,1.0,1.0,provider_id_crosswalk,transfermarkt_dataset
162473,Arnau Tenas,Arnau Tenas Ureña,Villarreal,La Liga,466783,Arnau Tenas,Villarreal CF,4000000,4.0,2026-06-05,https://www.transfermarkt.co.uk/arnau-tenas/profil/spieler/466783,high,1.0,1.0,provider_id_crosswalk,transfermarkt_dataset
18906,Ayoze Pérez,Ayoze Pérez Gutiérrez,Villarreal,La Liga,246968,Ayoze Pérez,Villarreal CF,5000000,5.0,2026-06-05,https://www.transfermarkt.co.uk/ayoze-perez/profil/spieler/246968,high,1.0,1.0,provider_id_crosswalk,transfermarkt_dataset
184420,Carlos Romero,Carlos Romero Serrano,Villarreal,La Liga,709372,Carlos Romero,RCD Espanyol Barcelona,25000000,25.0,2026-06-05,https://www.transfermarkt.co.uk/carlos-romero/profil/spieler/709372,high,1.0,1.0,provider_id_crosswalk,transfermarkt_dataset
180496,G. Mikautadze,Georges Mikautadze,Villarreal,La Liga,729814,Georges Mikautadze,Villarreal CF,30000000,30.0,2026-06-05,https://www.transfermarkt.co.uk/georges-mikautadze/profil/spieler/729814,high,1.0,1.0,provider_id_crosswalk,transfermarkt_dataset
1707,Gerard Moreno,Gerard Moreno Balagueró,Villarreal,La Liga,177467,Gerard Moreno,Villarreal CF,2500000,2.5,2026-06-05,https://www.transfermarkt.co.uk/gerard-moreno/profil/spieler/177467,high,1.0,1.0,provider_id_crosswalk,transfermarkt_dataset
166,J. Foyth,Juan Marcos Foyth,Villarreal,La Liga,480763,Juan Foyth,Villarreal CF,8000000,8.0,2026-06-05,https://www.transfermarkt.co.uk/juan-foyth/profil/spieler/480763,high,1.0,1.0,provider_id_crosswalk,transfermarkt_dataset
278619,Luíz Júnior,Luíz Lúcio Reis Júnior,Villarreal,La Liga,712107,Luiz Júnior,Villarreal CF,12000000,12.0,2026-06-05,https://www.transfermarkt.co.uk/luiz-junior/profil/spieler/712107,high,1.0,1.0,provider_id_crosswalk,transfermarkt_dataset
3246,N. Pépé,Nicolas Pépé,Villarreal,La Liga,343052,Nicolas Pépé,Villarreal CF,6000000,6.0,2026-06-05,https://www.transfermarkt.co.uk/nicolas-pepe/profil/spieler/343052,high,1.0,1.0,provider_id_crosswalk,transfermarkt_dataset
20696,P. Gueye,Pape Alassane Gueye,Villarreal,La Liga,485963,Pape Gueye,Villarreal CF,40000000,40.0,2026-06-05,https://www.transfermarkt.co.uk/pape-gueye/profil/spieler/485963,high,1.0,1.0,provider_id_crosswalk,transfermarkt_dataset
435552,Pau Navarro,Pau Navarro Badenes,Villarreal,La Liga,1061336,Pau Navarro,Villarreal CF,15000000,15.0,2026-06-05,https://www.transfermarkt.co.uk/pau-navarro/profil/spieler/1061336,high,1.0,1.0,provider_id_crosswalk,transfermarkt_dataset
1702,Pedraza,Alfonso Pedraza Sag,Villarreal,La Liga,356197,Alfonso Pedraza,Villarreal CF,2500000,2.5,2026-06-05,https://www.transfermarkt.co.uk/alfonso-pedraza/profil/spieler/356197,high,1.0,1.0,provider_id_crosswalk,transfermarkt_dataset
237066,Rafa Marín,Rafael Marín Zamora,Villarreal,La Liga,662261,Rafa Marín,Villarreal CF,12000000,12.0,2026-06-05,https://www.transfermarkt.co.uk/rafa-marin/profil/spieler/662261,high,1.0,1.0,provider_id_crosswalk,transfermarkt_dataset
336671,Renato Veiga,Renato da Palma Veiga,Villarreal,La Liga,805714,Renato Veiga,Villarreal CF,25000000,25.0,2026-06-05,https://www.transfermarkt.co.uk/renato-veiga/profil/spieler/805714,high,1.0,1.0,provider_id_crosswalk,transfermarkt_dataset
311773,S. Mouriño,Álvaro Santiago Mouriño González,Villarreal,La Liga,953901,Santiago Mouriño,Villarreal CF,20000000,20.0,2026-06-05,https://www.transfermarkt.co.uk/santiago-mourino/profil/spieler/953901,high,1.0,1.0,provider_id_crosswalk,transfermarkt_dataset
47541,Santi Comesaña,Santiago Comesaña Veiga,Villarreal,La Liga,380598,Santi Comesaña,Villarreal CF,8000000,8.0,2026-06-05,https://www.transfermarkt.co.uk/santi-comesana/profil/spieler/380598,high,1.0,1.0,provider_id_crosswalk,transfermarkt_dataset
70500,Sergi Cardona,Sergi Cardona Bermúdez,Villarreal,La Liga,678406,Sergi Cardona,Villarreal CF,9000000,9.0,2026-06-05,https://www.transfermarkt.co.uk/sergi-cardona/profil/spieler/678406,high,1.0,1.0,provider_id_crosswalk,transfermarkt_dataset
51016,T. Buchanan,Tajon Trevor Buchanan,Villarreal,La Liga,638793,Tajon Buchanan,Villarreal CF,12000000,12.0,2026-06-05,https://www.transfermarkt.co.uk/tajon-buchanan/profil/spieler/638793,high,1.0,1.0,provider_id_crosswalk,transfermarkt_dataset
49,T. Partey,Thomas Teye Partey,Villarreal,La Liga,230784,Thomas Partey,Villarreal CF,2000000,2.0,2026-06-05,https://www.transfermarkt.co.uk/thomas-partey/profil/spieler/230784,high,1.0,1.0,provider_id_crosswalk,transfermarkt_dataset
37652,B. van den Boomen,Branco van den Boomen,Angers,Ligue 1,203938,Branco van den Boomen,Angers SCO,2500000,2.5,2026-06-01,https://www.transfermarkt.co.uk/branco-van-den-boomen/profil/spieler/203938,high,1.0,1.0,provider_id_crosswalk,transfermarkt_dataset
20850,C. Arcus,Carlens Jean Fedlaire Ruby Arcus,Angers,Ligue 1,371686,Carlens Arcus,Angers SCO,1800000,1.8,2026-06-01,https://www.transfermarkt.co.uk/carlens-arcus/profil/spieler/371686,high,1.0,1.0,provider_id_crosswalk,transfermarkt_dataset
385569,E. Biumla,Emmanuel Junior Biumla Bayiha,Angers,Ligue 1,1071956,Emmanuel Biumla,Angers SCO,2500000,2.5,2026-06-01,https://www.transfermarkt.co.uk/emmanuel-biumla/profil/spieler/1071956,high,1.0,1.0,provider_id_crosswalk,transfermarkt_dataset
41146,F. Hanin,Florent Olivier Sylvain Hanin,Angers,Ligue 1,111811,Florent Hanin,Angers SCO,200000,0.2,2026-06-01,https://www.transfermarkt.co.uk/florent-hanin/profil/spieler/111811,high,1.0,1.0,provider_id_crosswalk,transfermarkt_dataset
20817,G. Koyalipou,Goduine Koyalipou,Angers,Ligue 1,525140,Goduine Koyalipou,Levante UD,2500000,2.5,2026-06-01,https://www.transfermarkt.co.uk/goduine-koyalipou/profil/spieler/525140,high,1.0,1.0,provider_id_crosswalk,transfermarkt_dataset
20692,H. Abdelli,Himad Said Abdelli,Angers,Ligue 1,592979,Himad Abdelli,Olympique Marseille,5000000,5.0,2026-06-01,https://www.transfermarkt.co.uk/himad-abdelli/profil/spieler/592979,high,1.0,1.0,provider_id_crosswalk,transfermarkt_dataset
20554,H. Belkebla,Haris Belkebla,Angers,Ligue 1,138055,Haris Belkebla,Angers SCO,1800000,1.8,2026-06-01,https://www.transfermarkt.co.uk/haris-belkebla/profil/spieler/138055,high,1.0,1.0,provider_id_crosswalk,transfermarkt_dataset
22220,H. Koffi,Hervé Kouakou Koffi,Angers,Ligue 1,415383,Hervé Koffi,Angers SCO,6000000,6.0,2026-06-01,https://www.transfermarkt.co.uk/herve-koffi/profil/spieler/415383,high,1.0,1.0,provider_id_crosswalk,transfermarkt_dataset
343609,J. Ekomié,Jacques Emmanuel Paul Ekomié,Angers,Ligue 1,970279,Jacques Ekomié,Angers SCO,9000000,9.0,2026-06-01,https://www.transfermarkt.co.uk/jacques-ekomie/profil/spieler/970279,high,1.0,1.0,provider_id_crosswalk,transfermarkt_dataset
21381,J. Lefort,Jordan Lefort,Angers,Ligue 1,192492,Jordan Lefort,Angers SCO,1000000,1.0,2026-06-01,https://www.transfermarkt.co.uk/jordan-lefort/profil/spieler/192492,high,1.0,1.0,provider_id_crosswalk,transfermarkt_dataset
403277,L. Machine,Lanroy Machine,Angers,Ligue 1,1096744,Lanroy Machine,Angers SCO,1500000,1.5,2026-06-01,https://www.transfermarkt.co.uk/lanroy-machine/profil/spieler/1096744,high,1.0,1.0,provider_id_crosswalk,transfermarkt_dataset
289555,L. Mouton,Louis Mouton,Angers,Ligue 1,904662,Louis Mouton,Angers SCO,4000000,4.0,2026-06-01,https://www.transfermarkt.co.uk/louis-mouton/profil/spieler/904662,high,1.0,1.0,provider_id_crosswalk,transfermarkt_dataset
174660,L. Rao-Lisoa,Lillian Rao-Lisoa,Angers,Ligue 1,829874,Lilian Raolisoa,Angers SCO,4000000,4.0,2026-06-01,https://www.transfermarkt.co.uk/lilian-raolisoa/profil/spieler/829874,high,1.0,1.0,provider_id_crosswalk,transfermarkt_dataset
425207,M. Courcoul,Marius Courcoul,Angers,Ligue 1,1075575,Marius Courcoul,Angers SCO,2500000,2.5,2026-06-01,https://www.transfermarkt.co.uk/marius-courcoul/profil/spieler/1075575,high,1.0,1.0,provider_id_crosswalk,transfermarkt_dataset
456831,Marius Louër,Marius Louër,Angers,Ligue 1,1103652,Marius Louër,Angers SCO,2000000,2.0,2026-06-01,https://www.transfermarkt.co.uk/marius-louer/profil/spieler/1103652,high,0.9775,0.9775,name_club_age,transfermarkt_dataset
271540,O. Camara,Ousmane Camara,Angers,Ligue 1,804711,Ousmane Camara,Angers SCO,8000000,8.0,2026-06-01,https://www.transfermarkt.co.uk/ousmane-camara/profil/spieler/804711,high,1.0,1.0,provider_id_crosswalk,transfermarkt_dataset
21145,P. Capelle,Pierrick Capelle,Angers,Ligue 1,214532,Pierrick Capelle,Angers SCO,150000,0.15,2026-06-01,https://www.transfermarkt.co.uk/pierrick-capelle/profil/spieler/214532,high,1.0,1.0,provider_id_crosswalk,transfermarkt_dataset
457541,P. Peter,Prosper Peter,Angers,Ligue 1,1103958,Prosper Peter,Angers SCO,15000000,15.0,2026-06-01,https://www.transfermarkt.co.uk/prosper-peter/profil/spieler/1103958,high,1.0,1.0,provider_id_crosswalk,transfermarkt_dataset
421875,S. Cherif,Sidiki Cherif,Angers,Ligue 1,986288,Sidiki Chérif,Angers SCO,18000000,18.0,2026-05-21,https://www.transfermarkt.co.uk/sidiki-cherif/profil/spieler/986288,high,1.0,1.0,provider_id_crosswalk,transfermarkt_dataset
115588,B. Okoh,Bryan Ikemefuna Okoh,Auxerre,Ligue 1,539795,Bryan Okoh,AJ Auxerre,4000000,4.0,2026-06-01,https://www.transfermarkt.co.uk/bryan-okoh/profil/spieler/539795,high,0.9041,0.3215,name_club_age,transfermarkt_dataset
191189,C. Akpa,Clément Akpa,Auxerre,Ligue 1,806793,Clément Akpa,AJ Auxerre,9000000,9.0,2026-06-01,https://www.transfermarkt.co.uk/clement-akpa/profil/spieler/806793,high,1.0,1.0,provider_id_crosswalk,transfermarkt_dataset
20542,D. Léon,Donovan René Léon,Auxerre,Ligue 1,170911,Donovan Léon,AJ Auxerre,800000,0.8,2026-06-01,https://www.transfermarkt.co.uk/donovan-leon/profil/spieler/170911,high,1.0,1.0,provider_id_crosswalk,transfermarkt_dataset
19625,D. Namaso,Daniel Namaso Edi-Mesumbe Loader,Auxerre,Ligue 1,392767,Danny Namaso,AJ Auxerre,6000000,6.0,2026-06-01,https://www.transfermarkt.co.uk/danny-namaso/profil/spieler/392767,high,1.0,1.0,provider_id_crosswalk,transfermarkt_dataset
21010,E. Owusu,Elisha Owusu,Auxerre,Ligue 1,395695,Elisha Owusu,AJ Auxerre,4000000,4.0,2026-06-01,https://www.transfermarkt.co.uk/elisha-owusu/profil/spieler/395695,high,1.0,1.0,provider_id_crosswalk,transfermarkt_dataset
215827,F. Oppegård,Fredrik Oppegård,Auxerre,Ligue 1,539665,Fredrik Oppegård,AJ Auxerre,1500000,1.5,2026-06-01,https://www.transfermarkt.co.uk/fredrik-oppegard/profil/spieler/539665,high,1.0,1.0,provider_id_crosswalk,transfermarkt_dataset
31016,F. Sierralta,Francisco Andrés Sierralta Carvallo,Auxerre,Ligue 1,371436,Francisco Sierralta,AJ Auxerre,1200000,1.2,2026-06-01,https://www.transfermarkt.co.uk/francisco-sierralta/profil/spieler/371436,high,1.0,1.0,provider_id_crosswalk,transfermarkt_dataset
7578,G. Mensah,Gideon Mensah,Auxerre,Ligue 1,397171,Gideon Mensah,AJ Auxerre,4000000,4.0,2026-06-01,https://www.transfermarkt.co.uk/gideon-mensah/profil/spieler/397171,high,1.0,1.0,provider_id_crosswalk,transfermarkt_dataset
293643,I. Osman,Ibrahim Osman,Auxerre,Ligue 1,1110406,Ibrahim Osman,AJ Auxerre,7000000,7.0,2026-05-28,https://www.transfermarkt.co.uk/ibrahim-osman/profil/spieler/1110406,high,1.0,1.0,provider_id_crosswalk,transfermarkt_dataset
174915,J. Casimir,Josué Casimir,Auxerre,Ligue 1,763182,Josué Casimir,AJ Auxerre,3000000,3.0,2026-06-01,https://www.transfermarkt.co.uk/josue-casimir/profil/spieler/763182,high,1.0,1.0,provider_id_crosswalk,transfermarkt_dataset
323625,K. Danois,Kévin Danois,Auxerre,Ligue 1,743496,Kévin Danois,AJ Auxerre,20000000,20.0,2026-06-01,https://www.transfermarkt.co.uk/kevin-danois/profil/spieler/743496,high,1.0,1.0,provider_id_crosswalk,transfermarkt_dataset
322595,L. Coulibaly,Lasso Coulibaly,Auxerre,Ligue 1,658534,Lasso Coulibaly,AJ Auxerre,800000,0.8,2026-06-01,https://www.transfermarkt.co.uk/lasso-coulibaly/profil/spieler/658534,high,1.0,1.0,provider_id_crosswalk,transfermarkt_dataset
90617,L. Sinayoko,Lassine Sinayoko,Auxerre,Ligue 1,569140,Lassine Sinayoko,AJ Auxerre,10000000,10.0,2026-06-01,https://www.transfermarkt.co.uk/lassine-sinayoko/profil/spieler/569140,high,1.0,1.0,provider_id_crosswalk,transfermarkt_dataset
193953,L. Sy,Lamine Sy,Auxerre,Ligue 1,796865,Lamine Sy,AJ Auxerre,2500000,2.5,2026-06-01,https://www.transfermarkt.co.uk/lamine-sy/profil/spieler/796865,high,0.9841,0.5298,name_club_age,transfermarkt_dataset
191240,M. Senaya,Marvin Senaya,Auxerre,Ligue 1,830890,Marvin Senaya,AJ Auxerre,3000000,3.0,2026-06-01,https://www.transfermarkt.co.uk/marvin-senaya/profil/spieler/830890,high,1.0,1.0,provider_id_crosswalk,transfermarkt_dataset
152418,N. Ahamada,Naouirou Mohamed Ahamada,Auxerre,Ligue 1,538971,Naouirou Ahamada,AJ Auxerre,3000000,3.0,2026-06-01,https://www.transfermarkt.co.uk/naouirou-ahamada/profil/spieler/538971,high,1.0,1.0,provider_id_crosswalk,transfermarkt_dataset
319919,O. El Azzouzi,Oussama El Azzouzi,Auxerre,Ligue 1,531065,Oussama El Azzouzi,AJ Auxerre,1800000,1.8,2026-06-01,https://www.transfermarkt.co.uk/oussama-el-azzouzi/profil/spieler/531065,high,1.0,1.0,provider_id_crosswalk,transfermarkt_dataset
84082,R. Faivre,Romain Faivre,Auxerre,Ligue 1,555076,Romain Faivre,AFC Bournemouth,4000000,4.0,2026-06-01,https://www.transfermarkt.co.uk/romain-faivre/profil/spieler/555076,high,1.0,1.0,provider_id_crosswalk,transfermarkt_dataset
162466,S. Diomandé,Sinaly Diomandé,Auxerre,Ligue 1,702441,Sinaly Diomandé,AJ Auxerre,6000000,6.0,2026-06-01,https://www.transfermarkt.co.uk/sinaly-diomande/profil/spieler/702441,high,1.0,1.0,provider_id_crosswalk,transfermarkt_dataset
190686,S. Mara,Sékou Mara,Auxerre,Ligue 1,557612,Sékou Mara,AJ Auxerre,4000000,4.0,2026-06-01,https://www.transfermarkt.co.uk/sekou-mara/profil/spieler/557612,high,1.0,1.0,provider_id_crosswalk,transfermarkt_dataset
193681,T. De Percin,Théo Franck Mathias De Percin,Auxerre,Ligue 1,695422,Théo De Percin,AJ Auxerre,400000,0.4,2026-06-01,https://www.transfermarkt.co.uk/theo-de-percin/profil/spieler/695422,high,1.0,1.0,provider_id_crosswalk,transfermarkt_dataset
174927,A. Sangante,Arouna Sangante,Le Havre,Ligue 1,768380,Arouna Sangante,Le Havre AC,8000000,8.0,2026-06-01,https://www.transfermarkt.co.uk/arouna-sangante/profil/spieler/768380,high,1.0,1.0,provider_id_crosswalk,transfermarkt_dataset
33165,A. Seko,Ayumu Seko,Le Havre,Ligue 1,405389,Ayumu Seko,Le Havre AC,5000000,5.0,2026-06-01,https://www.transfermarkt.co.uk/ayumu-seko/profil/spieler/405389,high,1.0,1.0,provider_id_crosswalk,transfermarkt_dataset
21103,A. Touré,Abdoulaye Touré,Le Havre,Ligue 1,181382,Abdoulaye Touré,Le Havre AC,2500000,2.5,2026-06-01,https://www.transfermarkt.co.uk/abdoulaye-toure/profil/spieler/181382,high,1.0,1.0,provider_id_crosswalk,transfermarkt_dataset
437349,E. Koffi Vinette,Enzo Koffi Vinette,Le Havre,Ligue 1,1119881,Enzo Koffi,Le Havre AC,1800000,1.8,2026-06-01,https://www.transfermarkt.co.uk/enzo-koffi/profil/spieler/1119881,medium,0.8944,0.3732,name_club_age,transfermarkt_dataset
174625,F. Doucouré,Fodé Doucouré,Le Havre,Ligue 1,798925,Fodé Doucouré,Le Havre AC,2000000,2.0,2026-06-01,https://www.transfermarkt.co.uk/fode-doucoure/profil/spieler/798925,high,1.0,1.0,provider_id_crosswalk,transfermarkt_dataset
961,F. Mambimbi,Felix Khonde Mambimbi,Le Havre,Ligue 1,507496,Felix Mambimbi,Le Havre AC,500000,0.5,2026-06-01,https://www.transfermarkt.co.uk/felix-mambimbi/profil/spieler/507496,high,1.0,1.0,provider_id_crosswalk,transfermarkt_dataset
21641,G. Kyeremeh,Godson Kyeremeh,Le Havre,Ligue 1,651973,Godson Kyeremeh,Le Havre AC,500000,0.5,2026-06-01,https://www.transfermarkt.co.uk/godson-kyeremeh/profil/spieler/651973,high,1.0,1.0,provider_id_crosswalk,transfermarkt_dataset
64255,G. Lloris,Gautier Lloris,Le Havre,Ligue 1,249636,Gautier Lloris,Le Havre AC,3000000,3.0,2026-06-01,https://www.transfermarkt.co.uk/gautier-lloris/profil/spieler/249636,high,1.0,1.0,provider_id_crosswalk,transfermarkt_dataset
156465,I. Soumaré,Issa Soumaré,Le Havre,Ligue 1,568698,Issa Soumaré,Le Havre AC,8000000,8.0,2026-06-01,https://www.transfermarkt.co.uk/issa-soumare/profil/spieler/568698,high,1.0,1.0,provider_id_crosswalk,transfermarkt_dataset
179843,L. Gourna-Douath,Lucas Gourna-Douath,Le Havre,Ligue 1,620313,Lucas Gourna-Douath,Le Havre AC,6000000,6.0,2026-06-01,https://www.transfermarkt.co.uk/lucas-gourna-douath/profil/spieler/620313,high,1.0,1.0,provider_id_crosswalk,transfermarkt_dataset
2336,L. Négo,Loïc Négo,Le Havre,Ligue 1,122840,Loïc Nego,Le Havre AC,500000,0.5,2026-06-01,https://www.transfermarkt.co.uk/loic-nego/profil/spieler/122840,high,1.0,1.0,provider_id_crosswalk,transfermarkt_dataset
119853,M. Diaw,Mory Diaw,Le Havre,Ligue 1,164904,Mory Diaw,Le Havre AC,900000,0.9,2026-06-01,https://www.transfermarkt.co.uk/mory-diaw/profil/spieler/164904,high,1.0,1.0,provider_id_crosswalk,transfermarkt_dataset
1945,M. Samatta,Mbwana Ally Samatta,Le Havre,Ligue 1,182201,Ally Samatta,Le Havre AC,700000,0.7,2026-06-01,https://www.transfermarkt.co.uk/ally-samatta/profil/spieler/182201,high,1.0,1.0,provider_id_crosswalk,transfermarkt_dataset
128342,R. Ndiaye,Rassoul Ndiaye,Le Havre,Ligue 1,662242,Rassoul Ndiaye,Le Havre AC,8000000,8.0,2026-06-01,https://www.transfermarkt.co.uk/rassoul-ndiaye/profil/spieler/662242,high,0.9858,0.3132,name_club_age,transfermarkt_dataset
364093,S. Ebonog,Simon Ebonog,Le Havre,Ligue 1,770436,Simon Ebonog,Le Havre AC,4500000,4.5,2026-06-01,https://www.transfermarkt.co.uk/simon-ebonog/profil/spieler/770436,high,1.0,1.0,provider_id_crosswalk,transfermarkt_dataset
513415,Stephan Zagadou,Stephan Zagadou,Le Havre,Ligue 1,1228317,Stephan Zagadou,Le Havre AC,4000000,4.0,2026-06-01,https://www.transfermarkt.co.uk/stephan-zagadou/profil/spieler/1228317,high,1.0,1.0,provider_id_crosswalk,transfermarkt_dataset
174937,Y. Kechta,Yassine Kechta,Le Havre,Ligue 1,667967,Yassine Kechta,Le Havre AC,4000000,4.0,2026-06-01,https://www.transfermarkt.co.uk/yassine-kechta/profil/spieler/667967,high,1.0,1.0,provider_id_crosswalk,transfermarkt_dataset
36932,Y. Namli,Younes Namli,Le Havre,Ligue 1,227039,Younes Namli,PEC Zwolle,1000000,1.0,2026-05-28,https://www.transfermarkt.co.uk/younes-namli/profil/spieler/227039,high,1.0,1.0,provider_id_crosswalk,transfermarkt_dataset
23637,Y. Zouaoui,Yanis Zouaoui,Le Havre,Ligue 1,691841,Yanis Zouaoui,Le Havre AC,2500000,2.5,2026-06-01,https://www.transfermarkt.co.uk/yanis-zouaoui/profil/spieler/691841,high,0.9858,0.9858,name_club_age,transfermarkt_dataset
162443,É. Youté,Étienne Ludovic Youté Kinkoué,Le Havre,Ligue 1,639712,Étienne Youté Kinkoué,Le Havre AC,2500000,2.5,2026-06-01,https://www.transfermarkt.co.uk/etienne-youte-kinkoue/profil/spieler/639712,high,1.0,1.0,provider_id_crosswalk,transfermarkt_dataset
394950,A. Bulatović,Andrija Bulatović,Lens,Ligue 1,986291,Andrija Bulatovic,RC Lens,8000000,8.0,2026-06-01,https://www.transfermarkt.co.uk/andrija-bulatovic/profil/spieler/986291,high,1.0,1.0,provider_id_crosswalk,transfermarkt_dataset
22173,A. Saint-Maximin,Allan Irénée Saint-Maximin,Lens,Ligue 1,272642,Allan Saint-Maximin,CF América,10000000,10.0,2026-06-01,https://www.transfermarkt.co.uk/allan-saint-maximin/profil/spieler/272642,high,1.0,1.0,provider_id_crosswalk,transfermarkt_dataset
277191,A. Sima,Abdallah Dipo Sima,Lens,Ligue 1,776798,Abdallah Sima,RC Lens,5000000,5.0,2026-06-01,https://www.transfermarkt.co.uk/abdallah-sima/profil/spieler/776798,high,1.0,1.0,provider_id_crosswalk,transfermarkt_dataset
22261,A. Thomasson,Adrien Thomasson,Lens,Ligue 1,215977,Adrien Thomasson,RC Lens,4000000,4.0,2026-06-01,https://www.transfermarkt.co.uk/adrien-thomasson/profil/spieler/215977,high,1.0,1.0,provider_id_crosswalk,transfermarkt_dataset
20761,F. Sotoca,Florian Sotoca,Lens,Ligue 1,354726,Florian Sotoca,RC Lens,1200000,1.2,2026-06-01,https://www.transfermarkt.co.uk/florian-sotoca/profil/spieler/354726,high,1.0,1.0,provider_id_crosswalk,transfermarkt_dataset
1922,F. Thauvin,Florian Tristán Mariano Thauvin,Lens,Ligue 1,184892,Florian Thauvin,RC Lens,5000000,5.0,2026-06-01,https://www.transfermarkt.co.uk/florian-thauvin/profil/spieler/184892,high,1.0,1.0,provider_id_crosswalk,transfermarkt_dataset
369500,I. Ganiou,Pierre-Ismaëlo Ganiou,Lens,Ligue 1,1020191,Ismaëlo Ganiou,RC Lens,20000000,20.0,2026-06-01,https://www.transfermarkt.co.uk/ismaelo-ganiou/profil/spieler/1020191,high,1.0,1.0,provider_id_crosswalk,transfermarkt_dataset
21635,J. Gradit,Jonathan Gradit,Lens,Ligue 1,126557,Jonathan Gradit,RC Lens,2500000,2.5,2026-06-01,https://www.transfermarkt.co.uk/jonathan-gradit/profil/spieler/126557,high,1.0,1.0,provider_id_crosswalk,transfermarkt_dataset
23643,M. Guilavogui,Morgan Bono Guilavogui,Lens,Ligue 1,691786,Morgan Guilavogui,Real Salt Lake,4500000,4.5,2026-06-02,https://www.transfermarkt.co.uk/morgan-guilavogui/profil/spieler/691786,high,1.0,1.0,provider_id_crosswalk,transfermarkt_dataset
277306,M. Sangaré,Mamadou Sangaré,Lens,Ligue 1,808348,Mamadou Sangaré,RC Lens,40000000,40.0,2026-06-01,https://www.transfermarkt.co.uk/mamadou-sangare/profil/spieler/808348,high,1.0,1.0,provider_id_crosswalk,transfermarkt_dataset
22166,M. Sarr,Malang Mamadou William Georges Sarr,Lens,Ligue 1,344596,Malang Sarr,RC Lens,20000000,20.0,2026-06-01,https://www.transfermarkt.co.uk/malang-sarr/profil/spieler/344596,high,1.0,1.0,provider_id_crosswalk,transfermarkt_dataset
20525,M. Udol,Matthieu Udol,Lens,Ligue 1,344886,Matthieu Udol,RC Lens,8000000,8.0,2026-06-01,https://www.transfermarkt.co.uk/matthieu-udol/profil/spieler/344886,high,1.0,1.0,provider_id_crosswalk,transfermarkt_dataset
395589,N. Äelik,Nidal Čelik,Lens,Ligue 1,819566,Nidal Celik,RC Lens,7000000,7.0,2026-06-01,https://www.transfermarkt.co.uk/nidal-celik/profil/spieler/819566,high,1.0,1.0,provider_id_crosswalk,transfermarkt_dataset
1135,O. Édouard,Odsonne Édouard,Lens,Ligue 1,344152,Odsonne Édouard,RC Lens,12000000,12.0,2026-06-01,https://www.transfermarkt.co.uk/odsonne-edouard/profil/spieler/344152,high,1.0,1.0,provider_id_crosswalk,transfermarkt_dataset
21568,R. Aguilar,Ruben Aguilar,Lens,Ligue 1,203746,Ruben Aguilar,RC Lens,2500000,2.5,2026-06-01,https://www.transfermarkt.co.uk/ruben-aguilar/profil/spieler/203746,high,1.0,1.0,provider_id_crosswalk,transfermarkt_dataset
443579,R. Fofana,Rayan Fofana,Lens,Ligue 1,1160814,Rayan Fofana,RC Lens,8000000,8.0,2026-06-01,https://www.transfermarkt.co.uk/rayan-fofana/profil/spieler/1160814,high,1.0,1.0,provider_id_crosswalk,transfermarkt_dataset
347211,R. Risser,Robin Risser Birckel,Lens,Ligue 1,743515,Robin Risser,RC Lens,30000000,30.0,2026-06-01,https://www.transfermarkt.co.uk/robin-risser/profil/spieler/743515,high,1.0,1.0,provider_id_crosswalk,transfermarkt_dataset
322984,S. Baidoo,Samson Baidoo,Lens,Ligue 1,655217,Samson Baidoo,RC Lens,25000000,25.0,2026-06-01,https://www.transfermarkt.co.uk/samson-baidoo/profil/spieler/655217,high,1.0,1.0,provider_id_crosswalk,transfermarkt_dataset
44594,Saud Abdulhamid,Saud Abdullah Salem Abdulhamid,Lens,Ligue 1,631927,Saud Abdulhamid,RC Lens,9000000,9.0,2026-06-01,https://www.transfermarkt.co.uk/saud-abdulhamid/profil/spieler/631927,high,1.0,1.0,provider_id_crosswalk,transfermarkt_dataset
21715,W. Saïd,Wesley Saïd,Lens,Ligue 1,182916,Wesley Saïd,RC Lens,5000000,5.0,2026-06-01,https://www.transfermarkt.co.uk/wesley-said/profil/spieler/182916,high,1.0,1.0,provider_id_crosswalk,transfermarkt_dataset
438688,A. Bouaddi,Ayyoub Bouaddi,Lille,Ligue 1,1097139,Ayyoub Bouaddi,LOSC Lille,50000000,50.0,2026-06-01,https://www.transfermarkt.co.uk/ayyoub-bouaddi/profil/spieler/1097139,high,1.0,1.0,provider_id_crosswalk,transfermarkt_dataset
1567,A. Mandi,Aïssa Mandi,Lille,Ligue 1,80293,Aïssa Mandi,LOSC Lille,1000000,1.0,2026-06-01,https://www.transfermarkt.co.uk/aissa-mandi/profil/spieler/80293,high,1.0,1.0,provider_id_crosswalk,transfermarkt_dataset
142691,Alexsandro Ribeiro,Alexsandro Victor de Souza Ribeiro,Lille,Ligue 1,648020,Alexsandro,LOSC Lille,15000000,15.0,2026-06-01,https://www.transfermarkt.co.uk/alexsandro/profil/spieler/648020,high,1.0,1.0,provider_id_crosswalk,transfermarkt_dataset
2204,B. André,Benjamin Michel Édouard André,Lille,Ligue 1,84301,Benjamin André,LOSC Lille,3000000,3.0,2026-06-01,https://www.transfermarkt.co.uk/benjamin-andre/profil/spieler/84301,high,1.0,1.0,provider_id_crosswalk,transfermarkt_dataset
1337,B. Özer,Berke Özer,Lille,Ligue 1,361256,Berke Özer,LOSC Lille,10000000,10.0,2026-06-01,https://www.transfermarkt.co.uk/berke-ozer/profil/spieler/361256,high,1.0,1.0,provider_id_crosswalk,transfermarkt_dataset
375,C. Mbemba,Chancel Mbemba Mangulu,Lille,Ligue 1,203348,Chancel Mbemba,LOSC Lille,2000000,2.0,2026-06-01,https://www.transfermarkt.co.uk/chancel-mbemba/profil/spieler/203348,high,1.0,1.0,provider_id_crosswalk,transfermarkt_dataset
37151,C. Verdonk,Calvin Ronald Verdonk,Lille,Ligue 1,258364,Calvin Verdonk,LOSC Lille,2500000,2.5,2026-06-01,https://www.transfermarkt.co.uk/calvin-verdonk/profil/spieler/258364,high,1.0,1.0,provider_id_crosswalk,transfermarkt_dataset
386287,E. Mbappé,Ethan Mbappé Lottin,Lille,Ligue 1,903666,Ethan Mbappé,LOSC Lille,8000000,8.0,2026-06-01,https://www.transfermarkt.co.uk/ethan-mbappe/profil/spieler/903666,high,1.0,1.0,provider_id_crosswalk,transfermarkt_dataset
135749,Félix Correia,Félix Alexandre Andrade Sanches Correia,Lille,Ligue 1,479648,Félix Correia,LOSC Lille,10000000,10.0,2026-06-01,https://www.transfermarkt.co.uk/felix-correia/profil/spieler/479648,high,1.0,1.0,provider_id_crosswalk,transfermarkt_dataset
20732,G. Perrin,Gaëtan Perrin,Lille,Ligue 1,353404,Gaëtan Perrin,LOSC Lille,5000000,5.0,2026-06-01,https://www.transfermarkt.co.uk/gaetan-perrin/profil/spieler/353404,high,1.0,1.0,provider_id_crosswalk,transfermarkt_dataset
67889,H. Haraldsson,Hákon Arnar Haraldsson,Lille,Ligue 1,652275,Hákon Arnar Haraldsson,LOSC Lille,25000000,25.0,2026-06-01,https://www.transfermarkt.co.uk/hakon-arnar-haraldsson/profil/spieler/652275,high,1.0,1.0,provider_id_crosswalk,transfermarkt_dataset
306979,H. Igamane,Hamza Igamane,Lille,Ligue 1,885445,Hamza Igamane,LOSC Lille,18000000,18.0,2026-06-01,https://www.transfermarkt.co.uk/hamza-igamane/profil/spieler/885445,high,1.0,1.0,provider_id_crosswalk,transfermarkt_dataset
340077,M. Fernandez-Pardo,Matias Fernandez-Pardo,Lille,Ligue 1,724129,Matias Fernandez-Pardo,LOSC Lille,35000000,35.0,2026-06-01,https://www.transfermarkt.co.uk/matias-fernandez-pardo/profil/spieler/724129,high,1.0,1.0,provider_id_crosswalk,transfermarkt_dataset
409,N. Bentaleb,Nabil Bentaleb,Lille,Ligue 1,245537,Nabil Bentaleb,LOSC Lille,4500000,4.5,2026-06-01,https://www.transfermarkt.co.uk/nabil-bentaleb/profil/spieler/245537,high,1.0,1.0,provider_id_crosswalk,transfermarkt_dataset
375598,N. Mukau,Ngal'ayel Mukau,Lille,Ligue 1,1016015,Ngal'ayel Mukau,LOSC Lille,15000000,15.0,2026-06-01,https://www.transfermarkt.co.uk/ngalayel-mukau/profil/spieler/1016015,high,1.0,1.0,provider_id_crosswalk,transfermarkt_dataset
312964,N. Ngoy,Nathan Ngoy,Lille,Ligue 1,548254,Nathan Ngoy,LOSC Lille,25000000,25.0,2026-06-01,https://www.transfermarkt.co.uk/nathan-ngoy/profil/spieler/548254,high,1.0,1.0,provider_id_crosswalk,transfermarkt_dataset
2295,O. Giroud,Olivier Jonathan Giroud,Lille,Ligue 1,82442,Olivier Giroud,LOSC Lille,900000,0.9,2026-06-01,https://www.transfermarkt.co.uk/olivier-giroud/profil/spieler/82442,high,1.0,1.0,provider_id_crosswalk,transfermarkt_dataset
99576,O. Sahraoui,Osame Sahraoui,Lille,Ligue 1,580657,Osame Sahraoui,LOSC Lille,9000000,9.0,2026-06-01,https://www.transfermarkt.co.uk/osame-sahraoui/profil/spieler/580657,high,1.0,1.0,provider_id_crosswalk,transfermarkt_dataset
20600,R. Perraud,Romain Paul Jean-Michel Perraud,Lille,Ligue 1,318523,Romain Perraud,LOSC Lille,7000000,7.0,2026-06-01,https://www.transfermarkt.co.uk/romain-perraud/profil/spieler/318523,high,1.0,1.0,provider_id_crosswalk,transfermarkt_dataset
264,T. Meunier,Thomas André A. Meunier,Lille,Ligue 1,100986,Thomas Meunier,LOSC Lille,1500000,1.5,2026-06-01,https://www.transfermarkt.co.uk/thomas-meunier/profil/spieler/100986,high,1.0,1.0,provider_id_crosswalk,transfermarkt_dataset
379329,Tiago Santos,Tiago Carvalho Santos,Lille,Ligue 1,816580,Tiago Santos,LOSC Lille,10000000,10.0,2026-06-01,https://www.transfermarkt.co.uk/tiago-santos/profil/spieler/816580,high,1.0,1.0,provider_id_crosswalk,transfermarkt_dataset
402265,A. Avom,Arthur Ebong Avom,Lorient,Ligue 1,1074628,Arthur Avom,FC Lorient,20000000,20.0,2026-06-01,https://www.transfermarkt.co.uk/arthur-avom/profil/spieler/1074628,high,1.0,1.0,provider_id_crosswalk,transfermarkt_dataset
437776,A. Faye,Abdoulaye Faye,Lorient,Ligue 1,6107,Abdoulaye Faye,Hull City,250000,0.25,2014-01-15,https://www.transfermarkt.co.uk/abdoulaye-faye/profil/spieler/6107,high,1.0,1.0,provider_id_crosswalk,transfermarkt_dataset
72457,A. Tosin,Aiyegun Oluwatosin Tosin,Lorient,Ligue 1,239647,Aiyegun Tosin,FC Lorient,1800000,1.8,2026-06-01,https://www.transfermarkt.co.uk/aiyegun-tosin/profil/spieler/239647,medium,0.889,0.889,name_club_age,transfermarkt_dataset
284072,B. Dieng,Cheikh Ahmadou Bamba Mbacké Dieng,Lorient,Ligue 1,822458,Bamba Dieng,FC Lorient,15000000,15.0,2026-06-01,https://www.transfermarkt.co.uk/bamba-dieng/profil/spieler/822458,high,1.0,1.0,provider_id_crosswalk,transfermarkt_dataset
193501,B. Meité,Abdoul Bamo Meité,Lorient,Ligue 1,807165,Bamo Meïté,FC Lorient,7000000,7.0,2026-06-01,https://www.transfermarkt.co.uk/bamo-meite/profil/spieler/807165,medium,0.8476,0.327,name_club_age,transfermarkt_dataset
322865,D. Karim,Dermane Karim,Lorient,Ligue 1,969447,Dermane Karim,FC Lorient,2500000,2.5,2026-06-01,https://www.transfermarkt.co.uk/dermane-karim/profil/spieler/969447,high,1.0,1.0,provider_id_crosswalk,transfermarkt_dataset
152669,D. Yongwa,Darlin Zidane Yongwa Ngameni,Lorient,Ligue 1,717118,Darlin Yongwa,FC Lorient,5000000,5.0,2026-06-01,https://www.transfermarkt.co.uk/darlin-yongwa/profil/spieler/717118,high,0.9079,0.9079,name_club_age,transfermarkt_dataset
1031,Igor Silva,Igor Silva de Almeida,Lorient,Ligue 1,391720,Igor Silva,FC Lorient,1200000,1.2,2026-06-01,https://www.transfermarkt.co.uk/igor-silva/profil/spieler/391720,high,1.0,1.0,provider_id_crosswalk,transfermarkt_dataset
22171,J. Makengo,Jean-Victor Makengo,Lorient,Ligue 1,322305,Jean-Victor Makengo,FC Lorient,6000000,6.0,2026-06-01,https://www.transfermarkt.co.uk/jean-victor-makengo/profil/spieler/322305,high,1.0,1.0,provider_id_crosswalk,transfermarkt_dataset
158551,J. Mvuka,Joel Mugisha Mvuka,Lorient,Ligue 1,700078,Joel Mvuka,FC Lorient,1500000,1.5,2026-05-20,https://www.transfermarkt.co.uk/joel-mvuka/profil/spieler/700078,high,1.0,1.0,provider_id_crosswalk,transfermarkt_dataset
402386,K. Kouassi,Kan Guy Arsène Kouassi,Lorient,Ligue 1,1088199,Arsène Kouassi,FC Lorient,15000000,15.0,2026-06-01,https://www.transfermarkt.co.uk/arsene-kouassi/profil/spieler/1088199,high,1.0,1.0,provider_id_crosswalk,transfermarkt_dataset
20917,L. Abergel,Laurent Abergel,Lorient,Ligue 1,238626,Laurent Abergel,FC Lorient,1800000,1.8,2026-06-01,https://www.transfermarkt.co.uk/laurent-abergel/profil/spieler/238626,high,1.0,1.0,provider_id_crosswalk,transfermarkt_dataset
200873,M. Bamba,Muhamad Bamba,Lorient,Ligue 1,619461,Mohamed Bamba,FC Lorient,2000000,2.0,2026-06-01,https://www.transfermarkt.co.uk/mohamed-bamba/profil/spieler/619461,high,1.0,1.0,provider_id_crosswalk,transfermarkt_dataset
50030,M. Talbi,Montassar Omar Talbi,Lorient,Ligue 1,496706,Montassar Talbi,FC Lorient,8000000,8.0,2026-06-01,https://www.transfermarkt.co.uk/montassar-talbi/profil/spieler/496706,high,1.0,1.0,provider_id_crosswalk,transfermarkt_dataset
214310,N. Adjei,Nathaniel Adjei,Lorient,Ligue 1,646829,Nathaniel Adjei,FC Lorient,1500000,1.5,2026-06-01,https://www.transfermarkt.co.uk/nathaniel-adjei/profil/spieler/646829,high,1.0,1.0,provider_id_crosswalk,transfermarkt_dataset
23363,N. Cadiou,Noah Cadiou,Lorient,Ligue 1,691958,Noah Cadiou,FC Lorient,3000000,3.0,2026-06-01,https://www.transfermarkt.co.uk/noah-cadiou/profil/spieler/691958,high,1.0,1.0,provider_id_crosswalk,transfermarkt_dataset
384112,P. Katseris,Panos Katseris,Lorient,Ligue 1,816308,Panos Katseris,FC Lorient,2000000,2.0,2026-06-01,https://www.transfermarkt.co.uk/panos-katseris/profil/spieler/816308,high,1.0,1.0,provider_id_crosswalk,transfermarkt_dataset
276662,P. Pagis,Pablo Pagis,Lorient,Ligue 1,810411,Pablo Pagis,FC Lorient,15000000,15.0,2026-06-01,https://www.transfermarkt.co.uk/pablo-pagis/profil/spieler/810411,high,1.0,1.0,provider_id_crosswalk,transfermarkt_dataset
144319,S. Soumano,Sambou Soumano,Lorient,Ligue 1,704270,Sambou Soumano,FC Lorient,3500000,3.5,2026-06-01,https://www.transfermarkt.co.uk/sambou-soumano/profil/spieler/704270,high,1.0,1.0,provider_id_crosswalk,transfermarkt_dataset
174703,T. Le Bris,Théo Le Bris,Lorient,Ligue 1,766412,Théo Le Bris,FC Lorient,5000000,5.0,2026-06-01,https://www.transfermarkt.co.uk/theo-le-bris/profil/spieler/766412,high,1.0,1.0,provider_id_crosswalk,transfermarkt_dataset
1142,Y. Mvogo,Yvon Landry Mvogo Nganoma,Lorient,Ligue 1,147051,Yvon Mvogo,FC Lorient,2500000,2.5,2026-06-01,https://www.transfermarkt.co.uk/yvon-mvogo/profil/spieler/147051,high,1.0,1.0,provider_id_crosswalk,transfermarkt_dataset
199871,A. Karabec,Adam Karabec,Lyon,Ligue 1,652061,Adam Karabec,AC Sparta Prague,7000000,7.0,2026-06-01,https://www.transfermarkt.co.uk/adam-karabec/profil/spieler/652061,high,1.0,1.0,provider_id_crosswalk,transfermarkt_dataset
1456,A. Maitland-Niles,Ainsley Cory Maitland-Niles,Lyon,Ligue 1,285845,Ainsley Maitland-Niles,Olympique Lyon,10000000,10.0,2026-06-01,https://www.transfermarkt.co.uk/ainsley-maitland-niles/profil/spieler/285845,high,1.0,1.0,provider_id_crosswalk,transfermarkt_dataset
9700,Abner,Abner Vinícius da Silva Santos,Lyon,Ligue 1,646402,Abner,Olympique Lyon,10000000,10.0,2026-06-01,https://www.transfermarkt.co.uk/abner/profil/spieler/646402,high,1.0,1.0,provider_id_crosswalk,transfermarkt_dataset
345388,Afonso Moreira,Afonso Bastardo Moreira,Lyon,Ligue 1,952282,Afonso Moreira,Olympique Lyon,20000000,20.0,2026-06-01,https://www.transfermarkt.co.uk/afonso-moreira/profil/spieler/952282,high,1.0,1.0,provider_id_crosswalk,transfermarkt_dataset
519,C. Tolisso,Corentin Tolisso,Lyon,Ligue 1,190393,Corentin Tolisso,Olympique Lyon,10000000,10.0,2026-06-01,https://www.transfermarkt.co.uk/corentin-tolisso/profil/spieler/190393,high,1.0,1.0,provider_id_crosswalk,transfermarkt_dataset
68,Clinton Mata,Clinton Mukoni Mata Pedro Lourenço,Lyon,Ligue 1,187718,Clinton Mata,Olympique Lyon,2500000,2.5,2026-06-01,https://www.transfermarkt.co.uk/clinton-mata/profil/spieler/187718,high,1.0,1.0,provider_id_crosswalk,transfermarkt_dataset
61142,D. Greif,Dominik Greif,Lyon,Ligue 1,316884,Dominik Greif,Olympique Lyon,9000000,9.0,2026-06-01,https://www.transfermarkt.co.uk/dominik-greif/profil/spieler/316884,high,1.0,1.0,provider_id_crosswalk,transfermarkt_dataset
377122,Endrick,Endrick Felipe Moreira de Sousa,Lyon,Ligue 1,971570,Endrick,Real Madrid,40000000,40.0,2026-06-01,https://www.transfermarkt.co.uk/endrick/profil/spieler/971570,high,1.0,1.0,provider_id_crosswalk,transfermarkt_dataset
30423,H. Hateboer,Hans Hateboer,Lyon,Ligue 1,275303,Hans Hateboer,Stade Rennais FC,1800000,1.8,2026-06-01,https://www.transfermarkt.co.uk/hans-hateboer/profil/spieler/275303,high,1.0,1.0,provider_id_crosswalk,transfermarkt_dataset
519664,K. Merah,Khalis Merah,Lyon,Ligue 1,1187942,Khalis Merah,Olympique Lyon,15000000,15.0,2026-06-01,https://www.transfermarkt.co.uk/khalis-merah/profil/spieler/1187942,high,1.0,1.0,provider_id_crosswalk,transfermarkt_dataset
361348,M. Fofana,Malick Martin Fofana,Lyon,Ligue 1,743386,Malick Fofana,Olympique Lyon,30000000,30.0,2026-06-01,https://www.transfermarkt.co.uk/malick-fofana/profil/spieler/743386,high,1.0,1.0,provider_id_crosswalk,transfermarkt_dataset
25916,M. Niakhaté,Moussa Niakhaté,Lyon,Ligue 1,291200,Moussa Niakhaté,Olympique Lyon,15000000,15.0,2026-06-01,https://www.transfermarkt.co.uk/moussa-niakhate/profil/spieler/291200,high,1.0,1.0,provider_id_crosswalk,transfermarkt_dataset
361352,N. Nartey,Noah Teye Nartey,Lyon,Ligue 1,802515,Noah Nartey,Olympique Lyon,15000000,15.0,2026-06-01,https://www.transfermarkt.co.uk/noah-nartey/profil/spieler/802515,high,1.0,1.0,provider_id_crosswalk,transfermarkt_dataset
529,N. Tagliafico,Nicolás Alejandro Tagliafico,Lyon,Ligue 1,131225,Nicolás Tagliafico,Olympique Lyon,4000000,4.0,2026-06-01,https://www.transfermarkt.co.uk/nicolas-tagliafico/profil/spieler/131225,high,1.0,1.0,provider_id_crosswalk,transfermarkt_dataset
24882,O. Mangala,Orel Johnson Mangala,Lyon,Ligue 1,289592,Orel Mangala,Olympique Lyon,9000000,9.0,2026-06-01,https://www.transfermarkt.co.uk/orel-mangala/profil/spieler/289592,high,1.0,1.0,provider_id_crosswalk,transfermarkt_dataset
66387,P. Šulc,Pavel Šulc,Lyon,Ligue 1,500053,Pavel Sulc,FC Viktoria Plzen,20000000,20.0,2026-06-01,https://www.transfermarkt.co.uk/pavel-sulc/profil/spieler/500053,high,1.0,1.0,provider_id_crosswalk,transfermarkt_dataset
20762,R. Descamps,Rémy Descamps,Lyon,Ligue 1,282028,Rémy Descamps,Olympique Lyon,1500000,1.5,2026-06-01,https://www.transfermarkt.co.uk/remy-descamps/profil/spieler/282028,high,1.0,1.0,provider_id_crosswalk,transfermarkt_dataset
193293,R. Kluivert,Ruben Kluivert,Lyon,Ligue 1,578421,Ruben Kluivert,Olympique Lyon,8000000,8.0,2026-06-01,https://www.transfermarkt.co.uk/ruben-kluivert/profil/spieler/578421,high,1.0,1.0,provider_id_crosswalk,transfermarkt_dataset
8493,R. Yaremchuk,Roman Yaremchuk,Lyon,Ligue 1,221958,Roman Yaremchuk,Olympiakos Syndesmos Filathlon Peiraios,3500000,3.5,2026-06-01,https://www.transfermarkt.co.uk/roman-yaremchuk/profil/spieler/221958,high,1.0,1.0,provider_id_crosswalk,transfermarkt_dataset
162590,T. Morton,Tyler Scott Morton,Lyon,Ligue 1,618494,Tyler Morton,Olympique Lyon,30000000,30.0,2026-06-01,https://www.transfermarkt.co.uk/tyler-morton/profil/spieler/618494,high,1.0,1.0,provider_id_crosswalk,transfermarkt_dataset
80752,T. Tessmann,Francis Tanner James Tessmann,Lyon,Ligue 1,670096,Tanner Tessmann,Olympique Lyon,10000000,10.0,2026-06-01,https://www.transfermarkt.co.uk/tanner-tessmann/profil/spieler/670096,high,1.0,1.0,provider_id_crosswalk,transfermarkt_dataset
896,A. Gomes,Adilson Angel Abreu de Almeida Gomes,Marseille,Ligue 1,392770,Angel Gomes,Olympique Marseille,10000000,10.0,2026-06-03,https://www.transfermarkt.co.uk/angel-gomes/profil/spieler/392770,high,1.0,1.0,provider_id_crosswalk,transfermarkt_dataset
85041,A. Gouiri,Amine Ferid Gouiri,Marseille,Ligue 1,418659,Amine Gouiri,Olympique Marseille,28000000,28.0,2026-06-01,https://www.transfermarkt.co.uk/amine-gouiri/profil/spieler/418659,high,1.0,1.0,provider_id_crosswalk,transfermarkt_dataset
2973,A. Murillo,Michael Amir Murillo Bermúdez,Marseille,Ligue 1,354482,Amir Murillo,Olympique Marseille,7000000,7.0,2026-05-21,https://www.transfermarkt.co.uk/amir-murillo/profil/spieler/354482,high,1.0,1.0,provider_id_crosswalk,transfermarkt_dataset
340154,A. Vermeeren,Arthur Denis Vermeeren,Marseille,Ligue 1,926694,Arthur Vermeeren,Olympique Marseille,20000000,20.0,2026-06-01,https://www.transfermarkt.co.uk/arthur-vermeeren/profil/spieler/926694,high,1.0,1.0,provider_id_crosswalk,transfermarkt_dataset
283216,B. Nadir,Bilal Nadir,Marseille,Ligue 1,659520,Bilal Nadir,Olympique Marseille,8000000,8.0,2026-06-01,https://www.transfermarkt.co.uk/bilal-nadir/profil/spieler/659520,high,1.0,1.0,provider_id_crosswalk,transfermarkt_dataset
2725,B. Pavard,Benjamin Jacques Marcel Pavard,Marseille,Ligue 1,353366,Benjamin Pavard,Olympique Marseille,12000000,12.0,2026-06-01,https://www.transfermarkt.co.uk/benjamin-pavard/profil/spieler/353366,high,1.0,1.0,provider_id_crosswalk,transfermarkt_dataset
313236,E. Nwaneri,Ethan Chidiebere Nwaneri,Marseille,Ligue 1,890719,Ethan Nwaneri,Olympique Marseille,35000000,35.0,2026-06-01,https://www.transfermarkt.co.uk/ethan-nwaneri/profil/spieler/890719,high,1.0,1.0,provider_id_crosswalk,transfermarkt_dataset
2284,Emerson,Emerson Palmieri dos Santos,Marseille,Ligue 1,181778,Emerson,Olympique Marseille,9000000,9.0,2026-06-01,https://www.transfermarkt.co.uk/emerson/profil/spieler/181778,high,1.0,1.0,provider_id_crosswalk,transfermarkt_dataset
6231,F. Medina,Facundo Axel Medina,Marseille,Ligue 1,474800,Facundo Medina,Olympique Marseille,18000000,18.0,2026-06-01,https://www.transfermarkt.co.uk/facundo-medina/profil/spieler/474800,high,1.0,1.0,provider_id_crosswalk,transfermarkt_dataset
926,G. Kondogbia,Geoffrey Edwin Kondogbia,Marseille,Ligue 1,127189,Geoffrey Kondogbia,Olympique Marseille,3000000,3.0,2026-06-01,https://www.transfermarkt.co.uk/geoffrey-kondogbia/profil/spieler/127189,high,1.0,1.0,provider_id_crosswalk,transfermarkt_dataset
47296,G. Rulli,Gerónimo Rulli,Marseille,Ligue 1,229604,Gerónimo Rulli,Olympique Marseille,6000000,6.0,2026-06-01,https://www.transfermarkt.co.uk/geronimo-rulli/profil/spieler/229604,high,1.0,1.0,provider_id_crosswalk,transfermarkt_dataset
31057,H. Traorè,Hamed Junior Traorè,Marseille,Ligue 1,391065,Hamed Traoré,Olympique Marseille,15000000,15.0,2026-06-01,https://www.transfermarkt.co.uk/hamed-traore/profil/spieler/391065,high,1.0,1.0,provider_id_crosswalk,transfermarkt_dataset
9363,Igor Paixão,Igor Guilherme Barbosa da Paixão,Marseille,Ligue 1,653610,Igor Paixão,Olympique Marseille,35000000,35.0,2026-06-01,https://www.transfermarkt.co.uk/igor-paixao/profil/spieler/653610,high,1.0,1.0,provider_id_crosswalk,transfermarkt_dataset
36827,J. de Lange,Jeffrey de Lange,Marseille,Ligue 1,315253,Jeffrey de Lange,Olympique Marseille,2500000,2.5,2026-06-01,https://www.transfermarkt.co.uk/jeffrey-de-lange/profil/spieler/315253,high,1.0,1.0,provider_id_crosswalk,transfermarkt_dataset
6,L. Balerdi,Leonardo Julián Balerdi Rosa,Marseille,Ligue 1,575998,Leonardo Balerdi,Olympique Marseille,18000000,18.0,2026-06-01,https://www.transfermarkt.co.uk/leonardo-balerdi/profil/spieler/575998,high,1.0,1.0,provider_id_crosswalk,transfermarkt_dataset
897,M. Greenwood,Mason Will John Greenwood,Marseille,Ligue 1,532826,Mason Greenwood,Olympique Marseille,55000000,55.0,2026-06-01,https://www.transfermarkt.co.uk/mason-greenwood/profil/spieler/532826,high,1.0,1.0,provider_id_crosswalk,transfermarkt_dataset
19030,M. O&apos;Riley,Matthew Sean O'Riley,Marseille,Ligue 1,406634,Matt O'Riley,Olympique Marseille,18000000,18.0,2026-06-03,https://www.transfermarkt.co.uk/matt-oriley/profil/spieler/406634,high,1.0,1.0,provider_id_crosswalk,transfermarkt_dataset
21694,N. Aguerd,Nayef Aguerd,Marseille,Ligue 1,361914,Nayef Aguerd,Olympique Marseille,15000000,15.0,2026-06-01,https://www.transfermarkt.co.uk/nayef-aguerd/profil/spieler/361914,high,1.0,1.0,provider_id_crosswalk,transfermarkt_dataset
1465,P. Aubameyang,Pierre-Emerick Emiliano Franço Aubameyang,Marseille,Ligue 1,58864,Pierre-Emerick Aubameyang,Olympique Marseille,2500000,2.5,2026-06-01,https://www.transfermarkt.co.uk/pierre-emerick-aubameyang/profil/spieler/58864,high,1.0,1.0,provider_id_crosswalk,transfermarkt_dataset
2735,P. Højbjerg,Pierre-Emile Kordt Højbjerg,Marseille,Ligue 1,167799,Pierre-Emile Højbjerg,Olympique Marseille,15000000,15.0,2026-06-01,https://www.transfermarkt.co.uk/pierre-emile-hojbjerg/profil/spieler/167799,high,0.9279,0.4308,name_club_age,transfermarkt_dataset
38747,Q. Timber,Quinten Ryan Crispito Timber,Marseille,Ligue 1,420213,Quinten Timber,Olympique Marseille,25000000,25.0,2026-06-01,https://www.transfermarkt.co.uk/quinten-timber/profil/spieler/420213,high,1.0,1.0,provider_id_crosswalk,transfermarkt_dataset
435482,R. Vaz,Robinio Vaz,Marseille,Ligue 1,1131161,Robinio Vaz,Olympique Marseille,18000000,18.0,2026-05-29,https://www.transfermarkt.co.uk/robinio-vaz/profil/spieler/1131161,high,1.0,1.0,provider_id_crosswalk,transfermarkt_dataset
354298,T. Nnadi,Tochukwu Nnadi,Marseille,Ligue 1,920470,Tochukwu Nnadi,Olympique Marseille,4500000,4.5,2026-06-01,https://www.transfermarkt.co.uk/tochukwu-nnadi/profil/spieler/920470,high,1.0,1.0,provider_id_crosswalk,transfermarkt_dataset
1138,T. Weah,Timothy Tarpeh Weah,Marseille,Ligue 1,370846,Timothy Weah,Olympique Marseille,20000000,20.0,2026-06-01,https://www.transfermarkt.co.uk/timothy-weah/profil/spieler/370846,high,1.0,1.0,provider_id_crosswalk,transfermarkt_dataset
434352,A. Touré,Alpha Amadou Touré,Metz,Ligue 1,1178489,Alpha Touré,FC Metz,5000000,5.0,2026-06-01,https://www.transfermarkt.co.uk/alpha-toure/profil/spieler/1178489,high,1.0,1.0,provider_id_crosswalk,transfermarkt_dataset
1915,B. Sarr,Bouna Junior Sarr,Metz,Ligue 1,190685,Bouna Sarr,FC Metz,350000,0.35,2026-06-01,https://www.transfermarkt.co.uk/bouna-sarr/profil/spieler/190685,high,1.0,1.0,provider_id_crosswalk,transfermarkt_dataset
407,B. Stambouli,Benjamin Fernand Lucien François Stambouli,Metz,Ligue 1,127160,Benjamin Stambouli,FC Metz,250000,0.25,2026-06-01,https://www.transfermarkt.co.uk/benjamin-stambouli/profil/spieler/127160,high,1.0,1.0,provider_id_crosswalk,transfermarkt_dataset
157912,B. Traoré,Boubacar Traoré,Metz,Ligue 1,649020,Boubacar Traoré,FC Metz,4000000,4.0,2026-06-01,https://www.transfermarkt.co.uk/boubacar-traore/profil/spieler/649020,high,1.0,1.0,provider_id_crosswalk,transfermarkt_dataset
20534,C. Sabaly,Cheikh Tidiane Sabaly,Metz,Ligue 1,568696,Cheikh Sabaly,FC Metz,3000000,3.0,2026-06-02,https://www.transfermarkt.co.uk/cheikh-sabaly/profil/spieler/568696,high,1.0,1.0,provider_id_crosswalk,transfermarkt_dataset
105,F. Ballo-Touré,Fodé Ballo-Touré,Metz,Ligue 1,296422,Fodé Ballo-Touré,FC Metz,900000,0.9,2026-06-01,https://www.transfermarkt.co.uk/fode-ballo-toure/profil/spieler/296422,high,0.9755,0.4108,name_club_age,transfermarkt_dataset
68177,G. Abuashvili,Giorgi Abuashvili,Metz,Ligue 1,677057,Giorgi Abuashvili,FC Metz,1000000,1.0,2026-06-01,https://www.transfermarkt.co.uk/giorgi-abuashvili/profil/spieler/677057,high,1.0,1.0,provider_id_crosswalk,transfermarkt_dataset
20529,G. Hein,Gauthier Hein,Metz,Ligue 1,344892,Gauthier Hein,FC Metz,5000000,5.0,2026-06-01,https://www.transfermarkt.co.uk/gauthier-hein/profil/spieler/344892,high,1.0,1.0,provider_id_crosswalk,transfermarkt_dataset
8490,G. Kvilitaia,Giorgi Kvilitaia,Metz,Ligue 1,186233,Giorgi Kvilitaia,FC Metz,900000,0.9,2026-06-01,https://www.transfermarkt.co.uk/giorgi-kvilitaia/profil/spieler/186233,high,1.0,1.0,provider_id_crosswalk,transfermarkt_dataset
2181,G. Tsitaishvili,Giorgi Tsitaishvili,Metz,Ligue 1,419067,Giorgi Tsitaishvili,FC Metz,3000000,3.0,2026-06-01,https://www.transfermarkt.co.uk/giorgi-tsitaishvili/profil/spieler/419067,high,1.0,1.0,provider_id_crosswalk,transfermarkt_dataset
408870,Ibou Sané,Ibou Sané,Metz,Ligue 1,1111776,Ibou Sané,FC Metz,300000,0.3,2024-06-03,https://www.transfermarkt.co.uk/ibou-sane/profil/spieler/1111776,high,1.0,1.0,provider_id_crosswalk,transfermarkt_dataset
21640,J. Deminguet,Jessy Deminguet,Metz,Ligue 1,539232,Jessy Deminguet,FC Metz,2000000,2.0,2026-06-01,https://www.transfermarkt.co.uk/jessy-deminguet/profil/spieler/539232,high,1.0,1.0,provider_id_crosswalk,transfermarkt_dataset
158532,J. Fischer,Jonathan Frost Fischer,Metz,Ligue 1,542452,Jonathan Fischer,FC Metz,2000000,2.0,2026-06-01,https://www.transfermarkt.co.uk/jonathan-fischer/profil/spieler/542452,high,1.0,1.0,provider_id_crosswalk,transfermarkt_dataset
3240,J. Gbamin,Jean-Philippe Gbamin,Metz,Ligue 1,182894,Jean-Philippe Gbamin,FC Metz,2000000,2.0,2026-06-01,https://www.transfermarkt.co.uk/jean-philippe-gbamin/profil/spieler/182894,high,1.0,1.0,provider_id_crosswalk,transfermarkt_dataset
96331,K. Kouao,Koffi Franck Kouao,Metz,Ligue 1,481513,Koffi Kouao,FC Metz,2500000,2.5,2026-06-01,https://www.transfermarkt.co.uk/koffi-kouao/profil/spieler/481513,high,1.0,1.0,provider_id_crosswalk,transfermarkt_dataset
19518,M. Colin,Maxime Jean-Yves Colin,Metz,Ligue 1,156618,Maxime Colin,FC Metz,250000,0.25,2026-06-01,https://www.transfermarkt.co.uk/maxime-colin/profil/spieler/156618,high,1.0,1.0,provider_id_crosswalk,transfermarkt_dataset
403878,P. Sy,Pape Mamadou Sy,Metz,Ligue 1,568728,Pape Sy,FC Metz,600000,0.6,2026-06-01,https://www.transfermarkt.co.uk/pape-sy/profil/spieler/568728,medium,0.8882,0.3608,name_club_age,transfermarkt_dataset
428084,Sadibou Sané,Sadibou Sané,Metz,Ligue 1,1111777,Sadibou Sané,FC Metz,7000000,7.0,2026-06-01,https://www.transfermarkt.co.uk/sadibou-sane/profil/spieler/1111777,high,1.0,1.0,provider_id_crosswalk,transfermarkt_dataset
363792,T. Yegbe,Terry Yegbe,Metz,Ligue 1,991054,Terry Yegbe,FC Metz,3000000,3.0,2026-06-01,https://www.transfermarkt.co.uk/terry-yegbe/profil/spieler/991054,high,1.0,1.0,provider_id_crosswalk,transfermarkt_dataset
378353,U. Mboula,Urie-Michel Mboula,Metz,Ligue 1,1038308,Michel Mboula,FC Metz,900000,0.9,2026-06-01,https://www.transfermarkt.co.uk/michel-mboula/profil/spieler/1038308,high,1.0,1.0,provider_id_crosswalk,transfermarkt_dataset
453792,A. Bamba,Aladji Bamba,Monaco,Ligue 1,975347,Aladji Bamba,AS Monaco,18000000,18.0,2026-06-01,https://www.transfermarkt.co.uk/aladji-bamba/profil/spieler/975347,high,1.0,1.0,provider_id_crosswalk,transfermarkt_dataset
109,A. Golovin,Aleksandr Golovin,Monaco,Ligue 1,263918,Aleksandr Golovin,AS Monaco,18000000,18.0,2026-06-01,https://www.transfermarkt.co.uk/aleksandr-golovin/profil/spieler/263918,high,1.0,1.0,provider_id_crosswalk,transfermarkt_dataset
135775,Ansu Fati,Anssumane Fati Vieira,Monaco,Ligue 1,466810,Ansu Fati,AS Monaco,15000000,15.0,2026-06-01,https://www.transfermarkt.co.uk/ansu-fati/profil/spieler/466810,high,1.0,1.0,provider_id_crosswalk,transfermarkt_dataset
371916,C. Mawissa Elebi,Christian Mawissa Elebi,Monaco,Ligue 1,1005240,Christian Mawissa,AS Monaco,15000000,15.0,2026-06-01,https://www.transfermarkt.co.uk/christian-mawissa/profil/spieler/1005240,high,0.934,0.934,name_club_age,transfermarkt_dataset
10316,Caio Henrique,Caio Henrique Oliveira Silva,Monaco,Ligue 1,420064,Caio Henrique,AS Monaco,12000000,12.0,2026-06-01,https://www.transfermarkt.co.uk/caio-henrique/profil/spieler/420064,high,1.0,1.0,provider_id_crosswalk,transfermarkt_dataset
2810,D. Zakaria,Denis Lemi Zakaria Lako Lado,Monaco,Ligue 1,334526,Denis Zakaria,AS Monaco,25000000,25.0,2026-06-01,https://www.transfermarkt.co.uk/denis-zakaria/profil/spieler/334526,high,1.0,1.0,provider_id_crosswalk,transfermarkt_dataset
175,E. Dier,Eric Jeremy Edgar Dier,Monaco,Ligue 1,175722,Eric Dier,AS Monaco,4000000,4.0,2026-06-01,https://www.transfermarkt.co.uk/eric-dier/profil/spieler/175722,high,1.0,1.0,provider_id_crosswalk,transfermarkt_dataset
138835,F. Balogun,Folarin Jerry Balogun,Monaco,Ligue 1,503770,Folarin Balogun,AS Monaco,40000000,40.0,2026-06-01,https://www.transfermarkt.co.uk/folarin-balogun/profil/spieler/503770,high,1.0,1.0,provider_id_crosswalk,transfermarkt_dataset
395040,G. Ilenikhena,George Ilenikhena,Monaco,Ligue 1,1004834,George Ilenikhena,Al-Ittihad Football Club,10000000,10.0,2026-06-04,https://www.transfermarkt.co.uk/george-ilenikhena/profil/spieler/1004834,high,1.0,1.0,provider_id_crosswalk,transfermarkt_dataset
231,J. Teze,Jordan Teze,Monaco,Ligue 1,364245,Jordan Teze,AS Monaco,15000000,15.0,2026-06-01,https://www.transfermarkt.co.uk/jordan-teze/profil/spieler/364245,high,1.0,1.0,provider_id_crosswalk,transfermarkt_dataset
81,K. Diatta,Krépin Diatta,Monaco,Ligue 1,490426,Krépin Diatta,AS Monaco,6000000,6.0,2026-06-01,https://www.transfermarkt.co.uk/krepin-diatta/profil/spieler/490426,high,1.0,1.0,provider_id_crosswalk,transfermarkt_dataset
333137,K. Ouattara,Kassoum Ouattara,Monaco,Ligue 1,947360,Kassoum Ouattara,AS Monaco,12000000,12.0,2026-06-01,https://www.transfermarkt.co.uk/kassoum-ouattara/profil/spieler/947360,high,1.0,1.0,provider_id_crosswalk,transfermarkt_dataset
374058,L. Camara,Lamine Camara,Monaco,Ligue 1,918969,Lamine Camara,AS Monaco,40000000,40.0,2026-06-01,https://www.transfermarkt.co.uk/lamine-camara/profil/spieler/918969,high,1.0,1.0,provider_id_crosswalk,transfermarkt_dataset
963,L. Hrádecký,Lukáš Hrádecký,Monaco,Ligue 1,48015,Lukas Hradecky,AS Monaco,1500000,1.5,2026-06-01,https://www.transfermarkt.co.uk/lukas-hradecky/profil/spieler/48015,high,1.0,1.0,provider_id_crosswalk,transfermarkt_dataset
274300,M. Akliouche,Maghnes Akliouche,Monaco,Ligue 1,745200,Maghnes Akliouche,AS Monaco,50000000,50.0,2026-06-01,https://www.transfermarkt.co.uk/maghnes-akliouche/profil/spieler/745200,high,1.0,1.0,provider_id_crosswalk,transfermarkt_dataset
283026,M. Biereth,Mika Miles Biereth,Monaco,Ligue 1,565821,Mika Biereth,AS Monaco,15000000,15.0,2026-06-01,https://www.transfermarkt.co.uk/mika-biereth/profil/spieler/565821,high,1.0,1.0,provider_id_crosswalk,transfermarkt_dataset
419035,M. Coulibaly,Mamadou Coulibaly,Monaco,Ligue 1,745173,Mamadou Coulibaly,AS Monaco,15000000,15.0,2026-06-01,https://www.transfermarkt.co.uk/mamadou-coulibaly/profil/spieler/745173,high,1.0,1.0,provider_id_crosswalk,transfermarkt_dataset
47480,M. Salisu,Mohammed Salisu Abdul Karim,Monaco,Ligue 1,563963,Mohammed Salisu,AS Monaco,10000000,10.0,2026-06-01,https://www.transfermarkt.co.uk/mohammed-salisu/profil/spieler/563963,high,1.0,1.0,provider_id_crosswalk,transfermarkt_dataset
7313,P. Köhn,Philipp François Köhn,Monaco,Ligue 1,251322,Philipp Köhn,AS Monaco,3500000,3.5,2026-06-01,https://www.transfermarkt.co.uk/philipp-kohn/profil/spieler/251322,high,1.0,1.0,provider_id_crosswalk,transfermarkt_dataset
301771,S. Adingra,Simon Adingra,Monaco,Ligue 1,658536,Simon Adingra,Sunderland AFC,22000000,22.0,2026-06-01,https://www.transfermarkt.co.uk/simon-adingra/profil/spieler/658536,high,1.0,1.0,provider_id_crosswalk,transfermarkt_dataset
261,T. Kehrer,Jan Thilo Kehrer,Monaco,Ligue 1,228948,Thilo Kehrer,AS Monaco,12000000,12.0,2026-06-01,https://www.transfermarkt.co.uk/thilo-kehrer/profil/spieler/228948,high,1.0,1.0,provider_id_crosswalk,transfermarkt_dataset
1101,T. Minamino,Takumi Minamino,Monaco,Ligue 1,165793,Takumi Minamino,AS Monaco,10000000,10.0,2026-06-01,https://www.transfermarkt.co.uk/takumi-minamino/profil/spieler/165793,high,1.0,1.0,provider_id_crosswalk,transfermarkt_dataset
291649,Vanderson,Vanderson de Oliveira Campos,Monaco,Ligue 1,789082,Vanderson,AS Monaco,18000000,18.0,2026-06-01,https://www.transfermarkt.co.uk/vanderson/profil/spieler/789082,high,1.0,1.0,provider_id_crosswalk,transfermarkt_dataset
8694,W. Faes,Wout Felix Lina Faes,Monaco,Ligue 1,292808,Wout Faes,AS Monaco,10000000,10.0,2026-06-01,https://www.transfermarkt.co.uk/wout-faes/profil/spieler/292808,high,1.0,1.0,provider_id_crosswalk,transfermarkt_dataset
647,Anthony Lopes,Anthony Lopes,Nantes,Ligue 1,60561,Anthony Lopes,FC Nantes,900000,0.9,2026-06-01,https://www.transfermarkt.co.uk/anthony-lopes/profil/spieler/60561,high,1.0,1.0,provider_id_crosswalk,transfermarkt_dataset
50026,C. Awaziem,Chidozie Collins Awaziem,Nantes,Ligue 1,358143,Chidozie Awaziem,FC Nantes,2500000,2.5,2026-06-01,https://www.transfermarkt.co.uk/chidozie-awaziem/profil/spieler/358143,high,1.0,1.0,provider_id_crosswalk,transfermarkt_dataset
388779,D. Assoumani,Dehmaine Tabibou Assoumani,Nantes,Ligue 1,1004619,Dehmaine Tabibou,FC Nantes,5000000,5.0,2026-06-01,https://www.transfermarkt.co.uk/dehmaine-tabibou/profil/spieler/1004619,high,0.9058,0.9058,name_club_age,transfermarkt_dataset
2483,D. Machado,Deiver Andrés Machado Mena,Nantes,Ligue 1,332560,Deiver Machado,RC Lens,1800000,1.8,2026-06-01,https://www.transfermarkt.co.uk/deiver-machado/profil/spieler/332560,high,1.0,1.0,provider_id_crosswalk,transfermarkt_dataset
20654,F. Centonze,Fabien Centonze,Nantes,Ligue 1,384859,Fabien Centonze,FC Nantes,1000000,1.0,2026-06-01,https://www.transfermarkt.co.uk/fabien-centonze/profil/spieler/384859,high,1.0,1.0,provider_id_crosswalk,transfermarkt_dataset
924,F. Coquelin,Francis Joseph Coquelin,Nantes,Ligue 1,74869,Francis Coquelin,FC Nantes,700000,0.7,2026-06-01,https://www.transfermarkt.co.uk/francis-coquelin/profil/spieler/74869,high,1.0,1.0,provider_id_crosswalk,transfermarkt_dataset
21636,F. Guilbert,Frédéric Guilbert,Nantes,Ligue 1,354352,Frédéric Guilbert,FC Nantes,800000,0.8,2026-06-01,https://www.transfermarkt.co.uk/frederic-guilbert/profil/spieler/354352,high,1.0,1.0,provider_id_crosswalk,transfermarkt_dataset
22177,I. Ganago,Ignatius Kpene Ganago,Nantes,Ligue 1,531949,Ignatius Ganago,FC Nantes,2000000,2.0,2026-06-01,https://www.transfermarkt.co.uk/ignatius-ganago/profil/spieler/531949,high,1.0,1.0,provider_id_crosswalk,transfermarkt_dataset
22260,I. Sissoko,Ibrahima Sissoko,Nantes,Ligue 1,372712,Ibrahima Sissoko,FC Nantes,2000000,2.0,2026-06-01,https://www.transfermarkt.co.uk/ibrahima-sissoko/profil/spieler/372712,high,1.0,1.0,provider_id_crosswalk,transfermarkt_dataset
193952,J. Lepenant,Johann Théo Tom Lepenant,Nantes,Ligue 1,585973,Johann Lepenant,FC Nantes,7000000,7.0,2026-06-01,https://www.transfermarkt.co.uk/johann-lepenant/profil/spieler/585973,high,1.0,1.0,provider_id_crosswalk,transfermarkt_dataset
282549,J. Mwanga,Junior Mwanga,Nantes,Ligue 1,1011200,Junior Mwanga,RC Strasbourg Alsace,6000000,6.0,2026-06-01,https://www.transfermarkt.co.uk/junior-mwanga/profil/spieler/1011200,high,1.0,1.0,provider_id_crosswalk,transfermarkt_dataset
22134,K. Amian,Kelvin Amian Adou,Nantes,Ligue 1,344072,Kelvin Amian,FC Nantes,2000000,2.0,2026-06-01,https://www.transfermarkt.co.uk/kelvin-amian/profil/spieler/344072,high,1.0,1.0,provider_id_crosswalk,transfermarkt_dataset
137296,Kwon Hyeok-Kyu,Hyeok-Kyu Kwon,Nantes,Ligue 1,550957,Hyeok-kyu Kwon,FC Nantes,1000000,1.0,2026-06-01,https://www.transfermarkt.co.uk/hyeok-kyu-kwon/profil/spieler/550957,high,1.0,1.0,provider_id_crosswalk,transfermarkt_dataset
443674,Louis Leroux,Louis Leroux,Nantes,Ligue 1,1119456,Louis Leroux,FC Nantes,10000000,10.0,2026-06-01,https://www.transfermarkt.co.uk/louis-leroux/profil/spieler/1119456,high,1.0,1.0,provider_id_crosswalk,transfermarkt_dataset
161622,M. Abline,Matthis Abline,Nantes,Ligue 1,659543,Matthis Abline,FC Nantes,20000000,20.0,2026-06-01,https://www.transfermarkt.co.uk/matthis-abline/profil/spieler/659543,high,1.0,1.0,provider_id_crosswalk,transfermarkt_dataset
197779,M. Kaba,Mohamed Kaba,Nantes,Ligue 1,911328,Mohamed Kaba,US Lecce,2500000,2.5,2026-06-01,https://www.transfermarkt.co.uk/mohamed-kaba/profil/spieler/911328,high,1.0,1.0,provider_id_crosswalk,transfermarkt_dataset
266200,M. Lahdo,Mayckel Lahdo,Nantes,Ligue 1,795274,Mayckel Lahdo,FC Nantes,2700000,2.7,2026-05-25,https://www.transfermarkt.co.uk/mayckel-lahdo/profil/spieler/795274,high,1.0,1.0,provider_id_crosswalk,transfermarkt_dataset
2668,Mostafa Mohamed,Mostafa Mohamed Ahmed Abdallah,Nantes,Ligue 1,462348,Mostafa Mohamed,FC Nantes,3500000,3.5,2026-06-01,https://www.transfermarkt.co.uk/mostafa-mohamed/profil/spieler/462348,high,1.0,1.0,provider_id_crosswalk,transfermarkt_dataset
21570,N. Cozza,Nicolas Louis Marcel Cozza,Nantes,Ligue 1,485965,Nicolas Cozza,FC Nantes,2500000,2.5,2026-06-01,https://www.transfermarkt.co.uk/nicolas-cozza/profil/spieler/485965,high,1.0,1.0,provider_id_crosswalk,transfermarkt_dataset
22093,R. Cabella,Rémy Joseph Cabella,Nantes,Ligue 1,113707,Rémy Cabella,Olympiakos Syndesmos Filathlon Peiraios,1200000,1.2,2026-06-01,https://www.transfermarkt.co.uk/remy-cabella/profil/spieler/113707,high,1.0,1.0,provider_id_crosswalk,transfermarkt_dataset
522609,T. Tati,Tylel Tati,Nantes,Ligue 1,1241207,Tylel Tati,FC Nantes,25000000,25.0,2026-06-01,https://www.transfermarkt.co.uk/tylel-tati/profil/spieler/1241207,high,1.0,1.0,provider_id_crosswalk,transfermarkt_dataset
42086,Y. El-Arabi,Youssef El-Arabi,Nantes,Ligue 1,96533,Youssef El Arabi,FC Nantes,100000,0.1,2026-06-01,https://www.transfermarkt.co.uk/youssef-el-arabi/profil/spieler/96533,high,1.0,1.0,provider_id_crosswalk,transfermarkt_dataset
313937,A. Mendy,Antoine Mendy,Nice,Ligue 1,891998,Antoine Mendy,OGC Nice,10000000,10.0,2026-06-01,https://www.transfermarkt.co.uk/antoine-mendy/profil/spieler/891998,high,1.0,1.0,provider_id_crosswalk,transfermarkt_dataset
449509,Abdulay Bah,Abdulai Juma Bah,Nice,Ligue 1,1121298,Juma Bah,OGC Nice,10000000,10.0,2026-06-01,https://www.transfermarkt.co.uk/juma-bah/profil/spieler/1121298,high,1.0,1.0,provider_id_crosswalk,transfermarkt_dataset
8680,C. Vanhoutte,Charles Vanhoutte,Nice,Ligue 1,569845,Charles Vanhoutte,Union Saint-Gilloise,7000000,7.0,2026-06-01,https://www.transfermarkt.co.uk/charles-vanhoutte/profil/spieler/569845,high,1.0,1.0,provider_id_crosswalk,transfermarkt_dataset
22163,Dante,Dante Bonfim Costa Santos,Nice,Ligue 1,16136,Dante,OGC Nice,500000,0.5,2026-06-01,https://www.transfermarkt.co.uk/dante/profil/spieler/16136,high,1.0,1.0,provider_id_crosswalk,transfermarkt_dataset
162707,E. Wahi,Sepe Elye Wahi,Nice,Ligue 1,659542,Elye Wahi,OGC Nice,18000000,18.0,2026-06-01,https://www.transfermarkt.co.uk/elye-wahi/profil/spieler/659542,high,1.0,1.0,provider_id_crosswalk,transfermarkt_dataset
4399,H. Boudaoui,Hicham Boudaoui,Nice,Ligue 1,560593,Hicham Boudaoui,OGC Nice,12000000,12.0,2026-06-01,https://www.transfermarkt.co.uk/hicham-boudaoui/profil/spieler/560593,high,0.97,0.97,name_club_age,transfermarkt_dataset
105154,I. Jansson,Isak Alexander Jansson,Nice,Ligue 1,535820,Isak Jansson,OGC Nice,4000000,4.0,2026-06-01,https://www.transfermarkt.co.uk/isak-jansson/profil/spieler/535820,high,1.0,1.0,provider_id_crosswalk,transfermarkt_dataset
25008,J. Clauss,Jonathan Clauss,Nice,Ligue 1,175639,Jonathan Clauss,OGC Nice,4000000,4.0,2026-06-01,https://www.transfermarkt.co.uk/jonathan-clauss/profil/spieler/175639,high,1.0,1.0,provider_id_crosswalk,transfermarkt_dataset
405237,K. Boudache,Kaïl Boudache,Nice,Ligue 1,1097113,Kaïl Boudache,OGC Nice,5000000,5.0,2026-06-01,https://www.transfermarkt.co.uk/kail-boudache/profil/spieler/1097113,medium,0.83,0.83,name_club_age,transfermarkt_dataset
404172,K. Peprah Oppong,Kojo Peprah Oppong,Nice,Ligue 1,1113451,Kojo Peprah Oppong,OGC Nice,10000000,10.0,2026-06-01,https://www.transfermarkt.co.uk/kojo-peprah-oppong/profil/spieler/1113451,high,1.0,1.0,provider_id_crosswalk,transfermarkt_dataset
188319,Kevin Carlos,Kevin Carlos Omoruyi Benjamin,Nice,Ligue 1,718201,Kevin Carlos,FC Basel 1893,4000000,4.0,2026-06-01,https://www.transfermarkt.co.uk/kevin-carlos/profil/spieler/718201,high,1.0,1.0,provider_id_crosswalk,transfermarkt_dataset
162465,M. Bard,Melvin Michel Maxence Bard,Nice,Ligue 1,532775,Melvin Bard,OGC Nice,10000000,10.0,2026-06-01,https://www.transfermarkt.co.uk/melvin-bard/profil/spieler/532775,high,1.0,1.0,provider_id_crosswalk,transfermarkt_dataset
274312,M. Cho,Mohamed-Ali Cho,Nice,Ligue 1,670847,Mohamed-Ali Cho,OGC Nice,15000000,15.0,2026-06-01,https://www.transfermarkt.co.uk/mohamed-ali-cho/profil/spieler/670847,high,1.0,1.0,provider_id_crosswalk,transfermarkt_dataset
21079,M. Dupé,Maxime Dupé,Nice,Ligue 1,127188,Maxime Dupé,OGC Nice,700000,0.7,2026-06-01,https://www.transfermarkt.co.uk/maxime-dupe/profil/spieler/127188,high,1.0,1.0,provider_id_crosswalk,transfermarkt_dataset
1914,M. Sanson,Morgan Stéphane Sanson,Nice,Ligue 1,174094,Morgan Sanson,OGC Nice,3500000,3.5,2026-06-01,https://www.transfermarkt.co.uk/morgan-sanson/profil/spieler/174094,high,1.0,1.0,provider_id_crosswalk,transfermarkt_dataset
128987,S. Abdul Samed,Salis Abdul Samed,Nice,Ligue 1,688707,Salis Abdul Samed,OGC Nice,4000000,4.0,2026-06-01,https://www.transfermarkt.co.uk/salis-abdul-samed/profil/spieler/688707,high,1.0,1.0,provider_id_crosswalk,transfermarkt_dataset
107,S. Diop,Sofiane Diop,Nice,Ligue 1,569389,Sofiane Diop,OGC Nice,15000000,15.0,2026-06-01,https://www.transfermarkt.co.uk/sofiane-diop/profil/spieler/569389,high,1.0,1.0,provider_id_crosswalk,transfermarkt_dataset
193617,T. Louchet,Tom Alexis Louchet,Nice,Ligue 1,750904,Tom Louchet,OGC Nice,7000000,7.0,2026-06-01,https://www.transfermarkt.co.uk/tom-louchet/profil/spieler/750904,high,1.0,1.0,provider_id_crosswalk,transfermarkt_dataset
69971,T. Moffi,Teremas Igobor Moffi,Nice,Ligue 1,538874,Terem Moffi,OGC Nice,8000000,8.0,2026-05-28,https://www.transfermarkt.co.uk/terem-moffi/profil/spieler/538874,high,1.0,1.0,provider_id_crosswalk,transfermarkt_dataset
158065,Tiago Gouveia,Tiago Maria Antunes Gouveia,Nice,Ligue 1,479638,Tiago Gouveia,OGC Nice,3500000,3.5,2026-06-01,https://www.transfermarkt.co.uk/tiago-gouveia/profil/spieler/479638,high,1.0,1.0,provider_id_crosswalk,transfermarkt_dataset
20566,Y. Diouf,Yehvann Diouf,Nice,Ligue 1,448632,Yehvann Diouf,OGC Nice,7000000,7.0,2026-06-01,https://www.transfermarkt.co.uk/yehvann-diouf/profil/spieler/448632,high,1.0,1.0,provider_id_crosswalk,transfermarkt_dataset
84218,A. Camara,Adama Mohamed Camara,Paris FC,Ligue 1,973949,Adama Camara,Paris FC,3000000,3.0,2026-06-01,https://www.transfermarkt.co.uk/adama-camara/profil/spieler/973949,high,1.0,1.0,provider_id_crosswalk,transfermarkt_dataset
20704,A. Gory,Alimami Gory,Paris FC,Ligue 1,435492,Alimami Gory,Paris FC,1500000,1.5,2026-06-01,https://www.transfermarkt.co.uk/alimami-gory/profil/spieler/435492,high,1.0,1.0,provider_id_crosswalk,transfermarkt_dataset
1863,C. Immobile,Ciro Immobile,Paris FC,Ligue 1,105521,Ciro Immobile,Bologna Football Club 1909,1800000,1.8,2026-06-01,https://www.transfermarkt.co.uk/ciro-immobile/profil/spieler/105521,high,1.0,1.0,provider_id_crosswalk,transfermarkt_dataset
342063,D. Coppola,Diego Coppola,Paris FC,Ligue 1,660860,Diego Coppola,Paris FC,18000000,18.0,2026-06-01,https://www.transfermarkt.co.uk/diego-coppola/profil/spieler/660860,high,1.0,1.0,provider_id_crosswalk,transfermarkt_dataset
2202,H. Traoré,Hamari Traoré,Paris FC,Ligue 1,297070,Hamari Traoré,Paris FC,1500000,1.5,2026-06-01,https://www.transfermarkt.co.uk/hamari-traore/profil/spieler/297070,high,1.0,0.3318,name_club_age,transfermarkt_dataset
83831,I. Kebbal,Ilan Kais Kebbal,Paris FC,Ligue 1,739769,Ilan Kebbal,Paris FC,12000000,12.0,2026-06-01,https://www.transfermarkt.co.uk/ilan-kebbal/profil/spieler/739769,high,1.0,1.0,provider_id_crosswalk,transfermarkt_dataset
22842,J. Krasso,Jean-Philippe Krasso,Paris FC,Ligue 1,358515,Jean-Philippe Krasso,Paris FC,3500000,3.5,2026-06-01,https://www.transfermarkt.co.uk/jean-philippe-krasso/profil/spieler/358515,high,1.0,1.0,provider_id_crosswalk,transfermarkt_dataset
1800,K. Trapp,Kevin Christian Trapp,Paris FC,Ligue 1,45672,Kevin Trapp,Paris FC,1800000,1.8,2026-06-01,https://www.transfermarkt.co.uk/kevin-trapp/profil/spieler/45672,high,1.0,1.0,provider_id_crosswalk,transfermarkt_dataset
1910,M. Lopez,Maxime Baila Lopez,Paris FC,Ligue 1,290862,Maxime Lopez,Paris FC,5000000,5.0,2026-06-01,https://www.transfermarkt.co.uk/maxime-lopez/profil/spieler/290862,high,1.0,1.0,provider_id_crosswalk,transfermarkt_dataset
174881,M. Mbow,Mamadou Moustapha Mbow,Paris FC,Ligue 1,649026,Moustapha Mbow,Paris FC,9000000,9.0,2026-06-01,https://www.transfermarkt.co.uk/moustapha-mbow/profil/spieler/649026,high,1.0,1.0,provider_id_crosswalk,transfermarkt_dataset
2781,M. Simon,Moses Daddy-Ajala Simon,Paris FC,Ligue 1,274862,Moses Simon,Paris FC,7000000,7.0,2026-06-01,https://www.transfermarkt.co.uk/moses-simon/profil/spieler/274862,high,1.0,1.0,provider_id_crosswalk,transfermarkt_dataset
389322,N. Sangui,Nhoa Sangui,Paris FC,Ligue 1,955281,Nhoa Sangui,Paris FC,10000000,10.0,2026-06-01,https://www.transfermarkt.co.uk/nhoa-sangui/profil/spieler/955281,high,1.0,1.0,provider_id_crosswalk,transfermarkt_dataset
194981,O. Nkambadio,Obed Nkambadio,Paris FC,Ligue 1,750878,Obed Nkambadio,Paris FC,5000000,5.0,2026-06-01,https://www.transfermarkt.co.uk/obed-nkambadio/profil/spieler/750878,high,1.0,1.0,provider_id_crosswalk,transfermarkt_dataset
266013,Otávio,Otávio Ataide da Silva,Paris FC,Ligue 1,818495,Otávio,Paris FC,10000000,10.0,2026-06-01,https://www.transfermarkt.co.uk/otavio/profil/spieler/818495,high,1.0,1.0,provider_id_crosswalk,transfermarkt_dataset
22170,P. Lees-Melou,Pierre Lees-Melou,Paris FC,Ligue 1,377393,Pierre Lees-Melou,Stade Brestois 29,4500000,4.5,2026-06-01,https://www.transfermarkt.co.uk/pierre-lees-melou/profil/spieler/377393,high,0.946,0.946,name_club_age,transfermarkt_dataset
496896,R. Matondo,Rudy Matondo,Paris FC,Ligue 1,1241211,Rudy Matondo,AJ Auxerre,20000000,20.0,2026-06-01,https://www.transfermarkt.co.uk/rudy-matondo/profil/spieler/1241211,high,1.0,1.0,provider_id_crosswalk,transfermarkt_dataset
20869,S. Chergui,Samir Sophian Chergui,Paris FC,Ligue 1,668167,Samir Chergui,Paris FC,3000000,3.0,2026-06-01,https://www.transfermarkt.co.uk/samir-chergui/profil/spieler/668167,high,1.0,1.0,provider_id_crosswalk,transfermarkt_dataset
8474,T. De Smet,Thibault De Smet,Paris FC,Ligue 1,340177,Thibault De Smet,Paris FC,1800000,1.8,2026-06-01,https://www.transfermarkt.co.uk/thibault-de-smet/profil/spieler/340177,high,1.0,1.0,provider_id_crosswalk,transfermarkt_dataset
22086,T. Kolodziejczak,Timothée Kolodziejczak,Paris FC,Ligue 1,84085,Timothée Kolodziejczak,Paris FC,150000,0.15,2026-06-01,https://www.transfermarkt.co.uk/timothee-kolodziejczak/profil/spieler/84085,high,1.0,1.0,name_club_age,transfermarkt_dataset
55819,T. Ollila,Tuomas Ollila,Paris FC,Ligue 1,433887,Tuomas Ollila,Paris FC,400000,0.4,2026-06-01,https://www.transfermarkt.co.uk/tuomas-ollila/profil/spieler/433887,high,1.0,1.0,provider_id_crosswalk,transfermarkt_dataset
20925,V. Marchetti,Vincent Marchetti,Paris FC,Ligue 1,374040,Vincent Marchetti,Paris FC,1500000,1.5,2026-06-01,https://www.transfermarkt.co.uk/vincent-marchetti/profil/spieler/374040,high,1.0,1.0,provider_id_crosswalk,transfermarkt_dataset
120,W. Geubbels,Willem Davnis Louis Didier Geubbels,Paris FC,Ligue 1,463620,Willem Geubbels,Paris FC,5000000,5.0,2026-06-01,https://www.transfermarkt.co.uk/willem-geubbels/profil/spieler/463620,high,1.0,1.0,provider_id_crosswalk,transfermarkt_dataset
9,A. Hakimi,Achraf Hakimi Mouh,Paris Saint Germain,Ligue 1,398073,Achraf Hakimi,Paris Saint-Germain,80000000,80.0,2026-06-01,https://www.transfermarkt.co.uk/achraf-hakimi/profil/spieler/398073,high,1.0,1.0,provider_id_crosswalk,transfermarkt_dataset
161904,B. Barcola,Bradley Barcola,Paris Saint Germain,Ligue 1,708265,Bradley Barcola,Paris Saint-Germain,70000000,70.0,2026-06-01,https://www.transfermarkt.co.uk/bradley-barcola/profil/spieler/708265,high,1.0,1.0,provider_id_crosswalk,transfermarkt_dataset
307835,Beraldo,Lucas Lopes Beraldo,Paris Saint Germain,Ligue 1,872171,Lucas Beraldo,Paris Saint-Germain,22000000,22.0,2026-06-01,https://www.transfermarkt.co.uk/lucas-beraldo/profil/spieler/872171,high,1.0,1.0,provider_id_crosswalk,transfermarkt_dataset
343027,D. Doué,Désiré Doué,Paris Saint Germain,Ligue 1,914562,Désiré Doué,Paris Saint-Germain,120000000,120.0,2026-06-01,https://www.transfermarkt.co.uk/desire-doue/profil/spieler/914562,high,1.0,1.0,provider_id_crosswalk,transfermarkt_dataset
328,Fabián Ruiz,Fabián Ruiz Peña,Paris Saint Germain,Ligue 1,350219,Fabián Ruiz,Paris Saint-Germain,30000000,30.0,2026-06-01,https://www.transfermarkt.co.uk/fabian-ruiz/profil/spieler/350219,high,1.0,1.0,provider_id_crosswalk,transfermarkt_dataset
41585,Gonçalo Ramos,Gonçalo Matias Ramos,Paris Saint Germain,Ligue 1,550550,Gonçalo Ramos,Paris Saint-Germain,30000000,30.0,2026-06-01,https://www.transfermarkt.co.uk/goncalo-ramos/profil/spieler/550550,high,1.0,1.0,provider_id_crosswalk,transfermarkt_dataset
446249,I. Mbaye,Ibrahim Mbaye,Paris Saint Germain,Ligue 1,1185888,Ibrahim Mbaye,Paris Saint-Germain,30000000,30.0,2026-06-01,https://www.transfermarkt.co.uk/ibrahim-mbaye/profil/spieler/1185888,high,1.0,1.0,provider_id_crosswalk,transfermarkt_dataset
161671,I. Zabarnyi,Illia Zabarnyi,Paris Saint Germain,Ligue 1,659089,Ilya Zabarnyi,Paris Saint-Germain,40000000,40.0,2026-06-01,https://www.transfermarkt.co.uk/ilya-zabarnyi/profil/spieler/659089,high,1.0,1.0,provider_id_crosswalk,transfermarkt_dataset
335051,João Neves,João Pedro Gonçalves Neves,Paris Saint Germain,Ligue 1,670681,João Neves,Paris Saint-Germain,140000000,140.0,2026-06-01,https://www.transfermarkt.co.uk/joao-neves/profil/spieler/670681,high,1.0,1.0,provider_id_crosswalk,transfermarkt_dataset
483,K. Kvaratskhelia,Khvicha Kvaratskhelia,Paris Saint Germain,Ligue 1,502670,Khvicha Kvaratskhelia,Paris Saint-Germain,140000000,140.0,2026-06-01,https://www.transfermarkt.co.uk/khvicha-kvaratskhelia/profil/spieler/502670,high,1.0,1.0,provider_id_crosswalk,transfermarkt_dataset
162453,L. Chevalier,Lucas Chevalier,Paris Saint Germain,Ligue 1,463600,Lucas Chevalier,Paris Saint-Germain,25000000,25.0,2026-06-01,https://www.transfermarkt.co.uk/lucas-chevalier/profil/spieler/463600,high,1.0,1.0,provider_id_crosswalk,transfermarkt_dataset
33,L. Hernández,Lucas François Bernard Hernández,Paris Saint Germain,Ligue 1,281963,Lucas Hernández,Paris Saint-Germain,18000000,18.0,2026-06-01,https://www.transfermarkt.co.uk/lucas-hernandez/profil/spieler/281963,high,1.0,1.0,provider_id_crosswalk,transfermarkt_dataset
927,Lee Kang-In,Kang-In Lee,Paris Saint Germain,Ligue 1,557149,Kang-in Lee,Paris Saint-Germain,28000000,28.0,2026-06-01,https://www.transfermarkt.co.uk/kang-in-lee/profil/spieler/557149,high,1.0,1.0,provider_id_crosswalk,transfermarkt_dataset
2068,M. Safonov,Matvey Safonov,Paris Saint Germain,Ligue 1,318470,Matvey Safonov,Paris Saint-Germain,30000000,30.0,2026-06-01,https://www.transfermarkt.co.uk/matvey-safonov/profil/spieler/318470,high,1.0,1.0,provider_id_crosswalk,transfermarkt_dataset
263482,Nuno Mendes,Nuno Alexandre Tavares Mendes,Paris Saint Germain,Ligue 1,616341,Nuno Mendes,Paris Saint-Germain,80000000,80.0,2026-06-01,https://www.transfermarkt.co.uk/nuno-mendes/profil/spieler/616341,high,1.0,0.3514,name_club_age,transfermarkt_dataset
153,O. Dembélé,Masour Ousmane Dembélé,Paris Saint Germain,Ligue 1,288230,Ousmane Dembélé,Paris Saint-Germain,100000000,100.0,2026-06-01,https://www.transfermarkt.co.uk/ousmane-dembele/profil/spieler/288230,high,1.0,1.0,provider_id_crosswalk,transfermarkt_dataset
491087,Pedro Fernández,Pedro Fernández Sarmiento,Paris Saint Germain,Ligue 1,1071596,Dro Fernández,FC Barcelona,10000000,10.0,2026-06-01,https://www.transfermarkt.co.uk/dro-fernandez/profil/spieler/1071596,high,1.0,1.0,provider_id_crosswalk,transfermarkt_dataset
471107,Quentin Ndjantou Mbitcha,Quentin Ndjantou Mbitcha,Paris Saint Germain,Ligue 1,1053208,Quentin Ndjantou,Paris Saint-Germain,8000000,8.0,2026-06-01,https://www.transfermarkt.co.uk/quentin-ndjantou/profil/spieler/1053208,high,1.0,1.0,provider_id_crosswalk,transfermarkt_dataset
409216,Senny Mayulu,Senny Mayulu,Paris Saint Germain,Ligue 1,903693,Senny Mayulu,Paris Saint-Germain,40000000,40.0,2026-06-01,https://www.transfermarkt.co.uk/senny-mayulu/profil/spieler/903693,high,1.0,1.0,provider_id_crosswalk,transfermarkt_dataset
128384,Vitinha,Vítor Machado Ferreira,Paris Saint Germain,Ligue 1,487469,Vitinha,Paris Saint-Germain,140000000,140.0,2026-06-01,https://www.transfermarkt.co.uk/vitinha/profil/spieler/487469,high,1.0,1.0,provider_id_crosswalk,transfermarkt_dataset
16367,W. Pacho,Willian Joel Pacho Tenorio,Paris Saint Germain,Ligue 1,661171,Willian Pacho,Paris Saint-Germain,80000000,80.0,2026-06-01,https://www.transfermarkt.co.uk/willian-pacho/profil/spieler/661171,high,1.0,1.0,provider_id_crosswalk,transfermarkt_dataset
336657,W. Zaïre-Emery,Warren Zaïre-Emery,Paris Saint Germain,Ligue 1,810092,Warren Zaïre-Emery,Paris Saint-Germain,80000000,80.0,2026-06-01,https://www.transfermarkt.co.uk/warren-zaire-emery/profil/spieler/810092,high,1.0,1.0,provider_id_crosswalk,transfermarkt_dataset
417830,A. Ait Boudlal,Abdelhamid Aït Boudlal,Rennes,Ligue 1,1134251,Abdelhamid Ait Boudlal,Stade Rennais FC,12000000,12.0,2026-06-01,https://www.transfermarkt.co.uk/abdelhamid-ait-boudlal/profil/spieler/1134251,high,1.0,1.0,provider_id_crosswalk,transfermarkt_dataset
22097,A. Nordin,Arnaud Dominique Nordin,Rennes,Ligue 1,324811,Arnaud Nordin,Stade Rennais FC,4000000,4.0,2026-06-01,https://www.transfermarkt.co.uk/arnaud-nordin/profil/spieler/324811,high,1.0,1.0,provider_id_crosswalk,transfermarkt_dataset
129681,A. Rouault,Anthony Rouault,Rennes,Ligue 1,690799,Anthony Rouault,Stade Rennais FC,12000000,12.0,2026-06-01,https://www.transfermarkt.co.uk/anthony-rouault/profil/spieler/690799,high,1.0,1.0,provider_id_crosswalk,transfermarkt_dataset
196187,A. Seidu,Alidu Seidu,Rennes,Ligue 1,798404,Alidu Seidu,Stade Rennais FC,6000000,6.0,2026-06-01,https://www.transfermarkt.co.uk/alidu-seidu/profil/spieler/798404,high,1.0,1.0,provider_id_crosswalk,transfermarkt_dataset
421,B. Embolo,Breel Donald Embolo,Rennes,Ligue 1,237662,Breel Embolo,Stade Rennais FC,15000000,15.0,2026-06-01,https://www.transfermarkt.co.uk/breel-embolo/profil/spieler/237662,high,1.0,1.0,provider_id_crosswalk,transfermarkt_dataset
21628,B. Samba,Brice Lauriche Samba,Rennes,Ligue 1,191056,Brice Samba,Stade Rennais FC,7000000,7.0,2026-06-01,https://www.transfermarkt.co.uk/brice-samba/profil/spieler/191056,high,1.0,1.0,provider_id_crosswalk,transfermarkt_dataset
163004,E. Lepaul,Esteban Lepaul,Rennes,Ligue 1,461607,Estéban Lepaul,Stade Rennais FC,35000000,35.0,2026-06-01,https://www.transfermarkt.co.uk/esteban-lepaul/profil/spieler/461607,high,1.0,1.0,provider_id_crosswalk,transfermarkt_dataset
367636,J. Jacquet,Jérémy Jacquet,Rennes,Ligue 1,1004301,Jérémy Jacquet,Stade Rennais FC,55000000,55.0,2026-06-01,https://www.transfermarkt.co.uk/jeremy-jacquet/profil/spieler/1004301,high,1.0,1.0,provider_id_crosswalk,transfermarkt_dataset
21497,L. Blas,Ludovic Régis Arsène Blas,Rennes,Ligue 1,288225,Ludovic Blas,Stade Rennais FC,10000000,10.0,2026-06-01,https://www.transfermarkt.co.uk/ludovic-blas/profil/spieler/288225,high,1.0,1.0,provider_id_crosswalk,transfermarkt_dataset
126757,L. Brassier,Lilian Brassier,Rennes,Ligue 1,485960,Lilian Brassier,Stade Rennais FC,12000000,12.0,2026-06-01,https://www.transfermarkt.co.uk/lilian-brassier/profil/spieler/485960,high,1.0,1.0,provider_id_crosswalk,transfermarkt_dataset
24147,M. Camara,Mahdi Camara,Rennes,Ligue 1,324795,Mahdi Camara,Stade Rennais FC,12000000,12.0,2026-06-01,https://www.transfermarkt.co.uk/mahdi-camara/profil/spieler/324795,high,1.0,1.0,provider_id_crosswalk,transfermarkt_dataset
449662,M. Meïté,Mohamed Kader Meïté,Rennes,Ligue 1,1141560,Kader Meïté,Stade Rennais FC,18000000,18.0,2026-06-04,https://www.transfermarkt.co.uk/kader-meite/profil/spieler/1141560,high,1.0,1.0,provider_id_crosswalk,transfermarkt_dataset
438281,M. Nagida,Mahamadou Aboubakar Nagida,Rennes,Ligue 1,1176345,Mahamadou Nagida,Stade Rennais FC,7000000,7.0,2026-06-01,https://www.transfermarkt.co.uk/mahamadou-nagida/profil/spieler/1176345,high,1.0,1.0,provider_id_crosswalk,transfermarkt_dataset
15286,Mousa Tamari,Mousa Mohammad Mousa Sulaiman Al Tamari,Rennes,Ligue 1,551505,Mousa Tamari,Stade Rennais FC,10000000,10.0,2026-06-01,https://www.transfermarkt.co.uk/mousa-tamari/profil/spieler/551505,high,1.0,1.0,provider_id_crosswalk,transfermarkt_dataset
3007,P. Frankowski,Przemysław Adam Frankowski,Rennes,Ligue 1,239743,Przemyslaw Frankowski,Stade Rennais FC,6000000,6.0,2026-06-01,https://www.transfermarkt.co.uk/przemyslaw-frankowski/profil/spieler/239743,high,1.0,1.0,provider_id_crosswalk,transfermarkt_dataset
272460,Q. Merlin,Quentin Merlin,Rennes,Ligue 1,557613,Quentin Merlin,Stade Rennais FC,15000000,15.0,2026-06-01,https://www.transfermarkt.co.uk/quentin-merlin/profil/spieler/557613,high,1.0,1.0,provider_id_crosswalk,transfermarkt_dataset
30807,S. Fofana,Seko Mohamed Fofana,Rennes,Ligue 1,182893,Seko Fofana,Stade Rennais FC,8000000,8.0,2026-05-28,https://www.transfermarkt.co.uk/seko-fofana/profil/spieler/182893,high,1.0,1.0,provider_id_crosswalk,transfermarkt_dataset
40403,S. Szymański,Sebastian Szymański,Rennes,Ligue 1,320748,Sebastian Szymanski,Stade Rennais FC,12000000,12.0,2026-06-01,https://www.transfermarkt.co.uk/sebastian-szymanski/profil/spieler/320748,high,1.0,1.0,provider_id_crosswalk,transfermarkt_dataset
21102,V. Rongier,Valentin Rongier,Rennes,Ligue 1,332889,Valentin Rongier,Stade Rennais FC,8000000,8.0,2026-06-01,https://www.transfermarkt.co.uk/valentin-rongier/profil/spieler/332889,high,1.0,1.0,provider_id_crosswalk,transfermarkt_dataset
20546,B. Chardonnet,Brendan Chardonnet,Stade Brestois 29,Ligue 1,250779,Brendan Chardonnet,Stade Brestois 29,4000000,4.0,2026-06-01,https://www.transfermarkt.co.uk/brendan-chardonnet/profil/spieler/250779,high,1.0,1.0,provider_id_crosswalk,transfermarkt_dataset
274267,B. Locko,Bradley Locko Banzouzi,Stade Brestois 29,Ligue 1,805908,Bradley Locko,Stade Brestois 29,6000000,6.0,2026-06-01,https://www.transfermarkt.co.uk/bradley-locko/profil/spieler/805908,high,1.0,1.0,provider_id_crosswalk,transfermarkt_dataset
302868,D. Guindo,Daouda Guindo,Stade Brestois 29,Ligue 1,671590,Daouda Guindo,Stade Brestois 29,4500000,4.5,2026-06-01,https://www.transfermarkt.co.uk/daouda-guindo/profil/spieler/671590,high,1.0,1.0,provider_id_crosswalk,transfermarkt_dataset
21248,G. Coudert,Grégoire Coudert,Stade Brestois 29,Ligue 1,525155,Grégoire Coudert,Stade Brestois 29,4000000,4.0,2026-06-01,https://www.transfermarkt.co.uk/gregoire-coudert/profil/spieler/525155,high,1.0,1.0,provider_id_crosswalk,transfermarkt_dataset
20558,H. Magnetti,Hugo Magnetti,Stade Brestois 29,Ligue 1,474662,Hugo Magnetti,Stade Brestois 29,6000000,6.0,2026-06-01,https://www.transfermarkt.co.uk/hugo-magnetti/profil/spieler/474662,high,1.0,1.0,provider_id_crosswalk,transfermarkt_dataset
449153,H. Makalou,Hamidou Makalou,Stade Brestois 29,Ligue 1,1200289,Hamidou Makalou,Stade Brestois 29,1000000,1.0,2026-06-01,https://www.transfermarkt.co.uk/hamidou-makalou/profil/spieler/1200289,high,1.0,1.0,provider_id_crosswalk,transfermarkt_dataset
128287,J. Chotard,Joris Chotard,Stade Brestois 29,Ligue 1,624037,Joris Chotard,Stade Brestois 29,7000000,7.0,2026-06-01,https://www.transfermarkt.co.uk/joris-chotard/profil/spieler/624037,high,1.0,1.0,provider_id_crosswalk,transfermarkt_dataset
90594,J. Dina Ebimbe,Éric Junior Dina Ebimbe,Stade Brestois 29,Ligue 1,536482,Junior Dina Ebimbe,Stade Brestois 29,6000000,6.0,2026-06-01,https://www.transfermarkt.co.uk/junior-dina-ebimbe/profil/spieler/536482,high,1.0,1.0,provider_id_crosswalk,transfermarkt_dataset
85914,J. Le Cardinal,Julien Le Cardinal,Stade Brestois 29,Ligue 1,794349,Julien Le Cardinal,Stade Brestois 29,1500000,1.5,2024-06-03,https://www.transfermarkt.co.uk/julien-le-cardinal/profil/spieler/794349,high,1.0,1.0,provider_id_crosswalk,transfermarkt_dataset
326068,K. Doumbia,Kamory Doumbia,Stade Brestois 29,Ligue 1,671594,Kamory Doumbia,Stade Brestois 29,9000000,9.0,2026-06-01,https://www.transfermarkt.co.uk/kamory-doumbia/profil/spieler/671594,high,1.0,1.0,provider_id_crosswalk,transfermarkt_dataset
22247,K. Lala,Kenny Lala,Stade Brestois 29,Ligue 1,174196,Kenny Lala,Stade Brestois 29,1500000,1.5,2026-06-01,https://www.transfermarkt.co.uk/kenny-lala/profil/spieler/174196,high,1.0,1.0,provider_id_crosswalk,transfermarkt_dataset
22264,L. Ajorque,Ludovic Ajorque,Stade Brestois 29,Ligue 1,283994,Ludovic Ajorque,Stade Brestois 29,3000000,3.0,2026-06-01,https://www.transfermarkt.co.uk/ludovic-ajorque/profil/spieler/283994,high,1.0,1.0,provider_id_crosswalk,transfermarkt_dataset
664,L. Tousart,Lucas Simon Pierre Tousart,Stade Brestois 29,Ligue 1,353948,Lucas Tousart,Stade Brestois 29,2000000,2.0,2026-06-01,https://www.transfermarkt.co.uk/lucas-tousart/profil/spieler/353948,high,1.0,1.0,provider_id_crosswalk,transfermarkt_dataset
365742,M. Diaz,Michel Junior Diaz,Stade Brestois 29,Ligue 1,1009596,Junior Diaz,Stade Brestois 29,6000000,6.0,2026-06-01,https://www.transfermarkt.co.uk/junior-diaz/profil/spieler/1009596,medium,0.8428,0.2263,name_club_age,transfermarkt_dataset
41323,Mama Baldé,Mama Samba Baldé,Stade Brestois 29,Ligue 1,325223,Mama Baldé,Stade Brestois 29,3000000,3.0,2026-06-01,https://www.transfermarkt.co.uk/mama-balde/profil/spieler/325223,high,1.0,0.3784,name_club_age,transfermarkt_dataset
375990,P. Mboup,Pathé Mboup,Stade Brestois 29,Ligue 1,979551,Pathé Mboup,Stade Brestois 29,2500000,2.5,2026-06-01,https://www.transfermarkt.co.uk/pathe-mboup/profil/spieler/979551,high,1.0,0.3999,name_club_age,transfermarkt_dataset
2214,R. Del Castillo,Romain Del Castillo,Stade Brestois 29,Ligue 1,353399,Romain Del Castillo,Stade Brestois 29,7000000,7.0,2026-06-01,https://www.transfermarkt.co.uk/romain-del-castillo/profil/spieler/353399,high,1.0,1.0,provider_id_crosswalk,transfermarkt_dataset
326073,R. Labeau Lascary,Rémy Labeau Lascary,Stade Brestois 29,Ligue 1,917778,Rémy Labeau Lascary,Stade Brestois 29,4000000,4.0,2026-06-01,https://www.transfermarkt.co.uk/remy-labeau-lascary/profil/spieler/917778,high,1.0,1.0,provider_id_crosswalk,transfermarkt_dataset
498791,R. Le Guen,Raphaël Marc Le Guen,Stade Brestois 29,Ligue 1,1166473,Raphaël Le Guen,Stade Brestois 29,800000,0.8,2026-06-01,https://www.transfermarkt.co.uk/raphael-le-guen/profil/spieler/1166473,high,1.0,1.0,provider_id_crosswalk,transfermarkt_dataset
40384,R. Majecki,Radosław Majecki,Stade Brestois 29,Ligue 1,346546,Radoslaw Majecki,Stade Brestois 29,2500000,2.5,2026-06-01,https://www.transfermarkt.co.uk/radoslaw-majecki/profil/spieler/346546,high,1.0,1.0,provider_id_crosswalk,transfermarkt_dataset
162568,S. Coulibaly,Soumaïla Coulibaly,Stade Brestois 29,Ligue 1,659513,Soumaïla Coulibaly,Stade Brestois 29,6000000,6.0,2026-06-01,https://www.transfermarkt.co.uk/soumaila-coulibaly/profil/spieler/659513,high,1.0,1.0,provider_id_crosswalk,transfermarkt_dataset
147835,A. Omobamidele,Andrew Abiola Omobamidele,Strasbourg,Ligue 1,621993,Andrew Omobamidele,RC Strasbourg Alsace,8000000,8.0,2026-06-01,https://www.transfermarkt.co.uk/andrew-omobamidele/profil/spieler/621993,high,1.0,1.0,provider_id_crosswalk,transfermarkt_dataset
358166,A. Ouattara,Abdoul Guemissongui Ouattara,Strasbourg,Ligue 1,991487,Abdoul Ouattara,RC Strasbourg Alsace,15000000,15.0,2026-06-01,https://www.transfermarkt.co.uk/abdoul-ouattara/profil/spieler/991487,high,1.0,1.0,provider_id_crosswalk,transfermarkt_dataset
2933,B. Chilwell,Benjamin James Chilwell,Strasbourg,Ligue 1,316125,Ben Chilwell,RC Strasbourg Alsace,10000000,10.0,2026-06-01,https://www.transfermarkt.co.uk/ben-chilwell/profil/spieler/316125,high,1.0,1.0,provider_id_crosswalk,transfermarkt_dataset
335056,Diego Moreira,Diego Manuel Jadon da Silva Moreira,Strasbourg,Ligue 1,655006,Diego Moreira,RC Strasbourg Alsace,25000000,25.0,2026-06-01,https://www.transfermarkt.co.uk/diego-moreira/profil/spieler/655006,high,1.0,1.0,provider_id_crosswalk,transfermarkt_dataset
203762,E. Emegha,Emanuel Esseh Emegha,Strasbourg,Ligue 1,559328,Emmanuel Emegha,RC Strasbourg Alsace,25000000,25.0,2026-06-01,https://www.transfermarkt.co.uk/emmanuel-emegha/profil/spieler/559328,high,1.0,1.0,provider_id_crosswalk,transfermarkt_dataset
325594,F. Lemaréchal,Félix Lemaréchal,Strasbourg,Ligue 1,659518,Félix Lemaréchal,Club Brugge KV,6000000,6.0,2026-06-04,https://www.transfermarkt.co.uk/felix-lemarechal/profil/spieler/659518,high,1.0,1.0,provider_id_crosswalk,transfermarkt_dataset
161747,G. Doué,Guéla Maho Lewis Doué,Strasbourg,Ligue 1,711980,Guéla Doué,RC Strasbourg Alsace,20000000,20.0,2026-06-01,https://www.transfermarkt.co.uk/guela-doue/profil/spieler/711980,high,1.0,1.0,provider_id_crosswalk,transfermarkt_dataset
369544,Gessime Yassine,Gessime Yassine,Strasbourg,Ligue 1,1151929,Gessime Yassine,RC Strasbourg Alsace,12000000,12.0,2026-06-01,https://www.transfermarkt.co.uk/gessime-yassine/profil/spieler/1151929,high,1.0,1.0,provider_id_crosswalk,transfermarkt_dataset
271542,I. Doukouré,Ismaël Landry Doukouré,Strasbourg,Ligue 1,786436,Ismaël Doukouré,RC Strasbourg Alsace,20000000,20.0,2026-06-01,https://www.transfermarkt.co.uk/ismael-doukoure/profil/spieler/786436,high,1.0,1.0,provider_id_crosswalk,transfermarkt_dataset
70747,J. Enciso,Julio César Enciso Espínola,Strasbourg,Ligue 1,660867,Julio Enciso,RC Strasbourg Alsace,25000000,25.0,2026-06-01,https://www.transfermarkt.co.uk/julio-enciso/profil/spieler/660867,high,1.0,1.0,provider_id_crosswalk,transfermarkt_dataset
390742,J. Panichelli,Joaquín Panichelli,Strasbourg,Ligue 1,1064871,Joaquín Panichelli,RC Strasbourg Alsace,35000000,35.0,2026-06-01,https://www.transfermarkt.co.uk/joaquin-panichelli/profil/spieler/1064871,high,1.0,1.0,provider_id_crosswalk,transfermarkt_dataset
406303,K. Páez,Ray Kendry Páez Andrade,Strasbourg,Ligue 1,1052439,Kendry Páez,RC Strasbourg Alsace,8000000,8.0,2026-05-22,https://www.transfermarkt.co.uk/kendry-paez/profil/spieler/1052439,high,1.0,1.0,provider_id_crosswalk,transfermarkt_dataset
396193,L. Høgsberg,Lucas Høgsberg,Strasbourg,Ligue 1,926978,Lucas Høgsberg,FC Nordsjaelland,18000000,18.0,2026-06-01,https://www.transfermarkt.co.uk/lucas-hogsberg/profil/spieler/926978,high,1.0,1.0,provider_id_crosswalk,transfermarkt_dataset
395762,M. Amougou,Mathis Amougou,Strasbourg,Ligue 1,1010854,Mathis Amougou,RC Strasbourg Alsace,9000000,9.0,2026-06-01,https://www.transfermarkt.co.uk/mathis-amougou/profil/spieler/1010854,high,1.0,1.0,provider_id_crosswalk,transfermarkt_dataset
340151,M. Penders,Mike Louis Penders,Strasbourg,Ligue 1,834397,Mike Penders,RC Strasbourg Alsace,25000000,25.0,2026-06-01,https://www.transfermarkt.co.uk/mike-penders/profil/spieler/834397,high,1.0,1.0,provider_id_crosswalk,transfermarkt_dataset
276184,M. Sarr,Mamadou Sarr,Strasbourg,Ligue 1,910905,Mamadou Sarr,Chelsea FC,22000000,22.0,2026-06-03,https://www.transfermarkt.co.uk/mamadou-sarr/profil/spieler/910905,high,1.0,1.0,provider_id_crosswalk,transfermarkt_dataset
345416,Rafael LuÃ­s,Rafael Filipe Gonçalves Soares Luís,Strasbourg,Ligue 1,637803,Rafael Luís,RC Strasbourg Alsace,5000000,5.0,2026-06-01,https://www.transfermarkt.co.uk/rafael-luis/profil/spieler/637803,high,1.0,1.0,provider_id_crosswalk,transfermarkt_dataset
334035,S. Amo-Ameyaw,Samuel Amo-Ameyaw,Strasbourg,Ligue 1,933900,Samuel Amo-Ameyaw,RC Strasbourg Alsace,8000000,8.0,2026-06-01,https://www.transfermarkt.co.uk/samuel-amo-ameyaw/profil/spieler/933900,high,1.0,1.0,provider_id_crosswalk,transfermarkt_dataset
415431,S. El Mourabet,Samir El Mourabet,Strasbourg,Ligue 1,1130514,Samir El Mourabet,RC Strasbourg Alsace,22000000,22.0,2026-06-01,https://www.transfermarkt.co.uk/samir-el-mourabet/profil/spieler/1130514,high,1.0,1.0,provider_id_crosswalk,transfermarkt_dataset
226803,S. Nanasi,Algot Sebastian Nanasi,Strasbourg,Ligue 1,579928,Sebastian Nanasi,RC Strasbourg Alsace,15000000,15.0,2026-06-01,https://www.transfermarkt.co.uk/sebastian-nanasi/profil/spieler/579928,high,1.0,1.0,provider_id_crosswalk,transfermarkt_dataset
319572,V. Barco,Valentín Barco,Strasbourg,Ligue 1,849410,Valentín Barco,RC Strasbourg Alsace,40000000,40.0,2026-06-01,https://www.transfermarkt.co.uk/valentin-barco/profil/spieler/849410,high,1.0,1.0,provider_id_crosswalk,transfermarkt_dataset
39115,A. Dønnum,Aron Leonard Dønnum,Toulouse,Ligue 1,476836,Aron Dønnum,FC Toulouse,5000000,5.0,2026-06-01,https://www.transfermarkt.co.uk/aron-donnum/profil/spieler/476836,high,1.0,1.0,provider_id_crosswalk,transfermarkt_dataset
118345,A. Francis,Abu Francis,Toulouse,Ligue 1,658533,Abu Francis,Cercle Brugge,2000000,2.0,2026-06-01,https://www.transfermarkt.co.uk/abu-francis/profil/spieler/658533,high,1.0,1.0,provider_id_crosswalk,transfermarkt_dataset
514464,A. Vossah,Alexis Vossah,Toulouse,Ligue 1,1200427,Alexis Vossah,FC Toulouse,15000000,15.0,2026-06-01,https://www.transfermarkt.co.uk/alexis-vossah/profil/spieler/1200427,high,1.0,1.0,provider_id_crosswalk,transfermarkt_dataset
278392,C. Cresswell,Charlie Richard Cresswell,Toulouse,Ligue 1,597659,Charlie Cresswell,FC Toulouse,25000000,25.0,2026-06-01,https://www.transfermarkt.co.uk/charlie-cresswell/profil/spieler/597659,high,1.0,1.0,provider_id_crosswalk,transfermarkt_dataset
50956,C. Cásseres,Cristian Sleiker Cásseres Yepes Jr.,Toulouse,Ligue 1,467632,Cristian Cásseres Jr.,FC Toulouse,9000000,9.0,2026-06-01,https://www.transfermarkt.co.uk/cristian-casseres-jr-/profil/spieler/467632,high,1.0,1.0,provider_id_crosswalk,transfermarkt_dataset
452697,D. Methalie,Dayann Methalie,Toulouse,Ligue 1,1191444,Dayann Methalie,FC Toulouse,18000000,18.0,2026-06-01,https://www.transfermarkt.co.uk/dayann-methalie/profil/spieler/1191444,high,1.0,1.0,provider_id_crosswalk,transfermarkt_dataset
102,D. Sidibé,Djibril Sidibé,Toulouse,Ligue 1,161869,Djibril Sidibé,FC Toulouse,1000000,1.0,2026-06-01,https://www.transfermarkt.co.uk/djibril-sidibe/profil/spieler/161869,high,1.0,1.0,provider_id_crosswalk,transfermarkt_dataset
321648,Emersonn,Emersonn Correia da Silva,Toulouse,Ligue 1,743599,Emersonn,Göztepe,8000000,8.0,2026-06-01,https://www.transfermarkt.co.uk/emersonn/profil/spieler/743599,high,1.0,1.0,provider_id_crosswalk,transfermarkt_dataset
174724,F. Magri,Frank Magri,Toulouse,Ligue 1,807689,Frank Magri,FC Toulouse,3000000,3.0,2026-06-01,https://www.transfermarkt.co.uk/frank-magri/profil/spieler/807689,high,1.0,1.0,provider_id_crosswalk,transfermarkt_dataset
325346,G. Restes,Guillaume Restes,Toulouse,Ligue 1,912902,Guillaume Restes,FC Toulouse,18000000,18.0,2026-06-01,https://www.transfermarkt.co.uk/guillaume-restes/profil/spieler/912902,high,1.0,1.0,provider_id_crosswalk,transfermarkt_dataset
203428,J. Russell-Rowe,Jacen Rex Orlando Russell-Rowe,Toulouse,Ligue 1,683625,Jacen Russell-Rowe,FC Toulouse,3000000,3.0,2026-06-01,https://www.transfermarkt.co.uk/jacen-russell-rowe/profil/spieler/683625,high,1.0,1.0,provider_id_crosswalk,transfermarkt_dataset
50735,M. McKenzie,Mark Irwin Robert Alexander McKenzie,Toulouse,Ligue 1,429259,Mark McKenzie,FC Toulouse,7000000,7.0,2026-06-01,https://www.transfermarkt.co.uk/mark-mckenzie/profil/spieler/429259,high,1.0,1.0,provider_id_crosswalk,transfermarkt_dataset
304140,M. Sauer,Mário Sauer,Toulouse,Ligue 1,710885,Mario Sauer,FC Toulouse,1500000,1.5,2026-06-01,https://www.transfermarkt.co.uk/mario-sauer/profil/spieler/710885,high,1.0,1.0,provider_id_crosswalk,transfermarkt_dataset
339417,P. Diop,Pape Demba Diop,Toulouse,Ligue 1,949113,Pape Demba Diop,FC Toulouse,9000000,9.0,2026-06-01,https://www.transfermarkt.co.uk/pape-demba-diop/profil/spieler/949113,high,0.9858,0.2873,name_club_age,transfermarkt_dataset
334952,R. Messali,Rafik Messali,Toulouse,Ligue 1,883865,Rafik Messali,FC Toulouse,1500000,1.5,2026-06-01,https://www.transfermarkt.co.uk/rafik-messali/profil/spieler/883865,high,1.0,1.0,provider_id_crosswalk,transfermarkt_dataset
15793,R. Nicolaisen,Rasmus Schmidt Nicolaisen,Toulouse,Ligue 1,283227,Rasmus Nicolaisen,FC Toulouse,5000000,5.0,2026-06-01,https://www.transfermarkt.co.uk/rasmus-nicolaisen/profil/spieler/283227,high,1.0,1.0,provider_id_crosswalk,transfermarkt_dataset
362741,S. Hidalgo,Santiago Hidalgo Massa,Toulouse,Ligue 1,989574,Santiago Hidalgo,FC Toulouse,6000000,6.0,2026-06-01,https://www.transfermarkt.co.uk/santiago-hidalgo/profil/spieler/989574,high,1.0,1.0,provider_id_crosswalk,transfermarkt_dataset
489905,S. Koumbassa,Seny Koumbassa,Toulouse,Ligue 1,1075583,Seny Koumbassa,FC Toulouse,5000000,5.0,2026-06-01,https://www.transfermarkt.co.uk/seny-koumbassa/profil/spieler/1075583,high,1.0,1.0,provider_id_crosswalk,transfermarkt_dataset
264383,W. Kamanzi,Warren Håkon Christofer Kamanzi,Toulouse,Ligue 1,794758,Warren Kamanzi,FC Toulouse,1200000,1.2,2026-06-01,https://www.transfermarkt.co.uk/warren-kamanzi/profil/spieler/794758,high,1.0,1.0,provider_id_crosswalk,transfermarkt_dataset
84128,Y. Gboho,Gnantin Yann Gboho,Toulouse,Ligue 1,463613,Yann Gboho,FC Toulouse,18000000,18.0,2026-06-01,https://www.transfermarkt.co.uk/yann-gboho/profil/spieler/463613,high,1.0,1.0,provider_id_crosswalk,transfermarkt_dataset
1460,B. Saka,Bukayo Ayoyinka Temidayo Saka,Arsenal,Premier League,433177,Bukayo Saka,Arsenal FC,110000000,110.0,2026-06-03,https://www.transfermarkt.co.uk/bukayo-saka/profil/spieler/433177,high,1.0,1.0,provider_id_crosswalk,transfermarkt_dataset
333682,Cristhian Mosquera,Cristhian Andrey Mosquera Ibargüen,Arsenal,Premier League,646750,Cristhian Mosquera,Arsenal FC,40000000,40.0,2026-06-03,https://www.transfermarkt.co.uk/cristhian-mosquera/profil/spieler/646750,high,1.0,1.0,provider_id_crosswalk,transfermarkt_dataset
2937,D. Rice,Declan Rice,Arsenal,Premier League,357662,Declan Rice,Arsenal FC,120000000,120.0,2026-06-03,https://www.transfermarkt.co.uk/declan-rice/profil/spieler/357662,high,1.0,1.0,provider_id_crosswalk,transfermarkt_dataset
19465,David Raya,David Raya Martin,Arsenal,Premier League,262749,David Raya,Arsenal FC,30000000,30.0,2026-06-03,https://www.transfermarkt.co.uk/david-raya/profil/spieler/262749,high,1.0,1.0,provider_id_crosswalk,transfermarkt_dataset
19586,E. Eze,Eberechi Oluchi Eze,Arsenal,Premier League,479999,Eberechi Eze,Arsenal FC,65000000,65.0,2026-06-03,https://www.transfermarkt.co.uk/eberechi-eze/profil/spieler/479999,high,1.0,1.0,provider_id_crosswalk,transfermarkt_dataset
643,Gabriel Jesus,Gabriel Fernando de Jesus,Arsenal,Premier League,363205,Gabriel Jesus,Arsenal FC,17000000,17.0,2026-06-03,https://www.transfermarkt.co.uk/gabriel-jesus/profil/spieler/363205,high,1.0,1.0,provider_id_crosswalk,transfermarkt_dataset
22224,Gabriel Magalhães,Gabriel dos Santos Magalhães,Arsenal,Premier League,435338,Gabriel,Arsenal FC,75000000,75.0,2026-06-03,https://www.transfermarkt.co.uk/gabriel/profil/spieler/435338,high,1.0,1.0,provider_id_crosswalk,transfermarkt_dataset
127769,Gabriel Martinelli,Gabriel Teodoro Martinelli Silva,Arsenal,Premier League,655488,Gabriel Martinelli,Arsenal FC,45000000,45.0,2026-06-03,https://www.transfermarkt.co.uk/gabriel-martinelli/profil/spieler/655488,high,1.0,1.0,provider_id_crosswalk,transfermarkt_dataset
38746,J. Timber,Jurriën David Norman Timber,Arsenal,Premier League,420243,Jurriën Timber,Arsenal FC,70000000,70.0,2026-06-03,https://www.transfermarkt.co.uk/jurrien-timber/profil/spieler/420243,high,1.0,1.0,provider_id_crosswalk,transfermarkt_dataset
978,K. Havertz,Kai Lukas Havertz,Arsenal,Premier League,309400,Kai Havertz,Arsenal FC,55000000,55.0,2026-06-03,https://www.transfermarkt.co.uk/kai-havertz/profil/spieler/309400,high,1.0,1.0,provider_id_crosswalk,transfermarkt_dataset
1946,L. Trossard,Leandro Trossard,Arsenal,Premier League,144028,Leandro Trossard,Arsenal FC,18000000,18.0,2026-06-03,https://www.transfermarkt.co.uk/leandro-trossard/profil/spieler/144028,high,1.0,1.0,provider_id_crosswalk,transfermarkt_dataset
313245,M. Lewis-Skelly,Myles Anthony Lewis-Skelly,Arsenal,Premier League,890721,Myles Lewis-Skelly,Arsenal FC,45000000,45.0,2026-06-03,https://www.transfermarkt.co.uk/myles-lewis-skelly/profil/spieler/890721,high,1.0,1.0,provider_id_crosswalk,transfermarkt_dataset
37127,M. Ødegaard,Martin Ødegaard,Arsenal,Premier League,316264,Martin Ødegaard,Arsenal FC,65000000,65.0,2026-06-03,https://www.transfermarkt.co.uk/martin-odegaard/profil/spieler/316264,high,1.0,1.0,provider_id_crosswalk,transfermarkt_dataset
47315,Martín Zubimendi,Martín Zubimendi Ibáñez,Arsenal,Premier League,423440,Martín Zubimendi,Arsenal FC,75000000,75.0,2026-06-03,https://www.transfermarkt.co.uk/martin-zubimendi/profil/spieler/423440,high,1.0,1.0,provider_id_crosswalk,transfermarkt_dataset
47311,Mikel Merino,Mikel Merino Zazón,Arsenal,Premier League,338424,Mikel Merino,Arsenal FC,25000000,25.0,2026-06-03,https://www.transfermarkt.co.uk/mikel-merino/profil/spieler/338424,high,1.0,1.0,provider_id_crosswalk,transfermarkt_dataset
136723,N. Madueke,Chukwunonso Tristan Madueke,Arsenal,Premier League,503987,Noni Madueke,Arsenal FC,50000000,50.0,2026-06-03,https://www.transfermarkt.co.uk/noni-madueke/profil/spieler/503987,high,1.0,1.0,provider_id_crosswalk,transfermarkt_dataset
127817,P. Hincapié,Piero Martín Hincapié Reyna,Arsenal,Premier League,659813,Piero Hincapié,Arsenal FC,50000000,50.0,2026-06-03,https://www.transfermarkt.co.uk/piero-hincapie/profil/spieler/659813,high,1.0,1.0,provider_id_crosswalk,transfermarkt_dataset
157052,R. Calafiori,Riccardo Calafiori,Arsenal,Premier League,502821,Riccardo Calafiori,Arsenal FC,55000000,55.0,2026-06-03,https://www.transfermarkt.co.uk/riccardo-calafiori/profil/spieler/502821,high,1.0,1.0,provider_id_crosswalk,transfermarkt_dataset
18979,V. Gyökeres,Viktor Einar Gyökeres,Arsenal,Premier League,325443,Viktor Gyökeres,Arsenal FC,65000000,65.0,2026-06-03,https://www.transfermarkt.co.uk/viktor-gyokeres/profil/spieler/325443,high,1.0,1.0,provider_id_crosswalk,transfermarkt_dataset
22090,W. Saliba,William Alain André Gabriel Saliba,Arsenal,Premier League,495666,William Saliba,Arsenal FC,100000000,100.0,2026-06-03,https://www.transfermarkt.co.uk/william-saliba/profil/spieler/495666,high,1.0,1.0,provider_id_crosswalk,transfermarkt_dataset
162714,A. Onana,Amadou Ba Zeund Georges Mvom Onana,Aston Villa,Premier League,485706,Amadou Onana,Aston Villa,45000000,45.0,2026-06-03,https://www.transfermarkt.co.uk/amadou-onana/profil/spieler/485706,high,1.0,1.0,provider_id_crosswalk,transfermarkt_dataset
1904,B. Kamara,Boubacar Bernard Kamara,Aston Villa,Premier League,394327,Boubacar Kamara,Aston Villa,40000000,40.0,2026-06-03,https://www.transfermarkt.co.uk/boubacar-kamara/profil/spieler/394327,high,1.0,1.0,provider_id_crosswalk,transfermarkt_dataset
47522,Douglas Luiz,Douglas Luiz Soares de Paulo,Aston Villa,Premier League,447661,Douglas Luiz,Nottingham Forest,18000000,18.0,2026-06-03,https://www.transfermarkt.co.uk/douglas-luiz/profil/spieler/447661,high,1.0,1.0,provider_id_crosswalk,transfermarkt_dataset
19071,E. Buendía,Emiliano Buendía Stati,Aston Villa,Premier League,321247,Emiliano Buendía,Aston Villa,16000000,16.0,2026-06-03,https://www.transfermarkt.co.uk/emiliano-buendia/profil/spieler/321247,high,1.0,1.0,provider_id_crosswalk,transfermarkt_dataset
19354,E. Konsa,Ezri Konsa Ngoyo,Aston Villa,Premier League,413403,Ezri Konsa,Aston Villa,40000000,40.0,2026-06-03,https://www.transfermarkt.co.uk/ezri-konsa/profil/spieler/413403,high,0.9435,0.9435,name_club_age,transfermarkt_dataset
19599,E. Martínez,Damián Emiliano Martínez Romero,Aston Villa,Premier League,111873,Emiliano Martínez,Aston Villa,12000000,12.0,2026-06-03,https://www.transfermarkt.co.uk/emiliano-martinez/profil/spieler/111873,high,1.0,1.0,provider_id_crosswalk,transfermarkt_dataset
138816,I. Maatsen,Ian Ethan Maatsen,Aston Villa,Premier League,485585,Ian Maatsen,Aston Villa,30000000,30.0,2026-06-03,https://www.transfermarkt.co.uk/ian-maatsen/profil/spieler/485585,high,1.0,1.0,provider_id_crosswalk,transfermarkt_dataset
19191,J.  McGinn,John McGinn,Aston Villa,Premier League,193116,John McGinn,Aston Villa,13000000,13.0,2026-06-03,https://www.transfermarkt.co.uk/john-mcginn/profil/spieler/193116,high,1.0,1.0,provider_id_crosswalk,transfermarkt_dataset
18,J. Sancho,Jadon Malik Sancho,Aston Villa,Premier League,401173,Jadon Sancho,Aston Villa,18000000,18.0,2026-06-03,https://www.transfermarkt.co.uk/jadon-sancho/profil/spieler/401173,high,1.0,1.0,provider_id_crosswalk,transfermarkt_dataset
983,L. Bailey,Leon Patrick Bailey Butler,Aston Villa,Premier League,387626,Leon Bailey,Associazione Sportiva Roma,14000000,14.0,2026-06-03,https://www.transfermarkt.co.uk/leon-bailey/profil/spieler/387626,high,1.0,1.0,provider_id_crosswalk,transfermarkt_dataset
284457,L. Bogarde,Lamare Trenton Chansey Bogarde,Aston Villa,Premier League,645686,Lamare Bogarde,Aston Villa,18000000,18.0,2026-06-03,https://www.transfermarkt.co.uk/lamare-bogarde/profil/spieler/645686,high,1.0,1.0,provider_id_crosswalk,transfermarkt_dataset
2724,L. Digne,Lucas Digne,Aston Villa,Premier League,126664,Lucas Digne,Aston Villa,6000000,6.0,2026-06-03,https://www.transfermarkt.co.uk/lucas-digne/profil/spieler/126664,high,1.0,1.0,provider_id_crosswalk,transfermarkt_dataset
36878,M. Bizot,Marco Bizot,Aston Villa,Premier League,124884,Marco Bizot,Aston Villa,1500000,1.5,2026-06-03,https://www.transfermarkt.co.uk/marco-bizot/profil/spieler/124884,high,1.0,1.0,provider_id_crosswalk,transfermarkt_dataset
19298,M. Cash,Matthew Stuart Cash,Aston Villa,Premier League,425334,Matty Cash,Aston Villa,22000000,22.0,2026-06-03,https://www.transfermarkt.co.uk/matty-cash/profil/spieler/425334,high,1.0,1.0,provider_id_crosswalk,transfermarkt_dataset
19170,M. Rogers,Morgan Elliot Rogers,Aston Villa,Premier League,503743,Morgan Rogers,Aston Villa,90000000,90.0,2026-06-03,https://www.transfermarkt.co.uk/morgan-rogers/profil/spieler/503743,high,1.0,1.0,provider_id_crosswalk,transfermarkt_dataset
19366,O. Watkins,Oliver George Arthur Watkins,Aston Villa,Premier League,324358,Ollie Watkins,Aston Villa,25000000,25.0,2026-06-03,https://www.transfermarkt.co.uk/ollie-watkins/profil/spieler/324358,high,1.0,1.0,provider_id_crosswalk,transfermarkt_dataset
46815,Pau Torres,Pau Francisco Torres,Aston Villa,Premier League,399776,Pau Torres,Aston Villa,20000000,20.0,2026-06-03,https://www.transfermarkt.co.uk/pau-torres/profil/spieler/399776,high,1.0,1.0,provider_id_crosswalk,transfermarkt_dataset
2287,R. Barkley,Ross Barkley,Aston Villa,Premier League,131978,Ross Barkley,Aston Villa,4000000,4.0,2026-06-03,https://www.transfermarkt.co.uk/ross-barkley/profil/spieler/131978,high,1.0,1.0,provider_id_crosswalk,transfermarkt_dataset
19179,T. Mings,Tyrone Deon Mings,Aston Villa,Premier League,253677,Tyrone Mings,Aston Villa,3000000,3.0,2026-06-03,https://www.transfermarkt.co.uk/tyrone-mings/profil/spieler/253677,high,1.0,1.0,provider_id_crosswalk,transfermarkt_dataset
889,V. Lindelöf,Victor Jörgen Nilsson Lindelöf,Aston Villa,Premier League,184573,Victor Lindelöf,Aston Villa,5000000,5.0,2026-06-03,https://www.transfermarkt.co.uk/victor-lindelof/profil/spieler/184573,high,1.0,1.0,provider_id_crosswalk,transfermarkt_dataset
2926,Y. Tielemans,Youri Marion A. Tielemans,Aston Villa,Premier League,249565,Youri Tielemans,Aston Villa,30000000,30.0,2026-06-03,https://www.transfermarkt.co.uk/youri-tielemans/profil/spieler/249565,high,1.0,1.0,provider_id_crosswalk,transfermarkt_dataset
129682,A. Adli,Amine Adli,Bournemouth,Premier League,532776,Amine Adli,AFC Bournemouth,20000000,20.0,2026-06-03,https://www.transfermarkt.co.uk/amine-adli/profil/spieler/532776,high,1.0,1.0,provider_id_crosswalk,transfermarkt_dataset
304853,A. Scott,Alex Jay Scott,Bournemouth,Premier League,855256,Alex Scott,AFC Bournemouth,50000000,50.0,2026-06-03,https://www.transfermarkt.co.uk/alex-scott/profil/spieler/855256,high,1.0,1.0,provider_id_crosswalk,transfermarkt_dataset
19281,A. Semenyo,Antoine Serlom Semenyo,Bournemouth,Premier League,583255,Antoine Semenyo,Manchester City,80000000,80.0,2026-06-03,https://www.transfermarkt.co.uk/antoine-semenyo/profil/spieler/583255,high,1.0,1.0,provider_id_crosswalk,transfermarkt_dataset
18869,A. Smith,Adam James Smith,Bournemouth,Premier League,61841,Adam Smith,AFC Bournemouth,300000,0.3,2026-06-03,https://www.transfermarkt.co.uk/adam-smith/profil/spieler/61841,high,1.0,1.0,provider_id_crosswalk,transfermarkt_dataset
162267,A. Truffert,Adrien Truffert,Bournemouth,Premier League,654539,Adrien Truffert,AFC Bournemouth,30000000,30.0,2026-06-03,https://www.transfermarkt.co.uk/adrien-truffert/profil/spieler/654539,high,1.0,1.0,provider_id_crosswalk,transfermarkt_dataset
22136,B. Diakité,Bafodé Diakité,Bournemouth,Premier League,463605,Bafodé Diakité,AFC Bournemouth,25000000,25.0,2026-06-03,https://www.transfermarkt.co.uk/bafode-diakite/profil/spieler/463605,high,1.0,1.0,provider_id_crosswalk,transfermarkt_dataset
18870,D. Brooks,David Robert Brooks,Bournemouth,Premier League,277033,David Brooks,AFC Bournemouth,12000000,12.0,2026-06-03,https://www.transfermarkt.co.uk/david-brooks/profil/spieler/277033,high,1.0,1.0,provider_id_crosswalk,transfermarkt_dataset
368030,E. Kroupi,Eli Junior Kroupi,Bournemouth,Premier League,955357,Junior Kroupi,AFC Bournemouth,70000000,70.0,2026-06-03,https://www.transfermarkt.co.uk/junior-kroupi/profil/spieler/955357,high,1.0,1.0,provider_id_crosswalk,transfermarkt_dataset
152856,Evanilson,Francisco Evanilson de Lima Barbosa,Bournemouth,Premier League,711337,Evanilson,AFC Bournemouth,35000000,35.0,2026-06-03,https://www.transfermarkt.co.uk/evanilson/profil/spieler/711337,high,1.0,1.0,provider_id_crosswalk,transfermarkt_dataset
20093,J. Hill,James Clayton Hill,Bournemouth,Premier League,611793,James Hill,AFC Bournemouth,23000000,23.0,2026-06-03,https://www.transfermarkt.co.uk/james-hill/profil/spieler/611793,high,1.0,1.0,provider_id_crosswalk,transfermarkt_dataset
792,J. Kluivert,Justin Dean Kluivert,Bournemouth,Premier League,330659,Justin Kluivert,AFC Bournemouth,25000000,25.0,2026-06-03,https://www.transfermarkt.co.uk/justin-kluivert/profil/spieler/330659,high,1.0,1.0,provider_id_crosswalk,transfermarkt_dataset
18872,L. Cook,Lewis John Cook,Bournemouth,Premier League,249089,Lewis Cook,AFC Bournemouth,11000000,11.0,2026-06-03,https://www.transfermarkt.co.uk/lewis-cook/profil/spieler/249089,high,0.9222,0.3855,name_club_age,transfermarkt_dataset
6610,M. Senesi,Marcos Nicolás Senesi Barón,Bournemouth,Premier League,469781,Marcos Senesi,AFC Bournemouth,25000000,25.0,2026-06-03,https://www.transfermarkt.co.uk/marcos-senesi/profil/spieler/469781,high,1.0,1.0,provider_id_crosswalk,transfermarkt_dataset
19245,M. Tavernier,Marcus Joseph Tavernier,Bournemouth,Premier League,399434,Marcus Tavernier,AFC Bournemouth,25000000,25.0,2026-06-03,https://www.transfermarkt.co.uk/marcus-tavernier/profil/spieler/399434,high,1.0,1.0,provider_id_crosswalk,transfermarkt_dataset
1125,R. Christie,Ryan Christie,Bournemouth,Premier League,188077,Ryan Christie,AFC Bournemouth,8000000,8.0,2026-06-03,https://www.transfermarkt.co.uk/ryan-christie/profil/spieler/188077,high,1.0,1.0,provider_id_crosswalk,transfermarkt_dataset
407806,Rayan,Rayan Vitor Simplício Rocha,Bournemouth,Premier League,1012564,Rayan,AFC Bournemouth,60000000,60.0,2026-06-03,https://www.transfermarkt.co.uk/rayan/profil/spieler/1012564,high,1.0,1.0,provider_id_crosswalk,transfermarkt_dataset
1150,T. Adams,Tyler Shaan Adams,Bournemouth,Premier League,332705,Tyler Adams,AFC Bournemouth,25000000,25.0,2026-06-03,https://www.transfermarkt.co.uk/tyler-adams/profil/spieler/332705,high,1.0,1.0,provider_id_crosswalk,transfermarkt_dataset
412719,Veljko Milosavljević,Veljko Milosavljević,Bournemouth,Premier League,989112,Veljko Milosavljevic,AFC Bournemouth,20000000,20.0,2026-06-03,https://www.transfermarkt.co.uk/veljko-milosavljevic/profil/spieler/989112,high,1.0,1.0,provider_id_crosswalk,transfermarkt_dataset
330437,Álex Jiménez,Alejandro Jiménez Sánchez,Bournemouth,Premier League,741257,Álex Jiménez,AC Milan,22000000,22.0,2026-06-03,https://www.transfermarkt.co.uk/alex-jimenez/profil/spieler/741257,high,1.0,1.0,provider_id_crosswalk,transfermarkt_dataset
118307,Đ. Petrović,Đorđe Petrović,Bournemouth,Premier League,465555,Djordje Petrovic,AFC Bournemouth,28000000,28.0,2026-06-03,https://www.transfermarkt.co.uk/djordje-petrovic/profil/spieler/465555,high,1.0,1.0,provider_id_crosswalk,transfermarkt_dataset
44871,A. Hickey,Aaron Buchanan Hickey,Brentford,Premier League,591949,Aaron Hickey,Brentford FC,16000000,16.0,2026-06-03,https://www.transfermarkt.co.uk/aaron-hickey/profil/spieler/591949,high,1.0,1.0,provider_id_crosswalk,transfermarkt_dataset
281,C. Kelleher,Caoimhín Odhrán Kelleher,Brentford,Premier League,340918,Caoimhín Kelleher,Brentford FC,28000000,28.0,2026-06-03,https://www.transfermarkt.co.uk/caoimhin-kelleher/profil/spieler/340918,high,1.0,1.0,provider_id_crosswalk,transfermarkt_dataset
284797,D. Ouattara,Dango Aboubacar Faissal Ouattara,Brentford,Premier League,823231,Dango Ouattara,Brentford FC,35000000,35.0,2026-06-03,https://www.transfermarkt.co.uk/dango-ouattara/profil/spieler/823231,high,1.0,1.0,provider_id_crosswalk,transfermarkt_dataset
19789,E. Pinnock,Ethan Rupert Pinnock,Brentford,Premier League,442248,Ethan Pinnock,Brentford FC,3000000,3.0,2026-06-03,https://www.transfermarkt.co.uk/ethan-pinnock/profil/spieler/442248,high,1.0,1.0,provider_id_crosswalk,transfermarkt_dataset
292,J. Henderson,Jordan Brian Henderson,Brentford,Premier League,61651,Jordan Henderson,Brentford FC,1200000,1.2,2026-06-03,https://www.transfermarkt.co.uk/jordan-henderson/profil/spieler/61651,high,1.0,1.0,provider_id_crosswalk,transfermarkt_dataset
1119,K. Ajer,Kristoffer Vassbakk Ajer,Brentford,Premier League,328658,Kristoffer Ajer,Brentford FC,18000000,18.0,2026-06-03,https://www.transfermarkt.co.uk/kristoffer-ajer/profil/spieler/328658,high,1.0,1.0,provider_id_crosswalk,transfermarkt_dataset
106725,K. Lewis-Potter,Keane William Lewis-Potter,Brentford,Premier League,644401,Keane Lewis-Potter,Brentford FC,25000000,25.0,2026-06-03,https://www.transfermarkt.co.uk/keane-lewis-potter/profil/spieler/644401,high,1.0,1.0,provider_id_crosswalk,transfermarkt_dataset
178077,K. Schade,Kevin Schade,Brentford,Premier League,473050,Kevin Schade,Brentford FC,35000000,35.0,2026-06-03,https://www.transfermarkt.co.uk/kevin-schade/profil/spieler/473050,high,1.0,1.0,provider_id_crosswalk,transfermarkt_dataset
15908,M. Damsgaard,Mikkel Krogh Damsgaard,Brentford,Premier League,540941,Mikkel Damsgaard,Brentford FC,30000000,30.0,2026-06-03,https://www.transfermarkt.co.uk/mikkel-damsgaard/profil/spieler/540941,high,1.0,1.0,provider_id_crosswalk,transfermarkt_dataset
47438,M. Jensen,Mathias Jensen,Brentford,Premier League,319859,Mathias Jensen,Brentford FC,10000000,10.0,2026-06-03,https://www.transfermarkt.co.uk/mathias-jensen/profil/spieler/319859,high,1.0,1.0,provider_id_crosswalk,transfermarkt_dataset
342022,M. Kayode,Michael Olabode Kayode,Brentford,Premier League,823486,Michael Kayode,Brentford FC,40000000,40.0,2026-06-03,https://www.transfermarkt.co.uk/michael-kayode/profil/spieler/823486,high,1.0,1.0,provider_id_crosswalk,transfermarkt_dataset
19495,N. Collins,Nathan Michael Collins,Brentford,Premier League,469050,Nathan Collins,Brentford FC,30000000,30.0,2026-06-03,https://www.transfermarkt.co.uk/nathan-collins/profil/spieler/469050,high,1.0,1.0,provider_id_crosswalk,transfermarkt_dataset
19346,R. Henry,Rico Antonio Henry,Brentford,Premier League,339556,Rico Henry,Brentford FC,13000000,13.0,2026-06-03,https://www.transfermarkt.co.uk/rico-henry/profil/spieler/339556,high,1.0,1.0,provider_id_crosswalk,transfermarkt_dataset
36922,S. van den Berg,Sepp van den Berg,Brentford,Premier League,541231,Sepp van den Berg,Brentford FC,32000000,32.0,2026-06-03,https://www.transfermarkt.co.uk/sepp-van-den-berg/profil/spieler/541231,high,1.0,1.0,provider_id_crosswalk,transfermarkt_dataset
196156,Thiago,Igor Thiago Nascimento Rodrigues,Brentford,Premier League,739443,Igor Thiago,Brentford FC,65000000,65.0,2026-06-03,https://www.transfermarkt.co.uk/igor-thiago/profil/spieler/739443,high,1.0,1.0,provider_id_crosswalk,transfermarkt_dataset
25073,V. Janelt,Vitaly Janelt,Brentford,Premier League,270171,Vitaly Janelt,Brentford FC,16000000,16.0,2026-06-03,https://www.transfermarkt.co.uk/vitaly-janelt/profil/spieler/270171,high,1.0,1.0,provider_id_crosswalk,transfermarkt_dataset
263538,Y. Yarmolyuk,Yehor Yarmolyuk,Brentford,Premier League,717411,Yegor Yarmolyuk,Brentford FC,32000000,32.0,2026-06-03,https://www.transfermarkt.co.uk/yegor-yarmolyuk/profil/spieler/717411,high,1.0,1.0,provider_id_crosswalk,transfermarkt_dataset
129058,B. Verbruggen,Bart Verbruggen,Brighton,Premier League,565093,Bart Verbruggen,Brighton & Hove Albion,40000000,40.0,2026-06-03,https://www.transfermarkt.co.uk/bart-verbruggen/profil/spieler/565093,high,1.0,1.0,provider_id_crosswalk,transfermarkt_dataset
356041,C. Baleba,Carlos Noom Quomah Baleba,Brighton,Premier League,973085,Carlos Baleba,Brighton & Hove Albion,55000000,55.0,2026-06-03,https://www.transfermarkt.co.uk/carlos-baleba/profil/spieler/973085,high,1.0,1.0,provider_id_crosswalk,transfermarkt_dataset
392482,C. Kostoulas,Charalampos Kostoulas,Brighton,Premier League,1060087,Charalampos Kostoulas,Brighton & Hove Albion,25000000,25.0,2026-06-03,https://www.transfermarkt.co.uk/charalampos-kostoulas/profil/spieler/1060087,high,1.0,1.0,provider_id_crosswalk,transfermarkt_dataset
278370,D. Gómez,Diego Alexander Gómez Amarilla,Brighton,Premier League,996897,Diego Gómez,Brighton & Hove Albion,25000000,25.0,2026-06-03,https://www.transfermarkt.co.uk/diego-gomez/profil/spieler/996897,high,1.0,1.0,provider_id_crosswalk,transfermarkt_dataset
1469,D. Welbeck,Daniel Nii Tackie Mensah Welbeck,Brighton,Premier League,67063,Danny Welbeck,Brighton & Hove Albion,3000000,3.0,2026-06-03,https://www.transfermarkt.co.uk/danny-welbeck/profil/spieler/67063,high,1.0,1.0,provider_id_crosswalk,transfermarkt_dataset
1361,F. Kadıoğlu,Ferdi Erenay Kadıoğlu,Brighton,Premier League,369316,Ferdi Kadıoğlu,Brighton & Hove Albion,35000000,35.0,2026-06-03,https://www.transfermarkt.co.uk/ferdi-kadioglu/profil/spieler/369316,high,1.0,1.0,provider_id_crosswalk,transfermarkt_dataset
90590,G. Rutter,Georginio Rutter,Brighton,Premier League,538977,Georginio Rutter,Brighton & Hove Albion,30000000,30.0,2026-06-03,https://www.transfermarkt.co.uk/georginio-rutter/profil/spieler/538977,high,1.0,1.0,provider_id_crosswalk,transfermarkt_dataset
305730,J. Hinshelwood,Jack Luca Hinshelwood,Brighton,Premier League,867688,Jack Hinshelwood,Brighton & Hove Albion,28000000,28.0,2026-06-03,https://www.transfermarkt.co.uk/jack-hinshelwood/profil/spieler/867688,high,1.0,1.0,provider_id_crosswalk,transfermarkt_dataset
296,J. Milner,James Philip Milner,Brighton,Premier League,3333,James Milner,Brighton & Hove Albion,500000,0.5,2026-06-03,https://www.transfermarkt.co.uk/james-milner/profil/spieler/3333,high,1.0,1.0,provider_id_crosswalk,transfermarkt_dataset
537,J. Veltman,Joël Ivo Veltman,Brighton,Premier League,111195,Joël Veltman,Brighton & Hove Albion,1500000,1.5,2026-06-03,https://www.transfermarkt.co.uk/joel-veltman/profil/spieler/111195,high,1.0,1.0,provider_id_crosswalk,transfermarkt_dataset
38695,J. van Hecke,Jan Paul van Hecke,Brighton,Premier League,576314,Jan Paul van Hecke,Brighton & Hove Albion,45000000,45.0,2026-06-03,https://www.transfermarkt.co.uk/jan-paul-van-hecke/profil/spieler/576314,high,1.0,1.0,provider_id_crosswalk,transfermarkt_dataset
106835,K. Mitoma,Kaoru Mitoma,Brighton,Premier League,504849,Kaoru Mitoma,Brighton & Hove Albion,22000000,22.0,2026-06-03,https://www.transfermarkt.co.uk/kaoru-mitoma/profil/spieler/504849,high,1.0,1.0,provider_id_crosswalk,transfermarkt_dataset
18963,L. Dunk,Lewis Carl Dunk,Brighton,Premier League,148153,Lewis Dunk,Brighton & Hove Albion,3500000,3.5,2026-06-03,https://www.transfermarkt.co.uk/lewis-dunk/profil/spieler/148153,high,1.0,1.0,provider_id_crosswalk,transfermarkt_dataset
162007,M. De Cuyper,Maxim De Cuyper,Brighton,Premier League,429915,Maxim De Cuyper,Brighton & Hove Albion,22000000,22.0,2026-06-03,https://www.transfermarkt.co.uk/maxim-de-cuyper/profil/spieler/429915,high,1.0,1.0,provider_id_crosswalk,transfermarkt_dataset
92993,M. Wieffer,Mats Wieffer,Brighton,Premier League,415381,Mats Wieffer,Brighton & Hove Albion,25000000,25.0,2026-06-03,https://www.transfermarkt.co.uk/mats-wieffer/profil/spieler/415381,high,1.0,1.0,provider_id_crosswalk,transfermarkt_dataset
22160,O. Boscagli,Olivier Maxime Boscagli,Brighton,Premier League,318508,Olivier Boscagli,Brighton & Hove Albion,15000000,15.0,2026-06-03,https://www.transfermarkt.co.uk/olivier-boscagli/profil/spieler/318508,high,1.0,1.0,provider_id_crosswalk,transfermarkt_dataset
18970,P. Groß,Pascal Groß,Brighton,Premier League,82873,Pascal Groß,Borussia Dortmund,2500000,2.5,2026-06-03,https://www.transfermarkt.co.uk/pascal-gross/profil/spieler/82873,high,1.0,1.0,provider_id_crosswalk,transfermarkt_dataset
265820,Y. Ayari,Yasin Abbas Ayari,Brighton,Premier League,667287,Yasin Ayari,Brighton & Hove Albion,35000000,35.0,2026-06-03,https://www.transfermarkt.co.uk/yasin-ayari/profil/spieler/667287,high,1.0,1.0,provider_id_crosswalk,transfermarkt_dataset
383685,Y. Minteh,Yankuba Minteh Moat,Brighton,Premier League,1012534,Yankuba Minteh,Brighton & Hove Albion,45000000,45.0,2026-06-03,https://www.transfermarkt.co.uk/yankuba-minteh/profil/spieler/1012534,high,1.0,1.0,provider_id_crosswalk,transfermarkt_dataset
138822,A. Broja,Armando Broja,Burnley,Premier League,571743,Armando Broja,Burnley FC,5000000,5.0,2026-06-03,https://www.transfermarkt.co.uk/armando-broja/profil/spieler/571743,high,1.0,1.0,provider_id_crosswalk,transfermarkt_dataset
19182,A. Tuanzebe,Axel Tuanzebe,Burnley,Premier League,342046,Axel Tuanzebe,Burnley FC,5000000,5.0,2026-06-03,https://www.transfermarkt.co.uk/axel-tuanzebe/profil/spieler/342046,high,1.0,1.0,provider_id_crosswalk,transfermarkt_dataset
181797,B. Humphreys,Bashir Humphreys,Burnley,Premier League,612517,Bashir Humphreys,Burnley FC,12000000,12.0,2026-06-03,https://www.transfermarkt.co.uk/bashir-humphreys/profil/spieler/612517,high,1.0,1.0,provider_id_crosswalk,transfermarkt_dataset
575,Florentino,Florentino Ibrain Morris Luís,Burnley,Premier League,357162,Florentino,Burnley FC,16000000,16.0,2026-06-03,https://www.transfermarkt.co.uk/florentino/profil/spieler/357162,high,1.0,1.0,provider_id_crosswalk,transfermarkt_dataset
47903,H. Ekdal,Hjalmar Ekdal,Burnley,Premier League,392179,Hjalmar Ekdal,Burnley FC,5000000,5.0,2026-06-03,https://www.transfermarkt.co.uk/hjalmar-ekdal/profil/spieler/392179,high,1.0,1.0,provider_id_crosswalk,transfermarkt_dataset
180560,H. Mejbri,Hannibal Mejbri,Burnley,Premier League,607224,Hannibal,Burnley FC,15000000,15.0,2026-06-03,https://www.transfermarkt.co.uk/hannibal/profil/spieler/607224,high,1.0,1.0,provider_id_crosswalk,transfermarkt_dataset
196855,J. Anthony,Jaidon Kya Denley Anthony,Burnley,Premier League,684210,Jaidon Anthony,Burnley FC,20000000,20.0,2026-06-03,https://www.transfermarkt.co.uk/jaidon-anthony/profil/spieler/684210,high,1.0,1.0,provider_id_crosswalk,transfermarkt_dataset
22,J. Bruun Larsen,Jacob Bruun Larsen,Burnley,Premier League,293281,Jacob Bruun Larsen,Burnley FC,4000000,4.0,2026-06-03,https://www.transfermarkt.co.uk/jacob-bruun-larsen/profil/spieler/293281,high,1.0,1.0,provider_id_crosswalk,transfermarkt_dataset
19827,J. Cullen,Joshua Jon Cullen,Burnley,Premier League,242606,Josh Cullen,Burnley FC,4000000,4.0,2026-06-03,https://www.transfermarkt.co.uk/josh-cullen/profil/spieler/242606,high,1.0,1.0,provider_id_crosswalk,transfermarkt_dataset
20303,J. Laurent,Joshua Ishaele Jacob-Heron Hunt-Laurent,Burnley,Premier League,314241,Josh Laurent,Burnley FC,1500000,1.5,2026-06-03,https://www.transfermarkt.co.uk/josh-laurent/profil/spieler/314241,high,1.0,1.0,provider_id_crosswalk,transfermarkt_dataset
1746,J. Worrall,Joseph Adrian Worrall,Burnley,Premier League,415970,Joe Worrall,Burnley FC,2000000,2.0,2026-06-03,https://www.transfermarkt.co.uk/joe-worrall/profil/spieler/415970,high,1.0,1.0,provider_id_crosswalk,transfermarkt_dataset
627,K. Walker,Kyle Andrew Walker,Burnley,Premier League,95424,Kyle Walker,Burnley FC,1500000,1.5,2026-06-03,https://www.transfermarkt.co.uk/kyle-walker/profil/spieler/95424,high,1.0,1.0,provider_id_crosswalk,transfermarkt_dataset
98936,L. Foster,Lyle Brent Foster,Burnley,Premier League,467623,Lyle Foster,Burnley FC,8000000,8.0,2026-06-03,https://www.transfermarkt.co.uk/lyle-foster/profil/spieler/467623,high,1.0,1.0,provider_id_crosswalk,transfermarkt_dataset
161621,L. Tchaouna,Loum Tchaouna,Burnley,Premier League,607226,Loum Tchaouna,Burnley FC,13000000,13.0,2026-06-03,https://www.transfermarkt.co.uk/loum-tchaouna/profil/spieler/607226,high,1.0,1.0,provider_id_crosswalk,transfermarkt_dataset
270508,L. Ugochukwu,Lesley Chimuanya Ugochukwu,Burnley,Premier League,711999,Lesley Ugochukwu,Burnley FC,22000000,22.0,2026-06-03,https://www.transfermarkt.co.uk/lesley-ugochukwu/profil/spieler/711999,high,1.0,1.0,provider_id_crosswalk,transfermarkt_dataset
330238,Lucas Pires,Lucas Pires Silva,Burnley,Premier League,927768,Lucas Pires,Burnley FC,4000000,4.0,2026-06-03,https://www.transfermarkt.co.uk/lucas-pires/profil/spieler/927768,high,1.0,1.0,provider_id_crosswalk,transfermarkt_dataset
18886,M. Dúbravka,Martin Dúbravka,Burnley,Premier League,74960,Martin Dúbravka,Burnley FC,500000,0.5,2026-06-03,https://www.transfermarkt.co.uk/martin-dubravka/profil/spieler/74960,high,1.0,1.0,provider_id_crosswalk,transfermarkt_dataset
37882,M. Edwards,Marcus Edwards,Burnley,Premier League,314367,Marcus Edwards,Burnley FC,6000000,6.0,2026-06-03,https://www.transfermarkt.co.uk/marcus-edwards/profil/spieler/314367,high,1.0,1.0,provider_id_crosswalk,transfermarkt_dataset
179400,M. Estève,Maxime Estève,Burnley,Premier League,842341,Maxime Estève,Burnley FC,28000000,28.0,2026-06-03,https://www.transfermarkt.co.uk/maxime-esteve/profil/spieler/842341,high,1.0,1.0,provider_id_crosswalk,transfermarkt_dataset
375915,Q. Hartman,Quilindschy Hartman,Burnley,Premier League,514285,Quilindschy Hartman,Burnley FC,16000000,16.0,2026-06-03,https://www.transfermarkt.co.uk/quilindschy-hartman/profil/spieler/514285,high,1.0,1.0,provider_id_crosswalk,transfermarkt_dataset
36927,Z. Flemming,Zian Flemming,Burnley,Premier League,411537,Zian Flemming,Burnley FC,12000000,12.0,2026-06-03,https://www.transfermarkt.co.uk/zian-flemming/profil/spieler/411537,high,1.0,1.0,provider_id_crosswalk,transfermarkt_dataset
284324,A. Garnacho,Alejandro Garnacho Ferreyra,Chelsea,Premier League,811779,Alejandro Garnacho,Chelsea FC,28000000,28.0,2026-06-03,https://www.transfermarkt.co.uk/alejandro-garnacho/profil/spieler/811779,high,1.0,1.0,provider_id_crosswalk,transfermarkt_dataset
305834,Andrey Santos,Andrey Nascimento dos Santos,Chelsea,Premier League,743600,Andrey Santos,Chelsea FC,40000000,40.0,2026-06-03,https://www.transfermarkt.co.uk/andrey-santos/profil/spieler/743600,high,1.0,1.0,provider_id_crosswalk,transfermarkt_dataset
95,B. Badiashile,Benoît Ntambue Badiashile Mukinayi Baya,Chelsea,Premier League,463603,Benoît Badiashile,Chelsea FC,15000000,15.0,2026-06-03,https://www.transfermarkt.co.uk/benoit-badiashile/profil/spieler/463603,high,1.0,1.0,provider_id_crosswalk,transfermarkt_dataset
152982,C. Palmer,Cole Jermaine Palmer,Chelsea,Premier League,568177,Cole Palmer,Chelsea FC,100000000,100.0,2026-06-03,https://www.transfermarkt.co.uk/cole-palmer/profil/spieler/568177,high,1.0,1.0,provider_id_crosswalk,transfermarkt_dataset
5996,E. Fernández,Enzo Jeremías Fernández,Chelsea,Premier League,648195,Enzo Fernández,Chelsea FC,90000000,90.0,2026-06-03,https://www.transfermarkt.co.uk/enzo-fernandez/profil/spieler/648195,high,0.9457,0.2564,name_club_age,transfermarkt_dataset
425733,Estêvão,Estêvão Willian Almeida de Oliveira Gonçalves,Chelsea,Premier League,1056993,Estêvão,Chelsea FC,80000000,80.0,2026-06-03,https://www.transfermarkt.co.uk/estevao/profil/spieler/1056993,high,1.0,1.0,provider_id_crosswalk,transfermarkt_dataset
286616,F. Jörgensen,Filip Jörgensen,Chelsea,Premier League,585323,Filip Jørgensen,Chelsea FC,15000000,15.0,2026-06-03,https://www.transfermarkt.co.uk/filip-jorgensen/profil/spieler/585323,high,1.0,1.0,provider_id_crosswalk,transfermarkt_dataset
286894,J. Bynoe-Gittens,Jamie Jermaine Bynoe-Gittens,Chelsea,Premier League,670882,Jamie Gittens,Chelsea FC,30000000,30.0,2026-06-03,https://www.transfermarkt.co.uk/jamie-gittens/profil/spieler/670882,high,1.0,1.0,provider_id_crosswalk,transfermarkt_dataset
341642,J. Hato,Jorrel Hato,Chelsea,Premier League,904802,Jorrel Hato,Chelsea FC,40000000,40.0,2026-06-03,https://www.transfermarkt.co.uk/jorrel-hato/profil/spieler/904802,high,1.0,1.0,provider_id_crosswalk,transfermarkt_dataset
366735,Joshua Kofi Acheampong,Joshua Kofi Acheampong,Chelsea,Premier League,1004708,Josh Acheampong,Chelsea FC,25000000,25.0,2026-06-03,https://www.transfermarkt.co.uk/josh-acheampong/profil/spieler/1004708,high,1.0,1.0,provider_id_crosswalk,transfermarkt_dataset
10329,João Pedro,João Pedro Junqueira de Jesus,Chelsea,Premier League,626724,João Pedro,Chelsea FC,80000000,80.0,2026-06-03,https://www.transfermarkt.co.uk/joao-pedro/profil/spieler/626724,high,1.0,1.0,provider_id_crosswalk,transfermarkt_dataset
161948,L. Delap,Liam Rory Delap,Chelsea,Premier League,610849,Liam Delap,Chelsea FC,28000000,28.0,2026-06-03,https://www.transfermarkt.co.uk/liam-delap/profil/spieler/610849,high,1.0,1.0,provider_id_crosswalk,transfermarkt_dataset
116117,M. Caicedo,Moisés Isaac Caicedo Corozo,Chelsea,Premier League,687626,Moisés Caicedo,Chelsea FC,100000000,100.0,2026-06-03,https://www.transfermarkt.co.uk/moises-caicedo/profil/spieler/687626,high,1.0,1.0,provider_id_crosswalk,transfermarkt_dataset
161907,M. Gusto,Malo Gusto,Chelsea,Premier League,620322,Malo Gusto,Chelsea FC,35000000,35.0,2026-06-03,https://www.transfermarkt.co.uk/malo-gusto/profil/spieler/620322,high,1.0,1.0,provider_id_crosswalk,transfermarkt_dataset
47380,Marc Cucurella,Marc Cucurella Saseta,Chelsea,Premier League,284857,Marc Cucurella,Chelsea FC,50000000,50.0,2026-06-03,https://www.transfermarkt.co.uk/marc-cucurella/profil/spieler/284857,high,1.0,1.0,provider_id_crosswalk,transfermarkt_dataset
1864,Pedro Neto,Pedro Lomba Neto,Chelsea,Premier League,487465,Pedro Neto,Chelsea FC,60000000,60.0,2026-06-03,https://www.transfermarkt.co.uk/pedro-neto/profil/spieler/487465,high,1.0,1.0,provider_id_crosswalk,transfermarkt_dataset
19545,R. James,Reece Lewis James,Chelsea,Premier League,472423,Reece James,Chelsea FC,60000000,60.0,2026-06-03,https://www.transfermarkt.co.uk/reece-james/profil/spieler/472423,high,1.0,1.0,provider_id_crosswalk,transfermarkt_dataset
282125,R. Lavia,Roméo Lavia,Chelsea,Premier League,628451,Roméo Lavia,Chelsea FC,22000000,22.0,2026-06-03,https://www.transfermarkt.co.uk/romeo-lavia/profil/spieler/628451,high,1.0,1.0,provider_id_crosswalk,transfermarkt_dataset
18959,Robert Sánchez,Robert Lynch Sánchez,Chelsea,Premier League,403151,Robert Sánchez,Chelsea FC,22000000,22.0,2026-06-03,https://www.transfermarkt.co.uk/robert-sanchez/profil/spieler/403151,high,1.0,1.0,provider_id_crosswalk,transfermarkt_dataset
19145,T. Adarabioyo,Abdul-Nasir Oluwatosin Oluwadoyinsolami Adarabioyo,Chelsea,Premier League,258878,Tosin Adarabioyo,Chelsea FC,16000000,16.0,2026-06-03,https://www.transfermarkt.co.uk/tosin-adarabioyo/profil/spieler/258878,high,1.0,1.0,provider_id_crosswalk,transfermarkt_dataset
19720,T. Chalobah,Trevoh Thomas Chalobah,Chelsea,Premier League,346314,Trevoh Chalobah,Chelsea FC,40000000,40.0,2026-06-03,https://www.transfermarkt.co.uk/trevoh-chalobah/profil/spieler/346314,high,1.0,1.0,provider_id_crosswalk,transfermarkt_dataset
22094,W. Fofana,Wesley Tidjan Fofana,Chelsea,Premier League,475411,Wesley Fofana,Chelsea FC,28000000,28.0,2026-06-03,https://www.transfermarkt.co.uk/wesley-fofana/profil/spieler/475411,high,1.0,1.0,provider_id_crosswalk,transfermarkt_dataset
288102,A. Wharton,Adam James Wharton,Crystal Palace,Premier League,744149,Adam Wharton,Crystal Palace,70000000,70.0,2026-06-03,https://www.transfermarkt.co.uk/adam-wharton/profil/spieler/744149,high,1.0,1.0,provider_id_crosswalk,transfermarkt_dataset
278898,C. Riad,Chadi Riad Dnanou,Crystal Palace,Premier League,689637,Chadi Riad,Crystal Palace,15000000,15.0,2026-06-03,https://www.transfermarkt.co.uk/chadi-riad/profil/spieler/689637,high,1.0,1.0,provider_id_crosswalk,transfermarkt_dataset
126949,C. Richards,Christopher Jeffrey Richards,Crystal Palace,Premier League,578539,Chris Richards,Crystal Palace,28000000,28.0,2026-06-03,https://www.transfermarkt.co.uk/chris-richards/profil/spieler/578539,high,1.0,1.0,provider_id_crosswalk,transfermarkt_dataset
19088,D. Henderson,Dean Bradley Henderson,Crystal Palace,Premier League,258919,Dean Henderson,Crystal Palace,28000000,28.0,2026-06-03,https://www.transfermarkt.co.uk/dean-henderson/profil/spieler/258919,high,1.0,1.0,provider_id_crosswalk,transfermarkt_dataset
2601,D. Kamada,Daichi Kamada,Crystal Palace,Premier League,356141,Daichi Kamada,Crystal Palace,10000000,10.0,2026-06-03,https://www.transfermarkt.co.uk/daichi-kamada/profil/spieler/356141,high,1.0,1.0,provider_id_crosswalk,transfermarkt_dataset
13736,D. Muñoz,Daniel Muñoz Mejía,Crystal Palace,Premier League,493003,Daniel Muñoz,Crystal Palace,22000000,22.0,2026-06-03,https://www.transfermarkt.co.uk/daniel-munoz/profil/spieler/493003,high,1.0,1.0,provider_id_crosswalk,transfermarkt_dataset
137303,E. Guessand,Evann Guessand,Crystal Palace,Premier League,500689,Evann Guessand,Crystal Palace,25000000,25.0,2026-06-03,https://www.transfermarkt.co.uk/evann-guessand/profil/spieler/500689,high,1.0,1.0,provider_id_crosswalk,transfermarkt_dataset
1468,E. Nketiah,Edward Keddar Nketiah,Crystal Palace,Premier League,340324,Eddie Nketiah,Crystal Palace,10000000,10.0,2026-06-03,https://www.transfermarkt.co.uk/eddie-nketiah/profil/spieler/340324,high,1.0,1.0,provider_id_crosswalk,transfermarkt_dataset
2218,I. Sarr,Ismaïla Sarr,Crystal Palace,Premier League,410225,Ismaïla Sarr,Crystal Palace,40000000,40.0,2026-06-03,https://www.transfermarkt.co.uk/ismaila-sarr/profil/spieler/410225,high,1.0,1.0,provider_id_crosswalk,transfermarkt_dataset
412759,J. Canvot,Jaydee Canvot,Crystal Palace,Premier League,1006411,Jaydee Canvot,Crystal Palace,28000000,28.0,2026-06-03,https://www.transfermarkt.co.uk/jaydee-canvot/profil/spieler/1006411,high,1.0,1.0,provider_id_crosswalk,transfermarkt_dataset
286458,J. Devenny,Justin Devenny,Crystal Palace,Premier League,747009,Justin Devenny,Crystal Palace,12000000,12.0,2026-06-03,https://www.transfermarkt.co.uk/justin-devenny/profil/spieler/747009,high,1.0,1.0,provider_id_crosswalk,transfermarkt_dataset
2490,J. Lerma,Jefferson Andrés Lerma Solís,Crystal Palace,Premier League,262980,Jefferson Lerma,Crystal Palace,6000000,6.0,2026-06-03,https://www.transfermarkt.co.uk/jefferson-lerma/profil/spieler/262980,high,1.0,1.0,provider_id_crosswalk,transfermarkt_dataset
25927,J. Mateta,Jean-Philippe Mateta,Crystal Palace,Premier League,420002,Jean-Philippe Mateta,Crystal Palace,30000000,30.0,2026-06-03,https://www.transfermarkt.co.uk/jean-philippe-mateta/profil/spieler/420002,high,1.0,1.0,provider_id_crosswalk,transfermarkt_dataset
2032,J. Strand Larsen,Jørgen Strand Larsen,Crystal Palace,Premier League,429983,Jørgen Strand Larsen,Wolverhampton Wanderers,40000000,40.0,2026-06-03,https://www.transfermarkt.co.uk/jorgen-strand-larsen/profil/spieler/429983,high,1.0,1.0,provider_id_crosswalk,transfermarkt_dataset
20995,M. Lacroix,Maxence Guy Lacroix,Crystal Palace,Premier League,434224,Maxence Lacroix,Crystal Palace,50000000,50.0,2026-06-03,https://www.transfermarkt.co.uk/maxence-lacroix/profil/spieler/434224,high,1.0,1.0,provider_id_crosswalk,transfermarkt_dataset
18862,N. Clyne,Nathaniel Edwin Clyne,Crystal Palace,Premier League,85177,Nathaniel Clyne,Crystal Palace,300000,0.3,2026-06-03,https://www.transfermarkt.co.uk/nathaniel-clyne/profil/spieler/85177,high,1.0,1.0,provider_id_crosswalk,transfermarkt_dataset
182201,T. Mitchell,Tyrick Kwon Mitchell,Crystal Palace,Premier League,730893,Tyrick Mitchell,Crystal Palace,25000000,25.0,2026-06-03,https://www.transfermarkt.co.uk/tyrick-mitchell/profil/spieler/730893,high,1.0,1.0,provider_id_crosswalk,transfermarkt_dataset
18806,W. Hughes,William James Hughes,Crystal Palace,Premier League,207014,Will Hughes,Crystal Palace,5000000,5.0,2026-06-03,https://www.transfermarkt.co.uk/will-hughes/profil/spieler/207014,high,1.0,1.0,provider_id_crosswalk,transfermarkt_dataset
184226,Yeremy Pino,Yeremy Jesús Pino Santos,Crystal Palace,Premier League,568157,Yéremy Pino,Villarreal CF,30000000,30.0,2026-06-03,https://www.transfermarkt.co.uk/yeremy-pino/profil/spieler/568157,high,1.0,1.0,provider_id_crosswalk,transfermarkt_dataset
125743,Beto,Norberto Bercique Gomes Betuncal,Everton,Premier League,595809,Beto,Everton FC,18000000,18.0,2026-06-03,https://www.transfermarkt.co.uk/beto/profil/spieler/595809,high,1.0,1.0,provider_id_crosswalk,transfermarkt_dataset
195993,C. Alcaraz,Carlos Jonas Alcaraz Duran,Everton,Premier League,748319,Carlos Alcaraz,Everton FC,15000000,15.0,2026-06-03,https://www.transfermarkt.co.uk/carlos-alcaraz/profil/spieler/748319,high,1.0,1.0,provider_id_crosswalk,transfermarkt_dataset
18929,D. McNeil,Dwight James Matthew McNeil,Everton,Premier League,584769,Dwight McNeil,Everton FC,18000000,18.0,2026-06-03,https://www.transfermarkt.co.uk/dwight-mcneil/profil/spieler/584769,high,1.0,1.0,provider_id_crosswalk,transfermarkt_dataset
405360,H. Armstrong,Harrison Armstrong,Everton,Premier League,1107733,Harrison Armstrong,Everton FC,12000000,12.0,2026-06-03,https://www.transfermarkt.co.uk/harrison-armstrong/profil/spieler/1107733,high,1.0,1.0,provider_id_crosswalk,transfermarkt_dataset
2990,I. Gueye,Idrissa Gana Gueye,Everton,Premier League,126665,Idrissa Gueye,Everton FC,500000,0.5,2026-06-03,https://www.transfermarkt.co.uk/idrissa-gueye/profil/spieler/126665,high,1.0,1.0,provider_id_crosswalk,transfermarkt_dataset
18592,I. Ndiaye,Iliman Cheikh Baroy Ndiaye,Everton,Premier League,623570,Iliman Ndiaye,Everton FC,55000000,55.0,2026-06-03,https://www.transfermarkt.co.uk/iliman-ndiaye/profil/spieler/623570,high,1.0,1.0,provider_id_crosswalk,transfermarkt_dataset
17661,J. Branthwaite,Jarrad Paul Branthwaite,Everton,Premier League,661053,Jarrad Branthwaite,Everton FC,40000000,40.0,2026-06-03,https://www.transfermarkt.co.uk/jarrad-branthwaite/profil/spieler/661053,high,1.0,1.0,provider_id_crosswalk,transfermarkt_dataset
895,J. Garner,James David Garner,Everton,Premier League,505219,James Garner,Everton FC,45000000,45.0,2026-06-03,https://www.transfermarkt.co.uk/james-garner/profil/spieler/505219,high,1.0,1.0,provider_id_crosswalk,transfermarkt_dataset
19187,J. Grealish,Jack Peter Grealish,Everton,Premier League,203460,Jack Grealish,Everton FC,20000000,20.0,2026-06-03,https://www.transfermarkt.co.uk/jack-grealish/profil/spieler/203460,high,1.0,1.0,provider_id_crosswalk,transfermarkt_dataset
270139,J. O&apos;Brien,Jake O'Brien,Everton,Premier League,711544,Jake O'Brien,Everton FC,18000000,18.0,2026-06-03,https://www.transfermarkt.co.uk/jake-obrien/profil/spieler/711544,high,1.0,1.0,provider_id_crosswalk,transfermarkt_dataset
2932,J. Pickford,Jordan Lee Pickford,Everton,Premier League,130164,Jordan Pickford,Everton FC,13000000,13.0,2026-06-03,https://www.transfermarkt.co.uk/jordan-pickford/profil/spieler/130164,high,1.0,1.0,provider_id_crosswalk,transfermarkt_dataset
2936,J. Tarkowski,James Alan Tarkowski,Everton,Premier League,173504,James Tarkowski,Everton FC,5000000,5.0,2026-06-03,https://www.transfermarkt.co.uk/james-tarkowski/profil/spieler/173504,high,1.0,1.0,provider_id_crosswalk,transfermarkt_dataset
148099,K. Dewsbury-Hall,Kiernan Frank Dewsbury-Hall,Everton,Premier League,475188,Kiernan Dewsbury-Hall,Everton FC,35000000,35.0,2026-06-03,https://www.transfermarkt.co.uk/kiernan-dewsbury-hall/profil/spieler/475188,high,1.0,1.0,provider_id_crosswalk,transfermarkt_dataset
2934,M. Keane,Michael Vincent Keane,Everton,Premier League,118534,Michael Keane,Everton FC,3000000,3.0,2026-06-03,https://www.transfermarkt.co.uk/michael-keane/profil/spieler/118534,high,1.0,1.0,provider_id_crosswalk,transfermarkt_dataset
202854,M. Röhl,Merlin Röhl,Everton,Premier League,608832,Merlin Röhl,Everton FC,16000000,16.0,2026-06-03,https://www.transfermarkt.co.uk/merlin-rohl/profil/spieler/608832,high,1.0,1.0,provider_id_crosswalk,transfermarkt_dataset
343684,T. Barry,Thierno Barry,Everton,Premier League,937941,Thierno Barry,Everton FC,30000000,30.0,2026-06-03,https://www.transfermarkt.co.uk/thierno-barry/profil/spieler/937941,high,1.0,1.0,provider_id_crosswalk,transfermarkt_dataset
304317,T. Dibling,Tyler-Jay Dibling,Everton,Premier League,866655,Tyler Dibling,Everton FC,17000000,17.0,2026-06-03,https://www.transfermarkt.co.uk/tyler-dibling/profil/spieler/866655,high,0.9415,0.9415,name_club_age,transfermarkt_dataset
284500,T. Iroegbunam,Timothy Emeka Iroegbunam,Everton,Premier League,696589,Tim Iroegbunam,Everton FC,18000000,18.0,2026-06-03,https://www.transfermarkt.co.uk/tim-iroegbunam/profil/spieler/696589,high,1.0,1.0,provider_id_crosswalk,transfermarkt_dataset
2165,V. Mykolenko,Vitalii Mykolenko,Everton,Premier League,404842,Vitaliy Mykolenko,Everton FC,25000000,25.0,2026-06-03,https://www.transfermarkt.co.uk/vitaliy-mykolenko/profil/spieler/404842,high,1.0,1.0,provider_id_crosswalk,transfermarkt_dataset
1455,A. Iwobi,Alexander Chuka Iwobi,Fulham,Premier League,242631,Alex Iwobi,Fulham FC,20000000,20.0,2026-06-03,https://www.transfermarkt.co.uk/alex-iwobi/profil/spieler/242631,high,1.0,1.0,provider_id_crosswalk,transfermarkt_dataset
19549,A. Robinson,Antonee Robinson,Fulham,Premier League,349701,Antonee Robinson,Fulham FC,22000000,22.0,2026-06-03,https://www.transfermarkt.co.uk/antonee-robinson/profil/spieler/349701,high,1.0,1.0,provider_id_crosswalk,transfermarkt_dataset
18753,Adama Traoré,Adama Traoré Diarra,Fulham,Premier League,204103,Adama Traoré,West Ham United,6000000,6.0,2026-06-03,https://www.transfermarkt.co.uk/adama-traore/profil/spieler/204103,high,0.9357,0.0877,name_club_age,transfermarkt_dataset
1438,B. Leno,Bernd Leno,Fulham,Premier League,72476,Bernd Leno,Fulham FC,6000000,6.0,2026-06-03,https://www.transfermarkt.co.uk/bernd-leno/profil/spieler/72476,high,1.0,1.0,provider_id_crosswalk,transfermarkt_dataset
152967,C. Bassey,Calvin Bassey Ughelumba,Fulham,Premier League,461883,Calvin Bassey,Fulham FC,28000000,28.0,2026-06-03,https://www.transfermarkt.co.uk/calvin-bassey/profil/spieler/461883,high,1.0,1.0,provider_id_crosswalk,transfermarkt_dataset
1161,E. Smith Rowe,Emile Smith Rowe,Fulham,Premier League,392765,Emile Smith Rowe,Fulham FC,20000000,20.0,2026-06-03,https://www.transfermarkt.co.uk/emile-smith-rowe/profil/spieler/392765,high,0.982,0.3839,name_club_age,transfermarkt_dataset
19221,H. Wilson,Harry Wilson,Fulham,Premier League,279455,Harry Wilson,Fulham FC,25000000,25.0,2026-06-03,https://www.transfermarkt.co.uk/harry-wilson/profil/spieler/279455,high,1.0,1.0,provider_id_crosswalk,transfermarkt_dataset
18814,I. Diop,Issa Laye Lucas Jean Diop,Fulham,Premier League,272622,Issa Diop,Fulham FC,8000000,8.0,2026-06-03,https://www.transfermarkt.co.uk/issa-diop/profil/spieler/272622,high,1.0,1.0,provider_id_crosswalk,transfermarkt_dataset
2729,J. Andersen,Joachim Christian Andersen,Fulham,Premier League,260827,Joachim Andersen,Fulham FC,20000000,20.0,2026-06-03,https://www.transfermarkt.co.uk/joachim-andersen/profil/spieler/260827,high,1.0,1.0,provider_id_crosswalk,transfermarkt_dataset
131,Jorge Cuenca,Jorge Cuenca Barreno,Fulham,Premier League,494880,Jorge Cuenca,Fulham FC,8000000,8.0,2026-06-03,https://www.transfermarkt.co.uk/jorge-cuenca/profil/spieler/494880,high,1.0,1.0,provider_id_crosswalk,transfermarkt_dataset
389315,Joshua King,Joshua King,Fulham,Premier League,1011131,Josh King,Fulham FC,25000000,25.0,2026-06-03,https://www.transfermarkt.co.uk/josh-king/profil/spieler/1011131,high,1.0,1.0,provider_id_crosswalk,transfermarkt_dataset
657,K. Tete,Kenny Joelle Tete,Fulham,Premier League,206746,Kenny Tete,Fulham FC,8000000,8.0,2026-06-03,https://www.transfermarkt.co.uk/kenny-tete/profil/spieler/206746,high,1.0,1.0,provider_id_crosswalk,transfermarkt_dataset
237819,Kevin,Kevin Santos Lopes de Macedo,Fulham,Premier League,900195,Kevin,FC Shakhtar Donetsk,25000000,25.0,2026-06-03,https://www.transfermarkt.co.uk/kevin/profil/spieler/900195,high,1.0,1.0,provider_id_crosswalk,transfermarkt_dataset
2887,R. Jiménez,Raúl Alonso Jiménez Rodríguez,Fulham,Premier League,206040,Raúl Jiménez,Fulham FC,3000000,3.0,2026-06-03,https://www.transfermarkt.co.uk/raul-jimenez/profil/spieler/206040,high,1.0,1.0,provider_id_crosswalk,transfermarkt_dataset
19032,R. Sessegnon,Kouassi Ryan Sessegnon,Fulham,Premier League,392775,Ryan Sessegnon,Fulham FC,22000000,22.0,2026-06-03,https://www.transfermarkt.co.uk/ryan-sessegnon/profil/spieler/392775,high,1.0,1.0,provider_id_crosswalk,transfermarkt_dataset
195106,Rodrigo Muniz,Rodrigo Muniz Carvalho,Fulham,Premier League,735571,Rodrigo Muniz,Fulham FC,20000000,20.0,2026-06-03,https://www.transfermarkt.co.uk/rodrigo-muniz/profil/spieler/735571,high,1.0,1.0,provider_id_crosswalk,transfermarkt_dataset
1934,S. Berge,Sander Gard Bolin Berge,Fulham,Premier League,333014,Sander Berge,Fulham FC,25000000,25.0,2026-06-03,https://www.transfermarkt.co.uk/sander-berge/profil/spieler/333014,high,1.0,1.0,provider_id_crosswalk,transfermarkt_dataset
1696,S. Chukwueze,Samuel Chimerenka Chukwueze,Fulham,Premier League,401922,Samuel Chukwueze,AC Milan,18000000,18.0,2026-06-03,https://www.transfermarkt.co.uk/samuel-chukwueze/profil/spieler/401922,high,1.0,1.0,provider_id_crosswalk,transfermarkt_dataset
2823,S. Lukić,Saša Lukić,Fulham,Premier League,245056,Saša Lukić,Fulham FC,10000000,10.0,2026-06-03,https://www.transfermarkt.co.uk/sasa-lukic/profil/spieler/245056,high,1.0,1.0,provider_id_crosswalk,transfermarkt_dataset
19025,T. Cairney,Thomas Cairney,Fulham,Premier League,123275,Tom Cairney,Fulham FC,500000,0.5,2026-06-03,https://www.transfermarkt.co.uk/tom-cairney/profil/spieler/123275,high,1.0,1.0,provider_id_crosswalk,transfermarkt_dataset
2920,T. Castagne,Timothy Castagne,Fulham,Premier League,262226,Timothy Castagne,Fulham FC,8000000,8.0,2026-06-03,https://www.transfermarkt.co.uk/timothy-castagne/profil/spieler/262226,high,0.982,0.982,name_club_age,transfermarkt_dataset
177665,A. Stach,Anton Levi Stach,Leeds,Premier League,344069,Anton Stach,Leeds United,28000000,28.0,2026-06-03,https://www.transfermarkt.co.uk/anton-stach/profil/spieler/344069,high,1.0,1.0,provider_id_crosswalk,transfermarkt_dataset
32966,A. Tanaka,Ao Tanaka,Leeds,Premier League,489359,Ao Tanaka,Leeds United,13000000,13.0,2026-06-03,https://www.transfermarkt.co.uk/ao-tanaka/profil/spieler/489359,high,1.0,1.0,provider_id_crosswalk,transfermarkt_dataset
50739,B. Aaronson,Brenden Russell Aaronson,Leeds,Premier League,393323,Brenden Aaronson,Leeds United,22000000,22.0,2026-06-03,https://www.transfermarkt.co.uk/brenden-aaronson/profil/spieler/393323,high,1.0,1.0,provider_id_crosswalk,transfermarkt_dataset
18766,D. Calvert-Lewin,Dominic Nathaniel Calvert-Lewin,Leeds,Premier League,306024,Dominic Calvert-Lewin,Leeds United,22000000,22.0,2026-06-03,https://www.transfermarkt.co.uk/dominic-calvert-lewin/profil/spieler/306024,high,1.0,1.0,provider_id_crosswalk,transfermarkt_dataset
19329,D. James,Daniel Owen James,Leeds,Premier League,319301,Daniel James,Leeds United,10000000,10.0,2026-06-03,https://www.transfermarkt.co.uk/daniel-james/profil/spieler/319301,high,1.0,1.0,provider_id_crosswalk,transfermarkt_dataset
2279,E. Ampadu,Ethan Kwame Colm Raymond Ampadu,Leeds,Premier League,392771,Ethan Ampadu,Leeds United,30000000,30.0,2026-06-03,https://www.transfermarkt.co.uk/ethan-ampadu/profil/spieler/392771,high,1.0,1.0,provider_id_crosswalk,transfermarkt_dataset
47969,G. Gudmundsson,Gabriel Johan Gudmundsson,Leeds,Premier League,362108,Gabriel Gudmundsson,Leeds United,20000000,20.0,2026-06-03,https://www.transfermarkt.co.uk/gabriel-gudmundsson/profil/spieler/362108,high,1.0,1.0,provider_id_crosswalk,transfermarkt_dataset
129142,I. Gruev,Ilia Iliev Gruev,Leeds,Premier League,381753,Ilia Gruev,Leeds United,12000000,12.0,2026-06-03,https://www.transfermarkt.co.uk/ilia-gruev/profil/spieler/381753,high,1.0,1.0,provider_id_crosswalk,transfermarkt_dataset
833,J. Bijol,Jaka Bijol,Leeds,Premier League,371851,Jaka Bijol,Leeds United,20000000,20.0,2026-06-03,https://www.transfermarkt.co.uk/jaka-bijol/profil/spieler/371851,high,1.0,1.0,provider_id_crosswalk,transfermarkt_dataset
19201,J. Bogle,Jayden Ian Bogle,Leeds,Premier League,465717,Jayden Bogle,Leeds United,15000000,15.0,2026-06-03,https://www.transfermarkt.co.uk/jayden-bogle/profil/spieler/465717,high,1.0,1.0,provider_id_crosswalk,transfermarkt_dataset
19760,J. Justin,James Michael Justin,Leeds,Premier League,413220,James Justin,Leeds United,12000000,12.0,2026-06-03,https://www.transfermarkt.co.uk/james-justin/profil/spieler/413220,high,1.0,1.0,provider_id_crosswalk,transfermarkt_dataset
250,J. Piroe,Joël Mohammed Ramzan Piroe,Leeds,Premier League,369962,Joël Piroe,Leeds United,10000000,10.0,2026-06-03,https://www.transfermarkt.co.uk/joel-piroe/profil/spieler/369962,high,1.0,1.0,provider_id_crosswalk,transfermarkt_dataset
19321,J. Rodon,Joseph Peter Rodon,Leeds,Premier League,297212,Joe Rodon,Leeds United,18000000,18.0,2026-06-03,https://www.transfermarkt.co.uk/joe-rodon/profil/spieler/297212,high,1.0,1.0,provider_id_crosswalk,transfermarkt_dataset
18885,K. Darlow,Karl Darlow,Leeds,Premier League,99397,Karl Darlow,Leeds United,200000,0.2,2026-06-03,https://www.transfermarkt.co.uk/karl-darlow/profil/spieler/99397,high,1.0,1.0,provider_id_crosswalk,transfermarkt_dataset
19461,L. Nmecha,Lukas Okechukwu Nmecha,Leeds,Premier League,314288,Lukas Nmecha,Leeds United,10000000,10.0,2026-06-03,https://www.transfermarkt.co.uk/lukas-nmecha/profil/spieler/314288,high,1.0,1.0,provider_id_crosswalk,transfermarkt_dataset
80296,Lucas Perri,Lucas Estella Perri,Leeds,Premier League,352041,Lucas Perri,Leeds United,10000000,10.0,2026-06-03,https://www.transfermarkt.co.uk/lucas-perri/profil/spieler/352041,high,1.0,1.0,provider_id_crosswalk,transfermarkt_dataset
48389,N. Okafor,Noah Arinzechukwu Okafor,Leeds,Premier League,346890,Noah Okafor,Leeds United,25000000,25.0,2026-06-03,https://www.transfermarkt.co.uk/noah-okafor/profil/spieler/346890,high,1.0,1.0,provider_id_crosswalk,transfermarkt_dataset
64003,P. Struijk,Pascal Augustus Struijk,Leeds,Premier League,410708,Pascal Struijk,Leeds United,22000000,22.0,2026-06-03,https://www.transfermarkt.co.uk/pascal-struijk/profil/spieler/410708,high,1.0,1.0,provider_id_crosswalk,transfermarkt_dataset
1408,S. Bornauw,Sebastiaan Bornauw,Leeds,Premier League,338629,Sebastiaan Bornauw,Leeds United,8000000,8.0,2026-06-03,https://www.transfermarkt.co.uk/sebastiaan-bornauw/profil/spieler/338629,high,1.0,1.0,provider_id_crosswalk,transfermarkt_dataset
18901,S. Longstaff,Sean David Longstaff,Leeds,Premier League,346707,Sean Longstaff,Leeds United,15000000,15.0,2026-06-03,https://www.transfermarkt.co.uk/sean-longstaff/profil/spieler/346707,high,1.0,1.0,provider_id_crosswalk,transfermarkt_dataset
2864,A. Isak,Alexander Isak,Liverpool,Premier League,349066,Alexander Isak,Liverpool FC,85000000,85.0,2026-06-03,https://www.transfermarkt.co.uk/alexander-isak/profil/spieler/349066,high,1.0,1.0,provider_id_crosswalk,transfermarkt_dataset
6716,A. Mac Allister,Alexis Mac Allister,Liverpool,Premier League,534033,Alexis Mac Allister,Liverpool FC,70000000,70.0,2026-06-03,https://www.transfermarkt.co.uk/alexis-mac-allister/profil/spieler/534033,high,1.0,1.0,provider_id_crosswalk,transfermarkt_dataset
289,A. Robertson,Andrew Henry Robertson,Liverpool,Premier League,234803,Andrew Robertson,Liverpool FC,7000000,7.0,2026-06-03,https://www.transfermarkt.co.uk/andrew-robertson/profil/spieler/234803,high,1.0,1.0,provider_id_crosswalk,transfermarkt_dataset
280,Alisson Becker,Alisson Ramsés Becker,Liverpool,Premier League,105470,Alisson,Liverpool FC,15000000,15.0,2026-06-03,https://www.transfermarkt.co.uk/alisson/profil/spieler/105470,high,1.0,1.0,provider_id_crosswalk,transfermarkt_dataset
180317,C. Bradley,Conor Bradley,Liverpool,Premier League,624258,Conor Bradley,Liverpool FC,25000000,25.0,2026-06-03,https://www.transfermarkt.co.uk/conor-bradley/profil/spieler/624258,high,1.0,1.0,provider_id_crosswalk,transfermarkt_dataset
247,C. Gakpo,Cody Mathès Gakpo,Liverpool,Premier League,434675,Cody Gakpo,Liverpool FC,60000000,60.0,2026-06-03,https://www.transfermarkt.co.uk/cody-gakpo/profil/spieler/434675,high,1.0,1.0,provider_id_crosswalk,transfermarkt_dataset
293,C. Jones,Curtis Julian Jones,Liverpool,Premier League,433188,Curtis Jones,Liverpool FC,35000000,35.0,2026-06-03,https://www.transfermarkt.co.uk/curtis-jones/profil/spieler/433188,high,1.0,1.0,provider_id_crosswalk,transfermarkt_dataset
1096,D. Szoboszlai,Dominik Szoboszlai,Liverpool,Premier League,451276,Dominik Szoboszlai,Liverpool FC,100000000,100.0,2026-06-03,https://www.transfermarkt.co.uk/dominik-szoboszlai/profil/spieler/451276,high,1.0,1.0,provider_id_crosswalk,transfermarkt_dataset
30410,F. Chiesa,Federico Chiesa,Liverpool,Premier League,341092,Federico Chiesa,Liverpool FC,13000000,13.0,2026-06-03,https://www.transfermarkt.co.uk/federico-chiesa/profil/spieler/341092,high,1.0,1.0,provider_id_crosswalk,transfermarkt_dataset
203224,F. Wirtz,Florian Richard Wirtz,Liverpool,Premier League,598577,Florian Wirtz,Liverpool FC,100000000,100.0,2026-06-03,https://www.transfermarkt.co.uk/florian-wirtz/profil/spieler/598577,high,1.0,1.0,provider_id_crosswalk,transfermarkt_dataset
24760,G. Mamardashvili,Giorgi Mamardashvili,Liverpool,Premier League,502676,Giorgi Mamardashvili,Liverpool FC,28000000,28.0,2026-06-03,https://www.transfermarkt.co.uk/giorgi-mamardashvili/profil/spieler/502676,high,1.0,1.0,provider_id_crosswalk,transfermarkt_dataset
174565,H. Ekitike,Hugo Ekitike,Liverpool,Premier League,709726,Hugo Ekitiké,Liverpool FC,80000000,80.0,2026-06-03,https://www.transfermarkt.co.uk/hugo-ekitike/profil/spieler/709726,high,1.0,1.0,provider_id_crosswalk,transfermarkt_dataset
1145,I. Konaté,Ibrahima Konaté,Liverpool,Premier League,357119,Ibrahima Konaté,Liverpool FC,45000000,45.0,2026-06-03,https://www.transfermarkt.co.uk/ibrahima-konate/profil/spieler/357119,high,1.0,1.0,provider_id_crosswalk,transfermarkt_dataset
152654,J. Frimpong,Jeremie Agyekum Frimpong,Liverpool,Premier League,484547,Jeremie Frimpong,Liverpool FC,35000000,35.0,2026-06-03,https://www.transfermarkt.co.uk/jeremie-frimpong/profil/spieler/484547,high,1.0,1.0,provider_id_crosswalk,transfermarkt_dataset
284,J. Gomez,Joseph Dave Gomez,Liverpool,Premier League,256178,Joe Gomez,Liverpool FC,13000000,13.0,2026-06-03,https://www.transfermarkt.co.uk/joe-gomez/profil/spieler/256178,high,1.0,1.0,provider_id_crosswalk,transfermarkt_dataset
206254,M. Kerkez,Miloš Kerkez,Liverpool,Premier League,730861,Milos Kerkez,Liverpool FC,35000000,35.0,2026-06-03,https://www.transfermarkt.co.uk/milos-kerkez/profil/spieler/730861,high,1.0,1.0,provider_id_crosswalk,transfermarkt_dataset
306,Mohamed Salah,Mohamed Salah Hamed Mahrous Ghaly,Liverpool,Premier League,148455,Mohamed Salah,Liverpool FC,22000000,22.0,2026-06-03,https://www.transfermarkt.co.uk/mohamed-salah/profil/spieler/148455,high,1.0,1.0,provider_id_crosswalk,transfermarkt_dataset
542,R. Gravenberch,Ryan Jiro Gravenberch,Liverpool,Premier League,478573,Ryan Gravenberch,Liverpool FC,80000000,80.0,2026-06-03,https://www.transfermarkt.co.uk/ryan-gravenberch/profil/spieler/478573,high,1.0,1.0,provider_id_crosswalk,transfermarkt_dataset
452685,R. Ngumoha,Rio Ngumoha,Liverpool,Premier League,1108466,Rio Ngumoha,Liverpool FC,30000000,30.0,2026-06-03,https://www.transfermarkt.co.uk/rio-ngumoha/profil/spieler/1108466,high,1.0,1.0,provider_id_crosswalk,transfermarkt_dataset
290,V. van Dijk,Virgil van Dijk,Liverpool,Premier League,139208,Virgil van Dijk,Liverpool FC,15000000,15.0,2026-06-03,https://www.transfermarkt.co.uk/virgil-van-dijk/profil/spieler/139208,high,1.0,1.0,provider_id_crosswalk,transfermarkt_dataset
636,Bernardo Silva,Bernardo Mota Veiga de Carvalho e Silva,Manchester City,Premier League,241641,Bernardo Silva,Manchester City,22000000,22.0,2026-06-03,https://www.transfermarkt.co.uk/bernardo-silva/profil/spieler/241641,high,1.0,1.0,provider_id_crosswalk,transfermarkt_dataset
1100,E. Haaland,Erling Braut Haaland,Manchester City,Premier League,418560,Erling Haaland,Manchester City,200000000,200.0,2026-06-03,https://www.transfermarkt.co.uk/erling-haaland/profil/spieler/418560,high,1.0,1.0,provider_id_crosswalk,transfermarkt_dataset
1622,G. Donnarumma,Gianluigi Donnarumma,Manchester City,Premier League,315858,Gianluigi Donnarumma,Manchester City,45000000,45.0,2026-06-03,https://www.transfermarkt.co.uk/gianluigi-donnarumma/profil/spieler/315858,high,1.0,1.0,provider_id_crosswalk,transfermarkt_dataset
1422,J. Doku,Jérémy Baffour Doku,Manchester City,Premier League,486049,Jérémy Doku,Manchester City,75000000,75.0,2026-06-03,https://www.transfermarkt.co.uk/jeremy-doku/profil/spieler/486049,high,1.0,1.0,provider_id_crosswalk,transfermarkt_dataset
129033,J. Gvardiol,Joško Gvardiol,Manchester City,Premier League,475959,Josko Gvardiol,Manchester City,70000000,70.0,2026-06-03,https://www.transfermarkt.co.uk/josko-gvardiol/profil/spieler/475959,high,1.0,1.0,provider_id_crosswalk,transfermarkt_dataset
626,J. Stones,John Stones,Manchester City,Premier League,186590,John Stones,Manchester City,12000000,12.0,2026-06-03,https://www.transfermarkt.co.uk/john-stones/profil/spieler/186590,high,1.0,1.0,provider_id_crosswalk,transfermarkt_dataset
162489,J. Trafford,James Harrington Trafford,Manchester City,Premier League,566799,James Trafford,Manchester City,25000000,25.0,2026-06-03,https://www.transfermarkt.co.uk/james-trafford/profil/spieler/566799,high,1.0,1.0,provider_id_crosswalk,transfermarkt_dataset
67971,M. Guéhi,Addji Keaninkin Marc-Israel Guéhi,Manchester City,Premier League,392757,Marc Guéhi,Manchester City,70000000,70.0,2026-06-03,https://www.transfermarkt.co.uk/marc-guehi/profil/spieler/392757,high,1.0,1.0,provider_id_crosswalk,transfermarkt_dataset
41621,Matheus Nunes,Matheus Luiz Nunes,Manchester City,Premier League,601883,Matheus Nunes,Manchester City,50000000,50.0,2026-06-03,https://www.transfermarkt.co.uk/matheus-nunes/profil/spieler/601883,high,1.0,1.0,provider_id_crosswalk,transfermarkt_dataset
18861,N. Aké,Nathan Benjamin Aké,Manchester City,Premier League,177476,Nathan Aké,Manchester City,12000000,12.0,2026-06-03,https://www.transfermarkt.co.uk/nathan-ake/profil/spieler/177476,high,1.0,1.0,provider_id_crosswalk,transfermarkt_dataset
307123,N. O&apos;Reilly,Nico O'Reilly,Manchester City,Premier League,743413,Nico O'Reilly,Manchester City,70000000,70.0,2026-06-03,https://www.transfermarkt.co.uk/nico-oreilly/profil/spieler/743413,high,1.0,1.0,provider_id_crosswalk,transfermarkt_dataset
161933,Nico González,Nicolás González Iglesias,Manchester City,Premier League,466805,Nico González,Manchester City,40000000,40.0,2026-06-03,https://www.transfermarkt.co.uk/nico-gonzalez/profil/spieler/466805,high,1.0,1.0,provider_id_crosswalk,transfermarkt_dataset
81573,Omar Marmoush,Omar Khaled Mohamed Abd Elsala Marmoush,Manchester City,Premier League,445939,Omar Marmoush,Manchester City,50000000,50.0,2026-06-03,https://www.transfermarkt.co.uk/omar-marmoush/profil/spieler/445939,high,1.0,1.0,provider_id_crosswalk,transfermarkt_dataset
278133,Oscar Bobb,Oscar Bobb,Manchester City,Premier League,661207,Oscar Bobb,Manchester City,28000000,28.0,2026-06-03,https://www.transfermarkt.co.uk/oscar-bobb/profil/spieler/661207,high,1.0,1.0,provider_id_crosswalk,transfermarkt_dataset
631,P. Foden,Philip Walter Foden,Manchester City,Premier League,406635,Phil Foden,Manchester City,70000000,70.0,2026-06-03,https://www.transfermarkt.co.uk/phil-foden/profil/spieler/406635,high,1.0,1.0,provider_id_crosswalk,transfermarkt_dataset
21138,R. Aït-Nouri,Rayan Aït-Nouri,Manchester City,Premier League,578391,Rayan Aït-Nouri,Manchester City,40000000,40.0,2026-06-03,https://www.transfermarkt.co.uk/rayan-ait-nouri/profil/spieler/578391,high,1.0,1.0,provider_id_crosswalk,transfermarkt_dataset
156477,R. Cherki,Mathis Rayan Cherki,Manchester City,Premier League,607223,Rayan Cherki,Manchester City,90000000,90.0,2026-06-03,https://www.transfermarkt.co.uk/rayan-cherki/profil/spieler/607223,high,1.0,1.0,provider_id_crosswalk,transfermarkt_dataset
284230,R. Lewis,Rico Henry Mark Lewis,Manchester City,Premier League,701057,Rico Lewis,Manchester City,28000000,28.0,2026-06-03,https://www.transfermarkt.co.uk/rico-lewis/profil/spieler/701057,high,1.0,1.0,provider_id_crosswalk,transfermarkt_dataset
44,Rodri,Rodrigo Hernández Cascante,Manchester City,Premier League,357565,Rodri,Manchester City,50000000,50.0,2026-06-03,https://www.transfermarkt.co.uk/rodri/profil/spieler/357565,high,1.0,1.0,provider_id_crosswalk,transfermarkt_dataset
567,Rúben Dias,Rúben dos Santos Gato Alves Dias,Manchester City,Premier League,258004,Rúben Dias,Manchester City,55000000,55.0,2026-06-03,https://www.transfermarkt.co.uk/ruben-dias/profil/spieler/258004,high,1.0,1.0,provider_id_crosswalk,transfermarkt_dataset
266657,Sávio,Sávio Moreira de Oliveira,Manchester City,Premier League,743591,Savinho,Manchester City,35000000,35.0,2026-06-03,https://www.transfermarkt.co.uk/savinho/profil/spieler/743591,high,1.0,1.0,provider_id_crosswalk,transfermarkt_dataset
36902,T. Reijnders,Tijjani Reijnders,Manchester City,Premier League,460939,Tijjani Reijnders,Manchester City,50000000,50.0,2026-06-03,https://www.transfermarkt.co.uk/tijjani-reijnders/profil/spieler/460939,high,1.0,0.4095,name_club_age,transfermarkt_dataset
50132,A. Bayındır,Altay Bayındır,Manchester United,Premier League,336077,Altay Bayındır,Manchester United,5000000,5.0,2026-06-03,https://www.transfermarkt.co.uk/altay-bayindir/profil/spieler/336077,high,1.0,1.0,provider_id_crosswalk,transfermarkt_dataset
157997,A. Diallo,Amad Diallo Traoré,Manchester United,Premier League,536835,Amad Diallo,Manchester United,45000000,45.0,2026-06-03,https://www.transfermarkt.co.uk/amad-diallo/profil/spieler/536835,high,1.0,1.0,provider_id_crosswalk,transfermarkt_dataset
402329,A. Heaven,Ayden Heaven,Manchester United,Premier League,1078163,Ayden Heaven,Manchester United,30000000,30.0,2026-06-03,https://www.transfermarkt.co.uk/ayden-heaven/profil/spieler/1078163,high,1.0,1.0,provider_id_crosswalk,transfermarkt_dataset
20589,B. Mbeumo,Bryan Tetsadong Marceau Mbeumo,Manchester United,Premier League,413039,Bryan Mbeumo,Manchester United,75000000,75.0,2026-06-03,https://www.transfermarkt.co.uk/bryan-mbeumo/profil/spieler/413039,high,1.0,1.0,provider_id_crosswalk,transfermarkt_dataset
115589,B. Šeško,Benjamin Šeško,Manchester United,Premier League,627442,Benjamin Sesko,Manchester United,75000000,75.0,2026-06-03,https://www.transfermarkt.co.uk/benjamin-sesko/profil/spieler/627442,high,1.0,1.0,provider_id_crosswalk,transfermarkt_dataset
1485,Bruno Fernandes,Bruno Miguel Borges Fernandes,Manchester United,Premier League,240306,Bruno Fernandes,Manchester United,35000000,35.0,2026-06-03,https://www.transfermarkt.co.uk/bruno-fernandes/profil/spieler/240306,high,1.0,1.0,provider_id_crosswalk,transfermarkt_dataset
747,Casemiro,Carlos Henrique Casimiro,Manchester United,Premier League,16306,Casemiro,Manchester United,6000000,6.0,2026-06-03,https://www.transfermarkt.co.uk/casemiro/profil/spieler/16306,high,1.0,1.0,provider_id_crosswalk,transfermarkt_dataset
886,Diogo Dalot,José Diogo Dalot Teixeira,Manchester United,Premier League,357147,Diogo Dalot,Manchester United,30000000,30.0,2026-06-03,https://www.transfermarkt.co.uk/diogo-dalot/profil/spieler/357147,high,1.0,1.0,provider_id_crosswalk,transfermarkt_dataset
2935,H. Maguire,Jacob Harry Maguire,Manchester United,Premier League,177907,Harry Maguire,Manchester United,8000000,8.0,2026-06-03,https://www.transfermarkt.co.uk/harry-maguire/profil/spieler/177907,high,1.0,1.0,provider_id_crosswalk,transfermarkt_dataset
70100,J. Zirkzee,Joshua Orobosa Zirkzee,Manchester United,Premier League,435648,Joshua Zirkzee,Manchester United,20000000,20.0,2026-06-03,https://www.transfermarkt.co.uk/joshua-zirkzee/profil/spieler/435648,high,1.0,1.0,provider_id_crosswalk,transfermarkt_dataset
284322,K. Mainoo,Kobbie Boateng Mainoo,Manchester United,Premier League,820374,Kobbie Mainoo,Manchester United,70000000,70.0,2026-06-03,https://www.transfermarkt.co.uk/kobbie-mainoo/profil/spieler/820374,high,1.0,1.0,provider_id_crosswalk,transfermarkt_dataset
891,L. Shaw,Luke Paul Hoare Shaw,Manchester United,Premier League,183288,Luke Shaw,Manchester United,8000000,8.0,2026-06-03,https://www.transfermarkt.co.uk/luke-shaw/profil/spieler/183288,high,1.0,1.0,provider_id_crosswalk,transfermarkt_dataset
342970,L. Yoro,Leny Yoro,Manchester United,Premier League,923831,Leny Yoro,Manchester United,50000000,50.0,2026-06-03,https://www.transfermarkt.co.uk/leny-yoro/profil/spieler/923831,high,1.0,0.4012,name_club_age,transfermarkt_dataset
2467,Lisandro Martínez,Lisandro Martínez,Manchester United,Premier League,480762,Lisandro Martínez,Manchester United,40000000,40.0,2026-06-03,https://www.transfermarkt.co.uk/lisandro-martinez/profil/spieler/480762,high,1.0,1.0,provider_id_crosswalk,transfermarkt_dataset
19220,M. Mount,Mason Tony Mount,Manchester United,Premier League,346483,Mason Mount,Manchester United,25000000,25.0,2026-06-03,https://www.transfermarkt.co.uk/mason-mount/profil/spieler/346483,high,1.0,1.0,provider_id_crosswalk,transfermarkt_dataset
51494,M. Ugarte,Manuel Ugarte Ribeiro,Manchester United,Premier League,476701,Manuel Ugarte,Manchester United,25000000,25.0,2026-06-03,https://www.transfermarkt.co.uk/manuel-ugarte/profil/spieler/476701,high,1.0,1.0,provider_id_crosswalk,transfermarkt_dataset
532,M. de Ligt,Matthijs de Ligt,Manchester United,Premier League,326031,Matthijs de Ligt,Manchester United,30000000,30.0,2026-06-03,https://www.transfermarkt.co.uk/matthijs-de-ligt/profil/spieler/326031,high,1.0,1.0,provider_id_crosswalk,transfermarkt_dataset
1165,Matheus Cunha,Matheus Santos Carneiro da Cunha,Manchester United,Premier League,517894,Matheus Cunha,Manchester United,75000000,75.0,2026-06-03,https://www.transfermarkt.co.uk/matheus-cunha/profil/spieler/517894,high,1.0,0.3832,name_club_age,transfermarkt_dataset
545,N. Mazraoui,Noussair Mazraoui,Manchester United,Premier League,340456,Noussair Mazraoui,Manchester United,18000000,18.0,2026-06-03,https://www.transfermarkt.co.uk/noussair-mazraoui/profil/spieler/340456,high,1.0,1.0,provider_id_crosswalk,transfermarkt_dataset
382452,P. Dorgu,Patrick Chinazaekpere Dorgu,Manchester United,Premier League,926952,Patrick Dorgu,Manchester United,35000000,35.0,2026-06-03,https://www.transfermarkt.co.uk/patrick-dorgu/profil/spieler/926952,high,1.0,1.0,provider_id_crosswalk,transfermarkt_dataset
162511,S. Lammens,Senne Lammens,Manchester United,Premier League,503883,Senne Lammens,Royal Antwerp FC,35000000,35.0,2026-06-03,https://www.transfermarkt.co.uk/senne-lammens/profil/spieler/503883,high,1.0,1.0,provider_id_crosswalk,transfermarkt_dataset
153430,A. Elanga,Anthony David Junior Elanga,Newcastle,Premier League,583189,Anthony Elanga,Newcastle United,32000000,32.0,2026-06-03,https://www.transfermarkt.co.uk/anthony-elanga/profil/spieler/583189,high,1.0,1.0,provider_id_crosswalk,transfermarkt_dataset
138787,A. Gordon,Anthony Michael Gordon,Newcastle,Premier League,503733,Anthony Gordon,Newcastle United,65000000,65.0,2026-06-03,https://www.transfermarkt.co.uk/anthony-gordon/profil/spieler/503733,high,1.0,1.0,provider_id_crosswalk,transfermarkt_dataset
20355,A. Ramsdale,Aaron Christopher Ramsdale,Newcastle,Premier League,427568,Aaron Ramsdale,Newcastle United,12000000,12.0,2026-06-03,https://www.transfermarkt.co.uk/aaron-ramsdale/profil/spieler/427568,high,1.0,1.0,provider_id_crosswalk,transfermarkt_dataset
10135,Bruno Guimarães,Bruno Guimarães Rodriguez Moura,Newcastle,Premier League,520624,Bruno Guimarães,Newcastle United,70000000,70.0,2026-06-03,https://www.transfermarkt.co.uk/bruno-guimaraes/profil/spieler/520624,high,1.0,1.0,provider_id_crosswalk,transfermarkt_dataset
18961,D. Burn,Daniel Johnson Burn,Newcastle,Premier League,134270,Dan Burn,Newcastle United,4000000,4.0,2026-06-03,https://www.transfermarkt.co.uk/dan-burn/profil/spieler/134270,high,1.0,1.0,provider_id_crosswalk,transfermarkt_dataset
2806,F. Schär,Fabian Lukas Schär,Newcastle,Premier League,135343,Fabian Schär,Newcastle United,4000000,4.0,2026-06-03,https://www.transfermarkt.co.uk/fabian-schar/profil/spieler/135343,high,1.0,1.0,provider_id_crosswalk,transfermarkt_dataset
18778,H. Barnes,Harvey Lewis Barnes,Newcastle,Premier League,398065,Harvey Barnes,Newcastle United,32000000,32.0,2026-06-03,https://www.transfermarkt.co.uk/harvey-barnes/profil/spieler/398065,high,1.0,1.0,provider_id_crosswalk,transfermarkt_dataset
19163,J. Murphy,Jacob Kai Murphy,Newcastle,Premier League,199527,Jacob Murphy,Newcastle United,12000000,12.0,2026-06-03,https://www.transfermarkt.co.uk/jacob-murphy/profil/spieler/199527,high,1.0,1.0,provider_id_crosswalk,transfermarkt_dataset
19192,J. Ramsey,Jacob Matthew Ramsey,Newcastle,Premier League,503749,Jacob Ramsey,Newcastle United,35000000,35.0,2026-06-03,https://www.transfermarkt.co.uk/jacob-ramsey/profil/spieler/503749,high,1.0,1.0,provider_id_crosswalk,transfermarkt_dataset
1463,J. Willock,Joseph George Willock,Newcastle,Premier League,340329,Joe Willock,Newcastle United,14000000,14.0,2026-06-03,https://www.transfermarkt.co.uk/joe-willock/profil/spieler/340329,high,1.0,1.0,provider_id_crosswalk,transfermarkt_dataset
723,Joelinton,Joelinton Cássio Apolinário de Lira,Newcastle,Premier League,333241,Joelinton,Newcastle United,25000000,25.0,2026-06-03,https://www.transfermarkt.co.uk/joelinton/profil/spieler/333241,high,1.0,1.0,provider_id_crosswalk,transfermarkt_dataset
169,K. Trippier,Kieran John Trippier,Newcastle,Premier League,95810,Kieran Trippier,Newcastle United,1500000,1.5,2026-06-03,https://www.transfermarkt.co.uk/kieran-trippier/profil/spieler/95810,high,1.0,1.0,provider_id_crosswalk,transfermarkt_dataset
284492,L. Hall,Lewis Kieran Hall,Newcastle,Premier League,670858,Lewis Hall,Newcastle United,40000000,40.0,2026-06-03,https://www.transfermarkt.co.uk/lewis-hall/profil/spieler/670858,high,1.0,1.0,provider_id_crosswalk,transfermarkt_dataset
328105,L. Miley,Lewis Miley,Newcastle,Premier League,922769,Lewis Miley,Newcastle United,25000000,25.0,2026-06-03,https://www.transfermarkt.co.uk/lewis-miley/profil/spieler/922769,high,1.0,1.0,provider_id_crosswalk,transfermarkt_dataset
163189,M. Thiaw,Malick Laye Thiaw,Newcastle,Premier League,521964,Malick Thiaw,Newcastle United,45000000,45.0,2026-06-03,https://www.transfermarkt.co.uk/malick-thiaw/profil/spieler/521964,high,1.0,1.0,provider_id_crosswalk,transfermarkt_dataset
18911,N. Pope,Nicholas David Pope,Newcastle,Premier League,192080,Nick Pope,Newcastle United,5000000,5.0,2026-06-03,https://www.transfermarkt.co.uk/nick-pope/profil/spieler/192080,high,1.0,1.0,provider_id_crosswalk,transfermarkt_dataset
158054,N. Woltemade,Nick Woltemade,Newcastle,Premier League,455661,Nick Woltemade,Newcastle United,55000000,55.0,2026-06-03,https://www.transfermarkt.co.uk/nick-woltemade/profil/spieler/455661,high,1.0,1.0,provider_id_crosswalk,transfermarkt_dataset
38734,S. Botman,Sven Adriaan Botman,Newcastle,Premier League,361093,Sven Botman,Newcastle United,35000000,35.0,2026-06-03,https://www.transfermarkt.co.uk/sven-botman/profil/spieler/361093,high,1.0,1.0,provider_id_crosswalk,transfermarkt_dataset
31146,S. Tonali,Sandro Tonali,Newcastle,Premier League,397033,Sandro Tonali,Newcastle United,80000000,80.0,2026-06-03,https://www.transfermarkt.co.uk/sandro-tonali/profil/spieler/397033,high,1.0,1.0,provider_id_crosswalk,transfermarkt_dataset
158694,T. Livramento,Valentino Francisco Livramento,Newcastle,Premier League,503981,Tino Livramento,Newcastle United,45000000,45.0,2026-06-03,https://www.transfermarkt.co.uk/tino-livramento/profil/spieler/503981,high,1.0,1.0,provider_id_crosswalk,transfermarkt_dataset
315237,W. Osula,William Idamudia Daugaard Osula,Newcastle,Premier League,609556,William Osula,Newcastle United,28000000,28.0,2026-06-03,https://www.transfermarkt.co.uk/william-osula/profil/spieler/609556,high,1.0,1.0,provider_id_crosswalk,transfermarkt_dataset
20649,Y. Wissa,Yoane Wissa,Newcastle,Premier League,388165,Yoane Wissa,Newcastle United,25000000,25.0,2026-06-03,https://www.transfermarkt.co.uk/yoane-wissa/profil/spieler/388165,high,1.0,1.0,provider_id_crosswalk,transfermarkt_dataset
2298,C. Hudson-Odoi,Callum James Hudson-Odoi,Nottingham Forest,Premier League,392768,Callum Hudson-Odoi,Nottingham Forest,30000000,30.0,2026-06-03,https://www.transfermarkt.co.uk/callum-hudson-odoi/profil/spieler/392768,high,1.0,1.0,provider_id_crosswalk,transfermarkt_dataset
18931,C. Wood,Christopher Grant Wood,Nottingham Forest,Premier League,108725,Chris Wood,Nottingham Forest,5000000,5.0,2026-06-03,https://www.transfermarkt.co.uk/chris-wood/profil/spieler/108725,high,1.0,1.0,provider_id_crosswalk,transfermarkt_dataset
129695,D. Bakwa,Dilane Bakwa,Nottingham Forest,Premier League,540664,Dilane Bakwa,RC Strasbourg Alsace,28000000,28.0,2026-06-03,https://www.transfermarkt.co.uk/dilane-bakwa/profil/spieler/540664,high,1.0,1.0,provider_id_crosswalk,transfermarkt_dataset
48648,D. Ndoye,Dan Assane Ndoye,Nottingham Forest,Premier League,365108,Dan Ndoye,Nottingham Forest,32000000,32.0,2026-06-03,https://www.transfermarkt.co.uk/dan-ndoye/profil/spieler/365108,high,1.0,1.0,provider_id_crosswalk,transfermarkt_dataset
138908,E. Anderson,Elliot Anderson,Nottingham Forest,Premier League,567576,Elliot Anderson,Nottingham Forest,75000000,75.0,2026-06-03,https://www.transfermarkt.co.uk/elliot-anderson/profil/spieler/567576,high,1.0,0.3191,name_club_age,transfermarkt_dataset
22149,I. Sangaré,Ibrahim Sangaré,Nottingham Forest,Premier League,375885,Ibrahim Sangaré,Nottingham Forest,20000000,20.0,2026-06-03,https://www.transfermarkt.co.uk/ibrahim-sangare/profil/spieler/375885,high,1.0,1.0,provider_id_crosswalk,transfermarkt_dataset
9366,Igor Jesus,Igor Jesus Maciel da Cruz,Nottingham Forest,Premier League,432164,Igor Jesus,Nottingham Forest,25000000,25.0,2026-06-03,https://www.transfermarkt.co.uk/igor-jesus/profil/spieler/432164,high,1.0,1.0,provider_id_crosswalk,transfermarkt_dataset
158697,J. McAtee,James John McAtee,Nottingham Forest,Premier League,583199,James McAtee,Nottingham Forest,18000000,18.0,2026-06-03,https://www.transfermarkt.co.uk/james-mcatee/profil/spieler/583199,high,1.0,1.0,provider_id_crosswalk,transfermarkt_dataset
362711,Jair,Jair Paula da Cunha Filho,Nottingham Forest,Premier League,984096,Jair Cunha,Nottingham Forest,15000000,15.0,2026-06-03,https://www.transfermarkt.co.uk/jair-cunha/profil/spieler/984096,high,1.0,1.0,provider_id_crosswalk,transfermarkt_dataset
70366,John,John Victor Maciel Furtado,Nottingham Forest,Premier League,432914,John Victor,Nottingham Forest,5000000,5.0,2026-06-03,https://www.transfermarkt.co.uk/john-victor/profil/spieler/432914,high,1.0,1.0,provider_id_crosswalk,transfermarkt_dataset
18746,M. Gibbs-White,Morgan Anthony Gibbs-White,Nottingham Forest,Premier League,429014,Morgan Gibbs-White,Nottingham Forest,70000000,70.0,2026-06-03,https://www.transfermarkt.co.uk/morgan-gibbs-white/profil/spieler/429014,high,1.0,1.0,provider_id_crosswalk,transfermarkt_dataset
2919,M. Sels,Matz Willy Els Sels,Nottingham Forest,Premier League,127202,Matz Sels,Nottingham Forest,3500000,3.5,2026-06-03,https://www.transfermarkt.co.uk/matz-sels/profil/spieler/127202,high,1.0,1.0,provider_id_crosswalk,transfermarkt_dataset
67943,Morato,Felipe Rodrigues da Silva,Nottingham Forest,Premier League,673492,Morato,Nottingham Forest,14000000,14.0,2026-06-03,https://www.transfermarkt.co.uk/morato/profil/spieler/673492,high,1.0,1.0,provider_id_crosswalk,transfermarkt_dataset
363695,Murillo,Murillo Santiago Costa dos Santos,Nottingham Forest,Premier League,1005649,Murillo,Nottingham Forest,50000000,50.0,2026-06-03,https://www.transfermarkt.co.uk/murillo/profil/spieler/1005649,high,1.0,1.0,provider_id_crosswalk,transfermarkt_dataset
6056,N. Domínguez,Nicolás Martín Domínguez,Nottingham Forest,Premier League,497291,Nicolás Domínguez,Nottingham Forest,15000000,15.0,2026-06-03,https://www.transfermarkt.co.uk/nicolas-dominguez/profil/spieler/497291,high,1.0,1.0,provider_id_crosswalk,transfermarkt_dataset
2817,N. Milenković,Nikola Milenković,Nottingham Forest,Premier League,413507,Nikola Milenković,Nottingham Forest,28000000,28.0,2026-06-03,https://www.transfermarkt.co.uk/nikola-milenkovic/profil/spieler/413507,high,1.0,1.0,provider_id_crosswalk,transfermarkt_dataset
181806,N. Savona,Nicolò Savona,Nottingham Forest,Premier League,708072,Nicolò Savona,Nottingham Forest,15000000,15.0,2026-06-03,https://www.transfermarkt.co.uk/nicolo-savona/profil/spieler/708072,high,1.0,1.0,provider_id_crosswalk,transfermarkt_dataset
138780,N. Williams,Neco Shay Williams,Nottingham Forest,Premier League,503680,Neco Williams,Nottingham Forest,28000000,28.0,2026-06-03,https://www.transfermarkt.co.uk/neco-williams/profil/spieler/503680,high,1.0,1.0,provider_id_crosswalk,transfermarkt_dataset
2771,O. Aina,Temitayo Olufisayo Olaoluwa Aina,Nottingham Forest,Premier League,236490,Ola Aina,Nottingham Forest,18000000,18.0,2026-06-03,https://www.transfermarkt.co.uk/ola-aina/profil/spieler/236490,high,1.0,1.0,provider_id_crosswalk,transfermarkt_dataset
284428,O. Hutchinson,Omari Elijah Giraud-Hutchinson,Nottingham Forest,Premier League,741238,Omari Hutchinson,Nottingham Forest,30000000,30.0,2026-06-03,https://www.transfermarkt.co.uk/omari-hutchinson/profil/spieler/741238,high,1.0,1.0,provider_id_crosswalk,transfermarkt_dataset
641,O. Zinchenko,Oleksandr Zinchenko,Nottingham Forest,Premier League,203853,Oleksandr Zinchenko,Ajax Amsterdam,8000000,8.0,2026-05-28,https://www.transfermarkt.co.uk/oleksandr-zinchenko/profil/spieler/203853,high,1.0,1.0,provider_id_crosswalk,transfermarkt_dataset
19305,R. Yates,Ryan James Yates,Nottingham Forest,Premier League,425902,Ryan Yates,Nottingham Forest,7000000,7.0,2026-06-03,https://www.transfermarkt.co.uk/ryan-yates/profil/spieler/425902,high,1.0,1.0,provider_id_crosswalk,transfermarkt_dataset
8598,T. Awoniyi,Taiwo Micheal Awoniyi,Nottingham Forest,Premier League,295313,Taiwo Awoniyi,Nottingham Forest,8000000,8.0,2026-06-03,https://www.transfermarkt.co.uk/taiwo-awoniyi/profil/spieler/295313,high,1.0,1.0,provider_id_crosswalk,transfermarkt_dataset
38750,B. Brobbey,Brian Ebenezer Adjei Brobbey,Sunderland,Premier League,473169,Brian Brobbey,Sunderland AFC,30000000,30.0,2026-06-03,https://www.transfermarkt.co.uk/brian-brobbey/profil/spieler/473169,high,1.0,1.0,provider_id_crosswalk,transfermarkt_dataset
671,B. Traoré,Bertrand Isidore Traoré,Sunderland,Premier League,131996,Bertrand Traoré,Sunderland AFC,4000000,4.0,2026-06-03,https://www.transfermarkt.co.uk/bertrand-traore/profil/spieler/131996,high,1.0,1.0,provider_id_crosswalk,transfermarkt_dataset
336659,C. Talbi,Chemsdine Talbi,Sunderland,Premier League,743384,Chemsdine Talbi,Sunderland AFC,25000000,25.0,2026-06-03,https://www.transfermarkt.co.uk/chemsdine-talbi/profil/spieler/743384,high,1.0,1.0,provider_id_crosswalk,transfermarkt_dataset
55904,D. Ballard,Daniel George Ballard,Sunderland,Premier League,503686,Dan Ballard,Sunderland AFC,20000000,20.0,2026-06-03,https://www.transfermarkt.co.uk/dan-ballard/profil/spieler/503686,high,1.0,1.0,provider_id_crosswalk,transfermarkt_dataset
162076,D. Cirkin,Dennis Cirkin,Sunderland,Premier League,568006,Dennis Cirkin,Sunderland AFC,6000000,6.0,2026-06-03,https://www.transfermarkt.co.uk/dennis-cirkin/profil/spieler/568006,high,1.0,1.0,provider_id_crosswalk,transfermarkt_dataset
20638,E. Le Fée,Enzo Jérémy Le Fée,Sunderland,Premier League,633992,Enzo Le Fée,Sunderland AFC,28000000,28.0,2026-06-03,https://www.transfermarkt.co.uk/enzo-le-fee/profil/spieler/633992,high,1.0,1.0,provider_id_crosswalk,transfermarkt_dataset
349799,Eliezer Mayenda,Eliezer Mayenda Dossou,Sunderland,Premier League,967346,Eliezer Mayenda,Sunderland AFC,16000000,16.0,2026-06-03,https://www.transfermarkt.co.uk/eliezer-mayenda/profil/spieler/967346,high,1.0,1.0,provider_id_crosswalk,transfermarkt_dataset
1464,G. Xhaka,Granit Xhaka,Sunderland,Premier League,111455,Granit Xhaka,Sunderland AFC,8000000,8.0,2026-06-03,https://www.transfermarkt.co.uk/granit-xhaka/profil/spieler/111455,high,1.0,1.0,provider_id_crosswalk,transfermarkt_dataset
327631,H. Diarra,Mouhamadou Habib Diarra,Sunderland,Premier League,876631,Habib Diarra,Sunderland AFC,35000000,35.0,2026-06-03,https://www.transfermarkt.co.uk/habib-diarra/profil/spieler/876631,high,1.0,1.0,provider_id_crosswalk,transfermarkt_dataset
37143,L. Geertruida,Lutsharel Geertruida,Sunderland,Premier League,420210,Lutsharel Geertruida,RB Leipzig,20000000,20.0,2026-06-03,https://www.transfermarkt.co.uk/lutsharel-geertruida/profil/spieler/420210,high,1.0,1.0,provider_id_crosswalk,transfermarkt_dataset
19911,L. O&apos;Nien,Luke Terry O'Nien,Sunderland,Premier League,282939,Luke O'Nien,Sunderland AFC,700000,0.7,2026-06-03,https://www.transfermarkt.co.uk/luke-onien/profil/spieler/282939,high,0.9164,0.3677,name_club_age,transfermarkt_dataset
311543,N. Angulo,Nilson David Angulo Ramírez,Sunderland,Premier League,903611,Nilson Angulo,RSC Anderlecht,17000000,17.0,2026-06-03,https://www.transfermarkt.co.uk/nilson-angulo/profil/spieler/903611,high,1.0,1.0,provider_id_crosswalk,transfermarkt_dataset
1146,N. Mukiele,Nordi Mukiele Mulere,Sunderland,Premier League,348026,Nordi Mukiele,Sunderland AFC,16000000,16.0,2026-06-03,https://www.transfermarkt.co.uk/nordi-mukiele/profil/spieler/348026,high,1.0,1.0,provider_id_crosswalk,transfermarkt_dataset
365331,N. Sadiki,Noah Junior Sadiki,Sunderland,Premier League,727089,Noah Sadiki,Sunderland AFC,35000000,35.0,2026-06-03,https://www.transfermarkt.co.uk/noah-sadiki/profil/spieler/727089,high,1.0,1.0,provider_id_crosswalk,transfermarkt_dataset
6168,O. Alderete,Omar Federico Alderete Fernández,Sunderland,Premier League,353032,Omar Alderete,Sunderland AFC,13000000,13.0,2026-06-03,https://www.transfermarkt.co.uk/omar-alderete/profil/spieler/353032,high,1.0,1.0,provider_id_crosswalk,transfermarkt_dataset
284414,R. Mundle,Romaine Lee Mundle,Sunderland,Premier League,696181,Romaine Mundle,Sunderland AFC,7000000,7.0,2026-06-03,https://www.transfermarkt.co.uk/romaine-mundle/profil/spieler/696181,high,1.0,1.0,provider_id_crosswalk,transfermarkt_dataset
194536,R. Roefs,Robin Roefs,Sunderland,Premier League,646991,Robin Roefs,Sunderland AFC,28000000,28.0,2026-06-03,https://www.transfermarkt.co.uk/robin-roefs/profil/spieler/646991,high,1.0,1.0,provider_id_crosswalk,transfermarkt_dataset
22225,Reinildo,Reinildo Isnard Mandava,Sunderland,Premier League,240692,Reinildo Mandava,Sunderland AFC,4000000,4.0,2026-06-03,https://www.transfermarkt.co.uk/reinildo-mandava/profil/spieler/240692,high,1.0,1.0,provider_id_crosswalk,transfermarkt_dataset
119121,T. Hume,Trai Hume,Sunderland,Premier League,515544,Trai Hume,Sunderland AFC,22000000,22.0,2026-06-03,https://www.transfermarkt.co.uk/trai-hume/profil/spieler/515544,high,1.0,1.0,provider_id_crosswalk,transfermarkt_dataset
84087,W. Isidor,Wilson Isidor,Sunderland,Premier League,494237,Wilson Isidor,Sunderland AFC,18000000,18.0,2026-06-03,https://www.transfermarkt.co.uk/wilson-isidor/profil/spieler/494237,high,1.0,1.0,provider_id_crosswalk,transfermarkt_dataset
328089,A. Gray,Archie James Francis Gray,Tottenham,Premier League,922693,Archie Gray,Tottenham Hotspur,35000000,35.0,2026-06-03,https://www.transfermarkt.co.uk/archie-gray/profil/spieler/922693,high,1.0,1.0,provider_id_crosswalk,transfermarkt_dataset
265826,A. Kinský,Antonín Kinský,Tottenham,Premier League,725912,Antonín Kinský,Tottenham Hotspur,15000000,15.0,2026-06-03,https://www.transfermarkt.co.uk/antonin-kinsky/profil/spieler/725912,high,0.9723,0.9723,name_club_age,transfermarkt_dataset
129711,B. Johnson,Brennan Price Johnson,Tottenham,Premier League,470607,Brennan Johnson,Tottenham Hotspur,30000000,30.0,2026-06-03,https://www.transfermarkt.co.uk/brennan-johnson/profil/spieler/470607,high,1.0,1.0,provider_id_crosswalk,transfermarkt_dataset
67972,C. Gallagher,Conor John Gallagher,Tottenham,Premier League,488362,Conor Gallagher,Tottenham Hotspur,32000000,32.0,2026-06-03,https://www.transfermarkt.co.uk/conor-gallagher/profil/spieler/488362,high,1.0,1.0,provider_id_crosswalk,transfermarkt_dataset
30776,C. Romero,Cristian Gabriel Romero,Tottenham,Premier League,355915,Cristian Romero,Tottenham Hotspur,45000000,45.0,2026-06-03,https://www.transfermarkt.co.uk/cristian-romero/profil/spieler/355915,high,1.0,1.0,provider_id_crosswalk,transfermarkt_dataset
18883,D. Solanke,Dominic Ayodele Solanke-Mitchell,Tottenham,Premier League,258889,Dominic Solanke,Tottenham Hotspur,28000000,28.0,2026-06-03,https://www.transfermarkt.co.uk/dominic-solanke/profil/spieler/258889,high,1.0,1.0,provider_id_crosswalk,transfermarkt_dataset
19235,D. Spence,Diop Tehuti Djed-Hotep Spence,Tottenham,Premier League,483348,Djed Spence,Tottenham Hotspur,30000000,30.0,2026-06-03,https://www.transfermarkt.co.uk/djed-spence/profil/spieler/483348,high,1.0,1.0,provider_id_crosswalk,transfermarkt_dataset
204039,D. Udogie,Iyenoma Destiny Udogie,Tottenham,Premier League,556385,Destiny Udogie,Tottenham Hotspur,30000000,30.0,2026-06-03,https://www.transfermarkt.co.uk/destiny-udogie/profil/spieler/556385,high,1.0,1.0,provider_id_crosswalk,transfermarkt_dataset
31354,G. Vicario,Guglielmo Vicario,Tottenham,Premier League,286047,Guglielmo Vicario,Tottenham Hotspur,18000000,18.0,2026-06-03,https://www.transfermarkt.co.uk/guglielmo-vicario/profil/spieler/286047,high,1.0,1.0,provider_id_crosswalk,transfermarkt_dataset
41104,João Palhinha,João Maria Lobo Alves Palhinha Gonçalves,Tottenham,Premier League,257455,João Palhinha,Tottenham Hotspur,15000000,15.0,2026-06-03,https://www.transfermarkt.co.uk/joao-palhinha/profil/spieler/257455,high,1.0,1.0,provider_id_crosswalk,transfermarkt_dataset
25287,K. Danso,Kevin Danso,Tottenham,Premier League,263236,Kevin Danso,Tottenham Hotspur,20000000,20.0,2026-06-03,https://www.transfermarkt.co.uk/kevin-danso/profil/spieler/263236,high,1.0,1.0,provider_id_crosswalk,transfermarkt_dataset
347316,L. Bergvall,Lucas Erik Holger Bergvall,Tottenham,Premier League,866246,Lucas Bergvall,Tottenham Hotspur,35000000,35.0,2026-06-03,https://www.transfermarkt.co.uk/lucas-bergvall/profil/spieler/866246,high,1.0,1.0,provider_id_crosswalk,transfermarkt_dataset
15911,M. Kudus,Mohammed Kudus,Tottenham,Premier League,543499,Mohammed Kudus,Tottenham Hotspur,50000000,50.0,2026-06-03,https://www.transfermarkt.co.uk/mohammed-kudus/profil/spieler/543499,high,1.0,1.0,provider_id_crosswalk,transfermarkt_dataset
270510,M. Tel,Mathys Henri Tel,Tottenham,Premier League,801734,Mathys Tel,Tottenham Hotspur,22000000,22.0,2026-06-03,https://www.transfermarkt.co.uk/mathys-tel/profil/spieler/801734,high,1.0,1.0,provider_id_crosswalk,transfermarkt_dataset
152849,M. van de Ven,Micky van de Ven,Tottenham,Premier League,557459,Micky van de Ven,Tottenham Hotspur,50000000,50.0,2026-06-03,https://www.transfermarkt.co.uk/micky-van-de-ven/profil/spieler/557459,high,1.0,1.0,provider_id_crosswalk,transfermarkt_dataset
237129,P. Sarr,Pape Matar Sarr,Tottenham,Premier League,568693,Pape Matar Sarr,Tottenham Hotspur,30000000,30.0,2026-06-03,https://www.transfermarkt.co.uk/pape-matar-sarr/profil/spieler/568693,high,1.0,1.0,provider_id_crosswalk,transfermarkt_dataset
47519,Pedro Porro,Pedro Antonio Porro Sauceda,Tottenham,Premier League,553875,Pedro Porro,Tottenham Hotspur,35000000,35.0,2026-06-03,https://www.transfermarkt.co.uk/pedro-porro/profil/spieler/553875,high,1.0,1.0,provider_id_crosswalk,transfermarkt_dataset
863,R. Bentancur,Rodrigo Bentancur Colmán,Tottenham,Premier League,354362,Rodrigo Bentancur,Tottenham Hotspur,20000000,20.0,2026-06-03,https://www.transfermarkt.co.uk/rodrigo-bentancur/profil/spieler/354362,high,1.0,1.0,provider_id_crosswalk,transfermarkt_dataset
162498,R. Drăgușin,Radu Matei Drăgușin,Tottenham,Premier League,568559,Radu Drăgușin,Tottenham Hotspur,16000000,16.0,2026-06-03,https://www.transfermarkt.co.uk/radu-dragusin/profil/spieler/568559,high,1.0,1.0,provider_id_crosswalk,transfermarkt_dataset
21104,R. Kolo Muani,Randal Kolo Muani,Tottenham,Premier League,487969,Randal Kolo Muani,Tottenham Hotspur,20000000,20.0,2026-06-03,https://www.transfermarkt.co.uk/randal-kolo-muani/profil/spieler/487969,high,1.0,1.0,provider_id_crosswalk,transfermarkt_dataset
2413,Richarlison,Richarlison de Andrade,Tottenham,Premier League,378710,Richarlison,Tottenham Hotspur,25000000,25.0,2026-06-03,https://www.transfermarkt.co.uk/richarlison/profil/spieler/378710,high,1.0,1.0,provider_id_crosswalk,transfermarkt_dataset
336564,W. Odobert,Wilson Serge Eric Odobert,Tottenham,Premier League,743498,Wilson Odobert,Tottenham Hotspur,18000000,18.0,2026-06-03,https://www.transfermarkt.co.uk/wilson-odobert/profil/spieler/743498,high,1.0,1.0,provider_id_crosswalk,transfermarkt_dataset
162016,X. Simons,Xavier Quentin Shay Simons,Tottenham,Premier League,566931,Xavi Simons,RB Leipzig,40000000,40.0,2026-06-03,https://www.transfermarkt.co.uk/xavi-simons/profil/spieler/566931,high,1.0,1.0,provider_id_crosswalk,transfermarkt_dataset
18968,Y. Bissouma,Yves Bissouma,Tottenham,Premier League,410425,Yves Bissouma,Tottenham Hotspur,10000000,10.0,2026-06-03,https://www.transfermarkt.co.uk/yves-bissouma/profil/spieler/410425,high,1.0,1.0,provider_id_crosswalk,transfermarkt_dataset
253,A. Areola,Alphonse Francis Areola,West Ham,Premier League,120629,Alphonse Areola,West Ham United,4000000,4.0,2026-06-03,https://www.transfermarkt.co.uk/alphonse-areola/profil/spieler/120629,high,1.0,1.0,provider_id_crosswalk,transfermarkt_dataset
21998,A. Disasi,Axel Wilson Arthur Disasi Mhakinis Belho,West Ham,Premier League,386047,Axel Disasi,West Ham United,15000000,15.0,2026-06-03,https://www.transfermarkt.co.uk/axel-disasi/profil/spieler/386047,high,1.0,1.0,provider_id_crosswalk,transfermarkt_dataset
18846,A. Wan-Bissaka,Aaron Wan-Bissaka,West Ham,Premier League,477758,Aaron Wan-Bissaka,West Ham United,15000000,15.0,2026-06-03,https://www.transfermarkt.co.uk/aaron-wan-bissaka/profil/spieler/477758,high,1.0,1.0,provider_id_crosswalk,transfermarkt_dataset
37724,C. Summerville,Crysencio Jilbert Sylverio Cir Summerville,West Ham,Premier League,474701,Crysencio Summerville,West Ham United,35000000,35.0,2026-06-03,https://www.transfermarkt.co.uk/crysencio-summerville/profil/spieler/474701,high,1.0,1.0,provider_id_crosswalk,transfermarkt_dataset
2939,C. Wilson,Callum Eddie Graham Wilson,West Ham,Premier League,123682,Callum Wilson,West Ham United,4000000,4.0,2026-06-03,https://www.transfermarkt.co.uk/callum-wilson/profil/spieler/123682,high,1.0,1.0,provider_id_crosswalk,transfermarkt_dataset
409303,E. Diouf,El Hadji Malick Diouf,West Ham,Premier League,1111589,El Hadji Malick Diouf,West Ham United,28000000,28.0,2026-06-03,https://www.transfermarkt.co.uk/el-hadji-malick-diouf/profil/spieler/1111589,high,0.9726,0.3478,name_club_age,transfermarkt_dataset
284446,F. Potts,Freddie Potts,West Ham,Premier League,698164,Freddie Potts,West Ham United,10000000,10.0,2026-06-03,https://www.transfermarkt.co.uk/freddie-potts/profil/spieler/698164,high,1.0,1.0,provider_id_crosswalk,transfermarkt_dataset
19428,J. Bowen,Jarrod Bowen,West Ham,Premier League,314875,Jarrod Bowen,West Ham United,30000000,30.0,2026-06-03,https://www.transfermarkt.co.uk/jarrod-bowen/profil/spieler/314875,high,1.0,1.0,provider_id_crosswalk,transfermarkt_dataset
138,J. Todibo,Jean-Clair Dimitri Roger Todibo,West Ham,Premier League,605184,Jean-Clair Todibo,West Ham United,22000000,22.0,2026-06-03,https://www.transfermarkt.co.uk/jean-clair-todibo/profil/spieler/605184,high,1.0,1.0,provider_id_crosswalk,transfermarkt_dataset
2938,J. Ward-Prowse,James Michael Edward Ward-Prowse,West Ham,Premier League,181579,James Ward-Prowse,West Ham United,5000000,5.0,2026-06-03,https://www.transfermarkt.co.uk/james-ward-prowse/profil/spieler/181579,high,1.0,1.0,provider_id_crosswalk,transfermarkt_dataset
1445,K. Mavropanos,Konstantinos Mavropanos,West Ham,Premier League,415912,Konstantinos Mavropanos,West Ham United,18000000,18.0,2026-06-03,https://www.transfermarkt.co.uk/konstantinos-mavropanos/profil/spieler/415912,high,1.0,1.0,provider_id_crosswalk,transfermarkt_dataset
171,K. Walker-Peters,Kyle Leonardus Walker-Peters,West Ham,Premier League,341051,Kyle Walker-Peters,West Ham United,12000000,12.0,2026-06-03,https://www.transfermarkt.co.uk/kyle-walker-peters/profil/spieler/341051,high,1.0,1.0,provider_id_crosswalk,transfermarkt_dataset
1646,Lucas Paquetá,Lucas Tolentino Coelho de Lima,West Ham,Premier League,444523,Lucas Paquetá,West Ham United,32000000,32.0,2026-05-26,https://www.transfermarkt.co.uk/lucas-paqueta/profil/spieler/444523,high,1.0,1.0,provider_id_crosswalk,transfermarkt_dataset
15870,M. Hermansen,Mads Hermansen,West Ham,Premier League,400536,Mads Hermansen,West Ham United,15000000,15.0,2026-06-03,https://www.transfermarkt.co.uk/mads-hermansen/profil/spieler/400536,high,1.0,1.0,provider_id_crosswalk,transfermarkt_dataset
18744,M. Kilman,Maximilian William Kilman,West Ham,Premier League,525247,Maximilian Kilman,West Ham United,13000000,13.0,2026-06-03,https://www.transfermarkt.co.uk/maximilian-kilman/profil/spieler/525247,high,0.9117,0.9117,name_club_age,transfermarkt_dataset
336585,Mateus Fernandes,Mateus Gonçalo Espanha Fernandes,West Ham,Premier League,880245,Mateus Fernandes,West Ham United,50000000,50.0,2026-06-03,https://www.transfermarkt.co.uk/mateus-fernandes/profil/spieler/880245,high,1.0,1.0,provider_id_crosswalk,transfermarkt_dataset
327730,O. Scarles,Oliver Scarles,West Ham,Premier League,922563,Oliver Scarles,West Ham United,10000000,10.0,2026-06-03,https://www.transfermarkt.co.uk/oliver-scarles/profil/spieler/922563,high,1.0,1.0,provider_id_crosswalk,transfermarkt_dataset
301187,Pablo,Pablo Felipe Pereira de Jesus,West Ham,Premier League,817665,Pablo,West Ham United,18000000,18.0,2026-06-03,https://www.transfermarkt.co.uk/pablo/profil/spieler/817665,high,1.0,1.0,provider_id_crosswalk,transfermarkt_dataset
326176,S. Magassa,Soungoutou Magassa,West Ham,Premier League,745181,Soungoutou Magassa,West Ham United,17000000,17.0,2026-06-03,https://www.transfermarkt.co.uk/soungoutou-magassa/profil/spieler/745181,high,1.0,1.0,provider_id_crosswalk,transfermarkt_dataset
1243,T. Souček,Tomáš Souček,West Ham,Premier League,283628,Tomáš Souček,West Ham United,10000000,10.0,2026-06-03,https://www.transfermarkt.co.uk/tomas-soucek/profil/spieler/283628,high,1.0,1.0,provider_id_crosswalk,transfermarkt_dataset
19484,A. Armstrong,Adam James Armstrong,Wolves,Premier League,250426,Adam Armstrong,Wolverhampton Wanderers,6000000,6.0,2026-06-03,https://www.transfermarkt.co.uk/adam-armstrong/profil/spieler/250426,high,1.0,1.0,provider_id_crosswalk,transfermarkt_dataset
265784,André,André Trindade da Costa Neto,Wolves,Premier League,800176,André,Wolverhampton Wanderers,25000000,25.0,2026-06-03,https://www.transfermarkt.co.uk/andre/profil/spieler/800176,high,1.0,1.0,provider_id_crosswalk,transfermarkt_dataset
265782,D. Møller Wolfe,David Møller Wolfe,Wolves,Premier League,661427,David Møller Wolfe,Wolverhampton Wanderers,8000000,8.0,2026-06-03,https://www.transfermarkt.co.uk/david-moller-wolfe/profil/spieler/661427,high,1.0,1.0,provider_id_crosswalk,transfermarkt_dataset
135068,E. Agbadou,Emmanuel Elysee Djedje Agbadou Badobre,Wolves,Premier League,683895,Emmanuel Agbadou,Beşiktaş Jimnastik Kulübü,16000000,16.0,2026-05-21,https://www.transfermarkt.co.uk/emmanuel-agbadou/profil/spieler/683895,high,1.0,1.0,provider_id_crosswalk,transfermarkt_dataset
280687,Hugo Bueno,Hugo Bueno López,Wolves,Premier League,698678,Hugo Bueno,Wolverhampton Wanderers,12000000,12.0,2026-06-03,https://www.transfermarkt.co.uk/hugo-bueno/profil/spieler/698678,high,1.0,1.0,provider_id_crosswalk,transfermarkt_dataset
24888,Hwang Hee-Chan,Hee-Chan Hwang,Wolves,Premier League,292246,Hee-chan Hwang,Wolverhampton Wanderers,6000000,6.0,2026-06-03,https://www.transfermarkt.co.uk/hee-chan-hwang/profil/spieler/292246,high,1.0,1.0,provider_id_crosswalk,transfermarkt_dataset
13708,J. Arias,Jhon Adolfo Arias Andrade,Wolves,Premier League,588989,Jhon Arias,Sociedade Esportiva Palmeiras,15000000,15.0,2026-05-26,https://www.transfermarkt.co.uk/jhon-arias/profil/spieler/588989,high,1.0,1.0,provider_id_crosswalk,transfermarkt_dataset
20665,J. Bellegarde,Jean-Ricner Bellegarde,Wolves,Premier League,450050,Jean-Ricner Bellegarde,Wolverhampton Wanderers,16000000,16.0,2026-06-03,https://www.transfermarkt.co.uk/jean-ricner-bellegarde/profil/spieler/450050,high,1.0,1.0,provider_id_crosswalk,transfermarkt_dataset
296560,J. Tchatchoua,Jackson Tchatchoua,Wolves,Premier League,848509,Jackson Tchatchoua,Wolverhampton Wanderers,12000000,12.0,2026-06-03,https://www.transfermarkt.co.uk/jackson-tchatchoua/profil/spieler/848509,high,0.9472,0.9472,name_club_age,transfermarkt_dataset
1590,José Sá,José Pedro Malheiro de Sá,Wolves,Premier League,249994,José Sá,Wolverhampton Wanderers,3500000,3.5,2026-06-03,https://www.transfermarkt.co.uk/jose-sa/profil/spieler/249994,high,1.0,1.0,provider_id_crosswalk,transfermarkt_dataset
195103,João Gomes,João Victor Gomes da Silva,Wolves,Premier League,735570,João Gomes,Wolverhampton Wanderers,40000000,40.0,2026-06-03,https://www.transfermarkt.co.uk/joao-gomes/profil/spieler/735570,high,1.0,1.0,provider_id_crosswalk,transfermarkt_dataset
285,K. Hoever,Ki-Jana Delano Hoever,Wolves,Premier League,485583,Ki-Jana Hoever,Wolverhampton Wanderers,3500000,3.5,2026-05-28,https://www.transfermarkt.co.uk/ki-jana-hoever/profil/spieler/485583,high,1.0,1.0,provider_id_crosswalk,transfermarkt_dataset
66407,L. Krejčí,Ladislav Krejčí,Wolves,Premier League,345911,Ladislav Krejci,Girona FC,22000000,22.0,2026-06-03,https://www.transfermarkt.co.uk/ladislav-krejci/profil/spieler/345911,high,1.0,1.0,provider_id_crosswalk,transfermarkt_dataset
18742,M. Doherty,Matthew James Doherty,Wolves,Premier League,171679,Matt Doherty,Wolverhampton Wanderers,1000000,1.0,2026-06-03,https://www.transfermarkt.co.uk/matt-doherty/profil/spieler/171679,high,1.0,1.0,provider_id_crosswalk,transfermarkt_dataset
456206,M. Mane,Mateus Bula Dami Mané,Wolves,Premier League,1230661,Mateus Mané,Wolverhampton Wanderers,20000000,20.0,2026-06-03,https://www.transfermarkt.co.uk/mateus-mane/profil/spieler/1230661,high,1.0,1.0,provider_id_crosswalk,transfermarkt_dataset
3080,M. Munetsi,Marshall Nyasha Munetsi,Wolves,Premier League,414908,Marshall Munetsi,Paris FC,15000000,15.0,2026-06-01,https://www.transfermarkt.co.uk/marshall-munetsi/profil/spieler/414908,high,1.0,1.0,provider_id_crosswalk,transfermarkt_dataset
282770,Rodrigo Gomes,Rodrigo Martins Gomes,Wolves,Premier League,667121,Rodrigo Gomes,Wolverhampton Wanderers,15000000,15.0,2026-06-03,https://www.transfermarkt.co.uk/rodrigo-gomes/profil/spieler/667121,high,1.0,1.0,provider_id_crosswalk,transfermarkt_dataset
135334,S. Bueno,Santiago Ignacio Bueno Sciutto,Wolves,Premier League,438001,Santiago Bueno,Wolverhampton Wanderers,10000000,10.0,2026-06-03,https://www.transfermarkt.co.uk/santiago-bueno/profil/spieler/438001,medium,0.8406,0.2042,name_club_age,transfermarkt_dataset
19143,S. Johnstone,Samuel Luke Johnstone,Wolves,Premier League,110864,Sam Johnstone,Wolverhampton Wanderers,2000000,2.0,2026-06-03,https://www.transfermarkt.co.uk/sam-johnstone/profil/spieler/110864,high,1.0,1.0,provider_id_crosswalk,transfermarkt_dataset
110153,T. Arokodare,Toluwalase Emmanuel Arokodare,Wolves,Premier League,683571,Tolu Arokodare,KRC Genk,20000000,20.0,2026-06-03,https://www.transfermarkt.co.uk/tolu-arokodare/profil/spieler/683571,high,1.0,1.0,provider_id_crosswalk,transfermarkt_dataset
41606,Toti Gomes,Tote António Gomes,Wolves,Premier League,606718,Toti,Wolverhampton Wanderers,18000000,18.0,2026-06-03,https://www.transfermarkt.co.uk/toti/profil/spieler/606718,high,1.0,1.0,provider_id_crosswalk,transfermarkt_dataset
195717,Y. Mosquera,Yerson Mosquera Valdelamar,Wolves,Premier League,716276,Yerson Mosquera,Wolverhampton Wanderers,12000000,12.0,2026-06-03,https://www.transfermarkt.co.uk/yerson-mosquera/profil/spieler/716276,high,1.0,1.0,provider_id_crosswalk,transfermarkt_dataset
264705,A. Jashari,Ardon Jashari,AC Milan,Serie A,608172,Ardon Jashari,AC Milan,25000000,25.0,2026-05-29,https://www.transfermarkt.co.uk/ardon-jashari/profil/spieler/608172,high,1.0,1.0,provider_id_crosswalk,transfermarkt_dataset
272,A. Rabiot,Adrien Thibault Marie Rabiot-Provost,AC Milan,Serie A,182913,Adrien Rabiot,Olympique Marseille,18000000,18.0,2026-05-29,https://www.transfermarkt.co.uk/adrien-rabiot/profil/spieler/182913,high,1.0,1.0,provider_id_crosswalk,transfermarkt_dataset
1417,A. Saelemaekers,Alexis Jesse Saelemaekers,AC Milan,Serie A,381950,Alexis Saelemaekers,AC Milan,20000000,20.0,2026-05-29,https://www.transfermarkt.co.uk/alexis-saelemaekers/profil/spieler/381950,high,1.0,1.0,provider_id_crosswalk,transfermarkt_dataset
269,C. Nkunku,Christopher Alan Nkunku,AC Milan,Serie A,344381,Christopher Nkunku,AC Milan,25000000,25.0,2026-05-29,https://www.transfermarkt.co.uk/christopher-nkunku/profil/spieler/344381,high,1.0,1.0,provider_id_crosswalk,transfermarkt_dataset
17,C. Pulišić,Christian Mate Pulišić,AC Milan,Serie A,315779,Christian Pulisic,AC Milan,40000000,40.0,2026-05-29,https://www.transfermarkt.co.uk/christian-pulisic/profil/spieler/315779,high,1.0,1.0,provider_id_crosswalk,transfermarkt_dataset
374359,D. Bartesaghi,Davide Bartesaghi,AC Milan,Serie A,887638,Davide Bartesaghi,AC Milan,22000000,22.0,2026-05-29,https://www.transfermarkt.co.uk/davide-bartesaghi/profil/spieler/887638,high,1.0,1.0,provider_id_crosswalk,transfermarkt_dataset
264472,F. Terracciano,Filippo Terracciano,AC Milan,Serie A,631007,Filippo Terracciano,US Cremonese,4500000,4.5,2026-05-29,https://www.transfermarkt.co.uk/filippo-terracciano/profil/spieler/631007,high,1.0,1.0,provider_id_crosswalk,transfermarkt_dataset
19209,F. Tomori,Oluwafikayomi Oluwadamilola Tomori,AC Milan,Serie A,303254,Fikayo Tomori,AC Milan,17000000,17.0,2026-05-29,https://www.transfermarkt.co.uk/fikayo-tomori/profil/spieler/303254,high,1.0,1.0,provider_id_crosswalk,transfermarkt_dataset
162141,K. De Winter,Koni De Winter,AC Milan,Serie A,490384,Koni De Winter,AC Milan,23000000,23.0,2026-05-29,https://www.transfermarkt.co.uk/koni-de-winter/profil/spieler/490384,high,1.0,1.0,provider_id_crosswalk,transfermarkt_dataset
754,L. Modrić,Luka Modrić,AC Milan,Serie A,27992,Luka Modrić,AC Milan,3500000,3.5,2026-05-29,https://www.transfermarkt.co.uk/luka-modric/profil/spieler/27992,high,1.0,1.0,provider_id_crosswalk,transfermarkt_dataset
56473,M. Gabbia,Matteo Gabbia,AC Milan,Serie A,323167,Matteo Gabbia,AC Milan,17000000,17.0,2026-05-29,https://www.transfermarkt.co.uk/matteo-gabbia/profil/spieler/323167,high,1.0,1.0,provider_id_crosswalk,transfermarkt_dataset
22221,M. Maignan,Mike Peterson Maignan,AC Milan,Serie A,182906,Mike Maignan,AC Milan,20000000,20.0,2026-05-29,https://www.transfermarkt.co.uk/mike-maignan/profil/spieler/182906,high,1.0,1.0,provider_id_crosswalk,transfermarkt_dataset
25391,N. Füllkrug,Niclas Füllkrug,AC Milan,Serie A,75489,Niclas Füllkrug,West Ham United,3500000,3.5,2026-05-29,https://www.transfermarkt.co.uk/niclas-fullkrug/profil/spieler/75489,high,1.0,1.0,provider_id_crosswalk,transfermarkt_dataset
46731,P. Estupiñán,Pervis Josué Estupiñán Tenorio,AC Milan,Serie A,349599,Pervis Estupiñán,AC Milan,12000000,12.0,2026-05-29,https://www.transfermarkt.co.uk/pervis-estupinan/profil/spieler/349599,high,1.0,1.0,provider_id_crosswalk,transfermarkt_dataset
2292,R. Loftus-Cheek,Ruben Ira Loftus-Cheek,AC Milan,Serie A,202886,Ruben Loftus-Cheek,AC Milan,8500000,8.5,2026-05-29,https://www.transfermarkt.co.uk/ruben-loftus-cheek/profil/spieler/202886,high,1.0,1.0,provider_id_crosswalk,transfermarkt_dataset
22236,Rafael Leão,Rafael Alexandre da Conceição Leão,AC Milan,Serie A,357164,Rafael Leão,AC Milan,50000000,50.0,2026-05-29,https://www.transfermarkt.co.uk/rafael-leao/profil/spieler/357164,high,1.0,1.0,provider_id_crosswalk,transfermarkt_dataset
94562,S. Giménez,Santiago Tomás Giménez,AC Milan,Serie A,552955,Santiago Gimenez,AC Milan,18000000,18.0,2026-05-29,https://www.transfermarkt.co.uk/santiago-gimenez/profil/spieler/552955,high,1.0,1.0,provider_id_crosswalk,transfermarkt_dataset
45826,S. Pavlović,Strahinja Pavlović,AC Milan,Serie A,574671,Strahinja Pavlović,AC Milan,40000000,40.0,2026-05-29,https://www.transfermarkt.co.uk/strahinja-pavlovic/profil/spieler/574671,high,1.0,1.0,provider_id_crosswalk,transfermarkt_dataset
31056,S. Ricci,Samuele Ricci,AC Milan,Serie A,467992,Samuele Ricci,AC Milan,22000000,22.0,2026-05-29,https://www.transfermarkt.co.uk/samuele-ricci/profil/spieler/467992,high,1.0,1.0,provider_id_crosswalk,transfermarkt_dataset
22254,Y. Fofana,Youssouf Fofana,AC Milan,Serie A,569598,Youssouf Fofana,AC Milan,23000000,23.0,2026-05-29,https://www.transfermarkt.co.uk/youssouf-fofana/profil/spieler/569598,high,1.0,1.0,provider_id_crosswalk,transfermarkt_dataset
396380,Z. Athekame,Zachary Athekame,AC Milan,Serie A,990637,Zachary Athekame,AC Milan,15000000,15.0,2026-05-29,https://www.transfermarkt.co.uk/zachary-athekame/profil/spieler/990637,high,1.0,1.0,provider_id_crosswalk,transfermarkt_dataset
15811,A. Dovbyk,Artem Dovbyk,AS Roma,Serie A,343537,Artem Dovbyk,Associazione Sportiva Roma,15000000,15.0,2026-05-29,https://www.transfermarkt.co.uk/artem-dovbyk/profil/spieler/343537,high,1.0,1.0,provider_id_crosswalk,transfermarkt_dataset
227,Angeliño,José Ángel Esmoris Tasende,AS Roma,Serie A,277179,Angeliño,Associazione Sportiva Roma,4500000,4.5,2026-05-29,https://www.transfermarkt.co.uk/angelino/profil/spieler/277179,high,1.0,1.0,provider_id_crosswalk,transfermarkt_dataset
778,B. Cristante,Bryan Cristante,AS Roma,Serie A,199248,Bryan Cristante,Associazione Sportiva Roma,7000000,7.0,2026-05-29,https://www.transfermarkt.co.uk/bryan-cristante/profil/spieler/199248,high,1.0,1.0,provider_id_crosswalk,transfermarkt_dataset
342019,D. Ghilardi,Daniele Ghilardi,AS Roma,Serie A,701819,Daniele Ghilardi,Associazione Sportiva Roma,18000000,18.0,2026-05-29,https://www.transfermarkt.co.uk/daniele-ghilardi/profil/spieler/701819,high,1.0,1.0,provider_id_crosswalk,transfermarkt_dataset
249,D. Malen,Donyell Malen,AS Roma,Serie A,326029,Donyell Malen,Associazione Sportiva Roma,45000000,45.0,2026-05-29,https://www.transfermarkt.co.uk/donyell-malen/profil/spieler/326029,high,1.0,1.0,provider_id_crosswalk,transfermarkt_dataset
162452,D. Rensch,Devyne Fabian Jairo Rensch,AS Roma,Serie A,557407,Devyne Rensch,Associazione Sportiva Roma,8500000,8.5,2026-05-29,https://www.transfermarkt.co.uk/devyne-rensch/profil/spieler/557407,high,1.0,1.0,provider_id_crosswalk,transfermarkt_dataset
129643,E. Ferguson,Evan Joe Ferguson,AS Roma,Serie A,648046,Evan Ferguson,Associazione Sportiva Roma,20000000,20.0,2026-05-29,https://www.transfermarkt.co.uk/evan-ferguson/profil/spieler/648046,high,1.0,1.0,provider_id_crosswalk,transfermarkt_dataset
1807,E. Ndicka,Obite Evan Ndicka,AS Roma,Serie A,371149,Evan Ndicka,Associazione Sportiva Roma,35000000,35.0,2026-05-29,https://www.transfermarkt.co.uk/evan-ndicka/profil/spieler/371149,high,1.0,1.0,provider_id_crosswalk,transfermarkt_dataset
30425,G. Mancini,Gianluca Mancini,AS Roma,Serie A,256448,Gianluca Mancini,Associazione Sportiva Roma,15000000,15.0,2026-05-29,https://www.transfermarkt.co.uk/gianluca-mancini/profil/spieler/256448,high,1.0,1.0,provider_id_crosswalk,transfermarkt_dataset
2669,Hermoso,Mario Hermoso Canseco,AS Roma,Serie A,281769,Mario Hermoso,Associazione Sportiva Roma,7000000,7.0,2026-05-29,https://www.transfermarkt.co.uk/mario-hermoso/profil/spieler/281769,high,1.0,1.0,provider_id_crosswalk,transfermarkt_dataset
384543,J. Ziółkowski,Jan Ziółkowski,AS Roma,Serie A,1046867,Jan Ziolkowski,Associazione Sportiva Roma,12000000,12.0,2026-05-29,https://www.transfermarkt.co.uk/jan-ziolkowski/profil/spieler/1046867,high,0.9482,0.9482,name_club_age,transfermarkt_dataset
1600,K. Tsimikas,Konstantinos Tsimikas,AS Roma,Serie A,338070,Konstantinos Tsimikas,Associazione Sportiva Roma,4500000,4.5,2026-05-29,https://www.transfermarkt.co.uk/konstantinos-tsimikas/profil/spieler/338070,high,1.0,1.0,provider_id_crosswalk,transfermarkt_dataset
782,L. Pellegrini,Lorenzo Pellegrini,AS Roma,Serie A,286297,Lorenzo Pellegrini,Associazione Sportiva Roma,8000000,8.0,2026-05-29,https://www.transfermarkt.co.uk/lorenzo-pellegrini/profil/spieler/286297,high,1.0,1.0,provider_id_crosswalk,transfermarkt_dataset
22147,M. Koné,Kouadio Emmanuel Koné,AS Roma,Serie A,624690,Manu Koné,Associazione Sportiva Roma,50000000,50.0,2026-05-29,https://www.transfermarkt.co.uk/manu-kone/profil/spieler/624690,high,1.0,1.0,provider_id_crosswalk,transfermarkt_dataset
323936,M. Soulé,Matías Soulé Malvano,AS Roma,Serie A,668951,Matías Soulé,Associazione Sportiva Roma,35000000,35.0,2026-05-29,https://www.transfermarkt.co.uk/matias-soule/profil/spieler/668951,high,1.0,1.0,provider_id_crosswalk,transfermarkt_dataset
556,M. Svilar,Mile Svilar,AS Roma,Serie A,338670,Mile Svilar,Associazione Sportiva Roma,35000000,35.0,2026-05-29,https://www.transfermarkt.co.uk/mile-svilar/profil/spieler/338670,high,1.0,1.0,provider_id_crosswalk,transfermarkt_dataset
277003,N. El Aynaoui,Neil El Aynaoui,AS Roma,Serie A,901019,Neil El Aynaoui,Associazione Sportiva Roma,23000000,23.0,2026-05-29,https://www.transfermarkt.co.uk/neil-el-aynaoui/profil/spieler/901019,high,1.0,1.0,provider_id_crosswalk,transfermarkt_dataset
356888,N. Pisilli,Niccolò Pisilli,AS Roma,Serie A,813137,Niccolò Pisilli,Associazione Sportiva Roma,30000000,30.0,2026-05-29,https://www.transfermarkt.co.uk/niccolo-pisilli/profil/spieler/813137,high,1.0,1.0,provider_id_crosswalk,transfermarkt_dataset
875,P. Dybala,Paulo Exequiel Dybala,AS Roma,Serie A,206050,Paulo Dybala,Associazione Sportiva Roma,5000000,5.0,2026-05-29,https://www.transfermarkt.co.uk/paulo-dybala/profil/spieler/206050,high,1.0,1.0,provider_id_crosswalk,transfermarkt_dataset
791,S. El Shaarawy,Stephan Kareem El Shaarawy,AS Roma,Serie A,94529,Stephan El Shaarawy,Associazione Sportiva Roma,2400000,2.4,2026-05-29,https://www.transfermarkt.co.uk/stephan-el-shaarawy/profil/spieler/94529,high,1.0,1.0,provider_id_crosswalk,transfermarkt_dataset
349001,Wesley,Wesley Vinícius França Lima,AS Roma,Serie A,964580,Wesley,Associazione Sportiva Roma,40000000,40.0,2026-05-29,https://www.transfermarkt.co.uk/wesley/profil/spieler/964580,high,1.0,1.0,provider_id_crosswalk,transfermarkt_dataset
22222,Z. Çelik,Mehmet Zeki Çelik,AS Roma,Serie A,251075,Zeki Çelik,Associazione Sportiva Roma,14000000,14.0,2026-05-29,https://www.transfermarkt.co.uk/zeki-celik/profil/spieler/251075,high,1.0,1.0,provider_id_crosswalk,transfermarkt_dataset
30421,B. Djimsiti,Berat Djimsiti,Atalanta,Serie A,165513,Berat Djimsiti,Atalanta BC,4000000,4.0,2026-05-29,https://www.transfermarkt.co.uk/berat-djimsiti/profil/spieler/165513,high,1.0,1.0,provider_id_crosswalk,transfermarkt_dataset
147859,C. De Ketelaere,Charles Marc De Ketelaere,Atalanta,Serie A,435772,Charles De Ketelaere,Atalanta BC,30000000,30.0,2026-05-29,https://www.transfermarkt.co.uk/charles-de-ketelaere/profil/spieler/435772,high,1.0,1.0,provider_id_crosswalk,transfermarkt_dataset
2286,D. Zappacosta,Davide Zappacosta,Atalanta,Serie A,173859,Davide Zappacosta,Atalanta BC,3500000,3.5,2026-05-29,https://www.transfermarkt.co.uk/davide-zappacosta/profil/spieler/173859,high,1.0,1.0,provider_id_crosswalk,transfermarkt_dataset
30543,G. Raspadori,Giacomo Raspadori,Atalanta,Serie A,405885,Giacomo Raspadori,Atalanta BC,22000000,22.0,2026-05-29,https://www.transfermarkt.co.uk/giacomo-raspadori/profil/spieler/405885,high,1.0,1.0,provider_id_crosswalk,transfermarkt_dataset
289761,G. Scalvini,Giorgio Scalvini,Atalanta,Serie A,571604,Giorgio Scalvini,Atalanta BC,38000000,38.0,2026-05-29,https://www.transfermarkt.co.uk/giorgio-scalvini/profil/spieler/571604,high,1.0,1.0,provider_id_crosswalk,transfermarkt_dataset
30544,G. Scamacca,Gianluca Scamacca,Atalanta,Serie A,315867,Gianluca Scamacca,Atalanta BC,25000000,25.0,2026-05-29,https://www.transfermarkt.co.uk/gianluca-scamacca/profil/spieler/315867,high,1.0,1.0,provider_id_crosswalk,transfermarkt_dataset
453906,H. Ahanor,Honest Ahanor,Atalanta,Serie A,1077175,Honest Ahanor,Atalanta BC,30000000,30.0,2026-05-29,https://www.transfermarkt.co.uk/honest-ahanor/profil/spieler/1077175,high,1.0,1.0,provider_id_crosswalk,transfermarkt_dataset
137976,I. Hien,Isak Malcolm Kwaku Hien,Atalanta,Serie A,503075,Isak Hien,Atalanta BC,22000000,22.0,2026-05-29,https://www.transfermarkt.co.uk/isak-hien/profil/spieler/503075,high,1.0,1.0,provider_id_crosswalk,transfermarkt_dataset
199837,K. Sulemana,Kamaldeen Sulemana,Atalanta,Serie A,746695,Kamaldeen Sulemana,Atalanta BC,17000000,17.0,2026-05-29,https://www.transfermarkt.co.uk/kamaldeen-sulemana/profil/spieler/746695,high,1.0,1.0,provider_id_crosswalk,transfermarkt_dataset
264857,L. Bernasconi,Lorenzo Bernasconi,Atalanta,Serie A,708635,Lorenzo Bernasconi,Atalanta BC,20000000,20.0,2026-05-29,https://www.transfermarkt.co.uk/lorenzo-bernasconi/profil/spieler/708635,high,1.0,1.0,provider_id_crosswalk,transfermarkt_dataset
178749,L. Samardžić,Lazar Vujadin Samardžić,Atalanta,Serie A,528833,Lazar Samardžić,Atalanta BC,16000000,16.0,2026-05-29,https://www.transfermarkt.co.uk/lazar-samardzic/profil/spieler/528833,high,1.0,1.0,provider_id_crosswalk,transfermarkt_dataset
30417,M. Carnesecchi,Marco Carnesecchi,Atalanta,Serie A,459763,Marco Carnesecchi,Atalanta BC,30000000,30.0,2026-05-29,https://www.transfermarkt.co.uk/marco-carnesecchi/profil/spieler/459763,high,1.0,1.0,provider_id_crosswalk,transfermarkt_dataset
30432,M. de Roon,Marten Elco de Roon,Atalanta,Serie A,133179,Marten de Roon,Atalanta BC,3200000,3.2,2026-05-29,https://www.transfermarkt.co.uk/marten-de-roon/profil/spieler/133179,high,1.0,1.0,provider_id_crosswalk,transfermarkt_dataset
2763,Mario Pasalic,Mario Pasalic,Atalanta,Serie A,205938,Mario Pašalić,Atalanta BC,6000000,6.0,2026-05-29,https://www.transfermarkt.co.uk/mario-pasalic/profil/spieler/205938,high,1.0,1.0,provider_id_crosswalk,transfermarkt_dataset
66817,N. Krstović,Nikola Krstović,Atalanta,Serie A,434433,Nikola Krstović,US Lecce,30000000,30.0,2026-05-29,https://www.transfermarkt.co.uk/nikola-krstovic/profil/spieler/434433,high,1.0,1.0,provider_id_crosswalk,transfermarkt_dataset
203474,N. Zalewski,Nicola Zalewski,Atalanta,Serie A,550108,Nicola Zalewski,Atalanta BC,20000000,20.0,2026-05-29,https://www.transfermarkt.co.uk/nicola-zalewski/profil/spieler/550108,high,1.0,1.0,provider_id_crosswalk,transfermarkt_dataset
48119,O. Kossounou,Kouakou Odilon Dorgeless Kossounou,Atalanta,Serie A,644771,Odilon Kossounou,Atalanta BC,15000000,15.0,2026-05-29,https://www.transfermarkt.co.uk/odilon-kossounou/profil/spieler/644771,high,1.0,1.0,provider_id_crosswalk,transfermarkt_dataset
91422,R. Bellanova,Raoul Bellanova,Atalanta,Serie A,357992,Raoul Bellanova,Atalanta BC,15000000,15.0,2026-05-29,https://www.transfermarkt.co.uk/raoul-bellanova/profil/spieler/357992,high,1.0,1.0,provider_id_crosswalk,transfermarkt_dataset
1442,S. Kolašinac,Sead Kolašinac,Atalanta,Serie A,94005,Sead Kolasinac,Atalanta BC,4000000,4.0,2026-05-29,https://www.transfermarkt.co.uk/sead-kolasinac/profil/spieler/94005,high,1.0,1.0,provider_id_crosswalk,transfermarkt_dataset
162106,Y. Musah,Yunus Dimoara Musah,Atalanta,Serie A,503991,Yunus Musah,AC Milan,14000000,14.0,2026-05-29,https://www.transfermarkt.co.uk/yunus-musah/profil/spieler/503991,high,1.0,1.0,provider_id_crosswalk,transfermarkt_dataset
10097,Éderson,Éderson José dos Santos Lourenço da Silva,Atalanta,Serie A,607854,Éderson,Atalanta BC,45000000,45.0,2026-05-29,https://www.transfermarkt.co.uk/ederson/profil/spieler/607854,high,1.0,1.0,provider_id_crosswalk,transfermarkt_dataset
347265,B. Domínguez,Benjamín Domínguez,Bologna,Serie A,961022,Benja Domínguez,Bologna Football Club 1909,9000000,9.0,2026-05-29,https://www.transfermarkt.co.uk/benja-dominguez/profil/spieler/961022,high,1.0,1.0,provider_id_crosswalk,transfermarkt_dataset
30553,C. Lykogiannis,Charalampos Lykogiannis,Bologna,Serie A,136514,Charalampos Lykogiannis,Bologna Football Club 1909,1200000,1.2,2026-05-29,https://www.transfermarkt.co.uk/charalampos-lykogiannis/profil/spieler/136514,high,0.9482,0.9482,name_club_age,transfermarkt_dataset
416062,E. Helland,Eivind Fauske Helland,Bologna,Serie A,1129198,Eivind Helland,Bologna Football Club 1909,8000000,8.0,2026-05-29,https://www.transfermarkt.co.uk/eivind-helland/profil/spieler/1129198,high,1.0,1.0,provider_id_crosswalk,transfermarkt_dataset
47985,E. Holm,Emil Alfons Holm,Bologna,Serie A,496745,Emil Holm,Juventus FC,10000000,10.0,2026-05-29,https://www.transfermarkt.co.uk/emil-holm/profil/spieler/496745,high,1.0,1.0,provider_id_crosswalk,transfermarkt_dataset
873,F. Bernardeschi,Federico Bernardeschi,Bologna,Serie A,197300,Federico Bernardeschi,Bologna Football Club 1909,3500000,3.5,2026-05-29,https://www.transfermarkt.co.uk/federico-bernardeschi/profil/spieler/197300,high,1.0,1.0,provider_id_crosswalk,transfermarkt_dataset
31098,F. Ravaglia,Federico Ravaglia,Bologna,Serie A,390304,Federico Ravaglia,Bologna Football Club 1909,1800000,1.8,2026-05-29,https://www.transfermarkt.co.uk/federico-ravaglia/profil/spieler/390304,high,1.0,1.0,provider_id_crosswalk,transfermarkt_dataset
322630,G. Fabbian,Giovanni Fabbian,Bologna,Serie A,633668,Giovanni Fabbian,Bologna Football Club 1909,10000000,10.0,2026-05-29,https://www.transfermarkt.co.uk/giovanni-fabbian/profil/spieler/633668,high,1.0,1.0,provider_id_crosswalk,transfermarkt_dataset
1929,J. Lucumí,Jhon Janer Lucumí Bonilla,Bologna,Serie A,413565,Jhon Lucumí,Bologna Football Club 1909,22000000,22.0,2026-05-29,https://www.transfermarkt.co.uk/jhon-lucumi/profil/spieler/413565,high,1.0,1.0,provider_id_crosswalk,transfermarkt_dataset
30542,J. Odgaard,Jens Odgaard,Bologna,Serie A,345590,Jens Odgaard,Bologna Football Club 1909,12000000,12.0,2026-05-29,https://www.transfermarkt.co.uk/jens-odgaard/profil/spieler/345590,high,1.0,1.0,provider_id_crosswalk,transfermarkt_dataset
278095,J. Rowe,Jonathan David Henry Rowe,Bologna,Serie A,672381,Jonathan Rowe,Olympique Marseille,28000000,28.0,2026-05-29,https://www.transfermarkt.co.uk/jonathan-rowe/profil/spieler/672381,high,1.0,1.0,provider_id_crosswalk,transfermarkt_dataset
41734,João Mário,João Mário Neto Lopes,Bologna,Serie A,537602,João Mário,Juventus FC,8000000,8.0,2026-05-29,https://www.transfermarkt.co.uk/joao-mario/profil/spieler/537602,high,1.0,1.0,provider_id_crosswalk,transfermarkt_dataset
134,Juan Miranda,Juan Miranda González,Bologna,Serie A,341227,Juan Miranda,Bologna Football Club 1909,15000000,15.0,2026-05-29,https://www.transfermarkt.co.uk/juan-miranda/profil/spieler/341227,high,1.0,1.0,provider_id_crosswalk,transfermarkt_dataset
30498,L. De Silvestri,Lorenzo De Silvestri,Bologna,Serie A,33571,Lorenzo De Silvestri,Bologna Football Club 1909,600000,0.6,2026-05-29,https://www.transfermarkt.co.uk/lorenzo-de-silvestri/profil/spieler/33571,high,1.0,1.0,provider_id_crosswalk,transfermarkt_dataset
44814,L. Ferguson,Lewis Ferguson,Bologna,Serie A,428563,Lewis Ferguson,Bologna Football Club 1909,14000000,14.0,2026-05-29,https://www.transfermarkt.co.uk/lewis-ferguson/profil/spieler/428563,high,1.0,1.0,provider_id_crosswalk,transfermarkt_dataset
446089,M. Pessina,Massimo Pessina,Bologna,Serie A,992569,Massimo Pessina,Bologna Football Club 1909,3500000,3.5,2026-05-29,https://www.transfermarkt.co.uk/massimo-pessina/profil/spieler/992569,high,0.9482,0.9482,name_club_age,transfermarkt_dataset
287564,M. Vitík,Martin Vitík,Bologna,Serie A,652054,Martin Vitík,Bologna Football Club 1909,13000000,13.0,2026-05-29,https://www.transfermarkt.co.uk/martin-vitik/profil/spieler/652054,high,1.0,1.0,provider_id_crosswalk,transfermarkt_dataset
30438,N. Cambiaghi,Nicolò Cambiaghi,Bologna,Serie A,459151,Nicolò Cambiaghi,Bologna Football Club 1909,14000000,14.0,2026-05-29,https://www.transfermarkt.co.uk/nicolo-cambiaghi/profil/spieler/459151,high,1.0,1.0,provider_id_crosswalk,transfermarkt_dataset
31099,N. Casale,Nicolò Casale,Bologna,Serie A,389837,Nicolò Casale,Bologna Football Club 1909,3800000,3.8,2026-05-29,https://www.transfermarkt.co.uk/nicolo-casale/profil/spieler/389837,high,1.0,1.0,provider_id_crosswalk,transfermarkt_dataset
1322,N. Moro,Nikola Moro,Bologna,Serie A,316934,Nikola Moro,Bologna Football Club 1909,7000000,7.0,2026-05-29,https://www.transfermarkt.co.uk/nikola-moro/profil/spieler/316934,high,1.0,1.0,provider_id_crosswalk,transfermarkt_dataset
128461,N. Zortea,Nadir Zortea,Bologna,Serie A,392966,Nadir Zortea,Bologna Football Club 1909,7000000,7.0,2026-05-29,https://www.transfermarkt.co.uk/nadir-zortea/profil/spieler/392966,high,1.0,1.0,provider_id_crosswalk,transfermarkt_dataset
2807,R. Freuler,Remo Marco Freuler,Bologna,Serie A,148252,Remo Freuler,Bologna Football Club 1909,3000000,3.0,2026-05-29,https://www.transfermarkt.co.uk/remo-freuler/profil/spieler/148252,high,1.0,1.0,provider_id_crosswalk,transfermarkt_dataset
30488,R. Orsolini,Riccardo Orsolini,Bologna,Serie A,368482,Riccardo Orsolini,Bologna Football Club 1909,15000000,15.0,2026-05-29,https://www.transfermarkt.co.uk/riccardo-orsolini/profil/spieler/368482,high,1.0,1.0,provider_id_crosswalk,transfermarkt_dataset
311067,S. Castro,Santiago Thomas Castro,Bologna,Serie A,849520,Santiago Castro,Bologna Football Club 1909,32000000,32.0,2026-05-29,https://www.transfermarkt.co.uk/santiago-castro/profil/spieler/849520,high,1.0,1.0,provider_id_crosswalk,transfermarkt_dataset
1014,S. Sohm,Simon Solomon Junior Sohm,Bologna,Serie A,507486,Simon Sohm,Bologna Football Club 1909,8000000,8.0,2026-05-29,https://www.transfermarkt.co.uk/simon-sohm/profil/spieler/507486,high,1.0,1.0,provider_id_crosswalk,transfermarkt_dataset
93016,T. Dallinga,Thijs Dallinga,Bologna,Serie A,538964,Thijs Dallinga,Bologna Football Club 1909,9000000,9.0,2026-05-29,https://www.transfermarkt.co.uk/thijs-dallinga/profil/spieler/538964,high,1.0,1.0,provider_id_crosswalk,transfermarkt_dataset
39254,T. Heggem,Torbjørn Lysaker Heggem,Bologna,Serie A,464469,Torbjørn Heggem,Bologna Football Club 1909,13000000,13.0,2026-05-29,https://www.transfermarkt.co.uk/torbjorn-heggem/profil/spieler/464469,high,1.0,1.0,provider_id_crosswalk,transfermarkt_dataset
31273,T. Pobega,Tommaso Pobega,Bologna,Serie A,392538,Tommaso Pobega,Bologna Football Club 1909,8000000,8.0,2026-05-29,https://www.transfermarkt.co.uk/tommaso-pobega/profil/spieler/392538,high,1.0,1.0,provider_id_crosswalk,transfermarkt_dataset
2998,Ł. Skorupski,Łukasz Skorupski,Bologna,Serie A,80894,Lukasz Skorupski,Bologna Football Club 1909,2000000,2.0,2026-05-29,https://www.transfermarkt.co.uk/lukasz-skorupski/profil/spieler/80894,high,1.0,1.0,provider_id_crosswalk,transfermarkt_dataset
30561,A. Deiola,Alessandro Deiola,Cagliari,Serie A,235931,Alessandro Deiola,Cagliari Calcio,1500000,1.5,2026-05-29,https://www.transfermarkt.co.uk/alessandro-deiola/profil/spieler/235931,high,1.0,1.0,provider_id_crosswalk,transfermarkt_dataset
32034,A. Dossena,Alberto Dossena,Cagliari,Serie A,385394,Alberto Dossena,Cagliari Calcio,6000000,6.0,2026-05-29,https://www.transfermarkt.co.uk/alberto-dossena/profil/spieler/385394,high,1.0,1.0,provider_id_crosswalk,transfermarkt_dataset
321744,A. Obert,Adam Obert,Cagliari,Serie A,568333,Adam Obert,Cagliari Calcio,7000000,7.0,2026-05-29,https://www.transfermarkt.co.uk/adam-obert/profil/spieler/568333,high,1.0,1.0,provider_id_crosswalk,transfermarkt_dataset
30731,E. Caprile,Elia Caprile,Cagliari,Serie A,421873,Elia Caprile,Cagliari Calcio,15000000,15.0,2026-05-29,https://www.transfermarkt.co.uk/elia-caprile/profil/spieler/421873,high,1.0,1.0,provider_id_crosswalk,transfermarkt_dataset
31499,G. Borrelli,Gennaro Borrelli,Cagliari,Serie A,459988,Gennaro Borrelli,Cagliari Calcio,3000000,3.0,2026-05-29,https://www.transfermarkt.co.uk/gennaro-borrelli/profil/spieler/459988,high,1.0,1.0,provider_id_crosswalk,transfermarkt_dataset
325,G. Gaetano,Gianluca Gaetano,Cagliari,Serie A,358008,Gianluca Gaetano,Cagliari Calcio,6500000,6.5,2026-05-29,https://www.transfermarkt.co.uk/gianluca-gaetano/profil/spieler/358008,high,1.0,1.0,provider_id_crosswalk,transfermarkt_dataset
200,G. Zappa,Gabriele Zappa,Cagliari,Serie A,392569,Gabriele Zappa,Cagliari Calcio,3000000,3.0,2026-05-29,https://www.transfermarkt.co.uk/gabriele-zappa/profil/spieler/392569,high,1.0,1.0,provider_id_crosswalk,transfermarkt_dataset
353609,I. Sulemana,Ibrahim Sulemana Kakari,Cagliari,Serie A,982267,Ibrahim Sulemana,Bologna Football Club 1909,6000000,6.0,2026-05-29,https://www.transfermarkt.co.uk/ibrahim-sulemana/profil/spieler/982267,high,1.0,1.0,provider_id_crosswalk,transfermarkt_dataset
415155,J. Rodríguez,Juan Martín Rodríguez Camejo,Cagliari,Serie A,1228231,Juan Rodríguez,Cagliari Calcio,10000000,10.0,2026-05-29,https://www.transfermarkt.co.uk/juan-rodriguez/profil/spieler/1228231,high,1.0,1.0,provider_id_crosswalk,transfermarkt_dataset
30780,L. Mazzitelli,Luca Mazzitelli,Cagliari,Serie A,226025,Luca Mazzitelli,Cagliari Calcio,1200000,1.2,2026-05-29,https://www.transfermarkt.co.uk/luca-mazzitelli/profil/spieler/226025,high,1.0,1.0,provider_id_crosswalk,transfermarkt_dataset
30505,M. Adopo,Michel Ndary Adopo,Cagliari,Serie A,564305,Michel Adopo,Cagliari Calcio,7000000,7.0,2026-05-29,https://www.transfermarkt.co.uk/michel-adopo/profil/spieler/564305,high,1.0,1.0,provider_id_crosswalk,transfermarkt_dataset
31734,M. Felici,Mattia Felici,Cagliari,Serie A,600041,Mattia Felici,Cagliari Calcio,2500000,2.5,2026-05-29,https://www.transfermarkt.co.uk/mattia-felici/profil/spieler/600041,high,1.0,1.0,provider_id_crosswalk,transfermarkt_dataset
56851,M. Folorunsho,Michael Ijemuan Folorunsho,Cagliari,Serie A,377042,Michael Folorunsho,Cagliari Calcio,5000000,5.0,2026-05-29,https://www.transfermarkt.co.uk/michael-folorunsho/profil/spieler/377042,high,1.0,1.0,provider_id_crosswalk,transfermarkt_dataset
383018,M. Palestra,Marco Palestra,Cagliari,Serie A,895937,Marco Palestra,Cagliari Calcio,35000000,35.0,2026-05-29,https://www.transfermarkt.co.uk/marco-palestra/profil/spieler/895937,high,1.0,1.0,provider_id_crosswalk,transfermarkt_dataset
309388,M. Prati,Matteo Prati,Cagliari,Serie A,876298,Matteo Prati,Torino FC,5500000,5.5,2026-05-29,https://www.transfermarkt.co.uk/matteo-prati/profil/spieler/876298,high,1.0,1.0,provider_id_crosswalk,transfermarkt_dataset
383026,Riyad Idrissi,Riyad Idrissi,Cagliari,Serie A,885226,Riyad Idrissi,Cagliari Calcio,4000000,4.0,2026-05-29,https://www.transfermarkt.co.uk/riyad-idrissi/profil/spieler/885226,high,1.0,1.0,provider_id_crosswalk,transfermarkt_dataset
215,S. Esposito,Sebastiano Esposito,Cagliari,Serie A,538918,Sebastiano Esposito,Cagliari Calcio,15000000,15.0,2026-05-29,https://www.transfermarkt.co.uk/sebastiano-esposito/profil/spieler/538918,high,1.0,1.0,provider_id_crosswalk,transfermarkt_dataset
336567,S. Kılıçsoy,Semih Kılıçsoy,Cagliari,Serie A,875334,Semih Kılıçsoy,Beşiktaş Jimnastik Kulübü,11000000,11.0,2026-05-29,https://www.transfermarkt.co.uk/semih-kilicsoy/profil/spieler/875334,high,1.0,1.0,provider_id_crosswalk,transfermarkt_dataset
319,S. Luperto,Sebastiano Luperto,Cagliari,Serie A,278531,Sebastiano Luperto,US Cremonese,4000000,4.0,2026-05-29,https://www.transfermarkt.co.uk/sebastiano-luperto/profil/spieler/278531,high,1.0,1.0,provider_id_crosswalk,transfermarkt_dataset
2484,Y. Mina,Yerry Fernando Mina González,Cagliari,Serie A,289446,Yerry Mina,Cagliari Calcio,2500000,2.5,2026-05-29,https://www.transfermarkt.co.uk/yerry-mina/profil/spieler/289446,high,1.0,1.0,provider_id_crosswalk,transfermarkt_dataset
41964,Zé Pedro,José Pedro da Silva Figueiredo Freitas,Cagliari,Serie A,406151,Zé Pedro,Cagliari Calcio,3000000,3.0,2026-05-29,https://www.transfermarkt.co.uk/ze-pedro/profil/spieler/406151,high,1.0,1.0,provider_id_crosswalk,transfermarkt_dataset
288,Alberto Moreno,Alberto Moreno Pérez,Como,Serie A,207917,Alberto Moreno,Como 1907,1000000,1.0,2026-05-29,https://www.transfermarkt.co.uk/alberto-moreno/profil/spieler/207917,high,1.0,1.0,provider_id_crosswalk,transfermarkt_dataset
400948,Assane Diao,Assane Diao Diaoune,Como,Serie A,1061282,Assane Diao,Como 1907,30000000,30.0,2026-05-29,https://www.transfermarkt.co.uk/assane-diao/profil/spieler/1061282,high,1.0,1.0,provider_id_crosswalk,transfermarkt_dataset
21090,Diego Carlos,Diego Carlos Santos Silva,Como,Serie A,329145,Diego Carlos,Como 1907,5000000,5.0,2026-05-29,https://www.transfermarkt.co.uk/diego-carlos/profil/spieler/329145,high,1.0,1.0,provider_id_crosswalk,transfermarkt_dataset
30441,E. Audero,Emilio Audero Mulyadi,Como,Serie A,256339,Emil Audero,US Cremonese,2800000,2.8,2026-05-29,https://www.transfermarkt.co.uk/emil-audero/profil/spieler/256339,high,1.0,1.0,provider_id_crosswalk,transfermarkt_dataset
14266,I. Smolčić,Ivan Smolčić,Como,Serie A,571271,Ivan Smolcic,Como 1907,3500000,3.5,2026-05-29,https://www.transfermarkt.co.uk/ivan-smolcic/profil/spieler/571271,high,1.0,1.0,provider_id_crosswalk,transfermarkt_dataset
129119,I. Van der Brempt,Ignace Van der Brempt,Como,Serie A,490423,Ignace Van der Brempt,Como 1907,3000000,3.0,2026-05-29,https://www.transfermarkt.co.uk/ignace-van-der-brempt/profil/spieler/490423,high,1.0,1.0,provider_id_crosswalk,transfermarkt_dataset
354533,J. Addai,Jayden Osei Addai,Como,Serie A,747720,Jayden Addai,Como 1907,20000000,20.0,2026-05-29,https://www.transfermarkt.co.uk/jayden-addai/profil/spieler/747720,high,1.0,1.0,provider_id_crosswalk,transfermarkt_dataset
8574,J. Butez,Jean Butez,Como,Serie A,290537,Jean Butez,Como 1907,8000000,8.0,2026-05-29,https://www.transfermarkt.co.uk/jean-butez/profil/spieler/290537,high,1.0,1.0,provider_id_crosswalk,transfermarkt_dataset
386305,Jacobo Ramón Naveros,Jacobo Ramón Naveros,Como,Serie A,948278,Jacobo Ramón,Como 1907,30000000,30.0,2026-05-29,https://www.transfermarkt.co.uk/jacobo-ramon/profil/spieler/948278,high,1.0,1.0,provider_id_crosswalk,transfermarkt_dataset
443162,Jesús Rodríguez,Jesús Rodríguez Caraballo,Como,Serie A,1190411,Jesús Rodríguez,Como 1907,30000000,30.0,2026-05-29,https://www.transfermarkt.co.uk/jesus-rodriguez/profil/spieler/1190411,high,1.0,1.0,provider_id_crosswalk,transfermarkt_dataset
162266,L. da Cunha,Lucas da Cunha,Como,Serie A,495667,Lucas Da Cunha,Como 1907,20000000,20.0,2026-05-29,https://www.transfermarkt.co.uk/lucas-da-cunha/profil/spieler/495667,high,1.0,1.0,provider_id_crosswalk,transfermarkt_dataset
295026,M. Baturina,Martin Baturina,Como,Serie A,580451,Martin Baturina,Como 1907,30000000,30.0,2026-05-29,https://www.transfermarkt.co.uk/martin-baturina/profil/spieler/580451,high,1.0,1.0,provider_id_crosswalk,transfermarkt_dataset
659,M. Caqueret,Maxence Caqueret,Como,Serie A,395237,Maxence Caqueret,Como 1907,13000000,13.0,2026-05-29,https://www.transfermarkt.co.uk/maxence-caqueret/profil/spieler/395237,high,1.0,1.0,provider_id_crosswalk,transfermarkt_dataset
26301,M. Kempf,Marc Oliver Kempf,Como,Serie A,160938,Marc Oliver Kempf,Como 1907,3500000,3.5,2026-05-29,https://www.transfermarkt.co.uk/marc-oliver-kempf/profil/spieler/160938,high,1.0,1.0,provider_id_crosswalk,transfermarkt_dataset
288699,M. Perrone,Máximo Perrone,Como,Serie A,668547,Máximo Perrone,Como 1907,35000000,35.0,2026-05-29,https://www.transfermarkt.co.uk/maximo-perrone/profil/spieler/668547,high,1.0,1.0,provider_id_crosswalk,transfermarkt_dataset
8586,M. Vojvoda,Mërgim Vojvoda,Como,Serie A,336125,Mërgim Vojvoda,Como 1907,2500000,2.5,2026-05-29,https://www.transfermarkt.co.uk/mergim-vojvoda/profil/spieler/336125,high,1.0,1.0,provider_id_crosswalk,transfermarkt_dataset
38753,N. Kühn,Nicolas-Gerrit Kühn,Como,Serie A,336012,Nicolas Kühn,Como 1907,10000000,10.0,2026-05-29,https://www.transfermarkt.co.uk/nicolas-kuhn/profil/spieler/336012,high,1.0,1.0,provider_id_crosswalk,transfermarkt_dataset
350037,N. Paz,Nicolás Paz Martínez,Como,Serie A,948294,Nico Paz,Como 1907,80000000,80.0,2026-05-29,https://www.transfermarkt.co.uk/nico-paz/profil/spieler/948294,high,1.0,1.0,provider_id_crosswalk,transfermarkt_dataset
137,Sergi Roberto,Sergi Roberto Carnicer,Como,Serie A,85370,Sergi Roberto,Como 1907,1400000,1.4,2026-05-29,https://www.transfermarkt.co.uk/sergi-roberto/profil/spieler/85370,high,1.0,1.0,provider_id_crosswalk,transfermarkt_dataset
26845,T. Douvikas,Anastasios Douvikas,Como,Serie A,523318,Anastasios Douvikas,Como 1907,25000000,25.0,2026-05-29,https://www.transfermarkt.co.uk/anastasios-douvikas/profil/spieler/523318,high,1.0,1.0,provider_id_crosswalk,transfermarkt_dataset
336560,Álex Valle,Álex Valle Gómez,Como,Serie A,709957,Álex Valle,Como 1907,12000000,12.0,2026-05-29,https://www.transfermarkt.co.uk/alex-valle/profil/spieler/709957,high,1.0,1.0,provider_id_crosswalk,transfermarkt_dataset
59,Álvaro Morata,Álvaro Borja Morata Martín,Como,Serie A,128223,Álvaro Morata,Como 1907,6000000,6.0,2026-05-29,https://www.transfermarkt.co.uk/alvaro-morata/profil/spieler/128223,high,1.0,1.0,provider_id_crosswalk,transfermarkt_dataset
31021,A. Grassi,Alberto Grassi,Cremonese,Serie A,197473,Alberto Grassi,US Cremonese,1400000,1.4,2026-05-29,https://www.transfermarkt.co.uk/alberto-grassi/profil/spieler/197473,high,1.0,1.0,provider_id_crosswalk,transfermarkt_dataset
2522,A. Sanabria,Arnaldo Antonio Sanabria Ayala,Cremonese,Serie A,234523,Antonio Sanabria,US Cremonese,1800000,1.8,2026-05-29,https://www.transfermarkt.co.uk/antonio-sanabria/profil/spieler/234523,high,1.0,1.0,provider_id_crosswalk,transfermarkt_dataset
36986,D. Johnsen,Dennis Tørset Johnsen,Cremonese,Serie A,406042,Dennis Johnsen,US Cremonese,1200000,1.2,2023-06-12,https://www.transfermarkt.co.uk/dennis-johnsen/profil/spieler/406042,high,1.0,1.0,provider_id_crosswalk,transfermarkt_dataset
30848,D. Okereke,David Chidozie Okereke,Cremonese,Serie A,413605,David Okereke,US Cremonese,1400000,1.4,2026-05-29,https://www.transfermarkt.co.uk/david-okereke/profil/spieler/413605,high,1.0,1.0,provider_id_crosswalk,transfermarkt_dataset
127035,F. Baschirotto,Federico Baschirotto,Cremonese,Serie A,351955,Federico Baschirotto,US Cremonese,3500000,3.5,2026-05-29,https://www.transfermarkt.co.uk/federico-baschirotto/profil/spieler/351955,high,1.0,1.0,provider_id_crosswalk,transfermarkt_dataset
31436,F. Bonazzoli,Federico Bonazzoli,Cremonese,Serie A,241527,Federico Bonazzoli,US Cremonese,2500000,2.5,2026-05-29,https://www.transfermarkt.co.uk/federico-bonazzoli/profil/spieler/241527,high,1.0,1.0,provider_id_crosswalk,transfermarkt_dataset
30397,F. Ceccherini,Federico Ceccherini,Cremonese,Serie A,163639,Federico Ceccherini,US Cremonese,400000,0.4,2026-05-29,https://www.transfermarkt.co.uk/federico-ceccherini/profil/spieler/163639,high,1.0,1.0,provider_id_crosswalk,transfermarkt_dataset
385788,F. Folino,Francesco Folino,Cremonese,Serie A,603675,Francesco Folino,US Cremonese,800000,0.8,2026-05-29,https://www.transfermarkt.co.uk/francesco-folino/profil/spieler/603675,high,1.0,1.0,provider_id_crosswalk,transfermarkt_dataset
2057,F. Vázquez,Franco Damián Vázquez,Cremonese,Serie A,76163,Franco Vázquez,Club Atlético Belgrano,600000,0.6,2026-05-22,https://www.transfermarkt.co.uk/franco-vazquez/profil/spieler/76163,high,1.0,1.0,provider_id_crosswalk,transfermarkt_dataset
30775,G. Pezzella,Giuseppe Pezzella,Cremonese,Serie A,336960,Giuseppe Pezzella,US Cremonese,2000000,2.0,2026-05-29,https://www.transfermarkt.co.uk/giuseppe-pezzella/profil/spieler/336960,high,1.0,1.0,provider_id_crosswalk,transfermarkt_dataset
31211,J. Vandeputte,Jari Vandeputte,Cremonese,Serie A,258827,Jari Vandeputte,US Cremonese,3000000,3.0,2026-05-29,https://www.transfermarkt.co.uk/jari-vandeputte/profil/spieler/258827,high,1.0,1.0,provider_id_crosswalk,transfermarkt_dataset
18788,J. Vardy,Jamie Richard Vardy,Cremonese,Serie A,197838,Jamie Vardy,US Cremonese,1000000,1.0,2026-05-29,https://www.transfermarkt.co.uk/jamie-vardy/profil/spieler/197838,high,1.0,1.0,provider_id_crosswalk,transfermarkt_dataset
30919,M. Bianchetti,Matteo Bianchetti,Cremonese,Serie A,160986,Matteo Bianchetti,US Cremonese,800000,0.8,2026-05-29,https://www.transfermarkt.co.uk/matteo-bianchetti/profil/spieler/160986,high,1.0,1.0,provider_id_crosswalk,transfermarkt_dataset
126889,M. Collocolo,Michele Collocolo,Cremonese,Serie A,434551,Michele Collocolo,US Cremonese,2400000,2.4,2026-05-29,https://www.transfermarkt.co.uk/michele-collocolo/profil/spieler/434551,high,1.0,1.0,provider_id_crosswalk,transfermarkt_dataset
6383,M. Payero,Martín Ismael Payero,Cremonese,Serie A,555820,Martín Payero,US Cremonese,5000000,5.0,2026-05-29,https://www.transfermarkt.co.uk/martin-payero/profil/spieler/555820,high,1.0,1.0,provider_id_crosswalk,transfermarkt_dataset
30915,M. Silvestri,Marco Silvestri,Cremonese,Serie A,85528,Marco Silvestri,US Cremonese,500000,0.5,2026-05-29,https://www.transfermarkt.co.uk/marco-silvestri/profil/spieler/85528,high,1.0,1.0,provider_id_crosswalk,transfermarkt_dataset
36980,M. Thorsby,Morten Thorsby,Cremonese,Serie A,226524,Morten Thorsby,US Cremonese,2800000,2.8,2026-05-29,https://www.transfermarkt.co.uk/morten-thorsby/profil/spieler/226524,high,1.0,1.0,provider_id_crosswalk,transfermarkt_dataset
31692,M. Đurić,Milan Đurić,Cremonese,Serie A,67556,Milan Djuric,US Cremonese,1000000,1.0,2026-05-29,https://www.transfermarkt.co.uk/milan-djuric/profil/spieler/67556,high,1.0,1.0,provider_id_crosswalk,transfermarkt_dataset
342651,R. Floriani Mussolini,Romano Floriani Mussolini,Cremonese,Serie A,708086,Romano Floriani Mussolini,US Cremonese,2500000,2.5,2026-05-29,https://www.transfermarkt.co.uk/romano-floriani-mussolini/profil/spieler/708086,high,1.0,1.0,provider_id_crosswalk,transfermarkt_dataset
126980,T. Barbieri,Tommaso Barbieri,Cremonese,Serie A,569939,Tommaso Barbieri,US Cremonese,3800000,3.8,2026-05-29,https://www.transfermarkt.co.uk/tommaso-barbieri/profil/spieler/569939,high,1.0,1.0,provider_id_crosswalk,transfermarkt_dataset
266813,W. Bondo,Warren Pierre Bondo,Cremonese,Serie A,659516,Warren Bondo,US Cremonese,6000000,6.0,2026-05-29,https://www.transfermarkt.co.uk/warren-bondo/profil/spieler/659516,high,1.0,1.0,provider_id_crosswalk,transfermarkt_dataset
2799,A. Guðmundsson,Albert Guðmundsson,Fiorentina,Serie A,305947,Albert Gudmundsson,ACF Fiorentina,12000000,12.0,2026-05-29,https://www.transfermarkt.co.uk/albert-gudmundsson/profil/spieler/305947,high,1.0,1.0,provider_id_crosswalk,transfermarkt_dataset
311083,C. Ndour,Cher Ndour,Fiorentina,Serie A,651005,Cher Ndour,ACF Fiorentina,20000000,20.0,2026-05-29,https://www.transfermarkt.co.uk/cher-ndour/profil/spieler/651005,high,1.0,1.0,provider_id_crosswalk,transfermarkt_dataset
861,D. Rugani,Daniele Rugani,Fiorentina,Serie A,162959,Daniele Rugani,Juventus FC,2000000,2.0,2026-05-29,https://www.transfermarkt.co.uk/daniele-rugani/profil/spieler/162959,high,1.0,1.0,provider_id_crosswalk,transfermarkt_dataset
882,David de Gea,David de Gea Quintana,Fiorentina,Serie A,59377,David de Gea,ACF Fiorentina,3500000,3.5,2026-05-29,https://www.transfermarkt.co.uk/david-de-gea/profil/spieler/59377,high,1.0,1.0,provider_id_crosswalk,transfermarkt_dataset
41144,Dodô,Domilson Cordeiro dos Santos,Fiorentina,Serie A,401529,Dodô,ACF Fiorentina,16000000,16.0,2026-05-29,https://www.transfermarkt.co.uk/dodo/profil/spieler/401529,high,1.0,1.0,provider_id_crosswalk,transfermarkt_dataset
136087,F. Parisi,Fabiano Parisi,Fiorentina,Serie A,547985,Fabiano Parisi,ACF Fiorentina,6000000,6.0,2026-05-29,https://www.transfermarkt.co.uk/fabiano-parisi/profil/spieler/547985,high,1.0,1.0,provider_id_crosswalk,transfermarkt_dataset
881,H. Nicolussi,Hans Nicolussi Caviglia,Fiorentina,Serie A,430280,Hans Nicolussi Caviglia,ACF Fiorentina,6000000,6.0,2026-05-29,https://www.transfermarkt.co.uk/hans-nicolussi-caviglia/profil/spieler/430280,high,1.0,1.0,provider_id_crosswalk,transfermarkt_dataset
340700,J. Fazzini,Jacopo Fazzini,Fiorentina,Serie A,691482,Jacopo Fazzini,ACF Fiorentina,8500000,8.5,2026-05-29,https://www.transfermarkt.co.uk/jacopo-fazzini/profil/spieler/691482,high,1.0,1.0,provider_id_crosswalk,transfermarkt_dataset
19128,J. Harrison,Jack David Harrison,Fiorentina,Serie A,417346,Jack Harrison,Leeds United,6500000,6.5,2026-05-29,https://www.transfermarkt.co.uk/jack-harrison/profil/spieler/417346,high,1.0,1.0,provider_id_crosswalk,transfermarkt_dataset
31642,L. Ranieri,Luca Ranieri,Fiorentina,Serie A,346561,Luca Ranieri,ACF Fiorentina,6000000,6.0,2026-05-29,https://www.transfermarkt.co.uk/luca-ranieri/profil/spieler/346561,high,1.0,1.0,provider_id_crosswalk,transfermarkt_dataset
1639,M. Brescianini,Marco Brescianini,Fiorentina,Serie A,459128,Marco Brescianini,ACF Fiorentina,9000000,9.0,2026-05-29,https://www.transfermarkt.co.uk/marco-brescianini/profil/spieler/459128,high,1.0,1.0,provider_id_crosswalk,transfermarkt_dataset
877,M. Kean,Moise Bioty Kean,Fiorentina,Serie A,364135,Moise Kean,ACF Fiorentina,32000000,32.0,2026-05-29,https://www.transfermarkt.co.uk/moise-kean/profil/spieler/364135,high,1.0,1.0,provider_id_crosswalk,transfermarkt_dataset
1084,M. Pongračić,Marin Pongračić,Fiorentina,Serie A,282144,Marin Pongracic,ACF Fiorentina,6500000,6.5,2026-05-29,https://www.transfermarkt.co.uk/marin-pongracic/profil/spieler/282144,high,1.0,1.0,provider_id_crosswalk,transfermarkt_dataset
697,M. Solomon,Manor Solomon,Fiorentina,Serie A,396638,Manor Solomon,Villarreal CF,8000000,8.0,2026-05-29,https://www.transfermarkt.co.uk/manor-solomon/profil/spieler/396638,high,1.0,1.0,provider_id_crosswalk,transfermarkt_dataset
876,N. Fagioli,Nicolò Fagioli,Fiorentina,Serie A,432090,Nicolò Fagioli,ACF Fiorentina,16000000,16.0,2026-05-29,https://www.transfermarkt.co.uk/nicolo-fagioli/profil/spieler/432090,high,1.0,1.0,provider_id_crosswalk,transfermarkt_dataset
437093,N. Fortini,Niccolò Fortini,Fiorentina,Serie A,984964,Niccolò Fortini,ACF Fiorentina,10000000,10.0,2026-05-29,https://www.transfermarkt.co.uk/niccolo-fortini/profil/spieler/984964,high,1.0,1.0,provider_id_crosswalk,transfermarkt_dataset
396637,P. Comuzzo,Pietro Comuzzo,Fiorentina,Serie A,746712,Pietro Comuzzo,ACF Fiorentina,18000000,18.0,2026-05-29,https://www.transfermarkt.co.uk/pietro-comuzzo/profil/spieler/746712,high,1.0,1.0,provider_id_crosswalk,transfermarkt_dataset
46792,Pablo Marí,Pablo Marí Villar,Fiorentina,Serie A,210178,Pablo Marí,Al-Hilal Saudi Football Club,2000000,2.0,2026-06-04,https://www.transfermarkt.co.uk/pablo-mari/profil/spieler/210178,high,1.0,1.0,provider_id_crosswalk,transfermarkt_dataset
30422,R. Gosens,Robin Everardus Gosens,Fiorentina,Serie A,273132,Robin Gosens,ACF Fiorentina,4000000,4.0,2026-05-29,https://www.transfermarkt.co.uk/robin-gosens/profil/spieler/273132,high,1.0,1.0,provider_id_crosswalk,transfermarkt_dataset
30810,R. Mandragora,Rolando Mandragora,Fiorentina,Serie A,308279,Rolando Mandragora,ACF Fiorentina,9000000,9.0,2026-05-29,https://www.transfermarkt.co.uk/rolando-mandragora/profil/spieler/308279,high,1.0,1.0,provider_id_crosswalk,transfermarkt_dataset
30440,R. Piccoli,Roberto Piccoli,Fiorentina,Serie A,432092,Roberto Piccoli,ACF Fiorentina,14000000,14.0,2026-05-29,https://www.transfermarkt.co.uk/roberto-piccoli/profil/spieler/432092,high,1.0,1.0,provider_id_crosswalk,transfermarkt_dataset
281826,A. Marcandalli,Alessandro Marcandalli,Genoa,Serie A,818448,Alessandro Marcandalli,Genoa CFC,14000000,14.0,2026-05-29,https://www.transfermarkt.co.uk/alessandro-marcandalli/profil/spieler/818448,high,1.0,1.0,provider_id_crosswalk,transfermarkt_dataset
25914,Aarón Martín,Aarón Martín Caricol,Genoa,Serie A,251878,Aarón Martín,Genoa CFC,5000000,5.0,2026-05-29,https://www.transfermarkt.co.uk/aaron-martin/profil/spieler/251878,high,0.9743,0.221,name_club_age,transfermarkt_dataset
405239,Alexsandro Amorim,Alexsandro Amorim de Freitas Filho,Genoa,Serie A,1082774,Amorim,FC Alverca,8000000,8.0,2026-05-29,https://www.transfermarkt.co.uk/amorim/profil/spieler/1082774,high,1.0,1.0,provider_id_crosswalk,transfermarkt_dataset
284570,B. Norton-Cuffy,Brooke Dion Nelson Norton-Cuffy,Genoa,Serie A,728733,Brooke Norton-Cuffy,Genoa CFC,15000000,15.0,2026-05-29,https://www.transfermarkt.co.uk/brooke-norton-cuffy/profil/spieler/728733,high,1.0,1.0,provider_id_crosswalk,transfermarkt_dataset
3430,C. Ekuban,Caleb Ansah Ekuban,Genoa,Serie A,199953,Caleb Ekuban,Genoa CFC,1200000,1.2,2026-05-29,https://www.transfermarkt.co.uk/caleb-ekuban/profil/spieler/199953,high,1.0,1.0,provider_id_crosswalk,transfermarkt_dataset
37137,J. Bijlow,Justin Bijlow,Genoa,Serie A,315121,Justin Bijlow,Feyenoord Rotterdam,4000000,4.0,2026-05-29,https://www.transfermarkt.co.uk/justin-bijlow/profil/spieler/315121,high,1.0,1.0,provider_id_crosswalk,transfermarkt_dataset
451504,J. Ekhator,Jeff Ekhator Osayuki,Genoa,Serie A,934878,Jeff Ekhator,Genoa CFC,18000000,18.0,2026-05-29,https://www.transfermarkt.co.uk/jeff-ekhator/profil/spieler/934878,high,1.0,1.0,provider_id_crosswalk,transfermarkt_dataset
35544,J. Vásquez,Johan Felipe Vázquez Ibarra,Genoa,Serie A,532937,Johan Vásquez,Genoa CFC,12000000,12.0,2026-05-29,https://www.transfermarkt.co.uk/johan-vasquez/profil/spieler/532937,high,1.0,1.0,provider_id_crosswalk,transfermarkt_dataset
56396,Junior Messias,Junior Walter Messias,Genoa,Serie A,449151,Junior Messias,Genoa CFC,1100000,1.1,2026-05-29,https://www.transfermarkt.co.uk/junior-messias/profil/spieler/449151,high,1.0,1.0,provider_id_crosswalk,transfermarkt_dataset
263481,L. Colombo,Lorenzo Colombo,Genoa,Serie A,487843,Lorenzo Colombo,Genoa CFC,10000000,10.0,2026-05-29,https://www.transfermarkt.co.uk/lorenzo-colombo/profil/spieler/487843,high,1.0,1.0,provider_id_crosswalk,transfermarkt_dataset
18967,L. Østigård,Leo Skiri Østigård,Genoa,Serie A,367284,Leo Østigård,Genoa CFC,13000000,13.0,2026-05-29,https://www.transfermarkt.co.uk/leo-ostigard/profil/spieler/367284,high,1.0,1.0,provider_id_crosswalk,transfermarkt_dataset
89520,M. Ellertsson,Mikael Egill Ellertsson,Genoa,Serie A,566615,Mikael Egill Ellertsson,Genoa CFC,6000000,6.0,2026-05-29,https://www.transfermarkt.co.uk/mikael-egill-ellertsson/profil/spieler/566615,high,1.0,1.0,provider_id_crosswalk,transfermarkt_dataset
15881,M. Frendrup,Morten Wetche Frendrup,Genoa,Serie A,503871,Morten Frendrup,Genoa CFC,15000000,15.0,2026-05-29,https://www.transfermarkt.co.uk/morten-frendrup/profil/spieler/503871,high,1.0,1.0,provider_id_crosswalk,transfermarkt_dataset
31631,N. Leali,Nicola Leali,Genoa,Serie A,136111,Nicola Leali,Genoa CFC,1000000,1.0,2026-05-29,https://www.transfermarkt.co.uk/nicola-leali/profil/spieler/136111,high,1.0,1.0,provider_id_crosswalk,transfermarkt_dataset
281096,P. Masini,Patrizio Masini,Genoa,Serie A,459665,Patrizio Masini,Genoa CFC,4200000,4.2,2026-05-29,https://www.transfermarkt.co.uk/patrizio-masini/profil/spieler/459665,high,1.0,1.0,provider_id_crosswalk,transfermarkt_dataset
1938,R. Malinovskyi,Ruslan Malinovskyi,Genoa,Serie A,207877,Ruslan Malinovskyi,Genoa CFC,2500000,2.5,2026-05-29,https://www.transfermarkt.co.uk/ruslan-malinovskyi/profil/spieler/207877,high,1.0,1.0,provider_id_crosswalk,transfermarkt_dataset
387128,S. Otoa,Sebastian Otoa,Genoa,Serie A,890385,Sebastian Otoa,Genoa CFC,2500000,2.5,2026-05-29,https://www.transfermarkt.co.uk/sebastian-otoa/profil/spieler/890385,high,1.0,1.0,provider_id_crosswalk,transfermarkt_dataset
31137,S. Sabelli,Stefano Sabelli,Genoa,Serie A,167491,Stefano Sabelli,Genoa CFC,1300000,1.3,2026-05-29,https://www.transfermarkt.co.uk/stefano-sabelli/profil/spieler/167491,high,1.0,1.0,provider_id_crosswalk,transfermarkt_dataset
288769,T. Baldanzi,Tommaso Baldanzi,Genoa,Serie A,641537,Tommaso Baldanzi,Associazione Sportiva Roma,8500000,8.5,2026-05-29,https://www.transfermarkt.co.uk/tommaso-baldanzi/profil/spieler/641537,high,1.0,1.0,provider_id_crosswalk,transfermarkt_dataset
341646,V. Carboni,Valentín Carboni,Genoa,Serie A,787618,Valentín Carboni,Racing Club Asociación Civil de Avellaneda,7500000,7.5,2026-05-22,https://www.transfermarkt.co.uk/valentin-carboni/profil/spieler/787618,high,1.0,1.0,provider_id_crosswalk,transfermarkt_dataset
281408,Vítinha,Vítor Manuel Carvalho Oliveira,Genoa,Serie A,586853,Vitinha,Genoa CFC,8000000,8.0,2026-05-29,https://www.transfermarkt.co.uk/vitinha/profil/spieler/586853,high,1.0,1.0,provider_id_crosswalk,transfermarkt_dataset
25061,A. Bella-Kotchap,Armel Bella-Kotchap,Hellas Verona,Serie A,467563,Armel Bella-Kotchap,Hellas Verona,7000000,7.0,2026-05-29,https://www.transfermarkt.co.uk/armel-bella-kotchap/profil/spieler/467563,high,1.0,1.0,provider_id_crosswalk,transfermarkt_dataset
1090,A. Bernede,Antoine Joseph Emmanuel Bernede,Hellas Verona,Serie A,395512,Antoine Bernede,Hellas Verona,3500000,3.5,2026-05-29,https://www.transfermarkt.co.uk/antoine-bernede/profil/spieler/395512,high,1.0,1.0,provider_id_crosswalk,transfermarkt_dataset
169297,A. Edmundsson,Andrias Edmundsson,Hellas Verona,Serie A,495839,Andrias Edmundsson,Wisla Plock,3000000,3.0,2026-05-29,https://www.transfermarkt.co.uk/andrias-edmundsson/profil/spieler/495839,high,1.0,1.0,provider_id_crosswalk,transfermarkt_dataset
236955,A. Sarr,Amin Sarr,Hellas Verona,Serie A,748382,Amin Sarr,Hellas Verona,2400000,2.4,2026-05-29,https://www.transfermarkt.co.uk/amin-sarr/profil/spieler/748382,high,1.0,1.0,provider_id_crosswalk,transfermarkt_dataset
22239,C. Niasse,Cheikh Ahmet Tidiane Niasse,Hellas Verona,Serie A,644032,Cheikh Niasse,Hellas Verona,2000000,2.0,2026-05-29,https://www.transfermarkt.co.uk/cheikh-niasse/profil/spieler/644032,high,1.0,1.0,provider_id_crosswalk,transfermarkt_dataset
14327,D. Bradarić,Domagoj Bradarić,Hellas Verona,Serie A,357796,Domagoj Bradarić,Hellas Verona,1500000,1.5,2026-05-29,https://www.transfermarkt.co.uk/domagoj-bradaric/profil/spieler/357796,high,1.0,1.0,provider_id_crosswalk,transfermarkt_dataset
59421,D. Mosquera,Daniel Fernando Mosquera Bonilla,Hellas Verona,Serie A,651569,Daniel Mosquera,Hellas Verona,1800000,1.8,2026-05-29,https://www.transfermarkt.co.uk/daniel-mosquera/profil/spieler/651569,high,1.0,1.0,provider_id_crosswalk,transfermarkt_dataset
153408,D. Oyegoke,Daniel Oladele Akinbiyi Oyegoke,Hellas Verona,Serie A,586984,Daniel Oyegoke,Hellas Verona,1000000,1.0,2026-05-29,https://www.transfermarkt.co.uk/daniel-oyegoke/profil/spieler/586984,high,0.9304,0.9304,name_club_age,transfermarkt_dataset
368260,G. Orban,Gift Emmanuel Orban,Hellas Verona,Serie A,1018259,Gift Orban,Hellas Verona,7000000,7.0,2026-05-29,https://www.transfermarkt.co.uk/gift-orban/profil/spieler/1018259,high,1.0,1.0,provider_id_crosswalk,transfermarkt_dataset
312615,Giovane,Giovane Santana do Nascimento,Hellas Verona,Serie A,1005165,Giovane,SSC Napoli,12000000,12.0,2026-05-29,https://www.transfermarkt.co.uk/giovane/profil/spieler/1005165,high,1.0,1.0,provider_id_crosswalk,transfermarkt_dataset
31678,J. Akpa Akpro,Jean-Daniel Dave Lewis Akpa Akpro,Hellas Verona,Serie A,170481,Jean-Daniel Akpa Akpro,Hellas Verona,500000,0.5,2026-05-29,https://www.transfermarkt.co.uk/jean-daniel-akpa-akpro/profil/spieler/170481,high,1.0,1.0,provider_id_crosswalk,transfermarkt_dataset
30611,L. Montipò,Lorenzo Montipò,Hellas Verona,Serie A,241923,Lorenzo Montipò,Hellas Verona,1200000,1.2,2026-05-29,https://www.transfermarkt.co.uk/lorenzo-montipo/profil/spieler/241923,high,1.0,1.0,provider_id_crosswalk,transfermarkt_dataset
15909,M. Frese,Martin Sønder Frese,Hellas Verona,Serie A,488785,Martin Frese,Hellas Verona,2500000,2.5,2026-05-29,https://www.transfermarkt.co.uk/martin-frese/profil/spieler/488785,high,1.0,1.0,provider_id_crosswalk,transfermarkt_dataset
311071,N. Valentini,Nicolás Valentini,Hellas Verona,Serie A,860992,Nicolás Valentini,Hellas Verona,3000000,3.0,2026-05-29,https://www.transfermarkt.co.uk/nicolas-valentini/profil/spieler/860992,high,1.0,1.0,provider_id_crosswalk,transfermarkt_dataset
30525,Pol Lirola,Pol Mikel Lirola Kosok,Hellas Verona,Serie A,298975,Pol Lirola,Olympique Marseille,1500000,1.5,2026-05-29,https://www.transfermarkt.co.uk/pol-lirola/profil/spieler/298975,high,1.0,1.0,provider_id_crosswalk,transfermarkt_dataset
303362,R. Belghali,Rafik Belghali,Hellas Verona,Serie A,864306,Rafik Belghali,KV Mechelen,7000000,7.0,2026-05-29,https://www.transfermarkt.co.uk/rafik-belghali/profil/spieler/864306,high,1.0,1.0,provider_id_crosswalk,transfermarkt_dataset
203,R. Gagliardini,Roberto Gagliardini,Hellas Verona,Serie A,197471,Roberto Gagliardini,Hellas Verona,1300000,1.3,2026-05-29,https://www.transfermarkt.co.uk/roberto-gagliardini/profil/spieler/197471,high,1.0,1.0,provider_id_crosswalk,transfermarkt_dataset
7591,S. Lovrić,Sandi Lovrić,Hellas Verona,Serie A,268429,Sandi Lovrić,Hellas Verona,3500000,3.5,2026-05-29,https://www.transfermarkt.co.uk/sandi-lovric/profil/spieler/268429,high,1.0,1.0,provider_id_crosswalk,transfermarkt_dataset
418,S. Serdar,Suat Serdar,Hellas Verona,Serie A,261905,Suat Serdar,Hellas Verona,2800000,2.8,2026-05-29,https://www.transfermarkt.co.uk/suat-serdar/profil/spieler/261905,high,1.0,1.0,provider_id_crosswalk,transfermarkt_dataset
368129,T. Slotsager,Tobias Slotsager,Hellas Verona,Serie A,851385,Tobias Slotsager,Hellas Verona,3000000,3.0,2026-05-29,https://www.transfermarkt.co.uk/tobias-slotsager/profil/spieler/851385,high,1.0,1.0,provider_id_crosswalk,transfermarkt_dataset
194837,T. Suslov,Tomáš Suslov,Hellas Verona,Serie A,540333,Tomas Suslov,Hellas Verona,4000000,4.0,2026-05-29,https://www.transfermarkt.co.uk/tomas-suslov/profil/spieler/540333,high,1.0,1.0,provider_id_crosswalk,transfermarkt_dataset
15912,V. Nelsson,Victor Enok Nelsson,Hellas Verona,Serie A,422951,Victor Nelsson,Hellas Verona,6000000,6.0,2026-05-29,https://www.transfermarkt.co.uk/victor-nelsson/profil/spieler/422951,high,1.0,1.0,provider_id_crosswalk,transfermarkt_dataset
31009,A. Bastoni,Alessandro Bastoni,Inter,Serie A,315853,Alessandro Bastoni,Inter Milan,65000000,65.0,2026-05-29,https://www.transfermarkt.co.uk/alessandro-bastoni/profil/spieler/315853,high,1.0,1.0,provider_id_crosswalk,transfermarkt_dataset
275651,A. Bonny,Ange-Yoan Bonny,Inter,Serie A,827734,Ange-Yoan Bonny,Inter Milan,35000000,35.0,2026-05-29,https://www.transfermarkt.co.uk/ange-yoan-bonny/profil/spieler/827734,high,1.0,1.0,provider_id_crosswalk,transfermarkt_dataset
270509,A. Diouf,Andy Alune Diouf,Inter,Serie A,711976,Andy Diouf,RC Lens,20000000,20.0,2026-05-29,https://www.transfermarkt.co.uk/andy-diouf/profil/spieler/711976,high,1.0,1.0,provider_id_crosswalk,transfermarkt_dataset
10238,Carlos Augusto,Carlos Augusto Zopolato Neves,Inter,Serie A,585982,Carlos Augusto,Inter Milan,23000000,23.0,2026-05-29,https://www.transfermarkt.co.uk/carlos-augusto/profil/spieler/585982,high,0.92,0.2822,name_club_age,transfermarkt_dataset
226,D. Dumfries,Denzel Justus Morris Dumfries,Inter,Serie A,321528,Denzel Dumfries,Inter Milan,25000000,25.0,2026-05-29,https://www.transfermarkt.co.uk/denzel-dumfries/profil/spieler/321528,high,1.0,1.0,provider_id_crosswalk,transfermarkt_dataset
31173,D. Frattesi,Davide Frattesi,Inter,Serie A,394300,Davide Frattesi,Inter Milan,22000000,22.0,2026-05-29,https://www.transfermarkt.co.uk/davide-frattesi/profil/spieler/394300,high,1.0,1.0,provider_id_crosswalk,transfermarkt_dataset
1836,F. Acerbi,Francesco Acerbi,Inter,Serie A,131075,Francesco Acerbi,Inter Milan,2000000,2.0,2026-05-29,https://www.transfermarkt.co.uk/francesco-acerbi/profil/spieler/131075,high,1.0,1.0,provider_id_crosswalk,transfermarkt_dataset
31010,F. Dimarco,Federico Dimarco,Inter,Serie A,198116,Federico Dimarco,Inter Milan,50000000,50.0,2026-05-29,https://www.transfermarkt.co.uk/federico-dimarco/profil/spieler/198116,high,1.0,1.0,provider_id_crosswalk,transfermarkt_dataset
345808,F. Esposito,Francesco Pio Esposito,Inter,Serie A,930781,Pio Esposito,Inter Milan,45000000,45.0,2026-05-29,https://www.transfermarkt.co.uk/pio-esposito/profil/spieler/930781,high,1.0,1.0,provider_id_crosswalk,transfermarkt_dataset
1457,H. Mkhitaryan,Henrikh Hamlet Mkhitaryan,Inter,Serie A,55735,Henrikh Mkhitaryan,Inter Milan,3000000,3.0,2026-05-29,https://www.transfermarkt.co.uk/henrikh-mkhitaryan/profil/spieler/55735,high,1.0,1.0,provider_id_crosswalk,transfermarkt_dataset
1640,H. Çalhanoğlu,Hakan Çalhanoğlu,Inter,Serie A,126414,Hakan Çalhanoğlu,Inter Milan,16000000,16.0,2026-05-29,https://www.transfermarkt.co.uk/hakan-calhanoglu/profil/spieler/126414,high,1.0,1.0,provider_id_crosswalk,transfermarkt_dataset
46988,Josep Martínez,Josep Martínez Riera,Inter,Serie A,388516,Josep Martínez,Inter Milan,10000000,10.0,2026-05-29,https://www.transfermarkt.co.uk/josep-martinez/profil/spieler/388516,high,1.0,1.0,provider_id_crosswalk,transfermarkt_dataset
217,Lautaro Martínez,Lautaro Javier Martínez,Inter,Serie A,406625,Lautaro Martínez,Inter Milan,85000000,85.0,2026-05-29,https://www.transfermarkt.co.uk/lautaro-martinez/profil/spieler/406625,high,1.0,1.0,provider_id_crosswalk,transfermarkt_dataset
10077,Luis Henrique,Luis Henrique Tomaz de Lima,Inter,Serie A,691316,Luis Henrique,Inter Milan,22000000,22.0,2026-05-29,https://www.transfermarkt.co.uk/luis-henrique/profil/spieler/691316,high,1.0,1.0,provider_id_crosswalk,transfermarkt_dataset
5,M. Akanji,Manuel Obafemi Akanji,Inter,Serie A,284730,Manuel Akanji,Manchester City,17000000,17.0,2026-05-29,https://www.transfermarkt.co.uk/manuel-akanji/profil/spieler/284730,high,1.0,1.0,provider_id_crosswalk,transfermarkt_dataset
21509,M. Thuram,Marcus Lilian Thuram-Ulien,Inter,Serie A,318528,Marcus Thuram,Inter Milan,50000000,50.0,2026-05-29,https://www.transfermarkt.co.uk/marcus-thuram/profil/spieler/318528,high,1.0,1.0,provider_id_crosswalk,transfermarkt_dataset
30558,N. Barella,Nicolò Barella,Inter,Serie A,255942,Nicolò Barella,Inter Milan,50000000,50.0,2026-05-29,https://www.transfermarkt.co.uk/nicolo-barella/profil/spieler/255942,high,1.0,1.0,provider_id_crosswalk,transfermarkt_dataset
348205,P. Sučić,Petar Sučić,Inter,Serie A,668207,Petar Sučić,Inter Milan,40000000,40.0,2026-05-29,https://www.transfermarkt.co.uk/petar-sucic/profil/spieler/668207,high,1.0,1.0,provider_id_crosswalk,transfermarkt_dataset
329,P. Zieliński,Piotr Sebastian Zieliński,Inter,Serie A,181136,Piotr Zielinski,Inter Milan,10000000,10.0,2026-05-29,https://www.transfermarkt.co.uk/piotr-zielinski/profil/spieler/181136,high,1.0,1.0,provider_id_crosswalk,transfermarkt_dataset
194,S. de Vrij,Stefan de Vrij,Inter,Serie A,111196,Stefan de Vrij,Inter Milan,3000000,3.0,2026-05-29,https://www.transfermarkt.co.uk/stefan-de-vrij/profil/spieler/111196,high,1.0,1.0,provider_id_crosswalk,transfermarkt_dataset
24953,Y. Bisseck,Yann Aurel Ludger Bisseck,Inter,Serie A,441986,Yann Bisseck,Inter Milan,50000000,50.0,2026-05-29,https://www.transfermarkt.co.uk/yann-bisseck/profil/spieler/441986,high,1.0,1.0,provider_id_crosswalk,transfermarkt_dataset
2802,Y. Sommer,Yann Sommer,Inter,Serie A,42205,Yann Sommer,Inter Milan,2000000,2.0,2026-05-29,https://www.transfermarkt.co.uk/yann-sommer/profil/spieler/42205,high,1.0,1.0,provider_id_crosswalk,transfermarkt_dataset
127011,A. Cambiaso,Andrea Cambiaso,Juventus,Serie A,459658,Andrea Cambiaso,Juventus FC,20000000,20.0,2026-05-29,https://www.transfermarkt.co.uk/andrea-cambiaso/profil/spieler/459658,high,1.0,1.0,provider_id_crosswalk,transfermarkt_dataset
30497,Bremer,Gleison Bremer Silva Nascimento,Juventus,Serie A,516716,Bremer,Juventus FC,35000000,35.0,2026-05-29,https://www.transfermarkt.co.uk/bremer/profil/spieler/516716,high,1.0,1.0,provider_id_crosswalk,transfermarkt_dataset
30415,D. Vlahović,Dušan Vlahović,Juventus,Serie A,357498,Dušan Vlahović,Juventus FC,35000000,35.0,2026-05-29,https://www.transfermarkt.co.uk/dusan-vlahovic/profil/spieler/357498,high,1.0,1.0,provider_id_crosswalk,transfermarkt_dataset
48392,E. Zhegrova,Edon Zhegrova,Juventus,Serie A,496857,Edon Zhegrova,Juventus FC,10000000,10.0,2026-05-29,https://www.transfermarkt.co.uk/edon-zhegrova/profil/spieler/496857,high,1.0,1.0,provider_id_crosswalk,transfermarkt_dataset
268341,F. Gatti,Federico Gatti,Juventus,Serie A,509022,Federico Gatti,Juventus FC,14000000,14.0,2026-05-29,https://www.transfermarkt.co.uk/federico-gatti/profil/spieler/509022,high,1.0,1.0,provider_id_crosswalk,transfermarkt_dataset
1821,F. Kostić,Filip Kostić,Juventus,Serie A,161011,Filip Kostić,Juventus FC,2000000,2.0,2026-05-29,https://www.transfermarkt.co.uk/filip-kostic/profil/spieler/161011,high,1.0,1.0,provider_id_crosswalk,transfermarkt_dataset
181808,F. Miretti,Fabio Miretti,Juventus,Serie A,571607,Fabio Miretti,Juventus FC,15000000,15.0,2026-05-29,https://www.transfermarkt.co.uk/fabio-miretti/profil/spieler/571607,high,1.0,1.0,provider_id_crosswalk,transfermarkt_dataset
161585,Francisco Conceição,Francisco Fernandes da Conceição,Juventus,Serie A,487474,Francisco Conceição,Juventus FC,30000000,30.0,2026-05-29,https://www.transfermarkt.co.uk/francisco-conceicao/profil/spieler/487474,high,1.0,1.0,provider_id_crosswalk,transfermarkt_dataset
30531,J. Boga,Jérémie Boga,Juventus,Serie A,216569,Jérémie Boga,Juventus FC,8000000,8.0,2026-05-29,https://www.transfermarkt.co.uk/jeremie-boga/profil/spieler/216569,high,1.0,1.0,provider_id_crosswalk,transfermarkt_dataset
8489,J. David,Jonathan Christian David,Juventus,Serie A,533738,Jonathan David,Juventus FC,30000000,30.0,2026-05-29,https://www.transfermarkt.co.uk/jonathan-david/profil/spieler/533738,high,1.0,1.0,provider_id_crosswalk,transfermarkt_dataset
116,K. Thuram,Khéphren Thuram-Ulien,Juventus,Serie A,463618,Khéphren Thuram,Juventus FC,38000000,38.0,2026-05-29,https://www.transfermarkt.co.uk/khephren-thuram/profil/spieler/463618,high,1.0,1.0,provider_id_crosswalk,transfermarkt_dataset
339883,K. Yıldız,Kenan Yıldız,Juventus,Serie A,845654,Kenan Yıldız,Juventus FC,75000000,75.0,2026-05-29,https://www.transfermarkt.co.uk/kenan-yildiz/profil/spieler/845654,high,1.0,1.0,provider_id_crosswalk,transfermarkt_dataset
19263,L. Kelly,Lloyd Casius Kelly,Juventus,Serie A,480116,Lloyd Kelly,Juventus FC,23000000,23.0,2026-05-29,https://www.transfermarkt.co.uk/lloyd-kelly/profil/spieler/480116,high,1.0,1.0,provider_id_crosswalk,transfermarkt_dataset
86,L. Openda,Ikoma-Loïs Openda,Juventus,Serie A,368887,Loïs Openda,Juventus FC,25000000,25.0,2026-05-29,https://www.transfermarkt.co.uk/lois-openda/profil/spieler/368887,high,1.0,1.0,provider_id_crosswalk,transfermarkt_dataset
30670,M. Di Gregorio,Michele Di Gregorio,Juventus,Serie A,301238,Michele Di Gregorio,Juventus FC,10000000,10.0,2026-05-29,https://www.transfermarkt.co.uk/michele-di-gregorio/profil/spieler/301238,high,1.0,1.0,provider_id_crosswalk,transfermarkt_dataset
30533,M. Locatelli,Manuel Locatelli,Juventus,Serie A,265088,Manuel Locatelli,Juventus FC,25000000,25.0,2026-05-29,https://www.transfermarkt.co.uk/manuel-locatelli/profil/spieler/265088,high,1.0,1.0,provider_id_crosswalk,transfermarkt_dataset
849,M. Perin,Mattia Perin,Juventus,Serie A,110923,Mattia Perin,Juventus FC,2000000,2.0,2026-05-29,https://www.transfermarkt.co.uk/mattia-perin/profil/spieler/110923,high,1.0,1.0,provider_id_crosswalk,transfermarkt_dataset
162188,P. Kalulu,Pierre Kazeye Rommel Kalulu Kyatengwa,Juventus,Serie A,585949,Pierre Kalulu,Juventus FC,32000000,32.0,2026-05-29,https://www.transfermarkt.co.uk/pierre-kalulu/profil/spieler/585949,high,1.0,1.0,provider_id_crosswalk,transfermarkt_dataset
36899,T. Koopmeiners,Teun Koopmeiners,Juventus,Serie A,360518,Teun Koopmeiners,Juventus FC,14000000,14.0,2026-05-29,https://www.transfermarkt.co.uk/teun-koopmeiners/profil/spieler/360518,high,1.0,1.0,provider_id_crosswalk,transfermarkt_dataset
415,W. McKennie,Weston James Earl McKennie,Juventus,Serie A,332697,Weston McKennie,Juventus FC,30000000,30.0,2026-05-29,https://www.transfermarkt.co.uk/weston-mckennie/profil/spieler/332697,high,1.0,1.0,provider_id_crosswalk,transfermarkt_dataset
1844,A. Marušić,Adam Marušić,Lazio,Serie A,239802,Adam Marusic,Società Sportiva Lazio S.p.A.,2500000,2.5,2026-05-29,https://www.transfermarkt.co.uk/adam-marusic/profil/spieler/239802,high,1.0,1.0,provider_id_crosswalk,transfermarkt_dataset
1632,A. Romagnoli,Alessio Romagnoli,Lazio,Serie A,197747,Alessio Romagnoli,Società Sportiva Lazio S.p.A.,6000000,6.0,2026-05-29,https://www.transfermarkt.co.uk/alessio-romagnoli/profil/spieler/197747,high,1.0,1.0,provider_id_crosswalk,transfermarkt_dataset
22015,B. Dia,Boulaye Dia,Lazio,Serie A,626913,Boulaye Dia,Società Sportiva Lazio S.p.A.,5000000,5.0,2026-05-29,https://www.transfermarkt.co.uk/boulaye-dia/profil/spieler/626913,high,1.0,1.0,provider_id_crosswalk,transfermarkt_dataset
1852,D. Cataldi,Danilo Cataldi,Lazio,Serie A,199733,Danilo Cataldi,Società Sportiva Lazio S.p.A.,3500000,3.5,2026-05-29,https://www.transfermarkt.co.uk/danilo-cataldi/profil/spieler/199733,high,1.0,1.0,provider_id_crosswalk,transfermarkt_dataset
134926,D. Maldini,Daniel Maldini,Lazio,Serie A,539134,Daniel Maldini,Società Sportiva Lazio S.p.A.,9000000,9.0,2026-05-29,https://www.transfermarkt.co.uk/daniel-maldini/profil/spieler/539134,high,1.0,1.0,provider_id_crosswalk,transfermarkt_dataset
431413,E. Motta,Edoardo Motta,Lazio,Serie A,916430,Edoardo Motta,Società Sportiva Lazio S.p.A.,8000000,8.0,2026-05-29,https://www.transfermarkt.co.uk/edoardo-motta/profil/spieler/916430,high,1.0,1.0,provider_id_crosswalk,transfermarkt_dataset
144740,F. Dele-Bashiru,Fisayo Dele-Bashiru,Lazio,Serie A,530742,Fisayo Dele-Bashiru,Società Sportiva Lazio S.p.A.,6000000,6.0,2026-05-29,https://www.transfermarkt.co.uk/fisayo-dele-bashiru/profil/spieler/530742,high,1.0,1.0,provider_id_crosswalk,transfermarkt_dataset
135519,G. Isaksen,Gustav Tang Isaksen,Lazio,Serie A,462823,Gustav Isaksen,Società Sportiva Lazio S.p.A.,15000000,15.0,2026-05-29,https://www.transfermarkt.co.uk/gustav-isaksen/profil/spieler/462823,high,1.0,1.0,provider_id_crosswalk,transfermarkt_dataset
31037,I. Provedel,Ivan Provedel,Lazio,Serie A,197929,Ivan Provedel,Società Sportiva Lazio S.p.A.,3000000,3.0,2026-05-29,https://www.transfermarkt.co.uk/ivan-provedel/profil/spieler/197929,high,1.0,1.0,provider_id_crosswalk,transfermarkt_dataset
38749,K. Taylor,Kenneth Taylor,Lazio,Serie A,470394,Kenneth Taylor,Società Sportiva Lazio S.p.A.,25000000,25.0,2026-05-29,https://www.transfermarkt.co.uk/kenneth-taylor/profil/spieler/470394,high,1.0,1.0,provider_id_crosswalk,transfermarkt_dataset
30554,L. Pellegrini,Luca Pellegrini,Lazio,Serie A,346567,Luca Pellegrini,Società Sportiva Lazio S.p.A.,4500000,4.5,2026-05-29,https://www.transfermarkt.co.uk/luca-pellegrini/profil/spieler/346567,high,1.0,1.0,provider_id_crosswalk,transfermarkt_dataset
286474,M. Cancellieri,Matteo Cancellieri,Lazio,Serie A,550106,Matteo Cancellieri,Società Sportiva Lazio S.p.A.,7000000,7.0,2026-05-29,https://www.transfermarkt.co.uk/matteo-cancellieri/profil/spieler/550106,high,1.0,1.0,provider_id_crosswalk,transfermarkt_dataset
1454,M. Guendouzi,Mattéo Elias Kenzo Guendouzi Olié,Lazio,Serie A,465830,Mattéo Guendouzi,Società Sportiva Lazio S.p.A.,27000000,27.0,2026-05-21,https://www.transfermarkt.co.uk/matteo-guendouzi/profil/spieler/465830,high,1.0,1.0,provider_id_crosswalk,transfermarkt_dataset
30866,M. Lazzari,Manuel Lazzari,Lazio,Serie A,331401,Manuel Lazzari,Società Sportiva Lazio S.p.A.,2000000,2.0,2026-05-29,https://www.transfermarkt.co.uk/manuel-lazzari/profil/spieler/331401,high,1.0,1.0,provider_id_crosswalk,transfermarkt_dataset
211,M. Vecino,Matías Vecino Falero,Lazio,Serie A,143812,Matías Vecino,Società Sportiva Lazio S.p.A.,1000000,1.0,2026-06-05,https://www.transfermarkt.co.uk/matias-vecino/profil/spieler/143812,high,1.0,1.0,provider_id_crosswalk,transfermarkt_dataset
30937,M. Zaccagni,Mattia Zaccagni,Lazio,Serie A,283735,Mattia Zaccagni,Società Sportiva Lazio S.p.A.,7500000,7.5,2026-05-29,https://www.transfermarkt.co.uk/mattia-zaccagni/profil/spieler/283735,high,1.0,1.0,provider_id_crosswalk,transfermarkt_dataset
162952,Mario Gila,Mario Gila Fuentes,Lazio,Serie A,618341,Mario Gila,Società Sportiva Lazio S.p.A.,30000000,30.0,2026-05-29,https://www.transfermarkt.co.uk/mario-gila/profil/spieler/618341,high,1.0,1.0,provider_id_crosswalk,transfermarkt_dataset
30784,N. Rovella,Nicolò Rovella,Lazio,Serie A,525704,Nicolò Rovella,Società Sportiva Lazio S.p.A.,23000000,23.0,2026-05-29,https://www.transfermarkt.co.uk/nicolo-rovella/profil/spieler/525704,high,1.0,1.0,provider_id_crosswalk,transfermarkt_dataset
41577,Nuno Tavares,Nuno Albertino Varela Tavares,Lazio,Serie A,535955,Nuno Tavares,Società Sportiva Lazio S.p.A.,12000000,12.0,2026-05-29,https://www.transfermarkt.co.uk/nuno-tavares/profil/spieler/535955,high,1.0,1.0,provider_id_crosswalk,transfermarkt_dataset
350857,O. Provstgaard,Oliver Provstgaard Nielsen,Lazio,Serie A,644408,Oliver Provstgaard,Società Sportiva Lazio S.p.A.,16000000,16.0,2026-05-29,https://www.transfermarkt.co.uk/oliver-provstgaard/profil/spieler/644408,high,1.0,1.0,provider_id_crosswalk,transfermarkt_dataset
1841,Patric,Patricio Gabarrón Gil,Lazio,Serie A,126729,Patric,Società Sportiva Lazio S.p.A.,1500000,1.5,2026-05-29,https://www.transfermarkt.co.uk/patric/profil/spieler/126729,high,1.0,1.0,provider_id_crosswalk,transfermarkt_dataset
2299,Pedro,Pedro Eliezer Rodríguez Ledesma,Lazio,Serie A,65278,Pedro,Società Sportiva Lazio S.p.A.,1000000,1.0,2026-05-29,https://www.transfermarkt.co.uk/pedro/profil/spieler/65278,high,1.0,1.0,provider_id_crosswalk,transfermarkt_dataset
333116,R. Belahyane,Reda Belahyane,Lazio,Serie A,982855,Reda Belahyane,Società Sportiva Lazio S.p.A.,6800000,6.8,2026-05-29,https://www.transfermarkt.co.uk/reda-belahyane/profil/spieler/982855,high,1.0,1.0,provider_id_crosswalk,transfermarkt_dataset
1266,T. Bašić,Toma Bašić,Lazio,Serie A,334835,Toma Bašić,Società Sportiva Lazio S.p.A.,3000000,3.0,2026-05-29,https://www.transfermarkt.co.uk/toma-basic/profil/spieler/334835,high,1.0,1.0,provider_id_crosswalk,transfermarkt_dataset
133729,T. Noslin,Tijjani Noslin,Lazio,Serie A,457736,Tijjani Noslin,Società Sportiva Lazio S.p.A.,8000000,8.0,2026-05-29,https://www.transfermarkt.co.uk/tijjani-noslin/profil/spieler/457736,high,1.0,1.0,provider_id_crosswalk,transfermarkt_dataset
50856,V. Castellanos,Valentín Mariano José Castellanos Giménez,Lazio,Serie A,522784,Taty Castellanos,West Ham United,28000000,28.0,2026-06-03,https://www.transfermarkt.co.uk/taty-castellanos/profil/spieler/522784,high,1.0,1.0,provider_id_crosswalk,transfermarkt_dataset
31543,A. Gallo,Antonino Gallo,Lecce,Serie A,392516,Antonino Gallo,US Lecce,3500000,3.5,2026-05-29,https://www.transfermarkt.co.uk/antonino-gallo/profil/spieler/392516,high,1.0,1.0,provider_id_crosswalk,transfermarkt_dataset
19738,C. Ndaba,Corrie Richard Ndaba,Lecce,Serie A,433329,Corrie Ndaba,US Lecce,900000,0.9,2026-05-29,https://www.transfermarkt.co.uk/corrie-ndaba/profil/spieler/433329,high,1.0,1.0,provider_id_crosswalk,transfermarkt_dataset
161702,Danilo Veiga,Danilo Filipe Melo Veiga,Lecce,Serie A,728485,Danilo Veiga,US Lecce,2500000,2.5,2026-05-29,https://www.transfermarkt.co.uk/danilo-veiga/profil/spieler/728485,high,1.0,1.0,provider_id_crosswalk,transfermarkt_dataset
436260,F. Camarda,Francesco Camarda,Lecce,Serie A,1058368,Francesco Camarda,US Lecce,15000000,15.0,2026-05-29,https://www.transfermarkt.co.uk/francesco-camarda/profil/spieler/1058368,high,1.0,1.0,provider_id_crosswalk,transfermarkt_dataset
203219,J. Siebert,Jamil Siebert,Lecce,Serie A,604113,Jamil Siebert,US Lecce,4500000,4.5,2026-05-29,https://www.transfermarkt.co.uk/jamil-siebert/profil/spieler/604113,high,1.0,1.0,provider_id_crosswalk,transfermarkt_dataset
8643,K. N’Dri,Konan Ignace Jocelyn N’Dri,Lecce,Serie A,649490,Konan N’Dri,US Lecce,1500000,1.5,2026-05-29,https://www.transfermarkt.co.uk/konan-ndri/profil/spieler/649490,high,0.9081,0.3941,name_club_age,transfermarkt_dataset
291589,Kialonda Gaspar,Esmevânio Kialonda Gaspar,Lecce,Serie A,836441,Gaspar,US Lecce,3000000,3.0,2026-05-29,https://www.transfermarkt.co.uk/gaspar/profil/spieler/836441,high,1.0,1.0,provider_id_crosswalk,transfermarkt_dataset
118956,L. Banda,Lameck Banda,Lecce,Serie A,545538,Lameck Banda,US Lecce,3500000,3.5,2026-05-29,https://www.transfermarkt.co.uk/lameck-banda/profil/spieler/545538,high,1.0,1.0,provider_id_crosswalk,transfermarkt_dataset
1748,L. Coulibaly,Lassana Coulibaly,Lecce,Serie A,386552,Lassana Coulibaly,US Lecce,2200000,2.2,2026-05-29,https://www.transfermarkt.co.uk/lassana-coulibaly/profil/spieler/386552,high,1.0,1.0,provider_id_crosswalk,transfermarkt_dataset
335071,M. Berisha,Medon Berisha,Lecce,Serie A,583046,Medon Berisha,US Lecce,5000000,5.0,2026-05-29,https://www.transfermarkt.co.uk/medon-berisha/profil/spieler/583046,high,1.0,1.0,provider_id_crosswalk,transfermarkt_dataset
264122,N. Štulić,Nikola Štulić,Lecce,Serie A,595650,Nikola Stulic,US Lecce,3500000,3.5,2026-05-29,https://www.transfermarkt.co.uk/nikola-stulic/profil/spieler/595650,high,1.0,1.0,provider_id_crosswalk,transfermarkt_dataset
126974,O. Gandelman,Omri Gandelman,Lecce,Serie A,780548,Omri Gandelman,US Lecce,3000000,3.0,2026-05-29,https://www.transfermarkt.co.uk/omri-gandelman/profil/spieler/780548,high,1.0,1.0,provider_id_crosswalk,transfermarkt_dataset
334925,O. Ngom,Oumar Ngom,Lecce,Serie A,980575,Oumar Ngom,US Lecce,3000000,3.0,2026-05-29,https://www.transfermarkt.co.uk/oumar-ngom/profil/spieler/980575,high,0.9792,0.5263,name_club_age,transfermarkt_dataset
31507,R. Sottil,Riccardo Sottil,Lecce,Serie A,386455,Riccardo Sottil,US Lecce,3000000,3.0,2026-05-29,https://www.transfermarkt.co.uk/riccardo-sottil/profil/spieler/386455,high,1.0,1.0,provider_id_crosswalk,transfermarkt_dataset
6662,S. Pierotti,Santiago Daniel Pierotti,Lecce,Serie A,674806,Santiago Pierotti,US Lecce,4000000,4.0,2026-05-29,https://www.transfermarkt.co.uk/santiago-pierotti/profil/spieler/674806,high,1.0,1.0,provider_id_crosswalk,transfermarkt_dataset
455316,Tiago Gabriel,Tiago Gabriel Coelho Oliveira,Lecce,Serie A,1112449,Tiago Gabriel,US Lecce,15000000,15.0,2026-05-29,https://www.transfermarkt.co.uk/tiago-gabriel/profil/spieler/1112449,high,1.0,1.0,provider_id_crosswalk,transfermarkt_dataset
128478,W. Cheddira,Walid Cheddira,Lecce,Serie A,521407,Walid Cheddira,SSC Napoli,2000000,2.0,2026-05-29,https://www.transfermarkt.co.uk/walid-cheddira/profil/spieler/521407,high,1.0,1.0,provider_id_crosswalk,transfermarkt_dataset
56459,W. Falcone,Wladimiro Falcone,Lecce,Serie A,238537,Wladimiro Falcone,US Lecce,3500000,3.5,2026-05-29,https://www.transfermarkt.co.uk/wladimiro-falcone/profil/spieler/238537,high,1.0,1.0,provider_id_crosswalk,transfermarkt_dataset
56560,Y. Maleh,Youssef Maleh,Lecce,Serie A,324377,Youssef Maleh,US Lecce,1500000,1.5,2026-05-29,https://www.transfermarkt.co.uk/youssef-maleh/profil/spieler/324377,high,1.0,1.0,provider_id_crosswalk,transfermarkt_dataset
15673,Y. Ramadani,Ylber Ramadani,Lecce,Serie A,442703,Ylber Ramadani,US Lecce,1800000,1.8,2026-05-29,https://www.transfermarkt.co.uk/ylber-ramadani/profil/spieler/442703,high,1.0,1.0,provider_id_crosswalk,transfermarkt_dataset
31226,A. Buongiorno,Alessandro Buongiorno,Napoli,Serie A,386446,Alessandro Buongiorno,SSC Napoli,30000000,30.0,2026-05-29,https://www.transfermarkt.co.uk/alessandro-buongiorno/profil/spieler/386446,high,1.0,1.0,provider_id_crosswalk,transfermarkt_dataset
312,A. Meret,Alex Meret,Napoli,Serie A,240414,Alex Meret,SSC Napoli,8000000,8.0,2026-05-29,https://www.transfermarkt.co.uk/alex-meret/profil/spieler/240414,high,1.0,1.0,provider_id_crosswalk,transfermarkt_dataset
347395,A. Vergara,Antonio Vergara,Napoli,Serie A,703245,Antonio Vergara,SSC Napoli,15000000,15.0,2026-05-29,https://www.transfermarkt.co.uk/antonio-vergara/profil/spieler/703245,high,1.0,1.0,provider_id_crosswalk,transfermarkt_dataset
3406,A. Zambo Anguissa,André-Frank Zambo Anguissa,Napoli,Serie A,354361,Frank Anguissa,SSC Napoli,15000000,15.0,2026-05-29,https://www.transfermarkt.co.uk/frank-anguissa/profil/spieler/354361,high,1.0,1.0,provider_id_crosswalk,transfermarkt_dataset
31219,A. Zerbin,Alessio Zerbin,Napoli,Serie A,433584,Alessio Zerbin,US Cremonese,2000000,2.0,2026-05-29,https://www.transfermarkt.co.uk/alessio-zerbin/profil/spieler/433584,high,1.0,1.0,provider_id_crosswalk,transfermarkt_dataset
310943,Alisson Santos,Alisson de Almeida Santos,Napoli,Serie A,830365,Alisson Santos,SSC Napoli,28000000,28.0,2026-05-29,https://www.transfermarkt.co.uk/alisson-santos/profil/spieler/830365,high,1.0,1.0,provider_id_crosswalk,transfermarkt_dataset
1314,Amir Rrahmani,Amir Rrahmani,Napoli,Serie A,257732,Amir Rrahmani,SSC Napoli,10000000,10.0,2026-05-29,https://www.transfermarkt.co.uk/amir-rrahmani/profil/spieler/257732,high,1.0,1.0,provider_id_crosswalk,transfermarkt_dataset
130423,B. Gilmour,Billy Clifford Gilmour,Napoli,Serie A,423744,Billy Gilmour,SSC Napoli,20000000,20.0,2026-05-29,https://www.transfermarkt.co.uk/billy-gilmour/profil/spieler/423744,high,1.0,1.0,provider_id_crosswalk,transfermarkt_dataset
552,David Neres,David Neres Campos,Napoli,Serie A,469822,David Neres,SSC Napoli,23000000,23.0,2026-05-29,https://www.transfermarkt.co.uk/david-neres/profil/spieler/469822,high,1.0,1.0,provider_id_crosswalk,transfermarkt_dataset
1358,E. Elmas,Eljif Elmas,Napoli,Serie A,400489,Eljif Elmas,SSC Napoli,13000000,13.0,2026-05-29,https://www.transfermarkt.co.uk/eljif-elmas/profil/spieler/400489,high,1.0,1.0,provider_id_crosswalk,transfermarkt_dataset
31042,G. Di Lorenzo,Giovanni Di Lorenzo,Napoli,Serie A,169880,Giovanni Di Lorenzo,SSC Napoli,7500000,7.5,2026-05-29,https://www.transfermarkt.co.uk/giovanni-di-lorenzo/profil/spieler/169880,high,1.0,1.0,provider_id_crosswalk,transfermarkt_dataset
774,Juan Jesus,Juan Guilherme Nunes Jesus,Napoli,Serie A,121985,Juan Jesus,SSC Napoli,1500000,1.5,2026-05-29,https://www.transfermarkt.co.uk/juan-jesus/profil/spieler/121985,high,1.0,1.0,provider_id_crosswalk,transfermarkt_dataset
629,K. De Bruyne,Kevin De Bruyne,Napoli,Serie A,88755,Kevin De Bruyne,SSC Napoli,8000000,8.0,2026-05-29,https://www.transfermarkt.co.uk/kevin-de-bruyne/profil/spieler/88755,high,1.0,1.0,provider_id_crosswalk,transfermarkt_dataset
199089,L. Lucca,Lorenzo Lucca,Napoli,Serie A,572265,Lorenzo Lucca,SSC Napoli,20000000,20.0,2026-06-03,https://www.transfermarkt.co.uk/lorenzo-lucca/profil/spieler/572265,high,1.0,1.0,provider_id_crosswalk,transfermarkt_dataset
862,L. Spinazzola,Leonardo Spinazzola,Napoli,Serie A,118689,Leonardo Spinazzola,SSC Napoli,3500000,3.5,2026-05-29,https://www.transfermarkt.co.uk/leonardo-spinazzola/profil/spieler/118689,high,1.0,1.0,provider_id_crosswalk,transfermarkt_dataset
47254,M. Olivera,Mathías Olivera Miramontes,Napoli,Serie A,376514,Mathías Olivera,SSC Napoli,15000000,15.0,2026-05-29,https://www.transfermarkt.co.uk/mathias-olivera/profil/spieler/376514,high,1.0,1.0,provider_id_crosswalk,transfermarkt_dataset
219,M. Politano,Matteo Politano,Napoli,Serie A,165895,Matteo Politano,SSC Napoli,5000000,5.0,2026-05-29,https://www.transfermarkt.co.uk/matteo-politano/profil/spieler/165895,high,1.0,1.0,provider_id_crosswalk,transfermarkt_dataset
162032,Miguel Gutiérrez,Miguel Gutiérrez Ortega,Napoli,Serie A,525299,Miguel Gutiérrez,SSC Napoli,22000000,22.0,2026-05-29,https://www.transfermarkt.co.uk/miguel-gutierrez/profil/spieler/525299,high,1.0,1.0,provider_id_crosswalk,transfermarkt_dataset
544,N. Lang,Noa Noëll Lang,Napoli,Serie A,339332,Noa Lang,SSC Napoli,22000000,22.0,2026-05-21,https://www.transfermarkt.co.uk/noa-lang/profil/spieler/339332,high,1.0,1.0,provider_id_crosswalk,transfermarkt_dataset
31390,P. Mazzocchi,Pasquale Mazzocchi,Napoli,Serie A,250153,Pasquale Mazzocchi,SSC Napoli,1500000,1.5,2026-05-29,https://www.transfermarkt.co.uk/pasquale-mazzocchi/profil/spieler/250153,high,1.0,1.0,provider_id_crosswalk,transfermarkt_dataset
288006,R. Højlund,Rasmus Winther Højlund,Napoli,Serie A,610442,Rasmus Højlund,SSC Napoli,60000000,60.0,2026-05-29,https://www.transfermarkt.co.uk/rasmus-hojlund/profil/spieler/610442,high,1.0,1.0,provider_id_crosswalk,transfermarkt_dataset
37604,S. Beukema,Sam Beukema,Napoli,Serie A,433984,Sam Beukema,SSC Napoli,22000000,22.0,2026-05-29,https://www.transfermarkt.co.uk/sam-beukema/profil/spieler/433984,high,1.0,1.0,provider_id_crosswalk,transfermarkt_dataset
47439,S. Lobotka,Stanislav Lobotka,Napoli,Serie A,192735,Stanislav Lobotka,SSC Napoli,10000000,10.0,2026-05-29,https://www.transfermarkt.co.uk/stanislav-lobotka/profil/spieler/192735,high,1.0,1.0,provider_id_crosswalk,transfermarkt_dataset
903,S. McTominay,Scott Francis McTominay,Napoli,Serie A,315969,Scott McTominay,SSC Napoli,40000000,40.0,2026-05-29,https://www.transfermarkt.co.uk/scott-mctominay/profil/spieler/315969,high,1.0,1.0,provider_id_crosswalk,transfermarkt_dataset
31156,V. Milinković-Savić,Vanja Milinković-Savić,Napoli,Serie A,257474,Vanja Milinković-Savić,SSC Napoli,20000000,20.0,2026-05-29,https://www.transfermarkt.co.uk/vanja-milinkovic-savic/profil/spieler/257474,high,1.0,1.0,provider_id_crosswalk,transfermarkt_dataset
40592,A. Benedyczak,Adrian Dawid Benedyczak,Parma,Serie A,454386,Adrian Benedyczak,Kasimpasa,5000000,5.0,2026-05-21,https://www.transfermarkt.co.uk/adrian-benedyczak/profil/spieler/454386,high,1.0,1.0,provider_id_crosswalk,transfermarkt_dataset
348568,A. Circati,Alessandro Circati,Parma,Serie A,867137,Alessandro Circati,Parma Calcio 1913,12000000,12.0,2026-05-29,https://www.transfermarkt.co.uk/alessandro-circati/profil/spieler/867137,high,1.0,1.0,provider_id_crosswalk,transfermarkt_dataset
203483,A. N&apos;Diaye,Abdoulaye Niakhate N'Diaye,Parma,Serie A,673514,Abdoulaye Ndiaye,Parma Calcio 1913,6000000,6.0,2026-05-29,https://www.transfermarkt.co.uk/abdoulaye-ndiaye/profil/spieler/673514,high,1.0,1.0,provider_id_crosswalk,transfermarkt_dataset
628,Adrián Bernabé,Adrián Bernabé García,Parma,Serie A,466802,Adrián Bernabé,Parma Calcio 1913,15000000,15.0,2026-05-29,https://www.transfermarkt.co.uk/adrian-bernabe/profil/spieler/466802,high,1.0,1.0,provider_id_crosswalk,transfermarkt_dataset
362752,C. Ordoñez,Christian Nahuel Ordoñez,Parma,Serie A,1043646,Christian Ordóñez,Parma Calcio 1913,6500000,6.5,2026-05-29,https://www.transfermarkt.co.uk/christian-ordonez/profil/spieler/1043646,high,1.0,1.0,provider_id_crosswalk,transfermarkt_dataset
180762,E. Corvi,Edoardo Corvi,Parma,Serie A,528181,Edoardo Corvi,Parma Calcio 1913,1500000,1.5,2026-05-29,https://www.transfermarkt.co.uk/edoardo-corvi/profil/spieler/528181,high,1.0,1.0,provider_id_crosswalk,transfermarkt_dataset
30420,E. Del Prato,Enrico Del Prato,Parma,Serie A,392956,Enrico Delprato,Parma Calcio 1913,6000000,6.0,2026-05-29,https://www.transfermarkt.co.uk/enrico-delprato/profil/spieler/392956,high,1.0,1.0,provider_id_crosswalk,transfermarkt_dataset
91358,E. Valeri,Emanuele Valeri,Parma,Serie A,445126,Emanuele Valeri,Parma Calcio 1913,3000000,3.0,2026-05-29,https://www.transfermarkt.co.uk/emanuele-valeri/profil/spieler/445126,high,1.0,1.0,provider_id_crosswalk,transfermarkt_dataset
161859,G. Oristanio,Gaetano Pio Oristanio,Parma,Serie A,613393,Gaetano Oristanio,Parma Calcio 1913,5000000,5.0,2026-05-29,https://www.transfermarkt.co.uk/gaetano-oristanio/profil/spieler/613393,high,1.0,1.0,provider_id_crosswalk,transfermarkt_dataset
31624,Gabriel Strefezza,Gabriel Tadeu Strefezza Rebelato,Parma,Serie A,457673,Gabriel Strefezza,Olympiakos Syndesmos Filathlon Peiraios,6500000,6.5,2026-05-29,https://www.transfermarkt.co.uk/gabriel-strefezza/profil/spieler/457673,medium,0.8964,0.8964,name_club_age,transfermarkt_dataset
191979,J. Ondrejka,Jacob Axel Per Ondrejka,Parma,Serie A,663237,Jacob Ondrejka,Parma Calcio 1913,5500000,5.5,2026-05-29,https://www.transfermarkt.co.uk/jacob-ondrejka/profil/spieler/663237,high,1.0,1.0,provider_id_crosswalk,transfermarkt_dataset
6221,L. Valenti,Lautaro Rodrigo Valenti,Parma,Serie A,625202,Lautaro Valenti,Parma Calcio 1913,2000000,2.0,2026-05-29,https://www.transfermarkt.co.uk/lautaro-valenti/profil/spieler/625202,high,1.0,1.0,provider_id_crosswalk,transfermarkt_dataset
308836,M. Keita,Lamine Mandela Keita,Parma,Serie A,707844,Mandela Keita,Parma Calcio 1913,20000000,20.0,2026-05-29,https://www.transfermarkt.co.uk/mandela-keita/profil/spieler/707844,high,1.0,1.0,provider_id_crosswalk,transfermarkt_dataset
323369,M. Løvik,Mathias Johan Fjørtoft Løvik,Parma,Serie A,661212,Mathias Løvik,Trabzonspor,4000000,4.0,2026-05-21,https://www.transfermarkt.co.uk/mathias-lovik/profil/spieler/661212,high,1.0,1.0,provider_id_crosswalk,transfermarkt_dataset
428237,M. Troilo,Mariano Troilo,Parma,Serie A,1159864,Mariano Troilo,Parma Calcio 1913,10000000,10.0,2026-05-29,https://www.transfermarkt.co.uk/mariano-troilo/profil/spieler/1159864,high,1.0,1.0,provider_id_crosswalk,transfermarkt_dataset
292172,Mateo Pellegrino,Mateo Pellegrino Casalánguida,Parma,Serie A,856530,Mateo Pellegrino,Parma Calcio 1913,15000000,15.0,2026-05-29,https://www.transfermarkt.co.uk/mateo-pellegrino/profil/spieler/856530,high,1.0,1.0,provider_id_crosswalk,transfermarkt_dataset
301924,N. Elphege,Nesta Elphege,Parma,Serie A,862606,Nesta Elphege,Parma Calcio 1913,4000000,4.0,2026-05-29,https://www.transfermarkt.co.uk/nesta-elphege/profil/spieler/862606,high,1.0,1.0,provider_id_crosswalk,transfermarkt_dataset
6409,N. Estévez,Nahuel Estévez Álvarez,Parma,Serie A,552472,Nahuel Estévez,Parma Calcio 1913,1400000,1.4,2026-05-29,https://www.transfermarkt.co.uk/nahuel-estevez/profil/spieler/552472,medium,0.8813,0.2973,name_club_age,transfermarkt_dataset
161569,O. Sørensen,Oliver Sørensen Jensen,Parma,Serie A,514888,Oliver Sørensen,FC Midtjylland,6500000,6.5,2026-05-29,https://www.transfermarkt.co.uk/oliver-sorensen/profil/spieler/514888,high,1.0,1.0,provider_id_crosswalk,transfermarkt_dataset
48193,P. Almqvist,Pontus Skule Erik Almqvist,Parma,Serie A,300532,Pontus Almqvist,Parma Calcio 1913,1800000,1.8,2026-05-29,https://www.transfermarkt.co.uk/pontus-almqvist/profil/spieler/300532,high,1.0,1.0,provider_id_crosswalk,transfermarkt_dataset
1649,P. Cutrone,Patrick Cutrone,Parma,Serie A,265078,Patrick Cutrone,Como 1907,5000000,5.0,2025-12-23,https://www.transfermarkt.co.uk/patrick-cutrone/profil/spieler/265078,high,1.0,1.0,provider_id_crosswalk,transfermarkt_dataset
499380,S. Britschgi,Sascha Britschgi,Parma,Serie A,932187,Sascha Britschgi,FC Luzern,10000000,10.0,2026-05-29,https://www.transfermarkt.co.uk/sascha-britschgi/profil/spieler/932187,high,1.0,1.0,provider_id_crosswalk,transfermarkt_dataset
199578,Z. Suzuki,Zion Suzuki,Parma,Serie A,432298,Zion Suzuki,Parma Calcio 1913,20000000,20.0,2026-05-29,https://www.transfermarkt.co.uk/zion-suzuki/profil/spieler/432298,high,1.0,1.0,provider_id_crosswalk,transfermarkt_dataset
30469,A. Calabresi,Arturo Calabresi,Pisa,Serie A,240897,Arturo Calabresi,Pisa Sporting Club,800000,0.8,2026-05-29,https://www.transfermarkt.co.uk/arturo-calabresi/profil/spieler/240897,high,1.0,1.0,provider_id_crosswalk,transfermarkt_dataset
31604,A. Caracciolo,Antonio Aldo Caracciolo,Pisa,Serie A,149525,Antonio Caracciolo,Pisa Sporting Club,800000,0.8,2026-05-29,https://www.transfermarkt.co.uk/antonio-caracciolo/profil/spieler/149525,high,1.0,1.0,provider_id_crosswalk,transfermarkt_dataset
30733,A. Šemper,Adrian Šemper,Pisa,Serie A,317057,Adrian Semper,Pisa Sporting Club,1800000,1.8,2026-05-29,https://www.transfermarkt.co.uk/adrian-semper/profil/spieler/317057,high,1.0,1.0,provider_id_crosswalk,transfermarkt_dataset
408635,E. Akinsanmiro,Ebenezer Akinsanmiro,Pisa,Serie A,969192,Ebenezer Akinsanmiro,Pisa Sporting Club,7000000,7.0,2026-05-29,https://www.transfermarkt.co.uk/ebenezer-akinsanmiro/profil/spieler/969192,high,1.0,1.0,provider_id_crosswalk,transfermarkt_dataset
419603,F. Coppola,Francesco Coppola,Pisa,Serie A,925838,Francesco Coppola,Pisa Sporting Club,3500000,3.5,2026-05-29,https://www.transfermarkt.co.uk/francesco-coppola/profil/spieler/925838,high,1.0,1.0,provider_id_crosswalk,transfermarkt_dataset
298165,F. Loyola,Felipe Ignacio Loyola Olea,Pisa,Serie A,843286,Felipe Loyola,Pisa Sporting Club,7000000,7.0,2026-05-29,https://www.transfermarkt.co.uk/felipe-loyola/profil/spieler/843286,high,1.0,1.0,provider_id_crosswalk,transfermarkt_dataset
123476,F. Stojilković,Filip Stojilković,Pisa,Serie A,464195,Filip Stojilkovic,Cracovia,2500000,2.5,2026-05-29,https://www.transfermarkt.co.uk/filip-stojilkovic/profil/spieler/464195,high,1.0,1.0,provider_id_crosswalk,transfermarkt_dataset
341838,G. Bonfanti,Giovanni Bonfanti,Pisa,Serie A,663900,Giovanni Bonfanti,Pisa Sporting Club,1000000,1.0,2024-06-05,https://www.transfermarkt.co.uk/giovanni-bonfanti/profil/spieler/663900,high,1.0,1.0,provider_id_crosswalk,transfermarkt_dataset
325387,G. Piccinini,Gabriele Piccinini,Pisa,Serie A,628365,Gabriele Piccinini,Pisa Sporting Club,3000000,3.0,2026-05-29,https://www.transfermarkt.co.uk/gabriele-piccinini/profil/spieler/628365,high,0.9427,0.2801,name_club_age,transfermarkt_dataset
331678,H. Meister,Henrik Wendel Meister,Pisa,Serie A,914934,Henrik Meister,Pisa Sporting Club,3800000,3.8,2026-05-29,https://www.transfermarkt.co.uk/henrik-meister/profil/spieler/914934,high,1.0,1.0,provider_id_crosswalk,transfermarkt_dataset
56293,I. Touré,Idrissa Touré,Pisa,Serie A,335516,Idrissa Touré,Pisa Sporting Club,5000000,5.0,2026-05-29,https://www.transfermarkt.co.uk/idrissa-toure/profil/spieler/335516,high,1.0,1.0,provider_id_crosswalk,transfermarkt_dataset
866,J. Cuadrado,Juan Guillermo Cuadrado Bello,Pisa,Serie A,91970,Juan Cuadrado,Pisa Sporting Club,800000,0.8,2026-05-29,https://www.transfermarkt.co.uk/juan-cuadrado/profil/spieler/91970,high,1.0,1.0,provider_id_crosswalk,transfermarkt_dataset
31318,M&apos;Bala Nzola,M'Bala Nzola,Pisa,Serie A,354814,M'Bala Nzola,US Sassuolo,4000000,4.0,2026-05-29,https://www.transfermarkt.co.uk/mbala-nzola/profil/spieler/354814,high,0.934,0.934,name_club_age,transfermarkt_dataset
951,M. Aebischer,Michel Aebischer,Pisa,Serie A,237658,Michel Aebischer,Pisa Sporting Club,4000000,4.0,2026-05-29,https://www.transfermarkt.co.uk/michel-aebischer/profil/spieler/237658,high,1.0,1.0,provider_id_crosswalk,transfermarkt_dataset
15723,M. Højholt,Malthe Højholt,Pisa,Serie A,543822,Malthe Højholt,Pisa Sporting Club,1200000,1.2,2026-05-29,https://www.transfermarkt.co.uk/malthe-hojholt/profil/spieler/543822,high,1.0,1.0,provider_id_crosswalk,transfermarkt_dataset
30753,M. Léris,Mehdi Pascal Marcel Léris,Pisa,Serie A,348601,Mehdi Léris,Pisa Sporting Club,1800000,1.8,2026-05-29,https://www.transfermarkt.co.uk/mehdi-leris/profil/spieler/348601,high,1.0,1.0,provider_id_crosswalk,transfermarkt_dataset
30723,M. Marin,Marius Mihai Marin,Pisa,Serie A,379163,Marius Marin,Pisa Sporting Club,2800000,2.8,2026-05-29,https://www.transfermarkt.co.uk/marius-marin/profil/spieler/379163,high,1.0,1.0,provider_id_crosswalk,transfermarkt_dataset
20959,M. Tramoni,Mattéo Tramoni,Pisa,Serie A,475410,Matteo Tramoni,Pisa Sporting Club,4500000,4.5,2026-05-29,https://www.transfermarkt.co.uk/matteo-tramoni/profil/spieler/475410,high,1.0,1.0,provider_id_crosswalk,transfermarkt_dataset
30792,Nícolas,Nícolas David Andrade,Pisa,Serie A,99523,Nícolas,Pisa Sporting Club,100000,0.1,2026-05-29,https://www.transfermarkt.co.uk/nicolas/profil/spieler/99523,high,1.0,1.0,provider_id_crosswalk,transfermarkt_dataset
342310,R. Bozhinov,Rosen Petkov Bozhinov,Pisa,Serie A,877124,Rosen Bozhinov,Royal Antwerp FC,4000000,4.0,2026-05-29,https://www.transfermarkt.co.uk/rosen-bozhinov/profil/spieler/877124,high,1.0,1.0,provider_id_crosswalk,transfermarkt_dataset
341226,R. Durosinmi,Rafiu Adekunle Durosinmi,Pisa,Serie A,935760,Rafiu Durosinmi,Pisa Sporting Club,7000000,7.0,2026-05-29,https://www.transfermarkt.co.uk/rafiu-durosinmi/profil/spieler/935760,high,1.0,1.0,provider_id_crosswalk,transfermarkt_dataset
314,Raúl Albiol,Raúl Albiol i Tortajada,Pisa,Serie A,15452,Raúl Albiol,Pisa Sporting Club,700000,0.7,2026-05-29,https://www.transfermarkt.co.uk/raul-albiol/profil/spieler/15452,high,1.0,1.0,provider_id_crosswalk,transfermarkt_dataset
302069,S. Angori,Samuele Angori,Pisa,Serie A,705063,Samuele Angori,Pisa Sporting Club,4500000,4.5,2026-05-29,https://www.transfermarkt.co.uk/samuele-angori/profil/spieler/705063,high,1.0,1.0,provider_id_crosswalk,transfermarkt_dataset
91503,S. Canestrelli,Simone Canestrelli,Pisa,Serie A,358003,Simone Canestrelli,Pisa Sporting Club,4500000,4.5,2026-05-29,https://www.transfermarkt.co.uk/simone-canestrelli/profil/spieler/358003,high,1.0,1.0,provider_id_crosswalk,transfermarkt_dataset
31560,S. Moreo,Stefano Moreo,Pisa,Serie A,279823,Stefano Moreo,Pisa Sporting Club,1200000,1.2,2026-05-29,https://www.transfermarkt.co.uk/stefano-moreo/profil/spieler/279823,high,1.0,1.0,provider_id_crosswalk,transfermarkt_dataset
50054,S. Scuffet,Simone Scuffet,Pisa,Serie A,238993,Simone Scuffet,Pisa Sporting Club,900000,0.9,2026-05-29,https://www.transfermarkt.co.uk/simone-scuffet/profil/spieler/238993,high,1.0,1.0,provider_id_crosswalk,transfermarkt_dataset
364600,İ. Vural,İsak Vural,Pisa,Serie A,989621,İsak Vural,Pisa Sporting Club,5000000,5.0,2026-05-29,https://www.transfermarkt.co.uk/isak-vural/profil/spieler/989621,high,1.0,1.0,provider_id_crosswalk,transfermarkt_dataset
263699,A. Fadera,Alieu Fadera,Sassuolo,Serie A,749552,Alieu Fadera,US Sassuolo,4500000,4.5,2026-05-29,https://www.transfermarkt.co.uk/alieu-fadera/profil/spieler/749552,high,1.0,1.0,provider_id_crosswalk,transfermarkt_dataset
2215,A. Laurienté,Armand Laurienté,Sassuolo,Serie A,579930,Armand Laurienté,US Sassuolo,19000000,19.0,2026-05-29,https://www.transfermarkt.co.uk/armand-lauriente/profil/spieler/579930,high,1.0,1.0,provider_id_crosswalk,transfermarkt_dataset
616,A. Murić,Arijanet Murić,Sassuolo,Serie A,371021,Arijanet Murić,US Sassuolo,7500000,7.5,2026-05-29,https://www.transfermarkt.co.uk/arijanet-muric/profil/spieler/371021,high,1.0,1.0,provider_id_crosswalk,transfermarkt_dataset
31094,A. Pinamonti,Andrea Pinamonti,Sassuolo,Serie A,315865,Andrea Pinamonti,US Sassuolo,15000000,15.0,2026-05-29,https://www.transfermarkt.co.uk/andrea-pinamonti/profil/spieler/315865,high,1.0,1.0,provider_id_crosswalk,transfermarkt_dataset
127413,A. Vranckx,Aster Jan Vranckx,Sassuolo,Serie A,503881,Aster Vranckx,US Sassuolo,5000000,5.0,2026-05-29,https://www.transfermarkt.co.uk/aster-vranckx/profil/spieler/503881,high,1.0,1.0,provider_id_crosswalk,transfermarkt_dataset
342035,C. Volpato,Cristian Volpato,Sassuolo,Serie A,746891,Cristian Volpato,US Sassuolo,10000000,10.0,2026-05-29,https://www.transfermarkt.co.uk/cristian-volpato/profil/spieler/746891,high,1.0,1.0,provider_id_crosswalk,transfermarkt_dataset
30537,D. Berardi,Domenico Berardi,Sassuolo,Serie A,177843,Domenico Berardi,US Sassuolo,7000000,7.0,2026-05-29,https://www.transfermarkt.co.uk/domenico-berardi/profil/spieler/177843,high,1.0,1.0,provider_id_crosswalk,transfermarkt_dataset
30556,F. Romagna,Filippo Romagna,Sassuolo,Serie A,256678,Filippo Romagna,US Sassuolo,800000,0.8,2026-05-29,https://www.transfermarkt.co.uk/filippo-romagna/profil/spieler/256678,high,1.0,1.0,provider_id_crosswalk,transfermarkt_dataset
41371,Fali Candé,Fali Candé,Sassuolo,Serie A,520530,Fali Candé,US Sassuolo,3000000,3.0,2026-05-29,https://www.transfermarkt.co.uk/fali-cande/profil/spieler/520530,high,1.0,1.0,provider_id_crosswalk,transfermarkt_dataset
328046,I. Koné,Ismaël Kenneth Jordan Koné,Sassuolo,Serie A,921655,Ismaël Koné,US Sassuolo,25000000,25.0,2026-05-29,https://www.transfermarkt.co.uk/ismael-kone/profil/spieler/921655,high,1.0,1.0,provider_id_crosswalk,transfermarkt_dataset
135526,J. Doig,Josh Thomas Doig,Sassuolo,Serie A,567129,Josh Doig,US Sassuolo,4500000,4.5,2026-05-29,https://www.transfermarkt.co.uk/josh-doig/profil/spieler/567129,high,1.0,1.0,provider_id_crosswalk,transfermarkt_dataset
37651,J. Idzes,Jay Idzes,Sassuolo,Serie A,546926,Jay Idzes,US Sassuolo,14000000,14.0,2026-05-29,https://www.transfermarkt.co.uk/jay-idzes/profil/spieler/546926,high,1.0,1.0,provider_id_crosswalk,transfermarkt_dataset
39143,K. Thorstvedt,Kristian Thorstvedt,Sassuolo,Serie A,564785,Kristian Thorstvedt,US Sassuolo,12000000,12.0,2026-05-29,https://www.transfermarkt.co.uk/kristian-thorstvedt/profil/spieler/564785,high,1.0,1.0,provider_id_crosswalk,transfermarkt_dataset
343562,L. Lipani,Luca Lipani,Sassuolo,Serie A,724106,Luca Lipani,US Sassuolo,7500000,7.5,2026-05-29,https://www.transfermarkt.co.uk/luca-lipani/profil/spieler/724106,high,1.0,1.0,provider_id_crosswalk,transfermarkt_dataset
902,N. Matić,Nemanja Matić,Sassuolo,Serie A,74683,Nemanja Matić,US Sassuolo,1600000,1.6,2026-05-29,https://www.transfermarkt.co.uk/nemanja-matic/profil/spieler/74683,high,1.0,1.0,provider_id_crosswalk,transfermarkt_dataset
30519,S. Turati,Stefano Turati,Sassuolo,Serie A,543666,Stefano Turati,US Sassuolo,3000000,3.0,2026-05-29,https://www.transfermarkt.co.uk/stefano-turati/profil/spieler/543666,high,1.0,1.0,provider_id_crosswalk,transfermarkt_dataset
40582,S. Walukiewicz,Sebastian Wiktor Walukiewicz,Sassuolo,Serie A,345458,Sebastian Walukiewicz,US Sassuolo,5000000,5.0,2026-05-29,https://www.transfermarkt.co.uk/sebastian-walukiewicz/profil/spieler/345458,high,1.0,1.0,provider_id_crosswalk,transfermarkt_dataset
271350,T. Muharemović,Tarik Muharemović,Sassuolo,Serie A,679423,Tarik Muharemović,US Sassuolo,25000000,25.0,2026-05-29,https://www.transfermarkt.co.uk/tarik-muharemovic/profil/spieler/679423,high,1.0,1.0,provider_id_crosswalk,transfermarkt_dataset
943,U. Garcia,Ulisses Alexandre Garcia Lopes,Sassuolo,Serie A,192616,Ulisses Garcia,Olympique Marseille,3000000,3.0,2026-05-29,https://www.transfermarkt.co.uk/ulisses-garcia/profil/spieler/192616,high,1.0,1.0,provider_id_crosswalk,transfermarkt_dataset
128338,W. Coulibaly,Woyo Coulibaly,Sassuolo,Serie A,592975,Woyo Coulibaly,US Sassuolo,2000000,2.0,2026-05-29,https://www.transfermarkt.co.uk/woyo-coulibaly/profil/spieler/592975,high,1.0,1.0,provider_id_crosswalk,transfermarkt_dataset
14329,A. Ismajli,Ardian Ismajli,Torino,Serie A,435228,Ardian Ismajli,Torino FC,5000000,5.0,2026-05-29,https://www.transfermarkt.co.uk/ardian-ismajli/profil/spieler/435228,high,1.0,1.0,provider_id_crosswalk,transfermarkt_dataset
383006,A. Njie,Alieu Eybi Njie,Torino,Serie A,934527,Alieu Njie,Torino FC,3000000,3.0,2026-05-29,https://www.transfermarkt.co.uk/alieu-njie/profil/spieler/934527,high,1.0,1.0,provider_id_crosswalk,transfermarkt_dataset
30642,A. Paleari,Alberto Andrea Paleari,Torino,Serie A,163048,Alberto Paleari,Torino FC,1200000,1.2,2026-05-29,https://www.transfermarkt.co.uk/alberto-paleari/profil/spieler/163048,high,1.0,1.0,provider_id_crosswalk,transfermarkt_dataset
22174,A. Tamèze,Adrien Fidele Tamèze Aoutsa,Torino,Serie A,157507,Adrien Tamèze,Torino FC,1200000,1.2,2026-05-29,https://www.transfermarkt.co.uk/adrien-tameze/profil/spieler/157507,high,1.0,1.0,provider_id_crosswalk,transfermarkt_dataset
19524,C. Adams,Ché Zach Everton Fred Adams,Torino,Serie A,346779,Ché Adams,Torino FC,5000000,5.0,2026-05-29,https://www.transfermarkt.co.uk/che-adams/profil/spieler/346779,high,1.0,1.0,provider_id_crosswalk,transfermarkt_dataset
30396,C. Biraghi,Cristiano Biraghi,Torino,Serie A,124555,Cristiano Biraghi,Torino FC,900000,0.9,2026-05-29,https://www.transfermarkt.co.uk/cristiano-biraghi/profil/spieler/124555,high,1.0,1.0,provider_id_crosswalk,transfermarkt_dataset
270507,C. Casadei,Cesare Casadei,Torino,Serie A,622380,Cesare Casadei,Torino FC,15000000,15.0,2026-05-29,https://www.transfermarkt.co.uk/cesare-casadei/profil/spieler/622380,high,1.0,1.0,provider_id_crosswalk,transfermarkt_dataset
2495,D. Zapata,Duván Esteban Zapata Banguero,Torino,Serie A,73794,Duván Zapata,Torino FC,2500000,2.5,2026-05-29,https://www.transfermarkt.co.uk/duvan-zapata/profil/spieler/73794,high,1.0,1.0,provider_id_crosswalk,transfermarkt_dataset
20656,E. Ebosse,Enzo Jacques Rodolphe Ebosse,Torino,Serie A,342877,Enzo Ebosse,Torino FC,2800000,2.8,2026-05-29,https://www.transfermarkt.co.uk/enzo-ebosse/profil/spieler/342877,high,1.0,1.0,provider_id_crosswalk,transfermarkt_dataset
336573,E. İlkhan,Emirhan İlkhan,Torino,Serie A,743091,Emirhan İlkhan,Torino FC,6000000,6.0,2026-05-29,https://www.transfermarkt.co.uk/emirhan-ilkhan/profil/spieler/743091,high,1.0,1.0,provider_id_crosswalk,transfermarkt_dataset
56266,F. Israel,Franco Israel Wibmer,Torino,Serie A,492319,Franco Israel,Torino FC,2500000,2.5,2026-05-29,https://www.transfermarkt.co.uk/franco-israel/profil/spieler/492319,high,1.0,1.0,provider_id_crosswalk,transfermarkt_dataset
343189,G. Gineitis,Gvidas Gineitis,Torino,Serie A,798929,Gvidas Gineitis,Torino FC,5500000,5.5,2026-05-29,https://www.transfermarkt.co.uk/gvidas-gineitis/profil/spieler/798929,high,1.0,1.0,provider_id_crosswalk,transfermarkt_dataset
2553,G. Maripán,Guillermo Alfonso Maripán Loaysa,Torino,Serie A,249730,Guillermo Maripán,Torino FC,2000000,2.0,2026-05-29,https://www.transfermarkt.co.uk/guillermo-maripan/profil/spieler/249730,high,1.0,1.0,provider_id_crosswalk,transfermarkt_dataset
30414,G. Simeone,Giovanni Pablo Simeone Baldini,Torino,Serie A,282388,Giovanni Simeone,Torino FC,7000000,7.0,2026-05-29,https://www.transfermarkt.co.uk/giovanni-simeone/profil/spieler/282388,high,1.0,1.0,provider_id_crosswalk,transfermarkt_dataset
46170,I. Ilić,Ivan Ilić,Torino,Serie A,470794,Ivan Ilić,Torino FC,7000000,7.0,2026-05-29,https://www.transfermarkt.co.uk/ivan-ilic/profil/spieler/470794,high,1.0,1.0,provider_id_crosswalk,transfermarkt_dataset
275776,K. Asllani,Kristjan Asllani,Torino,Serie A,543771,Kristjan Asllani,Torino FC,12000000,12.0,2026-05-21,https://www.transfermarkt.co.uk/kristjan-asllani/profil/spieler/543771,high,1.0,1.0,provider_id_crosswalk,transfermarkt_dataset
388547,Luca Marianucci,Luca Marianucci,Torino,Serie A,814446,Luca Marianucci,SSC Napoli,7000000,7.0,2026-05-29,https://www.transfermarkt.co.uk/luca-marianucci/profil/spieler/814446,high,1.0,1.0,provider_id_crosswalk,transfermarkt_dataset
39362,M. Pedersen,Marcus Holmgren Pedersen,Torino,Serie A,41609,Marcus Pedersen,Vitesse Arnhem,100000,0.1,2022-12-09,https://www.transfermarkt.co.uk/marcus-pedersen/profil/spieler/41609,high,1.0,1.0,provider_id_crosswalk,transfermarkt_dataset
156490,N. Nkounkou,Niels Patrick Nkounkou,Torino,Serie A,591193,Niels Nkounkou,Torino FC,2600000,2.6,2026-05-29,https://www.transfermarkt.co.uk/niels-nkounkou/profil/spieler/591193,high,1.0,1.0,provider_id_crosswalk,transfermarkt_dataset
842,N. Vlašić,Nikola Vlašić,Torino,Serie A,293200,Nikola Vlašić,Torino FC,10000000,10.0,2026-05-29,https://www.transfermarkt.co.uk/nikola-vlasic/profil/spieler/293200,high,1.0,1.0,provider_id_crosswalk,transfermarkt_dataset
40405,S. Kulenović,Sandro Kulenović,Torino,Serie A,357778,Sandro Kulenović,Torino FC,3500000,3.5,2026-05-29,https://www.transfermarkt.co.uk/sandro-kulenovic/profil/spieler/357778,high,1.0,1.0,provider_id_crosswalk,transfermarkt_dataset
122468,Saúl Coco,Saúl Basilio Coco-Bassey Oubiña,Torino,Serie A,588426,Saúl Coco,Torino FC,7500000,7.5,2026-05-29,https://www.transfermarkt.co.uk/saul-coco/profil/spieler/588426,high,1.0,1.0,provider_id_crosswalk,transfermarkt_dataset
25353,V. Lazaro,Valentino Lando Lazaro,Torino,Serie A,186368,Valentino Lazaro,Torino FC,2500000,2.5,2026-05-29,https://www.transfermarkt.co.uk/valentino-lazaro/profil/spieler/186368,high,1.0,1.0,provider_id_crosswalk,transfermarkt_dataset
243,Z. Aboukhlal,Zakaria Aboukhlal,Torino,Serie A,393238,Zakaria Aboukhlal,Torino FC,6000000,6.0,2026-05-29,https://www.transfermarkt.co.uk/zakaria-aboukhlal/profil/spieler/393238,high,1.0,1.0,provider_id_crosswalk,transfermarkt_dataset
347644,A. Atta,Arthur Atta,Udinese,Serie A,855308,Arthur Atta,Udinese Calcio,25000000,25.0,2026-05-29,https://www.transfermarkt.co.uk/arthur-atta/profil/spieler/855308,high,1.0,1.0,provider_id_crosswalk,transfermarkt_dataset
40594,A. Buksa,Adam Buksa,Udinese,Serie A,267160,Adam Buksa,FC Midtjylland,3500000,3.5,2026-05-29,https://www.transfermarkt.co.uk/adam-buksa/profil/spieler/267160,high,1.0,1.0,provider_id_crosswalk,transfermarkt_dataset
162907,A. Zanoli,Alessandro Zanoli,Udinese,Serie A,397225,Alessandro Zanoli,SSC Napoli,4500000,4.5,2026-05-29,https://www.transfermarkt.co.uk/alessandro-zanoli/profil/spieler/397225,high,1.0,1.0,provider_id_crosswalk,transfermarkt_dataset
18797,C. Kabasele,Christian Kabasele,Udinese,Serie A,81512,Christian Kabasele,Udinese Calcio,750000,0.75,2026-05-29,https://www.transfermarkt.co.uk/christian-kabasele/profil/spieler/81512,high,1.0,1.0,provider_id_crosswalk,transfermarkt_dataset
22007,H. Kamara,Hassane Kamara,Udinese,Serie A,290017,Hassane Kamara,Udinese Calcio,3000000,3.0,2026-05-29,https://www.transfermarkt.co.uk/hassane-kamara/profil/spieler/290017,high,1.0,1.0,provider_id_crosswalk,transfermarkt_dataset
434410,I. Gueye,Idrissa Gueye,Udinese,Serie A,1178488,Idrissa Gueye,FC Metz,8000000,8.0,2026-05-29,https://www.transfermarkt.co.uk/idrissa-gueye/profil/spieler/1178488,high,1.0,1.0,provider_id_crosswalk,transfermarkt_dataset
541,J. Ekkelenkamp,Jurgen Ekkelenkamp,Udinese,Serie A,361068,Jurgen Ekkelenkamp,Udinese Calcio,10000000,10.0,2026-05-29,https://www.transfermarkt.co.uk/jurgen-ekkelenkamp/profil/spieler/361068,high,1.0,1.0,provider_id_crosswalk,transfermarkt_dataset
48047,J. Karlström,Jesper Kewe Karlström,Udinese,Serie A,222855,Jesper Karlström,Udinese Calcio,4000000,4.0,2026-05-29,https://www.transfermarkt.co.uk/jesper-karlstrom/profil/spieler/222855,high,1.0,1.0,provider_id_crosswalk,transfermarkt_dataset
1939,J. Piotrowski,Jakub Piotrowski,Udinese,Serie A,377243,Jakub Piotrowski,Udinese Calcio,4500000,4.5,2026-05-29,https://www.transfermarkt.co.uk/jakub-piotrowski/profil/spieler/377243,high,1.0,1.0,provider_id_crosswalk,transfermarkt_dataset
19824,J. Zemura,Jordan Bhekithemba Zemura,Udinese,Serie A,633530,Jordan Zemura,Udinese Calcio,5000000,5.0,2026-05-29,https://www.transfermarkt.co.uk/jordan-zemura/profil/spieler/633530,high,1.0,1.0,provider_id_crosswalk,transfermarkt_dataset
19185,K. Davis,Keinan Vincent Joseph Davis,Udinese,Serie A,412660,Keinan Davis,Udinese Calcio,10000000,10.0,2026-05-29,https://www.transfermarkt.co.uk/keinan-davis/profil/spieler/412660,high,1.0,1.0,provider_id_crosswalk,transfermarkt_dataset
36916,K. Ehizibue,Kingsley Osezele Ehizibue,Udinese,Serie A,272812,Kingsley Ehizibue,Udinese Calcio,2000000,2.0,2026-05-29,https://www.transfermarkt.co.uk/kingsley-ehizibue/profil/spieler/272812,high,1.0,1.0,provider_id_crosswalk,transfermarkt_dataset
343558,L. Miller,Lennon Lee Miller,Udinese,Serie A,924857,Lennon Miller,Udinese Calcio,10000000,10.0,2026-05-29,https://www.transfermarkt.co.uk/lennon-miller/profil/spieler/924857,high,1.0,1.0,provider_id_crosswalk,transfermarkt_dataset
143648,M. Okoye,Maduka Emilio Okoye,Udinese,Serie A,340353,Maduka Okoye,Udinese Calcio,10000000,10.0,2026-05-29,https://www.transfermarkt.co.uk/maduka-okoye/profil/spieler/340353,high,1.0,1.0,provider_id_crosswalk,transfermarkt_dataset
315249,N. Bertola,Nicolò Bertola,Udinese,Serie A,632831,Nicolò Bertola,Udinese Calcio,7000000,7.0,2026-05-29,https://www.transfermarkt.co.uk/nicolo-bertola/profil/spieler/632831,high,1.0,1.0,provider_id_crosswalk,transfermarkt_dataset
786,N. Zaniolo,Nicolò Zaniolo,Udinese,Serie A,392085,Nicolò Zaniolo,Udinese Calcio,15000000,15.0,2026-05-29,https://www.transfermarkt.co.uk/nicolo-zaniolo/profil/spieler/392085,high,1.0,1.0,provider_id_crosswalk,transfermarkt_dataset
656,O. Solet,Oumar Mickaël Solet Bomawoko,Udinese,Serie A,463665,Oumar Solet,Udinese Calcio,23000000,23.0,2026-05-29,https://www.transfermarkt.co.uk/oumar-solet/profil/spieler/463665,high,1.0,1.0,provider_id_crosswalk,transfermarkt_dataset
182560,Oier Zarraga,Oier Zarraga Egaña,Udinese,Serie A,524010,Oier Zarraga,Udinese Calcio,1500000,1.5,2026-05-29,https://www.transfermarkt.co.uk/oier-zarraga/profil/spieler/524010,high,1.0,1.0,provider_id_crosswalk,transfermarkt_dataset
197830,R. Sava,Răzvan Sergiu Sava,Udinese,Serie A,568617,Răzvan Sava,Udinese Calcio,2500000,2.5,2026-05-29,https://www.transfermarkt.co.uk/razvan-sava/profil/spieler/568617,high,1.0,1.0,provider_id_crosswalk,transfermarkt_dataset
318053,S. Goglichidze,Saba Goglichidze,Udinese,Serie A,906160,Saba Goglichidze,Udinese Calcio,3500000,3.5,2026-05-28,https://www.transfermarkt.co.uk/saba-goglichidze/profil/spieler/906160,high,1.0,1.0,provider_id_crosswalk,transfermarkt_dataset
281495,T. Kristensen,Thomas Thiesson Kristensen,Udinese,Serie A,698259,Thomas Kristensen,Udinese Calcio,12000000,12.0,2026-05-29,https://www.transfermarkt.co.uk/thomas-kristensen/profil/spieler/698259,high,1.0,1.0,provider_id_crosswalk,transfermarkt_dataset
1134,V. Bayo,Vakoun Issouf Bayo,Udinese,Serie A,375877,Vakoun Bayo,Udinese Calcio,2500000,2.5,2026-05-29,https://www.transfermarkt.co.uk/vakoun-bayo/profil/spieler/375877,high,1.0,1.0,provider_id_crosswalk,transfermarkt_dataset
