api_football_player_id,name,team,league,age,transfermarkt_player_id,contract_expiration_date,verified_primary_position,verified_secondary_position,verified_position_group,verified_position_source,verified_position_confidence,verified_position_history,transfermarkt_position,current_appearances,current_goals,current_assists,current_minutes,current_weighted_goals,current_weighted_assists,current_weighted_minutes,current_starts,recent_weighted_output,recent_weighted_minutes,recent_starts,current_weighted_output,current_output_per90,current_output_percentile,current_rate_percentile,current_minutes_percentile,recent_output_percentile,recent_minutes_percentile,production_score,proven_score,availability_score
19617,M. Olise,Bayern München,Bundesliga,24.0,566723.0,2029-06-30 00:00:00,RW,,W,transfermarkt_profile_and_lineups,95.0,,Right Winger,56.0,25.0,32.0,4285.0,25.05,32.699999999999996,4345.6,45.0,70.6413,6782.627,72.3,47.94,0.9928663475699557,100.0,99.7,99.4,100.0,98.5,99.9,99.5,100.0
502,J. Kimmich,Bayern München,Bundesliga,30.0,161056.0,2029-06-30 00:00:00,CDM,,DM,transfermarkt_profile_and_lineups,95.0,,Defensive Midfield,53.0,2.0,15.0,4388.0,2.0,14.6,4451.45,47.0,21.698,8087.81,86.55000000000001,12.219999999999999,0.24706556290646867,98.9,92.5,97.7,98.9,100.0,98.2,99.6,100.0
1485,Bruno Fernandes,Manchester United,Premier League,31.0,240306.0,2027-06-30 00:00:00,CAM,CM,AM,transfermarkt_profile_and_lineups,95.0,,Attacking Midfield,37.0,9.0,22.0,3203.0,9.72,23.580000000000002,3428.19,36.0,50.761449999999996,7566.612,79.25,26.226,0.6885090966370008,99.2,96.7,94.3,100.0,97.5,98.6,99.1,98.9
128384,Vitinha,Paris Saint Germain,Ligue 1,25.0,487469.0,2029-06-30 00:00:00,CDM,,DM,transfermarkt_profile_and_lineups,95.0,,Defensive Midfield,54.0,8.0,12.0,4371.0,8.93,11.16,4423.08,49.0,25.911499999999997,7487.966,79.55,16.741999999999997,0.34066306736482266,99.4,97.7,97.1,99.4,97.1,98.2,97.9,100.0
1640,H. Çalhanoğlu,Inter,Serie A,31.0,126414.0,2027-06-30 00:00:00,CDM,,DM,transfermarkt_profile_and_lineups,95.0,,Defensive Midfield,30.0,12.0,7.0,2137.0,12.18,7.38,2222.82,27.0,32.2668,5017.996500000001,61.0,17.346,0.7023240748238724,100.0,100.0,53.4,100.0,81.6,74.4,88.0,81.8
47516,Aleix García,Bayer Leverkusen,Bundesliga,28.0,261504.0,2029-06-30 00:00:00,CM,CDM,CM,transfermarkt_profile_and_lineups,95.0,,Central Midfield,50.0,6.0,11.0,4160.0,6.3,10.8,4313.1,47.0,20.4514,6526.7970000000005,71.3,13.86,0.28921193573068094,96.1,85.3,98.2,95.3,95.3,97.2,95.3,100.0
714,N. Amiri,FSV Mainz 05,Bundesliga,29.0,232454.0,2028-06-30 00:00:00,CM,CAM,CM,transfermarkt_profile_and_lineups,95.0,,Central Midfield,30.0,15.0,4.0,2441.0,14.4,3.75,2379.1,32.0,24.624,4270.0,54.7,17.025,0.6440460678407801,98.6,100.0,63.8,97.1,72.0,79.4,80.8,91.0
31010,F. Dimarco,Inter,Serie A,28.0,198116.0,2027-06-30 00:00:00,LB,LM,FB,transfermarkt_profile_and_lineups,95.0,,Left-Back,50.0,8.0,18.0,3814.0,8.34,18.36,3920.88,43.0,31.416,6471.276,75.5,21.192,0.48644181918344864,99.7,99.7,97.3,99.7,97.3,97.7,97.7,100.0
83831,I. Kebbal,Paris FC,Ligue 1,27.0,739769.0,2028-06-30 00:00:00,RW,CAM,W,transfermarkt_profile_and_lineups,95.0,,Right Winger,29.0,9.0,4.0,2232.0,8.82,3.92,2187.36,26.0,11.564,2187.36,26.0,11.564,0.47580645161290325,80.4,83.4,67.5,54.8,36.7,81.2,48.5,82.3
756,F. Valverde,Real Madrid,La Liga,27.0,369081.0,2029-06-30 00:00:00,CM,RB,CM,transfermarkt_profile_and_lineups,95.0,,Central Midfield,55.0,11.0,13.0,4682.0,11.05,13.870000000000001,4844.9800000000005,53.0,31.747400000000003,9077.8875,97.65,20.759,0.3856176908883009,99.6,95.3,99.6,99.6,100.0,99.6,99.9,100.0
563,Álex Grimaldo,Bayer Leverkusen,Bundesliga,30.0,193082.0,2030-06-30 00:00:00,LB,LM,FB,transfermarkt_profile_and_lineups,95.0,,Left-Back,46.0,14.0,12.0,4038.0,14.6,12.5,4210.3,45.0,38.56325,7648.855,82.7,23.35,0.4991330784029641,100.0,100.0,97.9,100.0,100.0,98.2,100.0,100.0
40560,J. Kamiński,VfL Wolfsburg,Bundesliga,24.0,407098.0,2031-06-30 00:00:00,LW,CAM,W,transfermarkt_profile_and_lineups,95.0,,Left Winger,36.0,7.0,5.0,3177.0,7.0,5.0,3161.6,36.0,12.768,4024.635,44.95,10.5,0.2988992914979757,76.5,46.1,92.8,60.5,72.6,68.9,64.8,98.5
2489,L. Díaz,Bayern München,Bundesliga,28.0,480692.0,2029-06-30 00:00:00,LW,,W,transfermarkt_profile_and_lineups,95.0,,Left Winger,50.0,26.0,22.0,3970.0,26.85,22.7,4098.9,45.0,60.8006,7054.446,76.5,42.74,0.938446900387909,99.7,99.4,98.8,98.8,99.4,99.6,99.0,100.0
876,N. Fagioli,Fiorentina,Serie A,24.0,432090.0,2028-06-30 00:00:00,CM,CDM,CM,transfermarkt_profile_and_lineups,95.0,,Central Midfield,36.0,2.0,3.0,2771.0,2.04,3.06,2774.94,37.0,6.418800000000001,3902.871,50.3,4.182,0.13563536508897492,59.5,36.9,76.7,57.0,65.2,69.0,62.3,98.5
335071,M. Berisha,Lecce,Serie A,22.0,583046.0,2028-06-30 00:00:00,CM,CAM,CM,transfermarkt_profile_and_lineups,95.0,,Central Midfield,14.0,2.0,3.0,961.0,2.04,3.06,970.62,13.0,4.5747,1472.748,17.75,4.182,0.3877727638004575,59.5,83.5,16.8,40.9,13.3,36.0,22.9,37.8
156477,R. Cherki,Manchester City,Premier League,22.0,607223.0,2030-06-30 00:00:00,CAM,RW,AM,transfermarkt_profile_and_lineups,95.0,,Attacking Midfield,55.0,11.0,16.0,2929.0,10.92,16.26,3016.23,31.0,38.1011,5178.769,54.85,22.302,0.6654598621457913,95.9,95.1,86.1,95.1,86.9,95.7,92.2,100.0
2735,P. Højbjerg,Marseille,Ligue 1,30.0,167799.0,2028-06-30 00:00:00,CDM,,DM,transfermarkt_profile_and_lineups,95.0,,Defensive Midfield,41.0,4.0,5.0,3463.0,3.92,4.9,3517.8,38.0,9.9372,5401.5160000000005,57.2,7.35,0.18804366365341973,92.0,85.1,92.0,87.9,87.4,92.0,87.6,100.0
1096,D. Szoboszlai,Liverpool,Premier League,25.0,451276.0,2028-06-30 00:00:00,CAM,CM,AM,transfermarkt_profile_and_lineups,95.0,,Attacking Midfield,53.0,13.0,12.0,4736.0,14.28,13.11,5146.74,53.0,33.9057,7892.757,81.75,23.457,0.41018780820480544,97.5,81.1,100.0,92.6,100.0,93.4,95.2,100.0
291964,A. Güler,Real Madrid,La Liga,20.0,861410.0,2029-06-30 00:00:00,CAM,CM,AM,transfermarkt_profile_and_lineups,95.0,,Attacking Midfield,57.0,7.0,16.0,3677.0,7.3100000000000005,16.56,3834.13,45.0,26.868000000000002,4965.419,56.4,18.902,0.4436938757945088,94.3,83.6,96.7,86.1,84.4,91.6,85.5,100.0
339887,C. Uzun,Eintracht Frankfurt,Bundesliga,20.0,816585.0,2029-06-30 00:00:00,CAM,,AM,transfermarkt_profile_and_lineups,95.0,,Attacking Midfield,28.0,10.0,6.0,1513.0,10.4,5.9,1550.1,19.0,18.5285,2118.525,23.95,14.530000000000001,0.8436229920650282,86.1,100.0,41.0,77.9,31.1,89.5,61.5,60.3
26475,D. Undav,VfB Stuttgart,Bundesliga,29.0,339314.0,2029-06-30 00:00:00,ST,,FW,transfermarkt_profile_and_lineups,95.0,,Centre-Forward,45.0,25.0,14.0,3555.0,25.0,14.4,3563.9,40.0,52.1725,5616.675,63.2,35.08,0.8858834422963606,99.0,98.6,96.2,96.5,94.4,98.9,95.8,100.0
328225,B. Gruda,RB Leipzig,Bundesliga,21.0,700106.0,2028-06-30 00:00:00,CAM,RW,AM,transfermarkt_profile_and_lineups,95.0,,Attacking Midfield,34.0,6.0,6.0,1663.0,5.73,5.73,1687.5800000000002,18.0,14.1747,2672.2790000000005,28.4,9.741,0.51949537207125,73.8,90.2,45.1,61.5,44.3,77.9,55.5,64.6
24798,C. Führich,VfB Stuttgart,Bundesliga,27.0,272278.0,2028-06-30 00:00:00,LW,LM,W,transfermarkt_profile_and_lineups,95.0,,Left Winger,51.0,8.0,9.0,2556.0,7.9,9.1,2549.95,28.0,22.205,5042.4425,58.35,14.27,0.5036569344496952,87.7,87.0,77.1,87.0,87.3,87.5,87.2,95.1
148099,K. Dewsbury-Hall,Everton,Premier League,27.0,475188.0,2030-06-30 00:00:00,CM,CAM,CM,transfermarkt_profile_and_lineups,95.0,,Central Midfield,37.0,9.0,6.0,2833.0,9.39,6.48,2995.29,31.0,14.341800000000001,3251.502,39.8,13.926,0.41843694600522824,96.4,97.5,83.5,89.2,52.3,89.3,65.3,98.9
519,C. Tolisso,Lyon,Ligue 1,31.0,190393.0,2029-06-30 00:00:00,CM,CAM,CM,transfermarkt_profile_and_lineups,95.0,,Central Midfield,37.0,15.0,4.0,2815.0,15.18,3.92,2819.6600000000003,32.0,27.7939,5133.710000000001,58.650000000000006,17.924,0.5721115311775178,98.9,99.6,77.4,98.9,85.7,87.1,90.3,98.9
295026,M. Baturina,Como,Serie A,22.0,580451.0,2030-06-30 00:00:00,CAM,LW,AM,transfermarkt_profile_and_lineups,95.0,,Attacking Midfield,34.0,8.0,4.0,1835.0,7.92,3.96,1839.78,20.0,12.80125,2325.87,39.25,10.692,0.5230407983563252,77.9,91.8,50.0,57.4,36.1,81.4,49.9,70.1
1697,Pablo Fornals,Real Betis,La Liga,29.0,357885.0,2029-06-30 00:00:00,CM,CAM,CM,transfermarkt_profile_and_lineups,95.0,,Central Midfield,51.0,9.0,9.0,3709.0,9.36,9.34,3877.1400000000003,42.0,18.4148,5574.467500000001,65.95,15.898,0.3690400656153762,97.8,93.9,96.4,93.2,90.3,97.1,91.3,100.0
511,L. Goretzka,Bayern München,Bundesliga,30.0,153084.0,,CM,CDM,CM,transfermarkt_profile_and_lineups,95.0,,Central Midfield,50.0,6.0,5.0,2473.0,5.75,4.9,2444.35,29.0,17.018,4747.175,52.15,9.18,0.33800396833514024,89.6,90.7,67.0,92.5,79.6,77.2,84.1,94.4
162266,L. da Cunha,Como,Serie A,24.0,495667.0,2029-06-30 00:00:00,CM,,CM,transfermarkt_profile_and_lineups,95.0,,Central Midfield,42.0,8.0,5.0,3193.0,7.92,5.1,3203.46,36.0,13.958399999999997,4720.635,53.05,11.489999999999998,0.32280721469910656,94.3,89.2,88.5,88.5,79.2,91.1,82.5,100.0
328,Fabián Ruiz,Paris Saint Germain,Ligue 1,29.0,350219.0,2027-06-30 00:00:00,CM,,CM,transfermarkt_profile_and_lineups,95.0,,Central Midfield,37.0,5.0,6.0,2263.0,4.43,5.87,2209.67,27.0,16.79365,4590.619500000001,52.55,8.539,0.34779401449085157,88.2,92.1,58.1,92.1,77.4,71.6,82.6,87.0
37153,W. Burger,1899 Hoffenheim,Bundesliga,24.0,412953.0,2030-06-30 00:00:00,CDM,CM,DM,transfermarkt_profile_and_lineups,95.0,,Defensive Midfield,32.0,5.0,9.0,2580.0,4.9,8.9,2566.1,31.0,11.129999999999999,2566.1,31.0,11.129999999999999,0.3903589104087915,97.1,99.4,63.2,92.5,31.6,78.5,52.9,94.6
329,P. Zieliński,Inter,Serie A,31.0,181136.0,2028-06-30 00:00:00,CM,CDM,CM,transfermarkt_profile_and_lineups,95.0,,Central Midfield,48.0,7.0,4.0,2901.0,7.32,3.96,3033.2999999999997,32.0,14.4198,4830.8414999999995,49.5,10.092,0.2994362575412917,92.5,87.1,86.7,90.0,81.4,89.3,84.4,100.0
510,S. Gnabry,Bayern München,Bundesliga,30.0,159471.0,2028-06-30 00:00:00,ST,LW,FW,transfermarkt_profile_and_lineups,95.0,,Second Striker,42.0,10.0,12.0,2305.0,10.4,12.3,2314.3,29.0,28.095499999999998,3680.08,43.0,19.009999999999998,0.7392732143628742,88.1,93.7,72.7,84.3,72.0,89.5,80.0,91.0
726,A. Kramarić,1899 Hoffenheim,Bundesliga,34.0,46580.0,2028-06-30 00:00:00,ST,RW,FW,transfermarkt_profile_and_lineups,95.0,,Second Striker,36.0,15.0,8.0,2422.0,14.9,7.8,2402.1,28.0,36.637,5028.68,57.8,20.36,0.7628325215436493,89.5,94.4,74.1,91.6,90.2,90.7,91.1,90.8
46799,Edu Expósito,Espanyol,La Liga,29.0,506248.0,2027-06-30 00:00:00,CM,CAM,CM,transfermarkt_profile_and_lineups,95.0,,Central Midfield,38.0,1.0,6.0,2618.0,1.04,6.24,2712.08,33.0,6.208799999999999,3309.82,39.6,5.4079999999999995,0.17946373263325566,72.0,57.7,75.6,55.6,54.5,74.0,54.9,97.6
628,Adrián Bernabé,Parma,Serie A,24.0,466802.0,2027-06-30 00:00:00,CM,,CM,transfermarkt_profile_and_lineups,95.0,,Central Midfield,34.0,3.0,2.0,2566.0,3.06,2.04,2608.68,32.0,5.4417,3428.301,41.9,4.4879999999999995,0.15483692902157412,62.7,47.3,72.4,48.7,57.7,68.0,54.6,95.0
37652,B. van den Boomen,Angers,Ligue 1,30.0,203938.0,,CM,,CM,transfermarkt_profile_and_lineups,95.0,,Central Midfield,16.0,0.0,1.0,1287.0,0.0,0.98,1257.66,14.0,2.6818,2120.2180000000003,23.4,0.6859999999999999,0.049091169314441095,8.8,15.4,25.4,22.9,26.2,17.9,25.0,46.2
152982,C. Palmer,Chelsea,Premier League,23.0,568177.0,2033-06-30 00:00:00,CAM,RW,AM,transfermarkt_profile_and_lineups,95.0,,Attacking Midfield,39.0,14.0,5.0,2909.0,14.25,4.98,2967.0,34.0,41.139,5931.582,67.05,17.736,0.5379979777553084,91.8,92.6,82.8,99.2,92.6,92.0,96.9,99.6
629,K. De Bruyne,Napoli,Serie A,34.0,88755.0,2027-06-30 00:00:00,CAM,CM,AM,transfermarkt_profile_and_lineups,95.0,,Attacking Midfield,21.0,5.0,4.0,1360.0,5.1,4.4399999999999995,1421.58,16.0,20.7216,3395.1645,36.85,8.207999999999998,0.5196471531676021,66.4,86.1,32.0,82.0,59.8,71.3,74.2,51.6
927,Lee Kang-In,Paris Saint Germain,Ligue 1,24.0,557149.0,2028-06-30 00:00:00,CAM,RW,AM,transfermarkt_profile_and_lineups,95.0,,Attacking Midfield,42.0,5.0,5.0,1869.0,4.54,5.12,1872.46,18.0,16.163999999999998,3679.6684999999998,37.8,8.123999999999999,0.39048097155613465,64.8,77.9,56.6,71.3,64.8,68.0,69.0,71.1
1323,Dani Olmo,Barcelona,La Liga,27.0,293385.0,2030-06-30 00:00:00,CAM,,AM,transfermarkt_profile_and_lineups,95.0,,Attacking Midfield,49.0,8.0,10.0,2838.0,8.48,10.72,2972.1800000000003,31.0,29.065600000000003,4612.364500000001,49.1,15.984,0.484008370960036,90.2,86.9,83.6,88.5,79.5,89.3,85.4,100.0
30810,R. Mandragora,Fiorentina,Serie A,28.0,308279.0,2028-06-30 00:00:00,CDM,CM,DM,transfermarkt_profile_and_lineups,95.0,,Defensive Midfield,35.0,7.0,4.0,2503.0,7.140000000000001,4.08,2535.51,37.0,15.53745,4265.6565,65.0,9.996,0.3548161908255144,96.6,98.3,62.6,96.6,67.2,77.9,77.5,94.1
15592,J. Stage,Werder Bremen,Bundesliga,29.0,289835.0,2028-06-30 00:00:00,CM,,CM,transfermarkt_profile_and_lineups,95.0,,Central Midfield,29.0,10.0,2.0,2468.0,10.0,2.0,2468.0,29.0,20.355,4522.945,53.05,11.4,0.41572123176661263,93.9,97.1,67.7,95.0,74.9,79.5,81.9,90.1
15908,M. Damsgaard,Brentford,Premier League,25.0,540941.0,2030-06-30 00:00:00,CAM,,AM,transfermarkt_profile_and_lineups,95.0,,Attacking Midfield,37.0,4.0,4.0,2337.0,4.32,4.32,2458.44,27.0,13.5594,4571.739,49.25,7.344,0.2688534192414702,59.8,36.1,73.0,59.8,77.9,53.9,66.1,88.5
1578,G. Lo Celso,Real Betis,La Liga,29.0,348795.0,2028-06-30 00:00:00,CAM,,AM,transfermarkt_profile_and_lineups,95.0,,Attacking Midfield,32.0,3.0,3.0,1777.0,3.18,3.12,1859.0800000000002,20.0,12.242799999999999,2940.7340000000004,33.05,5.364,0.2596768293994879,46.7,32.0,53.3,54.9,50.0,43.0,53.2,68.2
215,S. Esposito,Cagliari,Serie A,23.0,538918.0,2030-06-30 00:00:00,ST,,FW,transfermarkt_profile_and_lineups,95.0,,Second Striker,43.0,8.0,6.0,2909.0,8.04,6.0,2922.2400000000002,36.0,18.4572,4348.104,51.95,12.239999999999998,0.37697109067017076,72.7,30.8,88.5,67.1,83.2,62.2,72.8,100.0
20529,G. Hein,Metz,Ligue 1,29.0,344892.0,2028-06-30 00:00:00,RW,CAM,W,transfermarkt_profile_and_lineups,95.0,,Right Winger,29.0,8.0,7.0,2355.0,7.84,6.859999999999999,2307.9,26.0,12.642,2307.9,26.0,12.642,0.49299363057324835,83.7,85.5,70.2,59.9,38.9,84.2,52.6,84.8
930,Carlos Soler,Real Sociedad,La Liga,28.0,372246.0,2029-06-30 00:00:00,CM,CAM,CM,transfermarkt_profile_and_lineups,95.0,,Central Midfield,40.0,4.0,3.0,2883.0,4.16,3.12,2920.34,32.0,8.353399999999999,4079.8370000000004,43.3,6.343999999999999,0.19551148153982068,78.1,62.0,82.1,67.7,68.1,80.3,68.0,100.0
26248,V. Grifo,SC Freiburg,Bundesliga,32.0,185077.0,2027-06-30 00:00:00,LW,,W,transfermarkt_profile_and_lineups,95.0,,Left Winger,52.0,14.0,10.0,2978.0,14.3,10.3,3032.7000000000003,38.0,37.343500000000006,5450.365,67.85,21.51,0.6383420714215056,95.8,94.6,90.1,95.8,92.5,95.5,94.6,100.0
340573,B. El Khannouss,VfB Stuttgart,Bundesliga,21.0,654982.0,2030-06-30 00:00:00,CAM,,AM,transfermarkt_profile_and_lineups,95.0,,Attacking Midfield,41.0,9.0,7.0,2573.0,9.5,6.8,2606.35,29.0,19.3735,4642.951,56.3,14.26,0.49241276114105936,85.2,87.7,80.3,80.3,80.3,85.9,80.3,96.4
22093,R. Cabella,Nantes,Ligue 1,35.0,113707.0,2027-06-30 00:00:00,CAM,LW,AM,transfermarkt_profile_and_lineups,95.0,,Attacking Midfield,21.0,2.0,2.0,997.0,1.96,1.6800000000000002,911.14,11.0,6.9285,2343.112,29.400000000000002,3.136,0.30976578791404175,31.1,51.6,17.2,40.2,38.5,36.3,39.6,39.2
1457,H. Mkhitaryan,Inter,Serie A,36.0,55735.0,2027-06-30 00:00:00,CM,,CM,transfermarkt_profile_and_lineups,95.0,,Central Midfield,42.0,4.0,3.0,2314.0,4.08,2.94,2313.27,25.0,11.574,5446.9485,61.85,6.138,0.23880480877718552,77.1,75.3,62.4,82.4,89.6,69.0,87.1,87.1
19586,E. Eze,Arsenal,Premier League,27.0,479999.0,2029-06-30 00:00:00,CAM,LW,AM,transfermarkt_profile_and_lineups,95.0,,Attacking Midfield,53.0,10.0,6.0,3261.0,10.41,6.36,3437.85,38.0,29.8956,5934.531,65.9,14.862,0.38907456695318293,87.7,77.0,95.1,89.3,93.4,85.0,90.8,100.0
47438,M. Jensen,Brentford,Premier League,29.0,319859.0,2027-06-30 00:00:00,CM,CAM,CM,transfermarkt_profile_and_lineups,95.0,,Central Midfield,42.0,5.0,3.0,2750.0,4.890000000000001,2.73,2841.21,31.0,9.285,4159.287,44.65,6.801,0.21543286135132567,81.4,68.5,79.9,73.1,69.2,80.6,70.6,100.0
174,C. Eriksen,VfL Wolfsburg,Bundesliga,33.0,69633.0,2027-06-30 00:00:00,CAM,CM,AM,transfermarkt_profile_and_lineups,95.0,,Attacking Midfield,32.0,3.0,10.0,2514.0,3.0,10.0,2505.0,28.0,14.9357,3912.599,41.55,10.0,0.35928143712574845,75.4,67.2,74.6,65.6,69.7,73.4,67.0,91.2
67889,H. Haraldsson,Lille,Ligue 1,22.0,652275.0,2030-06-30 00:00:00,CAM,,AM,transfermarkt_profile_and_lineups,95.0,,Attacking Midfield,44.0,9.0,5.0,3224.0,8.94,5.140000000000001,3249.16,38.0,18.60015,4963.735,60.3,12.538,0.3472959164830295,83.6,64.8,91.0,78.7,83.6,78.9,80.4,100.0
18746,M. Gibbs-White,Nottingham Forest,Premier League,25.0,429014.0,2028-06-30 00:00:00,CAM,,AM,transfermarkt_profile_and_lineups,95.0,,Attacking Midfield,53.0,18.0,7.0,4152.0,19.5,7.620000000000001,4480.34,45.0,37.308,7432.844000000001,76.2,24.834,0.49885946155872096,98.4,88.5,98.4,93.4,96.7,95.9,94.6,100.0
715,C. Baumgartner,RB Leipzig,Bundesliga,26.0,324278.0,2028-06-30 00:00:00,CAM,,AM,transfermarkt_profile_and_lineups,95.0,,Attacking Midfield,37.0,17.0,9.0,3019.0,16.6,9.0,2996.4,35.0,28.718500000000002,4680.610000000001,52.6,22.900000000000002,0.6878253904685623,96.7,95.9,84.4,87.7,81.1,96.5,85.4,98.9
20638,E. Le Fée,Sunderland,Premier League,25.0,633992.0,2029-06-30 00:00:00,CM,CAM,CM,transfermarkt_profile_and_lineups,95.0,,Central Midfield,40.0,6.0,6.0,3326.0,6.300000000000001,6.48,3508.38,37.0,11.7348,4326.49,47.2,10.836,0.27797444974603663,92.8,82.4,93.9,83.2,73.5,93.4,76.9,100.0
1938,R. Malinovskyi,Genoa,Serie A,32.0,207877.0,2029-06-30 00:00:00,CM,CAM,CM,transfermarkt_profile_and_lineups,95.0,,Central Midfield,35.0,6.0,3.0,2282.0,6.12,3.06,2323.92,28.0,11.0211,3040.596,35.6,8.262,0.3199679851285759,86.7,88.9,62.7,80.6,46.6,73.5,58.5,87.6
127011,A. Cambiaso,Juventus,Serie A,25.0,459658.0,2029-06-30 00:00:00,LB,LM,FB,transfermarkt_profile_and_lineups,95.0,,Left-Back,51.0,3.0,6.0,3867.0,3.06,6.03,3969.72,48.0,12.5274,6462.1695,74.65,7.281000000000001,0.1650720957649406,93.8,77.5,97.6,93.5,97.0,97.1,96.5,100.0
20784,F. Honorat,Borussia Mönchengladbach,Bundesliga,29.0,229006.0,2029-06-30 00:00:00,RW,ST,W,transfermarkt_profile_and_lineups,95.0,,Right Winger,31.0,2.0,9.0,2236.0,2.0,8.7,2211.2,27.0,18.378,3869.96,47.3,8.09,0.3292782199710565,68.7,58.1,68.4,81.0,69.9,66.0,77.1,84.2
325975,T. Bischof,Bayern München,Bundesliga,20.0,822959.0,2029-06-30 00:00:00,CM,LB,CM,transfermarkt_profile_and_lineups,95.0,,Central Midfield,38.0,3.0,3.0,1699.0,3.0,3.0,1759.3,18.0,9.8585,3650.29,39.75,5.1,0.26089922128119136,69.7,79.9,41.6,76.3,61.6,54.2,66.8,66.9
456206,M. Mane,Wolves,Premier League,18.0,1230661.0,2029-06-30 00:00:00,CAM,CM,AM,transfermarkt_profile_and_lineups,95.0,,Attacking Midfield,30.0,3.0,2.0,1999.0,3.24,2.16,2121.3,21.0,4.752000000000001,2121.8940000000002,21.0,4.752000000000001,0.20161221892235895,41.8,18.0,63.9,25.4,32.8,35.9,28.0,73.0
22261,A. Thomasson,Lens,Ligue 1,32.0,215977.0,2029-06-30 00:00:00,CM,,CM,transfermarkt_profile_and_lineups,95.0,,Central Midfield,32.0,3.0,10.0,2691.0,2.94,9.8,2637.18,31.0,15.3295,4557.099,53.650000000000006,9.8,0.3344481605351171,91.0,90.3,73.1,90.7,76.0,81.2,81.1,96.8
1646,Lucas Paquetá,West Ham,Premier League,28.0,444523.0,2030-12-31 00:00:00,CAM,,AM,transfermarkt_profile_and_lineups,95.0,,Attacking Midfield,19.0,5.0,1.0,1612.0,5.07,1.08,1711.26,29.0,12.8628,4269.726000000001,56.400000000000006,5.8260000000000005,0.30640580624802777,50.0,50.8,45.9,59.0,75.4,50.2,64.8,69.0
19220,M. Mount,Manchester United,Premier League,26.0,346483.0,2028-06-30 00:00:00,CAM,CM,AM,transfermarkt_profile_and_lineups,95.0,,Attacking Midfield,25.0,3.0,1.0,1105.0,3.24,0.75,1173.66,13.0,5.893000000000001,1941.29,20.85,3.765,0.28871223352589337,36.9,45.9,23.8,33.6,23.8,39.1,30.2,44.9
31056,S. Ricci,AC Milan,Serie A,24.0,467992.0,2029-06-30 00:00:00,CDM,CM,DM,transfermarkt_profile_and_lineups,95.0,,Defensive Midfield,34.0,1.0,4.0,1498.0,1.02,4.08,1503.84,14.0,6.3389999999999995,3911.685,41.95,3.876,0.23196616661346953,73.0,90.2,32.8,74.7,60.9,50.9,65.7,57.3
757,Lucas Vázquez,Bayer Leverkusen,Bundesliga,34.0,221316.0,2027-06-30 00:00:00,RB,RM,FB,transfermarkt_profile_and_lineups,95.0,,Right-Back,21.0,1.0,3.0,971.0,1.0,3.2,1025.9,13.0,9.94155,3454.5280000000002,38.2,3.2399999999999998,0.2842382298469636,66.3,86.4,16.6,89.9,49.4,24.0,55.5,40.7
104949,Pablo Martínez,Levante,La Liga,27.0,568835.0,,CM,CAM,CM,transfermarkt_profile_and_lineups,95.0,,Central Midfield,29.0,1.0,5.0,1959.0,1.04,5.2,2024.0600000000002,22.0,4.68,2024.0600000000002,22.0,4.68,0.2080965979269389,64.5,65.6,52.3,42.3,22.6,57.8,29.5,72.8
2763,Mario Pasalic,Atalanta,Serie A,30.0,205938.0,2028-06-30 00:00:00,CM,CDM,CM,transfermarkt_profile_and_lineups,95.0,,Central Midfield,46.0,10.0,7.0,2771.0,10.26,7.38,2906.82,29.0,25.3785,5345.0160000000005,56.1,15.425999999999998,0.4776147129853241,97.1,99.3,81.4,97.5,88.9,88.5,91.9,99.0
348205,P. Sučić,Inter,Serie A,22.0,668207.0,2030-06-30 00:00:00,CM,,CM,transfermarkt_profile_and_lineups,95.0,,Central Midfield,53.0,4.0,5.0,2573.0,4.140000000000001,4.59,2656.98,27.0,9.00025,2909.9525,39.1,7.353,0.24906849129462771,83.2,77.4,73.8,71.3,41.9,78.0,52.2,94.4
109,A. Golovin,Monaco,Ligue 1,29.0,263918.0,2029-06-30 00:00:00,CAM,LW,AM,transfermarkt_profile_and_lineups,95.0,,Attacking Midfield,32.0,5.0,6.0,2152.0,4.9,6.1,2216.98,27.0,14.2478,3882.831,45.5,9.17,0.37226316881523513,71.3,73.0,65.6,62.3,68.9,71.7,64.6,82.8
415,W. McKennie,Juventus,Serie A,27.0,332697.0,2030-06-30 00:00:00,CM,RM,CM,transfermarkt_profile_and_lineups,95.0,,Central Midfield,52.0,9.0,8.0,4143.0,9.9,8.22,4306.32,47.0,22.3932,6987.744,76.7,15.654,0.32716100986457114,97.5,89.6,97.8,96.4,97.8,97.7,97.3,100.0
3406,A. Zambo Anguissa,Napoli,Serie A,30.0,354361.0,2027-06-30 00:00:00,CM,,CM,transfermarkt_profile_and_lineups,95.0,,Central Midfield,22.0,4.0,2.0,1597.0,4.08,2.04,1690.32,18.0,11.8779,4435.281,47.85,5.508,0.29326991338918074,72.4,83.9,39.1,83.5,74.6,54.1,77.7,58.8
541,J. Ekkelenkamp,Udinese,Serie A,25.0,361068.0,2029-06-30 00:00:00,CM,CAM,CM,transfermarkt_profile_and_lineups,95.0,,Central Midfield,33.0,5.0,4.0,2244.0,5.1,4.08,2284.2,27.0,12.2532,4062.7619999999997,49.0,7.9559999999999995,0.31347517730496455,85.3,88.2,61.3,84.2,67.4,72.1,73.3,85.1
184226,Yeremy Pino,Crystal Palace,Premier League,23.0,568157.0,2030-06-30 00:00:00,RW,LW,W,transfermarkt_profile_and_lineups,95.0,,Right Winger,40.0,4.0,4.0,2589.0,3.81,3.95,2692.01,40.0,12.7592,4035.38,56.7,6.575,0.21981716264055481,59.6,18.1,80.4,60.2,72.9,49.2,64.7,97.7
162016,X. Simons,Tottenham,Premier League,22.0,566931.0,2030-06-30 00:00:00,CAM,LW,AM,transfermarkt_profile_and_lineups,95.0,,Attacking Midfield,43.0,6.0,7.0,2749.0,6.66,7.5,2948.01,30.0,27.3005,5556.975,59.9,11.91,0.3636012089511229,81.1,69.7,82.0,86.9,90.2,78.3,88.0,100.0
2286,D. Zappacosta,Atalanta,Serie A,33.0,173859.0,2028-06-30 00:00:00,RM,LM,W,transfermarkt_profile_and_lineups,95.0,,Right Midfield,48.0,4.0,4.0,3607.0,4.26,4.08,3779.82,41.0,15.0933,6424.091,72.4,7.116,0.16943663983999238,62.3,7.2,97.0,69.6,97.9,48.6,79.5,100.0
325,G. Gaetano,Cagliari,Serie A,25.0,358008.0,2031-06-30 00:00:00,CDM,CAM,DM,transfermarkt_profile_and_lineups,95.0,,Defensive Midfield,35.0,3.0,4.0,2044.0,2.94,4.08,2068.92,23.0,10.447199999999999,3007.077,32.1,5.795999999999999,0.2521315468940316,87.4,93.7,47.1,90.2,41.4,65.2,58.5,77.8
1821,F. Kostić,Juventus,Serie A,33.0,161011.0,,LM,,W,transfermarkt_profile_and_lineups,95.0,,Left Midfield,25.0,3.0,1.0,648.0,3.06,1.02,638.91,5.0,7.8857,2351.793,28.0,3.774,0.5316241724186506,36.6,68.4,13.6,39.2,41.0,44.5,39.8,27.6
1266,T. Bašić,Lazio,Serie A,29.0,334835.0,2029-06-30 00:00:00,CM,,CM,transfermarkt_profile_and_lineups,95.0,,Central Midfield,25.0,2.0,3.0,1913.0,2.04,3.06,1931.22,24.0,4.182,2290.446,28.2,4.182,0.1948923478422966,59.5,61.3,48.0,36.2,28.7,53.2,31.3,72.3
1910,M. Lopez,Paris FC,Ligue 1,28.0,290862.0,2027-06-30 00:00:00,CDM,CM,DM,transfermarkt_profile_and_lineups,95.0,,Defensive Midfield,26.0,0.0,3.0,1960.0,0.0,2.94,1920.8,22.0,2.058,2300.672,27.1,2.058,0.09642857142857142,52.3,55.7,43.7,34.5,27.6,47.6,30.0,71.7
19170,M. Rogers,Aston Villa,Premier League,23.0,503743.0,2031-06-30 00:00:00,CAM,LW,AM,transfermarkt_profile_and_lineups,95.0,,Attacking Midfield,54.0,13.0,11.0,4474.0,13.9,11.96,4814.25,50.0,38.5056,7750.848,83.05000000000001,22.272,0.41636391961364694,95.1,82.0,99.2,95.9,99.2,91.8,97.0,100.0
20589,B. Mbeumo,Manchester United,Premier League,26.0,413039.0,2030-06-30 00:00:00,RW,ST,W,transfermarkt_profile_and_lineups,95.0,,Right Winger,34.0,12.0,3.0,2670.0,12.63,3.24,2868.75,31.0,34.3812,5547.177000000001,58.5,14.898,0.46738823529411766,89.5,82.8,85.2,94.9,93.4,87.8,94.4,97.1
182770,Carlos Álvarez,Levante,La Liga,22.0,668179.0,2027-06-30 00:00:00,CAM,RW,AM,transfermarkt_profile_and_lineups,95.0,,Attacking Midfield,30.0,3.0,1.0,1898.0,3.12,1.04,1973.92,23.0,3.848,1973.92,23.0,3.848,0.17544783983140147,37.7,9.8,57.4,19.7,24.6,30.7,21.4,72.9
2218,I. Sarr,Crystal Palace,Premier League,27.0,410225.0,2029-06-30 00:00:00,RW,ST,W,transfermarkt_profile_and_lineups,95.0,,Right Winger,32.0,12.0,2.0,2509.0,11.97,1.83,2600.16,39.0,25.744800000000005,5034.657,64.55,13.251000000000001,0.4586602362931512,85.5,82.2,79.5,89.2,87.0,84.7,88.4,93.1
6067,T. Almada,Atletico Madrid,La Liga,24.0,576028.0,2030-06-30 00:00:00,LW,RW,W,transfermarkt_profile_and_lineups,95.0,,Left Winger,40.0,4.0,2.0,1704.0,4.0200000000000005,1.94,1766.48,18.0,8.4085,2435.896,24.05,5.378,0.2740025361170237,51.2,35.2,52.1,41.9,43.7,47.2,42.5,67.7
31211,J. Vandeputte,Cremonese,Serie A,29.0,258827.0,2028-06-30 00:00:00,CM,LM,CM,transfermarkt_profile_and_lineups,95.0,,Central Midfield,33.0,1.0,6.0,2035.0,1.02,6.12,2065.74,24.0,5.304,2065.74,24.0,5.304,0.23108426036190424,71.0,72.0,53.8,48.0,23.7,61.5,32.2,77.8
782,L. Pellegrini,AS Roma,Serie A,29.0,286297.0,,CAM,,AM,transfermarkt_profile_and_lineups,95.0,,Attacking Midfield,33.0,7.0,4.0,1989.0,7.380000000000001,4.24,2069.82,25.0,17.4797,4125.504,47.45,10.348,0.44995216975389163,77.0,84.4,59.8,73.8,72.1,78.9,73.2,77.9
24854,G. Prömel,1899 Hoffenheim,Bundesliga,30.0,234029.0,2029-06-30 00:00:00,CM,RW,CM,transfermarkt_profile_and_lineups,95.0,,Central Midfield,34.0,8.0,2.0,1817.0,7.9,2.0,1809.9,17.0,11.55,2618.7400000000002,27.35,9.3,0.4624564893088016,90.0,98.9,43.0,82.1,34.1,64.1,50.9,66.8
276670,F. Chaïbi,Eintracht Frankfurt,Bundesliga,23.0,855015.0,2028-06-30 00:00:00,CAM,CM,AM,transfermarkt_profile_and_lineups,95.0,,Attacking Midfield,38.0,3.0,10.0,2506.0,3.2,10.2,2584.8,28.0,14.605799999999999,4106.419,44.4,10.34,0.36002785515320335,76.2,68.0,77.9,63.9,71.3,74.2,66.5,93.3
226803,S. Nanasi,Strasbourg,Ligue 1,23.0,579928.0,2029-06-30 00:00:00,LW,CAM,W,transfermarkt_profile_and_lineups,95.0,,Left Winger,20.0,7.0,2.0,1109.0,6.859999999999999,1.96,1072.56,18.0,14.70495,2372.1385,34.5,8.232,0.6907585589617364,69.9,89.5,28.9,67.8,41.9,74.8,58.7,48.1
2287,R. Barkley,Aston Villa,Premier League,32.0,131978.0,2027-06-30 00:00:00,CM,CAM,CM,transfermarkt_profile_and_lineups,95.0,,Central Midfield,23.0,3.0,1.0,947.0,3.24,1.08,1011.6600000000001,8.0,9.759,2378.031,20.4,3.9960000000000004,0.35549492912638636,55.9,82.1,19.0,76.0,30.8,35.6,46.6,35.9
182603,Jon Ander Olasagasti,Levante,La Liga,25.0,625660.0,2028-06-30 00:00:00,CM,,CM,transfermarkt_profile_and_lineups,95.0,,Central Midfield,36.0,1.0,5.0,1881.0,1.04,5.2,1935.1000000000001,20.0,6.7893,2894.4210000000003,28.9,4.68,0.21766316986202258,64.5,69.2,48.7,58.4,40.9,55.8,47.0,71.8
203224,F. Wirtz,Liverpool,Premier League,22.0,598577.0,2030-06-30 00:00:00,CAM,LW,AM,transfermarkt_profile_and_lineups,95.0,,Attacking Midfield,49.0,7.0,10.0,3504.0,7.5,10.77,3823.2000000000003,40.0,39.942499999999995,6808.8775000000005,71.5,15.038999999999998,0.3540254237288135,88.5,66.4,95.9,98.4,95.1,83.0,97.2,100.0
368030,E. Kroupi,Bournemouth,Premier League,19.0,955357.0,2030-06-30 00:00:00,ST,CAM,FW,transfermarkt_profile_and_lineups,95.0,,Centre-Forward,35.0,13.0,0.0,1839.0,14.040000000000001,0.0,1948.14,23.0,16.1274,2264.7780000000002,26.3,14.040000000000001,0.6486186824355539,79.4,86.0,62.6,59.8,40.6,81.0,53.1,73.6
391822,Fer López,Celta Vigo,La Liga,21.0,1064471.0,2030-06-30 00:00:00,CAM,CM,AM,transfermarkt_profile_and_lineups,95.0,,Attacking Midfield,35.0,2.0,2.0,1796.0,2.14,2.12,1856.0000000000002,19.0,4.768000000000001,2235.775,22.85,3.624,0.17573275862068966,36.1,10.7,52.5,26.2,33.6,29.7,28.8,68.7
40403,S. Szymański,Rennes,Ligue 1,26.0,320748.0,2029-06-30 00:00:00,CAM,CM,AM,transfermarkt_profile_and_lineups,95.0,,Attacking Midfield,39.0,3.0,5.0,1773.0,2.8600000000000003,4.57,1626.26,20.0,17.575850000000003,4141.198,55.45,6.059,0.33531538622360507,51.6,57.4,44.3,74.6,73.0,53.1,74.0,70.7
48465,F. Ugrinic,Valencia,La Liga,26.0,394236.0,2029-06-30 00:00:00,CM,CAM,CM,transfermarkt_profile_and_lineups,95.0,,Central Midfield,30.0,0.0,3.0,1699.0,0.0,3.12,1740.0800000000002,19.0,3.4407499999999995,2214.235,36.05,2.1839999999999997,0.11296032366327984,32.6,25.8,41.2,30.5,28.0,37.3,28.8,64.9
178749,L. Samardžić,Atalanta,Serie A,23.0,528833.0,2029-06-30 00:00:00,CAM,,AM,transfermarkt_profile_and_lineups,95.0,,Attacking Midfield,38.0,6.0,2.0,1421.0,6.84,2.04,1489.74,14.0,14.8521,3149.166,28.450000000000003,8.268,0.49949655644609126,67.2,85.2,36.1,64.8,56.6,71.7,61.9,57.2
266657,Sávio,Manchester City,Premier League,21.0,743591.0,2031-06-30 00:00:00,LW,RW,W,transfermarkt_profile_and_lineups,95.0,,Left Winger,39.0,5.0,4.0,1802.0,4.23,4.11,1809.33,17.0,18.513,4408.021500000001,45.7,7.107000000000001,0.35351760043773117,62.0,64.5,53.9,81.3,77.4,62.7,80.0,68.3
15916,A. Skov Olsen,VfL Wolfsburg,Bundesliga,26.0,432982.0,2029-06-30 00:00:00,RW,RM,W,transfermarkt_profile_and_lineups,95.0,,Right Winger,20.0,3.0,3.0,1031.0,2.68,2.34,912.52,14.0,13.5564,2561.54,38.0,4.318,0.4258755972471836,43.4,66.6,23.8,64.5,46.1,49.2,58.0,42.5
25635,J. Hofmann,Bayer Leverkusen,Bundesliga,33.0,7161.0,2027-06-30 00:00:00,CAM,RW,AM,transfermarkt_profile_and_lineups,95.0,,Attacking Midfield,28.0,3.0,3.0,1288.0,2.9,3.0,1284.4,14.0,12.434,2478.275,27.45,5.0,0.3503581438804111,45.1,60.7,27.9,55.7,41.0,49.0,50.6,50.7
19030,M. O&apos;Riley,Marseille,Ligue 1,25.0,406634.0,2029-06-30 00:00:00,CM,CAM,CM,transfermarkt_profile_and_lineups,95.0,,Central Midfield,29.0,2.0,3.0,1307.0,2.06,3.16,1381.01,12.0,13.255500000000001,2981.552,32.35,4.272,0.2784049355182077,60.6,77.8,28.7,87.1,44.4,43.0,59.4,49.5
47543,Álvaro García,Rayo Vallecano,La Liga,33.0,257062.0,2028-06-30 00:00:00,LW,,W,transfermarkt_profile_and_lineups,95.0,,Left Winger,38.0,9.0,8.0,2381.0,8.21,7.890000000000001,2429.17,32.0,20.1134,4722.796,56.95,13.733,0.50880341845157,87.3,88.0,74.4,83.4,81.9,87.5,82.9,92.8
725,R. Hack,Borussia Mönchengladbach,Bundesliga,27.0,284010.0,2029-06-30 00:00:00,LW,,W,transfermarkt_profile_and_lineups,95.0,,Left Winger,9.0,3.0,0.0,406.0,2.8,0.0,397.1,4.0,12.498999999999999,2072.415,23.650000000000002,2.8,0.6346008562075044,27.7,67.8,5.1,59.3,32.8,37.7,50.1,15.6
25638,F. Neuhaus,Borussia Mönchengladbach,Bundesliga,28.0,278332.0,2027-06-30 00:00:00,CM,CAM,CM,transfermarkt_profile_and_lineups,95.0,,Central Midfield,18.0,0.0,1.0,952.0,0.0,1.0,950.3,11.0,3.083,1604.9650000000001,17.45,0.7,0.06629485425655056,10.2,24.0,15.4,26.9,16.1,13.1,19.9,37.1
25380,L. Maina,1. FC Köln,Bundesliga,26.0,335103.0,,LW,RW,W,transfermarkt_profile_and_lineups,95.0,,Left Winger,26.0,2.0,1.0,1099.0,2.0,1.0,1091.1,10.0,3.63,1681.83,16.6,2.7,0.22271102557052522,26.8,28.9,29.2,19.3,24.4,27.3,21.1,42.1
8586,M. Vojvoda,Como,Serie A,30.0,336125.0,2028-06-30 00:00:00,RB,RM,FB,transfermarkt_profile_and_lineups,95.0,,Right-Back,34.0,2.0,3.0,1815.0,2.04,2.94,1824.66,21.0,6.545999999999999,3370.128,37.65,4.098,0.2021308079313406,75.4,86.1,41.4,71.6,48.2,46.5,51.7,70.7
180560,H. Mejbri,Burnley,Premier League,22.0,607224.0,2028-06-30 00:00:00,CAM,CM,AM,transfermarkt_profile_and_lineups,95.0,,Attacking Midfield,30.0,1.0,4.0,1369.0,1.08,4.32,1440.18,16.0,4.428,1536.366,17.2,4.104,0.25646794150731156,40.2,34.4,34.4,22.1,17.2,38.7,20.4,55.1
47398,Pere Milla,Espanyol,La Liga,33.0,225593.0,2027-06-30 00:00:00,LW,ST,W,transfermarkt_profile_and_lineups,95.0,,Left Winger,33.0,7.0,1.0,1988.0,7.28,1.04,2067.52,24.0,9.724,2371.901,25.1,8.008000000000001,0.3485915492957747,68.2,63.3,62.7,46.4,41.6,67.0,44.7,76.9
1358,E. Elmas,Napoli,Serie A,26.0,400489.0,2028-06-30 00:00:00,CAM,CM,AM,transfermarkt_profile_and_lineups,95.0,,Attacking Midfield,44.0,1.0,4.0,2481.0,1.02,4.26,2537.0099999999998,28.0,7.2044999999999995,3401.79,36.4,4.002,0.14197027209195076,38.5,4.9,76.2,41.8,60.7,30.1,48.4,93.5
501906,W. Mohya,Borussia Mönchengladbach,Bundesliga,17.0,1070979.0,,CAM,,AM,transfermarkt_profile_and_lineups,95.0,,Attacking Midfield,17.0,2.0,1.0,554.0,2.0,1.0,553.5,6.0,2.7,553.5,6.0,2.7,0.43902439024390244,28.7,63.9,4.9,9.0,3.3,37.5,7.0,23.7
181808,F. Miretti,Juventus,Serie A,22.0,571607.0,2028-06-30 00:00:00,CM,CAM,CM,transfermarkt_profile_and_lineups,95.0,,Central Midfield,31.0,1.0,3.0,945.0,1.02,3.24,1002.9,10.0,7.128299999999999,2349.12,27.5,3.288,0.2950643134908764,48.7,73.5,18.3,62.4,30.5,32.0,41.6,40.9
26,M. Wolf,FC Augsburg,Bundesliga,30.0,193900.0,2027-06-30 00:00:00,RB,RM,FB,transfermarkt_profile_and_lineups,95.0,,Right-Back,31.0,1.0,2.0,1162.0,1.0,2.0,1147.0,14.0,4.5249999999999995,2962.195,36.150000000000006,2.4,0.18831734960767219,53.4,73.7,19.2,57.4,40.5,24.4,43.1,49.3
405360,H. Armstrong,Everton,Premier League,18.0,1107733.0,2028-06-30 00:00:00,CM,CAM,CM,transfermarkt_profile_and_lineups,95.0,,Central Midfield,15.0,0.0,2.0,738.0,0.0,1.5,745.74,8.0,1.3964999999999999,808.443,8.55,1.0499999999999998,0.12671976828385226,21.5,42.7,9.0,11.1,3.6,14.6,6.2,28.7
356888,N. Pisilli,AS Roma,Serie A,21.0,813137.0,2029-06-30 00:00:00,CM,CAM,CM,transfermarkt_profile_and_lineups,95.0,,Central Midfield,34.0,4.0,4.0,1871.0,4.24,4.08,1943.9,19.0,9.5457,3051.4170000000004,28.9,7.096,0.32853541848860535,82.8,90.0,49.1,74.9,47.0,64.3,56.7,69.9
47414,Gumbau,Rayo Vallecano,La Liga,31.0,268670.0,2027-06-30 00:00:00,CDM,CM,DM,transfermarkt_profile_and_lineups,95.0,,Defensive Midfield,34.0,1.0,4.0,1609.0,0.9,4.02,1591.93,25.0,5.116099999999999,3018.721,39.8,3.7139999999999995,0.20997154397492349,71.3,86.8,35.1,67.2,42.0,51.4,50.8,70.5
177807,J. Njinmah,Werder Bremen,Bundesliga,25.0,596153.0,,RW,ST,W,transfermarkt_profile_and_lineups,95.0,,Right Winger,34.0,5.0,0.0,2015.0,5.0,0.0,2009.0,23.0,10.41,2908.58,31.5,5.0,0.2239920358387257,48.3,19.0,60.5,49.7,54.2,41.0,51.3,76.8
37882,M. Edwards,Burnley,Premier League,27.0,314367.0,2029-06-30 00:00:00,RW,CAM,W,transfermarkt_profile_and_lineups,95.0,,Right Winger,26.0,1.0,4.0,1257.0,1.08,3.99,1297.8000000000002,13.0,7.575000000000001,1991.7780000000002,21.25,3.873,0.26858529819694865,38.3,36.4,37.3,37.3,31.0,37.8,35.1,48.4
1321,L. Majer,VfL Wolfsburg,Bundesliga,27.0,387106.0,2028-06-30 00:00:00,CAM,,AM,transfermarkt_profile_and_lineups,95.0,,Attacking Midfield,29.0,3.0,5.0,1434.0,2.9,4.8,1428.1,17.0,10.295,2327.74,27.25,6.26,0.3945101883621595,53.3,74.6,33.6,51.6,36.9,58.6,46.5,57.1
305730,J. Hinshelwood,Brighton,Premier League,20.0,867688.0,2029-06-30 00:00:00,CDM,CAM,DM,transfermarkt_profile_and_lineups,95.0,,Defensive Midfield,30.0,4.0,4.0,1988.0,4.32,4.32,2094.48,23.0,12.5334,3724.7160000000003,40.35,7.344,0.31557236163630115,91.4,97.1,48.9,94.8,55.2,68.0,69.1,74.7
122657,R. Nteka,Rayo Vallecano,La Liga,28.0,560483.0,2028-06-30 00:00:00,CAM,ST,AM,transfermarkt_profile_and_lineups,95.0,,Attacking Midfield,16.0,3.0,0.0,550.0,3.12,0.0,528.23,6.0,5.6364,1535.057,18.25,3.12,0.5315866194650058,30.3,72.1,4.1,32.0,16.4,40.8,26.5,23.2
1161,E. Smith Rowe,Fulham,Premier League,25.0,392765.0,2029-06-30 00:00:00,CAM,,AM,transfermarkt_profile_and_lineups,95.0,,Attacking Midfield,43.0,5.0,0.0,2359.0,4.890000000000001,0.0,2433.69,27.0,10.155000000000001,3867.6240000000003,42.2,4.890000000000001,0.18083650752560926,43.4,11.5,72.1,50.8,68.0,35.5,56.8,90.1
20925,V. Marchetti,Paris FC,Ligue 1,28.0,374040.0,2027-06-30 00:00:00,CM,CDM,CM,transfermarkt_profile_and_lineups,95.0,,Central Midfield,23.0,2.0,1.0,819.0,1.96,0.98,802.62,9.0,2.646,802.62,9.0,2.646,0.2967032967032967,40.7,70.3,11.1,21.9,3.2,24.4,9.7,34.3
30542,J. Odgaard,Bologna,Serie A,26.0,345590.0,2029-06-30 00:00:00,CAM,,AM,transfermarkt_profile_and_lineups,95.0,,Attacking Midfield,41.0,7.0,2.0,2007.0,7.300000000000001,2.12,2039.3,23.0,15.580200000000001,3571.6189999999997,40.6,8.784,0.3876624331878586,68.9,76.2,59.0,68.0,63.9,70.7,66.6,78.9
90590,G. Rutter,Brighton,Premier League,23.0,538977.0,2028-06-30 00:00:00,ST,,FW,transfermarkt_profile_and_lineups,95.0,,Centre-Forward,35.0,3.0,4.0,1969.0,3.24,4.32,2084.4300000000003,22.0,12.312900000000003,3225.1440000000002,34.95,6.264,0.2704624285775967,42.0,6.6,66.1,43.7,62.2,33.1,50.2,75.2
129711,B. Johnson,Tottenham,Premier League,24.0,470607.0,2030-06-30 00:00:00,RW,LW,W,transfermarkt_profile_and_lineups,95.0,,Right Winger,41.0,4.0,1.0,2074.0,4.11,1.08,2198.79,26.0,21.657000000000004,4835.468000000001,53.65,4.8660000000000005,0.19917318161352382,45.8,13.9,67.8,86.4,84.6,37.8,85.8,83.2
14,M. Dahoud,Eintracht Frankfurt,Bundesliga,29.0,191422.0,,CM,CDM,CM,transfermarkt_profile_and_lineups,95.0,,Central Midfield,19.0,2.0,3.0,827.0,2.0,3.0,849.2,9.0,5.5618,1620.2510000000002,16.65,4.1,0.4345266132830899,58.4,85.7,12.9,49.8,17.2,33.4,28.6,33.0
389315,Joshua King,Fulham,Premier League,18.0,1011131.0,2029-06-30 00:00:00,CAM,,AM,transfermarkt_profile_and_lineups,95.0,,Attacking Midfield,38.0,2.0,2.0,1538.0,1.83,2.16,1595.5200000000002,17.0,3.342,1731.0330000000004,18.1,3.342,0.18851534296028877,32.0,18.9,42.6,14.8,20.5,28.7,16.8,62.6
128398,Oihan Sancet,Athletic Club,La Liga,25.0,571020.0,2032-06-30 00:00:00,CAM,,AM,transfermarkt_profile_and_lineups,95.0,,Attacking Midfield,38.0,6.0,1.0,2466.0,6.26,1.2,2576.36,31.0,21.206400000000002,4527.838,53.5,7.1,0.24802434442391585,57.8,28.7,77.0,83.6,77.0,50.5,81.3,94.5
2762,J. Brekalo,Oviedo,La Liga,27.0,293169.0,2027-06-30 00:00:00,LW,,W,transfermarkt_profile_and_lineups,95.0,,Left Winger,16.0,1.0,0.0,579.0,0.9,0.0,588.72,7.0,3.5226,1391.9070000000002,18.3,0.9,0.13758662861801876,8.7,26.8,11.7,18.4,21.1,13.3,19.3,24.8
1101,T. Minamino,Monaco,Ligue 1,30.0,165793.0,2027-06-30 00:00:00,LW,CAM,W,transfermarkt_profile_and_lineups,95.0,,Left Winger,20.0,4.0,3.0,1276.0,4.14,3.16,1322.2,15.0,17.0407,3569.598,41.2,6.351999999999999,0.4323702919376796,56.9,71.7,39.2,77.4,66.9,60.6,73.7,48.5
22254,Y. Fofana,AC Milan,Serie A,26.0,569598.0,2028-06-30 00:00:00,CDM,CM,DM,transfermarkt_profile_and_lineups,95.0,,Defensive Midfield,36.0,2.0,4.0,2373.0,2.04,3.96,2398.59,29.0,10.998899999999999,5401.467000000001,63.05,4.811999999999999,0.18055607669505833,81.6,83.9,59.2,90.8,86.8,69.3,88.2,90.8
143,Carles Aleñá,Alaves,La Liga,27.0,284854.0,2029-06-30 00:00:00,CM,LW,CM,transfermarkt_profile_and_lineups,95.0,,Central Midfield,38.0,0.0,4.0,2203.0,0.0,4.16,2262.28,25.0,4.8102,3537.6870000000004,38.5,2.912,0.11584772883993139,44.8,27.2,60.6,43.4,59.9,53.5,54.1,84.1
1468,E. Nketiah,Crystal Palace,Premier League,26.0,340324.0,2029-06-30 00:00:00,ST,LW,FW,transfermarkt_profile_and_lineups,95.0,,Centre-Forward,14.0,2.0,0.0,506.0,2.16,0.0,516.7800000000001,5.0,8.543700000000001,1629.333,13.8,2.16,0.37617554858934166,14.7,41.3,9.4,31.1,24.8,21.3,28.9,20.6
328262,M. Damar,1899 Hoffenheim,Bundesliga,21.0,789898.0,2029-06-30 00:00:00,CAM,,AM,transfermarkt_profile,85.0,,Attacking Midfield,16.0,0.0,1.0,279.0,0.0,0.9,277.9,2.0,0.63,277.9,2.0,0.63,0.20403022670025192,2.5,42.6,0.8,1.6,0.8,12.5,1.4,13.7
347316,L. Bergvall,Tottenham,Premier League,19.0,866246.0,2031-06-30 00:00:00,CM,CAM,CM,transfermarkt_profile_and_lineups,95.0,,Central Midfield,33.0,1.0,5.0,1465.0,1.08,5.19,1588.0600000000002,17.0,6.3993,2852.7850000000003,29.1,4.713,0.2670994798685188,65.9,78.5,34.1,56.6,39.8,48.4,45.7,59.2
24910,T. Skarke,Union Berlin,Bundesliga,29.0,287920.0,,ST,RW,FW,transfermarkt_profile_and_lineups,95.0,,Centre-Forward,25.0,1.0,1.0,686.0,1.0,1.0,678.1,5.0,5.29,2066.275,19.75,1.7,0.22563043798849727,10.3,22.4,16.4,16.4,35.3,13.3,23.0,28.3
792,J. Kluivert,Bournemouth,Premier League,26.0,330659.0,2028-06-30 00:00:00,CAM,,AM,transfermarkt_profile_and_lineups,95.0,,Attacking Midfield,21.0,2.0,0.0,1019.0,2.16,0.0,1078.74,11.0,15.735600000000003,3247.1639999999998,35.85,2.16,0.1802102452861672,18.9,24.6,23.0,69.7,57.4,20.3,65.4,39.6
158697,J. McAtee,Nottingham Forest,Premier League,23.0,583199.0,2030-06-30 00:00:00,CAM,RM,AM,transfermarkt_profile_and_lineups,95.0,,Attacking Midfield,26.0,1.0,2.0,1018.0,1.1,2.18,1075.42,13.0,8.9344,2118.25,23.15,2.6260000000000003,0.2197653009986796,25.4,30.3,22.1,45.9,30.3,26.6,40.5,43.5
47349,Javi Puado,Espanyol,La Liga,27.0,408471.0,2030-06-30 00:00:00,LW,ST,W,transfermarkt_profile_and_lineups,95.0,,Left Winger,10.0,2.0,0.0,678.0,2.08,0.0,705.12,8.0,10.5456,2414.8280000000004,27.25,2.08,0.2654867256637168,20.5,41.0,16.9,50.3,43.4,25.6,47.9,25.6
46887,Pedro Díaz,Rayo Vallecano,La Liga,27.0,363057.0,2028-06-30 00:00:00,CM,CAM,CM,transfermarkt_profile_and_lineups,95.0,,Central Midfield,36.0,1.0,1.0,1979.0,0.9,1.04,2040.0500000000002,23.0,3.839,2850.585,31.25,1.6280000000000001,0.07182176907428739,25.4,10.8,52.7,33.3,39.4,40.4,37.3,76.8
46860,Javi Muñoz,Getafe,La Liga,30.0,282421.0,2028-06-30 00:00:00,CM,,CM,transfermarkt_profile_and_lineups,95.0,,Central Midfield,20.0,2.0,0.0,826.0,1.8,0.0,819.7,7.0,4.852399999999999,3215.26,31.950000000000003,1.8,0.1976332804684641,28.3,57.0,11.8,44.1,50.5,19.2,48.3,31.3
301187,Pablo,West Ham,Premier League,21.0,817665.0,2030-06-30 00:00:00,ST,,FW,transfermarkt_profile_and_lineups,95.0,,Centre-Forward,30.0,10.0,2.0,1991.0,7.800000000000001,1.86,1826.46,23.0,11.247,2234.838,28.3,9.102,0.44850694786636447,56.6,52.4,58.7,38.8,40.2,55.6,39.3,74.8
286458,J. Devenny,Crystal Palace,Premier League,22.0,747009.0,2027-06-30 00:00:00,CAM,RM,AM,transfermarkt_profile_and_lineups,95.0,,Attacking Midfield,28.0,1.0,0.0,1021.0,1.08,0.0,1036.47,11.0,2.5848,1376.634,13.75,1.08,0.09377984891024344,7.8,13.9,20.5,8.2,12.3,9.3,9.6,42.3
195993,C. Alcaraz,Everton,Premier League,23.0,748319.0,2027-06-30 00:00:00,CM,CAM,CM,transfermarkt_profile_and_lineups,95.0,,Central Midfield,22.0,1.0,1.0,808.0,0.75,1.08,832.0500000000001,8.0,4.5336,1466.901,13.350000000000001,1.506,0.16289886425094643,24.7,50.9,12.5,40.5,12.9,18.0,22.6,32.7
268960,A. Zakharyan,Real Sociedad,La Liga,22.0,555143.0,2029-06-30 00:00:00,CAM,LW,AM,transfermarkt_profile_and_lineups,95.0,,Attacking Midfield,21.0,1.0,0.0,696.0,0.9,0.0,689.12,6.0,3.3121,1369.313,14.05,0.9,0.11754121198049687,4.1,26.2,9.0,13.9,11.5,9.6,13.1,28.1
332308,Unai Gómez,Athletic Club,La Liga,22.0,834752.0,2031-06-30 00:00:00,CAM,LW,AM,transfermarkt_profile_and_lineups,95.0,,Attacking Midfield,37.0,2.0,1.0,1433.0,1.94,1.04,1515.1200000000001,17.0,6.0937,2934.2700000000004,31.3,2.668,0.15848249643592588,27.0,13.1,38.5,35.2,49.2,23.6,40.1,60.1
354298,T. Nnadi,Marseille,Ligue 1,22.0,920470.0,2030-06-30 00:00:00,CDM,,DM,transfermarkt_profile_and_lineups,95.0,,Defensive Midfield,26.0,0.0,2.0,1771.0,0.0,1.76,1451.98,21.0,1.232,1451.98,21.0,1.232,0.07636468821884598,38.5,43.1,29.9,24.1,13.8,33.8,17.4,66.8
67971,M. Guéhi,Manchester City,Premier League,25.0,392757.0,2031-06-30 00:00:00,CB,,CB,transfermarkt_profile_and_lineups,95.0,,Centre-Back,46.0,5.0,4.0,4001.0,4.890000000000001,4.32,4131.75,49.0,10.7544,6926.637000000001,78.8,7.914000000000001,0.17238700308585952,98.6,95.5,96.2,97.9,96.0,96.5,96.2,100.0
2194,R. Bensebaïni,Borussia Dortmund,Bundesliga,30.0,284732.0,2027-06-30 00:00:00,CB,,CB,transfermarkt_profile_and_lineups,95.0,,Centre-Back,37.0,7.0,3.0,2846.0,7.4,2.9,2878.9,30.0,14.261,5023.9400000000005,52.400000000000006,9.43,0.2948000972593699,99.3,99.8,73.8,99.8,78.1,77.6,81.3,98.9
22224,Gabriel Magalhães,Arsenal,Premier League,28.0,435338.0,2029-06-30 00:00:00,CB,,CB,transfermarkt_profile_and_lineups,95.0,,Centre-Back,50.0,4.0,5.0,4090.0,4.44,5.5200000000000005,4394.43,45.0,13.784400000000002,7754.211,79.7,8.304,0.17006983840907694,98.8,94.8,98.3,99.5,98.8,98.4,98.9,100.0
361497,D. Huijsen,Real Madrid,La Liga,20.0,890290.0,2030-06-30 00:00:00,CB,,CB,transfermarkt_profile_and_lineups,95.0,,Centre-Back,45.0,2.0,2.0,3488.0,2.08,2.08,3576.48,41.0,6.9758000000000004,5368.866,58.75,3.536,0.08898134478593477,86.4,74.8,90.5,91.2,82.6,89.9,83.9,100.0
372,Éder Militão,Real Madrid,La Liga,27.0,401530.0,2028-06-30 00:00:00,CB,,CB,transfermarkt_profile_and_lineups,95.0,,Centre-Back,22.0,2.0,1.0,1556.0,2.08,1.04,1672.7800000000002,18.0,3.7803999999999998,2597.4670000000006,28.05,2.808,0.15107784645918768,80.5,90.7,36.0,76.0,34.8,42.6,40.9,57.9
290,V. van Dijk,Liverpool,Premier League,34.0,139208.0,2027-06-30 00:00:00,CB,,CB,transfermarkt_profile_and_lineups,95.0,,Centre-Back,55.0,8.0,3.0,4941.0,8.88,3.5999999999999996,5373.0,55.0,15.6294,9098.982,92.6,11.4,0.19095477386934676,100.0,96.7,100.0,100.0,100.0,100.0,100.0,100.0
972,J. Tah,Bayern München,Bundesliga,29.0,196357.0,2029-06-30 00:00:00,CB,,CB,transfermarkt_profile_and_lineups,95.0,,Centre-Back,53.0,3.0,3.0,4072.0,3.2,2.95,4130.25,46.0,9.745000000000001,7827.1425,85.9,5.265000000000001,0.11472671145814418,93.8,83.6,96.0,96.9,99.0,95.6,98.7,100.0
1148,W. Orbán,RB Leipzig,Bundesliga,33.0,93740.0,2027-06-30 00:00:00,CB,,CB,transfermarkt_profile_and_lineups,95.0,,Centre-Back,37.0,3.0,2.0,3310.0,2.9,1.8,3274.0,37.0,7.6165,5755.1,64.2,4.16,0.11435552840562004,90.5,83.1,84.5,93.6,86.2,85.4,87.3,98.9
257,Marquinhos,Paris Saint Germain,Ligue 1,31.0,,,CB,,CB,statistical_fallback,58.5,,,0.0,0.0,0.0,0.0,0.0,0.0,0.0,0.0,0.0,0.0,0.0,0.0,0.0,14.6,49.2,1.1,6.1,1.1,3.1,1.8,0.0
38695,J. van Hecke,Brighton,Premier League,25.0,576314.0,,CB,,CB,transfermarkt_profile_and_lineups,95.0,,Centre-Back,40.0,3.0,3.0,3411.0,3.24,3.24,3630.63,38.0,6.8957999999999995,6643.746,69.15,5.508,0.136538286743623,94.5,89.8,92.1,90.7,93.8,92.5,93.3,100.0
1314,Amir Rrahmani,Napoli,Serie A,31.0,257732.0,2027-06-30 00:00:00,CB,,CB,transfermarkt_profile_and_lineups,95.0,,Centre-Back,27.0,2.0,1.0,2340.0,2.04,1.02,2376.0,27.0,5.7711,5367.669,60.150000000000006,2.754,0.10431818181818182,80.0,80.5,59.0,87.6,82.4,62.2,83.2,84.8
25368,W. Anton,Borussia Dortmund,Bundesliga,29.0,193004.0,2028-06-30 00:00:00,CB,,CB,transfermarkt_profile_and_lineups,95.0,,Centre-Back,49.0,3.0,0.0,4377.0,3.2,0.0,4383.9,49.0,7.116,6852.849999999999,75.75,3.2,0.0656949291726545,83.6,62.6,97.9,92.1,95.0,95.7,94.6,100.0
387521,L. Vušković,Hamburger SV,Bundesliga,18.0,892160.0,2030-06-30 00:00:00,CB,,CB,transfermarkt_profile_and_lineups,95.0,,Centre-Back,30.0,6.0,1.0,2652.0,6.0,1.0,2631.0,29.0,10.3036,3692.775,44.400000000000006,6.7,0.2291904218928164,97.1,99.0,66.4,97.4,57.6,71.0,63.6,94.3
307835,Beraldo,Paris Saint Germain,Ligue 1,22.0,872171.0,2028-06-30 00:00:00,CB,CDM,CB,transfermarkt_profile_and_lineups,95.0,,Centre-Back,27.0,2.0,1.0,1915.0,1.96,0.98,1807.93,21.0,3.479,3433.014,38.45,2.646,0.131719701537117,78.9,87.9,40.5,72.4,51.0,46.2,54.2,70.1
1567,A. Mandi,Lille,Ligue 1,34.0,80293.0,,CB,,CB,transfermarkt_profile_and_lineups,95.0,,Centre-Back,40.0,1.0,0.0,3278.0,0.98,0.0,3314.5600000000004,36.0,1.292,4979.6045,54.6,0.98,0.026609866769646644,44.8,22.6,85.0,36.9,77.9,79.0,71.7,100.0
6610,M. Senesi,Bournemouth,Premier League,28.0,469781.0,2030-06-30 00:00:00,CB,,CB,transfermarkt_profile_and_lineups,95.0,,Centre-Back,39.0,0.0,5.0,3365.0,0.0,5.4,3613.9500000000003,37.0,6.209999999999999,5130.171,53.7,3.78,0.09413522599925288,88.3,76.7,91.4,89.3,80.2,91.0,81.6,99.6
174918,L. Badé,Bayer Leverkusen,Bundesliga,25.0,730581.0,2030-06-30 00:00:00,CB,,CB,transfermarkt_profile_and_lineups,95.0,,Centre-Back,34.0,0.0,0.0,2382.0,0.0,0.0,2491.4,27.0,1.1907999999999999,4883.310000000001,53.9,0.0,0.0,14.6,4.6,62.1,35.0,76.9,55.0,70.6,88.3
18967,L. Østigård,Genoa,Serie A,26.0,367284.0,2030-06-30 00:00:00,CB,,CB,transfermarkt_profile_and_lineups,95.0,,Centre-Back,31.0,5.0,1.0,2644.0,5.1,1.02,2694.36,30.0,7.019,4465.188,49.75,5.814,0.19420567407473388,95.4,96.9,70.5,91.4,68.6,74.2,72.0,95.5
2897,Kim Min-Jae,Bayern München,Bundesliga,29.0,503482.0,2028-06-30 00:00:00,CB,,CB,transfermarkt_profile_and_lineups,95.0,,Centre-Back,37.0,1.0,1.0,2051.0,1.0,1.0,2105.7,23.0,4.18,5049.914999999999,55.650000000000006,1.7,0.07265992306596382,63.0,66.2,50.0,79.0,78.8,51.9,78.8,78.7
422780,A. Anselmino,Borussia Dortmund,Bundesliga,20.0,1145504.0,2031-06-30 00:00:00,CB,,CB,transfermarkt_profile_and_lineups,95.0,,Centre-Back,14.0,1.0,1.0,603.0,1.0,1.2,632.0,7.0,1.8399999999999999,632.0,7.0,1.8399999999999999,0.2620253164556962,67.4,86.4,9.3,48.1,4.5,18.0,11.1,24.5
25916,M. Niakhaté,Lyon,Ligue 1,29.0,291200.0,2028-06-30 00:00:00,CB,,CB,transfermarkt_profile_and_lineups,95.0,,Centre-Back,41.0,1.0,2.0,3497.0,1.1,1.96,3515.7400000000002,39.0,2.796,5943.943000000001,64.7,2.472,0.0632811300039252,76.7,60.0,89.8,63.1,88.6,87.8,84.7,100.0
396623,Pau Cubarsí Paredes,Barcelona,La Liga,18.0,962110.0,2029-06-30 00:00:00,CB,,CB,transfermarkt_profile_and_lineups,95.0,,Centre-Back,48.0,1.0,0.0,3978.0,1.04,0.0,4155.54,45.0,3.3872000000000004,7200.661,77.7,1.04,0.022524148486117328,52.3,18.3,96.7,70.7,97.6,90.0,93.6,100.0
162952,Mario Gila,Lazio,Serie A,25.0,618341.0,2031-06-30 00:00:00,CB,,CB,transfermarkt_profile_and_lineups,95.0,,Centre-Back,35.0,0.0,0.0,2829.0,0.0,0.0,2843.94,34.0,1.1660000000000001,5483.311000000001,62.5,0.0,0.0,14.6,4.6,72.9,33.1,83.3,64.1,75.8,98.1
322984,S. Baidoo,Lens,Ligue 1,21.0,655217.0,2030-06-30 00:00:00,CB,,CB,transfermarkt_profile_and_lineups,95.0,,Centre-Back,23.0,2.0,1.0,1827.0,1.96,0.98,1790.46,20.0,2.646,1790.46,20.0,2.646,0.13300492610837436,78.9,88.8,39.8,61.2,20.2,45.6,26.4,65.8
264472,F. Terracciano,AC Milan,Serie A,22.0,631007.0,2028-06-30 00:00:00,CB,RB,CB,transfermarkt_profile_and_lineups,95.0,,Centre-Back,37.0,2.0,0.0,3102.0,2.04,0.0,3153.24,34.0,2.2542,3995.8799999999997,42.65,2.04,0.058225824865852274,70.4,54.8,81.9,54.8,62.6,80.2,61.4,98.9
22166,M. Sarr,Lens,Ligue 1,26.0,344596.0,,CB,,CB,transfermarkt_profile_and_lineups,95.0,,Centre-Back,33.0,0.0,1.0,2925.0,0.0,0.98,2866.5,33.0,0.6859999999999999,3640.6855,41.8,0.6859999999999999,0.021538461538461538,31.2,17.6,73.6,20.7,56.0,67.2,50.7,97.4
166,J. Foyth,Villarreal,La Liga,27.0,480763.0,2029-06-30 00:00:00,CB,,CB,transfermarkt_profile_and_lineups,95.0,,Centre-Back,18.0,0.0,0.0,1314.0,0.0,0.0,1410.24,17.0,1.1024,2689.678,30.85,0.0,0.0,14.6,13.1,28.8,32.4,37.6,26.7,36.8,50.5
386305,Jacobo Ramón Naveros,Como,Serie A,20.0,948278.0,2030-06-30 00:00:00,CB,,CB,transfermarkt_profile_and_lineups,95.0,,Centre-Back,38.0,2.0,0.0,3180.0,2.04,0.0,3187.56,35.0,2.612,3356.146,36.65,2.04,0.057598915785114634,70.4,54.3,82.1,60.5,48.8,80.4,50.6,99.2
567,Rúben Dias,Manchester City,Premier League,28.0,258004.0,2029-06-30 00:00:00,CB,,CB,transfermarkt_profile_and_lineups,95.0,,Centre-Back,36.0,2.0,0.0,2873.0,2.16,0.0,3088.65,32.0,2.16,6179.1990000000005,63.85,2.16,0.06294011946967122,73.0,59.8,80.0,53.0,91.9,78.9,86.1,98.5
21694,N. Aguerd,Marseille,Ligue 1,29.0,361914.0,2030-06-30 00:00:00,CB,,CB,transfermarkt_profile_and_lineups,95.0,,Centre-Back,24.0,1.0,0.0,2099.0,0.98,0.0,2157.92,24.0,1.634,4577.227000000001,50.5,0.98,0.040872692222139836,44.8,41.0,52.4,44.0,71.2,51.2,67.1,75.8
2936,J. Tarkowski,Everton,Premier League,33.0,173504.0,2028-06-30 00:00:00,CB,,CB,transfermarkt_profile_and_lineups,95.0,,Centre-Back,40.0,2.0,3.0,3630.0,2.16,3.24,3839.4,40.0,5.9886,6801.786,71.0,4.428,0.10379746835443036,91.0,80.2,94.0,88.3,94.8,93.6,93.8,100.0
5,M. Akanji,Inter,Serie A,30.0,284730.0,2028-06-30 00:00:00,CB,,CB,transfermarkt_profile_and_lineups,95.0,,Centre-Back,47.0,2.0,1.0,3864.0,2.04,0.75,3991.0499999999997,41.0,4.395,6922.647,71.75,2.565,0.0578419212989063,77.6,54.5,95.5,80.7,95.7,92.8,93.5,100.0
161671,I. Zabarnyi,Paris Saint Germain,Ligue 1,23.0,659089.0,2030-06-30 00:00:00,CB,,CB,transfermarkt_profile_and_lineups,95.0,,Centre-Back,35.0,1.0,0.0,2675.0,0.98,0.0,2644.36,29.0,1.7198,5764.966,61.6,0.98,0.03335400626238484,44.8,31.0,66.9,45.7,86.4,63.6,80.3,96.6
30776,C. Romero,Tottenham,Premier League,27.0,355915.0,2029-06-30 00:00:00,CB,,CB,transfermarkt_profile_and_lineups,95.0,,Centre-Back,32.0,6.0,4.0,2657.0,6.37,4.68,2932.14,31.0,12.699300000000001,5085.678,54.95,9.646,0.2960772677975813,99.5,100.0,76.0,99.0,79.3,79.5,82.2,96.1
30497,Bremer,Juventus,Serie A,28.0,516716.0,2029-06-30 00:00:00,CB,,CB,transfermarkt_profile_and_lineups,95.0,,Centre-Back,31.0,4.0,3.0,2569.0,4.08,3.06,2664.2999999999997,30.0,7.14,4117.4039999999995,46.4,6.2219999999999995,0.2101790338925797,96.2,98.3,68.8,92.4,64.8,72.9,68.9,94.0
38112,J. Chabot,VfB Stuttgart,Bundesliga,27.0,303219.0,2028-06-30 00:00:00,CB,,CB,transfermarkt_profile_and_lineups,95.0,,Centre-Back,40.0,0.0,0.0,3432.0,0.0,0.0,3442.75,39.0,2.515,6201.46,70.65,0.0,0.0,14.6,4.6,88.1,59.3,92.1,77.1,87.2,100.0
2806,F. Schär,Newcastle,Premier League,34.0,135343.0,2027-06-30 00:00:00,CB,,CB,transfermarkt_profile_and_lineups,95.0,,Centre-Back,21.0,1.0,0.0,1402.0,0.75,0.0,1470.48,15.0,5.008800000000001,4626.771000000001,47.75,0.75,0.04590337848865677,38.2,45.0,31.2,84.0,72.1,32.2,73.9,51.4
115588,B. Okoh,Auxerre,Ligue 1,22.0,539795.0,2029-06-30 00:00:00,CB,,CB,transfermarkt_profile_and_lineups,95.0,,Centre-Back,19.0,4.0,2.0,1546.0,3.69,1.5,1390.88,31.0,4.74,1390.88,31.0,4.74,0.30671229725066146,92.1,99.5,27.1,82.9,13.8,36.9,24.2,68.6
295793,Marc Pubill,Atletico Madrid,La Liga,22.0,844637.0,2030-06-30 00:00:00,CB,,CB,transfermarkt_profile_and_lineups,95.0,,Centre-Back,36.0,1.0,1.0,2775.0,1.04,1.04,2924.38,29.0,2.7352,3514.0600000000004,35.6,1.768,0.05441153338485423,65.4,52.9,75.5,62.1,53.1,74.0,54.5,97.5
2467,Lisandro Martínez,Manchester United,Premier League,27.0,480762.0,2027-06-30 00:00:00,CB,,CB,transfermarkt_profile_and_lineups,95.0,,Centre-Back,19.0,0.0,0.0,1310.0,0.0,0.0,1400.5800000000002,14.0,2.2541,3184.443,33.25,0.0,0.0,14.6,13.6,28.3,54.5,45.2,26.3,46.6,47.8
162761,C. Lukeba,RB Leipzig,Bundesliga,23.0,618472.0,2029-06-30 00:00:00,CB,,CB,transfermarkt_profile_and_lineups,95.0,,Centre-Back,29.0,1.0,1.0,2447.0,1.0,0.9,2420.0,27.0,1.93,4490.285,49.0,1.63,0.060619834710743795,61.2,57.1,60.0,48.8,69.5,60.2,66.4,87.7
369500,I. Ganiou,Lens,Ligue 1,20.0,1020191.0,2028-06-30 00:00:00,CB,,CB,transfermarkt_profile_and_lineups,95.0,,Centre-Back,23.0,3.0,0.0,2014.0,2.94,0.0,1973.72,22.0,2.94,1973.72,22.0,2.94,0.13406156901688182,81.4,89.0,47.1,64.5,23.3,52.3,29.5,71.7
18895,F. Lejeune,Rayo Vallecano,La Liga,34.0,127108.0,2028-06-30 00:00:00,CB,,CB,transfermarkt_profile_and_lineups,95.0,,Centre-Back,41.0,2.0,1.0,3608.0,2.08,1.04,3673.59,52.0,6.307599999999999,6662.728000000001,84.0,2.808,0.06879374127216155,80.5,64.5,92.9,90.0,94.3,91.0,93.6,100.0
47302,Diego Llorente,Real Betis,La Liga,32.0,246291.0,2028-06-30 00:00:00,CB,,CB,transfermarkt_profile_and_lineups,95.0,,Centre-Back,29.0,2.0,0.0,2192.0,1.94,0.0,2269.98,25.0,3.8352,4750.4105,56.95,1.94,0.07691697724209023,68.8,68.3,55.7,76.8,75.0,57.7,75.3,80.5
289761,G. Scalvini,Atalanta,Serie A,22.0,571604.0,2028-06-30 00:00:00,CB,,CB,transfermarkt_profile_and_lineups,95.0,,Centre-Back,30.0,3.0,1.0,2221.0,3.06,1.02,2267.94,28.0,5.0526,3461.517,41.85,3.774,0.1497658668218736,88.0,91.7,55.5,84.5,52.1,60.4,57.0,84.5
1145,I. Konaté,Liverpool,Premier League,26.0,357119.0,2030-06-30 00:00:00,CB,,CB,transfermarkt_profile_and_lineups,95.0,,Centre-Back,51.0,2.0,0.0,4280.0,2.2800000000000002,0.0,4657.8,49.0,4.365600000000001,7337.022000000001,77.15,2.2800000000000002,0.044055133324745595,74.0,43.6,98.8,80.5,98.3,95.1,95.7,100.0
1445,K. Mavropanos,West Ham,Premier League,28.0,415912.0,2028-06-30 00:00:00,CB,,CB,transfermarkt_profile_and_lineups,95.0,,Centre-Back,35.0,3.0,0.0,2907.0,3.24,0.0,3058.56,31.0,3.564,5107.872,51.2,3.24,0.09533898305084745,84.5,77.4,78.8,73.6,80.0,79.7,79.0,98.1
2278,Marcos Alonso,Celta Vigo,La Liga,35.0,112515.0,2028-06-30 00:00:00,CB,,CB,transfermarkt_profile_and_lineups,95.0,,Centre-Back,43.0,1.0,0.0,3759.0,1.04,0.0,3968.7000000000003,42.0,3.251,5715.918000000001,60.55,1.04,0.02358454909668153,52.3,19.5,95.0,68.3,85.7,88.6,83.1,100.0
619,Eric García,Barcelona,La Liga,24.0,466794.0,2031-06-30 00:00:00,CB,CDM,CB,transfermarkt_profile_and_lineups,95.0,,Centre-Back,51.0,1.0,2.0,3954.0,1.04,2.08,4149.150000000001,47.0,8.2162,6204.610500000001,66.75,2.496,0.054141209645349034,77.0,52.4,96.4,94.5,92.4,93.5,92.7,100.0
181701,Gerard Martín,Barcelona,La Liga,23.0,705395.0,2028-06-30 00:00:00,CB,LB,CB,transfermarkt_profile_and_lineups,95.0,,Centre-Back,51.0,0.0,1.0,3223.0,0.0,1.2,3430.13,38.0,3.9992,4469.6685,48.45,0.84,0.022039980991974066,41.4,17.9,87.9,77.9,68.8,80.9,70.2,100.0
194,S. de Vrij,Inter,Serie A,33.0,111196.0,2027-06-30 00:00:00,CB,,CB,transfermarkt_profile_and_lineups,95.0,,Centre-Back,20.0,0.0,0.0,1353.0,0.0,0.0,1324.17,16.0,2.27775,3624.393,39.95,0.0,0.0,14.6,14.0,26.2,55.0,55.5,24.5,55.4,51.1
129681,A. Rouault,Rennes,Ligue 1,24.0,690799.0,2029-06-30 00:00:00,CB,,CB,transfermarkt_profile_and_lineups,95.0,,Centre-Back,21.0,1.0,0.0,1723.0,0.98,0.0,1688.54,19.0,1.95,3747.502,41.85,0.98,0.0522344747533372,44.8,51.0,36.4,49.8,58.1,37.7,56.8,62.0
17661,J. Branthwaite,Everton,Premier League,23.0,661053.0,2030-06-30 00:00:00,CB,LB,CB,transfermarkt_profile_and_lineups,95.0,,Centre-Back,10.0,1.0,1.0,681.0,1.08,1.08,735.48,7.0,3.4506,3398.3280000000004,34.9,1.836,0.2246696035242291,66.9,85.5,11.7,71.5,49.8,20.0,53.0,24.6
46966,Dani Calvo,Oviedo,La Liga,31.0,326416.0,2027-06-30 00:00:00,CB,,CB,transfermarkt_profile_and_lineups,95.0,,Centre-Back,21.0,0.0,0.0,1729.0,0.0,0.0,1781.3600000000001,18.0,0.0,1781.3600000000001,18.0,0.0,0.0,14.6,9.3,39.5,6.1,20.0,35.8,17.9,61.1
25011,A. Pieper,Werder Bremen,Bundesliga,27.0,334221.0,,CB,,CB,transfermarkt_profile_and_lineups,95.0,,Centre-Back,19.0,0.0,0.0,1504.0,0.0,0.0,1504.0,19.0,0.0,2510.26,30.200000000000003,0.0,0.0,14.6,11.9,31.7,6.1,32.4,29.1,28.4,56.8
38734,S. Botman,Newcastle,Premier League,25.0,361093.0,2030-06-30 00:00:00,CB,,CB,transfermarkt_profile_and_lineups,95.0,,Centre-Back,38.0,2.0,1.0,2862.0,2.2800000000000002,1.08,3029.67,32.0,4.137600000000001,3826.062,41.0,3.0360000000000005,0.09018804028161484,82.4,75.5,78.6,78.6,59.0,79.1,62.0,99.2
163189,M. Thiaw,Newcastle,Premier League,24.0,521964.0,2029-06-30 00:00:00,CB,,CB,transfermarkt_profile_and_lineups,95.0,,Centre-Back,54.0,5.0,1.0,4641.0,5.5200000000000005,0.75,4921.02,51.0,7.3812,6974.919000000001,72.8,6.045,0.11055634807417973,96.0,82.4,99.8,93.1,96.4,99.2,95.9,100.0
2729,J. Andersen,Fulham,Premier League,29.0,260827.0,2029-06-30 00:00:00,CB,,CB,transfermarkt_profile_and_lineups,95.0,,Centre-Back,35.0,0.0,1.0,3057.0,0.0,1.08,3255.6600000000003,35.0,2.7369000000000003,6156.594000000001,65.45,0.756,0.020898988223586,39.3,17.4,84.3,62.4,91.2,77.5,86.9,98.1
22090,W. Saliba,Arsenal,Premier League,24.0,495666.0,2030-06-30 00:00:00,CB,,CB,transfermarkt_profile_and_lineups,95.0,,Centre-Back,49.0,1.0,1.0,4134.0,1.08,0.75,4420.8,47.0,3.6678,8417.304,87.85,1.605,0.03267508143322475,60.5,30.0,98.6,74.5,99.8,92.9,96.0,100.0
175,E. Dier,Monaco,Ligue 1,31.0,175722.0,2028-06-30 00:00:00,CB,,CB,transfermarkt_profile_and_lineups,95.0,,Centre-Back,12.0,2.0,0.0,957.0,2.1799999999999997,0.0,997.26,10.0,4.325,2607.801,26.7,2.1799999999999997,0.19673906503820468,73.3,88.3,18.6,79.5,35.5,26.8,42.1,34.0
237066,Rafa Marín,Villarreal,La Liga,23.0,662261.0,2029-06-30 00:00:00,CB,,CB,transfermarkt_profile_and_lineups,95.0,,Centre-Back,31.0,1.0,1.0,2665.0,1.04,1.2,2791.2000000000003,28.0,1.88,3748.2630000000004,38.05,1.88,0.06061908856405846,68.1,56.9,71.9,48.6,58.3,71.3,56.9,93.9
2803,N. Elvedi,Borussia Mönchengladbach,Bundesliga,29.0,192635.0,2027-06-30 00:00:00,CB,,CB,transfermarkt_profile_and_lineups,95.0,,Centre-Back,36.0,2.0,3.0,3237.0,1.8,3.0,3210.0,36.0,5.435,5202.93,59.05,3.8999999999999995,0.10934579439252334,88.8,82.1,82.6,86.2,80.7,83.5,81.5,98.5
64255,G. Lloris,Le Havre,Ligue 1,30.0,249636.0,,CB,,CB,transfermarkt_profile_and_lineups,95.0,,Centre-Back,29.0,1.0,1.0,2400.0,0.98,0.98,2352.0,28.0,3.7093,4662.35,54.349999999999994,1.666,0.06375,61.9,61.0,57.9,75.5,73.3,58.5,73.7,87.8
367636,J. Jacquet,Rennes,Ligue 1,20.0,1004301.0,2031-06-30 00:00:00,CB,,CB,transfermarkt_profile_and_lineups,95.0,,Centre-Back,19.0,0.0,0.0,1673.0,0.0,0.0,1639.54,19.0,0.5831,2214.6530000000002,25.65,0.0,0.0,14.6,10.5,35.2,19.3,27.6,32.1,26.4,60.2
363695,Murillo,Nottingham Forest,Premier League,23.0,1005649.0,2030-06-30 00:00:00,CB,,CB,transfermarkt_profile_and_lineups,95.0,,Centre-Back,39.0,2.0,0.0,2844.0,2.18,0.0,3081.1400000000003,34.0,3.8216,6145.316000000001,66.25,2.18,0.06367772967148523,73.6,60.7,79.8,76.4,91.0,78.8,88.8,99.6
734,Dela,Levante,La Liga,26.0,341263.0,2027-06-30 00:00:00,CB,,CB,transfermarkt_profile_and_lineups,95.0,,Centre-Back,35.0,3.0,1.0,2890.0,3.12,1.04,2980.4,32.0,3.848,2980.4,32.0,3.848,0.11619916789692658,88.6,83.8,77.1,77.1,42.9,78.9,48.0,98.1
129033,J. Gvardiol,Manchester City,Premier League,23.0,475959.0,2028-06-30 00:00:00,CB,,CB,transfermarkt_profile_and_lineups,95.0,,Centre-Back,27.0,2.0,5.0,1992.0,2.16,5.3100000000000005,2145.42,23.0,12.627600000000001,5890.701,61.050000000000004,5.877000000000001,0.24653913918952935,95.7,99.3,51.4,98.8,87.9,58.1,89.5,73.7
2915,M. Ginter,SC Freiburg,Bundesliga,31.0,124502.0,2027-06-30 00:00:00,CB,,CB,transfermarkt_profile_and_lineups,95.0,,Centre-Back,51.0,5.0,8.0,4606.0,5.2,8.1,4681.0,51.0,13.27,7050.62,77.1,10.87,0.20899380474257634,99.8,98.1,99.0,99.3,96.7,99.2,97.1,100.0
278453,A. Hajdari,1899 Hoffenheim,Bundesliga,22.0,579459.0,2031-06-30 00:00:00,CB,,CB,transfermarkt_profile_and_lineups,95.0,,Centre-Back,32.0,1.0,2.0,2583.0,1.0,2.0,2565.25,29.0,2.4,2565.25,29.0,2.4,0.08420231946204074,75.8,72.4,64.0,57.3,34.0,65.8,37.5,93.6
47480,M. Salisu,Monaco,Ligue 1,26.0,563963.0,2028-06-30 00:00:00,CB,,CB,transfermarkt_profile_and_lineups,95.0,,Centre-Back,17.0,1.0,0.0,1523.0,0.98,0.0,1590.0,17.0,2.3848,2796.554,29.650000000000002,0.98,0.05547169811320755,44.8,53.3,34.0,56.7,40.0,35.7,42.5,54.4
19354,E. Konsa,Aston Villa,Premier League,28.0,413403.0,2028-06-30 00:00:00,CB,,CB,transfermarkt_profile_and_lineups,95.0,,Centre-Back,47.0,2.0,1.0,4080.0,2.2,1.1,4377.780000000001,45.0,5.142000000000001,8038.899000000001,86.65,2.97,0.061058344640434185,81.7,57.6,97.6,85.5,99.5,95.2,97.4,100.0
348568,A. Circati,Parma,Serie A,22.0,867137.0,2029-06-30 00:00:00,CB,,CB,transfermarkt_profile_and_lineups,95.0,,Centre-Back,33.0,1.0,1.0,2801.0,1.02,1.02,2840.8199999999997,32.0,1.734,3166.035,35.3,1.734,0.05493484275666886,64.2,53.1,72.6,46.0,44.8,71.4,44.9,97.4
30425,G. Mancini,AS Roma,Serie A,29.0,256448.0,2027-06-30 00:00:00,CB,,CB,transfermarkt_profile_and_lineups,95.0,,Centre-Back,45.0,5.0,2.0,3693.0,5.18,2.04,3817.02,43.0,11.5794,7332.648,81.85,6.608,0.15580740996903344,96.9,92.1,93.6,98.6,98.1,94.1,98.2,100.0
1929,J. Lucumí,Bologna,Serie A,27.0,413565.0,2027-06-30 00:00:00,CB,,CB,transfermarkt_profile_and_lineups,95.0,,Centre-Back,43.0,1.0,1.0,3567.0,1.02,1.1,3643.7400000000002,40.0,2.8427,6381.366,69.5,1.79,0.04421281430617992,66.2,43.8,92.4,63.6,92.9,88.5,88.5,100.0
90641,T. Hübers,1. FC Köln,Bundesliga,29.0,236981.0,2027-06-30 00:00:00,CB,,CB,transfermarkt_profile_and_lineups,95.0,,Centre-Back,9.0,0.0,0.0,761.0,0.0,0.0,752.0,9.0,0.21,1637.27,18.9,0.0,0.0,14.6,25.7,12.4,12.4,17.6,12.7,16.8,27.9
297311,Kike Salas,Sevilla,La Liga,23.0,766583.0,2029-06-30 00:00:00,CB,,CB,transfermarkt_profile_and_lineups,95.0,,Centre-Back,28.0,3.0,0.0,2383.0,2.98,0.0,2453.1200000000003,26.0,6.4328,4410.786000000001,47.2,2.98,0.1093301591442734,81.9,81.9,61.4,90.2,67.9,64.5,71.2,85.0
338902,Andrés Castrín,Sevilla,La Liga,22.0,719999.0,2027-06-30 00:00:00,CB,,CB,transfermarkt_profile_and_lineups,95.0,,Centre-Back,21.0,1.0,0.0,1388.0,1.04,0.0,1427.8400000000001,14.0,1.04,1472.39,14.55,1.04,0.06555356342447333,52.3,59.5,29.3,30.6,15.5,32.7,17.7,50.1
31,J. Giménez,Atletico Madrid,La Liga,30.0,250845.0,2028-06-30 00:00:00,CB,,CB,transfermarkt_profile_and_lineups,95.0,,Centre-Back,26.0,1.0,1.0,1566.0,1.2,1.04,1652.63,17.0,3.2404,4116.144,41.25,1.928,0.10499627865886495,68.6,79.3,35.7,67.9,64.5,40.6,65.0,58.6
20093,J. Hill,Bournemouth,Premier League,23.0,611793.0,2029-06-30 00:00:00,CB,,CB,transfermarkt_profile_and_lineups,95.0,,Centre-Back,31.0,0.0,3.0,2314.0,0.0,3.24,2447.82,24.0,2.6837999999999997,2894.751,29.3,2.268,0.08338848444738582,73.8,71.9,61.2,61.7,41.4,63.1,44.5,82.8
2484,Y. Mina,Cagliari,Serie A,31.0,289446.0,2028-06-30 00:00:00,CB,,CB,transfermarkt_profile_and_lineups,95.0,,Centre-Back,27.0,2.0,0.0,2243.0,2.04,0.0,2277.06,27.0,3.213,4122.57,48.85,2.04,0.08063028642196517,70.4,70.5,56.0,67.1,65.2,58.1,65.5,82.8
26301,M. Kempf,Como,Serie A,30.0,160938.0,2027-06-30 00:00:00,CB,,CB,transfermarkt_profile_and_lineups,95.0,,Centre-Back,38.0,4.0,1.0,2630.0,4.08,1.02,2645.7599999999998,30.0,4.7940000000000005,4158.447,47.05,4.7940000000000005,0.16307601596516694,92.4,93.8,67.1,83.3,65.7,70.9,68.4,97.8
26238,R. Koch,Eintracht Frankfurt,Bundesliga,29.0,328784.0,2030-06-30 00:00:00,CB,,CB,transfermarkt_profile_and_lineups,95.0,,Centre-Back,42.0,3.0,3.0,3755.0,3.0,2.9,3876.0,42.0,8.504999999999999,6888.66,78.25,5.029999999999999,0.1167956656346749,93.1,84.5,94.5,95.5,95.5,94.3,95.5,100.0
26240,P. Lienhart,SC Freiburg,Bundesliga,29.0,225657.0,,CB,,CB,transfermarkt_profile_and_lineups,95.0,,Centre-Back,33.0,2.0,0.0,2389.0,2.1,0.0,2437.8,26.0,3.181,4611.275,50.150000000000006,2.1,0.07752891951759783,72.4,69.0,60.5,66.9,71.7,62.3,71.0,87.0
26242,K. Schlotterbeck,FC Augsburg,Bundesliga,28.0,413843.0,2027-06-30 00:00:00,CB,,CB,transfermarkt_profile_and_lineups,95.0,,Centre-Back,26.0,0.0,2.0,2124.0,0.0,2.0,2114.7,23.0,5.5649999999999995,3661.0099999999998,40.65,1.4,0.05958291956305859,56.9,56.0,50.5,86.4,56.4,51.4,60.9,76.0
365742,M. Diaz,Stade Brestois 29,Ligue 1,22.0,1009596.0,2029-06-30 00:00:00,CB,,CB,transfermarkt_profile_and_lineups,95.0,,Centre-Back,20.0,0.0,1.0,1560.0,0.0,0.98,1528.8,17.0,0.6859999999999999,1528.8,17.0,0.6859999999999999,0.04038461538461539,31.2,42.6,32.9,20.7,16.2,32.6,16.9,56.3
16367,W. Pacho,Paris Saint Germain,Ligue 1,24.0,661171.0,2029-06-30 00:00:00,CB,,CB,transfermarkt_profile_and_lineups,95.0,,Centre-Back,46.0,2.0,1.0,3976.0,2.4,1.2,4079.4500000000003,44.0,4.0373,7281.095000000001,79.75,3.2399999999999998,0.07148022404981062,84.3,65.7,95.7,78.1,97.9,94.0,94.9,100.0
926,G. Kondogbia,Marseille,Ligue 1,32.0,127189.0,2027-06-30 00:00:00,CDM,,DM,transfermarkt_profile_and_lineups,95.0,,Defensive Midfield,15.0,0.0,0.0,906.0,0.0,0.0,916.24,13.0,0.561,2812.7960000000003,33.5,0.0,0.0,10.3,17.2,15.5,12.1,37.9,13.2,28.9,37.1
46733,Raíllo,Mallorca,La Liga,34.0,278296.0,2027-06-30 00:00:00,CB,,CB,transfermarkt_profile_and_lineups,95.0,,Centre-Back,24.0,0.0,1.0,2070.0,0.0,1.04,2152.8,23.0,3.4337999999999997,4795.609,51.75,0.728,0.03043478260869565,37.4,26.7,51.9,71.2,75.5,49.7,74.8,74.2
885,E. Bailly,Oviedo,La Liga,31.0,286384.0,,CB,,CB,transfermarkt_profile_and_lineups,95.0,,Centre-Back,16.0,1.0,0.0,1356.0,1.04,0.0,1393.44,16.0,1.04,2152.1760000000004,26.4,1.04,0.06717189114708923,52.3,60.5,27.6,30.6,27.1,31.3,27.7,49.6
1807,E. Ndicka,AS Roma,Serie A,26.0,371149.0,2028-06-30 00:00:00,CB,,CB,transfermarkt_profile_and_lineups,95.0,,Centre-Back,42.0,5.0,0.0,3480.0,5.26,0.0,3604.36,38.0,7.292999999999999,7123.894,75.95,5.26,0.13134093153847007,93.6,87.6,91.2,92.6,97.4,91.5,96.7,100.0
1632,A. Romagnoli,Lazio,Serie A,30.0,197747.0,2027-06-30 00:00:00,CB,,CB,transfermarkt_profile_and_lineups,95.0,,Centre-Back,36.0,1.0,0.0,3057.0,0.9,0.0,3071.34,34.0,4.5125,6138.1720000000005,67.35,0.9,0.026372853542753327,42.3,22.1,79.5,81.4,90.7,73.9,89.3,98.5
31043,K. Diks,Borussia Mönchengladbach,Bundesliga,29.0,335209.0,2030-06-30 00:00:00,CB,,CB,transfermarkt_profile_and_lineups,95.0,,Centre-Back,33.0,5.0,0.0,2688.0,5.0,0.0,2665.9,31.0,9.0035,4545.142,61.35,5.0,0.16879852957725347,92.9,94.5,69.3,96.2,70.5,72.8,74.3,97.1
428084,Sadibou Sané,Metz,Ligue 1,21.0,1111777.0,2031-06-30 00:00:00,CB,,CB,transfermarkt_profile_and_lineups,95.0,,Centre-Back,23.0,2.0,1.0,1941.0,1.96,0.98,1902.18,22.0,2.646,2149.728,24.7,2.646,0.12519319938176196,78.9,86.2,44.2,61.2,26.9,49.4,32.0,70.2
22160,O. Boscagli,Brighton,Premier League,28.0,318508.0,2030-06-30 00:00:00,CB,,CB,transfermarkt_profile_and_lineups,95.0,,Centre-Back,17.0,1.0,1.0,1178.0,0.75,1.08,1163.7,13.0,5.094,3974.088,49.349999999999994,1.506,0.11647331786542924,58.6,76.4,21.9,85.0,62.1,27.4,65.6,43.4
1561,Marc Bartra,Real Betis,La Liga,35.0,99922.0,2027-06-30 00:00:00,CB,,CB,transfermarkt_profile_and_lineups,95.0,,Centre-Back,34.0,1.0,0.0,2496.0,1.04,0.0,2595.5200000000004,27.0,3.0794,3964.0170000000007,46.35,1.04,0.036062137837504615,52.3,35.5,64.8,65.2,61.7,62.9,62.2,90.6
1836,F. Acerbi,Inter,Serie A,37.0,131075.0,,CB,,CB,transfermarkt_profile_and_lineups,95.0,,Centre-Back,28.0,0.0,0.0,2204.0,0.0,0.0,2239.38,25.0,2.8989,4666.35,50.300000000000004,0.0,0.0,14.6,4.6,55.0,64.0,73.6,48.9,72.1,80.4
711,S. Posch,FSV Mainz 05,Bundesliga,28.0,223974.0,2029-06-30 00:00:00,CB,RB,CB,transfermarkt_profile_and_lineups,95.0,,Centre-Back,31.0,1.0,0.0,1824.0,1.02,0.0,1827.18,24.0,1.7544,3675.9750000000004,43.5,1.02,0.050241355531474734,49.2,46.9,41.4,46.9,56.7,42.6,55.2,72.8
278392,C. Cresswell,Toulouse,Ligue 1,23.0,597659.0,2028-06-30 00:00:00,CB,,CB,transfermarkt_profile_and_lineups,95.0,,Centre-Back,29.0,3.0,2.0,2533.0,2.94,1.96,2482.34,28.0,6.306299999999999,3879.967,43.95,4.311999999999999,0.1563363600473746,90.7,92.4,61.9,89.8,60.7,66.2,65.1,90.5
18963,L. Dunk,Brighton,Premier League,34.0,148153.0,2027-06-30 00:00:00,CB,,CB,transfermarkt_profile_and_lineups,95.0,,Centre-Back,34.0,1.0,0.0,2927.0,1.08,0.0,3144.96,32.0,2.5488,5597.235000000001,57.8,1.08,0.030906593406593408,54.8,27.9,81.7,59.8,85.0,77.6,81.2,97.8
1146,N. Mukiele,Sunderland,Premier League,28.0,348026.0,2029-06-30 00:00:00,RB,CB,FB,transfermarkt_profile_and_lineups,95.0,,Right-Back,35.0,3.0,4.0,3075.0,3.24,4.32,3257.46,35.0,7.936,4402.007,48.15,6.264,0.17306735923081173,91.1,79.3,85.8,80.2,70.4,86.6,71.9,98.1
531,D. Blind,Girona,La Liga,35.0,12282.0,2027-06-30 00:00:00,CB,,CB,transfermarkt_profile_and_lineups,95.0,,Centre-Back,31.0,0.0,0.0,2610.0,0.0,0.0,2714.4,30.0,2.4899999999999998,5584.3240000000005,60.85,0.0,0.0,14.6,4.6,70.7,58.6,84.5,62.3,80.6,94.8
56473,M. Gabbia,AC Milan,Serie A,26.0,323167.0,2029-06-30 00:00:00,CB,,CB,transfermarkt_profile_and_lineups,95.0,,Centre-Back,31.0,0.0,0.0,2621.0,0.0,0.0,2662.62,29.0,2.2782,5136.393,56.2,0.0,0.0,14.6,4.6,68.3,55.2,80.5,60.3,76.7,94.0
67943,Morato,Nottingham Forest,Premier League,24.0,673492.0,2029-06-30 00:00:00,CB,,CB,transfermarkt_profile_and_lineups,95.0,,Centre-Back,37.0,1.0,0.0,2660.0,1.08,0.0,2859.4300000000003,29.0,1.2438,4118.908,41.45,1.08,0.03399278877258754,54.8,31.9,73.3,36.0,65.0,70.5,60.6,97.1
19720,T. Chalobah,Chelsea,Premier League,26.0,346314.0,2028-06-30 00:00:00,CB,,CB,transfermarkt_profile_and_lineups,95.0,,Centre-Back,52.0,3.0,1.0,4113.0,3.24,0.75,4273.26,45.0,6.2868,5871.066000000001,63.75,3.765,0.07929543252692324,87.4,69.8,96.9,89.5,87.4,95.5,87.7,100.0
68,Clinton Mata,Lyon,Ligue 1,33.0,187718.0,2028-06-30 00:00:00,CB,,CB,transfermarkt_profile_and_lineups,95.0,,Centre-Back,41.0,0.0,1.0,3562.0,0.0,1.1,3577.88,40.0,2.8966000000000003,5988.343000000001,67.3,0.77,0.019369011817053673,40.6,16.4,90.7,63.8,89.3,83.2,85.5,100.0
532,M. de Ligt,Manchester United,Premier League,26.0,326031.0,2029-06-30 00:00:00,CB,,CB,transfermarkt_profile_and_lineups,95.0,,Centre-Back,14.0,1.0,0.0,1215.0,1.08,0.0,1297.3500000000001,13.0,3.12,3682.9970000000003,39.15,1.08,0.07492195629552549,54.8,64.0,25.5,66.2,57.1,29.9,58.5,43.0
333682,Cristhian Mosquera,Arsenal,Premier League,21.0,646750.0,2030-06-30 00:00:00,CB,RB,CB,transfermarkt_profile_and_lineups,95.0,,Centre-Back,34.0,0.0,0.0,1932.0,0.0,0.0,2037.72,19.0,0.5720000000000001,5089.975,52.05,0.0,0.0,14.6,4.6,48.1,18.9,79.5,43.1,70.4,71.1
833,J. Bijol,Leeds,Premier League,26.0,371851.0,2030-06-30 00:00:00,CB,,CB,transfermarkt_profile_and_lineups,95.0,,Centre-Back,31.0,1.0,3.0,2448.0,1.08,3.06,2530.44,27.0,5.0634,4966.317,54.55,3.222,0.1145966709346991,83.8,83.3,63.3,84.8,77.6,66.4,78.7,88.5
19760,J. Justin,Leeds,Premier League,27.0,413220.0,2029-06-30 00:00:00,RB,CB,FB,transfermarkt_profile_and_lineups,95.0,,Right-Back,34.0,3.0,1.0,2271.0,3.06,1.08,2385.1800000000003,24.0,6.8256,4209.354,43.8,3.816,0.14398913289563048,72.2,69.8,64.5,72.8,64.8,65.7,66.0,83.0
126640,D. Affengruber,Elche,La Liga,24.0,452483.0,2027-06-30 00:00:00,CB,,CB,transfermarkt_profile_and_lineups,95.0,,Centre-Back,39.0,1.0,2.0,3096.0,1.04,1.94,3199.82,35.0,2.3979999999999997,3199.82,35.0,2.3979999999999997,0.06744754392434574,75.2,63.3,82.4,56.9,45.5,81.3,47.2,99.6
20546,B. Chardonnet,Stade Brestois 29,Ligue 1,31.0,250779.0,2027-06-30 00:00:00,CB,,CB,transfermarkt_profile_and_lineups,95.0,,Centre-Back,29.0,1.0,4.0,2547.0,0.98,3.92,2496.06,29.0,4.7627999999999995,5206.602999999999,58.7,3.7239999999999998,0.1342756183745583,87.1,89.3,62.6,83.1,81.0,66.3,81.3,91.8
162466,S. Diomandé,Auxerre,Ligue 1,24.0,702441.0,2027-06-30 00:00:00,CB,,CB,transfermarkt_profile_and_lineups,95.0,,Centre-Back,24.0,2.0,2.0,2134.0,1.96,1.96,2091.32,24.0,5.7036,3401.3350000000005,39.1,3.332,0.14339268978444233,84.8,90.5,49.8,87.1,50.0,55.0,55.6,76.5
342063,D. Coppola,Paris FC,Ligue 1,22.0,660860.0,2030-06-30 00:00:00,CB,,CB,transfermarkt_profile_and_lineups,95.0,,Centre-Back,22.0,0.0,4.0,1712.0,0.0,3.46,1630.6200000000001,19.0,4.156,3865.8720000000003,43.7,2.4219999999999997,0.13367921404128488,76.4,86.7,35.0,78.8,60.5,41.2,63.2,62.1
341640,Raúl Asencio,Real Madrid,La Liga,22.0,935245.0,2031-06-30 00:00:00,CB,,CB,transfermarkt_profile_and_lineups,95.0,,Centre-Back,38.0,2.0,1.0,2637.0,2.08,1.2,2738.1200000000003,31.0,3.7824,4501.0185,48.6,2.92,0.09597826245745254,81.2,78.1,71.0,76.2,69.8,72.5,70.7,98.0
281495,T. Kristensen,Udinese,Serie A,23.0,698259.0,2028-06-30 00:00:00,CB,,CB,transfermarkt_profile_and_lineups,95.0,,Centre-Back,31.0,3.0,0.0,2599.0,3.06,0.0,2636.1,29.0,3.8352,4425.339,48.75,3.06,0.10447251621713896,82.7,81.0,66.7,76.8,68.1,69.1,69.4,93.6
268571,E. Bitshiabu,RB Leipzig,Bundesliga,20.0,787912.0,2029-06-30 00:00:00,CB,,CB,transfermarkt_profile_and_lineups,95.0,,Centre-Back,14.0,0.0,0.0,746.0,0.0,0.0,736.8,9.0,0.0,1657.565,19.450000000000003,0.0,0.0,14.6,27.1,11.9,6.1,17.9,12.3,16.1,29.4
26300,O. Kabak,1899 Hoffenheim,Bundesliga,25.0,361260.0,2030-06-30 00:00:00,CB,,CB,transfermarkt_profile_and_lineups,95.0,,Centre-Back,26.0,4.0,0.0,1780.0,4.0,0.0,1776.5,18.0,5.41,2482.9700000000003,26.7,4.0,0.20264565156206021,89.5,97.4,39.3,86.0,31.9,46.8,40.0,64.0
85914,J. Le Cardinal,Stade Brestois 29,Ligue 1,28.0,794349.0,2028-06-30 00:00:00,CB,,CB,transfermarkt_profile_and_lineups,95.0,,Centre-Back,5.0,1.0,0.0,327.0,0.98,0.0,320.46000000000004,3.0,2.0173,1387.0510000000002,14.4,0.98,0.2752293577981651,44.8,75.7,2.1,50.5,13.6,8.5,19.1,11.5
261,T. Kehrer,Monaco,Ligue 1,29.0,228948.0,2028-06-30 00:00:00,CB,,CB,transfermarkt_profile_and_lineups,95.0,,Centre-Back,37.0,0.0,0.0,3046.0,0.0,0.0,3136.44,35.0,3.7778,5505.373,61.3,0.0,0.0,14.6,4.6,81.4,75.7,84.0,71.4,82.8,98.9
360114,A. Khusanov,Manchester City,Premier League,21.0,,,CB,RB,CB,lineup_history,86.7,CB:13 | RB:2,,0.0,0.0,0.0,0.0,0.0,0.0,0.0,0.0,0.0,0.0,0.0,0.0,0.0,14.6,49.2,1.1,6.1,1.1,3.1,1.8,0.0
402329,A. Heaven,Manchester United,Premier League,19.0,1078163.0,2029-06-30 00:00:00,CB,,CB,transfermarkt_profile_and_lineups,95.0,,Centre-Back,18.0,0.0,1.0,987.0,0.0,1.08,1044.8400000000001,12.0,0.756,1215.7140000000002,13.65,0.756,0.06512001837601929,39.3,55.7,19.0,23.7,11.2,22.1,13.1,38.9
2285,A. Rüdiger,Real Madrid,La Liga,32.0,86202.0,2027-06-30 00:00:00,CB,,CB,transfermarkt_profile_and_lineups,95.0,,Centre-Back,31.0,1.0,0.0,2538.0,1.04,0.0,2619.3900000000003,28.0,4.5148,6302.2660000000005,65.95,1.04,0.0357335104738126,52.3,35.2,65.7,81.7,92.6,63.7,91.0,91.3
30421,B. Djimsiti,Atalanta,Serie A,32.0,165513.0,2027-06-30 00:00:00,CB,,CB,transfermarkt_profile_and_lineups,95.0,,Centre-Back,47.0,1.0,0.0,3498.0,0.9,0.0,3661.92,40.0,3.4506,7057.749,78.35,0.9,0.022119543845851356,42.3,18.1,92.6,71.5,96.9,85.1,93.1,100.0
2669,Hermoso,AS Roma,Serie A,30.0,281769.0,2027-06-30 00:00:00,CB,,CB,transfermarkt_profile_and_lineups,95.0,,Centre-Back,35.0,4.0,2.0,2608.0,3.96,2.04,2692.12,30.0,7.0484,4504.798000000001,48.65,5.388,0.1801257001916705,94.3,96.0,70.2,91.7,70.0,73.8,73.2,96.3
428237,M. Troilo,Parma,Serie A,22.0,1159864.0,2030-06-30 00:00:00,CB,,CB,transfermarkt_profile_and_lineups,95.0,,Centre-Back,23.0,1.0,0.0,1808.0,1.02,0.0,1822.56,20.0,1.02,1822.56,20.0,1.02,0.050368712141164076,49.2,47.4,40.7,29.3,21.0,42.0,22.2,65.5
6,L. Balerdi,Marseille,Ligue 1,26.0,575998.0,2028-06-30 00:00:00,CB,,CB,transfermarkt_profile_and_lineups,95.0,,Centre-Back,33.0,0.0,1.0,2583.0,0.0,0.98,2619.54,27.0,1.4798,4878.004,53.25,0.6859999999999999,0.02356902356902357,31.2,19.3,66.0,41.0,76.7,60.7,71.3,92.0
46815,Pau Torres,Aston Villa,Premier League,28.0,399776.0,2028-06-30 00:00:00,CB,,CB,transfermarkt_profile_and_lineups,95.0,,Centre-Back,35.0,0.0,1.0,2880.0,0.0,1.1,3066.98,32.0,2.4995000000000003,5591.327,59.55,0.77,0.022595517414525035,40.6,18.6,79.0,59.0,84.8,73.3,80.9,98.1
20995,M. Lacroix,Crystal Palace,Premier League,25.0,434224.0,2029-06-30 00:00:00,CB,,CB,transfermarkt_profile_and_lineups,95.0,,Centre-Back,41.0,1.0,2.0,3627.0,1.08,2.16,3738.96,54.0,5.0118,6627.171,85.55,2.592,0.06239168110918544,78.2,58.8,93.1,84.3,93.6,90.9,92.2,100.0
126949,C. Richards,Crystal Palace,Premier League,25.0,578539.0,2027-06-30 00:00:00,CB,,CB,transfermarkt_profile_and_lineups,95.0,,Centre-Back,38.0,2.0,0.0,3200.0,1.83,0.0,3346.08,46.0,3.3213,5500.914000000001,68.9,1.83,0.04922177592884809,66.4,46.4,86.2,69.3,83.8,83.2,81.6,99.2
2935,H. Maguire,Manchester United,Premier League,32.0,177907.0,2027-06-30 00:00:00,CB,,CB,transfermarkt_profile_and_lineups,95.0,,Centre-Back,25.0,2.0,2.0,1756.0,1.83,2.16,1864.8000000000002,20.0,8.0229,4124.8565,42.85,3.342,0.1612934362934363,85.0,92.9,42.6,94.0,65.5,49.0,69.8,65.1
2934,M. Keane,Everton,Premier League,32.0,118534.0,2027-06-30 00:00:00,CB,,CB,transfermarkt_profile_and_lineups,95.0,,Centre-Back,35.0,3.0,1.0,2770.0,3.24,1.08,2932.2000000000003,31.0,6.102,3763.206,39.1,3.9960000000000004,0.12265193370165746,89.3,85.7,76.2,88.8,58.8,78.2,63.3,98.1
47378,Bigas,Elche,La Liga,35.0,203043.0,2027-06-30 00:00:00,CB,,CB,transfermarkt_profile_and_lineups,95.0,,Centre-Back,29.0,1.0,3.0,2114.0,1.04,3.12,2192.26,25.0,3.2239999999999998,2192.26,25.0,3.2239999999999998,0.13235656354629466,84.0,88.6,53.8,67.4,27.4,58.3,33.4,78.9
101814,R. Araújo,Barcelona,La Liga,26.0,480267.0,2031-06-30 00:00:00,CB,RB,CB,transfermarkt_profile_and_lineups,95.0,,Centre-Back,38.0,4.0,0.0,1615.0,4.02,0.0,1734.7900000000002,16.0,6.7477,3598.2570000000005,35.25,4.02,0.2085555023951025,89.8,97.9,38.3,90.5,55.0,46.0,60.3,63.1
47533,Catena,Osasuna,La Liga,31.0,449796.0,2028-06-30 00:00:00,CB,,CB,transfermarkt_profile_and_lineups,95.0,,Centre-Back,38.0,3.0,2.0,3249.0,3.12,2.08,3354.32,36.0,7.316400000000001,6042.769,65.95,4.5760000000000005,0.1227789835197596,91.4,86.0,86.4,92.9,90.0,87.2,90.4,99.2
455316,Tiago Gabriel,Lecce,Serie A,21.0,1112449.0,2027-06-30 00:00:00,CB,,CB,transfermarkt_profile_and_lineups,95.0,,Centre-Back,39.0,2.0,0.0,3400.0,2.04,0.0,3446.4,38.0,2.4690000000000003,3919.983,44.05,2.04,0.05327298050139276,70.4,52.1,88.3,57.9,61.0,85.6,60.5,99.6
158698,J. Quansah,Bayer Leverkusen,Bundesliga,22.0,632349.0,2030-06-30 00:00:00,CB,,CB,transfermarkt_profile_and_lineups,95.0,,Centre-Back,44.0,5.0,0.0,3706.0,4.9,0.0,3862.6,40.0,5.878,5061.442,51.3,4.9,0.11417180137731063,92.6,82.9,94.3,87.9,79.0,94.0,80.4,100.0
50030,M. Talbi,Lorient,Ligue 1,27.0,496706.0,2027-06-30 00:00:00,CB,,CB,transfermarkt_profile_and_lineups,95.0,,Centre-Back,29.0,0.0,1.0,2610.0,0.0,0.98,2557.8,29.0,0.6859999999999999,3206.07,36.5,0.6859999999999999,0.024137931034482755,31.2,19.8,63.8,20.7,45.7,58.9,42.0,93.0
19145,T. Adarabioyo,Chelsea,Premier League,28.0,258878.0,2028-06-30 00:00:00,CB,,CB,transfermarkt_profile_and_lineups,95.0,,Centre-Back,33.0,3.0,0.0,1959.0,2.55,0.0,1906.17,20.0,5.1978,3457.4280000000003,41.650000000000006,2.55,0.12039849541226648,77.4,85.0,44.5,85.7,51.9,49.5,57.0,72.3
162058,Víctor Chust,Elche,La Liga,25.0,495625.0,2029-06-30 00:00:00,CB,,CB,transfermarkt_profile_and_lineups,95.0,,Centre-Back,33.0,1.0,0.0,2301.0,1.04,0.0,2374.0,24.0,1.2584,3005.998,31.2,1.04,0.039427127211457455,52.3,38.6,58.8,36.7,43.1,57.8,42.1,83.2
414359,Vitor Nunes,Girona,La Liga,19.0,1005575.0,2029-06-30 00:00:00,CB,,CB,transfermarkt_profile_and_lineups,95.0,,Centre-Back,39.0,1.0,1.0,3377.0,1.04,1.04,3465.1200000000003,38.0,1.768,3532.539,39.1,1.768,0.04592048760216096,65.4,44.5,88.8,47.3,53.6,85.3,52.6,99.6
350857,O. Provstgaard,Lazio,Serie A,22.0,644408.0,2029-06-30 00:00:00,CB,,CB,transfermarkt_profile_and_lineups,95.0,,Centre-Back,27.0,0.0,0.0,1570.0,0.0,0.0,1596.24,13.0,0.23399999999999999,2695.833,28.4,0.0,0.0,14.6,10.7,34.3,13.3,38.6,31.3,34.8,55.1
2553,G. Maripán,Torino,Serie A,31.0,249730.0,,CB,,CB,transfermarkt_profile_and_lineups,95.0,,Centre-Back,29.0,2.0,0.0,2194.0,2.04,0.0,2232.0,24.0,3.2877,4109.643,45.7,2.04,0.08225806451612903,70.4,71.7,54.8,68.8,64.3,57.1,65.0,79.6
14329,A. Ismajli,Torino,Serie A,29.0,435228.0,2027-06-30 00:00:00,CB,,CB,transfermarkt_profile_and_lineups,95.0,,Centre-Back,27.0,0.0,1.0,2067.0,0.0,1.02,2089.14,23.0,0.714,4201.086,47.25,0.714,0.030759068324765215,35.6,27.6,49.5,22.5,66.4,47.4,59.8,75.2
169297,A. Edmundsson,Hellas Verona,Serie A,25.0,495839.0,2029-06-30 00:00:00,CB,,CB,transfermarkt_profile_and_lineups,95.0,,Centre-Back,15.0,0.0,0.0,1320.0,0.0,0.0,1346.3999999999999,33.0,0.0,1346.3999999999999,33.0,0.0,0.0,14.6,13.8,26.7,6.1,12.6,24.9,11.6,62.5
304686,Arthur Chaves,FC Augsburg,Bundesliga,24.0,875332.0,2029-06-30 00:00:00,CB,,CB,transfermarkt_profile_and_lineups,95.0,,Centre-Back,16.0,2.0,0.0,1070.0,2.0,0.0,1069.7,11.0,3.045,2617.5650000000005,28.05,2.0,0.16827147798448164,69.2,85.2,19.8,65.0,36.0,27.2,40.3,38.8
288206,L. Querfeld,Union Berlin,Bundesliga,22.0,597432.0,,CB,,CB,transfermarkt_profile_and_lineups,95.0,,Centre-Back,34.0,7.0,0.0,3004.0,6.6,0.0,2974.0,33.0,8.469999999999999,3976.65,42.9,6.6,0.19973100201748484,96.7,97.1,76.9,95.2,62.4,79.9,67.3,97.8
266013,Otávio,Paris FC,Ligue 1,23.0,818495.0,2030-06-30 00:00:00,CB,,CB,transfermarkt_profile_and_lineups,95.0,,Centre-Back,24.0,1.0,0.0,1907.0,0.98,0.0,1868.17,21.0,2.7218,3555.8300000000004,43.45,0.98,0.047211977496694625,44.8,45.2,42.9,61.9,54.0,43.1,55.2,68.8
31642,L. Ranieri,Fiorentina,Serie A,26.0,346561.0,2028-06-30 00:00:00,CB,,CB,transfermarkt_profile_and_lineups,95.0,,Centre-Back,37.0,2.0,0.0,2644.0,1.77,0.0,2661.5099999999998,39.0,4.3353,5279.025,74.85,1.77,0.05985324120518052,66.0,56.2,67.9,79.8,81.4,67.6,81.2,97.7
6221,L. Valenti,Parma,Serie A,26.0,625202.0,2027-06-30 00:00:00,CB,,CB,transfermarkt_profile_and_lineups,95.0,,Centre-Back,28.0,0.0,0.0,2341.0,0.0,0.0,2377.02,26.0,0.561,3250.497,35.9,0.0,0.0,14.6,4.6,59.3,18.6,47.1,52.6,42.9,84.2
162141,K. De Winter,AC Milan,Serie A,23.0,490384.0,2030-06-30 00:00:00,CB,,CB,transfermarkt_profile_and_lineups,95.0,,Centre-Back,29.0,1.0,1.0,2047.0,1.02,1.02,2047.71,22.0,3.6312,4055.223,43.3,1.734,0.0762119636081281,64.2,67.9,49.0,74.0,63.6,51.3,65.1,74.6
18964,Bernardo,1899 Hoffenheim,Bundesliga,30.0,364258.0,2027-06-30 00:00:00,LB,,FB,transfermarkt_profile_and_lineups,95.0,,Left-Back,31.0,0.0,0.0,2529.0,0.0,0.0,2508.0,28.0,0.3,4397.45,48.65,0.0,0.0,7.8,1.6,67.8,6.5,70.1,58.8,60.6,91.1
25314,M. Friedl,Werder Bremen,Bundesliga,27.0,156990.0,2028-06-30 00:00:00,CB,LB,CB,transfermarkt_profile_and_lineups,95.0,,Centre-Back,31.0,1.0,0.0,2639.0,1.0,0.0,2630.0,30.0,1.51,4613.52,52.900000000000006,1.0,0.034220532319391636,47.3,32.6,66.2,41.7,71.9,63.4,67.4,95.4
417830,A. Ait Boudlal,Rennes,Ligue 1,19.0,1134251.0,2028-06-30 00:00:00,CB,,CB,transfermarkt_profile_and_lineups,95.0,,Centre-Back,20.0,2.0,1.0,1402.0,1.96,0.98,1373.96,17.0,2.646,1373.96,17.0,2.646,0.17332382310984307,78.9,91.2,26.9,61.2,13.3,34.7,20.5,53.1
152967,C. Bassey,Fulham,Premier League,26.0,461883.0,2027-06-30 00:00:00,CB,,CB,transfermarkt_profile_and_lineups,95.0,,Centre-Back,32.0,1.0,1.0,2648.0,1.08,1.08,2821.56,29.0,3.249,5496.665999999999,56.3,1.836,0.0585633479351848,66.9,55.0,72.1,68.1,83.6,71.4,81.2,94.9
412759,J. Canvot,Crystal Palace,Premier League,19.0,1006411.0,2029-06-30 00:00:00,CB,,CB,transfermarkt_profile_and_lineups,95.0,,Centre-Back,26.0,0.0,0.0,1784.0,0.0,0.0,1826.3700000000001,30.0,0.0,2421.965,36.6,0.0,0.0,14.6,4.6,41.2,6.1,30.5,37.2,26.8,76.1
47478,Fernando Calero,Espanyol,La Liga,30.0,357884.0,,CB,,CB,transfermarkt_profile_and_lineups,95.0,,Centre-Back,29.0,0.0,0.0,2240.0,0.0,0.0,2317.0,25.0,0.5720000000000001,2718.544,28.3,0.0,0.0,14.6,4.6,57.1,18.9,39.0,50.8,36.0,81.5
137976,I. Hien,Atalanta,Serie A,26.0,503075.0,2028-06-30 00:00:00,CB,,CB,transfermarkt_profile_and_lineups,95.0,,Centre-Back,39.0,1.0,0.0,2855.0,1.02,0.0,3018.2999999999997,29.0,1.6962000000000002,5748.879,58.85,1.02,0.030414471722492797,49.2,26.4,78.1,44.8,86.0,73.8,79.8,98.6
14266,I. Smolčić,Como,Serie A,25.0,571271.0,2031-06-30 00:00:00,RB,,FB,transfermarkt_profile_and_lineups,95.0,,Right-Back,32.0,0.0,2.0,1900.0,0.0,1.92,1909.8,21.0,1.3439999999999999,2393.4315,33.1,1.3439999999999999,0.06333647502356267,31.8,23.7,45.3,18.9,27.2,43.2,26.0,71.7
174881,M. Mbow,Paris FC,Ligue 1,25.0,649026.0,2028-06-30 00:00:00,CB,,CB,transfermarkt_profile_and_lineups,95.0,,Centre-Back,31.0,0.0,1.0,2716.0,0.0,0.98,2661.6800000000003,30.0,0.6859999999999999,2661.6800000000003,30.0,0.6859999999999999,0.023195876288659788,31.2,18.8,68.1,20.7,36.9,62.6,34.5,96.6
25287,K. Danso,Tottenham,Premier League,27.0,263236.0,2030-06-30 00:00:00,CB,,CB,transfermarkt_profile_and_lineups,95.0,,Centre-Back,36.0,0.0,0.0,2328.0,0.0,0.0,2475.18,26.0,0.294,4708.517,50.3,0.0,0.0,14.6,4.6,61.7,13.9,74.0,54.6,65.0,86.9
22094,W. Fofana,Chelsea,Premier League,25.0,475411.0,2029-06-30 00:00:00,CB,,CB,transfermarkt_profile_and_lineups,95.0,,Centre-Back,37.0,0.0,2.0,2633.0,0.0,2.2800000000000002,2786.13,30.0,1.596,3484.674,37.7,1.596,0.05155538327357302,60.0,48.1,71.7,43.1,52.6,69.9,51.2,97.5
47988,C. Starfelt,Celta Vigo,La Liga,30.0,258987.0,2027-06-30 00:00:00,CB,,CB,transfermarkt_profile_and_lineups,95.0,,Centre-Back,31.0,1.0,0.0,2394.0,1.1,0.0,2536.0800000000004,27.0,1.9840000000000002,4709.652000000001,51.1,1.1,0.03903662345036434,55.5,38.3,63.6,50.0,74.3,62.4,70.6,87.4
355994,A. Freeman,Villarreal,La Liga,21.0,,,CB,,CB,statistical_fallback,57.4,,,0.0,0.0,0.0,0.0,0.0,0.0,0.0,0.0,0.0,0.0,0.0,0.0,0.0,14.6,49.2,1.1,6.1,1.1,3.1,1.8,0.0
122468,Saúl Coco,Torino,Serie A,26.0,588426.0,2029-06-30 00:00:00,CB,,CB,transfermarkt_profile_and_lineups,95.0,,Centre-Back,39.0,1.0,1.0,3450.0,1.02,1.02,3475.7999999999997,39.0,3.168,5884.389,65.5,1.734,0.04489901605385811,64.2,44.3,89.3,66.7,87.6,85.5,84.5,99.6
19209,F. Tomori,AC Milan,Serie A,28.0,303254.0,2027-06-30 00:00:00,CB,,CB,transfermarkt_profile_and_lineups,95.0,,Centre-Back,37.0,0.0,3.0,2923.0,0.0,2.94,2924.7599999999998,35.0,4.136699999999999,5333.874,61.65,2.058,0.06332827308907397,71.5,60.2,75.7,78.3,82.1,75.1,81.6,98.9
271350,T. Muharemović,Sassuolo,Serie A,22.0,679423.0,2031-06-30 00:00:00,CB,,CB,transfermarkt_profile_and_lineups,95.0,,Centre-Back,33.0,2.0,2.0,2925.0,2.04,2.04,2972.7,33.0,3.468,2972.7,33.0,3.468,0.1049954586739328,86.2,81.2,76.7,71.9,42.6,78.1,47.0,97.4
24899,P. Mainka,1. FC Heidenheim,Bundesliga,31.0,133731.0,2029-06-30 00:00:00,CB,,CB,transfermarkt_profile_and_lineups,95.0,,Centre-Back,36.0,2.0,2.0,3240.0,2.0,2.0,3222.0,36.0,4.9350000000000005,5982.48,71.0,3.4,0.09497206703910614,85.4,77.1,83.1,83.8,89.0,83.4,88.3,98.5
191240,M. Senaya,Auxerre,Ligue 1,24.0,830890.0,2029-06-30 00:00:00,RB,CB,FB,transfermarkt_profile_and_lineups,95.0,,Right-Back,25.0,1.0,0.0,1785.0,0.98,0.0,1749.3,20.0,1.4798,2496.746,30.2,0.98,0.050420168067226885,28.3,16.6,39.1,21.3,29.0,37.4,27.8,65.7
131,Jorge Cuenca,Fulham,Premier League,26.0,494880.0,2028-06-30 00:00:00,CB,,CB,transfermarkt_profile_and_lineups,95.0,,Centre-Back,22.0,0.0,0.0,1523.0,0.0,0.0,1492.29,18.0,1.1543999999999999,2630.61,30.0,0.0,0.0,14.6,12.1,31.4,32.9,36.7,28.9,36.1,57.3
135068,E. Agbadou,Wolves,Premier League,28.0,683895.0,2030-06-30 00:00:00,CB,,CB,transfermarkt_profile_and_lineups,95.0,,Centre-Back,30.0,1.0,3.0,2374.0,0.78,2.2800000000000002,2176.53,26.0,3.4698,4545.834000000001,52.3,2.3760000000000003,0.09824812890242728,75.0,78.6,53.1,72.1,70.7,56.4,70.9,85.6
181797,B. Humphreys,Burnley,Premier League,22.0,612517.0,2029-06-30 00:00:00,CB,,CB,transfermarkt_profile_and_lineups,95.0,,Centre-Back,22.0,0.0,2.0,1713.0,0.0,2.16,1805.49,19.0,1.512,1838.43,19.6,1.512,0.07537012113055182,59.2,67.4,40.2,41.9,21.7,43.1,24.7,62.1
622,Aymeric Laporte,Athletic Club,La Liga,31.0,176553.0,2028-06-30 00:00:00,CB,,CB,transfermarkt_profile_and_lineups,95.0,,Centre-Back,30.0,0.0,2.0,2434.0,0.0,2.08,2519.5,28.0,1.456,2523.064,28.0,1.456,0.052010319507838854,57.7,50.5,63.1,40.4,32.9,62.3,34.0,88.8
203219,J. Siebert,Lecce,Serie A,23.0,604113.0,2028-06-30 00:00:00,CB,,CB,transfermarkt_profile_and_lineups,95.0,,Centre-Back,23.0,1.0,0.0,1808.0,1.02,0.0,1831.2,20.0,1.02,1831.2,20.0,1.02,0.05013106159895151,49.2,46.7,41.7,29.3,21.4,42.8,22.6,65.5
21090,Diego Carlos,Como,Serie A,32.0,329145.0,2028-06-30 00:00:00,CB,,CB,transfermarkt_profile_and_lineups,95.0,,Centre-Back,31.0,1.0,1.0,2308.0,1.02,0.9,2310.96,25.0,1.8074999999999999,3840.5190000000002,42.2,1.65,0.06425900924291203,61.4,61.4,56.9,47.6,59.5,57.6,57.7,83.6
312964,N. Ngoy,Lille,Ligue 1,22.0,548254.0,2029-06-30 00:00:00,CB,,CB,transfermarkt_profile_and_lineups,95.0,,Centre-Back,37.0,2.0,2.0,3014.0,2.08,1.96,3026.92,34.0,3.686,3456.661,40.1,3.452,0.10263898616415366,85.8,80.0,78.3,75.2,51.7,79.5,55.2,98.9
174927,A. Sangante,Le Havre,Ligue 1,23.0,768380.0,2031-06-30 00:00:00,CB,,CB,transfermarkt_profile_and_lineups,95.0,,Centre-Back,28.0,1.0,1.0,2335.0,0.98,0.98,2288.3,28.0,3.283,3753.4490000000005,45.8,1.666,0.06552462526766595,61.9,62.1,56.2,68.6,58.6,57.0,60.1,86.1
36922,S. van den Berg,Brentford,Premier League,24.0,541231.0,2029-06-30 00:00:00,CB,,CB,transfermarkt_profile_and_lineups,95.0,,Centre-Back,38.0,0.0,2.0,3203.0,0.0,2.16,3330.1800000000003,35.0,2.8278,5785.587,61.1,1.512,0.04086265607264472,59.2,40.5,85.7,63.3,86.7,81.7,83.2,99.2
47301,Robin Le Normand,Atletico Madrid,La Liga,29.0,351809.0,2029-06-30 00:00:00,CB,,CB,transfermarkt_profile_and_lineups,95.0,,Centre-Back,49.0,3.0,2.0,3115.0,3.44,1.79,3247.67,31.0,5.888999999999999,5946.277,60.349999999999994,4.693,0.13005323816767098,91.7,87.4,83.8,88.1,88.8,85.0,88.7,100.0
505,D. Alaba,Real Madrid,La Liga,33.0,59016.0,,CB,,CB,transfermarkt_profile_and_lineups,95.0,,Centre-Back,16.0,0.0,0.0,575.0,0.0,0.0,608.84,6.0,0.4704,1409.584,14.95,0.0,0.0,14.6,32.4,8.3,16.9,14.3,9.3,14.7,23.7
405073,Jon Martín,Real Sociedad,La Liga,19.0,1018938.0,2031-06-30 00:00:00,CB,,CB,transfermarkt_profile_and_lineups,95.0,,Centre-Back,32.0,2.0,0.0,2850.0,2.08,0.0,2880.0,31.0,2.4804,3597.501,35.95,2.08,0.065,72.0,61.7,74.0,58.1,54.8,73.7,55.3,97.0
2280,César Azpilicueta,Sevilla,La Liga,36.0,57500.0,,CB,RB,CB,transfermarkt_profile_and_lineups,95.0,,Centre-Back,17.0,0.0,1.0,1218.0,0.0,1.04,1266.72,17.0,1.7368000000000001,2523.728,30.1,0.728,0.05172413793103448,37.4,50.2,24.8,46.2,33.3,26.7,35.3,48.2
1291,D. Vavro,VfL Wolfsburg,Bundesliga,29.0,239962.0,2027-06-30 00:00:00,CB,,CB,transfermarkt_profile_and_lineups,95.0,,Centre-Back,18.0,1.0,0.0,1185.0,1.0,0.0,1184.0,14.0,3.5324999999999998,3856.7920000000004,45.650000000000006,1.0,0.07601351351351351,47.3,63.6,22.6,73.1,60.2,26.3,62.2,44.9
31016,F. Sierralta,Auxerre,Ligue 1,28.0,371436.0,2029-06-30 00:00:00,CB,,CB,transfermarkt_profile_and_lineups,95.0,,Centre-Back,10.0,1.0,0.0,862.0,0.98,0.0,844.76,9.0,0.98,844.76,9.0,0.98,0.10440835266821345,44.8,68.1,14.8,27.0,6.4,19.3,9.5,30.3
2817,N. Milenković,Nottingham Forest,Premier League,28.0,413507.0,2029-06-30 00:00:00,CB,,CB,transfermarkt_profile_and_lineups,95.0,,Centre-Back,53.0,1.0,1.0,4496.0,1.1,1.1,4878.1,48.0,5.671600000000001,7897.51,82.05000000000001,1.87,0.03450113773805375,67.9,33.6,99.3,86.9,99.3,94.6,97.4,100.0
6168,O. Alderete,Sunderland,Premier League,29.0,353032.0,2029-06-30 00:00:00,CB,,CB,transfermarkt_profile_and_lineups,95.0,,Centre-Back,34.0,1.0,1.0,2892.0,1.08,1.08,3107.1600000000003,33.0,2.6264000000000003,5613.097000000001,60.35,1.836,0.053180396246089674,66.9,51.9,80.2,60.7,85.2,78.2,81.6,97.8
55904,D. Ballard,Sunderland,Premier League,26.0,503686.0,2029-06-30 00:00:00,CB,,CB,transfermarkt_profile_and_lineups,95.0,,Centre-Back,31.0,2.0,2.0,2287.0,2.16,2.16,2444.94,25.0,3.672,2444.94,25.0,3.672,0.1351689612015019,86.9,89.5,61.0,74.8,31.2,64.8,37.7,83.2
64003,P. Struijk,Leeds,Premier League,26.0,410708.0,2031-06-30 00:00:00,CB,,CB,transfermarkt_profile_and_lineups,95.0,,Centre-Back,37.0,0.0,1.0,3167.0,0.0,1.08,3378.96,35.0,0.756,3378.96,35.0,0.756,0.02013637332196889,39.3,16.9,86.9,23.7,49.3,79.8,45.4,98.9
6233,N. Tenaglia,Alaves,La Liga,29.0,533568.0,2029-06-30 00:00:00,RB,CB,FB,transfermarkt_profile_and_lineups,95.0,,Right-Back,39.0,2.0,1.0,3510.0,2.08,1.04,3612.6000000000004,39.0,4.8534,5772.428000000001,62.2,2.808,0.06995515695067263,61.7,30.2,93.2,61.2,91.4,88.5,86.9,99.6
421807,M. Moreno,Levante,La Liga,22.0,1144700.0,2029-06-30 00:00:00,CB,,CB,transfermarkt_profile_and_lineups,95.0,,Centre-Back,29.0,0.0,0.0,2281.0,0.0,0.0,2368.7400000000002,27.0,0.0,2449.5240000000003,30.85,0.0,0.0,14.6,4.6,58.6,6.1,31.4,52.0,27.6,84.3
287564,M. Vitík,Bologna,Serie A,22.0,652054.0,2029-06-30 00:00:00,CB,,CB,transfermarkt_profile_and_lineups,95.0,,Centre-Back,30.0,0.0,0.0,2071.0,0.0,0.0,2154.18,22.0,0.0,2814.9775,39.6,0.0,0.0,14.6,4.6,52.1,6.1,40.5,46.5,35.3,75.4
271540,O. Camara,Angers,Ligue 1,22.0,804711.0,2029-06-30 00:00:00,CB,,CB,transfermarkt_profile_and_lineups,95.0,,Centre-Back,32.0,1.0,0.0,2719.0,0.98,0.0,2664.62,31.0,0.98,2800.987,32.65,0.98,0.03310040456050019,44.8,30.5,69.0,27.0,40.2,65.4,38.3,97.0
147835,A. Omobamidele,Strasbourg,Ligue 1,23.0,621993.0,2029-06-30 00:00:00,CB,,CB,transfermarkt_profile_and_lineups,95.0,,Centre-Back,26.0,1.0,0.0,1442.0,0.98,0.0,1392.46,24.0,1.25,2040.571,30.9,0.98,0.06334113726785688,44.8,57.4,27.4,36.3,24.3,30.0,26.1,63.1
282054,C. Riedel,Espanyol,La Liga,22.0,692070.0,2029-06-30 00:00:00,CB,,CB,transfermarkt_profile_and_lineups,95.0,,Centre-Back,22.0,0.0,2.0,1506.0,0.0,1.94,1550.98,17.0,1.3579999999999999,1801.18,20.0,1.3579999999999999,0.07880178983610361,56.2,67.1,33.1,38.1,20.5,36.6,23.1,55.9
127035,F. Baschirotto,Cremonese,Serie A,29.0,351955.0,2028-06-30 00:00:00,CB,,CB,transfermarkt_profile_and_lineups,95.0,,Centre-Back,30.0,2.0,0.0,2631.0,2.04,0.0,2672.8199999999997,30.0,3.3762,5680.71,63.150000000000006,2.04,0.06869149437672571,70.4,64.3,69.8,70.5,85.5,69.9,83.2,94.8
31226,A. Buongiorno,Napoli,Serie A,26.0,386446.0,2029-06-30 00:00:00,CB,,CB,transfermarkt_profile_and_lineups,95.0,,Centre-Back,42.0,0.0,1.0,3149.0,0.0,1.02,3315.54,35.0,2.4072,5271.456,56.95,0.714,0.01938145822399971,35.6,16.7,85.2,57.6,81.2,77.8,77.7,100.0
162409,K. Koulierakis,VfL Wolfsburg,Bundesliga,22.0,669380.0,2029-06-30 00:00:00,CB,,CB,transfermarkt_profile_and_lineups,95.0,,Centre-Back,31.0,4.0,1.0,2630.0,4.0,1.0,2615.1,29.0,7.43375,4748.772999999999,56.6,4.7,0.1617528966387519,91.9,93.1,65.5,93.3,74.8,69.4,77.5,94.2
349344,L. Jaquez,VfB Stuttgart,Bundesliga,22.0,539798.0,2029-06-30 00:00:00,CB,,CB,transfermarkt_profile_and_lineups,95.0,,Centre-Back,25.0,1.0,1.0,1559.0,0.9,1.0,1571.0,16.0,1.6,1754.15,25.35,1.6,0.0916613621896881,60.2,73.1,33.3,43.3,19.3,37.4,22.9,57.1
26237,D. Heintz,1. FC Köln,Bundesliga,32.0,110036.0,2028-06-30 00:00:00,CB,,CB,transfermarkt_profile_and_lineups,95.0,,Centre-Back,9.0,0.0,0.0,382.0,0.0,0.0,382.0,5.0,0.0,551.5,6.8,0.0,0.0,14.6,39.8,3.3,6.1,3.8,5.0,4.1,16.2
404172,K. Peprah Oppong,Nice,Ligue 1,21.0,1113451.0,2029-06-30 00:00:00,CB,,CB,transfermarkt_profile_and_lineups,95.0,,Centre-Back,36.0,1.0,0.0,2925.0,0.98,0.0,2892.27,33.0,0.98,2892.27,33.0,0.98,0.03049507826032839,44.8,26.9,74.8,27.0,41.2,70.3,39.1,98.5
18861,N. Aké,Manchester City,Premier League,30.0,177476.0,,CB,LB,CB,transfermarkt_profile_and_lineups,95.0,,Centre-Back,34.0,0.0,0.0,1801.0,0.0,0.0,1718.64,18.0,1.3716,3300.1455,35.35,0.0,0.0,14.6,9.5,37.6,38.6,47.6,34.2,46.3,67.4
1902,D. Ćaleta-Car,Real Sociedad,La Liga,29.0,238266.0,2027-06-30 00:00:00,CB,,CB,transfermarkt_profile_and_lineups,95.0,,Centre-Back,32.0,1.0,0.0,2629.0,1.04,0.0,2667.1000000000004,29.0,2.0025000000000004,4477.928000000001,48.25,1.04,0.035094297176708776,52.3,34.8,69.5,50.2,69.0,66.9,66.2,94.6
291589,Kialonda Gaspar,Lecce,Serie A,28.0,836441.0,2027-06-30 00:00:00,CB,,CB,transfermarkt_profile_and_lineups,95.0,,Centre-Back,25.0,0.0,0.0,1988.0,0.0,0.0,2008.8,22.0,1.1217000000000001,3840.705,44.150000000000006,0.0,0.0,14.6,4.6,47.6,32.6,59.8,42.7,55.7,71.9
384543,J. Ziółkowski,AS Roma,Serie A,20.0,1046867.0,2030-06-30 00:00:00,CB,,CB,transfermarkt_profile_and_lineups,95.0,,Centre-Back,29.0,1.0,1.0,1306.0,1.1,0.75,1189.29,16.0,1.625,1202.9025,25.35,1.625,0.12297252982872134,60.7,78.8,22.9,43.8,10.7,28.5,15.7,53.5
32034,A. Dossena,Cagliari,Serie A,27.0,385394.0,2028-06-30 00:00:00,CB,,CB,transfermarkt_profile_and_lineups,95.0,,Centre-Back,12.0,0.0,1.0,856.0,0.0,1.02,873.12,9.0,3.2381999999999995,2844.285,30.2,0.714,0.07359813084112149,35.6,58.6,15.7,67.6,40.7,18.7,44.8,30.9
979,D. Kohr,FSV Mainz 05,Bundesliga,31.0,118847.0,2028-06-30 00:00:00,CB,,CB,transfermarkt_profile_and_lineups,95.0,,Centre-Back,33.0,2.0,0.0,2635.0,2.0,0.0,2585.85,41.0,3.895,4644.25,65.9,2.0,0.06960960612564535,69.2,65.0,64.5,77.4,72.4,65.2,73.1,96.1
48378,S. Widmer,FSV Mainz 05,Bundesliga,32.0,168989.0,,RB,RM,FB,transfermarkt_profile_and_lineups,95.0,,Right-Back,30.0,2.0,1.0,1997.0,2.0,1.0,1976.35,31.0,4.015000000000001,2625.2349999999997,36.55,2.7,0.12295393022490957,60.1,62.1,48.5,51.5,32.2,50.3,35.1,81.9
6231,F. Medina,Marseille,Ligue 1,26.0,474800.0,2030-06-30 00:00:00,CB,LB,CB,transfermarkt_profile_and_lineups,95.0,,Centre-Back,22.0,0.0,1.0,1762.0,0.0,0.98,1773.38,21.0,2.2266999999999997,4171.257,48.6,0.6859999999999999,0.03481487329280808,31.2,34.5,39.0,54.0,66.0,37.9,64.2,65.1
21381,J. Lefort,Angers,Ligue 1,32.0,192492.0,2029-06-30 00:00:00,CB,,CB,transfermarkt_profile_and_lineups,95.0,,Centre-Back,34.0,0.0,2.0,3060.0,0.0,1.96,2998.8,34.0,1.7492999999999999,4648.14,52.7,1.3719999999999999,0.04117647058823529,56.5,41.7,77.6,46.4,72.6,74.5,68.7,97.8
916,M. Diakhaby,Valencia,La Liga,29.0,346289.0,2027-06-30 00:00:00,CB,,CB,transfermarkt_profile_and_lineups,95.0,,Centre-Back,9.0,1.0,0.0,589.0,1.04,0.0,606.26,8.0,2.4960000000000004,1369.3880000000001,16.3,1.04,0.15438920595124206,52.3,72.9,8.1,58.8,13.1,14.7,20.0,23.4
47429,David Costas,Oviedo,La Liga,30.0,276111.0,2028-06-30 00:00:00,CB,,CB,transfermarkt_profile_and_lineups,95.0,,Centre-Back,25.0,1.0,0.0,2064.0,1.04,0.0,2146.5600000000004,22.0,1.04,2146.5600000000004,22.0,1.04,0.04360465116279069,52.3,43.1,51.7,30.6,26.7,51.8,27.3,73.4
35544,J. Vásquez,Genoa,Serie A,27.0,532937.0,2028-06-30 00:00:00,CB,,CB,transfermarkt_profile_and_lineups,95.0,,Centre-Back,39.0,1.0,0.0,3487.0,1.02,0.0,3524.34,39.0,3.4932000000000003,6172.209,68.15,1.02,0.0260474301571358,49.2,21.7,90.0,72.6,91.7,83.9,88.8,99.6
342019,D. Ghilardi,AS Roma,Serie A,22.0,701819.0,2030-06-30 00:00:00,CB,,CB,transfermarkt_profile_and_lineups,95.0,,Centre-Back,28.0,0.0,0.0,1536.0,0.0,0.0,1584.72,14.0,0.0,2723.55,25.55,0.0,0.0,14.6,11.0,33.6,6.1,39.3,30.7,34.3,55.8
18797,C. Kabasele,Udinese,Serie A,34.0,81512.0,2027-06-30 00:00:00,CB,,CB,transfermarkt_profile_and_lineups,95.0,,Centre-Back,31.0,3.0,0.0,2321.0,3.06,0.0,2359.62,29.0,4.7022,3348.339,39.45,3.06,0.11671370813944619,82.7,84.3,58.3,82.6,48.6,62.0,53.7,87.9
15909,M. Frese,Hellas Verona,Serie A,27.0,488785.0,2027-06-30 00:00:00,LB,LM,FB,transfermarkt_profile_and_lineups,95.0,,Left-Back,32.0,2.0,0.0,2503.0,2.04,0.0,2542.2599999999998,28.0,3.7986,3455.97,40.95,2.04,0.07221920653277007,45.7,32.5,68.3,48.2,49.7,64.9,49.5,91.0
416062,E. Helland,Bologna,Serie A,20.0,1129198.0,2030-06-30 00:00:00,CB,,CB,transfermarkt_profile_and_lineups,95.0,,Centre-Back,19.0,0.0,1.0,1506.0,0.0,0.85,1444.5600000000002,18.0,0.595,1444.5600000000002,18.0,0.595,0.03707011131417178,29.3,39.0,30.5,19.8,15.2,30.3,15.9,55.8
204043,A. Theate,Eintracht Frankfurt,Bundesliga,25.0,368891.0,2029-06-30 00:00:00,CB,LB,CB,transfermarkt_profile_and_lineups,95.0,,Centre-Back,33.0,1.0,1.0,2984.0,1.0,1.0,3116.0,33.0,2.288,6038.326,66.3,1.7,0.04910141206675225,63.0,46.2,80.7,55.5,89.8,78.1,84.6,97.4
33165,A. Seko,Le Havre,Ligue 1,25.0,405389.0,2028-06-30 00:00:00,CB,CDM,CB,transfermarkt_profile_and_lineups,95.0,,Centre-Back,30.0,0.0,0.0,2625.0,0.0,0.0,2572.5,29.0,0.0,2572.5,29.0,0.0,0.0,14.6,4.6,64.3,6.1,34.3,56.8,30.1,93.7
313937,A. Mendy,Nice,Ligue 1,21.0,891998.0,2028-06-30 00:00:00,CB,,CB,transfermarkt_profile_and_lineups,95.0,,Centre-Back,34.0,1.0,1.0,2691.0,0.98,1.1,2663.34,30.0,1.75,3379.922,37.25,1.75,0.05913627249994368,64.8,55.5,68.6,46.7,49.5,68.0,49.1,97.6
126757,L. Brassier,Rennes,Ligue 1,26.0,485960.0,2029-06-30 00:00:00,CB,,CB,transfermarkt_profile_and_lineups,95.0,,Centre-Back,27.0,0.0,1.0,2252.0,0.0,0.98,2206.96,25.0,2.4843,4081.21,46.65,0.6859999999999999,0.02797513321492007,31.2,23.6,54.3,58.3,63.8,50.8,63.0,81.0
2725,B. Pavard,Marseille,Ligue 1,29.0,353366.0,2028-06-30 00:00:00,CB,RB,CB,transfermarkt_profile_and_lineups,95.0,,Centre-Back,36.0,1.0,2.0,2705.0,0.98,1.96,2738.82,31.0,3.9906,5030.811,56.2,2.352,0.07728875939273117,74.6,68.6,71.2,77.6,78.3,71.7,78.2,98.5
41970,David Carmo,Oviedo,La Liga,26.0,498237.0,2029-06-30 00:00:00,CB,,CB,transfermarkt_profile_and_lineups,95.0,,Centre-Back,22.0,1.0,0.0,1787.0,1.04,0.0,1858.4800000000002,20.0,1.469,3367.9305000000004,42.35,1.04,0.05036373810856183,52.3,47.1,42.1,40.7,49.0,43.7,47.8,64.7
47254,M. Olivera,Napoli,Serie A,28.0,376514.0,2030-06-30 00:00:00,LB,CB,FB,transfermarkt_profile_and_lineups,95.0,,Left-Back,33.0,0.0,2.0,1827.0,0.0,2.4,1905.96,20.0,3.3783000000000003,3843.459,40.6,1.68,0.07933010136624062,40.5,37.6,44.7,44.1,57.1,44.1,55.1,69.6
37604,S. Beukema,Napoli,Serie A,27.0,433984.0,2030-06-30 00:00:00,CB,,CB,transfermarkt_profile_and_lineups,95.0,,Centre-Back,32.0,2.0,0.0,2214.0,2.04,0.0,2300.4,25.0,3.6849,5464.446,59.35000000000001,2.04,0.07981220657276995,70.4,70.0,56.4,75.0,83.1,58.5,81.9,82.1
368129,T. Slotsager,Hellas Verona,Serie A,19.0,851385.0,2028-06-30 00:00:00,CB,,CB,transfermarkt_profile_and_lineups,95.0,,Centre-Back,9.0,0.0,0.0,533.0,0.0,0.0,532.86,5.0,0.23399999999999999,1019.0400000000001,11.85,0.0,0.0,14.6,36.2,6.0,13.3,7.9,7.3,8.7,19.2
1841,Patric,Lazio,Serie A,32.0,126729.0,2027-06-30 00:00:00,CB,CDM,CB,transfermarkt_profile_and_lineups,95.0,,Centre-Back,15.0,0.0,0.0,745.0,0.0,0.0,749.8199999999999,7.0,1.173,2072.87,20.85,0.0,0.0,14.6,26.0,12.1,33.8,25.0,12.5,26.3,27.8
25346,J. Torunarigha,Hamburger SV,Bundesliga,28.0,227110.0,2028-06-30 00:00:00,CB,,CB,transfermarkt_profile_and_lineups,95.0,,Centre-Back,27.0,0.0,0.0,2221.0,0.0,0.0,2195.4,24.0,0.8619,3612.1695,48.35,0.0,0.0,14.6,4.6,54.0,25.2,55.2,48.1,50.7,79.4
163039,C. Matsima,FC Augsburg,Bundesliga,23.0,569383.0,2030-06-30 00:00:00,CB,,CB,transfermarkt_profile_and_lineups,95.0,,Centre-Back,20.0,1.0,1.0,1660.0,1.0,1.0,1643.0,19.0,3.1348000000000003,3628.494,40.85,1.7,0.09312233718807059,63.0,75.2,35.5,66.4,55.7,39.6,57.3,60.3
24961,H. Wahl,FC St. Pauli,Bundesliga,31.0,154147.0,2029-06-30 00:00:00,CB,,CB,transfermarkt_profile_and_lineups,95.0,,Centre-Back,33.0,3.0,1.0,2921.0,2.9,1.0,2888.0,32.0,3.5999999999999996,4601.195,51.25,3.5999999999999996,0.11218836565096953,86.7,82.6,74.3,73.8,71.4,76.1,71.8,97.4
276184,M. Sarr,Strasbourg,Ligue 1,20.0,910905.0,2033-06-30 00:00:00,CB,,CB,transfermarkt_profile_and_lineups,95.0,,Centre-Back,24.0,0.0,0.0,1787.0,0.0,0.0,1716.18,22.0,0.3773,3120.9500000000003,38.650000000000006,0.0,0.0,14.6,9.8,37.4,15.7,44.3,34.0,40.0,67.4
396193,L. Høgsberg,Strasbourg,Ligue 1,19.0,926978.0,2030-06-30 00:00:00,CB,,CB,transfermarkt_profile_and_lineups,95.0,,Centre-Back,28.0,0.0,0.0,2158.0,0.0,0.0,2040.14,34.0,0.3003,2692.919,42.25,0.0,0.0,14.6,4.6,48.3,14.4,38.3,43.3,34.7,84.5
449509,Abdulay Bah,Nice,Ligue 1,19.0,1121298.0,2031-06-30 00:00:00,CB,,CB,transfermarkt_profile_and_lineups,95.0,,Centre-Back,34.0,0.0,0.0,2660.0,0.0,0.0,2646.52,30.0,0.0,3554.46,40.45,0.0,0.0,14.6,4.6,67.4,6.1,53.8,59.5,46.6,96.9
22163,Dante,Nice,Ligue 1,42.0,16136.0,,CB,,CB,transfermarkt_profile_and_lineups,95.0,,Centre-Back,16.0,0.0,1.0,1080.0,0.0,0.98,1074.51,12.0,1.1858,3119.084,34.8,0.6859999999999999,0.057458748638914474,31.2,53.6,20.2,34.8,44.0,21.9,42.7,40.0
133,C. Lenglet,Atletico Madrid,La Liga,31.0,182904.0,2027-06-30 00:00:00,CB,,CB,transfermarkt_profile_and_lineups,95.0,,Centre-Back,26.0,0.0,1.0,1862.0,0.0,1.04,1926.6200000000001,23.0,3.3407,4054.1220000000003,47.8,0.728,0.03400774413221081,37.4,32.1,45.0,69.8,63.3,43.9,64.3,70.7
412719,Veljko Milosavljević,Bournemouth,Premier League,18.0,989112.0,2030-06-30 00:00:00,CB,,CB,transfermarkt_profile_and_lineups,95.0,,Centre-Back,12.0,0.0,0.0,714.0,0.0,0.0,691.3100000000001,10.0,0.0,691.3100000000001,10.0,0.0,0.0,14.6,28.8,10.7,6.1,5.0,11.3,5.2,29.0
47249,L. Cabrera,Espanyol,La Liga,34.0,102423.0,2027-06-30 00:00:00,CB,,CB,transfermarkt_profile_and_lineups,95.0,,Centre-Back,37.0,3.0,0.0,3330.0,3.12,0.0,3463.2000000000003,37.0,6.2088,5104.84,54.6,3.12,0.08108108108108109,83.3,71.0,88.6,89.0,79.8,87.8,81.2,98.9
20656,E. Ebosse,Torino,Serie A,26.0,342877.0,2027-06-30 00:00:00,CB,,CB,transfermarkt_profile_and_lineups,95.0,,Centre-Back,18.0,0.0,1.0,1422.0,0.0,1.02,1439.6399999999999,17.0,0.714,1494.7469999999998,25.8,0.714,0.04463615903975994,35.6,44.8,29.5,22.5,15.7,30.4,16.7,52.7
774,Juan Jesus,Napoli,Serie A,34.0,121985.0,,CB,,CB,transfermarkt_profile_and_lineups,95.0,,Centre-Back,35.0,0.0,0.0,2377.0,0.0,0.0,2418.42,26.0,1.3512,3953.748,42.7,0.0,0.0,14.6,4.6,59.8,37.9,61.4,53.0,57.9,87.5
442546,K. Potulski,FSV Mainz 05,Bundesliga,18.0,1073748.0,2028-06-30 00:00:00,CB,,CB,transfermarkt_profile_and_lineups,95.0,,Centre-Back,15.0,1.0,1.0,1060.0,1.0,1.0,1060.0,14.0,1.7,1060.0,14.0,1.7,0.14433962264150943,63.0,81.4,19.5,45.1,8.8,26.0,14.3,41.2
375,C. Mbemba,Lille,Ligue 1,31.0,203348.0,,CB,,CB,transfermarkt_profile_and_lineups,95.0,,Centre-Back,21.0,0.0,1.0,1657.0,0.0,1.1,1708.46,16.0,3.0896,2743.286,27.7,0.77,0.04056284607190101,40.6,41.2,36.9,65.5,39.5,37.5,43.4,57.6
513415,Stephan Zagadou,Le Havre,Ligue 1,17.0,1228317.0,,CB,,CB,transfermarkt_profile_and_lineups,95.0,,Centre-Back,8.0,1.0,0.0,498.0,0.98,0.0,488.03999999999996,6.0,0.98,488.03999999999996,6.0,0.98,0.1807228915662651,44.8,73.3,5.0,27.0,3.6,11.0,7.1,19.1
8694,W. Faes,Monaco,Ligue 1,27.0,292808.0,2026-06-30 00:00:00,CB,,CB,transfermarkt_profile_and_lineups,95.0,,Centre-Back,17.0,0.0,0.0,1411.0,0.0,0.0,1401.68,16.0,1.089,3177.308,34.2,0.0,0.0,14.6,13.3,28.6,31.9,45.0,26.5,43.0,51.1
19495,N. Collins,Brentford,Premier League,24.0,469050.0,2029-06-30 00:00:00,CB,,CB,transfermarkt_profile_and_lineups,95.0,,Centre-Back,41.0,2.0,3.0,3371.0,1.83,3.06,3540.51,35.0,8.0598,6500.295,65.2,3.972,0.10096850453748188,89.0,79.5,90.2,94.3,93.1,90.1,93.3,100.0
135334,S. Bueno,Wolves,Premier League,27.0,438001.0,2028-06-30 00:00:00,CB,,CB,transfermarkt_profile_and_lineups,95.0,,Centre-Back,34.0,4.0,2.0,3003.0,4.140000000000001,2.16,3135.2400000000002,33.0,5.998500000000001,4651.803,48.75,5.652000000000001,0.16224595246296936,95.0,93.6,81.2,88.6,72.9,83.3,75.2,97.8
183849,Aitor Paredes,Athletic Club,La Liga,25.0,591916.0,2029-06-30 00:00:00,CB,,CB,transfermarkt_profile_and_lineups,95.0,,Centre-Back,30.0,2.0,1.0,2502.0,2.08,0.9,2655.36,28.0,5.766500000000001,5309.905000000001,56.7,2.71,0.09185195227765726,79.5,76.0,67.6,87.4,81.7,69.4,82.5,90.2
279822,F. Boyomo,Osasuna,La Liga,24.0,541555.0,2029-06-30 00:00:00,CB,,CB,transfermarkt_profile_and_lineups,95.0,,Centre-Back,31.0,1.0,2.0,2665.0,1.04,2.08,2754.8,30.0,3.64,4752.026000000001,51.45,2.496,0.08154493974154203,77.0,71.2,71.4,74.3,75.2,72.3,75.1,95.9
48372,E. Cömert,Valencia,La Liga,27.0,298583.0,,CB,,CB,transfermarkt_profile_and_lineups,95.0,,Centre-Back,21.0,2.0,1.0,1729.0,2.08,1.04,1743.5600000000002,19.0,3.396,3438.958,38.0,2.808,0.14494482552937665,80.5,90.2,38.6,71.0,51.2,44.9,54.2,62.1
182546,Jon Pacheco,Alaves,La Liga,24.0,580560.0,2030-06-30 00:00:00,CB,,CB,transfermarkt_profile_and_lineups,95.0,,Centre-Back,25.0,0.0,0.0,2004.0,0.0,0.0,2046.3600000000001,23.0,1.4819,3426.0690000000004,37.2,0.0,0.0,14.6,4.6,48.8,41.2,50.5,43.7,49.1,73.2
1084,M. Pongračić,Fiorentina,Serie A,28.0,282144.0,2029-06-30 00:00:00,CB,,CB,transfermarkt_profile_and_lineups,95.0,,Centre-Back,38.0,0.0,0.0,3039.0,0.0,0.0,3068.0099999999998,42.0,0.0,4916.628,65.2,0.0,0.0,14.6,4.6,79.3,6.1,77.1,69.6,66.5,99.2
268341,F. Gatti,Juventus,Serie A,27.0,509022.0,2030-06-30 00:00:00,CB,,CB,transfermarkt_profile_and_lineups,95.0,,Centre-Back,32.0,4.0,0.0,1716.0,4.4399999999999995,0.0,1800.0,18.0,7.079699999999999,4564.854,48.0,4.4399999999999995,0.22199999999999998,91.2,98.6,40.0,91.9,71.0,47.7,74.1,65.0
30919,M. Bianchetti,Cremonese,Serie A,32.0,160986.0,2027-06-30 00:00:00,CB,,CB,transfermarkt_profile_and_lineups,95.0,,Centre-Back,28.0,0.0,2.0,2287.0,0.0,2.04,2321.94,26.0,1.428,2321.94,26.0,1.428,0.055350267448771286,57.1,53.8,57.6,40.0,29.5,57.5,31.1,83.1
30556,F. Romagna,Sassuolo,Serie A,28.0,256678.0,,CB,,CB,transfermarkt_profile_and_lineups,95.0,,Centre-Back,7.0,0.0,0.0,495.0,0.0,0.0,483.3,6.0,0.0,483.3,6.0,0.0,0.0,14.6,37.6,4.8,6.1,3.3,6.2,3.7,18.7
37117,D. Doekhi,Union Berlin,Bundesliga,27.0,387047.0,,CB,,CB,transfermarkt_profile_and_lineups,95.0,,Centre-Back,37.0,7.0,1.0,3360.0,6.8,1.0,3330.0,37.0,8.65,5868.0,65.2,7.5,0.20270270270270271,98.1,97.6,85.5,95.7,87.1,87.4,88.4,98.9
19789,E. Pinnock,Brentford,Premier League,32.0,442248.0,2027-06-30 00:00:00,CB,,CB,transfermarkt_profile_and_lineups,95.0,,Centre-Back,8.0,0.0,0.0,651.0,0.0,0.0,621.1800000000001,8.0,1.8360000000000003,2598.606,28.25,0.0,0.0,14.6,31.7,8.8,47.9,35.2,9.7,37.1,24.3
329722,Yoel Lago,Celta Vigo,La Liga,21.0,939374.0,2029-06-30 00:00:00,CB,,CB,transfermarkt_profile_and_lineups,95.0,,Centre-Back,19.0,1.0,1.0,1385.0,0.9,0.9,1420.1000000000001,16.0,1.9304000000000001,1801.9510000000002,20.15,1.53,0.09696500246461516,59.8,73.8,29.0,49.0,20.7,33.7,25.0,51.3
355004,V. Gómez,Real Betis,La Liga,22.0,985383.0,2030-06-30 00:00:00,CB,LB,CB,transfermarkt_profile_and_lineups,95.0,,Centre-Back,41.0,1.0,0.0,2856.0,1.04,0.0,2966.1000000000004,30.0,1.04,2966.1000000000004,30.0,1.04,0.03155658946090826,52.3,28.6,76.4,30.6,42.4,72.8,40.6,100.0
30420,E. Del Prato,Parma,Serie A,26.0,392956.0,2027-06-30 00:00:00,RB,CB,FB,transfermarkt_profile_and_lineups,95.0,,Right-Back,38.0,2.0,0.0,3178.0,2.04,0.0,3214.56,37.0,4.284000000000001,4878.651,54.6,2.04,0.05711512617589966,45.7,19.2,84.6,55.6,78.4,78.8,75.0,99.2
394734,Finn Jeltsch,VfB Stuttgart,Bundesliga,19.0,924117.0,2030-06-30 00:00:00,CB,,CB,transfermarkt_profile_and_lineups,95.0,,Centre-Back,36.0,0.0,1.0,2441.0,0.0,1.0,2493.3,28.0,0.7,3076.63,34.6,0.7,0.025267717482854047,33.5,20.5,62.4,21.7,43.6,58.0,40.3,91.2
376,Diogo Leite,Union Berlin,Bundesliga,26.0,357156.0,,CB,,CB,transfermarkt_profile_and_lineups,95.0,,Centre-Back,25.0,0.0,1.0,2180.0,0.0,0.9,2159.0,25.0,2.22,4660.05,53.2,0.63,0.026262158406669754,29.6,21.9,52.6,53.8,73.1,49.2,70.2,78.8
15793,R. Nicolaisen,Toulouse,Ligue 1,28.0,283227.0,2029-06-30 00:00:00,CB,,CB,transfermarkt_profile_and_lineups,95.0,,Centre-Back,32.0,1.0,0.0,2568.0,0.98,0.0,2516.64,30.0,1.9453,3971.3639999999996,46.45,0.98,0.035046728971962614,44.8,34.3,62.9,49.5,61.9,60.1,60.0,94.3
319,S. Luperto,Cagliari,Serie A,29.0,278531.0,2030-06-30 00:00:00,CB,,CB,transfermarkt_profile_and_lineups,95.0,,Centre-Back,36.0,1.0,1.0,3197.0,1.02,1.02,3239.34,36.0,4.3398,6164.907,68.05,1.734,0.04817648039415436,64.2,46.0,83.6,80.0,91.4,80.7,89.7,98.5
162964,R. Hranáč,1899 Hoffenheim,Bundesliga,25.0,620217.0,2028-06-30 00:00:00,CB,,CB,transfermarkt_profile_and_lineups,95.0,,Centre-Back,31.0,1.0,0.0,2423.0,1.0,0.0,2405.8,28.0,1.4235,2692.0750000000003,34.05,1.0,0.037409593482417486,47.3,37.1,59.5,39.8,38.1,57.7,38.3,89.0
40274,A. Dźwigała,FC St. Pauli,Bundesliga,30.0,236966.0,2027-06-30 00:00:00,CB,,CB,transfermarkt_profile_and_lineups,95.0,,Centre-Back,19.0,1.0,1.0,1295.0,1.0,1.0,1295.0,14.0,2.195,1518.905,15.1,1.7,0.11814671814671815,63.0,79.0,25.2,53.3,16.0,30.9,21.6,47.5
1031,Igor Silva,Lorient,Ligue 1,29.0,391720.0,,RB,CB,FB,transfermarkt_profile_and_lineups,95.0,,Right-Back,17.0,1.0,0.0,1213.0,0.98,0.0,1188.74,13.0,0.98,1264.886,13.6,0.98,0.0741962077493817,28.3,39.3,20.7,13.6,9.5,21.8,10.1,44.1
378353,U. Mboula,Metz,Ligue 1,22.0,1038308.0,2028-06-30 00:00:00,CB,LB,CB,transfermarkt_profile_and_lineups,95.0,,Centre-Back,14.0,0.0,0.0,746.0,0.0,0.0,731.08,10.0,0.0,731.08,10.0,0.0,0.0,14.6,27.4,11.4,6.1,5.5,11.9,5.6,30.4
152849,M. van de Ven,Tottenham,Premier League,24.0,557459.0,2029-06-30 00:00:00,CB,,CB,transfermarkt_profile_and_lineups,95.0,,Centre-Back,45.0,7.0,1.0,3943.0,7.57,1.08,4307.9400000000005,45.0,10.1296,6086.894,64.4,8.326,0.17394392679563783,99.0,95.7,97.1,97.1,90.5,97.4,91.5,100.0
95,B. Badiashile,Chelsea,Premier League,24.0,463603.0,2030-06-30 00:00:00,CB,,CB,transfermarkt_profile_and_lineups,95.0,,Centre-Back,18.0,0.0,0.0,1230.0,0.0,0.0,1227.33,14.0,0.2268,1980.684,27.9,0.0,0.0,14.6,15.0,23.6,12.9,23.6,22.2,22.0,45.8
46813,A. Abqar,Getafe,La Liga,26.0,559979.0,2028-06-30 00:00:00,CB,,CB,transfermarkt_profile_and_lineups,95.0,,Centre-Back,24.0,0.0,2.0,1462.0,0.0,2.08,1517.5400000000002,18.0,1.8564,3650.9440000000004,42.05,1.456,0.08635027742267089,57.7,70.7,32.1,48.3,56.2,36.0,55.0,56.8
25061,A. Bella-Kotchap,Hellas Verona,Serie A,24.0,467563.0,2030-06-30 00:00:00,CB,,CB,transfermarkt_profile_and_lineups,95.0,,Centre-Back,20.0,0.0,0.0,1437.0,0.0,0.0,1454.94,15.0,0.0,1724.598,17.0,0.0,0.0,14.6,12.4,30.7,6.1,19.0,28.3,17.1,51.8
25907,S. Bell,FSV Mainz 05,Bundesliga,34.0,82350.0,2026-06-30 00:00:00,CB,,CB,transfermarkt_profile_and_lineups,95.0,,Centre-Back,21.0,3.0,2.0,1258.0,2.75,2.0,1210.5,18.0,4.535,2265.505,28.95,4.15,0.308550185873606,90.2,98.8,23.3,81.9,28.6,33.4,36.6,51.5
21998,A. Disasi,West Ham,Premier League,27.0,386047.0,2029-06-30 00:00:00,CB,,CB,transfermarkt_profile_and_lineups,95.0,,Centre-Back,17.0,1.0,0.0,1510.0,0.9,0.0,1584.9,16.0,2.1420000000000003,3248.712,36.65,0.9,0.05110732538330494,42.3,47.6,33.8,52.4,46.9,35.1,47.7,53.1
47277,Unai Núñez,Valencia,La Liga,28.0,338285.0,2029-06-30 00:00:00,CB,RB,CB,transfermarkt_profile_and_lineups,95.0,,Centre-Back,31.0,0.0,1.0,2267.0,0.0,1.04,2319.78,26.0,2.076,3832.6910000000003,42.25,0.728,0.0282440576261542,37.4,24.3,57.4,51.7,59.3,54.4,58.1,83.8
435552,Pau Navarro,Villarreal,La Liga,20.0,1061336.0,2030-06-30 00:00:00,CB,RB,CB,transfermarkt_profile_and_lineups,95.0,,Centre-Back,27.0,0.0,0.0,2201.0,0.0,0.0,2306.36,26.0,0.0,2919.9840000000004,31.5,0.0,0.0,14.6,4.6,56.7,6.1,42.1,50.4,36.7,81.0
415155,J. Rodríguez,Cagliari,Serie A,20.0,1228231.0,2030-06-30 00:00:00,CB,,CB,transfermarkt_profile_and_lineups,95.0,,Centre-Back,18.0,1.0,0.0,1375.0,1.02,0.0,1395.18,17.0,1.02,1395.18,17.0,1.02,0.06579796155334795,49.2,59.3,27.9,29.3,14.0,31.1,16.3,51.8
191189,C. Akpa,Auxerre,Ligue 1,24.0,806793.0,2028-06-30 00:00:00,CB,,CB,transfermarkt_profile_and_lineups,95.0,,Centre-Back,26.0,0.0,0.0,1941.0,0.0,0.0,1902.18,21.0,0.3773,3246.985,36.95,0.0,0.0,14.6,4.6,44.2,15.7,46.7,39.7,42.0,70.3
21635,J. Gradit,Lens,Ligue 1,33.0,126557.0,2028-06-30 00:00:00,CB,,CB,transfermarkt_profile_and_lineups,95.0,,Centre-Back,10.0,0.0,0.0,809.0,0.0,0.0,792.82,10.0,0.294,2876.4705,34.5,0.0,0.0,14.6,24.8,13.6,13.9,41.0,13.7,36.9,30.2
304427,Ali Yousef Musrati,Nantes,Ligue 1,24.0,,,CB,,CB,statistical_fallback,59.6,,,0.0,0.0,0.0,0.0,0.0,0.0,0.0,0.0,0.0,0.0,0.0,0.0,0.0,14.6,49.2,1.1,6.1,1.1,3.1,1.8,0.0
66407,L. Krejčí,Wolves,Premier League,26.0,345911.0,2030-06-30 00:00:00,CB,,CB,transfermarkt_profile_and_lineups,95.0,,Centre-Back,34.0,2.0,1.0,2856.0,2.16,1.08,3000.33,32.0,4.4604,4855.7880000000005,51.25,2.9160000000000004,0.08747037825839159,81.0,74.0,77.9,81.2,76.2,78.3,76.9,97.8
195100,Natan,Real Betis,La Liga,24.0,735568.0,2030-06-30 00:00:00,CB,,CB,transfermarkt_profile_and_lineups,95.0,,Centre-Back,45.0,0.0,1.0,3755.0,0.0,1.1,3925.9000000000005,43.0,2.3409,5899.052000000001,71.75,0.77,0.017652003362286353,40.6,15.5,94.8,56.4,88.1,86.6,83.3,100.0
316516,S. Boselli,Getafe,La Liga,22.0,898352.0,2030-06-30 00:00:00,CB,,CB,transfermarkt_profile_and_lineups,95.0,,Centre-Back,11.0,0.0,0.0,374.0,0.0,0.0,388.96000000000004,4.0,0.0,388.96000000000004,4.0,0.0,0.0,14.6,39.3,3.6,6.1,2.6,5.2,3.1,15.7
37651,J. Idzes,Sassuolo,Serie A,25.0,546926.0,2029-06-30 00:00:00,CB,,CB,transfermarkt_profile_and_lineups,95.0,,Centre-Back,35.0,0.0,0.0,3064.0,0.0,0.0,3125.2799999999997,35.0,1.056,4924.638,54.8,0.0,0.0,14.6,4.6,81.0,31.4,77.4,71.0,70.5,98.1
15912,V. Nelsson,Hellas Verona,Serie A,27.0,422951.0,2027-06-30 00:00:00,CB,,CB,transfermarkt_profile_and_lineups,95.0,,Centre-Back,38.0,0.0,0.0,3316.0,0.0,0.0,3382.3199999999997,37.0,0.46799999999999997,4507.996999999999,51.1,0.0,0.0,14.6,4.6,87.4,16.7,70.2,76.5,62.2,99.2
387128,S. Otoa,Genoa,Serie A,21.0,890385.0,2028-06-30 00:00:00,CB,,CB,transfermarkt_profile_and_lineups,95.0,,Centre-Back,14.0,0.0,0.0,919.0,0.0,0.0,926.58,10.0,0.3003,1359.276,16.6,0.0,0.0,14.6,20.2,17.4,14.4,12.9,17.0,13.1,34.0
142691,Alexsandro Ribeiro,Lille,Ligue 1,26.0,648020.0,2028-06-30 00:00:00,CB,,CB,transfermarkt_profile_and_lineups,95.0,,Centre-Back,11.0,0.0,0.0,628.0,0.0,0.0,629.6,9.0,1.3783,3560.567,42.2,0.0,0.0,14.6,31.4,9.0,39.0,54.3,9.9,52.0,25.9
1408,S. Bornauw,Leeds,Premier League,26.0,338629.0,2029-06-30 00:00:00,CB,,CB,transfermarkt_profile_and_lineups,95.0,,Centre-Back,17.0,0.0,0.0,771.0,0.0,0.0,758.34,9.0,1.1,1687.69,19.05,0.0,0.0,14.6,25.5,12.6,32.1,18.3,12.9,20.4,31.1
30498,L. De Silvestri,Bologna,Serie A,37.0,33571.0,2027-06-30 00:00:00,RB,,FB,transfermarkt_profile_and_lineups,95.0,,Right-Back,12.0,0.0,0.0,491.0,0.0,0.0,500.82000000000005,6.0,1.173,1361.463,15.8,0.0,0.0,7.8,28.1,4.1,16.3,10.7,4.7,11.5,20.5
290545,J. Seelt,VfL Wolfsburg,Bundesliga,22.0,617755.0,2028-06-30 00:00:00,CB,,CB,transfermarkt_profile_and_lineups,95.0,,Centre-Back,13.0,0.0,0.0,862.0,0.0,0.0,866.12,10.0,0.0,866.12,10.0,0.0,0.0,14.6,23.1,15.0,6.1,6.7,14.9,6.6,32.4
307929,T. Ando,FC St. Pauli,Bundesliga,26.0,610795.0,,CB,,CB,transfermarkt_profile_and_lineups,95.0,,Centre-Back,16.0,0.0,1.0,1351.0,0.0,1.0,1342.0,15.0,0.7,1342.0,15.0,0.7,0.04694485842026826,33.5,45.7,26.4,21.7,12.4,27.5,13.8,48.5
19179,T. Mings,Aston Villa,Premier League,32.0,253677.0,2027-06-30 00:00:00,CB,,CB,transfermarkt_profile_and_lineups,95.0,,Centre-Back,21.0,1.0,1.0,1594.0,1.1,1.08,1726.94,18.0,2.318,2697.878,28.200000000000003,1.856,0.0967260009033319,67.6,76.9,37.9,55.7,38.8,42.3,41.3,58.3
19321,J. Rodon,Leeds,Premier League,28.0,297212.0,2028-06-30 00:00:00,CB,,CB,transfermarkt_profile_and_lineups,95.0,,Centre-Back,38.0,2.0,0.0,3081.0,2.16,0.0,3304.62,34.0,2.16,3409.92,35.5,2.16,0.058826733482215815,73.0,55.2,84.8,53.0,50.2,83.0,50.6,99.2
286559,Carlos Domínguez,Celta Vigo,La Liga,24.0,636093.0,2028-06-30 00:00:00,CB,,CB,transfermarkt_profile_and_lineups,95.0,,Centre-Back,13.0,0.0,0.0,927.0,0.0,0.0,942.5000000000001,9.0,0.49500000000000005,2249.317,23.55,0.0,0.0,14.6,20.0,17.9,17.1,28.3,17.4,26.7,32.8
358431,N. Mendy,Rayo Vallecano,La Liga,21.0,1034853.0,2030-06-30 00:00:00,CB,,CB,transfermarkt_profile_and_lineups,95.0,,Centre-Back,25.0,2.0,0.0,1894.0,2.08,0.0,1957.16,23.0,2.08,2087.214,24.95,2.08,0.09564879723681254,72.0,77.9,46.4,51.9,25.5,50.3,29.4,71.0
39254,T. Heggem,Bologna,Serie A,26.0,464469.0,2029-06-30 00:00:00,CB,,CB,transfermarkt_profile_and_lineups,95.0,,Centre-Back,38.0,0.0,0.0,2871.0,0.0,0.0,2908.06,32.0,0.0,2908.06,32.0,0.0,0.0,14.6,4.6,75.0,6.1,41.9,65.9,36.5,99.2
195717,Y. Mosquera,Wolves,Premier League,24.0,716276.0,2030-06-30 00:00:00,CB,,CB,transfermarkt_profile_and_lineups,95.0,,Centre-Back,31.0,0.0,0.0,2485.0,0.0,0.0,2597.94,28.0,1.1724,3286.1940000000004,35.25,0.0,0.0,14.6,4.6,65.0,33.6,47.4,57.4,45.3,90.2
342970,L. Yoro,Manchester United,Premier League,20.0,923831.0,2029-06-30 00:00:00,CB,,CB,transfermarkt_profile_and_lineups,95.0,,Centre-Back,33.0,0.0,2.0,1829.0,0.0,2.16,1959.1200000000001,19.0,3.3535000000000004,3940.8640000000005,41.65,1.512,0.06945975744211687,59.2,64.8,46.7,70.0,61.2,48.5,62.5,68.6
47278,Dani Vivian,Athletic Club,La Liga,26.0,524000.0,2032-06-30 00:00:00,CB,,CB,transfermarkt_profile_and_lineups,95.0,,Centre-Back,41.0,1.0,0.0,3478.0,1.04,0.0,3624.0200000000004,38.0,3.5170000000000003,6776.893000000001,71.1,1.04,0.02582767203271505,52.3,21.2,91.9,72.9,94.5,86.0,91.3,100.0
182592,Jorge Herrando,Osasuna,La Liga,24.0,555500.0,2030-06-30 00:00:00,CB,,CB,transfermarkt_profile_and_lineups,95.0,,Centre-Back,32.0,0.0,2.0,1922.0,0.0,2.08,1953.5200000000002,20.0,2.7413999999999996,3445.376,35.6,1.456,0.06707891396044063,57.7,63.1,46.2,62.6,51.4,47.9,53.1,71.2
281826,A. Marcandalli,Genoa,Serie A,23.0,818448.0,2029-06-30 00:00:00,CB,,CB,transfermarkt_profile_and_lineups,95.0,,Centre-Back,35.0,1.0,2.0,2804.0,0.9,2.04,2835.6,31.0,2.328,3061.122,34.3,2.328,0.07388912399492172,74.3,66.9,72.4,56.2,43.3,72.7,45.3,98.1
385788,F. Folino,Cremonese,Serie A,23.0,603675.0,2028-06-30 00:00:00,CB,,CB,transfermarkt_profile_and_lineups,95.0,,Centre-Back,18.0,1.0,0.0,712.0,1.02,0.0,726.24,7.0,1.02,726.24,7.0,1.02,0.12640449438202248,49.2,71.4,11.2,29.3,5.2,16.9,8.8,28.3
26319,F. Agu,Werder Bremen,Bundesliga,26.0,393512.0,2027-06-30 00:00:00,LB,RB,FB,transfermarkt_profile_and_lineups,95.0,,Left-Back,12.0,0.0,1.0,837.0,0.0,1.0,828.0,10.0,3.365,2328.795,27.8,0.7,0.07608695652173912,19.8,43.2,11.5,43.8,25.1,12.8,27.9,31.6
26239,L. Kübler,SC Freiburg,Bundesliga,33.0,93604.0,,RB,,FB,transfermarkt_profile_and_lineups,95.0,,Right-Back,34.0,4.0,2.0,2246.0,4.2,2.0,2254.0,26.0,9.035,4018.25,46.45,5.6,0.22360248447204967,88.8,91.1,59.5,86.7,61.8,63.9,65.6,84.5
48574,C. Zesiger,FC Augsburg,Bundesliga,27.0,382478.0,2031-06-30 00:00:00,CB,,CB,transfermarkt_profile_and_lineups,95.0,,Centre-Back,29.0,0.0,0.0,1909.0,0.0,0.0,1899.3,21.0,0.77,3476.75,38.85,0.0,0.0,14.6,4.6,43.8,24.3,52.4,39.4,48.2,70.8
37151,C. Verdonk,Lille,Ligue 1,28.0,258364.0,2028-06-30 00:00:00,LB,CB,FB,transfermarkt_profile_and_lineups,95.0,,Left-Back,29.0,0.0,2.0,1581.0,0.0,1.8800000000000001,1529.5800000000002,16.0,3.0299,3665.3820000000005,45.0,1.316,0.07743302082924725,31.4,38.5,33.7,40.8,53.8,33.4,51.9,59.1
47903,H. Ekdal,Burnley,Premier League,27.0,392179.0,2027-06-30 00:00:00,CB,,CB,transfermarkt_profile_and_lineups,95.0,,Centre-Back,21.0,0.0,1.0,1720.0,0.0,0.9,1825.2,19.0,0.63,2523.2610000000004,28.200000000000003,0.63,0.03106508875739645,29.6,28.1,41.0,20.0,33.1,39.3,31.1,61.9
889,V. Lindelöf,Aston Villa,Premier League,31.0,184573.0,2027-06-30 00:00:00,CB,CDM,CB,transfermarkt_profile_and_lineups,95.0,,Centre-Back,27.0,0.0,1.0,1718.0,0.0,1.08,1852.92,20.0,1.3068,3088.741,31.2,0.756,0.036720419661938994,39.3,36.7,41.9,37.4,43.8,41.5,42.8,65.1
182638,Manu Fernández,Celta Vigo,La Liga,24.0,638124.0,2028-06-30 00:00:00,CB,,CB,transfermarkt_profile_and_lineups,95.0,,Centre-Back,19.0,0.0,0.0,1116.0,0.0,0.0,1164.66,12.0,0.0,1164.66,12.0,0.0,0.0,14.6,16.0,22.1,6.1,10.5,21.0,9.8,41.9
1631,R. Rodríguez,Real Betis,La Liga,33.0,86784.0,,LB,,FB,transfermarkt_profile_and_lineups,95.0,,Left-Back,35.0,0.0,1.0,2446.0,0.0,1.04,2552.84,27.0,2.2093,4355.699500000001,53.75,0.728,0.02566553328841604,23.8,7.1,68.6,29.3,68.6,61.9,62.7,90.0
1847,Luiz Felipe,Rayo Vallecano,La Liga,28.0,457931.0,2027-06-30 00:00:00,CB,,CB,transfermarkt_profile_and_lineups,95.0,,Centre-Back,11.0,0.0,0.0,590.0,0.0,0.0,596.8000000000001,14.0,0.0,774.339,16.85,0.0,0.0,14.6,33.8,7.1,6.1,6.0,8.3,6.0,30.1
311071,N. Valentini,Hellas Verona,Serie A,24.0,860992.0,2029-06-30 00:00:00,CB,,CB,transfermarkt_profile_and_lineups,95.0,,Centre-Back,22.0,0.0,0.0,1415.0,0.0,0.0,1442.22,16.0,0.0,2077.272,23.15,0.0,0.0,14.6,12.6,30.2,6.1,25.2,27.9,22.4,53.1
361393,I. Ogbus,SC Freiburg,Bundesliga,20.0,863759.0,,CB,,CB,transfermarkt_profile_and_lineups,95.0,,Centre-Back,24.0,0.0,0.0,1480.0,0.0,0.0,1509.1000000000001,17.0,0.34650000000000003,1553.1000000000001,17.55,0.0,0.0,14.6,11.7,31.9,15.2,16.4,29.3,16.2,56.1
162414,A. Amenda,Eintracht Frankfurt,Bundesliga,22.0,635645.0,2029-06-30 00:00:00,CB,RB,CB,transfermarkt_profile_and_lineups,95.0,,Centre-Back,29.0,0.0,0.0,1899.0,0.0,0.0,1943.6,20.0,0.0,2060.2,21.1,0.0,0.0,14.6,4.6,46.0,6.1,24.8,41.3,22.0,69.6
181827,C. Egan-Riley,Marseille,Ligue 1,22.0,,,CB,,CB,statistical_fallback,57.4,,,0.0,0.0,0.0,0.0,0.0,0.0,0.0,0.0,0.0,0.0,0.0,0.0,0.0,14.6,49.2,1.1,6.1,1.1,3.1,1.8,0.0
22136,B. Diakité,Bournemouth,Premier League,24.0,463605.0,2030-06-30 00:00:00,CB,,CB,transfermarkt_profile_and_lineups,95.0,,Centre-Back,20.0,0.0,0.0,1440.0,0.0,0.0,1518.75,17.0,4.414899999999999,4264.412,48.7,0.0,0.0,14.6,11.2,32.6,81.0,66.9,29.9,69.0,53.8
1119,K. Ajer,Brentford,Premier League,27.0,328658.0,2030-06-30 00:00:00,CB,LB,CB,transfermarkt_profile_and_lineups,95.0,,Centre-Back,31.0,0.0,2.0,2138.0,0.0,1.83,2215.02,24.0,2.1558,3682.794,39.95,1.281,0.05204919142942275,56.0,50.7,54.5,52.6,56.9,54.7,56.3,79.2
433,Marcão,Sevilla,La Liga,29.0,439022.0,2028-06-30 00:00:00,CB,,CB,transfermarkt_profile_and_lineups,95.0,,Centre-Back,13.0,1.0,0.0,937.0,1.04,0.0,974.48,11.0,1.31,1562.267,17.45,1.04,0.096051227321238,52.3,67.6,18.1,37.6,16.7,23.2,19.8,35.0
18867,Diego Rico,Getafe,La Liga,32.0,249513.0,,LB,CB,FB,transfermarkt_profile_and_lineups,95.0,,Left-Back,30.0,0.0,0.0,1964.0,0.0,0.0,2013.16,20.0,2.73,4571.062000000001,47.7,0.0,0.0,7.8,1.6,50.9,37.3,71.6,44.4,66.4,71.3
46738,M. Valjent,Mallorca,La Liga,30.0,277384.0,2029-06-30 00:00:00,CB,,CB,transfermarkt_profile_and_lineups,95.0,,Centre-Back,39.0,0.0,0.0,3362.0,0.0,0.0,3489.0600000000004,37.0,1.9344000000000001,5992.063000000001,64.75,0.0,0.0,14.6,4.6,89.5,49.3,89.5,78.3,83.5,99.6
46795,Domingos Duarte,Getafe,La Liga,30.0,257376.0,,CB,,CB,transfermarkt_profile_and_lineups,95.0,,Centre-Back,35.0,1.0,1.0,2998.0,1.04,1.04,3108.26,34.0,2.6100000000000003,4743.733,52.2,1.768,0.05119262867327701,65.4,47.9,80.5,60.2,74.5,78.2,72.4,98.1
31137,S. Sabelli,Genoa,Serie A,32.0,167491.0,2028-06-30 00:00:00,RB,LM,FB,transfermarkt_profile_and_lineups,95.0,,Right-Back,17.0,0.0,0.0,1009.0,0.0,0.0,1018.38,13.0,0.9995999999999999,2983.074,35.75,0.0,0.0,7.8,12.4,16.3,14.2,41.1,15.0,37.1,39.9
1442,S. Kolašinac,Atalanta,Serie A,32.0,94005.0,2027-06-30 00:00:00,CB,,CB,transfermarkt_profile_and_lineups,95.0,,Centre-Back,28.0,0.0,0.0,1807.0,0.0,0.0,1886.8799999999999,23.0,2.9064,4434.2195,53.1,0.0,0.0,14.6,4.6,43.6,64.3,68.3,39.2,67.7,70.3
358166,A. Ouattara,Strasbourg,Ligue 1,20.0,991487.0,2029-06-30 00:00:00,RB,LB,FB,transfermarkt_profile_and_lineups,95.0,,Right-Back,30.0,2.0,1.0,1872.0,1.96,0.98,1809.72,26.0,3.5623,2058.7380000000003,27.65,2.646,0.131589417147404,58.4,65.4,40.8,45.6,20.1,43.5,23.9,75.4
371916,C. Mawissa Elebi,Monaco,Ligue 1,20.0,1005240.0,2029-06-30 00:00:00,CB,,CB,transfermarkt_profile_and_lineups,95.0,,Centre-Back,21.0,0.0,0.0,1305.0,0.0,0.0,1303.98,14.0,0.588,2689.762,29.75,0.0,0.0,14.6,14.5,25.7,19.5,37.9,24.1,35.1,48.5
157146,L. Pétrot,Elche,La Liga,28.0,412829.0,2028-06-30 00:00:00,CB,LB,CB,transfermarkt_profile_and_lineups,95.0,,Centre-Back,36.0,1.0,0.0,1912.0,0.9,0.0,1940.3200000000002,21.0,2.0319,3347.1100000000006,36.95,0.9,0.04174569143234105,42.3,42.1,45.5,50.7,48.3,45.0,48.7,73.4
2282,A. Christensen,Barcelona,La Liga,29.0,196948.0,2028-06-30 00:00:00,CB,,CB,transfermarkt_profile_and_lineups,95.0,,Centre-Back,18.0,1.0,0.0,543.0,0.9,0.0,561.1600000000001,4.0,2.3208,1578.346,16.2,0.9,0.14434385914890582,42.3,70.2,6.4,56.0,16.9,11.8,22.8,21.8
181582,Copete,Valencia,La Liga,26.0,520840.0,2029-06-30 00:00:00,CB,,CB,transfermarkt_profile_and_lineups,95.0,,Centre-Back,24.0,0.0,0.0,1910.0,0.0,0.0,1965.5400000000002,20.0,0.5304,3513.148,36.85,0.0,0.0,14.6,4.6,46.9,17.9,52.9,42.1,47.6,67.9
396637,P. Comuzzo,Fiorentina,Serie A,20.0,746712.0,2029-06-30 00:00:00,CB,,CB,transfermarkt_profile_and_lineups,95.0,,Centre-Back,30.0,1.0,0.0,1935.0,1.02,0.0,1921.77,29.0,1.581,3230.3985000000002,47.150000000000006,1.02,0.0477684634477591,49.2,45.5,44.8,42.4,46.4,45.4,45.8,79.7
314,Raúl Albiol,Pisa,Serie A,40.0,15452.0,,CB,,CB,transfermarkt_profile_and_lineups,95.0,,Centre-Back,9.0,0.0,1.0,570.0,0.0,1.02,573.24,6.0,0.9323999999999999,1953.3230000000003,21.8,0.714,0.11209964412811388,35.6,65.5,6.7,26.0,22.9,11.0,23.3,21.0
287916,R. van den Berg,1. FC Köln,Bundesliga,21.0,640556.0,2030-06-30 00:00:00,CB,,CB,transfermarkt_profile_and_lineups,95.0,,Centre-Back,14.0,0.0,1.0,1132.0,0.0,1.0,1132.0,12.0,0.7,1132.0,12.0,0.7,0.05565371024734982,33.5,52.6,21.2,21.7,10.0,23.0,11.8,40.3
18814,I. Diop,Fulham,Premier League,28.0,272622.0,2027-06-30 00:00:00,CB,,CB,transfermarkt_profile_and_lineups,95.0,,Centre-Back,18.0,1.0,0.0,1264.0,1.08,0.0,1243.6200000000001,13.0,1.08,2598.21,27.2,1.08,0.07815892314372558,54.8,65.2,24.3,31.7,35.0,28.9,34.5,45.5
362711,Jair,Nottingham Forest,Premier League,20.0,984096.0,2030-06-30 00:00:00,CB,,CB,transfermarkt_profile_and_lineups,95.0,,Centre-Back,19.0,1.0,0.0,1312.0,0.75,0.0,1269.23,15.0,0.75,1269.23,15.0,0.75,0.05318185041324268,38.2,51.7,25.0,23.1,11.7,27.0,13.4,48.9
179400,M. Estève,Burnley,Premier League,23.0,842341.0,2030-06-30 00:00:00,CB,,CB,transfermarkt_profile_and_lineups,95.0,,Centre-Back,36.0,0.0,0.0,3118.0,0.0,0.0,3335.04,36.0,0.49979999999999997,4053.54,44.1,0.0,0.0,14.6,4.6,86.0,17.4,63.1,75.3,56.2,98.5
6638,F. Garcés,Alaves,La Liga,26.0,533354.0,2028-06-30 00:00:00,CB,,CB,transfermarkt_profile_and_lineups,95.0,,Centre-Back,10.0,0.0,0.0,792.0,0.0,0.0,823.6800000000001,8.0,0.0,1209.7800000000002,11.850000000000001,0.0,0.0,14.6,23.8,14.5,6.1,11.0,14.5,10.2,27.9
453906,H. Ahanor,Atalanta,Serie A,17.0,1077175.0,2028-06-30 00:00:00,CB,,CB,transfermarkt_profile_and_lineups,95.0,,Centre-Back,35.0,1.0,0.0,1902.0,0.9,0.0,1986.8999999999999,19.0,1.2927,2138.37,20.65,0.9,0.04076702400724747,42.3,40.0,47.4,37.1,26.4,46.6,28.0,70.9
489905,S. Koumbassa,Toulouse,Ligue 1,18.0,1075583.0,2030-06-30 00:00:00,CB,,CB,transfermarkt_profile_and_lineups,95.0,,Centre-Back,9.0,1.0,0.0,441.0,0.98,0.0,432.18,4.0,0.98,432.18,4.0,0.98,0.20408163265306123,44.8,74.5,4.0,27.0,2.9,10.2,6.5,16.4
19911,L. O&apos;Nien,Sunderland,Premier League,31.0,282939.0,2027-06-30 00:00:00,CB,,CB,transfermarkt_profile_and_lineups,95.0,,Centre-Back,15.0,0.0,1.0,864.0,0.0,1.08,879.12,8.0,0.756,879.12,8.0,0.756,0.0773955773955774,39.3,61.2,16.2,23.7,7.1,19.7,9.6,31.2
333672,César Tárrega,Valencia,La Liga,23.0,707274.0,2030-06-30 00:00:00,CB,,CB,transfermarkt_profile_and_lineups,95.0,,Centre-Back,35.0,0.0,0.0,2762.0,0.0,0.0,2849.2400000000002,31.0,1.5444,4684.883,50.55,0.0,0.0,14.6,4.6,73.1,42.1,73.8,64.3,69.1,98.1
47314,Zubeldia,Real Sociedad,La Liga,28.0,355628.0,2029-06-30 00:00:00,CB,,CB,transfermarkt_profile_and_lineups,95.0,,Centre-Back,29.0,1.0,1.0,2383.0,0.9,1.04,2436.1800000000003,26.0,2.0648,5535.599000000001,60.6,1.6280000000000001,0.060143339162130875,61.0,56.7,60.2,51.4,84.3,60.3,79.4,85.4
199044,J. Aramburu,Real Sociedad,La Liga,23.0,661145.0,2030-06-30 00:00:00,RB,,FB,transfermarkt_profile_and_lineups,95.0,,Right-Back,42.0,1.0,0.0,3291.0,1.04,0.0,3350.96,37.0,2.0124,5456.504000000001,59.150000000000006,1.04,0.02793229402917373,29.9,8.0,89.1,26.3,88.5,80.2,79.1,100.0
30924,M. Kumbulla,Mallorca,La Liga,25.0,371371.0,2028-06-30 00:00:00,CB,,CB,transfermarkt_profile_and_lineups,95.0,,Centre-Back,10.0,0.0,0.0,594.0,0.0,0.0,595.9200000000001,7.0,1.7160000000000002,2452.2900000000004,27.15,0.0,0.0,14.6,34.0,6.9,45.5,31.7,8.1,33.7,22.8
41964,Zé Pedro,Cagliari,Serie A,28.0,406151.0,2028-06-30 00:00:00,CB,,CB,transfermarkt_profile_and_lineups,95.0,,Centre-Back,29.0,0.0,1.0,2093.0,0.0,1.02,2044.44,24.0,1.182,3145.495,38.3,0.714,0.03143159006867406,35.6,28.3,48.6,34.5,44.5,46.6,43.0,77.5
498791,R. Le Guen,Stade Brestois 29,Ligue 1,19.0,1166473.0,2029-06-30 00:00:00,CB,,CB,transfermarkt_profile_and_lineups,95.0,,Centre-Back,6.0,0.0,0.0,373.0,0.0,0.0,365.54,4.0,0.0,365.54,4.0,0.0,0.0,14.6,41.4,2.6,6.1,2.4,4.4,2.9,13.8
437776,A. Faye,Lorient,Ligue 1,21.0,6107.0,,CB,,CB,transfermarkt_profile,85.0,,Centre-Back,0.0,0.0,0.0,0.0,0.0,0.0,0.0,0.0,0.0,0.0,0.0,0.0,0.0,14.6,49.2,1.1,6.1,1.1,3.1,1.8,0.0
46941,Unai Elgezabal,Levante,La Liga,32.0,255495.0,2027-06-30 00:00:00,CB,CDM,CB,transfermarkt_profile_and_lineups,95.0,,Centre-Back,13.0,2.0,1.0,1023.0,1.94,0.9,1054.8200000000002,12.0,2.57,1054.8200000000002,12.0,2.57,0.2192791187121973,77.9,91.9,19.3,60.0,8.6,28.1,16.3,37.7
31604,A. Caracciolo,Pisa,Serie A,35.0,149525.0,2027-06-30 00:00:00,CB,,CB,transfermarkt_profile_and_lineups,95.0,,Centre-Back,36.0,2.0,0.0,3165.0,2.04,0.0,3217.5,35.0,2.04,3217.5,35.0,2.04,0.057062937062937066,70.4,54.0,82.9,51.0,46.0,81.0,46.7,98.5
31099,N. Casale,Bologna,Serie A,27.0,389837.0,2028-06-30 00:00:00,CB,,CB,transfermarkt_profile_and_lineups,95.0,,Centre-Back,18.0,0.0,0.0,1091.0,0.0,0.0,1146.1000000000001,12.0,0.3927,2508.07,25.400000000000002,0.0,0.0,14.6,16.2,21.4,16.3,32.1,20.4,29.8,41.0
39279,A. Hanche-Olsen,FSV Mainz 05,Bundesliga,28.0,370683.0,2028-06-30 00:00:00,CB,,CB,transfermarkt_profile_and_lineups,95.0,,Centre-Back,16.0,0.0,0.0,1011.0,0.0,0.0,988.15,13.0,1.235,2049.2,23.75,0.0,0.0,14.6,19.0,18.3,35.6,24.5,17.8,26.2,39.6
47250,D. Dakonam,Getafe,La Liga,34.0,221150.0,2027-06-30 00:00:00,CB,CDM,CB,transfermarkt_profile_and_lineups,95.0,,Centre-Back,34.0,0.0,0.0,2585.0,0.0,0.0,2688.4,32.0,0.0,5048.713000000001,59.45,0.0,0.0,14.6,4.6,70.0,6.1,78.6,61.7,67.7,95.4
46967,Juan Cruz,Osasuna,La Liga,33.0,169497.0,,LB,CB,FB,transfermarkt_profile_and_lineups,95.0,,Left-Back,19.0,0.0,0.0,994.0,0.0,0.0,985.0400000000001,11.0,0.21839999999999998,2548.01,29.15,0.0,0.0,7.8,13.0,15.1,5.9,30.5,14.0,26.8,38.4
47271,Yeray,Athletic Club,La Liga,30.0,255488.0,2028-06-30 00:00:00,CB,,CB,transfermarkt_profile_and_lineups,95.0,,Centre-Back,7.0,0.0,0.0,514.0,0.0,0.0,534.5600000000001,6.0,1.1770000000000003,2288.447,25.05,0.0,0.0,14.6,36.0,6.2,34.3,29.0,7.5,29.8,19.1
72048,C. Özkacar,1. FC Köln,Bundesliga,25.0,615350.0,2028-06-30 00:00:00,CB,,CB,transfermarkt_profile_and_lineups,95.0,,Centre-Back,27.0,0.0,0.0,1886.0,0.0,0.0,1876.7,21.0,0.189,2908.022,31.95,0.0,0.0,14.6,4.6,43.1,12.1,41.7,38.8,37.2,69.5
162568,S. Coulibaly,Stade Brestois 29,Ligue 1,22.0,659513.0,2029-06-30 00:00:00,CB,,CB,transfermarkt_profile_and_lineups,95.0,,Centre-Back,16.0,0.0,0.0,1339.0,0.0,0.0,1312.22,15.0,0.3773,2526.339,28.8,0.0,0.0,14.6,14.3,26.0,15.7,33.6,24.3,30.9,48.3
395589,N. Äelik,Lens,Ligue 1,19.0,819566.0,2029-06-30 00:00:00,CB,,CB,transfermarkt_profile_and_lineups,95.0,,Centre-Back,8.0,0.0,0.0,618.0,0.0,0.0,605.64,8.0,0.0,766.515,10.2,0.0,0.0,14.6,33.1,7.9,6.1,5.7,8.9,5.8,23.6
18744,M. Kilman,West Ham,Premier League,28.0,525247.0,2031-06-30 00:00:00,CB,,CB,transfermarkt_profile_and_lineups,95.0,,Centre-Back,25.0,0.0,0.0,1938.0,0.0,0.0,2021.64,20.0,1.6686,5313.426,54.650000000000006,0.0,0.0,14.6,4.6,47.9,44.5,81.9,42.9,76.3,68.9
30396,C. Biraghi,Torino,Serie A,33.0,124555.0,2027-06-30 00:00:00,LB,LM,FB,transfermarkt_profile_and_lineups,95.0,,Left-Back,15.0,0.0,0.0,601.0,0.0,0.0,602.22,6.0,2.433,2383.848,31.0,0.0,0.0,7.8,22.8,6.5,33.1,26.3,6.7,27.4,23.9
203483,A. N&apos;Diaye,Parma,Serie A,23.0,673514.0,2029-06-30 00:00:00,CB,,CB,transfermarkt_profile_and_lineups,95.0,,Centre-Back,12.0,0.0,0.0,870.0,0.0,0.0,876.6,10.0,0.539,1915.473,21.55,0.0,0.0,14.6,22.4,16.0,18.2,22.4,15.8,21.8,32.2
48142,K. Mets,FC St. Pauli,Bundesliga,32.0,139304.0,,CB,,CB,transfermarkt_profile_and_lineups,95.0,,Centre-Back,26.0,1.0,0.0,2204.0,1.0,0.0,2177.0,25.0,1.0,2775.95,31.6,1.0,0.04134129536058796,47.3,41.9,53.3,28.2,39.8,52.4,38.0,79.6
323449,A. Al Dakhil,VfB Stuttgart,Bundesliga,23.0,620598.0,2028-06-30 00:00:00,CB,,CB,transfermarkt_profile_and_lineups,95.0,,Centre-Back,8.0,0.0,0.0,376.0,0.0,0.0,376.0,3.0,0.324,1069.76,11.0,0.0,0.0,14.6,40.2,3.1,14.8,9.0,4.8,9.9,13.7
404656,Jahmai Simpson-Pusey,1. FC Köln,Bundesliga,20.0,942497.0,2030-06-30 00:00:00,CB,,CB,transfermarkt_profile_and_lineups,95.0,,Centre-Back,12.0,0.0,0.0,928.0,0.0,0.0,913.92,11.0,0.0,1088.82,12.65,0.0,0.0,14.6,20.7,17.1,6.1,9.3,16.8,8.8,34.4
438281,M. Nagida,Rennes,Ligue 1,20.0,1176345.0,2029-06-30 00:00:00,LB,RB,FB,transfermarkt_profile_and_lineups,95.0,,Left-Back,19.0,0.0,0.0,798.0,0.0,0.0,782.04,7.0,1.078,1081.016,9.8,0.0,0.0,7.8,17.5,10.9,15.7,6.5,10.5,7.9,30.4
214310,N. Adjei,Lorient,Ligue 1,23.0,646829.0,2028-06-30 00:00:00,CB,,CB,transfermarkt_profile_and_lineups,95.0,,Centre-Back,15.0,0.0,0.0,833.0,0.0,0.0,816.34,9.0,0.0,1216.6570000000002,13.5,0.0,0.0,14.6,24.0,14.0,6.1,11.4,14.1,10.6,31.6
18961,D. Burn,Newcastle,Premier League,33.0,134270.0,2027-06-30 00:00:00,CB,LB,CB,transfermarkt_profile_and_lineups,95.0,,Centre-Back,44.0,2.0,6.0,3461.0,2.2800000000000002,6.54,3773.2200000000003,39.0,9.5994,6940.743,72.45,6.858,0.16357911810072032,97.4,94.0,93.3,96.7,96.2,93.9,96.3,100.0
366735,Joshua Kofi Acheampong,Chelsea,Premier League,19.0,1004708.0,2029-06-30 00:00:00,RB,CB,FB,transfermarkt_profile_and_lineups,95.0,,Right-Back,31.0,2.0,0.0,1385.0,1.98,0.0,1375.74,15.0,1.98,1477.746,19.95,1.98,0.12953028915347375,44.4,61.5,29.3,24.9,11.8,31.6,13.8,54.8
335697,David López,Mallorca,La Liga,22.0,947431.0,2027-06-30 00:00:00,CB,,CB,transfermarkt_profile_and_lineups,95.0,,Centre-Back,17.0,0.0,0.0,1074.0,0.0,0.0,1083.22,12.0,0.0,1270.19,14.25,0.0,0.0,14.6,17.1,20.5,6.1,11.9,19.6,11.0,40.3
322627,F. Chiarodia,Borussia Mönchengladbach,Bundesliga,20.0,724104.0,2028-06-30 00:00:00,CB,,CB,transfermarkt_profile_and_lineups,95.0,,Centre-Back,16.0,0.0,1.0,719.0,0.0,1.0,714.5,8.0,1.25,1036.77,10.8,0.7,0.0881735479356193,33.5,62.9,11.0,36.3,8.3,14.3,12.5,28.6
90731,L. Ritzka,FC St. Pauli,Bundesliga,27.0,333903.0,,LB,LM,FB,transfermarkt_profile_and_lineups,95.0,,Left-Back,24.0,0.0,0.0,1009.0,0.0,0.0,1005.1,12.0,1.045,1536.29,18.05,0.0,0.0,7.8,12.7,15.7,15.1,13.9,14.5,14.1,41.6
189866,John Nwankwo,Elche,La Liga,25.0,627290.0,2028-06-30 00:00:00,CB,RB,CB,transfermarkt_profile_and_lineups,95.0,,Centre-Back,23.0,1.0,0.0,862.0,1.04,0.0,867.08,8.0,1.04,867.08,8.0,1.04,0.10794851686118928,52.3,69.5,15.2,30.6,6.9,20.8,10.5,34.2
91503,S. Canestrelli,Pisa,Serie A,25.0,358003.0,2028-06-30 00:00:00,CB,,CB,transfermarkt_profile_and_lineups,95.0,,Centre-Back,39.0,1.0,0.0,3381.0,1.02,0.0,3427.02,37.0,1.02,3427.02,37.0,1.02,0.02678712117233048,49.2,22.9,87.6,29.3,50.7,81.9,47.5,99.6
318053,S. Goglichidze,Udinese,Serie A,21.0,906160.0,2030-06-30 00:00:00,CB,,CB,transfermarkt_profile_and_lineups,95.0,,Centre-Back,9.0,0.0,0.0,436.0,0.0,0.0,443.03999999999996,4.0,0.3927,1930.317,19.950000000000003,0.0,0.0,14.6,38.1,4.3,16.3,22.6,5.8,21.7,16.3
231032,M. Jenz,VfL Wolfsburg,Bundesliga,26.0,460245.0,2027-06-30 00:00:00,CB,,CB,transfermarkt_profile_and_lineups,95.0,,Centre-Back,23.0,2.0,0.0,1869.0,1.9,0.0,1861.0,20.0,2.11,3319.725,37.05,1.9,0.09188608275120902,68.3,76.2,42.4,52.1,47.9,46.3,48.5,66.7
162498,R. Drăgușin,Tottenham,Premier League,23.0,568559.0,2027-06-30 00:00:00,CB,,CB,transfermarkt_profile_and_lineups,95.0,,Centre-Back,11.0,0.0,0.0,582.0,0.0,0.0,636.48,6.0,0.8261999999999999,2435.035,25.05,0.0,0.0,14.6,31.2,9.5,25.0,30.7,10.3,29.9,22.0
278898,C. Riad,Crystal Palace,Premier League,22.0,689637.0,2029-06-30 00:00:00,CB,,CB,transfermarkt_profile_and_lineups,95.0,,Centre-Back,9.0,0.0,1.0,554.0,0.0,1.08,598.32,7.0,0.756,1414.248,16.799999999999997,0.756,0.11371841155234656,39.3,66.0,7.6,23.7,14.5,12.4,15.9,21.7
46792,Pablo Marí,Fiorentina,Serie A,32.0,210178.0,,CB,,CB,transfermarkt_profile_and_lineups,95.0,,Centre-Back,12.0,0.0,0.0,899.0,0.0,0.0,892.68,18.0,0.0,3324.927,44.9,0.0,0.0,14.6,21.4,16.7,6.1,48.1,16.4,41.8,40.8
30397,F. Ceccherini,Cremonese,Serie A,33.0,163639.0,,CB,,CB,transfermarkt_profile_and_lineups,95.0,,Centre-Back,9.0,0.0,1.0,481.0,0.0,1.02,490.62,6.0,0.948,971.7239999999999,13.5,0.714,0.13097713097713096,35.6,66.7,5.2,26.2,7.6,9.8,10.4,19.2
15874,A. Jung,SC Freiburg,Bundesliga,34.0,58995.0,2027-06-30 00:00:00,CB,,CB,transfermarkt_profile_and_lineups,95.0,,Centre-Back,15.0,0.0,0.0,630.0,0.0,0.0,640.9,5.0,0.795,2624.28,26.4,0.0,0.0,14.6,30.7,9.8,24.8,36.2,10.5,34.5,23.5
19518,M. Colin,Metz,Ligue 1,34.0,156618.0,2027-06-30 00:00:00,RB,LB,FB,transfermarkt_profile_and_lineups,95.0,,Right-Back,22.0,0.0,0.0,1692.0,0.0,0.0,1658.16,18.0,0.20579999999999998,2197.944,24.6,0.0,0.0,7.8,3.8,36.7,5.3,22.5,32.4,19.9,60.7
22260,I. Sissoko,Nantes,Ligue 1,28.0,372712.0,2028-06-30 00:00:00,CDM,CB,DM,transfermarkt_profile_and_lineups,95.0,,Defensive Midfield,15.0,0.0,0.0,903.0,0.0,0.0,877.02,11.0,1.6908000000000003,2847.224,33.45,0.0,0.0,10.3,19.0,14.4,30.5,39.1,12.6,36.1,35.0
41606,Toti Gomes,Wolves,Premier League,26.0,606718.0,2029-06-30 00:00:00,CB,,CB,transfermarkt_profile_and_lineups,95.0,,Centre-Back,22.0,0.0,0.0,1601.0,0.0,0.0,1682.91,19.0,1.4202,4367.394,47.4,0.0,0.0,14.6,10.2,36.2,39.5,67.6,33.0,63.4,59.9
30469,A. Calabresi,Pisa,Serie A,29.0,240897.0,2027-06-30 00:00:00,CB,,CB,transfermarkt_profile_and_lineups,95.0,,Centre-Back,27.0,0.0,1.0,1608.0,0.0,1.02,1629.48,17.0,0.714,1629.48,17.0,0.714,0.0394358936593269,35.6,39.5,34.8,22.5,17.4,34.9,18.1,59.9
18742,M. Doherty,Wolves,Premier League,33.0,171679.0,,RB,CB,FB,transfermarkt_profile_and_lineups,95.0,,Right-Back,15.0,0.0,0.0,1009.0,0.0,0.0,1031.6100000000001,14.0,2.1168000000000005,2849.097,32.2,0.0,0.0,7.8,11.8,16.9,27.5,38.5,15.5,36.8,40.2
2916,N. Stark,Werder Bremen,Bundesliga,30.0,162434.0,,CB,,CB,transfermarkt_profile_and_lineups,95.0,,Centre-Back,15.0,0.0,0.0,791.0,0.0,0.0,782.0,10.0,1.174,2412.7450000000003,29.300000000000004,0.0,0.0,14.6,25.0,13.3,34.0,30.2,13.5,30.8,31.7
177815,T. Siersleben,1. FC Heidenheim,Bundesliga,25.0,337092.0,2028-06-30 00:00:00,CB,,CB,transfermarkt_profile_and_lineups,95.0,,Centre-Back,17.0,0.0,0.0,1192.0,0.0,0.0,1181.0,14.0,0.0,2266.9700000000003,30.8,0.0,0.0,14.6,15.7,22.4,6.1,28.8,21.2,25.4,44.7
138,J. Todibo,West Ham,Premier League,26.0,605184.0,2029-06-30 00:00:00,CB,,CB,transfermarkt_profile_and_lineups,95.0,,Centre-Back,25.0,0.0,1.0,2025.0,0.0,1.08,2137.02,24.0,1.1676,4016.223,44.3,0.756,0.03183872869697055,39.3,29.0,51.2,33.3,62.9,49.4,58.4,74.6
341642,J. Hato,Chelsea,Premier League,19.0,904802.0,2032-06-30 00:00:00,LB,CB,FB,transfermarkt_profile_and_lineups,95.0,,Left-Back,35.0,2.0,1.0,2158.0,1.8,0.75,2198.19,24.0,6.189900000000001,5087.821,64.2,2.325,0.09519195337982612,51.5,50.6,58.6,69.5,84.0,57.5,81.8,81.1
41371,Fali Candé,Sassuolo,Serie A,27.0,520530.0,2029-06-30 00:00:00,CB,LB,CB,transfermarkt_profile_and_lineups,95.0,,Centre-Back,13.0,0.0,0.0,597.0,0.0,0.0,598.14,6.0,1.3653,1999.194,21.35,0.0,0.0,14.6,33.3,7.4,38.3,24.0,8.5,26.2,23.0
324019,Daniel Elfadli,Hamburger SV,Bundesliga,28.0,529895.0,2028-06-30 00:00:00,CB,,CB,transfermarkt_profile_and_lineups,95.0,,Centre-Back,23.0,0.0,0.0,1463.0,0.0,0.0,1442.0,17.0,0.0,1442.0,17.0,0.0,0.0,14.6,12.9,30.0,6.1,14.8,27.7,13.5,55.4
337593,K. Takai,Borussia Mönchengladbach,Bundesliga,21.0,671108.0,2030-06-30 00:00:00,CB,,CB,transfermarkt_profile_and_lineups,95.0,,Centre-Back,8.0,0.0,0.0,339.0,0.0,0.0,339.0,3.0,0.0,339.0,3.0,0.0,0.0,14.6,42.4,2.4,6.1,2.1,4.2,2.7,12.9
19182,A. Tuanzebe,Burnley,Premier League,28.0,342046.0,,CB,,CB,transfermarkt_profile_and_lineups,95.0,,Centre-Back,16.0,1.0,0.0,1337.0,1.08,0.0,1399.41,15.0,1.4958,2442.0780000000004,26.55,1.08,0.06945784294809955,54.8,61.9,28.1,41.4,31.0,32.1,32.5,48.2
20869,S. Chergui,Paris FC,Ligue 1,26.0,668167.0,,CB,RB,CB,transfermarkt_profile_and_lineups,95.0,,Centre-Back,15.0,1.0,0.0,1155.0,0.98,0.0,1131.9,13.0,0.98,1131.9,13.0,0.98,0.0779220779220779,44.8,63.8,21.0,27.0,9.8,24.5,12.4,42.2
1746,J. Worrall,Burnley,Premier League,29.0,415970.0,2028-06-30 00:00:00,CB,,CB,transfermarkt_profile_and_lineups,95.0,,Centre-Back,13.0,0.0,0.0,677.0,0.0,0.0,671.76,7.0,0.23399999999999999,958.5,10.6,0.0,0.0,14.6,29.8,10.2,13.3,7.4,10.9,8.3,25.7
108519,Mateu Morey,Mallorca,La Liga,25.0,388513.0,2027-06-30 00:00:00,RB,RM,FB,transfermarkt_profile_and_lineups,95.0,,Right-Back,21.0,1.0,0.0,950.0,1.04,0.0,953.0,12.0,1.04,1453.83,17.55,1.04,0.0982161594963274,29.9,51.5,14.8,14.8,11.2,17.1,11.8,39.2
202919,M. Rosenfelder,SC Freiburg,Bundesliga,22.0,,,CB,,CB,statistical_fallback,55.7,,,0.0,0.0,0.0,0.0,0.0,0.0,0.0,0.0,0.0,0.0,0.0,0.0,0.0,14.6,49.2,1.1,6.1,1.1,3.1,1.8,0.0
316517,A. Matturro,Levante,La Liga,21.0,861981.0,2028-06-30 00:00:00,CB,LB,CB,transfermarkt_profile_and_lineups,95.0,,Centre-Back,21.0,1.0,1.0,1096.0,1.04,1.04,1118.14,12.0,1.768,1718.509,17.85,1.768,0.14230776110326077,65.4,81.7,20.7,47.3,18.8,27.4,23.1,42.2
626,J. Stones,Manchester City,Premier League,31.0,186590.0,,CB,,CB,transfermarkt_profile_and_lineups,95.0,,Centre-Back,18.0,0.0,0.0,1144.0,0.0,0.0,1193.97,13.0,3.537,2359.4010000000003,25.65,0.0,0.0,14.6,15.2,23.1,73.3,29.8,21.8,36.3,43.1
314006,J. Vertrouwd,Rayo Vallecano,La Liga,21.0,765467.0,2026-06-30 00:00:00,CB,LB,CB,transfermarkt_profile_and_lineups,95.0,,Centre-Back,14.0,0.0,0.0,859.0,0.0,0.0,807.84,12.0,0.0,807.84,12.0,0.0,0.0,14.6,24.5,13.8,6.1,6.2,13.9,6.2,34.7
133110,T. Nianzou,Sevilla,La Liga,23.0,538996.0,2027-06-30 00:00:00,CB,,CB,transfermarkt_profile_and_lineups,95.0,,Centre-Back,12.0,0.0,0.0,646.0,0.0,0.0,671.84,8.0,0.0,1150.0,13.1,0.0,0.0,14.6,29.5,10.5,6.1,10.2,11.1,9.6,25.7
861,D. Rugani,Fiorentina,Serie A,31.0,162959.0,2028-06-30 00:00:00,CB,,CB,transfermarkt_profile_and_lineups,95.0,,Centre-Back,15.0,0.0,0.0,764.0,0.0,0.0,774.24,9.0,1.377,1828.1435000000001,21.45,0.0,0.0,14.6,25.2,13.1,38.8,21.2,13.3,23.8,30.2
522609,T. Tati,Nantes,Ligue 1,17.0,1241207.0,2030-06-30 00:00:00,CB,,CB,transfermarkt_profile_and_lineups,95.0,,Centre-Back,20.0,0.0,0.0,1724.0,0.0,0.0,1689.52,20.0,0.0,1689.52,20.0,0.0,0.0,14.6,10.0,36.7,6.1,18.6,33.4,16.7,62.6
20303,J. Laurent,Burnley,Premier League,30.0,314241.0,2027-06-30 00:00:00,CM,CB,CM,transfermarkt_profile_and_lineups,95.0,,Central Midfield,36.0,2.0,0.0,2005.0,1.98,0.0,2107.62,21.0,1.98,2107.62,21.0,1.98,0.08455034588777864,29.7,16.5,55.6,15.4,25.4,43.9,21.9,75.3
440147,Abdoul Karim Coulibaly,Werder Bremen,Bundesliga,18.0,1084638.0,2029-06-30 00:00:00,CB,,CB,transfermarkt_profile_and_lineups,95.0,,Centre-Back,27.0,1.0,0.0,2122.0,1.0,0.0,2122.0,24.0,1.0,2122.0,24.0,1.0,0.04241281809613572,47.3,42.9,51.0,28.2,26.0,50.4,26.3,77.4
363792,T. Yegbe,Metz,Ligue 1,24.0,991054.0,2030-06-30 00:00:00,CB,,CB,transfermarkt_profile_and_lineups,95.0,,Centre-Back,24.0,0.0,1.0,1966.0,0.0,0.98,1926.68,22.0,0.6859999999999999,2628.0950000000003,36.85,0.6859999999999999,0.03204476093591047,31.2,29.3,45.2,20.7,36.4,43.1,34.1,71.0
22086,T. Kolodziejczak,Paris FC,Ligue 1,34.0,84085.0,,CB,,CB,transfermarkt_profile_and_lineups,95.0,,Centre-Back,11.0,0.0,0.0,660.0,0.0,0.0,646.8,7.0,0.0,646.8,7.0,0.0,0.0,14.6,30.2,10.0,6.1,4.8,10.7,5.0,24.6
47298,Elustondo,Real Sociedad,La Liga,31.0,229804.0,2028-06-30 00:00:00,CB,RB,CB,transfermarkt_profile_and_lineups,95.0,,Centre-Back,20.0,0.0,1.0,876.0,0.0,1.04,888.9200000000001,9.0,1.5883,2573.9530000000004,25.5,0.728,0.07370742024029159,37.4,59.0,16.4,42.6,34.5,19.6,35.7,34.3
289460,J. Malatini,Werder Bremen,Bundesliga,24.0,830108.0,,CB,,CB,transfermarkt_profile_and_lineups,95.0,,Centre-Back,11.0,0.0,0.0,516.0,0.0,0.0,516.0,5.0,1.235,1033.31,10.65,0.0,0.0,14.6,36.9,5.5,35.6,8.1,6.9,12.2,19.6
25203,B. Gimber,1. FC Heidenheim,Bundesliga,28.0,227084.0,2028-06-30 00:00:00,CB,,CB,transfermarkt_profile_and_lineups,95.0,,Centre-Back,22.0,0.0,0.0,1527.0,0.0,0.0,1518.0,19.0,0.51,3691.4799999999996,45.45,0.0,0.0,14.6,11.4,32.4,17.6,57.4,29.7,51.4,58.4
1926,J. Aidoo,Celta Vigo,La Liga,30.0,358250.0,,CB,,CB,transfermarkt_profile_and_lineups,95.0,,Centre-Back,12.0,0.0,0.0,875.0,0.0,0.0,903.96,10.0,0.21839999999999998,1443.803,15.600000000000001,0.0,0.0,14.6,21.0,16.9,12.6,15.0,16.6,14.6,32.3
408320,Jorge Cabello,Levante,La Liga,21.0,,,CB,,CB,statistical_fallback,55.3,,,0.0,0.0,0.0,0.0,0.0,0.0,0.0,0.0,0.0,0.0,0.0,0.0,0.0,14.6,49.2,1.1,6.1,1.1,3.1,1.8,0.0
30423,H. Hateboer,Lyon,Ligue 1,31.0,275303.0,,RB,CB,FB,transfermarkt_profile_and_lineups,95.0,,Right-Back,16.0,0.0,0.0,762.0,0.0,0.0,746.76,8.0,0.21419999999999997,2090.154,21.5,0.0,0.0,7.8,18.0,10.4,5.6,21.0,10.0,18.7,29.5
177618,K. Fischer,VfL Wolfsburg,Bundesliga,25.0,435796.0,2027-06-30 00:00:00,RB,,FB,transfermarkt_profile_and_lineups,95.0,,Right-Back,12.0,0.0,1.0,894.0,0.0,0.9,885.0,11.0,1.1800000000000002,2409.945,29.8,0.63,0.0640677966101695,16.7,38.2,13.6,16.6,27.5,14.1,25.9,33.7
342310,R. Bozhinov,Pisa,Serie A,20.0,877124.0,2030-06-30 00:00:00,CB,,CB,transfermarkt_profile_and_lineups,95.0,,Centre-Back,25.0,1.0,0.0,1893.0,0.78,0.0,1623.9,22.0,0.78,1672.3770000000002,22.55,0.78,0.043229262885645665,41.2,43.3,34.5,24.5,18.1,35.5,19.1,69.9
48765,J. Schmied,1. FC Köln,Bundesliga,27.0,322517.0,2029-06-30 00:00:00,CB,,CB,transfermarkt_profile_and_lineups,95.0,,Centre-Back,18.0,0.0,0.0,1260.0,0.0,0.0,1242.0,15.0,0.0,1301.4,22.15,0.0,0.0,14.6,14.8,24.0,6.1,12.1,22.6,11.2,47.4
419603,F. Coppola,Pisa,Serie A,20.0,925838.0,2029-06-30 00:00:00,CB,,CB,transfermarkt_profile_and_lineups,95.0,,Centre-Back,7.0,0.0,0.0,456.0,0.0,0.0,465.12,5.0,0.0,465.12,5.0,0.0,0.0,14.6,37.9,4.5,6.1,3.1,6.0,3.5,16.9
30533,M. Locatelli,Juventus,Serie A,27.0,265088.0,2030-06-30 00:00:00,CDM,,DM,transfermarkt_profile_and_lineups,95.0,,Defensive Midfield,50.0,3.0,2.0,3920.0,3.12,2.04,4058.25,46.0,7.9962,7199.273999999999,81.05000000000001,4.548,0.10086120864904824,79.9,58.0,94.8,82.8,95.4,88.1,91.0,100.0
44,Rodri,Manchester City,Premier League,29.0,357565.0,2027-06-30 00:00:00,CDM,,DM,transfermarkt_profile_and_lineups,95.0,,Defensive Midfield,36.0,2.0,1.0,2293.0,1.98,0.75,2393.82,26.0,8.6217,3874.1490000000003,42.1,2.505,0.09418001353485222,58.6,55.2,58.6,83.9,59.2,58.6,67.8,86.2
138908,E. Anderson,Nottingham Forest,Premier League,23.0,567576.0,,CM,CDM,CM,transfermarkt_profile_and_lineups,95.0,,Central Midfield,50.0,4.0,5.0,4168.0,4.32,5.42,4518.1,45.0,12.2504,6670.108,67.55,8.114,0.16162988867001615,86.0,49.8,98.6,83.9,96.1,92.9,91.8,100.0
1464,G. Xhaka,Sunderland,Premier League,33.0,111455.0,2028-06-30 00:00:00,CDM,,DM,transfermarkt_profile_and_lineups,95.0,,Defensive Midfield,36.0,1.0,6.0,3028.0,1.08,6.48,3247.38,33.0,11.043,6865.955,72.95,5.616,0.15564547419766087,86.2,76.4,86.8,92.0,94.8,86.5,93.8,98.5
895,J. Garner,Everton,Premier League,24.0,505219.0,2030-06-30 00:00:00,CDM,,DM,transfermarkt_profile_and_lineups,95.0,,Defensive Midfield,41.0,3.0,7.0,3714.0,3.06,7.5600000000000005,3930.12,41.0,9.5454,5975.775,62.3,8.352,0.1912613355317395,93.7,86.2,94.3,87.4,91.4,94.0,90.0,100.0
21102,V. Rongier,Rennes,Ligue 1,31.0,332889.0,2028-06-30 00:00:00,CM,CDM,CM,transfermarkt_profile_and_lineups,95.0,,Central Midfield,31.0,2.0,5.0,2745.0,1.96,4.9,2690.1,31.0,7.3843000000000005,3909.443,44.55,5.390000000000001,0.18032786885245905,71.7,58.1,74.9,63.1,65.6,73.5,64.7,96.6
1271,A. Tchouaméni,Real Madrid,La Liga,25.0,413112.0,2028-06-30 00:00:00,CDM,,DM,transfermarkt_profile_and_lineups,95.0,,Defensive Midfield,55.0,2.0,2.0,4476.0,2.24,2.0999999999999996,4625.87,52.0,6.2009,7940.753500000001,88.25,3.71,0.07218101676009053,70.7,41.4,98.9,73.0,98.9,86.2,89.8,100.0
2926,Y. Tielemans,Aston Villa,Premier League,28.0,249565.0,2028-06-30 00:00:00,CM,CDM,CM,transfermarkt_profile_and_lineups,95.0,,Central Midfield,34.0,1.0,7.0,2498.0,1.1,7.620000000000001,2694.34,27.0,15.841400000000002,5991.982,64.0,6.434000000000001,0.2149171967903086,78.5,68.1,75.3,91.4,92.8,76.7,92.3,90.6
864,E. Can,Borussia Dortmund,Bundesliga,31.0,119296.0,2027-06-30 00:00:00,CB,,CB,transfermarkt_profile_and_lineups,95.0,,Centre-Back,16.0,3.0,0.0,980.0,3.0,0.0,1024.4,10.0,8.332,3853.585,39.75,3.0,0.2635689183912534,82.1,95.2,18.8,94.8,60.0,28.3,65.2,36.0
747,Casemiro,Manchester United,Premier League,33.0,16306.0,,CDM,,DM,transfermarkt_profile_and_lineups,95.0,,Defensive Midfield,35.0,9.0,2.0,2600.0,9.72,2.16,2806.02,33.0,16.0741,5132.712,57.65,11.232000000000001,0.36025402527423184,98.3,98.9,74.1,97.7,82.8,85.0,88.0,96.1
5996,E. Fernández,Chelsea,Premier League,24.0,648195.0,2032-06-30 00:00:00,CM,CAM,CM,transfermarkt_profile_and_lineups,95.0,,Central Midfield,60.0,16.0,10.0,4800.0,16.95,9.870000000000001,4987.68,54.0,32.77695,7632.906000000001,84.2,23.859,0.43052280819940336,100.0,98.2,100.0,100.0,98.9,100.0,99.3,100.0
116117,M. Caicedo,Chelsea,Premier League,24.0,687626.0,2033-06-30 00:00:00,CDM,,DM,transfermarkt_profile_and_lineups,95.0,,Defensive Midfield,54.0,5.0,2.0,4553.0,5.640000000000001,1.83,4758.51,51.0,10.3716,7919.2875,86.35,6.921,0.13090021876595825,90.8,70.1,100.0,89.1,98.3,95.9,95.1,100.0
46711,Aleix Febas,Elche,La Liga,29.0,217144.0,2029-06-30 00:00:00,CM,CDM,CM,transfermarkt_profile_and_lineups,95.0,,Central Midfield,37.0,2.0,2.0,3256.0,2.08,2.08,3373.6400000000003,37.0,3.536,3373.6400000000003,37.0,3.536,0.0943313453717646,50.9,18.6,92.1,31.2,56.6,73.6,47.7,98.9
374058,L. Camara,Monaco,Ligue 1,21.0,918969.0,2029-06-30 00:00:00,CM,CDM,CM,transfermarkt_profile_and_lineups,95.0,,Central Midfield,30.0,3.0,4.0,2367.0,2.94,3.92,2433.18,28.0,10.520299999999999,4622.4439999999995,54.5,5.683999999999999,0.2102433851996153,73.7,66.3,65.9,78.9,77.8,69.4,78.2,87.5
50956,C. Cásseres,Toulouse,Ligue 1,25.0,467632.0,2027-06-30 00:00:00,CM,,CM,transfermarkt_profile_and_lineups,95.0,,Central Midfield,30.0,2.0,4.0,2498.0,1.96,3.92,2448.04,28.0,7.2863,4660.504,54.05,4.704,0.17293835068054444,65.4,55.6,67.4,62.7,78.5,66.5,73.0,90.1
2204,B. André,Lille,Ligue 1,35.0,84301.0,2028-06-30 00:00:00,CDM,,DM,transfermarkt_profile_and_lineups,95.0,,Defensive Midfield,35.0,4.0,3.0,2976.0,4.16,3.06,2993.52,33.0,8.9872,5966.272000000001,68.35,6.302,0.18946925358774952,89.7,85.6,79.9,84.5,90.8,84.3,88.6,98.1
1904,B. Kamara,Aston Villa,Premier League,26.0,394327.0,2030-06-30 00:00:00,CDM,CM,DM,transfermarkt_profile_and_lineups,95.0,,Defensive Midfield,26.0,1.0,4.0,1708.0,1.08,4.34,1843.0400000000002,20.0,4.9388000000000005,4126.976000000001,46.3,4.118,0.2010916746245334,75.9,87.9,39.7,64.9,64.4,55.9,64.6,64.5
304853,A. Scott,Bournemouth,Premier League,22.0,855256.0,2028-06-30 00:00:00,CM,CDM,CM,transfermarkt_profile_and_lineups,95.0,,Central Midfield,39.0,4.0,1.0,3062.0,4.140000000000001,1.08,3257.1,36.0,6.094800000000001,4177.314,45.45,4.896000000000001,0.13528599060513957,68.1,36.2,89.2,54.5,69.5,79.7,64.3,99.6
20692,H. Abdelli,Angers,Ligue 1,26.0,592979.0,2030-06-30 00:00:00,CAM,CM,AM,transfermarkt_profile_and_lineups,95.0,,Attacking Midfield,21.0,2.0,0.0,1081.0,1.96,0.0,1059.38,12.0,5.571300000000001,2594.991,29.6,1.96,0.16651248843663274,17.2,23.0,21.3,31.1,42.6,18.6,35.2,41.9
1455,A. Iwobi,Fulham,Premier League,29.0,242631.0,2028-06-30 00:00:00,LW,CDM,W,transfermarkt_profile_and_lineups,95.0,,Left Winger,33.0,4.0,3.0,2602.0,4.32,3.24,2772.63,30.0,16.5024,5449.896000000001,59.0,6.588,0.21384750219106047,59.9,16.3,81.9,75.9,92.2,49.0,81.6,95.4
2207,E. Camavinga,Real Madrid,La Liga,23.0,640428.0,2029-06-30 00:00:00,CM,LM,CM,transfermarkt_profile_and_lineups,95.0,,Central Midfield,43.0,2.0,1.0,2199.0,2.24,1.2,2311.09,23.0,5.8886,4374.2695,44.15,3.08,0.11994340332916503,46.6,28.7,62.0,54.1,73.8,55.1,66.9,82.8
30784,N. Rovella,Lazio,Serie A,24.0,525704.0,2028-06-30 00:00:00,CDM,,DM,transfermarkt_profile_and_lineups,95.0,,Defensive Midfield,12.0,0.0,1.0,573.0,0.0,1.02,577.14,7.0,2.7439999999999998,3027.069,33.900000000000006,0.714,0.11134213535710573,25.9,54.6,8.0,43.1,43.7,16.1,43.5,23.2
542,R. Gravenberch,Liverpool,Premier League,23.0,478573.0,2032-06-30 00:00:00,CDM,,DM,transfermarkt_profile_and_lineups,95.0,,Defensive Midfield,50.0,6.0,6.0,4131.0,6.6000000000000005,6.54,4545.4800000000005,47.0,14.3262,7459.380000000001,77.4,11.178,0.2213231605903007,97.7,92.0,98.3,96.0,96.6,98.0,96.4,100.0
18970,P. Groß,Brighton,Premier League,34.0,82873.0,2027-06-30 00:00:00,CM,CDM,CM,transfermarkt_profile_and_lineups,95.0,,Central Midfield,42.0,1.0,5.0,2911.0,1.08,5.44,2932.86,33.0,15.98,6246.816000000001,68.5,4.888,0.14999693132300893,67.6,45.2,82.4,91.8,94.3,75.7,93.4,100.0
33889,K. Sano,FSV Mainz 05,Bundesliga,25.0,643574.0,2028-06-30 00:00:00,CDM,,DM,transfermarkt_profile_and_lineups,95.0,,Defensive Midfield,38.0,1.0,3.0,3420.0,1.0,3.0,3357.0,46.0,3.0999999999999996,5135.15,65.8,3.0999999999999996,0.08310991957104558,63.8,46.0,90.2,47.7,83.3,78.3,70.9,99.2
41104,João Palhinha,Tottenham,Premier League,30.0,257455.0,2028-06-30 00:00:00,CDM,CB,DM,transfermarkt_profile_and_lineups,95.0,,Defensive Midfield,46.0,7.0,3.0,2962.0,7.3500000000000005,3.3600000000000003,3137.19,31.0,11.2248,4550.731,45.25,9.702,0.2783318829908294,96.0,96.0,83.9,93.7,71.3,89.3,79.1,100.0
30432,M. de Roon,Atalanta,Serie A,34.0,133179.0,2027-06-30 00:00:00,CDM,,DM,transfermarkt_profile_and_lineups,95.0,,Defensive Midfield,50.0,2.0,4.0,3918.0,1.92,4.4399999999999995,4120.38,46.0,10.3758,7795.602000000001,85.9,5.028,0.10982482198243851,82.2,63.8,95.4,89.7,97.7,89.5,94.9,100.0
778,B. Cristante,AS Roma,Serie A,30.0,199248.0,2027-06-30 00:00:00,CDM,,DM,transfermarkt_profile_and_lineups,95.0,,Defensive Midfield,46.0,2.0,2.0,3740.0,2.04,2.12,3847.7599999999998,42.0,9.2819,6704.599,72.4,3.524,0.08242717841029587,69.0,45.4,93.1,86.2,94.3,82.2,91.4,100.0
22147,M. Koné,AS Roma,Serie A,24.0,624690.0,2029-06-30 00:00:00,CM,CDM,CM,transfermarkt_profile_and_lineups,95.0,,Central Midfield,37.0,2.0,3.0,2758.0,2.04,3.06,2830.48,33.0,7.5337000000000005,5299.112999999999,61.25,4.182,0.13297391255193466,59.5,35.5,79.2,63.4,88.2,70.3,79.5,98.9
162714,A. Onana,Aston Villa,Premier League,24.0,485706.0,2029-06-30 00:00:00,CDM,,DM,transfermarkt_profile_and_lineups,95.0,,Defensive Midfield,37.0,2.0,0.0,2613.0,2.16,0.0,2821.02,32.0,5.745000000000001,4756.835999999999,53.0,2.16,0.06891124486887722,55.7,36.2,74.7,70.7,74.1,66.2,72.9,97.1
402265,A. Avom,Lorient,Ligue 1,21.0,1074628.0,2027-06-30 00:00:00,CM,,CM,transfermarkt_profile_and_lineups,95.0,,Central Midfield,31.0,2.0,1.0,2115.0,1.96,0.98,2072.7000000000003,22.0,2.646,2072.7000000000003,22.0,2.646,0.11489361702127657,40.7,26.9,54.5,21.9,24.0,48.3,23.3,76.7
313651,Hugo Sotelo,Celta Vigo,La Liga,22.0,892221.0,2028-06-30 00:00:00,CM,,CM,transfermarkt_profile_and_lineups,95.0,,Central Midfield,30.0,0.0,2.0,1606.0,0.0,2.08,1659.2800000000002,20.0,2.1694,2773.1330000000003,32.650000000000006,1.456,0.07897401282483968,24.2,16.8,37.6,16.5,37.6,31.6,30.2,64.0
349001,Wesley,AS Roma,Serie A,22.0,964580.0,2030-06-30 00:00:00,RB,LM,FB,transfermarkt_profile_and_lineups,95.0,,Right-Back,41.0,5.0,2.0,3261.0,5.1,1.92,3312.26,36.0,6.443999999999999,3312.26,36.0,6.443999999999999,0.17509495027564256,91.7,80.8,87.0,71.3,47.0,87.7,50.7,100.0
47007,Ruíz de Galarreta,Athletic Club,La Liga,32.0,126751.0,2027-06-30 00:00:00,CM,,CM,transfermarkt_profile_and_lineups,95.0,,Central Midfield,46.0,1.0,3.0,2744.0,1.04,2.98,2872.2400000000002,34.0,5.446999999999999,5038.126,59.45,3.126,0.09795142467203297,47.7,20.1,80.3,49.1,83.2,65.6,71.2,100.0
41552,P. Ciss,Rayo Vallecano,La Liga,31.0,525578.0,2027-06-30 00:00:00,CM,CB,CM,transfermarkt_profile_and_lineups,95.0,,Central Midfield,31.0,2.0,2.0,2162.0,2.08,1.94,2224.96,32.0,6.9738999999999995,4030.2620000000006,51.1,3.4379999999999997,0.13906766863224507,50.2,39.8,58.8,61.3,67.0,54.9,65.0,85.7
323625,K. Danois,Auxerre,Ligue 1,21.0,743496.0,2029-06-30 00:00:00,CM,,CM,transfermarkt_profile_and_lineups,95.0,,Central Midfield,33.0,3.0,1.0,2839.0,2.94,0.98,2782.2200000000003,32.0,3.626,3568.621,40.8,3.626,0.11729482212046494,52.0,28.0,77.1,31.9,60.6,65.8,50.5,97.4
47463,Pepelu,Valencia,La Liga,27.0,328480.0,2028-06-30 00:00:00,CDM,CM,DM,transfermarkt_profile_and_lineups,95.0,,Defensive Midfield,33.0,2.0,1.0,2383.0,2.08,0.9,2457.46,28.0,7.7683,4752.802000000001,52.35,2.71,0.09924881788513343,61.5,57.5,60.9,81.6,73.6,61.2,76.4,88.9
10097,Éderson,Atalanta,Serie A,26.0,607854.0,2027-06-30 00:00:00,CM,CDM,CM,transfermarkt_profile_and_lineups,95.0,,Central Midfield,41.0,3.0,2.0,3169.0,3.24,2.2199999999999998,3337.5,37.0,10.863600000000002,6831.27,74.2,4.7940000000000005,0.12927640449438202,66.7,33.3,91.0,79.9,96.8,80.1,90.9,100.0
24969,P. Sander,Borussia Mönchengladbach,Bundesliga,27.0,388409.0,2028-06-30 00:00:00,CDM,CB,DM,transfermarkt_profile_and_lineups,95.0,,Defensive Midfield,32.0,2.0,0.0,2627.0,2.0,0.0,2609.7,31.0,2.55,3427.77,40.35,2.0,0.06897344522358892,51.7,36.8,64.4,41.4,51.1,58.7,47.7,95.5
286084,Sergi Altimira,Real Betis,La Liga,24.0,466801.0,2031-06-30 00:00:00,CM,CDM,CM,transfermarkt_profile_and_lineups,95.0,,Central Midfield,40.0,2.0,3.0,2171.0,1.94,2.98,2245.38,24.0,5.2334,3775.7305000000006,45.95,4.026,0.16137134917029633,56.6,48.7,59.1,47.3,63.4,58.0,57.8,83.2
190485,Samú Costa,Mallorca,La Liga,25.0,657430.0,2028-06-30 00:00:00,CDM,CM,DM,transfermarkt_profile_and_lineups,95.0,,Defensive Midfield,36.0,7.0,2.0,2810.0,7.28,2.08,2907.98,32.0,10.0672,5246.93,57.75,8.736,0.27037324878437957,94.8,94.8,77.6,88.5,85.1,85.3,86.3,98.5
46982,Gonzalo Villar,Elche,La Liga,27.0,398163.0,2029-06-30 00:00:00,CM,CAM,CM,transfermarkt_profile_and_lineups,95.0,,Central Midfield,15.0,1.0,0.0,744.0,1.04,0.0,775.32,12.0,2.1962,1348.17,18.6,1.04,0.12072434607645875,20.6,41.6,10.0,16.8,11.1,14.8,13.1,32.8
21568,R. Aguilar,Lens,Ligue 1,32.0,203746.0,2028-06-30 00:00:00,RB,RM,FB,transfermarkt_profile_and_lineups,95.0,,Right-Back,26.0,2.0,2.0,1731.0,1.96,1.96,1696.3799999999999,20.0,5.9143,2942.801,34.35,3.332,0.17677642980935876,67.2,79.0,37.6,68.3,40.2,42.0,44.5,65.0
22149,I. Sangaré,Nottingham Forest,Premier League,28.0,375885.0,2028-06-30 00:00:00,CDM,,DM,transfermarkt_profile_and_lineups,95.0,,Defensive Midfield,43.0,2.0,3.0,2825.0,2.16,3.2600000000000002,3063.8,32.0,6.224600000000001,3986.012,42.95,4.442,0.13048501860434752,78.7,69.5,81.6,73.6,62.1,80.3,66.1,100.0
203,R. Gagliardini,Hellas Verona,Serie A,31.0,197471.0,,CM,CDM,CM,transfermarkt_profile_and_lineups,95.0,,Central Midfield,29.0,1.0,0.0,2216.0,1.02,0.0,2260.3199999999997,25.0,1.7544,3105.363,34.0,1.02,0.040613718411552355,18.6,4.3,59.9,14.3,48.7,41.3,36.7,81.0
388871,José María Andrés Baixauli,VfB Stuttgart,Bundesliga,20.0,948279.0,2030-06-30 00:00:00,CDM,,DM,transfermarkt_profile_and_lineups,95.0,,Defensive Midfield,38.0,4.0,2.0,1855.0,4.1,1.75,1901.05,20.0,5.324999999999999,1920.135,20.0,5.324999999999999,0.25209752505194494,85.1,93.1,42.5,68.4,23.6,61.7,39.3,72.0
125239,K. Arriaga,Levante,La Liga,27.0,526050.0,2028-06-30 00:00:00,CDM,CM,DM,transfermarkt_profile_and_lineups,95.0,,Defensive Midfield,28.0,3.0,3.0,1571.0,3.12,3.12,1627.5400000000002,16.0,5.304,1813.5775000000003,25.9,5.304,0.29330154712019363,84.5,95.4,36.8,67.8,21.8,58.2,37.9,58.5
47522,Douglas Luiz,Aston Villa,Premier League,27.0,447661.0,2029-06-30 00:00:00,CM,CDM,CM,transfermarkt_profile_and_lineups,95.0,,Central Midfield,34.0,1.0,2.0,1634.0,1.08,2.0,1708.3100000000002,21.0,6.944000000000001,3266.0465000000004,38.7,2.48,0.130655443098735,37.3,34.4,39.4,60.6,53.0,38.5,55.7,67.0
333502,Miguel Román,Celta Vigo,La Liga,23.0,892932.0,2028-06-30 00:00:00,CM,,CM,transfermarkt_profile_and_lineups,95.0,,Central Midfield,29.0,1.0,3.0,2003.0,1.04,3.1,2094.5,20.0,3.21,2116.775,20.55,3.21,0.1379326808307472,48.0,39.1,55.2,28.3,25.8,52.0,26.7,71.7
313383,O. Vargas,Atletico Madrid,La Liga,20.0,889435.0,2030-06-30 00:00:00,CM,CDM,CM,transfermarkt_profile_and_lineups,95.0,,Central Midfield,16.0,0.0,1.0,1017.0,0.0,1.04,978.71,11.0,0.728,978.71,11.0,0.728,0.06694526468514676,14.0,22.9,17.2,5.9,7.2,15.8,6.7,37.7
41734,João Mário,Bologna,Serie A,25.0,537602.0,2030-06-30 00:00:00,RB,LB,FB,transfermarkt_profile_and_lineups,95.0,,Right-Back,31.0,2.0,2.0,1773.0,2.12,1.95,1797.8300000000002,20.0,6.1167,3699.5475000000006,45.300000000000004,3.4850000000000003,0.17446032160994088,69.5,79.9,40.2,69.2,54.4,44.6,56.7,67.7
902,N. Matić,Sassuolo,Serie A,37.0,74683.0,2027-06-30 00:00:00,CDM,,DM,transfermarkt_profile_and_lineups,95.0,,Defensive Midfield,34.0,1.0,1.0,2670.0,1.02,1.02,2723.4,31.0,2.8043,4891.027,56.8,1.734,0.05730337078651685,46.8,28.2,70.7,46.0,79.3,60.0,67.6,97.1
415431,S. El Mourabet,Strasbourg,Ligue 1,20.0,1130514.0,2030-06-30 00:00:00,CM,,CM,transfermarkt_profile_and_lineups,95.0,,Central Midfield,33.0,1.0,3.0,2137.0,0.98,2.94,2094.26,34.0,3.038,2094.26,34.0,3.038,0.13055685540477302,45.9,33.7,54.8,26.5,24.7,50.8,25.4,85.9
25073,V. Janelt,Brentford,Premier League,27.0,270171.0,2030-06-30 00:00:00,CDM,,DM,transfermarkt_profile_and_lineups,95.0,,Defensive Midfield,30.0,1.0,4.0,1729.0,1.08,4.32,1791.21,18.0,6.9498,4203.84,44.55,4.104,0.20620697740633426,75.3,89.1,38.5,78.2,65.5,55.1,69.9,64.5
47435,Fran Beltrán,Girona,La Liga,26.0,423444.0,2030-06-30 00:00:00,CM,,CM,transfermarkt_profile_and_lineups,95.0,,Central Midfield,32.0,1.0,0.0,1974.0,1.04,0.0,2054.76,23.0,2.5844,4395.26,49.9,1.04,0.04555276528645681,20.6,5.4,53.4,20.4,74.2,38.6,55.4,75.2
15673,Y. Ramadani,Lecce,Serie A,29.0,442703.0,2028-06-30 00:00:00,CDM,,DM,transfermarkt_profile_and_lineups,95.0,,Defensive Midfield,38.0,1.0,0.0,3249.0,1.02,0.0,3309.9,37.0,2.2797,5331.666,59.9,1.02,0.02773497688751926,34.8,9.8,88.5,37.9,85.6,64.3,68.9,99.2
308836,M. Keita,Parma,Serie A,23.0,707844.0,2029-06-30 00:00:00,CDM,CM,DM,transfermarkt_profile_and_lineups,95.0,,Defensive Midfield,40.0,1.0,1.0,3166.0,1.02,1.02,3208.68,38.0,2.847,4838.985,59.2,1.734,0.04863682261864692,46.8,21.8,85.6,46.6,78.7,68.2,67.5,100.0
260898,N. Remberg,Hamburger SV,Bundesliga,25.0,592534.0,2028-06-30 00:00:00,CDM,,DM,transfermarkt_profile_and_lineups,95.0,,Defensive Midfield,34.0,0.0,3.0,2989.0,0.0,3.0,2978.1,34.0,2.4849999999999994,4342.32,48.85,2.0999999999999996,0.06346328195829555,54.6,32.2,79.3,40.8,67.8,68.2,58.4,97.8
748,Dani Ceballos,Real Madrid,La Liga,29.0,319745.0,,CM,CDM,CM,transfermarkt_profile_and_lineups,95.0,,Central Midfield,27.0,0.0,0.0,896.0,0.0,0.0,935.83,7.0,1.6052999999999997,2332.65,21.5,0.0,0.0,3.8,13.6,14.7,13.3,29.7,9.8,24.0,35.4
15881,M. Frendrup,Genoa,Serie A,24.0,503871.0,2028-06-30 00:00:00,CDM,CM,DM,transfermarkt_profile_and_lineups,95.0,,Defensive Midfield,39.0,2.0,0.0,3316.0,1.92,0.0,3355.08,38.0,4.914,6194.469,69.45,1.92,0.051503987982402806,49.4,24.7,89.7,63.8,93.7,71.6,83.2,99.6
128287,J. Chotard,Stade Brestois 29,Ligue 1,24.0,624037.0,2029-06-30 00:00:00,CDM,,DM,transfermarkt_profile_and_lineups,95.0,,Defensive Midfield,33.0,2.0,1.0,2777.0,1.96,0.98,2721.46,31.0,3.8024,4492.271000000001,52.65,2.646,0.08750450126035289,59.5,51.7,70.1,54.6,70.1,65.3,64.7,97.4
928,Dani Parejo,Villarreal,La Liga,36.0,,,CDM,CM,DM,statistical_fallback,63.7,,,0.0,0.0,0.0,0.0,0.0,0.0,0.0,0.0,0.0,0.0,0.0,0.0,0.0,10.3,48.6,2.0,4.6,2.0,5.8,2.9,0.0
2807,R. Freuler,Bologna,Serie A,33.0,148252.0,,CM,CDM,CM,transfermarkt_profile_and_lineups,95.0,,Central Midfield,40.0,1.0,2.0,3108.0,1.02,2.04,3235.64,36.0,4.3146,6417.941,71.7,2.448,0.06809162947670322,36.4,9.7,88.9,38.0,94.6,65.3,74.8,100.0
433396,Marc Bernal,Barcelona,La Liga,18.0,1018920.0,2029-06-30 00:00:00,CDM,,DM,transfermarkt_profile_and_lineups,95.0,,Defensive Midfield,33.0,5.0,1.0,1313.0,5.08,1.04,1360.28,15.0,5.808,1499.848,16.65,5.808,0.3842738259770047,87.9,96.6,25.9,71.3,15.5,53.8,35.0,54.1
951,M. Aebischer,Pisa,Serie A,28.0,237658.0,2029-06-30 00:00:00,CM,CDM,CM,transfermarkt_profile_and_lineups,95.0,,Central Midfield,36.0,1.0,2.0,2983.0,1.02,2.04,3032.7,33.0,2.6622,4241.5109999999995,46.95,2.448,0.07264813532495795,36.4,11.1,86.4,22.6,70.6,63.9,53.8,98.5
10169,Vinicius Souza,VfL Wolfsburg,Bundesliga,26.0,663581.0,2030-06-30 00:00:00,CDM,,DM,transfermarkt_profile_and_lineups,95.0,,Defensive Midfield,26.0,0.0,0.0,1930.0,0.0,0.0,1914.1,24.0,0.324,2787.118,32.7,0.0,0.0,10.3,2.0,43.1,9.2,37.4,28.4,27.5,73.1
22170,P. Lees-Melou,Paris FC,Ligue 1,32.0,377393.0,2027-06-30 00:00:00,CDM,,DM,transfermarkt_profile_and_lineups,95.0,,Defensive Midfield,24.0,1.0,3.0,1966.0,0.98,2.94,1926.68,22.0,6.7066,3738.286,42.25,3.038,0.14191251271617497,63.2,73.0,44.8,77.0,56.9,53.1,63.9,71.0
21103,A. Touré,Le Havre,Ligue 1,31.0,181382.0,,CDM,RM,DM,transfermarkt_profile_and_lineups,95.0,,Defensive Midfield,11.0,2.0,0.0,741.0,1.96,0.0,726.1800000000001,8.0,8.3153,2655.2610000000004,30.4,1.96,0.242914979757085,50.6,74.1,10.9,83.3,33.9,28.8,51.2,27.2
22244,A. Caci,FSV Mainz 05,Bundesliga,28.0,453016.0,2028-06-30 00:00:00,RB,RM,FB,transfermarkt_profile_and_lineups,95.0,,Right-Back,12.0,0.0,1.0,690.0,0.0,0.75,647.5,8.0,5.189,3007.26,36.55,0.5249999999999999,0.07297297297297296,15.8,44.1,7.7,63.0,41.7,8.9,44.9,26.6
81,K. Diatta,Monaco,Ligue 1,26.0,490426.0,2026-06-30 00:00:00,RM,,W,transfermarkt_profile_and_lineups,95.0,,Right Midfield,21.0,0.0,2.0,1190.0,0.0,2.1799999999999997,1205.58,12.0,1.9375999999999998,1963.22,18.35,1.5259999999999998,0.11392027074105408,15.7,8.1,35.2,10.5,30.7,13.8,17.6,44.1
1934,S. Berge,Fulham,Premier League,27.0,333014.0,2029-06-30 00:00:00,CDM,,DM,transfermarkt_profile_and_lineups,95.0,,Defensive Midfield,39.0,0.0,1.0,3014.0,0.0,1.08,3221.88,35.0,1.5335999999999999,5639.712,60.900000000000006,0.756,0.02111810495735409,30.2,6.3,86.2,27.0,88.5,61.0,67.0,99.6
162686,Antonio Blanco,Alaves,La Liga,25.0,495621.0,2027-06-30 00:00:00,CDM,CM,DM,transfermarkt_profile_and_lineups,95.0,,Defensive Midfield,39.0,2.0,3.0,3239.0,2.08,3.12,3351.4800000000005,37.0,4.8828,5758.950000000001,64.45,4.263999999999999,0.11450463675749217,77.0,64.4,89.1,63.2,89.1,83.6,80.0,99.6
47109,Óscar Valentín,Rayo Vallecano,La Liga,31.0,517753.0,2027-06-30 00:00:00,CM,CDM,CM,transfermarkt_profile_and_lineups,95.0,,Central Midfield,38.0,1.0,0.0,2482.0,1.04,0.0,2516.4,33.0,1.6219999999999999,4555.096,54.2,1.04,0.03719599427753934,20.6,3.9,68.5,13.6,75.6,46.9,53.9,94.8
353143,Hennes Behrens,1. FC Heidenheim,Bundesliga,20.0,829838.0,,LB,LM,FB,transfermarkt_profile_and_lineups,95.0,,Left-Back,16.0,1.0,2.0,1319.0,1.0,2.0,1319.0,15.0,2.4,1335.005,15.0,2.4,0.16376042456406367,53.4,70.4,27.2,32.5,10.4,31.1,13.7,47.9
7328,N. Seiwald,RB Leipzig,Bundesliga,24.0,404950.0,2028-06-30 00:00:00,CDM,,DM,transfermarkt_profile_and_lineups,95.0,,Defensive Midfield,37.0,0.0,2.0,3046.0,0.0,2.0,3011.8,35.0,2.282,4905.0650000000005,53.150000000000006,1.4,0.04183544724085264,42.0,16.7,80.5,38.5,79.9,63.1,65.4,98.9
319919,O. El Azzouzi,Auxerre,Ligue 1,24.0,531065.0,2027-06-30 00:00:00,CDM,,DM,transfermarkt_profile_and_lineups,95.0,,Defensive Midfield,11.0,1.0,0.0,814.0,0.98,0.0,797.72,10.0,2.0204,997.139,11.5,0.98,0.11056511056511056,32.5,56.9,12.1,33.9,8.0,21.3,17.1,30.7
284322,K. Mainoo,Manchester United,Premier League,20.0,820374.0,2031-06-30 00:00:00,CM,CDM,CM,transfermarkt_profile_and_lineups,95.0,,Central Midfield,30.0,1.0,3.0,1806.0,1.08,2.91,1909.6200000000001,18.0,6.4893,3853.1615,39.35,3.117,0.1469035724384956,47.0,42.3,47.3,57.3,64.9,47.2,62.2,66.0
414,Omar Mascarell,Mallorca,La Liga,32.0,142031.0,2026-06-30 00:00:00,CDM,CB,DM,transfermarkt_profile_and_lineups,95.0,,Defensive Midfield,32.0,2.0,2.0,2348.0,2.08,2.08,2427.5,27.0,4.1080000000000005,4206.406,45.95,3.536,0.13109783728115346,69.5,70.7,59.8,57.5,66.1,64.2,63.1,86.8
296667,Gavi,Barcelona,La Liga,21.0,646740.0,2030-06-30 00:00:00,CM,LW,CM,transfermarkt_profile_and_lineups,95.0,,Central Midfield,13.0,0.0,1.0,700.0,0.0,1.04,748.1600000000001,8.0,4.0758,2081.552,22.9,0.728,0.0875748502994012,14.0,34.1,9.7,35.5,24.4,11.6,28.3,27.1
30753,M. Léris,Pisa,Serie A,27.0,348601.0,2027-06-30 00:00:00,RW,RM,W,transfermarkt_profile_and_lineups,95.0,,Right Winger,35.0,2.0,3.0,1913.0,2.04,3.06,1950.54,20.0,4.182,1950.54,20.0,4.182,0.19296194899873886,40.7,12.7,59.0,22.3,30.1,33.7,25.0,72.1
30422,R. Gosens,Fiorentina,Serie A,31.0,273132.0,2028-06-30 00:00:00,LB,LM,FB,transfermarkt_profile_and_lineups,95.0,,Left-Back,29.0,4.0,3.0,2038.0,3.81,2.52,2043.21,31.0,13.689,4442.592000000001,60.400000000000006,5.574,0.24552542323109225,88.5,93.5,52.4,95.0,70.7,57.8,74.3,82.4
203007,R. Reitz,Borussia Mönchengladbach,Bundesliga,23.0,467434.0,2031-06-30 00:00:00,CM,CAM,CM,transfermarkt_profile_and_lineups,95.0,,Central Midfield,34.0,0.0,4.0,2841.0,0.0,4.0,2820.8,33.0,7.0615,4570.24,53.2,2.8,0.08933635847986386,44.1,17.6,77.8,62.0,76.7,62.6,71.6,97.8
453792,A. Bamba,Monaco,Ligue 1,19.0,975347.0,2030-06-30 00:00:00,CDM,CM,DM,transfermarkt_profile_and_lineups,95.0,,Defensive Midfield,23.0,0.0,2.0,971.0,0.0,1.96,985.9,12.0,1.3719999999999999,985.9,12.0,1.3719999999999999,0.12524596815092806,40.5,60.9,19.0,25.0,7.5,28.7,13.6,40.4
18872,L. Cook,Bournemouth,Premier League,28.0,249089.0,2028-06-30 00:00:00,CM,CDM,CM,transfermarkt_profile_and_lineups,95.0,,Central Midfield,19.0,0.0,1.0,992.0,0.0,1.08,1049.76,9.0,3.2778,3955.2750000000005,38.75,0.756,0.06481481481481483,15.4,21.9,19.4,29.4,66.3,17.6,53.4,36.3
1700,Iván Martín,Girona,La Liga,26.0,341278.0,2028-06-30 00:00:00,CM,CAM,CM,transfermarkt_profile_and_lineups,95.0,,Central Midfield,37.0,0.0,1.0,2593.0,0.0,1.04,2689.3,29.0,4.1339999999999995,5010.490000000001,55.45,0.728,0.024363217194065367,14.0,2.5,74.6,35.8,82.4,47.3,66.1,95.7
2810,D. Zakaria,Monaco,Ligue 1,29.0,334526.0,2028-06-30 00:00:00,CDM,CB,DM,transfermarkt_profile_and_lineups,95.0,,Defensive Midfield,30.0,2.0,1.0,2541.0,1.96,0.98,2601.7200000000003,29.0,9.225200000000001,4831.6050000000005,53.8,2.646,0.09153175591531755,59.5,53.4,63.8,85.6,77.6,61.9,80.4,92.0
293,C. Jones,Liverpool,Premier League,24.0,433188.0,2027-06-30 00:00:00,CM,RB,CM,transfermarkt_profile_and_lineups,95.0,,Central Midfield,49.0,3.0,3.0,2850.0,2.88,3.06,3023.1000000000004,28.0,10.674,4813.668000000001,46.65,5.022,0.14950878237570703,68.8,44.8,85.3,79.2,81.0,77.9,80.4,98.0
1150,T. Adams,Bournemouth,Premier League,26.0,332705.0,2028-06-30 00:00:00,CDM,,DM,transfermarkt_profile_and_lineups,95.0,,Defensive Midfield,26.0,2.0,2.0,1795.0,2.16,2.16,1933.3200000000002,21.0,4.9194,3331.317,35.050000000000004,3.672,0.17093910992489603,70.1,81.6,45.4,64.4,48.9,56.5,54.3,67.3
305834,Andrey Santos,Chelsea,Premier League,21.0,743600.0,2030-06-30 00:00:00,CM,CDM,CM,transfermarkt_profile_and_lineups,95.0,,Central Midfield,47.0,3.0,5.0,2556.0,2.73,4.65,2530.9500000000003,26.0,13.1782,4317.455,46.3,5.984999999999999,0.21282522373021984,75.3,67.7,69.9,86.7,72.8,72.3,77.7,93.1
24904,N. Dorsch,1. FC Heidenheim,Bundesliga,27.0,251302.0,2028-06-30 00:00:00,CDM,CM,DM,transfermarkt_profile_and_lineups,95.0,,Defensive Midfield,34.0,0.0,2.0,2379.0,0.0,1.9,2368.0,28.0,3.6950000000000003,3612.23,46.3,1.3299999999999998,0.05054898648648648,39.1,23.6,58.0,52.9,53.4,49.5,53.2,89.2
133185,J. Cardoso,Atletico Madrid,La Liga,24.0,689505.0,2030-06-30 00:00:00,CM,,CM,transfermarkt_profile_and_lineups,95.0,,Central Midfield,30.0,1.0,0.0,1715.0,1.2,0.0,1815.38,20.0,4.0652,3623.9765,46.0,1.2,0.059491676673754254,21.9,7.9,43.4,35.1,61.3,33.7,52.1,66.2
866,J. Cuadrado,Pisa,Serie A,37.0,91970.0,,RM,CAM,W,transfermarkt_profile_and_lineups,95.0,,Right Midfield,21.0,1.0,0.0,571.0,1.02,0.0,572.8199999999999,3.0,3.0885,1379.277,8.25,1.02,0.16025976746621975,12.0,30.4,10.8,17.2,20.5,16.6,18.3,22.5
24903,R. Andrich,Bayer Leverkusen,Bundesliga,31.0,159088.0,2028-06-30 00:00:00,CDM,CB,DM,transfermarkt_profile_and_lineups,95.0,,Defensive Midfield,46.0,3.0,2.0,3765.0,3.2,2.0999999999999996,3866.4,43.0,9.488,5950.6575,66.05,4.67,0.10870577281191805,80.5,62.1,93.7,86.8,90.2,87.7,89.0,100.0
444961,M. Culbreath,Bayer Leverkusen,Bundesliga,18.0,1058514.0,2031-06-30 00:00:00,RW,RM,W,transfermarkt_profile_and_lineups,95.0,,Right Winger,16.0,1.0,0.0,809.0,1.0,0.0,818.9,9.0,1.0,818.9,9.0,1.0,0.10990352912443521,11.4,16.9,20.2,6.6,9.9,12.8,7.8,31.5
496896,R. Matondo,Paris FC,Ligue 1,17.0,1241211.0,2028-06-30 00:00:00,CM,,CM,transfermarkt_profile_and_lineups,95.0,,Central Midfield,27.0,2.0,0.0,1352.0,1.96,0.0,1324.96,14.0,1.96,1358.378,14.0,1.96,0.1331360946745562,29.4,40.1,26.5,15.1,11.5,27.8,12.7,51.7
193952,J. Lepenant,Nantes,Ligue 1,23.0,585973.0,2029-06-30 00:00:00,CDM,CM,DM,transfermarkt_profile_and_lineups,95.0,,Defensive Midfield,27.0,0.0,1.0,2175.0,0.0,0.98,2131.5,23.0,2.1413,3312.106,36.25,0.6859999999999999,0.028965517241379305,21.8,10.3,51.1,35.6,47.7,38.0,43.5,77.4
179843,L. Gourna-Douath,Le Havre,Ligue 1,22.0,620313.0,2027-06-30 00:00:00,CDM,,DM,transfermarkt_profile_and_lineups,95.0,,Defensive Midfield,16.0,0.0,0.0,1277.0,0.0,0.0,1251.58,16.0,0.0,1670.6195,21.5,0.0,0.0,10.3,8.6,23.6,4.6,20.1,17.6,14.7,48.0
334878,U. Raghouber,Levante,La Liga,22.0,707230.0,2027-06-30 00:00:00,CDM,,DM,transfermarkt_profile_and_lineups,95.0,,Defensive Midfield,18.0,0.0,0.0,768.0,0.0,0.0,802.26,9.0,0.0,802.26,9.0,0.0,0.0,10.3,21.3,12.6,4.6,6.3,11.6,5.7,31.4
2917,M. Eggestein,SC Freiburg,Bundesliga,29.0,190284.0,,CM,CDM,CM,transfermarkt_profile_and_lineups,95.0,,Central Midfield,52.0,6.0,1.0,4703.0,6.1000000000000005,1.0,4765.3,52.0,10.259500000000001,7673.610000000001,85.3,6.800000000000001,0.12842843052903283,81.0,33.0,99.3,77.1,99.3,91.1,91.5,100.0
110,H. Massengo,FC Augsburg,Bundesliga,24.0,536508.0,2030-06-30 00:00:00,CM,CDM,CM,transfermarkt_profile_and_lineups,95.0,,Central Midfield,34.0,2.0,1.0,2527.0,2.0,1.0,2518.0,30.0,2.7,3106.58,36.35,2.7,0.09650516282764099,41.8,19.4,68.8,23.7,49.1,56.6,40.2,94.2
162480,E. Martel,1. FC Köln,Bundesliga,23.0,597000.0,,CDM,CB,DM,transfermarkt_profile_and_lineups,95.0,,Defensive Midfield,33.0,3.0,2.0,2744.0,2.9,2.0,2726.0,32.0,5.02,3515.99,41.3,4.3,0.14196625091709464,77.6,73.6,71.3,65.5,51.7,74.1,56.6,97.4
162123,I. Moriba,Celta Vigo,La Liga,22.0,617074.0,2029-06-30 00:00:00,CM,,CM,transfermarkt_profile_and_lineups,95.0,,Central Midfield,48.0,2.0,4.0,3509.0,2.08,4.220000000000001,3686.5600000000004,38.0,6.789700000000001,5164.642000000001,53.05,5.034000000000001,0.12289505663816674,69.2,30.1,95.3,58.8,86.0,83.6,76.5,100.0
1701,Manu Morlanes,Mallorca,La Liga,26.0,335225.0,2028-06-30 00:00:00,CM,,CM,transfermarkt_profile_and_lineups,95.0,,Central Midfield,33.0,3.0,0.0,1852.0,3.12,0.0,1915.3000000000002,23.0,3.7458,3296.405,37.2,3.12,0.14660888633634417,47.3,41.9,47.7,32.6,53.8,47.5,46.4,73.1
336573,E. İlkhan,Torino,Serie A,21.0,743091.0,2027-06-30 00:00:00,CM,CDM,CM,transfermarkt_profile_and_lineups,95.0,,Central Midfield,22.0,2.0,2.0,1172.0,1.92,2.04,1175.76,14.0,3.9095999999999997,1418.886,16.1,3.348,0.25627679118187385,49.5,71.0,22.6,33.7,12.5,34.7,19.9,46.1
8680,C. Vanhoutte,Nice,Ligue 1,27.0,569845.0,2030-06-30 00:00:00,CDM,,DM,transfermarkt_profile_and_lineups,95.0,,Defensive Midfield,39.0,1.0,4.0,2769.0,1.1,3.84,2656.92,32.0,6.456300000000001,4764.884,61.5,3.788,0.1283139876247685,71.8,69.0,66.7,75.3,74.7,69.0,74.9,99.6
19025,T. Cairney,Fulham,Premier League,34.0,123275.0,2027-06-30 00:00:00,CM,CDM,CM,transfermarkt_profile_and_lineups,95.0,,Central Midfield,29.0,2.0,1.0,1109.0,2.16,0.9,1099.0500000000002,10.0,5.2092,2016.6990000000003,16.7,2.79,0.22847004230926707,43.7,64.5,20.4,47.0,22.2,30.9,30.9,43.5
21004,L. Agoumé,Sevilla,La Liga,23.0,569384.0,2028-06-30 00:00:00,CDM,CM,DM,transfermarkt_profile_and_lineups,95.0,,Defensive Midfield,36.0,1.0,4.0,2805.0,1.04,4.02,2901.52,32.0,5.6272,4444.9220000000005,49.0,3.8539999999999996,0.1195442388816896,72.4,66.1,77.0,69.5,69.0,74.9,69.2,98.5
21153,B. Santamaría,Valencia,La Liga,30.0,285323.0,2027-06-30 00:00:00,CDM,CM,DM,transfermarkt_profile_and_lineups,95.0,,Defensive Midfield,22.0,1.0,2.0,1015.0,1.04,1.94,1017.5200000000001,10.0,3.5893999999999995,2463.243,26.3,2.3979999999999997,0.2121039389889142,57.5,77.0,19.5,51.7,29.9,36.6,37.5,38.9
408635,E. Akinsanmiro,Pisa,Serie A,21.0,969192.0,2029-06-30 00:00:00,CM,,CM,transfermarkt_profile_and_lineups,95.0,,Central Midfield,25.0,0.0,1.0,1464.0,0.0,1.02,1491.12,15.0,0.714,1495.404,15.0,0.714,0.043095123128923225,12.0,8.2,31.2,5.2,14.0,22.6,10.9,54.2
20558,H. Magnetti,Stade Brestois 29,Ligue 1,27.0,474662.0,2027-06-30 00:00:00,CM,,CM,transfermarkt_profile_and_lineups,95.0,,Central Midfield,33.0,1.0,2.0,2697.0,0.98,1.96,2643.06,31.0,4.601,5053.035,59.25,2.352,0.08008898776418241,34.4,15.1,73.5,41.2,83.5,55.9,68.7,97.3
292,J. Henderson,Brentford,Premier League,35.0,61651.0,2027-06-30 00:00:00,CDM,,DM,transfermarkt_profile_and_lineups,95.0,,Defensive Midfield,34.0,1.0,3.0,2086.0,1.08,3.24,2223.1800000000003,24.0,6.181850000000001,3906.3135,47.400000000000006,3.348,0.13553558416322564,67.8,71.8,54.0,72.4,60.3,60.2,64.6,79.2
187318,Marc Aguado,Elche,La Liga,25.0,531404.0,2027-06-30 00:00:00,CDM,,DM,transfermarkt_profile_and_lineups,95.0,,Defensive Midfield,39.0,1.0,3.0,2640.0,1.04,2.98,2727.96,31.0,3.126,2727.96,31.0,3.126,0.10313201073329521,64.4,59.2,72.4,48.3,36.8,68.8,40.8,98.4
48047,J. Karlström,Udinese,Serie A,30.0,222855.0,2028-06-30 00:00:00,CDM,,DM,transfermarkt_profile_and_lineups,95.0,,Defensive Midfield,38.0,1.0,0.0,3324.0,1.02,0.0,3369.96,38.0,2.1981,5216.97,59.45,1.02,0.027240679414592458,34.8,9.2,90.8,36.2,83.9,65.6,67.2,99.2
282549,J. Mwanga,Nantes,Ligue 1,22.0,1011200.0,2027-06-30 00:00:00,CDM,CM,DM,transfermarkt_profile_and_lineups,95.0,,Defensive Midfield,22.0,1.0,1.0,1822.0,0.98,0.98,1744.16,22.0,3.4594,2843.2790000000005,34.25,1.666,0.08596688377213099,44.8,50.6,37.9,50.0,38.5,41.0,42.5,67.4
197779,M. Kaba,Nantes,Ligue 1,24.0,911328.0,2027-06-30 00:00:00,CM,CDM,CM,transfermarkt_profile_and_lineups,95.0,,Central Midfield,29.0,1.0,2.0,1603.0,0.9,1.96,1591.7,17.0,2.272,2262.299,22.6,2.272,0.128466419551423,33.3,34.8,34.4,17.6,28.3,33.9,24.6,60.5
2990,I. Gueye,Everton,Premier League,36.0,126665.0,,CDM,,DM,transfermarkt_profile_and_lineups,95.0,,Defensive Midfield,25.0,2.0,3.0,2102.0,2.16,3.24,2270.1600000000003,25.0,6.9714,4798.377,52.55,4.428,0.17554709800190293,78.2,83.3,54.6,78.7,75.9,65.2,76.9,77.2
38798,S. Lynen,Werder Bremen,Bundesliga,26.0,338668.0,,CDM,,DM,transfermarkt_profile_and_lineups,95.0,,Defensive Midfield,32.0,0.0,1.0,2847.0,0.0,1.0,2838.0,32.0,1.7149999999999999,5107.62,58.4,0.7,0.02219873150105708,23.6,6.9,75.9,31.0,82.2,52.3,64.3,97.0
21010,E. Owusu,Auxerre,Ligue 1,28.0,395695.0,2027-06-30 00:00:00,CDM,,DM,transfermarkt_profile_and_lineups,95.0,,Defensive Midfield,29.0,0.0,0.0,2349.0,0.0,0.0,2302.02,27.0,1.6709,3571.3650000000002,42.400000000000006,0.0,0.0,10.3,2.0,56.9,29.9,52.3,35.9,44.5,85.7
407,B. Stambouli,Metz,Ligue 1,35.0,127160.0,,CDM,,DM,transfermarkt_profile_and_lineups,95.0,,Defensive Midfield,19.0,0.0,0.0,960.0,0.0,0.0,940.8,10.0,0.6648000000000001,1473.147,17.8,0.0,0.0,10.3,14.4,17.2,12.6,14.4,14.1,13.8,36.7
303016,M. Oyedele,Strasbourg,Ligue 1,21.0,,,CDM,CM,DM,statistical_fallback,62.0,,,0.0,0.0,0.0,0.0,0.0,0.0,0.0,0.0,0.0,0.0,0.0,0.0,0.0,10.3,48.6,2.0,4.6,2.0,5.8,2.9,0.0
137296,Kwon Hyeok-Kyu,Nantes,Ligue 1,24.0,550957.0,,CDM,,DM,transfermarkt_profile_and_lineups,95.0,,Defensive Midfield,12.0,0.0,0.0,758.0,0.0,0.0,742.84,9.0,0.0,1401.703,18.85,0.0,0.0,10.3,23.0,11.5,4.6,12.1,11.0,9.5,28.9
282125,R. Lavia,Chelsea,Premier League,21.0,628451.0,2030-06-30 00:00:00,CDM,,DM,transfermarkt_profile_and_lineups,95.0,,Defensive Midfield,24.0,0.0,0.0,974.0,0.0,0.0,936.21,13.0,0.41580000000000006,1447.7160000000001,19.6,0.0,0.0,10.3,14.9,16.7,9.8,13.2,13.8,12.0,41.8
47341,Marc Roca,Real Betis,La Liga,29.0,336869.0,2029-06-30 00:00:00,CDM,,DM,transfermarkt_profile_and_lineups,95.0,,Defensive Midfield,40.0,1.0,3.0,2717.0,1.04,3.24,2830.8,30.0,7.1026,4185.6795,46.2,3.308,0.10517168291649003,66.7,60.3,75.3,79.9,64.9,71.4,70.2,100.0
24963,A. Karazor,VfB Stuttgart,Bundesliga,29.0,232320.0,2028-06-30 00:00:00,CDM,,DM,transfermarkt_profile_and_lineups,95.0,,Defensive Midfield,44.0,2.0,1.0,3197.0,1.8,1.0,3197.25,36.0,6.475,6164.725,70.7,2.5,0.07037297677691766,58.0,38.5,85.1,75.9,92.0,72.9,86.3,100.0
237087,E. Fernández,Bayer Leverkusen,Bundesliga,23.0,664708.0,2030-06-30 00:00:00,CDM,,DM,transfermarkt_profile_and_lineups,95.0,,Defensive Midfield,30.0,0.0,1.0,1457.0,0.0,1.0,1541.3999999999999,17.0,0.7,1541.3999999999999,17.0,0.7,0.04087193460490464,23.6,20.7,33.9,14.1,16.7,29.3,15.8,57.9
84218,A. Camara,Paris FC,Ligue 1,29.0,973949.0,2027-06-30 00:00:00,CDM,CM,DM,transfermarkt_profile_and_lineups,95.0,,Defensive Midfield,29.0,1.0,0.0,2172.0,0.98,0.0,2128.56,26.0,0.98,2128.56,26.0,0.98,0.04143646408839779,32.5,16.1,50.6,19.3,26.4,42.4,23.9,81.1
438688,A. Bouaddi,Lille,Ligue 1,18.0,1097139.0,2029-06-30 00:00:00,CM,,CM,transfermarkt_profile_and_lineups,95.0,,Central Midfield,40.0,0.0,1.0,2994.0,0.0,0.98,3014.04,35.0,1.5252999999999999,4080.915,46.7,0.6859999999999999,0.020484134251702032,8.8,1.4,84.9,12.2,68.5,50.7,48.8,100.0
2922,L. Dendoncker,Oviedo,La Liga,30.0,168157.0,,CDM,,DM,transfermarkt_profile_and_lineups,95.0,,Defensive Midfield,19.0,1.0,0.0,1333.0,1.04,0.0,1386.3200000000002,15.0,1.6643000000000001,2632.4990000000003,31.05,1.04,0.06751687921980494,36.8,40.8,28.2,29.3,32.8,32.0,31.6,49.3
343189,G. Gineitis,Torino,Serie A,21.0,798929.0,2029-06-30 00:00:00,CM,,CM,transfermarkt_profile_and_lineups,95.0,,Central Midfield,31.0,0.0,1.0,1912.0,0.0,1.02,1932.36,25.0,2.9787000000000003,2948.13,35.3,0.714,0.03325467304229026,12.0,3.6,48.4,25.8,43.4,32.0,37.2,75.6
24897,M. Busch,1. FC Heidenheim,Bundesliga,31.0,117478.0,2027-06-30 00:00:00,RB,RM,FB,transfermarkt_profile_and_lineups,95.0,,Right-Back,31.0,1.0,5.0,1973.0,1.0,5.0,1967.0,20.0,5.263,3048.325,34.45,4.5,0.20589730554143368,80.3,87.6,47.9,64.5,42.0,52.8,45.4,71.8
20554,H. Belkebla,Angers,Ligue 1,31.0,138055.0,2028-06-30 00:00:00,CM,CDM,CM,transfermarkt_profile_and_lineups,95.0,,Central Midfield,33.0,0.0,0.0,2880.0,0.0,0.0,2822.4,33.0,0.3773,3789.905,44.55,0.0,0.0,3.8,0.7,78.1,3.2,64.2,44.7,42.8,97.4
174708,Y. Belkhdim,Angers,Ligue 1,23.0,,,CDM,CM,DM,statistical_fallback,57.6,,,0.0,0.0,0.0,0.0,0.0,0.0,0.0,0.0,0.0,0.0,0.0,0.0,0.0,10.3,48.6,2.0,4.6,2.0,5.8,2.9,0.0
265820,Y. Ayari,Brighton,Premier League,22.0,667287.0,2027-06-30 00:00:00,CM,CDM,CM,transfermarkt_profile_and_lineups,95.0,,Central Midfield,32.0,4.0,3.0,2020.0,3.99,3.24,2152.2000000000003,20.0,7.861800000000001,3458.6670000000004,33.5,6.258,0.26169500975745746,77.8,80.6,57.0,66.3,58.1,66.3,60.9,73.1
365331,N. Sadiki,Sunderland,Premier League,21.0,727089.0,2030-06-30 00:00:00,CM,CDM,CM,transfermarkt_profile_and_lineups,95.0,,Central Midfield,35.0,0.0,1.0,3042.0,0.0,1.08,3259.08,34.0,2.2497,5309.743,61.1,0.756,0.020877057329062188,15.4,1.8,89.6,17.2,88.5,56.2,63.6,98.1
863,R. Bentancur,Tottenham,Premier League,28.0,354362.0,2029-06-30 00:00:00,CDM,,DM,transfermarkt_profile_and_lineups,95.0,,Defensive Midfield,34.0,1.0,1.0,2549.0,1.08,1.08,2730.51,31.0,3.5748,4700.85,53.650000000000006,1.836,0.060516167309403734,48.6,29.9,73.0,51.1,73.0,62.0,65.3,94.7
284500,T. Iroegbunam,Everton,Premier League,22.0,696589.0,2027-06-30 00:00:00,CM,CDM,CM,transfermarkt_profile_and_lineups,95.0,,Central Midfield,31.0,0.0,3.0,1588.0,0.0,3.24,1681.38,18.0,2.8413,2095.443,21.65,2.268,0.12140027834278982,33.0,31.2,38.7,24.7,25.1,36.1,25.0,62.0
287654,Jon Gorrotxategi,Real Sociedad,La Liga,23.0,711374.0,2030-06-30 00:00:00,CDM,CM,DM,transfermarkt_profile_and_lineups,95.0,,Defensive Midfield,37.0,1.0,3.0,2636.0,1.04,3.12,2682.5,30.0,3.2239999999999998,2682.5,30.0,3.2239999999999998,0.1081677539608574,65.5,61.5,69.5,48.9,36.2,67.7,40.6,97.6
56293,I. Touré,Pisa,Serie A,27.0,335516.0,2027-06-30 00:00:00,RM,,W,transfermarkt_profile_and_lineups,95.0,,Right Midfield,34.0,1.0,1.0,2416.0,1.02,1.02,2448.12,27.0,1.734,2448.12,27.0,1.734,0.06374687515317877,18.1,0.9,75.0,9.5,44.0,13.8,21.6,89.0
405239,Alexsandro Amorim,Genoa,Serie A,20.0,1082774.0,2030-06-30 00:00:00,CM,CDM,CM,transfermarkt_profile_and_lineups,95.0,,Central Midfield,31.0,2.0,0.0,2219.0,1.56,0.0,1862.8500000000001,25.0,1.56,1862.8500000000001,25.0,1.56,0.07536838714872372,25.1,12.5,46.6,12.9,21.1,36.9,18.3,81.8
5973,N. Capaldo,Hamburger SV,Bundesliga,27.0,649672.0,2028-06-30 00:00:00,CB,CM,CB,transfermarkt_profile_and_lineups,95.0,,Centre-Back,27.0,1.0,3.0,2130.0,1.0,3.0,2118.0,25.0,3.0999999999999996,2118.0,25.0,3.0999999999999996,0.13172804532577903,83.1,88.1,50.7,65.7,25.7,55.6,31.7,78.5
334952,R. Messali,Toulouse,Ligue 1,22.0,883865.0,2028-06-30 00:00:00,RB,RM,FB,transfermarkt_profile_and_lineups,95.0,,Right-Back,12.0,0.0,0.0,501.0,0.0,0.0,490.98,5.0,0.3773,735.147,7.75,0.0,0.0,7.8,28.7,3.8,7.1,4.1,4.4,4.6,19.7
6409,N. Estévez,Parma,Serie A,30.0,552472.0,2028-06-30 00:00:00,CDM,CM,DM,transfermarkt_profile_and_lineups,95.0,,Defensive Midfield,35.0,0.0,1.0,1165.0,0.0,1.02,1172.34,10.0,0.714,1586.589,14.4,0.714,0.05481345002303086,25.9,33.9,22.4,15.2,18.4,24.0,17.3,46.9
162106,Y. Musah,Atalanta,Serie A,23.0,503991.0,2028-06-30 00:00:00,CM,CDM,CM,transfermarkt_profile_and_lineups,95.0,,Central Midfield,29.0,2.0,1.0,939.0,1.92,1.2,994.62,7.0,4.262549999999999,2974.3815,27.9,2.76,0.24974362067925437,43.4,66.7,17.9,37.3,44.1,29.4,41.7,37.0
203011,J. Niehues,1. FC Heidenheim,Bundesliga,24.0,530173.0,2027-06-30 00:00:00,CDM,,DM,transfermarkt_profile_and_lineups,95.0,,Defensive Midfield,25.0,3.0,0.0,1475.0,3.0,0.0,1466.4,18.0,3.0,1548.3500000000001,19.1,3.0,0.1841243862520458,62.6,80.5,31.0,47.1,17.2,45.3,27.7,57.4
178709,Y. Engelhardt,Borussia Mönchengladbach,Bundesliga,24.0,405670.0,2027-06-30 00:00:00,CDM,,DM,transfermarkt_profile_and_lineups,95.0,,Defensive Midfield,33.0,2.0,2.0,2671.0,2.0,2.0,2653.0,31.0,4.3537,3299.833,37.05,3.4,0.11534112325669053,68.4,64.9,66.1,60.9,47.1,67.1,52.0,96.8
383780,Mikel Jauregizar,Athletic Club,La Liga,22.0,938729.0,2031-06-30 00:00:00,CM,,CM,transfermarkt_profile_and_lineups,95.0,,Central Midfield,49.0,3.0,2.0,3816.0,2.98,2.4,3954.52,45.0,7.5563,5906.616,65.65,4.66,0.10605585507217058,63.8,22.2,96.8,63.8,91.4,81.9,81.7,100.0
182639,Unai Vencedor,Levante,La Liga,25.0,610083.0,2027-06-30 00:00:00,CM,,CM,transfermarkt_profile_and_lineups,95.0,,Central Midfield,19.0,0.0,0.0,993.0,0.0,0.0,1008.22,13.0,0.0,1008.22,13.0,0.0,0.0,3.8,10.4,18.6,1.6,7.9,11.9,5.7,40.4
1825,Lucas Torró,Osasuna,La Liga,31.0,213670.0,2027-06-30 00:00:00,CDM,,DM,transfermarkt_profile_and_lineups,95.0,,Defensive Midfield,37.0,0.0,2.0,2395.0,0.0,1.94,2478.48,31.0,3.386,4967.728,59.400000000000006,1.3579999999999999,0.04931248184371066,39.7,22.4,62.1,49.4,81.0,52.0,70.0,92.7
181259,Abel Bretones,Osasuna,La Liga,25.0,658115.0,2029-06-30 00:00:00,LB,LM,FB,transfermarkt_profile_and_lineups,95.0,,Left-Back,30.0,1.0,2.0,1747.0,1.04,2.08,1798.96,18.0,3.64,3121.9410000000003,30.65,2.496,0.12487214835238138,56.2,62.4,40.5,46.7,43.5,42.9,44.0,64.8
281096,P. Masini,Genoa,Serie A,24.0,459665.0,2028-06-30 00:00:00,CM,CDM,CM,transfermarkt_profile_and_lineups,95.0,,Central Midfield,31.0,0.0,1.0,1604.0,0.0,1.02,1611.6,15.0,1.275,2471.613,23.8,0.714,0.039873417721518985,12.0,6.5,35.1,10.4,31.9,24.7,24.4,59.3
31021,A. Grassi,Cremonese,Serie A,30.0,197473.0,2027-06-30 00:00:00,CDM,CM,DM,transfermarkt_profile_and_lineups,95.0,,Defensive Midfield,31.0,0.0,0.0,1814.0,0.0,0.0,1843.2,19.0,1.1679,3728.436,41.3,0.0,0.0,10.3,2.0,40.2,22.4,55.7,26.8,44.1,67.6
44814,L. Ferguson,Bologna,Serie A,26.0,428563.0,2028-06-30 00:00:00,CM,CDM,CM,transfermarkt_profile_and_lineups,95.0,,Central Midfield,45.0,1.0,0.0,2925.0,1.02,0.0,3024.42,32.0,4.855499999999999,4772.643,51.25,1.02,0.030352927172813297,18.6,2.9,85.7,44.4,79.9,55.5,67.5,100.0
418,S. Serdar,Hellas Verona,Serie A,28.0,261905.0,2028-06-30 00:00:00,CM,,CM,transfermarkt_profile_and_lineups,95.0,,Central Midfield,21.0,2.0,0.0,1199.0,2.04,0.0,1212.18,13.0,4.3758,2528.2470000000003,28.1,2.04,0.151462654061278,31.0,47.0,24.4,39.8,32.3,27.4,34.9,45.3
50863,J. Sands,FC St. Pauli,Bundesliga,25.0,393321.0,2030-06-30 00:00:00,CDM,,DM,transfermarkt_profile_and_lineups,95.0,,Defensive Midfield,28.0,1.0,1.0,2331.0,1.0,0.9,2292.0,27.0,1.63,2540.6,29.75,1.63,0.06400523560209423,44.3,32.8,55.7,28.2,31.0,50.6,30.0,85.0
263538,Y. Yarmolyuk,Brentford,Premier League,21.0,717411.0,2031-06-30 00:00:00,CM,CDM,CM,transfermarkt_profile_and_lineups,95.0,,Central Midfield,42.0,1.0,2.0,2957.0,1.08,2.16,3120.81,33.0,2.592,4260.4529999999995,43.9,2.592,0.07474982456477645,39.8,12.2,87.5,20.8,71.3,66.0,53.6,100.0
332309,Alejandro Rego,Athletic Club,La Liga,22.0,834491.0,2030-06-30 00:00:00,CM,CDM,CM,transfermarkt_profile_and_lineups,95.0,,Central Midfield,41.0,1.0,1.0,2058.0,1.04,1.04,2170.15,21.0,1.768,2170.15,21.0,1.768,0.07332212059074257,27.6,11.5,57.7,14.7,26.9,44.2,22.6,77.9
30723,M. Marin,Pisa,Serie A,27.0,379163.0,2028-06-30 00:00:00,CDM,CM,DM,transfermarkt_profile_and_lineups,95.0,,Defensive Midfield,24.0,0.0,0.0,1359.0,0.0,0.0,1377.54,19.0,0.0,1377.54,19.0,0.0,0.0,10.3,5.2,27.0,4.6,11.5,19.5,9.1,55.7
118345,A. Francis,Toulouse,Ligue 1,24.0,658533.0,2029-06-30 00:00:00,CM,,CM,transfermarkt_profile_and_lineups,95.0,,Central Midfield,8.0,0.0,0.0,532.0,0.0,0.0,521.36,7.0,1.2012,1486.6655,24.450000000000003,0.0,0.0,3.8,26.2,2.9,10.0,13.6,3.3,12.4,20.8
296,J. Milner,Brighton,Premier League,39.0,3333.0,,CM,CDM,CM,transfermarkt_profile_and_lineups,95.0,,Central Midfield,22.0,1.0,1.0,946.0,1.08,1.08,966.24,9.0,2.2896,1379.484,14.850000000000001,1.836,0.17101341281669152,28.9,52.3,16.5,17.9,11.8,22.1,14.0,36.5
1125,R. Christie,Bournemouth,Premier League,30.0,188077.0,2029-06-30 00:00:00,CM,CDM,CM,transfermarkt_profile_and_lineups,95.0,,Central Midfield,27.0,2.0,0.0,1060.0,2.16,0.0,1120.38,10.0,5.7294,3482.349,37.05,2.16,0.17351255823916883,32.3,53.8,21.1,52.0,58.4,26.1,56.2,41.7
326176,S. Magassa,West Ham,Premier League,22.0,745181.0,2031-06-30 00:00:00,CDM,CM,DM,transfermarkt_profile_and_lineups,95.0,,Defensive Midfield,26.0,1.0,1.0,1259.0,1.08,0.9,1309.3200000000002,14.0,2.7473,2444.1100000000006,26.200000000000003,1.71,0.1175419301622216,45.4,62.6,24.7,43.7,29.3,34.0,34.3,49.4
30690,N. Fonseca,Oviedo,La Liga,27.0,462070.0,2028-12-31 00:00:00,CDM,,DM,transfermarkt_profile_and_lineups,95.0,,Defensive Midfield,19.0,0.0,0.0,1020.0,0.0,0.0,1060.8000000000002,12.0,0.0,1060.8000000000002,12.0,0.0,0.0,10.3,12.1,20.7,4.6,8.6,16.0,7.2,39.9
211,M. Vecino,Lazio,Serie A,34.0,143812.0,2027-06-30 00:00:00,CM,CDM,CM,transfermarkt_profile_and_lineups,95.0,,Central Midfield,26.0,0.0,2.0,1149.0,0.0,2.04,1196.3400000000001,12.0,6.9853000000000005,2648.1240000000003,24.8,1.428,0.10742765434575453,23.5,31.9,23.7,61.6,34.8,23.6,44.2,45.2
162465,M. Bard,Nice,Ligue 1,25.0,532775.0,2028-06-30 00:00:00,LB,LM,FB,transfermarkt_profile_and_lineups,95.0,,Left-Back,37.0,2.0,1.0,3106.0,1.96,0.98,3084.08,34.0,4.8069,5105.003000000001,57.6,2.646,0.07721589582630801,58.4,35.8,81.7,60.4,84.9,78.2,81.2,98.9
6716,A. Mac Allister,Liverpool,Premier League,27.0,534033.0,2028-06-30 00:00:00,CM,CDM,CM,transfermarkt_profile_and_lineups,95.0,,Central Midfield,55.0,5.0,7.0,3885.0,5.76,7.32,4218.84,44.0,21.069000000000003,7251.894,75.45,10.884,0.23218704667633758,93.5,72.4,97.1,96.1,98.6,95.5,97.7,100.0
341646,V. Carboni,Genoa,Serie A,20.0,787618.0,2026-12-31 00:00:00,CAM,RW,AM,transfermarkt_profile_and_lineups,95.0,,Attacking Midfield,18.0,2.0,0.0,620.0,1.65,0.0,589.6800000000001,9.0,3.1188,1003.364,12.55,1.65,0.2518315018315018,12.3,41.8,8.2,11.5,9.0,19.7,10.6,28.4
36899,T. Koopmeiners,Juventus,Serie A,27.0,360518.0,2029-06-30 00:00:00,CDM,CB,DM,transfermarkt_profile_and_lineups,95.0,,Defensive Midfield,49.0,3.0,1.0,2818.0,3.15,1.2,2955.33,29.0,13.3611,5808.699,60.05,3.9899999999999998,0.12150927307610317,73.6,66.7,78.7,95.4,89.7,76.4,91.7,99.0
21587,E. Skhiri,Eintracht Frankfurt,Bundesliga,30.0,290587.0,2027-06-30 00:00:00,CDM,CB,DM,transfermarkt_profile_and_lineups,95.0,,Defensive Midfield,34.0,0.0,0.0,1854.0,0.0,0.0,1922.3,20.0,4.21,4450.97,50.3,0.0,0.0,10.3,2.0,44.3,58.6,69.5,29.0,65.7,70.5
2449,Y. Herrera,Real Sociedad,La Liga,27.0,378293.0,2030-06-30 00:00:00,CM,,CM,transfermarkt_profile_and_lineups,95.0,,Central Midfield,16.0,0.0,1.0,674.0,0.0,1.04,695.9200000000001,8.0,5.7772,2908.5640000000003,33.75,0.728,0.09414875273019885,14.0,36.6,6.8,52.7,41.6,10.0,45.5,27.7
343558,L. Miller,Udinese,Serie A,19.0,924857.0,2030-06-30 00:00:00,CM,,CM,transfermarkt_profile_and_lineups,95.0,,Central Midfield,26.0,1.0,2.0,1092.0,0.9,2.04,1101.72,10.0,5.3154,2457.831,29.650000000000002,2.328,0.19017536216098463,33.7,57.3,20.8,48.4,31.5,26.6,37.4,42.0
2749,J. Irvine,FC St. Pauli,Bundesliga,32.0,192557.0,2027-06-30 00:00:00,CM,CDM,CM,transfermarkt_profile_and_lineups,95.0,,Central Midfield,26.0,0.0,1.0,1737.0,0.0,1.0,1725.8,19.0,2.625,3265.25,36.05,0.7,0.03650480936377332,10.2,4.7,40.1,21.1,52.7,26.7,41.6,64.1
266658,Calebe,Alaves,La Liga,25.0,798114.0,2026-12-31 00:00:00,CAM,RW,AM,transfermarkt_profile_and_lineups,95.0,,Attacking Midfield,21.0,0.0,0.0,888.0,0.0,0.0,904.62,15.0,0.0,904.62,15.0,0.0,0.0,1.2,6.6,16.4,0.8,5.7,2.6,2.5,41.0
1489,N. Gudelj,Sevilla,La Liga,34.0,74294.0,,CDM,CB,DM,transfermarkt_profile_and_lineups,95.0,,Defensive Midfield,37.0,2.0,0.0,2549.0,2.08,0.0,2622.82,28.0,4.3027999999999995,4819.030000000001,50.95,2.08,0.07137355975629284,53.4,40.2,64.9,59.8,77.0,59.8,71.0,93.8
31678,J. Akpa Akpro,Hellas Verona,Serie A,33.0,170481.0,,CM,CDM,CM,transfermarkt_profile_and_lineups,95.0,,Central Midfield,22.0,1.0,0.0,1507.0,1.02,0.0,1537.1399999999999,17.0,1.02,2296.071,26.0,1.02,0.05972130059721301,18.6,11.8,32.3,9.0,29.0,26.1,22.0,55.9
199897,S. Kawasaki,FSV Mainz 05,Bundesliga,24.0,733371.0,2026-06-30 00:00:00,CDM,CM,DM,transfermarkt_profile_and_lineups,95.0,,Defensive Midfield,11.0,0.0,0.0,306.0,0.0,0.0,305.75,7.0,0.0,305.75,7.0,0.0,0.0,10.3,39.7,4.0,4.6,4.0,6.9,4.2,17.4
163022,P. Osterhage,SC Freiburg,Bundesliga,25.0,443331.0,,CDM,,DM,transfermarkt_profile_and_lineups,95.0,,Defensive Midfield,31.0,2.0,0.0,1834.0,2.1,0.0,1865.5,20.0,4.016500000000001,3801.3599999999997,42.8,2.1,0.10131332082551595,55.2,58.6,42.0,55.7,58.0,47.9,57.2,69.0
157912,B. Traoré,Metz,Ligue 1,24.0,649020.0,2027-06-30 00:00:00,CDM,CM,DM,transfermarkt_profile_and_lineups,95.0,,Defensive Midfield,20.0,1.0,0.0,1392.0,0.98,0.0,1364.16,16.0,0.98,1655.661,18.4,0.98,0.06465517241379311,32.5,37.9,26.4,19.3,19.5,29.2,19.4,51.9
21701,V. Rosier,Osasuna,La Liga,29.0,441170.0,2028-06-30 00:00:00,RB,,FB,transfermarkt_profile_and_lineups,95.0,,Right-Back,32.0,1.0,1.0,2611.0,1.04,1.04,2707.46,30.0,3.4621,4670.687,52.75,1.768,0.05877095137139607,43.0,20.1,71.6,44.7,74.3,67.3,69.8,95.2
21087,B. Mendy,Sevilla,La Liga,26.0,395234.0,2027-06-30 00:00:00,CDM,CM,DM,transfermarkt_profile_and_lineups,95.0,,Defensive Midfield,30.0,1.0,0.0,1690.0,1.04,0.0,1741.7800000000002,19.0,2.3036000000000003,3735.1630000000005,47.55,1.04,0.05373812995900745,36.8,26.4,37.4,39.1,56.3,37.1,50.3,64.7
1090,A. Bernede,Hellas Verona,Serie A,26.0,395512.0,2028-06-30 00:00:00,CM,,CM,transfermarkt_profile_and_lineups,95.0,,Central Midfield,33.0,1.0,2.0,2396.0,1.02,2.04,2434.32,30.0,3.009,2766.9930000000004,39.35,2.448,0.09050576752440105,36.4,17.9,66.3,26.2,36.9,52.8,33.2,91.2
491087,Pedro Fernández,Paris Saint Germain,Ligue 1,17.0,1071596.0,2030-06-30 00:00:00,CAM,,AM,transfermarkt_profile_and_lineups,95.0,,Attacking Midfield,18.0,1.0,1.0,833.0,0.98,1.2,835.32,9.0,1.8199999999999998,835.32,9.0,1.8199999999999998,0.19609251544318343,15.6,31.1,13.9,4.1,4.9,19.5,4.4,32.7
340700,J. Fazzini,Fiorentina,Serie A,22.0,691482.0,2030-06-30 00:00:00,CM,LW,CM,transfermarkt_profile_and_lineups,95.0,,Central Midfield,23.0,0.0,0.0,741.0,0.0,0.0,721.68,12.0,4.3611,1958.796,26.1,0.0,0.0,3.8,19.7,7.5,39.4,21.5,5.8,27.8,35.7
1939,J. Piotrowski,Udinese,Serie A,28.0,377243.0,2029-06-30 00:00:00,CM,,CM,transfermarkt_profile_and_lineups,95.0,,Central Midfield,39.0,2.0,1.0,2187.0,1.87,1.02,2153.48,25.0,2.584,2153.48,25.0,2.584,0.10799264446384457,39.4,22.6,57.3,20.1,26.5,49.3,24.3,84.2
25300,R. Khedira,Union Berlin,Bundesliga,31.0,124410.0,,CDM,,DM,transfermarkt_profile_and_lineups,95.0,,Defensive Midfield,35.0,5.0,2.0,3135.0,5.0,2.0,3105.0,35.0,7.335000000000001,5225.49,60.05,6.4,0.18550724637681162,90.2,84.5,82.8,81.0,84.5,86.1,83.3,98.1
30785,A. Schäfer,Union Berlin,Bundesliga,26.0,454863.0,2027-06-30 00:00:00,CM,CAM,CM,transfermarkt_profile_and_lineups,95.0,,Central Midfield,31.0,2.0,1.0,1653.0,2.0,1.0,1629.6,19.0,4.355,2894.605,33.650000000000006,2.7,0.14911634756995584,41.8,45.5,36.6,38.5,41.2,38.9,40.3,64.3
24147,M. Camara,Rennes,Ligue 1,27.0,324795.0,2029-06-30 00:00:00,CM,,CM,transfermarkt_profile_and_lineups,95.0,,Central Midfield,32.0,3.0,2.0,2661.0,2.94,1.96,2607.78,31.0,12.5194,5115.342000000001,60.8,4.311999999999999,0.14881623449830889,61.1,43.7,72.0,85.3,85.3,67.1,85.3,96.2
47309,Guevara,Alaves,La Liga,28.0,465967.0,2027-06-30 00:00:00,CM,,CM,transfermarkt_profile_and_lineups,95.0,,Central Midfield,30.0,1.0,1.0,993.0,1.04,1.04,982.6,6.0,2.6988000000000003,3101.059,28.05,1.768,0.1619377162629758,27.6,50.5,17.6,23.3,48.4,22.1,39.6,37.5
31273,T. Pobega,Bologna,Serie A,26.0,392538.0,2028-06-30 00:00:00,CM,,CM,transfermarkt_profile_and_lineups,95.0,,Central Midfield,38.0,4.0,2.0,2114.0,4.16,2.12,2148.85,25.0,9.0991,3226.543,35.85,5.644,0.23638690462340325,73.1,73.8,56.6,72.0,50.9,64.1,58.3,82.3
309388,M. Prati,Cagliari,Serie A,22.0,876298.0,2028-06-30 00:00:00,CDM,,DM,transfermarkt_profile_and_lineups,95.0,,Defensive Midfield,36.0,1.0,1.0,2090.0,1.02,1.02,2107.68,24.0,2.7492,3088.8059999999996,34.65,1.734,0.07404349806422228,46.8,42.0,50.0,44.3,44.3,48.6,44.3,80.1
716,L. Bittencourt,Werder Bremen,Bundesliga,32.0,93844.0,,CM,,CM,transfermarkt_profile_and_lineups,95.0,,Central Midfield,18.0,0.0,1.0,664.0,0.0,1.0,658.6,6.0,3.2515,1774.8000000000002,18.05,0.7,0.095657455208017,10.2,38.4,5.0,29.0,19.4,7.4,22.7,26.3
127619,J. Schöppner,1. FC Heidenheim,Bundesliga,26.0,581357.0,2028-06-30 00:00:00,CM,CDM,CM,transfermarkt_profile_and_lineups,95.0,,Central Midfield,33.0,3.0,3.0,2440.0,3.0,3.0,2422.0,31.0,9.09,4549.675,56.6,5.1,0.18951279933938892,69.7,59.9,65.2,71.7,75.3,67.2,74.0,92.1
924,F. Coquelin,Nantes,Ligue 1,34.0,74869.0,2027-06-30 00:00:00,CDM,,DM,transfermarkt_profile_and_lineups,95.0,,Defensive Midfield,16.0,0.0,1.0,655.0,0.0,0.98,641.9,8.0,1.6023,1121.376,13.25,0.6859999999999999,0.09618320610687023,21.8,52.3,9.8,27.6,9.8,15.2,16.0,27.3
183699,Urko González,Espanyol,La Liga,24.0,625651.0,2030-06-30 00:00:00,CDM,CM,DM,transfermarkt_profile_and_lineups,95.0,,Defensive Midfield,38.0,0.0,1.0,2745.0,0.0,1.04,2838.84,29.0,1.5288,3896.1220000000003,41.5,0.728,0.02307984951599949,28.4,7.5,76.4,26.4,59.8,54.8,48.1,98.2
334925,O. Ngom,Lecce,Serie A,21.0,980575.0,2029-06-30 00:00:00,CDM,CM,DM,transfermarkt_profile_and_lineups,95.0,,Defensive Midfield,26.0,0.0,1.0,1672.0,0.0,0.78,1505.76,19.0,0.5459999999999999,1505.76,19.0,0.5459999999999999,0.03263468281797896,20.7,15.5,33.3,11.5,16.1,27.6,14.5,62.8
343286,E. Banzuzi,RB Leipzig,Bundesliga,20.0,865682.0,2030-06-30 00:00:00,CM,,CM,transfermarkt_profile_and_lineups,95.0,,Central Midfield,28.0,2.0,1.0,753.0,1.8,1.0,735.5,4.0,5.627800000000001,2037.9050000000002,22.65,2.5,0.30591434398368456,38.0,69.9,7.9,51.3,22.9,21.4,32.8,29.8
162386,K. Lund,1. FC Köln,Bundesliga,23.0,623773.0,2028-06-30 00:00:00,LB,LM,FB,transfermarkt_profile_and_lineups,95.0,,Left-Back,35.0,0.0,2.0,2396.0,0.0,2.0,2384.8,27.0,1.4,2384.8,27.0,1.4,0.052834619255283446,34.6,16.9,64.2,19.8,26.6,59.8,25.6,88.9
313245,M. Lewis-Skelly,Arsenal,Premier League,19.0,890721.0,2030-06-30 00:00:00,LB,CDM,FB,transfermarkt_profile_and_lineups,95.0,,Left-Back,35.0,0.0,4.0,1818.0,0.0,3.9,1904.34,18.0,4.248,3136.824,30.65,2.73,0.1290210781688144,60.5,64.5,44.4,55.0,44.1,46.8,45.7,68.2
6085,C. Benavídez,Alaves,La Liga,27.0,431190.0,2028-06-30 00:00:00,CDM,CB,DM,transfermarkt_profile_and_lineups,95.0,,Defensive Midfield,17.0,0.0,0.0,655.0,0.0,0.0,634.02,6.0,2.3968,1370.495,13.2,0.0,0.0,10.3,27.6,9.2,40.2,10.9,9.7,21.2,25.7
19824,J. Zemura,Udinese,Serie A,26.0,633530.0,2027-06-30 00:00:00,LB,LM,FB,transfermarkt_profile_and_lineups,95.0,,Left-Back,19.0,0.0,2.0,1308.0,0.0,2.04,1312.56,15.0,3.2694,2505.216,26.0,1.428,0.09791552386176632,35.4,52.4,26.6,42.6,29.3,27.9,31.3,48.8
41146,F. Hanin,Angers,Ligue 1,35.0,111811.0,,LB,LM,FB,transfermarkt_profile_and_lineups,95.0,,Left-Back,25.0,0.0,0.0,861.0,0.0,0.0,843.78,9.0,1.2936,2287.7610000000004,26.05,0.0,0.0,7.8,15.4,12.1,17.6,24.3,11.5,23.3,35.9
356041,C. Baleba,Brighton,Premier League,21.0,973085.0,2028-06-30 00:00:00,CDM,,DM,transfermarkt_profile_and_lineups,95.0,,Defensive Midfield,35.0,0.0,0.0,1891.0,0.0,0.0,1976.0100000000002,26.0,2.3553,4234.650000000001,50.35,0.0,0.0,10.3,2.0,46.0,39.7,66.7,29.9,57.2,77.6
56560,Y. Maleh,Lecce,Serie A,27.0,324377.0,2027-06-30 00:00:00,CM,CDM,CM,transfermarkt_profile_and_lineups,95.0,,Central Midfield,23.0,1.0,0.0,1566.0,1.02,0.0,1597.32,19.0,2.1219,3303.249,37.9,1.02,0.0574712643678161,18.6,10.0,34.8,16.1,54.1,27.5,40.8,59.5
322595,L. Coulibaly,Auxerre,Ligue 1,23.0,658534.0,2028-06-30 00:00:00,RW,,W,transfermarkt_profile,85.0,,Right Winger,17.0,0.0,0.0,308.0,0.0,0.0,301.84,1.0,1.7575999999999996,702.208,6.3999999999999995,0.0,0.0,3.2,27.7,3.0,9.9,8.1,9.3,9.3,13.6
42006,Al Musrati,Hellas Verona,Serie A,29.0,,,CDM,CM,DM,statistical_fallback,58.7,,,0.0,0.0,0.0,0.0,0.0,0.0,0.0,0.0,0.0,0.0,0.0,0.0,0.0,10.3,48.6,2.0,4.6,2.0,5.8,2.9,0.0
24979,J. Föhrenbach,1. FC Heidenheim,Bundesliga,29.0,192169.0,2027-06-30 00:00:00,LB,CB,FB,transfermarkt_profile_and_lineups,95.0,,Left-Back,29.0,1.0,1.0,2462.0,1.0,1.0,2448.5,26.0,2.085,4384.4125,49.4,1.7,0.062487237083928934,41.1,22.5,66.3,26.6,69.8,62.5,63.3,87.0
36932,Y. Namli,Le Havre,Ligue 1,31.0,227039.0,2028-06-30 00:00:00,RW,RM,W,transfermarkt_profile_and_lineups,95.0,,Right Winger,25.0,2.0,5.0,1377.0,1.56,4.1,1138.26,15.0,8.993,2245.59,31.45,4.43,0.35027146697591055,44.3,58.7,32.2,43.4,37.7,47.9,41.4,52.4
664,L. Tousart,Stade Brestois 29,Ligue 1,28.0,353948.0,2027-06-30 00:00:00,CM,CAM,CM,transfermarkt_profile_and_lineups,95.0,,Central Midfield,24.0,1.0,1.0,827.0,0.98,0.98,810.46,9.0,2.303,1684.54,18.6,1.666,0.18500604594921402,26.0,55.2,11.5,18.3,18.3,18.0,18.3,34.8
381197,Asier Osambela,Osasuna,La Liga,21.0,1038512.0,2029-06-30 00:00:00,CM,CB,CM,transfermarkt_profile_and_lineups,95.0,,Central Midfield,20.0,2.0,1.0,588.0,1.94,0.9,575.82,5.0,2.57,583.2660000000001,5.0,2.57,0.4016880275085964,39.1,74.9,3.6,19.7,1.8,19.6,8.1,24.5
280055,L. Kerber,1. FC Heidenheim,Bundesliga,23.0,809498.0,2027-06-30 00:00:00,CM,CDM,CM,transfermarkt_profile_and_lineups,95.0,,Central Midfield,20.0,2.0,0.0,747.0,2.0,0.0,740.0,9.0,3.1,1258.595,17.25,2.0,0.24324324324324326,30.3,61.6,8.6,27.2,10.0,18.4,16.1,31.7
395762,M. Amougou,Strasbourg,Ligue 1,19.0,1010854.0,2030-06-30 00:00:00,CM,CDM,CM,transfermarkt_profile_and_lineups,95.0,,Central Midfield,12.0,0.0,0.0,406.0,0.0,0.0,397.88,9.0,0.0,863.961,13.95,0.0,0.0,3.8,32.3,1.1,1.6,4.7,2.3,3.6,21.8
2823,S. Lukić,Fulham,Premier League,29.0,245056.0,2027-06-30 00:00:00,CM,CDM,CM,transfermarkt_profile_and_lineups,95.0,,Central Midfield,30.0,2.0,3.0,1891.0,1.83,3.24,2003.97,22.0,5.2536000000000005,3939.2850000000003,43.55,4.098,0.18404467132741506,58.1,59.1,51.3,47.7,65.9,54.3,59.6,71.8
47418,Mikel Vesga,Athletic Club,La Liga,32.0,300168.0,2027-06-30 00:00:00,CDM,,DM,transfermarkt_profile_and_lineups,95.0,,Defensive Midfield,33.0,0.0,0.0,829.0,0.0,0.0,882.36,5.0,1.1543999999999999,2119.1345,17.35,0.0,0.0,10.3,18.4,14.9,21.8,25.9,12.9,24.5,34.3
343562,L. Lipani,Sassuolo,Serie A,20.0,724106.0,2028-06-30 00:00:00,CDM,CM,DM,transfermarkt_profile_and_lineups,95.0,,Defensive Midfield,26.0,0.0,1.0,1130.0,0.0,1.02,1140.24,11.0,0.714,1289.136,12.8,0.714,0.05635655651441801,25.9,34.5,21.8,15.2,10.3,23.6,12.1,43.8
22239,C. Niasse,Hellas Verona,Serie A,25.0,644032.0,2029-06-30 00:00:00,CDM,CM,DM,transfermarkt_profile_and_lineups,95.0,,Defensive Midfield,22.0,0.0,1.0,1121.0,0.0,1.02,1126.26,13.0,1.176,1852.667,24.55,0.714,0.05705609717116829,25.9,35.1,21.3,23.0,23.0,23.3,23.0,44.1
1914,M. Sanson,Nice,Ligue 1,31.0,174094.0,2027-06-30 00:00:00,CM,,CM,transfermarkt_profile_and_lineups,95.0,,Central Midfield,38.0,0.0,2.0,2141.0,0.0,1.96,2135.34,25.0,4.1944,2843.5860000000002,33.85,1.3719999999999999,0.057826856612998384,22.6,7.5,56.3,36.6,39.1,41.1,38.2,82.9
364093,S. Ebonog,Le Havre,Ligue 1,21.0,770436.0,2029-06-30 00:00:00,CM,,CM,transfermarkt_profile_and_lineups,95.0,,Central Midfield,30.0,1.0,0.0,1764.0,0.98,0.0,1728.72,21.0,0.98,1733.718,21.0,0.98,0.05102040816326531,16.8,6.8,40.9,7.5,18.6,30.1,14.7,68.2
328089,A. Gray,Tottenham,Premier League,19.0,922693.0,2030-06-30 00:00:00,CDM,CM,DM,transfermarkt_profile_and_lineups,95.0,,Defensive Midfield,35.0,2.0,3.0,2262.0,2.16,3.3600000000000003,2463.0,27.0,4.5120000000000005,4111.086,43.5,4.5120000000000005,0.1648721071863581,79.3,79.9,61.5,62.6,63.2,69.5,63.0,86.2
49,T. Partey,Villarreal,La Liga,32.0,230784.0,,CDM,CM,DM,transfermarkt_profile_and_lineups,95.0,,Defensive Midfield,32.0,0.0,0.0,1325.0,0.0,0.0,1407.52,13.0,3.6696000000000004,3951.2860000000005,39.1,0.0,0.0,10.3,4.0,28.7,52.3,61.5,20.5,58.3,52.0
353609,I. Sulemana,Cagliari,Serie A,22.0,982267.0,2028-06-30 00:00:00,CDM,CM,DM,transfermarkt_profile_and_lineups,95.0,,Defensive Midfield,20.0,1.0,0.0,965.0,1.02,0.0,975.9,8.0,2.7540000000000004,1623.54,15.05,1.02,0.09406701506301875,34.8,52.9,18.4,44.8,19.0,25.8,28.0,35.2
1234,A. Král,Union Berlin,Bundesliga,27.0,337333.0,,CM,,CM,transfermarkt_profile,85.0,,Central Midfield,21.0,0.0,0.0,465.0,0.0,0.0,462.8,2.0,1.0124,2555.7870000000003,22.75,0.0,0.0,3.8,29.0,2.2,8.2,32.6,2.9,24.1,19.3
158551,J. Mvuka,Lorient,Ligue 1,23.0,700078.0,2027-06-30 00:00:00,RM,,W,transfermarkt_profile_and_lineups,95.0,,Right Midfield,17.0,0.0,0.0,643.0,0.0,0.0,623.18,6.0,0.0,708.2299999999999,6.9,0.0,0.0,3.2,13.3,13.3,2.1,8.4,5.7,4.3,25.5
570580,B. Munongo,Metz,Ligue 1,15.0,,,CDM,CM,DM,statistical_fallback,63.0,,,0.0,0.0,0.0,0.0,0.0,0.0,0.0,0.0,0.0,0.0,0.0,0.0,0.0,10.3,48.6,2.0,4.6,2.0,5.8,2.9,0.0
284457,L. Bogarde,Aston Villa,Premier League,21.0,645686.0,2028-06-30 00:00:00,CDM,RB,DM,transfermarkt_profile_and_lineups,95.0,,Defensive Midfield,44.0,0.0,0.0,2084.0,0.0,0.0,2209.54,22.0,0.0,2659.825,26.4,0.0,0.0,10.3,2.0,52.3,4.6,35.1,33.4,24.4,79.5
24882,O. Mangala,Lyon,Ligue 1,27.0,289592.0,2028-06-30 00:00:00,CDM,,DM,transfermarkt_profile_and_lineups,95.0,,Defensive Midfield,12.0,0.0,0.0,489.0,0.0,0.0,487.98,5.0,1.506,1999.819,21.3,0.0,0.0,10.3,31.0,6.3,25.9,25.3,8.1,25.5,19.5
339874,O. HÃ¸jlund,Eintracht Frankfurt,Bundesliga,20.0,846310.0,2029-06-30 00:00:00,CM,CDM,CM,transfermarkt_profile_and_lineups,95.0,,Central Midfield,28.0,1.0,2.0,1219.0,1.0,2.0,1238.9,13.0,3.1138,1825.9210000000003,19.25,2.4,0.17434821212365806,35.3,54.5,25.1,27.6,20.1,29.7,22.7,48.3
47329,Adrià Pedrosa,Elche,La Liga,27.0,501418.0,2028-06-30 00:00:00,LB,,FB,transfermarkt_profile_and_lineups,95.0,,Left-Back,31.0,1.0,2.0,1392.0,1.04,1.94,1404.56,11.0,4.826,3508.9759999999997,33.05,2.3979999999999997,0.15365666116079055,52.7,68.6,30.2,60.7,51.2,33.6,52.6,51.0
434352,A. Touré,Metz,Ligue 1,19.0,1178489.0,2028-06-30 00:00:00,CDM,CM,DM,transfermarkt_profile_and_lineups,95.0,,Defensive Midfield,30.0,0.0,1.0,1602.0,0.0,0.98,1569.96,16.0,0.6859999999999999,1569.96,16.0,0.6859999999999999,0.03932584269662921,21.8,19.5,34.5,13.2,17.8,28.8,16.2,59.9
48555,C. Pickel,Espanyol,La Liga,28.0,243879.0,2028-06-30 00:00:00,CDM,CAM,DM,transfermarkt_profile_and_lineups,95.0,,Defensive Midfield,26.0,1.0,0.0,856.0,1.04,0.0,867.4200000000001,6.0,1.04,867.4200000000001,6.0,1.04,0.1079062046067649,36.8,56.3,13.8,20.1,6.9,24.1,11.5,33.2
24842,L. Maloney,FSV Mainz 05,Bundesliga,26.0,392710.0,2028-06-30 00:00:00,CDM,CB,DM,transfermarkt_profile_and_lineups,95.0,,Defensive Midfield,24.0,0.0,0.0,569.0,0.0,0.0,559.15,8.0,0.7799999999999999,1847.55,26.05,0.0,0.0,10.3,28.7,6.9,18.4,22.4,8.4,21.0,28.6
452697,D. Methalie,Toulouse,Ligue 1,19.0,1191444.0,2030-06-30 00:00:00,LB,LM,FB,transfermarkt_profile_and_lineups,95.0,,Left-Back,27.0,2.0,2.0,1884.0,1.96,1.96,1846.32,22.0,3.332,1846.32,22.0,3.332,0.1624203821656051,67.2,75.7,42.9,43.2,17.8,46.5,21.6,70.5
21145,P. Capelle,Angers,Ligue 1,38.0,214532.0,,CM,CDM,CM,transfermarkt_profile_and_lineups,95.0,,Central Midfield,16.0,0.0,1.0,649.0,0.0,0.98,636.02,6.0,0.6859999999999999,892.0450000000001,7.65,0.6859999999999999,0.0970724191063174,8.8,39.4,4.7,4.5,5.4,6.5,5.1,25.2
22174,A. Tamèze,Torino,Serie A,31.0,157507.0,,CDM,CB,DM,transfermarkt_profile_and_lineups,95.0,,Defensive Midfield,27.0,0.0,0.0,1387.0,0.0,0.0,1382.34,15.0,0.42839999999999995,2465.898,28.3,0.0,0.0,10.3,4.6,27.6,10.3,30.5,19.8,23.4,53.4
340154,A. Vermeeren,Marseille,Ligue 1,20.0,926694.0,2029-06-30 00:00:00,CDM,CM,DM,transfermarkt_profile_and_lineups,95.0,,Defensive Midfield,25.0,0.0,2.0,1153.0,0.0,2.1799999999999997,1202.54,14.0,4.063899999999999,3208.812,37.9,1.5259999999999998,0.11420825918472566,43.7,59.8,23.0,56.3,46.0,32.3,49.6,46.9
343205,Mario Martín,Getafe,La Liga,21.0,948273.0,2030-06-30 00:00:00,CDM,,DM,transfermarkt_profile_and_lineups,95.0,,Defensive Midfield,37.0,4.0,2.0,2238.0,3.88,1.94,2313.1,27.0,5.6384,3378.447,38.55,5.2379999999999995,0.20380441831308632,83.9,88.5,57.5,70.1,50.0,69.4,57.0,86.5
37437,A. Harroui,Hellas Verona,Serie A,27.0,,,CDM,CM,DM,statistical_fallback,58.3,,,0.0,0.0,0.0,0.0,0.0,0.0,0.0,0.0,0.0,0.0,0.0,0.0,0.0,10.3,48.6,2.0,4.6,2.0,5.8,2.9,0.0
754,L. Modrić,AC Milan,Serie A,40.0,27992.0,,CM,CDM,CM,transfermarkt_profile_and_lineups,95.0,,Central Midfield,43.0,2.0,3.0,2985.0,2.04,3.06,3004.02,32.0,12.3853,5366.304,53.75,4.182,0.12529210857451017,59.5,31.5,83.9,84.9,89.2,72.9,87.7,100.0
10135,Bruno Guimarães,Newcastle,Premier League,28.0,520624.0,2028-06-30 00:00:00,CM,CDM,CM,transfermarkt_profile_and_lineups,95.0,,Central Midfield,41.0,9.0,8.0,3322.0,9.72,7.98,3554.25,37.0,25.640700000000002,6958.689,72.55000000000001,15.306000000000001,0.38757543785608783,96.8,95.7,94.6,98.2,97.1,95.6,97.5,100.0
2937,D. Rice,Arsenal,Premier League,26.0,357662.0,2028-06-30 00:00:00,CM,CDM,CM,transfermarkt_profile_and_lineups,95.0,,Central Midfield,54.0,5.0,11.0,4336.0,5.5200000000000005,11.46,4701.72,48.0,26.9538,8463.155999999999,87.15,13.542000000000002,0.2592200301166382,95.7,80.3,98.9,98.6,99.6,97.5,99.3,100.0
538,F. de Jong,Barcelona,La Liga,28.0,326330.0,2029-06-30 00:00:00,CM,CDM,CM,transfermarkt_profile_and_lineups,95.0,,Central Midfield,38.0,1.0,8.0,2569.0,1.04,8.2,2671.54,26.0,9.348799999999999,4895.6135,47.65,6.779999999999999,0.22840758513815998,80.6,71.7,74.2,73.8,81.7,77.1,79.0,92.6
137210,A. Stiller,VfB Stuttgart,Bundesliga,24.0,443710.0,2028-06-30 00:00:00,CDM,,DM,transfermarkt_profile_and_lineups,95.0,,Defensive Midfield,51.0,2.0,10.0,4159.0,2.0,10.2,4175.45,46.0,16.9985,7324.605,81.25,9.139999999999999,0.19700870564849296,95.4,87.4,96.0,98.3,96.0,95.7,96.8,100.0
2476,G. Rodríguez,Valencia,La Liga,31.0,342385.0,2028-06-30 00:00:00,CDM,CM,DM,transfermarkt_profile_and_lineups,95.0,,Defensive Midfield,25.0,4.0,0.0,1581.0,4.16,0.0,1624.9800000000002,17.0,5.4308,3024.0300000000007,33.6,4.16,0.23040283572720893,76.4,91.4,36.2,69.0,42.5,54.3,51.8,58.6
336585,Mateus Fernandes,West Ham,Premier League,21.0,880245.0,2031-06-30 00:00:00,CM,CAM,CM,transfermarkt_profile_and_lineups,95.0,,Central Midfield,39.0,5.0,4.0,3322.0,4.890000000000001,4.32,3523.83,38.0,11.7093,5976.4515,66.5,7.914000000000001,0.2021266633180375,84.9,64.2,94.3,82.8,92.5,90.1,89.1,99.6
328033,A. Pavlović,Bayern München,Bundesliga,21.0,792380.0,2029-06-30 00:00:00,CDM,,DM,transfermarkt_profile_and_lineups,95.0,,Defensive Midfield,48.0,4.0,2.0,3321.0,4.2,2.2,3439.05,38.0,7.772,4922.4,54.900000000000006,5.74,0.15021590264753348,86.8,74.7,91.4,82.2,80.5,89.3,81.1,100.0
335051,João Neves,Paris Saint Germain,Ligue 1,21.0,670681.0,2029-06-30 00:00:00,CM,,CM,transfermarkt_profile_and_lineups,95.0,,Central Midfield,42.0,9.0,5.0,2915.0,8.8,5.33,2942.83,32.0,19.318,5917.5175,66.35,12.531,0.38323314632513605,94.6,95.0,83.2,93.9,91.8,88.3,92.5,100.0
2279,E. Ampadu,Leeds,Premier League,25.0,392771.0,2030-06-30 00:00:00,CDM,,DM,transfermarkt_profile_and_lineups,95.0,,Defensive Midfield,40.0,1.0,1.0,3587.0,1.08,1.08,3790.44,39.0,1.836,3790.44,39.0,1.836,0.04359388355969228,48.6,17.8,92.5,32.8,57.5,72.7,48.8,100.0
177665,A. Stach,Leeds,Premier League,27.0,344069.0,2029-06-30 00:00:00,CDM,CM,DM,transfermarkt_profile_and_lineups,95.0,,Defensive Midfield,34.0,5.0,3.0,2501.0,5.4,3.24,2676.09,29.0,11.033000000000001,5349.400000000001,58.900000000000006,7.668,0.257883703462888,93.1,94.3,69.0,91.4,86.2,79.8,88.0,92.7
50,Koke,Atletico Madrid,La Liga,33.0,,,CM,,CM,statistical_fallback,58.0,,,0.0,0.0,0.0,0.0,0.0,0.0,0.0,0.0,0.0,0.0,0.0,0.0,0.0,3.8,49.8,0.5,1.6,0.5,2.0,0.9,0.0
1322,N. Moro,Bologna,Serie A,27.0,316934.0,2027-06-30 00:00:00,CDM,CM,DM,transfermarkt_profile_and_lineups,95.0,,Defensive Midfield,44.0,2.0,1.0,2728.0,2.04,0.9,2797.51,29.0,4.3779,4126.762000000001,43.9,2.67,0.08589781627232788,60.3,46.6,73.6,61.5,63.8,67.6,63.0,99.0
162590,T. Morton,Lyon,Ligue 1,23.0,618494.0,2030-06-30 00:00:00,CDM,,DM,transfermarkt_profile_and_lineups,95.0,,Defensive Midfield,39.0,2.0,3.0,3162.0,1.96,3.06,3175.32,36.0,4.102,3230.76,36.55,4.102,0.11626544726200824,74.7,65.5,84.5,56.9,46.6,80.1,50.2,99.6
20696,P. Gueye,Villarreal,La Liga,26.0,485963.0,2028-06-30 00:00:00,CM,,CM,transfermarkt_profile_and_lineups,95.0,,Central Midfield,39.0,5.0,2.0,2834.0,5.2,2.08,3008.42,34.0,9.733,4560.664000000001,51.55,6.656000000000001,0.19912113335239096,79.6,63.1,84.6,75.6,76.3,82.3,76.1,99.6
277306,M. Sangaré,Lens,Ligue 1,23.0,808348.0,2030-06-30 00:00:00,CM,,CM,transfermarkt_profile_and_lineups,95.0,,Central Midfield,31.0,3.0,4.0,2537.0,2.94,3.92,2437.96,32.0,5.683999999999999,2437.96,32.0,5.683999999999999,0.20983117032272883,73.7,65.9,66.7,51.6,31.2,69.8,38.3,93.3
288102,A. Wharton,Crystal Palace,Premier League,21.0,744149.0,2029-06-30 00:00:00,CDM,,DM,transfermarkt_profile_and_lineups,95.0,,Defensive Midfield,39.0,1.0,6.0,3008.0,1.08,6.15,3115.29,44.0,6.897,4515.978,59.8,5.385,0.15557139142744336,85.6,75.9,83.3,77.6,70.7,84.4,73.1,99.6
25408,M. Arnold,VfL Wolfsburg,Bundesliga,31.0,117674.0,2028-06-30 00:00:00,CM,CDM,CM,transfermarkt_profile_and_lineups,95.0,,Central Midfield,27.0,1.0,4.0,2034.0,1.0,4.0,2016.0,22.0,8.531500000000001,4215.58,46.35,3.8,0.16964285714285712,54.5,54.1,52.0,69.2,69.9,53.1,69.6,73.6
6002,E. Palacios,Bayer Leverkusen,Bundesliga,27.0,401578.0,2030-06-30 00:00:00,CM,CDM,CM,transfermarkt_profile_and_lineups,95.0,,Central Midfield,25.0,0.0,1.0,1580.0,0.0,1.0,1632.2,18.0,6.3709999999999996,3664.245,39.65,0.7,0.038598211003553484,10.2,5.7,36.9,56.3,62.0,24.9,60.0,59.6
390586,L. Avdullahu,1899 Hoffenheim,Bundesliga,21.0,667457.0,2031-06-30 00:00:00,CDM,,DM,transfermarkt_profile_and_lineups,95.0,,Defensive Midfield,35.0,0.0,1.0,3048.0,0.0,1.0,3027.0,34.0,0.7,3027.0,34.0,0.7,0.02081268582755203,23.6,5.7,81.0,14.1,43.1,55.2,32.9,98.1
47315,Martín Zubimendi,Arsenal,Premier League,26.0,423440.0,2030-06-30 00:00:00,CDM,,DM,transfermarkt_profile_and_lineups,95.0,,Defensive Midfield,56.0,6.0,3.0,4269.0,6.15,3.48,4632.06,48.0,11.9972,8068.319000000001,84.5,8.586,0.166824263934405,94.3,81.0,99.4,94.3,99.4,97.1,97.6,100.0
130423,B. Gilmour,Napoli,Serie A,24.0,423744.0,2029-06-30 00:00:00,CDM,CM,DM,transfermarkt_profile_and_lineups,95.0,,Defensive Midfield,20.0,1.0,0.0,887.0,1.02,0.0,920.04,9.0,1.8285,2659.77,27.4,1.02,0.09977827050997783,34.8,54.0,16.1,32.2,34.5,24.5,33.7,34.6
47085,Luis Milla,Getafe,La Liga,31.0,281989.0,2029-06-30 00:00:00,CM,CDM,CM,transfermarkt_profile_and_lineups,95.0,,Central Midfield,38.0,1.0,10.0,3322.0,1.04,10.4,3448.5800000000004,37.0,11.171,5960.2570000000005,64.1,8.32,0.21713284888272855,87.1,68.8,92.8,81.7,92.1,90.3,88.5,99.2
409,N. Bentaleb,Lille,Ligue 1,31.0,245537.0,,CDM,CM,DM,transfermarkt_profile_and_lineups,95.0,,Defensive Midfield,35.0,2.0,2.0,1826.0,1.96,1.96,1855.24,20.0,4.4884,2608.174,30.35,3.332,0.16163946443586813,67.2,79.3,41.4,62.1,32.2,53.0,42.6,70.3
328046,I. Koné,Sassuolo,Serie A,23.0,921655.0,2030-06-30 00:00:00,CM,,CM,transfermarkt_profile_and_lineups,95.0,,Central Midfield,36.0,6.0,0.0,2841.0,6.12,0.0,2887.74,34.0,7.5753,3332.415,37.85,6.12,0.19073739325562555,76.3,60.2,80.6,64.2,55.2,78.7,58.3,98.5
128342,R. Ndiaye,Le Havre,Ligue 1,24.0,662242.0,2028-06-30 00:00:00,CM,CAM,CM,transfermarkt_profile_and_lineups,95.0,,Central Midfield,33.0,4.0,4.0,2577.0,3.92,3.92,2525.46,30.0,7.580299999999999,3249.239,37.85,6.664,0.23748544819557627,79.9,74.6,69.2,64.5,52.0,74.0,56.4,94.9
37127,M. Ødegaard,Arsenal,Premier League,27.0,316264.0,2028-06-30 00:00:00,CAM,CM,AM,transfermarkt_profile_and_lineups,95.0,,Attacking Midfield,35.0,1.0,8.0,1918.0,1.08,8.76,2071.53,22.0,21.0564,5364.084000000001,55.3,7.212,0.31333362297432327,59.0,53.3,60.7,82.8,87.7,57.6,84.5,74.2
631,P. Foden,Manchester City,Premier League,25.0,406635.0,2027-06-30 00:00:00,CAM,,AM,transfermarkt_profile_and_lineups,95.0,,Attacking Midfield,54.0,13.0,8.0,3196.0,12.96,8.100000000000001,3336.6,34.0,38.697,6318.618,64.35,18.630000000000003,0.5025175328178386,92.6,89.3,92.6,96.7,94.3,91.8,95.9,100.0
1454,M. Guendouzi,Lazio,Serie A,26.0,465830.0,2030-06-30 00:00:00,CM,CDM,CM,transfermarkt_profile_and_lineups,95.0,,Central Midfield,34.0,3.0,2.0,3020.0,2.8200000000000003,1.8,2767.2,34.0,8.4427,6148.689,70.1,4.08,0.13269731136166524,57.5,35.1,76.3,68.8,93.2,67.9,84.7,97.8
161933,Nico González,Manchester City,Premier League,23.0,466805.0,2029-06-30 00:00:00,CDM,,DM,transfermarkt_profile_and_lineups,95.0,,Defensive Midfield,42.0,2.0,0.0,2643.0,1.98,0.0,2726.31,29.0,9.076500000000001,4802.6635,55.95,1.98,0.06536307316482719,51.1,33.3,71.8,85.1,76.4,62.5,79.5,97.8
25008,J. Clauss,Nice,Ligue 1,33.0,175639.0,2028-06-30 00:00:00,RB,RM,FB,transfermarkt_profile_and_lineups,95.0,,Right-Back,38.0,1.0,7.0,2967.0,0.98,6.859999999999999,2919.23,33.0,15.525200000000002,5381.573,61.2,5.782,0.17825933550970635,89.5,81.4,77.5,96.2,87.6,79.3,88.9,99.2
288699,M. Perrone,Como,Serie A,22.0,668547.0,2029-06-30 00:00:00,CDM,,DM,transfermarkt_profile_and_lineups,95.0,,Defensive Midfield,41.0,3.0,4.0,3073.0,3.06,4.08,3095.7,36.0,7.094100000000001,4664.334,53.3,5.916,0.17199341021416806,88.5,82.2,82.2,79.3,72.4,85.0,74.8,100.0
74,S. Amrabat,Real Betis,La Liga,29.0,287579.0,2028-06-30 00:00:00,CDM,,DM,transfermarkt_profile_and_lineups,95.0,,Defensive Midfield,29.0,2.0,0.0,2023.0,1.9500000000000002,0.0,2038.0700000000002,24.0,4.1324000000000005,3997.7270000000008,45.85,1.9500000000000002,0.0861108794104226,50.0,51.1,46.6,58.0,62.6,48.1,61.0,76.1
41144,Dodô,Fiorentina,Serie A,27.0,401529.0,2027-06-30 00:00:00,RB,RM,FB,transfermarkt_profile_and_lineups,95.0,,Right-Back,39.0,2.0,2.0,3409.0,1.77,2.04,3404.2799999999997,45.0,5.5542,5474.643,72.6,3.198,0.08454651203778774,65.4,42.3,89.3,66.6,88.8,85.8,85.4,99.6
116,K. Thuram,Juventus,Serie A,24.0,463618.0,2029-06-30 00:00:00,CM,CDM,CM,transfermarkt_profile_and_lineups,95.0,,Central Midfield,49.0,4.0,7.0,3394.0,4.26,6.96,3488.16,41.0,14.727,5858.6925,67.2,9.132,0.23561992569148205,89.2,73.1,93.5,90.3,91.0,91.6,90.8,100.0
48489,M. Muheim,Hamburger SV,Bundesliga,27.0,298603.0,2027-06-30 00:00:00,LB,LM,FB,transfermarkt_profile_and_lineups,95.0,,Left-Back,32.0,0.0,6.0,2767.0,0.0,5.8,2734.0,30.0,4.06,2734.0,30.0,4.06,0.1336503291880029,74.9,66.6,72.8,51.8,35.5,73.1,37.9,97.0
2360,D. Giannoulis,FC Augsburg,Bundesliga,30.0,295630.0,2028-06-30 00:00:00,LB,LM,FB,transfermarkt_profile_and_lineups,95.0,,Left-Back,29.0,2.0,5.0,1977.0,2.0,5.0,1969.5,26.0,7.9365000000000006,3563.95,44.7,5.5,0.25133282559025133,87.9,94.4,48.2,80.5,52.4,54.2,56.6,77.1
1427,A. Sambi Lokonga,Hamburger SV,Bundesliga,26.0,381967.0,2028-06-30 00:00:00,CM,,CM,transfermarkt_profile_and_lineups,95.0,,Central Midfield,26.0,5.0,0.0,1714.0,5.0,0.0,1714.0,20.0,6.8052,3062.0280000000002,34.75,5.0,0.26254375729288215,68.5,79.2,39.8,59.1,47.3,52.7,51.5,64.7
31146,S. Tonali,Newcastle,Premier League,25.0,397033.0,2032-06-30 00:00:00,CDM,,DM,transfermarkt_profile_and_lineups,95.0,,Defensive Midfield,53.0,3.0,7.0,4019.0,3.0,6.66,4328.85,47.0,11.1936,6189.951000000001,65.35,7.662,0.15929865899719325,92.5,78.2,96.6,93.1,93.1,94.7,93.1,100.0
328105,L. Miley,Newcastle,Premier League,19.0,922769.0,2032-06-30 00:00:00,CM,RB,CM,transfermarkt_profile_and_lineups,95.0,,Central Midfield,34.0,3.0,4.0,2155.0,3.0300000000000002,4.32,2269.92,20.0,8.3994,3078.318,27.3,6.054,0.2400348910974836,76.0,75.6,60.9,68.1,48.0,67.7,55.1,76.6
187214,Carlos Vicente,Alaves,La Liga,26.0,540536.0,2029-06-30 00:00:00,RW,,W,transfermarkt_profile_and_lineups,95.0,,Right Winger,26.0,10.0,3.0,1613.0,9.700000000000001,2.7,1627.68,15.0,18.296100000000003,3829.0570000000002,38.7,11.590000000000002,0.6408507814803893,80.7,94.0,46.7,80.4,69.6,84.0,76.6,57.6
162712,Óscar Mingueza,Celta Vigo,La Liga,26.0,331505.0,2030-06-30 00:00:00,RB,LB,FB,transfermarkt_profile_and_lineups,95.0,,Right-Back,47.0,1.0,6.0,2939.0,1.04,6.16,3066.82,32.0,11.2922,5683.147000000001,60.35,5.351999999999999,0.1570617121317847,86.7,74.9,81.4,92.9,90.5,82.2,90.9,100.0
162188,P. Kalulu,Juventus,Serie A,25.0,585949.0,2029-06-30 00:00:00,CB,RB,CB,transfermarkt_profile_and_lineups,95.0,,Centre-Back,53.0,2.0,8.0,4741.0,2.04,8.25,4882.44,53.0,8.376,6860.88,73.75,7.8149999999999995,0.14405706982574287,98.3,91.0,99.5,95.0,95.2,99.3,95.2,100.0
47439,S. Lobotka,Napoli,Serie A,31.0,192735.0,2027-06-30 00:00:00,CDM,,DM,transfermarkt_profile_and_lineups,95.0,,Defensive Midfield,41.0,1.0,1.0,3213.0,1.02,1.02,3308.7599999999998,38.0,2.6874,6173.432999999999,70.55,1.734,0.04716570558154717,46.8,20.1,87.9,42.5,92.5,69.4,75.0,100.0
1095,X. Schlager,RB Leipzig,Bundesliga,28.0,223979.0,,CM,CDM,CM,transfermarkt_profile_and_lineups,95.0,,Central Midfield,30.0,3.0,1.0,2067.0,3.0,1.0,2044.0,23.0,5.614,3170.585,35.5,3.7,0.16291585127201566,52.9,51.3,53.0,50.9,50.2,53.0,50.4,76.4
47574,Moi Gómez,Osasuna,La Liga,31.0,175449.0,2027-06-30 00:00:00,CAM,CM,AM,transfermarkt_profile_and_lineups,95.0,,Attacking Midfield,29.0,1.0,2.0,1478.0,0.9,2.08,1497.78,15.0,3.787,2708.603,27.2,2.356,0.14156952289388294,20.5,8.2,36.9,18.9,45.1,17.4,28.0,56.0
1159,M. Sabitzer,Borussia Dortmund,Bundesliga,31.0,106987.0,2027-06-30 00:00:00,CM,,CM,transfermarkt_profile_and_lineups,95.0,,Central Midfield,38.0,1.0,4.0,2578.0,1.0,4.4,2571.2,29.0,8.538999999999998,5034.325,55.75,4.08,0.14281269446172995,57.5,40.9,71.0,69.5,82.8,64.9,78.2,95.8
162037,M. Tillman,Bayer Leverkusen,Bundesliga,23.0,467437.0,2030-06-30 00:00:00,CAM,,AM,transfermarkt_profile_and_lineups,95.0,,Attacking Midfield,42.0,8.0,1.0,2335.0,8.4,1.0,2429.1,24.0,23.38915,4262.205,47.15,9.1,0.3371619118191923,70.5,59.0,71.3,84.4,74.6,67.6,81.0,86.6
19827,J. Cullen,Burnley,Premier League,29.0,242606.0,2027-06-30 00:00:00,CM,CDM,CM,transfermarkt_profile_and_lineups,95.0,,Central Midfield,18.0,2.0,2.0,1520.0,2.16,2.16,1641.6000000000001,18.0,5.0004,2333.34,25.2,3.672,0.2013157894736842,52.3,62.4,37.3,45.9,30.1,44.1,35.6,55.7
20917,L. Abergel,Lorient,Ligue 1,32.0,238626.0,2029-06-30 00:00:00,CDM,,DM,transfermarkt_profile_and_lineups,95.0,,Defensive Midfield,28.0,1.0,0.0,2325.0,0.98,0.0,2278.5,27.0,1.7738,3119.928,36.6,0.98,0.03870967741935484,32.5,13.2,55.2,31.6,44.8,45.0,40.2,84.9
402386,K. Kouassi,Lorient,Ligue 1,21.0,1088199.0,2029-06-30 00:00:00,LB,LM,FB,transfermarkt_profile_and_lineups,95.0,,Left-Back,31.0,2.0,8.0,2612.0,1.96,7.84,2559.76,30.0,7.4479999999999995,2559.76,30.0,7.4479999999999995,0.26186830015313933,94.4,94.7,68.9,76.3,30.8,72.8,37.6,94.8
23363,N. Cadiou,Lorient,Ligue 1,27.0,691958.0,2029-06-30 00:00:00,CM,,CM,transfermarkt_profile_and_lineups,95.0,,Central Midfield,28.0,3.0,2.0,1873.0,2.94,1.96,1835.54,20.0,4.311999999999999,1835.54,20.0,4.311999999999999,0.21142552055525893,61.1,67.0,44.1,37.6,20.4,51.7,26.5,68.7
2938,J. Ward-Prowse,West Ham,Premier League,31.0,181579.0,2027-06-30 00:00:00,CM,CDM,CM,transfermarkt_profile_and_lineups,95.0,,Central Midfield,20.0,0.0,1.0,1277.0,0.0,1.08,1333.26,14.0,6.961200000000001,3533.721,37.7,0.756,0.05103280680437425,15.4,14.3,26.9,60.9,59.5,21.7,60.0,47.5
18901,S. Longstaff,Leeds,Premier League,28.0,346707.0,2029-06-30 00:00:00,CM,CAM,CM,transfermarkt_profile_and_lineups,95.0,,Central Midfield,28.0,3.0,2.0,1307.0,3.06,2.16,1343.88,13.0,7.9461,3021.9660000000003,29.9,4.572,0.3061880525046879,63.1,81.7,27.6,66.7,46.2,43.6,53.4,50.1
31219,A. Zerbin,Napoli,Serie A,26.0,433584.0,2028-06-30 00:00:00,RM,CM,W,transfermarkt_profile_and_lineups,95.0,,Right Midfield,33.0,0.0,3.0,1717.0,0.0,3.06,1742.58,18.0,4.1526,2917.452,30.6,2.142,0.11062906724511931,21.2,3.6,50.9,22.0,54.5,16.8,33.4,65.4
47541,Santi Comesaña,Villarreal,La Liga,29.0,380598.0,2028-06-30 00:00:00,CM,,CM,transfermarkt_profile_and_lineups,95.0,,Central Midfield,44.0,5.0,6.0,3152.0,5.22,6.24,3355.82,36.0,13.630799999999999,5539.415000000001,60.9,9.588,0.2571413246240859,90.3,78.9,91.4,88.2,90.0,90.9,89.3,100.0
39143,K. Thorstvedt,Sassuolo,Serie A,26.0,564785.0,2027-06-30 00:00:00,CM,,CM,transfermarkt_profile_and_lineups,95.0,,Central Midfield,33.0,4.0,4.0,2479.0,4.08,4.08,2526.06,27.0,8.9862,3280.062,36.0,6.936,0.24712002090211635,82.1,77.1,69.5,71.0,53.4,75.2,59.6,89.9
339417,P. Diop,Toulouse,Ligue 1,22.0,949113.0,2030-06-30 00:00:00,CM,,CM,transfermarkt_profile_and_lineups,95.0,,Central Midfield,15.0,1.0,2.0,1187.0,0.98,1.96,1163.26,13.0,2.352,1163.26,13.0,2.352,0.18197135636057285,34.4,55.9,21.9,18.6,8.6,27.5,12.1,42.8
302069,S. Angori,Pisa,Serie A,22.0,705063.0,2027-06-30 00:00:00,LM,,W,transfermarkt_profile_and_lineups,95.0,,Left Midfield,37.0,0.0,3.0,2779.0,0.0,3.06,2813.7,31.0,2.142,2813.7,31.0,2.142,0.0685147670327327,21.2,1.5,83.7,11.9,51.8,16.3,25.9,98.9
1852,D. Cataldi,Lazio,Serie A,31.0,199733.0,2027-06-30 00:00:00,CDM,,DM,transfermarkt_profile_and_lineups,95.0,,Defensive Midfield,30.0,3.0,3.0,2148.0,3.06,3.06,2172.36,25.0,7.191000000000001,3716.8050000000003,45.8,5.202,0.21551676517704246,83.3,90.8,51.7,80.5,54.6,65.9,63.6,80.0
91358,E. Valeri,Parma,Serie A,27.0,445126.0,2028-06-30 00:00:00,LB,LM,FB,transfermarkt_profile_and_lineups,95.0,,Left-Back,35.0,0.0,4.0,2736.0,0.0,3.84,2779.92,30.0,6.5946,4788.6720000000005,53.45,2.6879999999999997,0.08702408702408701,59.8,44.7,74.0,71.9,76.9,71.8,76.2,98.1
162443,É. Youté,Le Havre,Ligue 1,23.0,639712.0,,CB,,CB,transfermarkt_profile_and_lineups,95.0,,Centre-Back,9.0,0.0,0.0,416.0,0.0,0.0,407.68,4.0,0.0,2229.402,24.9,0.0,0.0,14.6,38.8,3.8,6.1,27.9,5.4,24.6,15.8
275776,K. Asllani,Torino,Serie A,23.0,543771.0,2028-06-30 00:00:00,CDM,CM,DM,transfermarkt_profile_and_lineups,95.0,,Defensive Midfield,34.0,2.0,3.0,2339.0,1.56,2.31,2090.85,28.0,6.3138000000000005,3329.7075,39.5,3.177,0.1367529951933424,64.9,72.4,47.7,74.1,48.3,55.5,57.3,88.4
896,A. Gomes,Marseille,Ligue 1,25.0,392770.0,2028-06-30 00:00:00,CAM,CM,AM,transfermarkt_profile_and_lineups,95.0,,Attacking Midfield,31.0,3.0,0.0,1482.0,2.94,0.0,1508.06,20.0,6.1627,2898.553,38.75,2.94,0.17545720992533453,29.5,15.6,37.7,36.1,47.5,26.0,40.1,61.8
47311,Mikel Merino,Arsenal,Premier League,29.0,338424.0,2028-06-30 00:00:00,CM,ST,CM,transfermarkt_profile_and_lineups,95.0,,Central Midfield,34.0,6.0,3.0,1905.0,6.720000000000001,3.24,2012.91,20.0,20.3298,4660.719,46.55,8.988,0.4018659552588044,88.9,96.4,51.6,94.6,78.9,68.4,84.4,71.6
2601,D. Kamada,Crystal Palace,Premier League,29.0,356141.0,2027-06-30 00:00:00,CAM,CM,AM,transfermarkt_profile_and_lineups,95.0,,Attacking Midfield,32.0,0.0,1.0,2208.0,0.0,1.08,2285.9700000000003,36.0,2.5254000000000003,4003.0440000000003,53.05,0.756,0.029764170133466314,3.3,0.8,68.0,7.4,70.5,2.7,29.5,87.0
227,Angeliño,AS Roma,Serie A,29.0,277179.0,2028-06-30 00:00:00,LB,LM,FB,transfermarkt_profile_and_lineups,95.0,,Left-Back,9.0,0.0,0.0,426.0,0.0,0.0,435.08,5.0,5.367400000000001,3709.343,41.550000000000004,0.0,0.0,7.8,32.0,3.3,65.4,55.0,3.9,56.6,17.1
7591,S. Lovrić,Hellas Verona,Serie A,27.0,268429.0,2027-06-30 00:00:00,CM,CDM,CM,transfermarkt_profile_and_lineups,95.0,,Central Midfield,17.0,0.0,1.0,684.0,0.0,1.02,677.88,6.0,4.625399999999999,2709.198,31.05,0.714,0.09479553903345725,12.0,37.6,6.1,41.6,36.2,8.8,38.1,26.3
636,Bernardo Silva,Manchester City,Premier League,31.0,241641.0,2028-06-30 00:00:00,CAM,CM,AM,transfermarkt_profile_and_lineups,95.0,,Attacking Midfield,55.0,4.0,6.0,4032.0,4.11,5.82,4243.14,47.0,18.294900000000002,7750.545,83.0,8.184000000000001,0.1735884274381708,65.6,9.0,97.5,77.0,98.4,51.4,84.5,100.0
36902,T. Reijnders,Manchester City,Premier League,27.0,460939.0,2030-06-30 00:00:00,CM,CAM,CM,transfermarkt_profile_and_lineups,95.0,,Central Midfield,50.0,7.0,8.0,3081.0,7.050000000000001,8.31,3167.28,34.0,25.515300000000003,6991.0335000000005,76.35,12.867,0.36562286883382583,95.0,93.5,88.2,97.8,98.2,91.2,98.1,100.0
38749,K. Taylor,Lazio,Serie A,23.0,470394.0,2030-06-30 00:00:00,CM,,CM,transfermarkt_profile_and_lineups,95.0,,Central Midfield,39.0,5.0,6.0,3235.0,4.62,5.16,3004.14,38.0,20.85105,5623.313,75.1,8.232,0.24661966486248973,86.4,76.3,84.2,95.7,90.7,85.2,92.4,99.6
30807,S. Fofana,Rennes,Ligue 1,30.0,182893.0,2029-06-30 00:00:00,CM,,CM,transfermarkt_profile_and_lineups,95.0,,Central Midfield,28.0,4.0,1.0,1247.0,3.3200000000000003,0.78,1204.9,12.0,4.7823,1659.8160000000003,23.0,3.866,0.28877085235289235,55.2,76.7,24.0,43.0,17.9,38.0,26.7,47.9
47119,Aitor Ruibal,Real Betis,La Liga,29.0,378139.0,2028-06-30 00:00:00,RW,RB,W,transfermarkt_profile_and_lineups,95.0,,Right Winger,42.0,5.0,4.0,2703.0,5.26,4.08,2803.46,30.0,11.8521,4098.2155,48.900000000000006,8.116,0.2605494638767808,69.3,31.6,83.4,56.3,73.5,59.9,62.3,100.0
46662,Moncayola,Osasuna,La Liga,27.0,552425.0,2031-06-30 00:00:00,CM,,CM,transfermarkt_profile_and_lineups,95.0,,Central Midfield,38.0,1.0,4.0,3201.0,0.9,4.16,3304.96,36.0,5.0942,5261.082,59.15,3.812,0.10380761037955072,54.8,21.1,90.7,46.6,87.8,74.6,73.4,99.2
270507,C. Casadei,Torino,Serie A,22.0,622380.0,2029-06-30 00:00:00,CM,,CM,transfermarkt_profile_and_lineups,95.0,,Central Midfield,36.0,7.0,0.0,2190.0,7.02,0.0,2209.8,21.0,8.4327,2831.007,30.1,7.02,0.28590822698886775,82.4,84.2,58.4,68.5,38.7,69.2,49.1,79.1
174660,L. Rao-Lisoa,Angers,Ligue 1,25.0,829874.0,2028-06-30 00:00:00,RB,RM,FB,transfermarkt_profile_and_lineups,95.0,,Right-Back,32.0,2.0,4.0,1969.0,1.96,3.92,1929.62,21.0,5.8359,2637.866,28.700000000000003,4.704,0.21940071102082273,82.0,90.2,46.7,68.0,32.5,52.0,37.9,73.1
284446,F. Potts,West Ham,Premier League,22.0,698164.0,2029-06-30 00:00:00,CDM,,DM,transfermarkt_profile_and_lineups,95.0,,Defensive Midfield,25.0,0.0,1.0,1363.0,0.0,1.08,1436.76,14.0,0.756,1436.76,14.0,0.756,0.04735655224254573,30.2,27.0,29.3,17.2,12.6,29.7,14.3,51.1
237129,P. Sarr,Tottenham,Premier League,23.0,568693.0,2030-06-30 00:00:00,CM,CDM,CM,transfermarkt_profile_and_lineups,95.0,,Central Midfield,37.0,2.0,4.0,2212.0,2.16,4.32,2415.7200000000003,22.0,11.0835,4659.651000000001,46.05,5.184,0.19313496597287766,70.3,60.9,64.9,81.4,78.1,67.3,79.3,80.9
47285,Unai López,Rayo Vallecano,La Liga,30.0,192009.0,2029-06-30 00:00:00,CM,CDM,CM,transfermarkt_profile_and_lineups,95.0,,Central Midfield,32.0,0.0,5.0,1815.0,0.0,4.91,1842.76,29.0,6.4912,3560.239,50.65,3.437,0.16786233692938854,49.8,53.0,44.8,57.7,60.2,47.1,59.3,78.0
143831,R. Fellhauer,FC Augsburg,Bundesliga,27.0,264960.0,2029-06-30 00:00:00,CDM,RM,DM,transfermarkt_profile_and_lineups,95.0,,Defensive Midfield,36.0,3.0,3.0,2944.0,3.0,2.9,2930.5,32.0,5.029999999999999,2930.5,32.0,5.029999999999999,0.15447875789114485,82.8,75.3,78.2,66.1,40.8,80.2,49.7,98.5
25915,P. Mwene,FSV Mainz 05,Bundesliga,31.0,127573.0,,LB,LM,FB,transfermarkt_profile_and_lineups,95.0,,Left-Back,32.0,1.0,5.0,2303.0,1.0,5.0,2255.85,33.0,7.695,4374.860000000001,58.6,4.5,0.17953321364452424,80.3,82.0,59.8,77.8,68.9,62.8,70.3,88.9
174703,T. Le Bris,Lorient,Ligue 1,23.0,766412.0,2027-06-30 00:00:00,RM,,W,transfermarkt_profile_and_lineups,95.0,,Right Midfield,28.0,2.0,2.0,1902.0,1.96,1.96,1863.96,22.0,3.7436,2308.488,26.5,3.332,0.1608832807570978,32.2,6.0,56.6,19.6,39.2,25.7,26.4,71.2
80752,T. Tessmann,Lyon,Ligue 1,24.0,670096.0,2029-06-30 00:00:00,CDM,CM,DM,transfermarkt_profile_and_lineups,95.0,,Defensive Midfield,38.0,2.0,0.0,2433.0,2.08,0.0,2441.82,27.0,2.619,3419.456,37.45,2.08,0.07666412757697127,53.4,42.5,60.3,42.0,50.6,57.2,47.6,90.8
265784,André,Wolves,Premier League,24.0,800176.0,2030-06-30 00:00:00,CDM,CM,DM,transfermarkt_profile_and_lineups,95.0,,Defensive Midfield,39.0,1.0,0.0,3122.0,1.08,0.0,3281.13,34.0,1.08,4837.410000000001,51.6,1.08,0.02962394053268234,37.9,10.9,87.4,21.3,78.2,65.1,58.2,99.6
723,Joelinton,Newcastle,Premier League,29.0,333241.0,2028-06-30 00:00:00,CM,,CM,transfermarkt_profile_and_lineups,95.0,,Central Midfield,42.0,6.0,2.0,2824.0,6.0600000000000005,2.2800000000000002,3041.13,33.0,12.7032,5088.009,56.35,7.656000000000001,0.22657367491688943,83.9,71.3,87.1,85.7,83.9,85.6,84.5,100.0
30780,L. Mazzitelli,Cagliari,Serie A,30.0,226025.0,2027-06-30 00:00:00,CM,,CM,transfermarkt_profile_and_lineups,95.0,,Central Midfield,20.0,2.0,2.0,846.0,2.04,2.04,853.2,10.0,6.1407,1813.527,20.9,3.468,0.3658227848101266,50.5,79.6,13.3,54.8,19.7,30.0,32.0,34.7
881,H. Nicolussi,Fiorentina,Serie A,25.0,430280.0,2030-06-30 00:00:00,CDM,CM,DM,transfermarkt_profile_and_lineups,95.0,,Defensive Midfield,26.0,0.0,4.0,1458.0,0.0,4.08,1487.16,22.0,6.4923,3202.9260000000004,41.35,2.856,0.1728395061728395,62.1,77.6,31.6,76.4,45.4,45.3,56.3,61.4
8641,A. Castro-Montes,1. FC Köln,Bundesliga,28.0,340166.0,2028-06-30 00:00:00,RM,LM,W,transfermarkt_profile_and_lineups,95.0,,Right Midfield,20.0,1.0,3.0,874.0,1.0,3.0,827.26,10.0,5.616999999999999,2133.67,29.55,3.0999999999999996,0.3372579358363755,30.1,54.8,20.5,29.2,35.2,36.3,31.3,35.3
4399,H. Boudaoui,Nice,Ligue 1,26.0,560593.0,2027-06-30 00:00:00,CM,,CM,transfermarkt_profile_and_lineups,95.0,,Central Midfield,29.0,1.0,2.0,1889.0,0.98,1.96,1852.1200000000001,20.0,5.527200000000001,3839.976,42.150000000000006,2.352,0.11429065071377664,34.4,25.4,45.9,49.5,64.5,40.7,59.2,69.4
335094,H. Larsson,Eintracht Frankfurt,Bundesliga,21.0,931838.0,2029-06-30 00:00:00,CM,CDM,CM,transfermarkt_profile_and_lineups,95.0,,Central Midfield,34.0,2.0,3.0,2481.0,2.0,2.9,2570.0,29.0,9.2255,5106.900000000001,58.8,4.029999999999999,0.1411284046692607,57.0,40.5,70.6,72.8,84.6,64.5,80.4,92.3
193617,T. Louchet,Nice,Ligue 1,22.0,750904.0,2027-06-30 00:00:00,RM,CM,W,transfermarkt_profile_and_lineups,95.0,,Right Midfield,36.0,3.0,2.0,2041.0,2.94,1.96,2043.3000000000002,21.0,5.5565999999999995,2925.59,29.6,4.311999999999999,0.18992805755395678,42.9,10.2,61.1,28.3,54.8,34.8,37.6,76.1
361352,N. Nartey,Lyon,Ligue 1,20.0,802515.0,2030-06-30 00:00:00,CAM,CM,AM,transfermarkt_profile_and_lineups,95.0,,Attacking Midfield,38.0,9.0,3.0,2445.0,7.78,2.34,2077.27,25.0,12.5122,2962.48,36.85,9.418,0.40804517467637813,72.1,80.3,61.5,56.6,51.6,74.2,54.8,89.1
20665,J. Bellegarde,Wolves,Premier League,27.0,450050.0,2028-06-30 00:00:00,CM,CAM,CM,transfermarkt_profile_and_lineups,95.0,,Central Midfield,31.0,1.0,1.0,1513.0,1.08,1.08,1560.9,18.0,7.809,3120.789,35.2,1.836,0.10586200269075534,28.9,25.1,33.0,65.9,49.5,31.1,55.2,60.4
195103,João Gomes,Wolves,Premier League,24.0,735570.0,2030-06-30 00:00:00,CM,CDM,CM,transfermarkt_profile_and_lineups,95.0,,Central Midfield,41.0,1.0,3.0,3192.0,1.08,2.73,3365.7000000000003,36.0,6.905100000000001,6178.452,67.4,2.9909999999999997,0.07998039040912736,45.5,14.7,91.8,60.2,93.9,70.9,82.1,100.0
18806,W. Hughes,Crystal Palace,Premier League,30.0,207014.0,2027-06-30 00:00:00,CM,CDM,CM,transfermarkt_profile_and_lineups,95.0,,Central Midfield,37.0,0.0,1.0,1943.0,0.0,0.75,1981.44,26.0,2.7615000000000003,3980.7,47.8,0.5249999999999999,0.023846293604651157,7.5,2.2,50.5,24.4,66.7,31.2,51.9,79.5
30927,S. Colombatto,Oviedo,La Liga,28.0,395122.0,2027-06-30 00:00:00,CDM,,DM,transfermarkt_profile_and_lineups,95.0,,Defensive Midfield,33.0,0.0,1.0,2134.0,0.0,1.04,2210.4,23.0,0.728,2210.4,23.0,0.728,0.029641693811074916,28.4,11.5,52.9,16.4,27.0,41.9,23.3,78.8
327831,A. Kemlein,Union Berlin,Bundesliga,21.0,692737.0,2029-06-30 00:00:00,CDM,CM,DM,transfermarkt_profile_and_lineups,95.0,,Defensive Midfield,32.0,0.0,2.0,2117.0,0.0,2.0,2102.1,24.0,1.95,2663.67,30.35,1.4,0.05994005994005994,42.0,29.3,49.4,33.3,35.6,46.1,34.8,79.1
161921,G. Reyna,Borussia Mönchengladbach,Bundesliga,23.0,504215.0,2028-06-30 00:00:00,CAM,,AM,transfermarkt_profile_and_lineups,95.0,,Attacking Midfield,21.0,1.0,1.0,589.0,1.0,1.0,579.2,5.0,3.6988,1129.7800000000002,8.95,1.7,0.2641574585635359,14.3,43.4,7.4,18.0,9.8,21.6,15.2,24.9
1243,T. Souček,West Ham,Premier League,30.0,283628.0,2027-06-30 00:00:00,CDM,CM,DM,transfermarkt_profile_and_lineups,95.0,,Defensive Midfield,39.0,6.0,0.0,2533.0,6.15,0.0,2662.02,26.0,15.9402,5455.530000000001,56.25,6.15,0.20792480897964705,89.1,89.7,67.8,97.1,87.9,77.4,91.1,92.2
957,D. Sow,Sevilla,La Liga,28.0,212723.0,2029-06-30 00:00:00,CM,,CM,transfermarkt_profile_and_lineups,95.0,,Central Midfield,35.0,5.0,4.0,2289.0,5.2,4.16,2367.4,28.0,10.3758,4254.616,49.55,8.112,0.308388949902847,85.7,87.8,63.4,77.4,71.0,73.4,73.2,87.8
25461,K. Stöger,Borussia Mönchengladbach,Bundesliga,32.0,106872.0,2027-06-30 00:00:00,CAM,CM,AM,transfermarkt_profile_and_lineups,95.0,,Attacking Midfield,32.0,1.0,4.0,1573.0,1.0,3.7,1548.1,18.0,11.148,3320.2200000000003,37.8,3.59,0.20870744783928688,35.2,22.1,40.2,53.3,58.2,32.0,55.0,62.0
152418,N. Ahamada,Auxerre,Ligue 1,23.0,538971.0,2027-06-30 00:00:00,CM,,CM,transfermarkt_profile_and_lineups,95.0,,Central Midfield,15.0,0.0,1.0,679.0,0.0,0.98,665.4200000000001,8.0,0.6859999999999999,814.4590000000001,8.0,0.6859999999999999,0.09278350515463915,8.8,37.3,5.4,4.5,3.9,6.9,4.1,27.5
2924,A. Januzaj,Sevilla,La Liga,30.0,177847.0,,RW,,W,transfermarkt_profile_and_lineups,95.0,,Right Winger,13.0,2.0,0.0,384.0,1.8,0.0,389.70000000000005,3.0,3.5334000000000003,854.9780000000001,6.6,1.8,0.4157043879907621,19.3,56.6,4.5,18.7,10.8,28.6,15.9,15.7
1695,Santi Cazorla,Oviedo,La Liga,41.0,15799.0,,CM,CAM,CM,transfermarkt_profile_and_lineups,95.0,,Central Midfield,28.0,0.0,1.0,924.0,0.0,1.04,960.96,6.0,0.728,960.96,6.0,0.728,0.06818181818181818,14.0,24.4,16.1,5.9,6.8,15.2,6.5,35.3
336671,Renato Veiga,Villarreal,La Liga,22.0,805714.0,2032-06-30 00:00:00,CB,,CB,transfermarkt_profile_and_lineups,95.0,,Centre-Back,42.0,1.0,0.0,3352.0,1.2,0.0,3579.7200000000003,36.0,1.5927,4484.118,49.2,1.2,0.03016995742683785,55.7,26.2,91.0,42.9,69.3,85.7,65.3,100.0
750,Álvaro Fidalgo,Real Betis,La Liga,28.0,261503.0,2030-06-30 00:00:00,CM,CAM,CM,transfermarkt_profile_and_lineups,95.0,,Central Midfield,13.0,1.0,0.0,749.0,1.04,0.0,782.08,13.0,1.04,782.08,13.0,1.04,0.11968085106382978,20.6,41.2,10.8,9.7,2.9,15.2,5.3,33.1
198654,D. Svensson,Borussia Dortmund,Bundesliga,23.0,579287.0,2029-06-30 00:00:00,LB,LM,FB,transfermarkt_profile_and_lineups,95.0,,Left-Back,50.0,5.0,3.0,3912.0,5.15,2.75,3912.5,43.0,10.704799999999999,5950.929,70.25,7.075,0.16274760383386583,93.5,76.6,97.0,92.3,92.9,96.5,92.8,100.0
1748,L. Coulibaly,Lecce,Serie A,29.0,386552.0,2027-06-30 00:00:00,CM,CAM,CM,transfermarkt_profile_and_lineups,95.0,,Central Midfield,35.0,3.0,1.0,2796.0,3.06,1.02,2839.92,32.0,4.9419,5002.089,56.3,3.774,0.11960196061860898,53.9,28.3,79.6,45.5,82.1,68.0,69.3,98.1
48198,Í. Bergmann Jóhannesson,1. FC Köln,Bundesliga,22.0,579565.0,2030-06-30 00:00:00,CM,,CM,transfermarkt_profile_and_lineups,95.0,,Central Midfield,33.0,2.0,4.0,1981.0,1.9,3.9,1964.1,23.0,6.196,2053.908,23.6,4.63,0.21215824041545747,63.4,67.4,49.5,55.2,23.3,55.8,34.5,75.7
512,Jeong Woo-Yeong,Union Berlin,Bundesliga,26.0,297583.0,,CAM,RW,AM,transfermarkt_profile_and_lineups,95.0,,Attacking Midfield,31.0,5.0,1.0,1341.0,4.9,1.0,1326.2,14.0,9.25,2236.87,25.150000000000002,5.6000000000000005,0.38003317749962295,49.2,68.9,28.7,48.4,34.4,54.1,43.5,52.9
15917,M. Rasmussen,FC St. Pauli,Bundesliga,28.0,268327.0,2029-06-30 00:00:00,CM,CDM,CM,transfermarkt_profile_and_lineups,95.0,,Central Midfield,35.0,2.0,1.0,1687.0,1.56,0.78,1561.94,18.0,4.388999999999999,2657.7905,33.15,2.106,0.12134909151439874,31.9,32.6,33.3,40.1,35.8,32.7,37.3,65.5
199871,A. Karabec,Lyon,Ligue 1,22.0,652061.0,,CAM,RW,AM,transfermarkt_profile_and_lineups,95.0,,Attacking Midfield,30.0,3.0,3.0,1399.0,3.18,3.3000000000000003,1427.9,16.0,5.49,1427.9,16.0,5.49,0.3460326353386091,48.4,61.5,32.8,30.3,13.9,51.6,24.6,55.7
32966,A. Tanaka,Leeds,Premier League,27.0,489359.0,2028-06-30 00:00:00,CM,CDM,CM,transfermarkt_profile_and_lineups,95.0,,Central Midfield,33.0,4.0,0.0,1699.0,3.96,0.0,1766.3400000000001,19.0,3.96,1766.3400000000001,19.0,3.96,0.20177315805564047,55.6,63.4,41.9,34.4,19.0,48.1,24.4,66.0
67972,C. Gallagher,Tottenham,Premier League,25.0,488362.0,2031-06-30 00:00:00,CM,CAM,CM,transfermarkt_profile_and_lineups,95.0,,Central Midfield,48.0,4.0,2.0,2405.0,4.36,1.98,2552.53,24.0,14.2258,5091.135,51.15,5.746,0.2025989900216648,74.6,64.9,70.3,88.9,84.2,72.2,85.9,88.0
1456,A. Maitland-Niles,Lyon,Ligue 1,28.0,285845.0,2027-06-30 00:00:00,RB,RM,FB,transfermarkt_profile_and_lineups,95.0,,Right-Back,38.0,2.0,4.0,3028.0,2.08,3.92,3032.48,34.0,9.2599,5098.747,55.3,4.824,0.14316994671028332,83.4,69.5,80.5,87.3,84.6,80.9,85.0,99.2
47258,M. Arambarri,Getafe,La Liga,30.0,290249.0,2028-12-31 00:00:00,CM,CDM,CM,transfermarkt_profile_and_lineups,95.0,,Central Midfield,37.0,6.0,2.0,3255.0,6.24,2.08,3385.2000000000003,37.0,13.416,5113.152000000001,56.05,7.696,0.20460829493087554,84.2,65.2,92.5,87.5,84.9,88.8,85.8,98.9
327631,H. Diarra,Sunderland,Premier League,21.0,876631.0,2030-06-30 00:00:00,CM,CAM,CM,transfermarkt_profile_and_lineups,95.0,,Central Midfield,22.0,3.0,3.0,1563.0,3.06,3.24,1660.3200000000002,17.0,10.4583,3610.7650000000003,40.25,5.327999999999999,0.2888117953165654,71.3,82.8,38.0,78.5,60.9,53.0,67.1,57.1
270508,L. Ugochukwu,Burnley,Premier League,21.0,711999.0,2030-06-30 00:00:00,CDM,CAM,DM,transfermarkt_profile_and_lineups,95.0,,Defensive Midfield,38.0,3.0,2.0,2494.0,3.24,2.16,2657.58,29.0,6.108300000000001,3829.785,41.2,4.752000000000001,0.16092836339827968,81.0,78.7,67.2,71.8,58.6,73.4,63.2,94.1
2490,J. Lerma,Crystal Palace,Premier League,31.0,262980.0,2027-06-30 00:00:00,CDM,CB,DM,transfermarkt_profile_and_lineups,95.0,,Defensive Midfield,37.0,0.0,6.0,2034.0,0.0,5.82,2094.42,25.0,5.0405999999999995,4435.059,49.65,4.074,0.1750651731744349,74.1,82.8,48.3,66.7,68.4,59.9,67.8,80.3
329728,Marc Casadó,Barcelona,La Liga,22.0,636695.0,2028-06-30 00:00:00,CDM,,DM,transfermarkt_profile_and_lineups,95.0,,Defensive Midfield,34.0,0.0,1.0,1397.0,0.0,1.04,1453.14,15.0,3.7139499999999996,2890.8205000000003,30.950000000000003,0.728,0.045088566827697255,28.4,25.3,30.5,53.4,40.2,29.6,44.9,56.2
46731,P. Estupiñán,AC Milan,Serie A,27.0,349599.0,2030-06-30 00:00:00,LB,LM,FB,transfermarkt_profile_and_lineups,95.0,,Left-Back,22.0,1.0,1.0,1303.0,1.02,1.02,1283.52,16.0,4.5732,3393.7470000000003,37.95,1.734,0.12158750934928947,42.5,59.8,25.1,57.7,48.8,27.7,50.1,50.8
264705,A. Jashari,AC Milan,Serie A,23.0,608172.0,2030-06-30 00:00:00,CDM,CM,DM,transfermarkt_profile_and_lineups,95.0,,Defensive Midfield,17.0,0.0,1.0,880.0,0.0,1.02,864.75,9.0,2.7732,2301.075,26.6,0.714,0.07431049436253252,25.9,43.7,13.2,45.4,28.2,18.9,34.2,33.3
106727,Oriol Rey,Levante,La Liga,27.0,293388.0,2027-06-30 00:00:00,CDM,CM,DM,transfermarkt_profile_and_lineups,95.0,,Defensive Midfield,22.0,0.0,1.0,1454.0,0.0,1.04,1493.26,16.0,0.728,1493.26,16.0,0.728,0.04387715468170312,28.4,24.1,32.2,16.4,14.9,30.5,15.4,53.9
162127,Diego López,Valencia,La Liga,23.0,617081.0,2029-06-30 00:00:00,RW,LW,W,transfermarkt_profile_and_lineups,95.0,,Right Winger,39.0,5.0,2.0,2006.0,5.0600000000000005,1.94,2052.2200000000003,22.0,16.3539,4569.769,51.400000000000006,6.418,0.28146105193400317,57.8,38.3,62.3,74.4,80.1,52.9,76.4,77.5
182486,Alberto Reina,Oviedo,La Liga,28.0,603696.0,2027-06-30 00:00:00,CM,CAM,CM,transfermarkt_profile_and_lineups,95.0,,Central Midfield,38.0,4.0,1.0,2536.0,4.16,1.04,2629.6000000000004,32.0,4.888,2629.6000000000004,32.0,4.888,0.16729540614542132,67.6,52.7,72.8,44.8,34.4,70.4,38.0,95.9
48642,Cameron Puertas,Werder Bremen,Bundesliga,27.0,449592.0,2027-06-30 00:00:00,CM,CAM,CM,transfermarkt_profile_and_lineups,95.0,,Central Midfield,28.0,1.0,2.0,1852.0,1.0,2.0,1852.0,22.0,8.3118,2823.848,53.8,2.4,0.11663066954643629,35.3,27.6,45.5,67.4,38.4,40.9,48.5,70.2
21640,J. Deminguet,Metz,Ligue 1,27.0,539232.0,2028-06-30 00:00:00,CM,,CM,transfermarkt_profile_and_lineups,95.0,,Central Midfield,31.0,2.0,1.0,2013.0,1.96,0.98,1972.74,25.0,2.646,2175.306,27.7,2.646,0.12071535022354694,40.7,29.4,49.8,21.9,27.2,45.7,25.4,77.6
2973,A. Murillo,Marseille,Ligue 1,29.0,354482.0,2028-06-30 00:00:00,RB,,FB,transfermarkt_profile_and_lineups,95.0,,Right-Back,36.0,3.0,3.0,2346.0,2.74,2.74,2190.05,26.0,7.6225000000000005,3887.6540000000005,44.45,4.658,0.19142028720805462,81.7,84.3,57.7,76.9,58.3,61.3,61.1,87.3
129142,I. Gruev,Leeds,Premier League,25.0,381753.0,2027-06-30 00:00:00,CDM,CM,DM,transfermarkt_profile_and_lineups,95.0,,Defensive Midfield,26.0,0.0,3.0,1519.0,0.0,3.24,1594.77,17.0,2.268,1676.67,17.9,2.268,0.12799337835549954,56.3,67.2,35.6,37.4,20.7,44.9,26.5,57.7
277003,N. El Aynaoui,AS Roma,Serie A,24.0,901019.0,2030-06-30 00:00:00,CM,CDM,CM,transfermarkt_profile_and_lineups,95.0,,Central Midfield,34.0,2.0,2.0,1703.0,2.12,2.04,1794.0200000000002,16.0,9.1487,3228.3050000000003,31.05,3.548,0.17799132674106197,51.3,56.6,42.7,72.4,51.3,46.5,58.7,63.4
19305,R. Yates,Nottingham Forest,Premier League,28.0,425902.0,2028-06-30 00:00:00,CM,CDM,CM,transfermarkt_profile_and_lineups,95.0,,Central Midfield,35.0,2.0,4.0,1383.0,2.2,4.36,1477.7400000000002,10.0,8.774600000000001,3533.4750000000004,29.6,5.252000000000001,0.3198668236631613,70.6,86.0,30.5,70.6,59.1,48.5,63.2,51.3
364600,İ. Vural,Pisa,Serie A,19.0,989621.0,2028-06-30 00:00:00,CM,,CM,transfermarkt_profile_and_lineups,95.0,,Central Midfield,16.0,0.0,1.0,820.0,0.0,1.02,828.24,9.0,0.714,828.24,9.0,0.714,0.07758620689655173,12.0,30.5,12.2,5.2,4.3,12.1,4.6,31.7
51494,M. Ugarte,Manchester United,Premier League,24.0,476701.0,2029-06-30 00:00:00,CDM,CM,DM,transfermarkt_profile_and_lineups,95.0,,Defensive Midfield,24.0,0.0,0.0,1005.0,0.0,0.0,1056.33,10.0,4.3420000000000005,3336.3650000000002,35.95,0.0,0.0,10.3,12.6,20.1,60.3,49.4,15.7,53.2,39.5
575,Florentino,Burnley,Premier League,26.0,357162.0,,CDM,CM,DM,transfermarkt_profile_and_lineups,95.0,,Defensive Midfield,42.0,1.0,2.0,2535.0,0.85,2.16,2626.77,29.0,3.5203,4609.9349999999995,55.45,2.362,0.08092828835413836,56.9,44.3,65.5,50.6,71.8,61.6,64.4,95.6
30561,A. Deiola,Cagliari,Serie A,30.0,235931.0,2029-06-30 00:00:00,CM,CDM,CM,transfermarkt_profile_and_lineups,95.0,,Central Midfield,23.0,0.0,2.0,1655.0,0.0,2.04,1661.7,19.0,3.2487000000000004,3070.302,34.9,1.428,0.07734248059216466,23.5,15.8,38.4,28.7,47.7,31.7,41.0,61.3
36916,K. Ehizibue,Udinese,Serie A,30.0,272812.0,,RB,RM,FB,transfermarkt_profile_and_lineups,95.0,,Right-Back,34.0,2.0,0.0,1990.0,2.04,0.0,2008.2,22.0,2.6469,3753.396,42.35,2.04,0.09142515685688676,45.7,47.0,50.6,36.1,55.9,49.9,52.9,75.3
148448,A. Pyrka,FC St. Pauli,Bundesliga,23.0,599733.0,,RB,RM,FB,transfermarkt_profile_and_lineups,95.0,,Right-Back,35.0,0.0,1.0,2887.0,0.0,1.0,2856.4,34.0,0.7,2856.4,34.0,0.7,0.02205573449096765,19.8,6.5,76.3,9.5,38.8,67.9,34.4,98.1
26249,J. Haberer,Union Berlin,Bundesliga,31.0,177779.0,2027-06-30 00:00:00,CM,RM,CM,transfermarkt_profile_and_lineups,95.0,,Central Midfield,31.0,0.0,2.0,1808.0,0.0,1.9,1792.4,21.0,2.11,3310.175,39.05,1.3299999999999998,0.06678196831064494,22.2,9.0,42.3,15.8,54.8,33.3,41.2,69.5
38747,Q. Timber,Marseille,Ligue 1,24.0,420213.0,2030-06-30 00:00:00,CM,CAM,CM,transfermarkt_profile_and_lineups,95.0,,Central Midfield,39.0,4.0,4.0,2909.0,3.5100000000000002,3.12,2589.27,34.0,12.3012,4571.307,60.1,5.694,0.1979167873570543,74.2,62.7,71.3,84.6,77.1,72.6,79.7,99.6
19192,J. Ramsey,Newcastle,Premier League,24.0,503749.0,2030-06-30 00:00:00,CM,,CM,transfermarkt_profile_and_lineups,95.0,,Central Midfield,43.0,2.0,3.0,2332.0,2.16,3.24,2429.25,25.0,10.4148,4071.8610000000003,41.75,4.428,0.1640506329113924,62.4,52.0,65.6,77.8,67.7,64.1,71.3,87.5
127426,Pol Lozano,Espanyol,La Liga,26.0,412045.0,2027-06-30 00:00:00,CM,,CM,transfermarkt_profile_and_lineups,95.0,,Central Midfield,33.0,2.0,1.0,2170.0,2.08,1.04,2256.8,28.0,3.2083999999999997,3378.7560000000003,42.85,2.808,0.11198156682027648,44.4,24.7,59.5,28.0,57.0,52.7,46.8,84.6
91422,R. Bellanova,Atalanta,Serie A,25.0,357992.0,2029-06-30 00:00:00,RM,,W,transfermarkt_profile_and_lineups,95.0,,Right Midfield,36.0,0.0,2.0,2010.0,0.0,1.92,2117.46,22.0,8.129100000000001,4878.975,52.900000000000006,1.3439999999999999,0.057125046045734026,13.6,0.6,65.4,40.7,84.9,10.3,56.2,76.4
202838,D. Huseinbašić,1. FC Köln,Bundesliga,25.0,678479.0,2031-06-30 00:00:00,CM,CDM,CM,transfermarkt_profile_and_lineups,95.0,,Central Midfield,16.0,0.0,0.0,750.0,0.0,0.0,747.5,9.0,0.819,1256.06,14.7,0.0,0.0,3.8,19.0,9.3,6.8,9.7,6.8,8.7,30.3
182621,Iker Muñoz,Osasuna,La Liga,23.0,710677.0,2030-06-30 00:00:00,CDM,,DM,transfermarkt_profile_and_lineups,95.0,,Defensive Midfield,23.0,0.0,0.0,1310.0,0.0,0.0,1311.8600000000001,12.0,1.6484,2345.263,21.6,0.0,0.0,10.3,8.0,25.3,28.7,28.7,18.6,28.7,47.3
30775,G. Pezzella,Cremonese,Serie A,28.0,336960.0,2028-06-30 00:00:00,LB,LM,FB,transfermarkt_profile_and_lineups,95.0,,Left-Back,32.0,0.0,1.0,2681.0,0.0,1.02,2723.82,31.0,2.2847999999999997,4779.183000000001,54.45,0.714,0.02359186730400687,21.4,6.8,71.9,30.2,76.6,64.3,69.7,96.6
18968,Y. Bissouma,Tottenham,Premier League,29.0,410425.0,,CDM,,DM,transfermarkt_profile_and_lineups,95.0,,Defensive Midfield,11.0,0.0,0.0,605.0,0.0,0.0,653.4000000000001,7.0,1.1880000000000002,2645.036,28.0,0.0,0.0,10.3,25.9,10.3,23.6,33.3,10.3,29.9,23.4
1639,M. Brescianini,Fiorentina,Serie A,25.0,459128.0,2030-06-30 00:00:00,CM,,CM,transfermarkt_profile_and_lineups,95.0,,Central Midfield,30.0,2.0,1.0,1171.0,2.04,1.02,1183.08,11.0,8.5908,2656.875,25.15,2.754,0.2095040064915306,43.0,60.6,22.9,70.1,35.5,32.0,47.6,46.1
36980,M. Thorsby,Cremonese,Serie A,29.0,226524.0,2028-06-30 00:00:00,CM,,CM,transfermarkt_profile_and_lineups,95.0,,Central Midfield,25.0,3.0,2.0,1398.0,3.06,1.92,1423.08,16.0,5.8370999999999995,2990.2349999999997,32.8,4.404,0.27852264103212754,62.0,78.1,29.0,53.4,45.2,43.9,48.0,53.9
46170,I. Ilić,Torino,Serie A,24.0,470794.0,2027-06-30 00:00:00,CM,CDM,CM,transfermarkt_profile_and_lineups,95.0,,Central Midfield,8.0,0.0,0.0,415.0,0.0,0.0,423.3,5.0,2.5239,1659.2459999999999,18.3,0.0,0.0,3.8,30.8,1.4,19.0,17.6,2.5,18.1,16.5
14327,D. Bradarić,Hellas Verona,Serie A,26.0,357796.0,2028-06-30 00:00:00,LB,LM,FB,transfermarkt_profile_and_lineups,95.0,,Left-Back,30.0,1.0,1.0,2052.0,0.9,1.02,2083.32,23.0,2.8175999999999997,4084.3800000000006,45.8,1.6139999999999999,0.06972524624157594,39.6,29.6,53.8,38.2,63.0,51.7,59.3,76.1
2483,D. Machado,Nantes,Ligue 1,32.0,332560.0,,LB,LM,FB,transfermarkt_profile_and_lineups,95.0,,Left-Back,19.0,0.0,1.0,1186.0,0.0,0.98,1162.28,16.0,3.9102,2666.4855000000002,33.2,0.6859999999999999,0.05311973018549746,18.3,27.8,20.4,50.3,33.1,20.1,35.7,47.3
519664,K. Merah,Lyon,Ligue 1,18.0,1187942.0,2029-06-30 00:00:00,CM,CAM,CM,transfermarkt_profile_and_lineups,95.0,,Central Midfield,30.0,1.0,2.0,1541.0,1.1,2.08,1558.42,20.0,2.556,1558.42,20.0,2.556,0.14761104195274702,38.7,44.4,32.6,19.4,15.1,35.4,16.6,62.6
2933,B. Chilwell,Strasbourg,Ligue 1,29.0,316125.0,2027-06-30 00:00:00,LB,CB,FB,transfermarkt_profile_and_lineups,95.0,,Left-Back,20.0,0.0,2.0,1602.0,0.0,1.96,1569.96,27.0,2.1928,2075.589,31.1,1.3719999999999999,0.07865168539325842,33.6,39.1,34.3,29.0,20.7,34.2,22.0,67.1
266813,W. Bondo,Cremonese,Serie A,22.0,659516.0,2029-06-30 00:00:00,CM,CDM,CM,transfermarkt_profile_and_lineups,95.0,,Central Midfield,28.0,0.0,0.0,1801.0,0.0,0.0,1833.3,22.0,0.5202,3348.1710000000003,38.85,0.0,0.0,3.8,0.7,43.7,3.6,55.6,25.7,37.4,69.2
30505,M. Adopo,Cagliari,Serie A,25.0,564305.0,2029-06-30 00:00:00,CM,,CM,transfermarkt_profile_and_lineups,95.0,,Central Midfield,41.0,1.0,3.0,3259.0,1.02,2.94,3299.94,35.0,4.6386,4780.644,50.7,3.078,0.08394698085419734,46.2,16.1,90.3,41.9,80.6,70.5,67.1,100.0
24880,B. Jatta,Hamburger SV,Bundesliga,27.0,415194.0,2029-06-30 00:00:00,RW,RM,W,transfermarkt_profile_and_lineups,95.0,,Right Winger,16.0,2.0,1.0,939.0,1.9,1.0,936.9,12.0,2.5999999999999996,936.9,12.0,2.5999999999999996,0.24975984630163303,26.2,35.5,24.7,14.5,11.7,28.5,13.5,37.1
388779,D. Assoumani,Nantes,Ligue 1,20.0,1004619.0,2030-06-30 00:00:00,CM,RW,CM,transfermarkt_profile_and_lineups,95.0,,Central Midfield,27.0,1.0,0.0,1251.0,0.98,0.0,1225.98,14.0,0.98,1273.412,14.0,0.98,0.07194244604316546,16.8,20.8,24.7,7.5,10.4,21.2,9.4,49.6
443674,Louis Leroux,Nantes,Ligue 1,19.0,1119456.0,2030-06-30 00:00:00,CAM,LB,AM,transfermarkt_profile_and_lineups,95.0,,Attacking Midfield,23.0,1.0,1.0,1444.0,0.98,0.98,1415.1200000000001,16.0,3.1212999999999997,1853.3270000000002,20.4,1.666,0.1059556786703601,13.1,5.7,31.1,12.3,22.1,11.3,15.7,54.0
226,D. Dumfries,Inter,Serie A,29.0,321528.0,2030-06-30 00:00:00,RB,RM,FB,transfermarkt_profile_and_lineups,95.0,,Right-Back,29.0,5.0,1.0,1851.0,5.46,1.02,1906.41,21.0,17.357099999999996,4382.064,46.05,6.1739999999999995,0.2914693061828253,90.5,97.3,45.0,97.9,69.5,51.8,73.8,69.6
25413,E. Rexhbeçaj,FC Augsburg,Bundesliga,28.0,280575.0,2030-06-30 00:00:00,CM,CDM,CM,transfermarkt_profile_and_lineups,95.0,,Central Midfield,27.0,2.0,0.0,1199.0,2.0,0.0,1190.0,11.0,4.029999999999999,2912.6099999999997,31.950000000000003,2.0,0.1512605042016807,30.3,46.6,23.3,34.8,42.3,26.4,39.7,45.5
1014,S. Sohm,Bologna,Serie A,24.0,507486.0,2030-06-30 00:00:00,CM,CAM,CM,transfermarkt_profile_and_lineups,95.0,,Central Midfield,34.0,0.0,1.0,1621.0,0.0,1.02,1629.43,21.0,2.958,3356.9800000000005,41.35,0.714,0.039437103772484855,12.0,6.1,36.2,25.4,55.9,25.3,45.3,66.8
448468,P. Čović,Werder Bremen,Bundesliga,18.0,1114155.0,,CAM,,AM,transfermarkt_profile_and_lineups,95.0,,Attacking Midfield,16.0,1.0,0.0,413.0,1.0,0.0,405.8,3.0,1.0,405.8,3.0,1.0,0.22178413011335632,5.7,41.0,1.6,3.3,1.6,14.5,2.7,17.4
30484,M. Svanberg,VfL Wolfsburg,Bundesliga,26.0,342405.0,2027-06-30 00:00:00,CM,CAM,CM,transfermarkt_profile_and_lineups,95.0,,Central Midfield,25.0,5.0,2.0,885.0,4.8,1.9,881.9,8.0,9.305,2211.445,23.4,6.13,0.6255811316475791,76.7,96.1,13.6,73.5,27.6,42.0,43.7,35.4
174915,J. Casimir,Auxerre,Ligue 1,24.0,763182.0,2028-06-30 00:00:00,RW,RB,W,transfermarkt_profile_and_lineups,95.0,,Right Winger,31.0,1.0,0.0,1521.0,0.98,0.0,1490.58,16.0,6.428800000000001,3168.0460000000003,36.15,0.98,0.0591715976331361,10.1,2.7,43.1,33.4,58.7,8.2,42.3,58.6
375598,N. Mukau,Lille,Ligue 1,21.0,1016015.0,2028-06-30 00:00:00,CDM,RM,DM,transfermarkt_profile_and_lineups,95.0,,Defensive Midfield,41.0,2.0,0.0,2253.0,2.08,0.0,2293.5,28.0,3.7773000000000003,3619.1279999999997,43.8,2.08,0.08162197514715501,53.4,44.8,56.3,54.0,54.0,55.0,54.0,88.9
197771,Y. Benhattab,Nantes,Ligue 1,23.0,,,CM,,CM,statistical_fallback,58.0,,,0.0,0.0,0.0,0.0,0.0,0.0,0.0,0.0,0.0,0.0,0.0,0.0,0.0,3.8,49.8,0.5,1.6,0.5,2.0,0.9,0.0
90594,J. Dina Ebimbe,Stade Brestois 29,Ligue 1,25.0,536482.0,2027-06-30 00:00:00,RM,LM,W,transfermarkt_profile_and_lineups,95.0,,Right Midfield,27.0,5.0,0.0,1167.0,4.9,0.0,1143.6599999999999,15.0,9.55,2103.555,28.5,4.9,0.38560411311053994,46.4,65.4,32.5,46.1,33.7,51.1,41.8,48.9
3080,M. Munetsi,Wolves,Premier League,29.0,414908.0,2028-06-30 00:00:00,CM,CAM,CM,transfermarkt_profile_and_lineups,95.0,,Central Midfield,30.0,6.0,3.0,1978.0,5.75,3.04,1996.8600000000001,21.0,14.3916,4226.8240000000005,45.55,7.878,0.35506745590577204,84.6,92.8,50.9,89.6,70.3,66.1,77.0,72.5
137,Sergi Roberto,Como,Serie A,33.0,85370.0,,CM,CDM,CM,transfermarkt_profile_and_lineups,95.0,,Central Midfield,24.0,1.0,0.0,797.0,0.9,0.0,781.26,9.0,2.9175,1575.162,17.9,0.9,0.10367867291298671,16.1,38.0,10.4,25.1,15.8,13.0,19.0,34.2
202636,L. Oppie,FC St. Pauli,Bundesliga,23.0,605265.0,,LB,LM,FB,transfermarkt_profile_and_lineups,95.0,,Left-Back,27.0,2.0,0.0,1991.0,1.9,0.0,1953.5,21.0,1.9,1953.5,21.0,1.9,0.08753519324289737,44.1,45.0,47.6,24.0,19.2,47.1,19.9,71.7
107194,Antonio Sánchez,Mallorca,La Liga,28.0,513031.0,2027-06-30 00:00:00,CM,RW,CM,transfermarkt_profile_and_lineups,95.0,,Central Midfield,33.0,0.0,0.0,1319.0,0.0,0.0,1335.64,12.0,1.5323999999999998,2721.177,26.35,0.0,0.0,3.8,5.0,27.2,12.5,36.6,16.7,28.2,51.2
3608,K. Sibo,Oviedo,La Liga,27.0,538006.0,,CM,,CM,transfermarkt_profile_and_lineups,95.0,,Central Midfield,27.0,0.0,0.0,1806.0,0.0,0.0,1861.44,22.0,0.0,1861.44,22.0,0.0,0.0,3.8,0.7,46.2,1.6,20.8,27.1,14.1,68.9
322630,G. Fabbian,Bologna,Serie A,22.0,633668.0,2030-06-30 00:00:00,CAM,CM,AM,transfermarkt_profile_and_lineups,95.0,,Attacking Midfield,37.0,2.0,1.0,1501.0,2.04,0.9,1518.41,21.0,7.1991,2899.2079999999996,34.8,2.67,0.1582576510955539,27.9,12.3,39.3,41.0,48.4,24.0,43.6,65.5
449153,H. Makalou,Stade Brestois 29,Ligue 1,19.0,1200289.0,2029-06-30 00:00:00,CDM,,DM,transfermarkt_profile,85.0,,Defensive Midfield,17.0,0.0,0.0,329.0,0.0,0.0,322.41999999999996,2.0,0.0,337.51199999999994,2.0,0.0,0.0,10.3,39.1,4.6,4.6,4.6,7.2,4.6,15.1
283216,B. Nadir,Marseille,Ligue 1,22.0,659520.0,,CM,CAM,CM,transfermarkt_profile_and_lineups,95.0,,Central Midfield,24.0,0.0,4.0,680.0,0.0,3.92,686.64,6.0,3.283,923.921,9.05,2.7439999999999998,0.35966445298846556,42.5,74.2,6.5,29.7,6.1,22.7,14.4,28.9
345416,Rafael LuÃ­s,Strasbourg,Ligue 1,20.0,637803.0,2028-06-30 00:00:00,CDM,CM,DM,transfermarkt_profile_and_lineups,95.0,,Defensive Midfield,12.0,0.0,2.0,585.0,0.0,1.96,573.3000000000001,10.0,1.3719999999999999,573.3000000000001,10.0,1.3719999999999999,0.21538461538461534,40.5,67.8,7.5,25.0,5.7,22.3,12.5,26.4
25375,T. Asano,Mallorca,La Liga,31.0,245744.0,,RW,ST,W,transfermarkt_profile_and_lineups,95.0,,Right Winger,23.0,1.0,1.0,837.0,1.04,0.9,845.5600000000001,10.0,5.494400000000001,2121.0655,25.8,1.67,0.17775202232839774,16.9,25.6,21.4,27.7,34.6,19.1,30.1,35.7
89520,M. Ellertsson,Genoa,Serie A,23.0,566615.0,2029-06-30 00:00:00,CM,RM,CM,transfermarkt_profile_and_lineups,95.0,,Central Midfield,37.0,1.0,2.0,2858.0,1.02,2.04,2904.36,32.0,4.3554,4295.64,47.95,2.448,0.07585836466553732,36.4,12.9,81.0,39.1,72.4,60.9,60.7,98.9
6383,M. Payero,Cremonese,Serie A,27.0,555820.0,2027-06-30 00:00:00,CM,,CM,transfermarkt_profile_and_lineups,95.0,,Central Midfield,25.0,1.0,0.0,1460.0,1.02,0.0,1489.2,16.0,3.5748,2869.629,32.2,1.02,0.06164383561643836,18.6,14.0,30.8,31.5,40.1,25.3,37.1,55.1
304140,M. Sauer,Toulouse,Ligue 1,21.0,710885.0,2028-06-30 00:00:00,CM,,CM,transfermarkt_profile_and_lineups,95.0,,Central Midfield,25.0,1.0,0.0,638.0,0.98,0.0,625.24,6.0,0.98,625.24,6.0,0.98,0.14106583072100312,16.8,46.2,3.9,7.5,2.2,9.7,4.0,28.4
334879,B. Bouanani,VfB Stuttgart,Bundesliga,21.0,707242.0,2030-06-30 00:00:00,RW,,W,transfermarkt_profile_and_lineups,95.0,,Right Winger,32.0,2.0,2.0,1247.0,2.2,2.0,1259.94,14.0,7.852900000000001,2350.026,24.85,3.6,0.25715510262393443,34.9,34.0,36.7,38.9,40.7,34.7,39.5,51.4
174937,Y. Kechta,Le Havre,Ligue 1,23.0,667967.0,,CM,LM,CM,transfermarkt_profile_and_lineups,95.0,,Central Midfield,30.0,2.0,1.0,1330.0,1.96,0.98,1303.4,14.0,4.895099999999999,2988.0690000000004,34.050000000000004,2.646,0.1827067669172932,40.7,56.3,25.8,45.2,44.8,32.5,44.9,52.3
31173,D. Frattesi,Inter,Serie A,26.0,394300.0,2028-06-30 00:00:00,CM,,CM,transfermarkt_profile_and_lineups,95.0,,Central Midfield,33.0,0.0,3.0,1133.0,0.0,3.0,1172.19,9.0,11.0442,2806.5225,21.1,2.0999999999999996,0.16123665958590327,31.5,49.1,22.2,81.0,38.0,26.4,53.0,44.5
127413,A. Vranckx,Sassuolo,Serie A,23.0,503881.0,2029-06-30 00:00:00,CM,,CM,transfermarkt_profile_and_lineups,95.0,,Central Midfield,16.0,0.0,0.0,692.0,0.0,0.0,705.84,9.0,0.0,1409.7150000000001,16.5,0.0,0.0,3.8,20.4,7.2,1.6,12.2,5.6,8.5,29.1
161569,O. Sørensen,Parma,Serie A,23.0,514888.0,2030-06-30 00:00:00,CM,,CM,transfermarkt_profile_and_lineups,95.0,,Central Midfield,42.0,1.0,1.0,2379.0,1.02,1.02,2295.54,25.0,7.676950000000001,4092.868,48.75,1.734,0.06798400376382027,26.9,9.3,61.6,64.9,68.8,46.0,67.4,88.5
182560,Oier Zarraga,Udinese,Serie A,26.0,524010.0,2027-06-30 00:00:00,CM,CAM,CM,transfermarkt_profile_and_lineups,95.0,,Central Midfield,26.0,0.0,0.0,518.0,0.0,0.0,520.92,3.0,1.362,1250.6219999999998,10.3,0.0,0.0,3.8,26.5,2.5,10.8,9.3,3.1,9.8,23.3
325387,G. Piccinini,Pisa,Serie A,24.0,628365.0,2028-06-30 00:00:00,CM,,CM,transfermarkt_profile_and_lineups,95.0,,Central Midfield,26.0,0.0,0.0,941.0,0.0,0.0,950.1,6.0,0.0,950.1,6.0,0.0,0.0,3.8,13.3,15.1,1.6,6.5,10.0,4.8,34.9
144740,F. Dele-Bashiru,Lazio,Serie A,24.0,530742.0,2028-06-30 00:00:00,CM,,CM,transfermarkt_profile_and_lineups,95.0,,Central Midfield,28.0,2.0,1.0,1437.0,1.92,0.9,1435.14,12.0,9.3737,3013.045,32.1,2.55,0.1599147121535181,38.4,48.4,29.7,74.2,45.5,33.6,55.6,51.8
1463,J. Willock,Newcastle,Premier League,26.0,340329.0,2027-06-30 00:00:00,CM,CAM,CM,transfermarkt_profile_and_lineups,95.0,,Central Midfield,39.0,1.0,3.0,1650.0,1.2,2.91,1726.8,18.0,5.607600000000001,2649.003,27.3,3.237,0.1687109103544128,48.4,53.4,40.5,50.5,35.1,44.1,40.5,66.2
290106,Pablo Marín,Real Sociedad,La Liga,22.0,907813.0,2029-06-30 00:00:00,CAM,LW,AM,transfermarkt_profile_and_lineups,95.0,,Attacking Midfield,40.0,1.0,1.0,1829.0,0.9,1.04,1855.26,18.0,4.2988,3080.847,30.65,1.6280000000000001,0.07897545357524013,11.5,2.5,51.6,21.3,55.7,9.2,33.4,70.3
126974,O. Gandelman,Lecce,Serie A,25.0,780548.0,2029-06-30 00:00:00,CAM,CM,AM,transfermarkt_profile_and_lineups,95.0,,Attacking Midfield,37.0,9.0,2.0,2407.0,7.5,1.8,2112.42,26.0,15.2679,3048.8160000000003,42.85,8.76,0.3732212344136109,68.0,73.8,62.3,67.2,54.1,69.5,62.6,88.9
104821,Jon Guridi,Alaves,La Liga,30.0,289257.0,2028-06-30 00:00:00,CM,CAM,CM,transfermarkt_profile_and_lineups,95.0,,Central Midfield,33.0,0.0,0.0,1424.0,0.0,0.0,1455.2,17.0,3.9259999999999997,3530.789,42.6,0.0,0.0,3.8,3.2,30.1,34.1,58.8,18.3,50.1,58.4
16,M. Götze,Eintracht Frankfurt,Bundesliga,33.0,74842.0,2028-06-30 00:00:00,CAM,,AM,transfermarkt_profile_and_lineups,95.0,,Attacking Midfield,29.0,0.0,2.0,1371.0,0.0,2.1,1447.5,14.0,7.4285,3443.63,40.15,1.47,0.09139896373056995,10.7,4.1,35.2,43.4,61.5,9.0,49.8,52.8
26250,N. Höfler,SC Freiburg,Bundesliga,35.0,55099.0,,CDM,,DM,transfermarkt_profile_and_lineups,95.0,,Defensive Midfield,18.0,0.0,0.0,462.0,0.0,0.0,479.8,3.0,1.0455,1954.74,17.95,0.0,0.0,10.3,31.6,5.7,20.7,24.1,7.8,22.9,19.2
128987,S. Abdul Samed,Nice,Ligue 1,25.0,688707.0,2028-06-30 00:00:00,CDM,,DM,transfermarkt_profile_and_lineups,95.0,,Defensive Midfield,23.0,0.0,1.0,1288.0,0.0,1.1,1307.24,16.0,0.77,1973.162,23.2,0.77,0.05301245371928644,31.0,30.5,24.1,17.8,24.7,27.2,22.3,50.9
105,F. Ballo-Touré,Metz,Ligue 1,28.0,296422.0,,LB,LM,FB,transfermarkt_profile_and_lineups,95.0,,Left-Back,13.0,0.0,0.0,843.0,0.0,0.0,826.14,11.0,0.0,1167.905,15.95,0.0,0.0,7.8,16.3,11.2,2.4,7.1,10.7,6.4,33.0
323369,M. Løvik,Parma,Serie A,22.0,661212.0,2030-06-30 00:00:00,LB,LM,FB,transfermarkt_profile_and_lineups,95.0,,Left-Back,26.0,0.0,3.0,1388.0,0.0,2.46,1228.32,16.0,2.01075,1511.691,21.5,1.722,0.1261723329425557,42.0,60.4,22.8,26.0,13.0,25.7,15.0,54.0
38699,L. Ilić,Oviedo,La Liga,26.0,429790.0,2028-06-30 00:00:00,CAM,RW,AM,transfermarkt_profile_and_lineups,95.0,,Attacking Midfield,20.0,2.0,0.0,802.0,1.94,0.0,825.12,9.0,1.94,913.7525,17.8,1.94,0.21160558464223386,16.4,32.8,13.1,4.9,6.6,20.5,5.5,32.8
306727,J. Solis,Girona,La Liga,21.0,742521.0,2030-06-30 00:00:00,CM,,CM,transfermarkt_profile_and_lineups,95.0,,Central Midfield,15.0,0.0,0.0,645.0,0.0,0.0,632.86,6.0,0.7610000000000001,1230.458,10.0,0.0,0.0,3.8,21.5,4.3,6.5,9.0,4.1,8.1,24.8
15723,M. Højholt,Pisa,Serie A,24.0,543822.0,2027-06-30 00:00:00,CDM,CM,DM,transfermarkt_profile_and_lineups,95.0,,Defensive Midfield,19.0,0.0,0.0,947.0,0.0,0.0,954.3,10.0,0.42900000000000005,1104.384,12.2,0.0,0.0,10.3,13.8,17.8,10.9,9.2,14.5,9.8,36.4
126889,M. Collocolo,Cremonese,Serie A,26.0,434551.0,2029-06-30 00:00:00,CM,,CM,transfermarkt_profile_and_lineups,95.0,,Central Midfield,9.0,0.0,0.0,453.0,0.0,0.0,451.26,6.0,0.0,451.26,6.0,0.0,0.0,3.8,29.7,1.8,1.6,1.1,2.7,1.3,18.6
30525,Pol Lirola,Hellas Verona,Serie A,28.0,298975.0,,RB,RM,FB,transfermarkt_profile_and_lineups,95.0,,Right-Back,9.0,0.0,0.0,336.0,0.0,0.0,341.47999999999996,3.0,2.3087999999999997,1242.425,11.75,0.0,0.0,7.8,35.2,2.4,30.5,8.6,3.2,11.9,13.2
194837,T. Suslov,Hellas Verona,Serie A,23.0,540333.0,2028-06-30 00:00:00,CAM,ST,AM,transfermarkt_profile_and_lineups,95.0,,Attacking Midfield,11.0,0.0,0.0,445.0,0.0,0.0,453.9,5.0,2.3816999999999995,2334.639,27.6,0.0,0.0,1.2,23.8,3.3,5.7,37.7,6.9,16.9,18.2
514464,A. Vossah,Toulouse,Ligue 1,17.0,1200427.0,2028-06-30 00:00:00,CM,,CM,transfermarkt_profile_and_lineups,95.0,,Central Midfield,23.0,1.0,1.0,1093.0,0.98,0.98,1071.14,12.0,1.666,1071.14,12.0,1.666,0.13998170173833482,26.0,43.4,19.7,14.0,8.2,22.5,10.3,42.9
191740,S. Sebulonsen,1. FC Köln,Bundesliga,25.0,592387.0,2028-06-30 00:00:00,RB,CB,FB,transfermarkt_profile_and_lineups,95.0,,Right-Back,33.0,0.0,0.0,2685.0,0.0,0.0,2667.0,30.0,2.5542000000000002,3580.6665000000003,43.85,0.0,0.0,7.8,1.6,71.0,35.2,52.7,61.5,50.0,97.1
324750,Carlos Martín,Rayo Vallecano,La Liga,23.0,618813.0,2029-06-30 00:00:00,LW,RW,W,transfermarkt_profile_and_lineups,95.0,,Left Winger,14.0,0.0,0.0,582.0,0.0,0.0,587.38,9.0,1.9448,1353.4750000000001,17.8,0.0,0.0,3.2,14.5,11.4,10.8,19.6,6.0,13.9,26.1
385569,E. Biumla,Angers,Ligue 1,20.0,1071956.0,2028-06-30 00:00:00,CB,,CB,transfermarkt_profile_and_lineups,95.0,,Centre-Back,9.0,0.0,0.0,383.0,0.0,0.0,375.34,3.0,0.539,1094.366,11.25,0.0,0.0,14.6,40.7,2.9,18.2,9.5,4.6,10.8,14.2
26243,N. Schlotterbeck,Borussia Dortmund,Bundesliga,26.0,388198.0,2031-06-30 00:00:00,CB,,CB,transfermarkt_profile_and_lineups,95.0,,Centre-Back,37.0,5.0,2.0,3290.0,5.0,2.0,3381.0,36.0,10.597999999999999,6563.68,69.85,6.4,0.17036379769299026,96.4,95.0,87.1,97.6,93.3,88.5,94.0,98.9
25158,D. Raum,RB Leipzig,Bundesliga,27.0,318204.0,2027-06-30 00:00:00,LB,,FB,transfermarkt_profile_and_lineups,95.0,,Left-Back,34.0,3.0,9.0,2916.0,3.0,8.8,2880.0,33.0,15.913,5255.58,59.85,9.16,0.28625,96.7,96.4,76.6,96.7,86.7,79.6,88.2,97.8
263482,Nuno Mendes,Paris Saint Germain,Ligue 1,23.0,616341.0,2029-06-30 00:00:00,LB,,FB,transfermarkt_profile_and_lineups,95.0,,Left-Back,45.0,6.0,7.0,3245.0,6.32,7.3,3307.6,37.0,17.703699999999998,5434.553,58.900000000000006,11.43,0.3110110049582779,98.2,97.9,86.7,98.5,88.2,88.4,89.7,100.0
31009,A. Bastoni,Inter,Serie A,26.0,315853.0,2028-06-30 00:00:00,CB,,CB,transfermarkt_profile_and_lineups,95.0,,Centre-Back,43.0,3.0,6.0,3389.0,2.9699999999999998,6.03,3473.43,41.0,11.3403,6655.833,78.2,7.191,0.18632590839602356,97.9,96.2,89.0,98.3,94.0,90.4,94.7,100.0
25342,M. Mittelstädt,VfB Stuttgart,Bundesliga,28.0,282660.0,2028-06-30 00:00:00,LB,LM,FB,transfermarkt_profile_and_lineups,95.0,,Left-Back,49.0,7.0,6.0,3614.0,7.1,6.0,3627.6,40.0,18.23375,6314.4325,70.05,11.299999999999999,0.2803506450545815,97.9,95.9,93.5,98.8,96.4,94.2,96.8,100.0
1149,D. Upamecano,Bayern München,Bundesliga,27.0,344695.0,2030-06-30 00:00:00,CB,,CB,transfermarkt_profile_and_lineups,95.0,,Centre-Back,46.0,2.0,4.0,3540.0,2.2,4.15,3614.35,41.0,6.9670000000000005,6055.275,66.95,5.105,0.12711829236238884,93.3,87.1,91.7,91.0,90.2,91.9,90.3,100.0
656,O. Solet,Udinese,Serie A,25.0,463665.0,2027-06-30 00:00:00,CB,,CB,transfermarkt_profile_and_lineups,95.0,,Centre-Back,38.0,3.0,1.0,3222.0,3.06,1.02,3255.12,37.0,5.1204,4194.234,47.45,3.774,0.10434638354346383,88.0,80.7,84.0,85.2,66.2,84.6,69.0,99.2
41150,E. Tapsoba,Bayer Leverkusen,Bundesliga,26.0,564545.0,2031-06-30 00:00:00,CB,,CB,transfermarkt_profile_and_lineups,95.0,,Centre-Back,44.0,5.0,3.0,3867.0,5.0,3.0,3981.2,43.0,8.99075,7061.165,77.25,7.1,0.16050437054154526,97.6,92.6,95.2,96.0,97.1,95.6,97.0,100.0
184420,Carlos Romero,Villarreal,La Liga,24.0,709372.0,2031-06-30 00:00:00,LB,,FB,transfermarkt_profile_and_lineups,95.0,,Left-Back,36.0,6.0,3.0,3195.0,6.24,3.12,3322.8,36.0,10.157399999999999,4922.08,52.85,8.424,0.22816901408450704,96.2,91.7,87.6,91.1,80.5,88.9,82.1,98.5
855,João Cancelo,Barcelona,La Liga,31.0,182712.0,2027-06-30 00:00:00,RB,LB,FB,transfermarkt_profile_and_lineups,95.0,,Right-Back,28.0,2.0,5.0,1840.0,2.08,4.77,1827.52,24.0,7.888599999999999,2901.616,35.4,5.419,0.26686985641744,87.6,95.0,41.7,79.3,39.9,48.6,45.8,72.0
1231,V. Coufal,1899 Hoffenheim,Bundesliga,33.0,157672.0,2028-06-30 00:00:00,RB,RM,FB,transfermarkt_profile_and_lineups,95.0,,Right-Back,35.0,1.0,9.0,3108.0,1.0,9.0,3099.0,35.0,8.887599999999999,5031.8550000000005,54.85,7.3,0.21200387221684414,94.1,88.5,82.2,86.1,82.8,84.0,83.3,98.1
24953,Y. Bisseck,Inter,Serie A,25.0,441986.0,2029-06-30 00:00:00,CB,,CB,transfermarkt_profile_and_lineups,95.0,,Centre-Back,35.0,3.0,3.0,2782.0,3.06,3.24,2888.34,30.0,9.16335,4867.584000000001,50.1,5.327999999999999,0.16601923596252516,94.0,94.3,74.5,96.4,76.4,77.5,79.4,98.1
24845,J. Ryerson,Borussia Dortmund,Bundesliga,28.0,370789.0,2028-06-30 00:00:00,RB,RM,FB,transfermarkt_profile_and_lineups,95.0,,Right-Back,47.0,0.0,18.0,3431.0,0.0,18.3,3442.5,38.0,16.86,6279.545,69.35,12.81,0.3349019607843138,98.8,98.5,89.9,97.0,95.9,91.3,96.0,100.0
33,L. Hernández,Paris Saint Germain,Ligue 1,29.0,281963.0,2028-06-30 00:00:00,LB,,FB,transfermarkt_profile_and_lineups,95.0,,Left-Back,39.0,0.0,3.0,2079.0,0.0,2.94,2066.58,21.0,3.1235999999999997,3499.825,37.25,2.058,0.08962633916906192,47.2,45.9,53.3,41.4,50.9,52.3,49.5,78.0
47273,Yuri,Athletic Club,La Liga,35.0,61812.0,2027-06-30 00:00:00,LB,,FB,transfermarkt_profile_and_lineups,95.0,,Left-Back,39.0,0.0,7.0,3183.0,0.0,7.28,3331.5600000000004,35.0,8.2981,5936.279,62.35,5.096,0.1376652379065663,84.8,68.0,88.2,82.2,92.3,87.7,90.8,99.6
284300,Álvaro Fernández,Real Madrid,La Liga,22.0,811778.0,2031-06-30 00:00:00,LB,,FB,transfermarkt_profile_and_lineups,95.0,,Left-Back,42.0,2.0,3.0,3537.0,2.08,3.12,3702.21,40.0,7.87435,5923.8285000000005,67.25,4.263999999999999,0.10365700487006409,77.8,56.2,95.0,79.0,92.0,92.4,90.1,100.0
45826,S. Pavlović,AC Milan,Serie A,24.0,574671.0,2028-06-30 00:00:00,CB,,CB,transfermarkt_profile_and_lineups,95.0,,Centre-Back,38.0,5.0,1.0,3219.0,5.1,1.02,3228.0,37.0,7.7214,4808.964,54.05,5.814,0.1621003717472119,95.4,93.3,83.3,93.8,75.7,85.1,78.4,99.2
21636,F. Guilbert,Nantes,Ligue 1,31.0,354352.0,2028-06-30 00:00:00,RB,,FB,transfermarkt_profile_and_lineups,95.0,,Right-Back,8.0,0.0,0.0,610.0,0.0,0.0,597.8,7.0,0.9806999999999999,2749.742,33.3,0.0,0.0,7.8,23.1,6.2,13.9,35.8,6.5,32.5,22.4
20525,M. Udol,Lens,Ligue 1,29.0,344886.0,2028-06-30 00:00:00,LB,LM,FB,transfermarkt_profile_and_lineups,95.0,,Left-Back,34.0,1.0,7.0,3005.0,0.98,6.859999999999999,2944.9,33.0,7.2814,3738.7,42.0,5.782,0.1767054908485857,89.5,81.1,79.0,75.1,55.3,80.6,58.3,97.8
24848,C. Trimmel,Union Berlin,Bundesliga,38.0,75921.0,2027-06-30 00:00:00,RB,RM,FB,transfermarkt_profile_and_lineups,95.0,,Right-Back,31.0,0.0,4.0,2035.0,0.0,3.9,2018.4,24.0,4.305,3557.1850000000004,41.3,2.73,0.12173008323424493,60.5,61.8,51.2,55.9,51.8,52.6,52.4,77.1
180927,Z. Romero,Getafe,La Liga,26.0,741142.0,2030-06-30 00:00:00,CB,,CB,transfermarkt_profile_and_lineups,95.0,,Centre-Back,21.0,1.0,0.0,1426.0,1.04,0.0,1468.0200000000002,16.0,1.04,1761.6705000000002,19.85,1.04,0.06375934932766583,52.3,58.1,31.0,30.6,19.5,34.1,21.2,52.9
19263,L. Kelly,Juventus,Serie A,27.0,480116.0,2029-06-30 00:00:00,CB,,CB,transfermarkt_profile_and_lineups,95.0,,Centre-Back,50.0,2.0,2.0,4276.0,2.2199999999999998,2.2199999999999998,4389.51,48.0,4.686599999999999,5863.893,63.85,3.7739999999999996,0.07737993534585863,87.6,68.8,98.1,82.1,86.9,96.5,86.2,100.0
336657,W. Zaïre-Emery,Paris Saint Germain,Ligue 1,19.0,810092.0,2029-06-30 00:00:00,CM,RB,CM,transfermarkt_profile_and_lineups,95.0,,Central Midfield,57.0,3.0,5.0,4124.0,2.94,5.12,4257.22,45.0,10.799,6720.406000000001,71.1,6.523999999999999,0.1379209906934572,78.9,38.7,97.5,79.6,96.4,89.1,90.5,100.0
264857,L. Bernasconi,Atalanta,Serie A,22.0,708635.0,2028-06-30 00:00:00,LM,,W,transfermarkt_profile_and_lineups,95.0,,Left Midfield,37.0,0.0,3.0,2668.0,0.0,3.06,2843.58,30.0,2.142,2843.58,30.0,2.142,0.06779482202012956,21.2,1.2,84.3,11.9,53.0,16.2,26.3,98.2
862,L. Spinazzola,Napoli,Serie A,32.0,118689.0,2028-06-30 00:00:00,LB,LM,FB,transfermarkt_profile_and_lineups,95.0,,Left-Back,42.0,3.0,5.0,2599.0,3.06,5.01,2673.21,30.0,8.6751,4298.273999999999,47.9,6.567,0.22109374123245087,92.3,90.5,71.3,84.9,67.8,74.5,70.3,97.9
44594,Saud Abdulhamid,Lens,Ligue 1,26.0,631927.0,2029-06-30 00:00:00,RB,RM,FB,transfermarkt_profile_and_lineups,95.0,,Right-Back,25.0,2.0,5.0,1345.0,1.96,4.9,1318.1,14.0,6.387700000000001,1538.98,16.2,5.390000000000001,0.36802973977695175,87.3,97.6,26.9,71.0,14.2,36.0,22.7,50.8
311773,S. Mouriño,Villarreal,La Liga,23.0,953901.0,2030-06-30 00:00:00,RB,,FB,transfermarkt_profile_and_lineups,95.0,,Right-Back,34.0,1.0,2.0,2917.0,1.04,2.08,3118.96,33.0,2.8964,4279.966,45.1,2.496,0.07202400800266756,56.2,32.2,83.1,39.3,67.2,79.1,63.0,97.8
136087,F. Parisi,Fiorentina,Serie A,25.0,547985.0,2029-06-30 00:00:00,LB,LM,FB,transfermarkt_profile_and_lineups,95.0,,Left-Back,25.0,1.0,2.0,1587.0,1.02,2.04,1602.81,23.0,4.0729500000000005,2792.9595,39.75,2.448,0.13745858835420294,54.4,65.7,34.9,52.1,36.7,37.8,39.0,64.7
134,Juan Miranda,Bologna,Serie A,25.0,341227.0,2028-06-30 00:00:00,LB,,FB,transfermarkt_profile_and_lineups,95.0,,Left-Back,45.0,1.0,6.0,3637.0,1.02,6.2,3713.86,40.0,8.7656,5956.447,64.6,5.359999999999999,0.12989181067676217,87.0,64.8,95.3,85.5,93.2,94.0,92.0,100.0
182661,Álvaro Núñez,Elche,La Liga,25.0,626953.0,2030-06-30 00:00:00,RB,CB,FB,transfermarkt_profile_and_lineups,95.0,,Right-Back,25.0,0.0,2.0,1984.0,0.0,2.08,2063.36,24.0,1.456,2063.36,24.0,1.456,0.06350806451612903,36.2,24.3,53.0,21.0,20.4,50.5,20.5,73.8
533,R. Kristensen,Eintracht Frankfurt,Bundesliga,28.0,369684.0,2031-06-30 00:00:00,RB,RM,FB,transfermarkt_profile_and_lineups,95.0,,Right-Back,28.0,3.0,0.0,2081.0,3.2,0.0,2125.8,25.0,8.867899999999999,4683.363,52.45,3.2,0.1354784081287045,65.7,67.5,54.7,85.8,74.6,56.4,76.2,77.9
27157,M. Saliakas,FC St. Pauli,Bundesliga,29.0,242661.0,,RB,RM,FB,transfermarkt_profile_and_lineups,95.0,,Right-Back,20.0,1.0,4.0,1269.0,1.0,4.0,1253.1,12.0,5.67,2574.365,26.85,3.8,0.27292315058654537,71.9,89.6,23.7,67.2,31.7,30.9,37.0,45.4
3007,P. Frankowski,Rennes,Ligue 1,30.0,239743.0,2027-06-30 00:00:00,RB,RM,FB,transfermarkt_profile_and_lineups,95.0,,Right-Back,19.0,1.0,2.0,1217.0,0.98,1.96,1192.66,15.0,8.133,3240.5290000000005,40.0,2.352,0.17748562037797863,52.2,71.6,21.0,81.4,45.6,25.7,50.9,46.9
1703,A. Rațiu,Rayo Vallecano,La Liga,27.0,527966.0,2030-06-30 00:00:00,RB,,FB,transfermarkt_profile_and_lineups,95.0,,Right-Back,38.0,0.0,4.0,2954.0,0.0,4.16,3049.51,40.0,5.5272,5113.9800000000005,61.7,2.912,0.08594167587579643,62.6,42.9,80.8,66.3,85.5,78.0,82.6,99.2
25914,Aarón Martín,Genoa,Serie A,28.0,251878.0,2027-06-30 00:00:00,LB,LM,FB,transfermarkt_profile_and_lineups,95.0,,Left-Back,35.0,1.0,6.0,2341.0,1.02,6.0,2366.22,28.0,8.5758,4638.579,54.05,5.219999999999999,0.19854451403504322,85.5,85.5,63.9,84.6,72.5,67.1,74.3,88.8
14330,J. Juranović,Union Berlin,Bundesliga,30.0,362977.0,,RB,LM,FB,transfermarkt_profile_and_lineups,95.0,,Right-Back,11.0,1.0,1.0,325.0,1.0,1.0,325.0,3.0,2.33,1518.44,16.15,1.7,0.4707692307692308,41.1,76.3,2.1,31.7,13.3,7.9,16.1,13.7
231,J. Teze,Monaco,Ligue 1,26.0,364245.0,2029-06-30 00:00:00,RB,CDM,FB,transfermarkt_profile_and_lineups,95.0,,Right-Back,42.0,4.0,2.0,3167.0,4.58,1.96,3251.7200000000003,35.0,9.3392,4655.746,53.15,5.952,0.16473743126714477,89.9,77.2,85.5,87.9,73.1,86.2,75.3,100.0
753,Marcos Llorente,Atletico Madrid,La Liga,30.0,282411.0,2027-06-30 00:00:00,RB,CM,FB,transfermarkt_profile_and_lineups,95.0,,Right-Back,52.0,4.0,6.0,4131.0,4.8,6.5600000000000005,4314.96,47.0,18.9872,7498.876,79.85,9.392,0.19589521107959285,97.0,84.9,99.4,99.1,99.1,99.1,99.1,100.0
2284,Emerson,Marseille,Ligue 1,31.0,181778.0,2027-06-30 00:00:00,LB,LM,FB,transfermarkt_profile_and_lineups,95.0,,Left-Back,34.0,0.0,3.0,2596.0,0.0,2.94,2609.84,29.0,4.4394,5108.612,55.9,2.058,0.07096986788462127,47.2,31.7,70.4,56.8,85.2,66.9,80.9,94.6
1257,J. Koundé,Barcelona,La Liga,27.0,411975.0,2030-06-30 00:00:00,RB,,FB,transfermarkt_profile_and_lineups,95.0,,Right-Back,47.0,3.0,4.0,3529.0,3.44,4.32,3726.04,39.0,13.21725,7568.915000000001,80.0,6.464,0.156133589548153,92.0,74.6,95.6,94.7,99.4,95.0,98.7,100.0
125171,J. Stanišić,Bayern München,Bundesliga,25.0,483046.0,2029-06-30 00:00:00,RB,LB,FB,transfermarkt_profile_and_lineups,95.0,,Right-Back,47.0,3.0,7.0,3448.0,3.2,7.0,3448.15,39.0,11.423,4971.4400000000005,54.2,8.1,0.21141771674666124,95.3,87.9,90.2,93.2,82.2,91.0,83.9,100.0
413065,Noahkai Kai Daniel Banks,FC Augsburg,Bundesliga,19.0,923945.0,2029-06-30 00:00:00,CB,,CB,transfermarkt_profile_and_lineups,95.0,,Centre-Back,23.0,1.0,1.0,1727.0,1.0,1.0,1727.0,20.0,1.7,1877.7,21.1,1.7,0.08859293572669368,63.0,73.6,38.1,45.1,22.1,41.8,25.6,63.8
272460,Q. Merlin,Rennes,Ligue 1,23.0,557613.0,2029-06-30 00:00:00,LB,LM,FB,transfermarkt_profile_and_lineups,95.0,,Left-Back,33.0,1.0,6.0,2532.0,0.98,5.88,2481.36,27.0,7.1785,4093.222,47.25,5.096,0.18483412322274884,84.8,83.1,66.9,74.6,63.3,69.5,65.0,91.0
161747,G. Doué,Strasbourg,Ligue 1,23.0,711980.0,2029-06-30 00:00:00,RB,CB,FB,transfermarkt_profile_and_lineups,95.0,,Right-Back,24.0,2.0,6.0,2064.0,1.96,5.88,2022.72,29.0,8.1928,3947.996,50.6,6.076,0.2703488372093023,90.2,95.6,51.5,82.0,59.8,57.3,63.1,80.0
374359,D. Bartesaghi,AC Milan,Serie A,20.0,887638.0,2030-06-30 00:00:00,LB,LM,FB,transfermarkt_profile_and_lineups,95.0,,Left-Back,33.0,2.0,1.0,2536.0,2.04,0.9,2575.56,28.0,2.67,2699.007,28.55,2.67,0.09330009784279923,59.0,48.2,69.8,36.5,34.0,68.2,34.4,92.0
50026,C. Awaziem,Nantes,Ligue 1,29.0,358143.0,2028-06-30 00:00:00,CB,,CB,transfermarkt_profile_and_lineups,95.0,,Centre-Back,26.0,1.0,2.0,2232.0,0.98,1.96,2187.36,25.0,2.5158,2664.1440000000002,31.9,2.352,0.09677419354838708,74.6,78.3,53.6,59.5,37.1,56.7,40.5,80.2
162434,Alejandro Francés,Girona,La Liga,23.0,632896.0,2029-06-30 00:00:00,CB,RB,CB,transfermarkt_profile_and_lineups,95.0,,Centre-Back,25.0,0.0,2.0,1200.0,0.0,2.08,1235.4,12.0,1.456,2239.722,22.450000000000003,1.456,0.1060709082078679,57.7,75.0,23.8,40.4,28.1,28.9,29.9,45.8
10238,Carlos Augusto,Inter,Serie A,26.0,585982.0,2028-06-30 00:00:00,LB,CB,FB,transfermarkt_profile_and_lineups,95.0,,Left-Back,49.0,2.0,3.0,2704.0,2.2199999999999998,2.79,2729.01,28.0,9.2634,4931.145,46.65,4.173,0.13762133520947156,76.6,67.8,72.2,87.6,81.1,72.9,82.0,98.0
1156,T. Krauß,1. FC Köln,Bundesliga,24.0,405687.0,2029-06-30 00:00:00,CDM,,DM,transfermarkt_profile_and_lineups,95.0,,Defensive Midfield,27.0,0.0,2.0,1862.0,0.0,2.0,1854.5,20.0,2.12,2878.65,31.35,1.4,0.06794284173631707,42.0,35.6,40.8,35.1,39.7,41.3,38.0,68.1
506,N. Süle,Borussia Dortmund,Bundesliga,30.0,166601.0,2027-06-30 00:00:00,CB,,CB,transfermarkt_profile_and_lineups,95.0,,Centre-Back,17.0,0.0,1.0,939.0,0.0,1.0,868.6,12.0,1.0,2308.56,26.8,0.7,0.07253050886483997,33.5,58.3,15.5,28.2,29.3,18.2,29.1,37.5
20600,R. Perraud,Lille,Ligue 1,28.0,318523.0,2028-06-30 00:00:00,LB,,FB,transfermarkt_profile_and_lineups,95.0,,Left-Back,40.0,3.0,5.0,2916.0,2.94,4.9,2937.6000000000004,34.0,8.5206,4337.915000000001,51.1,6.37,0.19515931372549017,91.4,84.6,78.7,84.3,68.3,80.6,70.7,100.0
162452,D. Rensch,AS Roma,Serie A,22.0,557407.0,2029-06-30 00:00:00,RB,RM,FB,transfermarkt_profile_and_lineups,95.0,,Right-Back,32.0,1.0,5.0,1633.0,1.02,5.1,1692.98,17.0,7.14495,3743.871,45.4,4.59,0.24400760788668502,81.1,92.3,37.3,74.0,55.6,43.8,58.4,62.3
943,U. Garcia,Sassuolo,Serie A,29.0,192616.0,2028-06-30 00:00:00,LB,LM,FB,transfermarkt_profile_and_lineups,95.0,,Left-Back,19.0,1.0,2.0,1268.0,1.02,2.04,1305.22,13.0,4.6579,2254.36,23.3,2.448,0.1687991296486416,54.4,71.0,26.0,58.3,24.0,30.3,29.1,46.0
8673,O. Deman,Werder Bremen,Bundesliga,25.0,621802.0,2028-06-30 00:00:00,LB,LM,FB,transfermarkt_profile_and_lineups,95.0,,Left-Back,17.0,1.0,3.0,1266.0,1.0,3.0,1264.9,14.0,3.9099999999999997,2187.072,24.9,3.0999999999999996,0.2205707961103644,64.2,82.5,24.3,50.0,21.9,30.3,26.1,46.2
26302,Pablo Maffeo,Mallorca,La Liga,28.0,251876.0,2029-06-30 00:00:00,RB,,FB,transfermarkt_profile_and_lineups,95.0,,Right-Back,32.0,1.0,2.0,2691.0,1.04,2.08,2795.98,30.0,4.2346,4665.8150000000005,51.35,2.496,0.0803439223456534,56.2,38.8,74.3,54.7,73.7,71.6,70.8,96.8
31042,G. Di Lorenzo,Napoli,Serie A,32.0,169880.0,2028-06-30 00:00:00,RB,CB,FB,transfermarkt_profile_and_lineups,95.0,,Right-Back,35.0,2.0,3.0,3019.0,2.04,3.06,3131.7599999999998,35.0,9.4038,6352.679999999999,69.7,4.182,0.12018162311288222,76.9,61.2,83.4,88.5,96.7,82.5,95.5,98.1
8486,E. Smith,FC St. Pauli,Bundesliga,28.0,292534.0,2027-06-30 00:00:00,CB,CDM,CB,transfermarkt_profile_and_lineups,95.0,,Centre-Back,30.0,2.0,2.0,2636.0,2.0,2.0,2603.8,29.0,4.83,4263.150000000001,47.7,3.4,0.11752054689300251,85.4,84.8,65.2,83.6,66.7,68.3,69.2,93.9
96331,K. Kouao,Metz,Ligue 1,27.0,481513.0,,RB,,FB,transfermarkt_profile_and_lineups,95.0,,Right-Back,27.0,2.0,2.0,2274.0,1.96,1.96,2228.52,27.0,3.7436,2482.242,30.0,3.332,0.13456464379947228,67.2,66.9,59.2,47.0,28.7,60.4,31.4,83.4
196187,A. Seidu,Rennes,Ligue 1,25.0,798404.0,2029-06-30 00:00:00,CB,RB,CB,transfermarkt_profile_and_lineups,95.0,,Centre-Back,21.0,0.0,1.0,1185.0,0.0,0.98,1161.3,13.0,0.8917999999999999,2122.197,24.5,0.6859999999999999,0.05316455696202531,31.2,51.4,21.7,25.5,26.2,23.1,26.1,45.0
119742,Juan Iglesias,Getafe,La Liga,27.0,390688.0,2030-06-30 00:00:00,RB,LB,FB,transfermarkt_profile_and_lineups,95.0,,Right-Back,38.0,1.0,3.0,3217.0,1.04,2.98,3341.76,36.0,3.9631999999999996,5705.372000000001,61.5,3.126,0.08418916977879919,64.5,41.7,88.5,50.9,90.8,84.9,84.8,99.2
47566,Javi Galán,Osasuna,La Liga,31.0,448628.0,2028-06-30 00:00:00,LB,,FB,transfermarkt_profile_and_lineups,95.0,,Left-Back,31.0,0.0,2.0,2286.0,0.0,1.94,2301.08,25.0,3.7751,4337.67,47.75,1.3579999999999999,0.05311418985867506,32.5,17.2,62.4,47.6,68.0,57.9,65.0,83.2
25917,R. Baku,RB Leipzig,Bundesliga,27.0,327251.0,2027-06-30 00:00:00,RB,,FB,transfermarkt_profile_and_lineups,95.0,,Right-Back,35.0,2.0,4.0,2758.0,2.0,3.9,2733.6,31.0,9.7715,4952.585,56.6,4.73,0.15572870939420547,82.2,74.3,72.5,89.6,81.7,73.9,82.9,98.1
264,T. Meunier,Lille,Ligue 1,34.0,100986.0,,RB,,FB,transfermarkt_profile_and_lineups,95.0,,Right-Back,33.0,2.0,3.0,2391.0,1.96,3.06,2400.9,26.0,6.695,4488.545,49.900000000000006,4.102,0.1537673372485318,76.0,73.4,64.8,72.5,71.3,66.5,71.5,87.1
20654,F. Centonze,Nantes,Ligue 1,29.0,384859.0,2027-06-30 00:00:00,RB,RM,FB,transfermarkt_profile_and_lineups,95.0,,Right-Back,15.0,3.0,0.0,733.0,2.94,0.0,718.34,9.0,3.1542,1093.156,13.05,2.94,0.36834924965893584,63.3,87.0,9.8,41.7,6.8,17.8,12.0,29.6
156490,N. Nkounkou,Torino,Serie A,25.0,591193.0,2028-06-30 00:00:00,LB,LM,FB,transfermarkt_profile_and_lineups,95.0,,Left-Back,14.0,0.0,1.0,533.0,0.0,1.02,521.58,5.0,2.2439999999999998,1496.6200000000001,17.4,0.714,0.1232025767859197,21.4,55.3,5.0,29.9,12.1,7.5,14.8,21.1
20,A. Witsel,Girona,La Liga,36.0,35047.0,,CDM,,DM,transfermarkt_profile_and_lineups,95.0,,Defensive Midfield,33.0,2.0,2.0,2578.0,1.79,2.08,2668.07,30.0,4.2704,4789.962,51.75,3.246,0.10949487832028394,66.1,63.2,68.4,59.2,75.3,67.4,69.7,94.9
321744,A. Obert,Cagliari,Serie A,23.0,568333.0,2030-06-30 00:00:00,LB,LM,FB,transfermarkt_profile_and_lineups,95.0,,Left-Back,37.0,0.0,3.0,2961.0,0.0,3.06,2998.74,35.0,3.2847,4014.711,46.3,2.142,0.06428700054022689,49.1,24.6,79.6,42.9,61.5,75.0,58.7,98.9
41577,Nuno Tavares,Lazio,Serie A,25.0,535955.0,2029-06-30 00:00:00,LB,,FB,transfermarkt_profile_and_lineups,95.0,,Left-Back,27.0,0.0,1.0,1710.0,0.0,0.9,1715.52,19.0,4.1951,3079.2920000000004,35.400000000000006,0.63,0.033051203133743705,16.7,10.4,38.2,53.6,42.6,34.9,44.2,64.0
283,T. Alexander-Arnold,Real Madrid,La Liga,27.0,314353.0,2031-06-30 00:00:00,RB,,FB,transfermarkt_profile_and_lineups,95.0,,Right-Back,35.0,0.0,7.0,2184.0,0.0,6.86,2259.06,27.0,12.792800000000002,4905.84,55.5,4.802,0.19130965976999284,83.1,84.0,60.1,94.1,79.9,63.5,82.0,84.6
288,Alberto Moreno,Como,Serie A,33.0,207917.0,,LB,,FB,transfermarkt_profile_and_lineups,95.0,,Left-Back,23.0,2.0,2.0,1515.0,2.04,2.04,1511.58,16.0,4.7598,3125.268,34.7,3.468,0.20648592863096893,69.1,83.4,33.1,59.5,43.8,38.5,46.1,55.5
284570,B. Norton-Cuffy,Genoa,Serie A,21.0,728733.0,2029-06-30 00:00:00,RB,RM,FB,transfermarkt_profile_and_lineups,95.0,,Right-Back,29.0,2.0,1.0,2383.0,2.04,1.02,2410.5,27.0,2.754,2814.9809999999998,31.4,2.754,0.10282514001244555,60.9,55.0,65.1,37.6,37.6,64.5,37.6,86.4
47985,E. Holm,Bologna,Serie A,25.0,496745.0,2028-06-30 00:00:00,RB,,FB,transfermarkt_profile_and_lineups,95.0,,Right-Back,27.0,1.0,5.0,1483.0,1.02,4.98,1476.38,16.0,6.597300000000001,2861.909,31.299999999999997,4.506,0.27468537910294094,80.8,92.9,32.2,72.2,39.1,39.5,44.0,56.3
509,A. Davies,Bayern München,Bundesliga,25.0,424204.0,2030-06-30 00:00:00,LB,,FB,transfermarkt_profile_and_lineups,95.0,,Left-Back,23.0,1.0,5.0,841.0,1.0,5.4,872.8,8.0,10.4485,3205.125,33.05,4.779999999999999,0.4928964252978918,82.5,97.0,12.7,92.0,45.0,23.2,52.0,33.8
7578,G. Mensah,Auxerre,Ligue 1,27.0,397171.0,2028-06-30 00:00:00,LB,,FB,transfermarkt_profile_and_lineups,95.0,,Left-Back,30.0,0.0,1.0,2334.0,0.0,0.98,2287.32,26.0,1.0633,3518.3960000000006,40.3,0.6859999999999999,0.02699228791773779,18.3,7.7,60.9,15.4,51.5,54.6,46.1,84.8
174625,F. Doucouré,Le Havre,Ligue 1,24.0,798925.0,2027-06-30 00:00:00,RB,RM,FB,transfermarkt_profile_and_lineups,95.0,,Right-Back,26.0,3.0,1.0,1242.0,2.94,0.98,1217.16,15.0,3.626,1217.16,15.0,3.626,0.2681159420289855,70.4,88.2,21.9,46.4,8.3,29.2,14.0,50.0
46759,A. Espino,Rayo Vallecano,La Liga,33.0,311044.0,2028-06-30 00:00:00,LB,LW,FB,transfermarkt_profile_and_lineups,95.0,,Left-Back,34.0,2.0,0.0,1841.0,2.08,0.0,1837.24,24.0,3.5403000000000002,3255.4970000000003,39.6,2.08,0.10189196838736365,48.2,54.7,42.6,45.3,46.2,43.4,46.0,74.3
22222,Z. Çelik,AS Roma,Serie A,28.0,251075.0,,RB,RM,FB,transfermarkt_profile_and_lineups,95.0,,Right-Back,45.0,1.0,4.0,3637.0,1.02,4.24,3764.2200000000003,43.0,6.2639,6052.825000000001,68.7,3.988,0.09535043116502222,74.0,51.2,96.2,70.4,93.8,92.8,90.3,100.0
162032,Miguel Gutiérrez,Napoli,Serie A,24.0,525299.0,2030-06-30 00:00:00,LB,LM,FB,transfermarkt_profile_and_lineups,95.0,,Left-Back,36.0,1.0,1.0,1833.0,1.02,1.02,1913.73,18.0,7.8453,4741.427000000001,48.95,1.734,0.08154755373015002,42.5,39.9,45.9,78.4,75.7,45.3,76.1,68.8
568225,L. Reggiani,Borussia Dortmund,Bundesliga,17.0,1074990.0,,CB,,CB,transfermarkt_profile_and_lineups,95.0,,Centre-Back,9.0,1.0,0.0,603.0,1.0,0.0,621.0,7.0,1.0,621.0,7.0,1.0,0.14492753623188406,47.3,72.1,8.6,28.2,4.3,14.4,7.9,22.7
384112,P. Katseris,Lorient,Ligue 1,24.0,816308.0,2028-06-30 00:00:00,RM,,W,transfermarkt_profile_and_lineups,95.0,,Right Midfield,16.0,1.0,2.0,746.0,0.98,1.96,731.08,8.0,2.8518,1039.486,11.9,2.352,0.28954423592493295,23.5,44.9,18.1,15.1,13.9,28.8,14.6,29.2
9700,Abner,Lyon,Ligue 1,25.0,646402.0,2029-06-30 00:00:00,LB,LM,FB,transfermarkt_profile_and_lineups,95.0,,Left-Back,33.0,4.0,3.0,2543.0,4.04,3.06,2538.46,30.0,8.152700000000001,3933.723,44.8,6.182,0.21918013283644414,90.8,89.9,68.0,81.7,59.5,71.5,62.8,94.2
129119,I. Van der Brempt,Como,Serie A,23.0,490423.0,2028-06-30 00:00:00,RB,RM,FB,transfermarkt_profile_and_lineups,95.0,,Right-Back,23.0,0.0,2.0,1067.0,0.0,1.92,1072.02,13.0,2.1294,1853.9605000000001,21.25,1.3439999999999999,0.11283371578888453,31.8,56.8,17.8,27.8,18.3,19.9,19.8,43.4
162907,A. Zanoli,Udinese,Serie A,25.0,397225.0,2029-06-30 00:00:00,RB,RM,FB,transfermarkt_profile_and_lineups,95.0,,Right-Back,20.0,1.0,3.0,1382.0,1.02,2.94,1398.84,17.0,4.4601,2716.1459999999997,30.75,3.078,0.19803551514111692,63.9,80.5,29.9,57.1,34.6,35.0,38.0,52.7
1157,K. Laimer,Bayern München,Bundesliga,28.0,223967.0,2027-06-30 00:00:00,RB,LB,FB,transfermarkt_profile_and_lineups,95.0,,Right-Back,50.0,3.0,13.0,3505.0,3.0,13.8,3554.9,39.0,17.189,5936.68,64.45,12.66,0.32051534501673745,98.5,98.2,92.6,97.6,92.6,93.5,93.4,100.0
7327,A. Prass,1899 Hoffenheim,Bundesliga,24.0,434116.0,2028-06-30 00:00:00,LM,LW,W,transfermarkt_profile_and_lineups,95.0,,Left Midfield,34.0,3.0,2.0,1417.0,3.0,2.0,1405.1,13.0,5.17,2526.495,26.200000000000003,4.4,0.2818304746993097,43.7,39.8,41.3,26.2,44.9,42.7,32.7,54.6
1812,D. da Costa,FSV Mainz 05,Bundesliga,32.0,85906.0,2027-06-30 00:00:00,CB,RM,CB,transfermarkt_profile_and_lineups,95.0,,Centre-Back,37.0,2.0,3.0,2968.0,2.0,3.0,2914.0,41.0,4.694999999999999,4297.0,57.75,4.1,0.12663006177076183,90.0,86.9,75.2,82.4,67.4,77.5,69.6,98.9
30399,D. Hancko,Atletico Madrid,La Liga,28.0,404418.0,2030-06-30 00:00:00,CB,LB,CB,transfermarkt_profile_and_lineups,95.0,,Centre-Back,49.0,3.0,3.0,4074.0,3.3,3.2800000000000002,4327.02,45.0,11.2687,7517.205000000001,85.25,5.596,0.11639419277008194,94.8,84.0,97.4,98.1,98.6,97.0,98.5,100.0
283668,Arnau Martínez,Girona,La Liga,22.0,826224.0,2027-06-30 00:00:00,RB,LB,FB,transfermarkt_profile_and_lineups,95.0,,Right-Back,36.0,2.0,3.0,2739.0,2.08,3.12,2840.02,33.0,7.6761,5151.218000000001,58.5,4.263999999999999,0.13512580897317622,77.8,67.2,75.7,77.5,86.1,76.1,84.8,98.5
25353,V. Lazaro,Torino,Serie A,29.0,186368.0,,RM,LM,W,transfermarkt_profile_and_lineups,95.0,,Right Midfield,35.0,0.0,2.0,2417.0,0.0,2.04,2446.5,27.0,5.0337,4459.197,49.0,1.428,0.05253218884120172,14.8,0.3,74.7,25.3,78.6,11.1,44.0,89.4
343316,J. Belocian,VfL Wolfsburg,Bundesliga,20.0,919515.0,2029-06-30 00:00:00,CB,LB,CB,transfermarkt_profile_and_lineups,95.0,,Centre-Back,25.0,0.0,1.0,1737.0,0.0,1.0,1756.0,19.0,0.9057999999999999,2368.714,26.35,0.7,0.035876993166287015,33.5,35.7,38.8,25.7,30.0,38.0,29.4,63.8
32893,H. Ito,Bayern München,Bundesliga,26.0,353892.0,2028-06-30 00:00:00,CB,LB,CB,transfermarkt_profile_and_lineups,95.0,,Centre-Back,22.0,1.0,2.0,1048.0,1.0,2.0,1071.9,11.0,3.37,1973.13,21.05,2.4,0.20151133501259444,75.8,90.0,20.0,70.2,23.1,28.4,30.2,40.6
50735,M. McKenzie,Toulouse,Ligue 1,26.0,429259.0,2027-06-30 00:00:00,CB,,CB,transfermarkt_profile_and_lineups,95.0,,Centre-Back,29.0,0.0,2.0,2405.0,0.0,1.96,2356.9,27.0,2.7733999999999996,4285.602,52.25,1.3719999999999999,0.05239085239085239,56.5,51.2,58.1,62.9,67.1,57.9,66.5,86.9
2336,L. Négo,Le Havre,Ligue 1,34.0,122840.0,2028-05-31 00:00:00,RB,,FB,transfermarkt_profile_and_lineups,95.0,,Right-Back,30.0,0.0,0.0,2340.0,0.0,0.0,2293.2000000000003,26.0,1.4062999999999999,4080.2300000000005,46.8,0.0,0.0,7.8,1.6,61.5,20.1,62.7,53.5,56.3,84.9
157988,Sergio Carreira,Celta Vigo,La Liga,25.0,545647.0,2029-06-30 00:00:00,RB,LB,FB,transfermarkt_profile_and_lineups,95.0,,Right-Back,45.0,2.0,1.0,3514.0,2.08,1.04,3689.0200000000004,36.0,4.4096,4736.319,47.55,2.808,0.06850599888317221,61.7,28.4,94.1,56.5,75.4,89.2,72.6,100.0
733,Dani Carvajal,Real Madrid,La Liga,33.0,138927.0,,RB,,FB,transfermarkt_profile_and_lineups,95.0,,Right-Back,24.0,0.0,1.0,1104.0,0.0,1.04,1156.19,10.0,4.6597,2727.86,26.6,0.728,0.056668886601683115,23.8,30.8,20.1,58.6,34.9,20.7,38.5,41.5
341453,Oso,Sevilla,La Liga,22.0,,,FB,,FB,statistical_fallback,67.9,,,0.0,0.0,0.0,0.0,0.0,0.0,0.0,0.0,0.0,0.0,0.0,0.0,0.0,7.8,49.6,0.7,2.4,0.7,1.8,1.0,0.0
291649,Vanderson,Monaco,Ligue 1,24.0,789082.0,2028-06-30 00:00:00,RB,RM,FB,transfermarkt_profile_and_lineups,95.0,,Right-Back,22.0,0.0,2.0,1203.0,0.0,1.96,1308.74,15.0,5.0546999999999995,3461.828,39.150000000000006,1.3719999999999999,0.09435029111970292,33.6,48.8,26.3,61.8,50.0,27.4,51.8,47.8
6503,N. Molina,Atletico Madrid,La Liga,27.0,424042.0,2027-06-30 00:00:00,RB,,FB,transfermarkt_profile_and_lineups,95.0,,Right-Back,48.0,2.0,4.0,2414.0,2.08,3.88,2563.04,24.0,8.440399999999999,4898.168,46.55,4.795999999999999,0.16840938885073972,82.8,78.1,69.5,83.7,79.3,71.5,80.0,88.2
181734,Pep Chavarría,Rayo Vallecano,La Liga,27.0,596122.0,2030-06-30 00:00:00,LB,,FB,transfermarkt_profile_and_lineups,95.0,,Left-Back,36.0,1.0,2.0,2799.0,1.04,2.08,2894.44,36.0,3.6158,4843.738,56.2,2.496,0.0776108677326184,56.2,36.1,76.9,45.9,77.8,73.8,73.0,98.5
22007,H. Kamara,Udinese,Serie A,31.0,290017.0,2027-06-30 00:00:00,LB,LM,FB,transfermarkt_profile_and_lineups,95.0,,Left-Back,27.0,0.0,2.0,1959.0,0.0,2.04,1987.3799999999999,23.0,4.08,3911.535,46.25,1.428,0.0646680554297618,35.4,25.1,49.7,52.4,59.2,47.6,58.2,73.0
9,A. Hakimi,Paris Saint Germain,Ligue 1,27.0,398073.0,2029-06-30 00:00:00,RB,,FB,transfermarkt_profile_and_lineups,95.0,,Right-Back,38.0,5.0,11.0,3091.0,4.66,11.86,3109.02,35.0,25.903399999999998,6218.747,67.7,12.962,0.37522434722195414,99.1,98.8,82.5,99.4,95.0,85.0,95.6,99.2
179955,Javi Rueda,Celta Vigo,La Liga,23.0,652331.0,2029-06-30 00:00:00,RB,,FB,transfermarkt_profile_and_lineups,95.0,,Right-Back,38.0,4.0,7.0,2082.0,4.28,7.34,2196.7000000000003,24.0,9.418,2202.628,24.0,9.418,0.3858606090954613,97.3,99.1,58.3,88.8,22.8,64.1,32.7,80.7
8,Raphaël Guerreiro,Bayern München,Bundesliga,32.0,170986.0,,LB,CAM,FB,transfermarkt_profile_and_lineups,95.0,,Left-Back,32.0,6.0,3.0,1427.0,6.2,3.0,1428.35,16.0,13.719000000000001,3212.11,35.4,8.3,0.52298106206462,95.6,99.4,31.4,95.3,45.3,41.0,52.8,57.1
22247,K. Lala,Stade Brestois 29,Ligue 1,34.0,174196.0,2027-06-30 00:00:00,RB,,FB,transfermarkt_profile_and_lineups,95.0,,Right-Back,32.0,0.0,3.0,2792.0,0.0,2.94,2736.16,31.0,5.635,5531.755,61.25,2.058,0.06769340974212033,47.2,27.5,73.1,66.9,89.1,69.2,85.7,97.0
384135,Javi Rodríguez,Celta Vigo,La Liga,22.0,1076815.0,2028-06-30 00:00:00,CB,,CB,transfermarkt_profile_and_lineups,95.0,,Centre-Back,46.0,0.0,2.0,3633.0,0.0,2.14,3818.6400000000003,40.0,4.3613,5393.236000000001,55.95,1.498,0.03530576330840299,58.3,35.0,93.8,80.2,82.9,88.5,82.5,100.0
31543,A. Gallo,Lecce,Serie A,25.0,392516.0,2027-06-30 00:00:00,LB,,FB,transfermarkt_profile_and_lineups,95.0,,Left-Back,39.0,0.0,4.0,3181.0,0.0,4.08,3229.86,35.0,4.6305,5557.392,62.2,2.856,0.07958239676023109,62.1,37.9,85.2,58.0,89.3,81.7,84.6,99.6
280074,N. Brown,Eintracht Frankfurt,Bundesliga,22.0,691892.0,2031-06-30 00:00:00,LB,LM,FB,transfermarkt_profile_and_lineups,95.0,,Left-Back,42.0,4.0,6.0,3461.0,4.0,6.4,3585.6,38.0,12.825,4902.08,52.85,8.48,0.21285140562248997,96.4,88.8,92.9,94.4,79.6,93.4,81.8,100.0
2181,G. Tsitaishvili,Metz,Ligue 1,25.0,419067.0,,LW,,W,transfermarkt_profile_and_lineups,95.0,,Left Winger,33.0,3.0,2.0,2459.0,2.94,1.96,2409.82,28.0,4.311999999999999,2409.82,28.0,4.311999999999999,0.16104107360715736,42.9,6.3,72.9,22.9,42.5,33.8,29.7,90.5
162012,M. Ruggeri,Atletico Madrid,La Liga,23.0,616631.0,2030-06-30 00:00:00,LB,,FB,transfermarkt_profile_and_lineups,95.0,,Left-Back,47.0,0.0,7.0,3485.0,0.0,7.62,3735.4,39.0,8.4741,6107.296,64.8,5.334,0.12851635701665148,86.4,63.9,95.9,84.0,94.4,94.4,92.8,100.0
135883,R. Hendriks,VfB Stuttgart,Bundesliga,24.0,436064.0,2028-06-30 00:00:00,CB,LB,CB,transfermarkt_profile_and_lineups,95.0,,Centre-Back,49.0,0.0,4.0,3327.0,0.0,3.9,3358.9500000000003,36.0,3.115,4851.985000000001,53.05,2.73,0.07314785870584557,79.8,66.4,86.7,66.0,76.0,85.6,74.5,100.0
20520,I. Balliu,Rayo Vallecano,La Liga,33.0,85295.0,2027-06-30 00:00:00,RB,,FB,transfermarkt_profile_and_lineups,95.0,,Right-Back,19.0,0.0,1.0,997.0,0.0,0.9,952.87,17.0,0.8484,2695.697,35.4,0.63,0.0595044444677658,16.7,34.6,14.5,12.7,33.7,14.8,30.6,44.4
70500,Sergi Cardona,Villarreal,La Liga,26.0,678406.0,2027-06-30 00:00:00,LB,,FB,transfermarkt_profile_and_lineups,95.0,,Left-Back,42.0,1.0,4.0,2647.0,1.04,4.16,2799.6000000000004,28.0,8.075600000000001,5415.027000000001,56.0,3.952,0.12704672096013714,73.5,63.0,74.6,80.8,87.9,74.4,86.8,96.9
11421,G. Suazo,Sevilla,La Liga,28.0,385105.0,2028-06-30 00:00:00,LB,,FB,transfermarkt_profile_and_lineups,95.0,,Left-Back,30.0,0.0,2.0,2127.0,0.0,2.08,2207.7400000000002,25.0,5.202999999999999,4277.937000000001,48.15,1.456,0.05935481533151547,36.2,21.0,58.9,63.6,66.9,55.5,66.4,79.6
336560,Álex Valle,Como,Serie A,21.0,709957.0,2029-06-30 00:00:00,LB,,FB,transfermarkt_profile_and_lineups,95.0,,Left-Back,31.0,1.0,4.0,2284.0,1.02,4.08,2298.6,26.0,5.2389,3296.124,37.0,3.876,0.1517619420516836,72.6,72.8,61.8,63.9,46.7,63.5,49.3,84.2
128853,D. Köhn,Union Berlin,Bundesliga,27.0,391780.0,2029-06-30 00:00:00,LB,LM,FB,transfermarkt_profile_and_lineups,95.0,,Left-Back,29.0,1.0,2.0,1902.0,1.0,2.0,1902.0,21.0,4.8316,3150.8775,35.9,2.4,0.11356466876971608,53.4,59.5,44.1,60.9,44.4,45.5,46.9,70.6
102,D. Sidibé,Toulouse,Ligue 1,33.0,161869.0,,RB,RM,FB,transfermarkt_profile_and_lineups,95.0,,Right-Back,32.0,3.0,4.0,2147.0,2.94,3.92,2104.06,25.0,7.145899999999999,3653.384,44.5,5.683999999999999,0.24312994876571958,89.1,93.2,54.4,74.3,53.6,59.6,56.7,80.7
40582,S. Walukiewicz,Sassuolo,Serie A,25.0,345458.0,,RB,,FB,transfermarkt_profile_and_lineups,95.0,,Right-Back,36.0,0.0,1.0,2965.0,0.0,1.02,3011.1,34.0,0.714,4695.567,53.55,0.714,0.021341038158812393,21.4,6.2,79.9,9.9,74.9,71.1,65.1,98.5
437093,N. Fortini,Fiorentina,Serie A,19.0,984964.0,2027-06-30 00:00:00,LB,LM,FB,transfermarkt_profile_and_lineups,95.0,,Left-Back,17.0,0.0,0.0,620.0,0.0,0.0,621.6,10.0,0.0,621.6,10.0,0.0,0.0,7.8,21.9,6.8,2.4,3.3,7.0,3.1,29.0
396380,Z. Athekame,AC Milan,Serie A,21.0,990637.0,2030-06-30 00:00:00,RB,RM,FB,transfermarkt_profile_and_lineups,95.0,,Right-Back,29.0,2.0,2.0,873.0,2.04,2.04,881.3100000000001,9.0,3.468,881.3100000000001,9.0,3.468,0.35415461074990634,69.1,90.8,13.3,45.0,4.7,21.7,10.8,37.7
30553,C. Lykogiannis,Bologna,Serie A,32.0,136514.0,,LB,,FB,transfermarkt_profile_and_lineups,95.0,,Left-Back,18.0,0.0,1.0,1092.0,0.0,1.02,1133.04,13.0,4.266,2415.093,26.75,0.714,0.05671467909341241,21.4,31.4,18.9,55.3,28.1,19.3,32.2,42.0
334035,S. Amo-Ameyaw,Strasbourg,Ligue 1,19.0,933900.0,2029-06-30 00:00:00,RW,,W,transfermarkt_profile_and_lineups,95.0,,Right Winger,27.0,2.0,2.0,1176.0,1.96,1.96,1121.43,16.0,4.635,1327.987,18.25,3.332,0.267408576549584,32.2,37.7,31.0,23.5,19.3,33.6,22.0,50.1
286601,O. El Hilali,Espanyol,La Liga,22.0,822331.0,2027-06-30 00:00:00,RB,,FB,transfermarkt_profile_and_lineups,95.0,,Right-Back,37.0,0.0,3.0,2918.0,0.0,2.98,3022.1200000000003,33.0,2.8868,4845.898000000001,52.8,2.086,0.062121954124918916,48.5,22.2,80.2,39.1,78.1,75.4,72.2,98.9
1702,Pedraza,Villarreal,La Liga,29.0,356197.0,2029-06-30 00:00:00,LB,,FB,transfermarkt_profile_and_lineups,95.0,,Left-Back,35.0,1.0,4.0,2028.0,1.04,4.32,2135.6,22.0,5.832,2812.866,29.0,4.064,0.17126802772054692,75.1,78.7,55.6,67.8,37.3,58.6,41.8,76.4
331369,Angel Pérez,Alaves,La Liga,23.0,1124136.0,2030-06-30 00:00:00,RW,RB,W,transfermarkt_profile_and_lineups,95.0,,Right Winger,20.0,3.0,4.0,1415.0,2.84,4.02,1454.24,15.0,5.654,1454.24,15.0,5.654,0.3499147320937397,52.7,60.5,41.9,29.5,21.4,54.7,26.7,51.3
161702,Danilo Veiga,Lecce,Serie A,23.0,728485.0,2027-06-30 00:00:00,RB,,FB,transfermarkt_profile_and_lineups,95.0,,Right-Back,38.0,0.0,1.0,3145.0,0.0,1.02,3193.14,34.0,1.3146,3948.312,42.8,0.714,0.020124391664631053,21.4,5.9,84.3,18.0,60.1,74.9,53.8,99.2
10316,Caio Henrique,Monaco,Ligue 1,28.0,420064.0,2027-06-30 00:00:00,LB,LM,FB,transfermarkt_profile_and_lineups,95.0,,Left-Back,31.0,0.0,2.0,2298.0,0.0,1.96,2420.34,26.0,4.6648,4004.643,42.95,1.3719999999999999,0.05101762562284637,33.6,16.0,65.7,58.9,60.9,60.9,60.6,84.4
1439,Héctor Bellerín,Real Betis,La Liga,31.0,191217.0,2028-06-30 00:00:00,RB,,FB,transfermarkt_profile_and_lineups,95.0,,Right-Back,29.0,2.0,3.0,1988.0,2.08,3.12,2077.54,22.0,5.283199999999999,3096.1040000000003,33.3,4.263999999999999,0.18471846510777168,77.8,82.8,53.6,64.8,42.9,57.2,46.2,73.4
182181,Jesús Areso,Athletic Club,La Liga,26.0,488626.0,2031-06-30 00:00:00,RB,,FB,transfermarkt_profile_and_lineups,95.0,,Right-Back,35.0,0.0,1.0,1963.0,0.0,1.04,2042.96,18.0,4.0870999999999995,4835.625,48.2,0.728,0.0320711125034264,23.8,9.2,52.1,52.7,77.2,47.8,73.5,71.1
303362,R. Belghali,Hellas Verona,Serie A,23.0,864306.0,2029-06-30 00:00:00,RB,RM,FB,transfermarkt_profile_and_lineups,95.0,,Right-Back,29.0,2.0,0.0,2168.0,2.04,0.0,2153.7599999999998,25.0,3.1671,2884.698,34.15,2.04,0.08524626699353689,45.7,42.6,56.5,42.0,39.3,54.9,39.7,80.0
126980,T. Barbieri,Cremonese,Serie A,23.0,569939.0,2028-06-30 00:00:00,RB,RM,FB,transfermarkt_profile_and_lineups,95.0,,Right-Back,29.0,0.0,1.0,1704.0,0.0,1.02,1738.08,18.0,0.714,1738.08,18.0,0.714,0.03697183098591549,21.4,11.2,38.5,9.9,16.6,35.9,15.6,63.6
193501,B. Meité,Lorient,Ligue 1,24.0,807165.0,2028-06-30 00:00:00,CB,,CB,transfermarkt_profile_and_lineups,95.0,,Centre-Back,25.0,0.0,3.0,1980.0,0.0,2.94,1940.4,22.0,2.058,2512.1620000000003,28.6,2.058,0.09545454545454544,71.5,77.6,45.7,51.2,32.6,49.6,35.4,71.7
313025,Hugo Rincón,Girona,La Liga,22.0,834487.0,2028-06-30 00:00:00,RB,,FB,transfermarkt_profile_and_lineups,95.0,,Right-Back,35.0,1.0,2.0,1928.0,1.04,2.08,1978.94,18.0,2.496,1978.94,18.0,2.496,0.11351531628043296,56.2,59.2,48.8,34.6,19.5,49.9,21.8,70.4
195923,José Ángel Carmona,Sevilla,La Liga,23.0,711625.0,2028-06-30 00:00:00,RB,CB,FB,transfermarkt_profile_and_lineups,95.0,,Right-Back,38.0,1.0,3.0,2719.0,1.04,3.12,2806.0600000000004,30.0,3.7543999999999995,4927.817000000001,54.05,3.2239999999999998,0.10340477395351487,66.0,55.9,74.9,47.3,80.8,73.5,75.8,99.2
20850,C. Arcus,Angers,Ligue 1,29.0,371686.0,2027-06-30 00:00:00,RB,,FB,transfermarkt_profile_and_lineups,95.0,,Right-Back,26.0,0.0,3.0,2045.0,0.0,2.94,2004.1000000000001,24.0,3.0904999999999996,3645.4630000000006,45.55,2.058,0.0924205378973105,47.2,47.6,50.0,41.1,53.3,49.6,51.4,75.4
274267,B. Locko,Stade Brestois 29,Ligue 1,23.0,805908.0,2027-06-30 00:00:00,LB,,FB,transfermarkt_profile_and_lineups,95.0,,Left-Back,21.0,0.0,2.0,1285.0,0.0,1.96,1259.3,14.0,1.9893999999999998,2182.117,24.450000000000003,1.3719999999999999,0.09805447470817119,33.6,52.1,24.0,25.1,21.6,25.4,22.1,48.1
199824,Rubén Sánchez,Espanyol,La Liga,24.0,705813.0,2027-06-30 00:00:00,RB,RW,FB,transfermarkt_profile_and_lineups,95.0,,Right-Back,22.0,0.0,1.0,878.0,0.0,1.04,902.9,9.0,0.728,902.9,9.0,0.728,0.07256617565621884,23.8,41.1,13.9,10.7,5.0,15.4,5.9,35.1
161928,Alejandro Balde,Barcelona,La Liga,22.0,636688.0,2028-06-30 00:00:00,LB,,FB,transfermarkt_profile_and_lineups,95.0,,Left-Back,42.0,0.0,3.0,2806.0,0.0,3.2800000000000002,2922.3,31.0,7.281750000000001,5566.6595,59.6,2.296,0.07071142593162918,51.2,31.1,78.1,75.4,89.6,74.1,87.5,100.0
30554,L. Pellegrini,Lazio,Serie A,26.0,346567.0,2027-06-30 00:00:00,LB,,FB,transfermarkt_profile_and_lineups,95.0,,Left-Back,26.0,1.0,0.0,1628.0,1.02,0.0,1642.44,18.0,3.8712000000000004,2885.446,30.650000000000002,1.02,0.055892452692335795,29.3,20.7,35.8,48.8,39.6,34.8,41.0,60.9
18740,Jonny,Alaves,La Liga,31.0,175446.0,2027-06-30 00:00:00,RB,CB,FB,transfermarkt_profile_and_lineups,95.0,,Right-Back,37.0,0.0,0.0,3112.0,0.0,0.0,3220.5200000000004,36.0,1.3769,4575.640000000001,53.75,0.0,0.0,7.8,1.6,84.9,19.5,71.9,73.4,64.0,98.9
64268,J. Mojica,Mallorca,La Liga,33.0,262939.0,2027-06-30 00:00:00,LB,,FB,transfermarkt_profile_and_lineups,95.0,,Left-Back,35.0,0.0,4.0,2726.0,0.0,4.16,2835.0400000000004,30.0,5.165,5144.693000000001,54.55,2.912,0.09244314013206162,62.6,47.9,75.4,62.7,85.8,73.5,82.3,98.1
162175,Jesús Vázquez,Valencia,La Liga,22.0,623024.0,2028-06-30 00:00:00,LB,,FB,transfermarkt_profile_and_lineups,95.0,,Left-Back,29.0,1.0,0.0,1441.0,0.9,0.0,1431.44,12.0,1.212,2456.184,22.95,0.9,0.05658637455988375,27.7,24.9,31.7,17.2,28.4,31.1,26.7,52.2
47407,A. Nyom,Getafe,La Liga,37.0,111508.0,,RB,LB,FB,transfermarkt_profile_and_lineups,95.0,,Right-Back,17.0,0.0,1.0,673.0,0.0,1.04,679.0600000000001,9.0,2.1008,1192.1330000000003,14.5,0.728,0.09648631932377108,23.8,50.9,8.6,27.2,7.7,10.9,10.6,29.1
386859,Héctor Fort,Elche,La Liga,19.0,937955.0,2029-06-30 00:00:00,RB,RM,FB,transfermarkt_profile_and_lineups,95.0,,Right-Back,17.0,3.0,2.0,623.0,2.98,2.08,628.18,8.0,5.0618,1168.199,12.55,4.436,0.6355503199719825,79.6,96.2,7.1,62.1,7.4,18.0,15.6,27.1
128461,N. Zortea,Bologna,Serie A,26.0,392966.0,2029-06-30 00:00:00,RB,,FB,transfermarkt_profile_and_lineups,95.0,,Right-Back,44.0,0.0,6.0,2748.0,0.0,6.36,2841.92,26.0,10.2864,4883.687,49.2,4.452,0.14098919040648575,79.9,68.9,76.0,91.7,78.7,76.6,80.7,96.0
315249,N. Bertola,Udinese,Serie A,22.0,632831.0,2030-06-30 00:00:00,CB,LM,CB,transfermarkt_profile_and_lineups,95.0,,Centre-Back,29.0,0.0,1.0,1851.0,0.0,1.02,1877.22,19.0,0.714,1877.22,19.0,0.714,0.03423146993959152,35.6,32.9,43.3,22.5,21.9,42.2,22.0,67.6
529,N. Tagliafico,Lyon,Ligue 1,33.0,131225.0,2027-06-30 00:00:00,LB,CB,FB,transfermarkt_profile_and_lineups,95.0,,Left-Back,28.0,0.0,3.0,1870.0,0.0,2.94,1899.8000000000002,21.0,7.3105,4003.934,45.0,2.058,0.09749447310243181,47.2,52.7,43.8,75.7,60.7,44.3,62.9,69.6
264383,W. Kamanzi,Toulouse,Ligue 1,25.0,794758.0,,RB,LM,FB,transfermarkt_profile_and_lineups,95.0,,Right-Back,24.0,1.0,2.0,856.0,0.98,1.96,838.88,7.0,3.8857,1777.719,16.65,2.352,0.2523364485981308,52.2,77.8,11.8,49.4,17.2,17.9,22.0,33.4
47547,Álex Moreno,Girona,La Liga,32.0,193098.0,2027-06-30 00:00:00,LB,,FB,transfermarkt_profile_and_lineups,95.0,,Left-Back,31.0,0.0,3.0,2558.0,0.0,3.12,2660.32,28.0,3.2478,3787.1200000000003,41.1,2.1839999999999997,0.0738858483189992,50.3,32.8,70.7,42.3,56.2,67.6,54.1,91.7
193953,L. Sy,Auxerre,Ligue 1,23.0,796865.0,2029-06-30 00:00:00,RB,,FB,transfermarkt_profile_and_lineups,95.0,,Right-Back,24.0,0.0,1.0,1532.0,0.0,0.98,1501.3600000000001,17.0,0.6859999999999999,1501.3600000000001,17.0,0.6859999999999999,0.04112271540469973,18.3,15.1,32.8,9.2,12.7,30.7,12.2,57.2
736,Fran García,Real Madrid,La Liga,26.0,341264.0,2030-06-30 00:00:00,LB,LM,FB,transfermarkt_profile_and_lineups,95.0,,Left-Back,29.0,2.0,2.0,1892.0,1.79,1.79,1822.65,20.0,6.1928,3983.6305,40.8,3.043,0.1502592379228047,63.6,71.9,41.1,69.8,60.4,44.5,61.8,69.4
918,José Gayà,Valencia,La Liga,30.0,221322.0,2027-06-30 00:00:00,LB,,FB,transfermarkt_profile_and_lineups,95.0,,Left-Back,32.0,1.0,2.0,2462.0,1.04,2.08,2560.48,31.0,4.1042000000000005,4188.864,49.7,2.496,0.08773354995938261,56.2,45.3,69.2,53.0,64.2,67.3,62.5,92.2
1844,A. Marušić,Lazio,Serie A,33.0,239802.0,2028-06-30 00:00:00,RB,,FB,transfermarkt_profile_and_lineups,95.0,,Right-Back,37.0,1.0,2.0,3120.0,1.02,2.04,3141.96,35.0,5.390700000000001,6287.155000000001,69.45,2.448,0.07012183477829126,54.4,30.5,83.7,65.7,96.2,79.3,91.6,98.9
388547,Luca Marianucci,Torino,Serie A,21.0,814446.0,2030-06-30 00:00:00,CB,,CB,transfermarkt_profile_and_lineups,95.0,,Centre-Back,13.0,0.0,1.0,752.0,0.0,1.02,759.72,8.0,1.407,1588.35,17.9,0.714,0.08458379402937924,35.6,62.4,12.9,39.3,17.1,16.3,20.5,28.2
162265,W. Omari,Hamburger SV,Bundesliga,25.0,711996.0,2030-06-30 00:00:00,CB,,CB,transfermarkt_profile_and_lineups,95.0,,Centre-Back,21.0,0.0,1.0,1728.0,0.0,1.0,1716.0,18.0,1.225,2615.747,27.799999999999997,0.7,0.03671328671328671,33.5,37.4,37.1,35.2,35.7,36.6,35.6,61.1
456831,Marius Louër,Angers,Ligue 1,19.0,1103652.0,2028-06-30 00:00:00,RB,CB,FB,transfermarkt_profile_and_lineups,95.0,,Right-Back,9.0,0.0,0.0,541.0,0.0,0.0,530.1800000000001,6.0,0.0,530.1800000000001,6.0,0.0,0.0,7.8,26.9,5.3,2.4,2.4,5.7,2.4,20.4
182772,Juanlu Sánchez,Sevilla,La Liga,22.0,676042.0,2029-06-30 00:00:00,RB,RW,FB,transfermarkt_profile_and_lineups,95.0,,Right-Back,35.0,0.0,3.0,2201.0,0.0,3.12,2260.06,26.0,7.873900000000001,3900.329,42.65,2.1839999999999997,0.0869711423590524,50.3,44.4,60.4,78.7,58.9,58.8,61.8,84.0
131548,Lucas Ahijado,Oviedo,La Liga,30.0,349884.0,,RB,,FB,transfermarkt_profile_and_lineups,95.0,,Right-Back,21.0,0.0,1.0,1212.0,0.0,1.04,1243.68,12.0,0.728,1243.68,12.0,0.728,0.052682362022385174,23.8,26.3,23.4,10.7,8.9,23.4,9.1,44.6
48119,O. Kossounou,Atalanta,Serie A,24.0,644771.0,2029-06-30 00:00:00,CB,,CB,transfermarkt_profile_and_lineups,95.0,,Centre-Back,32.0,1.0,0.0,1886.0,1.02,0.0,2059.2,20.0,2.2439999999999998,3584.805,36.35,1.02,0.044580419580419584,49.2,44.0,49.3,54.3,54.5,49.3,54.5,70.4
269531,N. Collins,Eintracht Frankfurt,Bundesliga,21.0,684315.0,2030-06-30 00:00:00,CB,RB,CB,transfermarkt_profile_and_lineups,95.0,,Centre-Back,30.0,1.0,2.0,2032.0,1.0,2.0,2111.8,22.0,3.335,3227.965,33.3,2.4,0.10228241310730181,75.8,79.8,50.2,69.5,46.2,54.1,49.7,74.6
23637,Y. Zouaoui,Le Havre,Ligue 1,27.0,691841.0,2027-06-30 00:00:00,LB,LM,FB,transfermarkt_profile_and_lineups,95.0,,Left-Back,30.0,1.0,1.0,2350.0,0.98,0.98,2303.0,28.0,2.4206,2827.447,32.95,1.666,0.0651063829787234,40.1,25.7,62.7,32.8,38.2,59.3,37.4,87.1
379329,Tiago Santos,Lille,Ligue 1,23.0,816580.0,2029-06-30 00:00:00,RB,,FB,transfermarkt_profile_and_lineups,95.0,,Right-Back,26.0,0.0,2.0,1277.0,0.0,2.08,1319.6200000000001,14.0,3.0064,2513.737,30.05,1.456,0.09930131401464057,36.2,53.3,27.5,40.5,29.6,28.8,31.2,49.8
153408,D. Oyegoke,Hellas Verona,Serie A,22.0,586984.0,2028-06-30 00:00:00,RB,RM,FB,transfermarkt_profile_and_lineups,95.0,,Right-Back,16.0,0.0,0.0,683.0,0.0,0.0,685.86,9.0,0.42900000000000005,1298.5215,17.8,0.0,0.0,7.8,19.8,8.9,7.7,9.8,8.7,9.5,28.9
128338,W. Coulibaly,Sassuolo,Serie A,26.0,592975.0,2029-06-30 00:00:00,RB,LB,FB,transfermarkt_profile_and_lineups,95.0,,Right-Back,21.0,0.0,0.0,1139.0,0.0,0.0,1150.98,10.0,0.7854,1883.613,17.700000000000003,0.0,0.0,7.8,9.8,19.5,12.4,18.6,17.8,17.7,41.1
283753,N. Veratschnig,FSV Mainz 05,Bundesliga,22.0,601143.0,2028-06-30 00:00:00,RM,LM,W,transfermarkt_profile_and_lineups,95.0,,Right Midfield,23.0,0.0,1.0,683.0,0.0,1.0,678.4,9.0,0.7,894.605,10.1,0.7,0.09286556603773585,7.1,18.4,15.4,4.7,11.1,9.9,6.9,31.5
361384,Yusi,Alaves,La Liga,20.0,741289.0,2029-06-30 00:00:00,LB,,FB,transfermarkt_profile_and_lineups,95.0,,Left-Back,29.0,0.0,1.0,1611.0,0.0,1.04,1636.38,16.0,0.728,1636.38,16.0,0.728,0.04003959960400396,23.8,13.6,35.5,10.7,15.1,33.8,14.4,59.7
295223,R. Alhassane,Oviedo,La Liga,23.0,929899.0,2028-06-30 00:00:00,LB,,FB,transfermarkt_profile_and_lineups,95.0,,Left-Back,28.0,0.0,0.0,1774.0,0.0,0.0,1836.0000000000002,19.0,0.0,1836.0000000000002,19.0,0.0,0.0,7.8,1.6,42.3,2.4,17.5,37.1,15.2,65.6
50852,J. Scally,Borussia Mönchengladbach,Bundesliga,23.0,504153.0,2027-06-30 00:00:00,RB,RM,FB,transfermarkt_profile_and_lineups,95.0,,Right-Back,35.0,2.0,3.0,2792.0,2.0,3.0,2773.9,31.0,5.239999999999999,5038.155000000001,57.0,4.1,0.1330257038826201,75.7,66.0,73.7,64.2,83.1,74.0,80.3,98.1
178769,P. Treu,SC Freiburg,Bundesliga,25.0,335993.0,,RB,,FB,transfermarkt_profile_and_lineups,95.0,,Right-Back,45.0,1.0,3.0,3438.0,1.0,3.1,3510.8,37.0,4.6715,5201.5,56.25,3.17,0.08126352967984504,65.1,39.6,91.7,59.2,86.4,87.7,82.3,100.0
355167,Max Finkgräfe,RB Leipzig,Bundesliga,21.0,810649.0,2030-06-30 00:00:00,LB,,FB,transfermarkt_profile_and_lineups,95.0,,Left-Back,14.0,1.0,1.0,510.0,1.0,1.0,509.2,5.0,2.0,1036.3,10.399999999999999,1.7,0.30047132757266304,41.1,73.1,4.4,25.6,5.9,9.9,8.9,20.6
2202,H. Traoré,Paris FC,Ligue 1,33.0,297070.0,2027-06-30 00:00:00,RB,,FB,transfermarkt_profile_and_lineups,95.0,,Right-Back,18.0,0.0,1.0,1154.0,0.0,0.98,1130.92,14.0,1.5231999999999999,2526.159,29.45,0.6859999999999999,0.05459272097053726,18.3,29.3,18.6,22.2,29.9,18.6,28.7,44.3
383026,Riyad Idrissi,Cagliari,Serie A,20.0,885226.0,2030-06-30 00:00:00,LB,LM,FB,transfermarkt_profile_and_lineups,95.0,,Left-Back,26.0,2.0,1.0,950.0,2.04,0.9,947.04,6.0,2.67,947.04,6.0,2.67,0.2537379624936645,59.0,81.7,14.2,36.5,5.6,20.9,10.3,35.1
265722,Rafael Obrador,Torino,Serie A,21.0,,,FB,,FB,statistical_fallback,68.0,,,0.0,0.0,0.0,0.0,0.0,0.0,0.0,0.0,0.0,0.0,0.0,0.0,0.0,7.8,49.6,0.7,2.4,0.7,1.8,1.0,0.0
265372,I. Schmidt,Werder Bremen,Bundesliga,26.0,449597.0,2028-06-30 00:00:00,LB,LM,FB,transfermarkt_profile_and_lineups,95.0,,Left-Back,19.0,1.0,0.0,676.0,1.0,0.0,676.0,6.0,1.70125,876.0625,10.95,1.0,0.1331360946745562,28.8,58.0,8.0,23.1,4.4,11.1,7.2,26.9
55819,T. Ollila,Paris FC,Ligue 1,25.0,433887.0,2027-06-30 00:00:00,LB,,FB,transfermarkt_profile_and_lineups,95.0,,Left-Back,10.0,0.0,0.0,305.0,0.0,0.0,298.9,3.0,0.0,298.9,3.0,0.0,0.0,7.8,37.3,1.5,2.4,1.5,2.4,1.6,13.0
21570,N. Cozza,Nantes,Ligue 1,26.0,485965.0,,CB,LB,CB,transfermarkt_profile_and_lineups,95.0,,Centre-Back,29.0,0.0,1.0,2303.0,0.0,0.98,2256.94,25.0,1.6023,3714.623,41.55,0.6859999999999999,0.027355623100303948,31.2,23.3,55.2,43.6,57.9,51.6,55.7,82.8
22134,K. Amian,Nantes,Ligue 1,27.0,344072.0,2028-06-30 00:00:00,RB,,FB,transfermarkt_profile_and_lineups,95.0,,Right-Back,23.0,0.0,1.0,1962.0,0.0,0.98,1922.76,22.0,1.4308,3356.217,38.25,0.6859999999999999,0.03211009174311927,18.3,9.5,46.4,20.7,47.3,42.2,43.3,70.6
920,Toni Lato,Mallorca,La Liga,28.0,320271.0,2027-06-30 00:00:00,LB,,FB,transfermarkt_profile_and_lineups,95.0,,Left-Back,14.0,0.0,1.0,697.0,0.0,1.04,709.2,9.0,0.9463999999999999,1676.538,19.1,0.728,0.09238578680203045,23.8,48.5,9.2,13.3,15.7,11.4,15.3,28.4
135526,J. Doig,Sassuolo,Serie A,23.0,567129.0,2028-06-30 00:00:00,LB,,FB,transfermarkt_profile_and_lineups,95.0,,Left-Back,31.0,1.0,0.0,2009.0,0.9,0.0,2038.38,23.0,1.3284,2733.99,31.1,0.9,0.03973743855414594,27.7,11.5,51.8,18.6,35.2,48.2,32.7,75.5
1600,K. Tsimikas,AS Roma,Serie A,29.0,338070.0,2027-06-30 00:00:00,LB,LM,FB,transfermarkt_profile_and_lineups,95.0,,Left-Back,25.0,0.0,1.0,1050.0,0.0,1.1,1103.96,11.0,2.3282,2360.69,24.0,0.77,0.06277401355121562,27.1,33.7,18.0,31.4,26.0,19.4,26.8,41.8
425207,M. Courcoul,Angers,Ligue 1,18.0,1075575.0,2027-06-30 00:00:00,CDM,,DM,transfermarkt_profile_and_lineups,95.0,,Defensive Midfield,18.0,0.0,0.0,362.0,0.0,0.0,354.76,3.0,0.0,519.694,4.65,0.0,0.0,10.3,37.4,5.2,4.6,5.2,7.5,5.0,17.1
46657,Nacho Vidal,Oviedo,La Liga,30.0,216870.0,2027-06-30 00:00:00,RB,,FB,transfermarkt_profile_and_lineups,95.0,,Right-Back,29.0,0.0,0.0,2272.0,0.0,0.0,2362.88,27.0,0.6585000000000001,2706.7490000000003,30.45,0.0,0.0,7.8,1.6,63.3,8.6,34.3,55.0,30.5,84.2
30866,M. Lazzari,Lazio,Serie A,32.0,331401.0,2027-06-30 00:00:00,RB,,FB,transfermarkt_profile_and_lineups,95.0,,Right-Back,24.0,0.0,1.0,986.0,0.0,1.02,999.36,9.0,1.9278,2777.435,27.2,0.714,0.06430115273775215,21.4,36.4,15.4,24.3,36.4,16.3,34.6,38.1
31390,P. Mazzocchi,Napoli,Serie A,30.0,250153.0,2027-06-30 00:00:00,RB,RM,FB,transfermarkt_profile_and_lineups,95.0,,Right-Back,20.0,0.0,1.0,452.0,0.0,1.02,439.2,4.0,1.1423999999999999,1468.467,15.55,0.714,0.14631147540983608,21.4,57.4,3.6,16.0,11.5,6.2,12.2,20.7
98,B. Henrichs,RB Leipzig,Bundesliga,28.0,202591.0,2028-06-30 00:00:00,RB,,FB,transfermarkt_profile_and_lineups,95.0,,Right-Back,17.0,1.0,0.0,299.0,1.0,0.0,299.0,3.0,3.7815,2231.52,23.450000000000003,1.0,0.3010033444816054,28.8,64.2,1.8,47.9,23.4,5.8,27.1,15.5
1915,B. Sarr,Metz,Ligue 1,32.0,190685.0,2028-06-30 00:00:00,RB,RW,FB,transfermarkt_profile_and_lineups,95.0,,Right-Back,12.0,0.0,0.0,897.0,0.0,0.0,879.0600000000001,10.0,0.189,938.37,10.6,0.0,0.0,7.8,14.5,13.0,5.0,5.3,12.2,5.3,32.8
64309,Manu Sánchez,Levante,La Liga,25.0,618809.0,2028-06-30 00:00:00,LB,,FB,transfermarkt_profile_and_lineups,95.0,,Left-Back,33.0,1.0,2.0,2818.0,1.04,2.08,2930.7200000000003,31.0,4.16,5085.6320000000005,54.35,2.496,0.07665010645848118,56.2,34.9,78.4,53.3,83.7,75.1,79.2,97.4
47299,Gorosabel,Athletic Club,La Liga,29.0,289255.0,2028-06-30 00:00:00,RB,,FB,transfermarkt_profile_and_lineups,95.0,,Right-Back,34.0,0.0,2.0,2051.0,0.0,1.94,2169.52,23.0,2.4708,4216.793,45.55,1.3579999999999999,0.05633504185257568,32.5,18.3,57.1,34.3,65.1,53.4,60.5,77.5
18794,Kiko Femenía,Getafe,La Liga,34.0,76467.0,2027-06-30 00:00:00,RB,RW,FB,transfermarkt_profile_and_lineups,95.0,,Right-Back,29.0,1.0,1.0,2052.0,1.04,1.04,2129.7400000000002,25.0,2.3994,4029.8200000000006,46.150000000000006,1.768,0.07471334529097448,43.0,33.1,55.0,32.2,62.1,53.2,57.6,77.7
389322,N. Sangui,Paris FC,Ligue 1,19.0,955281.0,2030-06-30 00:00:00,LB,,FB,transfermarkt_profile_and_lineups,95.0,,Left-Back,26.0,0.0,0.0,1734.0,0.0,0.0,1699.3200000000002,18.0,0.7546,2318.092,23.5,0.0,0.0,7.8,3.6,37.9,11.5,24.9,33.4,22.9,63.1
200,G. Zappa,Cagliari,Serie A,26.0,392569.0,2030-06-30 00:00:00,RB,CB,FB,transfermarkt_profile_and_lineups,95.0,,Right-Back,33.0,0.0,3.0,1665.0,0.0,3.06,1689.78,19.0,4.2126,4378.671,47.7,2.142,0.11408585733054007,49.1,58.9,37.0,54.1,69.2,38.8,67.0,65.3
270,S. Nsoki,Union Berlin,Bundesliga,26.0,371141.0,,CB,,CB,transfermarkt_profile_and_lineups,95.0,,Centre-Back,14.0,1.0,2.0,821.0,1.0,2.0,820.8,10.0,2.4,1991.2150000000001,23.65,2.4,0.2631578947368421,75.8,91.4,14.3,57.3,23.8,23.5,28.8,32.0
3240,J. Gbamin,Metz,Ligue 1,30.0,182894.0,2028-06-30 00:00:00,CB,CDM,CB,transfermarkt_profile_and_lineups,95.0,,Centre-Back,31.0,1.0,1.0,2489.0,0.98,0.98,2439.2200000000003,30.0,1.666,2552.4100000000003,34.4,1.666,0.06147047006830052,61.9,57.9,60.7,44.3,33.8,60.9,35.4,92.3
302632,W. Mikelbrencis,Hamburger SV,Bundesliga,21.0,743500.0,,RB,RM,FB,transfermarkt_profile_and_lineups,95.0,,Right-Back,26.0,0.0,4.0,1372.0,0.0,4.0,1372.0,15.0,2.8,1372.0,15.0,2.8,0.18367346938775508,61.2,76.0,29.0,37.9,10.9,33.8,15.0,52.7
26236,C. Günter,SC Freiburg,Bundesliga,32.0,93707.0,,LB,,FB,transfermarkt_profile_and_lineups,95.0,,Left-Back,37.0,0.0,6.0,2455.0,0.0,6.1,2487.2000000000003,28.0,8.11,4286.545,49.0,4.27,0.15451109681569633,78.4,74.0,67.2,81.1,67.5,68.8,69.5,91.9
191160,J. Makengo,SC Freiburg,Bundesliga,24.0,815078.0,2028-06-30 00:00:00,LB,,FB,transfermarkt_profile_and_lineups,95.0,,Left-Back,32.0,0.0,2.0,1950.0,0.0,2.1,1984.1000000000001,20.0,1.701,2801.4,28.05,1.47,0.06668010684945315,37.0,26.6,49.4,22.8,37.0,47.5,34.9,71.7
333137,K. Ouattara,Monaco,Ligue 1,21.0,947360.0,2028-06-30 00:00:00,LB,LM,FB,transfermarkt_profile_and_lineups,95.0,,Left-Back,22.0,0.0,3.0,1248.0,0.0,2.94,1284.2,14.0,2.7293,1694.006,18.85,2.058,0.14422987073664537,47.2,65.1,25.4,37.0,16.3,28.7,19.4,47.7
271542,I. Doukouré,Strasbourg,Ligue 1,22.0,786436.0,2028-06-30 00:00:00,CB,,CB,transfermarkt_profile_and_lineups,95.0,,Centre-Back,27.0,1.0,2.0,2257.0,0.75,1.96,2170.46,36.0,3.0383,4085.233,58.75,2.122,0.08799056421219463,72.6,74.3,52.9,64.8,64.0,55.8,64.2,86.1
1564,Junior Firpo,Real Betis,La Liga,29.0,374139.0,2028-06-30 00:00:00,LB,,FB,transfermarkt_profile_and_lineups,95.0,,Left-Back,16.0,0.0,2.0,1000.0,0.0,1.94,1041.0800000000002,12.0,1.3579999999999999,1041.0800000000002,12.0,1.3579999999999999,0.11739731816959309,32.5,57.7,17.2,19.2,6.2,19.5,8.2,38.4
39362,M. Pedersen,Torino,Serie A,25.0,41609.0,,ST,,FW,transfermarkt_profile,85.0,,Centre-Forward,0.0,0.0,0.0,0.0,0.0,0.0,0.0,0.0,0.0,0.0,0.0,0.0,0.0,1.9,48.8,1.6,1.7,1.6,13.6,1.7,0.0
343609,J. Ekomié,Angers,Ligue 1,22.0,970279.0,2027-06-30 00:00:00,LB,,FB,transfermarkt_profile_and_lineups,95.0,,Left-Back,32.0,0.0,0.0,2240.0,0.0,0.0,2195.2,25.0,0.0,2569.805,28.85,0.0,0.0,7.8,1.6,58.0,2.4,31.4,50.5,27.0,82.6
1482,Thierry Correia,Valencia,La Liga,26.0,367466.0,2027-06-30 00:00:00,RB,,FB,transfermarkt_profile_and_lineups,95.0,,Right-Back,25.0,0.0,2.0,1450.0,0.0,2.08,1500.16,17.0,1.8927999999999998,2675.032,30.05,1.456,0.08735068259385664,36.2,45.6,32.5,23.7,33.4,33.1,32.0,55.9
342651,R. Floriani Mussolini,Cremonese,Serie A,22.0,708086.0,2028-06-30 00:00:00,RB,LM,FB,transfermarkt_profile_and_lineups,95.0,,Right-Back,29.0,0.0,3.0,1181.0,0.0,3.06,1202.58,12.0,2.142,1202.58,12.0,2.142,0.1603053435114504,49.1,68.3,21.3,28.4,8.0,25.5,11.1,46.9
1118,J. Toljan,Levante,La Liga,31.0,129674.0,2027-06-30 00:00:00,RB,,FB,transfermarkt_profile_and_lineups,95.0,,Right-Back,39.0,1.0,4.0,3206.0,1.04,4.16,3329.6200000000003,37.0,5.4262,4012.1800000000003,44.5,3.952,0.10682300082291671,73.5,57.1,87.9,66.0,61.2,85.7,62.0,99.6
182636,Javi López,Oviedo,La Liga,23.0,72310.0,,RB,,FB,transfermarkt_profile,85.0,,Right-Back,0.0,0.0,0.0,0.0,0.0,0.0,0.0,0.0,0.0,0.0,0.0,0.0,0.0,7.8,49.6,0.7,2.4,0.7,1.8,1.0,0.0
446067,Buba Sangaré,Elche,La Liga,18.0,962125.0,2031-06-30 00:00:00,RB,CB,FB,transfermarkt_profile_and_lineups,95.0,,Right-Back,12.0,0.0,0.0,541.0,0.0,0.0,562.64,8.0,0.0,562.64,8.0,0.0,0.0,7.8,25.4,5.9,2.4,3.0,6.2,2.9,23.5
341838,G. Bonfanti,Pisa,Serie A,22.0,663900.0,2028-06-30 00:00:00,CB,LM,CB,transfermarkt_profile_and_lineups,95.0,,Centre-Back,10.0,0.0,0.0,517.0,0.0,0.0,524.7,6.0,0.33,581.634,6.6,0.0,0.0,14.6,36.4,5.7,15.0,4.0,7.1,5.7,20.3
1930,J. Mæhle,VfL Wolfsburg,Bundesliga,28.0,369674.0,2027-06-30 00:00:00,LB,LM,FB,transfermarkt_profile_and_lineups,95.0,,Left-Back,18.0,1.0,2.0,1331.0,1.0,2.0,1320.3,15.0,7.029999999999999,3469.335,39.1,2.4,0.16359918200409,53.4,70.1,27.8,73.4,50.3,31.6,53.8,48.9
215827,F. Oppegård,Auxerre,Ligue 1,23.0,539665.0,2028-06-30 00:00:00,LB,LM,FB,transfermarkt_profile_and_lineups,95.0,,Left-Back,23.0,0.0,0.0,1248.0,0.0,0.0,1223.04,15.0,0.16379999999999997,1896.371,23.35,0.0,0.0,7.8,8.9,22.5,4.7,18.9,20.3,16.8,49.0
47303,Aihen Muñoz,Real Sociedad,La Liga,28.0,517842.0,2027-06-30 00:00:00,LB,,FB,transfermarkt_profile_and_lineups,95.0,,Left-Back,27.0,1.0,0.0,1214.0,1.04,0.0,1210.6200000000001,13.0,1.5104,2998.7310000000007,32.15,1.04,0.0773157555632651,29.9,40.5,21.6,21.9,41.4,22.8,38.5,47.9
25290,J. Gouweleeuw,FC Augsburg,Bundesliga,34.0,106405.0,2027-06-30 00:00:00,CB,,CB,transfermarkt_profile_and_lineups,95.0,,Centre-Back,12.0,0.0,1.0,941.0,0.0,1.0,932.0,11.0,3.3,3523.0,40.05,0.7,0.06759656652360514,33.5,56.4,17.6,69.0,53.3,20.0,55.7,34.7
323951,A. Zehnter,VfL Wolfsburg,Bundesliga,21.0,730484.0,2030-06-30 00:00:00,LB,LM,FB,transfermarkt_profile_and_lineups,95.0,,Left-Back,21.0,2.0,0.0,1534.0,2.0,0.0,1526.7,18.0,2.0,1526.7,18.0,2.0,0.11790135586559246,44.8,60.1,33.4,25.6,13.6,35.1,15.4,57.1
32887,Y. Sugawara,Werder Bremen,Bundesliga,25.0,405385.0,2028-06-30 00:00:00,RB,RM,FB,transfermarkt_profile_and_lineups,95.0,,Right-Back,32.0,0.0,6.0,2524.0,0.0,6.0,2501.5,30.0,7.6389,4170.784,51.4,4.199999999999999,0.15110933439936036,77.2,72.5,67.5,77.2,63.6,68.9,65.7,93.4
152669,D. Yongwa,Lorient,Ligue 1,25.0,717118.0,,LB,CB,FB,transfermarkt_profile_and_lineups,95.0,,Left-Back,23.0,0.0,1.0,1305.0,0.0,0.98,1278.9,14.0,1.1858,1617.5880000000002,17.3,0.6859999999999999,0.04827586206896551,18.3,21.6,24.9,16.9,14.5,23.9,14.9,49.2
19738,C. Ndaba,Lecce,Serie A,26.0,433329.0,2028-06-30 00:00:00,LB,CB,FB,transfermarkt_profile_and_lineups,95.0,,Left-Back,15.0,0.0,0.0,629.0,0.0,0.0,630.78,7.0,0.663,2232.5325000000003,29.75,0.0,0.0,7.8,21.3,7.4,8.9,23.7,7.5,21.4,25.4
499380,S. Britschgi,Parma,Serie A,19.0,932187.0,2030-06-30 00:00:00,RB,RM,FB,transfermarkt_profile_and_lineups,95.0,,Right-Back,31.0,1.0,2.0,2277.0,0.9,2.04,2300.94,27.0,2.328,2300.94,27.0,2.328,0.09105843698662285,51.8,46.7,62.1,31.1,24.6,60.6,25.5,85.0
334914,S. Kumbedi,VfL Wolfsburg,Bundesliga,20.0,951579.0,2029-06-30 00:00:00,RB,RM,FB,transfermarkt_profile_and_lineups,95.0,,Right-Back,26.0,0.0,5.0,1963.0,0.0,5.0,1952.68,22.0,3.9116,2827.4130000000005,32.1,3.5,0.1613167544093246,69.8,75.4,47.3,50.6,37.9,50.7,39.8,71.7
327646,L. Ullrich,Borussia Mönchengladbach,Bundesliga,21.0,787151.0,2029-06-30 00:00:00,LB,LM,FB,transfermarkt_profile_and_lineups,95.0,,Left-Back,25.0,0.0,0.0,1479.0,0.0,0.0,1461.7,16.0,1.32,2563.955,29.75,0.0,0.0,7.8,4.7,32.0,18.3,31.1,28.3,29.2,55.5
324957,T. Rothe,Union Berlin,Bundesliga,21.0,798043.0,,LB,LM,FB,transfermarkt_profile_and_lineups,95.0,,Left-Back,24.0,2.0,0.0,1317.0,2.0,0.0,1287.7,13.0,5.1899999999999995,2224.13,23.450000000000003,2.0,0.13978411120602624,44.8,62.7,25.7,63.3,23.1,28.6,29.1,48.8
180731,L. Assignon,VfB Stuttgart,Bundesliga,25.0,711969.0,2029-06-30 00:00:00,RB,RM,FB,transfermarkt_profile_and_lineups,95.0,,Right-Back,37.0,1.0,3.0,2121.0,1.1,3.3000000000000003,2160.65,23.0,8.3494,4252.371,47.15,3.41,0.14204058963737765,68.0,69.2,56.8,82.8,66.0,58.5,68.5,80.1
193293,R. Kluivert,Lyon,Ligue 1,24.0,578421.0,2030-06-30 00:00:00,CB,LB,CB,transfermarkt_profile_and_lineups,95.0,,Centre-Back,22.0,2.0,2.0,1215.0,2.08,1.96,1244.3400000000001,14.0,4.1813,1769.007,21.15,3.452,0.2496745262548821,85.8,96.4,24.5,79.3,19.8,33.7,28.7,47.0
128951,Víctor Parada,Alaves,La Liga,23.0,591957.0,2029-06-30 00:00:00,LB,CB,FB,transfermarkt_profile_and_lineups,95.0,,Left-Back,33.0,0.0,3.0,2291.0,0.0,3.12,2363.1800000000003,27.0,2.1839999999999997,2411.5940000000005,27.6,2.1839999999999997,0.08317605937761828,50.3,40.8,63.6,28.7,27.8,61.6,27.9,86.0
24868,J. Vagnoman,VfB Stuttgart,Bundesliga,25.0,448258.0,2028-06-30 00:00:00,RB,RM,FB,transfermarkt_profile_and_lineups,95.0,,Right-Back,40.0,2.0,4.0,2055.0,2.1,4.0,2045.65,23.0,8.362,3862.5600000000004,42.05,4.9,0.21557940019064845,84.3,89.1,52.7,83.1,58.0,57.4,61.8,79.9
336998,A. Boiro,Athletic Club,La Liga,23.0,710671.0,2029-06-30 00:00:00,LB,,FB,transfermarkt_profile_and_lineups,95.0,,Left-Back,24.0,0.0,0.0,1535.0,0.0,0.0,1628.25,17.0,1.0285000000000002,2350.268,25.25,0.0,0.0,7.8,4.4,35.2,14.5,25.4,31.1,23.8,57.3
8474,T. De Smet,Paris FC,Ligue 1,27.0,340177.0,2027-06-30 00:00:00,LB,,FB,transfermarkt_profile_and_lineups,95.0,,Left-Back,17.0,0.0,1.0,1148.0,0.0,0.98,1125.04,13.0,0.8917999999999999,1766.94,20.7,0.6859999999999999,0.054878048780487805,18.3,29.9,18.3,13.0,16.9,18.3,16.3,42.8
2195,S. Boey,Bayern München,Bundesliga,25.0,475413.0,2028-06-30 00:00:00,RB,,FB,transfermarkt_profile_and_lineups,95.0,,Right-Back,34.0,3.0,2.0,1513.0,2.73,1.65,1362.75,15.0,5.711,2530.785,28.45,3.885,0.25657677490368735,73.1,89.3,28.4,67.5,30.2,35.1,35.8,58.6
302868,D. Guindo,Stade Brestois 29,Ligue 1,23.0,671590.0,2031-06-30 00:00:00,LB,,FB,transfermarkt_profile_and_lineups,95.0,,Left-Back,25.0,1.0,1.0,1687.0,0.98,0.98,1653.26,19.0,1.666,1653.26,19.0,1.666,0.09069353882631889,40.1,46.4,36.1,22.5,15.4,36.7,16.4,62.7
298165,F. Loyola,Pisa,Serie A,25.0,843286.0,2030-06-30 00:00:00,CM,CDM,CM,transfermarkt_profile_and_lineups,95.0,,Central Midfield,11.0,1.0,0.0,539.0,1.02,0.0,549.78,6.0,1.02,549.78,6.0,1.02,0.16697588126159554,18.6,51.6,3.2,9.0,1.4,10.2,4.1,21.1
2470,R. Saravia,Valencia,La Liga,32.0,268642.0,,RB,,FB,transfermarkt_profile_and_lineups,95.0,,Right-Back,5.0,0.0,0.0,354.0,0.0,0.0,368.16,4.0,0.0,368.16,4.0,0.0,0.0,7.8,34.0,2.7,2.4,1.8,3.4,1.9,13.1
25502,O. Traoré,1. FC Heidenheim,Bundesliga,27.0,388294.0,,RB,RM,FB,transfermarkt_profile_and_lineups,95.0,,Right-Back,27.0,0.0,2.0,1545.0,0.0,2.0,1540.5,17.0,2.835,3821.6625,44.7,1.4,0.08179162609542355,34.6,41.4,34.0,38.5,56.8,34.1,54.1,58.6
47251,D. Foulquier,Valencia,La Liga,32.0,170472.0,2027-06-30 00:00:00,RB,,FB,transfermarkt_profile_and_lineups,95.0,,Right-Back,19.0,0.0,0.0,1400.0,0.0,0.0,1420.72,15.0,0.40040000000000003,3409.505,35.85,0.0,0.0,7.8,5.6,31.1,7.4,49.1,27.6,42.9,50.6
104832,Diego Pampín,Levante,La Liga,25.0,505493.0,,LB,,FB,transfermarkt_profile_and_lineups,95.0,,Left-Back,10.0,0.0,0.0,714.0,0.0,0.0,717.36,8.0,0.0,717.36,8.0,0.0,0.0,7.8,18.9,9.5,2.4,3.6,9.2,3.4,26.3
471478,Davinchi,Getafe,La Liga,18.0,1268764.0,2028-06-30 00:00:00,LB,,FB,transfermarkt_profile_and_lineups,95.0,,Left-Back,14.0,0.0,0.0,698.0,0.0,0.0,725.9200000000001,7.0,0.0,725.9200000000001,7.0,0.0,0.0,7.8,18.6,10.1,2.4,3.8,9.7,3.6,26.5
47276,Lekue,Athletic Club,La Liga,32.0,255501.0,,RB,CB,FB,transfermarkt_profile_and_lineups,95.0,,Right-Back,19.0,0.0,0.0,1229.0,0.0,0.0,1242.45,14.0,0.6551999999999999,2582.6055000000006,28.15,0.0,0.0,7.8,8.3,23.1,8.3,32.0,20.8,28.4,46.2
156488,Dani Cárdenas,Rayo Vallecano,La Liga,28.0,397676.0,2027-06-30 00:00:00,GK,,GK,transfermarkt_profile_and_lineups,95.0,,Goalkeeper,8.0,0.0,0.0,750.0,0.0,0.0,725.4000000000001,8.0,0.0,1345.8600000000001,15.0,0.0,0.0,43.5,43.5,8.9,38.7,10.3,14.1,14.5,26.3
20762,R. Descamps,Lyon,Ligue 1,29.0,282028.0,2029-06-30 00:00:00,GK,,GK,transfermarkt_profile_and_lineups,95.0,,Goalkeeper,9.0,0.0,0.0,810.0,0.0,0.0,837.0000000000001,9.0,0.0,1098.7200000000003,11.9,0.0,0.0,43.5,43.5,10.3,38.7,6.8,15.3,11.6,28.9
90829,D. Batz,FSV Mainz 05,Bundesliga,34.0,90317.0,2026-06-30 00:00:00,GK,,GK,transfermarkt_profile_and_lineups,95.0,,Goalkeeper,21.0,0.0,0.0,1890.0,0.0,0.0,1890.0,27.0,0.0,1998.0,28.2,0.0,0.0,43.5,43.5,32.2,38.7,14.4,33.9,18.0,73.4
24894,D. Ramaj,Borussia Dortmund,Bundesliga,24.0,448705.0,2029-06-30 00:00:00,GK,,GK,transfermarkt_profile_and_lineups,95.0,,Goalkeeper,33.0,0.0,1.0,2970.0,0.0,1.0,2952.0,33.0,0.7,3886.758,48.85,0.7,0.021341463414634144,90.4,93.8,56.2,89.0,44.5,61.3,51.2,97.4
11346,M. Dituro,Elche,La Liga,38.0,144128.0,2027-06-30 00:00:00,GK,,GK,transfermarkt_profile_and_lineups,95.0,,Goalkeeper,26.0,0.0,0.0,2370.0,0.0,0.0,2410.2000000000003,26.0,0.0,2641.86,29.3,0.0,0.0,43.5,43.5,43.8,38.7,24.0,43.8,26.2,84.0
30441,E. Audero,Como,Serie A,28.0,256339.0,2028-06-30 00:00:00,GK,,GK,transfermarkt_profile_and_lineups,95.0,,Goalkeeper,35.0,0.0,0.0,3150.0,0.0,0.0,3202.2,35.0,0.0,3774.348,41.2,0.0,0.0,43.5,43.5,65.1,38.7,43.8,61.8,43.1,98.1
25626,M. Nicolas,Borussia Mönchengladbach,Bundesliga,28.0,284270.0,2029-06-30 00:00:00,GK,,GK,transfermarkt_profile_and_lineups,95.0,,Goalkeeper,37.0,0.0,0.0,3330.0,0.0,0.0,3303.0,37.0,0.0,5059.55,57.0,0.0,0.0,43.5,43.5,67.8,38.7,63.0,64.2,59.4,98.9
182718,Joan García,Barcelona,La Liga,24.0,561613.0,2031-06-30 00:00:00,GK,,GK,transfermarkt_profile_and_lineups,95.0,,Goalkeeper,45.0,0.0,0.0,4042.0,0.0,0.0,4229.400000000001,45.0,0.0,6185.640000000001,65.9,0.0,0.0,43.5,43.5,90.4,38.7,79.5,83.4,73.3,100.0
30417,M. Carnesecchi,Atalanta,Serie A,25.0,459763.0,2028-06-30 00:00:00,GK,,GK,transfermarkt_profile_and_lineups,95.0,,Goalkeeper,50.0,0.0,0.0,4530.0,0.0,0.0,4746.599999999999,50.0,0.0,7902.2609999999995,83.80000000000001,0.0,0.0,43.5,43.5,97.3,38.7,95.9,89.2,87.3,100.0
22220,H. Koffi,Angers,Ligue 1,29.0,415383.0,2028-06-30 00:00:00,GK,,GK,transfermarkt_profile_and_lineups,95.0,,Goalkeeper,30.0,0.0,0.0,2659.0,0.0,0.0,2605.82,30.0,0.0,3395.9300000000003,40.55,0.0,0.0,43.5,43.5,47.3,38.7,34.9,46.7,35.5,95.4
46673,Aarón Escandell,Oviedo,La Liga,30.0,284430.0,2027-06-30 00:00:00,GK,,GK,transfermarkt_profile_and_lineups,95.0,,Goalkeeper,36.0,0.0,1.0,3240.0,0.0,1.04,3369.6000000000004,36.0,0.728,3498.0240000000003,37.2,0.728,0.01944444444444444,93.8,91.1,70.9,91.8,37.7,74.3,45.8,98.5
127471,C. Klaus,Union Berlin,Bundesliga,31.0,161057.0,,GK,,GK,transfermarkt_profile_and_lineups,95.0,,Goalkeeper,4.0,0.0,0.0,329.0,0.0,0.0,329.0,3.0,0.0,329.0,3.0,0.0,0.0,43.5,43.5,0.7,38.7,0.7,7.1,6.4,11.2
2741,M. Ryan,Levante,La Liga,33.0,128969.0,,GK,,GK,transfermarkt_profile_and_lineups,95.0,,Goalkeeper,36.0,0.0,0.0,3240.0,0.0,0.0,3369.6000000000004,36.0,0.0,4816.08,55.95,0.0,0.0,43.5,43.5,70.9,38.7,57.5,66.8,54.7,98.5
8574,J. Butez,Como,Serie A,30.0,290537.0,2030-06-30 00:00:00,GK,,GK,transfermarkt_profile_and_lineups,95.0,,Goalkeeper,44.0,0.0,1.0,3960.0,0.0,1.02,3974.4,44.0,0.714,5768.415,65.3,0.714,0.016168478260869562,92.1,88.4,88.4,90.4,76.0,88.9,78.2,100.0
22221,M. Maignan,AC Milan,Serie A,30.0,182906.0,2031-06-30 00:00:00,GK,,GK,transfermarkt_profile_and_lineups,95.0,,Goalkeeper,41.0,0.0,0.0,3656.0,0.0,0.0,3672.42,41.0,0.21419999999999997,7511.175,82.75,0.0,0.0,43.5,43.5,82.2,78.4,93.2,76.4,90.9,100.0
15573,K. Grabara,VfL Wolfsburg,Bundesliga,26.0,346551.0,2028-06-30 00:00:00,GK,,GK,transfermarkt_profile_and_lineups,95.0,,Goalkeeper,35.0,0.0,0.0,3150.0,0.0,0.0,3141.0,35.0,0.0,5655.81,64.3,0.0,0.0,43.5,43.5,62.0,38.7,74.7,59.2,69.3,98.1
1337,B. Özer,Lille,Ligue 1,25.0,361256.0,2029-06-30 00:00:00,GK,,GK,transfermarkt_profile_and_lineups,95.0,,Goalkeeper,45.0,0.0,1.0,4035.0,0.0,0.98,4069.5000000000005,45.0,0.6859999999999999,5362.935,63.7,0.6859999999999999,0.015171396977515664,88.7,87.7,89.0,87.3,65.8,89.0,69.0,100.0
2068,M. Safonov,Paris Saint Germain,Ligue 1,26.0,318470.0,2029-06-30 00:00:00,GK,,GK,transfermarkt_profile_and_lineups,95.0,,Goalkeeper,25.0,0.0,1.0,2250.0,0.0,1.2,2403.0,25.0,1.0038,3616.312,40.05,0.84,0.031460674157303366,97.9,97.3,43.2,97.9,40.4,51.4,49.0,80.2
203376,J. Urbig,Bayern München,Bundesliga,22.0,607720.0,2029-06-30 00:00:00,GK,,GK,transfermarkt_profile_and_lineups,95.0,,Goalkeeper,19.0,0.0,0.0,1560.0,0.0,0.0,1596.0,16.0,0.0,2250.7200000000003,22.6,0.0,0.0,43.5,43.5,27.4,38.7,16.4,29.8,19.8,54.9
37246,J. Blaswich,Bayer Leverkusen,Bundesliga,34.0,81173.0,2027-06-30 00:00:00,GK,,GK,transfermarkt_profile_and_lineups,95.0,,Goalkeeper,18.0,0.0,0.0,1560.0,0.0,0.0,1659.0,17.0,0.252,2828.01,31.7,0.0,0.0,43.5,43.5,28.8,79.5,26.7,31.0,34.6,55.5
126,Iñaki Peña,Elche,La Liga,26.0,283170.0,2029-06-30 00:00:00,GK,,GK,transfermarkt_profile_and_lineups,95.0,,Goalkeeper,16.0,0.0,0.0,1440.0,0.0,0.0,1497.6000000000001,16.0,0.0,3116.9775,32.65,0.0,0.0,43.5,43.5,24.0,38.7,32.2,26.9,33.2,51.3
399,A. Nübel,VfB Stuttgart,Bundesliga,29.0,195778.0,2029-06-30 00:00:00,GK,,GK,transfermarkt_profile_and_lineups,95.0,,Goalkeeper,48.0,0.0,2.0,4380.0,0.0,2.1,4446.0,48.0,1.855,7667.325,83.5,1.47,0.029757085020242914,99.3,96.6,93.8,100.0,94.5,94.7,95.3,100.0
47247,David Soria,Getafe,La Liga,32.0,226012.0,2030-06-30 00:00:00,GK,,GK,transfermarkt_profile_and_lineups,95.0,,Goalkeeper,38.0,0.0,0.0,3420.0,0.0,0.0,3556.8,38.0,0.0,6626.808000000001,70.9,0.0,0.0,43.5,43.5,77.7,38.7,87.0,72.6,79.7,99.2
25033,Daniel Heuer Fernandes,Hamburger SV,Bundesliga,33.0,84993.0,2028-06-30 00:00:00,GK,,GK,transfermarkt_profile_and_lineups,95.0,,Goalkeeper,34.0,0.0,0.0,3090.0,0.0,0.0,3078.0,34.0,0.0,3078.0,34.0,0.0,0.0,43.5,43.5,58.9,38.7,31.5,56.6,32.6,97.8
25282,G. Kobel,Borussia Dortmund,Bundesliga,28.0,257814.0,2028-06-30 00:00:00,GK,,GK,transfermarkt_profile_and_lineups,95.0,,Goalkeeper,52.0,0.0,0.0,4710.0,0.0,0.0,4747.5,52.0,0.0,8356.875,90.45,0.0,0.0,43.5,43.5,97.9,38.7,98.6,89.8,89.6,100.0
21248,G. Coudert,Stade Brestois 29,Ligue 1,26.0,525155.0,2027-06-30 00:00:00,GK,,GK,transfermarkt_profile_and_lineups,95.0,,Goalkeeper,25.0,0.0,0.0,2191.0,0.0,0.0,2147.1800000000003,24.0,0.0,2356.8140000000003,26.25,0.0,0.0,43.5,43.5,37.0,38.7,19.9,38.0,22.7,78.0
31037,I. Provedel,Lazio,Serie A,31.0,197929.0,2029-06-30 00:00:00,GK,,GK,transfermarkt_profile_and_lineups,95.0,,Goalkeeper,29.0,0.0,0.0,2610.0,0.0,0.0,2640.6,29.0,0.36,5398.11,58.6,0.0,0.0,43.5,43.5,47.9,80.1,67.1,47.3,69.1,93.0
616,A. Murić,Sassuolo,Serie A,27.0,371021.0,,GK,,GK,transfermarkt_profile_and_lineups,95.0,,Goalkeeper,32.0,0.0,0.0,2880.0,0.0,0.0,2937.6,32.0,0.0,4255.875,45.75,0.0,0.0,43.5,43.5,55.5,38.7,50.7,53.7,48.9,97.0
2813,M. Dmitrović,Espanyol,La Liga,33.0,94308.0,2028-06-30 00:00:00,GK,,GK,transfermarkt_profile_and_lineups,95.0,,Goalkeeper,37.0,0.0,0.0,3330.0,0.0,0.0,3463.2000000000003,37.0,0.0,5653.800000000001,60.3,0.0,0.0,43.5,43.5,73.3,38.7,74.0,68.8,68.7,98.9
47400,A. Lunin,Real Madrid,La Liga,26.0,404839.0,2030-06-30 00:00:00,GK,,GK,transfermarkt_profile_and_lineups,95.0,,Goalkeeper,12.0,0.0,0.0,1035.0,0.0,0.0,1101.6000000000001,11.0,0.40040000000000003,2745.5400000000004,28.0,0.0,0.0,43.5,43.5,17.1,82.2,26.0,21.1,34.5,36.6
31098,F. Ravaglia,Bologna,Serie A,26.0,390304.0,2028-06-30 00:00:00,GK,,GK,transfermarkt_profile_and_lineups,95.0,,Goalkeeper,25.0,0.0,0.0,2219.0,0.0,0.0,2242.38,24.0,0.0,3203.451,34.1,0.0,0.0,43.5,43.5,38.4,38.7,32.9,39.1,33.7,78.6
15871,M. Schwäbe,1. FC Köln,Bundesliga,30.0,160929.0,2027-06-30 00:00:00,GK,,GK,transfermarkt_profile_and_lineups,95.0,,Goalkeeper,34.0,0.0,0.0,3060.0,0.0,0.0,3060.0,34.0,0.0,4034.7,44.8,0.0,0.0,43.5,43.5,58.2,38.7,47.3,56.0,46.0,97.8
1557,Pau López,Real Betis,La Liga,31.0,286415.0,2028-06-30 00:00:00,GK,,GK,transfermarkt_profile_and_lineups,95.0,,Goalkeeper,16.0,0.0,0.0,1440.0,0.0,0.0,1535.4,16.0,0.0,2993.8500000000004,33.7,0.0,0.0,43.5,43.5,25.3,38.7,30.1,28.1,31.4,51.3
9026,N. Vasilj,FC St. Pauli,Bundesliga,30.0,248454.0,,GK,,GK,transfermarkt_profile_and_lineups,95.0,,Goalkeeper,36.0,0.0,0.0,3270.0,0.0,0.0,3249.0,36.0,0.0,4986.45,55.25,0.0,0.0,43.5,43.5,66.1,38.7,60.3,62.7,57.0,98.5
152955,L. Bergström,Mallorca,La Liga,23.0,490606.0,2027-06-30 00:00:00,GK,,GK,transfermarkt_profile_and_lineups,95.0,,Goalkeeper,7.0,0.0,0.0,630.0,0.0,0.0,630.0,7.0,0.0,630.0,7.0,0.0,0.0,43.5,43.5,5.8,38.7,2.7,11.5,8.1,22.5
329578,M. Backhaus,Werder Bremen,Bundesliga,21.0,620295.0,,GK,,GK,transfermarkt_profile_and_lineups,95.0,,Goalkeeper,32.0,0.0,0.0,2880.0,0.0,0.0,2880.0,32.0,0.0,3578.454,41.9,0.0,0.0,43.5,43.5,52.7,38.7,39.0,51.4,39.0,97.0
29,J. Oblak,Atletico Madrid,La Liga,32.0,121483.0,2028-06-30 00:00:00,GK,,GK,transfermarkt_profile_and_lineups,95.0,,Goalkeeper,46.0,0.0,1.0,4140.0,0.0,1.2,4374.0,46.0,0.84,8399.52,87.5,0.84,0.01728395061728395,97.9,89.7,92.5,96.2,99.3,93.3,98.9,100.0
47527,S. Dimitrievski,Valencia,La Liga,32.0,165467.0,2028-06-30 00:00:00,GK,,GK,transfermarkt_profile_and_lineups,95.0,,Goalkeeper,24.0,0.0,0.0,2190.0,0.0,0.0,2223.0,24.0,0.0,3690.63,40.05,0.0,0.0,43.5,43.5,37.7,38.7,41.8,38.5,41.3,77.6
30642,A. Paleari,Torino,Serie A,33.0,163048.0,2027-06-30 00:00:00,GK,,GK,transfermarkt_profile_and_lineups,95.0,,Goalkeeper,32.0,0.0,0.0,2880.0,0.0,0.0,2905.2,32.0,0.0,2955.6899999999996,32.55,0.0,0.0,43.5,43.5,54.1,38.7,28.8,52.5,30.3,97.0
178768,N. Atubolu,SC Freiburg,Bundesliga,23.0,526845.0,2027-06-30 00:00:00,GK,,GK,transfermarkt_profile_and_lineups,95.0,,Goalkeeper,49.0,0.0,0.0,4410.0,0.0,0.0,4527.0,49.0,0.0,7067.875,76.8,0.0,0.0,43.5,43.5,95.2,38.7,90.4,87.4,82.7,100.0
162489,J. Trafford,Manchester City,Premier League,23.0,566799.0,2030-06-30 00:00:00,GK,,GK,transfermarkt_profile_and_lineups,95.0,,Goalkeeper,16.0,0.0,0.0,1440.0,0.0,0.0,1306.8,16.0,0.0,2123.2799999999997,24.4,0.0,0.0,43.5,43.5,20.5,38.7,15.8,24.0,19.2,51.3
20542,D. Léon,Auxerre,Ligue 1,33.0,170911.0,2027-06-30 00:00:00,GK,,GK,transfermarkt_profile_and_lineups,95.0,,Goalkeeper,29.0,0.0,0.0,2463.0,0.0,0.0,2413.7400000000002,29.0,0.7546,3966.0600000000004,46.6,0.0,0.0,43.5,43.5,44.5,92.5,46.6,44.4,53.5,90.0
347211,R. Risser,Lens,Ligue 1,21.0,743515.0,2030-06-30 00:00:00,GK,,GK,transfermarkt_profile_and_lineups,95.0,,Goalkeeper,33.0,0.0,1.0,2970.0,0.0,0.98,2910.6,33.0,0.6859999999999999,2910.6,33.0,0.6859999999999999,0.02121212121212121,88.7,93.2,54.8,87.3,28.1,59.9,37.0,97.4
556,M. Svilar,AS Roma,Serie A,26.0,338670.0,2030-06-30 00:00:00,GK,,GK,transfermarkt_profile_and_lineups,95.0,,Goalkeeper,48.0,0.0,0.0,4350.0,0.0,0.0,4493.4,48.0,0.0,7973.07,85.05,0.0,0.0,43.5,43.5,94.5,38.7,97.3,86.9,88.5,100.0
47296,G. Rulli,Marseille,Ligue 1,33.0,229604.0,2027-06-30 00:00:00,GK,,GK,transfermarkt_profile_and_lineups,95.0,,Goalkeeper,38.0,0.0,0.0,3420.0,0.0,0.0,3489.3,38.0,0.0,5272.488,58.800000000000004,0.0,0.0,43.5,43.5,74.7,38.7,64.4,70.0,60.5,99.2
199578,Z. Suzuki,Parma,Serie A,23.0,432298.0,2029-06-30 00:00:00,GK,,GK,transfermarkt_profile_and_lineups,95.0,,Goalkeeper,22.0,0.0,0.0,1980.0,0.0,0.0,1998.0,22.0,0.0,4321.035,48.95,0.0,0.0,43.5,43.5,34.2,38.7,51.4,35.6,49.5,70.6
647,Anthony Lopes,Nantes,Ligue 1,35.0,60561.0,2028-06-30 00:00:00,GK,,GK,transfermarkt_profile_and_lineups,95.0,,Goalkeeper,31.0,0.0,0.0,2789.0,0.0,0.0,2733.2200000000003,31.0,0.0,4396.476000000001,50.2,0.0,0.0,43.5,43.5,50.0,38.7,53.4,49.0,51.2,96.6
129058,B. Verbruggen,Brighton,Premier League,23.0,565093.0,2028-06-30 00:00:00,GK,,GK,transfermarkt_profile_and_lineups,95.0,,Goalkeeper,38.0,0.0,0.0,3420.0,0.0,0.0,3693.6,38.0,0.41580000000000006,6551.82,67.55000000000001,0.0,0.0,43.5,43.5,83.2,83.6,84.2,77.3,84.1,99.2
18885,K. Darlow,Leeds,Premier League,35.0,99397.0,,GK,,GK,transfermarkt_profile_and_lineups,95.0,,Goalkeeper,24.0,0.0,0.0,2160.0,0.0,0.0,2286.9,24.0,0.0,2286.9,24.0,0.0,0.0,43.5,43.5,39.0,38.7,17.8,39.7,20.9,77.0
158,P. Gazzaniga,Girona,La Liga,33.0,195488.0,2027-06-30 00:00:00,GK,,GK,transfermarkt_profile_and_lineups,95.0,,Goalkeeper,36.0,0.0,0.0,3193.0,0.0,0.0,3308.1200000000003,36.0,0.0,6618.5,71.05000000000001,0.0,0.0,43.5,43.5,68.5,38.7,86.3,64.7,79.2,98.5
281,C. Kelleher,Brentford,Premier League,27.0,340918.0,2030-06-30 00:00:00,GK,,GK,transfermarkt_profile_and_lineups,95.0,,Goalkeeper,38.0,0.0,0.0,3450.0,0.0,0.0,3704.4,38.0,0.0,5151.6,52.8,0.0,0.0,43.5,43.5,84.9,38.7,63.7,78.7,59.9,99.2
30731,E. Caprile,Cagliari,Serie A,24.0,421873.0,2029-06-30 00:00:00,GK,,GK,transfermarkt_profile_and_lineups,95.0,,Goalkeeper,40.0,0.0,0.0,3600.0,0.0,0.0,3650.4,40.0,0.0,5487.804,59.85,0.0,0.0,43.5,43.5,81.5,38.7,70.5,75.8,65.8,100.0
50054,S. Scuffet,Pisa,Serie A,29.0,238993.0,2028-06-30 00:00:00,GK,,GK,transfermarkt_profile_and_lineups,95.0,,Goalkeeper,8.0,0.0,0.0,720.0,0.0,0.0,723.6,8.0,0.0,2373.3,26.1,0.0,0.0,43.5,43.5,8.2,38.7,21.9,13.5,24.4,25.7
1622,G. Donnarumma,Manchester City,Premier League,26.0,315858.0,2030-06-30 00:00:00,GK,,GK,transfermarkt_profile_and_lineups,95.0,,Goalkeeper,50.0,0.0,0.0,4500.0,0.0,0.0,4749.3,50.0,0.0,7871.843,83.4,0.0,0.0,43.5,43.5,98.6,38.7,95.2,90.4,86.7,100.0
1924,M. Vandevoordt,RB Leipzig,Bundesliga,23.0,486046.0,2030-06-30 00:00:00,GK,,GK,transfermarkt_profile_and_lineups,95.0,,Goalkeeper,16.0,0.0,0.0,1411.0,0.0,0.0,1375.0,15.0,0.0,2680.5,32.5,0.0,0.0,43.5,43.5,21.9,38.7,25.3,25.2,27.3,49.7
61142,D. Greif,Lyon,Ligue 1,28.0,316884.0,2029-06-30 00:00:00,GK,,GK,transfermarkt_profile_and_lineups,95.0,,Goalkeeper,35.0,0.0,1.0,3150.0,0.0,0.98,3151.8,35.0,0.6859999999999999,5007.285000000001,55.0,0.6859999999999999,0.019588806396344943,88.7,92.5,63.0,87.3,61.0,66.9,64.9,98.1
2932,J. Pickford,Everton,Premier League,31.0,130164.0,2029-06-30 00:00:00,GK,,GK,transfermarkt_profile_and_lineups,95.0,,Goalkeeper,39.0,0.0,0.0,3540.0,0.0,0.0,3801.6,39.0,0.41580000000000006,7005.96,72.15,0.0,0.0,43.5,43.5,87.0,83.6,89.7,80.5,88.8,99.6
179139,Leo Román,Mallorca,La Liga,25.0,562742.0,2031-06-30 00:00:00,GK,,GK,transfermarkt_profile_and_lineups,95.0,,Goalkeeper,33.0,0.0,0.0,2970.0,0.0,0.0,3088.8,33.0,0.0,3493.71,37.4,0.0,0.0,43.5,43.5,59.6,38.7,37.0,57.2,37.2,97.4
119853,M. Diaw,Le Havre,Ligue 1,32.0,164904.0,2027-06-30 00:00:00,GK,,GK,transfermarkt_profile_and_lineups,95.0,,Goalkeeper,30.0,0.0,1.0,2655.0,0.0,0.98,2601.9,30.0,0.6859999999999999,3395.7,39.0,0.6859999999999999,0.02372881355932203,88.7,95.2,46.6,87.3,34.2,52.9,42.2,95.3
162511,S. Lammens,Manchester United,Premier League,23.0,503883.0,2030-06-30 00:00:00,GK,,GK,transfermarkt_profile_and_lineups,95.0,,Goalkeeper,37.0,0.0,0.0,3330.0,0.0,0.0,3472.2000000000003,37.0,0.0,4657.323,53.8,0.0,0.0,43.5,43.5,74.0,38.7,56.2,69.4,53.5,98.9
11379,A. Batalla,Rayo Vallecano,La Liga,29.0,275218.0,2030-06-30 00:00:00,GK,,GK,transfermarkt_profile_and_lineups,95.0,,Goalkeeper,36.0,0.0,0.0,3240.0,0.0,0.0,3317.4,48.0,0.0,5442.120000000001,70.7,0.0,0.0,43.5,43.5,69.2,38.7,69.2,65.3,64.6,98.5
278619,Luíz Júnior,Villarreal,La Liga,24.0,712107.0,2030-06-30 00:00:00,GK,,GK,transfermarkt_profile_and_lineups,95.0,,Goalkeeper,33.0,0.0,0.0,2970.0,0.0,0.0,3160.8,33.0,0.0,4837.144,53.65,0.0,0.0,43.5,43.5,63.7,38.7,58.9,60.7,55.9,97.4
25903,F. Dahmen,FC Augsburg,Bundesliga,27.0,251299.0,2027-06-30 00:00:00,GK,,GK,transfermarkt_profile_and_lineups,95.0,,Goalkeeper,35.0,0.0,0.0,3150.0,0.0,0.0,3141.0,35.0,0.0,5046.75,56.15,0.0,0.0,43.5,43.5,62.0,38.7,62.3,59.2,58.8,98.1
403878,P. Sy,Metz,Ligue 1,28.0,568728.0,2027-06-30 00:00:00,GK,,GK,transfermarkt_profile_and_lineups,95.0,,Goalkeeper,8.0,0.0,0.0,707.0,0.0,0.0,692.86,8.0,0.0,692.86,8.0,0.0,0.0,43.5,43.5,6.8,38.7,4.1,12.3,9.3,25.4
1142,Y. Mvogo,Lorient,Ligue 1,31.0,147051.0,2027-06-30 00:00:00,GK,,GK,transfermarkt_profile_and_lineups,95.0,,Goalkeeper,31.0,0.0,0.0,2790.0,0.0,0.0,2734.2000000000003,31.0,0.0,3633.84,41.2,0.0,0.0,43.5,43.5,50.7,38.7,41.1,49.6,40.7,96.6
46990,Álvaro Vallés,Real Betis,La Liga,28.0,417913.0,2030-06-30 00:00:00,GK,,GK,transfermarkt_profile_and_lineups,95.0,,Goalkeeper,33.0,0.0,0.0,2970.0,0.0,0.0,3115.8,33.0,0.0,4134.168000000001,44.1,0.0,0.0,43.5,43.5,60.3,38.7,48.6,57.8,47.1,97.4
46646,Sergio Herrera,Osasuna,La Liga,32.0,248738.0,2028-06-30 00:00:00,GK,,GK,transfermarkt_profile_and_lineups,95.0,,Goalkeeper,37.0,0.0,0.0,3285.0,0.0,0.0,3416.4,37.0,0.0,6342.735000000001,68.65,0.0,0.0,43.5,43.5,72.6,38.7,81.5,68.2,75.1,98.9
557,O. Vlachodimos,Sevilla,La Liga,31.0,124419.0,2027-06-30 00:00:00,GK,,GK,transfermarkt_profile_and_lineups,95.0,,Goalkeeper,34.0,0.0,0.0,3060.0,0.0,0.0,3169.8,34.0,0.0,3413.61,36.7,0.0,0.0,43.5,43.5,64.4,38.7,35.6,61.2,36.1,97.8
18886,M. Dúbravka,Burnley,Premier League,36.0,74960.0,2027-06-30 00:00:00,GK,,GK,transfermarkt_profile_and_lineups,95.0,,Goalkeeper,35.0,0.0,0.0,3150.0,0.0,0.0,3402.0,35.0,0.0,4821.066000000001,49.7,0.0,0.0,43.5,43.5,71.9,38.7,58.2,67.7,55.3,98.1
30765,I. Radu,Celta Vigo,La Liga,28.0,303657.0,2029-06-30 00:00:00,GK,,GK,transfermarkt_profile_and_lineups,95.0,,Goalkeeper,50.0,0.0,0.0,4500.0,0.0,0.0,4744.8,50.0,0.0,5560.47,58.85,0.0,0.0,43.5,43.5,96.6,38.7,71.2,88.6,66.4,100.0
851,W. Szczęsny,Barcelona,La Liga,35.0,44058.0,2027-06-30 00:00:00,GK,,GK,transfermarkt_profile_and_lineups,95.0,,Goalkeeper,12.0,0.0,0.0,998.0,0.0,0.0,1082.4,11.0,0.0,3611.3250000000003,38.0,0.0,0.0,43.5,43.5,16.4,38.7,39.7,20.5,39.6,35.8
882,David de Gea,Fiorentina,Serie A,35.0,59377.0,2028-06-30 00:00:00,GK,,GK,transfermarkt_profile_and_lineups,95.0,,Goalkeeper,39.0,0.0,0.0,3510.0,0.0,0.0,3531.6,45.0,0.3927,5385.375,68.1,0.0,0.0,43.5,43.5,75.7,81.5,66.4,70.9,68.7,99.6
37137,J. Bijlow,Genoa,Serie A,27.0,315121.0,2029-06-30 00:00:00,GK,,GK,transfermarkt_profile_and_lineups,95.0,,Goalkeeper,17.0,0.0,0.0,1485.0,0.0,0.0,1503.8999999999999,17.0,0.0,2370.966,28.6,0.0,0.0,43.5,43.5,24.7,38.7,21.2,27.5,23.9,53.6
7288,M. Zetterer,Eintracht Frankfurt,Bundesliga,30.0,196813.0,2029-06-30 00:00:00,GK,,GK,transfermarkt_profile_and_lineups,95.0,,Goalkeeper,29.0,0.0,0.0,2635.0,0.0,0.0,2704.0,28.0,0.0,5294.2,57.0,0.0,0.0,43.5,43.5,49.3,38.7,65.1,48.4,61.1,92.6
158532,J. Fischer,Metz,Ligue 1,24.0,542452.0,2029-06-30 00:00:00,GK,,GK,transfermarkt_profile_and_lineups,95.0,,Goalkeeper,27.0,0.0,0.0,2353.0,0.0,0.0,2305.94,26.0,0.0,2305.94,26.0,0.0,0.0,43.5,43.5,41.1,38.7,18.5,41.5,21.5,84.1
162453,L. Chevalier,Paris Saint Germain,Ligue 1,24.0,463600.0,2030-06-30 00:00:00,GK,,GK,transfermarkt_profile_and_lineups,95.0,,Goalkeeper,25.0,0.0,0.0,2250.0,0.0,0.0,2291.4,25.0,0.0,5637.495000000001,64.0,0.0,0.0,43.5,43.5,39.7,38.7,73.3,40.3,68.1,80.2
20566,Y. Diouf,Nice,Ligue 1,26.0,448632.0,2030-06-30 00:00:00,GK,,GK,transfermarkt_profile_and_lineups,95.0,,Goalkeeper,34.0,0.0,0.0,3060.0,0.0,0.0,3040.2000000000003,34.0,0.0,5589.18,62.900000000000006,0.0,0.0,43.5,43.5,57.5,38.7,72.6,55.4,67.5,97.8
194536,R. Roefs,Sunderland,Premier League,22.0,646991.0,2030-06-30 00:00:00,GK,,GK,transfermarkt_profile_and_lineups,95.0,,Goalkeeper,37.0,0.0,0.0,3360.0,0.0,0.0,3591.0,37.0,0.0,5021.7660000000005,57.0,0.0,0.0,43.5,43.5,80.1,38.7,61.6,74.6,58.2,98.9
19599,E. Martínez,Aston Villa,Premier League,33.0,111873.0,2029-06-30 00:00:00,GK,,GK,transfermarkt_profile_and_lineups,95.0,,Goalkeeper,43.0,0.0,1.0,3780.0,0.0,1.08,4092.3,42.0,0.756,7941.015000000001,85.25,0.756,0.016626347042005718,95.5,89.0,89.7,94.2,96.6,90.6,96.2,100.0
56459,W. Falcone,Lecce,Serie A,30.0,238537.0,2028-06-30 00:00:00,GK,,GK,transfermarkt_profile_and_lineups,95.0,,Goalkeeper,39.0,0.0,0.0,3510.0,0.0,0.0,3569.4,39.0,0.21419999999999997,6603.39,72.15,0.0,0.0,43.5,43.5,78.8,78.4,85.6,73.5,84.5,99.6
143648,M. Okoye,Udinese,Serie A,26.0,340353.0,2028-06-30 00:00:00,GK,,GK,transfermarkt_profile_and_lineups,95.0,,Goalkeeper,30.0,0.0,0.0,2617.0,0.0,0.0,2669.34,30.0,0.0,4586.88,50.9,0.0,0.0,43.5,43.5,48.6,38.7,54.8,47.9,52.4,94.6
21628,B. Samba,Rennes,Ligue 1,31.0,191056.0,2029-06-30 00:00:00,GK,,GK,transfermarkt_profile_and_lineups,95.0,,Goalkeeper,32.0,0.0,0.0,2880.0,0.0,0.0,2822.4,32.0,0.0,5585.85,63.0,0.0,0.0,43.5,43.5,51.4,38.7,71.9,50.2,66.9,97.0
19465,David Raya,Arsenal,Premier League,30.0,262749.0,2028-06-30 00:00:00,GK,,GK,transfermarkt_profile_and_lineups,95.0,,Goalkeeper,50.0,0.0,0.0,4500.0,0.0,0.0,5000.400000000001,50.0,0.0,9099.0,90.9,0.0,0.0,43.5,43.5,99.3,38.7,100.0,90.9,90.8,100.0
30733,A. Šemper,Pisa,Serie A,27.0,317057.0,2027-06-30 00:00:00,GK,,GK,transfermarkt_profile_and_lineups,95.0,,Goalkeeper,26.0,0.0,0.0,2340.0,0.0,0.0,2376.0,25.0,0.0,2376.0,25.0,0.0,0.0,43.5,43.5,42.5,38.7,22.6,42.6,25.0,82.4
30670,M. Di Gregorio,Juventus,Serie A,28.0,301238.0,2029-06-30 00:00:00,GK,,GK,transfermarkt_profile_and_lineups,95.0,,Goalkeeper,41.0,0.0,0.0,3645.0,0.0,0.0,3707.1,40.0,0.0,6833.229,73.85,0.0,0.0,43.5,43.5,85.6,38.7,88.4,79.3,80.9,100.0
180762,E. Corvi,Parma,Serie A,24.0,528181.0,2029-06-30 00:00:00,GK,,GK,transfermarkt_profile_and_lineups,95.0,,Goalkeeper,17.0,0.0,0.0,1530.0,0.0,0.0,1560.6,17.0,0.0,1560.6,17.0,0.0,0.0,43.5,43.5,26.7,38.7,11.0,29.2,15.1,54.5
30519,S. Turati,Sassuolo,Serie A,24.0,543666.0,2028-06-30 00:00:00,GK,,GK,transfermarkt_profile_and_lineups,95.0,,Goalkeeper,8.0,0.0,0.0,713.0,0.0,0.0,705.66,8.0,0.0,3071.727,34.1,0.0,0.0,43.5,43.5,7.5,38.7,30.8,12.9,32.0,25.5
340151,M. Penders,Strasbourg,Ligue 1,20.0,834397.0,2032-06-30 00:00:00,GK,,GK,transfermarkt_profile_and_lineups,95.0,,Goalkeeper,35.0,0.0,0.0,3101.0,0.0,0.0,3008.85,47.0,0.0,3433.56,53.05,0.0,0.0,43.5,43.5,56.8,38.7,36.3,54.8,36.7,98.1
18911,N. Pope,Newcastle,Premier League,33.0,192080.0,2027-06-30 00:00:00,GK,,GK,transfermarkt_profile_and_lineups,95.0,,Goalkeeper,36.0,0.0,1.0,3227.0,0.0,1.2,3541.86,36.0,0.84,5701.644,58.25,0.84,0.021344717182497332,97.9,94.5,76.7,96.2,75.3,79.9,78.5,98.5
19088,D. Henderson,Crystal Palace,Premier League,28.0,258919.0,2028-06-30 00:00:00,GK,,GK,transfermarkt_profile_and_lineups,95.0,,Goalkeeper,40.0,0.0,0.0,3600.0,0.0,0.0,3798.9,51.0,0.0,6533.460000000001,79.55,0.0,0.0,43.5,43.5,86.3,38.7,83.6,79.9,76.8,100.0
25906,R. Zentner,FSV Mainz 05,Bundesliga,31.0,160963.0,2028-06-30 00:00:00,GK,,GK,transfermarkt_profile_and_lineups,95.0,,Goalkeeper,14.0,0.0,0.0,1237.0,0.0,0.0,1174.0,18.0,0.0,3720.55,46.300000000000004,0.0,0.0,43.5,43.5,19.2,38.7,42.5,22.8,41.9,48.4
7313,P. Köhn,Monaco,Ligue 1,27.0,251322.0,2028-06-30 00:00:00,GK,,GK,transfermarkt_profile_and_lineups,95.0,,Goalkeeper,27.0,0.0,0.0,2339.0,0.0,0.0,2450.62,25.0,0.0,4110.355,43.7,0.0,0.0,43.5,43.5,45.2,38.7,47.9,44.9,46.6,82.8
19143,S. Johnstone,Wolves,Premier League,32.0,110864.0,2028-06-30 00:00:00,GK,,GK,transfermarkt_profile_and_lineups,95.0,,Goalkeeper,17.0,0.0,1.0,1530.0,0.0,0.9,1544.4,17.0,0.63,2673.648,28.8,0.63,0.03671328671328671,87.0,97.9,26.0,85.6,24.7,35.2,33.8,54.5
183848,Julen Agirrezabala,Valencia,La Liga,25.0,625014.0,2027-06-30 00:00:00,GK,,GK,transfermarkt_profile_and_lineups,95.0,,Goalkeeper,19.0,0.0,0.0,1710.0,0.0,0.0,1765.8000000000002,19.0,0.0,3552.2360000000003,37.95,0.0,0.0,43.5,43.5,30.1,38.7,38.4,32.1,38.4,61.0
47353,Sivera,Alaves,La Liga,29.0,298197.0,2027-06-30 00:00:00,GK,,GK,transfermarkt_profile_and_lineups,95.0,,Goalkeeper,38.0,0.0,0.0,3420.0,0.0,0.0,3556.8,38.0,0.0,6203.684000000001,66.65,0.0,0.0,43.5,43.5,77.7,38.7,80.8,72.6,74.5,99.2
730,T. Courtois,Real Madrid,La Liga,33.0,108390.0,2027-06-30 00:00:00,GK,,GK,transfermarkt_profile_and_lineups,95.0,,Goalkeeper,51.0,0.0,2.0,4545.0,0.0,2.4,4669.200000000001,51.0,1.68,7258.221000000001,77.8,1.68,0.03238242097147263,100.0,98.6,95.9,99.3,91.8,96.5,92.9,100.0
31631,N. Leali,Genoa,Serie A,32.0,136111.0,,GK,,GK,transfermarkt_profile_and_lineups,95.0,,Goalkeeper,24.0,0.0,0.0,2028.0,0.0,0.0,2046.96,23.0,0.0,3735.432,41.55,0.0,0.0,43.5,43.5,35.6,38.7,43.2,36.8,42.5,73.3
2802,Y. Sommer,Inter,Serie A,37.0,42205.0,,GK,,GK,transfermarkt_profile_and_lineups,95.0,,Goalkeeper,47.0,0.0,0.0,4221.0,0.0,0.0,4370.22,47.0,0.0,8176.500000000001,86.85,0.0,0.0,43.5,43.5,91.8,38.7,97.9,84.5,89.1,100.0
193681,T. De Percin,Auxerre,Ligue 1,24.0,695422.0,2029-06-30 00:00:00,GK,,GK,transfermarkt_profile_and_lineups,95.0,,Goalkeeper,8.0,0.0,0.0,595.0,0.0,0.0,583.1,5.0,0.0,680.12,6.1,0.0,0.0,43.5,43.5,4.1,38.7,3.4,10.0,8.7,20.1
1800,K. Trapp,Paris FC,Ligue 1,35.0,45672.0,2028-06-30 00:00:00,GK,,GK,transfermarkt_profile_and_lineups,95.0,,Goalkeeper,22.0,0.0,0.0,1980.0,0.0,0.0,1940.4,22.0,0.0,4670.55,54.7,0.0,0.0,43.5,43.5,33.6,38.7,56.8,35.1,54.1,70.6
1438,B. Leno,Fulham,Premier League,33.0,72476.0,2027-06-30 00:00:00,GK,,GK,transfermarkt_profile_and_lineups,95.0,,Goalkeeper,38.0,0.0,0.0,3420.0,0.0,0.0,3693.6,38.0,0.41580000000000006,6937.110000000001,71.4,0.0,0.0,43.5,43.5,83.2,83.6,89.0,77.3,88.2,99.2
47269,Álex Remiro,Real Sociedad,La Liga,30.0,212862.0,2027-06-30 00:00:00,GK,,GK,transfermarkt_profile_and_lineups,95.0,,Goalkeeper,39.0,0.0,0.0,3510.0,0.0,0.0,3625.2000000000003,39.0,0.0,7548.192000000001,80.65,0.0,0.0,43.5,43.5,80.8,38.7,93.8,75.2,85.6,99.6
26232,M. Flekken,Bayer Leverkusen,Bundesliga,32.0,125714.0,2028-06-30 00:00:00,GK,,GK,transfermarkt_profile_and_lineups,95.0,,Goalkeeper,34.0,0.0,0.0,3060.0,0.0,0.0,3129.0,34.0,1.0584000000000002,6139.284,65.45,0.0,0.0,43.5,43.5,61.0,98.6,78.1,58.3,81.2,97.8
18959,Robert Sánchez,Chelsea,Premier League,28.0,403151.0,2030-06-30 00:00:00,GK,,GK,transfermarkt_profile_and_lineups,95.0,,Goalkeeper,55.0,0.0,1.0,4856.0,0.0,1.08,5007.78,54.0,0.756,7276.266,78.1,0.756,0.013586858847633082,95.5,87.0,100.0,94.2,92.5,99.3,92.7,100.0
162473,Arnau Tenas,Villarreal,La Liga,24.0,466783.0,2029-06-30 00:00:00,GK,,GK,transfermarkt_profile_and_lineups,95.0,,Goalkeeper,15.0,0.0,0.0,1380.0,0.0,0.0,1449.0,15.0,0.5831,1652.742,17.05,0.0,0.0,43.5,43.5,23.3,84.9,11.6,26.3,22.6,48.7
431413,E. Motta,Lazio,Serie A,20.0,916430.0,2030-06-30 00:00:00,GK,,GK,transfermarkt_profile_and_lineups,95.0,,Goalkeeper,11.0,0.0,0.0,1020.0,0.0,0.0,1015.1999999999999,11.0,0.0,1015.1999999999999,11.0,0.0,0.0,43.5,43.5,14.4,38.7,4.8,18.8,9.9,35.9
497,M. Neuer,Bayern München,Bundesliga,39.0,17259.0,2027-06-30 00:00:00,GK,,GK,transfermarkt_profile_and_lineups,95.0,,Goalkeeper,42.0,0.0,0.0,3660.0,0.0,0.0,3696.0,42.0,0.0,6357.795,71.15,0.0,0.0,43.5,43.5,84.2,38.7,82.2,78.1,75.7,100.0
1139,P. Gulácsi,RB Leipzig,Bundesliga,35.0,57071.0,2027-06-30 00:00:00,GK,,GK,transfermarkt_profile_and_lineups,95.0,,Goalkeeper,23.0,0.0,0.0,2009.0,0.0,0.0,2009.0,23.0,0.0,4354.35,48.75,0.0,0.0,43.5,43.5,34.9,38.7,52.7,36.2,50.6,72.5
47270,Unai Simón,Athletic Club,La Liga,28.0,262396.0,2029-06-30 00:00:00,GK,,GK,transfermarkt_profile_and_lineups,95.0,,Goalkeeper,46.0,0.0,0.0,4140.0,0.0,0.0,4394.700000000001,46.0,0.0,6560.763000000001,69.45,0.0,0.0,43.5,43.5,93.2,38.7,84.9,85.7,78.0,100.0
118307,Đ. Petrović,Bournemouth,Premier League,26.0,465555.0,2030-06-30 00:00:00,GK,,GK,transfermarkt_profile_and_lineups,95.0,,Goalkeeper,40.0,0.0,0.0,3630.0,0.0,0.0,3869.1,40.0,0.0,6113.5740000000005,64.85,0.0,0.0,43.5,43.5,87.7,38.7,77.4,81.0,71.6,100.0
31354,G. Vicario,Tottenham,Premier League,29.0,286047.0,2028-06-30 00:00:00,GK,,GK,transfermarkt_profile_and_lineups,95.0,,Goalkeeper,43.0,0.0,0.0,3853.0,0.0,0.0,4230.3,42.0,0.0,7160.07,72.15,0.0,0.0,43.5,43.5,91.1,38.7,91.1,84.0,83.2,100.0
265826,A. Kinský,Tottenham,Premier League,22.0,725912.0,2031-06-30 00:00:00,GK,,GK,transfermarkt_profile_and_lineups,95.0,,Goalkeeper,10.0,0.0,0.0,827.0,0.0,0.0,835.8,10.0,0.0,1755.5100000000002,30.35,0.0,0.0,43.5,43.5,9.6,38.7,13.0,14.7,16.9,30.6
1590,José Sá,Wolves,Premier League,32.0,249994.0,2027-06-30 00:00:00,GK,,GK,transfermarkt_profile_and_lineups,95.0,,Goalkeeper,24.0,0.0,0.0,2160.0,0.0,0.0,2303.1,24.0,0.0,4967.352,51.95,0.0,0.0,43.5,43.5,40.4,38.7,59.6,40.9,56.5,77.0
30915,M. Silvestri,Cremonese,Serie A,34.0,85528.0,,GK,,GK,transfermarkt_profile_and_lineups,95.0,,Goalkeeper,4.0,0.0,0.0,360.0,0.0,0.0,367.2,4.0,0.0,1156.6799999999998,12.7,0.0,0.0,43.5,43.5,2.1,38.7,8.2,8.3,12.8,12.8
2465,J. Musso,Atletico Madrid,La Liga,31.0,242359.0,2028-06-30 00:00:00,GK,,GK,transfermarkt_profile_and_lineups,95.0,,Goalkeeper,18.0,0.0,0.0,1650.0,0.0,0.0,1693.8000000000002,18.0,0.0,2884.8150000000005,31.25,0.0,0.0,43.5,43.5,29.5,38.7,27.4,31.6,29.1,58.4
2919,M. Sels,Nottingham Forest,Premier League,33.0,127202.0,2028-06-30 00:00:00,GK,,GK,transfermarkt_profile_and_lineups,95.0,,Goalkeeper,38.0,0.0,0.0,3327.0,0.0,0.0,3582.36,37.0,0.0,6776.685,70.05,0.0,0.0,43.5,43.5,79.5,38.7,87.7,74.1,80.3,99.2
702,O. Baumann,1899 Hoffenheim,Bundesliga,35.0,55089.0,2028-06-30 00:00:00,GK,,GK,transfermarkt_profile_and_lineups,95.0,,Goalkeeper,36.0,0.0,0.0,3270.0,0.0,0.0,3249.0,36.0,0.21,6071.85,67.15,0.0,0.0,43.5,43.5,66.1,77.4,76.7,62.7,76.8,98.5
325346,G. Restes,Toulouse,Ligue 1,20.0,912902.0,2028-06-30 00:00:00,GK,,GK,transfermarkt_profile_and_lineups,95.0,,Goalkeeper,33.0,0.0,0.0,2940.0,0.0,0.0,2881.2000000000003,33.0,0.3773,5410.445000000001,61.85,0.0,0.0,43.5,43.5,53.4,80.8,67.8,51.9,69.8,97.4
2998,Ł. Skorupski,Bologna,Serie A,34.0,80894.0,2027-06-30 00:00:00,GK,,GK,transfermarkt_profile_and_lineups,95.0,,Goalkeeper,29.0,0.0,0.0,2494.0,0.0,0.0,2597.88,29.0,0.0,5412.075,59.55,0.0,0.0,43.5,43.5,45.9,38.7,68.5,45.5,64.0,90.7
446089,M. Pessina,Bologna,Serie A,18.0,992569.0,2029-06-30 00:00:00,GK,,GK,transfermarkt_profile_and_lineups,95.0,,Goalkeeper,4.0,0.0,0.0,352.0,0.0,0.0,359.03999999999996,3.0,0.0,359.03999999999996,3.0,0.0,0.0,43.5,43.5,1.4,38.7,1.4,7.7,7.0,11.7
312,A. Meret,Napoli,Serie A,28.0,240414.0,2027-06-30 00:00:00,GK,,GK,transfermarkt_profile_and_lineups,95.0,,Goalkeeper,12.0,0.0,1.0,1070.0,0.0,1.02,1107.6,12.0,0.714,3946.56,42.95,0.714,0.058017334777898166,92.1,99.3,17.8,90.4,45.2,29.0,52.0,38.3
31156,V. Milinković-Savić,Napoli,Serie A,28.0,257474.0,2030-06-30 00:00:00,GK,,GK,transfermarkt_profile_and_lineups,95.0,,Goalkeeper,38.0,0.0,1.0,3420.0,0.0,1.02,3531.6,38.0,0.714,6504.57,70.55000000000001,0.714,0.01819571865443425,92.1,90.4,75.7,90.4,82.9,78.2,84.0,99.2
963,L. Hrádecký,Monaco,Ligue 1,36.0,48015.0,2027-06-30 00:00:00,GK,,GK,transfermarkt_profile_and_lineups,95.0,,Goalkeeper,19.0,0.0,0.0,1621.0,0.0,0.0,1628.18,19.0,0.0,4322.555,48.75,0.0,0.0,43.5,43.5,28.1,38.7,52.1,30.4,50.1,59.1
280,Alisson Becker,Liverpool,Premier League,33.0,105470.0,2027-06-30 00:00:00,GK,,GK,transfermarkt_profile_and_lineups,95.0,,Goalkeeper,35.0,0.0,0.0,3116.0,0.0,0.0,3363.9,35.0,0.0,6154.926,63.300000000000004,0.0,0.0,43.5,43.5,69.9,38.7,78.8,65.9,72.8,98.1
15870,M. Hermansen,West Ham,Premier League,25.0,400536.0,2030-06-30 00:00:00,GK,,GK,transfermarkt_profile_and_lineups,95.0,,Goalkeeper,19.0,0.0,1.0,1740.0,0.0,1.08,1857.6000000000001,19.0,0.756,3318.84,34.400000000000006,0.756,0.03662790697674418,95.5,100.0,31.5,94.2,33.6,41.1,42.7,61.6
253,A. Areola,West Ham,Premier League,32.0,120629.0,2027-06-30 00:00:00,GK,,GK,transfermarkt_profile_and_lineups,95.0,,Goalkeeper,24.0,0.0,1.0,2250.0,0.0,1.08,2335.5,24.0,0.756,4581.8460000000005,47.35,0.756,0.029132947976878612,95.5,95.9,41.8,94.2,54.1,49.8,60.1,78.8
46988,Josep Martínez,Inter,Serie A,27.0,388516.0,2029-06-30 00:00:00,GK,,GK,transfermarkt_profile_and_lineups,95.0,,Goalkeeper,10.0,0.0,0.0,900.0,0.0,0.0,850.5,10.0,0.0,2331.99,26.299999999999997,0.0,0.0,43.5,43.5,11.6,38.7,19.2,16.4,22.1,32.1
1798,F. Rønnow,Union Berlin,Bundesliga,33.0,107775.0,,GK,,GK,transfermarkt_profile_and_lineups,95.0,,Goalkeeper,33.0,0.0,0.0,2901.0,0.0,0.0,2875.0,33.0,0.0,5484.1,61.8,0.0,0.0,43.5,43.5,52.1,38.7,69.9,50.8,65.2,97.4
24760,G. Mamardashvili,Liverpool,Premier League,25.0,502676.0,2031-06-30 00:00:00,GK,,GK,transfermarkt_profile_and_lineups,95.0,,Goalkeeper,20.0,0.0,0.0,1712.0,0.0,0.0,1855.74,19.0,0.0,4630.9800000000005,48.800000000000004,0.0,0.0,43.5,43.5,30.8,38.7,55.5,32.7,53.0,61.4
30611,L. Montipò,Hellas Verona,Serie A,29.0,241923.0,2028-06-30 00:00:00,GK,,GK,transfermarkt_profile_and_lineups,95.0,,Goalkeeper,36.0,0.0,1.0,3240.0,0.0,1.02,3294.0,36.0,0.9281999999999999,6199.47,67.75,0.714,0.019508196721311474,92.1,91.8,67.1,97.3,80.1,70.9,82.7,98.5
849,M. Perin,Juventus,Serie A,33.0,110923.0,2027-06-30 00:00:00,GK,,GK,transfermarkt_profile_and_lineups,95.0,,Goalkeeper,14.0,0.0,0.0,1245.0,0.0,0.0,1329.3,14.0,0.0,1955.25,20.8,0.0,0.0,43.5,43.5,21.2,38.7,13.7,24.6,17.4,44.6
286616,F. Jörgensen,Chelsea,Premier League,23.0,585323.0,2031-06-30 00:00:00,GK,,GK,transfermarkt_profile_and_lineups,95.0,,Goalkeeper,13.0,0.0,0.0,1053.0,0.0,0.0,1029.24,11.0,0.0,2509.38,33.65,0.0,0.0,43.5,43.5,15.1,38.7,23.3,19.3,25.6,37.3
40384,R. Majecki,Stade Brestois 29,Ligue 1,26.0,346546.0,2028-06-30 00:00:00,GK,,GK,transfermarkt_profile_and_lineups,95.0,,Goalkeeper,10.0,0.0,0.0,865.0,0.0,0.0,847.7,10.0,0.0,2368.07,26.25,0.0,0.0,43.5,43.5,11.0,38.7,20.5,15.8,23.3,31.4
362884,Kauã Santos,Eintracht Frankfurt,Bundesliga,22.0,997861.0,2030-06-30 00:00:00,GK,,GK,transfermarkt_profile_and_lineups,95.0,,Goalkeeper,16.0,0.0,0.0,1355.0,0.0,0.0,1409.0,16.0,0.0,2102.0,23.15,0.0,0.0,43.5,43.5,22.6,38.7,15.1,25.7,18.6,49.6
36827,J. de Lange,Marseille,Ligue 1,27.0,315253.0,2027-06-30 00:00:00,GK,,GK,transfermarkt_profile_and_lineups,95.0,,Goalkeeper,5.0,0.0,0.0,450.0,0.0,0.0,441.0,5.0,0.0,1279.8899999999999,16.9,0.0,0.0,43.5,43.5,2.7,38.7,9.6,8.9,14.0,16.0
80296,Lucas Perri,Leeds,Premier League,28.0,352041.0,2029-06-30 00:00:00,GK,,GK,transfermarkt_profile_and_lineups,95.0,,Goalkeeper,20.0,0.0,0.0,1860.0,0.0,0.0,1933.2,20.0,0.0,4151.13,44.2,0.0,0.0,43.5,43.5,32.9,38.7,50.0,34.5,48.3,65.4
56266,F. Israel,Torino,Serie A,25.0,492319.0,2028-06-30 00:00:00,GK,,GK,transfermarkt_profile_and_lineups,95.0,,Goalkeeper,10.0,0.0,0.0,900.0,0.0,0.0,907.1999999999999,10.0,0.0,2271.51,26.65,0.0,0.0,43.5,43.5,13.7,38.7,17.1,18.2,20.4,32.1
20355,A. Ramsdale,Newcastle,Premier League,27.0,427568.0,2028-06-30 00:00:00,GK,,GK,transfermarkt_profile_and_lineups,95.0,,Goalkeeper,23.0,0.0,0.0,2023.0,0.0,0.0,2055.2400000000002,22.0,0.0,3955.5000000000005,41.75,0.0,0.0,43.5,43.5,36.3,38.7,45.9,37.4,44.8,71.8
19172,Ø. Nyland,Sevilla,La Liga,35.0,73517.0,,GK,,GK,transfermarkt_profile_and_lineups,95.0,,Goalkeeper,7.0,0.0,0.0,630.0,0.0,0.0,630.0,7.0,0.0,2991.398,32.45,0.0,0.0,43.5,43.5,5.8,38.7,29.5,11.5,30.8,22.5
197830,R. Sava,Udinese,Serie A,23.0,568617.0,2030-06-30 00:00:00,GK,,GK,transfermarkt_profile_and_lineups,95.0,,Goalkeeper,10.0,0.0,0.0,889.0,0.0,0.0,874.38,9.0,0.0,1673.31,20.55,0.0,0.0,43.5,43.5,12.3,38.7,12.3,17.0,16.3,30.9
50132,A. Bayındır,Manchester United,Premier League,27.0,336077.0,2027-06-30 00:00:00,GK,,GK,transfermarkt_profile_and_lineups,95.0,,Goalkeeper,6.0,0.0,0.0,540.0,0.0,0.0,583.2,6.0,0.0,1071.45,11.350000000000001,0.0,0.0,43.5,43.5,4.8,38.7,6.2,10.6,11.0,19.2
36878,M. Bizot,Aston Villa,Premier League,34.0,124884.0,2027-06-30 00:00:00,GK,,GK,transfermarkt_profile_and_lineups,95.0,,Goalkeeper,14.0,0.0,0.0,1170.0,0.0,0.0,1216.8000000000002,13.0,0.0,4149.558,45.150000000000006,0.0,0.0,43.5,43.5,19.9,38.7,49.3,23.4,47.7,42.1
30792,Nícolas,Pisa,Serie A,37.0,99523.0,,GK,,GK,transfermarkt_profile_and_lineups,95.0,,Goalkeeper,6.0,0.0,0.0,540.0,0.0,0.0,550.8,6.0,0.0,550.8,6.0,0.0,0.0,43.5,43.5,3.4,38.7,2.1,9.4,7.6,19.2
21079,M. Dupé,Nice,Ligue 1,32.0,127188.0,2028-06-30 00:00:00,GK,,GK,transfermarkt_profile_and_lineups,95.0,,Goalkeeper,10.0,0.0,0.0,900.0,0.0,0.0,903.6,10.0,0.0,1159.92,13.2,0.0,0.0,43.5,43.5,13.0,38.7,8.9,17.6,13.4,32.1
194981,O. Nkambadio,Paris FC,Ligue 1,22.0,750878.0,2027-06-30 00:00:00,GK,,GK,transfermarkt_profile_and_lineups,95.0,,Goalkeeper,12.0,0.0,0.0,1080.0,0.0,0.0,1058.4,12.0,0.0,1058.4,12.0,0.0,0.0,43.5,43.5,15.8,38.7,5.5,19.9,10.5,38.5
70366,John,Nottingham Forest,Premier League,29.0,432914.0,2028-06-30 00:00:00,GK,,GK,transfermarkt_profile_and_lineups,95.0,,Goalkeeper,13.0,0.0,0.0,1188.0,0.0,0.0,1130.04,13.0,0.0,1130.04,13.0,0.0,0.0,43.5,43.5,18.5,38.7,7.5,22.2,12.2,42.1
138780,N. Williams,Nottingham Forest,Premier League,24.0,503680.0,2029-06-30 00:00:00,LB,RB,FB,transfermarkt_profile_and_lineups,95.0,,Left-Back,53.0,2.0,4.0,4326.0,2.16,4.34,4679.68,46.0,7.2662,6925.594000000001,67.95,5.198,0.09996837390590811,85.2,53.6,100.0,74.9,98.5,97.8,95.0,100.0
21138,R. Aït-Nouri,Manchester City,Premier League,24.0,578391.0,2030-06-30 00:00:00,LB,,FB,transfermarkt_profile_and_lineups,95.0,,Left-Back,31.0,0.0,6.0,1890.0,0.0,5.3100000000000005,1912.38,23.0,10.832400000000002,4704.909,54.050000000000004,3.717,0.1749286229724218,71.0,80.2,45.6,92.6,75.1,49.4,77.8,73.1
157052,R. Calafiori,Arsenal,Premier League,23.0,502821.0,2029-06-30 00:00:00,LB,,FB,transfermarkt_profile_and_lineups,95.0,,Left-Back,36.0,1.0,3.0,2261.0,1.08,3.3600000000000003,2424.69,28.0,7.8408,4059.633,44.65,3.432,0.1273894807171226,68.6,63.3,66.0,78.1,62.4,66.4,64.8,87.6
127817,P. Hincapié,Arsenal,Premier League,23.0,659813.0,2031-06-30 00:00:00,CB,LB,CB,transfermarkt_profile_and_lineups,95.0,,Centre-Back,40.0,1.0,2.0,2798.0,1.08,2.16,2988.21,31.0,5.632,5935.485,61.7,2.592,0.07806680253395847,78.2,69.3,77.4,86.7,88.3,77.5,88.1,100.0
284492,L. Hall,Newcastle,Premier League,21.0,670858.0,2029-06-30 00:00:00,LB,,FB,transfermarkt_profile_and_lineups,95.0,,Left-Back,46.0,1.0,2.0,3255.0,1.08,2.2800000000000002,3486.9,35.0,5.079000000000001,5095.0470000000005,51.2,2.676,0.06906994751785255,59.5,29.0,91.1,62.4,84.3,86.4,81.0,100.0
307123,N. O&apos;Reilly,Manchester City,Premier League,20.0,743413.0,2030-06-30 00:00:00,LB,,FB,transfermarkt_profile_and_lineups,95.0,,Left-Back,54.0,9.0,6.0,4059.0,9.0,6.54,4260.87,44.0,16.944,4841.9505,50.6,13.578,0.2868005829795323,99.4,96.7,98.8,97.3,77.5,98.9,80.5,100.0
162007,M. De Cuyper,Brighton,Premier League,25.0,429915.0,2030-06-30 00:00:00,LB,LM,FB,transfermarkt_profile_and_lineups,95.0,,Left-Back,31.0,2.0,3.0,1481.0,2.16,3.24,1577.3700000000001,18.0,9.759599999999999,3848.751,49.2,4.428,0.2526483957473516,79.1,92.0,34.6,89.3,57.4,41.3,62.2,59.8
162267,A. Truffert,Bournemouth,Premier League,24.0,654539.0,2030-06-30 00:00:00,LB,,FB,transfermarkt_profile_and_lineups,95.0,,Left-Back,39.0,1.0,5.0,3417.0,1.08,5.4,3683.7000000000003,38.0,7.933999999999999,5985.934,64.05,4.859999999999999,0.11873931101881259,84.0,60.9,93.8,79.9,93.5,92.3,91.4,99.6
1361,F. Kadıoğlu,Brighton,Premier League,26.0,369316.0,2028-06-30 00:00:00,LB,RB,FB,transfermarkt_profile_and_lineups,95.0,,Left-Back,42.0,1.0,0.0,3515.0,1.08,0.0,3697.4700000000003,39.0,3.4132,4933.2285,57.2,1.08,0.026288245746415792,30.6,7.4,94.7,44.4,81.4,85.1,75.8,100.0
19549,A. Robinson,Fulham,Premier League,28.0,349701.0,2028-06-30 00:00:00,LB,,FB,transfermarkt_profile_and_lineups,95.0,,Left-Back,26.0,1.0,1.0,1786.0,1.08,0.75,1848.96,20.0,7.123799999999999,4910.643,51.75,1.605,0.078125,39.1,36.7,43.2,73.7,80.2,42.6,79.2,66.1
2724,L. Digne,Aston Villa,Premier League,32.0,126664.0,2028-06-30 00:00:00,LB,,FB,transfermarkt_profile_and_lineups,95.0,,Left-Back,43.0,0.0,7.0,2690.0,0.0,7.58,2901.5600000000004,30.0,9.5549,5716.292000000001,63.1,5.306,0.16458043259487998,86.1,76.9,77.2,89.1,91.1,78.6,90.8,99.8
163069,L. Netz,Borussia Mönchengladbach,Bundesliga,22.0,524285.0,2030-06-30 00:00:00,LB,LM,FB,transfermarkt_profile_and_lineups,95.0,,Left-Back,24.0,0.0,2.0,1390.0,0.0,2.0,1408.7,14.0,3.904,2753.17,27.65,1.4,0.08944416838219633,34.6,46.2,30.5,49.7,36.1,31.1,38.1,51.3
289,A. Robertson,Liverpool,Premier League,31.0,234803.0,2030-06-30 00:00:00,LB,,FB,transfermarkt_profile_and_lineups,95.0,,Left-Back,36.0,3.0,2.0,2001.0,3.18,2.1,2133.21,20.0,6.9534,4654.956,45.85,4.65,0.1961832168422237,81.4,85.2,55.3,73.1,72.8,59.2,72.8,74.3
409303,E. Diouf,West Ham,Premier League,21.0,1111589.0,2030-06-30 00:00:00,LB,LM,FB,transfermarkt_profile_and_lineups,95.0,,Left-Back,34.0,0.0,5.0,2906.0,0.0,5.4,3089.88,32.0,4.2035,3612.9575000000004,49.6,3.78,0.11010136315973436,71.4,58.3,82.0,53.8,53.0,80.4,53.1,97.8
641,O. Zinchenko,Nottingham Forest,Premier League,29.0,203853.0,,LB,,FB,transfermarkt_profile_and_lineups,95.0,,Left-Back,12.0,0.0,0.0,734.0,0.0,0.0,753.24,10.0,1.8534000000000002,1850.028,20.75,0.0,0.0,7.8,17.8,10.7,23.4,18.0,10.2,18.8,29.5
891,L. Shaw,Manchester United,Premier League,30.0,183288.0,2027-06-30 00:00:00,LB,CB,FB,transfermarkt_profile_and_lineups,95.0,,Left-Back,38.0,1.0,1.0,3233.0,1.08,1.08,3491.6400000000003,38.0,2.088,4225.094,45.25,1.836,0.047324466439839154,43.6,14.2,91.4,26.9,65.4,84.3,59.6,99.2
2165,V. Mykolenko,Everton,Premier League,26.0,404842.0,2029-06-30 00:00:00,LB,,FB,transfermarkt_profile_and_lineups,95.0,,Left-Back,37.0,0.0,1.0,3254.0,0.0,1.08,3433.23,36.0,2.9871,6203.43,65.4,0.756,0.01981807219440585,26.0,5.3,89.6,40.2,94.7,80.1,86.5,98.9
47380,Marc Cucurella,Chelsea,Premier League,27.0,284857.0,2032-06-30 00:00:00,LB,,FB,transfermarkt_profile_and_lineups,95.0,,Left-Back,55.0,1.0,4.0,4367.0,1.08,4.32,4515.75,48.0,8.9757,6986.223,76.6,4.104,0.08179372197309417,76.3,40.2,99.7,86.4,98.8,96.2,97.0,100.0
22225,Reinildo,Sunderland,Premier League,31.0,240692.0,2027-06-30 00:00:00,LB,,FB,transfermarkt_profile_and_lineups,95.0,,Left-Back,26.0,0.0,2.0,1997.0,0.0,2.16,2147.52,23.0,2.3544,3275.566,33.65,1.512,0.06336611533303531,37.7,24.0,56.2,32.0,46.4,53.4,44.3,73.4
162076,D. Cirkin,Sunderland,Premier League,23.0,568006.0,,LB,,FB,transfermarkt_profile_and_lineups,95.0,,Left-Back,10.0,0.0,1.0,530.0,0.0,0.9,534.6,5.0,0.63,534.6,5.0,0.63,0.10606060606060605,16.7,53.0,5.6,8.0,2.7,7.3,3.5,19.5
44871,A. Hickey,Brentford,Premier League,23.0,591949.0,2028-06-30 00:00:00,RB,LB,FB,transfermarkt_profile_and_lineups,95.0,,Right-Back,26.0,1.0,0.0,1018.0,0.75,0.0,1016.8800000000001,12.0,0.75,1250.16,14.7,0.75,0.06637951380693886,25.1,37.0,16.0,11.2,9.2,17.4,9.5,42.5
106725,K. Lewis-Potter,Brentford,Premier League,24.0,644401.0,2031-06-30 00:00:00,LM,LB,W,transfermarkt_profile_and_lineups,95.0,,Left Midfield,41.0,5.0,4.0,2313.0,4.890000000000001,3.99,2420.7000000000003,25.0,11.364,4813.629000000001,50.2,7.683000000000001,0.285648779278721,65.7,39.5,73.8,53.9,83.7,59.1,64.4,87.1
206254,M. Kerkez,Liverpool,Premier League,22.0,730861.0,2030-06-30 00:00:00,LB,,FB,transfermarkt_profile_and_lineups,95.0,,Left-Back,48.0,2.0,2.0,3218.0,2.16,1.98,3453.9300000000003,38.0,7.4556000000000004,6230.187000000001,66.9,3.5460000000000003,0.09239909320686869,70.1,47.3,90.5,76.6,95.3,87.5,92.5,100.0
19032,R. Sessegnon,Fulham,Premier League,25.0,392775.0,2027-06-30 00:00:00,LB,,FB,transfermarkt_profile_and_lineups,95.0,,Left-Back,31.0,3.0,3.0,2087.0,3.24,3.24,2189.91,23.0,9.062100000000001,2661.5099999999998,28.25,5.508,0.22636546707398936,88.2,91.4,57.4,87.0,32.8,62.0,41.0,77.1
138816,I. Maatsen,Aston Villa,Premier League,23.0,485585.0,2030-06-30 00:00:00,LB,,FB,transfermarkt_profile_and_lineups,95.0,,Left-Back,43.0,1.0,2.0,2327.0,1.1,2.16,2478.02,25.0,6.0776,4171.202,40.15,2.612,0.09486606242080371,58.0,50.3,66.6,68.9,63.9,65.3,64.7,87.4
327730,O. Scarles,West Ham,Premier League,20.0,922563.0,2028-06-30 00:00:00,LB,,FB,transfermarkt_profile_and_lineups,95.0,,Left-Back,17.0,0.0,1.0,834.0,0.0,1.08,869.4,11.0,0.756,1301.337,15.4,0.756,0.0782608695652174,26.0,43.8,12.4,12.0,10.1,14.5,10.3,34.4
19235,D. Spence,Tottenham,Premier League,25.0,483348.0,2029-06-30 00:00:00,LB,,FB,transfermarkt_profile_and_lineups,95.0,,Left-Back,44.0,0.0,0.0,3024.0,0.0,0.0,3274.23,34.0,1.4256000000000002,4774.662,48.5,0.0,0.0,7.8,1.6,86.4,20.4,76.3,74.6,67.9,100.0
204039,D. Udogie,Tottenham,Premier League,23.0,556385.0,2030-06-30 00:00:00,LB,LM,FB,transfermarkt_profile_and_lineups,95.0,,Left-Back,28.0,0.0,1.0,1668.0,0.0,1.08,1833.8100000000002,17.0,2.5002,4272.215,43.6,0.756,0.0371030804718046,26.0,10.7,42.0,34.9,66.3,39.6,61.6,61.5
375915,Q. Hartman,Burnley,Premier League,24.0,514285.0,2027-06-30 00:00:00,LB,,FB,transfermarkt_profile_and_lineups,95.0,,Left-Back,23.0,0.0,5.0,2010.0,0.0,5.4,2138.4,23.0,5.3193,3254.196,38.8,3.78,0.1590909090909091,71.4,75.1,55.9,65.1,45.9,58.2,48.7,72.6
19346,R. Henry,Brentford,Premier League,28.0,339556.0,2027-06-30 00:00:00,LB,,FB,transfermarkt_profile_and_lineups,95.0,,Left-Back,30.0,0.0,0.0,1755.0,0.0,0.0,1766.82,19.0,0.2268,1984.683,21.05,0.0,0.0,7.8,3.3,39.6,6.2,19.8,34.9,17.8,66.0
37724,C. Summerville,West Ham,Premier League,24.0,474701.0,2029-06-30 00:00:00,LW,,W,transfermarkt_profile_and_lineups,95.0,,Left Winger,34.0,7.0,5.0,2715.0,7.2,5.220000000000001,2890.6200000000003,30.0,12.210300000000002,3392.8650000000002,34.7,10.854000000000001,0.3379413413039417,77.7,59.9,86.7,58.1,65.1,73.3,60.6,97.8
1422,J. Doku,Manchester City,Premier League,23.0,486049.0,2028-06-30 00:00:00,LW,,W,transfermarkt_profile_and_lineups,95.0,,Left Winger,49.0,10.0,14.0,3117.0,9.75,14.760000000000002,3240.48,35.0,31.1898,5103.3285,52.85,20.082,0.5577507035994668,94.6,92.2,94.0,92.8,88.0,94.0,91.1,100.0
19187,J. Grealish,Everton,Premier League,30.0,203460.0,2027-06-30 00:00:00,LW,,W,transfermarkt_profile_and_lineups,95.0,,Left Winger,22.0,2.0,6.0,1723.0,2.16,6.48,1830.8100000000002,19.0,11.6031,3304.8840000000005,34.75,6.696,0.32916577908139016,60.5,57.8,54.8,55.4,62.3,59.9,57.8,62.3
19281,A. Semenyo,Bournemouth,Premier League,25.0,583255.0,2031-06-30 00:00:00,RW,LW,W,transfermarkt_profile_and_lineups,95.0,,Right Winger,47.0,20.0,6.0,3780.0,20.91,6.12,3965.1,43.0,38.6049,6744.732,71.95,25.194,0.5718544299008852,97.6,93.7,97.9,96.7,98.2,96.6,97.2,100.0
1165,Matheus Cunha,Manchester United,Premier League,26.0,517894.0,2030-06-30 00:00:00,ST,LW,FW,transfermarkt_profile_and_lineups,95.0,,Centre-Forward,35.0,10.0,4.0,2683.0,10.8,4.32,2851.7400000000002,31.0,32.4234,5374.9980000000005,57.650000000000006,13.824000000000002,0.43628100738496495,79.0,50.7,86.7,89.9,93.7,71.9,91.2,97.8
138787,A. Gordon,Newcastle,Premier League,24.0,503733.0,2031-06-30 00:00:00,LW,ST,W,transfermarkt_profile_and_lineups,95.0,,Left Winger,46.0,17.0,5.0,2869.0,19.380000000000003,5.46,3111.7200000000003,36.0,36.046800000000005,5832.213000000001,64.85,23.202,0.6710693764220431,97.0,95.8,91.9,95.5,95.5,96.7,95.5,100.0
452685,R. Ngumoha,Liverpool,Premier League,17.0,1108466.0,2028-06-30 00:00:00,LW,,W,transfermarkt_profile_and_lineups,95.0,,Left Winger,29.0,2.0,1.0,952.0,2.16,1.08,950.73,9.0,2.9160000000000004,986.37,9.55,2.9160000000000004,0.27604051623489323,28.9,41.9,25.3,16.3,13.0,32.2,15.1,39.3
1946,L. Trossard,Arsenal,Premier League,31.0,144028.0,2027-06-30 00:00:00,LW,,W,transfermarkt_profile_and_lineups,95.0,,Left Winger,49.0,8.0,10.0,2839.0,8.43,11.280000000000001,3048.39,31.0,32.6802,5745.573,56.900000000000006,16.326,0.4820052552330903,91.0,84.3,91.0,94.0,94.9,89.3,94.3,100.0
48389,N. Okafor,Leeds,Premier League,25.0,346890.0,2029-06-30 00:00:00,LW,ST,W,transfermarkt_profile_and_lineups,95.0,,Left Winger,34.0,8.0,3.0,1976.0,8.64,2.88,2048.2200000000003,24.0,14.541900000000002,2700.9090000000006,29.1,10.656,0.4682309517532296,76.8,83.1,62.0,67.2,49.7,78.4,61.1,77.0
2298,C. Hudson-Odoi,Nottingham Forest,Premier League,25.0,392768.0,2028-06-30 00:00:00,LW,,W,transfermarkt_profile_and_lineups,95.0,,Left Winger,43.0,6.0,4.0,2641.0,6.140000000000001,4.32,2848.1400000000003,28.0,16.389200000000002,4995.2880000000005,49.75,9.164000000000001,0.28957846173292046,72.6,42.5,84.6,75.0,86.4,65.1,79.0,96.8
247,C. Gakpo,Liverpool,Premier League,26.0,434675.0,2030-06-30 00:00:00,LW,ST,W,transfermarkt_profile_and_lineups,95.0,,Left Winger,52.0,9.0,6.0,3596.0,9.96,6.6000000000000005,3858.7200000000003,41.0,30.318000000000005,6072.756,63.95,14.580000000000002,0.3400609528548327,88.3,60.2,97.3,92.2,96.4,81.2,93.6,100.0
1696,S. Chukwueze,Fulham,Premier League,26.0,401922.0,2028-06-30 00:00:00,RW,LW,W,transfermarkt_profile_and_lineups,95.0,,Right Winger,26.0,3.0,4.0,1219.0,3.24,4.32,1288.92,11.0,11.853,2462.469,21.55,6.264,0.437389442323806,56.2,72.0,37.0,56.6,44.3,60.1,52.3,45.6
19071,E. Buendía,Aston Villa,Premier League,29.0,321247.0,2027-06-30 00:00:00,LW,LM,W,transfermarkt_profile_and_lineups,95.0,,Left Winger,53.0,10.0,8.0,2804.0,10.68,8.56,3020.6000000000004,33.0,17.772000000000002,3331.1960000000004,35.75,16.672,0.4967489902668344,91.9,85.8,89.8,78.9,63.3,90.4,73.4,100.0
19245,M. Tavernier,Bournemouth,Premier League,26.0,399434.0,2029-06-30 00:00:00,CAM,LW,AM,transfermarkt_profile_and_lineups,95.0,,Attacking Midfield,35.0,8.0,4.0,2792.0,8.46,4.32,3006.54,31.0,17.910000000000004,5005.4220000000005,51.2,11.484000000000002,0.3437705801353051,79.5,63.1,85.2,75.4,86.1,75.4,79.1,98.1
6056,N. Domínguez,Nottingham Forest,Premier League,27.0,497291.0,2028-06-30 00:00:00,CM,CDM,CM,transfermarkt_profile_and_lineups,95.0,,Central Midfield,41.0,2.0,1.0,2210.0,2.18,1.08,2392.6600000000003,28.0,4.7234,4321.243,49.25,2.936,0.11043775546880875,45.2,23.3,64.2,42.7,73.1,55.6,62.5,88.0
106835,K. Mitoma,Brighton,Premier League,28.0,504849.0,2027-06-30 00:00:00,LW,,W,transfermarkt_profile_and_lineups,95.0,,Left Winger,27.0,3.0,1.0,1762.0,3.24,1.08,1895.76,19.0,14.2044,4266.858,42.900000000000006,3.9960000000000004,0.18970755791872393,39.5,9.9,58.1,66.0,75.6,32.1,69.3,65.0
129682,A. Adli,Bournemouth,Premier League,25.0,532776.0,2030-06-30 00:00:00,LW,RW,W,transfermarkt_profile_and_lineups,95.0,,Left Winger,34.0,3.0,3.0,1288.0,3.24,3.06,1340.46,13.0,12.5715,2695.7175,25.95,5.382,0.36135356519403783,51.5,61.4,39.5,59.6,49.1,54.0,55.9,52.0
196855,J. Anthony,Burnley,Premier League,26.0,684210.0,2030-06-30 00:00:00,LW,LM,W,transfermarkt_profile_and_lineups,95.0,,Left Winger,38.0,9.0,4.0,2825.0,9.540000000000001,4.32,3034.8,33.0,13.212,3178.3320000000003,34.8,12.564,0.3725978647686833,83.4,67.2,90.4,62.3,59.0,79.4,61.2,99.2
18778,H. Barnes,Newcastle,Premier League,28.0,398065.0,2028-06-30 00:00:00,LW,RW,W,transfermarkt_profile_and_lineups,95.0,,Left Winger,57.0,16.0,6.0,3357.0,17.46,6.63,3573.9300000000003,33.0,31.8264,4959.327,45.85,22.101,0.5565553886058204,96.1,91.9,96.4,93.4,86.1,95.0,90.8,100.0
284324,A. Garnacho,Chelsea,Premier League,21.0,811779.0,2032-06-30 00:00:00,LW,,W,transfermarkt_profile_and_lineups,95.0,,Left Winger,42.0,8.0,4.0,2149.0,7.08,4.32,2237.94,22.0,21.5518,5327.485500000001,52.400000000000006,10.104,0.4063379715273867,75.3,73.2,69.0,86.1,90.7,74.8,87.7,80.8
178077,K. Schade,Brentford,Premier League,24.0,473050.0,2028-06-30 00:00:00,LW,ST,W,transfermarkt_profile_and_lineups,95.0,,Left Winger,39.0,8.0,4.0,3040.0,8.64,4.32,3205.8900000000003,35.0,20.0619,4740.579000000001,51.05,11.664000000000001,0.3274472923275596,81.0,56.9,93.4,83.1,82.2,75.0,82.8,99.6
237819,Kevin,Fulham,Premier League,22.0,900195.0,2030-06-30 00:00:00,LW,,W,transfermarkt_profile_and_lineups,95.0,,Left Winger,36.0,8.0,6.0,1870.0,6.63,5.3100000000000005,1772.0400000000002,18.0,17.2944,3295.2030000000004,38.4,10.347,0.5255129681045574,75.6,88.9,52.7,78.3,62.0,78.9,72.6,69.6
270510,M. Tel,Tottenham,Premier League,20.0,801734.0,2031-06-30 00:00:00,ST,LW,FW,transfermarkt_profile_and_lineups,95.0,,Centre-Forward,38.0,4.0,2.0,1688.0,4.32,2.2800000000000002,1792.76,17.0,13.207600000000001,3181.657,29.9,5.916,0.29699457819228453,39.5,10.5,56.3,48.3,61.2,32.3,52.8,65.6
19128,J. Harrison,Fiorentina,Serie A,29.0,417346.0,2028-06-30 00:00:00,LW,RW,W,transfermarkt_profile_and_lineups,95.0,,Left Winger,29.0,1.0,3.0,1511.0,1.02,3.06,1511.1,18.0,6.0942,3568.6980000000003,39.6,3.162,0.18832638475282906,30.6,15.1,44.0,31.0,66.6,26.7,43.5,59.7
301771,S. Adingra,Monaco,Ligue 1,23.0,658536.0,2030-06-30 00:00:00,LW,LM,W,transfermarkt_profile_and_lineups,95.0,,Left Winger,31.0,4.0,3.0,1677.0,4.02,3.04,1722.5,21.0,11.3554,3338.4500000000003,37.5,6.148,0.3212307692307692,55.7,55.7,50.0,53.6,64.2,55.7,57.3,66.8
336564,W. Odobert,Tottenham,Premier League,21.0,743498.0,2029-06-30 00:00:00,LW,RW,W,transfermarkt_profile_and_lineups,95.0,,Left Winger,33.0,2.0,5.0,1609.0,2.1,5.3100000000000005,1760.73,18.0,9.2734,3048.993,31.3,5.817,0.2973369000357806,53.6,45.2,51.5,44.6,56.6,51.5,48.8,63.2
162128,W. Gnonto,Leeds,Premier League,22.0,,,LW,,W,lineup_history,100.0,LW:4,,0.0,0.0,0.0,0.0,0.0,0.0,0.0,0.0,0.0,0.0,0.0,0.0,0.0,3.2,48.8,1.5,2.1,1.5,14.6,1.9,0.0
286894,J. Bynoe-Gittens,Chelsea,Premier League,21.0,670882.0,2032-06-30 00:00:00,LW,RW,W,transfermarkt_profile_and_lineups,95.0,,Left Winger,28.0,1.0,5.0,1115.0,0.75,4.86,1151.8500000000001,12.0,15.555000000000003,3197.8100000000004,36.1,4.152,0.32441724182836307,40.4,54.5,32.8,71.7,60.2,43.9,67.7,45.2
127769,Gabriel Martinelli,Arsenal,Premier League,24.0,655488.0,2027-06-30 00:00:00,LW,,W,transfermarkt_profile_and_lineups,95.0,,Left Winger,52.0,11.0,7.0,2347.0,11.88,7.62,2464.59,25.0,29.696399999999997,5364.087,54.65,17.214,0.6286075980183315,92.5,94.3,75.6,91.6,91.6,92.9,91.6,87.8
284414,R. Mundle,Sunderland,Premier League,22.0,696181.0,2028-06-30 00:00:00,LW,LM,W,transfermarkt_profile_and_lineups,95.0,,Left Winger,16.0,0.0,0.0,611.0,0.0,0.0,622.08,4.0,0.0,656.244,4.3,0.0,0.0,3.2,13.6,13.0,2.1,6.9,5.8,3.8,22.4
311543,N. Angulo,Sunderland,Premier League,22.0,903611.0,2030-06-30 00:00:00,LW,,W,transfermarkt_profile_and_lineups,95.0,,Left Winger,36.0,7.0,7.0,2810.0,5.43,5.46,2312.04,33.0,11.4209,2705.9825,36.85,9.251999999999999,0.36014947838272693,73.8,65.7,70.8,54.2,50.0,71.8,52.7,98.5
382452,P. Dorgu,Manchester United,Premier League,21.0,926952.0,2030-06-30 00:00:00,LW,LM,W,transfermarkt_profile_and_lineups,95.0,,Left Winger,28.0,4.0,4.0,1580.0,4.32,4.32,1675.3500000000001,17.0,10.644200000000001,4192.307000000001,44.650000000000006,7.344,0.39452054794520547,63.3,69.6,47.9,50.6,74.7,64.8,59.0,59.7
182201,T. Mitchell,Crystal Palace,Premier League,26.0,730893.0,2027-06-30 00:00:00,LB,LM,FB,transfermarkt_profile_and_lineups,95.0,,Left-Back,42.0,1.0,2.0,3481.0,1.08,2.16,3691.65,48.0,6.3459,6789.657,82.55,2.592,0.06319125594246475,57.5,23.4,94.4,70.7,97.9,88.9,93.8,100.0
47969,G. Gudmundsson,Leeds,Premier League,26.0,362108.0,2029-06-30 00:00:00,LB,LM,FB,transfermarkt_profile_and_lineups,95.0,,Left-Back,35.0,1.0,1.0,2936.0,0.9,0.9,3117.42,34.0,3.364,4968.0650000000005,56.85,1.53,0.04417114152087302,38.5,13.3,82.8,43.5,82.0,76.2,76.2,98.1
280687,Hugo Bueno,Wolves,Premier League,23.0,698678.0,2028-06-30 00:00:00,LB,LM,FB,transfermarkt_profile_and_lineups,95.0,,Left-Back,38.0,1.0,2.0,2634.0,1.08,2.16,2769.48,29.0,4.2249,3897.5190000000002,42.1,2.592,0.0842324190822826,57.5,42.0,73.4,54.4,58.6,71.0,58.0,96.9
330238,Lucas Pires,Burnley,Premier League,24.0,927768.0,2028-06-30 00:00:00,LB,LM,FB,transfermarkt_profile_and_lineups,95.0,,Left-Back,23.0,0.0,0.0,1587.0,0.0,0.0,1654.38,17.0,0.312,2168.0640000000003,21.8,0.0,0.0,7.8,4.1,36.4,6.8,21.3,32.1,19.1,58.0
265782,D. Møller Wolfe,Wolves,Premier League,23.0,661427.0,2030-06-30 00:00:00,LB,LM,FB,transfermarkt_profile_and_lineups,95.0,,Left-Back,26.0,2.0,3.0,1320.0,1.5,3.06,1363.14,14.0,7.8919,3799.8560000000007,50.2,3.642,0.2404595272679255,70.7,87.3,28.7,79.6,56.5,35.0,60.0,50.6
19545,R. James,Chelsea,Premier League,26.0,472423.0,2032-06-30 00:00:00,RB,CDM,FB,transfermarkt_profile_and_lineups,95.0,,Right-Back,43.0,3.0,7.0,2872.0,2.91,7.800000000000001,3063.6,32.0,10.179900000000002,3853.701,43.4,8.370000000000001,0.2458871915393655,95.9,93.8,81.1,91.4,57.7,83.3,62.8,100.0
41621,Matheus Nunes,Manchester City,Premier League,27.0,601883.0,2028-06-30 00:00:00,RB,,FB,transfermarkt_profile_and_lineups,95.0,,Right-Back,52.0,1.0,10.0,4159.0,1.08,9.96,4300.5,47.0,14.6484,6277.4265,67.2,8.052,0.16851063829787233,95.0,78.4,99.1,95.6,95.6,98.5,95.6,100.0
657,K. Tete,Fulham,Premier League,30.0,206746.0,2028-06-30 00:00:00,RB,,FB,transfermarkt_profile_and_lineups,95.0,,Right-Back,23.0,1.0,0.0,1885.0,1.08,0.0,2006.1000000000001,22.0,2.2356000000000003,3392.6580000000004,37.15,1.08,0.048452220726783304,30.6,14.8,50.3,29.6,48.5,47.3,45.7,69.0
38746,J. Timber,Arsenal,Premier League,24.0,420243.0,2028-06-30 00:00:00,RB,,FB,transfermarkt_profile_and_lineups,95.0,,Right-Back,43.0,4.0,7.0,3309.0,4.44,7.680000000000001,3530.76,37.0,12.7794,5623.2660000000005,58.5,9.816,0.250212418855997,97.6,94.1,92.0,93.8,89.9,92.9,90.5,100.0
2771,O. Aina,Nottingham Forest,Premier League,29.0,236490.0,2028-06-30 00:00:00,RB,,FB,transfermarkt_profile_and_lineups,95.0,,Right-Back,26.0,0.0,1.0,2110.0,0.0,1.1,2289.2000000000003,23.0,2.9246000000000003,4742.312000000001,49.35,0.77,0.03027258430892888,27.1,8.6,61.2,39.9,76.0,56.1,70.6,75.7
47519,Pedro Porro,Tottenham,Premier League,26.0,553875.0,2031-06-30 00:00:00,RB,,FB,transfermarkt_profile_and_lineups,95.0,,Right-Back,47.0,2.0,6.0,3923.0,2.2800000000000002,6.61,4234.4400000000005,45.0,15.8999,7603.158000000001,79.2,6.907,0.14680335534332756,92.9,70.7,98.5,96.4,99.7,97.7,99.2,100.0
19959,B. White,Arsenal,Premier League,28.0,,,RB,,FB,lineup_history,100.0,RB:9,,0.0,0.0,0.0,0.0,0.0,0.0,0.0,0.0,0.0,0.0,0.0,0.0,0.0,7.8,49.6,0.7,2.4,0.7,1.8,1.0,0.0
342022,M. Kayode,Brentford,Premier League,21.0,823486.0,2032-06-30 00:00:00,RB,,FB,transfermarkt_profile_and_lineups,95.0,,Right-Back,44.0,1.0,2.0,3612.0,1.08,1.98,3817.77,40.0,3.6162,4977.003000000001,55.9,2.466,0.05813341296096937,55.0,19.5,96.7,46.2,82.5,90.5,77.1,100.0
886,Diogo Dalot,Manchester United,Premier League,26.0,357147.0,2028-06-30 00:00:00,RB,LM,FB,transfermarkt_profile_and_lineups,95.0,,Right-Back,36.0,1.0,3.0,2796.0,1.08,3.24,2973.78,31.0,8.7333,6797.558000000001,70.1,3.348,0.10132558561830396,67.8,54.1,79.3,85.2,98.2,77.6,96.3,98.5
19298,M. Cash,Aston Villa,Premier League,28.0,425334.0,2029-06-30 00:00:00,RB,,FB,transfermarkt_profile_and_lineups,95.0,,Right-Back,48.0,3.0,5.0,3932.0,3.24,5.44,4217.46,44.0,10.1164,6689.955,72.6,7.048,0.15040332332731074,93.2,72.2,98.2,90.8,97.6,97.5,96.6,100.0
537,J. Veltman,Brighton,Premier League,33.0,111195.0,,RB,,FB,transfermarkt_profile_and_lineups,95.0,,Right-Back,28.0,1.0,1.0,1360.0,1.08,0.75,1391.55,13.0,2.8487999999999998,3120.5640000000003,30.85,1.605,0.10380510941036973,39.1,54.4,29.6,38.8,43.2,31.0,42.5,51.2
37143,L. Geertruida,Sunderland,Premier League,25.0,420210.0,2029-06-30 00:00:00,RB,CDM,FB,transfermarkt_profile_and_lineups,95.0,,Right-Back,30.0,0.0,0.0,1865.0,0.0,0.0,1981.8000000000002,19.0,3.8575000000000004,4621.959000000001,50.150000000000006,0.0,0.0,7.8,1.6,49.1,48.5,72.2,42.9,68.6,68.2
330437,Álex Jiménez,Bournemouth,Premier League,20.0,741257.0,,RB,,FB,transfermarkt_profile_and_lineups,95.0,,Right-Back,33.0,1.0,1.0,2421.0,1.08,0.9,2603.1600000000003,26.0,2.4492,3563.1975,37.6,1.71,0.059120453602544594,41.7,20.4,70.1,34.0,52.1,65.9,49.4,87.7
158694,T. Livramento,Newcastle,Premier League,23.0,503981.0,2028-06-30 00:00:00,RB,LB,FB,transfermarkt_profile_and_lineups,95.0,,Right-Back,26.0,0.0,1.0,1810.0,0.0,1.08,1944.69,19.0,1.4958,4276.446,42.2,0.756,0.03498758156827052,26.0,10.1,47.0,21.6,66.6,43.9,59.8,65.6
119121,T. Hume,Sunderland,Premier League,23.0,515544.0,2030-06-30 00:00:00,RB,RM,FB,transfermarkt_profile_and_lineups,95.0,,Right-Back,40.0,2.0,1.0,3249.0,2.16,1.08,3471.1200000000003,36.0,2.9160000000000004,3471.1200000000003,36.0,2.9160000000000004,0.07560672059738643,63.0,34.3,90.8,39.6,50.6,86.7,48.9,100.0
152654,J. Frimpong,Liverpool,Premier League,25.0,484547.0,2030-06-30 00:00:00,RB,RW,FB,transfermarkt_profile_and_lineups,95.0,,Right-Back,35.0,2.0,2.0,1794.0,1.65,2.16,1914.3,23.0,17.5655,4898.0025000000005,54.75,3.162,0.14866008462623412,64.8,71.3,46.2,98.2,79.0,48.9,81.9,72.7
2920,T. Castagne,Fulham,Premier League,30.0,262226.0,2027-06-30 00:00:00,RB,RM,FB,transfermarkt_profile_and_lineups,95.0,,Right-Back,36.0,0.0,1.0,2362.0,0.0,0.75,2419.86,26.0,2.4402,4484.658,46.85,0.5249999999999999,0.01952592298728025,15.8,5.0,65.4,33.7,71.0,58.0,65.4,87.6
92993,M. Wieffer,Brighton,Premier League,26.0,415381.0,2029-06-30 00:00:00,RB,,FB,transfermarkt_profile_and_lineups,95.0,,Right-Back,28.0,2.0,3.0,1940.0,2.16,3.24,2085.9900000000002,23.0,9.3744,3666.4260000000004,40.8,4.428,0.1910459781686393,79.1,83.7,54.1,88.2,54.1,57.9,59.2,73.0
169,K. Trippier,Newcastle,Premier League,35.0,95810.0,2028-06-30 00:00:00,RB,,FB,transfermarkt_profile_and_lineups,95.0,,Right-Back,37.0,0.0,4.0,2609.0,0.0,4.68,2816.46,31.0,7.367399999999999,4668.921,50.6,3.276,0.10468460407745893,66.6,56.5,75.1,76.0,74.0,73.9,74.3,97.0
270139,J. O&apos;Brien,Everton,Premier League,24.0,711544.0,2028-06-30 00:00:00,RB,CB,FB,transfermarkt_profile_and_lineups,95.0,,Right-Back,40.0,1.0,1.0,3337.0,1.08,1.08,3551.67,37.0,4.7691,5289.786,55.85,1.836,0.04652459265641234,43.6,13.9,92.3,59.8,87.0,85.0,82.9,100.0
171,K. Walker-Peters,West Ham,Premier League,28.0,341051.0,2028-06-30 00:00:00,RB,,FB,transfermarkt_profile_and_lineups,95.0,,Right-Back,28.0,1.0,1.0,1830.0,1.08,0.75,1881.9,19.0,2.4366000000000003,3706.6680000000006,38.25,1.605,0.07675753228120516,39.1,35.5,43.5,33.4,54.7,42.8,51.5,66.8
161907,M. Gusto,Chelsea,Premier League,22.0,620322.0,2030-06-30 00:00:00,RB,,FB,transfermarkt_profile_and_lineups,95.0,,Right-Back,55.0,3.0,6.0,3720.0,3.3600000000000003,6.09,3784.1400000000003,42.0,9.9666,5639.211,62.4,7.623,0.18130143176520952,94.7,82.2,96.4,90.2,90.2,96.2,90.2,100.0
18846,A. Wan-Bissaka,West Ham,Premier League,28.0,477758.0,2031-06-30 00:00:00,RB,RM,FB,transfermarkt_profile_and_lineups,95.0,,Right-Back,27.0,0.0,3.0,2204.0,0.0,3.24,2358.7200000000003,24.0,6.2406,5051.808000000001,51.900000000000006,2.268,0.08653846153846152,50.9,43.5,63.0,70.1,83.4,61.2,81.4,79.0
284230,R. Lewis,Manchester City,Premier League,21.0,701057.0,2030-06-30 00:00:00,RB,CM,FB,transfermarkt_profile_and_lineups,95.0,,Right-Back,23.0,2.0,3.0,1193.0,1.8,3.18,1152.51,13.0,8.348099999999999,3369.3900000000003,34.85,4.026,0.3143920660124424,74.6,92.6,19.8,82.5,47.9,28.0,53.1,45.9
627,K. Walker,Burnley,Premier League,35.0,95424.0,2027-06-30 00:00:00,RB,RM,FB,transfermarkt_profile_and_lineups,95.0,,Right-Back,36.0,0.0,2.0,3097.0,0.0,2.16,3344.76,35.0,2.5766999999999998,5861.2080000000005,60.05,1.512,0.04068453341943817,37.7,12.1,88.8,35.8,91.7,81.1,83.3,98.5
180317,C. Bradley,Liverpool,Premier League,22.0,624258.0,2029-06-30 00:00:00,RB,,FB,transfermarkt_profile_and_lineups,95.0,,Right-Back,21.0,0.0,2.0,1209.0,0.0,2.16,1323.99,13.0,4.377000000000001,2353.6320000000005,22.7,1.512,0.10278023247909729,37.7,53.8,28.1,56.2,25.7,29.5,30.3,45.5
181806,N. Savona,Nottingham Forest,Premier League,22.0,708072.0,2030-06-30 00:00:00,RB,CB,FB,transfermarkt_profile_and_lineups,95.0,,Right-Back,23.0,2.0,2.0,1720.0,2.16,1.8,1743.5800000000002,18.0,4.9347,3075.9220000000005,32.3,3.42,0.17653333945101454,68.3,79.6,38.8,61.5,42.3,43.2,45.2,61.7
284,J. Gomez,Liverpool,Premier League,28.0,256178.0,2027-06-30 00:00:00,CB,RB,CB,transfermarkt_profile_and_lineups,95.0,,Centre-Back,33.0,0.0,2.0,1385.0,0.0,2.16,1439.7,16.0,2.2008,2685.885,28.5,1.512,0.09451969160241717,59.2,72.6,29.8,53.6,37.4,34.2,39.8,56.6
18869,A. Smith,Bournemouth,Premier League,34.0,61841.0,2027-06-30 00:00:00,RB,,FB,transfermarkt_profile_and_lineups,95.0,,Right-Back,23.0,0.0,2.0,1200.0,0.0,2.16,1274.4,15.0,1.9656,2981.763,33.55,1.512,0.10677966101694915,37.7,55.6,24.6,24.6,40.8,26.5,38.4,48.1
161621,L. Tchaouna,Burnley,Premier League,22.0,607226.0,2030-06-30 00:00:00,RW,RM,W,transfermarkt_profile_and_lineups,95.0,,Right Winger,32.0,3.0,1.0,1488.0,3.06,1.08,1558.5,17.0,8.026299999999999,3017.152,32.75,3.816,0.2203657362848893,37.0,21.7,45.2,40.4,55.7,33.2,45.7,59.3
1460,B. Saka,Arsenal,Premier League,24.0,433177.0,2030-06-30 00:00:00,RW,,W,transfermarkt_profile_and_lineups,95.0,,Right Winger,48.0,11.0,9.0,3173.0,11.91,9.96,3394.83,36.0,41.734500000000004,6187.068,65.75,18.882,0.5005788213253684,93.1,86.4,95.5,97.6,97.0,91.4,97.4,100.0
19221,H. Wilson,Fulham,Premier League,28.0,279455.0,2030-06-30 00:00:00,RW,,W,transfermarkt_profile_and_lineups,95.0,,Right Winger,41.0,11.0,8.0,2888.0,11.700000000000001,8.46,3060.57,34.0,24.8634,4323.657,46.3,17.622,0.5181975906448799,92.8,88.3,91.3,88.9,76.5,91.6,84.5,100.0
19428,J. Bowen,West Ham,Premier League,29.0,314875.0,2030-06-30 00:00:00,RW,ST,W,transfermarkt_profile_and_lineups,95.0,,Right Winger,42.0,11.0,12.0,3859.0,11.520000000000001,12.63,4073.2200000000003,42.0,40.534800000000004,7048.518,73.30000000000001,20.361,0.44988731274028904,94.9,79.8,98.2,97.3,99.1,91.1,97.9,100.0
1864,Pedro Neto,Chelsea,Premier League,25.0,487465.0,2031-06-30 00:00:00,RW,LW,W,transfermarkt_profile_and_lineups,95.0,,Right Winger,57.0,13.0,10.0,4283.0,12.0,10.23,4412.64,49.0,27.369,6391.699500000001,72.3,19.161,0.39080686391819863,93.4,70.8,99.7,91.0,97.6,87.7,93.3,100.0
407806,Rayan,Bournemouth,Premier League,19.0,1012564.0,2031-06-30 00:00:00,RW,,W,transfermarkt_profile_and_lineups,95.0,,Right Winger,15.0,5.0,2.0,1120.0,5.4,2.16,1209.6000000000001,13.0,6.912000000000001,1209.6000000000001,13.0,6.912000000000001,0.5142857142857142,61.1,78.3,35.5,35.8,16.3,65.4,29.0,41.4
19191,J.  McGinn,Aston Villa,Premier League,31.0,193116.0,2028-06-30 00:00:00,CM,RM,CM,transfermarkt_profile_and_lineups,95.0,,Central Midfield,43.0,10.0,7.0,2939.0,10.9,7.25,3145.2400000000002,37.0,23.9874,6153.664000000001,73.15,15.975,0.45711932952652257,98.2,98.6,87.8,96.8,93.5,92.5,94.7,100.0
306,Mohamed Salah,Liverpool,Premier League,33.0,148455.0,,RW,,W,transfermarkt_profile_and_lineups,95.0,,Right Winger,41.0,12.0,10.0,3150.0,12.96,10.86,3414.6,34.0,60.04440000000001,6930.384,69.75,20.562,0.5419609910384818,95.2,89.8,95.8,98.5,98.8,93.8,98.6,100.0
15911,M. Kudus,Tottenham,Premier League,25.0,543499.0,2031-06-30 00:00:00,RW,,W,transfermarkt_profile_and_lineups,95.0,,Right Winger,26.0,3.0,6.0,1921.0,3.3600000000000003,6.48,2080.78,23.0,18.9465,4798.348,52.3,7.896,0.3415257739886004,67.2,60.8,63.9,81.6,83.1,65.6,82.2,71.9
157997,A. Diallo,Manchester United,Premier League,23.0,536835.0,2030-06-30 00:00:00,RW,RM,W,transfermarkt_profile_and_lineups,95.0,,Right Winger,33.0,2.0,4.0,2428.0,2.16,4.32,2595.1800000000003,28.0,15.716700000000003,4323.891500000001,44.3,5.184,0.1797794372644672,49.7,9.0,78.9,72.3,76.8,39.5,73.9,89.8
278133,Oscar Bobb,Manchester City,Premier League,22.0,661207.0,2031-06-30 00:00:00,RW,RM,W,transfermarkt_profile_and_lineups,95.0,,Right Winger,33.0,1.0,1.0,1545.0,0.75,1.08,1560.21,17.0,2.89455,1836.276,19.35,1.506,0.08687292095294864,15.4,3.0,45.5,15.4,27.4,12.3,19.6,60.8
18592,I. Ndiaye,Everton,Premier League,25.0,623570.0,2029-06-30 00:00:00,RW,LW,W,transfermarkt_profile_and_lineups,95.0,,Right Winger,34.0,6.0,3.0,2833.0,6.48,3.24,3045.12,32.0,17.055000000000003,5349.135,58.05,8.748000000000001,0.2585513871374528,72.3,31.3,90.7,77.7,91.3,62.0,82.5,97.8
284797,D. Ouattara,Brentford,Premier League,23.0,823231.0,2030-06-30 00:00:00,RW,,W,transfermarkt_profile_and_lineups,95.0,,Right Winger,37.0,7.0,8.0,2590.0,7.5600000000000005,8.64,2716.4100000000003,28.0,21.1968,4438.0740000000005,44.3,13.608,0.4508597744817608,86.7,80.4,81.0,85.2,78.3,85.2,82.8,94.6
383685,Y. Minteh,Brighton,Premier League,21.0,1012534.0,2029-06-30 00:00:00,RW,LW,W,transfermarkt_profile_and_lineups,95.0,,Right Winger,36.0,3.0,4.0,2452.0,3.24,4.32,2635.53,26.0,16.015500000000003,4412.334000000001,45.8,6.264,0.21390763907069926,56.2,16.6,80.1,73.2,78.0,46.3,74.9,89.4
136723,N. Madueke,Arsenal,Premier League,23.0,503987.0,2030-06-30 00:00:00,RW,,W,transfermarkt_profile_and_lineups,95.0,,Right Winger,47.0,8.0,4.0,2417.0,8.64,4.08,2512.4100000000003,29.0,20.262300000000003,4204.3575,51.150000000000006,11.496,0.4118117663916319,80.1,75.0,76.8,83.7,75.0,78.8,80.7,93.2
50739,B. Aaronson,Leeds,Premier League,25.0,393323.0,2027-06-30 00:00:00,CAM,RW,AM,transfermarkt_profile_and_lineups,95.0,,Attacking Midfield,42.0,4.0,5.0,2749.0,4.32,5.4,2910.0,32.0,9.12,3350.37,36.8,8.1,0.25051546391752577,63.9,29.5,81.1,46.7,59.0,55.3,51.0,100.0
284428,O. Hutchinson,Nottingham Forest,Premier League,22.0,741238.0,2030-06-30 00:00:00,CAM,RW,AM,transfermarkt_profile_and_lineups,95.0,,Attacking Midfield,41.0,1.0,8.0,2448.0,1.08,8.31,2603.6200000000003,26.0,9.5106,4146.562000000001,43.1,6.897,0.2384103671042625,54.9,27.0,79.5,49.2,73.8,48.0,57.8,90.9
671,B. Traoré,Sunderland,Premier League,30.0,131996.0,,RW,RM,W,transfermarkt_profile_and_lineups,95.0,,Right Winger,13.0,1.0,0.0,702.0,1.08,0.0,739.26,10.0,8.98825,2209.9655000000002,28.3,1.08,0.13148283418553688,13.3,22.0,18.4,43.1,37.3,15.4,41.1,29.2
278370,D. Gómez,Brighton,Premier League,22.0,996897.0,2030-06-30 00:00:00,CM,RM,CM,transfermarkt_profile_and_lineups,95.0,,Central Midfield,37.0,10.0,1.0,2487.0,9.15,1.08,2591.9700000000003,31.0,10.9158,2951.4390000000003,33.2,9.906,0.34396231437863867,91.8,91.8,71.7,80.3,43.7,80.7,56.5,94.5
137303,E. Guessand,Crystal Palace,Premier League,24.0,500689.0,2030-06-30 00:00:00,RW,LW,W,transfermarkt_profile_and_lineups,95.0,,Right Winger,29.0,3.0,1.0,1535.0,3.2800000000000002,1.08,1642.18,20.0,16.6803,3684.9350000000004,42.35,4.0360000000000005,0.22119377900108392,39.8,20.8,47.0,76.8,68.4,35.0,73.9,62.1
425733,Estêvão,Chelsea,Premier League,18.0,1056993.0,2033-06-30 00:00:00,RW,,W,transfermarkt_profile_and_lineups,95.0,,Right Winger,41.0,9.0,4.0,2061.0,9.06,3.96,2045.73,25.0,11.832,2045.73,25.0,11.832,0.5205379008960127,81.3,88.6,61.7,56.0,32.2,83.1,47.7,82.0
19163,J. Murphy,Newcastle,Premier League,30.0,199527.0,2027-06-30 00:00:00,RW,RM,W,transfermarkt_profile_and_lineups,95.0,,Right Winger,46.0,4.0,5.0,2227.0,4.44,5.76,2380.35,25.0,21.0252,4323.405000000001,47.45,8.472000000000001,0.320322641628332,71.7,55.4,71.7,84.9,76.2,67.6,81.9,85.4
18870,D. Brooks,Bournemouth,Premier League,28.0,277033.0,2029-06-30 00:00:00,RW,LW,W,transfermarkt_profile_and_lineups,95.0,,Right Winger,33.0,2.0,3.0,1294.0,1.98,3.24,1376.8200000000002,14.0,7.327799999999999,2165.139,21.8,4.247999999999999,0.277683357301608,41.0,38.6,40.4,36.4,36.1,40.4,36.3,52.7
18,J. Sancho,Aston Villa,Premier League,25.0,401173.0,,LW,RW,W,transfermarkt_profile_and_lineups,95.0,,Left Winger,38.0,1.0,3.0,1663.0,1.1,3.2600000000000002,1778.5400000000002,18.0,8.833,3402.2465,37.7,3.382,0.17114037356483408,32.8,7.8,53.0,42.8,65.4,26.6,50.7,66.1
48648,D. Ndoye,Nottingham Forest,Premier League,25.0,365108.0,2030-06-30 00:00:00,RW,LW,W,transfermarkt_profile_and_lineups,95.0,,Right Winger,37.0,2.0,2.0,2014.0,2.18,2.18,2178.0800000000004,23.0,12.114700000000001,4535.102000000001,49.7,3.7060000000000004,0.15313487107911553,36.1,4.8,66.6,57.5,79.5,28.3,65.2,77.9
336659,C. Talbi,Sunderland,Premier League,20.0,743384.0,2030-06-30 00:00:00,RW,LW,W,transfermarkt_profile_and_lineups,95.0,,Right Winger,30.0,4.0,2.0,1713.0,4.32,2.16,1823.22,18.0,10.94865,2602.7865,27.35,5.832000000000001,0.28788626715371707,53.9,41.6,54.5,52.1,47.6,50.8,50.5,64.1
13708,J. Arias,Wolves,Premier League,28.0,588989.0,2029-12-31 00:00:00,RW,LM,W,transfermarkt_profile_and_lineups,95.0,,Right Winger,32.0,3.0,2.0,1919.0,2.73,1.65,1822.77,35.0,3.885,1822.77,35.0,3.885,0.1918234335653977,38.6,12.3,54.2,20.8,26.8,32.0,22.9,81.1
18929,D. McNeil,Everton,Premier League,26.0,584769.0,2027-06-30 00:00:00,LW,RW,W,transfermarkt_profile_and_lineups,95.0,,Left Winger,25.0,0.0,1.0,1426.0,0.0,1.08,1473.27,17.0,9.016200000000001,3316.2360000000003,36.35,0.756,0.04618298071636563,8.1,2.1,42.5,43.7,62.7,6.6,50.3,55.4
19329,D. James,Leeds,Premier League,28.0,319301.0,2029-06-30 00:00:00,RW,RM,W,transfermarkt_profile_and_lineups,95.0,,Right Winger,21.0,0.0,0.0,629.0,0.0,0.0,664.74,7.0,0.0,664.74,7.0,0.0,0.0,3.2,11.1,14.5,2.1,7.2,5.2,3.9,27.7
129695,D. Bakwa,Nottingham Forest,Premier League,23.0,540664.0,2030-06-30 00:00:00,RW,LM,W,transfermarkt_profile_and_lineups,95.0,,Right Winger,29.0,1.0,5.0,1127.0,0.98,5.1,1165.91,11.0,13.296499999999998,3163.3950000000004,34.45,4.549999999999999,0.351227796313609,44.9,59.0,33.4,63.3,58.4,48.4,61.6,44.8
983,L. Bailey,Aston Villa,Premier League,28.0,387626.0,2027-06-30 00:00:00,RW,ST,W,transfermarkt_profile_and_lineups,95.0,,Right Winger,30.0,1.0,3.0,857.0,1.1,3.08,894.1,6.0,11.6923,2802.2050000000004,28.85,3.256,0.32774857398501284,31.3,53.6,22.9,55.7,51.5,36.9,54.2,34.7
30410,F. Chiesa,Liverpool,Premier League,28.0,341092.0,2028-06-30 00:00:00,RW,ST,W,transfermarkt_profile_and_lineups,95.0,,Right Winger,36.0,3.0,3.0,726.0,3.3600000000000003,2.58,707.0400000000001,5.0,9.7896,1663.917,15.35,5.166,0.6575865580448065,49.4,78.0,17.2,46.7,24.1,56.6,38.8,33.3
339201,C. Rigg,Sunderland,Premier League,18.0,,,RW,CAM,W,lineup_history,54.5,RW:6 | CAM:2 | RM:2 | CM:1,,0.0,0.0,0.0,0.0,0.0,0.0,0.0,0.0,0.0,0.0,0.0,0.0,0.0,3.2,48.8,1.5,2.1,1.5,14.6,1.9,0.0
153430,A. Elanga,Newcastle,Premier League,23.0,583189.0,2030-06-30 00:00:00,RW,,W,transfermarkt_profile_and_lineups,95.0,,Right Winger,49.0,3.0,2.0,2109.0,3.15,2.2800000000000002,2243.4900000000002,23.0,16.8915,4681.446000000001,48.7,4.746,0.19039086423384993,45.2,10.8,69.3,77.1,81.3,36.6,78.6,81.0
304317,T. Dibling,Everton,Premier League,19.0,866655.0,2029-06-30 00:00:00,RW,,W,transfermarkt_profile_and_lineups,95.0,,Right Winger,17.0,0.0,0.0,513.0,0.0,0.0,511.5,6.0,2.9088000000000003,1711.236,19.0,0.0,0.0,3.2,17.8,9.0,15.7,24.7,6.8,18.8,22.8
18753,Adama Traoré,Fulham,Premier League,29.0,204103.0,,RW,,W,transfermarkt_profile_and_lineups,95.0,,Right Winger,32.0,0.0,3.0,938.0,0.0,2.55,873.6600000000001,8.0,7.904999999999999,2135.226,19.3,1.7849999999999997,0.18388160153835584,19.0,26.2,22.0,39.5,35.5,20.8,38.1,39.1
202854,M. Röhl,Everton,Premier League,23.0,608832.0,2029-06-30 00:00:00,CAM,RM,AM,transfermarkt_profile_and_lineups,95.0,,Attacking Midfield,20.0,1.0,0.0,834.0,1.08,0.0,879.1400000000001,7.0,3.2350000000000003,1983.2850000000003,19.35,1.08,0.11056259526355301,7.8,21.3,15.6,13.1,25.4,11.2,17.4,31.5
22,J. Bruun Larsen,Burnley,Premier League,27.0,293281.0,2029-06-30 00:00:00,LW,RW,W,transfermarkt_profile_and_lineups,95.0,,Left Winger,30.0,0.0,3.0,1167.0,0.0,2.88,1234.44,12.0,6.765000000000001,2343.343,23.4,2.016,0.14698162729658792,19.9,13.0,36.1,34.6,40.4,18.1,36.6,47.0
13736,D. Muñoz,Crystal Palace,Premier League,29.0,493003.0,2028-06-30 00:00:00,RB,RM,FB,transfermarkt_profile_and_lineups,95.0,,Right-Back,34.0,4.0,3.0,2838.0,4.32,3.24,2921.82,44.0,15.439800000000002,6070.974,80.85,6.588,0.20292831180565538,92.6,86.7,77.8,95.9,94.1,80.0,94.3,97.8
545,N. Mazraoui,Manchester United,Premier League,28.0,340456.0,2028-06-30 00:00:00,RB,RM,FB,transfermarkt_profile_and_lineups,95.0,,Right-Back,20.0,0.0,0.0,984.0,0.0,0.0,1062.72,11.0,2.1371,4251.876,46.25,0.0,0.0,7.8,10.9,17.5,28.1,65.7,16.0,60.0,38.5
282770,Rodrigo Gomes,Wolves,Premier League,22.0,667121.0,2029-06-30 00:00:00,LM,RM,W,transfermarkt_profile_and_lineups,95.0,,Left Midfield,27.0,5.0,0.0,1124.0,4.890000000000001,0.0,1165.89,10.0,9.5151,2359.5330000000004,23.65,4.890000000000001,0.37747986516738286,46.1,63.6,33.1,45.2,41.3,50.5,43.8,43.0
19201,J. Bogle,Leeds,Premier League,25.0,465717.0,2028-06-30 00:00:00,RB,RM,FB,transfermarkt_profile_and_lineups,95.0,,Right-Back,39.0,2.0,4.0,3077.0,1.83,4.32,3271.35,34.0,6.015000000000001,4200.582,43.9,4.854,0.133541198587739,83.7,66.3,86.1,68.6,64.5,85.7,65.1,99.6
18862,N. Clyne,Crystal Palace,Premier League,34.0,85177.0,2026-06-30 00:00:00,RB,RM,FB,transfermarkt_profile_and_lineups,95.0,,Right-Back,11.0,0.0,1.0,642.0,0.0,1.08,678.51,7.0,0.756,1498.3110000000001,15.4,0.756,0.10027855153203342,26.0,51.8,8.3,12.0,12.4,10.9,12.4,24.2
285,K. Hoever,Wolves,Premier League,23.0,485583.0,2027-06-30 00:00:00,RB,RM,FB,transfermarkt_profile_and_lineups,95.0,,Right-Back,9.0,0.0,0.0,485.0,0.0,0.0,513.5400000000001,7.0,1.2936,1690.7610000000004,21.6,0.0,0.0,7.8,27.2,4.7,17.6,16.0,5.2,16.2,20.3
296560,J. Tchatchoua,Wolves,Premier League,24.0,848509.0,2030-06-30 00:00:00,RB,RM,FB,transfermarkt_profile_and_lineups,95.0,,Right-Back,36.0,0.0,2.0,2185.0,0.0,1.83,2280.96,23.0,4.0095,4656.030000000001,49.35,1.281,0.050544507575757576,31.1,15.7,60.7,51.2,73.4,56.2,70.0,81.0
184,H. Kane,Bayern München,Bundesliga,32.0,132098.0,2027-06-30 00:00:00,ST,,FW,transfermarkt_profile_and_lineups,95.0,,Centre-Forward,55.0,61.0,8.0,4336.0,62.1,8.15,4383.0,47.0,111.3485,7714.38,83.3,67.805,1.3922997946611912,100.0,100.0,99.7,100.0,99.7,100.0,99.9,100.0
1100,E. Haaland,Manchester City,Premier League,25.0,418560.0,2034-06-30 00:00:00,ST,,FW,transfermarkt_profile_and_lineups,95.0,,Centre-Forward,55.0,41.0,9.0,4311.0,43.71,9.39,4570.62,49.0,84.1371,8051.1990000000005,85.55000000000001,50.283,0.9901216902739672,99.3,99.0,100.0,99.3,100.0,99.2,99.5,100.0
272,A. Rabiot,AC Milan,Serie A,30.0,182913.0,2028-06-30 00:00:00,CM,,CM,transfermarkt_profile_and_lineups,95.0,,Central Midfield,33.0,6.0,5.0,2910.0,6.12,5.1,2918.7,32.0,18.600099999999998,5165.749,57.05,9.69,0.29879740980573544,90.7,86.7,81.7,93.5,86.4,85.8,88.9,97.4
249,D. Malen,AS Roma,Serie A,26.0,326029.0,2030-06-30 00:00:00,ST,,FW,transfermarkt_profile_and_lineups,95.0,,Centre-Forward,49.0,22.0,5.0,2794.0,23.0,5.12,2905.81,31.0,37.336,4412.722,46.55,26.584,0.8233711082279984,96.2,97.6,87.8,92.7,83.9,96.5,89.6,100.0
1707,Gerard Moreno,Villarreal,La Liga,33.0,177467.0,2027-06-30 00:00:00,ST,,FW,transfermarkt_profile_and_lineups,95.0,,Centre-Forward,24.0,10.0,0.0,1395.0,10.4,0.0,1458.0,16.0,18.0972,2765.0780000000004,29.45,10.4,0.6419753086419754,63.8,79.4,47.2,66.1,53.1,67.7,61.6,53.4
21715,W. Saïd,Lens,Ligue 1,30.0,182916.0,,ST,,FW,transfermarkt_profile_and_lineups,95.0,,Second Striker,29.0,12.0,2.0,2013.0,11.76,1.96,1972.74,26.0,17.6311,2844.9025,36.45,13.132,0.5991058122205664,75.9,79.0,64.0,64.0,54.5,76.7,60.7,77.9
50048,V. Muriqi,Mallorca,La Liga,31.0,256267.0,2029-06-30 00:00:00,ST,,FW,transfermarkt_profile_and_lineups,95.0,,Centre-Forward,37.0,23.0,1.0,3137.0,23.92,1.04,3262.4800000000005,36.0,32.073600000000006,5279.899000000001,57.55,24.648000000000003,0.6799489958559133,95.1,89.9,94.4,89.2,92.3,93.8,90.3,98.9
156465,I. Soumaré,Le Havre,Ligue 1,25.0,568698.0,2030-06-30 00:00:00,LW,ST,W,transfermarkt_profile_and_lineups,95.0,,Left Winger,34.0,8.0,5.0,2949.0,7.84,4.9,2890.02,33.0,15.4742,3985.66,45.45,11.27,0.35096642929806715,79.8,63.9,86.4,71.1,72.0,75.8,71.4,97.8
276662,P. Pagis,Lorient,Ligue 1,23.0,810411.0,2027-06-30 00:00:00,LW,CAM,W,transfermarkt_profile_and_lineups,95.0,,Left Winger,28.0,10.0,5.0,1772.0,9.8,4.9,1736.56,22.0,13.23,1785.658,22.9,13.23,0.685665914221219,85.2,96.1,50.3,62.7,26.2,88.0,49.9,68.6
47323,Mikel Oyarzabal,Real Sociedad,La Liga,28.0,351478.0,2028-06-30 00:00:00,ST,,FW,transfermarkt_profile_and_lineups,95.0,,Centre-Forward,40.0,18.0,4.0,3195.0,18.3,4.16,3255.6000000000004,35.0,39.368900000000004,6185.966,68.0,21.212,0.5863988204939181,91.6,76.2,94.1,93.4,96.5,87.8,94.5,100.0
217,Lautaro Martínez,Inter,Serie A,28.0,406625.0,2029-06-30 00:00:00,ST,,FW,transfermarkt_profile_and_lineups,95.0,,Centre-Forward,44.0,23.0,6.0,3033.0,23.64,6.12,3074.46,38.0,53.627700000000004,6289.857,73.9,27.924,0.8174313537987158,97.2,97.2,90.6,97.2,96.9,97.2,97.1,100.0
10329,João Pedro,Chelsea,Premier League,24.0,626724.0,2033-06-30 00:00:00,ST,CAM,FW,transfermarkt_profile_and_lineups,95.0,,Centre-Forward,52.0,23.0,9.0,3771.0,23.85,9.39,3977.9700000000003,43.0,46.130700000000004,6082.785,64.0,30.423000000000002,0.688308358283245,98.3,90.6,98.3,96.2,95.8,96.3,96.0,100.0
163004,E. Lepaul,Rennes,Ligue 1,25.0,461607.0,2030-06-30 00:00:00,ST,,FW,transfermarkt_profile_and_lineups,95.0,,Centre-Forward,34.0,21.0,5.0,2705.0,20.58,4.9,2650.9,33.0,28.860999999999997,3530.009,42.9,24.009999999999998,0.8151571164510165,94.4,96.9,83.2,85.3,68.5,95.0,79.4,97.8
47013,Rafa Mir,Sevilla,La Liga,28.0,361254.0,2027-06-30 00:00:00,ST,LW,FW,transfermarkt_profile_and_lineups,95.0,,Centre-Forward,29.0,8.0,0.0,1901.0,8.32,0.0,1964.3000000000002,22.0,11.270800000000001,2609.8500000000004,26.55,8.32,0.38120450033090664,52.8,32.2,62.9,39.2,51.0,47.6,43.3,71.6
21509,M. Thuram,Inter,Serie A,28.0,318528.0,2028-06-30 00:00:00,ST,,FW,transfermarkt_profile_and_lineups,95.0,,Centre-Forward,45.0,18.0,8.0,2897.0,18.21,8.22,2984.61,35.0,45.7305,6006.958500000001,69.3,23.964000000000002,0.7226270769045203,94.1,93.0,89.2,95.5,95.5,93.8,95.5,100.0
202526,E. Dinkçi,1. FC Heidenheim,Bundesliga,24.0,645774.0,,RW,,W,transfermarkt_profile_and_lineups,95.0,,Right Winger,26.0,4.0,3.0,1513.0,3.9,3.0,1510.6,17.0,12.049,3031.12,34.9,6.0,0.3574738514497551,54.5,63.0,43.7,56.9,56.3,56.6,56.7,57.6
30537,D. Berardi,Sassuolo,Serie A,31.0,177843.0,2029-06-30 00:00:00,RW,,W,transfermarkt_profile_and_lineups,95.0,,Right Winger,27.0,8.0,6.0,2061.0,8.16,6.0,2091.42,25.0,15.756599999999999,2543.022,30.1,12.36,0.5318874257681383,82.8,89.2,64.5,72.6,45.5,84.4,63.1,77.1
31436,F. Bonazzoli,Cremonese,Serie A,28.0,241527.0,2028-06-30 00:00:00,ST,,FW,transfermarkt_profile_and_lineups,95.0,,Centre-Forward,36.0,10.0,2.0,2583.0,10.2,2.04,2627.58,32.0,12.7602,2937.864,35.0,11.628,0.3982828305893636,70.3,36.4,81.8,46.9,57.7,61.8,50.6,96.1
19185,K. Davis,Udinese,Serie A,27.0,412660.0,2031-06-30 00:00:00,ST,,FW,transfermarkt_profile_and_lineups,95.0,,Centre-Forward,32.0,10.0,4.0,2169.0,10.2,4.08,2201.46,28.0,15.371699999999999,2874.219,33.5,13.056,0.5337548717669183,75.5,68.2,69.9,57.7,56.3,73.7,57.2,84.2
231029,N. Tella,Bayer Leverkusen,Bundesliga,26.0,340322.0,2031-06-30 00:00:00,RW,CAM,W,transfermarkt_profile_and_lineups,95.0,,Right Winger,22.0,1.0,6.0,1045.0,1.0,6.0,1035.3,12.0,12.2425,2606.1775000000002,30.3,5.199999999999999,0.4520428861199652,50.0,69.9,28.0,58.4,47.9,55.0,54.7,41.5
90617,L. Sinayoko,Auxerre,Ligue 1,26.0,569140.0,2027-06-30 00:00:00,ST,RW,FW,transfermarkt_profile_and_lineups,95.0,,Centre-Forward,32.0,12.0,4.0,2781.0,11.76,3.92,2725.38,32.0,20.5947,3968.853,45.75,14.504,0.47896440129449835,81.1,59.4,84.3,71.3,78.0,75.7,73.7,97.0
47181,Toni Martínez,Alaves,La Liga,28.0,302371.0,2028-06-30 00:00:00,ST,,FW,transfermarkt_profile_and_lineups,95.0,,Centre-Forward,42.0,18.0,3.0,3079.0,18.16,3.12,3153.3,36.0,23.568,3907.1200000000003,43.0,20.344,0.5806488440681191,89.2,74.8,92.7,76.9,76.2,85.6,76.7,100.0
56396,Junior Messias,Genoa,Serie A,34.0,449151.0,2027-06-30 00:00:00,RW,ST,W,transfermarkt_profile_and_lineups,95.0,,Right Winger,22.0,3.0,1.0,751.0,3.06,1.02,756.9000000000001,6.0,5.528700000000001,1598.3760000000002,14.850000000000001,3.774,0.44875148632580253,36.6,66.0,18.7,28.0,23.5,43.9,26.4,29.5
30937,M. Zaccagni,Lazio,Serie A,30.0,283735.0,2029-06-30 00:00:00,LW,,W,transfermarkt_profile_and_lineups,95.0,,Left Winger,29.0,4.0,2.0,2376.0,3.96,1.92,2392.08,29.0,17.086100000000002,5110.79,61.150000000000006,5.304,0.19955854319253538,50.6,14.2,72.6,78.0,88.6,41.5,81.7,88.3
6009,J. Álvarez,Atletico Madrid,La Liga,25.0,576024.0,2030-06-30 00:00:00,ST,,FW,transfermarkt_profile_and_lineups,95.0,,Centre-Forward,52.0,20.0,10.0,3811.0,22.12,10.61,4015.82,45.0,58.09830000000001,7253.469,80.6,29.547,0.6621885443072648,97.9,87.4,99.0,97.9,98.6,95.3,98.1,100.0
544,N. Lang,Napoli,Serie A,26.0,339332.0,2030-06-30 00:00:00,LW,,W,transfermarkt_profile_and_lineups,95.0,,Left Winger,44.0,3.0,5.0,1916.0,3.42,4.38,1863.99,19.0,18.353099999999998,3525.348,41.35,6.486,0.3131669161315243,58.7,53.0,56.9,80.7,66.0,57.3,75.6,73.0
25926,J. Burkardt,Eintracht Frankfurt,Bundesliga,25.0,333647.0,2030-06-30 00:00:00,ST,,FW,transfermarkt_profile_and_lineups,95.0,,Centre-Forward,29.0,15.0,2.0,1882.0,15.4,2.2,1930.4,21.0,31.310000000000002,3621.4500000000003,42.35,16.94,0.7897845006216329,85.3,96.2,61.9,88.1,70.3,88.0,81.9,70.2
161963,Germán Valera,Elche,La Liga,23.0,548188.0,2027-06-30 00:00:00,LW,RW,W,transfermarkt_profile_and_lineups,95.0,,Left Winger,37.0,4.0,5.0,2892.0,4.16,5.2,3004.7400000000002,33.0,7.8,3192.389,35.2,7.8,0.23363086323608695,66.4,23.2,89.5,38.6,59.6,55.6,45.9,98.9
51530,F. Viñas,Oviedo,La Liga,27.0,578419.0,2027-12-31 00:00:00,ST,RW,FW,transfermarkt_profile_and_lineups,95.0,,Centre-Forward,34.0,9.0,1.0,2507.0,9.36,1.04,2599.44,28.0,10.088,2599.44,28.0,10.088,0.34927522851075615,61.9,21.3,81.1,36.0,50.3,51.7,41.0,91.8
794,P. Schick,Bayer Leverkusen,Bundesliga,29.0,242086.0,2030-06-30 00:00:00,ST,,FW,transfermarkt_profile_and_lineups,95.0,,Centre-Forward,42.0,22.0,4.0,2865.0,22.6,4.2,2939.2,33.0,45.1565,4807.4575,53.25,25.540000000000003,0.7820495372890583,95.8,95.5,88.8,95.1,88.1,95.7,92.7,100.0
196156,Thiago,Brentford,Premier League,24.0,739443.0,2031-06-30 00:00:00,ST,,FW,transfermarkt_profile_and_lineups,95.0,,Centre-Forward,40.0,25.0,1.0,3437.0,26.310000000000002,1.08,3680.46,38.0,31.7451,4293.144,49.05,27.066000000000003,0.6618574852056537,96.9,87.1,96.9,88.5,81.8,94.4,86.1,100.0
128582,Jorge de Frutos,Rayo Vallecano,La Liga,28.0,455181.0,2028-06-30 00:00:00,RW,ST,W,transfermarkt_profile_and_lineups,95.0,,Right Winger,41.0,11.0,4.0,2660.0,11.15,3.44,2733.05,37.0,19.8052,4809.429,60.0,13.558,0.4464682314630175,86.1,78.6,81.6,82.2,83.4,84.3,82.7,99.2
22264,L. Ajorque,Stade Brestois 29,Ligue 1,31.0,283994.0,2027-06-30 00:00:00,ST,,FW,transfermarkt_profile_and_lineups,95.0,,Centre-Forward,32.0,8.0,10.0,2824.0,7.84,9.8,2767.52,32.0,25.094899999999996,4981.714,57.150000000000006,14.7,0.47804532577903686,81.5,59.1,85.3,80.8,89.5,75.9,83.8,97.0
1465,P. Aubameyang,Marseille,Ligue 1,36.0,58864.0,2027-06-30 00:00:00,ST,,FW,transfermarkt_profile_and_lineups,95.0,,Centre-Forward,39.0,13.0,10.0,2660.0,13.4,10.68,2731.31,29.0,32.023399999999995,3886.502,41.9,20.875999999999998,0.6878896939563799,90.6,90.2,84.6,88.8,75.2,90.5,84.0,97.8
306979,H. Igamane,Lille,Ligue 1,23.0,885445.0,2030-06-30 00:00:00,ST,,FW,transfermarkt_profile_and_lineups,95.0,,Centre-Forward,20.0,9.0,2.0,794.0,9.3,2.08,811.04,8.0,18.6188,1879.0410000000002,22.3,10.756,1.1935786151114618,65.7,94.8,20.3,68.2,31.5,73.0,55.3,31.7
174565,H. Ekitike,Liverpool,Premier League,23.0,709726.0,2031-06-30 00:00:00,ST,,FW,transfermarkt_profile_and_lineups,95.0,,Centre-Forward,45.0,17.0,6.0,2872.0,17.880000000000003,6.42,3145.38,34.0,40.846000000000004,5398.762000000001,59.75,22.374000000000002,0.6401960971329379,93.4,84.3,92.0,94.1,94.1,91.1,94.1,100.0
37938,S. Becker,FSV Mainz 05,Bundesliga,30.0,188888.0,,LW,ST,W,transfermarkt_profile_and_lineups,95.0,,Left Winger,25.0,4.0,5.0,1314.0,3.9,4.8,1299.0,13.0,12.9972,2898.452,29.25,7.26,0.5030023094688221,63.0,78.9,38.0,61.7,53.9,66.9,59.0,49.1
61774,O. Óskarsson,Real Sociedad,La Liga,21.0,660438.0,2030-06-30 00:00:00,ST,,FW,transfermarkt_profile_and_lineups,95.0,,Centre-Forward,25.0,10.0,0.0,912.0,10.26,0.0,937.0,8.0,20.922800000000002,2515.6445000000003,25.15,10.26,0.9854855923159018,63.3,92.7,23.4,72.4,48.3,70.6,63.9,36.0
842,N. Vlašić,Torino,Serie A,28.0,293200.0,2027-06-30 00:00:00,CAM,CM,AM,transfermarkt_profile_and_lineups,95.0,,Attacking Midfield,41.0,9.0,5.0,3350.0,9.06,4.86,3381.6,39.0,18.1842,5411.112000000001,60.95,12.462,0.33167139815471963,82.8,55.7,93.4,76.2,88.5,76.0,80.5,100.0
22236,Rafael Leão,AC Milan,Serie A,26.0,357164.0,2028-06-30 00:00:00,LW,ST,W,transfermarkt_profile_and_lineups,95.0,,Left Winger,31.0,10.0,3.0,1968.0,10.08,3.06,1994.52,25.0,31.91925,5125.41,58.2,12.222,0.5515011130497562,82.5,91.3,60.2,93.7,88.9,84.7,92.0,76.7
203762,E. Emegha,Strasbourg,Ligue 1,22.0,559328.0,2033-06-30 00:00:00,ST,,FW,transfermarkt_profile_and_lineups,95.0,,Centre-Forward,12.0,6.0,2.0,597.0,5.42,1.96,548.95,8.0,18.2335,2406.589,29.75,6.792,1.113544038619182,45.5,83.9,11.5,66.4,44.1,55.1,58.6,24.7
50856,V. Castellanos,Lazio,Serie A,27.0,522784.0,2030-06-30 00:00:00,ST,,FW,transfermarkt_profile_and_lineups,95.0,,Centre-Forward,34.0,9.0,3.0,2462.0,9.42,3.06,2550.36,28.0,25.6736,4963.2919999999995,53.25,11.562,0.4080129864019197,69.6,38.5,79.4,82.2,89.2,61.8,84.6,90.9
46930,E. Demirović,VfB Stuttgart,Bundesliga,27.0,335457.0,2028-06-30 00:00:00,ST,,FW,transfermarkt_profile_and_lineups,95.0,,Centre-Forward,37.0,15.0,5.0,2283.0,14.9,4.9,2311.05,25.0,36.491,4706.32,51.15,18.330000000000002,0.7138313753488674,87.8,92.0,72.4,91.3,86.7,88.8,89.7,85.4
1135,O. Édouard,Lens,Ligue 1,27.0,344152.0,2028-06-30 00:00:00,ST,,FW,transfermarkt_profile_and_lineups,95.0,,Centre-Forward,31.0,12.0,3.0,1842.0,11.76,2.94,1800.53,26.0,16.086,2409.4880000000003,31.95,13.818,0.6906966282150256,78.7,90.9,56.6,59.4,44.8,81.7,54.3,75.1
122734,Ferran Jutglà,Celta Vigo,La Liga,26.0,599231.0,2029-06-30 00:00:00,RW,ST,W,transfermarkt_profile_and_lineups,95.0,,Right Winger,44.0,10.0,3.0,2280.0,10.46,3.12,2383.02,26.0,20.7224,3743.5215,43.25,12.644,0.4775285142382355,84.0,83.7,72.0,84.6,69.0,84.0,79.2,87.4
47582,C. Hernández,Real Betis,La Liga,26.0,459463.0,2030-06-30 00:00:00,ST,,FW,transfermarkt_profile_and_lineups,95.0,,Centre-Forward,40.0,15.0,3.0,3130.0,15.64,3.12,3269.9,36.0,21.084400000000002,3927.7000000000003,43.7,17.824,0.49058380990244355,86.0,61.2,94.8,72.7,76.9,79.8,74.2,100.0
56,A. Griezmann,Atletico Madrid,La Liga,34.0,125781.0,2027-06-30 00:00:00,ST,,FW,transfermarkt_profile_and_lineups,95.0,,Second Striker,59.0,15.0,8.0,3027.0,14.93,8.66,3162.62,30.0,43.6117,6469.927,66.6,20.991999999999997,0.5973781232016492,91.3,78.7,93.0,94.8,97.6,88.1,95.7,100.0
338751,Víctor Muñoz,Osasuna,La Liga,22.0,935231.0,,LW,RW,W,transfermarkt_profile_and_lineups,95.0,,Left Winger,38.0,7.0,5.0,2779.0,7.140000000000001,4.78,2872.9500000000003,31.0,10.486,2892.398,31.0,10.486,0.32849162011173183,76.2,57.5,86.1,50.0,53.6,71.5,51.3,99.2
192032,Iván Romero,Levante,La Liga,24.0,628886.0,2028-06-30 00:00:00,ST,LW,FW,transfermarkt_profile_and_lineups,95.0,,Centre-Forward,34.0,7.0,2.0,2320.0,7.28,2.08,2407.2000000000003,28.0,8.736,2407.2000000000003,28.0,8.736,0.3266201395812562,54.2,15.0,75.2,32.2,44.4,44.4,36.5,88.0
450497,Carlos Espí,Levante,La Liga,20.0,1063338.0,2028-06-30 00:00:00,ST,,FW,transfermarkt_profile_and_lineups,95.0,,Centre-Forward,27.0,13.0,0.0,1438.0,13.24,0.0,1481.66,14.0,13.24,1481.66,14.0,13.24,0.8042330899126654,76.6,93.4,47.9,48.6,22.0,80.8,39.3,53.4
925,Gonçalo Guedes,Real Sociedad,La Liga,29.0,225122.0,2028-06-30 00:00:00,LW,RW,W,transfermarkt_profile_and_lineups,95.0,,Left Winger,39.0,9.0,8.0,2329.0,9.22,7.76,2352.58,27.0,20.061,3438.574,37.8,14.652000000000001,0.5605250405937312,88.6,92.8,71.1,82.8,65.7,89.6,76.8,89.1
354533,J. Addai,Como,Serie A,20.0,747720.0,2030-06-30 00:00:00,RW,,W,transfermarkt_profile_and_lineups,95.0,,Right Winger,16.0,3.0,0.0,918.0,3.06,0.0,908.64,10.0,5.0915,1316.39,14.75,3.06,0.3030903328050713,29.8,50.6,23.5,25.6,18.7,35.0,23.2,34.7
163032,F. Rieder,FC Augsburg,Bundesliga,23.0,507341.0,2030-06-30 00:00:00,CAM,CM,AM,transfermarkt_profile_and_lineups,95.0,,Attacking Midfield,36.0,6.0,4.0,2530.0,6.0,4.0,2522.82,31.0,14.121,3476.5200000000004,39.1,8.8,0.31393440673532,69.7,54.1,75.4,60.7,62.3,65.8,61.2,95.0
19366,O. Watkins,Aston Villa,Premier League,30.0,324358.0,2028-06-30 00:00:00,ST,,FW,transfermarkt_profile_and_lineups,95.0,,Centre-Forward,54.0,21.0,5.0,3749.0,22.78,5.44,4048.7700000000004,42.0,52.3988,7314.3240000000005,80.05,26.588,0.5910239406041835,96.5,77.3,99.3,96.9,99.0,91.7,97.6,100.0
18883,D. Solanke,Tottenham,Premier League,28.0,258889.0,2030-06-30 00:00:00,ST,,FW,transfermarkt_profile_and_lineups,95.0,,Centre-Forward,20.0,6.0,0.0,1158.0,6.84,0.0,1261.08,12.0,25.4478,4175.151,41.55,6.84,0.48815301170425357,46.2,57.3,40.2,81.8,80.4,49.0,81.3,43.1
23,Sergio Gómez,Real Sociedad,La Liga,25.0,366930.0,2030-06-30 00:00:00,LB,,FB,transfermarkt_profile_and_lineups,95.0,,Left-Back,43.0,0.0,6.0,3263.0,0.0,6.24,3315.5400000000004,36.0,10.0288,5307.417000000001,56.15,4.367999999999999,0.1185689208997629,78.7,60.7,87.3,90.5,87.3,86.0,87.8,100.0
318592,L. Cepeda,Elche,La Liga,23.0,912392.0,2030-06-30 00:00:00,LW,CM,W,transfermarkt_profile_and_lineups,95.0,,Left Winger,10.0,1.0,0.0,399.0,1.04,0.0,414.96000000000004,4.0,1.04,414.96000000000004,4.0,1.04,0.22556390977443608,12.7,38.9,5.7,7.1,3.6,19.2,5.9,15.9
286474,M. Cancellieri,Lazio,Serie A,23.0,550106.0,2027-06-30 00:00:00,RW,,W,transfermarkt_profile_and_lineups,95.0,,Right Winger,34.0,4.0,2.0,1840.0,4.08,2.04,1863.72,21.0,9.0576,3211.8540000000003,36.85,5.508,0.2659841607108364,52.0,33.1,56.3,44.0,60.5,47.3,49.8,71.2
10077,Luis Henrique,Inter,Serie A,24.0,691316.0,2030-06-30 00:00:00,RM,,W,transfermarkt_profile_and_lineups,95.0,,Right Midfield,45.0,1.0,3.0,2385.0,1.02,3.06,2416.17,26.0,10.247399999999999,4177.842000000001,45.25,3.162,0.11778144749748569,30.6,3.9,73.5,48.5,74.4,23.9,57.6,89.6
47445,Iago Aspas,Celta Vigo,La Liga,38.0,72047.0,2027-06-30 00:00:00,ST,RW,FW,transfermarkt_profile_and_lineups,95.0,,Centre-Forward,48.0,8.0,6.0,2047.0,8.5,6.42,2150.9,21.0,25.708,4031.4070000000006,41.3,12.994,0.5437072853224231,75.2,69.9,69.2,82.5,79.0,73.9,81.3,77.7
2182,V. Tsygankov,Girona,La Liga,28.0,264372.0,2027-06-30 00:00:00,RW,,W,transfermarkt_profile_and_lineups,95.0,,Right Winger,35.0,7.0,5.0,2816.0,7.140000000000001,5.2,2890.78,32.0,17.9508,4908.456,56.1,10.780000000000001,0.335618760334581,77.1,59.3,87.0,80.1,85.5,72.7,82.0,98.1
390742,J. Panichelli,Strasbourg,Ligue 1,23.0,1064871.0,2030-06-30 00:00:00,ST,,FW,transfermarkt_profile_and_lineups,95.0,,Centre-Forward,29.0,16.0,1.0,2291.0,15.68,0.98,2223.33,28.0,16.366,2292.594,28.6,16.366,0.6624927473654383,83.9,87.8,70.6,61.2,40.9,84.9,54.1,85.5
46746,A. Budimir,Osasuna,La Liga,34.0,46413.0,2027-06-30 00:00:00,ST,,FW,transfermarkt_profile_and_lineups,95.0,,Centre-Forward,40.0,19.0,0.0,3013.0,19.48,0.0,3125.1200000000003,35.0,40.544399999999996,5800.982000000001,64.95,19.48,0.5610024575056317,88.8,73.4,91.6,93.7,95.1,85.0,94.2,100.0
195512,M. Satriano,Getafe,La Liga,24.0,640109.0,2030-06-30 00:00:00,ST,LW,FW,transfermarkt_profile_and_lineups,95.0,,Centre-Forward,35.0,9.0,2.0,2811.0,9.3,2.02,2912.4,32.0,12.7132,3505.545,38.3,10.714,0.3310877626699629,65.4,16.1,88.1,46.2,68.2,53.1,53.9,98.1
26845,T. Douvikas,Como,Serie A,26.0,523318.0,2029-06-30 00:00:00,ST,,FW,transfermarkt_profile_and_lineups,95.0,,Centre-Forward,44.0,17.0,3.0,2529.0,16.98,2.94,2549.46,29.0,28.452199999999998,3753.6040000000003,40.35,19.038,0.6720717328375421,88.5,89.2,79.0,85.0,73.1,88.6,80.8,95.5
25242,M. Bülter,1. FC Köln,Bundesliga,32.0,116088.0,2027-06-30 00:00:00,LW,ST,W,transfermarkt_profile_and_lineups,95.0,,Left Winger,34.0,5.0,4.0,1731.0,5.0,4.0,1717.0,20.0,15.283999999999999,3292.8050000000003,38.85,7.8,0.40885264997087944,66.4,72.6,49.4,70.8,61.7,68.0,67.6,68.0
21393,S. Guirassy,Borussia Dortmund,Bundesliga,29.0,270541.0,2028-06-30 00:00:00,ST,,FW,transfermarkt_profile_and_lineups,95.0,,Centre-Forward,51.0,26.0,6.0,3656.0,25.7,6.8,3673.1,42.0,63.989000000000004,6588.0599999999995,73.2,30.46,0.7463450491410526,98.6,94.1,96.5,99.0,97.9,97.5,98.6,100.0
478991,S. Inacio,Borussia Dortmund,Bundesliga,17.0,1058359.0,2029-06-30 00:00:00,ST,CAM,FW,transfermarkt_profile_and_lineups,95.0,,Second Striker,7.0,1.0,0.0,383.0,1.0,0.0,383.0,4.0,1.0,383.0,4.0,1.0,0.2349869451697128,6.6,33.9,4.5,4.9,3.8,13.5,4.5,14.4
2413,Richarlison,Tottenham,Premier League,28.0,378710.0,2027-06-30 00:00:00,ST,,FW,transfermarkt_profile_and_lineups,95.0,,Centre-Forward,43.0,12.0,5.0,2651.0,13.08,5.5200000000000005,2863.35,29.0,25.2355,3917.948,40.5,16.944,0.5325789721829326,85.7,67.8,87.1,81.1,76.6,81.2,79.5,98.0
36927,Z. Flemming,Burnley,Premier League,27.0,411537.0,2029-06-30 00:00:00,ST,,FW,transfermarkt_profile_and_lineups,95.0,,Centre-Forward,32.0,12.0,0.0,1950.0,12.63,0.0,2049.9300000000003,23.0,12.63,2049.9300000000003,23.0,12.63,0.5545067392545111,73.4,72.4,64.7,45.1,34.6,73.2,41.4,74.7
931,Ferran Torres,Barcelona,La Liga,25.0,398184.0,2027-06-30 00:00:00,ST,,FW,transfermarkt_profile_and_lineups,95.0,,Centre-Forward,49.0,21.0,3.0,2692.0,21.89,3.2800000000000002,2789.3,31.0,42.1616,4509.095,47.45,24.186,0.7803893449969526,94.8,95.1,86.0,94.4,85.3,94.8,91.2,99.8
301924,N. Elphege,Parma,Serie A,24.0,862606.0,2030-06-30 00:00:00,ST,,FW,transfermarkt_profile,85.0,,Centre-Forward,9.0,2.0,1.0,306.0,2.04,1.02,312.12,2.0,2.754,312.12,2.0,2.754,0.7941176470588235,17.1,61.5,3.1,8.7,3.1,28.2,6.8,11.6
37439,R. Ache,1. FC Köln,Bundesliga,27.0,416380.0,2029-06-30 00:00:00,ST,,FW,transfermarkt_profile_and_lineups,95.0,,Centre-Forward,31.0,8.0,7.0,1831.0,7.9,6.8,1820.5,19.0,12.66,1820.5,19.0,12.66,0.6258720131831914,74.1,82.5,57.3,45.5,30.1,76.2,40.1,67.9
46658,Rubén García,Osasuna,La Liga,32.0,213260.0,2027-06-30 00:00:00,RW,,W,transfermarkt_profile_and_lineups,95.0,,Right Winger,39.0,2.0,7.0,2383.0,2.08,7.0,2459.28,28.0,13.3429,4507.215,52.45,6.9799999999999995,0.25544061676588264,61.4,29.5,75.3,63.6,79.2,53.5,69.0,91.2
30543,G. Raspadori,Atalanta,Serie A,25.0,405885.0,2030-06-30 00:00:00,ST,CAM,FW,transfermarkt_profile_and_lineups,95.0,,Second Striker,31.0,5.0,4.0,1360.0,5.16,4.3,1388.9,12.0,14.807800000000002,2708.513,24.8,8.17,0.5294117647058824,51.0,63.3,44.8,54.5,52.1,54.1,53.7,51.3
663,M. Terrier,Bayer Leverkusen,Bundesliga,28.0,442891.0,2029-06-30 00:00:00,LW,CAM,W,transfermarkt_profile_and_lineups,95.0,,Left Winger,24.0,5.0,1.0,1007.0,4.9,1.0,1020.2,11.0,10.7834,2009.0685,23.15,5.6000000000000005,0.49402078023916884,52.4,74.7,27.4,51.8,31.6,58.0,44.7,40.5
135775,Ansu Fati,Monaco,Ligue 1,23.0,466810.0,2026-06-30 00:00:00,LW,CAM,W,transfermarkt_profile_and_lineups,95.0,,Left Winger,30.0,12.0,0.0,1320.0,11.98,0.0,1345.3,13.0,13.519,1837.512,17.05,11.98,0.8014569241061473,81.6,96.4,39.8,64.2,27.7,85.3,51.4,51.1
8492,A. Sørloth,Atletico Madrid,La Liga,30.0,238407.0,2028-06-30 00:00:00,ST,,FW,transfermarkt_profile_and_lineups,95.0,,Centre-Forward,57.0,20.0,1.0,2985.0,21.47,1.2,3112.4900000000002,28.0,46.0072,5269.234,49.2,22.31,0.6451105063791369,93.0,85.7,91.3,95.8,91.6,91.2,94.3,98.0
51016,T. Buchanan,Villarreal,La Liga,26.0,638793.0,2030-06-30 00:00:00,RW,,W,transfermarkt_profile_and_lineups,95.0,,Right Winger,43.0,7.0,1.0,2331.0,7.28,1.04,2481.84,27.0,10.7074,3133.166,35.15,8.008000000000001,0.29039744705541054,68.2,42.8,75.9,50.9,57.8,61.9,53.3,89.5
202696,I. Matanović,SC Freiburg,Bundesliga,22.0,605268.0,,ST,,FW,transfermarkt_profile_and_lineups,95.0,,Centre-Forward,49.0,15.0,4.0,2546.0,15.2,4.0,2592.1,24.0,19.4685,2973.415,27.3,18.0,0.6249758882759153,87.1,81.8,80.1,69.6,58.7,85.8,65.8,90.9
284072,B. Dieng,Lorient,Ligue 1,25.0,822458.0,,ST,,FW,transfermarkt_profile_and_lineups,95.0,,Centre-Forward,22.0,10.0,1.0,1219.0,9.8,0.98,1194.62,15.0,13.862100000000002,1636.6979999999999,19.25,10.486,0.7899917965545531,64.7,88.8,34.6,51.0,25.2,70.7,42.0,48.1
162707,E. Wahi,Nice,Ligue 1,22.0,659542.0,2030-06-30 00:00:00,ST,,FW,transfermarkt_profile_and_lineups,95.0,,Centre-Forward,28.0,6.0,4.0,1329.0,5.8,4.08,1318.02,14.0,15.215699999999998,2465.194,26.8,8.655999999999999,0.5910684208130377,53.5,70.6,43.0,56.3,46.5,57.8,52.9,51.6
22177,I. Ganago,Nantes,Ligue 1,26.0,531949.0,2027-06-30 00:00:00,ST,,FW,transfermarkt_profile_and_lineups,95.0,,Centre-Forward,13.0,3.0,1.0,842.0,2.94,0.98,825.16,10.0,3.626,1003.716,20.5,3.626,0.3954869358669834,23.3,40.9,20.6,11.2,11.9,27.7,11.4,32.0
315237,W. Osula,Newcastle,Premier League,22.0,609556.0,2029-06-30 00:00:00,ST,,FW,transfermarkt_profile_and_lineups,95.0,,Centre-Forward,35.0,9.0,1.0,1253.0,9.06,1.2,1313.13,13.0,12.492,1755.957,17.4,9.9,0.678531447762217,60.5,80.4,42.0,44.4,28.0,65.5,38.7,51.6
281408,Vítinha,Genoa,Serie A,25.0,586853.0,2028-06-30 00:00:00,ST,LW,FW,transfermarkt_profile_and_lineups,95.0,,Centre-Forward,36.0,5.0,2.0,2263.0,5.1,2.04,2305.74,28.0,11.294699999999999,3585.12,42.4,6.528,0.25480756720185277,43.7,4.9,72.0,39.5,69.9,34.0,50.2,87.6
31692,M. Đurić,Cremonese,Serie A,35.0,67556.0,2027-06-30 00:00:00,ST,,FW,transfermarkt_profile_and_lineups,95.0,,Centre-Forward,24.0,0.0,1.0,449.0,0.0,1.02,457.5,3.0,7.7673000000000005,2097.48,19.9,0.714,0.1404590163934426,4.0,24.1,7.0,27.6,36.4,9.0,30.7,21.1
135519,G. Isaksen,Lazio,Serie A,24.0,462823.0,2028-06-30 00:00:00,RW,,W,transfermarkt_profile_and_lineups,95.0,,Right Winger,34.0,5.0,1.0,1879.0,5.1,1.02,1882.86,21.0,13.567,4013.4980000000005,45.65,5.814,0.27790701379815813,53.3,36.1,57.5,64.8,72.3,49.0,67.4,72.0
327897,A. Ibrahimović,1. FC Heidenheim,Bundesliga,20.0,744728.0,2028-06-30 00:00:00,CAM,LW,AM,transfermarkt_profile_and_lineups,95.0,,Attacking Midfield,34.0,2.0,5.0,2346.0,2.0,4.9,2329.5,27.0,6.220199999999999,2525.008,29.1,5.43,0.20978750804893753,47.5,20.5,68.9,37.7,41.8,40.8,39.1,87.5
158644,M. Beier,Borussia Dortmund,Bundesliga,23.0,578392.0,2029-06-30 00:00:00,ST,LM,FW,transfermarkt_profile_and_lineups,95.0,,Centre-Forward,47.0,11.0,10.0,2820.0,10.95,10.2,2887.5,33.0,30.889999999999997,4991.895,55.2,18.089999999999996,0.5638441558441557,87.4,74.1,87.4,87.8,89.9,84.1,88.5,100.0
67939,Aimar Oroz,Osasuna,La Liga,24.0,634131.0,2029-06-30 00:00:00,CAM,,AM,transfermarkt_profile_and_lineups,95.0,,Attacking Midfield,31.0,0.0,2.0,2154.0,0.0,2.08,2240.1600000000003,26.0,7.255000000000001,4888.3910000000005,55.6,1.456,0.05849582172701949,9.8,1.6,66.4,42.6,82.8,7.8,56.7,81.5
20959,M. Tramoni,Pisa,Serie A,25.0,475410.0,2030-06-30 00:00:00,CAM,ST,AM,transfermarkt_profile_and_lineups,95.0,,Attacking Midfield,29.0,2.0,2.0,1704.0,2.04,2.04,1726.8,22.0,3.468,1726.8,22.0,3.468,0.18075052119527452,34.4,14.8,46.7,16.4,19.7,29.5,17.5,67.6
2057,F. Vázquez,Cremonese,Serie A,36.0,76163.0,2027-12-31 00:00:00,CAM,CDM,AM,transfermarkt_profile_and_lineups,95.0,,Attacking Midfield,16.0,1.0,2.0,547.0,1.02,2.04,554.22,17.0,2.448,554.22,17.0,2.448,0.39753166612536533,23.4,58.2,5.7,6.6,4.1,32.1,5.7,34.1
26260,L. Waldschmidt,1. FC Köln,Bundesliga,29.0,196095.0,2027-06-30 00:00:00,ST,RW,FW,transfermarkt_profile_and_lineups,95.0,,Centre-Forward,26.0,5.0,4.0,752.0,5.0,4.0,743.4,8.0,8.91,1136.19,12.8,7.8,0.9443099273607748,48.8,85.0,18.9,32.5,15.7,57.8,26.6,33.1
31560,S. Moreo,Pisa,Serie A,32.0,279823.0,2027-06-30 00:00:00,ST,CAM,FW,transfermarkt_profile_and_lineups,95.0,,Centre-Forward,38.0,7.0,1.0,2388.0,7.140000000000001,1.02,2427.12,29.0,7.854000000000001,2427.12,29.0,7.854000000000001,0.2912340551765055,50.0,9.4,75.9,28.0,45.5,39.9,34.1,91.9
2299,Pedro,Lazio,Serie A,38.0,65278.0,,RW,LW,W,transfermarkt_profile_and_lineups,95.0,,Right Winger,32.0,5.0,2.0,1041.0,5.1,2.04,1053.54,9.0,17.8079,2617.365,21.3,6.528,0.557662737057919,59.0,80.7,28.6,79.8,48.2,64.5,68.8,42.2
435482,R. Vaz,Marseille,Ligue 1,18.0,1131161.0,2030-06-30 00:00:00,ST,,FW,transfermarkt_profile_and_lineups,95.0,,Centre-Forward,32.0,5.0,4.0,716.0,4.9399999999999995,4.16,729.44,3.0,8.2293,769.326,3.0,7.851999999999999,0.9687979820135993,49.7,86.4,18.5,29.7,8.7,58.8,22.4,29.6
8493,R. Yaremchuk,Lyon,Ligue 1,30.0,221958.0,2028-06-30 00:00:00,ST,,FW,transfermarkt_profile_and_lineups,95.0,,Centre-Forward,28.0,8.0,2.0,1270.0,7.52,1.76,1184.04,12.0,15.1238,1918.63,19.5,8.751999999999999,0.6652477956825782,54.5,75.9,33.2,55.9,32.5,59.9,47.7,48.4
521,R. Lewandowski,Barcelona,La Liga,37.0,38253.0,,ST,,FW,transfermarkt_profile_and_lineups,95.0,,Centre-Forward,46.0,19.0,4.0,2486.0,20.11,4.32,2646.2400000000002,27.0,58.822250000000004,6146.539500000001,66.05,23.134,0.7867993832758933,93.7,95.8,82.5,98.3,96.2,94.2,97.5,92.6
133729,T. Noslin,Lazio,Serie A,26.0,457736.0,2029-06-30 00:00:00,RW,ST,W,transfermarkt_profile_and_lineups,95.0,,Right Winger,33.0,5.0,3.0,1349.0,4.98,3.06,1350.66,9.0,15.2545,2753.704,24.9,7.122,0.4745679889831637,62.7,76.5,40.1,70.5,50.3,66.1,63.4,48.9
14395,K. Jakić,FC Augsburg,Bundesliga,28.0,374954.0,2028-06-30 00:00:00,CDM,CB,DM,transfermarkt_profile_and_lineups,95.0,,Defensive Midfield,28.0,2.0,1.0,1834.0,2.0,1.0,1816.0,20.0,3.8950000000000005,3597.92,41.0,2.7,0.13381057268722468,60.9,71.3,39.1,55.2,52.9,48.9,53.7,67.9
326757,J. Bellingham,Borussia Dortmund,Bundesliga,20.0,796297.0,2030-06-30 00:00:00,CM,CDM,CM,transfermarkt_profile_and_lineups,95.0,,Central Midfield,49.0,1.0,5.0,2892.0,0.75,5.15,2940.45,32.0,4.355,2940.45,32.0,4.355,0.13329592409325106,61.6,35.8,82.8,38.5,43.0,73.3,41.4,100.0
283058,N. Jackson,Bayern München,Bundesliga,24.0,776890.0,2033-06-30 00:00:00,ST,,FW,transfermarkt_profile_and_lineups,95.0,,Centre-Forward,37.0,11.0,5.0,1418.0,11.6,5.15,1455.8,16.0,29.623,3804.3275000000003,43.0,15.205,0.9399986261849156,82.5,97.9,46.9,86.7,74.1,86.4,82.3,58.8
147831,A. Kalimuendo,Eintracht Frankfurt,Bundesliga,23.0,585959.0,2030-06-30 00:00:00,ST,LW,FW,transfermarkt_profile_and_lineups,95.0,,Centre-Forward,33.0,8.0,1.0,1813.0,8.2,1.0,1834.69,20.0,23.665399999999998,3965.129,45.75,8.899999999999999,0.4365860172563212,55.6,51.0,59.4,77.6,77.6,54.5,77.6,69.3
138835,F. Balogun,Monaco,Ligue 1,24.0,503770.0,2028-06-30 00:00:00,ST,,FW,transfermarkt_profile_and_lineups,95.0,,Centre-Forward,40.0,18.0,5.0,3060.0,18.74,4.9,3177.66,36.0,28.080799999999996,4067.777,45.55,22.169999999999998,0.6279148807613149,92.7,82.9,93.4,83.9,79.4,90.2,82.3,100.0
115589,B. Šeško,Manchester United,Premier League,22.0,627442.0,2030-06-30 00:00:00,ST,,FW,transfermarkt_profile_and_lineups,95.0,,Centre-Forward,32.0,12.0,1.0,1817.0,12.780000000000001,1.08,1916.46,19.0,33.457499999999996,4383.3550000000005,47.6,13.536000000000001,0.6356720202874049,77.3,83.6,61.2,90.6,83.6,78.8,88.1,68.0
83,A. Danjuma,Valencia,La Liga,28.0,355861.0,2028-06-30 00:00:00,LW,ST,W,transfermarkt_profile_and_lineups,95.0,,Left Winger,34.0,4.0,3.0,1814.0,4.0200000000000005,2.98,1860.38,20.0,10.302,3273.7470000000003,34.45,6.106,0.29539126415033484,54.8,44.3,55.7,48.8,61.1,52.2,53.1,69.7
31499,G. Borrelli,Cagliari,Serie A,25.0,459988.0,2029-06-30 00:00:00,ST,,FW,transfermarkt_profile_and_lineups,95.0,,Centre-Forward,29.0,6.0,2.0,1397.0,6.0,1.92,1409.94,14.0,7.343999999999999,1434.528,14.3,7.343999999999999,0.46878590578322477,47.7,55.2,45.5,26.0,21.3,49.6,24.4,53.3
30414,G. Simeone,Torino,Serie A,30.0,282388.0,2028-06-30 00:00:00,ST,,FW,transfermarkt_profile_and_lineups,95.0,,Centre-Forward,35.0,11.0,2.0,2372.0,11.22,2.04,2404.44,28.0,15.5484,3038.139,33.25,12.648,0.47342416529420567,73.8,57.7,74.5,58.0,60.1,69.8,58.8,89.4
30415,D. Vlahović,Juventus,Serie A,25.0,357498.0,,ST,,FW,transfermarkt_profile_and_lineups,95.0,,Centre-Forward,26.0,12.0,2.0,1290.0,12.24,2.2199999999999998,1315.8,14.0,30.6504,3577.6755000000003,39.5,13.794,0.9435020519835842,78.3,96.5,42.7,87.1,69.6,82.9,80.9,50.0
400948,Assane Diao,Como,Serie A,20.0,1061282.0,2029-06-30 00:00:00,LW,RW,W,transfermarkt_profile_and_lineups,95.0,,Left Winger,20.0,2.0,1.0,1157.0,2.04,1.02,1171.38,13.0,10.7265,2528.6320000000005,29.95,2.754,0.2115965783947139,27.4,25.0,33.7,51.5,45.2,26.8,49.3,44.1
126690,K. Bowie,Hellas Verona,Serie A,23.0,,,ST,,FW,statistical_fallback,61.7,,,0.0,0.0,0.0,0.0,0.0,0.0,0.0,0.0,0.0,0.0,0.0,0.0,0.0,1.9,48.8,1.6,1.7,1.6,13.6,1.7,0.0
181908,J. Thielmann,1. FC Köln,Bundesliga,23.0,472249.0,2028-06-30 00:00:00,RW,RM,W,transfermarkt_profile_and_lineups,95.0,,Right Winger,27.0,3.0,1.0,1570.0,3.0,1.0,1567.8,20.0,4.2700000000000005,2050.77,26.0,3.7,0.21239954075774972,35.7,18.7,45.8,22.6,32.5,31.4,26.1,62.1
1138,T. Weah,Marseille,Ligue 1,25.0,370846.0,2030-06-30 00:00:00,RM,RB,W,transfermarkt_profile_and_lineups,95.0,,Right Midfield,38.0,3.0,3.0,2890.0,3.16,3.16,2915.2400000000002,33.0,11.4968,4668.911,50.1,5.372,0.16584569366501556,50.9,6.9,87.7,54.5,81.0,39.9,63.8,99.2
47348,Borja Iglesias,Celta Vigo,La Liga,32.0,278359.0,2027-06-30 00:00:00,ST,,FW,transfermarkt_profile_and_lineups,95.0,,Centre-Forward,50.0,18.0,3.0,2710.0,18.560000000000002,3.18,2848.88,31.0,29.3286,4424.541,48.95,20.786,0.6566580550953357,90.2,86.7,86.4,86.0,84.3,89.3,85.4,100.0
7073,M. Grüll,Werder Bremen,Bundesliga,27.0,391766.0,,LW,ST,W,transfermarkt_profile_and_lineups,95.0,,Left Winger,34.0,3.0,1.0,2102.0,3.0,1.0,2093.0,24.0,7.7700000000000005,2822.19,32.8,3.7,0.15910176779741997,35.7,5.7,64.8,38.3,52.4,28.2,43.2,79.6
25297,M. Gregoritsch,FC Augsburg,Bundesliga,31.0,120205.0,2027-06-30 00:00:00,ST,,FW,transfermarkt_profile_and_lineups,95.0,,Centre-Forward,31.0,9.0,4.0,1343.0,8.31,3.7800000000000002,1249.85,15.0,17.967,2337.33,25.75,10.956,0.788926671200544,67.8,89.5,39.5,65.0,41.3,73.3,56.7,54.0
443579,R. Fofana,Lens,Ligue 1,19.0,1160814.0,2029-06-30 00:00:00,ST,,FW,transfermarkt_profile_and_lineups,95.0,,Centre-Forward,25.0,5.0,1.0,785.0,4.9,0.98,769.3,7.0,5.586,782.236,7.0,5.586,0.6535031847133759,36.4,65.7,19.6,18.9,9.1,43.7,15.5,32.4
57446,A. Adams,Sevilla,La Liga,25.0,607034.0,2029-06-30 00:00:00,ST,,FW,transfermarkt_profile_and_lineups,95.0,,Centre-Forward,33.0,10.0,4.0,2150.0,10.4,4.02,2223.4,22.0,18.520699999999998,3545.529,37.8,13.214,0.5348835117387785,76.2,68.5,71.0,67.5,68.9,74.3,68.0,78.2
202501,F. Asllani,1899 Hoffenheim,Bundesliga,23.0,524290.0,2029-06-30 00:00:00,ST,,FW,transfermarkt_profile_and_lineups,95.0,,Centre-Forward,35.0,11.0,10.0,2522.0,10.9,9.9,2505.6,33.0,17.83,2505.6,33.0,17.83,0.6404454022988505,86.4,84.6,77.6,64.7,47.9,85.9,58.8,94.5
1124,O. Burke,Union Berlin,Bundesliga,28.0,341317.0,2029-06-30 00:00:00,ST,RW,FW,transfermarkt_profile_and_lineups,95.0,,Centre-Forward,31.0,6.0,2.0,1795.0,6.0,2.0,1782.9,22.0,10.645000000000001,2352.61,27.55,7.4,0.3735487127713276,48.3,29.4,55.6,36.7,41.6,43.5,38.4,70.2
174724,F. Magri,Toulouse,Ligue 1,26.0,807689.0,,ST,RW,FW,transfermarkt_profile_and_lineups,95.0,,Centre-Forward,17.0,5.0,1.0,1264.0,4.9,0.98,1238.72,16.0,11.1009,2543.358,29.55,5.586,0.40585443037974683,36.4,40.6,37.8,38.5,49.3,37.4,42.3,48.1
449662,M. Meïté,Rennes,Ligue 1,18.0,1141560.0,2029-06-30 00:00:00,ST,,FW,transfermarkt_profile_and_lineups,95.0,,Centre-Forward,17.0,3.0,2.0,530.0,2.94,1.96,519.4,7.0,5.39,808.8430000000001,9.75,4.311999999999999,0.7471698113207546,27.8,65.4,9.8,17.8,9.8,37.2,15.0,24.2
25927,J. Mateta,Crystal Palace,Premier League,28.0,420002.0,2027-06-30 00:00:00,ST,,FW,transfermarkt_profile_and_lineups,95.0,,Centre-Forward,38.0,14.0,0.0,2718.0,14.46,0.0,2772.09,38.0,30.879600000000003,5304.1140000000005,67.0,14.46,0.4694652771013928,80.8,56.6,85.7,87.4,93.4,74.7,89.5,99.2
269163,W. Swedberg,Celta Vigo,La Liga,21.0,764859.0,2029-06-30 00:00:00,LW,,W,transfermarkt_profile_and_lineups,95.0,,Left Winger,41.0,10.0,7.0,1975.0,10.700000000000001,7.4,2071.82,22.0,22.414,3159.3320000000003,34.05,15.88,0.6898282669343863,90.4,97.3,63.3,87.7,58.1,92.1,77.3,77.2
31406,U. Sadiq,Valencia,La Liga,28.0,337715.0,2028-06-30 00:00:00,ST,,FW,transfermarkt_profile_and_lineups,95.0,,Centre-Forward,29.0,7.0,5.0,1301.0,6.86,5.0600000000000005,1318.6000000000001,13.0,15.334900000000001,2578.451,26.3,10.402000000000001,0.7099802821173973,64.3,83.2,43.4,57.3,50.0,69.1,54.8,50.4
505295,Christian Kofane,Bayer Leverkusen,Bundesliga,19.0,1364454.0,2029-06-30 00:00:00,ST,,FW,transfermarkt_profile_and_lineups,95.0,,Centre-Forward,44.0,7.0,9.0,1983.0,7.1,9.2,2088.2,20.0,13.54,2088.2,20.0,13.54,0.5835647926443827,77.6,75.5,66.4,49.3,35.7,77.1,44.5,75.4
178106,M. Pieringer,1. FC Heidenheim,Bundesliga,26.0,471055.0,2027-06-30 00:00:00,ST,,FW,transfermarkt_profile_and_lineups,95.0,,Centre-Forward,28.0,4.0,1.0,1672.0,4.0,1.0,1670.3,20.0,13.304,3455.6275,41.95,4.7,0.2532479195354128,30.8,5.9,53.8,49.0,67.1,24.6,55.3,64.6
146751,Raúl García,Osasuna,La Liga,25.0,631002.0,2031-06-30 00:00:00,ST,,FW,transfermarkt_profile_and_lineups,95.0,,Centre-Forward,40.0,14.0,2.0,1384.0,13.58,1.94,1387.42,10.0,21.366300000000003,2358.344,18.05,14.938,0.9690072220380274,81.8,98.3,44.4,73.1,42.0,85.9,62.2,53.2
292172,Mateo Pellegrino,Parma,Serie A,24.0,856530.0,2030-06-30 00:00:00,ST,,FW,transfermarkt_profile_and_lineups,95.0,,Centre-Forward,39.0,12.0,1.0,3164.0,11.88,1.02,3206.88,36.0,14.669700000000002,3621.4590000000003,40.4,12.594000000000001,0.3534463403682084,73.1,22.0,93.7,53.5,70.6,60.3,59.5,99.6
311067,S. Castro,Bologna,Serie A,21.0,849520.0,2030-06-30 00:00:00,ST,,FW,transfermarkt_profile_and_lineups,95.0,,Centre-Forward,51.0,11.0,4.0,3443.0,11.14,4.16,3524.2000000000003,40.0,23.0532,5199.994000000001,58.75,14.052,0.3588559105612621,79.7,24.8,95.8,76.2,90.6,66.0,81.2,100.0
25400,Y. Gerhardt,VfL Wolfsburg,Bundesliga,31.0,119277.0,,CM,CDM,CM,transfermarkt_profile_and_lineups,95.0,,Central Midfield,20.0,1.0,1.0,1102.0,1.0,1.0,1098.9,12.0,4.21,2582.585,27.1,1.7,0.13923013923013922,26.5,43.0,20.1,36.9,33.0,23.0,34.4,41.9
200139,M. Amoura,VfL Wolfsburg,Bundesliga,26.0,,,ST,W,FW,statistical_fallback,55.4,,,0.0,0.0,0.0,0.0,0.0,0.0,0.0,0.0,0.0,0.0,0.0,0.0,0.0,1.9,48.8,1.6,1.7,1.6,13.6,1.7,0.0
1672,D. Sinani,FC St. Pauli,Bundesliga,28.0,346499.0,2028-06-30 00:00:00,CAM,ST,AM,transfermarkt_profile_and_lineups,95.0,,Attacking Midfield,33.0,5.0,3.0,2280.0,5.0,3.0,2258.9,25.0,8.585,2953.0,32.7,7.1,0.28288104829784405,57.8,40.2,67.2,45.1,50.8,53.4,47.1,83.8
18766,D. Calvert-Lewin,Leeds,Premier League,28.0,306024.0,2028-06-30 00:00:00,ST,,FW,transfermarkt_profile_and_lineups,95.0,,Centre-Forward,39.0,15.0,1.0,2955.0,16.02,1.08,3146.1000000000004,31.0,22.1112,4878.0960000000005,50.15,16.776,0.47990845809096966,84.3,59.8,92.3,74.1,88.5,78.1,79.1,99.6
2799,A. Guðmundsson,Fiorentina,Serie A,28.0,305947.0,2029-06-30 00:00:00,ST,LW,FW,transfermarkt_profile_and_lineups,95.0,,Second Striker,36.0,6.0,4.0,2401.0,5.85,4.08,2415.09,31.0,18.7272,4101.252,53.05,8.706,0.32443511421934584,53.8,13.6,75.5,68.9,79.7,43.8,72.7,92.4
19524,C. Adams,Torino,Serie A,29.0,346779.0,2027-06-30 00:00:00,ST,,FW,transfermarkt_profile_and_lineups,95.0,,Centre-Forward,36.0,8.0,3.0,2110.0,7.92,3.06,2126.64,22.0,17.1306,3674.703,39.05,10.062,0.42582665613361925,61.5,44.8,68.5,62.9,71.3,57.3,65.9,78.5
28382,H. Tabaković,Borussia Mönchengladbach,Bundesliga,31.0,203123.0,2029-06-30 00:00:00,ST,,FW,transfermarkt_profile_and_lineups,95.0,,Centre-Forward,35.0,15.0,3.0,2662.0,14.8,2.9,2635.4,31.0,19.706500000000002,3255.25,35.95,16.830000000000002,0.574751460878804,84.6,74.5,82.2,69.9,62.9,82.1,67.5,97.4
45892,A. Ilić,Union Berlin,Bundesliga,25.0,583699.0,2027-06-30 00:00:00,ST,,FW,transfermarkt_profile_and_lineups,95.0,,Centre-Forward,34.0,6.0,12.0,2414.0,5.9,11.8,2398.3,26.0,18.6175,2999.4195,33.25,14.16,0.5313763916107243,80.1,67.5,73.8,67.8,59.4,76.9,64.9,87.9
421,B. Embolo,Rennes,Ligue 1,28.0,237662.0,2029-06-30 00:00:00,ST,,FW,transfermarkt_profile_and_lineups,95.0,,Centre-Forward,31.0,8.0,3.0,1873.0,7.84,2.94,1835.54,20.0,17.3585,3385.389,36.55,9.898,0.48531767218366256,60.0,60.5,59.8,63.3,65.4,60.1,64.0,69.8
20535,H. Diallo,Metz,Ligue 1,30.0,,,ST,,FW,statistical_fallback,57.5,,,0.0,0.0,0.0,0.0,0.0,0.0,0.0,0.0,0.0,0.0,0.0,0.0,0.0,1.9,48.8,1.6,1.7,1.6,13.6,1.7,0.0
8490,G. Kvilitaia,Metz,Ligue 1,32.0,186233.0,2027-06-30 00:00:00,ST,,FW,transfermarkt_profile_and_lineups,95.0,,Centre-Forward,14.0,5.0,0.0,799.0,4.21,0.0,713.1,9.0,4.21,713.1,9.0,4.21,0.5313420277660916,26.9,57.0,18.2,12.2,8.0,34.4,10.8,30.5
81573,Omar Marmoush,Manchester City,Premier League,26.0,445939.0,2029-06-30 00:00:00,ST,LW,FW,transfermarkt_profile_and_lineups,95.0,,Centre-Forward,38.0,8.0,3.0,1491.0,7.29,3.24,1485.8700000000001,17.0,37.0741,4302.762000000001,51.2,9.558,0.5789335540794281,59.4,71.7,48.6,92.3,82.2,62.5,88.8,61.6
47472,Borja Mayoral,Getafe,La Liga,28.0,298976.0,2027-06-30 00:00:00,ST,,FW,transfermarkt_profile_and_lineups,95.0,,Centre-Forward,19.0,6.0,1.0,1218.0,5.96,1.04,1244.46,13.0,15.881799999999998,2652.8900000000003,24.95,6.688,0.48367966828986064,44.6,55.9,38.8,59.1,51.4,47.4,56.4,44.9
19461,L. Nmecha,Leeds,Premier League,27.0,314288.0,2027-06-30 00:00:00,ST,,FW,transfermarkt_profile_and_lineups,95.0,,Centre-Forward,37.0,7.0,3.0,1464.0,7.380000000000001,2.88,1502.04,15.0,11.616000000000001,1783.52,16.95,9.396,0.5629943277143086,58.7,69.6,49.0,41.6,29.4,61.5,37.3,58.7
2617,C. Stuani,Girona,La Liga,39.0,59323.0,,ST,,FW,transfermarkt_profile,85.0,,Centre-Forward,22.0,6.0,0.0,471.0,6.1,0.0,479.34000000000003,2.0,18.006,1690.3740000000003,9.95,6.1,1.1453248216297407,40.6,81.5,8.0,65.7,27.3,50.8,52.3,19.8
30544,G. Scamacca,Atalanta,Serie A,26.0,315867.0,2028-06-30 00:00:00,ST,,FW,transfermarkt_profile_and_lineups,95.0,,Centre-Forward,38.0,14.0,3.0,2016.0,14.7,3.12,2123.28,25.0,24.511200000000002,2846.559,33.1,16.884,0.7156663275686673,85.0,92.3,68.2,79.7,55.2,86.8,71.2,80.3
30848,D. Okereke,Cremonese,Serie A,28.0,413605.0,,ST,,FW,transfermarkt_profile_and_lineups,95.0,,Centre-Forward,11.0,2.0,0.0,431.0,2.04,0.0,435.9,3.0,6.990900000000001,1433.2199999999998,17.4,2.04,0.4211975223675155,13.5,46.2,5.9,24.1,21.0,21.6,23.0,15.9
128478,W. Cheddira,Lecce,Serie A,27.0,521407.0,2028-06-30 00:00:00,ST,,FW,transfermarkt_profile_and_lineups,95.0,,Centre-Forward,34.0,4.0,1.0,1280.0,4.08,1.02,1297.32,13.0,8.3926,2399.228,24.1,4.7940000000000005,0.33257792988622703,31.8,25.2,41.6,30.1,43.4,30.2,34.7,51.8
24914,R. Glatzel,Hamburger SV,Bundesliga,31.0,196139.0,2028-06-30 00:00:00,ST,,FW,transfermarkt_profile_and_lineups,95.0,,Centre-Forward,21.0,4.0,2.0,712.0,3.9,2.0,701.7,7.0,5.3,701.7,7.0,5.3,0.6797776827704146,34.6,66.4,17.5,17.1,7.7,42.6,13.8,29.4
138873,R. Jones,FC St. Pauli,Bundesliga,23.0,677935.0,,ST,,FW,transfermarkt_profile_and_lineups,95.0,,Centre-Forward,10.0,2.0,0.0,384.0,2.0,0.0,380.6,3.0,2.0,380.6,3.0,2.0,0.4729374671571203,12.6,51.7,4.2,6.6,3.5,22.4,5.5,14.6
408870,Ibou Sané,Metz,Ligue 1,20.0,1111776.0,2028-06-30 00:00:00,ST,,FW,transfermarkt_profile_and_lineups,95.0,,Centre-Forward,16.0,1.0,2.0,536.0,0.98,1.96,525.28,5.0,2.646,560.8539999999999,5.0,2.352,0.40298507462686567,15.9,43.4,10.1,8.4,5.9,22.8,7.5,21.9
405237,K. Boudache,Nice,Ligue 1,17.0,1097113.0,2031-06-30 00:00:00,RW,CAM,W,transfermarkt_profile_and_lineups,95.0,,Right Winger,15.0,1.0,0.0,587.0,0.98,0.0,582.34,3.0,0.98,582.34,3.0,0.98,0.15145791118590513,10.1,28.6,11.1,6.2,6.3,14.7,6.2,20.6
1469,D. Welbeck,Brighton,Premier League,35.0,67063.0,2027-06-30 00:00:00,ST,,FW,transfermarkt_profile_and_lineups,95.0,,Centre-Forward,40.0,14.0,2.0,2446.0,14.940000000000001,1.83,2593.98,28.0,26.766,4631.916,49.5,16.221,0.5627992505724794,83.2,73.8,80.4,83.2,85.7,80.9,84.1,92.8
2887,R. Jiménez,Fulham,Premier League,34.0,206040.0,2028-06-30 00:00:00,ST,,FW,transfermarkt_profile_and_lineups,95.0,,Centre-Forward,43.0,10.0,3.0,2562.0,10.47,3.24,2654.3700000000003,31.0,24.101399999999998,4669.686000000001,53.2,12.738,0.43189909470043736,74.5,50.3,83.9,79.0,86.0,68.4,81.5,97.2
8598,T. Awoniyi,Nottingham Forest,Premier League,28.0,295313.0,2027-06-30 00:00:00,ST,,FW,transfermarkt_profile_and_lineups,95.0,,Centre-Forward,18.0,4.0,2.0,513.0,4.32,2.16,548.28,3.0,9.5454,1345.23,11.05,5.832000000000001,0.9573210768220619,38.8,77.6,11.2,33.6,19.9,48.5,28.8,20.2
978,K. Havertz,Arsenal,Premier League,26.0,309400.0,2028-06-30 00:00:00,ST,CAM,FW,transfermarkt_profile_and_lineups,95.0,,Centre-Forward,23.0,6.0,5.0,976.0,6.51,5.34,1009.8900000000001,11.0,26.565,3751.5150000000003,38.7,10.248,0.9132875857766686,62.9,91.3,25.9,82.9,72.4,70.0,79.2,39.5
336711,Gonzalo García,Real Madrid,La Liga,21.0,935230.0,2030-06-30 00:00:00,ST,,FW,transfermarkt_profile_and_lineups,95.0,,Centre-Forward,45.0,12.0,4.0,1921.0,10.89,3.74,1821.68,21.0,14.403400000000001,1861.26,21.0,13.508000000000001,0.6673619955206184,76.9,88.5,57.7,52.4,31.1,79.8,45.0,75.1
263699,A. Fadera,Sassuolo,Serie A,24.0,749552.0,2028-06-30 00:00:00,LW,RW,W,transfermarkt_profile_and_lineups,95.0,,Left Winger,30.0,2.0,2.0,1106.0,2.04,2.04,1112.52,10.0,6.7932,2413.5299999999997,27.8,3.468,0.2805522597346565,33.7,42.2,30.1,34.9,43.1,35.8,37.8,43.8
66817,N. Krstović,Atalanta,Serie A,25.0,434433.0,2030-06-30 00:00:00,ST,,FW,transfermarkt_profile_and_lineups,95.0,,Centre-Forward,49.0,12.0,8.0,2624.0,12.3,8.1,2748.72,26.0,29.169900000000002,5287.0380000000005,56.5,17.97,0.5883829564306295,86.7,76.6,85.0,85.7,92.7,84.2,88.1,94.5
877,M. Kean,Fiorentina,Serie A,25.0,364135.0,2029-06-30 00:00:00,ST,,FW,transfermarkt_profile_and_lineups,95.0,,Centre-Forward,27.0,8.0,3.0,2086.0,8.16,2.52,2115.57,26.0,23.0811,3937.071,49.3,9.924,0.42218409223046266,61.2,43.0,67.5,76.6,77.3,56.6,76.8,78.6
269,C. Nkunku,AC Milan,Serie A,28.0,344381.0,2030-06-30 00:00:00,ST,,FW,transfermarkt_profile_and_lineups,95.0,,Centre-Forward,41.0,9.0,3.0,1817.0,8.79,3.06,1740.57,20.0,15.8376,2573.8935,31.6,10.931999999999999,0.5652631034661059,67.5,73.1,54.9,58.7,49.7,68.9,55.6,72.0
2906,Lee Jae-Sung,FSV Mainz 05,Bundesliga,33.0,314398.0,,CAM,,AM,transfermarkt_profile_and_lineups,95.0,,Attacking Midfield,32.0,5.0,2.0,2448.0,4.75,2.0,2397.5,32.0,16.0665,4594.675,57.400000000000006,6.15,0.2308654848800834,52.5,25.4,70.5,70.5,78.7,45.7,73.4,91.9
265363,Tiago Tomás,VfB Stuttgart,Bundesliga,23.0,616344.0,2029-06-30 00:00:00,RW,CAM,W,transfermarkt_profile_and_lineups,95.0,,Right Winger,38.0,8.0,4.0,1614.0,8.1,3.9,1648.9,16.0,16.517,3180.16,33.650000000000006,10.83,0.5911213536296924,77.4,93.1,47.3,76.2,59.3,81.3,70.3,63.1
72457,A. Tosin,Lorient,Ligue 1,27.0,239647.0,2027-06-30 00:00:00,ST,RW,FW,transfermarkt_profile_and_lineups,95.0,,Centre-Forward,27.0,5.0,0.0,1068.0,4.9,0.0,1046.64,11.0,5.6938,1311.534,14.0,4.9,0.4213483146067416,33.2,44.4,28.7,19.6,18.9,36.0,19.3,42.9
362741,S. Hidalgo,Toulouse,Ligue 1,20.0,989574.0,2029-06-30 00:00:00,ST,RW,FW,transfermarkt_profile_and_lineups,95.0,,Centre-Forward,28.0,4.0,6.0,1303.0,3.92,5.88,1276.94,14.0,8.036,1276.94,14.0,8.036,0.5663852647735994,50.7,66.1,40.6,29.0,18.2,54.5,25.2,51.0
1302,J. Wind,VfL Wolfsburg,Bundesliga,27.0,391004.0,2029-06-30 00:00:00,ST,,FW,transfermarkt_profile_and_lineups,95.0,,Centre-Forward,11.0,1.0,0.0,480.0,1.0,0.0,480.0,5.0,13.6705,2491.29,27.0,1.0,0.1875,6.6,28.0,8.4,50.0,47.6,12.0,49.1,18.9
311083,C. Ndour,Fiorentina,Serie A,21.0,651005.0,2029-06-30 00:00:00,CM,,CM,transfermarkt_profile_and_lineups,95.0,,Central Midfield,36.0,3.0,1.0,2071.0,3.06,0.75,2069.13,33.0,4.8486,2923.7785000000003,41.55,3.585,0.15593510315929882,51.6,48.0,54.1,43.7,42.7,53.0,43.0,85.7
383006,A. Njie,Torino,Serie A,20.0,934527.0,2029-06-30 00:00:00,LW,ST,W,transfermarkt_profile_and_lineups,95.0,,Left Winger,18.0,1.0,1.0,447.0,1.02,1.02,436.98,4.0,2.295,665.076,4.0,1.734,0.3571330495674859,18.1,53.9,6.3,13.0,7.5,27.0,11.1,19.9
40594,A. Buksa,Udinese,Serie A,29.0,267160.0,2029-06-30 00:00:00,ST,,FW,transfermarkt_profile_and_lineups,95.0,,Centre-Forward,33.0,5.0,0.0,1421.0,4.59,0.0,1338.39,13.0,13.7656,3140.5725,37.2,4.59,0.30865442808150084,29.7,17.5,43.7,50.3,60.5,26.7,53.9,54.3
18788,J. Vardy,Cremonese,Serie A,38.0,197838.0,,ST,,FW,transfermarkt_profile_and_lineups,95.0,,Centre-Forward,29.0,7.0,3.0,2108.0,7.140000000000001,3.06,2150.16,24.0,16.7862,3866.226,43.8,9.282,0.38851992409867175,57.5,33.6,68.9,62.6,74.8,51.5,66.9,77.8
36986,D. Johnsen,Cremonese,Serie A,27.0,406042.0,2029-06-30 00:00:00,LW,CM,W,transfermarkt_profile_and_lineups,95.0,,Left Winger,12.0,1.0,1.0,397.0,1.02,1.02,404.09999999999997,5.0,1.734,404.09999999999997,5.0,1.734,0.3861915367483297,18.1,56.0,5.4,9.5,3.3,27.6,7.3,17.6
26255,L. Höler,SC Freiburg,Bundesliga,31.0,248999.0,,ST,,FW,transfermarkt_profile_and_lineups,95.0,,Centre-Forward,47.0,5.0,3.0,2413.0,4.8,3.0,2405.3,27.0,15.0,4496.735000000001,50.15,6.8999999999999995,0.2581798528250114,46.5,5.6,74.8,55.2,84.6,36.3,65.5,91.2
2939,C. Wilson,West Ham,Premier League,33.0,123682.0,2027-06-30 00:00:00,ST,,FW,transfermarkt_profile_and_lineups,95.0,,Centre-Forward,35.0,7.0,1.0,1366.0,7.5600000000000005,1.08,1452.3600000000001,12.0,11.953800000000001,2112.933,16.95,8.316,0.5153267784846732,52.3,62.2,46.5,42.3,37.1,54.8,40.5,53.0
158054,N. Woltemade,Newcastle,Premier League,23.0,455661.0,2031-06-30 00:00:00,ST,,FW,transfermarkt_profile_and_lineups,95.0,,Centre-Forward,54.0,12.0,5.0,3255.0,12.39,5.34,3439.32,38.0,26.9195,4892.925,53.7,16.128,0.42203691427375173,82.9,42.7,95.5,83.6,88.8,72.8,85.4,100.0
392482,C. Kostoulas,Brighton,Premier League,18.0,1060087.0,2030-06-30 00:00:00,ST,,FW,transfermarkt_profile_and_lineups,95.0,,Centre-Forward,26.0,2.0,1.0,532.0,2.16,1.08,530.0400000000001,4.0,6.213800000000001,1421.6780000000003,15.0,2.9160000000000004,0.49513244283450303,18.7,53.1,10.5,21.7,20.3,27.3,21.2,24.6
334574,Ángel Ortiz,Real Betis,La Liga,21.0,933908.0,2029-06-30 00:00:00,RB,,FB,transfermarkt_profile_and_lineups,95.0,,Right-Back,23.0,1.0,2.0,1379.0,0.9,1.8,1419.38,15.0,2.5604,1621.296,17.2,2.16,0.13696120841494175,49.7,63.6,30.8,35.5,14.8,33.6,17.9,51.7
47396,Kike García,Espanyol,La Liga,36.0,93936.0,2027-06-30 00:00:00,ST,,FW,transfermarkt_profile_and_lineups,95.0,,Centre-Forward,39.0,10.0,1.0,1878.0,10.120000000000001,1.04,1931.98,19.0,20.6468,3897.275,39.75,10.848,0.5053468462406443,66.8,62.9,62.2,71.7,75.9,65.8,73.1,71.9
313059,M. Joseph,Mallorca,La Liga,22.0,834742.0,2028-06-30 00:00:00,ST,RW,FW,transfermarkt_profile_and_lineups,95.0,,Centre-Forward,30.0,2.0,4.0,1716.0,2.08,4.16,1782.96,19.0,4.992,1782.96,19.0,4.992,0.25198546237717057,33.9,3.8,55.9,15.4,29.0,26.4,20.2,65.2
326102,Rômulo,RB Leipzig,Bundesliga,23.0,957874.0,2030-06-30 00:00:00,ST,,FW,transfermarkt_profile_and_lineups,95.0,,Centre-Forward,32.0,9.0,4.0,2350.0,9.0,4.0,2335.9,29.0,20.079700000000003,3407.1130000000003,44.400000000000006,11.8,0.4546427501177276,70.6,54.2,73.1,70.6,66.4,66.5,69.2,88.9
1167,Y. Poulsen,Hamburger SV,Bundesliga,31.0,157635.0,2027-06-30 00:00:00,ST,,FW,transfermarkt_profile,85.0,,Centre-Forward,16.0,1.0,0.0,322.0,1.0,0.0,321.9,1.0,5.922000000000001,1189.37,8.6,1.0,0.2795899347623486,6.6,37.4,3.5,21.0,17.1,14.3,19.6,13.6
20704,A. Gory,Paris FC,Ligue 1,29.0,435492.0,2027-06-30 00:00:00,LW,RB,W,transfermarkt_profile_and_lineups,95.0,,Left Winger,24.0,5.0,2.0,978.0,4.9,1.96,958.4399999999999,9.0,6.272,958.4399999999999,9.0,6.272,0.588957055214724,56.6,81.3,25.9,32.8,12.3,62.8,25.7,37.9
1863,C. Immobile,Paris FC,Ligue 1,35.0,105521.0,2027-06-30 00:00:00,ST,,FW,transfermarkt_profile_and_lineups,95.0,,Centre-Forward,21.0,2.0,2.0,938.0,1.96,1.96,920.1,11.0,15.589399999999998,2842.101,38.150000000000006,3.332,0.3259210955330942,21.5,31.1,23.1,58.4,54.2,23.9,56.9,38.0
84087,W. Isidor,Sunderland,Premier League,25.0,494237.0,2028-06-30 00:00:00,ST,,FW,transfermarkt_profile_and_lineups,95.0,,Centre-Forward,36.0,6.0,0.0,1338.0,6.48,0.0,1401.1200000000001,13.0,8.565000000000001,1681.9920000000002,16.0,6.48,0.41623843782117165,42.3,42.0,45.1,31.5,26.6,42.2,29.8,53.8
3033,C. Bakambu,Real Betis,La Liga,34.0,127048.0,,ST,,FW,transfermarkt_profile_and_lineups,95.0,,Centre-Forward,27.0,4.0,3.0,1175.0,4.220000000000001,3.24,1220.18,13.0,9.6856,1844.462,25.5,6.488,0.47855234473602254,42.7,55.6,37.1,35.0,30.4,45.9,33.4,47.1
345808,F. Esposito,Inter,Serie A,20.0,930781.0,2030-06-30 00:00:00,ST,,FW,transfermarkt_profile_and_lineups,95.0,,Centre-Forward,50.0,11.0,7.0,2393.0,11.19,7.23,2477.1,23.0,16.250999999999998,2483.04,23.0,16.250999999999998,0.5904444713576359,83.6,76.9,77.3,60.5,47.2,81.9,55.8,86.7
371911,J. Milošević,Werder Bremen,Bundesliga,20.0,943795.0,2029-06-30 00:00:00,ST,,FW,transfermarkt_profile_and_lineups,95.0,,Centre-Forward,19.0,7.0,2.0,943.0,6.0,1.75,828.0,27.0,7.225,874.23,27.55,7.225,0.7853260869565217,47.2,78.0,21.0,25.5,10.1,54.9,20.1,53.3
341371,Rodrigo Mendoza,Elche,La Liga,20.0,961297.0,2031-06-30 00:00:00,CM,CAM,CM,transfermarkt_profile_and_lineups,95.0,,Central Midfield,30.0,2.0,2.0,1597.0,1.94,1.94,1611.88,18.0,3.298,1611.88,18.0,3.298,0.18414522172866465,49.1,58.4,35.5,30.1,16.5,41.6,21.3,61.8
47264,Hugo Duro,Valencia,La Liga,26.0,573775.0,2028-06-30 00:00:00,ST,,FW,transfermarkt_profile_and_lineups,95.0,,Centre-Forward,41.0,11.0,1.0,2201.0,11.3,0.9,2258.38,23.0,24.352800000000002,4504.726000000001,48.1,11.930000000000001,0.47542929002205125,71.0,58.0,71.3,79.4,85.0,67.7,81.3,82.8
378284,Etta Eyong,Levante,La Liga,22.0,1038950.0,2029-06-30 00:00:00,ST,,FW,transfermarkt_profile_and_lineups,95.0,,Centre-Forward,34.0,7.0,4.0,1684.0,7.28,4.16,1749.1200000000001,18.0,10.764,1774.236,18.0,10.192,0.5244237102085619,62.4,65.0,55.2,37.1,28.7,63.1,34.1,65.1
161670,V. Vanat,Girona,La Liga,24.0,631821.0,2030-06-30 00:00:00,ST,,FW,transfermarkt_profile_and_lineups,95.0,,Centre-Forward,36.0,13.0,4.0,2545.0,12.74,3.47,2525.84,33.0,32.3832,4693.6775,62.6,15.169,0.5404974186805181,82.2,69.2,78.3,89.5,86.4,78.9,88.4,95.3
31318,M&apos;Bala Nzola,Pisa,Serie A,29.0,354814.0,2027-06-30 00:00:00,ST,,FW,transfermarkt_profile_and_lineups,95.0,,Centre-Forward,31.0,4.0,1.0,1538.0,4.08,1.02,1566.6,15.0,10.2359,2918.0735,29.8,4.7940000000000005,0.27541171964764466,31.8,10.1,50.7,36.4,57.3,26.4,43.7,58.0
243,Z. Aboukhlal,Torino,Serie A,25.0,393238.0,2029-06-30 00:00:00,RW,LM,W,transfermarkt_profile_and_lineups,95.0,,Right Winger,18.0,0.0,0.0,664.0,0.0,0.0,658.44,8.0,6.164199999999999,1923.982,23.1,0.0,0.0,3.2,11.7,14.2,32.5,29.8,5.3,31.6,28.3
40592,A. Benedyczak,Parma,Serie A,25.0,454386.0,2028-06-30 00:00:00,ST,LW,FW,transfermarkt_profile_and_lineups,95.0,,Centre-Forward,31.0,12.0,3.0,1791.0,9.72,2.7,1530.3,21.0,11.610000000000001,1646.427,22.1,11.610000000000001,0.6828072926877083,69.9,85.3,49.7,41.3,25.9,73.8,35.9,69.1
162773,R. Königsdörffer,Hamburger SV,Bundesliga,24.0,470038.0,,ST,RW,FW,transfermarkt_profile_and_lineups,95.0,,Centre-Forward,36.0,6.0,0.0,2630.0,5.9,0.0,2602.0,32.0,5.9,2602.0,32.0,5.9,0.2040737893927748,39.2,1.4,81.5,20.6,50.7,29.7,31.2,97.1
535046,A. Amaimouni,Eintracht Frankfurt,Bundesliga,20.0,,,ST,W,FW,statistical_fallback,59.0,,,0.0,0.0,0.0,0.0,0.0,0.0,0.0,0.0,0.0,0.0,0.0,0.0,0.0,1.9,48.8,1.6,1.7,1.6,13.6,1.7,0.0
20617,S. Katompa Mvumpa,FSV Mainz 05,Bundesliga,27.0,612826.0,,RW,ST,W,transfermarkt_profile_and_lineups,95.0,,Right Winger,8.0,1.0,0.0,335.0,1.0,0.0,335.0,5.0,5.599,1051.7375,17.6,1.0,0.26865671641791045,11.4,44.6,3.3,28.9,14.2,19.7,23.8,14.8
41323,Mama Baldé,Stade Brestois 29,Ligue 1,30.0,325223.0,2027-06-30 00:00:00,ST,LW,FW,transfermarkt_profile_and_lineups,95.0,,Centre-Forward,18.0,2.0,2.0,712.0,1.96,1.96,697.76,8.0,7.2093,1789.8310000000001,18.55,3.332,0.4297752808988764,21.5,47.2,17.1,25.2,29.7,27.9,26.8,29.3
190686,S. Mara,Auxerre,Ligue 1,23.0,557612.0,2029-06-30 00:00:00,ST,,FW,transfermarkt_profile_and_lineups,95.0,,Centre-Forward,27.0,3.0,2.0,1229.0,2.94,1.96,1204.42,14.0,5.228299999999999,1613.5210000000002,17.85,4.311999999999999,0.3222131814483319,27.8,24.5,36.0,16.1,24.1,27.0,18.9,49.2
471107,Quentin Ndjantou Mbitcha,Paris Saint Germain,Ligue 1,18.0,1053208.0,2028-06-30 00:00:00,LW,CAM,W,transfermarkt_profile_and_lineups,95.0,,Left Winger,13.0,1.0,2.0,457.0,0.98,2.1799999999999997,470.52,4.0,2.506,470.52,4.0,2.506,0.47934200459066567,25.9,62.7,7.2,14.2,4.8,35.1,10.9,18.2
38750,B. Brobbey,Sunderland,Premier League,23.0,473169.0,2029-06-30 00:00:00,ST,,FW,transfermarkt_profile_and_lineups,95.0,,Centre-Forward,32.0,7.0,1.0,1968.0,7.5600000000000005,1.08,2119.32,22.0,20.8309,3972.321,52.45,8.316,0.35315101070154575,52.3,21.7,67.8,72.0,78.3,44.6,74.2,74.1
309364,Coba,Getafe,La Liga,23.0,1033005.0,2029-06-30 00:00:00,LW,,W,transfermarkt_profile_and_lineups,95.0,,Left Winger,21.0,0.0,1.0,650.0,0.0,0.9,612.0600000000001,6.0,1.9489,1326.246,14.25,0.63,0.09263797666895403,6.5,21.4,12.7,11.1,19.0,10.2,13.9,27.1
910,A. Sánchez,Sevilla,La Liga,37.0,40433.0,,ST,RW,FW,transfermarkt_profile_and_lineups,95.0,,Second Striker,30.0,4.0,2.0,1400.0,4.16,2.08,1442.0,12.0,8.018999999999998,2063.474,18.85,5.616,0.3505131761442441,37.4,28.3,46.2,28.7,35.0,35.1,30.9,51.8
106851,S. Machino,Borussia Mönchengladbach,Bundesliga,26.0,550580.0,2029-06-30 00:00:00,ST,CAM,FW,transfermarkt_profile_and_lineups,95.0,,Centre-Forward,34.0,4.0,1.0,1226.0,3.9,1.0,1209.7,11.0,12.3,2376.25,24.75,4.6,0.34223361163924937,30.1,29.0,36.4,43.4,42.7,29.8,43.1,48.7
348888,M. Kömür,FC Augsburg,Bundesliga,20.0,777005.0,2029-06-30 00:00:00,CAM,ST,AM,transfermarkt_profile_and_lineups,95.0,,Attacking Midfield,30.0,2.0,4.0,1584.0,2.0,4.0,1571.9,18.0,6.585,2005.065,21.05,4.8,0.274826642916216,42.6,37.7,41.8,38.5,27.0,41.4,34.5,61.5
380873,Ilyas  Ansah,Union Berlin,Bundesliga,21.0,1035765.0,,ST,LW,FW,transfermarkt_profile_and_lineups,95.0,,Centre-Forward,36.0,5.0,3.0,2138.0,5.0,3.0,2114.5,26.0,7.1,2114.5,26.0,7.1,0.30219910144242135,46.9,10.8,67.1,24.8,37.4,37.8,29.2,83.1
73879,P. Otele,Hamburger SV,Bundesliga,26.0,678655.0,2028-06-30 00:00:00,LW,LM,W,transfermarkt_profile_and_lineups,95.0,,Left Winger,18.0,3.0,1.0,1101.0,3.2,1.0,1118.4,31.0,3.9000000000000004,1118.4,31.0,3.9000000000000004,0.31384120171673824,38.9,51.8,30.7,21.1,14.5,42.1,18.8,59.2
2668,Mostafa Mohamed,Nantes,Ligue 1,28.0,462348.0,2027-06-30 00:00:00,ST,,FW,transfermarkt_profile_and_lineups,95.0,,Centre-Forward,24.0,4.0,0.0,1151.0,3.92,0.0,1127.98,13.0,9.7559,2392.572,26.25,3.92,0.31277150304083406,25.2,23.8,30.8,35.7,43.0,24.8,38.2,45.4
277191,A. Sima,Lens,Ligue 1,24.0,776798.0,2029-06-30 00:00:00,LW,ST,W,transfermarkt_profile_and_lineups,95.0,,Left Winger,21.0,2.0,2.0,711.0,1.96,1.96,696.78,6.0,13.9862,2302.682,24.8,3.332,0.430379746835443,32.2,64.2,16.3,65.7,38.6,40.2,56.2,28.4
18979,V. Gyökeres,Arsenal,Premier League,27.0,325443.0,2030-06-30 00:00:00,ST,,FW,transfermarkt_profile_and_lineups,95.0,,Centre-Forward,54.0,21.0,3.0,3427.0,22.77,3.0300000000000002,3705.1800000000003,40.0,61.2591,6372.6135,74.6,24.891,0.6046103023334898,95.5,79.7,97.2,98.6,97.2,91.5,98.1,100.0
125743,Beto,Everton,Premier League,27.0,595809.0,2027-06-30 00:00:00,ST,,FW,transfermarkt_profile_and_lineups,95.0,,Centre-Forward,40.0,10.0,1.0,1759.0,10.47,1.08,1853.7,18.0,18.318,3235.416,31.25,11.226,0.545039650428872,68.5,70.3,60.1,66.8,62.6,69.0,65.3,68.8
312990,Roberto Fernández,Espanyol,La Liga,23.0,720518.0,2031-06-30 00:00:00,ST,,FW,transfermarkt_profile_and_lineups,95.0,,Centre-Forward,40.0,7.0,4.0,2444.0,7.28,4.16,2533.78,25.0,15.2894,3893.3635000000004,40.95,10.192,0.3620203806171017,62.4,26.2,78.7,57.0,75.5,53.4,63.5,89.8
6490,L. Vázquez,Getafe,La Liga,24.0,844516.0,2028-06-30 00:00:00,ST,,FW,transfermarkt_profile_and_lineups,95.0,,Centre-Forward,35.0,5.0,2.0,2047.0,4.68,1.82,1905.49,23.0,12.6156,2869.1285000000003,31.6,5.954,0.2812190040357073,39.9,8.0,60.8,44.8,55.6,31.9,48.5,77.8
24641,B. Zivzivadze,1. FC Heidenheim,Bundesliga,31.0,187097.0,2029-06-30 00:00:00,ST,,FW,transfermarkt_profile_and_lineups,95.0,,Centre-Forward,22.0,6.0,0.0,1309.0,6.0,0.0,1292.8,16.0,9.553,1954.67,23.700000000000003,6.0,0.4176980198019802,40.2,42.3,41.3,33.9,33.2,40.7,33.7,50.9
474789,Abdoulie Ceesay,FC St. Pauli,Bundesliga,21.0,1280281.0,,ST,,FW,transfermarkt_profile,85.0,,Centre-Forward,24.0,3.0,1.0,405.0,3.0,1.0,396.4,0.0,5.515000000000001,563.875,2.75,3.7,0.8400605449041373,24.1,64.7,4.9,18.5,6.3,34.3,14.2,17.2
2295,O. Giroud,Lille,Ligue 1,39.0,82442.0,2027-06-30 00:00:00,ST,,FW,transfermarkt_profile_and_lineups,95.0,,Centre-Forward,42.0,11.0,1.0,2261.0,11.26,0.98,2293.9,24.0,19.1916,3353.842,35.7,11.946,0.46869523518897943,71.3,56.3,71.7,69.2,64.7,67.6,67.6,85.1
152856,Evanilson,Bournemouth,Premier League,26.0,711337.0,2029-06-30 00:00:00,ST,,FW,transfermarkt_profile_and_lineups,95.0,,Centre-Forward,38.0,6.0,4.0,2878.0,6.48,4.140000000000001,3083.76,32.0,23.9337,5231.895,57.5,9.378,0.2736983422834462,58.4,7.0,90.9,78.7,91.3,45.5,83.1,99.2
18931,C. Wood,Nottingham Forest,Premier League,34.0,108725.0,2027-06-30 00:00:00,ST,,FW,transfermarkt_profile_and_lineups,95.0,,Centre-Forward,20.0,5.0,0.0,1144.0,5.44,0.0,1240.2600000000002,15.0,23.6002,3752.9790000000003,41.7,5.44,0.3947559382710077,35.3,38.1,38.1,77.3,72.7,36.0,75.7,45.8
24888,Hwang Hee-Chan,Wolves,Premier League,29.0,292246.0,2028-06-30 00:00:00,ST,LW,FW,transfermarkt_profile_and_lineups,95.0,,Centre-Forward,31.0,3.0,4.0,1761.0,3.06,3.81,1814.2500000000002,22.0,11.829900000000002,2968.7520000000004,33.65,5.727,0.2841008681273253,38.5,8.7,57.0,42.0,58.4,31.0,47.7,69.5
19364,N. Maupay,Sevilla,La Liga,29.0,217115.0,2028-06-30 00:00:00,ST,,FW,transfermarkt_profile_and_lineups,95.0,,Centre-Forward,13.0,2.0,1.0,872.0,2.08,1.04,906.82,10.0,9.6376,1987.073,21.95,2.808,0.27868816303125205,17.8,22.7,21.7,34.3,33.6,19.1,34.0,32.6
2495,D. Zapata,Torino,Serie A,34.0,73794.0,2028-06-30 00:00:00,ST,,FW,transfermarkt_profile_and_lineups,95.0,,Centre-Forward,30.0,3.0,1.0,1115.0,3.06,1.02,1135.02,11.0,10.7868,2472.864,26.5,3.774,0.29925463868478086,24.5,20.6,31.8,38.1,46.9,23.5,41.2,45.0
626704,P. Mendy,Cagliari,Serie A,19.0,,,ST,,FW,statistical_fallback,62.8,,,0.0,0.0,0.0,0.0,0.0,0.0,0.0,0.0,0.0,0.0,0.0,0.0,0.0,1.9,48.8,1.6,1.7,1.6,13.6,1.7,0.0
125720,S. Conteh,1. FC Heidenheim,Bundesliga,29.0,307183.0,2027-06-30 00:00:00,RW,,W,transfermarkt_profile_and_lineups,95.0,,Right Winger,16.0,3.0,1.0,709.0,2.9,1.0,700.0,4.0,5.23625,1239.275,10.05,3.5999999999999996,0.46285714285714286,34.5,66.3,16.6,26.8,17.2,42.4,23.4,24.4
41585,Gonçalo Ramos,Paris Saint Germain,Ligue 1,24.0,550550.0,2031-06-30 00:00:00,ST,,FW,transfermarkt_profile_and_lineups,95.0,,Centre-Forward,47.0,11.0,1.0,1676.0,10.629999999999999,0.98,1636.32,15.0,23.9255,2845.442,27.55,11.315999999999999,0.6223965972425931,68.9,80.1,52.8,78.3,54.9,71.7,70.1,64.1
9366,Igor Jesus,Nottingham Forest,Premier League,24.0,432164.0,2029-06-30 00:00:00,ST,,FW,transfermarkt_profile_and_lineups,95.0,,Centre-Forward,56.0,18.0,5.0,3661.0,18.080000000000002,5.42,3806.3,42.0,21.874000000000002,3806.3,42.0,21.874000000000002,0.51721093975777,92.0,64.0,97.9,73.8,74.5,85.0,74.0,100.0
320517,Pablo Durán,Celta Vigo,La Liga,24.0,905997.0,2028-06-30 00:00:00,ST,LW,FW,transfermarkt_profile_and_lineups,95.0,,Centre-Forward,40.0,5.0,2.0,1876.0,5.380000000000001,2.08,1966.7,21.0,12.4086,2893.263,30.9,6.836,0.3128285961254894,45.8,12.2,63.3,44.1,57.0,37.4,48.6,74.2
128985,Iker Losada,Levante,La Liga,24.0,632741.0,2029-06-30 00:00:00,ST,LW,FW,transfermarkt_profile_and_lineups,95.0,,Second Striker,26.0,3.0,2.0,1158.0,3.12,1.94,1167.92,13.0,5.3965,1688.8415,18.5,4.478,0.34507500513733813,28.7,29.7,32.5,18.2,26.9,28.9,21.2,46.3
202736,P. Nebel,FSV Mainz 05,Bundesliga,23.0,503160.0,2027-06-30 00:00:00,CAM,,AM,transfermarkt_profile_and_lineups,95.0,,Attacking Midfield,34.0,5.0,3.0,2423.0,5.0,2.75,2361.5,36.0,15.081500000000002,3723.7400000000002,50.85,6.925,0.26392123650222316,55.7,33.6,69.7,66.4,65.6,50.2,66.1,92.1
26530,S. Schimmer,1. FC Heidenheim,Bundesliga,31.0,394033.0,2027-06-30 00:00:00,ST,,FW,transfermarkt_profile_and_lineups,95.0,,Centre-Forward,28.0,5.0,1.0,878.0,5.0,1.0,870.7,4.0,6.675000000000001,1090.8400000000001,4.55,5.7,0.5891811186401745,38.1,63.6,21.3,23.1,15.4,44.5,20.4,32.4
68177,G. Abuashvili,Metz,Ligue 1,22.0,677057.0,2027-06-30 00:00:00,LW,,W,transfermarkt_profile_and_lineups,95.0,,Left Winger,23.0,2.0,0.0,687.0,1.96,0.0,673.26,6.0,1.96,673.26,6.0,1.96,0.26200873362445415,19.6,40.4,14.8,11.4,7.8,24.8,10.2,28.6
643,Gabriel Jesus,Arsenal,Premier League,28.0,363205.0,2027-06-30 00:00:00,ST,,FW,transfermarkt_profile_and_lineups,95.0,,Centre-Forward,27.0,6.0,2.0,988.0,6.54,1.8,996.48,9.0,14.67,2172.354,20.8,7.8,0.7044797687861272,48.8,75.2,25.2,53.8,38.5,55.4,48.5,39.3
8643,K. N’Dri,Lecce,Serie A,25.0,649490.0,2027-06-30 00:00:00,RW,,W,transfermarkt_profile,85.0,,Right Winger,28.0,2.0,0.0,543.0,2.04,0.0,551.22,2.0,4.0914,1518.654,13.05,2.04,0.3330793512572113,20.2,52.4,10.2,21.7,22.6,28.2,22.0,23.6
3430,C. Ekuban,Genoa,Serie A,31.0,199953.0,,ST,,FW,transfermarkt_profile_and_lineups,95.0,,Centre-Forward,32.0,4.0,1.0,994.0,4.08,1.02,1011.6,6.0,8.3997,1672.3890000000001,10.65,4.7940000000000005,0.4265124555160143,31.8,45.8,26.2,30.4,26.2,35.3,29.0,38.2
342188,D. Pejčinović,VfL Wolfsburg,Bundesliga,20.0,819636.0,2029-06-30 00:00:00,ST,,FW,transfermarkt_profile_and_lineups,95.0,,Centre-Forward,32.0,11.0,1.0,1591.0,10.7,0.9,1577.5,18.0,11.33,1587.4,18.0,11.33,0.6464025356576862,69.2,80.8,51.4,40.2,23.8,72.1,34.5,62.4
421875,S. Cherif,Angers,Ligue 1,19.0,986288.0,2030-06-30 00:00:00,ST,,FW,transfermarkt_profile_and_lineups,95.0,,Centre-Forward,33.0,6.0,1.0,1975.0,5.48,1.1,1826.42,23.0,6.25,1999.978,24.65,6.25,0.3079795446830411,41.6,11.9,58.4,22.0,33.9,34.2,26.2,75.6
42086,Y. El-Arabi,Nantes,Ligue 1,38.0,96533.0,,ST,,FW,transfermarkt_profile_and_lineups,95.0,,Centre-Forward,25.0,3.0,1.0,938.0,2.94,0.98,919.24,11.0,4.8218,1008.712,11.6,3.626,0.35501066098081024,23.3,35.3,22.7,14.3,12.6,26.3,13.7,39.5
349799,Eliezer Mayenda,Sunderland,Premier League,20.0,967346.0,2031-06-30 00:00:00,ST,,FW,transfermarkt_profile_and_lineups,95.0,,Centre-Forward,23.0,2.0,1.0,943.0,2.16,0.9,984.7800000000001,10.0,2.79,1011.3480000000001,10.3,2.79,0.25498080789617983,17.5,16.4,24.5,9.1,12.9,17.2,10.4,37.8
110153,T. Arokodare,Wolves,Premier League,25.0,683571.0,2029-06-30 00:00:00,ST,,FW,transfermarkt_profile_and_lineups,95.0,,Centre-Forward,43.0,7.0,2.0,1784.0,6.42,1.98,1832.19,16.0,19.999200000000002,3220.983,36.2,7.806,0.383442765215398,49.3,32.9,59.1,70.3,61.9,45.2,67.3,67.3
394573,Adrian Liso,Getafe,La Liga,20.0,1061122.0,2029-06-30 00:00:00,LW,ST,W,transfermarkt_profile_and_lineups,95.0,,Left Winger,31.0,3.0,3.0,1801.0,3.12,2.84,1860.5800000000002,21.0,5.108,1860.5800000000002,21.0,5.108,0.24708424254802264,49.1,26.5,56.0,25.9,28.9,43.4,27.0,69.3
47579,E. Ávila,Real Betis,La Liga,31.0,167721.0,,ST,RW,FW,transfermarkt_profile_and_lineups,95.0,,Centre-Forward,30.0,3.0,3.0,1020.0,2.84,2.9000000000000004,1036.54,10.0,8.71445,1912.4715,23.05,4.87,0.42284909410153015,32.5,45.5,28.0,31.8,32.2,35.8,31.9,42.0
2461,S. Rondón,Oviedo,La Liga,36.0,80197.0,2027-12-31 00:00:00,ST,,FW,transfermarkt_profile_and_lineups,95.0,,Centre-Forward,19.0,2.0,0.0,1308.0,2.08,0.0,1282.02,29.0,2.08,1282.02,29.0,2.08,0.14601956287733422,14.2,2.8,40.9,7.2,18.5,11.3,11.1,62.8
119213,Alfon González,Sevilla,La Liga,26.0,357628.0,2028-06-30 00:00:00,LW,,W,transfermarkt_profile_and_lineups,95.0,,Left Winger,23.0,3.0,0.0,793.0,2.98,0.0,803.1600000000001,9.0,9.1653,1714.1690000000003,18.35,2.98,0.33393097265800087,29.2,54.2,19.9,44.3,25.0,35.5,37.5,33.8
59,Álvaro Morata,Como,Serie A,33.0,128223.0,2029-06-30 00:00:00,ST,,FW,transfermarkt_profile_and_lineups,95.0,,Centre-Forward,30.0,1.0,2.0,998.0,0.9,2.04,1009.08,9.0,17.9982,3205.6710000000003,34.300000000000004,2.328,0.20763467713164463,15.4,11.5,25.5,65.4,61.5,14.4,64.0,40.6
38753,N. Kühn,Como,Serie A,25.0,336012.0,2029-06-30 00:00:00,RW,,W,transfermarkt_profile_and_lineups,95.0,,Right Winger,25.0,1.0,2.0,790.0,1.02,1.92,789.6,7.0,12.9357,2398.389,29.25,2.364,0.2694528875379939,24.1,41.3,19.3,61.1,42.2,28.4,54.5,32.5
199089,L. Lucca,Napoli,Serie A,25.0,572265.0,2030-06-30 00:00:00,ST,,FW,transfermarkt_profile_and_lineups,95.0,,Centre-Forward,32.0,3.0,0.0,956.0,3.0,0.0,1012.38,9.0,15.0822,3267.489,34.8,3.0,0.2666982753511527,19.6,17.1,26.6,55.6,63.3,19.0,58.3,40.5
20780,Mathias Pereira Lage,FC St. Pauli,Bundesliga,29.0,424072.0,2028-06-30 00:00:00,LW,ST,W,transfermarkt_profile_and_lineups,95.0,,Left Winger,32.0,3.0,2.0,2296.0,2.9,2.0,2269.6,28.0,9.9727,3708.322,43.15,4.3,0.17051462812830454,42.5,7.5,69.6,47.3,68.7,33.7,54.8,86.8
336567,S. Kılıçsoy,Cagliari,Serie A,20.0,875334.0,2028-06-30 00:00:00,ST,,FW,transfermarkt_profile_and_lineups,95.0,,Centre-Forward,27.0,4.0,0.0,1124.0,4.08,0.0,1123.35,13.0,11.3106,2371.735,27.55,4.08,0.3268794231539592,26.2,27.6,30.1,39.9,42.3,26.6,40.7,46.0
288006,R. Højlund,Napoli,Serie A,22.0,610442.0,2030-06-30 00:00:00,ST,,FW,transfermarkt_profile_and_lineups,95.0,,Centre-Forward,44.0,16.0,8.0,3627.0,16.59,7.77,3749.04,42.0,35.4849,6650.175,72.85,22.029,0.5288313808334933,92.3,67.1,97.6,90.9,98.3,86.0,93.5,100.0
129693,R. Philippe,Hamburger SV,Bundesliga,25.0,694507.0,2029-06-30 00:00:00,RW,,W,transfermarkt_profile_and_lineups,95.0,,Right Winger,31.0,5.0,0.0,1540.0,5.0,0.0,1514.5,16.0,5.0,1514.5,16.0,5.0,0.29712776493892373,48.3,45.8,44.6,25.0,22.3,47.7,24.1,59.0
24955,M. Honsak,1. FC Heidenheim,Bundesliga,29.0,283497.0,2027-06-30 00:00:00,LW,CAM,W,transfermarkt_profile_and_lineups,95.0,,Left Winger,29.0,3.0,1.0,1312.0,2.9,1.0,1305.7,16.0,8.004,2341.795,27.55,3.5999999999999996,0.24814275867350843,34.5,32.2,38.3,40.1,40.1,33.9,40.1,53.6
380939,Fabio Amadu Uri Baldé,Hamburger SV,Bundesliga,20.0,910541.0,2029-06-30 00:00:00,LW,,W,transfermarkt_profile_and_lineups,95.0,,Left Winger,17.0,1.0,1.0,514.0,1.0,1.0,506.6,3.0,1.7,506.6,3.0,1.7,0.30201342281879195,17.3,47.3,8.7,8.9,5.7,24.8,7.8,19.8
20534,C. Sabaly,Metz,Ligue 1,26.0,568696.0,2029-06-30 00:00:00,LW,RW,W,transfermarkt_profile_and_lineups,95.0,,Left Winger,14.0,0.0,2.0,971.0,0.0,1.96,951.58,19.0,2.4597999999999995,1358.77,24.1,1.3719999999999999,0.1297631307929969,14.2,16.0,25.6,13.9,19.9,14.6,16.0,44.0
47291,Gorka Guruzeta,Athletic Club,La Liga,29.0,340205.0,2028-06-30 00:00:00,ST,,FW,transfermarkt_profile_and_lineups,95.0,,Centre-Forward,48.0,17.0,3.0,3282.0,18.2,3.12,3420.9,37.0,32.987300000000005,5788.9884999999995,64.25,20.384,0.536279926335175,89.9,68.9,95.1,90.2,94.8,84.6,91.8,100.0
47520,Portu,Girona,La Liga,33.0,99353.0,2027-06-30 00:00:00,RW,CAM,W,transfermarkt_profile_and_lineups,95.0,,Right Winger,11.0,0.0,1.0,532.0,0.0,0.9,545.02,5.0,6.1158,1572.746,13.350000000000001,0.63,0.1040328795273568,6.5,24.7,9.9,31.6,23.2,11.0,28.7,20.0
56851,M. Folorunsho,Cagliari,Serie A,27.0,377042.0,2029-06-30 00:00:00,CM,ST,CM,transfermarkt_profile_and_lineups,95.0,,Central Midfield,28.0,2.0,0.0,2099.0,2.04,0.0,2130.18,25.0,3.7842000000000002,3400.02,39.85,2.04,0.08618989944511732,31.0,17.2,55.9,33.0,57.3,44.7,48.8,78.3
263481,L. Colombo,Genoa,Serie A,23.0,487843.0,2029-06-30 00:00:00,ST,,FW,transfermarkt_profile_and_lineups,95.0,,Centre-Forward,40.0,7.0,3.0,2475.0,7.140000000000001,2.94,2509.02,32.0,15.282600000000002,4336.611000000001,52.75,9.198,0.32993758519262506,57.0,15.7,78.0,56.6,82.5,46.7,65.7,95.4
451504,J. Ekhator,Genoa,Serie A,19.0,934878.0,2031-06-30 00:00:00,ST,,FW,transfermarkt_profile_and_lineups,95.0,,Centre-Forward,32.0,4.0,0.0,1045.0,3.96,0.0,1053.78,10.0,4.9137,1482.054,13.3,3.96,0.3382110117861413,25.5,30.4,29.0,15.0,22.4,26.7,17.6,43.3
161922,A. Knauff,Eintracht Frankfurt,Bundesliga,23.0,429874.0,2028-06-30 00:00:00,RW,LW,W,transfermarkt_profile_and_lineups,95.0,,Right Winger,38.0,7.0,4.0,2035.0,7.3,4.4,2142.5,20.0,19.947,4059.46,41.85,10.379999999999999,0.4360326721120186,75.9,77.1,65.7,82.5,73.2,76.2,79.3,75.7
125173,J. Adamu,SC Freiburg,Bundesliga,24.0,452477.0,2029-06-30 00:00:00,ST,,FW,transfermarkt_profile_and_lineups,95.0,,Centre-Forward,24.0,3.0,2.0,1197.0,3.0,2.1,1214.32,17.0,7.891,2205.76,28.6,4.47,0.3312965280980302,28.3,26.9,36.7,28.3,39.9,28.0,32.4,50.4
419916,C. Harder,RB Leipzig,Bundesliga,20.0,807386.0,2030-06-30 00:00:00,ST,,FW,transfermarkt_profile_and_lineups,95.0,,Centre-Forward,37.0,4.0,4.0,1174.0,3.7800000000000002,3.9,1131.34,10.0,13.5834,2147.986,22.3,6.51,0.517881450315555,43.0,60.8,31.1,49.7,38.1,47.5,45.6,47.8
289555,L. Mouton,Angers,Ligue 1,23.0,904662.0,2028-06-30 00:00:00,CAM,,AM,transfermarkt_profile_and_lineups,95.0,,Attacking Midfield,32.0,2.0,1.0,1905.0,1.96,0.98,1866.9,24.0,3.0233,2429.077,30.6,2.646,0.12755905511811022,26.2,3.3,54.1,9.8,40.2,20.5,20.5,74.8
120,W. Geubbels,Paris FC,Ligue 1,24.0,463620.0,2030-06-30 00:00:00,ST,,FW,transfermarkt_profile_and_lineups,95.0,,Centre-Forward,24.0,5.0,0.0,1012.0,4.9,0.0,991.76,15.0,5.7250000000000005,1174.91,30.400000000000002,4.9,0.44466403162055335,33.2,51.4,24.8,19.9,16.1,37.8,18.6,44.6
266200,M. Lahdo,Nantes,Ligue 1,23.0,795274.0,2027-06-30 00:00:00,RW,LW,W,transfermarkt_profile_and_lineups,95.0,,Right Winger,11.0,1.0,1.0,539.0,0.98,0.98,503.82,6.0,5.8705,1536.7620000000002,20.4,1.666,0.29760628795998567,16.4,47.0,8.4,30.1,22.9,24.1,27.6,21.1
584356,K. Quetant,Le Havre,Ligue 1,19.0,,,ST,,FW,statistical_fallback,58.4,,,0.0,0.0,0.0,0.0,0.0,0.0,0.0,0.0,0.0,0.0,0.0,0.0,0.0,1.9,48.8,1.6,1.7,1.6,13.6,1.7,0.0
20817,G. Koyalipou,Angers,Ligue 1,25.0,525140.0,2028-06-30 00:00:00,ST,,FW,transfermarkt_profile_and_lineups,95.0,,Centre-Forward,27.0,4.0,1.0,1055.0,3.9,0.98,1036.48,11.0,6.742000000000001,1517.807,17.6,4.586,0.3982131830811979,29.4,39.9,27.6,23.4,23.1,32.0,23.3,42.6
182784,I. Diabate,Alaves,La Liga,26.0,620696.0,2028-12-31 00:00:00,ST,,FW,transfermarkt_profile_and_lineups,95.0,,Centre-Forward,10.0,2.0,0.0,581.0,2.08,0.0,604.24,6.0,2.08,604.24,6.0,2.08,0.3098106712564544,14.2,34.6,12.9,7.2,7.0,19.3,7.1,21.6
31094,A. Pinamonti,Sassuolo,Serie A,26.0,315865.0,2027-06-30 00:00:00,ST,,FW,transfermarkt_profile_and_lineups,95.0,,Centre-Forward,37.0,9.0,4.0,2605.0,9.18,4.08,2653.5,32.0,22.598100000000002,5273.592,62.1,12.036,0.4082306387789712,71.7,38.8,83.6,75.9,92.0,63.5,81.5,96.9
191979,J. Ondrejka,Parma,Serie A,23.0,663237.0,2029-06-30 00:00:00,LW,ST,W,transfermarkt_profile_and_lineups,95.0,,Left Winger,17.0,0.0,0.0,821.0,0.0,0.0,832.02,10.0,8.807100000000002,1912.938,24.0,0.0,0.0,3.2,6.6,20.8,42.5,29.5,4.0,37.9,33.1
203040,T. Lemperle,1899 Hoffenheim,Bundesliga,23.0,553285.0,2031-06-30 00:00:00,ST,,FW,transfermarkt_profile_and_lineups,95.0,,Centre-Forward,31.0,8.0,2.0,2112.0,8.0,2.0,2096.8,26.0,9.4,2096.8,26.0,9.4,0.4034719572682182,59.1,37.1,66.8,32.9,36.0,53.6,34.0,80.6
15732,M. Kaufmann,1. FC Heidenheim,Bundesliga,24.0,545332.0,2028-06-30 00:00:00,ST,,FW,transfermarkt_profile_and_lineups,95.0,,Centre-Forward,17.0,2.0,2.0,559.0,1.9,1.9,556.5,6.0,3.9149999999999996,1004.335,12.7,3.2299999999999995,0.5223719676549865,20.3,54.9,11.9,11.5,12.2,28.9,11.8,23.8
162946,B. Hollerbach,FSV Mainz 05,Bundesliga,24.0,453870.0,2029-06-30 00:00:00,ST,CAM,FW,transfermarkt_profile_and_lineups,95.0,,Centre-Forward,17.0,1.0,3.0,1042.0,1.0,3.0,1016.6,16.0,11.436499999999999,2881.315,37.85,3.0999999999999996,0.2744442258508754,19.9,18.5,26.9,40.6,56.6,19.6,46.2,43.6
321648,Emersonn,Toulouse,Ligue 1,21.0,743599.0,2031-06-30 00:00:00,ST,,FW,transfermarkt_profile_and_lineups,95.0,,Centre-Forward,30.0,7.0,2.0,1628.0,6.66,1.96,1570.64,19.0,8.461,1764.977,20.1,8.032,0.4602455050170631,50.3,54.5,51.0,30.8,28.3,51.4,29.9,63.4
19484,A. Armstrong,Wolves,Premier League,28.0,250426.0,2029-06-30 00:00:00,ST,CAM,FW,transfermarkt_profile_and_lineups,95.0,,Centre-Forward,19.0,2.0,2.0,1368.0,2.16,2.16,1422.81,16.0,5.6916,2179.071,24.25,3.672,0.23227275602504904,23.8,7.3,45.8,19.2,38.8,19.7,26.1,51.0
129643,E. Ferguson,AS Roma,Serie A,21.0,648046.0,2029-06-30 00:00:00,ST,,FW,transfermarkt_profile_and_lineups,95.0,,Centre-Forward,22.0,5.0,2.0,1078.0,5.26,2.04,1123.72,13.0,9.415,1904.8120000000001,20.05,6.688,0.5356494500409354,44.6,61.9,30.4,33.2,31.8,48.9,32.7,43.2
236955,A. Sarr,Hellas Verona,Serie A,24.0,748382.0,2029-06-30 00:00:00,ST,,FW,transfermarkt_profile_and_lineups,95.0,,Centre-Forward,36.0,0.0,1.0,1193.0,0.0,1.02,1204.02,10.0,3.3507000000000002,2423.319,24.650000000000002,0.714,0.05337120645836448,4.0,0.7,35.7,10.5,45.1,3.2,22.6,47.8
144319,S. Soumano,Lorient,Ligue 1,24.0,704270.0,2030-06-30 00:00:00,ST,,FW,transfermarkt_profile_and_lineups,95.0,,Centre-Forward,31.0,4.0,2.0,928.0,3.92,1.96,909.4399999999999,8.0,5.292,909.4399999999999,8.0,5.292,0.5237068965517242,34.3,58.7,22.0,16.8,10.5,40.4,14.6,38.5
343684,T. Barry,Everton,Premier League,23.0,937941.0,2029-06-30 00:00:00,ST,,FW,transfermarkt_profile_and_lineups,95.0,,Centre-Forward,41.0,8.0,0.0,2066.0,8.64,0.0,2188.2000000000003,23.0,16.5336,3575.5200000000004,38.95,8.64,0.35536057033177954,53.1,23.1,69.6,61.5,69.2,45.6,64.2,80.1
91745,Alemão,Rayo Vallecano,La Liga,27.0,560417.0,2030-06-30 00:00:00,ST,,FW,transfermarkt_profile_and_lineups,95.0,,Centre-Forward,27.0,4.0,0.0,1140.0,4.16,0.0,1184.6200000000001,16.0,4.16,1184.6200000000001,16.0,4.16,0.3160507166855194,26.6,23.4,33.6,11.9,16.8,25.8,13.6,49.3
387973,Max Moerstedt,1899 Hoffenheim,Bundesliga,19.0,923595.0,2030-06-30 00:00:00,ST,,FW,transfermarkt_profile,85.0,,Centre-Forward,23.0,4.0,0.0,425.0,3.8,0.0,422.6,1.0,4.79,987.5600000000001,6.5,3.8,0.8092759110269757,24.8,64.3,5.2,14.0,11.2,34.7,13.0,18.3
457541,P. Peter,Angers,Ligue 1,18.0,1103958.0,2028-06-30 00:00:00,ST,,FW,transfermarkt_profile_and_lineups,95.0,,Centre-Forward,29.0,5.0,0.0,1266.0,4.9,0.0,1240.68,14.0,4.9,1254.155,14.0,4.9,0.3554502369668246,33.2,31.5,38.5,14.7,17.8,32.8,15.8,50.7
20761,F. Sotoca,Lens,Ligue 1,35.0,354726.0,2027-06-30 00:00:00,ST,,FW,transfermarkt_profile_and_lineups,95.0,,Centre-Forward,26.0,1.0,0.0,494.0,0.98,0.0,484.12,4.0,5.729849999999999,2531.681,28.3,0.98,0.18218623481781376,5.6,27.3,8.7,20.3,49.0,11.0,30.3,23.8
195106,Rodrigo Muniz,Fulham,Premier League,24.0,735571.0,2030-06-30 00:00:00,ST,,FW,transfermarkt_profile_and_lineups,95.0,,Centre-Forward,25.0,1.0,1.0,1193.0,1.08,1.08,1248.81,12.0,11.9781,2531.121,24.6,1.836,0.1323179667043025,11.2,2.4,39.2,42.7,48.6,9.0,44.7,45.7
368260,G. Orban,Hellas Verona,Serie A,23.0,1018259.0,2029-06-30 00:00:00,ST,,FW,transfermarkt_profile_and_lineups,95.0,,Centre-Forward,29.0,7.0,3.0,2039.0,7.140000000000001,3.06,2079.66,23.0,14.456,3016.122,35.4,9.282,0.40169066097342837,57.5,36.7,65.7,52.8,59.8,52.3,55.2,75.4
341641,Rodrigo Ribeiro,FC Augsburg,Bundesliga,20.0,726701.0,2031-06-30 00:00:00,ST,,FW,transfermarkt_profile_and_lineups,95.0,,Centre-Forward,16.0,2.0,0.0,650.0,2.0,0.0,647.55,6.0,2.4290000000000003,1082.7915,12.05,2.0,0.27797081306462823,12.6,30.1,14.3,7.7,15.0,17.0,10.3,25.2
422572,K. Shiogai,VfL Wolfsburg,Bundesliga,20.0,1144627.0,2030-06-30 00:00:00,ST,,FW,transfermarkt_profile_and_lineups,95.0,,Centre-Forward,26.0,10.0,0.0,847.0,8.26,0.0,750.04,5.0,10.7713,1042.156,7.2,8.26,0.991147138819263,51.7,88.1,19.2,37.8,13.6,60.8,29.3,32.0
105154,I. Jansson,Nice,Ligue 1,23.0,535820.0,,LW,,W,transfermarkt_profile_and_lineups,95.0,,Left Winger,28.0,1.0,0.0,967.0,0.98,0.0,949.62,11.0,0.98,949.62,11.0,0.98,0.09287925696594426,10.1,12.0,25.0,6.2,12.0,10.6,8.2,41.2
2864,A. Isak,Liverpool,Premier League,26.0,349066.0,2031-06-30 00:00:00,ST,,FW,transfermarkt_profile_and_lineups,95.0,,Centre-Forward,22.0,4.0,1.0,1032.0,3.99,1.08,1133.91,13.0,29.555400000000006,3781.4850000000006,43.05,4.746,0.3766965632193031,31.1,36.0,31.5,86.4,73.8,32.3,82.0,42.3
18821,G. Diangana,Elche,La Liga,27.0,342048.0,2027-06-30 00:00:00,RW,CAM,W,transfermarkt_profile_and_lineups,95.0,,Right Winger,21.0,1.0,0.0,950.0,1.04,0.0,985.06,13.0,1.04,985.06,13.0,1.04,0.09501959271516457,12.7,9.6,26.2,7.1,12.7,11.9,9.0,40.2
362752,C. Ordoñez,Parma,Serie A,21.0,1043646.0,2030-06-30 00:00:00,CM,,CM,transfermarkt_profile_and_lineups,95.0,,Central Midfield,31.0,1.0,0.0,1351.0,1.02,0.0,1346.1,15.0,1.02,1346.1,15.0,1.02,0.0681970135948295,18.6,18.3,28.0,9.0,10.8,23.8,10.1,54.1
86,L. Openda,Juventus,Serie A,25.0,368887.0,2030-06-30 00:00:00,ST,,FW,transfermarkt_profile_and_lineups,95.0,,Centre-Forward,37.0,2.0,0.0,1133.0,2.2199999999999998,0.0,1198.94,11.0,23.814,4242.51,45.6,2.2199999999999998,0.1666472050311108,15.0,5.2,35.0,78.0,80.8,12.6,79.0,48.0
37759,M. Kaars,FC St. Pauli,Bundesliga,26.0,377729.0,,ST,,FW,transfermarkt_profile_and_lineups,95.0,,Centre-Forward,33.0,5.0,2.0,1654.0,4.8,1.9,1623.2,17.0,6.13,1623.2,17.0,6.13,0.33988417939871857,40.9,21.0,52.1,21.3,24.5,35.9,22.4,63.1
1945,M. Samatta,Le Havre,Ligue 1,33.0,182201.0,2027-06-30 00:00:00,ST,,FW,transfermarkt_profile_and_lineups,95.0,,Centre-Forward,27.0,2.0,1.0,1545.0,1.96,0.98,1514.1,17.0,6.8735,2201.684,25.95,2.646,0.15728155339805824,16.8,1.0,49.3,23.8,39.5,12.8,29.3,58.6
437349,E. Koffi Vinette,Le Havre,Ligue 1,19.0,1119881.0,,LB,,FB,transfermarkt_profile_and_lineups,95.0,,Left-Back,14.0,0.0,0.0,380.0,0.0,0.0,372.4,4.0,0.0,372.4,4.0,0.0,0.0,7.8,33.4,3.0,2.4,2.1,3.7,2.1,17.0
2032,J. Strand Larsen,Crystal Palace,Premier League,25.0,429983.0,2030-06-30 00:00:00,ST,,FW,transfermarkt_profile_and_lineups,95.0,,Centre-Forward,40.0,9.0,2.0,2496.0,8.52,1.98,2647.05,32.0,24.596400000000003,5202.018,60.4,9.905999999999999,0.3368051226837422,60.8,16.8,82.9,80.4,90.9,49.8,84.1,95.8
70100,J. Zirkzee,Manchester United,Premier League,24.0,435648.0,2029-06-30 00:00:00,ST,,FW,transfermarkt_profile_and_lineups,95.0,,Centre-Forward,26.0,2.0,1.0,645.0,2.16,1.08,688.9200000000001,5.0,12.743100000000002,2823.9900000000002,26.450000000000003,2.9160000000000004,0.3809440863960982,18.7,39.5,16.8,46.5,53.8,23.9,49.1,27.9
2522,A. Sanabria,Cremonese,Serie A,29.0,234523.0,2028-06-30 00:00:00,ST,,FW,transfermarkt_profile_and_lineups,95.0,,Centre-Forward,25.0,1.0,1.0,940.0,1.02,1.02,958.8000000000001,10.0,4.7787,2428.722,26.85,1.734,0.1627659574468085,10.8,9.1,24.1,13.6,45.8,10.4,24.9,38.5
15811,A. Dovbyk,AS Roma,Serie A,28.0,343537.0,2029-06-30 00:00:00,ST,,FW,transfermarkt_profile_and_lineups,95.0,,Centre-Forward,18.0,3.0,2.0,627.0,3.06,2.12,658.82,6.0,25.440800000000003,3349.357,36.0,4.5440000000000005,0.6207461825688352,29.0,62.6,15.4,81.5,64.3,37.4,75.5,25.5
93016,T. Dallinga,Bologna,Serie A,25.0,538964.0,2028-06-30 00:00:00,ST,,FW,transfermarkt_profile_and_lineups,95.0,,Centre-Forward,37.0,5.0,5.0,1338.0,5.34,5.26,1384.13,13.0,20.543499999999998,3406.571,34.0,9.021999999999998,0.5866356483856283,56.3,71.3,44.1,71.0,66.1,60.1,69.3,54.1
280339,A. Sieb,FSV Mainz 05,Bundesliga,22.0,569033.0,2026-06-30 00:00:00,ST,,FW,transfermarkt_profile_and_lineups,95.0,,Second Striker,26.0,2.0,0.0,729.0,2.0,0.0,702.75,7.0,4.255,1180.7,10.850000000000001,2.0,0.256136606189968,12.6,26.6,17.8,12.6,16.4,16.1,13.9,31.6
342177,N. Weiper,FSV Mainz 05,Bundesliga,20.0,796213.0,2029-06-30 00:00:00,ST,,FW,transfermarkt_profile_and_lineups,95.0,,Centre-Forward,26.0,1.0,0.0,641.0,0.75,0.0,620.25,11.0,3.1700000000000004,1059.035,15.15,0.75,0.10882708585247883,4.5,12.9,13.3,9.8,14.0,6.6,11.3,33.8
375990,P. Mboup,Stade Brestois 29,Ligue 1,22.0,979551.0,2030-06-30 00:00:00,LW,,W,transfermarkt_profile_and_lineups,95.0,,Left Winger,28.0,1.0,0.0,1048.0,0.98,0.0,1027.04,9.0,1.7755999999999998,1203.008,10.8,0.98,0.08587786259541984,10.1,8.4,27.7,10.2,16.0,9.7,12.2,40.8
351587,T. Oluwaseyi,Villarreal,La Liga,25.0,,,ST,W,FW,statistical_fallback,57.1,,,0.0,0.0,0.0,0.0,0.0,0.0,0.0,0.0,0.0,0.0,0.0,0.0,0.0,1.9,48.8,1.6,1.7,1.6,13.6,1.7,0.0
184459,Álex Sancris,Getafe,La Liga,28.0,560705.0,2028-06-30 00:00:00,RW,LW,W,transfermarkt_profile_and_lineups,95.0,,Right Winger,21.0,1.0,2.0,905.0,0.9,1.94,913.2,7.0,2.258,913.2,7.0,2.258,0.22253613666228644,22.9,31.9,24.1,12.7,11.4,25.2,12.2,33.3
94562,S. Giménez,AC Milan,Serie A,24.0,552955.0,2029-06-30 00:00:00,ST,,FW,transfermarkt_profile_and_lineups,95.0,,Centre-Forward,18.0,1.0,3.0,1037.0,0.9,2.94,1040.82,12.0,24.57975,2961.0735,37.45,2.9579999999999997,0.255779097250245,19.2,15.4,28.3,80.1,58.0,18.3,72.4,39.9
6662,S. Pierotti,Lecce,Serie A,24.0,674806.0,2027-06-30 00:00:00,RW,,W,transfermarkt_profile_and_lineups,95.0,,Right Winger,39.0,1.0,2.0,2743.0,1.02,2.04,2782.62,32.0,5.9058,3957.315,44.65,2.448,0.07917717834271298,25.2,1.8,82.8,30.4,71.4,19.3,44.8,99.6
30440,R. Piccoli,Fiorentina,Serie A,24.0,432092.0,2030-06-30 00:00:00,ST,,FW,transfermarkt_profile_and_lineups,95.0,,Centre-Forward,34.0,6.0,1.0,1807.0,5.88,1.02,1825.98,27.0,16.3611,4126.914000000001,52.1,6.593999999999999,0.3250090362435514,44.1,14.3,58.0,60.8,80.1,36.6,67.6,76.6
434410,I. Gueye,Udinese,Serie A,19.0,1178488.0,2030-06-30 00:00:00,ST,,FW,transfermarkt_profile,85.0,,Centre-Forward,24.0,1.0,0.0,575.0,1.02,0.0,576.58,2.0,1.02,576.58,2.0,1.02,0.1592146796628395,7.7,18.9,12.2,5.2,6.6,10.5,5.7,22.7
395040,G. Ilenikhena,Monaco,Ligue 1,19.0,1004834.0,2029-06-30 00:00:00,ST,,FW,transfermarkt_profile_and_lineups,95.0,,Centre-Forward,18.0,2.0,0.0,427.0,1.96,0.0,429.68,4.0,8.0474,1193.084,10.25,1.96,0.4105380748463973,11.9,45.1,5.6,29.4,17.5,20.2,25.2,19.4
579287,K. Tunde,Levante,La Liga,,1063340.0,2029-06-30 00:00:00,RW,LW,W,transfermarkt_profile_and_lineups,95.0,,Right Winger,21.0,0.0,1.0,1143.0,0.0,1.04,1188.72,17.0,0.728,1188.72,17.0,0.728,0.055118110236220465,7.8,4.5,34.3,5.1,15.4,7.0,8.7,48.2
26171,P. Tietz,FSV Mainz 05,Bundesliga,28.0,288340.0,2028-06-30 00:00:00,ST,,FW,transfermarkt_profile_and_lineups,95.0,,Centre-Forward,31.0,6.0,4.0,1931.0,6.0,4.0,1918.8,25.0,17.5015,3763.28,46.95,8.8,0.4127579737335836,54.9,40.2,61.5,63.6,73.4,51.2,67.1,76.0
69971,T. Moffi,Nice,Ligue 1,26.0,538874.0,2027-06-30 00:00:00,ST,,FW,transfermarkt_profile_and_lineups,95.0,,Centre-Forward,28.0,5.0,1.0,1300.0,4.94,0.78,1251.77,14.0,9.6706,1856.871,20.9,5.486000000000001,0.39443348218922014,35.7,37.8,39.9,34.6,30.8,36.2,33.3,51.0
98936,L. Foster,Burnley,Premier League,25.0,467623.0,2028-06-30 00:00:00,ST,RW,FW,transfermarkt_profile_and_lineups,95.0,,Centre-Forward,27.0,3.0,3.0,1462.0,3.24,3.06,1562.76,16.0,7.6823999999999995,2193.426,22.9,5.382,0.30995162404975807,35.0,14.7,50.3,26.9,39.2,29.9,31.2,55.9
21104,R. Kolo Muani,Tottenham,Premier League,27.0,487969.0,2028-06-30 00:00:00,ST,RW,FW,transfermarkt_profile_and_lineups,95.0,,Centre-Forward,44.0,7.0,5.0,2435.0,7.38,5.13,2588.37,29.0,21.6015,4279.42,45.8,10.971,0.38147173703914045,68.2,32.5,79.7,73.4,81.5,59.3,76.2,93.6
20649,Y. Wissa,Newcastle,Premier League,29.0,388165.0,2029-06-30 00:00:00,ST,,FW,transfermarkt_profile_and_lineups,95.0,,Centre-Forward,28.0,3.0,2.0,904.0,3.0300000000000002,2.2800000000000002,909.7800000000001,8.0,22.559400000000004,3475.4280000000003,35.400000000000006,4.626,0.45762711864406774,30.4,52.1,22.4,75.5,67.5,35.8,72.7,36.9
383665,T. Gomis,RB Leipzig,Bundesliga,19.0,955448.0,2029-06-30 00:00:00,LW,,W,transfermarkt_profile,85.0,,Left Winger,21.0,1.0,0.0,389.0,1.0,0.0,383.8,2.0,1.385,470.15000000000003,2.55,1.0,0.23449713392391872,11.4,40.7,4.2,8.1,4.5,18.8,6.9,17.8
200873,M. Bamba,Lorient,Ligue 1,24.0,619461.0,2028-06-30 00:00:00,ST,,FW,transfermarkt_profile_and_lineups,95.0,,Centre-Forward,18.0,1.0,2.0,677.0,0.98,1.96,663.4599999999999,7.0,5.3214,1001.2659999999998,11.2,2.352,0.3190546528803545,15.9,34.3,15.7,17.5,11.5,20.5,15.4,27.5
283026,M. Biereth,Monaco,Ligue 1,22.0,565821.0,2030-06-30 00:00:00,ST,,FW,transfermarkt_profile_and_lineups,95.0,,Centre-Forward,40.0,2.0,2.0,1186.0,1.96,1.96,1189.34,13.0,14.636600000000001,2464.1630000000005,35.650000000000006,3.332,0.25213984226545816,21.5,12.6,34.3,53.1,46.2,19.3,50.7,52.2
161948,L. Delap,Chelsea,Premier League,22.0,610849.0,2031-06-30 00:00:00,ST,,FW,transfermarkt_profile_and_lineups,95.0,,Centre-Forward,46.0,3.0,5.0,1900.0,3.0300000000000002,4.53,1904.73,20.0,14.160600000000002,3481.6290000000004,37.6,6.2010000000000005,0.29300215778614297,41.3,9.8,60.5,51.7,67.8,33.4,57.4,73.7
250,J. Piroe,Leeds,Premier League,26.0,369962.0,2027-06-30 00:00:00,ST,CAM,FW,transfermarkt_profile_and_lineups,95.0,,Centre-Forward,21.0,1.0,0.0,572.0,0.9,0.0,545.58,5.0,0.9,545.58,5.0,0.9,0.14846585285384362,4.9,19.2,10.8,3.8,5.6,8.5,4.5,24.5
184194,Álex Forés,Oviedo,La Liga,24.0,709380.0,2027-06-30 00:00:00,ST,,FW,transfermarkt_profile_and_lineups,95.0,,Centre-Forward,19.0,0.0,2.0,448.0,0.0,1.94,452.06,4.0,1.3579999999999999,452.06,4.0,1.3579999999999999,0.27036234128213066,8.4,35.0,6.3,5.6,4.2,15.0,5.1,20.3
1649,P. Cutrone,Parma,Serie A,27.0,265078.0,2029-06-30 00:00:00,ST,,FW,transfermarkt_profile_and_lineups,95.0,,Centre-Forward,17.0,1.0,0.0,936.0,1.02,0.0,949.6800000000001,11.0,7.4055,2141.706,24.200000000000003,1.02,0.09666413949962092,7.7,4.5,23.8,26.6,37.8,6.9,30.5,36.4
264122,N. Štulić,Lecce,Serie A,24.0,595650.0,2029-06-30 00:00:00,ST,,FW,transfermarkt_profile_and_lineups,95.0,,Centre-Forward,39.0,6.0,0.0,2142.0,5.61,0.0,2076.06,25.0,9.705000000000002,2797.599,35.3,5.61,0.2432010635530765,37.1,3.5,65.4,35.3,53.5,28.7,41.7,83.3
25391,N. Füllkrug,AC Milan,Serie A,32.0,75489.0,2028-06-30 00:00:00,ST,,FW,transfermarkt_profile_and_lineups,95.0,,Centre-Forward,29.0,1.0,0.0,1060.0,1.02,0.0,1104.66,8.0,10.767600000000002,2736.147,24.75,1.02,0.08310249307479224,7.7,1.7,29.7,37.4,52.8,6.2,42.8,40.5
123476,F. Stojilković,Pisa,Serie A,25.0,464195.0,2029-06-30 00:00:00,ST,,FW,transfermarkt_profile_and_lineups,95.0,,Centre-Forward,13.0,0.0,0.0,659.0,0.0,0.0,672.1800000000001,25.0,0.0,742.5300000000001,25.0,0.0,0.0,1.9,6.3,16.1,1.7,8.4,3.0,4.1,43.3
178921,A. Hountondji,FC St. Pauli,Bundesliga,23.0,704155.0,2028-06-30 00:00:00,ST,,FW,transfermarkt_profile_and_lineups,95.0,,Centre-Forward,23.0,4.0,0.0,1201.0,4.0,0.0,1188.4,17.0,4.7293,1341.211,18.4,4.0,0.302928306967351,25.9,19.9,33.9,13.3,19.2,24.4,15.4,50.1
22015,B. Dia,Lazio,Serie A,29.0,626913.0,2028-06-30 00:00:00,ST,,FW,transfermarkt_profile_and_lineups,95.0,,Centre-Forward,29.0,2.0,2.0,1293.0,1.92,2.04,1313.7,14.0,13.950600000000001,3338.116,37.400000000000006,3.348,0.2293674354875542,22.4,8.4,42.3,51.4,64.0,18.9,55.8,51.2
40405,S. Kulenović,Torino,Serie A,26.0,357778.0,2029-06-30 00:00:00,ST,,FW,transfermarkt_profile_and_lineups,95.0,,Centre-Forward,22.0,2.0,2.0,630.0,2.0,2.12,651.48,9.0,6.399,1031.5575,21.65,3.484,0.48130410757045494,22.7,52.8,14.7,22.4,13.3,30.2,19.2,30.1
8651,S. Essende,FC Augsburg,Bundesliga,27.0,395522.0,2029-06-30 00:00:00,ST,,FW,transfermarkt_profile_and_lineups,95.0,,Centre-Forward,16.0,2.0,0.0,462.0,1.9,0.0,456.2,12.0,12.2276,2099.023,33.95,1.9,0.37483559842174485,11.5,41.6,6.6,43.0,36.7,19.1,40.8,27.4
403277,L. Machine,Angers,Ligue 1,20.0,1096744.0,2028-06-30 00:00:00,ST,,FW,transfermarkt_profile_and_lineups,95.0,,Centre-Forward,22.0,1.0,0.0,505.0,0.98,0.0,494.9,3.0,0.98,498.673,3.0,0.98,0.1782178217821782,5.6,25.9,9.1,4.4,5.2,10.7,4.7,21.5
961,F. Mambimbi,Le Havre,Ligue 1,24.0,507496.0,2027-06-30 00:00:00,LW,CAM,W,transfermarkt_profile_and_lineups,95.0,,Left Winger,17.0,1.0,0.0,529.0,0.98,0.0,518.42,7.0,1.2687499999999998,572.4575,12.5,0.98,0.17013232514177695,10.1,32.5,9.3,7.5,6.0,15.7,7.0,24.2
185398,Isaac,Sevilla,La Liga,25.0,687609.0,2028-06-30 00:00:00,ST,RW,FW,transfermarkt_profile_and_lineups,95.0,,Centre-Forward,31.0,5.0,2.0,1670.0,5.0600000000000005,2.08,1711.6000000000001,20.0,12.7614,3363.362,39.650000000000006,6.516,0.34262678195840146,43.4,20.3,54.5,47.2,65.0,37.6,53.4,65.6
443163,Pablo García,Real Betis,La Liga,19.0,961087.0,2029-06-30 00:00:00,RW,,W,transfermarkt_profile_and_lineups,95.0,,Right Winger,25.0,2.0,1.0,714.0,1.8,0.9,724.12,5.0,2.43,744.712,5.0,2.43,0.30202176434845057,24.7,50.3,17.8,13.6,9.0,31.1,12.0,28.9
8489,J. David,Juventus,Serie A,25.0,533738.0,2030-06-30 00:00:00,ST,,FW,transfermarkt_profile_and_lineups,95.0,,Centre-Forward,46.0,8.0,5.0,2329.0,8.52,5.28,2429.28,27.0,36.6517,5296.044,60.1,12.216,0.45257854179016,72.4,53.8,76.2,92.0,93.0,67.7,92.3,89.4
1134,V. Bayo,Udinese,Serie A,28.0,375877.0,2028-06-30 00:00:00,ST,,FW,transfermarkt_profile_and_lineups,95.0,,Centre-Forward,16.0,0.0,2.0,471.0,0.0,2.04,477.54,4.0,1.428,477.54,4.0,1.428,0.26912928759894456,9.3,33.2,7.7,5.9,4.9,15.3,5.6,19.6
138822,A. Broja,Burnley,Premier League,24.0,571743.0,2030-06-30 00:00:00,ST,,FW,transfermarkt_profile_and_lineups,95.0,,Centre-Forward,26.0,1.0,2.0,990.0,1.08,1.83,1022.6700000000001,10.0,3.4086,1427.3190000000002,14.3,2.3609999999999998,0.2077796356595969,16.4,11.2,27.3,10.8,20.6,15.1,14.3,39.9
436260,F. Camarda,Lecce,Serie A,17.0,1058368.0,2028-06-30 00:00:00,ST,,FW,transfermarkt_profile_and_lineups,95.0,,Centre-Forward,23.0,1.0,1.0,787.0,1.02,0.9,789.78,8.0,1.65,928.191,8.55,1.65,0.18802704550634353,9.8,14.0,19.9,6.3,10.8,10.8,7.9,32.7
59421,D. Mosquera,Hellas Verona,Serie A,26.0,651569.0,2028-06-30 00:00:00,ST,,FW,transfermarkt_profile_and_lineups,95.0,,Centre-Forward,23.0,0.0,2.0,648.0,0.0,2.04,653.4,6.0,4.6257,1453.188,13.15,1.428,0.19669421487603306,9.3,19.6,15.0,12.9,21.7,11.8,16.0,27.8
334362,D. Downs,Hamburger SV,Bundesliga,21.0,820241.0,2029-06-30 00:00:00,ST,,FW,transfermarkt_profile_and_lineups,95.0,,Centre-Forward,15.0,0.0,0.0,657.0,0.0,0.0,627.0,7.0,0.6,678.9,7.0,0.0,0.0,1.9,7.7,13.6,3.5,7.3,3.4,4.8,26.0
188319,Kevin Carlos,Nice,Ligue 1,24.0,718201.0,2030-06-30 00:00:00,ST,,FW,transfermarkt_profile_and_lineups,95.0,,Centre-Forward,31.0,2.0,1.0,1446.0,2.2,0.98,1485.72,17.0,2.886,1485.72,17.0,2.886,0.17482432759874,18.2,2.1,48.3,9.4,22.7,14.2,14.1,58.1
331678,H. Meister,Pisa,Serie A,22.0,914934.0,2028-06-30 00:00:00,ST,,FW,transfermarkt_profile_and_lineups,95.0,,Centre-Forward,29.0,2.0,0.0,1582.0,2.04,0.0,1605.48,16.0,2.579,1637.281,16.0,2.04,0.11435832274459976,13.5,0.3,51.7,8.0,25.5,10.2,14.2,59.1
334334,K. Topp,Werder Bremen,Bundesliga,21.0,701757.0,2028-06-30 00:00:00,ST,,FW,transfermarkt_profile_and_lineups,95.0,,Centre-Forward,21.0,1.0,1.0,647.0,1.0,1.0,645.2,7.0,5.055,806.2950000000001,8.1,1.7,0.23713577185368875,10.3,25.5,14.0,15.7,9.4,14.1,13.5,28.1
203428,J. Russell-Rowe,Toulouse,Ligue 1,23.0,683625.0,2029-06-30 00:00:00,ST,,FW,transfermarkt_profile_and_lineups,95.0,,Centre-Forward,13.0,1.0,0.0,469.0,0.98,0.0,459.62,5.0,0.98,459.62,5.0,0.98,0.19189765458422176,5.6,28.7,7.3,4.4,4.5,11.4,4.4,19.4
341226,R. Durosinmi,Pisa,Serie A,22.0,935760.0,2030-06-30 00:00:00,ST,,FW,transfermarkt_profile_and_lineups,95.0,,Centre-Forward,22.0,5.0,1.0,1182.0,4.92,1.02,1201.3,26.0,7.691000000000001,1343.475,31.5,5.634,0.4220927328727213,37.8,44.1,35.3,27.3,19.6,39.3,24.6,58.3
386828,Lamine Yamal,Barcelona,La Liga,18.0,937958.0,2031-06-30 00:00:00,RW,,W,transfermarkt_profile_and_lineups,95.0,,Right Winger,45.0,24.0,18.0,3702.0,25.64,19.080000000000002,3895.6000000000004,42.0,63.27980000000001,7481.06,79.05,38.996,0.9009241195194577,99.4,99.1,97.6,99.1,99.7,99.3,99.3,100.0
513776,Y. Diomande,RB Leipzig,Bundesliga,19.0,1390649.0,2030-06-30 00:00:00,LW,RW,W,transfermarkt_profile_and_lineups,95.0,,Left Winger,36.0,13.0,10.0,2724.0,12.9,9.9,2699.9,31.0,21.374399999999998,3009.924,34.3,19.83,0.6610244823882365,94.3,95.5,80.7,85.8,55.4,94.6,75.2,98.5
1496,Raphinha,Barcelona,La Liga,29.0,411295.0,2028-06-30 00:00:00,LW,,W,transfermarkt_profile_and_lineups,95.0,,Left Winger,33.0,21.0,8.0,2194.0,21.02,8.37,2310.06,27.0,63.90814999999999,5649.0995,63.650000000000006,26.878999999999998,1.047206566063219,98.5,100.0,70.5,99.4,93.7,98.9,97.4,84.1
133609,Pedri,Barcelona,La Liga,23.0,683840.0,2030-06-30 00:00:00,CM,,CM,transfermarkt_profile_and_lineups,95.0,,Central Midfield,43.0,2.0,12.0,3094.0,2.08,12.51,3264.2000000000003,35.0,19.8283,6591.914000000001,72.1,10.837,0.29879602965504565,93.2,86.4,90.0,94.3,95.7,91.4,95.2,100.0
278,Kylian Mbappé,Real Madrid,La Liga,27.0,342229.0,2029-06-30 00:00:00,ST,,FW,transfermarkt_profile_and_lineups,95.0,,Centre-Forward,47.0,43.0,7.0,3756.0,46.55,7.300000000000001,3996.19,41.0,90.02879999999999,7685.172500000001,80.15,51.66,1.163458193929718,99.7,99.7,98.6,99.7,99.3,99.7,99.5,100.0
762,Vinícius Júnior,Real Madrid,La Liga,25.0,371998.0,2027-06-30 00:00:00,LW,ST,W,transfermarkt_profile_and_lineups,95.0,,Left Winger,59.0,23.0,15.0,4703.0,24.14,16.59,4886.95,54.0,64.6044,8233.461,88.15,35.753,0.6584413591299277,99.1,95.2,100.0,99.7,100.0,98.1,99.8,100.0
153,O. Dembélé,Paris Saint Germain,Ligue 1,28.0,288230.0,2028-06-30 00:00:00,ST,,FW,transfermarkt_profile_and_lineups,95.0,,Centre-Forward,40.0,20.0,11.0,2179.0,20.45,10.86,2219.84,25.0,54.9696,4764.165,52.400000000000006,28.052,1.1373252126279372,97.6,99.3,70.3,97.6,87.1,98.0,93.9,84.4
339883,K. Yıldız,Juventus,Serie A,20.0,845654.0,2030-06-30 00:00:00,LW,ST,W,transfermarkt_profile_and_lineups,95.0,,Left Winger,51.0,14.0,12.0,3946.0,13.65,12.24,4085.58,45.0,31.3557,6293.424,68.9,22.218,0.4894335687956177,96.4,85.2,98.5,93.1,97.3,93.6,94.5,100.0
897,M. Greenwood,Marseille,Ligue 1,24.0,532826.0,2029-06-30 00:00:00,RW,,W,transfermarkt_profile_and_lineups,95.0,,Right Winger,41.0,20.0,8.0,3232.0,20.03,8.06,3294.28,38.0,43.6012,5710.398,65.5,25.672,0.7013611472006022,97.9,97.9,94.3,97.9,94.3,97.9,96.6,100.0
22173,A. Saint-Maximin,Lens,Ligue 1,28.0,272642.0,,LW,ST,W,transfermarkt_profile_and_lineups,95.0,,Left Winger,10.0,3.0,3.0,403.0,2.94,2.94,394.94,4.0,8.3387,1213.3950000000002,15.0,4.997999999999999,1.1389578163771712,47.6,84.9,4.8,41.3,16.6,56.9,32.6,16.0
181421,A. Ezzalzouli,Real Betis,La Liga,24.0,724520.0,2029-06-30 00:00:00,LW,LM,W,transfermarkt_profile_and_lineups,95.0,,Left Winger,43.0,15.0,13.0,3171.0,15.700000000000001,13.56,3330.8,36.0,30.94445,5054.5145,58.1,25.192,0.6807013330130899,97.3,96.7,94.6,92.5,87.7,97.1,90.8,100.0
310943,Alisson Santos,Napoli,Serie A,23.0,830365.0,2030-06-30 00:00:00,LW,CAM,W,transfermarkt_profile_and_lineups,95.0,,Left Winger,43.0,7.0,3.0,1345.0,7.68,2.31,1314.57,11.0,9.297,1314.57,11.0,9.297,0.6365047125676078,74.1,90.4,38.6,44.9,18.4,78.2,35.6,53.4
350037,N. Paz,Como,Serie A,21.0,948294.0,2028-06-30 00:00:00,CAM,,AM,transfermarkt_profile_and_lineups,95.0,,Attacking Midfield,40.0,13.0,8.0,3291.0,13.14,8.040000000000001,3308.22,37.0,26.0283,4858.983,53.8,18.768,0.510582730290005,93.4,91.0,91.8,85.2,82.0,92.8,84.1,100.0
129718,J. Bellingham,Real Madrid,La Liga,22.0,581678.0,2029-06-30 00:00:00,CAM,CM,AM,transfermarkt_profile_and_lineups,95.0,,Attacking Midfield,46.0,9.0,6.0,3165.0,9.39,6.11,3205.07,36.0,37.65075,6836.754000000001,74.7,13.667000000000002,0.3837763293781415,84.4,75.4,89.3,94.3,95.9,82.2,94.8,100.0
129678,A. Ounahi,Girona,La Liga,25.0,593482.0,2030-06-30 00:00:00,CM,CAM,CM,transfermarkt_profile_and_lineups,95.0,,Central Midfield,24.0,5.0,3.0,1766.0,5.2,3.12,1836.64,20.0,10.456900000000001,3021.7120000000004,38.45,7.384,0.3618346545866365,83.5,93.2,44.4,78.1,45.9,62.0,57.2,65.0
3246,N. Pépé,Villarreal,La Liga,30.0,343052.0,2028-06-30 00:00:00,RW,ST,W,transfermarkt_profile_and_lineups,95.0,,Right Winger,46.0,8.0,11.0,3183.0,8.32,11.600000000000001,3383.58,36.0,22.2198,4502.0740000000005,48.15,16.44,0.4372883159257355,91.3,77.4,95.2,87.3,78.9,87.8,84.4,100.0
147859,C. De Ketelaere,Atalanta,Serie A,24.0,435772.0,2028-06-30 00:00:00,CAM,,AM,transfermarkt_profile_and_lineups,95.0,,Attacking Midfield,42.0,5.0,7.0,3039.0,5.46,7.5,3173.4,36.0,30.343200000000003,5810.147000000001,66.6,10.71,0.30374361883153717,78.7,49.2,88.5,90.2,91.8,71.3,90.7,100.0
483,K. Kvaratskhelia,Paris Saint Germain,Ligue 1,24.0,502670.0,2029-06-30 00:00:00,LW,RW,W,transfermarkt_profile_and_lineups,95.0,,Left Winger,52.0,19.0,12.0,3188.0,20.59,12.62,3213.51,40.0,44.9306,6036.115,71.85,29.424,0.8240708757713527,98.8,98.5,93.7,98.2,96.1,98.7,97.5,100.0
1922,F. Thauvin,Lens,Ligue 1,32.0,184892.0,2028-06-30 00:00:00,RW,CAM,W,transfermarkt_profile_and_lineups,95.0,,Right Winger,33.0,11.0,6.0,2462.0,10.78,5.88,2412.76,29.0,24.570700000000002,4117.372,49.05,14.895999999999999,0.5556458164094232,89.2,91.6,73.2,88.6,73.8,89.8,83.4,91.5
9971,Antony,Real Betis,La Liga,25.0,602105.0,2030-06-30 00:00:00,RW,,W,transfermarkt_profile_and_lineups,95.0,,Right Winger,46.0,14.0,10.0,3498.0,14.920000000000002,10.440000000000001,3650.2000000000003,42.0,27.1686,5171.212,61.75,22.228,0.5480576406772232,96.7,90.7,96.7,90.7,89.8,95.2,90.3,100.0
406244,J. Manzambi,SC Freiburg,Bundesliga,20.0,927353.0,2030-06-30 00:00:00,CM,ST,CM,transfermarkt_profile_and_lineups,95.0,,Central Midfield,46.0,7.0,9.0,3531.0,7.2,9.0,3590.1000000000004,42.0,15.370000000000001,3773.2500000000005,44.2,13.5,0.3384306843820506,95.3,91.0,95.0,91.0,63.1,95.1,72.9,100.0
161904,B. Barcola,Paris Saint Germain,Ligue 1,23.0,708265.0,2028-06-30 00:00:00,LW,RW,W,transfermarkt_profile_and_lineups,95.0,,Left Winger,52.0,13.0,9.0,3072.0,13.18,9.01,3142.05,36.0,38.3974,5726.9925,66.65,19.487,0.5581801689979471,94.0,92.5,92.5,96.4,94.6,93.6,95.8,100.0
39115,A. Dønnum,Toulouse,Ligue 1,27.0,476836.0,2027-06-30 00:00:00,RM,RW,W,transfermarkt_profile_and_lineups,95.0,,Right Midfield,28.0,4.0,4.0,2424.0,3.92,3.92,2375.52,28.0,10.241299999999999,4622.695,54.95,6.664,0.2524752475247525,60.2,28.0,71.4,48.2,80.7,52.2,59.6,87.9
41725,Fábio Vieira,Hamburger SV,Bundesliga,25.0,537598.0,2027-06-30 00:00:00,CAM,CM,AM,transfermarkt_profile_and_lineups,95.0,,Attacking Midfield,34.0,7.0,7.0,2667.0,7.0,6.65,2586.0,30.0,16.378300000000003,3769.4035000000003,44.35,11.655000000000001,0.4056264501160093,80.3,79.5,78.7,72.1,66.4,80.1,70.1,97.1
30558,N. Barella,Inter,Serie A,28.0,255942.0,2029-06-30 00:00:00,CM,,CM,transfermarkt_profile_and_lineups,95.0,,Central Midfield,48.0,3.0,10.0,3641.0,3.06,9.93,3696.36,44.0,17.123399999999997,6980.3745,80.2,10.011,0.24375060870694412,92.1,76.0,95.7,92.8,97.5,94.1,95.9,100.0
1417,A. Saelemaekers,AC Milan,Serie A,26.0,381950.0,2031-06-30 00:00:00,RM,,W,transfermarkt_profile_and_lineups,95.0,,Right Midfield,39.0,3.0,5.0,3077.0,3.06,4.98,3095.19,37.0,15.0731,4789.954,56.55,6.546,0.1903404960600157,59.3,10.5,91.6,69.3,82.8,47.1,74.0,99.6
319572,V. Barco,Strasbourg,Ligue 1,21.0,849410.0,2029-06-30 00:00:00,CM,,CM,transfermarkt_profile_and_lineups,95.0,,Central Midfield,29.0,2.0,4.0,2349.0,1.96,3.92,2261.08,32.0,5.8050999999999995,3244.7380000000003,43.35,4.704,0.18723795708245616,65.4,59.5,60.2,53.0,51.6,62.6,52.1,88.7
343027,D. Doué,Paris Saint Germain,Ligue 1,20.0,914562.0,2029-06-30 00:00:00,RW,ST,W,transfermarkt_profile_and_lineups,95.0,,Right Winger,44.0,13.0,10.0,2824.0,13.61,10.68,2775.5299999999997,33.0,34.6914,4819.144,54.150000000000006,21.086,0.6837396821507965,95.5,97.0,82.5,95.2,84.0,95.9,91.3,100.0
380587,I. Maza,Bayer Leverkusen,Bundesliga,20.0,905011.0,2030-06-30 00:00:00,CAM,CM,AM,transfermarkt_profile_and_lineups,95.0,,Attacking Midfield,44.0,5.0,7.0,2944.0,4.8,7.4,3071.4,32.0,9.98,3071.4,32.0,9.98,0.2924399296737644,74.6,45.1,86.9,50.0,54.9,67.2,51.7,100.0
84128,Y. Gboho,Toulouse,Ligue 1,24.0,463613.0,2027-06-30 00:00:00,LW,,W,transfermarkt_profile_and_lineups,95.0,,Left Winger,31.0,8.0,3.0,2610.0,7.84,2.94,2557.8,30.0,16.2988,4553.2119999999995,54.15,9.898,0.3482758620689655,75.0,62.3,77.4,73.8,79.8,71.8,75.9,94.8
323936,M. Soulé,AS Roma,Serie A,22.0,668951.0,2029-06-30 00:00:00,RW,CAM,W,transfermarkt_profile_and_lineups,95.0,,Right Winger,42.0,7.0,8.0,2778.0,7.220000000000001,8.4,2871.2400000000002,37.0,21.8771,5128.918,61.0,13.100000000000001,0.41062398127638233,84.6,74.4,85.8,86.7,89.2,82.1,87.6,100.0
314511,A. Nusa,RB Leipzig,Bundesliga,20.0,894914.0,2029-06-30 00:00:00,LW,,W,transfermarkt_profile_and_lineups,95.0,,Left Winger,35.0,5.0,4.0,2325.0,4.9,3.9,2296.5,28.0,14.500700000000002,3960.08,46.5,7.630000000000001,0.2990202482037884,64.8,46.4,69.9,66.9,71.7,60.2,68.6,88.5
697,M. Solomon,Fiorentina,Serie A,26.0,396638.0,2028-06-30 00:00:00,LW,CAM,W,transfermarkt_profile_and_lineups,95.0,,Left Winger,29.0,3.0,5.0,1285.0,3.08,4.76,1298.23,13.0,6.8656,1362.382,13.6,6.412,0.44451291373639495,57.5,72.9,37.7,35.5,20.2,61.4,30.2,50.1
345388,Afonso Moreira,Lyon,Ligue 1,20.0,952282.0,2031-06-30 00:00:00,LW,,W,transfermarkt_profile_and_lineups,95.0,,Left Winger,34.0,6.0,10.0,2076.0,6.12,10.04,2077.32,21.0,13.148,2116.056,21.0,13.148,0.5696378025532898,84.9,93.4,63.6,62.0,34.0,87.0,52.2,76.0
377122,Endrick,Lyon,Ligue 1,19.0,971570.0,2030-06-30 00:00:00,ST,RW,FW,transfermarkt_profile_and_lineups,95.0,,Centre-Forward,21.0,6.0,7.0,1480.0,6.0,6.859999999999999,1466.16,17.0,14.9094,1934.804,21.4,10.802,0.6630790636765428,66.1,81.1,47.6,54.9,32.9,69.8,47.2,55.0
361348,M. Fofana,Lyon,Ligue 1,20.0,743386.0,2028-06-30 00:00:00,LW,,W,transfermarkt_profile_and_lineups,95.0,,Left Winger,16.0,2.0,1.0,921.0,1.96,0.98,922.62,11.0,13.9207,2573.892,29.45,2.646,0.25811276581908044,26.5,37.0,24.4,65.4,46.7,29.1,58.8,35.8
903,S. McTominay,Napoli,Serie A,29.0,315969.0,2028-06-30 00:00:00,CM,CDM,CM,transfermarkt_profile_and_lineups,95.0,,Central Midfield,44.0,14.0,4.0,3701.0,15.0,4.26,3848.7599999999998,41.0,31.401,6423.012000000001,67.25,17.982,0.42049387335141714,99.3,97.8,96.1,99.3,95.0,97.5,96.5,100.0
30531,J. Boga,Juventus,Serie A,28.0,216569.0,2029-06-30 00:00:00,LW,ST,W,transfermarkt_profile_and_lineups,95.0,,Left Winger,37.0,6.0,3.0,1688.0,6.04,2.98,1718.34,16.0,13.2511,2963.392,30.35,8.126,0.42560843604874465,69.6,75.6,49.7,63.0,55.1,71.1,60.2,64.3
70747,J. Enciso,Strasbourg,Ligue 1,21.0,660867.0,2029-06-30 00:00:00,CAM,ST,AM,transfermarkt_profile_and_lineups,95.0,,Attacking Midfield,27.0,3.0,6.0,1893.0,2.94,5.88,1855.14,30.0,10.5975,2785.2030000000004,40.65,7.055999999999999,0.3423137876386687,56.6,62.3,50.8,52.5,46.7,58.0,50.5,78.7
340626,Fermín,Barcelona,La Liga,22.0,636703.0,2031-06-30 00:00:00,CAM,LW,AM,transfermarkt_profile_and_lineups,95.0,,Attacking Midfield,48.0,13.0,17.0,3053.0,14.19,17.31,3216.62,34.0,38.8285,4991.5205000000005,50.150000000000006,26.307,0.7360614558138667,100.0,99.2,90.2,97.5,85.2,99.8,93.2,100.0
32862,T. Kubo,Real Sociedad,La Liga,24.0,405398.0,2029-06-30 00:00:00,RW,,W,transfermarkt_profile_and_lineups,95.0,,Right Winger,27.0,2.0,4.0,1746.0,2.08,4.16,1782.66,19.0,13.9116,4704.109,50.9,4.992,0.25202786846622466,47.0,28.3,53.3,65.1,81.6,42.3,70.9,64.7
383018,M. Palestra,Cagliari,Serie A,20.0,895937.0,2033-06-30 00:00:00,RB,RM,FB,transfermarkt_profile_and_lineups,95.0,,Right-Back,37.0,1.0,4.0,3085.0,1.02,4.08,3146.7,34.0,3.876,3366.7495,36.2,3.876,0.11085899513776339,72.6,58.6,84.0,49.1,47.6,82.3,47.9,98.9
8483,J. Dompé,Hamburger SV,Bundesliga,30.0,291222.0,2027-06-30 00:00:00,LW,,W,transfermarkt_profile_and_lineups,95.0,,Left Winger,21.0,3.0,0.0,1176.0,3.0,0.0,1172.2,12.0,3.0,1172.2,12.0,3.0,0.23033612011602117,29.5,29.2,34.0,16.6,15.1,29.4,16.0,43.8
274300,M. Akliouche,Monaco,Ligue 1,23.0,745200.0,2028-06-30 00:00:00,RW,CAM,W,transfermarkt_profile_and_lineups,95.0,,Right Winger,41.0,7.0,10.0,3245.0,7.08,10.459999999999999,3363.8,38.0,25.995199999999997,5705.793000000001,64.3,14.402,0.38533206492657107,88.0,69.0,94.9,89.5,94.0,83.2,91.0,100.0
336594,Pablo Barrios,Atletico Madrid,La Liga,22.0,775605.0,2030-06-30 00:00:00,CM,,CM,transfermarkt_profile_and_lineups,95.0,,Central Midfield,38.0,3.0,3.0,2696.0,2.54,3.14,2827.04,32.0,7.741999999999999,5197.079,58.35,4.7379999999999995,0.1508362103118456,66.3,45.9,78.9,65.6,86.7,73.2,79.3,99.2
552,David Neres,Napoli,Serie A,28.0,469822.0,2028-06-30 00:00:00,RW,CAM,W,transfermarkt_profile_and_lineups,95.0,,Right Winger,25.0,6.0,4.0,1368.0,5.3100000000000005,4.26,1395.6000000000001,14.0,15.669599999999999,2647.7970000000005,27.95,8.292,0.5347377472055029,70.5,84.6,40.7,72.0,48.5,74.0,63.8,51.2
128533,J. Leweling,VfB Stuttgart,Bundesliga,24.0,518505.0,2029-06-30 00:00:00,RW,LW,W,transfermarkt_profile_and_lineups,95.0,,Right Winger,49.0,11.0,12.0,3447.0,11.05,11.9,3455.5,37.0,26.582,5234.4475,58.35,19.380000000000003,0.5047605266965708,93.7,87.3,96.1,89.8,90.1,92.1,89.9,100.0
335056,Diego Moreira,Strasbourg,Ligue 1,21.0,655006.0,2029-06-30 00:00:00,LM,RW,W,transfermarkt_profile_and_lineups,95.0,,Left Midfield,28.0,4.0,8.0,2133.0,3.92,7.609999999999999,2070.1,28.0,12.9661,3539.316,45.150000000000006,9.247,0.40202405680884984,73.5,72.3,63.0,61.4,66.3,73.2,63.1,82.0
161585,Francisco Conceição,Juventus,Serie A,23.0,487474.0,2030-06-30 00:00:00,RW,ST,W,transfermarkt_profile_and_lineups,95.0,,Right Winger,45.0,6.0,5.0,2915.0,5.76,5.1,2992.11,36.0,17.325,4765.4580000000005,53.95,9.329999999999998,0.28063807814552266,74.4,38.0,89.2,78.6,82.5,65.3,80.0,100.0
340077,M. Fernandez-Pardo,Lille,Ligue 1,20.0,724129.0,2029-06-30 00:00:00,ST,LW,FW,transfermarkt_profile_and_lineups,95.0,,Centre-Forward,40.0,8.0,7.0,3011.0,7.84,7.1,3026.26,32.0,17.635399999999997,3993.9235000000003,42.25,12.809999999999999,0.380965283881755,74.8,31.8,90.2,64.3,78.7,64.1,69.4,100.0
17,C. Pulišić,AC Milan,Serie A,27.0,315779.0,2027-06-30 00:00:00,RW,ST,W,transfermarkt_profile_and_lineups,95.0,,Right Winger,34.0,10.0,4.0,1806.0,9.96,4.08,1805.34,20.0,34.2735,5002.263,56.85,12.816,0.638904583070225,84.3,94.9,53.6,94.6,86.7,87.0,91.8,69.5
2215,A. Laurienté,Sassuolo,Serie A,27.0,579930.0,2029-06-30 00:00:00,LW,,W,transfermarkt_profile_and_lineups,95.0,,Left Winger,39.0,7.0,9.0,2682.0,7.140000000000001,9.18,2727.48,34.0,16.3812,3663.876,44.8,13.565999999999999,0.44764397905759157,86.4,79.2,81.3,74.7,68.1,84.6,72.4,99.3
984,J. Brandt,Borussia Dortmund,Bundesliga,29.0,187492.0,,CAM,,AM,transfermarkt_profile_and_lineups,95.0,,Attacking Midfield,46.0,11.0,5.0,2451.0,11.5,4.75,2463.3,27.0,30.785,5438.91,60.650000000000006,14.825,0.54165144318597,86.9,93.4,73.8,91.0,89.3,88.5,90.4,91.9
203474,N. Zalewski,Atalanta,Serie A,23.0,550108.0,2029-06-30 00:00:00,LM,CAM,W,transfermarkt_profile_and_lineups,95.0,,Left Midfield,44.0,2.0,7.0,2566.0,2.04,7.2,2635.35,32.0,9.5261,3880.9979999999996,42.85,7.08,0.24178951562411066,61.7,24.4,79.8,45.5,70.2,52.4,54.1,97.3
183799,Nico Williams,Athletic Club,La Liga,23.0,709187.0,2035-06-30 00:00:00,LW,,W,transfermarkt_profile_and_lineups,95.0,,Left Winger,32.0,6.0,7.0,2101.0,6.24,6.86,2183.46,23.0,26.6436,4822.1525,52.15,11.042,0.45514000714462366,78.9,81.9,67.2,90.1,84.3,79.7,88.1,77.8
180496,G. Mikautadze,Villarreal,La Liga,25.0,729814.0,2031-06-30 00:00:00,ST,,FW,transfermarkt_profile_and_lineups,95.0,,Centre-Forward,44.0,16.0,6.0,2874.0,16.6,6.24,3016.1800000000003,31.0,38.3435,4793.043000000001,49.45,20.968,0.6256655769881108,90.9,82.2,89.9,93.0,87.8,88.7,91.2,100.0
432310,S. El Mala,1. FC Köln,Bundesliga,19.0,1168219.0,2030-06-30 00:00:00,LW,ST,W,transfermarkt_profile_and_lineups,95.0,,Left Winger,36.0,13.0,5.0,2038.0,13.0,5.0,2030.0,21.0,16.5,2030.0,21.0,16.5,0.7315270935960592,91.6,98.2,60.8,75.6,31.9,93.2,60.3,76.0
85041,A. Gouiri,Marseille,Ligue 1,25.0,418659.0,2029-06-30 00:00:00,ST,,FW,transfermarkt_profile_and_lineups,95.0,,Centre-Forward,26.0,8.0,3.0,1563.0,7.84,2.94,1552.6299999999999,18.0,22.1269,3396.8189999999995,38.75,9.898,0.5737490580498895,60.0,72.0,50.0,74.5,65.7,63.0,71.4,59.6
182219,Álex Baena,Atletico Madrid,La Liga,24.0,548111.0,2030-06-30 00:00:00,LW,CAM,W,transfermarkt_profile_and_lineups,95.0,,Left Winger,46.0,2.0,3.0,2305.0,2.08,3.12,2422.08,28.0,17.807599999999997,4901.948,56.2,4.263999999999999,0.15844233055885848,41.6,5.4,74.1,79.5,85.2,32.5,81.5,90.0
161622,M. Abline,Nantes,Ligue 1,22.0,659543.0,2028-06-30 00:00:00,ST,LW,FW,transfermarkt_profile_and_lineups,95.0,,Centre-Forward,32.0,6.0,5.0,2497.0,5.88,4.9,2447.06,27.0,16.5914,4256.728,48.75,9.31,0.34241089307168604,58.0,18.2,76.6,61.9,81.1,48.1,68.6,89.9
9363,Igor Paixão,Marseille,Ligue 1,25.0,653610.0,2030-06-30 00:00:00,LW,LM,W,transfermarkt_profile_and_lineups,95.0,,Left Winger,39.0,10.0,7.0,2523.0,10.68,7.08,2560.75,28.0,33.9654,5243.4565,65.55,15.636,0.5495421263301766,90.1,91.0,78.0,94.3,90.4,90.3,92.9,94.0
343202,Á. Rodríguez,Elche,La Liga,21.0,948275.0,2029-06-30 00:00:00,ST,,FW,transfermarkt_profile_and_lineups,95.0,,Centre-Forward,36.0,7.0,5.0,2321.0,7.28,5.2,2397.04,25.0,12.9055,2998.206,31.05,10.92,0.41000567366418583,67.1,39.2,73.4,47.9,59.1,60.1,51.8,85.8
41157,André Almeida,Valencia,La Liga,25.0,375382.0,2029-06-30 00:00:00,CAM,LW,AM,transfermarkt_profile_and_lineups,95.0,,Attacking Midfield,25.0,0.0,3.0,1188.0,0.0,2.98,1211.44,13.0,4.53,2724.164,30.35,2.086,0.15497259459816415,18.0,19.7,26.2,23.8,45.9,18.4,31.5,46.6
30438,N. Cambiaghi,Bologna,Serie A,25.0,459151.0,2029-06-30 00:00:00,LW,,W,transfermarkt_profile_and_lineups,95.0,,Left Winger,42.0,4.0,6.0,2167.0,4.16,6.28,2214.42,23.0,12.064800000000002,3384.534,34.45,8.556000000000001,0.34773891131763623,72.0,62.0,68.7,57.2,64.8,69.5,59.9,82.1
369674,J. Bahoya,Eintracht Frankfurt,Bundesliga,20.0,939964.0,2029-06-30 00:00:00,LW,CAM,W,transfermarkt_profile_and_lineups,95.0,,Left Winger,37.0,4.0,4.0,1646.0,3.9,4.0,1681.3,18.0,9.9835,2480.05,26.55,6.699999999999999,0.3586510438351275,60.8,65.1,48.2,47.6,44.6,61.9,46.5,65.4
7562,R. Schmid,Werder Bremen,Bundesliga,25.0,346853.0,2027-06-30 00:00:00,CAM,LW,AM,transfermarkt_profile_and_lineups,95.0,,Attacking Midfield,35.0,4.0,8.0,3083.0,4.0,8.0,3074.0,35.0,17.2915,5581.75,63.55,9.6,0.2810670136629798,73.0,38.5,87.7,73.0,91.0,64.3,79.3,98.1
323935,G. Simeone,Atletico Madrid,La Liga,23.0,742201.0,2030-06-30 00:00:00,RW,,W,transfermarkt_profile_and_lineups,95.0,,Right Winger,56.0,7.0,9.0,4014.0,7.46,8.94,4220.45,49.0,20.587200000000003,6096.863,72.0,13.718,0.2925327867881387,87.0,43.7,99.1,84.0,96.7,76.2,88.5,100.0
637,F. Nmecha,Borussia Dortmund,Bundesliga,25.0,406640.0,2030-06-30 00:00:00,CM,CDM,CM,transfermarkt_profile_and_lineups,95.0,,Central Midfield,47.0,6.0,3.0,3402.0,6.35,3.0,3466.8,39.0,13.622,5201.46,57.75,8.45,0.2193665628245067,87.5,69.5,93.2,87.8,87.1,90.6,87.3,100.0
359386,M. Godo,Strasbourg,Ligue 1,22.0,,,W,ST,W,statistical_fallback,55.9,,,0.0,0.0,0.0,0.0,0.0,0.0,0.0,0.0,0.0,0.0,0.0,0.0,0.0,3.2,48.8,1.5,2.1,1.5,14.6,1.9,0.0
10009,Rodrygo,Real Madrid,La Liga,24.0,412363.0,2028-06-30 00:00:00,RW,LW,W,transfermarkt_profile_and_lineups,95.0,,Right Winger,30.0,3.0,7.0,1199.0,2.99,7.3100000000000005,1201.94,11.0,27.103900000000003,4293.6630000000005,44.8,8.107,0.6070436128259313,69.0,87.7,34.9,90.4,75.9,73.6,85.3,46.7
47440,Brais Méndez,Real Sociedad,La Liga,28.0,309110.0,2028-06-30 00:00:00,CAM,,AM,transfermarkt_profile_and_lineups,95.0,,Attacking Midfield,31.0,6.0,2.0,1819.0,6.24,2.08,1871.04,23.0,18.7587,4488.938,52.55,7.696,0.3701898409440739,61.5,70.5,55.7,79.5,76.2,63.7,78.4,71.7
380978,A. Ouédraogo,RB Leipzig,Bundesliga,19.0,897424.0,2029-06-30 00:00:00,CM,,CM,transfermarkt_profile_and_lineups,95.0,,Central Midfield,20.0,4.0,4.0,960.0,4.0,3.9,959.5,13.0,6.73,1000.53,13.0,6.73,0.6312662845231892,80.3,96.8,15.8,58.1,7.5,44.8,25.2,40.1
126642,P. Wimmer,VfL Wolfsburg,Bundesliga,24.0,533295.0,2031-06-30 00:00:00,RW,LW,W,transfermarkt_profile_and_lineups,95.0,,Right Winger,27.0,4.0,6.0,1769.0,4.0,5.7,1755.5,22.0,12.275,3069.9049999999997,38.7,7.99,0.4096268869268015,67.8,73.5,51.2,58.7,56.9,69.2,58.1,68.2
24806,N. Nartey,VfB Stuttgart,Bundesliga,25.0,400546.0,2028-06-30 00:00:00,CM,CAM,CM,transfermarkt_profile_and_lineups,95.0,,Central Midfield,37.0,4.0,4.0,1491.0,4.0,4.1,1491.35,16.0,6.869999999999999,1504.385,16.0,6.869999999999999,0.4145908069869581,81.7,94.3,31.5,59.9,14.3,54.1,30.3,60.2
107,S. Diop,Nice,Ligue 1,25.0,569389.0,2027-06-30 00:00:00,LW,CAM,W,transfermarkt_profile_and_lineups,95.0,,Left Winger,40.0,8.0,2.0,2413.0,7.84,1.96,2386.9,28.0,15.1795,3347.768,36.95,9.212,0.34734592986719176,72.9,61.7,72.3,69.9,64.5,70.1,68.0,92.2
47336,Darder,Mallorca,La Liga,32.0,142021.0,2028-06-30 00:00:00,CM,CAM,CM,transfermarkt_profile_and_lineups,95.0,,Central Midfield,40.0,1.0,5.0,2720.0,1.04,5.2,2824.46,30.0,9.9424,5227.6385,56.75,4.68,0.1491258506050714,64.5,44.1,78.5,76.7,87.5,72.2,83.7,100.0
26315,N. González,Atletico Madrid,La Liga,27.0,486031.0,2029-06-30 00:00:00,LW,,W,transfermarkt_profile_and_lineups,95.0,,Left Winger,42.0,5.0,0.0,2070.0,5.2,0.0,2165.95,23.0,14.371300000000002,4122.1645,49.75,5.2,0.2160714697938549,50.3,17.5,66.3,66.3,74.1,42.1,69.0,80.2
873,F. Bernardeschi,Bologna,Serie A,31.0,197300.0,2027-06-30 00:00:00,RW,,W,transfermarkt_profile_and_lineups,95.0,,Right Winger,45.0,9.0,2.0,2119.0,9.58,2.04,2200.26,24.0,11.008,2200.26,24.0,11.008,0.4502740585203566,78.6,80.1,68.1,52.7,37.0,79.0,47.2,82.2
31624,Gabriel Strefezza,Parma,Serie A,28.0,457673.0,2029-06-30 00:00:00,RW,ST,W,transfermarkt_profile_and_lineups,95.0,,Right Winger,34.0,3.0,7.0,1848.0,2.8200000000000003,6.720000000000001,1737.66,22.0,13.3833,3646.257,44.650000000000006,7.524,0.3896964883809261,64.2,69.3,50.6,63.9,67.5,65.4,65.1,72.4
66387,P. Šulc,Lyon,Ligue 1,25.0,500053.0,2029-06-30 00:00:00,CAM,ST,AM,transfermarkt_profile_and_lineups,95.0,,Attacking Midfield,37.0,12.0,6.0,2226.0,11.879999999999999,6.24,2215.32,26.0,20.516,3017.2200000000003,50.75,16.247999999999998,0.6600942527490384,91.0,94.3,64.8,81.1,53.3,91.8,71.4,85.2
286639,Bryan Zaragoza,Celta Vigo,La Liga,24.0,713644.0,2029-06-30 00:00:00,LW,CAM,W,transfermarkt_profile_and_lineups,95.0,,Left Winger,32.0,2.0,5.0,1611.0,2.14,5.36,1693.2,19.0,11.1752,3330.0620000000004,36.8,5.8919999999999995,0.3131821403260099,54.2,52.7,48.8,53.0,63.0,53.8,56.5,63.8
875,P. Dybala,AS Roma,Serie A,32.0,206050.0,,ST,,FW,transfermarkt_profile_and_lineups,95.0,,Second Striker,27.0,3.0,8.0,1594.0,3.14,8.24,1638.52,17.0,22.1524,3677.955,41.2,8.908,0.48929521763542705,55.9,60.1,53.1,74.8,71.7,57.0,73.7,59.6
219,M. Politano,Napoli,Serie A,32.0,165895.0,2028-06-30 00:00:00,RW,RM,W,transfermarkt_profile_and_lineups,95.0,,Right Winger,44.0,2.0,6.0,2835.0,2.04,5.85,2891.88,33.0,14.807099999999998,5507.982,64.55,6.135,0.1909311589692518,55.4,11.4,87.3,68.7,93.1,44.4,77.2,100.0
347395,A. Vergara,Napoli,Serie A,22.0,703245.0,2030-06-30 00:00:00,CAM,,AM,transfermarkt_profile_and_lineups,95.0,,Attacking Midfield,19.0,3.0,4.0,926.0,3.12,3.96,955.38,12.0,5.8919999999999995,955.38,12.0,5.8919999999999995,0.5550461596432832,50.8,82.8,18.9,32.8,7.4,58.8,23.9,38.0
387643,B. Touré,1899 Hoffenheim,Bundesliga,19.0,1067904.0,,LW,LM,W,transfermarkt_profile_and_lineups,95.0,,Left Winger,32.0,5.0,12.0,2525.0,5.0,12.0,2505.1,31.0,14.554999999999998,2840.05,34.85,13.399999999999999,0.48141790746876373,85.8,84.0,76.2,67.5,52.7,85.4,62.3,93.4
20634,A. Claude-Maurice,FC Augsburg,Bundesliga,27.0,384593.0,2027-06-30 00:00:00,CAM,,AM,transfermarkt_profile_and_lineups,95.0,,Attacking Midfield,30.0,5.0,4.0,2121.0,5.0,4.0,2119.7,25.0,14.4,3540.4049999999997,41.6,7.8,0.33117894041609663,63.1,54.9,63.1,63.1,63.1,61.1,63.1,79.5
15286,Mousa Tamari,Rennes,Ligue 1,28.0,551505.0,2028-06-30 00:00:00,RW,LM,W,transfermarkt_profile_and_lineups,95.0,,Right Winger,33.0,6.0,9.0,2228.0,5.88,8.82,2183.44,25.0,16.3415,3662.554,42.65,12.053999999999998,0.49685816876122074,82.2,86.1,66.9,74.1,67.8,83.2,71.9,82.8
182519,Alberto Moleiro,Villarreal,La Liga,22.0,733576.0,2030-06-30 00:00:00,LW,,W,transfermarkt_profile_and_lineups,95.0,,Left Winger,45.0,10.0,6.0,2828.0,10.4,6.24,2968.04,34.0,20.6506,5141.869000000001,57.900000000000006,14.768,0.4478106764059784,88.9,79.5,88.9,84.3,89.5,86.5,86.1,100.0
347644,A. Atta,Udinese,Serie A,22.0,855308.0,2029-06-30 00:00:00,CM,CAM,CM,transfermarkt_profile_and_lineups,95.0,,Central Midfield,34.0,6.0,4.0,2721.0,6.0,4.08,2756.46,31.0,9.5616,3776.478,41.15,8.856,0.28915347946278924,88.5,84.9,76.0,75.3,63.8,81.6,67.8,97.8
263177,A. Grønbæk,Hamburger SV,Bundesliga,24.0,503866.0,2030-06-30 00:00:00,CAM,LM,AM,transfermarkt_profile_and_lineups,95.0,,Attacking Midfield,13.0,1.0,2.0,721.0,1.0,2.0,710.52,9.0,3.8552999999999997,1235.6490000000001,15.05,2.4,0.3040027022462422,21.3,50.0,9.8,20.5,10.7,28.5,17.0,28.6
7334,K. Adeyemi,Borussia Dortmund,Bundesliga,23.0,496094.0,2027-06-30 00:00:00,RW,ST,W,transfermarkt_profile_and_lineups,95.0,,Right Winger,44.0,10.0,8.0,2069.0,10.6,7.9,2088.65,26.0,28.9425,3924.255,46.55,16.13,0.6950422521724559,90.7,97.6,64.2,91.3,71.1,92.4,84.2,83.1
135749,Félix Correia,Lille,Ligue 1,24.0,479648.0,2029-06-30 00:00:00,LW,RW,W,transfermarkt_profile_and_lineups,95.0,,Left Winger,46.0,5.0,6.0,2820.0,5.02,6.0,2853.96,35.0,16.1074,4608.453,60.400000000000006,9.219999999999999,0.2907538998444266,73.2,43.1,84.9,73.5,80.4,65.7,75.9,100.0
30488,R. Orsolini,Bologna,Serie A,28.0,368482.0,2027-06-30 00:00:00,RW,,W,transfermarkt_profile_and_lineups,95.0,,Right Winger,51.0,14.0,1.0,2907.0,14.25,1.02,2960.29,33.0,29.8209,4926.142,56.6,14.964,0.4549419144745954,89.8,81.6,88.6,91.9,85.8,87.7,89.8,100.0
443162,Jesús Rodríguez,Como,Serie A,20.0,1190411.0,2030-06-30 00:00:00,LW,,W,transfermarkt_profile_and_lineups,95.0,,Left Winger,36.0,4.0,10.0,1940.0,3.84,10.08,1954.2,21.0,12.7869,2697.8,33.1,10.895999999999999,0.5018114829597788,78.3,86.7,59.3,60.8,49.4,80.4,56.8,74.0
197448,Yan Couto,Borussia Dortmund,Bundesliga,23.0,627228.0,2030-06-30 00:00:00,RB,RM,FB,transfermarkt_profile_and_lineups,95.0,,Right-Back,32.0,3.0,3.0,1749.0,3.2,3.0,1761.2,19.0,8.4125,3180.193,32.0,5.3,0.270838064955712,85.8,95.3,39.3,83.4,44.7,46.3,50.5,66.6
21497,L. Blas,Rennes,Ligue 1,28.0,288225.0,2027-06-30 00:00:00,RM,CM,W,transfermarkt_profile_and_lineups,95.0,,Right Midfield,32.0,5.0,4.0,1542.0,4.9,3.92,1511.16,15.0,16.6455,3332.864,35.6,7.644,0.4552529182879378,65.1,76.2,44.3,76.5,63.9,67.8,72.1,58.4
659,M. Caqueret,Como,Serie A,25.0,395237.0,2029-06-30 00:00:00,CM,CAM,CM,transfermarkt_profile_and_lineups,95.0,,Central Midfield,36.0,2.0,6.0,1851.0,2.04,6.0,1844.46,21.0,9.4515,3769.105,43.3,6.239999999999999,0.304479359812628,77.4,87.5,45.2,74.6,62.7,59.7,66.9,72.2
386287,E. Mbappé,Lille,Ligue 1,19.0,903666.0,2027-06-30 00:00:00,RW,RM,W,transfermarkt_profile_and_lineups,95.0,,Right Winger,20.0,3.0,1.0,601.0,2.94,0.98,594.02,4.0,3.626,778.3245,5.1,3.626,0.549375441904313,35.2,68.7,12.0,19.0,9.3,43.6,15.6,23.7
47317,Barrenetxea,Real Sociedad,La Liga,24.0,616369.0,2030-06-30 00:00:00,LW,RW,W,transfermarkt_profile_and_lineups,95.0,,Left Winger,34.0,4.0,5.0,1996.0,4.0200000000000005,5.2,2044.0600000000002,25.0,16.4231,3897.7750000000005,46.6,7.66,0.33726994315235365,65.4,59.6,61.4,75.3,70.5,63.9,73.6,78.4
18767,A. Lookman,Atletico Madrid,La Liga,28.0,406040.0,2030-06-30 00:00:00,LW,ST,W,transfermarkt_profile_and_lineups,95.0,,Left Winger,43.0,12.0,6.0,2621.0,12.5,6.6,2820.62,35.0,39.1421,5335.571,63.6,17.119999999999997,0.546262878374258,92.2,90.1,84.0,97.0,91.0,91.6,94.9,98.4
494131,L. Karl,Bayern München,Bundesliga,17.0,1075147.0,2029-06-30 00:00:00,CAM,RW,AM,transfermarkt_profile_and_lineups,95.0,,Attacking Midfield,39.0,9.0,8.0,1949.0,9.8,8.4,2015.8,24.0,15.68,2015.8,24.0,15.68,0.7000694513344579,89.3,98.4,58.2,68.9,27.9,91.6,54.5,78.3
279993,A. Kade,FC Augsburg,Bundesliga,21.0,654234.0,2029-06-30 00:00:00,CAM,RM,AM,transfermarkt_profile_and_lineups,95.0,,Attacking Midfield,29.0,6.0,1.0,1824.0,6.0,1.0,1816.3,20.0,6.7,1816.3,20.0,6.7,0.33199361338985856,54.1,56.6,49.2,39.3,21.3,54.7,33.0,68.0
46973,Josan,Elche,La Liga,36.0,277533.0,,RW,,W,transfermarkt_profile_and_lineups,95.0,,Right Winger,23.0,0.0,4.0,841.0,0.0,4.02,834.46,8.0,2.8139999999999996,834.46,8.0,2.8139999999999996,0.30350166574790877,28.0,50.9,21.1,14.8,10.2,33.7,13.2,33.8
786,N. Zaniolo,Udinese,Serie A,26.0,392085.0,2029-06-30 00:00:00,ST,,FW,transfermarkt_profile_and_lineups,95.0,,Second Striker,38.0,6.0,7.0,2450.0,6.0,6.9,2471.52,30.0,14.3919,3277.44,37.5,10.83,0.39437269372693723,66.4,35.7,76.9,52.1,63.6,58.7,56.1,94.2
346866,S. Mbangula,Werder Bremen,Bundesliga,21.0,654991.0,2030-06-30 00:00:00,LW,ST,W,transfermarkt_profile_and_lineups,95.0,,Left Winger,27.0,3.0,4.0,1199.0,3.0,4.0,1196.0,12.0,10.00255,1806.6815000000001,18.05,5.8,0.43645484949832775,53.0,71.1,34.6,47.9,26.5,57.5,40.4,46.5
22171,J. Makengo,Lorient,Ligue 1,27.0,322305.0,2027-06-30 00:00:00,CAM,,AM,transfermarkt_profile_and_lineups,95.0,,Attacking Midfield,31.0,4.0,2.0,1815.0,3.92,1.96,1778.7,23.0,5.292,1919.232,24.5,5.292,0.2677685950413223,45.9,35.2,48.4,27.9,23.0,43.2,26.1,71.6
313236,E. Nwaneri,Marseille,Ligue 1,18.0,890719.0,2030-06-30 00:00:00,CAM,RW,AM,transfermarkt_profile_and_lineups,95.0,,Attacking Midfield,21.0,3.0,1.0,837.0,2.71,0.98,812.06,7.0,7.923600000000001,1490.1979999999999,14.15,3.396,0.3763761298426225,33.6,59.8,12.3,44.3,15.6,40.2,34.2,31.9
271580,Martim Neto,Elche,La Liga,22.0,549027.0,2028-06-30 00:00:00,CM,CAM,CM,transfermarkt_profile_and_lineups,95.0,,Central Midfield,29.0,3.0,5.0,1529.0,2.98,5.2,1565.24,17.0,8.105899999999998,2593.826,31.55,6.619999999999999,0.3806445018016406,79.2,92.5,33.7,67.0,33.3,54.2,45.1,59.0
909,M. Rashford,Barcelona,La Liga,28.0,258923.0,2028-06-30 00:00:00,LW,,W,transfermarkt_profile_and_lineups,95.0,,Left Winger,49.0,14.0,14.0,2622.0,15.22,15.06,2775.38,26.0,38.1896,5107.8635,51.35,25.762,0.835409925847992,98.2,98.8,82.2,96.1,88.3,98.3,93.3,94.4
46933,Luis Rioja,Valencia,La Liga,32.0,278837.0,2027-06-30 00:00:00,RW,LW,W,transfermarkt_profile_and_lineups,95.0,,Right Winger,42.0,4.0,6.0,2859.0,4.02,6.24,2942.1400000000003,32.0,14.882799999999998,5413.7080000000005,59.75,8.387999999999998,0.25658874152827527,70.9,30.1,88.0,69.0,91.9,60.7,77.0,100.0
138776,L. Ramazani,Valencia,La Liga,24.0,518644.0,2028-06-30 00:00:00,LW,RW,W,transfermarkt_profile_and_lineups,95.0,,Left Winger,31.0,6.0,2.0,1465.0,6.24,1.94,1490.14,14.0,9.895999999999999,2006.0860000000002,19.1,7.598,0.4588964795254137,64.5,76.8,42.8,47.0,31.3,67.5,41.5,55.5
312840,E. Poku,Bayer Leverkusen,Bundesliga,21.0,718303.0,2030-06-30 00:00:00,RW,LM,W,transfermarkt_profile_and_lineups,95.0,,Right Winger,49.0,6.0,10.0,2820.0,5.75,9.53,2870.01,30.0,17.7976,4340.053,48.05,12.421,0.38950735363291417,83.1,70.2,85.5,79.2,77.1,79.9,78.5,100.0
2598,R. Dōan,Eintracht Frankfurt,Bundesliga,27.0,358504.0,2030-06-30 00:00:00,RW,CAM,W,transfermarkt_profile_and_lineups,95.0,,Right Winger,40.0,7.0,6.0,3057.0,6.8,6.2,3132.6,36.0,24.3595,5778.75,66.05,11.14,0.3200536295728788,79.5,55.1,92.2,88.3,95.2,73.4,90.7,100.0
2214,R. Del Castillo,Stade Brestois 29,Ligue 1,29.0,353399.0,2027-06-30 00:00:00,RW,,W,transfermarkt_profile_and_lineups,95.0,,Right Winger,32.0,9.0,3.0,2646.0,8.82,2.94,2593.08,32.0,19.6196,4221.415,50.35,10.878,0.3775510204081633,78.0,68.1,78.6,81.9,75.3,75.5,79.6,95.9
369544,Gessime Yassine,Strasbourg,Ligue 1,20.0,1151929.0,2030-06-30 00:00:00,RW,LW,W,transfermarkt_profile_and_lineups,95.0,,Right Winger,12.0,0.0,2.0,510.0,0.0,1.96,499.8,8.0,1.3719999999999999,499.8,8.0,1.3719999999999999,0.24705882352941172,14.2,40.1,8.1,7.8,5.4,20.6,7.0,22.9
315699,Javi Guerra,Valencia,La Liga,22.0,834764.0,2029-06-30 00:00:00,CM,,CM,transfermarkt_profile_and_lineups,95.0,,Central Midfield,40.0,4.0,6.0,2359.0,4.16,6.24,2412.9,28.0,12.9116,4776.9800000000005,54.6,8.527999999999999,0.3180902648265572,87.8,88.5,64.5,86.0,80.3,75.0,82.3,91.1
20844,H. Hassan,Oviedo,La Liga,23.0,620164.0,2027-06-30 00:00:00,RW,,W,transfermarkt_profile_and_lineups,95.0,,Right Winger,38.0,0.0,3.0,2024.0,0.0,3.12,2093.62,21.0,2.1839999999999997,2093.62,21.0,2.1839999999999997,0.09388523227710854,22.1,2.4,65.1,12.3,33.4,17.2,19.7,76.5
300885,N. Deossa,Real Betis,La Liga,25.0,907559.0,2030-06-30 00:00:00,CM,CDM,CM,transfermarkt_profile_and_lineups,95.0,,Central Midfield,33.0,0.0,1.0,1491.0,0.0,0.9,1533.0,19.0,0.63,1533.0,19.0,0.63,0.036986301369863014,7.9,7.2,31.9,3.9,14.7,21.1,10.9,61.7
31507,R. Sottil,Lecce,Serie A,26.0,386455.0,2027-06-30 00:00:00,LW,,W,transfermarkt_profile_and_lineups,95.0,,Left Winger,21.0,1.0,2.0,1072.0,1.02,2.04,1093.44,13.0,6.4155,2117.2425000000003,27.8,2.448,0.2014925373134328,25.2,24.1,29.5,33.1,34.3,24.9,33.6,42.7
25313,J. Beste,SC Freiburg,Bundesliga,26.0,342967.0,2030-06-30 00:00:00,RW,,W,transfermarkt_profile_and_lineups,95.0,,Right Winger,47.0,3.0,7.0,3113.0,3.1,7.4,3178.7000000000003,37.0,14.7463,4410.325000000001,49.9,8.28,0.23443546103753102,70.2,23.5,93.1,68.1,77.7,58.5,71.4,100.0
326068,K. Doumbia,Stade Brestois 29,Ligue 1,22.0,671594.0,2029-06-30 00:00:00,CAM,,AM,transfermarkt_profile_and_lineups,95.0,,Attacking Midfield,24.0,5.0,4.0,1766.0,4.9,3.92,1730.68,22.0,12.8086,2986.847,34.0,7.644,0.39750849377123443,60.7,78.7,47.5,58.2,52.5,65.2,56.2,67.0
39121,C. Ejuke,Sevilla,La Liga,27.0,500067.0,2027-06-30 00:00:00,LW,RW,W,transfermarkt_profile_and_lineups,95.0,,Left Winger,29.0,1.0,1.0,1016.0,1.04,1.04,1043.48,7.0,4.6696,1957.4180000000001,16.45,1.768,0.15248974585042357,18.7,17.2,28.3,24.1,30.4,18.3,26.3,38.6
52,Sergio Camello,Rayo Vallecano,La Liga,24.0,505674.0,2027-06-30 00:00:00,ST,LW,FW,transfermarkt_profile_and_lineups,95.0,,Centre-Forward,28.0,7.0,3.0,1192.0,6.85,2.84,1160.32,18.0,12.7792,2400.395,32.55,8.838,0.6855177881963597,55.2,78.3,32.2,47.6,43.7,61.0,46.2,52.8
285909,Pablo Torre,Mallorca,La Liga,22.0,720038.0,2029-06-30 00:00:00,CAM,,AM,transfermarkt_profile_and_lineups,95.0,,Attacking Midfield,38.0,4.0,5.0,1829.0,4.16,5.0600000000000005,1870.52,22.0,11.7132,2351.244,26.25,7.702,0.3705814425935034,62.3,71.3,54.9,54.1,39.3,64.5,48.9,73.5
278095,J. Rowe,Bologna,Serie A,22.0,672381.0,2029-06-30 00:00:00,LW,,W,transfermarkt_profile_and_lineups,95.0,,Left Winger,44.0,8.0,5.0,2519.0,8.36,5.26,2595.61,28.0,14.790899999999997,3023.576,31.3,12.041999999999998,0.4175434676241807,81.9,75.3,79.2,68.4,56.0,80.3,64.1,94.3
409216,Senny Mayulu,Paris Saint Germain,Ligue 1,19.0,903693.0,2027-06-30 00:00:00,CM,ST,CM,transfermarkt_profile_and_lineups,95.0,,Central Midfield,43.0,7.0,4.0,2322.0,7.07,3.92,2327.26,28.0,13.1724,2883.947,33.3,9.814,0.37952785679296674,91.4,94.6,63.1,86.4,40.5,75.8,56.6,90.3
84082,R. Faivre,Auxerre,Ligue 1,27.0,555076.0,2027-06-30 00:00:00,CAM,RM,AM,transfermarkt_profile_and_lineups,95.0,,Attacking Midfield,10.0,0.0,2.0,583.0,0.0,1.96,571.34,8.0,5.4193999999999996,1702.401,19.95,1.3719999999999999,0.21612349914236703,9.0,36.9,6.6,29.5,18.9,16.0,25.8,23.6
23643,M. Guilavogui,Lens,Ligue 1,27.0,691786.0,2029-06-30 00:00:00,RW,LW,W,transfermarkt_profile_and_lineups,95.0,,Right Winger,16.0,1.0,0.0,481.0,0.98,0.0,471.38,12.0,6.8260000000000005,1751.6259999999997,25.25,0.98,0.18711018711018712,10.1,34.6,7.5,35.2,25.3,16.2,31.8,27.8
46790,Víctor García,Levante,La Liga,28.0,590690.0,2027-06-30 00:00:00,RW,,W,transfermarkt_profile_and_lineups,95.0,,Right Winger,23.0,2.0,2.0,1220.0,2.08,1.94,1243.6000000000001,14.0,3.4379999999999997,1243.6000000000001,14.0,3.4379999999999997,0.24880990672241873,33.4,32.8,36.4,18.1,17.5,33.3,17.9,47.5
273732,T. Dolan,Espanyol,La Liga,24.0,647435.0,2028-06-30 00:00:00,RW,LW,W,transfermarkt_profile_and_lineups,95.0,,Right Winger,38.0,2.0,6.0,2464.0,2.08,6.24,2558.2200000000003,28.0,6.4479999999999995,2558.2200000000003,28.0,6.4479999999999995,0.22684522832281817,58.3,19.9,77.7,33.9,45.8,48.7,38.0,92.4
18906,Ayoze Pérez,Villarreal,La Liga,32.0,246968.0,2028-06-30 00:00:00,ST,,FW,transfermarkt_profile_and_lineups,95.0,,Centre-Forward,33.0,7.0,5.0,1583.0,7.0,5.0600000000000005,1663.68,17.0,28.306200000000004,3673.996,39.25,10.542,0.5702899596076167,65.0,72.7,53.5,84.6,71.0,67.0,79.8,61.6
288769,T. Baldanzi,Genoa,Serie A,22.0,641537.0,2027-06-30 00:00:00,CAM,ST,AM,transfermarkt_profile_and_lineups,95.0,,Attacking Midfield,18.0,1.0,2.0,784.0,1.02,2.04,799.6800000000001,8.0,4.9322,2004.0300000000002,19.1,2.448,0.2755102040816326,23.4,44.3,11.5,27.0,26.2,28.6,26.8,30.7
8959,A. Beck,1. FC Heidenheim,Bundesliga,28.0,273669.0,2028-06-30 00:00:00,CAM,RW,AM,transfermarkt_profile_and_lineups,95.0,,Attacking Midfield,24.0,1.0,1.0,860.0,1.0,1.0,860.0,9.0,5.97025,2118.9525000000003,25.8,1.7,0.17790697674418604,14.3,27.9,14.8,34.4,32.0,17.7,33.6,35.5
2781,M. Simon,Paris FC,Ligue 1,30.0,274862.0,2028-06-30 00:00:00,LW,,W,transfermarkt_profile_and_lineups,95.0,,Left Winger,29.0,3.0,3.0,2021.0,2.94,2.94,1980.58,25.0,15.1998,3922.597,48.35,4.997999999999999,0.22711528946066303,47.6,20.2,59.9,70.2,70.8,40.7,70.4,77.0
419035,M. Coulibaly,Monaco,Ligue 1,21.0,745173.0,2028-06-30 00:00:00,CM,CDM,CM,transfermarkt_profile_and_lineups,95.0,,Central Midfield,34.0,3.0,4.0,1898.0,2.94,4.14,1973.56,20.0,5.837999999999999,2011.143,20.3,5.837999999999999,0.26622955471330995,74.9,81.4,50.2,53.8,21.9,61.3,33.0,71.4
274312,M. Cho,Nice,Ligue 1,21.0,670847.0,2028-06-30 00:00:00,RW,ST,W,transfermarkt_profile_and_lineups,95.0,,Right Winger,31.0,5.0,4.0,1942.0,5.02,4.04,1934.48,23.0,12.490599999999999,3332.422,39.3,7.847999999999999,0.36512137628716756,66.9,66.9,58.7,59.0,63.6,66.9,60.6,74.2
7332,L. Sučić,Real Sociedad,La Liga,23.0,502722.0,2029-06-30 00:00:00,CM,CAM,CM,transfermarkt_profile_and_lineups,95.0,,Central Midfield,28.0,4.0,3.0,1351.0,4.02,2.84,1358.56,13.0,8.5908,2770.2780000000002,28.950000000000003,6.007999999999999,0.3980096572841832,75.6,91.4,28.3,70.1,37.3,49.6,48.8,51.0
118956,L. Banda,Lecce,Serie A,24.0,545538.0,2027-06-30 00:00:00,LW,,W,transfermarkt_profile_and_lineups,95.0,,Left Winger,33.0,5.0,4.0,1805.0,5.1,4.08,1835.7,22.0,10.353,2657.94,31.25,7.9559999999999995,0.39006373590455956,67.5,70.5,55.1,49.1,48.8,68.2,49.0,71.1
199143,Y. Suzuki,SC Freiburg,Bundesliga,24.0,668606.0,,ST,,FW,transfermarkt_profile_and_lineups,95.0,,Second Striker,41.0,9.0,7.0,2951.0,9.3,7.2,2998.0,33.0,22.3878,4347.4585,52.8,14.34,0.43048699132755164,80.4,46.9,89.5,75.2,82.9,72.0,77.9,100.0
446249,I. Mbaye,Paris Saint Germain,Ligue 1,17.0,1185888.0,2028-06-30 00:00:00,RW,LW,W,transfermarkt_profile_and_lineups,95.0,,Right Winger,31.0,3.0,3.0,1139.0,2.94,2.71,1131.54,11.0,5.753299999999999,1312.644,13.2,4.837,0.3847234742032981,45.5,64.8,31.6,29.8,18.1,50.3,25.7,45.8
22097,A. Nordin,Rennes,Ligue 1,27.0,324811.0,,RW,LW,W,transfermarkt_profile_and_lineups,95.0,,Right Winger,26.0,1.0,2.0,1160.0,0.98,1.96,1135.42,15.0,7.4725,2175.633,27.200000000000003,2.352,0.1864332141410227,23.5,21.1,31.9,37.0,36.4,22.9,36.8,48.4
329720,Hugo Álvarez,Celta Vigo,La Liga,22.0,892929.0,2028-06-30 00:00:00,LW,,W,transfermarkt_profile_and_lineups,95.0,,Left Winger,38.0,4.0,3.0,1922.0,4.16,3.18,1967.98,20.0,10.4056,3192.726,32.6,6.386,0.29204565087043566,57.2,43.4,59.6,49.4,59.9,53.8,53.1,73.4
275651,A. Bonny,Inter,Serie A,22.0,827734.0,2030-06-30 00:00:00,ST,,FW,transfermarkt_profile_and_lineups,95.0,,Centre-Forward,47.0,7.0,9.0,1662.0,6.9,9.72,1702.5,15.0,18.6408,3159.516,32.05,13.704,0.7244405286343614,78.0,91.6,54.2,68.5,60.8,81.4,65.8,63.9
2063,André Silva,Elche,La Liga,30.0,198008.0,2027-06-30 00:00:00,ST,,FW,transfermarkt_profile_and_lineups,95.0,,Centre-Forward,32.0,10.0,0.0,1898.0,10.4,0.0,1967.6200000000001,23.0,13.8225,2695.696,31.05,10.4,0.47570160905052805,63.8,58.4,63.6,50.7,51.7,62.5,51.1,73.7
162126,Peque Fernández,Sevilla,La Liga,23.0,,,W,,W,statistical_fallback,60.1,,,0.0,0.0,0.0,0.0,0.0,0.0,0.0,0.0,0.0,0.0,0.0,0.0,0.0,3.2,48.8,1.5,2.1,1.5,14.6,1.9,0.0
183744,Beñat Turrientes,Real Sociedad,La Liga,23.0,634431.0,2030-06-30 00:00:00,CM,CDM,CM,transfermarkt_profile_and_lineups,95.0,,Central Midfield,34.0,3.0,4.0,1878.0,2.7,4.02,1878.7800000000002,22.0,5.732399999999999,3365.59,36.85,5.513999999999999,0.26413949477852644,72.8,81.0,47.0,52.3,56.3,58.6,54.9,73.0
290740,Ilias Akhomach,Rayo Vallecano,La Liga,21.0,709969.0,2028-06-30 00:00:00,RW,RM,W,transfermarkt_profile_and_lineups,95.0,,Right Winger,26.0,1.0,3.0,1074.0,0.9,3.44,1116.0600000000002,14.0,6.1498,2126.1760000000004,25.05,3.308,0.26675985162088056,31.6,37.3,30.4,32.2,34.9,33.1,33.2,45.6
342035,C. Volpato,Sassuolo,Serie A,22.0,746891.0,2028-06-30 00:00:00,CAM,RW,AM,transfermarkt_profile_and_lineups,95.0,,Attacking Midfield,26.0,2.0,4.0,1163.0,2.04,4.08,1174.38,12.0,5.391,1420.188,14.1,4.896,0.3752107495018648,44.3,65.6,24.6,28.7,13.1,49.6,23.2,45.4
48471,R. Vargas,Sevilla,La Liga,27.0,345886.0,2029-06-30 00:00:00,LW,RW,W,transfermarkt_profile_and_lineups,95.0,,Left Winger,25.0,3.0,6.0,1620.0,3.12,6.24,1683.4,20.0,11.5674,2887.991,34.4,7.4879999999999995,0.40033266009266955,63.9,71.4,48.5,55.1,53.3,65.7,54.5,62.4
134926,D. Maldini,Lazio,Serie A,24.0,539134.0,2029-06-30 00:00:00,CAM,ST,AM,transfermarkt_profile_and_lineups,95.0,,Attacking Midfield,25.0,2.0,3.0,1203.0,2.04,2.82,1210.44,15.0,9.210899999999999,2317.8990000000003,26.950000000000003,4.013999999999999,0.2984534549420045,39.3,47.5,25.4,47.5,35.2,41.4,43.2,48.9
199837,K. Sulemana,Atalanta,Serie A,23.0,746695.0,2029-06-30 00:00:00,LW,CAM,W,transfermarkt_profile_and_lineups,95.0,,Left Winger,37.0,3.0,2.0,1345.0,2.94,1.92,1417.1399999999999,12.0,6.1353,2328.0389999999998,22.450000000000003,4.284,0.27206909691350184,42.0,36.7,41.6,31.9,39.5,40.7,34.6,53.3
791,S. El Shaarawy,AS Roma,Serie A,33.0,94529.0,,LW,ST,W,transfermarkt_profile_and_lineups,95.0,,Left Winger,28.0,2.0,3.0,1065.0,2.12,3.06,1100.94,9.0,11.261800000000001,2818.044,26.549999999999997,4.2620000000000005,0.3484113575671699,41.3,58.4,29.8,53.3,52.1,45.6,52.9,41.2
322865,D. Karim,Lorient,Ligue 1,22.0,969447.0,2028-06-30 00:00:00,CAM,LW,AM,transfermarkt_profile_and_lineups,95.0,,Attacking Midfield,30.0,1.0,2.0,1361.0,0.98,1.96,1333.78,15.0,3.0812999999999997,1628.932,19.4,2.352,0.15870683321087434,19.7,16.4,29.5,10.7,18.0,18.9,13.2,54.0
45,T. Lemar,Girona,La Liga,30.0,205562.0,2027-06-30 00:00:00,CAM,,AM,transfermarkt_profile_and_lineups,95.0,,Attacking Midfield,28.0,3.0,2.0,1304.0,3.12,1.94,1349.8600000000001,14.0,4.478,1472.969,14.9,4.478,0.2985642955565762,41.0,46.7,30.3,23.0,14.8,42.4,20.1,51.1
608,L. Boyé,Alaves,La Liga,29.0,334222.0,2029-06-30 00:00:00,ST,,FW,transfermarkt_profile_and_lineups,95.0,,Centre-Forward,31.0,11.0,1.0,1998.0,11.440000000000001,1.04,2072.46,22.0,14.6952,2869.9320000000002,31.0,12.168000000000001,0.5284155062100113,72.0,66.8,65.0,54.2,55.9,70.7,54.8,74.3
414385,C. Echeverri,Girona,La Liga,19.0,994536.0,2028-06-30 00:00:00,CAM,ST,AM,transfermarkt_profile_and_lineups,95.0,,Attacking Midfield,29.0,2.0,2.0,933.0,1.79,2.24,974.47,9.0,3.358,984.37,9.0,3.358,0.3101378185064702,32.8,52.5,19.7,15.6,8.2,37.7,13.0,38.9
362564,A. Daghim,VfL Wolfsburg,Bundesliga,20.0,881297.0,2028-06-30 00:00:00,RW,ST,W,transfermarkt_profile_and_lineups,95.0,,Right Winger,34.0,2.0,3.0,1564.0,2.0,3.0,1527.25,14.0,5.227499999999999,1857.786,24.450000000000003,4.1,0.24161073825503354,40.1,27.4,44.9,26.5,28.3,36.9,27.1,58.6
430354,Livan Burcu,Union Berlin,Bundesliga,21.0,519872.0,,LW,ST,W,transfermarkt_profile_and_lineups,95.0,,Left Winger,19.0,1.0,1.0,652.0,1.0,1.0,651.3,6.0,1.7,651.3,6.0,1.7,0.23491478581298944,17.3,35.8,13.9,8.9,6.6,22.0,8.1,26.4
394950,A. Bulatović,Lens,Ligue 1,19.0,986291.0,2030-06-30 00:00:00,CM,,CM,transfermarkt_profile_and_lineups,95.0,,Central Midfield,19.0,0.0,4.0,753.0,0.0,3.92,737.94,6.0,2.7439999999999998,737.94,6.0,2.7439999999999998,0.3346613545816733,42.5,72.8,8.2,24.0,2.5,23.6,10.0,28.5
191289,A. Sbaï,Angers,Ligue 1,25.0,,,W,CAM,W,statistical_fallback,56.5,,,0.0,0.0,0.0,0.0,0.0,0.0,0.0,0.0,0.0,0.0,0.0,0.0,0.0,3.2,48.8,1.5,2.1,1.5,14.6,1.9,0.0
139001,Pablo Ibáñez,Alaves,La Liga,27.0,785353.0,2030-06-30 00:00:00,CM,,CM,transfermarkt_profile_and_lineups,95.0,,Central Midfield,41.0,1.0,1.0,2420.0,1.04,1.04,2492.7200000000003,30.0,3.4892000000000003,3723.8070000000002,42.7,1.768,0.06383388427099713,27.6,8.6,68.1,30.8,62.4,49.9,51.3,94.3
131546,Isi Palazón,Rayo Vallecano,La Liga,31.0,362086.0,2028-06-30 00:00:00,ST,CAM,FW,transfermarkt_profile_and_lineups,95.0,,Second Striker,37.0,4.0,4.0,2541.0,4.02,3.87,2595.92,38.0,12.7015,4778.387000000001,62.25,6.728999999999999,0.23329301365219263,45.1,3.1,80.8,45.8,87.4,34.6,60.4,95.6
270509,A. Diouf,Inter,Serie A,22.0,711976.0,2030-06-30 00:00:00,CM,RM,CM,transfermarkt_profile_and_lineups,95.0,,Central Midfield,29.0,4.0,0.0,905.0,4.02,0.0,888.03,8.0,5.6076,2593.8460000000005,29.05,4.02,0.4074186682882335,56.3,83.2,14.3,50.2,33.7,33.2,39.5,37.3
146586,J. Fujita,FC St. Pauli,Bundesliga,23.0,697277.0,,CM,CAM,CM,transfermarkt_profile_and_lineups,95.0,,Central Midfield,36.0,1.0,4.0,3069.0,1.0,3.9,3029.2,35.0,5.0287,4267.918,52.85,3.73,0.11082133896738414,53.4,23.7,86.0,46.2,71.7,71.3,62.8,98.5
335095,H. Bolin,Borussia Mönchengladbach,Bundesliga,22.0,667251.0,2030-06-30 00:00:00,LW,CAM,W,transfermarkt_profile_and_lineups,95.0,,Left Winger,26.0,2.0,3.0,1532.0,1.85,2.85,1494.25,17.0,3.8449999999999998,1494.25,17.0,3.8449999999999998,0.23158775305337126,37.7,25.3,43.4,20.2,22.0,34.6,20.8,58.0
183751,A. Rebbach,Alaves,La Liga,27.0,718034.0,2028-06-30 00:00:00,LW,,W,transfermarkt_profile_and_lineups,95.0,,Left Winger,33.0,2.0,6.0,1731.0,1.94,5.96,1766.92,18.0,7.342,2268.681,22.3,6.112,0.31132139542254317,55.1,52.1,52.4,36.7,38.3,54.4,37.3,65.6
281795,Y. Asprilla,Girona,La Liga,22.0,857818.0,2030-06-30 00:00:00,RW,ST,W,transfermarkt_profile_and_lineups,95.0,,Right Winger,24.0,1.0,1.0,925.0,0.9,1.04,898.6,9.0,3.7444,1860.2640000000001,18.35,1.6280000000000001,0.16305363899399067,16.0,22.6,23.2,19.9,28.6,17.6,22.9,36.8
339105,Joel Roca,Girona,La Liga,20.0,895326.0,2029-06-30 00:00:00,LW,,W,transfermarkt_profile_and_lineups,95.0,,Left Winger,33.0,3.0,1.0,1558.0,3.12,1.04,1607.72,17.0,3.848,1652.27,17.55,3.848,0.21541064364441567,38.0,19.3,46.4,20.5,23.8,33.3,21.6,61.1
1461,Denis Suárez,Alaves,La Liga,31.0,165007.0,2027-06-30 00:00:00,CAM,CM,AM,transfermarkt_profile_and_lineups,95.0,,Attacking Midfield,32.0,1.0,2.0,1581.0,1.04,2.08,1619.88,17.0,3.4684,2058.09,22.0,2.496,0.1386769390325209,24.6,7.4,43.4,17.2,29.5,20.3,21.5,61.2
20732,G. Perrin,Lille,Ligue 1,29.0,353404.0,2028-06-30 00:00:00,RW,LW,W,transfermarkt_profile_and_lineups,95.0,,Right Winger,35.0,3.0,4.0,1453.0,2.66,3.24,1315.14,16.0,14.4683,2774.213,33.05,4.928,0.33724166248460236,46.7,57.2,38.9,66.6,50.6,49.3,61.0,58.7
449249,Franco Mastantuono,Real Madrid,La Liga,18.0,1057316.0,2031-06-30 00:00:00,RW,,W,transfermarkt_profile_and_lineups,95.0,,Right Winger,38.0,3.0,1.0,1748.0,3.14,1.2,1765.03,20.0,3.98,1765.03,20.0,3.98,0.20294272618595716,39.2,14.8,51.8,21.4,25.6,33.1,22.9,69.9
31734,M. Felici,Cagliari,Serie A,24.0,600041.0,2027-06-30 00:00:00,LW,LM,W,transfermarkt_profile_and_lineups,95.0,,Left Winger,14.0,3.0,2.0,458.0,2.94,1.92,461.16,4.0,5.4620999999999995,1022.4570000000001,9.5,4.284,0.8360655737704917,42.0,77.7,6.9,27.4,13.6,50.9,22.6,18.6
286710,D. Scherhant,SC Freiburg,Bundesliga,23.0,820957.0,,LW,RW,W,transfermarkt_profile_and_lineups,95.0,,Left Winger,48.0,7.0,2.0,1829.0,7.0,2.0,1852.1,15.0,8.4,1852.1,15.0,8.4,0.40818530316937535,71.4,73.8,55.4,41.6,28.0,72.0,36.8,67.3
326073,R. Labeau Lascary,Stade Brestois 29,Ligue 1,22.0,917778.0,2028-06-30 00:00:00,ST,LW,FW,transfermarkt_profile_and_lineups,95.0,,Centre-Forward,27.0,5.0,1.0,1195.0,4.9,0.98,1171.1,12.0,7.041300000000001,1531.9274999999998,15.3,5.586,0.42928870292887034,36.4,46.5,32.9,24.5,23.4,38.9,24.1,46.5
47467,José Luis Morales,Levante,La Liga,38.0,252677.0,,ST,,FW,transfermarkt_profile_and_lineups,95.0,,Centre-Forward,23.0,2.0,2.0,612.0,1.94,1.94,599.24,4.0,6.583,1063.592,7.6,3.298,0.49532741472531877,20.6,53.5,12.6,22.7,14.3,28.8,19.8,25.1
286593,Nico Serrano,Athletic Club,La Liga,22.0,668183.0,2028-06-30 00:00:00,LW,RW,W,transfermarkt_profile_and_lineups,95.0,,Left Winger,24.0,2.0,0.0,577.0,2.24,0.0,595.6800000000001,5.0,3.0088000000000004,787.9405000000002,6.1,2.24,0.33843674456083805,22.6,53.3,12.3,16.9,9.6,30.3,14.3,25.8
85,C. Ngonge,Espanyol,La Liga,25.0,358032.0,2028-06-30 00:00:00,RW,ST,W,transfermarkt_profile_and_lineups,95.0,,Right Winger,32.0,1.0,4.0,1572.0,1.02,4.0,1593.48,19.0,7.5946,2339.0879999999997,26.35,3.82,0.21575419835831008,37.3,19.6,46.1,37.7,39.8,32.9,38.4,63.0
333116,R. Belahyane,Lazio,Serie A,21.0,982855.0,2029-06-30 00:00:00,CDM,CM,DM,transfermarkt_profile_and_lineups,95.0,,Defensive Midfield,14.0,0.0,2.0,612.0,0.0,2.04,623.4,4.0,2.2134,1696.995,14.200000000000001,1.428,0.20615976900866217,43.1,68.4,8.6,36.8,21.3,24.1,26.7,21.7
280358,J. Castrop,Borussia Mönchengladbach,Bundesliga,22.0,613192.0,2029-06-30 00:00:00,CM,LM,CM,transfermarkt_profile_and_lineups,95.0,,Central Midfield,28.0,3.0,1.0,1618.0,3.0,1.0,1615.6,20.0,3.7,1615.6,20.0,3.7,0.20611537509284478,52.9,63.8,35.8,32.3,16.8,43.5,22.2,63.5
323974,E. Saad,FC Augsburg,Bundesliga,26.0,,,W,,W,statistical_fallback,62.6,,,0.0,0.0,0.0,0.0,0.0,0.0,0.0,0.0,0.0,0.0,0.0,0.0,0.0,3.2,48.8,1.5,2.1,1.5,14.6,1.9,0.0
84086,Robert Navarro,Athletic Club,La Liga,23.0,563137.0,2030-06-30 00:00:00,RW,LW,W,transfermarkt_profile_and_lineups,95.0,,Right Winger,44.0,8.0,3.0,2038.0,8.64,3.44,2158.92,19.0,12.1504,3578.956,35.3,11.048,0.4605636151409038,79.2,82.5,66.0,57.8,67.2,80.0,61.1,75.5
744,Brahim Díaz,Real Madrid,La Liga,26.0,314678.0,2027-06-30 00:00:00,RW,ST,W,transfermarkt_profile_and_lineups,95.0,,Right Winger,46.0,2.0,10.0,1770.0,2.24,10.27,1876.88,17.0,21.30885,3778.1935000000003,36.25,9.428999999999998,0.4521386556412769,74.7,81.0,57.2,85.5,69.3,76.3,79.8,68.1
290549,J. Bakayoko,RB Leipzig,Bundesliga,22.0,565424.0,2030-06-30 00:00:00,RW,,W,transfermarkt_profile_and_lineups,95.0,,Right Winger,22.0,3.0,0.0,892.0,2.9,0.0,880.2,9.0,15.50525,3238.0110000000004,38.7,2.9,0.29652351738241306,28.3,46.7,22.3,71.4,60.8,32.9,67.7,35.4
138935,C. Chukwuemeka,Borussia Dortmund,Bundesliga,22.0,659459.0,2030-06-30 00:00:00,CM,CAM,CM,transfermarkt_profile_and_lineups,95.0,,Central Midfield,42.0,3.0,2.0,1286.0,3.2,2.4,1305.1,10.0,6.2508,1565.772,12.25,4.88,0.33652593670983066,67.0,84.6,26.2,55.9,15.4,44.6,29.6,51.2
39071,V. Boniface,Werder Bremen,Bundesliga,25.0,656681.0,2028-06-30 00:00:00,ST,,FW,transfermarkt_profile,85.0,,Centre-Forward,11.0,0.0,2.0,326.0,0.0,2.0,326.0,2.0,16.6485,1743.7025000000003,18.0,1.4,0.3865030674846625,8.7,43.7,3.8,62.2,27.6,17.5,50.1,12.8
181812,J. Musiala,Bayern München,Bundesliga,22.0,580195.0,2030-06-30 00:00:00,CAM,,AM,transfermarkt_profile_and_lineups,95.0,,Attacking Midfield,27.0,8.0,6.0,1215.0,7.65,6.1,1238.05,12.0,30.857,3802.3200000000006,40.05,11.92,0.8665239691450265,82.0,97.5,27.0,91.8,67.2,85.9,83.2,46.9
31057,H. Traorè,Marseille,Ligue 1,25.0,391065.0,2030-06-30 00:00:00,LW,CAM,W,transfermarkt_profile_and_lineups,95.0,,Left Winger,17.0,2.0,2.0,772.0,1.96,2.06,777.73,9.0,9.546600000000002,2081.396,25.1,3.402,0.3936841834569838,33.1,61.1,19.0,45.8,33.1,40.1,41.4,31.1
264470,Raul Moro,Osasuna,La Liga,23.0,624942.0,2031-06-30 00:00:00,LW,RW,W,transfermarkt_profile_and_lineups,95.0,,Left Winger,35.0,1.0,4.0,1468.0,0.9,3.7600000000000002,1398.88,16.0,8.6635,2785.3420000000006,30.85,3.532,0.2272389340043463,34.0,25.9,41.0,42.2,50.9,32.0,45.2,59.0
140831,Zito Luvumbo,Mallorca,La Liga,23.0,666547.0,2027-06-30 00:00:00,RW,ST,W,transfermarkt_profile_and_lineups,95.0,,Right Winger,24.0,0.0,2.0,984.0,0.0,2.08,995.3800000000001,10.0,6.0616,2585.11,27.0,1.456,0.13164821475215494,15.1,15.4,26.8,30.7,47.3,15.1,36.5,39.0
48392,E. Zhegrova,Juventus,Serie A,26.0,496857.0,2030-06-30 00:00:00,RW,,W,transfermarkt_profile,85.0,,Right Winger,27.0,0.0,0.0,525.0,0.0,0.0,559.32,1.0,8.2816,2156.6515,20.25,0.0,0.0,3.2,15.7,10.5,41.0,35.8,6.3,39.2,21.8
265741,G. Gocholeishvili,Hamburger SV,Bundesliga,24.0,540056.0,2029-12-31 00:00:00,RB,RM,FB,transfermarkt_profile_and_lineups,95.0,,Right-Back,31.0,0.0,1.0,1273.0,0.0,1.0,1222.98,13.0,2.3091999999999997,2197.014,27.150000000000002,0.7,0.05151351616543197,19.8,26.0,22.2,30.8,22.2,21.8,23.5,50.6
19625,D. Namaso,Auxerre,Ligue 1,25.0,392767.0,2029-06-30 00:00:00,LW,CAM,W,transfermarkt_profile_and_lineups,95.0,,Left Winger,31.0,3.0,3.0,2573.0,2.94,2.94,2511.19,30.0,7.9094,3284.8585000000003,39.7,4.997999999999999,0.17912623099008834,47.6,8.7,76.5,39.8,61.4,37.9,47.3,94.0
99576,O. Sahraoui,Lille,Ligue 1,24.0,580657.0,2029-06-30 00:00:00,LW,,W,transfermarkt_profile_and_lineups,95.0,,Left Winger,23.0,1.0,2.0,781.0,0.98,1.96,799.7,7.0,10.9893,2412.427,23.95,2.352,0.26469926222333373,23.5,39.2,19.6,52.4,42.8,27.4,49.0,31.5
584096,N. Mbala,Metz,Ligue 1,17.0,,,W,,W,statistical_fallback,58.5,,,0.0,0.0,0.0,0.0,0.0,0.0,0.0,0.0,0.0,0.0,0.0,0.0,0.0,3.2,48.8,1.5,2.1,1.5,14.6,1.9,0.0
47182,Tete Morente,Elche,La Liga,29.0,339816.0,2028-06-30 00:00:00,LW,RW,W,transfermarkt_profile_and_lineups,95.0,,Left Winger,31.0,1.0,2.0,1883.0,1.04,2.06,1928.4,21.0,4.9504,3096.369,34.2,2.482,0.11583696328562539,25.6,3.3,58.4,24.7,57.5,20.0,36.2,71.0
443676,Bahereba Guirassy,Nantes,Ligue 1,19.0,,,W,CAM,W,statistical_fallback,57.1,,,0.0,0.0,0.0,0.0,0.0,0.0,0.0,0.0,0.0,0.0,0.0,0.0,0.0,3.2,48.8,1.5,2.1,1.5,14.6,1.9,0.0
338958,R. Bardghji,Barcelona,La Liga,20.0,792331.0,2029-06-30 00:00:00,RW,,W,transfermarkt_profile_and_lineups,95.0,,Right Winger,28.0,2.0,4.0,872.0,1.79,3.74,889.1,10.0,6.946,1303.556,16.0,4.4079999999999995,0.44620402654369584,44.0,67.5,22.6,36.1,17.8,49.8,29.7,38.3
352375,Arthur,Bayer Leverkusen,Bundesliga,22.0,977464.0,2031-06-30 00:00:00,RB,RM,FB,transfermarkt_profile_and_lineups,95.0,,Right-Back,31.0,2.0,3.0,1713.0,1.9,3.0,1772.8,18.0,4.805,2392.885,24.1,3.9999999999999996,0.20306859205776173,74.3,85.8,39.9,60.1,26.9,45.1,31.9,64.5
386870,Julio Díaz del Romo,Atletico Madrid,La Liga,20.0,,,W,CAM,W,statistical_fallback,58.6,,,0.0,0.0,0.0,0.0,0.0,0.0,0.0,0.0,0.0,0.0,0.0,0.0,0.0,3.2,48.8,1.5,2.1,1.5,14.6,1.9,0.0
362750,T. Fernández,Oviedo,La Liga,21.0,1127730.0,2031-06-30 00:00:00,LW,,W,transfermarkt_profile_and_lineups,95.0,,Left Winger,16.0,0.0,4.0,822.0,0.0,4.16,854.88,9.0,2.912,854.88,9.0,2.912,0.30656934306569344,28.6,51.2,21.7,16.0,10.5,34.3,14.1,31.7
431149,Cyriaque Kalou Irié,SC Freiburg,Bundesliga,20.0,1145064.0,,RW,,W,transfermarkt_profile_and_lineups,95.0,,Right Winger,15.0,0.0,0.0,410.0,0.0,0.0,415.9,3.0,0.0,415.9,3.0,0.0,0.0,3.2,22.3,6.0,2.1,3.9,7.9,2.7,17.0
21641,G. Kyeremeh,Le Havre,Ligue 1,25.0,651973.0,2027-06-30 00:00:00,RW,ST,W,transfermarkt_profile_and_lineups,95.0,,Right Winger,13.0,1.0,1.0,374.0,0.98,0.98,366.52,3.0,1.666,366.52,3.0,1.666,0.40909090909090906,16.4,56.3,3.6,8.4,3.0,26.4,6.5,15.5
187987,Ramón Terrats,Espanyol,La Liga,25.0,783396.0,2029-06-30 00:00:00,CM,CAM,CM,transfermarkt_profile_and_lineups,95.0,,Central Midfield,31.0,1.0,2.0,1117.0,1.04,2.08,1148.52,13.0,6.809200000000001,2330.568,25.3,2.496,0.19559084735137394,37.6,58.8,21.5,59.5,29.4,28.8,39.9,47.4
30510,Álex Berenguer,Athletic Club,La Liga,30.0,338425.0,2027-06-30 00:00:00,LW,RW,W,transfermarkt_profile_and_lineups,95.0,,Left Winger,40.0,2.0,4.0,2821.0,2.08,4.32,2954.36,31.0,15.8844,5453.2285,57.6,5.104,0.1554854520099108,48.8,5.1,88.3,72.9,92.8,37.9,79.8,100.0
351913,J. El Abdellaoui,Celta Vigo,La Liga,19.0,960571.0,2029-06-30 00:00:00,RW,RB,W,transfermarkt_profile_and_lineups,95.0,,Right Winger,31.0,3.0,0.0,1169.0,3.18,0.0,1218.42,9.0,3.18,1218.42,9.0,3.18,0.23489437139902497,31.0,29.8,35.8,17.5,16.9,30.7,17.3,44.4
46667,Kike Barja,Osasuna,La Liga,28.0,298575.0,2028-06-30 00:00:00,RW,LW,W,transfermarkt_profile_and_lineups,95.0,,Right Winger,31.0,3.0,2.0,691.0,2.98,2.08,681.26,6.0,4.8364,1015.057,9.4,4.436,0.5860317646713443,44.6,74.1,15.7,24.4,13.3,52.0,20.5,31.7
491248,Jan Virgili,Mallorca,La Liga,19.0,1301775.0,2030-06-30 00:00:00,LW,,W,transfermarkt_profile_and_lineups,95.0,,Left Winger,34.0,2.0,6.0,1824.0,2.08,6.24,1893.0400000000002,19.0,6.4479999999999995,1893.0400000000002,19.0,6.4479999999999995,0.30655453661834925,58.3,51.5,57.8,33.9,29.2,56.6,32.3,68.9
47294,I. Williams,Athletic Club,La Liga,31.0,255508.0,2028-06-30 00:00:00,RW,ST,W,transfermarkt_profile_and_lineups,95.0,,Right Winger,39.0,4.0,6.0,2708.0,4.02,6.24,2784.52,33.0,23.788899999999998,5971.898,66.6,8.387999999999998,0.27111315415224163,70.9,34.3,83.1,88.0,95.8,61.8,90.7,99.6
136117,Rodrigo Riquelme,Real Betis,La Liga,25.0,461617.0,2030-06-30 00:00:00,LW,,W,transfermarkt_profile_and_lineups,95.0,,Left Winger,38.0,7.0,1.0,1432.0,6.640000000000001,1.04,1460.5400000000002,14.0,10.7189,2569.436,24.4,7.368,0.4540238541909157,63.6,75.9,42.2,51.2,46.4,66.6,49.5,57.4
6010,L. Beltrán,Valencia,La Liga,24.0,628366.0,2027-06-30 00:00:00,ST,,FW,transfermarkt_profile_and_lineups,95.0,,Centre-Forward,30.0,3.0,2.0,1604.0,2.84,2.08,1634.8400000000001,19.0,11.543099999999999,3409.2095000000004,45.15,4.295999999999999,0.2365002079714222,27.3,4.2,52.4,40.9,66.8,21.5,50.0,62.9
2292,R. Loftus-Cheek,AC Milan,Serie A,29.0,202886.0,2027-06-30 00:00:00,CM,ST,CM,transfermarkt_profile_and_lineups,95.0,,Central Midfield,32.0,3.0,1.0,1453.0,3.06,1.02,1429.32,16.0,7.7049,3127.1955,35.05,3.774,0.23763747796154816,53.9,70.6,29.4,65.2,49.8,40.4,55.2,57.6
161859,G. Oristanio,Parma,Serie A,23.0,613393.0,2027-06-30 00:00:00,CAM,RW,AM,transfermarkt_profile_and_lineups,95.0,,Attacking Midfield,21.0,1.0,0.0,903.0,1.02,0.0,915.66,8.0,4.7073,2604.594,27.85,1.02,0.10025555337133872,6.6,17.2,18.0,24.6,43.4,9.2,31.2,34.3
64302,C. Conteh,1. FC Heidenheim,Bundesliga,26.0,530298.0,2029-06-30 00:00:00,RW,LW,W,transfermarkt_profile_and_lineups,95.0,,Right Winger,10.0,1.0,0.0,462.0,0.9,0.0,456.3,4.0,0.9,456.3,4.0,0.9,0.1775147928994083,8.7,33.7,6.6,5.6,4.2,15.0,5.1,17.2
22842,J. Krasso,Paris FC,Ligue 1,28.0,358515.0,2027-06-30 00:00:00,ST,,FW,transfermarkt_profile_and_lineups,95.0,,Centre-Forward,25.0,2.0,2.0,1089.0,1.96,1.96,1067.22,12.0,3.332,1067.22,12.0,3.332,0.28099173553719003,21.5,17.8,29.4,10.1,14.7,20.6,11.7,43.6
293643,I. Osman,Auxerre,Ligue 1,21.0,1110406.0,2029-06-30 00:00:00,LW,RW,W,transfermarkt_profile_and_lineups,95.0,,Left Winger,15.0,0.0,2.0,697.0,0.0,1.96,677.14,7.0,6.1006,1778.977,21.95,1.3719999999999999,0.18235519981096965,14.2,30.7,15.1,31.3,25.9,18.3,29.4,26.8
266202,I. Chaira,Oviedo,La Liga,24.0,593412.0,2028-06-30 00:00:00,LW,RW,W,transfermarkt_profile_and_lineups,95.0,,Left Winger,37.0,6.0,2.0,2482.0,6.24,2.08,2578.34,30.0,7.696,2578.34,30.0,7.696,0.26863796085853686,66.0,33.4,78.3,38.0,47.0,57.8,41.1,94.4
48193,P. Almqvist,Parma,Serie A,26.0,300532.0,2027-06-30 00:00:00,RW,CAM,W,transfermarkt_profile_and_lineups,95.0,,Right Winger,14.0,0.0,1.0,531.0,0.0,1.02,532.14,5.0,3.1923,1829.8020000000001,18.3,0.714,0.1207576953433307,7.5,27.1,9.6,17.8,27.1,12.4,21.0,21.1
312615,Giovane,Hellas Verona,Serie A,22.0,1005165.0,2030-06-30 00:00:00,ST,,FW,transfermarkt_profile_and_lineups,95.0,,Centre-Forward,36.0,3.0,6.0,2022.0,3.06,6.12,2044.44,23.0,7.343999999999999,2044.44,23.0,7.343999999999999,0.32329635499207604,47.7,13.3,64.3,26.0,34.3,39.1,28.9,77.7
182674,Jofre Carreras,Espanyol,La Liga,24.0,628498.0,2029-06-30 00:00:00,RW,,W,transfermarkt_profile_and_lineups,95.0,,Right Winger,27.0,1.0,0.0,983.0,1.04,0.0,1013.64,10.0,4.3576,2263.416,24.3,1.04,0.09234047590860661,12.7,9.3,27.1,23.2,38.0,11.8,28.4,40.1
129791,Fábio Silva,Borussia Dortmund,Bundesliga,23.0,505653.0,2030-06-30 00:00:00,ST,,FW,transfermarkt_profile_and_lineups,95.0,,Centre-Forward,39.0,3.0,7.0,1181.0,3.2,7.2,1225.3,10.0,16.1692,2722.6240000000003,27.450000000000003,8.24,0.6052395331755489,51.4,71.0,37.4,60.1,52.4,56.3,57.4,48.7
463279,Paco Cortés,Levante,La Liga,18.0,1232057.0,2028-06-30 00:00:00,LW,,W,transfermarkt_profile_and_lineups,95.0,,Left Winger,15.0,1.0,0.0,714.0,0.9,0.0,708.54,7.0,0.9,708.54,7.0,0.9,0.11431958675586418,8.7,20.5,17.5,5.6,8.7,11.7,6.7,27.2
325594,F. Lemaréchal,Strasbourg,Ligue 1,22.0,659518.0,2029-06-30 00:00:00,CAM,CM,AM,transfermarkt_profile_and_lineups,95.0,,Attacking Midfield,17.0,0.0,4.0,793.0,0.0,3.46,729.87,11.0,6.2013,2056.344,27.4,2.4219999999999997,0.29865592502774463,22.1,48.4,10.7,36.9,28.7,28.7,34.0,33.5
6904,C. Metcalfe,FC St. Pauli,Bundesliga,26.0,522223.0,2027-06-30 00:00:00,CM,CAM,CM,transfermarkt_profile_and_lineups,95.0,,Central Midfield,28.0,0.0,2.0,688.0,0.0,2.0,676.8,4.0,1.4,907.7449999999999,6.2,1.4,0.18617021276595744,22.9,54.8,5.7,11.5,5.7,13.5,7.7,28.5
162931,Fran Pérez,Rayo Vallecano,La Liga,23.0,622988.0,2029-06-30 00:00:00,RW,LW,W,transfermarkt_profile_and_lineups,95.0,,Right Winger,35.0,5.0,1.0,1681.0,4.78,1.04,1667.3700000000001,22.0,6.6936,2796.402,34.55,5.508,0.2973065366415372,52.0,45.5,47.6,34.3,51.2,50.3,40.2,69.4
2061,Bryan Gil,Girona,La Liga,24.0,537382.0,2030-06-30 00:00:00,LW,RW,W,transfermarkt_profile_and_lineups,95.0,,Left Winger,30.0,0.0,3.0,1641.0,0.0,3.12,1699.08,20.0,5.5962,3085.947,36.0,2.1839999999999997,0.11568613602655554,22.1,4.2,49.1,28.6,57.2,17.7,38.6,64.7
347265,B. Domínguez,Bologna,Serie A,22.0,961022.0,2029-06-30 00:00:00,LW,,W,transfermarkt_profile_and_lineups,95.0,,Left Winger,20.0,0.0,3.0,677.0,0.0,3.06,693.84,7.0,5.4519,1492.0770000000002,15.8,2.142,0.27784503631961255,21.2,44.0,16.0,27.1,21.7,26.9,25.2,28.3
470282,Alexander Røssing-Lelesiit,Hamburger SV,Bundesliga,18.0,1213681.0,2030-06-30 00:00:00,LW,,W,transfermarkt_profile_and_lineups,95.0,,Left Winger,14.0,0.0,1.0,491.0,0.0,1.0,473.90000000000003,8.0,0.7,473.90000000000003,8.0,0.7,0.1329394387001477,7.1,31.0,7.8,4.7,5.1,13.1,4.8,23.3
406303,K. Páez,Strasbourg,Ligue 1,18.0,1052439.0,2027-06-30 00:00:00,CAM,RW,AM,transfermarkt_profile_and_lineups,95.0,,Attacking Midfield,16.0,1.0,0.0,438.0,0.98,0.0,425.1,10.0,0.98,425.1,10.0,0.98,0.2074805928016937,4.9,39.3,2.5,2.5,2.5,13.5,2.5,24.9
509470,Thiago Pitarch,Real Madrid,La Liga,18.0,1375227.0,2027-06-30 00:00:00,CM,LM,CM,transfermarkt_profile_and_lineups,95.0,,Central Midfield,16.0,0.0,2.0,817.0,0.0,2.08,884.88,11.0,1.456,884.88,11.0,1.456,0.14808787632221318,24.2,47.7,14.0,11.8,5.0,18.6,7.4,33.6
15884,J. Lindstrøm,VfL Wolfsburg,Bundesliga,25.0,513245.0,2028-06-30 00:00:00,RW,,W,transfermarkt_profile_and_lineups,95.0,,Right Winger,13.0,0.0,0.0,374.0,0.0,0.0,374.0,4.0,0.6048,1384.43,14.600000000000001,0.0,0.0,3.2,23.8,3.9,4.2,20.8,8.3,10.0,16.5
158065,Tiago Gouveia,Nice,Ligue 1,25.0,479638.0,2028-06-30 00:00:00,RW,LM,W,transfermarkt_profile_and_lineups,95.0,,Right Winger,28.0,2.0,1.0,980.0,2.2,0.75,990.3100000000001,10.0,4.6387,1190.266,11.5,2.725,0.24764972584342274,27.1,34.9,26.5,23.8,15.7,29.1,20.9,40.5
47225,Brugui,Levante,La Liga,29.0,557057.0,2028-06-30 00:00:00,LW,RW,W,transfermarkt_profile_and_lineups,95.0,,Left Winger,20.0,1.0,2.0,1093.0,1.04,1.94,1124.68,11.0,2.3979999999999997,1124.68,11.0,2.3979999999999997,0.19189458334815235,24.4,22.9,31.3,13.3,14.8,24.0,13.8,40.8
