league_id,league,season,team_id,team,player_id,name,firstname,lastname,age,nationality,height,weight,photo,position,appearances,lineups,minutes,rating,goals,assists,shots,shots_on_target,passes,key_passes,pass_accuracy,tackles,blocks,interceptions,dribble_attempts,successful_dribbles,duels_total,duels_won,fouls_drawn,fouls_committed,yellow_cards,red_cards
39,Premier League,2025,40,Liverpool,247,C. Gakpo,Cody Mathès,Gakpo,26.0,Netherlands,193,76,https://media.api-sports.io/football/players/247.png,Midfielder,36.0,32.0,2765.0,6.89,7.0,5.0,54.0,21.0,750.0,53.0,78.0,28.0,4.0,13.0,69.0,34.0,334.0,162.0,44.0,42.0,3.0,0.0
39,Premier League,2025,40,Liverpool,280,Alisson Becker,Alisson Ramsés,Becker,33.0,Brazil,193,91,https://media.api-sports.io/football/players/280.png,Goalkeeper,26.0,26.0,2351.0,6.78,0.0,0.0,,,816.0,,78.0,,,,,,14.0,11.0,7.0,1.0,1.0,0.0
39,Premier League,2025,40,Liverpool,284,J. Gomez,Joseph Dave,Gomez,28.0,England,188,80,https://media.api-sports.io/football/players/284.png,Defender,21.0,7.0,644.0,6.57,0.0,2.0,5.0,1.0,318.0,6.0,79.0,10.0,2.0,9.0,6.0,3.0,66.0,26.0,,14.0,4.0,0.0
39,Premier League,2025,40,Liverpool,289,A. Robertson,Andrew Henry,Robertson,31.0,Scotland,178,64,https://media.api-sports.io/football/players/289.png,Defender,24.0,11.0,1188.0,6.74,1.0,0.0,4.0,3.0,710.0,20.0,83.0,12.0,3.0,8.0,6.0,3.0,57.0,30.0,1.0,4.0,0.0,0.0
39,Premier League,2025,40,Liverpool,290,V. van Dijk,Virgil,van Dijk,34.0,Netherlands,195,92,https://media.api-sports.io/football/players/290.png,Defender,38.0,38.0,3431.0,7.28,6.0,0.0,26.0,14.0,2787.0,12.0,89.0,22.0,26.0,28.0,2.0,2.0,294.0,216.0,18.0,19.0,4.0,0.0
39,Premier League,2025,40,Liverpool,293,C. Jones,Curtis Julian,Jones,24.0,England,185,78,https://media.api-sports.io/football/players/293.png,Midfielder,34.0,18.0,1961.0,6.85,1.0,2.0,16.0,7.0,1644.0,21.0,91.0,40.0,6.0,18.0,35.0,22.0,202.0,102.0,29.0,17.0,2.0,0.0
39,Premier League,2025,40,Liverpool,306,Mohamed Salah,Mohamed,Salah Hamed Mahrous Ghaly,33.0,Egypt,175,71,https://media.api-sports.io/football/players/306.png,Midfielder,27.0,23.0,2148.0,6.93,7.0,7.0,45.0,19.0,793.0,49.0,76.0,17.0,1.0,4.0,72.0,19.0,201.0,60.0,16.0,10.0,1.0,0.0
39,Premier League,2025,40,Liverpool,1096,D. Szoboszlai,Dominik,Szoboszlai,25.0,Hungary,186,74,https://media.api-sports.io/football/players/1096.png,Midfielder,36.0,36.0,3244.0,7.19,6.0,7.0,47.0,23.0,2184.0,78.0,87.0,55.0,8.0,30.0,50.0,26.0,284.0,130.0,30.0,41.0,8.0,1.0
39,Premier League,2025,40,Liverpool,1145,I. Konaté,Ibrahima,Konaté,26.0,France,194,95,https://media.api-sports.io/football/players/1145.png,Defender,36.0,36.0,3100.0,7.07,1.0,0.0,9.0,4.0,2167.0,8.0,89.0,53.0,24.0,28.0,7.0,5.0,319.0,220.0,41.0,33.0,7.0,0.0
39,Premier League,2025,40,Liverpool,6716,A. Mac Allister,Alexis,Mac Allister,27.0,Argentina,176,69,https://media.api-sports.io/football/players/6716.png,Midfielder,37.0,31.0,2686.0,6.71,2.0,4.0,32.0,12.0,1436.0,36.0,86.0,53.0,9.0,21.0,27.0,11.0,250.0,113.0,32.0,35.0,7.0,0.0
39,Premier League,2025,40,Liverpool,8500,W. Endo,Wataru,Endo,32.0,Japan,178,76,https://media.api-sports.io/football/players/8500.png,Midfielder,8.0,1.0,206.0,6.73,0.0,1.0,,,94.0,1.0,85.0,7.0,,,1.0,,28.0,18.0,3.0,2.0,1.0,0.0
39,Premier League,2025,40,Liverpool,19035,H. Elliott,Harvey Daniel James,Elliott,22.0,England,170,64,https://media.api-sports.io/football/players/19035.png,Midfielder,1.0,0.0,8.0,6.5,0.0,0.0,,,8.0,,50.0,,,,1.0,,1.0,,,,0.0,0.0
39,Premier League,2025,66,Aston Villa,19035,H. Elliott,Harvey Daniel James,Elliott,22.0,England,170,64,https://media.api-sports.io/football/players/19035.png,Midfielder,4.0,1.0,109.0,6.55,0.0,0.0,1.0,,74.0,1.0,87.0,,1.0,,,,4.0,3.0,2.0,,0.0,0.0
39,Premier League,2025,40,Liverpool,24760,G. Mamardashvili,Giorgi,Mamardashvili,25.0,Georgia,197,90,https://media.api-sports.io/football/players/24760.png,Goalkeeper,10.0,10.0,868.0,6.74,0.0,0.0,,,288.0,,70.0,1.0,,1.0,,,8.0,5.0,2.0,1.0,0.0,0.0
39,Premier League,2025,40,Liverpool,30410,F. Chiesa,Federico,Chiesa,28.0,Italy,175,70,https://media.api-sports.io/football/players/30410.png,Attacker,26.0,1.0,400.0,6.58,2.0,1.0,11.0,5.0,113.0,3.0,71.0,8.0,2.0,4.0,11.0,2.0,54.0,20.0,7.0,11.0,3.0,0.0
39,Premier League,2025,40,Liverpool,152654,J. Frimpong,Jeremie Agyekum,Frimpong,25.0,Netherlands,171,63,https://media.api-sports.io/football/players/152654.png,Defender,21.0,12.0,1079.0,6.75,0.0,1.0,6.0,2.0,441.0,15.0,84.0,11.0,,6.0,33.0,18.0,118.0,57.0,21.0,8.0,1.0,0.0
39,Premier League,2025,40,Liverpool,174565,H. Ekitike,Hugo,Ekitike,23.0,France,190,76,https://media.api-sports.io/football/players/174565.png,Attacker,28.0,21.0,1810.0,6.93,11.0,4.0,48.0,19.0,400.0,21.0,76.0,11.0,2.0,3.0,72.0,38.0,239.0,92.0,12.0,35.0,0.0,0.0
39,Premier League,2025,40,Liverpool,203224,F. Wirtz,Florian Richard,Wirtz,22.0,Germany,176,70,https://media.api-sports.io/football/players/203224.png,Midfielder,33.0,27.0,2399.0,6.81,5.0,3.0,32.0,18.0,1422.0,61.0,84.0,34.0,2.0,11.0,74.0,39.0,248.0,99.0,19.0,22.0,1.0,0.0
39,Premier League,2025,40,Liverpool,206254,M. Kerkez,Miloš,Kerkez,22.0,Hungary,180,71,https://media.api-sports.io/football/players/206254.png,Defender,34.0,27.0,2301.0,6.62,2.0,1.0,7.0,2.0,1068.0,26.0,85.0,41.0,8.0,14.0,22.0,12.0,193.0,114.0,30.0,22.0,4.0,0.0
39,Premier League,2025,40,Liverpool,397997,T. Nyoni,Treymaurice,Nyoni,18.0,England,180,75,https://media.api-sports.io/football/players/397997.png,Midfielder,6.0,0.0,47.0,6.53,0.0,0.0,1.0,,21.0,1.0,95.0,1.0,,,1.0,,5.0,1.0,,1.0,0.0,0.0
39,Premier League,2025,63,Leeds,444291,Harry Gray,Harry,Gray,,England,,,https://media.api-sports.io/football/players/444291.png,Attacker,0.0,0.0,,,0.0,0.0,,,,,,,,,,,,,,,0.0,0.0
39,Premier League,2025,35,Bournemouth,1150,T. Adams,Tyler Shaan,Adams,26.0,USA,175,72,https://media.api-sports.io/football/players/1150.png,Midfielder,25.0,21.0,1778.0,6.85,2.0,2.0,8.0,6.0,1008.0,7.0,87.0,50.0,9.0,33.0,12.0,6.0,184.0,93.0,13.0,35.0,8.0,0.0
39,Premier League,2025,35,Bournemouth,2734,P. Billing,Philip,Anyanwu Billing,29.0,Denmark,193,83,https://media.api-sports.io/football/players/2734.png,Midfielder,0.0,0.0,,,0.0,0.0,,,,,,,,,,,,,,,0.0,0.0
39,Premier League,2025,35,Bournemouth,6610,M. Senesi,Marcos Nicolás,Senesi Barón,28.0,Argentina,185,80,https://media.api-sports.io/football/players/6610.png,Defender,37.0,37.0,3290.0,7.24,0.0,5.0,13.0,5.0,2319.0,24.0,77.0,62.0,47.0,55.0,9.0,6.0,374.0,196.0,37.0,34.0,8.0,0.0
39,Premier League,2025,35,Bournemouth,18869,A. Smith,Adam James,Smith,34.0,England,180,78,https://media.api-sports.io/football/players/18869.png,Defender,22.0,14.0,1095.0,6.54,0.0,2.0,,,363.0,5.0,77.0,15.0,9.0,9.0,1.0,1.0,89.0,39.0,11.0,19.0,3.0,0.0
39,Premier League,2025,35,Bournemouth,18870,D. Brooks,David Robert,Brooks,28.0,Wales,173,62,https://media.api-sports.io/football/players/18870.png,Midfielder,31.0,13.0,1220.0,6.66,1.0,3.0,31.0,13.0,445.0,26.0,77.0,19.0,,4.0,41.0,17.0,133.0,55.0,13.0,11.0,7.0,0.0
39,Premier League,2025,35,Bournemouth,19245,M. Tavernier,Marcus Joseph,Tavernier,26.0,England,178,70,https://media.api-sports.io/football/players/19245.png,Midfielder,34.0,31.0,2738.0,6.84,7.0,4.0,51.0,24.0,1127.0,55.0,83.0,40.0,6.0,17.0,89.0,39.0,319.0,138.0,35.0,30.0,6.0,0.0
39,Premier League,2025,35,Bournemouth,19281,A. Semenyo,Antoine Serlom,Semenyo,25.0,Ghana,185,79,https://media.api-sports.io/football/players/19281.png,Midfielder,20.0,20.0,1798.0,7.13,10.0,3.0,42.0,27.0,516.0,25.0,75.0,28.0,3.0,6.0,72.0,33.0,297.0,121.0,14.0,38.0,6.0,0.0
39,Premier League,2025,50,Manchester City,19281,A. Semenyo,Antoine Serlom,Semenyo,25.0,Ghana,185,79,https://media.api-sports.io/football/players/19281.png,Midfielder,17.0,17.0,1402.0,6.94,7.0,1.0,27.0,14.0,420.0,14.0,85.0,17.0,4.0,7.0,56.0,21.0,153.0,58.0,7.0,18.0,1.0,0.0
39,Premier League,2025,35,Bournemouth,20093,J. Hill,James Clayton,Hill,23.0,England,184,73,https://media.api-sports.io/football/players/20093.png,Defender,29.0,22.0,2120.0,6.98,0.0,3.0,10.0,2.0,1038.0,13.0,77.0,39.0,15.0,39.0,2.0,2.0,260.0,166.0,13.0,17.0,5.0,0.0
39,Premier League,2025,35,Bournemouth,22136,B. Diakité,Bafodé,Diakité,24.0,France,185,74,https://media.api-sports.io/football/players/22136.png,Defender,18.0,15.0,1286.0,6.66,0.0,0.0,1.0,,749.0,3.0,87.0,20.0,5.0,12.0,3.0,,111.0,60.0,5.0,8.0,1.0,0.0
39,Premier League,2025,35,Bournemouth,31057,H. Traorè,Hamed Junior,Traorè,25.0,Côte d'Ivoire,184,77,https://media.api-sports.io/football/players/31057.png,Midfielder,1.0,0.0,16.0,6.3,0.0,1.0,,,2.0,1.0,100.0,1.0,,,1.0,,4.0,1.0,,,0.0,0.0
39,Premier League,2025,35,Bournemouth,51051,J. Araujo,Julián Vicente,Araujo Zúñiga,24.0,Mexico,175,70,https://media.api-sports.io/football/players/51051.png,Defender,0.0,0.0,,,0.0,0.0,,,,,,,,,,,,,,,0.0,0.0
39,Premier League,2025,35,Bournemouth,118307,Đ. Petrović,Đorđe,Petrović,26.0,Serbia,194,89,https://media.api-sports.io/football/players/118307.png,Goalkeeper,38.0,38.0,3420.0,6.87,0.0,0.0,,,903.0,,64.0,,,,,,26.0,23.0,2.0,,3.0,0.0
39,Premier League,2025,35,Bournemouth,151756,W. Dennis,William Jonathan,Dennis,25.0,England,188,84,https://media.api-sports.io/football/players/151756.png,Goalkeeper,0.0,0.0,,,0.0,0.0,,,,,,,,,,,,,,,0.0,0.0
39,Premier League,2025,35,Bournemouth,152856,Evanilson,Francisco Evanilson,de Lima Barbosa,26.0,Brazil,183,80,https://media.api-sports.io/football/players/152856.png,Attacker,36.0,32.0,2759.0,6.61,6.0,1.0,57.0,22.0,465.0,31.0,76.0,13.0,6.0,8.0,32.0,16.0,284.0,113.0,37.0,26.0,2.0,0.0
39,Premier League,2025,35,Bournemouth,162267,A. Truffert,Adrien,Truffert,24.0,France,176,72,https://media.api-sports.io/football/players/162267.png,Defender,38.0,38.0,3380.0,6.83,1.0,5.0,11.0,6.0,1560.0,32.0,83.0,103.0,10.0,48.0,73.0,33.0,399.0,212.0,32.0,39.0,5.0,0.0
39,Premier League,2025,35,Bournemouth,304853,A. Scott,Alex Jay,Scott,22.0,England,178,68,https://media.api-sports.io/football/players/304853.png,Midfielder,37.0,34.0,2859.0,7.08,3.0,1.0,30.0,13.0,1393.0,28.0,84.0,60.0,15.0,36.0,52.0,29.0,333.0,185.0,60.0,45.0,5.0,0.0
39,Premier League,2025,35,Bournemouth,363333,J. Soler,Julio César,Soler Barreto,20.0,Argentina,170,63,https://media.api-sports.io/football/players/363333.png,Defender,3.0,0.0,34.0,6.4,0.0,0.0,,,23.0,,86.0,1.0,,,,,6.0,3.0,2.0,2.0,0.0,0.0
39,Premier League,2025,35,Bournemouth,368030,E. Kroupi,Eli Junior,Kroupi,19.0,France,179,70,https://media.api-sports.io/football/players/368030.png,Attacker,33.0,21.0,1690.0,6.8,13.0,0.0,33.0,22.0,466.0,22.0,76.0,9.0,,9.0,37.0,15.0,143.0,44.0,12.0,27.0,5.0,0.0
39,Premier League,2025,35,Bournemouth,402432,Ben Winterburn,Ben,Winterburn,21.0,England,185,75,https://media.api-sports.io/football/players/402432.png,Midfielder,1.0,0.0,13.0,6.2,0.0,0.0,,,1.0,,,,,,,,1.0,,,,0.0,0.0
39,Premier League,2025,40,Liverpool,452685,R. Ngumoha,Rio,Ngumoha,17.0,England,170,75,https://media.api-sports.io/football/players/452685.png,Attacker,19.0,5.0,582.0,6.98,2.0,1.0,12.0,6.0,192.0,16.0,86.0,4.0,1.0,3.0,42.0,29.0,82.0,45.0,12.0,4.0,0.0,0.0
39,Premier League,2025,66,Aston Villa,249,D. Malen,Donyell,Malen,26.0,Netherlands,176,68,https://media.api-sports.io/football/players/249.png,Attacker,21.0,5.0,680.0,6.6,4.0,1.0,21.0,9.0,94.0,7.0,77.0,4.0,,,20.0,8.0,57.0,21.0,6.0,2.0,0.0,0.0
39,Premier League,2025,66,Aston Villa,1904,B. Kamara,Boubacar Bernard,Kamara,26.0,France,184,68,https://media.api-sports.io/football/players/1904.png,Midfielder,18.0,17.0,1418.0,7.11,1.0,3.0,4.0,4.0,818.0,15.0,88.0,37.0,8.0,18.0,31.0,14.0,204.0,116.0,30.0,17.0,5.0,0.0
39,Premier League,2025,66,Aston Villa,2724,L. Digne,Lucas,Digne,32.0,France,178,74,https://media.api-sports.io/football/players/2724.png,Defender,31.0,21.0,1866.0,6.78,0.0,6.0,8.0,5.0,728.0,26.0,81.0,36.0,4.0,14.0,11.0,4.0,156.0,87.0,12.0,14.0,3.0,0.0
39,Premier League,2025,66,Aston Villa,2926,Y. Tielemans,Youri Marion A.,Tielemans,28.0,Belgium,176,72,https://media.api-sports.io/football/players/2926.png,Midfielder,25.0,21.0,1874.0,7.21,0.0,4.0,17.0,7.0,1128.0,32.0,84.0,58.0,14.0,18.0,17.0,9.0,214.0,129.0,41.0,25.0,0.0,0.0
39,Premier League,2025,66,Aston Villa,19071,E. Buendía,Emiliano,Buendía Stati,29.0,Argentina,172,72,https://media.api-sports.io/football/players/19071.png,Midfielder,36.0,21.0,1796.0,6.85,6.0,2.0,36.0,13.0,655.0,30.0,81.0,49.0,4.0,13.0,30.0,9.0,277.0,124.0,45.0,41.0,6.0,0.0
39,Premier League,2025,66,Aston Villa,19170,M. Rogers,Morgan Elliot,Rogers,23.0,England,187,80,https://media.api-sports.io/football/players/19170.png,Midfielder,37.0,37.0,3285.0,6.84,10.0,6.0,58.0,32.0,1067.0,47.0,74.0,42.0,3.0,13.0,118.0,42.0,441.0,158.0,49.0,46.0,7.0,0.0
39,Premier League,2025,66,Aston Villa,19179,T. Mings,Tyrone Deon,Mings,32.0,England,196,77,https://media.api-sports.io/football/players/19179.png,Defender,17.0,15.0,1335.0,6.69,0.0,0.0,5.0,1.0,932.0,5.0,90.0,5.0,9.0,11.0,6.0,2.0,98.0,54.0,9.0,10.0,1.0,0.0
39,Premier League,2025,66,Aston Villa,19191,J.  McGinn,John,McGinn,31.0,Scotland,178,68,https://media.api-sports.io/football/players/19191.png,Midfielder,30.0,28.0,2169.0,6.95,5.0,4.0,21.0,12.0,753.0,41.0,82.0,29.0,5.0,12.0,39.0,19.0,239.0,107.0,48.0,31.0,5.0,0.0
39,Premier League,2025,66,Aston Villa,19298,M. Cash,Matthew Stuart,Cash,28.0,Poland,185,79,https://media.api-sports.io/football/players/19298.png,Defender,35.0,34.0,3032.0,6.84,3.0,3.0,22.0,10.0,1390.0,31.0,85.0,66.0,14.0,22.0,20.0,11.0,265.0,137.0,30.0,41.0,9.0,0.0
39,Premier League,2025,66,Aston Villa,19354,E. Konsa,Ezri,Konsa Ngoyo,28.0,England,183,73,https://media.api-sports.io/football/players/19354.png,Defender,34.0,34.0,3036.0,7,0.0,0.0,7.0,2.0,2093.0,5.0,95.0,22.0,29.0,22.0,12.0,8.0,149.0,100.0,40.0,11.0,0.0,1.0
39,Premier League,2025,66,Aston Villa,19366,O. Watkins,Oliver George Arthur,Watkins,30.0,England,180,75,https://media.api-sports.io/football/players/19366.png,Attacker,37.0,33.0,2864.0,6.87,16.0,3.0,60.0,38.0,477.0,23.0,72.0,22.0,2.0,6.0,56.0,26.0,283.0,116.0,32.0,35.0,4.0,0.0
39,Premier League,2025,66,Aston Villa,36878,M. Bizot,Marco,Bizot,34.0,Netherlands,193,88,https://media.api-sports.io/football/players/36878.png,Goalkeeper,7.0,6.0,597.0,6.54,0.0,0.0,,,241.0,,76.0,,,,,,3.0,2.0,1.0,1.0,2.0,0.0
39,Premier League,2025,66,Aston Villa,46815,Pau Torres,Pau,Francisco Torres,28.0,Spain,191,80,https://media.api-sports.io/football/players/46815.png,Defender,21.0,18.0,1688.0,6.9,0.0,0.0,8.0,1.0,1166.0,1.0,89.0,22.0,18.0,11.0,11.0,7.0,106.0,59.0,5.0,7.0,1.0,0.0
39,Premier League,2025,66,Aston Villa,137303,E. Guessand,Evann,Guessand,24.0,France,185,79,https://media.api-sports.io/football/players/137303.png,Attacker,13.0,6.0,597.0,6.41,0.0,1.0,7.0,5.0,93.0,4.0,81.0,18.0,3.0,1.0,25.0,7.0,103.0,44.0,12.0,11.0,0.0,0.0
39,Premier League,2025,52,Crystal Palace,137303,E. Guessand,Evann,Guessand,24.0,France,185,79,https://media.api-sports.io/football/players/137303.png,Attacker,8.0,3.0,336.0,6.73,1.0,1.0,3.0,1.0,94.0,1.0,82.0,6.0,,4.0,14.0,7.0,52.0,25.0,8.0,4.0,0.0,0.0
39,Premier League,2025,66,Aston Villa,138816,I. Maatsen,Ian Ethan,Maatsen,23.0,Netherlands,178,57,https://media.api-sports.io/football/players/138816.png,Defender,30.0,17.0,1627.0,6.59,0.0,1.0,14.0,5.0,715.0,26.0,86.0,43.0,1.0,19.0,51.0,21.0,207.0,101.0,19.0,17.0,2.0,0.0
39,Premier League,2025,66,Aston Villa,162714,A. Onana,Amadou Ba Zeund Georges,Mvom Onana,24.0,Belgium,195,76,https://media.api-sports.io/football/players/162714.png,Midfielder,25.0,21.0,1788.0,7.03,2.0,0.0,15.0,7.0,849.0,7.0,87.0,48.0,17.0,24.0,13.0,7.0,190.0,121.0,25.0,20.0,3.0,0.0
39,Premier League,2025,66,Aston Villa,284390,J. Wright,James,Wright,21.0,England,188,,https://media.api-sports.io/football/players/284390.png,Goalkeeper,0.0,0.0,,,0.0,0.0,,,,,,,,,,,,,,,0.0,0.0
39,Premier League,2025,66,Aston Villa,284457,L. Bogarde,Lamare Trenton,Chansey Bogarde,21.0,Netherlands,183,76,https://media.api-sports.io/football/players/284457.png,Defender,28.0,11.0,1104.0,6.57,0.0,0.0,,,501.0,2.0,89.0,26.0,6.0,5.0,7.0,2.0,109.0,57.0,20.0,17.0,5.0,0.0
39,Premier League,2025,66,Aston Villa,360268,J. Jimoh,Jamaldeen,Jimoh-Aloba,19.0,England,183,71,https://media.api-sports.io/football/players/360268.png,Midfielder,1.0,0.0,8.0,6.7,0.0,0.0,,,7.0,,85.0,,,,1.0,,2.0,1.0,1.0,,0.0,0.0
39,Premier League,2025,35,Bournemouth,402434,Remy Rees-Dottin,Remy,Rees-Dottin,19.0,England,174,76,https://media.api-sports.io/football/players/402434.png,Attacker,0.0,0.0,,,0.0,0.0,,,,,,,,,,,,,,,0.0,0.0
39,Premier League,2025,34,Newcastle,169,K. Trippier,Kieran John,Trippier,35.0,England,178,71,https://media.api-sports.io/football/players/169.png,Defender,21.0,18.0,1592.0,6.71,0.0,1.0,2.0,,1056.0,28.0,81.0,26.0,1.0,9.0,10.0,4.0,158.0,72.0,19.0,22.0,3.0,0.0
39,Premier League,2025,34,Newcastle,723,Joelinton,Joelinton Cássio,Apolinário de Lira,29.0,Brazil,186,81,https://media.api-sports.io/football/players/723.png,Midfielder,27.0,23.0,1953.0,6.8,2.0,1.0,23.0,11.0,839.0,17.0,82.0,43.0,3.0,29.0,30.0,16.0,296.0,149.0,27.0,47.0,10.0,0.0
39,Premier League,2025,34,Newcastle,2806,F. Schär,Fabian Lukas,Schär,34.0,Switzerland,186,84,https://media.api-sports.io/football/players/2806.png,Defender,16.0,11.0,1091.0,7.12,0.0,0.0,13.0,4.0,796.0,4.0,84.0,14.0,12.0,18.0,1.0,,114.0,66.0,6.0,15.0,1.0,0.0
39,Premier League,2025,34,Newcastle,2855,E. Krafth,Emil Henry Kristoffer,Krafth,31.0,Sweden,184,83,https://media.api-sports.io/football/players/2855.png,Defender,1.0,1.0,45.0,5.9,0.0,0.0,,,19.0,,73.0,,,,1.0,,3.0,,,1.0,0.0,0.0
39,Premier League,2025,34,Newcastle,10135,Bruno Guimarães,Bruno,Guimarães Rodriguez Moura,28.0,Brazil,182,74,https://media.api-sports.io/football/players/10135.png,Midfielder,29.0,27.0,2455.0,7.47,9.0,5.0,36.0,23.0,1449.0,46.0,86.0,62.0,3.0,15.0,48.0,18.0,333.0,168.0,75.0,45.0,6.0,0.0
39,Premier League,2025,34,Newcastle,18778,H. Barnes,Harvey Lewis,Barnes,28.0,England,174,66,https://media.api-sports.io/football/players/18778.png,Attacker,37.0,19.0,1970.0,6.77,7.0,1.0,39.0,21.0,585.0,24.0,80.0,14.0,1.0,3.0,45.0,13.0,157.0,57.0,23.0,17.0,1.0,0.0
39,Premier League,2025,34,Newcastle,18911,N. Pope,Nicholas David,Pope,33.0,England,191,76,https://media.api-sports.io/football/players/18911.png,Goalkeeper,27.0,27.0,2426.0,6.94,0.0,0.0,1.0,1.0,611.0,,60.0,1.0,,,,,18.0,17.0,2.0,1.0,2.0,0.0
39,Premier League,2025,34,Newcastle,18961,D. Burn,Daniel Johnson,Burn,33.0,England,198,87,https://media.api-sports.io/football/players/18961.png,Defender,29.0,25.0,2209.0,6.59,1.0,2.0,7.0,3.0,1054.0,7.0,79.0,40.0,12.0,21.0,3.0,2.0,275.0,151.0,13.0,36.0,10.0,0.0
39,Premier League,2025,34,Newcastle,19163,J. Murphy,Jacob Kai,Murphy,30.0,England,179,74,https://media.api-sports.io/football/players/19163.png,Midfielder,33.0,19.0,1627.0,6.71,3.0,2.0,28.0,13.0,499.0,23.0,73.0,16.0,4.0,6.0,41.0,21.0,140.0,57.0,13.0,9.0,2.0,0.0
39,Premier League,2025,34,Newcastle,20355,A. Ramsdale,Aaron Christopher,Ramsdale,27.0,England,190,88,https://media.api-sports.io/football/players/20355.png,Goalkeeper,12.0,11.0,1003.0,6.61,0.0,0.0,,,400.0,1.0,66.0,,,,,,8.0,6.0,1.0,,2.0,0.0
39,Premier League,2025,34,Newcastle,31146,S. Tonali,Sandro,Tonali,25.0,Italy,181,79,https://media.api-sports.io/football/players/31146.png,Midfielder,35.0,31.0,2543.0,6.95,0.0,2.0,19.0,8.0,1562.0,32.0,84.0,35.0,7.0,30.0,31.0,19.0,194.0,107.0,42.0,24.0,4.0,0.0
39,Premier League,2025,34,Newcastle,38734,S. Botman,Sven Adriaan,Botman,25.0,Netherlands,193,81,https://media.api-sports.io/football/players/38734.png,Defender,25.0,21.0,1847.0,7.04,1.0,1.0,11.0,4.0,1182.0,8.0,87.0,22.0,26.0,27.0,4.0,4.0,199.0,132.0,19.0,13.0,2.0,0.0
39,Premier League,2025,34,Newcastle,138787,A. Gordon,Anthony Michael,Gordon,24.0,England,183,72,https://media.api-sports.io/football/players/138787.png,Attacker,26.0,24.0,1817.0,7.08,6.0,2.0,37.0,20.0,517.0,26.0,81.0,19.0,,3.0,71.0,33.0,214.0,101.0,40.0,13.0,3.0,1.0
39,Premier League,2025,34,Newcastle,153430,A. Elanga,Anthony David,Junior Elanga,23.0,Sweden,178,70,https://media.api-sports.io/football/players/153430.png,Attacker,32.0,14.0,1347.0,6.57,0.0,1.0,12.0,4.0,423.0,15.0,80.0,14.0,,3.0,42.0,13.0,153.0,65.0,25.0,8.0,0.0,0.0
39,Premier League,2025,34,Newcastle,158694,T. Livramento,Valentino Francisco,Livramento,23.0,England,182,65,https://media.api-sports.io/football/players/158694.png,Defender,17.0,14.0,1328.0,6.8,0.0,1.0,1.0,,653.0,11.0,88.0,22.0,2.0,6.0,32.0,14.0,111.0,61.0,16.0,7.0,1.0,0.0
39,Premier League,2025,66,Aston Villa,162173,S. Iling-Junior,Samuel,Iling-Junior,22.0,England,182,74,https://media.api-sports.io/football/players/162173.png,Attacker,0.0,0.0,,,0.0,0.0,,,,,,,,,,,,,,,0.0,0.0
39,Premier League,2025,34,Newcastle,163189,M. Thiaw,Malick Laye,Thiaw,24.0,Germany,191,80,https://media.api-sports.io/football/players/163189.png,Defender,35.0,33.0,2973.0,7.04,4.0,0.0,20.0,14.0,1693.0,6.0,89.0,44.0,33.0,30.0,8.0,8.0,274.0,176.0,11.0,24.0,4.0,0.0
39,Premier League,2025,34,Newcastle,284492,L. Hall,Lewis Kieran,Hall,21.0,England,179,73,https://media.api-sports.io/football/players/284492.png,Defender,30.0,24.0,2188.0,6.88,1.0,1.0,14.0,6.0,1256.0,25.0,85.0,54.0,14.0,28.0,68.0,37.0,290.0,158.0,41.0,17.0,4.0,0.0
39,Premier League,2025,34,Newcastle,315237,W. Osula,William Idamudia,Daugaard Osula,22.0,Denmark,180,81,https://media.api-sports.io/football/players/315237.png,Attacker,24.0,8.0,863.0,6.8,7.0,0.0,16.0,12.0,81.0,6.0,80.0,6.0,1.0,1.0,16.0,8.0,112.0,39.0,16.0,24.0,0.0,0.0
39,Premier League,2025,34,Newcastle,328105,L. Miley,Lewis,Miley,19.0,England,185,72,https://media.api-sports.io/football/players/328105.png,Midfielder,23.0,15.0,1494.0,6.95,1.0,4.0,8.0,4.0,840.0,15.0,89.0,29.0,3.0,20.0,14.0,12.0,134.0,89.0,4.0,5.0,0.0,0.0
39,Premier League,2025,51,Brighton,296,J. Milner,James Philip,Milner,39.0,England,175,70,https://media.api-sports.io/football/players/296.png,Midfielder,20.0,7.0,802.0,6.72,1.0,1.0,6.0,2.0,485.0,8.0,86.0,15.0,1.0,6.0,2.0,1.0,62.0,25.0,3.0,15.0,2.0,0.0
39,Premier League,2025,51,Brighton,537,J. Veltman,Joël Ivo,Veltman,33.0,Netherlands,184,75,https://media.api-sports.io/football/players/537.png,Defender,24.0,9.0,1073.0,6.84,1.0,0.0,2.0,1.0,442.0,4.0,81.0,31.0,6.0,18.0,5.0,2.0,112.0,75.0,22.0,10.0,5.0,0.0
39,Premier League,2025,51,Brighton,1361,F. Kadıoğlu,Ferdi Erenay,Kadıoğlu,26.0,Türkiye,174,68,https://media.api-sports.io/football/players/1361.png,Defender,37.0,34.0,3135.0,6.83,1.0,0.0,22.0,13.0,1362.0,22.0,85.0,58.0,7.0,26.0,22.0,12.0,253.0,137.0,36.0,22.0,6.0,0.0
39,Premier League,2025,51,Brighton,1469,D. Welbeck,Daniel Nii,Tackie Mensah Welbeck,35.0,England,185,73,https://media.api-sports.io/football/players/1469.png,Attacker,37.0,26.0,2268.0,6.68,13.0,1.0,46.0,28.0,487.0,20.0,79.0,24.0,,9.0,27.0,11.0,178.0,64.0,10.0,30.0,5.0,0.0
39,Premier League,2025,51,Brighton,18960,J. Steele,Jason Sean,Steele,35.0,England,188,79,https://media.api-sports.io/football/players/18960.png,Goalkeeper,0.0,0.0,,,0.0,0.0,,,,,,,,,,,,,,,0.0,0.0
39,Premier League,2025,51,Brighton,18963,L. Dunk,Lewis Carl,Dunk,34.0,England,192,88,https://media.api-sports.io/football/players/18963.png,Defender,33.0,31.0,2844.0,6.95,1.0,0.0,19.0,3.0,2484.0,7.0,92.0,34.0,27.0,30.0,4.0,4.0,217.0,127.0,12.0,15.0,10.0,0.0
39,Premier League,2025,51,Brighton,19030,M. O&apos;Riley,Matthew Sean,O'Riley,25.0,Denmark,187,77,https://media.api-sports.io/football/players/19030.png,Midfielder,6.0,2.0,203.0,6.65,1.0,0.0,4.0,2.0,70.0,4.0,87.0,5.0,1.0,,1.0,,20.0,8.0,1.0,2.0,0.0,0.0
39,Premier League,2025,51,Brighton,22160,O. Boscagli,Olivier Maxime,Boscagli,28.0,France,181,68,https://media.api-sports.io/football/players/22160.png,Defender,12.0,9.0,819.0,6.96,0.0,1.0,1.0,,754.0,4.0,86.0,16.0,2.0,18.0,2.0,2.0,72.0,46.0,11.0,7.0,2.0,0.0
39,Premier League,2025,51,Brighton,38695,J. van Hecke,Jan Paul,van Hecke,25.0,Netherlands,189,79,https://media.api-sports.io/football/players/38695.png,Defender,36.0,36.0,3211.0,7.26,3.0,3.0,16.0,10.0,2518.0,13.0,87.0,53.0,28.0,47.0,5.0,3.0,341.0,208.0,43.0,27.0,9.0,0.0
39,Premier League,2025,51,Brighton,90590,G. Rutter,Georginio,Rutter,23.0,France,182,83,https://media.api-sports.io/football/players/90590.png,Attacker,32.0,20.0,1804.0,6.63,3.0,3.0,28.0,14.0,435.0,25.0,69.0,32.0,1.0,11.0,66.0,28.0,285.0,113.0,34.0,30.0,2.0,0.0
39,Premier League,2025,51,Brighton,92993,M. Wieffer,Mats,Wieffer,26.0,Netherlands,188,78,https://media.api-sports.io/football/players/92993.png,Defender,26.0,23.0,1914.0,6.74,2.0,3.0,13.0,6.0,878.0,20.0,83.0,66.0,7.0,25.0,20.0,9.0,284.0,140.0,22.0,30.0,8.0,0.0
39,Premier League,2025,51,Brighton,106835,K. Mitoma,Kaoru,Mitoma,28.0,Japan,178,73,https://media.api-sports.io/football/players/106835.png,Midfielder,25.0,19.0,1721.0,6.81,3.0,1.0,24.0,13.0,572.0,31.0,82.0,18.0,1.0,8.0,62.0,27.0,204.0,81.0,21.0,31.0,5.0,0.0
39,Premier League,2025,51,Brighton,129058,B. Verbruggen,Bart,Verbruggen,23.0,Netherlands,193,66,https://media.api-sports.io/football/players/129058.png,Goalkeeper,38.0,38.0,3420.0,7.05,0.0,0.0,,,1553.0,1.0,76.0,1.0,,,1.0,1.0,21.0,16.0,3.0,2.0,3.0,0.0
39,Premier League,2025,51,Brighton,162007,M. De Cuyper,Maxim,De Cuyper,25.0,Belgium,182,72,https://media.api-sports.io/football/players/162007.png,Defender,30.0,17.0,1443.0,6.86,2.0,3.0,9.0,6.0,689.0,33.0,84.0,23.0,2.0,12.0,17.0,7.0,128.0,61.0,21.0,18.0,2.0,0.0
39,Premier League,2025,51,Brighton,265820,Y. Ayari,Yasin,Abbas Ayari,22.0,Sweden,172,69,https://media.api-sports.io/football/players/265820.png,Midfielder,29.0,20.0,1941.0,6.76,3.0,3.0,30.0,10.0,960.0,16.0,86.0,46.0,4.0,26.0,48.0,18.0,213.0,101.0,28.0,24.0,1.0,0.0
39,Premier League,2025,51,Brighton,278370,D. Gómez,Diego Alexander,Gómez Amarilla,22.0,Paraguay,183,77,https://media.api-sports.io/football/players/278370.png,Midfielder,32.0,26.0,2137.0,6.74,5.0,1.0,31.0,14.0,752.0,20.0,78.0,78.0,3.0,18.0,41.0,19.0,325.0,162.0,11.0,48.0,9.0,0.0
39,Premier League,2025,51,Brighton,328225,B. Gruda,Brajan,Gruda,21.0,Germany,178,70,https://media.api-sports.io/football/players/328225.png,Midfielder,18.0,8.0,740.0,6.61,1.0,1.0,12.0,6.0,247.0,16.0,78.0,14.0,,2.0,53.0,20.0,125.0,56.0,14.0,11.0,2.0,0.0
39,Premier League,2025,51,Brighton,356041,C. Baleba,Carlos Noom,Quomah Baleba,21.0,Cameroon,179,73,https://media.api-sports.io/football/players/356041.png,Midfielder,31.0,23.0,1677.0,6.63,0.0,0.0,12.0,2.0,747.0,9.0,86.0,37.0,6.0,28.0,25.0,12.0,204.0,102.0,24.0,31.0,5.0,0.0
39,Premier League,2025,51,Brighton,383685,Y. Minteh,Yankuba,Minteh Moat,21.0,Gambia,180,65,https://media.api-sports.io/football/players/383685.png,Midfielder,34.0,26.0,2398.0,6.85,3.0,4.0,26.0,11.0,628.0,46.0,67.0,55.0,,17.0,121.0,65.0,335.0,161.0,22.0,32.0,3.0,0.0
39,Premier League,2025,34,Newcastle,423714,Park Seung-Soo,Seung-Soo,Park,18.0,Korea Republic,183,62,https://media.api-sports.io/football/players/423714.png,Attacker,0.0,0.0,,,0.0,0.0,,,,,,,,,,,,,,,0.0,0.0
39,Premier League,2025,36,Fulham,131,Jorge Cuenca,Jorge,Cuenca Barreno,26.0,Spain,190,75,https://media.api-sports.io/football/players/131.png,Defender,15.0,11.0,965.0,6.85,0.0,0.0,1.0,,626.0,3.0,88.0,16.0,10.0,15.0,5.0,2.0,68.0,36.0,1.0,10.0,6.0,0.0
39,Premier League,2025,36,Fulham,657,K. Tete,Kenny Joelle,Tete,30.0,Netherlands,180,71,https://media.api-sports.io/football/players/657.png,Defender,22.0,21.0,1802.0,6.93,1.0,0.0,10.0,3.0,886.0,11.0,84.0,64.0,6.0,27.0,22.0,8.0,217.0,130.0,31.0,27.0,2.0,0.0
39,Premier League,2025,36,Fulham,1161,E. Smith Rowe,Emile,Smith Rowe,25.0,England,182,79,https://media.api-sports.io/football/players/1161.png,Midfielder,37.0,22.0,1944.0,6.65,3.0,0.0,25.0,11.0,920.0,18.0,91.0,35.0,1.0,22.0,29.0,14.0,145.0,72.0,17.0,10.0,1.0,0.0
39,Premier League,2025,36,Fulham,1438,B. Leno,Bernd,Leno,33.0,Germany,189,82,https://media.api-sports.io/football/players/1438.png,Goalkeeper,38.0,38.0,3429.0,6.92,0.0,0.0,,,1393.0,,77.0,4.0,,1.0,,,29.0,28.0,6.0,,3.0,0.0
39,Premier League,2025,36,Fulham,1455,A. Iwobi,Alexander Chuka,Iwobi,29.0,Nigeria,180,75,https://media.api-sports.io/football/players/1455.png,Midfielder,29.0,29.0,2443.0,7.07,4.0,3.0,24.0,15.0,1430.0,43.0,85.0,28.0,3.0,15.0,45.0,19.0,138.0,63.0,10.0,8.0,3.0,0.0
39,Premier League,2025,36,Fulham,1934,S. Berge,Sander Gard,Bolin Berge,27.0,Norway,195,96,https://media.api-sports.io/football/players/1934.png,Midfielder,35.0,34.0,2920.0,6.89,0.0,1.0,8.0,3.0,1727.0,21.0,89.0,58.0,16.0,25.0,22.0,10.0,240.0,132.0,14.0,35.0,5.0,0.0
39,Premier League,2025,36,Fulham,2729,J. Andersen,Joachim Christian,Andersen,29.0,Denmark,192,86,https://media.api-sports.io/football/players/2729.png,Defender,33.0,33.0,2884.0,7.04,0.0,1.0,13.0,4.0,2275.0,7.0,86.0,45.0,19.0,36.0,7.0,6.0,222.0,141.0,13.0,30.0,7.0,1.0
39,Premier League,2025,36,Fulham,2823,S. Lukić,Saša,Lukić,29.0,Serbia,183,76,https://media.api-sports.io/football/players/2823.png,Midfielder,26.0,20.0,1734.0,6.6,1.0,2.0,13.0,6.0,730.0,28.0,85.0,49.0,9.0,18.0,11.0,6.0,212.0,103.0,25.0,53.0,9.0,0.0
39,Premier League,2025,36,Fulham,2887,R. Jiménez,Raúl Alonso,Jiménez Rodríguez,34.0,Mexico,190,76,https://media.api-sports.io/football/players/2887.png,Attacker,36.0,27.0,2216.0,6.68,9.0,3.0,53.0,19.0,517.0,25.0,63.0,34.0,3.0,8.0,28.0,11.0,389.0,162.0,34.0,46.0,5.0,0.0
39,Premier League,2025,36,Fulham,2920,T. Castagne,Timothy,Castagne,30.0,Belgium,185,80,https://media.api-sports.io/football/players/2920.png,Defender,30.0,20.0,1881.0,6.75,0.0,0.0,9.0,6.0,796.0,18.0,86.0,40.0,10.0,31.0,6.0,3.0,141.0,81.0,11.0,18.0,4.0,0.0
39,Premier League,2025,36,Fulham,18753,Adama Traoré,Adama,Traoré Diarra,29.0,Spain,178,86,https://media.api-sports.io/football/players/18753.png,Attacker,15.0,1.0,318.0,6.51,0.0,0.0,3.0,1.0,78.0,3.0,79.0,1.0,,,10.0,6.0,41.0,16.0,8.0,6.0,0.0,0.0
39,Premier League,2025,48,West Ham,18753,Adama Traoré,Adama,Traoré Diarra,29.0,Spain,178,86,https://media.api-sports.io/football/players/18753.png,Attacker,9.0,0.0,132.0,6.41,0.0,0.0,1.0,,25.0,,72.0,1.0,,,10.0,6.0,24.0,7.0,,1.0,1.0,0.0
39,Premier League,2025,36,Fulham,18814,I. Diop,Issa Laye Lucas Jean,Diop,28.0,France,194,92,https://media.api-sports.io/football/players/18814.png,Defender,13.0,8.0,827.0,6.64,1.0,0.0,2.0,1.0,494.0,,87.0,7.0,7.0,6.0,1.0,1.0,47.0,26.0,3.0,9.0,2.0,0.0
39,Premier League,2025,36,Fulham,19025,T. Cairney,Thomas,Cairney,34.0,Scotland,185,84,https://media.api-sports.io/football/players/19025.png,Midfielder,24.0,6.0,814.0,6.81,2.0,0.0,10.0,2.0,690.0,11.0,92.0,7.0,1.0,4.0,8.0,4.0,60.0,32.0,11.0,10.0,3.0,0.0
39,Premier League,2025,36,Fulham,19221,H. Wilson,Harry,Wilson,28.0,Wales,173,63,https://media.api-sports.io/football/players/19221.png,Midfielder,36.0,32.0,2701.0,7.11,10.0,7.0,51.0,25.0,777.0,39.0,81.0,29.0,3.0,15.0,33.0,18.0,184.0,89.0,37.0,13.0,7.0,0.0
39,Premier League,2025,36,Fulham,19480,H. Reed,Harrison James,Reed,30.0,England,181,72,https://media.api-sports.io/football/players/19480.png,Midfielder,7.0,1.0,126.0,6.89,1.0,0.0,1.0,1.0,43.0,3.0,93.0,,,,,,9.0,2.0,1.0,2.0,0.0,0.0
39,Premier League,2025,36,Fulham,21566,B. Lecomte,Benjamin Pascal,Lecomte,34.0,France,186,78,https://media.api-sports.io/football/players/21566.png,Goalkeeper,0.0,0.0,,,0.0,0.0,,,,,,,,,,,,,,,0.0,0.0
39,Premier League,2025,36,Fulham,152967,C. Bassey,Calvin,Bassey Ughelumba,26.0,Nigeria,185,76,https://media.api-sports.io/football/players/152967.png,Defender,30.0,28.0,2553.0,6.87,1.0,0.0,6.0,1.0,1707.0,10.0,87.0,62.0,21.0,22.0,20.0,10.0,245.0,151.0,40.0,28.0,5.0,0.0
39,Premier League,2025,36,Fulham,195106,Rodrigo Muniz,Rodrigo,Muniz Carvalho,24.0,Brazil,178,67,https://media.api-sports.io/football/players/195106.png,Attacker,21.0,10.0,997.0,6.52,1.0,1.0,21.0,5.0,133.0,8.0,42.0,8.0,3.0,2.0,12.0,5.0,220.0,108.0,18.0,21.0,2.0,0.0
39,Premier League,2025,51,Brighton,342063,D. Coppola,Diego,Coppola,22.0,Italy,192,78,https://media.api-sports.io/football/players/342063.png,Defender,5.0,2.0,201.0,6.7,0.0,0.0,,,114.0,,88.0,2.0,2.0,1.0,1.0,1.0,27.0,13.0,,4.0,2.0,0.0
39,Premier League,2025,36,Fulham,389315,Joshua King,Joshua,King,18.0,England,187,74,https://media.api-sports.io/football/players/389315.png,Midfielder,32.0,15.0,1319.0,6.62,1.0,2.0,21.0,11.0,347.0,15.0,79.0,27.0,5.0,3.0,37.0,16.0,153.0,76.0,30.0,13.0,4.0,0.0
39,Premier League,2025,36,Fulham,899,Andreas Pereira,Andreas Hugo,Hoelgebaum Pereira,29.0,Brazil,178,71,https://media.api-sports.io/football/players/899.png,Midfielder,0.0,0.0,,,0.0,0.0,,,,,,,,,,,,,,,0.0,0.0
39,Premier League,2025,65,Nottingham Forest,2298,C. Hudson-Odoi,Callum James,Hudson-Odoi,25.0,England,182,76,https://media.api-sports.io/football/players/2298.png,Midfielder,30.0,21.0,1849.0,6.9,3.0,4.0,20.0,10.0,657.0,44.0,89.0,14.0,2.0,8.0,58.0,30.0,137.0,59.0,12.0,12.0,0.0,0.0
39,Premier League,2025,65,Nottingham Forest,2771,O. Aina,Temitayo Olufisayo Olaoluwa,Aina,29.0,Nigeria,184,82,https://media.api-sports.io/football/players/2771.png,Defender,18.0,18.0,1590.0,6.9,0.0,0.0,9.0,1.0,629.0,10.0,84.0,31.0,3.0,25.0,34.0,15.0,158.0,85.0,15.0,13.0,3.0,0.0
39,Premier League,2025,65,Nottingham Forest,2817,N. Milenković,Nikola,Milenković,28.0,Serbia,195,90,https://media.api-sports.io/football/players/2817.png,Defender,38.0,37.0,3375.0,6.83,0.0,0.0,14.0,1.0,1537.0,3.0,86.0,31.0,36.0,29.0,3.0,3.0,214.0,143.0,20.0,21.0,6.0,0.0
39,Premier League,2025,65,Nottingham Forest,2919,M. Sels,Matz Willy Els,Sels,33.0,Belgium,188,75,https://media.api-sports.io/football/players/2919.png,Goalkeeper,31.0,30.0,2667.0,6.83,0.0,0.0,,,787.0,1.0,57.0,1.0,,,,,13.0,10.0,4.0,,2.0,0.0
39,Premier League,2025,65,Nottingham Forest,9366,Igor Jesus,Igor Jesus Maciel,da Cruz,24.0,Brazil,180,73,https://media.api-sports.io/football/players/9366.png,Attacker,37.0,28.0,2320.0,6.6,6.0,4.0,39.0,21.0,458.0,15.0,72.0,24.0,5.0,3.0,39.0,11.0,394.0,155.0,40.0,42.0,2.0,0.0
39,Premier League,2025,65,Nottingham Forest,18739,W. Boly,Willy-Arnaud,Zobo Boly,34.0,Côte d'Ivoire,195,92,https://media.api-sports.io/football/players/18739.png,Defender,0.0,0.0,,,0.0,0.0,,,,,,,,,,,,,,,0.0,0.0
39,Premier League,2025,65,Nottingham Forest,18746,M. Gibbs-White,Morgan Anthony,Gibbs-White,25.0,England,171,66,https://media.api-sports.io/football/players/18746.png,Midfielder,37.0,35.0,3110.0,6.92,15.0,4.0,59.0,32.0,1208.0,49.0,81.0,20.0,3.0,13.0,63.0,30.0,322.0,130.0,41.0,26.0,1.0,0.0
39,Premier League,2025,65,Nottingham Forest,18931,C. Wood,Christopher Grant,Wood,34.0,New Zealand,191,81,https://media.api-sports.io/football/players/18931.png,Attacker,15.0,11.0,906.0,6.61,3.0,0.0,23.0,9.0,161.0,5.0,69.0,1.0,4.0,1.0,2.0,1.0,87.0,34.0,6.0,6.0,0.0,0.0
39,Premier League,2025,65,Nottingham Forest,18933,A. Gunn,Angus Fraser James,Gunn,29.0,Scotland,196,77,https://media.api-sports.io/football/players/18933.png,Goalkeeper,1.0,0.0,45.0,6.3,0.0,0.0,,,19.0,,,,,,,,,,,,0.0,0.0
39,Premier League,2025,65,Nottingham Forest,19305,R. Yates,Ryan James,Yates,28.0,England,190,87,https://media.api-sports.io/football/players/19305.png,Midfielder,22.0,2.0,629.0,6.69,0.0,2.0,5.0,2.0,260.0,5.0,78.0,16.0,3.0,9.0,2.0,1.0,84.0,50.0,13.0,13.0,3.0,0.0
39,Premier League,2025,65,Nottingham Forest,22149,I. Sangaré,Ibrahim,Sangaré,28.0,Côte d'Ivoire,191,77,https://media.api-sports.io/football/players/22149.png,Midfielder,28.0,25.0,2080.0,6.97,2.0,2.0,14.0,5.0,955.0,12.0,86.0,60.0,19.0,25.0,23.0,11.0,231.0,112.0,18.0,42.0,5.0,0.0
39,Premier League,2025,65,Nottingham Forest,48648,D. Ndoye,Dan Assane,Ndoye,25.0,Switzerland,184,79,https://media.api-sports.io/football/players/48648.png,Midfielder,24.0,14.0,1176.0,6.63,1.0,1.0,11.0,4.0,282.0,14.0,78.0,23.0,2.0,10.0,33.0,13.0,149.0,69.0,22.0,16.0,1.0,0.0
39,Premier League,2025,65,Nottingham Forest,67943,Morato,Felipe,Rodrigues da Silva,24.0,Brazil,192,88,https://media.api-sports.io/football/players/67943.png,Defender,21.0,14.0,1366.0,6.94,1.0,0.0,5.0,2.0,756.0,2.0,85.0,30.0,15.0,11.0,5.0,5.0,102.0,65.0,7.0,16.0,5.0,0.0
39,Premier League,2025,65,Nottingham Forest,138780,N. Williams,Neco Shay,Williams,24.0,Wales,183,72,https://media.api-sports.io/football/players/138780.png,Defender,37.0,36.0,3206.0,6.93,2.0,3.0,28.0,19.0,1325.0,37.0,81.0,96.0,17.0,47.0,71.0,31.0,386.0,216.0,52.0,30.0,6.0,1.0
39,Premier League,2025,65,Nottingham Forest,138908,E. Anderson,Elliot,Anderson,23.0,Scotland,179,69,https://media.api-sports.io/football/players/138908.png,Midfielder,38.0,37.0,3334.0,7.35,4.0,4.0,26.0,10.0,2383.0,55.0,85.0,104.0,16.0,40.0,91.0,50.0,542.0,298.0,80.0,57.0,8.0,0.0
39,Premier League,2025,65,Nottingham Forest,141901,Jota Silva,João Pedro,Ferreira Silva,26.0,Portugal,179,77,https://media.api-sports.io/football/players/141901.png,Attacker,1.0,0.0,11.0,6.7,0.0,0.0,,,2.0,,100.0,2.0,,,,,4.0,3.0,1.0,,0.0,0.0
39,Premier League,2025,65,Nottingham Forest,329357,Z. Abbott,Zach,Abbott,19.0,England,180,70,https://media.api-sports.io/football/players/329357.png,Defender,3.0,2.0,165.0,6.47,0.0,0.0,,,62.0,,70.0,4.0,1.0,1.0,3.0,1.0,20.0,12.0,1.0,3.0,0.0,0.0
39,Premier League,2025,65,Nottingham Forest,362711,Jair,Jair Paula,da Cunha Filho,20.0,Brazil,198,87,https://media.api-sports.io/football/players/362711.png,Defender,9.0,6.0,525.0,6.64,0.0,0.0,1.0,1.0,221.0,1.0,80.0,9.0,2.0,5.0,4.0,2.0,34.0,22.0,6.0,,0.0,0.0
39,Premier League,2025,65,Nottingham Forest,363695,Murillo,Murillo,Santiago Costa dos Santos,23.0,Brazil,180,75,https://media.api-sports.io/football/players/363695.png,Defender,25.0,25.0,2133.0,7.02,1.0,0.0,6.0,4.0,1132.0,8.0,83.0,35.0,24.0,34.0,14.0,9.0,138.0,74.0,7.0,23.0,5.0,0.0
39,Premier League,2025,55,Brentford,281,C. Kelleher,Caoimhín Odhrán,Kelleher,27.0,Republic of Ireland,188,74,https://media.api-sports.io/football/players/281.png,Goalkeeper,37.0,37.0,3341.0,7.04,0.0,0.0,,,1296.0,3.0,65.0,1.0,,1.0,3.0,3.0,22.0,16.0,6.0,3.0,1.0,0.0
39,Premier League,2025,55,Brentford,292,J. Henderson,Jordan Brian,Henderson,35.0,England,182,78,https://media.api-sports.io/football/players/292.png,Midfielder,32.0,22.0,1929.0,6.8,1.0,3.0,4.0,1.0,1158.0,19.0,77.0,27.0,7.0,17.0,8.0,3.0,99.0,48.0,7.0,13.0,6.0,0.0
39,Premier League,2025,55,Brentford,1119,K. Ajer,Kristoffer,Vassbakk Ajer,27.0,Norway,198,92,https://media.api-sports.io/football/players/1119.png,Defender,27.0,20.0,1820.0,6.66,0.0,1.0,8.0,3.0,704.0,4.0,79.0,37.0,16.0,18.0,11.0,3.0,193.0,105.0,5.0,23.0,4.0,0.0
39,Premier League,2025,65,Nottingham Forest,8598,T. Awoniyi,Taiwo Micheal,Awoniyi,28.0,Nigeria,183,84,https://media.api-sports.io/football/players/8598.png,Attacker,17.0,3.0,502.0,6.68,4.0,1.0,14.0,8.0,75.0,6.0,80.0,2.0,1.0,1.0,4.0,2.0,82.0,20.0,7.0,10.0,2.0,0.0
39,Premier League,2025,55,Brentford,15745,M. Roerslev,Mads,Roerslev Rasmussen,26.0,Denmark,184,77,https://media.api-sports.io/football/players/15745.png,Defender,0.0,0.0,,,0.0,0.0,,,,,,,,,,,,,,,0.0,0.0
39,Premier League,2025,55,Brentford,15799,F. Onyeka,Ogochukwu Frank,Onyeka,27.0,Nigeria,183,70,https://media.api-sports.io/football/players/15799.png,Midfielder,6.0,0.0,88.0,6.64,0.0,1.0,,,36.0,1.0,77.0,2.0,,,4.0,2.0,16.0,8.0,3.0,3.0,0.0,0.0
39,Premier League,2025,55,Brentford,19346,R. Henry,Rico Antonio,Henry,28.0,England,170,67,https://media.api-sports.io/football/players/19346.png,Defender,25.0,14.0,1334.0,6.45,0.0,1.0,4.0,,481.0,4.0,76.0,15.0,5.0,8.0,30.0,15.0,134.0,66.0,17.0,15.0,2.0,0.0
39,Premier League,2025,55,Brentford,19495,N. Collins,Nathan Michael,Collins,24.0,Republic of Ireland,193,83,https://media.api-sports.io/football/players/19495.png,Defender,35.0,32.0,2983.0,6.77,1.0,2.0,16.0,6.0,1749.0,11.0,83.0,31.0,41.0,36.0,10.0,7.0,258.0,144.0,17.0,20.0,7.0,0.0
39,Premier League,2025,55,Brentford,36922,S. van den Berg,Sepp,van den Berg,24.0,Netherlands,189,74,https://media.api-sports.io/football/players/36922.png,Defender,32.0,30.0,2772.0,6.84,0.0,2.0,20.0,7.0,1422.0,7.0,88.0,23.0,23.0,29.0,1.0,1.0,271.0,175.0,11.0,15.0,2.0,0.0
39,Premier League,2025,55,Brentford,44871,A. Hickey,Aaron,Buchanan Hickey,23.0,Scotland,178,72,https://media.api-sports.io/football/players/44871.png,Defender,21.0,8.0,727.0,6.65,0.0,0.0,5.0,1.0,285.0,,83.0,15.0,6.0,8.0,7.0,,66.0,33.0,9.0,7.0,1.0,0.0
39,Premier League,2025,55,Brentford,47438,M. Jensen,Mathias,Jensen,29.0,Denmark,180,72,https://media.api-sports.io/football/players/47438.png,Midfielder,36.0,26.0,2277.0,6.95,3.0,1.0,19.0,8.0,1118.0,35.0,80.0,41.0,4.0,21.0,35.0,19.0,199.0,83.0,15.0,20.0,3.0,0.0
39,Premier League,2025,55,Brentford,61742,H. Valdimarsson,Hákon,Rafn Valdimarsson,24.0,Iceland,188,89,https://media.api-sports.io/football/players/61742.png,Goalkeeper,1.0,1.0,90.0,6.3,0.0,0.0,,,41.0,,73.0,,,,,,,,,,0.0,0.0
39,Premier League,2025,55,Brentford,106725,K. Lewis-Potter,Keane William,Lewis-Potter,24.0,England,170,67,https://media.api-sports.io/football/players/106725.png,Midfielder,36.0,22.0,1990.0,6.65,3.0,3.0,19.0,9.0,567.0,19.0,77.0,23.0,2.0,12.0,44.0,16.0,181.0,86.0,36.0,15.0,1.0,0.0
39,Premier League,2025,55,Brentford,153066,Fábio Carvalho,Fábio Leandro,Freitas Gouveia de Carvalho,23.0,Portugal,170,62,https://media.api-sports.io/football/players/153066.png,Midfielder,6.0,1.0,128.0,6.72,1.0,0.0,2.0,1.0,25.0,,80.0,3.0,,,3.0,1.0,11.0,5.0,,,0.0,0.0
39,Premier League,2025,55,Brentford,178077,K. Schade,Kevin,Schade,24.0,Germany,183,74,https://media.api-sports.io/football/players/178077.png,Midfielder,35.0,32.0,2768.0,6.75,8.0,3.0,45.0,24.0,528.0,29.0,67.0,40.0,3.0,18.0,75.0,20.0,429.0,188.0,43.0,50.0,6.0,1.0
39,Premier League,2025,55,Brentford,196156,Thiago,Igor Thiago,Nascimento Rodrigues,24.0,Brazil,191,85,https://media.api-sports.io/football/players/196156.png,Attacker,38.0,37.0,3295.0,6.94,22.0,1.0,67.0,43.0,628.0,24.0,69.0,38.0,8.0,12.0,53.0,29.0,524.0,202.0,26.0,73.0,7.0,0.0
39,Premier League,2025,55,Brentford,263538,Y. Yarmolyuk,Yehor,Yarmolyuk,21.0,Ukraine,180,72,https://media.api-sports.io/football/players/263538.png,Midfielder,37.0,30.0,2675.0,6.73,1.0,2.0,12.0,4.0,1347.0,15.0,84.0,70.0,14.0,28.0,42.0,15.0,280.0,128.0,12.0,37.0,7.0,0.0
39,Premier League,2025,55,Brentford,319517,A. Milambo,Antoni-Djibu,Milambo,20.0,Netherlands,179,68,https://media.api-sports.io/football/players/319517.png,Midfielder,1.0,1.0,45.0,6.6,0.0,0.0,,,11.0,,72.0,3.0,,,,,6.0,5.0,,,0.0,0.0
39,Premier League,2025,55,Brentford,342022,M. Kayode,Michael Olabode,Kayode,21.0,Italy,179,74,https://media.api-sports.io/football/players/342022.png,Defender,37.0,37.0,3275.0,6.88,1.0,1.0,5.0,3.0,1138.0,36.0,85.0,66.0,15.0,38.0,107.0,55.0,367.0,212.0,50.0,26.0,8.0,0.0
39,Premier League,2025,55,Brentford,430827,Benjamin Arthur,Benjamin,Arthur,20.0,England,189,80,https://media.api-sports.io/football/players/430827.png,Defender,0.0,0.0,,,0.0,0.0,,,,,,,,,,,,,,,0.0,0.0
39,Premier League,2025,746,Sunderland,1464,G. Xhaka,Granit,Xhaka,33.0,Switzerland,186,80,https://media.api-sports.io/football/players/1464.png,Midfielder,34.0,32.0,2916.0,7.32,1.0,6.0,15.0,5.0,1806.0,34.0,83.0,50.0,20.0,29.0,24.0,11.0,257.0,155.0,42.0,23.0,8.0,0.0
39,Premier League,2025,746,Sunderland,6168,O. Alderete,Omar Federico,Alderete Fernández,29.0,Paraguay,188,77,https://media.api-sports.io/football/players/6168.png,Defender,33.0,32.0,2802.0,6.83,1.0,1.0,17.0,9.0,1304.0,9.0,81.0,32.0,29.0,36.0,21.0,17.0,269.0,146.0,10.0,34.0,6.0,0.0
39,Premier League,2025,746,Sunderland,19881,A. Patterson,Anthony,Patterson,25.0,England,189,77,https://media.api-sports.io/football/players/19881.png,Goalkeeper,0.0,0.0,,,0.0,0.0,,,,,,,,,,,,,,,0.0,0.0
39,Premier League,2025,746,Sunderland,19910,D. Neil,Daniel,Neil,24.0,England,185,62,https://media.api-sports.io/football/players/19910.png,Midfielder,3.0,0.0,13.0,6.7,0.0,0.0,,,9.0,,88.0,,,1.0,,,3.0,1.0,1.0,,0.0,0.0
39,Premier League,2025,746,Sunderland,20638,E. Le Fée,Enzo Jérémy,Le Fée,25.0,France,170,63,https://media.api-sports.io/football/players/20638.png,Midfielder,36.0,33.0,2953.0,6.91,5.0,6.0,24.0,12.0,1112.0,53.0,81.0,89.0,12.0,29.0,46.0,13.0,342.0,157.0,37.0,31.0,5.0,0.0
39,Premier League,2025,746,Sunderland,22225,Reinildo,Reinildo Isnard,Mandava,31.0,Mozambique,183,73,https://media.api-sports.io/football/players/22225.png,Defender,25.0,23.0,1982.0,6.67,0.0,1.0,2.0,,815.0,6.0,85.0,39.0,14.0,30.0,27.0,15.0,219.0,121.0,35.0,32.0,7.0,1.0
39,Premier League,2025,746,Sunderland,47521,P. Roberts,Patrick John Joseph,Roberts,28.0,England,167,58,https://media.api-sports.io/football/players/47521.png,Midfielder,1.0,0.0,27.0,6.5,0.0,0.0,,,20.0,,80.0,,,,1.0,1.0,2.0,1.0,,,0.0,0.0
39,Premier League,2025,746,Sunderland,55904,D. Ballard,Daniel George,Ballard,26.0,Northern Ireland,187,85,https://media.api-sports.io/football/players/55904.png,Defender,29.0,24.0,2148.0,6.83,2.0,0.0,21.0,9.0,1103.0,15.0,82.0,33.0,24.0,20.0,5.0,3.0,285.0,168.0,30.0,29.0,4.0,1.0
39,Premier League,2025,746,Sunderland,84087,W. Isidor,Wilson,Isidor,25.0,France,186,79,https://media.api-sports.io/football/players/84087.png,Attacker,32.0,11.0,1186.0,6.65,6.0,0.0,31.0,17.0,135.0,,60.0,11.0,1.0,1.0,24.0,6.0,168.0,49.0,7.0,14.0,1.0,0.0
39,Premier League,2025,746,Sunderland,119121,T. Hume,Trai,Hume,23.0,Northern Ireland,180,75,https://media.api-sports.io/football/players/119121.png,Defender,38.0,34.0,3050.0,6.78,2.0,1.0,22.0,7.0,1047.0,29.0,75.0,67.0,12.0,26.0,19.0,5.0,328.0,175.0,39.0,31.0,9.0,0.0
39,Premier League,2025,55,Brentford,180308,M. Peart-Harris,Myles,Spencer Peart-Harris,23.0,England,187,80,https://media.api-sports.io/football/players/180308.png,Midfielder,1.0,0.0,1.0,,0.0,0.0,,,,,,,,,,,1.0,,,1.0,0.0,0.0
39,Premier League,2025,746,Sunderland,194536,R. Roefs,Robin,Roefs,22.0,Netherlands,193,72,https://media.api-sports.io/football/players/194536.png,Goalkeeper,35.0,35.0,3163.0,6.98,0.0,0.0,,,1320.0,4.0,63.0,,,,1.0,1.0,37.0,35.0,14.0,,4.0,0.0
39,Premier League,2025,746,Sunderland,290545,J. Seelt,Jenson,Seelt,22.0,Netherlands,192,84,https://media.api-sports.io/football/players/290545.png,Defender,2.0,1.0,134.0,6.95,0.0,0.0,,,109.0,,88.0,4.0,1.0,,,,14.0,10.0,1.0,1.0,0.0,0.0
39,Premier League,2025,746,Sunderland,301771,S. Adingra,Simon,Adingra,23.0,Côte d'Ivoire,175,68,https://media.api-sports.io/football/players/301771.png,Attacker,14.0,9.0,665.0,6.5,1.0,0.0,4.0,2.0,161.0,7.0,75.0,11.0,,2.0,26.0,7.0,98.0,30.0,3.0,17.0,2.0,0.0
39,Premier League,2025,746,Sunderland,327631,H. Diarra,Mouhamadou Habib,Diarra,21.0,France,179,74,https://media.api-sports.io/football/players/327631.png,Midfielder,20.0,15.0,1420.0,6.72,2.0,2.0,22.0,8.0,436.0,7.0,81.0,14.0,,4.0,22.0,6.0,127.0,58.0,27.0,19.0,6.0,0.0
39,Premier League,2025,746,Sunderland,330640,Harrison Jones,Harrison,Jones,21.0,England,178,68,https://media.api-sports.io/football/players/330640.png,Midfielder,0.0,0.0,,,0.0,0.0,,,,,,,,,,,,,,,0.0,0.0
39,Premier League,2025,746,Sunderland,336659,C. Talbi,Chemsdine,Talbi,20.0,Morocco,175,65,https://media.api-sports.io/football/players/336659.png,Attacker,28.0,16.0,1561.0,6.63,4.0,1.0,20.0,10.0,402.0,12.0,81.0,11.0,1.0,2.0,36.0,16.0,91.0,29.0,1.0,5.0,0.0,0.0
39,Premier League,2025,746,Sunderland,339201,C. Rigg,Christopher,Rigg,18.0,England,177,65,https://media.api-sports.io/football/players/339201.png,Midfielder,18.0,11.0,777.0,6.58,1.0,1.0,9.0,3.0,213.0,9.0,71.0,13.0,1.0,4.0,13.0,7.0,65.0,32.0,8.0,8.0,1.0,0.0
39,Premier League,2025,746,Sunderland,349799,Eliezer Mayenda,Eliezer,Mayenda Dossou,20.0,Spain,180,75,https://media.api-sports.io/football/players/349799.png,Attacker,20.0,8.0,770.0,6.58,2.0,0.0,8.0,6.0,85.0,4.0,65.0,5.0,1.0,1.0,32.0,11.0,122.0,42.0,11.0,6.0,0.0,0.0
39,Premier League,2025,746,Sunderland,365331,N. Sadiki,Noah Junior,Sadiki,21.0,Belgium,165,58,https://media.api-sports.io/football/players/365331.png,Midfielder,33.0,33.0,2907.0,6.76,0.0,1.0,9.0,5.0,1105.0,19.0,85.0,46.0,11.0,34.0,44.0,27.0,230.0,123.0,40.0,32.0,9.0,0.0
39,Premier League,2025,48,West Ham,138,J. Todibo,Jean-Clair Dimitri Roger,Todibo,26.0,France,192,88,https://media.api-sports.io/football/players/138.png,Defender,23.0,22.0,1817.0,6.54,0.0,1.0,1.0,,781.0,5.0,87.0,37.0,13.0,17.0,9.0,4.0,114.0,68.0,3.0,8.0,5.0,1.0
39,Premier League,2025,48,West Ham,171,K. Walker-Peters,Kyle Leonardus,Walker-Peters,28.0,England,173,62,https://media.api-sports.io/football/players/171.png,Defender,23.0,15.0,1401.0,6.69,1.0,0.0,5.0,3.0,596.0,7.0,85.0,44.0,4.0,9.0,24.0,16.0,162.0,98.0,25.0,12.0,2.0,0.0
39,Premier League,2025,48,West Ham,253,A. Areola,Alphonse Francis,Areola,32.0,France,195,94,https://media.api-sports.io/football/players/253.png,Goalkeeper,20.0,20.0,1800.0,6.76,0.0,1.0,,,541.0,1.0,46.0,,,1.0,,,9.0,6.0,1.0,1.0,0.0,0.0
39,Premier League,2025,48,West Ham,1243,T. Souček,Tomáš,Souček,30.0,Czechia,192,86,https://media.api-sports.io/football/players/1243.png,Midfielder,35.0,24.0,2220.0,6.77,5.0,0.0,21.0,14.0,894.0,11.0,77.0,44.0,15.0,16.0,11.0,4.0,262.0,136.0,22.0,37.0,3.0,1.0
39,Premier League,2025,48,West Ham,1445,K. Mavropanos,Konstantinos,Mavropanos,28.0,Greece,194,94,https://media.api-sports.io/football/players/1445.png,Defender,31.0,27.0,2540.0,7.06,3.0,0.0,20.0,8.0,1169.0,4.0,82.0,40.0,30.0,49.0,2.0,2.0,204.0,133.0,9.0,16.0,2.0,0.0
39,Premier League,2025,48,West Ham,1646,Lucas Paquetá,Lucas,Tolentino Coelho de Lima,28.0,Brazil,180,72,https://media.api-sports.io/football/players/1646.png,Attacker,18.0,18.0,1521.0,6.89,4.0,1.0,17.0,11.0,788.0,23.0,77.0,39.0,6.0,8.0,42.0,16.0,264.0,123.0,30.0,28.0,6.0,0.0
39,Premier League,2025,48,West Ham,2476,G. Rodríguez,Guido,Rodríguez,31.0,Argentina,185,80,https://media.api-sports.io/football/players/2476.png,Midfielder,6.0,2.0,177.0,6.58,0.0,0.0,,,76.0,,89.0,1.0,,2.0,,,14.0,7.0,4.0,2.0,1.0,0.0
39,Premier League,2025,48,West Ham,2938,J. Ward-Prowse,James Michael Edward,Ward-Prowse,31.0,England,177,66,https://media.api-sports.io/football/players/2938.png,Midfielder,5.0,5.0,415.0,6.9,0.0,0.0,,,193.0,12.0,89.0,4.0,1.0,5.0,1.0,,23.0,9.0,2.0,4.0,0.0,0.0
39,Premier League,2025,44,Burnley,2938,J. Ward-Prowse,James Michael Edward,Ward-Prowse,31.0,England,177,66,https://media.api-sports.io/football/players/2938.png,Midfielder,13.0,7.0,694.0,6.8,0.0,1.0,2.0,2.0,421.0,11.0,88.0,11.0,6.0,15.0,6.0,2.0,56.0,31.0,11.0,4.0,1.0,0.0
39,Premier League,2025,48,West Ham,2939,C. Wilson,Callum Eddie Graham,Wilson,33.0,England,180,66,https://media.api-sports.io/football/players/2939.png,Attacker,32.0,11.0,1267.0,6.66,7.0,1.0,28.0,16.0,155.0,8.0,64.0,4.0,2.0,3.0,26.0,12.0,147.0,49.0,14.0,12.0,1.0,0.0
39,Premier League,2025,48,West Ham,15870,M. Hermansen,Mads,Hermansen,25.0,Denmark,187,81,https://media.api-sports.io/football/players/15870.png,Goalkeeper,18.0,18.0,1625.0,6.78,0.0,1.0,,,593.0,2.0,58.0,,,,,,11.0,11.0,2.0,,0.0,0.0
39,Premier League,2025,48,West Ham,18744,M. Kilman,Maximilian William,Kilman,28.0,England,194,89,https://media.api-sports.io/football/players/18744.png,Defender,21.0,17.0,1565.0,6.6,0.0,0.0,5.0,1.0,687.0,4.0,87.0,16.0,24.0,9.0,5.0,4.0,132.0,69.0,2.0,16.0,4.0,0.0
39,Premier League,2025,48,West Ham,18846,A. Wan-Bissaka,Aaron,Wan-Bissaka,28.0,England,183,72,https://media.api-sports.io/football/players/18846.png,Midfielder,25.0,23.0,2084.0,6.64,0.0,2.0,,,736.0,18.0,76.0,34.0,7.0,39.0,33.0,16.0,165.0,84.0,12.0,23.0,4.0,0.0
39,Premier League,2025,48,West Ham,19428,J. Bowen,Jarrod,Bowen,29.0,England,176,70,https://media.api-sports.io/football/players/19428.png,Attacker,38.0,38.0,3410.0,6.99,9.0,11.0,50.0,28.0,793.0,45.0,73.0,49.0,7.0,27.0,119.0,53.0,429.0,184.0,49.0,19.0,4.0,0.0
39,Premier League,2025,48,West Ham,21694,N. Aguerd,Nayef,Aguerd,29.0,Morocco,190,76,https://media.api-sports.io/football/players/21694.png,Defender,2.0,2.0,180.0,6.25,0.0,0.0,2.0,,115.0,,90.0,1.0,2.0,1.0,1.0,1.0,10.0,7.0,1.0,,0.0,0.0
39,Premier League,2025,48,West Ham,25391,N. Füllkrug,Niclas,Füllkrug,32.0,Germany,189,83,https://media.api-sports.io/football/players/25391.png,Attacker,8.0,5.0,408.0,6.08,0.0,0.0,7.0,3.0,93.0,7.0,61.0,2.0,1.0,2.0,,,69.0,21.0,1.0,11.0,0.0,0.0
39,Premier League,2025,48,West Ham,68466,A. Irving,Andrew,Irving,25.0,Scotland,190,66,https://media.api-sports.io/football/players/68466.png,Midfielder,7.0,2.0,163.0,6.6,0.0,0.0,,,92.0,3.0,89.0,6.0,1.0,1.0,1.0,,15.0,6.0,,1.0,0.0,0.0
39,Premier League,2025,48,West Ham,284446,F. Potts,Freddie,Potts,22.0,England,183,,https://media.api-sports.io/football/players/284446.png,Midfielder,22.0,12.0,1167.0,6.82,0.0,1.0,1.0,1.0,530.0,8.0,83.0,29.0,3.0,17.0,8.0,2.0,111.0,65.0,14.0,15.0,1.0,0.0
39,Premier League,2025,48,West Ham,327730,O. Scarles,Oliver,Scarles,20.0,England,182,75,https://media.api-sports.io/football/players/327730.png,Defender,13.0,9.0,668.0,6.58,0.0,0.0,3.0,,275.0,5.0,80.0,30.0,1.0,13.0,9.0,2.0,74.0,46.0,7.0,7.0,2.0,0.0
39,Premier League,2025,746,Sunderland,392270,Marc Guiu,Marc,Guiu Paz,19.0,Spain,187,82,https://media.api-sports.io/football/players/392270.png,Attacker,2.0,0.0,23.0,6.25,0.0,0.0,1.0,,5.0,,60.0,,,,,,5.0,1.0,,,0.0,0.0
39,Premier League,2025,49,Chelsea,392270,Marc Guiu,Marc,Guiu Paz,19.0,Spain,187,82,https://media.api-sports.io/football/players/392270.png,Attacker,8.0,1.0,253.0,6.33,0.0,1.0,10.0,2.0,27.0,3.0,70.0,,,,4.0,1.0,31.0,7.0,2.0,10.0,1.0,0.0
39,Premier League,2025,48,West Ham,409303,E. Diouf,El Hadji Malick,Diouf,21.0,Senegal,183,,https://media.api-sports.io/football/players/409303.png,Midfielder,32.0,30.0,2716.0,6.74,0.0,5.0,13.0,4.0,1037.0,30.0,74.0,44.0,13.0,33.0,47.0,23.0,255.0,137.0,25.0,28.0,6.0,0.0
39,Premier League,2025,47,Tottenham,863,R. Bentancur,Rodrigo,Bentancur Colmán,28.0,Uruguay,187,72,https://media.api-sports.io/football/players/863.png,Midfielder,26.0,23.0,1892.0,6.76,1.0,1.0,9.0,3.0,1017.0,10.0,85.0,56.0,7.0,34.0,31.0,19.0,206.0,113.0,8.0,19.0,7.0,0.0
39,Premier League,2025,47,Tottenham,2413,Richarlison,Richarlison,de Andrade,28.0,Brazil,184,83,https://media.api-sports.io/football/players/2413.png,Attacker,32.0,20.0,1957.0,6.83,11.0,4.0,47.0,26.0,319.0,20.0,62.0,27.0,3.0,5.0,30.0,11.0,325.0,137.0,33.0,23.0,5.0,0.0
39,Premier League,2025,48,West Ham,2869,E. Álvarez,Edson Omar,Álvarez Velázquez,28.0,Mexico,187,73,https://media.api-sports.io/football/players/2869.png,Midfielder,0.0,0.0,,,0.0,0.0,,,,,,,,,,,,,,,0.0,0.0
39,Premier League,2025,47,Tottenham,15911,M. Kudus,Mohammed,Kudus,25.0,Ghana,177,70,https://media.api-sports.io/football/players/15911.png,Attacker,19.0,19.0,1545.0,6.89,2.0,5.0,16.0,9.0,444.0,25.0,85.0,29.0,,3.0,102.0,52.0,263.0,107.0,15.0,23.0,3.0,0.0
39,Premier League,2025,47,Tottenham,18883,D. Solanke,Dominic Ayodele,Solanke-Mitchell,28.0,England,187,80,https://media.api-sports.io/football/players/18883.png,Attacker,15.0,11.0,1000.0,6.87,3.0,0.0,14.0,11.0,158.0,6.0,74.0,22.0,2.0,3.0,24.0,11.0,145.0,61.0,9.0,12.0,1.0,0.0
39,Premier League,2025,47,Tottenham,19235,D. Spence,Diop Tehuti,Djed-Hotep Spence,25.0,England,185,71,https://media.api-sports.io/football/players/19235.png,Defender,30.0,23.0,2090.0,6.56,0.0,0.0,10.0,8.0,882.0,10.0,80.0,43.0,3.0,17.0,76.0,31.0,251.0,118.0,21.0,28.0,4.0,0.0
39,Premier League,2025,47,Tottenham,25287,K. Danso,Kevin,Danso,27.0,Austria,190,85,https://media.api-sports.io/football/players/25287.png,Defender,24.0,17.0,1519.0,6.86,0.0,0.0,6.0,2.0,952.0,2.0,87.0,27.0,11.0,24.0,3.0,2.0,198.0,120.0,13.0,21.0,8.0,0.0
39,Premier League,2025,47,Tottenham,30776,C. Romero,Cristian Gabriel,Romero,27.0,Argentina,185,78,https://media.api-sports.io/football/players/30776.png,Defender,23.0,22.0,1872.0,7.13,4.0,1.0,15.0,6.0,1128.0,12.0,87.0,58.0,14.0,31.0,10.0,8.0,234.0,155.0,16.0,32.0,10.0,1.0
39,Premier League,2025,47,Tottenham,31354,G. Vicario,Guglielmo,Vicario,29.0,Italy,194,83,https://media.api-sports.io/football/players/31354.png,Goalkeeper,31.0,31.0,2790.0,6.87,0.0,0.0,,,1071.0,1.0,67.0,1.0,,,,,18.0,16.0,3.0,,1.0,0.0
39,Premier League,2025,47,Tottenham,41104,João Palhinha,João Maria,Lobo Alves Palhinha Gonçalves,30.0,Portugal,190,84,https://media.api-sports.io/football/players/41104.png,Midfielder,33.0,23.0,2210.0,7.04,5.0,2.0,19.0,9.0,1042.0,8.0,81.0,110.0,12.0,30.0,23.0,10.0,312.0,192.0,36.0,28.0,8.0,0.0
39,Premier League,2025,47,Tottenham,47519,Pedro Porro,Pedro Antonio,Porro Sauceda,26.0,Spain,173,69,https://media.api-sports.io/football/players/47519.png,Defender,34.0,32.0,2810.0,6.89,1.0,2.0,23.0,8.0,1469.0,56.0,74.0,75.0,10.0,29.0,45.0,19.0,269.0,139.0,26.0,32.0,10.0,0.0
39,Premier League,2025,47,Tottenham,129711,B. Johnson,Brennan Price,Johnson,24.0,Wales,186,73,https://media.api-sports.io/football/players/129711.png,Attacker,16.0,6.0,628.0,6.63,2.0,0.0,5.0,2.0,140.0,6.0,70.0,13.0,1.0,2.0,10.0,3.0,42.0,24.0,4.0,2.0,2.0,0.0
39,Premier League,2025,52,Crystal Palace,129711,B. Johnson,Brennan Price,Johnson,24.0,Wales,186,73,https://media.api-sports.io/football/players/129711.png,Attacker,18.0,13.0,1124.0,6.54,0.0,1.0,11.0,3.0,242.0,13.0,63.0,16.0,,2.0,19.0,6.0,106.0,43.0,11.0,18.0,4.0,0.0
39,Premier League,2025,47,Tottenham,152849,M. van de Ven,Micky,van de Ven,24.0,Netherlands,193,81,https://media.api-sports.io/football/players/152849.png,Defender,35.0,35.0,3055.0,6.73,4.0,1.0,13.0,6.0,1762.0,6.0,90.0,39.0,22.0,23.0,15.0,11.0,218.0,119.0,22.0,29.0,9.0,1.0
39,Premier League,2025,47,Tottenham,237129,P. Sarr,Pape Matar,Sarr,23.0,Senegal,185,70,https://media.api-sports.io/football/players/237129.png,Midfielder,26.0,13.0,1410.0,6.82,2.0,4.0,10.0,6.0,631.0,11.0,84.0,33.0,10.0,18.0,22.0,13.0,188.0,86.0,13.0,29.0,3.0,0.0
39,Premier League,2025,47,Tottenham,265826,A. Kinský,Antonín,Kinský,22.0,Czechia,190,83,https://media.api-sports.io/football/players/265826.png,Goalkeeper,7.0,7.0,642.0,6.87,0.0,0.0,,,219.0,,63.0,,,,,,4.0,4.0,1.0,,0.0,0.0
39,Premier League,2025,47,Tottenham,270510,M. Tel,Mathys Henri,Tel,20.0,France,183,77,https://media.api-sports.io/football/players/270510.png,Attacker,31.0,13.0,1358.0,6.74,4.0,1.0,24.0,8.0,358.0,30.0,77.0,19.0,2.0,6.0,78.0,39.0,236.0,96.0,23.0,19.0,1.0,0.0
39,Premier League,2025,47,Tottenham,328089,A. Gray,Archie James Francis,Gray,19.0,England,187,70,https://media.api-sports.io/football/players/328089.png,Midfielder,24.0,18.0,1512.0,6.58,2.0,2.0,8.0,5.0,539.0,8.0,83.0,11.0,4.0,17.0,16.0,7.0,85.0,29.0,2.0,12.0,5.0,0.0
39,Premier League,2025,47,Tottenham,336564,W. Odobert,Wilson Serge Eric,Odobert,21.0,France,182,76,https://media.api-sports.io/football/players/336564.png,Attacker,24.0,10.0,990.0,6.61,0.0,2.0,18.0,8.0,325.0,20.0,84.0,9.0,,1.0,42.0,24.0,103.0,48.0,10.0,2.0,0.0,0.0
39,Premier League,2025,47,Tottenham,347316,L. Bergvall,Lucas Erik Holger,Bergvall,19.0,Sweden,187,74,https://media.api-sports.io/football/players/347316.png,Midfielder,23.0,11.0,979.0,6.57,1.0,3.0,11.0,5.0,305.0,5.0,81.0,22.0,2.0,2.0,24.0,15.0,113.0,49.0,7.0,24.0,2.0,0.0
39,Premier League,2025,47,Tottenham,387521,L. Vušković,Luka,Vušković,18.0,Croatia,193,86,https://media.api-sports.io/football/players/387521.png,Defender,0.0,0.0,,,0.0,0.0,,,,,,,,,,,,,,,0.0,0.0
39,Premier League,2025,44,Burnley,22,J. Bruun Larsen,Jacob,Bruun Larsen,27.0,Denmark,183,77,https://media.api-sports.io/football/players/22.png,Attacker,28.0,10.0,1038.0,6.5,0.0,1.0,10.0,4.0,292.0,12.0,81.0,12.0,1.0,6.0,35.0,10.0,92.0,33.0,,1.0,0.0,0.0
39,Premier League,2025,47,Tottenham,164,B. Davies,Benjamin Thomas,Davies,32.0,Wales,181,77,https://media.api-sports.io/football/players/164.png,Defender,3.0,2.0,138.0,6.93,1.0,0.0,2.0,2.0,66.0,1.0,86.0,5.0,1.0,1.0,,,15.0,9.0,,2.0,1.0,0.0
39,Premier League,2025,44,Burnley,627,K. Walker,Kyle Andrew,Walker,35.0,England,183,80,https://media.api-sports.io/football/players/627.png,Defender,36.0,35.0,3097.0,6.61,0.0,2.0,1.0,,1440.0,13.0,77.0,56.0,10.0,45.0,27.0,13.0,261.0,138.0,22.0,32.0,9.0,0.0
39,Premier League,2025,44,Burnley,1746,J. Worrall,Joseph Adrian,Worrall,29.0,England,193,64,https://media.api-sports.io/football/players/1746.png,Defender,11.0,5.0,517.0,6.52,0.0,0.0,1.0,,155.0,,80.0,4.0,7.0,5.0,,,52.0,25.0,1.0,4.0,0.0,0.0
39,Premier League,2025,44,Burnley,18886,M. Dúbravka,Martin,Dúbravka,36.0,Slovakia,190,83,https://media.api-sports.io/football/players/18886.png,Goalkeeper,35.0,35.0,3150.0,6.99,0.0,0.0,,,1204.0,,58.0,1.0,,,,,34.0,29.0,8.0,,1.0,0.0
39,Premier League,2025,44,Burnley,19827,J. Cullen,Joshua Jon,Cullen,29.0,Republic of Ireland,175,70,https://media.api-sports.io/football/players/19827.png,Midfielder,18.0,18.0,1519.0,6.91,2.0,2.0,7.0,6.0,866.0,13.0,84.0,31.0,11.0,22.0,6.0,2.0,121.0,66.0,18.0,16.0,2.0,0.0
39,Premier League,2025,44,Burnley,20303,J. Laurent,Joshua Ishaele Jacob-Heron,Hunt-Laurent,30.0,England,188,70,https://media.api-sports.io/football/players/20303.png,Midfielder,33.0,18.0,1783.0,6.45,1.0,0.0,10.0,4.0,642.0,12.0,78.0,48.0,8.0,27.0,19.0,9.0,195.0,94.0,11.0,31.0,7.0,1.0
39,Premier League,2025,44,Burnley,36927,Z. Flemming,Zian,Flemming,27.0,Netherlands,185,84,https://media.api-sports.io/football/players/36927.png,Midfielder,29.0,21.0,1807.0,6.83,11.0,0.0,38.0,21.0,278.0,10.0,65.0,17.0,5.0,7.0,11.0,4.0,274.0,114.0,26.0,50.0,5.0,0.0
39,Premier League,2025,44,Burnley,37882,M. Edwards,Marcus,Edwards,27.0,England,168,65,https://media.api-sports.io/football/players/37882.png,Attacker,23.0,11.0,1073.0,6.67,1.0,3.0,14.0,6.0,338.0,20.0,82.0,11.0,,2.0,38.0,14.0,127.0,45.0,18.0,7.0,0.0,0.0
39,Premier League,2025,44,Burnley,47903,H. Ekdal,Hjalmar,Ekdal,27.0,Sweden,188,77,https://media.api-sports.io/football/players/47903.png,Defender,19.0,17.0,1539.0,6.67,0.0,0.0,4.0,1.0,681.0,4.0,85.0,24.0,13.0,12.0,4.0,2.0,130.0,83.0,7.0,5.0,0.0,0.0
39,Premier League,2025,44,Burnley,98936,L. Foster,Lyle Brent,Foster,25.0,South Africa,185,70,https://media.api-sports.io/football/players/98936.png,Attacker,26.0,15.0,1372.0,6.47,3.0,2.0,13.0,6.0,281.0,10.0,70.0,16.0,3.0,4.0,22.0,10.0,208.0,66.0,13.0,22.0,4.0,0.0
39,Premier League,2025,44,Burnley,128895,O. Sonne,Oliver,Sonne,25.0,Denmark,184,72,https://media.api-sports.io/football/players/128895.png,Defender,7.0,1.0,165.0,6.73,1.0,0.0,3.0,1.0,59.0,1.0,66.0,2.0,,1.0,3.0,1.0,18.0,8.0,,4.0,0.0,0.0
39,Premier League,2025,44,Burnley,161621,L. Tchaouna,Loum,Tchaouna,22.0,France,180,68,https://media.api-sports.io/football/players/161621.png,Attacker,29.0,14.0,1316.0,6.57,2.0,1.0,14.0,9.0,342.0,13.0,75.0,18.0,1.0,2.0,21.0,7.0,136.0,54.0,16.0,13.0,2.0,0.0
39,Premier League,2025,44,Burnley,179400,M. Estève,Maxime,Estève,23.0,France,193,87,https://media.api-sports.io/football/players/179400.png,Defender,34.0,34.0,2937.0,6.64,0.0,0.0,9.0,1.0,1346.0,7.0,86.0,44.0,33.0,37.0,5.0,3.0,210.0,139.0,12.0,13.0,1.0,0.0
39,Premier League,2025,44,Burnley,180560,H. Mejbri,Hannibal,Mejbri,22.0,Tunisia,177,74,https://media.api-sports.io/football/players/180560.png,Midfielder,27.0,15.0,1253.0,6.72,1.0,4.0,11.0,5.0,509.0,21.0,77.0,29.0,3.0,8.0,34.0,20.0,206.0,102.0,47.0,24.0,10.0,0.0
39,Premier League,2025,44,Burnley,196855,J. Anthony,Jaidon Kya Denley,Anthony,26.0,England,183,,https://media.api-sports.io/football/players/196855.png,Midfielder,37.0,32.0,2743.0,6.78,8.0,2.0,42.0,23.0,896.0,37.0,79.0,42.0,7.0,15.0,100.0,35.0,321.0,133.0,47.0,28.0,4.0,0.0
39,Premier League,2025,44,Burnley,270508,L. Ugochukwu,Lesley Chimuanya,Ugochukwu,21.0,France,190,72,https://media.api-sports.io/football/players/270508.png,Midfielder,35.0,27.0,2359.0,6.72,3.0,1.0,14.0,8.0,787.0,10.0,83.0,51.0,21.0,18.0,31.0,15.0,245.0,121.0,30.0,28.0,2.0,0.0
39,Premier League,2025,44,Burnley,328273,M. Weiß,Max,Weiß,21.0,Germany,190,84,https://media.api-sports.io/football/players/328273.png,Goalkeeper,3.0,3.0,270.0,7.67,0.0,0.0,,,111.0,1.0,60.0,,,,,,2.0,1.0,,,0.0,0.0
39,Premier League,2025,44,Burnley,330238,Lucas Pires,Lucas,Pires Silva,24.0,Brazil,175,71,https://media.api-sports.io/football/players/330238.png,Defender,20.0,15.0,1406.0,6.59,0.0,0.0,10.0,4.0,561.0,20.0,84.0,29.0,6.0,20.0,28.0,18.0,121.0,54.0,4.0,15.0,1.0,1.0
39,Premier League,2025,44,Burnley,375915,Q. Hartman,Quilindschy,Hartman,24.0,Netherlands,183,77,https://media.api-sports.io/football/players/375915.png,Defender,21.0,21.0,1830.0,6.48,0.0,5.0,7.0,3.0,736.0,20.0,75.0,52.0,4.0,31.0,12.0,5.0,127.0,70.0,3.0,13.0,1.0,0.0
39,Premier League,2025,39,Wolves,285,K. Hoever,Ki-Jana Delano,Hoever,23.0,Netherlands,183,65,https://media.api-sports.io/football/players/285.png,Midfielder,8.0,6.0,428.0,6.56,0.0,0.0,1.0,1.0,154.0,5.0,68.0,13.0,1.0,6.0,8.0,5.0,45.0,27.0,3.0,3.0,0.0,0.0
39,Premier League,2025,39,Wolves,1590,José Sá,José Pedro,Malheiro de Sá,32.0,Portugal,192,84,https://media.api-sports.io/football/players/1590.png,Goalkeeper,23.0,23.0,2070.0,6.85,0.0,0.0,,,692.0,1.0,59.0,1.0,,,,,23.0,22.0,6.0,,2.0,0.0
39,Premier League,2025,39,Wolves,2032,J. Strand Larsen,Jørgen,Strand Larsen,25.0,Norway,193,79,https://media.api-sports.io/football/players/2032.png,Attacker,22.0,14.0,1405.0,6.37,1.0,1.0,16.0,7.0,260.0,7.0,65.0,6.0,5.0,3.0,12.0,5.0,190.0,65.0,11.0,31.0,2.0,0.0
39,Premier League,2025,52,Crystal Palace,2032,J. Strand Larsen,Jørgen,Strand Larsen,25.0,Norway,193,79,https://media.api-sports.io/football/players/2032.png,Attacker,14.0,12.0,911.0,6.5,3.0,0.0,18.0,7.0,233.0,3.0,63.0,3.0,2.0,1.0,15.0,6.0,161.0,56.0,10.0,21.0,2.0,0.0
39,Premier League,2025,39,Wolves,3080,M. Munetsi,Marshall Nyasha,Munetsi,29.0,Zimbabwe,188,83,https://media.api-sports.io/football/players/3080.png,Attacker,13.0,9.0,877.0,6.6,1.0,1.0,12.0,6.0,169.0,3.0,63.0,21.0,2.0,7.0,9.0,5.0,142.0,65.0,10.0,19.0,2.0,0.0
39,Premier League,2025,39,Wolves,13708,J. Arias,Jhon Adolfo,Arias Andrade,28.0,Colombia,170,77,https://media.api-sports.io/football/players/13708.png,Midfielder,23.0,14.0,1121.0,6.63,1.0,0.0,10.0,3.0,398.0,11.0,89.0,43.0,2.0,8.0,20.0,8.0,165.0,70.0,9.0,25.0,1.0,0.0
39,Premier League,2025,39,Wolves,18742,M. Doherty,Matthew James,Doherty,33.0,Republic of Ireland,185,80,https://media.api-sports.io/football/players/18742.png,Defender,11.0,11.0,791.0,6.55,0.0,0.0,1.0,,297.0,3.0,80.0,16.0,6.0,7.0,2.0,2.0,82.0,44.0,6.0,16.0,4.0,0.0
39,Premier League,2025,39,Wolves,19143,S. Johnstone,Samuel Luke,Johnstone,32.0,England,193,85,https://media.api-sports.io/football/players/19143.png,Goalkeeper,12.0,12.0,1080.0,6.93,0.0,0.0,,,438.0,,55.0,2.0,,,,,6.0,5.0,,,0.0,0.0
39,Premier League,2025,39,Wolves,20665,J. Bellegarde,Jean-Ricner,Bellegarde,27.0,France,170,70,https://media.api-sports.io/football/players/20665.png,Attacker,26.0,15.0,1251.0,6.78,1.0,1.0,15.0,7.0,426.0,14.0,79.0,28.0,3.0,10.0,30.0,18.0,170.0,94.0,41.0,20.0,5.0,0.0
39,Premier League,2025,39,Wolves,24888,Hwang Hee-Chan,Hee-Chan,Hwang,29.0,Korea Republic,177,77,https://media.api-sports.io/football/players/24888.png,Attacker,26.0,18.0,1461.0,6.61,2.0,2.0,15.0,6.0,378.0,15.0,75.0,10.0,,13.0,25.0,9.0,118.0,43.0,18.0,28.0,5.0,0.0
39,Premier League,2025,39,Wolves,41606,Toti Gomes,Tote António,Gomes,26.0,Portugal,187,72,https://media.api-sports.io/football/players/41606.png,Defender,19.0,17.0,1427.0,6.56,0.0,0.0,4.0,2.0,816.0,6.0,86.0,23.0,12.0,14.0,12.0,10.0,109.0,68.0,11.0,11.0,2.0,1.0
39,Premier League,2025,39,Wolves,135068,E. Agbadou,Emmanuel Elysee,Djedje Agbadou Badobre,28.0,Côte d'Ivoire,192,80,https://media.api-sports.io/football/players/135068.png,Defender,14.0,12.0,1101.0,6.85,0.0,0.0,7.0,3.0,659.0,4.0,83.0,32.0,15.0,13.0,5.0,4.0,105.0,67.0,5.0,10.0,1.0,1.0
39,Premier League,2025,39,Wolves,135334,S. Bueno,Santiago Ignacio,Bueno Sciutto,27.0,Uruguay,190,76,https://media.api-sports.io/football/players/135334.png,Defender,29.0,28.0,2553.0,6.77,3.0,1.0,8.0,7.0,1083.0,10.0,86.0,50.0,21.0,27.0,2.0,,201.0,109.0,11.0,30.0,4.0,0.0
39,Premier League,2025,39,Wolves,195103,João Gomes,João Victor,Gomes da Silva,24.0,Brazil,176,74,https://media.api-sports.io/football/players/195103.png,Midfielder,35.0,32.0,2843.0,6.78,1.0,1.0,13.0,7.0,1453.0,16.0,85.0,108.0,6.0,36.0,67.0,43.0,449.0,227.0,49.0,69.0,10.0,0.0
39,Premier League,2025,39,Wolves,195717,Y. Mosquera,Yerson,Mosquera Valdelamar,24.0,Colombia,187,76,https://media.api-sports.io/football/players/195717.png,Defender,27.0,24.0,2142.0,6.68,0.0,0.0,22.0,6.0,793.0,11.0,80.0,62.0,17.0,29.0,23.0,9.0,280.0,160.0,44.0,34.0,12.0,0.0
39,Premier League,2025,39,Wolves,265782,D. Møller Wolfe,David,Møller Wolfe,23.0,Norway,185,78,https://media.api-sports.io/football/players/265782.png,Midfielder,22.0,11.0,1061.0,6.57,0.0,2.0,1.0,,260.0,8.0,74.0,10.0,2.0,7.0,8.0,5.0,56.0,30.0,4.0,10.0,1.0,0.0
39,Premier League,2025,39,Wolves,265784,André,André Trindade,da Costa Neto,24.0,Brazil,176,77,https://media.api-sports.io/football/players/265784.png,Midfielder,35.0,30.0,2766.0,6.81,1.0,0.0,5.0,1.0,1306.0,18.0,91.0,82.0,13.0,30.0,34.0,19.0,290.0,148.0,43.0,47.0,12.0,0.0
39,Premier League,2025,44,Burnley,278079,A. Ramsey,Aaron James,Ramsey,22.0,England,181,,https://media.api-sports.io/football/players/278079.png,Midfielder,0.0,0.0,,,0.0,0.0,,,,,,,,,,,,,,,0.0,0.0
39,Premier League,2025,39,Wolves,280687,Hugo Bueno,Hugo,Bueno López,23.0,Spain,180,73,https://media.api-sports.io/football/players/280687.png,Defender,35.0,26.0,2375.0,6.65,1.0,2.0,12.0,6.0,846.0,38.0,80.0,67.0,4.0,39.0,77.0,31.0,292.0,141.0,24.0,17.0,3.0,0.0
39,Premier League,2025,39,Wolves,282770,Rodrigo Gomes,Rodrigo Martins,Gomes,22.0,Portugal,175,67,https://media.api-sports.io/football/players/282770.png,Defender,22.0,9.0,978.0,6.64,3.0,0.0,18.0,6.0,263.0,4.0,72.0,23.0,2.0,9.0,26.0,8.0,104.0,45.0,8.0,6.0,0.0,0.0
39,Premier League,2025,39,Wolves,391822,Fer López,Fernando,López González,21.0,Spain,188,76,https://media.api-sports.io/football/players/391822.png,Attacker,9.0,2.0,236.0,6.49,0.0,1.0,2.0,1.0,103.0,3.0,72.0,1.0,,,7.0,3.0,32.0,10.0,4.0,6.0,1.0,0.0
39,Premier League,2025,50,Manchester City,5,M. Akanji,Manuel Obafemi,Akanji,30.0,Switzerland,188,91,https://media.api-sports.io/football/players/5.png,Defender,0.0,0.0,,,0.0,0.0,,,,,,,,,,,,,,,0.0,0.0
39,Premier League,2025,50,Manchester City,567,Rúben Dias,Rúben,dos Santos Gato Alves Dias,28.0,Portugal,187,76,https://media.api-sports.io/football/players/567.png,Defender,26.0,24.0,2161.0,7.17,2.0,0.0,7.0,4.0,1751.0,7.0,92.0,13.0,17.0,23.0,6.0,3.0,136.0,82.0,9.0,15.0,3.0,0.0
39,Premier League,2025,50,Manchester City,626,J. Stones,John,Stones,31.0,England,188,80,https://media.api-sports.io/football/players/626.png,Defender,9.0,5.0,449.0,6.5,0.0,0.0,,,299.0,1.0,93.0,1.0,6.0,3.0,2.0,2.0,20.0,14.0,,,0.0,0.0
39,Premier League,2025,50,Manchester City,636,Bernardo Silva,Bernardo,Mota Veiga de Carvalho e Silva,31.0,Portugal,173,65,https://media.api-sports.io/football/players/636.png,Midfielder,38.0,34.0,2890.0,6.85,2.0,4.0,17.0,7.0,2196.0,47.0,90.0,53.0,6.0,22.0,49.0,21.0,244.0,100.0,22.0,37.0,10.0,0.0
39,Premier League,2025,50,Manchester City,1100,E. Haaland,Erling,Braut Haaland,25.0,Norway,195,88,https://media.api-sports.io/football/players/1100.png,Attacker,35.0,34.0,2958.0,7.31,27.0,8.0,102.0,59.0,380.0,25.0,65.0,15.0,1.0,5.0,31.0,16.0,240.0,129.0,25.0,24.0,2.0,0.0
39,Premier League,2025,50,Manchester City,1422,J. Doku,Jérémy Baffour,Doku,23.0,Belgium,173,66,https://media.api-sports.io/football/players/1422.png,Attacker,30.0,19.0,1796.0,7.39,5.0,5.0,24.0,15.0,772.0,60.0,82.0,23.0,,13.0,147.0,82.0,320.0,169.0,61.0,23.0,0.0,0.0
39,Premier League,2025,39,Wolves,7722,S. Kalajdzic,Saša,Kalajdžić,28.0,Austria,200,90,https://media.api-sports.io/football/players/7722.png,Attacker,1.0,0.0,14.0,6.2,0.0,0.0,,,5.0,,80.0,,,1.0,1.0,,5.0,2.0,,,0.0,0.0
39,Premier League,2025,50,Manchester City,18861,N. Aké,Nathan Benjamin,Aké,30.0,Netherlands,180,75,https://media.api-sports.io/football/players/18861.png,Defender,18.0,6.0,703.0,6.81,0.0,0.0,5.0,1.0,492.0,7.0,88.0,8.0,1.0,5.0,1.0,,50.0,33.0,8.0,3.0,1.0,0.0
39,Premier League,2025,50,Manchester City,21138,R. Aït-Nouri,Rayan,Aït-Nouri,24.0,Algeria,180,70,https://media.api-sports.io/football/players/21138.png,Defender,17.0,12.0,988.0,6.92,0.0,2.0,8.0,2.0,588.0,12.0,90.0,34.0,1.0,13.0,42.0,22.0,143.0,80.0,10.0,17.0,2.0,0.0
39,Premier League,2025,50,Manchester City,25004,S. Ortega,Stefan,Ortega Moreno,33.0,Germany,185,88,https://media.api-sports.io/football/players/25004.png,Goalkeeper,0.0,0.0,,,0.0,0.0,,,,,,,,,,,,,,,0.0,0.0
39,Premier League,2025,65,Nottingham Forest,25004,S. Ortega,Stefan,Ortega Moreno,33.0,Germany,185,88,https://media.api-sports.io/football/players/25004.png,Goalkeeper,3.0,3.0,270.0,7.03,0.0,0.0,,,68.0,,69.0,,,,,,1.0,1.0,,,0.0,0.0
39,Premier League,2025,50,Manchester City,36902,T. Reijnders,Tijjani,Reijnders,27.0,Netherlands,178,73,https://media.api-sports.io/football/players/36902.png,Midfielder,28.0,19.0,1640.0,6.85,5.0,2.0,36.0,16.0,797.0,18.0,89.0,10.0,1.0,11.0,44.0,19.0,118.0,47.0,15.0,19.0,2.0,0.0
39,Premier League,2025,50,Manchester City,41621,Matheus Nunes,Matheus Luiz,Nunes,27.0,Portugal,183,78,https://media.api-sports.io/football/players/41621.png,Midfielder,34.0,32.0,2865.0,6.97,1.0,5.0,6.0,2.0,2154.0,28.0,89.0,58.0,8.0,30.0,57.0,28.0,268.0,158.0,30.0,17.0,5.0,0.0
39,Premier League,2025,50,Manchester City,81573,Omar Marmoush,Omar Khaled Mohamed Abd Elsala,Marmoush,26.0,Egypt,180,81,https://media.api-sports.io/football/players/81573.png,Attacker,21.0,8.0,734.0,6.7,3.0,3.0,21.0,9.0,163.0,12.0,87.0,13.0,2.0,2.0,22.0,10.0,91.0,46.0,21.0,10.0,3.0,0.0
39,Premier League,2025,50,Manchester City,156477,R. Cherki,Mathis Rayan,Cherki,22.0,France,180,71,https://media.api-sports.io/football/players/156477.png,Midfielder,33.0,19.0,1806.0,7.2,4.0,12.0,32.0,13.0,1271.0,61.0,86.0,26.0,1.0,7.0,105.0,50.0,241.0,111.0,34.0,16.0,1.0,0.0
39,Premier League,2025,50,Manchester City,161933,Nico González,Nicolás,González Iglesias,23.0,Spain,189,88,https://media.api-sports.io/football/players/161933.png,Midfielder,25.0,17.0,1587.0,7,1.0,0.0,5.0,2.0,1306.0,11.0,90.0,42.0,6.0,24.0,17.0,12.0,189.0,104.0,18.0,30.0,6.0,0.0
39,Premier League,2025,50,Manchester City,162489,J. Trafford,James Harrington,Trafford,23.0,England,197,83,https://media.api-sports.io/football/players/162489.png,Goalkeeper,4.0,4.0,372.0,7.08,0.0,0.0,,,118.0,,73.0,2.0,,,1.0,1.0,5.0,5.0,1.0,,0.0,0.0
39,Premier League,2025,50,Manchester City,278133,Oscar Bobb,Oscar,Bobb,22.0,Norway,177,70,https://media.api-sports.io/football/players/278133.png,Attacker,9.0,5.0,472.0,6.88,0.0,1.0,1.0,,207.0,10.0,90.0,8.0,,3.0,26.0,16.0,67.0,36.0,9.0,5.0,1.0,0.0
39,Premier League,2025,36,Fulham,278133,Oscar Bobb,Oscar,Bobb,22.0,Norway,177,70,https://media.api-sports.io/football/players/278133.png,Midfielder,14.0,6.0,578.0,6.75,0.0,0.0,7.0,3.0,194.0,12.0,80.0,13.0,,6.0,19.0,11.0,67.0,35.0,8.0,4.0,0.0,0.0
39,Premier League,2025,50,Manchester City,284230,R. Lewis,Rico Henry Mark,Lewis,21.0,England,170,64,https://media.api-sports.io/football/players/284230.png,Defender,11.0,4.0,435.0,6.63,0.0,1.0,2.0,,283.0,7.0,84.0,6.0,1.0,7.0,4.0,2.0,38.0,18.0,9.0,5.0,2.0,0.0
39,Premier League,2025,50,Manchester City,307123,N. O&apos;Reilly,Nico,O'Reilly,20.0,England,177,77,https://media.api-sports.io/football/players/307123.png,Midfielder,34.0,29.0,2648.0,6.88,5.0,3.0,28.0,15.0,1347.0,23.0,86.0,68.0,12.0,20.0,60.0,24.0,344.0,161.0,18.0,45.0,5.0,0.0
39,Premier League,2025,50,Manchester City,360114,A. Khusanov,Abduqodir,Khusanov,21.0,Uzbekistan,186,84,https://media.api-sports.io/football/players/360114.png,Defender,21.0,15.0,1429.0,6.91,0.0,0.0,7.0,1.0,1080.0,6.0,91.0,27.0,9.0,33.0,9.0,7.0,91.0,55.0,6.0,14.0,2.0,0.0
39,Premier League,2025,50,Manchester City,633,İ. Gündoğan,İlkay,Gündoğan,35.0,Germany,180,80,https://media.api-sports.io/football/players/633.png,Midfielder,0.0,0.0,,,0.0,0.0,,,,,,,,,,,,,,,0.0,0.0
39,Premier League,2025,49,Chelsea,1864,Pedro Neto,Pedro,Lomba Neto,25.0,Portugal,174,62,https://media.api-sports.io/football/players/1864.png,Midfielder,34.0,30.0,2643.0,6.97,5.0,6.0,24.0,13.0,931.0,55.0,87.0,19.0,,6.0,104.0,47.0,247.0,100.0,25.0,16.0,3.0,0.0
39,Premier League,2025,49,Chelsea,5996,E. Fernández,Enzo Jeremías,Fernández,24.0,Argentina,178,76,https://media.api-sports.io/football/players/5996.png,Midfielder,36.0,35.0,3134.0,7.18,10.0,4.0,52.0,31.0,2035.0,69.0,86.0,53.0,2.0,21.0,48.0,13.0,310.0,137.0,45.0,36.0,10.0,0.0
39,Premier League,2025,49,Chelsea,10329,João Pedro,João Pedro,Junqueira de Jesus,24.0,Brazil,182,70,https://media.api-sports.io/football/players/10329.png,Attacker,35.0,31.0,2687.0,7.07,15.0,5.0,52.0,28.0,694.0,29.0,75.0,27.0,5.0,6.0,77.0,40.0,404.0,196.0,56.0,38.0,5.0,0.0
39,Premier League,2025,49,Chelsea,18959,Robert Sánchez,Robert,Lynch Sánchez,28.0,Spain,197,90,https://media.api-sports.io/football/players/18959.png,Goalkeeper,35.0,35.0,3054.0,6.91,0.0,1.0,,,1305.0,5.0,66.0,2.0,,1.0,,,29.0,26.0,14.0,2.0,3.0,1.0
39,Premier League,2025,49,Chelsea,19545,R. James,Reece Lewis,James,26.0,England,182,82,https://media.api-sports.io/football/players/19545.png,Defender,29.0,20.0,1973.0,7.19,2.0,4.0,13.0,7.0,1322.0,27.0,88.0,48.0,6.0,33.0,22.0,11.0,190.0,113.0,22.0,27.0,4.0,0.0
39,Premier League,2025,49,Chelsea,19720,T. Chalobah,Trevoh Thomas,Chalobah,26.0,England,190,75,https://media.api-sports.io/football/players/19720.png,Defender,34.0,31.0,2795.0,6.94,3.0,0.0,13.0,5.0,2280.0,5.0,93.0,35.0,17.0,36.0,9.0,7.0,228.0,133.0,18.0,20.0,3.0,1.0
39,Premier League,2025,49,Chelsea,22094,W. Fofana,Wesley Tidjan,Fofana,25.0,France,190,84,https://media.api-sports.io/football/players/22094.png,Defender,25.0,20.0,1726.0,6.86,0.0,1.0,5.0,1.0,1250.0,3.0,92.0,19.0,19.0,40.0,14.0,10.0,188.0,114.0,17.0,27.0,7.0,0.0
39,Premier League,2025,49,Chelsea,47380,Marc Cucurella,Marc,Cucurella Saseta,27.0,Spain,174,66,https://media.api-sports.io/football/players/47380.png,Defender,34.0,31.0,2723.0,6.68,1.0,4.0,14.0,6.0,1443.0,39.0,87.0,55.0,8.0,32.0,3.0,1.0,228.0,120.0,29.0,45.0,8.0,1.0
39,Premier League,2025,49,Chelsea,116117,M. Caicedo,Moisés Isaac,Caicedo Corozo,24.0,Ecuador,178,73,https://media.api-sports.io/football/players/116117.png,Midfielder,33.0,32.0,2802.0,7.17,3.0,1.0,14.0,7.0,2049.0,19.0,91.0,87.0,15.0,59.0,28.0,15.0,309.0,172.0,55.0,54.0,11.0,1.0
39,Premier League,2025,49,Chelsea,152982,C. Palmer,Cole Jermaine,Palmer,23.0,England,189,76,https://media.api-sports.io/football/players/152982.png,Midfielder,26.0,24.0,1978.0,7.04,10.0,1.0,43.0,25.0,819.0,25.0,85.0,25.0,,15.0,67.0,22.0,190.0,84.0,37.0,13.0,5.0,0.0
39,Premier League,2025,49,Chelsea,161907,M. Gusto,Malo,Gusto,22.0,France,179,67,https://media.api-sports.io/football/players/161907.png,Defender,34.0,26.0,2267.0,6.66,2.0,3.0,9.0,6.0,1260.0,28.0,86.0,53.0,5.0,31.0,24.0,12.0,186.0,100.0,20.0,20.0,4.0,0.0
39,Premier League,2025,49,Chelsea,161948,L. Delap,Liam Rory,Delap,22.0,England,186,72,https://media.api-sports.io/football/players/161948.png,Attacker,28.0,12.0,1139.0,6.46,1.0,0.0,26.0,11.0,189.0,3.0,69.0,5.0,,1.0,13.0,10.0,151.0,59.0,19.0,25.0,4.0,0.0
39,Premier League,2025,49,Chelsea,286616,F. Jörgensen,Filip,Jörgensen,23.0,Denmark,192,85,https://media.api-sports.io/football/players/286616.png,Goalkeeper,5.0,3.0,378.0,6.68,0.0,0.0,,,171.0,,76.0,,,1.0,1.0,1.0,4.0,3.0,,,0.0,0.0
39,Premier League,2025,49,Chelsea,286894,J. Bynoe-Gittens,Jamie Jermaine,Bynoe-Gittens,21.0,England,175,70,https://media.api-sports.io/football/players/286894.png,Midfielder,16.0,5.0,495.0,6.6,0.0,2.0,4.0,2.0,149.0,9.0,79.0,8.0,1.0,2.0,21.0,13.0,59.0,32.0,8.0,6.0,0.0,0.0
39,Premier League,2025,49,Chelsea,305834,Andrey Santos,Andrey,Nascimento dos Santos,21.0,Brazil,180,75,https://media.api-sports.io/football/players/305834.png,Midfielder,27.0,13.0,1280.0,6.85,1.0,0.0,9.0,2.0,798.0,8.0,90.0,37.0,6.0,20.0,5.0,2.0,121.0,75.0,22.0,13.0,4.0,0.0
39,Premier League,2025,49,Chelsea,308678,Dário Essugo,Dário Cassia Luís,Essugo,20.0,Portugal,178,79,https://media.api-sports.io/football/players/308678.png,Midfielder,3.0,0.0,34.0,6.83,0.0,0.0,,,25.0,,84.0,6.0,,,2.0,2.0,16.0,10.0,1.0,3.0,2.0,0.0
39,Premier League,2025,49,Chelsea,341642,J. Hato,Jorrel,Hato,19.0,Netherlands,182,76,https://media.api-sports.io/football/players/341642.png,Defender,22.0,12.0,1160.0,6.54,0.0,0.0,4.0,,753.0,8.0,91.0,36.0,7.0,18.0,13.0,7.0,116.0,61.0,2.0,15.0,7.0,0.0
39,Premier League,2025,49,Chelsea,366735,Joshua Kofi Acheampong,Joshua Kofi,Acheampong,19.0,England,184,75,https://media.api-sports.io/football/players/366735.png,Defender,17.0,8.0,700.0,6.59,1.0,0.0,2.0,2.0,477.0,2.0,92.0,11.0,2.0,11.0,14.0,11.0,66.0,42.0,9.0,2.0,1.0,0.0
39,Premier League,2025,49,Chelsea,425733,Estêvão,Estêvão Willian,Almeida de Oliveira Gonçalves,18.0,Brazil,176,62,https://media.api-sports.io/football/players/425733.png,Attacker,22.0,12.0,852.0,6.72,2.0,2.0,17.0,8.0,270.0,16.0,80.0,11.0,,4.0,70.0,29.0,149.0,52.0,9.0,12.0,4.0,0.0
39,Premier League,2025,52,Crystal Palace,2218,I. Sarr,Ismaïla,Sarr,27.0,Senegal,185,76,https://media.api-sports.io/football/players/2218.png,Attacker,28.0,24.0,2176.0,6.83,9.0,1.0,37.0,21.0,473.0,19.0,71.0,18.0,4.0,8.0,31.0,11.0,241.0,95.0,42.0,12.0,2.0,0.0
39,Premier League,2025,52,Crystal Palace,2490,J. Lerma,Jefferson Andrés,Lerma Solís,31.0,Colombia,179,70,https://media.api-sports.io/football/players/2490.png,Midfielder,31.0,18.0,1731.0,6.72,0.0,2.0,14.0,7.0,868.0,14.0,79.0,30.0,4.0,25.0,7.0,3.0,223.0,121.0,24.0,25.0,7.0,0.0
39,Premier League,2025,52,Crystal Palace,13736,D. Muñoz,Daniel,Muñoz Mejía,29.0,Colombia,180,73,https://media.api-sports.io/football/players/13736.png,Midfielder,29.0,29.0,2403.0,6.91,4.0,3.0,20.0,13.0,824.0,28.0,79.0,74.0,1.0,26.0,15.0,2.0,266.0,138.0,18.0,35.0,7.0,0.0
39,Premier League,2025,52,Crystal Palace,18806,W. Hughes,William James,Hughes,30.0,England,185,74,https://media.api-sports.io/football/players/18806.png,Midfielder,31.0,19.0,1577.0,6.78,0.0,0.0,10.0,,677.0,21.0,81.0,27.0,8.0,15.0,18.0,11.0,160.0,79.0,25.0,23.0,7.0,0.0
39,Premier League,2025,52,Crystal Palace,18862,N. Clyne,Nathaniel Edwin,Clyne,34.0,England,175,67,https://media.api-sports.io/football/players/18862.png,Defender,10.0,7.0,604.0,6.59,0.0,1.0,2.0,,185.0,3.0,80.0,16.0,2.0,5.0,7.0,4.0,42.0,24.0,2.0,4.0,1.0,0.0
39,Premier League,2025,52,Crystal Palace,19088,D. Henderson,Dean Bradley,Henderson,28.0,England,188,85,https://media.api-sports.io/football/players/19088.png,Goalkeeper,37.0,37.0,3330.0,6.94,0.0,0.0,,,1115.0,1.0,53.0,1.0,,2.0,1.0,1.0,25.0,21.0,5.0,2.0,5.0,0.0
39,Premier League,2025,52,Crystal Palace,19586,E. Eze,Eberechi Oluchi,Eze,27.0,England,178,73,https://media.api-sports.io/football/players/19586.png,Attacker,1.0,1.0,84.0,6.6,0.0,0.0,3.0,2.0,21.0,,76.0,1.0,,,3.0,2.0,9.0,4.0,1.0,2.0,0.0,0.0
39,Premier League,2025,42,Arsenal,19586,E. Eze,Eberechi Oluchi,Eze,27.0,England,178,73,https://media.api-sports.io/football/players/19586.png,Midfielder,32.0,21.0,1816.0,6.96,7.0,2.0,36.0,18.0,645.0,16.0,85.0,18.0,1.0,11.0,46.0,27.0,179.0,94.0,39.0,14.0,1.0,0.0
39,Premier League,2025,52,Crystal Palace,20995,M. Lacroix,Maxence Guy,Lacroix,25.0,France,190,88,https://media.api-sports.io/football/players/20995.png,Defender,35.0,35.0,3087.0,6.9,1.0,2.0,17.0,7.0,1656.0,7.0,88.0,60.0,18.0,45.0,11.0,7.0,333.0,204.0,19.0,34.0,4.0,1.0
39,Premier League,2025,52,Crystal Palace,22157,W. Benítez,Walter Daniel,Benítez,32.0,Argentina,191,91,https://media.api-sports.io/football/players/22157.png,Goalkeeper,1.0,1.0,90.0,7.2,0.0,0.0,,,27.0,,66.0,,,,,,,,,,0.0,0.0
39,Premier League,2025,52,Crystal Palace,25927,J. Mateta,Jean-Philippe,Mateta,28.0,France,192,88,https://media.api-sports.io/football/players/25927.png,Attacker,32.0,25.0,2222.0,6.73,12.0,0.0,56.0,32.0,315.0,9.0,62.0,10.0,6.0,6.0,31.0,14.0,292.0,110.0,19.0,21.0,2.0,0.0
39,Premier League,2025,52,Crystal Palace,26303,B. Sosa,Borna,Sosa,27.0,Croatia,187,79,https://media.api-sports.io/football/players/26303.png,Defender,7.0,0.0,99.0,6.37,0.0,0.0,1.0,,41.0,2.0,63.0,3.0,,2.0,1.0,,12.0,6.0,,4.0,1.0,0.0
39,Premier League,2025,52,Crystal Palace,67971,M. Guéhi,Addji Keaninkin Marc-Israel,Guéhi,25.0,England,182,80,https://media.api-sports.io/football/players/67971.png,Defender,20.0,20.0,1800.0,7.22,2.0,2.0,10.0,4.0,1064.0,9.0,85.0,30.0,10.0,25.0,5.0,2.0,161.0,103.0,18.0,14.0,4.0,0.0
39,Premier League,2025,50,Manchester City,67971,M. Guéhi,Addji Keaninkin Marc-Israel,Guéhi,25.0,England,182,80,https://media.api-sports.io/football/players/67971.png,Defender,15.0,15.0,1350.0,7.5,1.0,1.0,14.0,5.0,1242.0,9.0,93.0,16.0,13.0,25.0,6.0,5.0,143.0,90.0,20.0,11.0,2.0,0.0
39,Premier League,2025,52,Crystal Palace,126949,C. Richards,Christopher Jeffrey,Richards,25.0,USA,188,87,https://media.api-sports.io/football/players/126949.png,Defender,33.0,31.0,2826.0,6.9,1.0,0.0,8.0,2.0,1479.0,9.0,83.0,55.0,19.0,43.0,6.0,4.0,301.0,170.0,5.0,18.0,4.0,0.0
39,Premier League,2025,52,Crystal Palace,182201,T. Mitchell,Tyrick Kwon,Mitchell,26.0,England,175,68,https://media.api-sports.io/football/players/182201.png,Midfielder,38.0,36.0,3253.0,6.79,1.0,2.0,14.0,7.0,1107.0,29.0,73.0,101.0,12.0,34.0,43.0,15.0,306.0,170.0,28.0,23.0,6.0,0.0
39,Premier League,2025,52,Crystal Palace,284449,J. Rak-Sakyi,Jesurun,Rak-Sakyi,23.0,England,178,,https://media.api-sports.io/football/players/284449.png,Midfielder,0.0,0.0,,,0.0,0.0,,,,,,,,,,,,,,,0.0,0.0
39,Premier League,2025,52,Crystal Palace,286458,J. Devenny,Justin,Devenny,22.0,Scotland,178,74,https://media.api-sports.io/football/players/286458.png,Midfielder,21.0,7.0,830.0,6.48,1.0,0.0,9.0,4.0,252.0,7.0,73.0,25.0,,1.0,14.0,3.0,118.0,46.0,10.0,11.0,0.0,0.0
39,Premier League,2025,52,Crystal Palace,288102,A. Wharton,Adam James,Wharton,21.0,England,182,77,https://media.api-sports.io/football/players/288102.png,Midfielder,34.0,29.0,2562.0,7.09,1.0,5.0,17.0,6.0,1232.0,44.0,79.0,70.0,3.0,26.0,29.0,15.0,288.0,140.0,31.0,35.0,5.0,0.0
39,Premier League,2025,49,Chelsea,334037,Tyrique George,Tyrique Aaron Delali Yusuff,George,19.0,England,181,75,https://media.api-sports.io/football/players/334037.png,Attacker,4.0,0.0,151.0,6.6,0.0,0.0,3.0,2.0,23.0,,86.0,2.0,,,3.0,1.0,17.0,5.0,1.0,6.0,2.0,0.0
39,Premier League,2025,45,Everton,334037,Tyrique George,Tyrique Aaron Delali Yusuff,George,19.0,England,181,75,https://media.api-sports.io/football/players/334037.png,Attacker,11.0,1.0,231.0,6.56,0.0,0.0,6.0,3.0,88.0,3.0,78.0,5.0,,2.0,11.0,6.0,28.0,12.0,1.0,3.0,0.0,0.0
39,Premier League,2025,52,Crystal Palace,380703,Rio Cardines,Rio,Cardines,19.0,England,175,,https://media.api-sports.io/football/players/380703.png,Midfielder,1.0,1.0,90.0,6.9,0.0,0.0,1.0,,31.0,2.0,74.0,1.0,,,4.0,2.0,10.0,4.0,1.0,,0.0,0.0
39,Premier League,2025,52,Crystal Palace,402640,R. Esse,Romain Joy,Kouakou Esse,20.0,England,175,67,https://media.api-sports.io/football/players/402640.png,Midfielder,4.0,0.0,55.0,6.6,0.0,0.0,,,20.0,,65.0,2.0,,,2.0,1.0,15.0,6.0,2.0,2.0,0.0,0.0
39,Premier League,2025,33,Manchester United,532,M. de Ligt,Matthijs,de Ligt,26.0,Netherlands,187,89,https://media.api-sports.io/football/players/532.png,Defender,13.0,13.0,1170.0,6.93,1.0,0.0,8.0,3.0,612.0,3.0,87.0,19.0,7.0,15.0,2.0,1.0,118.0,74.0,5.0,6.0,0.0,0.0
39,Premier League,2025,33,Manchester United,747,Casemiro,Carlos Henrique,Casimiro,33.0,Brazil,185,84,https://media.api-sports.io/football/players/747.png,Midfielder,34.0,33.0,2593.0,7.19,9.0,2.0,36.0,18.0,1601.0,36.0,81.0,90.0,27.0,31.0,15.0,6.0,358.0,189.0,36.0,46.0,10.0,0.0
39,Premier League,2025,33,Manchester United,886,Diogo Dalot,José Diogo,Dalot Teixeira,26.0,Portugal,183,78,https://media.api-sports.io/football/players/886.png,Midfielder,34.0,29.0,2617.0,6.86,1.0,3.0,21.0,6.0,1132.0,29.0,84.0,53.0,9.0,27.0,27.0,18.0,227.0,135.0,14.0,25.0,5.0,0.0
39,Premier League,2025,33,Manchester United,891,L. Shaw,Luke Paul Hoare,Shaw,30.0,England,178,80,https://media.api-sports.io/football/players/891.png,Defender,38.0,38.0,3231.0,6.71,1.0,1.0,6.0,3.0,1711.0,16.0,86.0,74.0,9.0,45.0,20.0,10.0,301.0,166.0,20.0,49.0,9.0,0.0
39,Premier League,2025,52,Crystal Palace,1135,O. Édouard,Odsonne,Édouard,27.0,France,187,83,https://media.api-sports.io/football/players/1135.png,Attacker,1.0,0.0,8.0,6.7,0.0,0.0,,,,,,1.0,,,,,4.0,2.0,1.0,,0.0,0.0
39,Premier League,2025,33,Manchester United,1165,Matheus Cunha,Matheus Santos,Carneiro da Cunha,26.0,Brazil,183,76,https://media.api-sports.io/football/players/1165.png,Attacker,33.0,29.0,2503.0,7.13,10.0,2.0,58.0,35.0,880.0,35.0,80.0,39.0,3.0,21.0,91.0,44.0,353.0,164.0,54.0,27.0,4.0,0.0
39,Premier League,2025,33,Manchester United,1485,Bruno Fernandes,Bruno Miguel,Borges Fernandes,31.0,Portugal,179,66,https://media.api-sports.io/football/players/1485.png,Midfielder,35.0,35.0,3066.0,7.63,9.0,21.0,55.0,24.0,1994.0,137.0,82.0,54.0,5.0,20.0,36.0,15.0,272.0,124.0,35.0,25.0,5.0,0.0
39,Premier League,2025,33,Manchester United,2931,T. Heaton,Thomas David,Heaton,39.0,England,188,85,https://media.api-sports.io/football/players/2931.png,Goalkeeper,0.0,0.0,,,0.0,0.0,,,,,,,,,,,,,,,0.0,0.0
39,Premier League,2025,33,Manchester United,2935,H. Maguire,Jacob Harry,Maguire,32.0,England,194,90,https://media.api-sports.io/football/players/2935.png,Defender,23.0,19.0,1667.0,6.9,1.0,2.0,11.0,4.0,849.0,4.0,86.0,22.0,11.0,13.0,2.0,1.0,140.0,98.0,16.0,16.0,3.0,1.0
39,Premier League,2025,33,Manchester United,19220,M. Mount,Mason Tony,Mount,26.0,England,181,76,https://media.api-sports.io/football/players/19220.png,Attacker,23.0,12.0,1018.0,6.89,3.0,0.0,13.0,5.0,428.0,14.0,81.0,24.0,1.0,9.0,17.0,7.0,115.0,50.0,12.0,16.0,2.0,0.0
39,Premier League,2025,33,Manchester United,20589,B. Mbeumo,Bryan Tetsadong Marceau,Mbeumo,26.0,Cameroon,173,64,https://media.api-sports.io/football/players/20589.png,Attacker,33.0,31.0,2621.0,6.84,11.0,3.0,59.0,32.0,796.0,47.0,79.0,25.0,1.0,8.0,54.0,18.0,265.0,86.0,28.0,23.0,4.0,0.0
39,Premier League,2025,33,Manchester United,50132,A. Bayındır,Altay,Bayındır,27.0,Türkiye,198,88,https://media.api-sports.io/football/players/50132.png,Goalkeeper,6.0,6.0,540.0,6.58,0.0,0.0,,,177.0,1.0,60.0,,,,1.0,1.0,6.0,5.0,3.0,,0.0,0.0
39,Premier League,2025,33,Manchester United,51494,M. Ugarte,Manuel,Ugarte Ribeiro,24.0,Uruguay,182,77,https://media.api-sports.io/football/players/51494.png,Midfielder,22.0,8.0,901.0,6.68,0.0,0.0,8.0,1.0,502.0,3.0,85.0,46.0,5.0,20.0,10.0,7.0,148.0,79.0,15.0,24.0,1.0,0.0
39,Premier League,2025,33,Manchester United,115589,B. Šeško,Benjamin,Šeško,22.0,Slovenia,195,85,https://media.api-sports.io/football/players/115589.png,Attacker,30.0,17.0,1636.0,6.76,11.0,1.0,51.0,34.0,306.0,9.0,68.0,5.0,2.0,3.0,30.0,10.0,209.0,85.0,6.0,17.0,2.0,0.0
39,Premier League,2025,33,Manchester United,157997,A. Diallo,Amad,Diallo Traoré,23.0,Côte d'Ivoire,173,72,https://media.api-sports.io/football/players/157997.png,Attacker,32.0,27.0,2344.0,6.89,2.0,3.0,39.0,23.0,903.0,41.0,88.0,38.0,3.0,17.0,79.0,39.0,254.0,128.0,38.0,23.0,2.0,0.0
39,Premier League,2025,33,Manchester United,284322,K. Mainoo,Kobbie Boateng,Mainoo,20.0,England,175,72,https://media.api-sports.io/football/players/284322.png,Midfielder,28.0,16.0,1670.0,6.87,1.0,2.0,8.0,3.0,1047.0,22.0,89.0,35.0,10.0,20.0,35.0,19.0,185.0,91.0,22.0,13.0,2.0,0.0
39,Premier League,2025,33,Manchester United,328101,T. Fredricson,Tyler,Fredricson,20.0,England,184,70,https://media.api-sports.io/football/players/328101.png,Defender,1.0,0.0,10.0,6.7,0.0,0.0,,,1.0,,,,,,,,,,,,0.0,0.0
39,Premier League,2025,33,Manchester United,342970,L. Yoro,Leny,Yoro,20.0,France,190,83,https://media.api-sports.io/football/players/342970.png,Defender,32.0,18.0,1748.0,6.68,0.0,0.0,8.0,3.0,988.0,4.0,88.0,32.0,11.0,31.0,3.0,2.0,148.0,83.0,5.0,17.0,1.0,0.0
39,Premier League,2025,33,Manchester United,382452,P. Dorgu,Patrick,Chinazaekpere Dorgu,21.0,Denmark,185,68,https://media.api-sports.io/football/players/382452.png,Midfielder,26.0,15.0,1461.0,6.92,4.0,4.0,21.0,12.0,505.0,27.0,75.0,48.0,3.0,16.0,39.0,11.0,274.0,149.0,47.0,23.0,5.0,0.0
39,Premier League,2025,33,Manchester United,402329,A. Heaven,Ayden,Heaven,19.0,England,189,77,https://media.api-sports.io/football/players/402329.png,Defender,17.0,11.0,938.0,6.91,0.0,1.0,2.0,,494.0,2.0,90.0,22.0,11.0,1.0,8.0,6.0,80.0,55.0,9.0,7.0,2.0,0.0
39,Premier League,2025,42,Arsenal,978,K. Havertz,Kai Lukas,Havertz,26.0,Germany,193,83,https://media.api-sports.io/football/players/978.png,Attacker,12.0,7.0,583.0,6.68,2.0,3.0,12.0,4.0,166.0,11.0,74.0,8.0,1.0,1.0,6.0,3.0,84.0,36.0,8.0,8.0,1.0,0.0
39,Premier League,2025,42,Arsenal,1460,B. Saka,Bukayo Ayoyinka Temidayo,Saka,24.0,England,178,72,https://media.api-sports.io/football/players/1460.png,Attacker,31.0,25.0,2225.0,7.24,7.0,5.0,47.0,27.0,773.0,63.0,76.0,41.0,1.0,16.0,101.0,50.0,326.0,167.0,54.0,33.0,2.0,0.0
39,Premier League,2025,42,Arsenal,2273,Kepa,Kepa,Arrizabalaga Revuelta,31.0,Spain,189,84,https://media.api-sports.io/football/players/2273.png,Goalkeeper,1.0,1.0,90.0,7,0.0,0.0,,,20.0,,75.0,,,,,,1.0,1.0,,,0.0,0.0
39,Premier League,2025,42,Arsenal,2937,D. Rice,Declan,Rice,26.0,England,188,84,https://media.api-sports.io/football/players/2937.png,Midfielder,36.0,35.0,3099.0,7.46,4.0,5.0,27.0,13.0,2136.0,64.0,87.0,70.0,12.0,37.0,28.0,14.0,241.0,145.0,11.0,26.0,3.0,0.0
39,Premier League,2025,42,Arsenal,18979,V. Gyökeres,Viktor Einar,Gyökeres,27.0,Sweden,189,90,https://media.api-sports.io/football/players/18979.png,Attacker,36.0,26.0,2254.0,6.62,14.0,1.0,41.0,22.0,320.0,20.0,62.0,7.0,3.0,1.0,37.0,7.0,234.0,74.0,31.0,35.0,5.0,0.0
39,Premier League,2025,42,Arsenal,19465,David Raya,David,Raya Martin,30.0,Spain,183,80,https://media.api-sports.io/football/players/19465.png,Goalkeeper,37.0,37.0,3330.0,6.95,0.0,0.0,,,1089.0,3.0,64.0,1.0,,1.0,1.0,1.0,26.0,25.0,14.0,,1.0,0.0
39,Premier League,2025,42,Arsenal,19959,B. White,Benjamin William,White,28.0,England,186,76,https://media.api-sports.io/football/players/19959.png,Defender,12.0,9.0,713.0,6.89,0.0,1.0,4.0,1.0,354.0,8.0,81.0,15.0,4.0,9.0,4.0,3.0,67.0,36.0,6.0,5.0,0.0,0.0
39,Premier League,2025,42,Arsenal,22090,W. Saliba,William Alain André Gabriel,Saliba,24.0,France,192,92,https://media.api-sports.io/football/players/22090.png,Defender,31.0,30.0,2615.0,7.04,1.0,0.0,4.0,1.0,2104.0,10.0,92.0,35.0,7.0,17.0,10.0,7.0,231.0,131.0,16.0,22.0,2.0,0.0
39,Premier League,2025,42,Arsenal,22224,Gabriel Magalhães,Gabriel,dos Santos Magalhães,28.0,Brazil,190,78,https://media.api-sports.io/football/players/22224.png,Defender,32.0,30.0,2751.0,7.36,3.0,4.0,17.0,7.0,1733.0,7.0,88.0,38.0,34.0,23.0,2.0,1.0,262.0,171.0,34.0,21.0,4.0,0.0
39,Premier League,2025,42,Arsenal,37127,M. Ødegaard,Martin,Ødegaard,27.0,Norway,178,68,https://media.api-sports.io/football/players/37127.png,Midfielder,24.0,16.0,1370.0,7.01,1.0,6.0,17.0,8.0,828.0,40.0,84.0,19.0,,7.0,27.0,9.0,97.0,40.0,9.0,9.0,0.0,0.0
39,Premier League,2025,42,Arsenal,38746,J. Timber,Jurriën David Norman,Timber,24.0,Netherlands,179,79,https://media.api-sports.io/football/players/38746.png,Defender,30.0,28.0,2457.0,6.92,3.0,5.0,22.0,7.0,1085.0,27.0,85.0,66.0,6.0,24.0,33.0,13.0,257.0,147.0,29.0,38.0,5.0,0.0
39,Premier League,2025,42,Arsenal,47311,Mikel Merino,Mikel,Merino Zazón,29.0,Spain,189,83,https://media.api-sports.io/football/players/47311.png,Midfielder,22.0,10.0,1035.0,6.86,4.0,3.0,16.0,8.0,370.0,12.0,75.0,26.0,2.0,10.0,12.0,5.0,172.0,79.0,20.0,22.0,1.0,0.0
39,Premier League,2025,42,Arsenal,47315,Martín Zubimendi,Martín,Zubimendi Ibáñez,26.0,Spain,181,74,https://media.api-sports.io/football/players/47315.png,Midfielder,38.0,34.0,3001.0,7.06,5.0,1.0,19.0,9.0,1927.0,19.0,87.0,68.0,5.0,39.0,15.0,7.0,256.0,153.0,15.0,33.0,4.0,0.0
39,Premier League,2025,33,Manchester United,70100,J. Zirkzee,Joshua Orobosa,Zirkzee,24.0,Netherlands,193,84,https://media.api-sports.io/football/players/70100.png,Attacker,24.0,5.0,666.0,6.5,2.0,1.0,19.0,9.0,245.0,11.0,74.0,9.0,2.0,1.0,9.0,5.0,100.0,40.0,6.0,9.0,3.0,0.0
39,Premier League,2025,42,Arsenal,127769,Gabriel Martinelli,Gabriel Teodoro,Martinelli Silva,24.0,Brazil,178,75,https://media.api-sports.io/football/players/127769.png,Attacker,30.0,11.0,1079.0,6.6,1.0,4.0,22.0,13.0,260.0,13.0,72.0,12.0,1.0,1.0,38.0,21.0,130.0,54.0,14.0,10.0,3.0,0.0
39,Premier League,2025,42,Arsenal,136723,N. Madueke,Chukwunonso Tristan,Madueke,23.0,England,182,75,https://media.api-sports.io/football/players/136723.png,Attacker,26.0,16.0,1226.0,6.79,2.0,1.0,15.0,9.0,411.0,22.0,76.0,21.0,1.0,5.0,61.0,29.0,171.0,75.0,15.0,15.0,0.0,0.0
39,Premier League,2025,42,Arsenal,157052,R. Calafiori,Riccardo,Calafiori,23.0,Italy,188,86,https://media.api-sports.io/football/players/157052.png,Defender,26.0,22.0,1707.0,6.92,1.0,2.0,22.0,8.0,756.0,9.0,85.0,32.0,5.0,15.0,24.0,16.0,184.0,104.0,10.0,26.0,5.0,0.0
39,Premier League,2025,42,Arsenal,313236,E. Nwaneri,Ethan Chidiebere,Nwaneri,18.0,England,176,70,https://media.api-sports.io/football/players/313236.png,Midfielder,6.0,0.0,175.0,6.78,0.0,0.0,4.0,,87.0,1.0,90.0,1.0,,,8.0,3.0,19.0,5.0,,2.0,0.0,0.0
39,Premier League,2025,42,Arsenal,313245,M. Lewis-Skelly,Myles Anthony,Lewis-Skelly,19.0,England,178,72,https://media.api-sports.io/football/players/313245.png,Defender,20.0,5.0,722.0,6.64,0.0,0.0,1.0,,381.0,4.0,91.0,8.0,1.0,5.0,10.0,8.0,72.0,38.0,16.0,10.0,3.0,0.0
39,Premier League,2025,42,Arsenal,333682,Cristhian Mosquera,Cristhian Andrey,Mosquera Ibargüen,21.0,Spain,191,78,https://media.api-sports.io/football/players/333682.png,Defender,20.0,9.0,1003.0,6.93,0.0,0.0,1.0,,630.0,5.0,91.0,32.0,7.0,8.0,3.0,1.0,119.0,59.0,7.0,17.0,4.0,0.0
39,Premier League,2025,63,Leeds,250,J. Piroe,Joël Mohammed,Ramzan Piroe,26.0,Netherlands,181,74,https://media.api-sports.io/football/players/250.png,Attacker,16.0,2.0,320.0,6.46,0.0,0.0,9.0,3.0,97.0,1.0,81.0,2.0,,1.0,3.0,1.0,33.0,8.0,,4.0,0.0,0.0
39,Premier League,2025,63,Leeds,1408,S. Bornauw,Sebastiaan,Bornauw,26.0,Belgium,191,81,https://media.api-sports.io/football/players/1408.png,Defender,12.0,5.0,442.0,6.7,0.0,0.0,1.0,,146.0,,82.0,8.0,6.0,5.0,2.0,1.0,48.0,20.0,,7.0,1.0,0.0
39,Premier League,2025,42,Arsenal,1946,L. Trossard,Leandro,Trossard,31.0,Belgium,172,61,https://media.api-sports.io/football/players/1946.png,Attacker,31.0,21.0,2006.0,6.96,6.0,6.0,35.0,15.0,757.0,36.0,77.0,27.0,3.0,9.0,56.0,25.0,209.0,96.0,39.0,13.0,2.0,0.0
39,Premier League,2025,63,Leeds,2279,E. Ampadu,Ethan Kwame Colm Raymond,Ampadu,25.0,Wales,182,78,https://media.api-sports.io/football/players/2279.png,Midfielder,35.0,35.0,3128.0,7.15,1.0,1.0,15.0,6.0,1729.0,20.0,85.0,81.0,18.0,50.0,17.0,12.0,295.0,184.0,36.0,50.0,10.0,0.0
39,Premier League,2025,63,Leeds,18885,K. Darlow,Karl,Darlow,35.0,England,190,88,https://media.api-sports.io/football/players/18885.png,Goalkeeper,22.0,22.0,1985.0,7.05,0.0,0.0,,,845.0,,58.0,1.0,,,1.0,1.0,13.0,13.0,7.0,,1.0,0.0
39,Premier League,2025,63,Leeds,18901,S. Longstaff,Sean David,Longstaff,28.0,England,180,65,https://media.api-sports.io/football/players/18901.png,Midfielder,23.0,10.0,1046.0,6.9,2.0,2.0,13.0,4.0,448.0,25.0,84.0,38.0,6.0,12.0,7.0,2.0,130.0,67.0,17.0,13.0,2.0,0.0
39,Premier League,2025,63,Leeds,19128,J. Harrison,Jack David,Harrison,29.0,England,175,70,https://media.api-sports.io/football/players/19128.png,Attacker,11.0,1.0,263.0,6.59,0.0,0.0,5.0,2.0,116.0,2.0,79.0,5.0,,4.0,7.0,3.0,24.0,13.0,4.0,1.0,0.0,0.0
39,Premier League,2025,63,Leeds,19201,J. Bogle,Jayden Ian,Bogle,25.0,England,178,69,https://media.api-sports.io/football/players/19201.png,Defender,34.0,32.0,2809.0,6.61,1.0,2.0,11.0,4.0,884.0,21.0,76.0,66.0,5.0,33.0,57.0,19.0,303.0,138.0,29.0,39.0,6.0,0.0
39,Premier League,2025,63,Leeds,19287,S. Byram,Samuel Mark,Byram,32.0,England,180,72,https://media.api-sports.io/football/players/19287.png,Defender,2.0,0.0,18.0,6.45,0.0,0.0,,,6.0,,50.0,1.0,,,,,2.0,1.0,,1.0,0.0,0.0
39,Premier League,2025,63,Leeds,19321,J. Rodon,Joseph Peter,Rodon,28.0,Wales,193,88,https://media.api-sports.io/football/players/19321.png,Defender,35.0,33.0,2958.0,6.69,2.0,0.0,14.0,7.0,1450.0,9.0,87.0,37.0,22.0,29.0,2.0,1.0,252.0,140.0,19.0,17.0,3.0,0.0
39,Premier League,2025,63,Leeds,19329,D. James,Daniel Owen,James,28.0,Wales,171,63,https://media.api-sports.io/football/players/19329.png,Attacker,19.0,6.0,571.0,6.62,0.0,0.0,7.0,3.0,120.0,9.0,60.0,6.0,,1.0,15.0,6.0,56.0,27.0,8.0,1.0,0.0,0.0
39,Premier League,2025,63,Leeds,19461,L. Nmecha,Lukas Okechukwu,Nmecha,27.0,Germany,185,80,https://media.api-sports.io/football/players/19461.png,Attacker,31.0,10.0,1097.0,6.69,6.0,1.0,25.0,16.0,220.0,11.0,66.0,12.0,1.0,3.0,13.0,7.0,159.0,67.0,18.0,18.0,0.0,0.0
39,Premier League,2025,63,Leeds,32966,A. Tanaka,Ao,Tanaka,27.0,Japan,180,75,https://media.api-sports.io/football/players/32966.png,Midfielder,28.0,14.0,1326.0,6.74,2.0,0.0,15.0,5.0,688.0,18.0,85.0,27.0,2.0,21.0,11.0,4.0,111.0,52.0,9.0,13.0,1.0,0.0
39,Premier League,2025,63,Leeds,47969,G. Gudmundsson,Gabriel Johan,Gudmundsson,26.0,Sweden,180,74,https://media.api-sports.io/football/players/47969.png,Defender,32.0,31.0,2642.0,6.67,0.0,0.0,13.0,3.0,957.0,21.0,76.0,65.0,7.0,27.0,74.0,39.0,332.0,178.0,56.0,31.0,5.0,0.0
39,Premier League,2025,63,Leeds,50739,B. Aaronson,Brenden Russell,Aaronson,25.0,USA,177,68,https://media.api-sports.io/football/players/50739.png,Midfielder,37.0,30.0,2475.0,6.76,4.0,5.0,29.0,17.0,668.0,34.0,81.0,50.0,4.0,15.0,84.0,31.0,389.0,156.0,51.0,20.0,3.0,0.0
39,Premier League,2025,63,Leeds,64003,P. Struijk,Pascal Augustus,Struijk,26.0,Netherlands,190,79,https://media.api-sports.io/football/players/64003.png,Defender,34.0,33.0,2942.0,6.83,0.0,1.0,23.0,5.0,1838.0,12.0,88.0,39.0,19.0,31.0,6.0,4.0,312.0,174.0,22.0,27.0,5.0,0.0
39,Premier League,2025,63,Leeds,80296,Lucas Perri,Lucas,Estella Perri,28.0,Brazil,197,98,https://media.api-sports.io/football/players/80296.png,Goalkeeper,16.0,16.0,1440.0,6.63,0.0,0.0,,,559.0,,53.0,,,,,,10.0,7.0,3.0,1.0,2.0,0.0
39,Premier League,2025,63,Leeds,129142,I. Gruev,Ilia,Iliev Gruev,25.0,Bulgaria,185,72,https://media.api-sports.io/football/players/129142.png,Midfielder,23.0,15.0,1334.0,6.7,0.0,3.0,6.0,1.0,584.0,11.0,89.0,24.0,6.0,15.0,7.0,6.0,113.0,52.0,9.0,16.0,3.0,0.0
39,Premier League,2025,63,Leeds,162128,W. Gnonto,Degnand Wilfried,Gnonto,22.0,Italy,172,65,https://media.api-sports.io/football/players/162128.png,Attacker,23.0,4.0,540.0,6.61,0.0,1.0,6.0,,218.0,9.0,76.0,18.0,,3.0,14.0,5.0,77.0,35.0,11.0,7.0,3.0,0.0
39,Premier League,2025,63,Leeds,177665,A. Stach,Anton Levi,Stach,27.0,Germany,193,86,https://media.api-sports.io/football/players/177665.png,Midfielder,29.0,28.0,2378.0,7.15,5.0,3.0,31.0,14.0,939.0,63.0,77.0,65.0,9.0,20.0,42.0,20.0,292.0,155.0,24.0,36.0,3.0,0.0
39,Premier League,2025,45,Everton,895,J. Garner,James David,Garner,24.0,England,186,78,https://media.api-sports.io/football/players/895.png,Defender,38.0,38.0,3426.0,7.24,2.0,7.0,34.0,14.0,1792.0,56.0,87.0,120.0,10.0,57.0,34.0,18.0,341.0,209.0,42.0,39.0,12.0,0.0
39,Premier League,2025,45,Everton,2932,J. Pickford,Jordan Lee,Pickford,31.0,England,185,82,https://media.api-sports.io/football/players/2932.png,Goalkeeper,38.0,38.0,3432.0,7.02,0.0,0.0,,,1439.0,2.0,61.0,2.0,,,,,17.0,13.0,6.0,1.0,4.0,0.0
39,Premier League,2025,45,Everton,2934,M. Keane,Michael Vincent,Keane,32.0,England,191,82,https://media.api-sports.io/football/players/2934.png,Defender,33.0,29.0,2631.0,6.9,3.0,1.0,17.0,7.0,1102.0,2.0,85.0,35.0,27.0,37.0,11.0,6.0,258.0,159.0,6.0,16.0,1.0,1.0
39,Premier League,2025,45,Everton,2936,J. Tarkowski,James Alan,Tarkowski,33.0,England,185,81,https://media.api-sports.io/football/players/2936.png,Defender,37.0,37.0,3342.0,7.16,2.0,3.0,15.0,10.0,1553.0,19.0,80.0,51.0,52.0,31.0,8.0,4.0,344.0,233.0,35.0,32.0,8.0,0.0
39,Premier League,2025,45,Everton,2990,I. Gueye,Idrissa Gana,Gueye,36.0,Senegal,174,66,https://media.api-sports.io/football/players/2990.png,Midfielder,25.0,25.0,2101.0,6.79,2.0,3.0,18.0,7.0,1065.0,13.0,87.0,43.0,7.0,28.0,21.0,7.0,168.0,94.0,31.0,21.0,1.0,1.0
39,Premier League,2025,45,Everton,18592,I. Ndiaye,Iliman Cheikh,Baroy Ndiaye,25.0,Senegal,180,70,https://media.api-sports.io/football/players/18592.png,Midfielder,32.0,32.0,2798.0,6.88,6.0,3.0,30.0,22.0,941.0,30.0,84.0,70.0,2.0,16.0,132.0,71.0,407.0,189.0,37.0,30.0,2.0,0.0
39,Premier League,2025,45,Everton,18758,S. Coleman,Séamus,Coleman,37.0,Republic of Ireland,177,67,https://media.api-sports.io/football/players/18758.png,Defender,5.0,1.0,39.0,6.5,0.0,0.0,,,18.0,1.0,100.0,,,,,,3.0,2.0,1.0,,0.0,0.0
39,Premier League,2025,45,Everton,18860,M. Travers,Mark,Travers,26.0,Republic of Ireland,191,82,https://media.api-sports.io/football/players/18860.png,Goalkeeper,0.0,0.0,,,0.0,0.0,,,,,,,,,,,,,,,0.0,0.0
39,Premier League,2025,45,Everton,18929,D. McNeil,Dwight James Matthew,McNeil,26.0,England,183,68,https://media.api-sports.io/football/players/18929.png,Attacker,22.0,14.0,1189.0,6.63,0.0,1.0,12.0,5.0,324.0,15.0,81.0,23.0,3.0,10.0,14.0,7.0,103.0,44.0,7.0,11.0,1.0,0.0
39,Premier League,2025,45,Everton,19187,J. Grealish,Jack Peter,Grealish,30.0,England,180,77,https://media.api-sports.io/football/players/19187.png,Midfielder,20.0,18.0,1631.0,7.2,2.0,6.0,14.0,8.0,574.0,40.0,83.0,21.0,6.0,12.0,57.0,23.0,210.0,106.0,58.0,13.0,4.0,0.0
39,Premier League,2025,45,Everton,125743,Beto,Norberto Bercique,Gomes Betuncal,27.0,Portugal,194,88,https://media.api-sports.io/football/players/125743.png,Attacker,37.0,17.0,1614.0,6.62,9.0,1.0,32.0,17.0,208.0,12.0,62.0,15.0,5.0,1.0,41.0,14.0,337.0,133.0,12.0,33.0,3.0,0.0
39,Premier League,2025,63,Leeds,138776,L. Ramazani,Largie,Ramazani,24.0,Belgium,167,55,https://media.api-sports.io/football/players/138776.png,Attacker,0.0,0.0,,,0.0,0.0,,,,,,,,,,,,,,,0.0,0.0
39,Premier League,2025,45,Everton,138844,H. Tyrer,Harry Alfred,Tyrer,24.0,England,194,,https://media.api-sports.io/football/players/138844.png,Goalkeeper,0.0,0.0,,,0.0,0.0,,,,,,,,,,,,,,,0.0,0.0
39,Premier League,2025,45,Everton,148099,K. Dewsbury-Hall,Kiernan Frank,Dewsbury-Hall,27.0,England,178,80,https://media.api-sports.io/football/players/148099.png,Midfielder,31.0,30.0,2635.0,7.15,8.0,4.0,28.0,15.0,1025.0,37.0,82.0,53.0,4.0,12.0,50.0,27.0,292.0,148.0,48.0,32.0,6.0,0.0
39,Premier League,2025,45,Everton,167657,T. Onyango,Tyler Jaden,Napier Edward Onyango,22.0,England,190,76,https://media.api-sports.io/football/players/167657.png,Midfielder,0.0,0.0,,,0.0,0.0,,,,,,,,,,,,,,,0.0,0.0
39,Premier League,2025,45,Everton,195993,C. Alcaraz,Carlos Jonas,Alcaraz Duran,23.0,Argentina,176,68,https://media.api-sports.io/football/players/195993.png,Midfielder,20.0,6.0,731.0,6.48,0.0,1.0,12.0,5.0,307.0,9.0,81.0,14.0,3.0,3.0,15.0,7.0,101.0,46.0,12.0,10.0,4.0,0.0
39,Premier League,2025,45,Everton,270139,J. O&apos;Brien,Jake,O'Brien,24.0,Republic of Ireland,197,92,https://media.api-sports.io/football/players/270139.png,Defender,37.0,35.0,3131.0,6.71,1.0,1.0,10.0,6.0,1075.0,17.0,74.0,57.0,16.0,15.0,20.0,6.0,317.0,194.0,17.0,23.0,6.0,1.0
39,Premier League,2025,45,Everton,284500,T. Iroegbunam,Timothy Emeka,Iroegbunam,22.0,England,183,70,https://media.api-sports.io/football/players/284500.png,Midfielder,29.0,17.0,1505.0,6.76,0.0,2.0,8.0,1.0,490.0,8.0,81.0,69.0,12.0,22.0,39.0,14.0,228.0,125.0,20.0,29.0,9.0,0.0
39,Premier League,2025,45,Everton,343684,T. Barry,Thierno,Barry,23.0,France,195,82,https://media.api-sports.io/football/players/343684.png,Attacker,38.0,21.0,1932.0,6.53,8.0,0.0,31.0,14.0,362.0,12.0,60.0,6.0,4.0,5.0,30.0,9.0,398.0,151.0,8.0,47.0,3.0,0.0
39,Premier League,2025,45,Everton,405360,H. Armstrong,Harrison,Armstrong,18.0,England,185,70,https://media.api-sports.io/football/players/405360.png,Midfielder,13.0,6.0,549.0,6.69,0.0,0.0,4.0,2.0,205.0,4.0,80.0,13.0,1.0,4.0,8.0,2.0,64.0,35.0,15.0,6.0,0.0,0.0
39,Premier League,2025,35,Bournemouth,792,J. Kluivert,Justin Dean,Kluivert,26.0,Netherlands,171,67,https://media.api-sports.io/football/players/792.png,Attacker,20.0,10.0,951.0,6.54,2.0,0.0,11.0,4.0,345.0,21.0,81.0,10.0,2.0,4.0,26.0,11.0,116.0,37.0,10.0,18.0,5.0,0.0
39,Premier League,2025,63,Leeds,833,J. Bijol,Jaka,Bijol,26.0,Slovenia,190,85,https://media.api-sports.io/football/players/833.png,Defender,25.0,21.0,1913.0,6.93,1.0,2.0,11.0,6.0,1007.0,7.0,84.0,26.0,14.0,24.0,3.0,2.0,189.0,104.0,10.0,19.0,4.0,0.0
39,Premier League,2025,35,Bournemouth,1125,R. Christie,Ryan,Christie,30.0,Scotland,178,70,https://media.api-sports.io/football/players/1125.png,Midfielder,26.0,9.0,986.0,6.72,2.0,0.0,15.0,8.0,547.0,11.0,78.0,27.0,4.0,12.0,39.0,19.0,160.0,80.0,22.0,17.0,3.0,1.0
39,Premier League,2025,55,Brentford,15908,M. Damsgaard,Mikkel,Krogh Damsgaard,25.0,Denmark,180,66,https://media.api-sports.io/football/players/15908.png,Midfielder,33.0,24.0,2078.0,7.01,4.0,4.0,24.0,11.0,950.0,42.0,76.0,57.0,4.0,25.0,51.0,18.0,269.0,116.0,23.0,19.0,0.0,0.0
39,Premier League,2025,746,Sunderland,18816,A. Masuaku,Fuka-Arthur,Masuaku Kawela,32.0,Congo DR,179,80,https://media.api-sports.io/football/players/18816.png,Defender,3.0,2.0,127.0,6.5,0.0,0.0,,,48.0,1.0,81.0,4.0,,2.0,4.0,2.0,16.0,7.0,,3.0,1.0,0.0
39,Premier League,2025,66,Aston Villa,19599,E. Martínez,Damián Emiliano,Martínez Romero,33.0,Argentina,195,88,https://media.api-sports.io/football/players/19599.png,Goalkeeper,32.0,32.0,2835.0,6.98,0.0,1.0,,,1210.0,2.0,73.0,,,,,,29.0,28.0,17.0,,2.0,0.0
39,Premier League,2025,52,Crystal Palace,19684,R. Matthews,Remi Luke,Matthews,31.0,England,184,78,https://media.api-sports.io/football/players/19684.png,Goalkeeper,0.0,0.0,,,0.0,0.0,,,,,,,,,,,,,,,0.0,0.0
39,Premier League,2025,63,Leeds,48389,N. Okafor,Noah Arinzechukwu,Okafor,25.0,Switzerland,185,85,https://media.api-sports.io/football/players/48389.png,Attacker,28.0,19.0,1573.0,6.93,8.0,1.0,25.0,15.0,332.0,20.0,76.0,23.0,1.0,12.0,92.0,39.0,222.0,88.0,14.0,18.0,3.0,0.0
39,Premier League,2025,42,Arsenal,61431,J. Kiwior,Jakub Piotr,Kiwior,26.0,Poland,189,75,https://media.api-sports.io/football/players/61431.png,Defender,0.0,0.0,,,0.0,0.0,,,,,,,,,,,,,,,0.0,0.0
39,Premier League,2025,35,Bournemouth,129682,A. Adli,Amine,Adli,25.0,Morocco,174,72,https://media.api-sports.io/football/players/129682.png,Attacker,31.0,10.0,1106.0,6.81,3.0,1.0,14.0,9.0,413.0,16.0,77.0,36.0,2.0,7.0,22.0,8.0,180.0,96.0,22.0,29.0,2.0,0.0
39,Premier League,2025,65,Nottingham Forest,147831,A. Kalimuendo,Arnaud,Kalimuendo-Muinga,23.0,France,178,79,https://media.api-sports.io/football/players/147831.png,Attacker,9.0,0.0,107.0,6.28,0.0,0.0,1.0,1.0,29.0,1.0,82.0,1.0,,,1.0,,12.0,5.0,,2.0,0.0,0.0
39,Premier League,2025,55,Brentford,284797,D. Ouattara,Dango Aboubacar Faissal,Ouattara,23.0,Burkina Faso,177,71,https://media.api-sports.io/football/players/284797.png,Midfielder,32.0,25.0,2290.0,6.87,7.0,3.0,42.0,20.0,484.0,27.0,63.0,24.0,,24.0,80.0,23.0,325.0,138.0,39.0,27.0,5.0,0.0
39,Premier League,2025,39,Wolves,296560,J. Tchatchoua,Jackson,Tchatchoua,24.0,Cameroon,186,76,https://media.api-sports.io/football/players/296560.png,Defender,31.0,19.0,1855.0,6.54,0.0,1.0,2.0,1.0,541.0,21.0,76.0,29.0,8.0,16.0,14.0,5.0,134.0,66.0,9.0,8.0,3.0,0.0
39,Premier League,2025,52,Crystal Palace,301295,K. Rodney,Kaden Kai,Rodney,21.0,England,189,67,https://media.api-sports.io/football/players/301295.png,Midfielder,1.0,0.0,9.0,6.5,0.0,0.0,,,5.0,,60.0,,,,,,2.0,,,1.0,0.0,0.0
39,Premier League,2025,45,Everton,330412,Youssef Chermiti,Youssef,Ramalho Chermiti,21.0,Portugal,192,84,https://media.api-sports.io/football/players/330412.png,Attacker,0.0,0.0,,,0.0,0.0,,,,,,,,,,,,,,,0.0,0.0
39,Premier League,2025,35,Bournemouth,343576,B. Doak,Ben,Gannon Doak,20.0,Scotland,175,65,https://media.api-sports.io/football/players/343576.png,Attacker,8.0,0.0,122.0,6.43,0.0,1.0,2.0,1.0,48.0,1.0,77.0,6.0,,1.0,8.0,2.0,25.0,10.0,1.0,3.0,0.0,0.0
39,Premier League,2025,66,Aston Villa,398004,S. Proctor,Sam,Proctor,19.0,England,,,https://media.api-sports.io/football/players/398004.png,Goalkeeper,0.0,0.0,,,0.0,0.0,,,,,,,,,,,,,,,0.0,0.0
39,Premier League,2025,42,Arsenal,442044,M. Dowman,Max,Dowman,16.0,England,183,,https://media.api-sports.io/football/players/442044.png,Midfielder,6.0,1.0,162.0,6.73,1.0,0.0,5.0,1.0,52.0,4.0,88.0,2.0,,1.0,17.0,6.0,40.0,15.0,7.0,2.0,0.0,0.0
39,Premier League,2025,66,Aston Villa,453101,B. Burrows,Bradley-Paul,Burrowes,17.0,England,,,https://media.api-sports.io/football/players/453101.png,Midfielder,1.0,0.0,16.0,6.5,0.0,0.0,,,5.0,,60.0,,,,1.0,,3.0,1.0,1.0,,0.0,0.0
39,Premier League,2025,66,Aston Villa,546703,T. Rowe,,,19.0,,,,https://media.api-sports.io/football/players/546703.png,Defender,0.0,0.0,,,0.0,0.0,,,,,,,,,,,,,,,0.0,0.0
39,Premier League,2025,50,Manchester City,44,Rodri,Rodrigo,Hernández Cascante,29.0,Spain,190,82,https://media.api-sports.io/football/players/44.png,Midfielder,21.0,17.0,1513.0,7.46,1.0,0.0,10.0,3.0,1614.0,26.0,90.0,42.0,3.0,14.0,15.0,7.0,178.0,119.0,31.0,14.0,3.0,0.0
39,Premier League,2025,33,Manchester United,526,A. Onana,André,Onana Onana,29.0,Cameroon,190,93,https://media.api-sports.io/football/players/526.png,Goalkeeper,0.0,0.0,,,0.0,0.0,,,,,,,,,,,,,,,0.0,0.0
39,Premier League,2025,40,Liverpool,542,R. Gravenberch,Ryan Jiro,Gravenberch,23.0,Netherlands,190,83,https://media.api-sports.io/football/players/542.png,Midfielder,36.0,34.0,2996.0,7.06,5.0,3.0,25.0,13.0,1860.0,29.0,88.0,59.0,12.0,47.0,54.0,31.0,284.0,160.0,42.0,38.0,5.0,0.0
39,Premier League,2025,50,Manchester City,617,Ederson,Ederson,Santana de Moraes,32.0,Brazil,188,86,https://media.api-sports.io/football/players/617.png,Goalkeeper,0.0,0.0,,,0.0,0.0,,,,,,,,,,,,,,,0.0,0.0
39,Premier League,2025,50,Manchester City,631,P. Foden,Philip Walter,Foden,25.0,England,171,63,https://media.api-sports.io/football/players/631.png,Midfielder,33.0,23.0,2119.0,7.01,7.0,5.0,36.0,19.0,1211.0,56.0,88.0,34.0,3.0,9.0,47.0,25.0,200.0,96.0,31.0,19.0,4.0,0.0
39,Premier League,2025,34,Newcastle,1463,J. Willock,Joseph George,Willock,26.0,England,179,71,https://media.api-sports.io/football/players/1463.png,Midfielder,24.0,10.0,1020.0,6.52,0.0,2.0,14.0,6.0,360.0,14.0,84.0,19.0,2.0,9.0,17.0,7.0,115.0,47.0,11.0,16.0,3.0,0.0
39,Premier League,2025,36,Fulham,19032,R. Sessegnon,Kouassi Ryan,Sessegnon,25.0,England,178,70,https://media.api-sports.io/football/players/19032.png,Defender,27.0,20.0,1822.0,6.62,3.0,1.0,10.0,4.0,679.0,14.0,76.0,48.0,8.0,25.0,25.0,9.0,181.0,79.0,3.0,33.0,0.0,0.0
39,Premier League,2025,49,Chelsea,19145,T. Adarabioyo,Abdul-Nasir Oluwatosin,Oluwadoyinsolami Adarabioyo,28.0,England,196,80,https://media.api-sports.io/football/players/19145.png,Defender,16.0,8.0,796.0,6.89,0.0,0.0,1.0,,757.0,1.0,90.0,17.0,5.0,9.0,,,83.0,58.0,,6.0,2.0,0.0
39,Premier League,2025,34,Newcastle,19192,J. Ramsey,Jacob Matthew,Ramsey,24.0,England,180,75,https://media.api-sports.io/football/players/19192.png,Midfielder,28.0,15.0,1474.0,6.66,2.0,3.0,10.0,4.0,703.0,22.0,89.0,41.0,4.0,9.0,30.0,15.0,144.0,79.0,14.0,16.0,4.0,0.0
39,Premier League,2025,36,Fulham,19549,A. Robinson,Antonee,Robinson,28.0,USA,183,70,https://media.api-sports.io/football/players/19549.png,Defender,22.0,17.0,1502.0,6.83,1.0,0.0,2.0,1.0,799.0,22.0,79.0,48.0,3.0,30.0,21.0,12.0,153.0,87.0,9.0,15.0,5.0,0.0
39,Premier League,2025,65,Nottingham Forest,47522,Douglas Luiz,Douglas Luiz,Soares de Paulo,27.0,Brazil,175,66,https://media.api-sports.io/football/players/47522.png,Midfielder,8.0,5.0,331.0,6.79,0.0,0.0,3.0,1.0,224.0,5.0,92.0,10.0,1.0,7.0,6.0,1.0,33.0,19.0,5.0,4.0,2.0,0.0
39,Premier League,2025,66,Aston Villa,47522,Douglas Luiz,Douglas Luiz,Soares de Paulo,27.0,Brazil,175,66,https://media.api-sports.io/football/players/47522.png,Midfielder,13.0,7.0,613.0,6.95,1.0,0.0,5.0,4.0,431.0,14.0,88.0,13.0,3.0,7.0,7.0,5.0,58.0,33.0,10.0,9.0,1.0,0.0
39,Premier League,2025,49,Chelsea,64167,G. Słonina,Gabriel Paweł,Słonina,21.0,USA,193,88,https://media.api-sports.io/football/players/64167.png,Goalkeeper,0.0,0.0,,,0.0,0.0,,,,,,,,,,,,,,,0.0,0.0
39,Premier League,2025,65,Nottingham Forest,158697,J. McAtee,James John,McAtee,23.0,England,180,72,https://media.api-sports.io/football/players/158697.png,Midfielder,14.0,2.0,322.0,6.54,0.0,1.0,2.0,,121.0,6.0,84.0,7.0,1.0,3.0,9.0,3.0,44.0,16.0,5.0,4.0,1.0,0.0
39,Premier League,2025,40,Liverpool,180317,C. Bradley,Conor,Bradley,22.0,Northern Ireland,180,64,https://media.api-sports.io/football/players/180317.png,Defender,15.0,12.0,932.0,6.59,0.0,1.0,2.0,,492.0,4.0,83.0,19.0,4.0,13.0,22.0,7.0,136.0,61.0,20.0,18.0,5.0,0.0
39,Premier League,2025,45,Everton,284385,Elijah Xavier Campbell,Elijah,Xavier Campbell,21.0,England,182,63,https://media.api-sports.io/football/players/284385.png,Defender,0.0,0.0,,,0.0,0.0,,,,,,,,,,,,,,,0.0,0.0
39,Premier League,2025,65,Nottingham Forest,284428,O. Hutchinson,Omari Elijah,Giraud-Hutchinson,22.0,Jamaica,174,65,https://media.api-sports.io/football/players/284428.png,Attacker,31.0,17.0,1695.0,6.76,1.0,5.0,17.0,11.0,537.0,34.0,83.0,21.0,,12.0,79.0,41.0,222.0,90.0,24.0,23.0,1.0,0.0
39,Premier League,2025,51,Brighton,305730,J. Hinshelwood,Jack Luca,Hinshelwood,20.0,England,181,76,https://media.api-sports.io/football/players/305730.png,Midfielder,27.0,20.0,1750.0,6.66,4.0,3.0,29.0,15.0,630.0,15.0,82.0,19.0,5.0,6.0,9.0,3.0,128.0,46.0,12.0,33.0,0.0,0.0
39,Premier League,2025,48,West Ham,344707,C. Marshall,Callum,Marshall,21.0,Northern Ireland,172,,https://media.api-sports.io/football/players/344707.png,Attacker,2.0,0.0,58.0,6.35,0.0,0.0,1.0,,4.0,,50.0,,,2.0,2.0,1.0,8.0,2.0,,,0.0,0.0
39,Premier League,2025,66,Aston Villa,360269,Triston Rowe,Triston,Rowe,19.0,England,183,70,https://media.api-sports.io/football/players/360269.png,Defender,0.0,0.0,,,0.0,0.0,,,,,,,,,,,,,,,0.0,0.0
39,Premier League,2025,40,Liverpool,409047,G. Leoni,Giovanni,Leoni,19.0,Italy,196,76,https://media.api-sports.io/football/players/409047.png,Defender,0.0,0.0,,,0.0,0.0,,,,,,,,,,,,,,,0.0,0.0
39,Premier League,2025,33,Manchester United,545,N. Mazraoui,Noussair,Mazraoui,28.0,Morocco,183,63,https://media.api-sports.io/football/players/545.png,Defender,20.0,11.0,1022.0,6.89,0.0,0.0,2.0,,543.0,7.0,87.0,28.0,2.0,14.0,15.0,8.0,108.0,68.0,14.0,12.0,3.0,0.0
39,Premier League,2025,47,Tottenham,697,M. Solomon,Manor,Solomon,26.0,Israel,170,66,https://media.api-sports.io/football/players/697.png,Attacker,0.0,0.0,,,0.0,0.0,,,,,,,,,,,,,,,0.0,0.0
39,Premier League,2025,746,Sunderland,1146,N. Mukiele,Nordi,Mukiele Mulere,28.0,France,187,84,https://media.api-sports.io/football/players/1146.png,Defender,32.0,32.0,2800.0,6.95,3.0,3.0,16.0,4.0,1188.0,23.0,78.0,69.0,10.0,40.0,26.0,12.0,313.0,182.0,26.0,35.0,5.0,0.0
39,Premier League,2025,45,Everton,2165,V. Mykolenko,Vitalii,Mykolenko,26.0,Ukraine,180,71,https://media.api-sports.io/football/players/2165.png,Defender,33.0,33.0,2972.0,6.7,0.0,1.0,6.0,2.0,1188.0,23.0,79.0,51.0,9.0,30.0,30.0,10.0,263.0,139.0,28.0,29.0,6.0,0.0
39,Premier League,2025,52,Crystal Palace,2601,D. Kamada,Daichi,Kamada,29.0,Japan,184,76,https://media.api-sports.io/football/players/2601.png,Attacker,28.0,22.0,1908.0,6.86,0.0,0.0,12.0,4.0,825.0,20.0,84.0,63.0,1.0,14.0,24.0,12.0,211.0,116.0,28.0,30.0,3.0,0.0
39,Premier League,2025,63,Leeds,18766,D. Calvert-Lewin,Dominic Nathaniel,Calvert-Lewin,28.0,England,187,71,https://media.api-sports.io/football/players/18766.png,Attacker,35.0,30.0,2726.0,6.71,14.0,1.0,66.0,34.0,460.0,20.0,58.0,10.0,9.0,5.0,30.0,8.0,465.0,184.0,38.0,45.0,3.0,0.0
39,Premier League,2025,34,Newcastle,18894,J. Lascelles,Jamaal,Lascelles,32.0,England,188,89,https://media.api-sports.io/football/players/18894.png,Defender,2.0,0.0,25.0,6.4,0.0,0.0,,,8.0,,75.0,,1.0,,,,1.0,1.0,,,0.0,0.0
39,Premier League,2025,63,Leeds,19760,J. Justin,James Michael,Justin,27.0,England,183,80,https://media.api-sports.io/football/players/19760.png,Defender,29.0,21.0,1921.0,6.93,2.0,1.0,16.0,6.0,707.0,12.0,76.0,56.0,11.0,28.0,16.0,3.0,208.0,127.0,30.0,13.0,4.0,0.0
39,Premier League,2025,55,Brentford,19789,E. Pinnock,Ethan Rupert,Pinnock,32.0,Jamaica,194,79,https://media.api-sports.io/football/players/19789.png,Defender,4.0,4.0,321.0,6.75,0.0,0.0,1.0,1.0,133.0,,82.0,5.0,5.0,5.0,1.0,1.0,34.0,20.0,2.0,,1.0,0.0
39,Premier League,2025,48,West Ham,37724,C. Summerville,Crysencio Jilbert Sylverio Cir,Summerville,24.0,Netherlands,174,64,https://media.api-sports.io/football/players/37724.png,Attacker,31.0,29.0,2485.0,7.05,5.0,2.0,32.0,15.0,637.0,27.0,83.0,45.0,4.0,16.0,104.0,51.0,337.0,170.0,67.0,49.0,6.0,0.0
39,Premier League,2025,39,Wolves,66407,L. Krejčí,Ladislav,Krejčí,26.0,Czechia,191,87,https://media.api-sports.io/football/players/66407.png,Defender,28.0,27.0,2361.0,6.71,2.0,1.0,16.0,10.0,1312.0,9.0,82.0,32.0,15.0,32.0,4.0,2.0,206.0,103.0,7.0,33.0,4.0,0.0
39,Premier League,2025,35,Bournemouth,84082,R. Faivre,Romain,Faivre,27.0,France,180,75,https://media.api-sports.io/football/players/84082.png,Midfielder,0.0,0.0,,,0.0,0.0,,,,,,,,,,,,,,,0.0,0.0
39,Premier League,2025,42,Arsenal,127817,P. Hincapié,Piero Martín,Hincapié Reyna,23.0,Ecuador,184,77,https://media.api-sports.io/football/players/127817.png,Defender,25.0,20.0,1792.0,6.92,1.0,2.0,2.0,2.0,838.0,13.0,88.0,48.0,9.0,26.0,14.0,7.0,172.0,100.0,14.0,18.0,2.0,0.0
39,Premier League,2025,65,Nottingham Forest,181806,N. Savona,Nicolò,Savona,22.0,Italy,192,80,https://media.api-sports.io/football/players/181806.png,Defender,14.0,11.0,1026.0,6.59,2.0,0.0,4.0,3.0,399.0,7.0,78.0,20.0,3.0,4.0,5.0,2.0,70.0,34.0,5.0,12.0,2.0,0.0
39,Premier League,2025,52,Crystal Palace,184226,Yeremy Pino,Yeremy Jesús,Pino Santos,23.0,Spain,172,65,https://media.api-sports.io/football/players/184226.png,Midfielder,34.0,26.0,2100.0,6.86,2.0,2.0,24.0,11.0,831.0,48.0,74.0,36.0,1.0,9.0,44.0,18.0,257.0,100.0,24.0,30.0,4.0,0.0
39,Premier League,2025,47,Tottenham,204039,D. Udogie,Iyenoma Destiny,Udogie,23.0,Italy,186,73,https://media.api-sports.io/football/players/204039.png,Defender,20.0,14.0,1342.0,6.54,0.0,1.0,2.0,1.0,585.0,12.0,85.0,31.0,5.0,7.0,18.0,6.0,132.0,66.0,22.0,17.0,4.0,0.0
39,Premier League,2025,45,Everton,304317,T. Dibling,Tyler-Jay,Dibling,19.0,England,178,72,https://media.api-sports.io/football/players/304317.png,Midfielder,14.0,4.0,371.0,6.52,0.0,0.0,1.0,,102.0,4.0,86.0,7.0,1.0,6.0,27.0,13.0,79.0,33.0,11.0,11.0,2.0,0.0
39,Premier League,2025,66,Aston Villa,308843,T. Patterson,Travis,Patterson,20.0,England,178,64,https://media.api-sports.io/football/players/308843.png,Defender,0.0,0.0,,,0.0,0.0,,,,,,,,,,,,,,,0.0,0.0
39,Premier League,2025,48,West Ham,336585,Mateus Fernandes,Mateus Gonçalo,Espanha Fernandes,21.0,Portugal,178,72,https://media.api-sports.io/football/players/336585.png,Midfielder,36.0,35.0,3029.0,7.19,3.0,4.0,17.0,8.0,1559.0,37.0,87.0,104.0,12.0,36.0,48.0,28.0,360.0,200.0,49.0,49.0,7.0,0.0
39,Premier League,2025,42,Arsenal,457731,A. Annous,Andre,Annous,18.0,England,181,,https://media.api-sports.io/football/players/457731.png,Attacker,0.0,0.0,,,0.0,0.0,,,,,,,,,,,,,,,0.0,0.0
39,Premier League,2025,44,Burnley,575,Florentino,Florentino Ibrain,Morris Luís,26.0,Portugal,184,74,https://media.api-sports.io/football/players/575.png,Midfielder,31.0,25.0,2118.0,6.68,0.0,2.0,10.0,2.0,1040.0,13.0,85.0,90.0,14.0,41.0,21.0,7.0,262.0,129.0,8.0,40.0,6.0,0.0
39,Premier League,2025,746,Sunderland,671,B. Traoré,Bertrand Isidore,Traoré,30.0,Burkina Faso,181,73,https://media.api-sports.io/football/players/671.png,Attacker,12.0,9.0,638.0,6.76,1.0,0.0,9.0,6.0,180.0,8.0,79.0,11.0,3.0,2.0,22.0,14.0,86.0,42.0,11.0,11.0,1.0,0.0
39,Premier League,2025,55,Brentford,727,R. Nelson,Reiss Luke,Nelson,26.0,England,175,71,https://media.api-sports.io/football/players/727.png,Attacker,10.0,0.0,152.0,6.51,0.0,1.0,5.0,1.0,73.0,2.0,91.0,4.0,1.0,,12.0,5.0,24.0,11.0,2.0,,0.0,0.0
39,Premier League,2025,35,Bournemouth,18872,L. Cook,Lewis John,Cook,28.0,England,175,71,https://media.api-sports.io/football/players/18872.png,Midfielder,18.0,8.0,905.0,6.86,0.0,1.0,2.0,,498.0,11.0,86.0,25.0,6.0,24.0,4.0,3.0,77.0,42.0,5.0,8.0,1.0,1.0
39,Premier League,2025,55,Brentford,25073,V. Janelt,Vitaly,Janelt,27.0,Germany,184,79,https://media.api-sports.io/football/players/25073.png,Midfielder,25.0,15.0,1460.0,6.94,1.0,4.0,9.0,3.0,810.0,21.0,87.0,27.0,8.0,30.0,11.0,5.0,132.0,66.0,13.0,20.0,8.0,0.0
39,Premier League,2025,746,Sunderland,37143,L. Geertruida,Lutsharel,Geertruida,25.0,Netherlands,184,69,https://media.api-sports.io/football/players/37143.png,Defender,28.0,17.0,1715.0,6.83,0.0,0.0,7.0,3.0,743.0,8.0,86.0,37.0,10.0,19.0,12.0,7.0,112.0,63.0,7.0,15.0,2.0,0.0
39,Premier League,2025,746,Sunderland,38750,B. Brobbey,Brian Ebenezer,Adjei Brobbey,23.0,Netherlands,180,78,https://media.api-sports.io/football/players/38750.png,Attacker,31.0,22.0,1944.0,6.63,7.0,1.0,29.0,18.0,275.0,15.0,72.0,9.0,6.0,,16.0,2.0,263.0,112.0,37.0,33.0,6.0,0.0
39,Premier League,2025,65,Nottingham Forest,70366,John,John Victor,Maciel Furtado,29.0,Brazil,196,91,https://media.api-sports.io/football/players/70366.png,Goalkeeper,5.0,5.0,438.0,6.3,0.0,0.0,,,130.0,,63.0,,,,,,,,,,1.0,0.0
39,Premier League,2025,65,Nottingham Forest,129695,D. Bakwa,Dilane,Bakwa,23.0,France,180,75,https://media.api-sports.io/football/players/129695.png,Attacker,14.0,6.0,552.0,6.61,0.0,2.0,7.0,3.0,195.0,11.0,78.0,4.0,1.0,,21.0,8.0,64.0,27.0,14.0,9.0,1.0,0.0
39,Premier League,2025,44,Burnley,138822,A. Broja,Armando,Broja,24.0,Albania,191,83,https://media.api-sports.io/football/players/138822.png,Attacker,24.0,8.0,874.0,6.4,1.0,1.0,8.0,6.0,151.0,5.0,69.0,6.0,,3.0,24.0,8.0,195.0,65.0,16.0,14.0,0.0,0.0
39,Premier League,2025,44,Burnley,181797,B. Humphreys,Bashir,Humphreys,22.0,England,187,79,https://media.api-sports.io/football/players/181797.png,Defender,20.0,17.0,1578.0,6.85,0.0,0.0,5.0,3.0,849.0,9.0,81.0,27.0,19.0,11.0,12.0,6.0,143.0,69.0,10.0,14.0,6.0,0.0
39,Premier League,2025,45,Everton,202854,M. Röhl,Merlin,Röhl,23.0,Germany,192,75,https://media.api-sports.io/football/players/202854.png,Midfielder,16.0,6.0,694.0,6.51,1.0,0.0,7.0,1.0,169.0,6.0,77.0,24.0,2.0,4.0,11.0,3.0,120.0,49.0,7.0,20.0,0.0,0.0
39,Premier League,2025,49,Chelsea,284324,A. Garnacho,Alejandro,Garnacho Ferreyra,21.0,Argentina,180,73,https://media.api-sports.io/football/players/284324.png,Attacker,24.0,14.0,1283.0,6.77,1.0,4.0,23.0,7.0,473.0,29.0,87.0,16.0,,4.0,39.0,14.0,123.0,56.0,23.0,9.0,2.0,0.0
39,Premier League,2025,49,Chelsea,311334,F. Buonanotte,Facundo Valentín,Buonanotte,21.0,Argentina,174,66,https://media.api-sports.io/football/players/311334.png,Midfielder,1.0,1.0,45.0,6.5,0.0,0.0,,,22.0,2.0,90.0,1.0,,,1.0,,2.0,1.0,,,0.0,0.0
39,Premier League,2025,63,Leeds,311334,F. Buonanotte,Facundo Valentín,Buonanotte,21.0,Argentina,174,66,https://media.api-sports.io/football/players/311334.png,Midfielder,3.0,0.0,46.0,6.47,0.0,0.0,,,14.0,1.0,57.0,,1.0,1.0,1.0,,6.0,1.0,,1.0,1.0,0.0
39,Premier League,2025,51,Brighton,329369,T. Watson,Thomas,Watson,19.0,England,168,63,https://media.api-sports.io/football/players/329369.png,Attacker,6.0,0.0,73.0,6.44,0.0,0.0,1.0,1.0,19.0,,73.0,1.0,,,1.0,,6.0,1.0,,3.0,1.0,0.0
39,Premier League,2025,35,Bournemouth,330437,Álex Jiménez,Alejandro,Jiménez Sánchez,20.0,Spain,177,73,https://media.api-sports.io/football/players/330437.png,Defender,31.0,26.0,2330.0,6.81,1.0,0.0,12.0,4.0,868.0,14.0,80.0,69.0,11.0,27.0,75.0,39.0,277.0,141.0,20.0,35.0,10.0,0.0
39,Premier League,2025,51,Brighton,343311,S. Tzimas,Stefanos,Tzimas,19.0,Greece,186,77,https://media.api-sports.io/football/players/343311.png,Attacker,9.0,1.0,164.0,6.58,1.0,1.0,3.0,1.0,24.0,6.0,70.0,3.0,1.0,,2.0,1.0,23.0,5.0,1.0,4.0,0.0,0.0
39,Premier League,2025,52,Crystal Palace,403554,Christantus Uche,Christantus Ugonna,Uche,22.0,Spain,190,84,https://media.api-sports.io/football/players/403554.png,Midfielder,14.0,0.0,193.0,6.45,0.0,0.0,4.0,2.0,59.0,,59.0,1.0,,,4.0,,48.0,16.0,7.0,4.0,0.0,0.0
39,Premier League,2025,35,Bournemouth,412719,Veljko Milosavljević,Veljko,Milosavljević,18.0,Serbia,192,,https://media.api-sports.io/football/players/412719.png,Defender,7.0,4.0,375.0,6.78,0.0,0.0,1.0,,190.0,1.0,84.0,5.0,5.0,4.0,1.0,1.0,36.0,17.0,,,0.0,0.0
39,Premier League,2025,52,Crystal Palace,412759,J. Canvot,Jaydee,Canvot,19.0,France,188,75,https://media.api-sports.io/football/players/412759.png,Defender,20.0,14.0,1347.0,6.87,0.0,0.0,7.0,1.0,765.0,3.0,88.0,39.0,13.0,12.0,4.0,2.0,141.0,85.0,7.0,12.0,3.0,0.0
39,Premier League,2025,66,Aston Villa,18,J. Sancho,Jadon Malik,Sancho,25.0,England,180,76,https://media.api-sports.io/football/players/18.png,Attacker,23.0,9.0,891.0,6.65,0.0,2.0,4.0,3.0,377.0,21.0,83.0,6.0,,2.0,29.0,16.0,64.0,27.0,2.0,3.0,0.0,0.0
39,Premier League,2025,66,Aston Villa,889,V. Lindelöf,Victor Jörgen,Nilsson Lindelöf,31.0,Sweden,187,80,https://media.api-sports.io/football/players/889.png,Defender,17.0,11.0,985.0,6.67,0.0,1.0,3.0,,637.0,2.0,94.0,7.0,5.0,8.0,,,31.0,19.0,1.0,2.0,0.0,0.0
39,Premier League,2025,50,Manchester City,1622,G. Donnarumma,Gianluigi,Donnarumma,26.0,Italy,196,90,https://media.api-sports.io/football/players/1622.png,Goalkeeper,34.0,34.0,3060.0,7.03,0.0,0.0,,,881.0,1.0,80.0,,,1.0,2.0,2.0,24.0,22.0,4.0,,8.0,0.0
39,Premier League,2025,48,West Ham,2997,Ł. Fabiański,Łukasz Marek,Fabiański,40.0,Poland,190,83,https://media.api-sports.io/football/players/2997.png,Goalkeeper,0.0,0.0,,,0.0,0.0,,,,,,,,,,,,,,,0.0,0.0
39,Premier League,2025,48,West Ham,7600,Igor,Igor Júlio,dos Santos de Paulo,27.0,Brazil,185,85,https://media.api-sports.io/football/players/7600.png,Defender,4.0,1.0,122.0,6.4,0.0,0.0,,,22.0,1.0,72.0,,2.0,1.0,,,2.0,,,1.0,0.0,0.0
39,Premier League,2025,51,Brighton,7600,Igor,Igor Júlio,dos Santos de Paulo,27.0,Brazil,185,85,https://media.api-sports.io/football/players/7600.png,Defender,0.0,0.0,,,0.0,0.0,,,,,,,,,,,,,,,0.0,0.0
39,Premier League,2025,39,Wolves,19341,D. Bentley,Daniel Ian,Bentley,32.0,England,188,73,https://media.api-sports.io/football/players/19341.png,Goalkeeper,3.0,3.0,270.0,7.13,0.0,0.0,,,88.0,,50.0,,,,,,3.0,3.0,2.0,,0.0,0.0
39,Premier League,2025,63,Leeds,20619,I. Meslier,Illan Stéphane,Meslier,25.0,France,197,74,https://media.api-sports.io/football/players/20619.png,Goalkeeper,0.0,0.0,,,0.0,0.0,,,,,,,,,,,,,,,0.0,0.0
39,Premier League,2025,39,Wolves,110153,T. Arokodare,Toluwalase Emmanuel,Arokodare,25.0,Nigeria,197,97,https://media.api-sports.io/football/players/110153.png,Attacker,33.0,13.0,1438.0,6.58,3.0,1.0,38.0,16.0,268.0,11.0,60.0,7.0,2.0,5.0,32.0,18.0,284.0,140.0,17.0,18.0,1.0,0.0
39,Premier League,2025,50,Manchester City,129033,J. Gvardiol,Joško,Gvardiol,23.0,Croatia,185,80,https://media.api-sports.io/football/players/129033.png,Defender,18.0,16.0,1386.0,7.01,2.0,2.0,13.0,6.0,1045.0,6.0,89.0,18.0,10.0,15.0,6.0,2.0,104.0,56.0,7.0,16.0,2.0,0.0
39,Premier League,2025,45,Everton,138417,N. Patterson,Nathan Kenneth,Patterson,24.0,Scotland,189,83,https://media.api-sports.io/football/players/138417.png,Defender,7.0,3.0,266.0,6.87,0.0,0.0,1.0,1.0,84.0,,76.0,10.0,2.0,2.0,5.0,1.0,33.0,20.0,2.0,2.0,0.0,0.0
39,Premier League,2025,34,Newcastle,158054,N. Woltemade,Nick,Woltemade,23.0,Germany,198,90,https://media.api-sports.io/football/players/158054.png,Attacker,33.0,24.0,1939.0,6.66,8.0,3.0,24.0,13.0,384.0,22.0,76.0,24.0,2.0,5.0,35.0,13.0,241.0,92.0,20.0,20.0,0.0,0.0
39,Premier League,2025,47,Tottenham,162016,X. Simons,Xavier Quentin Shay,Simons,22.0,Netherlands,179,58,https://media.api-sports.io/football/players/162016.png,Attacker,28.0,19.0,1769.0,6.86,2.0,5.0,25.0,10.0,803.0,35.0,82.0,34.0,1.0,15.0,67.0,29.0,247.0,119.0,44.0,21.0,5.0,1.0
39,Premier League,2025,33,Manchester United,162511,S. Lammens,Senne,Lammens,23.0,Belgium,193,70,https://media.api-sports.io/football/players/162511.png,Goalkeeper,32.0,32.0,2880.0,7.01,0.0,0.0,,,942.0,,59.0,1.0,,,,,12.0,11.0,4.0,,0.0,0.0
39,Premier League,2025,36,Fulham,237819,Kevin,Kevin,Santos Lopes de Macedo,22.0,Brazil,176,71,https://media.api-sports.io/football/players/237819.png,Attacker,26.0,9.0,1037.0,6.75,1.0,1.0,19.0,10.0,338.0,14.0,76.0,21.0,,9.0,88.0,44.0,204.0,90.0,17.0,14.0,1.0,0.0
39,Premier League,2025,50,Manchester City,266657,Sávio,Sávio,Moreira de Oliveira,21.0,Brazil,179,66,https://media.api-sports.io/football/players/266657.png,Attacker,24.0,7.0,858.0,6.76,1.0,1.0,17.0,11.0,372.0,9.0,82.0,9.0,,5.0,54.0,17.0,101.0,41.0,15.0,9.0,2.0,0.0
39,Premier League,2025,48,West Ham,326176,S. Magassa,Soungoutou,Magassa,22.0,France,188,80,https://media.api-sports.io/football/players/326176.png,Midfielder,22.0,11.0,998.0,6.72,1.0,0.0,5.0,2.0,405.0,5.0,80.0,40.0,4.0,17.0,8.0,5.0,129.0,73.0,17.0,17.0,4.0,0.0
39,Premier League,2025,50,Manchester City,380681,D. Mukasa,Divine,Tayon Mahogany Mukasa,18.0,England,180,,https://media.api-sports.io/football/players/380681.png,Midfielder,2.0,0.0,25.0,6.55,0.0,0.0,,,19.0,2.0,94.0,,,,,,6.0,,,1.0,0.0,0.0
39,Premier League,2025,50,Manchester City,382358,S. Mfuni,Stephen,Mfuni,17.0,England,,,https://media.api-sports.io/football/players/382358.png,Defender,0.0,0.0,,,0.0,0.0,,,,,,,,,,,,,,,0.0,0.0
39,Premier League,2025,45,Everton,431921,Adam Aznou Ben Cheikh,Adam,Aznou Ben Cheikh,19.0,Spain,178,70,https://media.api-sports.io/football/players/431921.png,Defender,0.0,0.0,,,0.0,0.0,,,,,,,,,,,,,,,0.0,0.0
39,Premier League,2025,33,Manchester United,475598,D. León,Diego Basilio,León Blanco,18.0,Paraguay,177,82,https://media.api-sports.io/football/players/475598.png,Defender,0.0,0.0,,,0.0,0.0,,,,,,,,,,,,,,,0.0,0.0
39,Premier League,2025,49,Chelsea,95,B. Badiashile,Benoît Ntambue,Badiashile Mukinayi Baya,24.0,France,194,75,https://media.api-sports.io/football/players/95.png,Defender,8.0,6.0,471.0,6.73,0.0,0.0,,,439.0,,92.0,7.0,4.0,10.0,,,32.0,17.0,2.0,6.0,2.0,0.0
39,Premier League,2025,65,Nottingham Forest,641,O. Zinchenko,Oleksandr,Zinchenko,29.0,Ukraine,175,64,https://media.api-sports.io/football/players/641.png,Defender,5.0,4.0,353.0,6.72,0.0,0.0,2.0,2.0,254.0,5.0,90.0,10.0,1.0,2.0,2.0,1.0,34.0,16.0,2.0,1.0,0.0,0.0
39,Premier League,2025,52,Crystal Palace,1468,E. Nketiah,Edward,Keddar Nketiah,26.0,England,175,72,https://media.api-sports.io/football/players/1468.png,Attacker,12.0,2.0,416.0,6.58,2.0,0.0,9.0,6.0,87.0,7.0,80.0,8.0,1.0,2.0,16.0,5.0,81.0,28.0,7.0,7.0,2.0,0.0
39,Premier League,2025,36,Fulham,1696,S. Chukwueze,Samuel Chimerenka,Chukwueze,26.0,Nigeria,172,70,https://media.api-sports.io/football/players/1696.png,Attacker,23.0,10.0,1075.0,6.89,3.0,4.0,17.0,7.0,412.0,24.0,74.0,6.0,1.0,6.0,39.0,18.0,100.0,43.0,12.0,5.0,0.0,0.0
39,Premier League,2025,66,Aston Villa,2287,R. Barkley,Ross,Barkley,32.0,England,189,76,https://media.api-sports.io/football/players/2287.png,Midfielder,21.0,7.0,865.0,6.82,3.0,1.0,14.0,8.0,404.0,10.0,88.0,14.0,3.0,2.0,19.0,12.0,101.0,48.0,8.0,9.0,1.0,0.0
39,Premier League,2025,50,Manchester City,2291,M. Kovačić,Mateo,Kovačić,31.0,Croatia,177,78,https://media.api-sports.io/football/players/2291.png,Midfielder,6.0,1.0,146.0,6.8,0.0,1.0,1.0,,145.0,4.0,91.0,2.0,,2.0,3.0,2.0,12.0,6.0,2.0,,0.0,0.0
39,Premier League,2025,40,Liverpool,2864,A. Isak,Alexander,Isak,26.0,Sweden,192,77,https://media.api-sports.io/football/players/2864.png,Attacker,14.0,8.0,714.0,6.51,3.0,1.0,15.0,6.0,88.0,2.0,62.0,7.0,1.0,,10.0,1.0,58.0,17.0,1.0,5.0,0.0,0.0
39,Premier League,2025,65,Nottingham Forest,6056,N. Domínguez,Nicolás Martín,Domínguez,27.0,Argentina,179,73,https://media.api-sports.io/football/players/6056.png,Midfielder,27.0,17.0,1193.0,6.83,1.0,1.0,10.0,5.0,535.0,12.0,85.0,56.0,5.0,7.0,12.0,6.0,155.0,86.0,11.0,16.0,3.0,0.0
39,Premier League,2025,40,Liverpool,18889,F. Woodman,Frederick John,Woodman,28.0,England,188,83,https://media.api-sports.io/football/players/18889.png,Goalkeeper,3.0,2.0,212.0,6.9,0.0,0.0,,,79.0,,56.0,,,1.0,,,,,,,0.0,0.0
39,Premier League,2025,44,Burnley,18927,A. Barnes,Ashley Luke,Barnes,36.0,England,186,77,https://media.api-sports.io/football/players/18927.png,Attacker,7.0,0.0,92.0,6.4,0.0,0.0,1.0,1.0,13.0,,,,,,1.0,1.0,21.0,10.0,2.0,2.0,2.0,0.0
39,Premier League,2025,44,Burnley,19182,A. Tuanzebe,Axel,Tuanzebe,28.0,England,186,75,https://media.api-sports.io/football/players/19182.png,Defender,14.0,14.0,1202.0,6.53,1.0,0.0,2.0,1.0,563.0,,84.0,14.0,11.0,11.0,,,80.0,38.0,2.0,13.0,1.0,0.0
39,Premier League,2025,746,Sunderland,19911,L. O&apos;Nien,Luke Terry,O'Nien,31.0,England,174,74,https://media.api-sports.io/football/players/19911.png,Midfielder,12.0,5.0,604.0,6.63,0.0,1.0,3.0,1.0,245.0,2.0,83.0,6.0,1.0,6.0,1.0,1.0,44.0,24.0,8.0,6.0,1.0,1.0
39,Premier League,2025,47,Tottenham,21104,R. Kolo Muani,Randal,Kolo Muani,27.0,France,187,73,https://media.api-sports.io/football/players/21104.png,Attacker,30.0,21.0,1682.0,6.47,1.0,1.0,15.0,4.0,327.0,20.0,70.0,28.0,1.0,3.0,66.0,28.0,280.0,103.0,17.0,41.0,3.0,0.0
39,Premier League,2025,42,Arsenal,30407,C. Nørgaard,Christian,Thers Nørgaard,31.0,Denmark,187,73,https://media.api-sports.io/football/players/30407.png,Midfielder,7.0,1.0,108.0,6.53,0.0,0.0,2.0,1.0,61.0,,85.0,3.0,1.0,1.0,,,16.0,5.0,,3.0,0.0,0.0
39,Premier League,2025,47,Tottenham,162552,D. Scarlett,Dane Pharrell,Scarlett,21.0,England,180,76,https://media.api-sports.io/football/players/162552.png,Attacker,2.0,0.0,21.0,6.45,0.0,0.0,,,4.0,,50.0,,,,,,4.0,,,1.0,0.0,0.0
39,Premier League,2025,49,Chelsea,282125,R. Lavia,Roméo,Lavia,21.0,Belgium,181,76,https://media.api-sports.io/football/players/282125.png,Midfielder,12.0,4.0,377.0,6.78,0.0,0.0,2.0,,284.0,1.0,92.0,8.0,,5.0,5.0,3.0,38.0,22.0,8.0,8.0,0.0,0.0
39,Premier League,2025,36,Fulham,436443,J. Kusi-Asare,Jonah,Kusi-Asare,18.0,Sweden,196,84,https://media.api-sports.io/football/players/436443.png,Attacker,7.0,0.0,79.0,6.47,0.0,0.0,,,16.0,1.0,68.0,1.0,,,,,16.0,4.0,2.0,4.0,1.0,0.0
39,Premier League,2025,50,Manchester City,442048,R. McAidoo,Ryan,McAidoo,17.0,England,,,https://media.api-sports.io/football/players/442048.png,Attacker,0.0,0.0,,,0.0,0.0,,,,,,,,,,,,,,,0.0,0.0
39,Premier League,2025,63,Leeds,443634,H. Gray,Harry,Gray,17.0,England,,,https://media.api-sports.io/football/players/443634.png,Attacker,0.0,0.0,,,0.0,0.0,,,,,,,,,,,,,,,0.0,0.0
39,Premier League,2025,49,Chelsea,454935,L. Emenalo,Landon,Emenalo,17.0,England,177,,https://media.api-sports.io/football/players/454935.png,Midfielder,0.0,0.0,,,0.0,0.0,,,,,,,,,,,,,,,0.0,0.0
39,Premier League,2025,33,Manchester United,37145,T. Malacia,Tyrell Johannes Chicco,Malacia,26.0,Netherlands,170,67,https://media.api-sports.io/football/players/37145.png,Defender,3.0,0.0,32.0,6.57,0.0,0.0,,,13.0,,84.0,3.0,,,,,5.0,3.0,,,0.0,0.0
39,Premier League,2025,35,Bournemouth,47499,E. Ünal,Enes,Ünal,28.0,Türkiye,187,78,https://media.api-sports.io/football/players/47499.png,Attacker,23.0,0.0,259.0,6.48,1.0,0.0,10.0,3.0,56.0,1.0,67.0,1.0,1.0,,4.0,1.0,72.0,21.0,10.0,6.0,1.0,0.0
39,Premier League,2025,45,Everton,82855,T. King,Thomas Lloyd,King,30.0,Wales,194,80,https://media.api-sports.io/football/players/82855.png,Goalkeeper,0.0,0.0,,,0.0,0.0,,,,,,,,,,,,,,,0.0,0.0
39,Premier League,2025,39,Wolves,171035,T. Chirewa,Tawanda,Chirewa,22.0,England,181,72,https://media.api-sports.io/football/players/171035.png,Attacker,2.0,0.0,31.0,6.45,0.0,0.0,,,3.0,,100.0,3.0,,,,,8.0,4.0,1.0,3.0,0.0,0.0
39,Premier League,2025,48,West Ham,291363,George Earthy,George,Earthy,21.0,England,180,70,https://media.api-sports.io/football/players/291363.png,Midfielder,1.0,0.0,8.0,6.5,0.0,0.0,,,3.0,,100.0,,,,,,,,,,0.0,0.0
39,Premier League,2025,40,Liverpool,342467,Á. Pécsi,Ármin,Pécsi,20.0,Hungary,190,,https://media.api-sports.io/football/players/342467.png,Goalkeeper,0.0,0.0,,,0.0,0.0,,,,,,,,,,,,,,,0.0,0.0
39,Premier League,2025,51,Brighton,359842,Joe Knight,Joe,Knight,20.0,England,164,,https://media.api-sports.io/football/players/359842.png,Midfielder,1.0,0.0,1.0,,0.0,0.0,,,,,,,,,,,,,,,0.0,0.0
39,Premier League,2025,47,Tottenham,361735,James Rowswell,James,Rowswell,19.0,England,,,https://media.api-sports.io/football/players/361735.png,Defender,1.0,0.0,1.0,,0.0,0.0,,,,,,,,,,,,,,,0.0,0.0
39,Premier League,2025,66,Aston Villa,364566,George Hemmings,George,Hemmings,18.0,England,,,https://media.api-sports.io/football/players/364566.png,Midfielder,2.0,0.0,25.0,6.7,0.0,0.0,,,17.0,,100.0,,,,,,1.0,,,1.0,0.0,0.0
39,Premier League,2025,47,Tottenham,380688,Y. Akhamrich,Yusuf,Akhamrich,20.0,Morocco,,,https://media.api-sports.io/football/players/380688.png,Attacker,0.0,0.0,,,0.0,0.0,,,,,,,,,,,,,,,0.0,0.0
39,Premier League,2025,66,Aston Villa,380715,B. Broggio,Benjamin Tomaso,Broggio,18.0,England,181,75,https://media.api-sports.io/football/players/380715.png,Midfielder,0.0,0.0,,,0.0,0.0,,,,,,,,,,,,,,,0.0,0.0
39,Premier League,2025,33,Manchester United,383770,J. Fletcher,Jack Andrew,Davidson Fletcher,18.0,England,180,78,https://media.api-sports.io/football/players/383770.png,Midfielder,3.0,0.0,107.0,6.57,0.0,0.0,1.0,,45.0,2.0,82.0,5.0,1.0,1.0,1.0,,18.0,7.0,1.0,2.0,0.0,0.0
39,Premier League,2025,36,Fulham,384981,S. Amissah,Samuel,Amissah,18.0,England,184,73,https://media.api-sports.io/football/players/384981.png,Defender,0.0,0.0,,,0.0,0.0,,,,,,,,,,,,,,,0.0,0.0
39,Premier League,2025,40,Liverpool,389032,K. Morrison,Kieran,Morrison,19.0,England,170,65,https://media.api-sports.io/football/players/389032.png,Midfielder,0.0,0.0,,,0.0,0.0,,,,,,,,,,,,,,,0.0,0.0
39,Premier League,2025,51,Brighton,392482,C. Kostoulas,Charalampos,Kostoulas,18.0,Greece,,,https://media.api-sports.io/football/players/392482.png,Attacker,21.0,2.0,386.0,6.66,2.0,1.0,16.0,8.0,127.0,10.0,74.0,11.0,,1.0,27.0,11.0,109.0,51.0,7.0,7.0,2.0,0.0
39,Premier League,2025,48,West Ham,405530,Ezra Mayers,Ezra,Mayers,18.0,England,183,,https://media.api-sports.io/football/players/405530.png,Defender,0.0,0.0,15.0,6.3,0.0,0.0,,,1.0,,,,,1.0,,,,,,,0.0,0.0
39,Premier League,2025,39,Wolves,456206,M. Mane,Mateus Bula,Dami Mané,18.0,England,,,https://media.api-sports.io/football/players/456206.png,Attacker,27.0,19.0,1799.0,6.9,3.0,1.0,35.0,17.0,372.0,31.0,76.0,27.0,1.0,6.0,83.0,30.0,282.0,112.0,47.0,26.0,0.0,0.0
39,Premier League,2025,47,Tottenham,467839,J. Byfield,Jun'ai,Byfield,17.0,England,188,,https://media.api-sports.io/football/players/467839.png,Defender,1.0,0.0,10.0,6.6,0.0,0.0,,,5.0,,80.0,,,,,,1.0,1.0,,,0.0,0.0
39,Premier League,2025,51,Brighton,553958,N. Oriola,,,18.0,,,,https://media.api-sports.io/football/players/553958.png,Attacker,1.0,0.0,1.0,,0.0,0.0,,,,,,,,,,,,,,,0.0,0.0
39,Premier League,2025,48,West Ham,557541,A. Golambeckis,,,17.0,,,,https://media.api-sports.io/football/players/557541.png,Defender,0.0,0.0,,,0.0,0.0,,,,,,,,,,,,,,,0.0,0.0
39,Premier League,2025,42,Arsenal,643,Gabriel Jesus,Gabriel Fernando,de Jesus,28.0,Brazil,175,73,https://media.api-sports.io/football/players/643.png,Attacker,14.0,3.0,421.0,6.59,3.0,0.0,16.0,12.0,108.0,3.0,76.0,4.0,,3.0,17.0,8.0,70.0,23.0,1.0,9.0,3.0,0.0
39,Premier League,2025,33,Manchester United,2467,Lisandro Martínez,Lisandro,Martínez,27.0,Argentina,175,72,https://media.api-sports.io/football/players/2467.png,Defender,18.0,13.0,1237.0,7.1,0.0,0.0,2.0,,938.0,5.0,89.0,19.0,12.0,12.0,16.0,14.0,72.0,47.0,2.0,9.0,0.0,1.0
39,Premier League,2025,34,Newcastle,18737,J. Ruddy,John Thomas Gordon,Ruddy,39.0,England,192,96,https://media.api-sports.io/football/players/18737.png,Goalkeeper,0.0,0.0,,,0.0,0.0,,,,,,,,,,,,,,,0.0,0.0
39,Premier League,2025,34,Newcastle,20649,Y. Wissa,Yoane,Wissa,29.0,Congo DR,176,74,https://media.api-sports.io/football/players/20649.png,Attacker,19.0,4.0,548.0,6.47,1.0,0.0,13.0,5.0,92.0,3.0,69.0,5.0,1.0,,12.0,1.0,67.0,23.0,2.0,6.0,3.0,0.0
39,Premier League,2025,44,Burnley,37381,M. Trésor,Mike,Trésor Ndayishimiye,26.0,Belgium,172,64,https://media.api-sports.io/football/players/37381.png,Attacker,6.0,0.0,63.0,6.47,0.0,0.0,,,27.0,1.0,85.0,1.0,,,2.0,,8.0,1.0,,,0.0,0.0
39,Premier League,2025,40,Liverpool,135525,C. Ramsay,Calvin William,Ramsay,22.0,Scotland,177,68,https://media.api-sports.io/football/players/135525.png,Defender,0.0,0.0,,,0.0,0.0,,,,,,,,,,,,,,,0.0,0.0
39,Premier League,2025,45,Everton,284327,R. Welch,Reece,Belfield Welch,22.0,England,,,https://media.api-sports.io/football/players/284327.png,Defender,0.0,0.0,,,0.0,0.0,,,,,,,,,,,,,,,0.0,0.0
39,Premier League,2025,746,Sunderland,284414,R. Mundle,Romaine Lee,Mundle,22.0,England,180,61,https://media.api-sports.io/football/players/284414.png,Attacker,14.0,2.0,412.0,6.5,0.0,0.0,5.0,2.0,104.0,1.0,85.0,5.0,,1.0,15.0,7.0,63.0,24.0,8.0,7.0,1.0,0.0
39,Premier League,2025,34,Newcastle,318056,A. Murphy,Alex,Murphy,21.0,Republic of Ireland,188,78,https://media.api-sports.io/football/players/318056.png,Defender,2.0,0.0,16.0,6.6,0.0,0.0,,,6.0,,100.0,,1.0,1.0,,,,,,,0.0,0.0
39,Premier League,2025,40,Liverpool,328081,W. Omoruyi,Wellity,Lucky Omoruyi,19.0,Spain,,,https://media.api-sports.io/football/players/328081.png,Defender,0.0,0.0,,,0.0,0.0,,,,,,,,,,,,,,,0.0,0.0
39,Premier League,2025,66,Aston Villa,388013,Andrés García,Andrés,García Robledo,22.0,Spain,185,77,https://media.api-sports.io/football/players/388013.png,Defender,6.0,1.0,105.0,6.5,0.0,0.0,,,37.0,,100.0,5.0,1.0,,1.0,,9.0,5.0,,1.0,0.0,0.0
39,Premier League,2025,34,Newcastle,394165,S. Neave,Sean Thoms,Neave,18.0,England,,,https://media.api-sports.io/football/players/394165.png,Attacker,1.0,0.0,22.0,6.5,0.0,0.0,,,,,,,,,1.0,,2.0,,,,0.0,0.0
39,Premier League,2025,48,West Ham,401278,M. Kanté,Mohamadou,Kanté,20.0,France,178 cm,74 kg,https://media.api-sports.io/football/players/401278.png,Midfielder,11.0,0.0,116.0,6.61,0.0,0.0,2.0,,31.0,1.0,70.0,6.0,1.0,,1.0,1.0,22.0,10.0,1.0,4.0,2.0,0.0
39,Premier League,2025,55,Brentford,402317,R. Donovan,Romelle,Donovan,19.0,England,,,https://media.api-sports.io/football/players/402317.png,Midfielder,4.0,0.0,38.0,6.7,0.0,0.0,1.0,1.0,16.0,1.0,56.0,,,,6.0,5.0,15.0,8.0,3.0,2.0,0.0,0.0
39,Premier League,2025,33,Manchester United,404769,Bendito Mantato,Bendito,Mantato,17.0,England,180,,https://media.api-sports.io/football/players/404769.png,Attacker,1.0,0.0,15.0,6.3,0.0,0.0,,,5.0,1.0,100.0,,,,1.0,,1.0,,,,0.0,0.0
39,Premier League,2025,42,Arsenal,482903,M. Salmon,Marli Ellis,Salmon,16.0,England,,,https://media.api-sports.io/football/players/482903.png,Defender,0.0,0.0,,,0.0,0.0,,,,,,,,,,,,,,,0.0,0.0
39,Premier League,2025,66,Aston Villa,482915,L. Routh,Leon,Routh,18.0,England,,,https://media.api-sports.io/football/players/482915.png,Defender,0.0,0.0,,,0.0,0.0,,,,,,,,,,,,,,,0.0,0.0
39,Premier League,2025,33,Manchester United,557462,S. Lacey,,,18.0,,,,https://media.api-sports.io/football/players/557462.png,Attacker,3.0,0.0,51.0,6.67,0.0,0.0,4.0,1.0,11.0,,81.0,1.0,,,2.0,1.0,8.0,4.0,2.0,2.0,0.0,0.0
39,Premier League,2025,66,Aston Villa,557506,R. Hollingshead,,,21.0,,,,https://media.api-sports.io/football/players/557506.png,Goalkeeper,0.0,0.0,,,0.0,0.0,,,,,,,,,,,,,,,0.0,0.0
39,Premier League,2025,35,Bournemouth,626383,Malcom Dacosta,,,17.0,,,,https://media.api-sports.io/football/players/626383.png,Midfielder,0.0,0.0,,,0.0,0.0,,,,,,,,,,,,,,,0.0,0.0
39,Premier League,2025,746,Sunderland,162076,D. Cirkin,Dennis,Cirkin,23.0,England,182,78,https://media.api-sports.io/football/players/162076.png,Defender,8.0,3.0,329.0,6.67,0.0,0.0,1.0,,99.0,,77.0,8.0,1.0,5.0,4.0,3.0,35.0,18.0,2.0,4.0,2.0,0.0
39,Premier League,2025,47,Tottenham,162498,R. Drăgușin,Radu,Matei Drăgușin,23.0,Romania,191,85,https://media.api-sports.io/football/players/162498.png,Defender,10.0,5.0,541.0,6.57,0.0,0.0,3.0,,239.0,,77.0,5.0,8.0,16.0,1.0,1.0,50.0,26.0,1.0,9.0,0.0,0.0
39,Premier League,2025,39,Wolves,283272,A. Pond,Alfie James,Pond,21.0,England,191,86,https://media.api-sports.io/football/players/283272.png,Defender,0.0,0.0,,,0.0,0.0,,,,,,,,,,,,,,,0.0,0.0
39,Premier League,2025,746,Sunderland,297187,L. Hjelde,Leo,Fuhr Hjelde,22.0,Norway,190,75,https://media.api-sports.io/football/players/297187.png,Defender,0.0,0.0,,,0.0,0.0,,,,,,,,,,,,,,,0.0,0.0
39,Premier League,2025,47,Tottenham,337593,K. Takai,Kota,Takai,21.0,Japan,192,84,https://media.api-sports.io/football/players/337593.png,Defender,0.0,0.0,,,0.0,0.0,,,,,,,,,,,,,,,0.0,0.0
39,Premier League,2025,34,Newcastle,337934,L. Shahar,Leo,Shahar,18.0,England,,,https://media.api-sports.io/football/players/337934.png,Defender,0.0,0.0,,,0.0,0.0,,,,,,,,,,,,,,,0.0,0.0
39,Premier League,2025,39,Wolves,385726,E. González,Enso David,González Medina,20.0,Paraguay,169,69,https://media.api-sports.io/football/players/385726.png,Attacker,0.0,0.0,,,0.0,0.0,,,,,,,,,,,,,,,0.0,0.0
39,Premier League,2025,50,Manchester City,389034,Charlie Gray,Charlie,Gray,19.0,England,,,https://media.api-sports.io/football/players/389034.png,Midfielder,0.0,0.0,,,0.0,0.0,,,,,,,,,,,,,,,0.0,0.0
39,Premier League,2025,39,Wolves,397999,S. Olagunju,Saheed,Olagunju,18.0,England,,,https://media.api-sports.io/football/players/397999.png,Defender,0.0,0.0,,,0.0,0.0,,,,,,,,,,,,,,,0.0,0.0
39,Premier League,2025,39,Wolves,401098,L. Rawlings,Luke,Rawlings,17.0,England,178,70,https://media.api-sports.io/football/players/401098.png,Midfielder,0.0,0.0,,,0.0,0.0,,,,,,,,,,,,,,,0.0,0.0
39,Premier League,2025,51,Brighton,412086,F. Simmonds,Freddie,Simmonds,17.0,England,,,https://media.api-sports.io/football/players/412086.png,Defender,0.0,0.0,,,0.0,0.0,,,,,,,,,,,,,,,0.0,0.0
39,Premier League,2025,55,Brentford,427736,Gustavo Gomes,Gustavo,Nunes Fernandes Gomes,20.0,Brazil,173,69,https://media.api-sports.io/football/players/427736.png,Attacker,0.0,0.0,,,0.0,0.0,,,,,,,,,,,,,,,0.0,0.0
39,Premier League,2025,55,Brentford,430734,Y. Konak,Yunus Emre,Konak,20.0,Türkiye,181,76,https://media.api-sports.io/football/players/430734.png,Midfielder,0.0,0.0,,,0.0,0.0,,,,,,,,,,,,,,,0.0,0.0
39,Premier League,2025,50,Manchester City,448969,Reigan Heskey,Reigan,Heskey,17.0,England,,,https://media.api-sports.io/football/players/448969.png,Attacker,0.0,0.0,,,0.0,0.0,,,,,,,,,,,,,,,0.0,0.0
39,Premier League,2025,48,West Ham,553065,E. Mayers,,,18.0,,,,https://media.api-sports.io/football/players/553065.png,Defender,6.0,0.0,119.0,6.7,0.0,0.0,,,80.0,2.0,85.0,,,,1.0,1.0,6.0,4.0,,,0.0,0.0
39,Premier League,2025,36,Fulham,557335,S. Ridgeon,,,17.0,,,,https://media.api-sports.io/football/players/557335.png,Midfielder,0.0,0.0,,,0.0,0.0,,,,,,,,,,,,,,,0.0,0.0
39,Premier League,2025,52,Crystal Palace,557413,J. Drakes-Thomas,,,16.0,,,,https://media.api-sports.io/football/players/557413.png,Attacker,2.0,0.0,25.0,6.4,0.0,0.0,,,11.0,,72.0,1.0,,,1.0,,3.0,1.0,,1.0,0.0,0.0
39,Premier League,2025,52,Crystal Palace,557414,D. Benamar,,,17.0,,,,https://media.api-sports.io/football/players/557414.png,Defender,0.0,0.0,,,0.0,0.0,,,,,,,,,,,,,,,0.0,0.0
39,Premier League,2025,33,Manchester United,557460,T. Fletcher,,,18.0,,,,https://media.api-sports.io/football/players/557460.png,Midfielder,2.0,0.0,17.0,6.7,0.0,0.0,,,19.0,,94.0,,,,,,,,,,0.0,0.0
39,Premier League,2025,34,Newcastle,567998,S. Alabi,,,16.0,,,,https://media.api-sports.io/football/players/567998.png,Midfielder,0.0,0.0,,,0.0,0.0,,,,,,,,,,,,,,,0.0,0.0
39,Premier League,2025,35,Bournemouth,18932,F. Forster,Fraser Gerard,Forster,37.0,England,201 cm,93 kg,https://media.api-sports.io/football/players/18932.png,Goalkeeper,0.0,0.0,,,0.0,0.0,,,,,,,,,,,,,,,0.0,0.0
39,Premier League,2025,51,Brighton,18970,P. Groß,Pascal,Groß,34.0,Germany,181,78,https://media.api-sports.io/football/players/18970.png,Midfielder,19.0,18.0,1636.0,7.05,1.0,3.0,12.0,9.0,1064.0,39.0,85.0,29.0,4.0,12.0,16.0,7.0,128.0,60.0,12.0,17.0,2.0,0.0
39,Premier League,2025,47,Tottenham,156428,B. Austin,Brandon Anthony,Austin,26.0,England,188,82,https://media.api-sports.io/football/players/156428.png,Goalkeeper,0.0,0.0,,,0.0,0.0,,,,,,,,,,,,,,,0.0,0.0
39,Premier League,2025,39,Wolves,284236,Temple Ojinnaka,Temple,Ojinnaka,20.0,England,191,,https://media.api-sports.io/football/players/284236.png,Midfielder,0.0,0.0,,,0.0,0.0,,,,,,,,,,,,,,,0.0,0.0
39,Premier League,2025,36,Fulham,288129,Alfie Shane McNally,Alfie Shane,McNally,21.0,England,,,https://media.api-sports.io/football/players/288129.png,Goalkeeper,0.0,0.0,,,0.0,0.0,,,,,,,,,,,,,,,0.0,0.0
39,Premier League,2025,44,Burnley,336578,J. Banel,Jaydon Amauri,Banel,21.0,Netherlands,173,70,https://media.api-sports.io/football/players/336578.png,Attacker,1.0,0.0,9.0,6.5,0.0,0.0,,,4.0,,100.0,,,,1.0,,4.0,1.0,1.0,1.0,0.0,0.0
39,Premier League,2025,63,Leeds,351344,S. Chambers,Samuel Nicholas,Chambers,18.0,Scotland,176,68,https://media.api-sports.io/football/players/351344.png,Midfielder,0.0,0.0,,,0.0,0.0,,,,,,,,,,,,,,,0.0,0.0
39,Premier League,2025,44,Burnley,361388,E. Agyei,Enock,Atta Agyei,20.0,Belgium,172,,https://media.api-sports.io/football/players/361388.png,Attacker,0.0,0.0,,,0.0,0.0,,,,,,,,,,,,,,,0.0,0.0
39,Premier League,2025,39,Wolves,379678,Ethan Sutherland,Ethan,Sutherland,19.0,Scotland,182,,https://media.api-sports.io/football/players/379678.png,Midfielder,0.0,0.0,,,0.0,0.0,,,,,,,,,,,,,,,0.0,0.0
39,Premier League,2025,47,Tottenham,380689,C. Olusesi,Callum,Latif Olusesi,18.0,England,175,65,https://media.api-sports.io/football/players/380689.png,Midfielder,1.0,0.0,14.0,6.7,0.0,0.0,,,8.0,,100.0,,,,,,,,,,0.0,0.0
39,Premier League,2025,33,Manchester United,389309,O. Martin,Chidozie,Obi-Martin,18.0,Denmark,188,68,https://media.api-sports.io/football/players/389309.png,Attacker,0.0,0.0,,,0.0,0.0,,,,,,,,,,,,,,,0.0,0.0
39,Premier League,2025,746,Sunderland,400033,Timur Tuterov,Timur,Tuterov,20.0,Ukraine,183,70,https://media.api-sports.io/football/players/400033.png,Attacker,0.0,0.0,,,0.0,0.0,,,,,,,,,,,,,,,0.0,0.0
39,Premier League,2025,45,Everton,413034,B. Graham,Braiden,Graham,18.0,Northern Ireland,175,,https://media.api-sports.io/football/players/413034.png,Attacker,0.0,0.0,,,0.0,0.0,,,,,,,,,,,,,,,0.0,0.0
39,Premier League,2025,66,Aston Villa,416250,T. Carroll,Theodore,Carroll,19.0,England,,,https://media.api-sports.io/football/players/416250.png,Defender,0.0,0.0,,,0.0,0.0,,,,,,,,,,,,,,,0.0,0.0
39,Premier League,2025,33,Manchester United,440159,G. Kukonki,Godwill,Kukonki,17.0,England,196,85,https://media.api-sports.io/football/players/440159.png,Defender,0.0,0.0,,,0.0,0.0,,,,,,,,,,,,,,,0.0,0.0
39,Premier League,2025,44,Burnley,456637,O. Pimlott,Oliver,Pimlott,18.0,England,,,https://media.api-sports.io/football/players/456637.png,Midfielder,0.0,0.0,,,0.0,0.0,,,,,,,,,,,,,,,0.0,0.0
39,Premier League,2025,44,Burnley,503414,G. Brierley,,,18.0,,,,https://media.api-sports.io/football/players/503414.png,Midfielder,0.0,0.0,,,0.0,0.0,,,,,,,,,,,,,,,0.0,0.0
39,Premier League,2025,45,Everton,546654,C. Bates,,,20.0,,,,https://media.api-sports.io/football/players/546654.png,Midfielder,0.0,0.0,,,0.0,0.0,,,,,,,,,,,,,,,0.0,0.0
39,Premier League,2025,52,Crystal Palace,557475,B. Casey,,,17.0,,,,https://media.api-sports.io/football/players/557475.png,Attacker,0.0,0.0,,,0.0,0.0,,,,,,,,,,,,,,,0.0,0.0
39,Premier League,2025,746,Sunderland,557488,J. Jones,,,19.0,,,,https://media.api-sports.io/football/players/557488.png,Defender,0.0,0.0,,,0.0,0.0,,,,,,,,,,,,,,,0.0,0.0
39,Premier League,2025,45,Everton,17661,J. Branthwaite,Jarrad Paul,Branthwaite,23.0,England,195,87,https://media.api-sports.io/football/players/17661.png,Defender,10.0,7.0,689.0,7.05,1.0,0.0,5.0,2.0,351.0,3.0,83.0,13.0,2.0,11.0,4.0,,64.0,44.0,1.0,3.0,1.0,0.0
39,Premier League,2025,47,Tottenham,18968,Y. Bissouma,Yves,Bissouma,29.0,Mali,182,80,https://media.api-sports.io/football/players/18968.png,Midfielder,11.0,7.0,605.0,6.64,0.0,0.0,4.0,2.0,317.0,,88.0,18.0,3.0,9.0,5.0,3.0,50.0,32.0,6.0,8.0,4.0,0.0
39,Premier League,2025,50,Manchester City,19012,M. Bettinelli,Marcus,Bettinelli,33.0,England,193,82,https://media.api-sports.io/football/players/19012.png,Goalkeeper,0.0,0.0,,,0.0,0.0,,,,,,,,,,,,,,,0.0,0.0
39,Premier League,2025,48,West Ham,50856,V. Castellanos,Valentín Mariano José,Castellanos Giménez,27.0,Argentina,178,70,https://media.api-sports.io/football/players/50856.png,Attacker,18.0,17.0,1395.0,6.73,6.0,0.0,42.0,22.0,250.0,12.0,64.0,11.0,2.0,6.0,11.0,2.0,151.0,56.0,16.0,32.0,6.0,0.0
39,Premier League,2025,47,Tottenham,67972,C. Gallagher,Conor John,Gallagher,25.0,England,183,77,https://media.api-sports.io/football/players/67972.png,Midfielder,16.0,14.0,1196.0,6.74,1.0,1.0,9.0,4.0,521.0,13.0,84.0,22.0,4.0,18.0,19.0,12.0,132.0,65.0,23.0,25.0,2.0,0.0
39,Premier League,2025,49,Chelsea,180940,T. Sharman-Lowe,Teddy Samuel,Sharman-Lowe,22.0,England,189,73,https://media.api-sports.io/football/players/180940.png,Goalkeeper,0.0,0.0,,,0.0,0.0,,,,,,,,,,,,,,,0.0,0.0
39,Premier League,2025,52,Crystal Palace,196856,Daniel Edward Peter Imray,Daniel Edward Peter,Imray,22.0,England,178 cm,"
    ",https://media.api-sports.io/football/players/196856.png,Defender,0.0,0.0,,,0.0,0.0,,,,,,,,,,,,,,,0.0,0.0
39,Premier League,2025,52,Crystal Palace,278898,C. Riad,Chadi,Riad Dnanou,22.0,Morocco,186,78,https://media.api-sports.io/football/players/278898.png,Defender,9.0,6.0,554.0,6.57,0.0,1.0,4.0,2.0,370.0,1.0,86.0,8.0,3.0,4.0,1.0,1.0,54.0,25.0,3.0,5.0,2.0,0.0
39,Premier League,2025,49,Chelsea,287868,Max Merrick,Max,Merrick,20.0,England,176,70,https://media.api-sports.io/football/players/287868.png,Goalkeeper,0.0,0.0,,,0.0,0.0,,,,,,,,,,,,,,,0.0,0.0
39,Premier League,2025,50,Manchester City,293168,Max Alleyne,Max,Alleyne,20.0,England,185,71,https://media.api-sports.io/football/players/293168.png,Defender,2.0,2.0,135.0,7.2,0.0,0.0,2.0,1.0,121.0,1.0,93.0,3.0,,3.0,4.0,3.0,11.0,9.0,,,0.0,0.0
39,Premier League,2025,48,West Ham,301187,Pablo,Pablo Felipe,Pereira de Jesus,21.0,Portugal,184,74,https://media.api-sports.io/football/players/301187.png,Attacker,14.0,10.0,826.0,6.51,0.0,1.0,9.0,3.0,200.0,14.0,73.0,25.0,2.0,4.0,14.0,9.0,153.0,60.0,8.0,23.0,0.0,0.0
39,Premier League,2025,51,Brighton,328076,C. Tasker,Charlie,Tasker,19.0,England,,,https://media.api-sports.io/football/players/328076.png,Defender,0.0,0.0,,,0.0,0.0,,,,,,,,,,,,,,,0.0,0.0
39,Premier League,2025,35,Bournemouth,334725,D. Sadi,Dominic,Sadi,22.0,England,174 cm,65 kg,https://media.api-sports.io/football/players/334725.png,Attacker,0.0,0.0,,,0.0,0.0,,,,,,,,,,,,,,,0.0,0.0
39,Premier League,2025,35,Bournemouth,361485,A. Tóth,Alex,Tóth,20.0,Hungary,181,,https://media.api-sports.io/football/players/361485.png,Midfielder,9.0,2.0,185.0,6.48,0.0,0.0,2.0,,64.0,5.0,89.0,1.0,1.0,3.0,4.0,1.0,16.0,4.0,2.0,1.0,1.0,0.0
39,Premier League,2025,51,Brighton,392610,H. Howell,Harry,Howell,17.0,England,,,https://media.api-sports.io/football/players/392610.png,Midfielder,3.0,1.0,93.0,6.27,0.0,0.0,,,34.0,,85.0,1.0,,,3.0,2.0,14.0,5.0,,,0.0,0.0
39,Premier League,2025,55,Brentford,393193,Kaye Iyowuna Furo,Kaye Iyowuna,Furo,18.0,Belgium,190,,https://media.api-sports.io/football/players/393193.png,Attacker,1.0,0.0,9.0,6.5,0.0,0.0,,,,,,,,,,,1.0,,,1.0,0.0,0.0
39,Premier League,2025,39,Wolves,449245,Pedro Lima,Pedro Henrique,Cardoso de Lima,19.0,Brazil,174,68,https://media.api-sports.io/football/players/449245.png,Defender,9.0,3.0,271.0,6.57,0.0,0.0,3.0,1.0,54.0,3.0,62.0,8.0,,5.0,3.0,1.0,29.0,12.0,1.0,5.0,0.0,0.0
39,Premier League,2025,47,Tottenham,465310,L. Williams-Barnett,Luca Jamie,Williams-Barnett,17.0,England,175 cm,,https://media.api-sports.io/football/players/465310.png,Midfielder,0.0,0.0,,,0.0,0.0,,,,,,,,,,,,,,,0.0,0.0
39,Premier League,2025,52,Crystal Palace,557584,G. King,,,18.0,,,,https://media.api-sports.io/football/players/557584.png,Defender,0.0,0.0,,,0.0,0.0,,,,,,,,,,,,,,,0.0,0.0
39,Premier League,2025,35,Bournemouth,573755,C. Stevens,,,18.0,,,,https://media.api-sports.io/football/players/573755.png,Midfielder,0.0,0.0,,,0.0,0.0,,,,,,,,,,,,,,,0.0,0.0
39,Premier League,2025,39,Wolves,896,A. Gomes,Adilson Angel,Abreu de Almeida Gomes,25.0,England,168,56,https://media.api-sports.io/football/players/896.png,Midfielder,12.0,7.0,488.0,6.74,0.0,0.0,6.0,2.0,188.0,6.0,85.0,10.0,2.0,,6.0,4.0,43.0,25.0,9.0,7.0,1.0,0.0
39,Premier League,2025,66,Aston Villa,983,L. Bailey,Leon Patrick,Bailey Butler,28.0,Jamaica,178,77,https://media.api-sports.io/football/players/983.png,Midfielder,13.0,3.0,478.0,6.61,0.0,1.0,5.0,1.0,138.0,12.0,77.0,10.0,,4.0,26.0,5.0,71.0,24.0,5.0,6.0,1.0,0.0
39,Premier League,2025,746,Sunderland,19089,S. Moore,Simon William,Moore,35.0,England,191,83,https://media.api-sports.io/football/players/19089.png,Goalkeeper,0.0,0.0,,,0.0,0.0,,,,,,,,,,,,,,,0.0,0.0
39,Premier League,2025,66,Aston Villa,19194,T. Abraham,Tammy,Bakumo-Abraham,28.0,England,190,80,https://media.api-sports.io/football/players/19194.png,Attacker,12.0,2.0,294.0,6.61,2.0,0.0,6.0,3.0,44.0,4.0,56.0,4.0,,,1.0,1.0,21.0,10.0,,2.0,0.0,0.0
39,Premier League,2025,39,Wolves,19484,A. Armstrong,Adam James,Armstrong,28.0,England,172,69,https://media.api-sports.io/football/players/19484.png,Midfielder,14.0,14.0,1146.0,6.54,2.0,2.0,12.0,6.0,150.0,6.0,69.0,8.0,1.0,2.0,18.0,10.0,74.0,30.0,3.0,12.0,3.0,0.0
39,Premier League,2025,48,West Ham,21998,A. Disasi,Axel Wilson Arthur,Disasi Mhakinis Belho,27.0,France,190 cm,83 kg,https://media.api-sports.io/football/players/21998.png,Defender,14.0,14.0,1260.0,6.72,0.0,0.0,4.0,3.0,564.0,1.0,86.0,14.0,12.0,11.0,2.0,2.0,60.0,38.0,4.0,5.0,1.0,0.0
39,Premier League,2025,35,Bournemouth,26644,C. Mandas,Christos,Mandas,24.0,Greece,189,83,https://media.api-sports.io/football/players/26644.png,Goalkeeper,0.0,0.0,,,0.0,0.0,,,,,,,,,,,,,,,0.0,0.0
39,Premier League,2025,65,Nottingham Forest,163069,L. Netz,Luca,Netz,22.0,Germany,180,83,https://media.api-sports.io/football/players/163069.png,Defender,7.0,3.0,355.0,6.73,0.0,0.0,,,100.0,2.0,83.0,12.0,3.0,3.0,4.0,2.0,36.0,18.0,2.0,5.0,0.0,0.0
39,Premier League,2025,65,Nottingham Forest,199089,L. Lucca,Lorenzo,Lucca,25.0,Italy,201,80,https://media.api-sports.io/football/players/199089.png,Attacker,4.0,1.0,135.0,6.63,1.0,0.0,4.0,1.0,16.0,1.0,56.0,,,1.0,1.0,,16.0,7.0,2.0,1.0,0.0,0.0
39,Premier League,2025,49,Chelsea,276184,M. Sarr,Mamadou,Sarr,20.0,France,194,77,https://media.api-sports.io/football/players/276184.png,Defender,3.0,1.0,107.0,6.3,0.0,0.0,1.0,,52.0,,88.0,1.0,1.0,1.0,1.0,,6.0,2.0,,,0.0,0.0
39,Premier League,2025,746,Sunderland,278454,M. Ellborg,Melker Åke,Ellborg,22.0,Sweden,,,https://media.api-sports.io/football/players/278454.png,Goalkeeper,3.0,3.0,270.0,7.1,0.0,0.0,,,98.0,,46.0,,,,1.0,1.0,2.0,2.0,1.0,,0.0,0.0
39,Premier League,2025,47,Tottenham,310531,Rio Kyerematen,Rio,Kyerematen,20.0,England,174,68,https://media.api-sports.io/football/players/310531.png,Midfielder,0.0,0.0,,,0.0,0.0,,,,,,,,,,,,,,,0.0,0.0
39,Premier League,2025,746,Sunderland,311543,N. Angulo,Nilson David,Angulo Ramírez,22.0,Ecuador,184,65,https://media.api-sports.io/football/players/311543.png,Attacker,8.0,5.0,413.0,6.49,0.0,0.0,6.0,3.0,78.0,3.0,74.0,10.0,,5.0,15.0,6.0,60.0,24.0,3.0,11.0,1.0,0.0
39,Premier League,2025,52,Crystal Palace,363974,Z. Marsh,Zach,Marsh,20.0,England,176,60,https://media.api-sports.io/football/players/363974.png,Attacker,0.0,0.0,,,0.0,0.0,,,,,,,,,,,,,,,0.0,0.0
39,Premier League,2025,39,Wolves,389302,T. Edozie,Tom,Edozie,19.0,England,178,68,https://media.api-sports.io/football/players/389302.png,Attacker,0.0,0.0,26.0,7.2,1.0,0.0,2.0,1.0,7.0,,71.0,1.0,,,3.0,2.0,6.0,3.0,,,0.0,0.0
39,Premier League,2025,40,Liverpool,407032,A. Nallo,Amara,Nallo,19.0,England,186,72,https://media.api-sports.io/football/players/407032.png,Defender,0.0,0.0,,,0.0,0.0,,,,,,,,,,,,,,,0.0,0.0
39,Premier League,2025,35,Bournemouth,407806,Rayan,Rayan Vitor,Simplício Rocha,19.0,Brazil,187,81,https://media.api-sports.io/football/players/407806.png,Attacker,15.0,13.0,1119.0,6.97,5.0,2.0,17.0,8.0,318.0,14.0,78.0,11.0,,8.0,34.0,13.0,135.0,55.0,6.0,9.0,1.0,0.0
39,Premier League,2025,47,Tottenham,414455,Souza,João Victor,de Souza Menezes,19.0,Brazil,178,67,https://media.api-sports.io/football/players/414455.png,Defender,4.0,2.0,144.0,6.35,0.0,0.0,1.0,1.0,27.0,3.0,92.0,,,2.0,2.0,,12.0,2.0,2.0,3.0,1.0,0.0
39,Premier League,2025,55,Brentford,513316,Luka Bentt,Luka,Bentt,18.0,USA,184 cm,,https://media.api-sports.io/football/players/513316.png,Midfielder,0.0,0.0,,,0.0,0.0,,,,,,,,,,,,,,,0.0,0.0
39,Premier League,2025,39,Wolves,613795,J. Abbey,,,,,,,https://media.api-sports.io/football/players/613795.png,Midfielder,1.0,0.0,16.0,6.9,0.0,0.0,,,4.0,,,1.0,,1.0,,,3.0,2.0,,,0.0,0.0
39,Premier League,2025,47,Tottenham,18784,J. Maddison,James Daniel,Maddison,29.0,England,175,73,https://media.api-sports.io/football/players/18784.png,Midfielder,3.0,0.0,62.0,6.77,0.0,0.0,1.0,,37.0,,94.0,1.0,,,1.0,,6.0,2.0,1.0,1.0,0.0,0.0
39,Premier League,2025,51,Brighton,18973,S. March,Solomon Benjamin,March,31.0,England,180,88,https://media.api-sports.io/football/players/18973.png,Midfielder,4.0,0.0,60.0,6.58,0.0,0.0,1.0,1.0,13.0,,76.0,2.0,,,,,7.0,3.0,1.0,,0.0,0.0
39,Premier League,2025,55,Brentford,19340,E. Balcombe,Ellery Ronald,Balcombe,26.0,England,190,92,https://media.api-sports.io/football/players/19340.png,Goalkeeper,0.0,0.0,,,0.0,0.0,,,,,,,,,,,,,,,0.0,0.0
39,Premier League,2025,55,Brentford,327726,R. Owen,Riley,Owen,20.0,England,,,https://media.api-sports.io/football/players/327726.png,Midfielder,0.0,0.0,,,0.0,0.0,,,,,,,,,,,,,,,0.0,0.0
39,Premier League,2025,48,West Ham,337932,F. Herrick,Finaly,Herrick,19.0,England,184,,https://media.api-sports.io/football/players/337932.png,Goalkeeper,0.0,0.0,,,0.0,0.0,,,,,,,,,,,,,,,0.0,0.0
39,Premier League,2025,33,Manchester United,344229,J. Moorhouse,Jack Lee,Moorhouse,20.0,England,184,70,https://media.api-sports.io/football/players/344229.png,Midfielder,0.0,0.0,,,0.0,0.0,,,,,,,,,,,,,,,0.0,0.0
39,Premier League,2025,48,West Ham,358969,K. Lamadrid,Keiber Alberto,Lamadrid Briceño,22.0,Venezuela,,,https://media.api-sports.io/football/players/358969.png,Midfielder,0.0,0.0,,,0.0,0.0,,,,,,,,,,,,,,,0.0,0.0
39,Premier League,2025,746,Sunderland,362766,J. Whittaker,Jack,Whittaker,19.0,England,,,https://media.api-sports.io/football/players/362766.png,Midfielder,0.0,0.0,,,0.0,0.0,,,,,,,,,,,,,,,0.0,0.0
39,Premier League,2025,55,Brentford,364980,Conor McManus,Conor,McManus,21.0,Republic of Ireland,"
    ","
    ",https://media.api-sports.io/football/players/364980.png,Midfielder,0.0,0.0,,,0.0,0.0,,,,,,,,,,,,,,,0.0,0.0
39,Premier League,2025,746,Sunderland,381014,Jenson Jones,Jenson Oliver,Jones,19.0,England,182,,https://media.api-sports.io/football/players/381014.png,Midfielder,0.0,0.0,,,0.0,0.0,,,,,,,,,,,,,,,0.0,0.0
39,Premier League,2025,47,Tottenham,418942,J. Wilson,James,Wilson,18.0,Scotland,,,https://media.api-sports.io/football/players/418942.png,Attacker,0.0,0.0,,,0.0,0.0,,,,,,,,,,,,,,,0.0,0.0
39,Premier League,2025,746,Sunderland,428076,M. AleksiÄ,Milan,Aleksić,20.0,Serbia,179,70,https://media.api-sports.io/football/players/428076.png,Midfielder,0.0,0.0,,,0.0,0.0,,,,,,,,,,,,,,,0.0,0.0
39,Premier League,2025,66,Aston Villa,464004,Alysson Edward,Alysson Edward Franco,da Rocha dos Santos,19.0,Brazil,182,77,https://media.api-sports.io/football/players/464004.png,Attacker,3.0,0.0,56.0,6.53,0.0,0.0,1.0,,17.0,,82.0,,,1.0,2.0,2.0,3.0,3.0,1.0,,0.0,0.0
39,Premier League,2025,40,Liverpool,498377,W. Wright,Will,Wright,17.0,England,,,https://media.api-sports.io/football/players/498377.png,Attacker,0.0,0.0,,,0.0,0.0,,,,,,,,,,,,,,,0.0,0.0
39,Premier League,2025,746,Sunderland,554280,J. T. Bi,,,20.0,,,,https://media.api-sports.io/football/players/554280.png,Midfielder,1.0,1.0,39.0,6.6,0.0,0.0,,,2.0,,100.0,1.0,,,3.0,2.0,8.0,4.0,1.0,,0.0,0.0
39,Premier League,2025,44,Burnley,557387,K. M. Brown,,,17.0,,,,https://media.api-sports.io/football/players/557387.png,Attacker,0.0,0.0,,,0.0,0.0,,,,,,,,,,,,,,,0.0,0.0
39,Premier League,2025,39,Wolves,557573,A. Brooks,,,22.0,,,,https://media.api-sports.io/football/players/557573.png,Goalkeeper,0.0,0.0,,,0.0,0.0,,,,,,,,,,,,,,,0.0,0.0
39,Premier League,2025,33,Manchester United,570128,J. Thwaites,,,17.0,,,,https://media.api-sports.io/football/players/570128.png,Midfielder,0.0,0.0,,,0.0,0.0,,,,,,,,,,,,,,,0.0,0.0
39,Premier League,2025,55,Brentford,577002,J. Stephenson,,,18.0,,,,https://media.api-sports.io/football/players/577002.png,Defender,0.0,0.0,,,0.0,0.0,,,,,,,,,,,,,,,0.0,0.0
39,Premier League,2025,55,Brentford,624708,O. Shield,,,19.0,,,,https://media.api-sports.io/football/players/624708.png,Defender,0.0,0.0,,,0.0,0.0,,,,,,,,,,,,,,,0.0,0.0
39,Premier League,2025,44,Burnley,19331,C. Roberts,Connor Richard John,Roberts,30.0,Wales,175,72,https://media.api-sports.io/football/players/19331.png,Defender,0.0,0.0,,,0.0,0.0,,,,,,,,,,,,,,,0.0,0.0
39,Premier League,2025,55,Brentford,19362,J. Dasilva,Pelenda Joshua Tunga,Dasilva,27.0,England,184 cm,75 kg,https://media.api-sports.io/football/players/19362.png,Midfielder,2.0,0.0,21.0,6.5,0.0,0.0,1.0,,5.0,1.0,80.0,,,,1.0,,1.0,,,,0.0,0.0
39,Premier League,2025,44,Burnley,123469,Z. Amdouni,Mohamed Zeki,Amdouni,25.0,Switzerland,185,79,https://media.api-sports.io/football/players/123469.png,Attacker,4.0,0.0,69.0,6.43,0.0,0.0,2.0,1.0,20.0,,95.0,,,,4.0,1.0,9.0,3.0,1.0,1.0,0.0,0.0
39,Premier League,2025,49,Chelsea,152953,L. Colwill,Levi Lemar,Samuels Colwill,22.0,England,187,83,https://media.api-sports.io/football/players/152953.png,Defender,3.0,2.0,238.0,6.93,0.0,0.0,,,190.0,,90.0,3.0,3.0,5.0,,,17.0,11.0,2.0,1.0,0.0,0.0
39,Premier League,2025,40,Liverpool,287109,J. McConnell,James,McConnell,21.0,England,175,65,https://media.api-sports.io/football/players/287109.png,Midfielder,0.0,0.0,,,0.0,0.0,,,,,,,,,,,,,,,0.0,0.0
39,Premier League,2025,42,Arsenal,342243,T. Setford,Tommy,Hogan Setford,19.0,England,185,76,https://media.api-sports.io/football/players/342243.png,Goalkeeper,0.0,0.0,,,0.0,0.0,,,,,,,,,,,,,,,0.0,0.0
39,Premier League,2025,65,Nottingham Forest,353968,A. Whitehall,Archie Harry Thomas,Whitehall,19.0,England,,,https://media.api-sports.io/football/players/353968.png,Midfielder,0.0,0.0,,,0.0,0.0,,,,,,,,,,,,,,,0.0,0.0
39,Premier League,2025,49,Chelsea,359117,Shumaira Mheuka,Shumaira,Mheuka,18.0,England,182,75,https://media.api-sports.io/football/players/359117.png,Attacker,1.0,0.0,9.0,6.5,0.0,0.0,,,2.0,,50.0,,,,,,2.0,,,,0.0,0.0
39,Premier League,2025,65,Nottingham Forest,380492,Eric Emanuel da Silva Moreira,Eric Emanuel,da Silva Moreira,19.0,Germany,184,82,https://media.api-sports.io/football/players/380492.png,Attacker,0.0,0.0,,,0.0,0.0,,,,,,,,,,,,,,,0.0,0.0
39,Premier League,2025,65,Nottingham Forest,380663,J. Sinclair,Jimmy,Sinclair,19.0,England,177,,https://media.api-sports.io/football/players/380663.png,Midfielder,0.0,0.0,,,0.0,0.0,,,,,,,,,,,,,,,0.0,0.0
39,Premier League,2025,48,West Ham,404574,Luis Guilherme,Luis Guilherme,Lira dos Santos,20.0,Brazil,178,74,https://media.api-sports.io/football/players/404574.png,Forward,5.0,2.0,121.0,6.400000,,0.0,1.0,,30.0,1.0,,1.0,,,6.0,2.0,14.0,3.0,,,0.0,0.0
39,Premier League,2025,49,Chelsea,417653,J. Derry,Jesse,Derry,19.0,England,,,https://media.api-sports.io/football/players/417653.png,Midfielder,1.0,1.0,44.0,6.700000,,0.0,2.0,1.0,13.0,,,1.0,,,2.0,,6.0,2.0,1.0,,0.0,0.0
39,Premier League,2025,39,Wolves,431387,J. Gracey,Josh,Gracey,18.0,Northern Ireland,196,,https://media.api-sports.io/football/players/431387.png,Goalkeeper,0.0,0.0,,,0.0,0.0,,,,,,,,,,,,,,,0.0,0.0
39,Premier League,2025,65,Nottingham Forest,498864,L. Sillah,Lamin,Sillah,19.0,Gambia,,,https://media.api-sports.io/football/players/498864.png,Defender,0.0,0.0,,,0.0,0.0,,,,,,,,,,,,,,,0.0,0.0
39,Premier League,2025,63,Leeds,545996,J. Lienou,,,17.0,,,,https://media.api-sports.io/football/players/545996.png,Defender,0.0,0.0,,,0.0,0.0,,,,,,,,,,,,,,,0.0,0.0
39,Premier League,2025,63,Leeds,557342,A. Cresswell,,,18.0,,,,https://media.api-sports.io/football/players/557342.png,Midfielder,0.0,0.0,,,0.0,0.0,,,,,,,,,,,,,,,0.0,0.0
39,Premier League,2025,63,Leeds,557343,R. Chadwick-Chaplin,,,18.0,,,,https://media.api-sports.io/football/players/557343.png,Defender,0.0,0.0,,,0.0,0.0,,,,,,,,,,,,,,,0.0,0.0
39,Premier League,2025,49,Chelsea,557379,R. Kavuma McQueen,,,16.0,,,,https://media.api-sports.io/football/players/557379.png,Attacker,0.0,0.0,,,0.0,0.0,,,,,,,,,,,,,,,0.0,0.0
39,Premier League,2025,49,Chelsea,568066,M. Eboue,,,,,,,https://media.api-sports.io/football/players/568066.png,Midfielder,0.0,0.0,,,0.0,0.0,,,,,,,,,,,,,,,0.0,0.0
39,Premier League,2025,40,Liverpool,659101,Talla Ndiaye,,,,,,,https://media.api-sports.io/football/players/659101.png,Defender,0.0,0.0,,,0.0,0.0,,,,,,,,,,,,,,,0.0,0.0
140,La Liga,2025,718,Oviedo,755,Jaime Seoane,Jaime,Seoane Valenciano,28.0,Spain,175,73,https://media.api-sports.io/football/players/755.png,Midfielder,,,,,,,,,,,,,,,,,,,,,,
140,La Liga,2025,532,Valencia,919,Hugo Guillamón,Hugo,Guillamón Sanmartín,25.0,Spain,178,62,https://media.api-sports.io/football/players/919.png,Midfielder,,,,,,,,,,,,,,,,,,,,,,
140,La Liga,2025,798,Mallorca,2001,C. Larin,Cyle Christopher,Larin,30.0,Canada,188,83,https://media.api-sports.io/football/players/2001.png,Forward,,,,,,,,,,,,,,,,,,,,,,
140,La Liga,2025,546,Getafe,2039,Juan Berrocal,Juan,Berrocal González,26.0,Spain,187,72,https://media.api-sports.io/football/players/2039.png,Defender,,,,,,,,,,,,,,,,,,,,,,
140,La Liga,2025,718,Oviedo,46996,Álvaro Lemos,Álvaro,Lemos Collazo,32.0,Spain,175,77,https://media.api-sports.io/football/players/46996.png,Defender,,,,,,,,,,,,,,,,,,,,,,
140,La Liga,2025,798,Mallorca,61142,D. Greif,Dominik,Greif,28.0,Slovakia,197,82,https://media.api-sports.io/football/players/61142.png,Goalkeeper,4.0,2.0,90.0,7.700000,,0.0,,,25.0,,,,,,,,,,,,0.0,0.0
140,La Liga,2025,547,Girona,162032,Miguel Gutiérrez,Miguel,Gutiérrez Ortega,24.0,Spain,180,73,https://media.api-sports.io/football/players/162032.png,Defender,1.0,1.0,,,,,,,,,,,,,,,,,,,0.0,0.0
140,La Liga,2025,539,Levante,163630,Alfonso Pastor,Alfonso,Pastor Vacas,25.0,Spain,190,78,https://media.api-sports.io/football/players/163630.png,Goalkeeper,,,,,,,,,,,,,,,,,,,,,,
140,La Liga,2025,538,Celta Vigo,182730,Marc Vidal,Marc Vicente,Vidal Girona,25.0,Spain,185,74,https://media.api-sports.io/football/players/182730.png,Goalkeeper,,,,,,,,,,,,,,,,,,,,,,
140,La Liga,2025,531,Athletic Club,183848,Julen Agirrezabala,Julen,Agirrezabala Astúlez,25.0,Spain,187,80,https://media.api-sports.io/football/players/183848.png,Goalkeeper,5.0,5.0,450.0,6.360000,,0.0,,,157.0,1.0,,,,,,,3.0,3.0,,,0.0,0.0
140,La Liga,2025,532,Valencia,183848,Julen Agirrezabala,Julen,Agirrezabala Astúlez,25.0,Spain,187,80,https://media.api-sports.io/football/players/183848.png,Goalkeeper,18.0,18.0,1620.0,6.93,0.0,0.0,,,493.0,1.0,69.0,2.0,,,,,12.0,10.0,1.0,,1.0,0.0
140,La Liga,2025,533,Villarreal,184194,Álex Forés,Álex,Forés Mendoza,24.0,Spain,179,67,https://media.api-sports.io/football/players/184194.png,Attacker,4.0,2.0,77.0,6.450000,,0.0,2.0,2.0,17.0,,,,,,2.0,2.0,4.0,2.0,,1.0,0.0,0.0
140,La Liga,2025,718,Oviedo,184194,Álex Forés,Álex,Forés Mendoza,24.0,Spain,179,67,https://media.api-sports.io/football/players/184194.png,Attacker,18.0,3.0,382.0,6.46,0.0,1.0,5.0,2.0,63.0,1.0,68.0,2.0,,1.0,7.0,3.0,38.0,15.0,6.0,3.0,0.0,0.0
140,La Liga,2025,533,Villarreal,184420,Carlos Romero,Carlos,Romero Serrano,24.0,Spain,180,73,https://media.api-sports.io/football/players/184420.png,Defender,5.0,5.0,450.0,7.200000,1.0,1.0,2.0,1.0,140.0,4.0,,14.0,3.0,5.0,16.0,8.0,50.0,26.0,3.0,6.0,0.0,0.0
140,La Liga,2025,540,Espanyol,184420,Carlos Romero,Carlos,Romero Serrano,24.0,Spain,180,73,https://media.api-sports.io/football/players/184420.png,Defender,36.0,36.0,3195.0,7.06,6.0,3.0,26.0,12.0,1011.0,27.0,79.0,97.0,16.0,40.0,84.0,49.0,327.0,178.0,19.0,40.0,4.0,0.0
140,La Liga,2025,533,Villarreal,187987,Ramón Terrats,Ramón,Terrats Espacio,25.0,Spain,181,71,https://media.api-sports.io/football/players/187987.png,Midfielder,5.0,3.0,88.0,6.575000,,0.0,1.0,,25.0,1.0,,4.0,,,4.0,3.0,23.0,11.0,2.0,2.0,0.0,0.0
140,La Liga,2025,540,Espanyol,187987,Ramón Terrats,Ramón,Terrats Espacio,25.0,Spain,181,71,https://media.api-sports.io/football/players/187987.png,Midfielder,29.0,12.0,1062.0,6.62,1.0,2.0,12.0,3.0,255.0,16.0,76.0,23.0,5.0,11.0,28.0,9.0,153.0,63.0,22.0,15.0,0.0,0.0
140,La Liga,2025,531,Athletic Club,190489,Álvaro Djaló,Álvaro,Djaló Dias Fernandes,26.0,Spain,175,73,https://media.api-sports.io/football/players/190489.png,Attacker,,,,,,,,,,,,,,,,,,,,,,
140,La Liga,2025,532,Valencia,288074,Alberto Marí,Alberto,Marí Sánchez,24.0,Spain,183,78,https://media.api-sports.io/football/players/288074.png,Attacker,,,,,,,,,,,,,,,,,,,,,,
140,La Liga,2025,531,Athletic Club,313025,Hugo Rincón,Hugo,Rincón Lumbreras,22.0,Spain,183,75,https://media.api-sports.io/football/players/313025.png,Defender,5.0,2.0,194.0,6.275000,,0.0,2.0,,61.0,3.0,,1.0,2.0,2.0,3.0,3.0,20.0,8.0,2.0,3.0,1.0,0.0
140,La Liga,2025,547,Girona,313025,Hugo Rincón,Hugo,Rincón Lumbreras,22.0,Spain,183,75,https://media.api-sports.io/football/players/313025.png,Defender,33.0,16.0,1758.0,6.71,1.0,1.0,6.0,2.0,774.0,10.0,82.0,47.0,9.0,5.0,17.0,9.0,223.0,129.0,53.0,32.0,4.0,0.0
140,La Liga,2025,728,Rayo Vallecano,333378,Diego Méndez,Diego,Méndez Molero,22.0,Spain,182,76,https://media.api-sports.io/football/players/333378.png,Midfielder,,,,,,,,,,,,,,,,,,,,,,
140,La Liga,2025,547,Girona,336674,G. Misehouy,Gabriel,Osei Misehouy,20.0,Netherlands,173,68,https://media.api-sports.io/football/players/336674.png,Midfielder,,,,,,,,,,,,,,,,,,,,,,
140,La Liga,2025,540,Espanyol,347885,Marcos Fernández,Marcos,Fernández Sánchez,22.0,Spain,176,65,https://media.api-sports.io/football/players/347885.png,Attacker,,,,,,,,,,,,,,,,,,,,,,
140,La Liga,2025,539,Levante,445025,Víctor Fernández,Víctor,Fernández Durán,18.0,Spain,170,60,https://media.api-sports.io/football/players/445025.png,Midfielder,,,,,,,,,,,,,,,,,,,,,,
140,La Liga,2025,542,Alaves,143,Carles Aleñá,Carles,Aleña Castillo,27.0,Spain,180,70,https://media.api-sports.io/football/players/143.png,Midfielder,34.0,23.0,1995.0,6.59,0.0,4.0,18.0,5.0,850.0,38.0,85.0,37.0,2.0,10.0,27.0,12.0,228.0,99.0,36.0,38.0,5.0,0.0
140,La Liga,2025,542,Alaves,6233,N. Tenaglia,Facundo Nahuel,Tenaglia,29.0,Argentina,180,73,https://media.api-sports.io/football/players/6233.png,Defender,36.0,36.0,3239.0,6.83,2.0,0.0,19.0,8.0,1367.0,7.0,86.0,66.0,30.0,46.0,21.0,9.0,279.0,164.0,42.0,31.0,3.0,0.0
140,La Liga,2025,542,Alaves,6638,F. Garcés,Facundo Tomás,Garcés,26.0,Argentina,191,82,https://media.api-sports.io/football/players/6638.png,Defender,10.0,8.0,792.0,6.64,0.0,0.0,7.0,4.0,354.0,,84.0,13.0,9.0,7.0,,,74.0,39.0,3.0,13.0,3.0,0.0
140,La Liga,2025,542,Alaves,18740,Jonny,Jonathan,Castro Otto,31.0,Spain,175,70,https://media.api-sports.io/football/players/18740.png,Defender,34.0,34.0,2998.0,6.68,0.0,0.0,8.0,3.0,1759.0,17.0,86.0,67.0,14.0,40.0,35.0,26.0,276.0,149.0,30.0,37.0,7.0,0.0
140,La Liga,2025,532,Valencia,19352,Sergi Canós,Sergi,Canós Tenés,28.0,Spain,177,75,https://media.api-sports.io/football/players/19352.png,Midfielder,,,,,,,,,,,,,,,,,,,,,,
140,La Liga,2025,536,Sevilla,47013,Rafa Mir,Rafael,Mir Vicente,28.0,Spain,191,86,https://media.api-sports.io/football/players/47013.png,Attacker,5.0,4.0,317.0,7.060000,3.0,0.0,8.0,5.0,74.0,,,2.0,1.0,2.0,3.0,1.0,36.0,12.0,7.0,8.0,0.0,0.0
140,La Liga,2025,797,Elche,47013,Rafa Mir,Rafael,Mir Vicente,28.0,Spain,191,86,https://media.api-sports.io/football/players/47013.png,Attacker,27.0,21.0,1815.0,6.67,8.0,0.0,62.0,36.0,417.0,9.0,79.0,16.0,1.0,5.0,20.0,5.0,171.0,55.0,16.0,39.0,4.0,0.0
140,La Liga,2025,536,Sevilla,47016,Álvaro Fernández,Álvaro,Fernández Llorente,27.0,Spain,185,75,https://media.api-sports.io/football/players/47016.png,Goalkeeper,,,,,,,,,,,,,,,,,,,,,,
140,La Liga,2025,542,Alaves,47181,Toni Martínez,Antonio,Martínez López,28.0,Spain,187,83,https://media.api-sports.io/football/players/47181.png,Attacker,37.0,32.0,2725.0,6.99,14.0,3.0,76.0,36.0,667.0,24.0,58.0,28.0,2.0,4.0,39.0,17.0,506.0,258.0,37.0,46.0,2.0,0.0
140,La Liga,2025,538,Celta Vigo,47277,Unai Núñez,Unai,Núñez Gestoso,28.0,Spain,186,80,https://media.api-sports.io/football/players/47277.png,Defender,4.0,4.0,360.0,6.675000,,0.0,1.0,,140.0,1.0,,11.0,3.0,7.0,2.0,2.0,39.0,21.0,,9.0,0.0,0.0
140,La Liga,2025,532,Valencia,47277,Unai Núñez,Unai,Núñez Gestoso,28.0,Spain,186,80,https://media.api-sports.io/football/players/47277.png,Defender,13.0,10.0,921.0,6.72,0.0,0.0,7.0,1.0,438.0,2.0,85.0,24.0,5.0,11.0,2.0,,79.0,44.0,7.0,12.0,3.0,0.0
140,La Liga,2025,542,Alaves,47353,Sivera,Antonio,Sivera Salvá,29.0,Spain,184,75,https://media.api-sports.io/football/players/47353.png,Goalkeeper,38.0,38.0,3420.0,6.93,0.0,0.0,,,1036.0,,50.0,2.0,,,,,17.0,14.0,1.0,1.0,3.0,0.0
140,La Liga,2025,542,Alaves,104821,Jon Guridi,Jon,Guridi Aldalur,30.0,Spain,179,64,https://media.api-sports.io/football/players/104821.png,Midfielder,28.0,15.0,1259.0,6.5,0.0,0.0,11.0,4.0,443.0,11.0,82.0,29.0,2.0,10.0,19.0,8.0,143.0,65.0,8.0,15.0,1.0,0.0
140,La Liga,2025,542,Alaves,128951,Víctor Parada,Víctor,Parada González,23.0,Spain,185,76,https://media.api-sports.io/football/players/128951.png,Defender,30.0,25.0,2165.0,6.49,0.0,3.0,10.0,2.0,764.0,14.0,82.0,33.0,11.0,10.0,13.0,8.0,177.0,88.0,15.0,29.0,8.0,0.0
140,La Liga,2025,542,Alaves,139001,Pablo Ibáñez,Pablo,Ibáñez Lumbreras,27.0,Spain,179,74,https://media.api-sports.io/football/players/139001.png,Midfielder,37.0,28.0,2253.0,6.72,1.0,1.0,32.0,13.0,1009.0,19.0,85.0,58.0,10.0,22.0,71.0,31.0,361.0,181.0,66.0,38.0,7.0,0.0
140,La Liga,2025,542,Alaves,162170,Hugo Novoa,Hugo,Novoa Ramos,22.0,Spain,182,69,https://media.api-sports.io/football/players/162170.png,Attacker,,,,,,,,,,,,,,,,,,,,,,
140,La Liga,2025,542,Alaves,162686,Antonio Blanco,Antonio,Blanco Conde,25.0,Spain,176,70,https://media.api-sports.io/football/players/162686.png,Midfielder,36.0,36.0,3116.0,6.89,2.0,3.0,24.0,13.0,1835.0,22.0,85.0,93.0,11.0,53.0,31.0,23.0,406.0,192.0,43.0,71.0,9.0,0.0
140,La Liga,2025,542,Alaves,183751,A. Rebbach,Abderrahmane,Rebbach,27.0,Algeria,176,68,https://media.api-sports.io/football/players/183751.png,Attacker,30.0,15.0,1509.0,6.71,1.0,4.0,25.0,12.0,459.0,30.0,79.0,42.0,,15.0,50.0,17.0,226.0,98.0,30.0,40.0,8.0,0.0
140,La Liga,2025,542,Alaves,187214,Carlos Vicente,Carlos,Vicente Robles,26.0,Spain,179,72,https://media.api-sports.io/football/players/187214.png,Midfielder,21.0,11.0,1256.0,6.95,5.0,0.0,10.0,6.0,473.0,27.0,79.0,28.0,2.0,7.0,37.0,11.0,168.0,92.0,42.0,12.0,1.0,0.0
140,La Liga,2025,530,Atletico Madrid,443748,Taufik Seidu,Taufik,Seidu Zanzi Awudu,17.0,Spain,182,,https://media.api-sports.io/football/players/443748.png,Midfielder,0.0,0.0,,,0.0,0.0,,,,,,,,,,,,,,,0.0,0.0
140,La Liga,2025,547,Girona,599000,Antonio Salguero,,,20.0,,,,https://media.api-sports.io/football/players/599000.png,Defender,0.0,0.0,,,0.0,0.0,,,,,,,,,,,,,,,0.0,0.0
140,La Liga,2025,546,Getafe,599001,Lucas Laso,,,22.0,,,,https://media.api-sports.io/football/players/599001.png,Defender,0.0,0.0,,,0.0,0.0,,,,,,,,,,,,,,,0.0,0.0
140,La Liga,2025,539,Levante,734,Dela,Adrián,de la Fuente Barquilla,26.0,Spain,179,77,https://media.api-sports.io/football/players/734.png,Defender,33.0,30.0,2710.0,7.02,3.0,1.0,21.0,9.0,1489.0,19.0,82.0,31.0,22.0,48.0,10.0,7.0,178.0,106.0,27.0,34.0,5.0,0.0
140,La Liga,2025,542,Alaves,760,M. Díaz,Mariano,Díaz Mejía,32.0,Dominican Republic,180,76,https://media.api-sports.io/football/players/760.png,Attacker,10.0,3.0,296.0,6.37,0.0,0.0,5.0,3.0,43.0,2.0,65.0,4.0,1.0,,2.0,1.0,57.0,17.0,,13.0,1.0,0.0
140,La Liga,2025,539,Levante,1118,J. Toljan,Jeremy Isaiah Richard,Toljan,31.0,Germany,182,74,https://media.api-sports.io/football/players/1118.png,Defender,37.0,37.0,3173.0,6.54,1.0,4.0,5.0,1.0,1131.0,28.0,77.0,66.0,16.0,32.0,19.0,6.0,214.0,105.0,19.0,33.0,8.0,0.0
140,La Liga,2025,542,Alaves,6085,C. Benavídez,Carlos Nahuel,Benavídez Protesoni,27.0,Uruguay,185,76,https://media.api-sports.io/football/players/6085.png,Midfielder,13.0,3.0,338.0,6.64,0.0,0.0,2.0,2.0,137.0,3.0,81.0,11.0,5.0,2.0,2.0,,37.0,19.0,2.0,8.0,1.0,0.0
140,La Liga,2025,542,Alaves,41412,N. Maraš,Nikola,Maraš,30.0,Serbia,189,79,https://media.api-sports.io/football/players/41412.png,Defender,0.0,0.0,,,0.0,0.0,,,,,,,,,,,,,,,0.0,0.0
140,La Liga,2025,539,Levante,46790,Víctor García,Víctor,García Raja,28.0,Spain,180,79,https://media.api-sports.io/football/players/46790.png,Midfielder,21.0,12.0,1056.0,6.78,2.0,1.0,15.0,8.0,293.0,14.0,76.0,23.0,4.0,9.0,30.0,13.0,119.0,60.0,11.0,13.0,1.0,0.0
140,La Liga,2025,539,Levante,46941,Unai Elgezabal,Unai,Elgezabal Udondo,32.0,Spain,185,74,https://media.api-sports.io/football/players/46941.png,Defender,12.0,11.0,958.0,6.62,1.0,0.0,3.0,1.0,409.0,2.0,85.0,8.0,16.0,3.0,,,75.0,45.0,6.0,11.0,2.0,0.0
140,La Liga,2025,542,Alaves,46987,Raúl Fernández,Raúl,Fernández-Cavada Mateos,37.0,Spain,195,92,https://media.api-sports.io/football/players/46987.png,Goalkeeper,0.0,0.0,,,0.0,0.0,,,,,,,,,,,,,,,0.0,0.0
140,La Liga,2025,539,Levante,47225,Brugui,Roger,Brugué Ayguadé,29.0,Spain,173,68,https://media.api-sports.io/football/players/47225.png,Midfielder,19.0,10.0,1007.0,6.42,1.0,1.0,23.0,9.0,244.0,8.0,82.0,11.0,1.0,5.0,24.0,9.0,116.0,41.0,8.0,11.0,1.0,1.0
140,La Liga,2025,542,Alaves,47309,Guevara,Ander,Guevara Lajo,28.0,Spain,180,73,https://media.api-sports.io/football/players/47309.png,Midfielder,25.0,2.0,681.0,6.66,1.0,1.0,4.0,1.0,456.0,6.0,82.0,12.0,2.0,7.0,10.0,5.0,88.0,37.0,5.0,11.0,3.0,0.0
140,La Liga,2025,539,Levante,64309,Manu Sánchez,Manuel,Sánchez de la Peña,25.0,Spain,171,70,https://media.api-sports.io/football/players/64309.png,Defender,33.0,31.0,2818.0,6.59,1.0,2.0,10.0,4.0,914.0,17.0,81.0,81.0,5.0,32.0,32.0,11.0,265.0,134.0,21.0,35.0,8.0,0.0
140,La Liga,2025,542,Alaves,70476,M. Diarra,Moussa,Diarra,25.0,Mali,185,73,https://media.api-sports.io/football/players/70476.png,Defender,3.0,3.0,219.0,6.43,0.0,0.0,,,64.0,1.0,64.0,6.0,,1.0,3.0,1.0,27.0,13.0,1.0,4.0,1.0,0.0
140,La Liga,2025,539,Levante,104949,Pablo Martínez,Pablo,Martínez Andrés,27.0,Spain,182,74,https://media.api-sports.io/football/players/104949.png,Midfielder,27.0,21.0,1865.0,6.88,1.0,5.0,18.0,4.0,689.0,36.0,78.0,18.0,12.0,19.0,33.0,14.0,143.0,57.0,12.0,31.0,3.0,0.0
140,La Liga,2025,539,Levante,106727,Oriol Rey,Oriol,Rey Erenas,27.0,Spain,177,71,https://media.api-sports.io/football/players/106727.png,Midfielder,20.0,14.0,1327.0,6.71,0.0,1.0,5.0,1.0,576.0,10.0,87.0,20.0,5.0,10.0,2.0,1.0,106.0,49.0,14.0,23.0,4.0,0.0
140,La Liga,2025,542,Alaves,266658,Calebe,Calebe,Gonçalves Ferreira da Silva,25.0,Brazil,173,67,https://media.api-sports.io/football/players/266658.png,Midfielder,19.0,13.0,765.0,6.69,0.0,0.0,2.0,1.0,313.0,12.0,87.0,25.0,1.0,9.0,39.0,16.0,117.0,62.0,19.0,18.0,2.0,0.0
140,La Liga,2025,539,Levante,286611,Pablo Cuñat,Pablo,Cuñat Campos,23.0,Spain,188,78,https://media.api-sports.io/football/players/286611.png,Goalkeeper,2.0,2.0,180.0,7.75,0.0,0.0,,,57.0,,50.0,,,,,,2.0,2.0,,,0.0,0.0
140,La Liga,2025,542,Alaves,315586,Lander Pinillos,Lander,Pinillos Wilson,22.0,Spain,,,https://media.api-sports.io/football/players/315586.png,Midfielder,1.0,0.0,2.0,,0.0,0.0,,,1.0,,100.0,,,,,,1.0,,,,0.0,0.0
140,La Liga,2025,542,Alaves,361384,Yusi,Youssef,Enríquez Lekhedim,20.0,Morocco,175,68,https://media.api-sports.io/football/players/361384.png,Defender,25.0,13.0,1347.0,6.63,0.0,1.0,7.0,3.0,535.0,17.0,79.0,17.0,1.0,10.0,23.0,8.0,117.0,54.0,13.0,24.0,7.0,0.0
140,La Liga,2025,542,Alaves,377215,G. Swiderski,Grégoire,Swiderski,20.0,France,187,72,https://media.api-sports.io/football/players/377215.png,Goalkeeper,0.0,0.0,,,0.0,0.0,,,,,,,,,,,,,,,0.0,0.0
140,La Liga,2025,539,Levante,408320,Jorge Cabello,Jorge,Cabello Trujillo,21.0,Spain,180,71,https://media.api-sports.io/football/players/408320.png,Defender,5.0,4.0,364.0,6.36,0.0,0.0,,,123.0,,86.0,7.0,4.0,,2.0,2.0,30.0,18.0,3.0,3.0,1.0,0.0
140,La Liga,2025,531,Athletic Club,47007,Ruíz de Galarreta,Íñigo,Ruíz de Galarreta Etxeberria,32.0,Spain,175,69,https://media.api-sports.io/football/players/47007.png,Midfielder,34.0,30.0,2231.0,7.01,1.0,2.0,10.0,2.0,1239.0,31.0,82.0,60.0,5.0,23.0,50.0,34.0,296.0,160.0,41.0,54.0,10.0,0.0
140,La Liga,2025,531,Athletic Club,47270,Unai Simón,Unai,Simón Mendibil,28.0,Spain,190,88,https://media.api-sports.io/football/players/47270.png,Goalkeeper,37.0,37.0,3330.0,6.88,0.0,0.0,,,1124.0,1.0,58.0,1.0,,,,,17.0,17.0,8.0,,1.0,0.0
140,La Liga,2025,531,Athletic Club,47273,Yuri,Yuri,Berchiche Izeta,35.0,Spain,181,79,https://media.api-sports.io/football/players/47273.png,Defender,32.0,31.0,2709.0,7.05,0.0,6.0,19.0,5.0,1475.0,30.0,87.0,43.0,3.0,35.0,21.0,10.0,238.0,144.0,34.0,26.0,5.0,0.0
140,La Liga,2025,531,Athletic Club,47278,Dani Vivian,Daniel,Vivian Moreno,26.0,Spain,183,78,https://media.api-sports.io/football/players/47278.png,Defender,31.0,28.0,2563.0,6.68,1.0,0.0,13.0,6.0,1349.0,6.0,85.0,55.0,13.0,32.0,6.0,5.0,220.0,107.0,17.0,38.0,8.0,1.0
140,La Liga,2025,539,Levante,47467,José Luis Morales,José Luis,Morales Nogales,38.0,Spain,180,70,https://media.api-sports.io/football/players/47467.png,Attacker,20.0,1.0,383.0,6.69,1.0,1.0,7.0,4.0,126.0,7.0,74.0,10.0,2.0,3.0,17.0,9.0,46.0,25.0,4.0,3.0,1.0,0.0
140,La Liga,2025,539,Levante,104832,Diego Pampín,Diego,Varela Pampín,25.0,Spain,173,65,https://media.api-sports.io/football/players/104832.png,Defender,8.0,6.0,535.0,6.39,0.0,0.0,1.0,,270.0,3.0,85.0,11.0,,6.0,7.0,6.0,56.0,29.0,7.0,8.0,3.0,0.0
140,La Liga,2025,539,Levante,182150,Sergio Lozano,Sergio,Lozano Lluch,26.0,Spain,175,70,https://media.api-sports.io/football/players/182150.png,Midfielder,1.0,0.0,11.0,6.5,0.0,0.0,,,7.0,,100.0,2.0,,,2.0,,5.0,2.0,,,0.0,0.0
140,La Liga,2025,531,Athletic Club,182181,Jesús Areso,Jesús,Areso Blanco,26.0,Spain,182,81,https://media.api-sports.io/football/players/182181.png,Defender,26.0,14.0,1513.0,6.72,0.0,1.0,1.0,,581.0,23.0,83.0,22.0,8.0,18.0,25.0,14.0,126.0,75.0,7.0,19.0,3.0,0.0
140,La Liga,2025,539,Levante,182770,Carlos Álvarez,Carlos,Álvarez Rivera,22.0,Spain,167,75,https://media.api-sports.io/football/players/182770.png,Midfielder,30.0,23.0,1908.0,6.84,3.0,1.0,19.0,11.0,656.0,40.0,80.0,22.0,1.0,13.0,57.0,19.0,223.0,93.0,49.0,22.0,3.0,0.0
140,La Liga,2025,531,Athletic Club,183849,Aitor Paredes,Aitor,Paredes Casamichana,25.0,Spain,186,76,https://media.api-sports.io/football/players/183849.png,Defender,19.0,18.0,1629.0,6.77,2.0,0.0,11.0,4.0,942.0,4.0,87.0,21.0,4.0,29.0,3.0,3.0,104.0,61.0,7.0,19.0,4.0,0.0
140,La Liga,2025,539,Levante,192032,Iván Romero,Iván,Romero de Ávila Araque,24.0,Spain,172,72,https://media.api-sports.io/football/players/192032.png,Attacker,32.0,28.0,2287.0,6.88,7.0,1.0,40.0,18.0,535.0,25.0,73.0,33.0,2.0,12.0,75.0,36.0,365.0,176.0,77.0,40.0,5.0,0.0
140,La Liga,2025,539,Levante,338295,Primo,Alejandro,Primo Hernández,21.0,Spain,187,74,https://media.api-sports.io/football/players/338295.png,Goalkeeper,0.0,0.0,,,0.0,0.0,,,,,,,,,,,,,,,0.0,0.0
140,La Liga,2025,539,Levante,338871,Joan Ruiz,Joan,Ruiz Agustina,22.0,Spain,,,https://media.api-sports.io/football/players/338871.png,Midfielder,0.0,0.0,,,0.0,0.0,,,,,,,,,,,,,,,0.0,0.0
140,La Liga,2025,531,Athletic Club,383780,Mikel Jauregizar,Mikel,Jauregizar Alboniga,22.0,Spain,177,74,https://media.api-sports.io/football/players/383780.png,Midfielder,36.0,34.0,2843.0,6.74,2.0,0.0,20.0,11.0,1344.0,28.0,80.0,68.0,3.0,46.0,29.0,10.0,338.0,158.0,34.0,49.0,5.0,0.0
140,La Liga,2025,539,Levante,407597,M. Krug,Martín Wilhelm,Krug,19.0,Panama,192,,https://media.api-sports.io/football/players/407597.png,Defender,0.0,0.0,,,0.0,0.0,,,,,,,,,,,,,,,0.0,0.0
140,La Liga,2025,539,Levante,421807,M. Moreno,Matías Agustín,Moreno,22.0,Argentina,193,81,https://media.api-sports.io/football/players/421807.png,Defender,28.0,27.0,2266.0,6.83,0.0,0.0,5.0,,1089.0,8.0,85.0,32.0,19.0,38.0,8.0,4.0,183.0,109.0,23.0,23.0,8.0,0.0
140,La Liga,2025,539,Levante,450497,Carlos Espí,Carlos,Espí Escrihuela,20.0,Spain,185,90,https://media.api-sports.io/football/players/450497.png,Attacker,25.0,13.0,1351.0,6.88,11.0,0.0,48.0,24.0,212.0,9.0,65.0,13.0,1.0,9.0,24.0,12.0,198.0,96.0,25.0,31.0,3.0,0.0
140,La Liga,2025,539,Levante,450562,Cayetano,Cayetano,Romero Molina,20.0,Spain,188,,https://media.api-sports.io/football/players/450562.png,Goalkeeper,0.0,0.0,,,0.0,0.0,,,,,,,,,,,,,,,0.0,0.0
140,La Liga,2025,539,Levante,463279,Paco Cortés,Francisco,Cortés Gracia,18.0,Spain,,,https://media.api-sports.io/football/players/463279.png,Attacker,8.0,2.0,476.0,6.57,0.0,0.0,5.0,4.0,104.0,6.0,77.0,4.0,1.0,2.0,23.0,9.0,53.0,20.0,6.0,6.0,2.0,0.0
140,La Liga,2025,539,Levante,504605,Nacho Pérez,Ignacio,Pérez Gómez,17.0,Spain,,,https://media.api-sports.io/football/players/504605.png,Defender,3.0,1.0,147.0,6.6,0.0,0.0,,,49.0,2.0,79.0,4.0,,2.0,,,10.0,5.0,1.0,1.0,1.0,0.0
140,La Liga,2025,536,Sevilla,19172,Ø. Nyland,Ørjan,Håskjold Nyland,35.0,Norway,192,90,https://media.api-sports.io/football/players/19172.png,Goalkeeper,5.0,5.0,450.0,6.6,0.0,0.0,,,139.0,,70.0,,,,,,2.0,1.0,,,1.0,0.0
140,La Liga,2025,531,Athletic Club,30510,Álex Berenguer,Alejandro,Berenguer Remiro,30.0,Spain,175,73,https://media.api-sports.io/football/players/30510.png,Midfielder,31.0,25.0,2164.0,6.62,2.0,3.0,32.0,20.0,768.0,49.0,76.0,28.0,1.0,13.0,59.0,23.0,304.0,119.0,38.0,28.0,4.0,0.0
140,La Liga,2025,531,Athletic Club,47276,Lekue,Íñigo,Lekue Martínez,32.0,Spain,180,70,https://media.api-sports.io/football/players/47276.png,Defender,11.0,8.0,600.0,6.3,0.0,0.0,1.0,1.0,251.0,1.0,77.0,15.0,,4.0,17.0,6.0,67.0,22.0,,12.0,2.0,2.0
140,La Liga,2025,531,Athletic Club,47291,Gorka Guruzeta,Gorka,Guruzeta Rodríguez,29.0,Spain,188,77,https://media.api-sports.io/football/players/47291.png,Attacker,35.0,28.0,2371.0,6.56,10.0,3.0,65.0,32.0,522.0,26.0,67.0,19.0,2.0,12.0,34.0,7.0,351.0,134.0,30.0,49.0,5.0,0.0
140,La Liga,2025,531,Athletic Club,47294,I. Williams,Iñaki Arthuer,Dannis Williams,31.0,Ghana,186,81,https://media.api-sports.io/football/players/47294.png,Midfielder,30.0,25.0,2168.0,6.6,3.0,6.0,39.0,20.0,496.0,26.0,69.0,12.0,2.0,8.0,55.0,12.0,226.0,77.0,23.0,28.0,2.0,0.0
140,La Liga,2025,531,Athletic Club,47299,Gorosabel,Andoni,Gorosabel Espinosa,29.0,Spain,174,70,https://media.api-sports.io/football/players/47299.png,Defender,24.0,15.0,1359.0,6.59,0.0,1.0,5.0,1.0,555.0,16.0,85.0,37.0,2.0,16.0,20.0,12.0,133.0,74.0,12.0,13.0,3.0,0.0
140,La Liga,2025,531,Athletic Club,47418,Mikel Vesga,Mikel,Vesga Arruti,32.0,Spain,191,83,https://media.api-sports.io/football/players/47418.png,Midfielder,23.0,1.0,459.0,6.6,0.0,0.0,3.0,,283.0,4.0,76.0,18.0,,9.0,9.0,7.0,84.0,46.0,7.0,8.0,0.0,0.0
140,La Liga,2025,531,Athletic Club,84086,Robert Navarro,Roberto,Navarro Muñoz,23.0,Spain,178,65,https://media.api-sports.io/football/players/84086.png,Midfielder,32.0,10.0,1311.0,6.68,6.0,1.0,18.0,9.0,416.0,24.0,80.0,16.0,1.0,7.0,54.0,23.0,183.0,64.0,16.0,18.0,1.0,0.0
140,La Liga,2025,531,Athletic Club,182639,Unai Vencedor,Unai,Vencedor Paris,25.0,Spain,176,71,https://media.api-sports.io/football/players/182639.png,Midfielder,0.0,0.0,,,0.0,0.0,,,,,,,,,,,,,,,0.0,0.0
140,La Liga,2025,539,Levante,182639,Unai Vencedor,Unai,Vencedor Paris,25.0,Spain,176,71,https://media.api-sports.io/football/players/182639.png,Midfielder,16.0,11.0,818.0,6.74,0.0,0.0,,,416.0,12.0,81.0,22.0,5.0,6.0,7.0,4.0,109.0,48.0,8.0,24.0,3.0,1.0
140,La Liga,2025,536,Sevilla,182772,Juanlu Sánchez,Juan Luis,Sánchez Velasco,22.0,Spain,183,68,https://media.api-sports.io/football/players/182772.png,Defender,32.0,23.0,2002.0,6.65,0.0,3.0,7.0,1.0,763.0,22.0,83.0,64.0,,12.0,51.0,27.0,269.0,151.0,42.0,23.0,5.0,0.0
140,La Liga,2025,531,Athletic Club,183776,Urko Izeta,Urko,Iruretagoiena Lertxundi,26.0,Spain,175,70,https://media.api-sports.io/football/players/183776.png,Attacker,13.0,1.0,189.0,6.45,1.0,0.0,9.0,5.0,60.0,2.0,71.0,2.0,,,3.0,1.0,26.0,7.0,1.0,5.0,2.0,0.0
140,La Liga,2025,531,Athletic Club,183799,Nico Williams,Nicholas,Williams Arthuer,23.0,Spain,181,67,https://media.api-sports.io/football/players/183799.png,Midfielder,25.0,20.0,1687.0,6.97,6.0,3.0,34.0,16.0,567.0,34.0,77.0,15.0,,7.0,145.0,67.0,282.0,119.0,29.0,26.0,2.0,0.0
140,La Liga,2025,531,Athletic Club,286593,Nico Serrano,Nicolás,Serrano Galdeano,22.0,Spain,181,72,https://media.api-sports.io/football/players/286593.png,Attacker,16.0,4.0,365.0,6.69,1.0,0.0,8.0,4.0,123.0,10.0,80.0,6.0,,2.0,19.0,7.0,61.0,23.0,8.0,10.0,0.0,0.0
140,La Liga,2025,531,Athletic Club,287680,Maroan Sannadi,Maroan,Sannadi Harrouch,24.0,Spain,192,78,https://media.api-sports.io/football/players/287680.png,Attacker,10.0,2.0,281.0,6.46,1.0,0.0,6.0,4.0,70.0,3.0,71.0,1.0,,1.0,5.0,1.0,42.0,18.0,5.0,8.0,1.0,0.0
140,La Liga,2025,536,Sevilla,297311,Kike Salas,Enrique Jesús,Salas Valiente,23.0,Spain,188,80,https://media.api-sports.io/football/players/297311.png,Defender,26.0,24.0,2208.0,6.99,2.0,0.0,13.0,8.0,1369.0,7.0,80.0,59.0,18.0,37.0,13.0,8.0,277.0,177.0,20.0,31.0,1.0,0.0
140,La Liga,2025,531,Athletic Club,312468,Álex Padilla,Alejandro,Padilla Pérez,22.0,Spain,190,83,https://media.api-sports.io/football/players/312468.png,Goalkeeper,1.0,1.0,90.0,5.2,0.0,0.0,,,31.0,,,,,,,,,,,,0.0,1.0
140,La Liga,2025,531,Athletic Club,332309,Alejandro Rego,Alejandro,Rego Mora,22.0,Spain,192,,https://media.api-sports.io/football/players/332309.png,Midfielder,29.0,11.0,1266.0,6.73,1.0,1.0,6.0,3.0,539.0,11.0,82.0,42.0,5.0,24.0,19.0,9.0,148.0,71.0,6.0,40.0,6.0,0.0
140,La Liga,2025,531,Athletic Club,335490,Jon de Luis,Jon,de Luis Suescun,22.0,Spain,183,,https://media.api-sports.io/football/players/335490.png,Defender,0.0,0.0,,,0.0,0.0,,,,,,,,,,,,,,,0.0,0.0
140,La Liga,2025,531,Athletic Club,336998,A. Boiro,Adama,Boiro Boiro,23.0,Senegal,183,75,https://media.api-sports.io/football/players/336998.png,Defender,14.0,8.0,819.0,6.48,0.0,0.0,1.0,,340.0,3.0,87.0,18.0,1.0,17.0,16.0,8.0,81.0,48.0,11.0,6.0,1.0,0.0
140,La Liga,2025,536,Sevilla,338902,Andrés Castrín,Andrés,López Gallo,22.0,Spain,188,83,https://media.api-sports.io/football/players/338902.png,Defender,19.0,13.0,1281.0,6.99,1.0,0.0,9.0,3.0,749.0,2.0,86.0,26.0,14.0,20.0,11.0,9.0,121.0,75.0,13.0,13.0,4.0,0.0
140,La Liga,2025,536,Sevilla,433,Marcão,Marcos,do Nascimento Teixeira,29.0,Brazil,185,80,https://media.api-sports.io/football/players/433.png,Defender,13.0,11.0,943.0,6.66,0.0,0.0,6.0,2.0,466.0,,87.0,13.0,5.0,5.0,1.0,1.0,111.0,62.0,21.0,22.0,3.0,0.0
140,La Liga,2025,536,Sevilla,957,D. Sow,Mohameth Djibril Ibrahima,Sow,28.0,Switzerland,183,76,https://media.api-sports.io/football/players/957.png,Midfielder,33.0,27.0,2195.0,6.77,5.0,4.0,15.0,8.0,950.0,24.0,89.0,45.0,2.0,22.0,14.0,7.0,188.0,96.0,29.0,42.0,6.0,0.0
140,La Liga,2025,536,Sevilla,1489,N. Gudelj,Nemanja,Gudelj,34.0,Serbia,187,79,https://media.api-sports.io/football/players/1489.png,Midfielder,34.0,26.0,2370.0,6.69,2.0,0.0,25.0,9.0,1106.0,7.0,88.0,35.0,18.0,25.0,11.0,5.0,186.0,94.0,11.0,40.0,9.0,0.0
140,La Liga,2025,536,Sevilla,2924,A. Januzaj,Adnan,Januzaj,30.0,Belgium,186,76,https://media.api-sports.io/football/players/2924.png,Midfielder,12.0,2.0,320.0,6.76,0.0,0.0,2.0,,129.0,11.0,87.0,5.0,,1.0,19.0,8.0,47.0,23.0,10.0,8.0,1.0,0.0
140,La Liga,2025,536,Sevilla,21004,L. Agoumé,Lucien Jefferson,Agoumé,23.0,France,185,72,https://media.api-sports.io/football/players/21004.png,Midfielder,34.0,31.0,2693.0,6.81,1.0,3.0,9.0,2.0,1302.0,29.0,81.0,70.0,5.0,48.0,22.0,11.0,298.0,151.0,16.0,58.0,11.0,0.0
140,La Liga,2025,538,Celta Vigo,30765,I. Radu,Ionuț Andrei,Radu,28.0,Romania,188,70,https://media.api-sports.io/football/players/30765.png,Goalkeeper,38.0,38.0,3420.0,6.99,0.0,0.0,,,969.0,1.0,68.0,,,1.0,1.0,1.0,13.0,12.0,8.0,,2.0,0.0
140,La Liga,2025,536,Sevilla,39121,C. Ejuke,Chidera,Ejuke,27.0,Nigeria,176,72,https://media.api-sports.io/football/players/39121.png,Attacker,27.0,6.0,954.0,6.8,1.0,1.0,12.0,3.0,360.0,13.0,83.0,19.0,1.0,6.0,92.0,57.0,168.0,97.0,16.0,5.0,0.0,0.0
140,La Liga,2025,536,Sevilla,47329,Adrià Pedrosa,Adrià,Giner Pedrosa,27.0,Spain,176,69,https://media.api-sports.io/football/players/47329.png,Defender,1.0,0.0,13.0,6.9,0.0,0.0,,,6.0,1.0,100.0,1.0,,,,,2.0,2.0,1.0,,0.0,0.0
140,La Liga,2025,797,Elche,47329,Adrià Pedrosa,Adrià,Giner Pedrosa,27.0,Spain,176,69,https://media.api-sports.io/football/players/47329.png,Midfielder,26.0,8.0,1079.0,6.54,1.0,1.0,7.0,3.0,415.0,22.0,83.0,33.0,2.0,15.0,28.0,5.0,127.0,53.0,8.0,18.0,4.0,0.0
140,La Liga,2025,536,Sevilla,57446,A. Adams,Akor Jerome,Adams,25.0,Nigeria,190,92,https://media.api-sports.io/football/players/57446.png,Attacker,32.0,21.0,2070.0,6.74,10.0,3.0,48.0,30.0,357.0,13.0,63.0,8.0,4.0,1.0,28.0,16.0,245.0,92.0,12.0,36.0,3.0,0.0
140,La Liga,2025,536,Sevilla,162126,Peque Fernández,Gerard,Fernández Castellano,23.0,Spain,172,66,https://media.api-sports.io/football/players/162126.png,Attacker,26.0,12.0,1012.0,6.75,2.0,1.0,11.0,6.0,364.0,15.0,81.0,13.0,1.0,1.0,44.0,18.0,175.0,96.0,48.0,15.0,7.0,0.0
140,La Liga,2025,536,Sevilla,185398,Isaac,Isaac,Romero Bernal,25.0,Spain,184,70,https://media.api-sports.io/football/players/185398.png,Attacker,29.0,18.0,1498.0,6.44,4.0,0.0,33.0,14.0,336.0,14.0,72.0,16.0,1.0,6.0,44.0,10.0,208.0,72.0,24.0,29.0,6.0,1.0
140,La Liga,2025,536,Sevilla,195923,José Ángel Carmona,José Ángel,Carmona Navarro,23.0,Spain,184,80,https://media.api-sports.io/football/players/195923.png,Defender,35.0,29.0,2564.0,6.71,1.0,3.0,13.0,3.0,1164.0,22.0,81.0,65.0,9.0,39.0,42.0,19.0,318.0,172.0,44.0,49.0,13.0,0.0
140,La Liga,2025,536,Sevilla,290686,Rafael Romero,Rafael,Romero,22.0,Spain,192,75,https://media.api-sports.io/football/players/290686.png,Goalkeeper,0.0,0.0,,,0.0,0.0,,,,,,,,,,,,,,,0.0,0.0
140,La Liga,2025,536,Sevilla,308346,Alberto Flores,Alberto,Flores López,22.0,Spain,186,80,https://media.api-sports.io/football/players/308346.png,Goalkeeper,0.0,0.0,,,0.0,0.0,,,,,,,,,,,,,,,0.0,0.0
140,La Liga,2025,538,Celta Vigo,329722,Yoel Lago,Yoel,Lago Amil,21.0,Spain,185,70,https://media.api-sports.io/football/players/329722.png,Defender,12.0,11.0,947.0,6.75,0.0,0.0,1.0,,540.0,2.0,91.0,19.0,10.0,7.0,2.0,2.0,76.0,45.0,14.0,17.0,4.0,0.0
140,La Liga,2025,536,Sevilla,331607,Manu Bueno,Manuel,Bueno Sebastián,21.0,Spain,178,73,https://media.api-sports.io/football/players/331607.png,Midfielder,8.0,2.0,279.0,6.63,0.0,0.0,2.0,,108.0,2.0,85.0,3.0,,,1.0,1.0,17.0,8.0,3.0,4.0,2.0,0.0
140,La Liga,2025,536,Sevilla,340152,S. Idumbo-Muzambo,Stanis,Idumbo-Muzambo,20.0,Belgium,170,60,https://media.api-sports.io/football/players/340152.png,Midfielder,1.0,1.0,45.0,6.5,0.0,0.0,,,11.0,1.0,63.0,1.0,,,1.0,,4.0,1.0,,,0.0,0.0
140,La Liga,2025,538,Celta Vigo,384135,Javi Rodríguez,Javier,Rodríguez Galiano,22.0,Spain,178,70,https://media.api-sports.io/football/players/384135.png,Defender,33.0,28.0,2562.0,6.77,0.0,1.0,10.0,2.0,1842.0,10.0,90.0,38.0,18.0,26.0,16.0,8.0,205.0,105.0,33.0,33.0,5.0,0.0
140,La Liga,2025,536,Sevilla,443593,Eduardo Altozano Agudo,Eduardo,Altozano Agudo,19.0,Spain,,,https://media.api-sports.io/football/players/443593.png,Midfielder,0.0,0.0,,,0.0,0.0,,,,,,,,,,,,,,,0.0,0.0
140,La Liga,2025,536,Sevilla,546798,M. Sierra,,,21.0,,,,https://media.api-sports.io/football/players/546798.png,Attacker,4.0,0.0,63.0,6.65,0.0,0.0,4.0,1.0,24.0,,62.0,4.0,,,2.0,2.0,13.0,9.0,3.0,1.0,0.0,0.0
140,La Liga,2025,538,Celta Vigo,2278,Marcos Alonso,Marcos,Alonso Mendoza,35.0,Spain,188,84,https://media.api-sports.io/football/players/2278.png,Defender,32.0,31.0,2770.0,7.06,1.0,0.0,13.0,3.0,2379.0,13.0,90.0,41.0,17.0,29.0,23.0,17.0,217.0,126.0,20.0,23.0,5.0,0.0
140,La Liga,2025,538,Celta Vigo,21584,M. Ristić,Mihailo,Ristić,30.0,Serbia,180,75,https://media.api-sports.io/football/players/21584.png,Midfielder,5.0,4.0,256.0,6.73,0.0,0.0,,,146.0,2.0,83.0,1.0,2.0,2.0,9.0,6.0,19.0,10.0,2.0,,0.0,0.0
140,La Liga,2025,538,Celta Vigo,47348,Borja Iglesias,Borja,Iglesias Quintás,32.0,Spain,187,86,https://media.api-sports.io/football/players/47348.png,Attacker,35.0,21.0,1903.0,6.75,14.0,2.0,38.0,26.0,458.0,17.0,72.0,8.0,5.0,1.0,22.0,12.0,180.0,69.0,30.0,38.0,7.0,0.0
140,La Liga,2025,538,Celta Vigo,47427,Iván Villar,Iván,Villar Martínez,28.0,Spain,186,76,https://media.api-sports.io/football/players/47427.png,Goalkeeper,0.0,0.0,,,0.0,0.0,,,,,,,,,,,,,,,0.0,0.0
140,La Liga,2025,538,Celta Vigo,47435,Fran Beltrán,Francisco José,Beltrán Peinado,26.0,Spain,170,66,https://media.api-sports.io/football/players/47435.png,Midfielder,10.0,7.0,542.0,6.63,0.0,0.0,4.0,1.0,317.0,1.0,90.0,7.0,2.0,7.0,3.0,2.0,37.0,14.0,3.0,10.0,0.0,0.0
140,La Liga,2025,547,Girona,47435,Fran Beltrán,Francisco José,Beltrán Peinado,26.0,Spain,170,66,https://media.api-sports.io/football/players/47435.png,Midfielder,17.0,11.0,1020.0,6.94,1.0,0.0,5.0,3.0,738.0,12.0,91.0,27.0,4.0,10.0,7.0,4.0,100.0,48.0,9.0,10.0,3.0,0.0
140,La Liga,2025,538,Celta Vigo,47445,Iago Aspas,Iago,Aspas Juncal,38.0,Spain,176,67,https://media.api-sports.io/football/players/47445.png,Attacker,32.0,11.0,1155.0,6.85,5.0,3.0,23.0,12.0,635.0,31.0,78.0,15.0,,12.0,20.0,12.0,97.0,47.0,17.0,5.0,4.0,0.0
140,La Liga,2025,538,Celta Vigo,122734,Ferran Jutglà,Ferran,Jutglà Blanch,26.0,Spain,176,75,https://media.api-sports.io/football/players/122734.png,Attacker,30.0,21.0,1669.0,6.89,9.0,3.0,41.0,26.0,419.0,16.0,77.0,12.0,1.0,8.0,54.0,21.0,191.0,80.0,30.0,24.0,4.0,0.0
140,La Liga,2025,538,Celta Vigo,157988,Sergio Carreira,Sergio,Carreira Vilariño,25.0,Spain,170,70,https://media.api-sports.io/football/players/157988.png,Defender,34.0,29.0,2693.0,6.8,2.0,1.0,11.0,7.0,1511.0,19.0,85.0,32.0,3.0,24.0,54.0,26.0,202.0,104.0,36.0,20.0,2.0,0.0
140,La Liga,2025,538,Celta Vigo,162123,I. Moriba,Moriba,Kourouma Kourouma,22.0,Guinea,165,73,https://media.api-sports.io/football/players/162123.png,Midfielder,36.0,26.0,2495.0,6.82,2.0,3.0,14.0,5.0,1043.0,17.0,88.0,87.0,7.0,25.0,28.0,13.0,306.0,173.0,58.0,40.0,8.0,0.0
140,La Liga,2025,538,Celta Vigo,162712,Óscar Mingueza,Óscar,Mingueza García,26.0,Spain,184,75,https://media.api-sports.io/football/players/162712.png,Midfielder,34.0,21.0,1967.0,6.93,1.0,4.0,10.0,5.0,1236.0,32.0,85.0,42.0,5.0,9.0,29.0,15.0,185.0,99.0,28.0,15.0,4.0,0.0
140,La Liga,2025,538,Celta Vigo,179955,Javi Rueda,Javier,Rueda García,23.0,Spain,177,74,https://media.api-sports.io/football/players/179955.png,Defender,26.0,16.0,1410.0,6.78,2.0,6.0,9.0,3.0,532.0,14.0,76.0,19.0,6.0,21.0,41.0,21.0,148.0,69.0,21.0,25.0,6.0,0.0
140,La Liga,2025,538,Celta Vigo,182638,Manu Fernández,Manuel,Fernández Arroyo,24.0,Spain,,,https://media.api-sports.io/football/players/182638.png,Defender,14.0,9.0,765.0,6.67,0.0,0.0,2.0,,504.0,3.0,90.0,13.0,3.0,8.0,2.0,1.0,46.0,28.0,7.0,8.0,2.0,0.0
140,La Liga,2025,538,Celta Vigo,269163,W. Swedberg,Williot Theo,Swedberg,21.0,Sweden,187,78,https://media.api-sports.io/football/players/269163.png,Attacker,29.0,13.0,1268.0,6.73,5.0,5.0,17.0,12.0,294.0,10.0,77.0,28.0,2.0,4.0,27.0,10.0,169.0,74.0,34.0,30.0,2.0,0.0
140,La Liga,2025,538,Celta Vigo,286559,Carlos Domínguez,Carlos,Domínguez Cáceres,24.0,Spain,187,81,https://media.api-sports.io/football/players/286559.png,Defender,8.0,6.0,610.0,6.69,0.0,0.0,2.0,1.0,442.0,1.0,91.0,13.0,5.0,5.0,2.0,,46.0,28.0,1.0,6.0,1.0,0.0
140,La Liga,2025,538,Celta Vigo,286639,Bryan Zaragoza,Bryan,Zaragoza Martínez,24.0,Spain,164,61,https://media.api-sports.io/football/players/286639.png,Attacker,19.0,13.0,1135.0,6.9,1.0,1.0,20.0,12.0,334.0,18.0,77.0,10.0,,2.0,70.0,27.0,129.0,55.0,17.0,7.0,1.0,0.0
140,La Liga,2025,538,Celta Vigo,313651,Hugo Sotelo,Hugo,Sotelo Gómez,22.0,Spain,180,75,https://media.api-sports.io/football/players/313651.png,Midfielder,20.0,16.0,1342.0,7.02,0.0,2.0,2.0,1.0,995.0,26.0,92.0,30.0,9.0,13.0,4.0,2.0,101.0,48.0,13.0,27.0,3.0,0.0
140,La Liga,2025,538,Celta Vigo,320517,Pablo Durán,Pablo,Durán Fernández,24.0,Spain,176,72,https://media.api-sports.io/football/players/320517.png,Attacker,30.0,17.0,1432.0,6.6,2.0,2.0,25.0,15.0,362.0,10.0,72.0,16.0,3.0,7.0,30.0,7.0,125.0,48.0,12.0,15.0,1.0,0.0
140,La Liga,2025,538,Celta Vigo,329720,Hugo Álvarez,Hugo,Álvarez Antúnez,22.0,Spain,176,72,https://media.api-sports.io/football/players/329720.png,Midfielder,28.0,15.0,1343.0,6.76,4.0,2.0,11.0,8.0,611.0,25.0,85.0,15.0,,10.0,43.0,16.0,121.0,49.0,17.0,16.0,2.0,0.0
140,La Liga,2025,538,Celta Vigo,333502,Miguel Román,Miguel,Román González,23.0,Spain,178,70,https://media.api-sports.io/football/players/333502.png,Midfielder,19.0,14.0,1310.0,6.95,1.0,0.0,5.0,1.0,748.0,17.0,87.0,26.0,7.0,12.0,12.0,3.0,106.0,50.0,11.0,20.0,3.0,0.0
140,La Liga,2025,538,Celta Vigo,351913,J. El Abdellaoui,Jones,El Abdellaoui,19.0,Norway,184,72,https://media.api-sports.io/football/players/351913.png,Attacker,22.0,4.0,683.0,6.62,2.0,0.0,11.0,4.0,143.0,9.0,83.0,5.0,,3.0,27.0,11.0,74.0,25.0,3.0,7.0,0.0,0.0
140,La Liga,2025,797,Elche,11346,M. Dituro,Matías Ezequiel,Dituro Curto,38.0,Argentina,191,86,https://media.api-sports.io/football/players/11346.png,Goalkeeper,22.0,22.0,1980.0,7.39,0.0,0.0,,,1180.0,3.0,75.0,,,1.0,,,23.0,18.0,7.0,,1.0,0.0
140,La Liga,2025,546,Getafe,18867,Diego Rico,Diego,Rico Salguero,32.0,Spain,183,76,https://media.api-sports.io/football/players/18867.png,Defender,28.0,18.0,1767.0,6.66,0.0,0.0,8.0,1.0,588.0,11.0,63.0,46.0,3.0,30.0,15.0,6.0,198.0,109.0,35.0,22.0,4.0,0.0
140,La Liga,2025,546,Getafe,47085,Luis Milla,Luis,Milla Manzanares,31.0,Spain,175,67,https://media.api-sports.io/football/players/47085.png,Midfielder,37.0,37.0,3273.0,7.04,1.0,10.0,15.0,4.0,1383.0,80.0,77.0,59.0,7.0,42.0,39.0,21.0,321.0,173.0,43.0,32.0,4.0,1.0
140,La Liga,2025,546,Getafe,47247,David Soria,David,Soria Solís,32.0,Spain,192,83,https://media.api-sports.io/football/players/47247.png,Goalkeeper,38.0,38.0,3420.0,7.19,0.0,0.0,,,1121.0,1.0,45.0,,,,,,6.0,5.0,3.0,,2.0,0.0
140,La Liga,2025,546,Getafe,47250,D. Dakonam,Djené,Dakonam Ortega,34.0,Togo,178,71,https://media.api-sports.io/football/players/47250.png,Defender,34.0,32.0,2585.0,6.61,0.0,0.0,2.0,,795.0,2.0,78.0,35.0,10.0,37.0,9.0,8.0,197.0,112.0,26.0,35.0,10.0,2.0
140,La Liga,2025,546,Getafe,47258,M. Arambarri,Mauro Wilney,Arambarri Rosa,30.0,Uruguay,175,71,https://media.api-sports.io/football/players/47258.png,Midfielder,37.0,37.0,3255.0,6.73,6.0,2.0,45.0,19.0,800.0,22.0,75.0,68.0,6.0,22.0,62.0,30.0,454.0,221.0,67.0,60.0,6.0,0.0
140,La Liga,2025,546,Getafe,47306,Álex Sola,Alejandro,Sola López-Ocaña,26.0,Spain,178,75,https://media.api-sports.io/football/players/47306.png,Midfielder,1.0,0.0,12.0,6.7,0.0,0.0,,,,,,,,,2.0,,5.0,2.0,2.0,,0.0,0.0
140,La Liga,2025,546,Getafe,66491,J. Letáček,Jiří,Letáček,26.0,Czechia,196,77,https://media.api-sports.io/football/players/66491.png,Goalkeeper,0.0,0.0,,,0.0,0.0,,,,,,,,,,,,,,,0.0,0.0
140,La Liga,2025,546,Getafe,119742,Juan Iglesias,Juan Antonio,Iglesias Sánchez,27.0,Spain,187,77,https://media.api-sports.io/football/players/119742.png,Defender,37.0,36.0,3189.0,6.87,1.0,2.0,12.0,5.0,863.0,18.0,64.0,112.0,12.0,26.0,58.0,30.0,437.0,245.0,70.0,63.0,4.0,0.0
140,La Liga,2025,797,Elche,182661,Álvaro Núñez,Álvaro,Núñez Cobo,25.0,Spain,174,60,https://media.api-sports.io/football/players/182661.png,Defender,19.0,19.0,1652.0,6.97,0.0,2.0,1.0,,989.0,21.0,91.0,24.0,6.0,16.0,22.0,14.0,123.0,64.0,17.0,12.0,2.0,0.0
140,La Liga,2025,538,Celta Vigo,182661,Álvaro Núñez,Álvaro,Núñez Cobo,25.0,Spain,174,60,https://media.api-sports.io/football/players/182661.png,Defender,6.0,5.0,332.0,6.72,0.0,0.0,1.0,1.0,231.0,1.0,91.0,5.0,2.0,,1.0,1.0,18.0,13.0,5.0,2.0,0.0,0.0
140,La Liga,2025,546,Getafe,270516,Peter,Peter Federico,González Carmona,23.0,Spain,180,68,https://media.api-sports.io/football/players/270516.png,Attacker,0.0,0.0,,,0.0,0.0,,,,,,,,,,,,,,,0.0,0.0
140,La Liga,2025,546,Getafe,297235,Marc Vilaplana,Marc,Vilaplana Dachs,22.0,Spain,188,,https://media.api-sports.io/football/players/297235.png,Defender,0.0,0.0,,,0.0,0.0,,,,,,,,,,,,,,,0.0,0.0
140,La Liga,2025,546,Getafe,309364,Coba,Coba,Gomes da Costa,23.0,Spain,182,73,https://media.api-sports.io/football/players/309364.png,Attacker,14.0,2.0,361.0,6.63,0.0,0.0,4.0,1.0,132.0,4.0,68.0,10.0,,1.0,20.0,10.0,83.0,44.0,6.0,8.0,1.0,0.0
140,La Liga,2025,546,Getafe,333369,Joselu,José Luis,Pérez del Amo,21.0,Spain,,,https://media.api-sports.io/football/players/333369.png,Attacker,2.0,0.0,20.0,6.6,0.0,0.0,1.0,,4.0,,,,,,,,8.0,4.0,2.0,1.0,0.0,0.0
140,La Liga,2025,546,Getafe,343205,Mario Martín,Mario,Martín Rielves,21.0,Spain,178,74,https://media.api-sports.io/football/players/343205.png,Midfielder,35.0,26.0,2135.0,6.48,2.0,1.0,15.0,6.0,569.0,8.0,72.0,56.0,5.0,16.0,35.0,13.0,444.0,177.0,34.0,72.0,11.0,0.0
140,La Liga,2025,546,Getafe,394573,Adrian Liso,Adrian,Liso Lahoz,20.0,Spain,182,70,https://media.api-sports.io/football/players/394573.png,Attacker,28.0,21.0,1723.0,6.58,3.0,0.0,16.0,10.0,273.0,4.0,69.0,29.0,2.0,4.0,47.0,15.0,315.0,122.0,43.0,39.0,4.0,0.0
140,La Liga,2025,546,Getafe,403554,Christantus Uche,Christantus Ugonna,Uche,22.0,Spain,190,84,https://media.api-sports.io/football/players/403554.png,Attacker,3.0,3.0,270.0,7.17,1.0,1.0,4.0,1.0,43.0,4.0,62.0,2.0,,,16.0,7.0,59.0,25.0,8.0,10.0,1.0,0.0
140,La Liga,2025,546,Getafe,439617,Z. Tassounte,Ismael,Bekhoucha Lemlal,21.0,Morocco,176,69,https://media.api-sports.io/football/players/439617.png,Defender,4.0,1.0,120.0,6.7,0.0,1.0,,,19.0,1.0,63.0,6.0,,2.0,3.0,2.0,27.0,11.0,3.0,7.0,2.0,0.0
140,La Liga,2025,546,Getafe,471478,Davinchi,David,Cordón Mancha,18.0,Spain,182,,https://media.api-sports.io/football/players/471478.png,Defender,14.0,7.0,698.0,6.35,0.0,0.0,3.0,2.0,212.0,3.0,58.0,26.0,1.0,6.0,19.0,10.0,106.0,47.0,2.0,27.0,2.0,0.0
140,La Liga,2025,546,Getafe,551460,A. R. Alcantara,,,20.0,,,,https://media.api-sports.io/football/players/551460.png,Midfielder,0.0,0.0,,,0.0,0.0,,,,,,,,,,,,,,,0.0,0.0
140,La Liga,2025,543,Real Betis,1557,Pau López,Pau,López Sabata,31.0,Spain,189,77,https://media.api-sports.io/football/players/1557.png,Goalkeeper,9.0,9.0,810.0,7.12,0.0,0.0,,,244.0,,76.0,1.0,,,,,6.0,5.0,2.0,,1.0,0.0
140,La Liga,2025,797,Elche,8746,Bambo Diaby,Bambo,Diaby Diaby,28.0,Spain,186,81,https://media.api-sports.io/football/players/8746.png,Defender,4.0,1.0,107.0,6.18,0.0,0.0,,,62.0,,95.0,,,1.0,,,15.0,5.0,3.0,3.0,1.0,0.0
140,La Liga,2025,797,Elche,46711,Aleix Febas,Aleix,Febas Pérez,29.0,Spain,171,61,https://media.api-sports.io/football/players/46711.png,Midfielder,36.0,36.0,3166.0,7.16,2.0,2.0,14.0,8.0,1959.0,27.0,89.0,77.0,4.0,27.0,92.0,54.0,414.0,254.0,117.0,34.0,10.0,0.0
140,La Liga,2025,797,Elche,46771,Jairo Izquierdo,Jairo,Izquierdo González,32.0,Spain,165,64,https://media.api-sports.io/football/players/46771.png,Defender,1.0,0.0,25.0,6.7,0.0,0.0,,,13.0,,84.0,,,,,,1.0,,,,0.0,0.0
140,La Liga,2025,797,Elche,47378,Bigas,Pedro,Bigas Rigo,35.0,Spain,181,83,https://media.api-sports.io/football/players/47378.png,Defender,28.0,25.0,2068.0,6.9,1.0,3.0,8.0,3.0,1503.0,15.0,88.0,34.0,19.0,30.0,8.0,4.0,181.0,106.0,19.0,24.0,4.0,0.0
140,La Liga,2025,797,Elche,119223,Mourad,Mourad,Daoudi El Ghezouani,27.0,Spain,189,85,https://media.api-sports.io/football/players/119223.png,Attacker,2.0,0.0,50.0,6.65,0.0,0.0,,,15.0,1.0,73.0,4.0,,,,,9.0,7.0,1.0,1.0,0.0,0.0
140,La Liga,2025,797,Elche,126640,D. Affengruber,David,Affengruber,24.0,Austria,185,79,https://media.api-sports.io/football/players/126640.png,Defender,36.0,33.0,2953.0,6.93,1.0,1.0,13.0,4.0,2074.0,8.0,87.0,74.0,26.0,51.0,17.0,12.0,290.0,185.0,35.0,34.0,7.0,1.0
140,La Liga,2025,797,Elche,157146,L. Pétrot,Léo,Pétrot,28.0,France,188,80,https://media.api-sports.io/football/players/157146.png,Defender,32.0,18.0,1615.0,6.65,0.0,0.0,4.0,,950.0,2.0,86.0,37.0,15.0,15.0,7.0,3.0,134.0,80.0,6.0,19.0,2.0,1.0
140,La Liga,2025,797,Elche,161963,Germán Valera,Germán,Valera Karabinaite,23.0,Spain,170,68,https://media.api-sports.io/football/players/161963.png,Attacker,36.0,33.0,2874.0,6.95,4.0,5.0,21.0,8.0,1153.0,46.0,87.0,55.0,8.0,23.0,79.0,38.0,313.0,176.0,71.0,40.0,4.0,1.0
140,La Liga,2025,797,Elche,162058,Víctor Chust,Víctor,Chust García,25.0,Spain,182,77,https://media.api-sports.io/football/players/162058.png,Defender,31.0,22.0,2165.0,6.89,1.0,0.0,9.0,3.0,1519.0,5.0,90.0,63.0,18.0,20.0,12.0,8.0,210.0,110.0,10.0,38.0,8.0,0.0
140,La Liga,2025,797,Elche,187318,Marc Aguado,Marc,Aguado Pallares,25.0,Spain,178,68,https://media.api-sports.io/football/players/187318.png,Midfielder,35.0,30.0,2522.0,6.8,1.0,2.0,2.0,2.0,1325.0,11.0,90.0,48.0,21.0,43.0,1.0,,137.0,79.0,23.0,25.0,3.0,0.0
140,La Liga,2025,797,Elche,189866,John Nwankwo,John Chetauya,Nwankwo Donald Okeh,25.0,Spain,182,78,https://media.api-sports.io/football/players/189866.png,Defender,21.0,6.0,683.0,6.58,1.0,0.0,5.0,2.0,291.0,1.0,88.0,16.0,1.0,7.0,6.0,2.0,80.0,38.0,6.0,18.0,3.0,0.0
140,La Liga,2025,797,Elche,271580,Martim Neto,Martim,Carvalho Neto,22.0,Portugal,185,82,https://media.api-sports.io/football/players/271580.png,Midfielder,25.0,15.0,1353.0,6.82,2.0,5.0,10.0,4.0,606.0,26.0,87.0,21.0,1.0,2.0,31.0,21.0,121.0,58.0,11.0,19.0,3.0,0.0
140,La Liga,2025,797,Elche,311345,F. Redondo,Federico,Redondo Solari,22.0,Argentina,188,78,https://media.api-sports.io/football/players/311345.png,Midfielder,11.0,1.0,217.0,6.62,0.0,0.0,1.0,,134.0,1.0,88.0,6.0,,5.0,2.0,,26.0,13.0,5.0,8.0,0.0,0.0
140,La Liga,2025,797,Elche,315604,Alejandro Iturbe,Alejandro,Iturbe Encabo,22.0,Spain,186,74,https://media.api-sports.io/football/players/315604.png,Goalkeeper,0.0,0.0,,,0.0,0.0,,,,,,,,,,,,,,,0.0,0.0
140,La Liga,2025,797,Elche,341371,Rodrigo Mendoza,Rodrigo,Mendoza Martinez Moya,20.0,Spain,182,72,https://media.api-sports.io/football/players/341371.png,Attacker,16.0,6.0,790.0,6.64,1.0,0.0,6.0,2.0,402.0,10.0,85.0,12.0,,4.0,28.0,14.0,111.0,44.0,16.0,19.0,4.0,0.0
140,La Liga,2025,530,Atletico Madrid,341371,Rodrigo Mendoza,Rodrigo,Mendoza Martinez Moya,20.0,Spain,182,72,https://media.api-sports.io/football/players/341371.png,Midfielder,8.0,8.0,441.0,6.5,0.0,1.0,4.0,2.0,240.0,5.0,85.0,4.0,2.0,,7.0,4.0,50.0,20.0,7.0,11.0,2.0,0.0
140,La Liga,2025,797,Elche,343202,Á. Rodríguez,Álvaro Daniel,Rodríguez Muñoz,21.0,Uruguay,192,81,https://media.api-sports.io/football/players/343202.png,Attacker,34.0,24.0,2200.0,6.94,7.0,5.0,64.0,24.0,535.0,33.0,64.0,24.0,1.0,3.0,79.0,38.0,472.0,242.0,49.0,36.0,2.0,0.0
140,La Liga,2025,797,Elche,448243,Ali Houary,Ali,Houary Jeddoub,20.0,Morocco,178,74,https://media.api-sports.io/football/players/448243.png,Midfielder,2.0,2.0,125.0,6.4,0.0,0.0,1.0,,53.0,,88.0,4.0,,1.0,3.0,1.0,22.0,7.0,2.0,7.0,0.0,0.0
140,La Liga,2025,797,Elche,497515,A. Niculăesei,Albert Constantin,Niculăesei Plesca,17.0,Romania,186,76,https://media.api-sports.io/football/players/497515.png,Defender,0.0,0.0,,,0.0,0.0,,,,,,,,,,,,,,,0.0,0.0
140,La Liga,2025,797,Elche,508284,Antonio Martinez,Antonio,Martinez Bastida,19.0,Spain,,,https://media.api-sports.io/football/players/508284.png,Midfielder,0.0,0.0,,,0.0,0.0,,,,,,,,,,,,,,,0.0,0.0
140,La Liga,2025,543,Real Betis,1561,Marc Bartra,Marc,Bartra Aregall,35.0,Spain,184,70,https://media.api-sports.io/football/players/1561.png,Defender,25.0,21.0,1984.0,6.96,1.0,0.0,14.0,5.0,1164.0,5.0,86.0,45.0,25.0,27.0,8.0,6.0,176.0,106.0,11.0,15.0,3.0,0.0
140,La Liga,2025,543,Real Betis,1564,Junior Firpo,Héctor Junior,Firpo Adames,29.0,Spain,184,78,https://media.api-sports.io/football/players/1564.png,Defender,12.0,10.0,832.0,6.56,0.0,1.0,3.0,,383.0,8.0,84.0,24.0,1.0,10.0,8.0,4.0,85.0,50.0,8.0,11.0,2.0,0.0
140,La Liga,2025,543,Real Betis,1578,G. Lo Celso,Giovani,Lo Celso,29.0,Argentina,177,68,https://media.api-sports.io/football/players/1578.png,Midfielder,24.0,15.0,1396.0,7.01,2.0,3.0,20.0,11.0,865.0,33.0,87.0,19.0,,6.0,33.0,16.0,153.0,87.0,42.0,9.0,4.0,0.0
140,La Liga,2025,543,Real Betis,1631,R. Rodríguez,Ricardo Iván,Rodríguez Araya,33.0,Switzerland,182,83,https://media.api-sports.io/football/players/1631.png,Defender,23.0,18.0,1561.0,6.67,0.0,1.0,2.0,,635.0,7.0,84.0,24.0,3.0,8.0,2.0,1.0,89.0,46.0,5.0,11.0,0.0,0.0
140,La Liga,2025,543,Real Betis,1697,Pablo Fornals,Pablo,Fornals Malla,29.0,Spain,178,67,https://media.api-sports.io/football/players/1697.png,Midfielder,37.0,34.0,2865.0,7.13,9.0,6.0,28.0,18.0,1798.0,86.0,86.0,40.0,3.0,34.0,47.0,25.0,266.0,105.0,26.0,32.0,2.0,0.0
140,La Liga,2025,540,Espanyol,2813,M. Dmitrović,Marko,Dmitrović,33.0,Serbia,194,91,https://media.api-sports.io/football/players/2813.png,Goalkeeper,37.0,37.0,3330.0,7.15,0.0,0.0,,,988.0,1.0,54.0,3.0,,,,,17.0,15.0,5.0,,0.0,0.0
140,La Liga,2025,543,Real Betis,3033,C. Bakambu,Cédric,Bakambu,34.0,Congo DR,182,73,https://media.api-sports.io/football/players/3033.png,Attacker,18.0,5.0,593.0,6.65,3.0,1.0,19.0,9.0,88.0,4.0,76.0,2.0,,2.0,4.0,1.0,60.0,21.0,9.0,11.0,1.0,0.0
140,La Liga,2025,543,Real Betis,18812,Adrián,Adrián,San Miguel del Castillo,38.0,Spain,190,80,https://media.api-sports.io/football/players/18812.png,Goalkeeper,1.0,1.0,90.0,8.2,0.0,0.0,,,32.0,,81.0,,,,,,,,,,0.0,0.0
140,La Liga,2025,543,Real Betis,46990,Álvaro Vallés,Álvaro,Vallés Rosa,28.0,Spain,190,78,https://media.api-sports.io/football/players/46990.png,Goalkeeper,28.0,28.0,2520.0,7,0.0,0.0,,,860.0,,71.0,,,1.0,1.0,1.0,15.0,11.0,4.0,,1.0,0.0
140,La Liga,2025,543,Real Betis,47119,Aitor Ruibal,Aitor,Ruibal García,29.0,Spain,176,74,https://media.api-sports.io/football/players/47119.png,Midfielder,27.0,20.0,1814.0,6.84,4.0,2.0,22.0,12.0,698.0,19.0,82.0,45.0,3.0,20.0,31.0,14.0,194.0,90.0,25.0,32.0,5.0,0.0
140,La Liga,2025,543,Real Betis,47579,E. Ávila,Luis Ezequiel,Ávila,31.0,Argentina,172,81,https://media.api-sports.io/football/players/47579.png,Attacker,16.0,3.0,394.0,6.58,1.0,0.0,4.0,2.0,107.0,9.0,71.0,4.0,,5.0,2.0,,45.0,20.0,8.0,6.0,4.0,0.0
140,La Liga,2025,543,Real Betis,47582,C. Hernández,Juan Camilo,Hernández Suárez,26.0,Colombia,175,73,https://media.api-sports.io/football/players/47582.png,Attacker,32.0,30.0,2592.0,6.89,11.0,3.0,67.0,27.0,657.0,34.0,71.0,28.0,2.0,9.0,50.0,27.0,291.0,130.0,38.0,22.0,5.0,0.0
140,La Liga,2025,543,Real Betis,128985,Iker Losada,Iker,Losada Aragunde,24.0,Spain,175,70,https://media.api-sports.io/football/players/128985.png,Midfielder,0.0,0.0,,,0.0,0.0,,,,,,,,,,,,,,,0.0,0.0
140,La Liga,2025,539,Levante,128985,Iker Losada,Iker,Losada Aragunde,24.0,Spain,175,70,https://media.api-sports.io/football/players/128985.png,Attacker,23.0,10.0,909.0,6.6,3.0,1.0,11.0,4.0,228.0,11.0,71.0,13.0,2.0,11.0,15.0,6.0,70.0,29.0,7.0,6.0,1.0,0.0
140,La Liga,2025,543,Real Betis,136117,Rodrigo Riquelme,Rodrigo,Riquelme Reche,25.0,Spain,173,66,https://media.api-sports.io/football/players/136117.png,Midfielder,25.0,7.0,838.0,6.6,1.0,1.0,16.0,7.0,307.0,14.0,83.0,16.0,,5.0,39.0,11.0,117.0,42.0,11.0,8.0,2.0,0.0
140,La Liga,2025,543,Real Betis,195100,Natan,Natan,Bernardo de Souza,24.0,Brazil,188,92,https://media.api-sports.io/football/players/195100.png,Defender,33.0,32.0,2810.0,6.71,0.0,0.0,7.0,1.0,1432.0,7.0,88.0,31.0,23.0,37.0,4.0,3.0,210.0,110.0,11.0,28.0,8.0,0.0
140,La Liga,2025,543,Real Betis,334574,Ángel Ortiz,Ángel,Ortiz Monterrey,21.0,Spain,167,60,https://media.api-sports.io/football/players/334574.png,Attacker,13.0,7.0,582.0,6.66,0.0,0.0,,,250.0,6.0,83.0,27.0,4.0,3.0,18.0,8.0,82.0,45.0,9.0,9.0,1.0,0.0
140,La Liga,2025,543,Real Betis,351131,Dani Pérez,Daniel,Pérez Guerrero,20.0,Spain,173,64,https://media.api-sports.io/football/players/351131.png,Midfielder,1.0,0.0,1.0,,0.0,0.0,,,1.0,,100.0,,,,2.0,1.0,3.0,2.0,1.0,,0.0,0.0
140,La Liga,2025,543,Real Betis,355004,V. Gómez,Diego Valentín,Gómez,22.0,Argentina,180,76,https://media.api-sports.io/football/players/355004.png,Defender,28.0,19.0,1881.0,6.75,1.0,0.0,11.0,5.0,959.0,10.0,85.0,45.0,13.0,24.0,14.0,13.0,195.0,110.0,11.0,26.0,5.0,0.0
140,La Liga,2025,543,Real Betis,443163,Pablo García,Pablo,García Fernández,19.0,Spain,175,67,https://media.api-sports.io/football/players/443163.png,Attacker,15.0,2.0,389.0,6.44,0.0,0.0,11.0,4.0,96.0,2.0,81.0,10.0,,4.0,17.0,5.0,59.0,24.0,9.0,5.0,1.0,0.0
140,La Liga,2025,543,Real Betis,477231,E. Mensah,Emmanuel Mawuli,Mensah,18.0,Germany,188,,https://media.api-sports.io/football/players/477231.png,Midfielder,0.0,0.0,,,0.0,0.0,,,,,,,,,,,,,,,0.0,0.0
140,La Liga,2025,540,Espanyol,46734,Pablo Ramón,Pablo,Ramón Parra,24.0,Spain,186,76,https://media.api-sports.io/football/players/46734.png,Defender,0.0,0.0,,,0.0,0.0,,,,,,,,,,,,,,,0.0,0.0
140,La Liga,2025,540,Espanyol,46799,Edu Expósito,Eduardo,Expósito Jaén,29.0,Spain,178,68,https://media.api-sports.io/football/players/46799.png,Midfielder,36.0,32.0,2542.0,7.06,1.0,6.0,32.0,13.0,1015.0,83.0,76.0,54.0,2.0,23.0,45.0,34.0,272.0,148.0,43.0,28.0,9.0,0.0
140,La Liga,2025,540,Espanyol,47249,L. Cabrera,Leandro Daniel,Cabrera Sasía,34.0,Uruguay,190,80,https://media.api-sports.io/football/players/47249.png,Defender,37.0,37.0,3330.0,6.78,3.0,0.0,28.0,12.0,1513.0,11.0,80.0,36.0,28.0,26.0,8.0,6.0,272.0,156.0,9.0,37.0,4.0,0.0
140,La Liga,2025,540,Espanyol,47256,Miguel Rubio,Miguel Ángel,Rubio Lestan,27.0,Spain,191,86,https://media.api-sports.io/football/players/47256.png,Defender,12.0,1.0,226.0,6.83,1.0,0.0,2.0,1.0,73.0,,76.0,4.0,5.0,1.0,1.0,1.0,29.0,20.0,1.0,1.0,0.0,0.0
140,La Liga,2025,540,Espanyol,47349,Javi Puado,Javier,Puado Díaz,27.0,Spain,177,69,https://media.api-sports.io/football/players/47349.png,Midfielder,10.0,8.0,678.0,6.53,2.0,0.0,15.0,9.0,199.0,10.0,83.0,4.0,1.0,3.0,14.0,5.0,56.0,17.0,6.0,11.0,2.0,0.0
140,La Liga,2025,540,Espanyol,47396,Kike García,Enrique,García Martínez,36.0,Spain,186,79,https://media.api-sports.io/football/players/47396.png,Attacker,37.0,17.0,1749.0,6.66,8.0,1.0,50.0,27.0,388.0,20.0,64.0,13.0,1.0,6.0,23.0,8.0,317.0,152.0,44.0,33.0,3.0,0.0
140,La Liga,2025,540,Espanyol,47398,Pere Milla,Pere,Milla Peña,33.0,Spain,184,72,https://media.api-sports.io/football/players/47398.png,Midfielder,33.0,24.0,1989.0,6.72,7.0,1.0,48.0,21.0,535.0,34.0,71.0,37.0,3.0,18.0,24.0,11.0,240.0,106.0,38.0,24.0,6.0,1.0
140,La Liga,2025,540,Espanyol,47478,Fernando Calero,Fernando,Calero Villa,30.0,Spain,183,71,https://media.api-sports.io/football/players/47478.png,Defender,28.0,24.0,2150.0,6.87,0.0,0.0,11.0,1.0,1222.0,3.0,88.0,29.0,31.0,29.0,7.0,2.0,150.0,76.0,9.0,15.0,5.0,0.0
140,La Liga,2025,540,Espanyol,127426,Pol Lozano,Pol,Lozano Vizuete,26.0,Spain,177,62,https://media.api-sports.io/football/players/127426.png,Midfielder,33.0,28.0,2182.0,6.66,2.0,1.0,9.0,5.0,945.0,23.0,87.0,38.0,6.0,22.0,11.0,3.0,215.0,82.0,30.0,64.0,11.0,0.0
140,La Liga,2025,540,Espanyol,162585,Pol Tristán,Pol,Tristán Jiménez,23.0,Spain,188,73,https://media.api-sports.io/football/players/162585.png,Goalkeeper,0.0,0.0,,,0.0,0.0,,,,,,,,,,,,,,,0.0,0.0
140,La Liga,2025,540,Espanyol,182674,Jofre Carreras,Jofre,Carreras Pagès,24.0,Spain,175,68,https://media.api-sports.io/football/players/182674.png,Midfielder,26.0,9.0,921.0,6.58,1.0,0.0,15.0,7.0,216.0,15.0,75.0,9.0,,6.0,43.0,16.0,117.0,55.0,27.0,13.0,1.0,0.0
140,La Liga,2025,540,Espanyol,182735,Ángel Fortuño,Ángel,Fortuño Viñas,24.0,Spain,183,77,https://media.api-sports.io/football/players/182735.png,Goalkeeper,1.0,1.0,90.0,7.9,0.0,0.0,,,23.0,,91.0,,,,,,2.0,2.0,,,0.0,0.0
140,La Liga,2025,540,Espanyol,184407,José Salinas,José,Salinas Morán,25.0,Spain,179,69,https://media.api-sports.io/football/players/184407.png,Defender,11.0,2.0,268.0,6.39,0.0,0.0,,,112.0,5.0,83.0,2.0,2.0,3.0,4.0,3.0,30.0,12.0,4.0,8.0,2.0,0.0
140,La Liga,2025,540,Espanyol,199824,Rubén Sánchez,Rubén,Sánchez Sáez,24.0,Spain,185,73,https://media.api-sports.io/football/players/199824.png,Defender,21.0,8.0,830.0,6.7,0.0,1.0,8.0,1.0,324.0,9.0,75.0,12.0,6.0,10.0,26.0,15.0,102.0,51.0,12.0,11.0,2.0,0.0
140,La Liga,2025,540,Espanyol,273732,T. Dolan,Tyrhys,Dolan,24.0,England,170,,https://media.api-sports.io/football/players/273732.png,Attacker,36.0,28.0,2431.0,6.78,2.0,5.0,22.0,12.0,555.0,32.0,83.0,57.0,2.0,17.0,85.0,35.0,307.0,148.0,46.0,37.0,6.0,0.0
140,La Liga,2025,540,Espanyol,286601,O. El Hilali,Omar,El Hilali,22.0,Morocco,183,75,https://media.api-sports.io/football/players/286601.png,Defender,36.0,32.0,2828.0,6.73,0.0,2.0,1.0,,1242.0,17.0,80.0,73.0,15.0,40.0,10.0,7.0,238.0,131.0,24.0,44.0,9.0,0.0
140,La Liga,2025,540,Espanyol,297742,Antoniu Roca,Antoniu,Roca Vives,23.0,Spain,180,65,https://media.api-sports.io/football/players/297742.png,Attacker,13.0,3.0,298.0,6.45,0.0,0.0,2.0,1.0,56.0,4.0,69.0,7.0,,2.0,20.0,10.0,63.0,27.0,8.0,10.0,2.0,0.0
140,La Liga,2025,540,Espanyol,312990,Roberto Fernández,Roberto,Fernández Jaén,23.0,Spain,186,78,https://media.api-sports.io/football/players/312990.png,Attacker,38.0,25.0,2387.0,6.62,7.0,3.0,46.0,23.0,364.0,18.0,69.0,12.0,5.0,6.0,23.0,9.0,336.0,121.0,46.0,40.0,3.0,0.0
140,La Liga,2025,540,Espanyol,438284,Rafel Bauzà,Rafel,Bauzà Sureda,20.0,Spain,183,74,https://media.api-sports.io/football/players/438284.png,Midfielder,0.0,0.0,,,0.0,0.0,,,,,,,,,,,,,,,0.0,0.0
140,La Liga,2025,540,Espanyol,450716,Roger Hinojo,Roger,Hinojo Estrada,20.0,Spain,180,70,https://media.api-sports.io/football/players/450716.png,Defender,0.0,0.0,,,0.0,0.0,,,,,,,,,,,,,,,0.0,0.0
140,La Liga,2025,530,Atletico Madrid,29,J. Oblak,Jan,Oblak,32.0,Slovenia,188,87,https://media.api-sports.io/football/players/29.png,Goalkeeper,30.0,30.0,2700.0,7.09,0.0,0.0,,,885.0,,73.0,,,,,,10.0,7.0,4.0,,0.0,0.0
140,La Liga,2025,530,Atletico Madrid,50,Koke,Jorge,Resurrección Merodio,33.0,Spain,176,77,https://media.api-sports.io/football/players/50.png,Midfielder,34.0,24.0,2237.0,7.14,2.0,2.0,9.0,4.0,1909.0,35.0,91.0,50.0,7.0,18.0,9.0,3.0,179.0,88.0,22.0,21.0,6.0,0.0
140,La Liga,2025,530,Atletico Madrid,56,A. Griezmann,Antoine,Griezmann,34.0,France,176,73,https://media.api-sports.io/football/players/56.png,Attacker,34.0,13.0,1477.0,6.89,7.0,4.0,45.0,25.0,731.0,32.0,82.0,14.0,2.0,8.0,26.0,9.0,105.0,44.0,10.0,4.0,1.0,0.0
140,La Liga,2025,530,Atletico Madrid,753,Marcos Llorente,Marcos,Llorente Moreno,30.0,Spain,183,74,https://media.api-sports.io/football/players/753.png,Defender,29.0,25.0,2185.0,6.93,0.0,4.0,11.0,6.0,1433.0,20.0,89.0,59.0,2.0,12.0,24.0,13.0,174.0,93.0,11.0,28.0,6.0,0.0
140,La Liga,2025,530,Atletico Madrid,2465,J. Musso,Juan Agustín,Musso,31.0,Argentina,193,93,https://media.api-sports.io/football/players/2465.png,Goalkeeper,8.0,8.0,721.0,6.84,0.0,0.0,,,218.0,,77.0,,,,,,7.0,6.0,3.0,1.0,2.0,0.0
140,La Liga,2025,530,Atletico Madrid,6009,J. Álvarez,Julián,Álvarez,25.0,Argentina,170,71,https://media.api-sports.io/football/players/6009.png,Attacker,29.0,22.0,1902.0,6.97,8.0,4.0,44.0,26.0,689.0,47.0,83.0,21.0,,3.0,52.0,25.0,174.0,69.0,18.0,14.0,2.0,0.0
140,La Liga,2025,530,Atletico Madrid,6067,T. Almada,Thiago Ezequiel,Almada,24.0,Argentina,171,63,https://media.api-sports.io/football/players/6067.png,Midfielder,27.0,16.0,1312.0,6.83,3.0,1.0,17.0,10.0,688.0,28.0,86.0,29.0,2.0,9.0,38.0,21.0,154.0,71.0,16.0,13.0,2.0,1.0
140,La Liga,2025,530,Atletico Madrid,8492,A. Sørloth,Alexander,Sørloth,30.0,Norway,196,90,https://media.api-sports.io/football/players/8492.png,Attacker,35.0,20.0,1982.0,6.81,13.0,0.0,55.0,35.0,424.0,10.0,67.0,14.0,2.0,,28.0,11.0,283.0,135.0,16.0,30.0,4.0,1.0
140,La Liga,2025,530,Atletico Madrid,30399,D. Hancko,Dávid,Hancko,28.0,Slovakia,188,82,https://media.api-sports.io/football/players/30399.png,Defender,30.0,27.0,2434.0,6.81,0.0,2.0,18.0,5.0,1448.0,13.0,87.0,43.0,11.0,19.0,15.0,8.0,179.0,97.0,4.0,15.0,2.0,0.0
140,La Liga,2025,530,Atletico Madrid,30543,G. Raspadori,Giacomo,Raspadori,25.0,Italy,172,69,https://media.api-sports.io/football/players/30543.png,Attacker,12.0,1.0,251.0,6.44,0.0,1.0,6.0,3.0,91.0,4.0,79.0,2.0,,,4.0,1.0,31.0,13.0,7.0,3.0,1.0,0.0
140,La Liga,2025,530,Atletico Madrid,47301,Robin Le Normand,Robin Aime Robert,Le Normand,29.0,Spain,187,80,https://media.api-sports.io/football/players/47301.png,Defender,28.0,17.0,1789.0,6.84,1.0,1.0,4.0,1.0,1047.0,2.0,89.0,35.0,7.0,20.0,4.0,1.0,158.0,99.0,14.0,22.0,5.0,0.0
140,La Liga,2025,530,Atletico Madrid,47566,Javi Galán,Javier,Galán Gil,31.0,Spain,170,70,https://media.api-sports.io/football/players/47566.png,Defender,5.0,1.0,147.0,6.52,0.0,0.0,,,55.0,2.0,81.0,2.0,,1.0,4.0,2.0,19.0,10.0,3.0,2.0,0.0,0.0
140,La Liga,2025,727,Osasuna,47566,Javi Galán,Javier,Galán Gil,31.0,Spain,170,70,https://media.api-sports.io/football/players/47566.png,Defender,20.0,19.0,1674.0,6.87,0.0,1.0,5.0,1.0,851.0,27.0,84.0,46.0,5.0,28.0,57.0,35.0,222.0,128.0,37.0,30.0,3.0,0.0
140,La Liga,2025,530,Atletico Madrid,67972,C. Gallagher,Conor John,Gallagher,25.0,England,183,77,https://media.api-sports.io/football/players/67972.png,Midfielder,19.0,4.0,666.0,6.61,2.0,0.0,12.0,5.0,359.0,4.0,90.0,17.0,3.0,11.0,16.0,3.0,94.0,39.0,9.0,18.0,2.0,0.0
140,La Liga,2025,530,Atletico Madrid,133185,J. Cardoso,João Lucas,de Souza Cardoso,24.0,USA,186,78,https://media.api-sports.io/football/players/133185.png,Midfielder,15.0,12.0,892.0,6.84,0.0,0.0,1.0,,499.0,3.0,88.0,38.0,6.0,16.0,10.0,5.0,138.0,69.0,14.0,23.0,5.0,0.0
140,La Liga,2025,530,Atletico Madrid,162012,M. Ruggeri,Matteo,Ruggeri,23.0,Italy,187,69,https://media.api-sports.io/football/players/162012.png,Defender,26.0,20.0,1776.0,6.76,0.0,3.0,4.0,2.0,891.0,26.0,86.0,36.0,3.0,20.0,18.0,5.0,156.0,69.0,2.0,28.0,4.0,0.0
140,La Liga,2025,530,Atletico Madrid,182219,Álex Baena,Alejandro,Baena Rodríguez,24.0,Spain,175,70,https://media.api-sports.io/football/players/182219.png,Midfielder,27.0,21.0,1572.0,6.95,2.0,3.0,22.0,7.0,727.0,46.0,81.0,18.0,4.0,16.0,37.0,12.0,169.0,64.0,29.0,26.0,5.0,0.0
140,La Liga,2025,530,Atletico Madrid,295793,Marc Pubill,Marc,Pubill Pagès,22.0,Spain,190,86,https://media.api-sports.io/football/players/295793.png,Defender,19.0,15.0,1382.0,7.11,1.0,1.0,10.0,4.0,914.0,3.0,88.0,25.0,15.0,20.0,5.0,4.0,143.0,102.0,14.0,16.0,2.0,0.0
140,La Liga,2025,530,Atletico Madrid,323935,G. Simeone,Giuliano,Simeone Baldini,23.0,Argentina,174,75,https://media.api-sports.io/football/players/323935.png,Midfielder,31.0,25.0,2109.0,6.93,4.0,6.0,30.0,14.0,946.0,31.0,81.0,44.0,3.0,18.0,65.0,29.0,279.0,139.0,40.0,21.0,2.0,0.0
140,La Liga,2025,530,Atletico Madrid,336594,Pablo Barrios,Pablo,Barrios Rivas,22.0,Spain,183,75,https://media.api-sports.io/football/players/336594.png,Midfielder,23.0,20.0,1666.0,7.03,1.0,1.0,13.0,6.0,1052.0,20.0,88.0,30.0,2.0,27.0,54.0,33.0,189.0,104.0,23.0,12.0,0.0,0.0
140,La Liga,2025,530,Atletico Madrid,393198,Salvador Esquivel,Salvador,Esquivel Gámez,20.0,Spain,190,85,https://media.api-sports.io/football/players/393198.png,Goalkeeper,0.0,0.0,,,0.0,0.0,,,,,,,,,,,,,,,0.0,0.0
140,La Liga,2025,547,Girona,45,T. Lemar,Thomas Benoît,Lemar,30.0,France,171,63,https://media.api-sports.io/football/players/45.png,Midfielder,27.0,14.0,1273.0,6.73,3.0,1.0,11.0,8.0,658.0,20.0,88.0,27.0,2.0,5.0,34.0,20.0,153.0,69.0,20.0,19.0,4.0,0.0
140,La Liga,2025,547,Girona,158,P. Gazzaniga,Paulo Dino,Gazzaniga Farias,33.0,Argentina,195,90,https://media.api-sports.io/football/players/158.png,Goalkeeper,35.0,35.0,3103.0,7.05,0.0,0.0,,,1138.0,,67.0,1.0,,,1.0,,15.0,12.0,5.0,1.0,4.0,1.0
140,La Liga,2025,547,Girona,531,D. Blind,Daley,Blind,35.0,Netherlands,180,72,https://media.api-sports.io/football/players/531.png,Defender,31.0,30.0,2610.0,6.95,0.0,0.0,2.0,1.0,2107.0,11.0,89.0,55.0,20.0,39.0,15.0,12.0,204.0,120.0,20.0,19.0,1.0,0.0
140,La Liga,2025,547,Girona,2182,V. Tsygankov,Viktor,Tsygankov,28.0,Ukraine,178,73,https://media.api-sports.io/football/players/2182.png,Attacker,32.0,31.0,2641.0,6.85,6.0,5.0,39.0,21.0,1003.0,56.0,82.0,31.0,4.0,20.0,54.0,26.0,251.0,123.0,35.0,22.0,3.0,0.0
140,La Liga,2025,547,Girona,2449,Y. Herrera,Yangel Clemente,Herrera Ravelo,27.0,Venezuela,184,78,https://media.api-sports.io/football/players/2449.png,Midfielder,2.0,2.0,112.0,6.45,0.0,0.0,1.0,,43.0,,76.0,2.0,,1.0,2.0,1.0,15.0,8.0,3.0,1.0,0.0,0.0
140,La Liga,2025,548,Real Sociedad,2449,Y. Herrera,Yangel Clemente,Herrera Ravelo,27.0,Venezuela,184,78,https://media.api-sports.io/football/players/2449.png,Midfielder,12.0,6.0,530.0,6.7,0.0,0.0,3.0,1.0,237.0,2.0,79.0,10.0,5.0,1.0,7.0,4.0,98.0,55.0,18.0,13.0,2.0,0.0
140,La Liga,2025,530,Atletico Madrid,6503,N. Molina,Nahuel,Molina Lucero,27.0,Argentina,179,70,https://media.api-sports.io/football/players/6503.png,Defender,26.0,13.0,1332.0,6.79,2.0,2.0,11.0,4.0,699.0,21.0,80.0,40.0,5.0,13.0,27.0,15.0,136.0,67.0,5.0,14.0,4.0,0.0
140,La Liga,2025,547,Girona,47153,Juan Carlos,Juan Carlos,Martín Corral,37.0,Spain,186,85,https://media.api-sports.io/football/players/47153.png,Goalkeeper,0.0,0.0,,,0.0,0.0,,,,,,,,,,,,,,,0.0,0.0
140,La Liga,2025,547,Girona,47334,David López,David,López Silva,36.0,Spain,185,81,https://media.api-sports.io/football/players/47334.png,Defender,6.0,3.0,293.0,6.48,0.0,0.0,1.0,1.0,226.0,,87.0,4.0,1.0,,1.0,1.0,21.0,12.0,2.0,2.0,0.0,0.0
140,La Liga,2025,547,Girona,47520,Portu,Cristian,Portugués Manzanera,33.0,Spain,167,66,https://media.api-sports.io/football/players/47520.png,Attacker,10.0,4.0,473.0,6.56,0.0,0.0,6.0,5.0,78.0,3.0,71.0,4.0,1.0,2.0,3.0,,37.0,12.0,4.0,6.0,1.0,0.0
140,La Liga,2025,547,Girona,66407,L. Krejčí,Ladislav,Krejčí,26.0,Czechia,191,87,https://media.api-sports.io/football/players/66407.png,Defender,2.0,2.0,180.0,5.6,0.0,0.0,1.0,,104.0,,88.0,2.0,1.0,1.0,,,11.0,5.0,,2.0,1.0,0.0
140,La Liga,2025,547,Girona,109564,B. Miovski,Bojan,Miovski,26.0,North Macedonia,189,76,https://media.api-sports.io/football/players/109564.png,Attacker,1.0,1.0,44.0,6.5,0.0,0.0,,,3.0,,66.0,,,,1.0,,1.0,,,,0.0,0.0
140,La Liga,2025,547,Girona,162434,Alejandro Francés,Alejandro,Francés Torrijo,23.0,Spain,181,70,https://media.api-sports.io/football/players/162434.png,Defender,24.0,11.0,1121.0,6.9,0.0,2.0,9.0,4.0,731.0,10.0,83.0,25.0,6.0,15.0,11.0,7.0,104.0,69.0,23.0,15.0,2.0,1.0
140,La Liga,2025,547,Girona,281795,Y. Asprilla,Yáser Esnéider,Asprilla Martínez,22.0,Colombia,185,75,https://media.api-sports.io/football/players/281795.png,Attacker,15.0,6.0,605.0,6.71,0.0,0.0,10.0,5.0,151.0,12.0,85.0,8.0,1.0,5.0,22.0,13.0,68.0,31.0,8.0,11.0,0.0,0.0
140,La Liga,2025,547,Girona,283668,Arnau Martínez,Arnau,Martínez López,22.0,Spain,182,72,https://media.api-sports.io/football/players/283668.png,Defender,35.0,33.0,2678.0,6.81,2.0,3.0,14.0,4.0,1427.0,24.0,85.0,66.0,13.0,41.0,26.0,13.0,258.0,143.0,30.0,24.0,6.0,0.0
140,La Liga,2025,547,Girona,306727,J. Solis,Jhon Elmer,Solis Romero,21.0,Colombia,189,80,https://media.api-sports.io/football/players/306727.png,Midfielder,12.0,3.0,384.0,6.46,0.0,0.0,3.0,2.0,164.0,1.0,88.0,3.0,1.0,4.0,11.0,3.0,41.0,15.0,7.0,2.0,0.0,0.0
140,La Liga,2025,530,Atletico Madrid,324750,Carlos Martín,Carlos,Martín Domínguez,23.0,Spain,184,73,https://media.api-sports.io/football/players/324750.png,Attacker,0.0,0.0,,,0.0,0.0,,,,,,,,,,,,,,,0.0,0.0
140,La Liga,2025,728,Rayo Vallecano,324750,Carlos Martín,Carlos,Martín Domínguez,23.0,Spain,184,73,https://media.api-sports.io/football/players/324750.png,Midfielder,11.0,7.0,467.0,6.39,0.0,0.0,6.0,4.0,110.0,3.0,82.0,11.0,2.0,,5.0,4.0,65.0,25.0,5.0,11.0,1.0,0.0
140,La Liga,2025,547,Girona,339105,Joel Roca,Joel,Roca Casals,20.0,Spain,176,72,https://media.api-sports.io/football/players/339105.png,Midfielder,32.0,16.0,1482.0,6.71,3.0,1.0,31.0,16.0,381.0,16.0,83.0,23.0,1.0,2.0,89.0,37.0,238.0,110.0,45.0,13.0,4.0,1.0
140,La Liga,2025,547,Girona,414359,Vitor Nunes,Vitor,de Oliveira Nunes dos Reis,19.0,Brazil,186,67,https://media.api-sports.io/football/players/414359.png,Defender,36.0,35.0,3138.0,6.89,1.0,1.0,15.0,4.0,1924.0,9.0,90.0,49.0,40.0,34.0,11.0,8.0,295.0,168.0,24.0,40.0,8.0,1.0
140,La Liga,2025,547,Girona,432476,V. Krapyvtsov,Vladyslav,Krapyvtsov,20.0,Ukraine,188,70,https://media.api-sports.io/football/players/432476.png,Goalkeeper,2.0,1.0,136.0,7.2,0.0,0.0,,,39.0,,64.0,,,,,,1.0,1.0,1.0,,0.0,0.0
140,La Liga,2025,547,Girona,491106,Gibert Jordana,Gibert,Jordana Camara,18.0,Spain,,,https://media.api-sports.io/football/players/491106.png,Defender,0.0,0.0,,,0.0,0.0,,,,,,,,,,,,,,,0.0,0.0
140,La Liga,2025,547,Girona,1700,Iván Martín,Iván,Martín Núñez,26.0,Spain,178,70,https://media.api-sports.io/football/players/1700.png,Midfielder,35.0,29.0,2538.0,6.86,0.0,1.0,9.0,5.0,1407.0,25.0,89.0,61.0,4.0,16.0,49.0,30.0,268.0,143.0,31.0,30.0,4.0,0.0
140,La Liga,2025,728,Rayo Vallecano,1703,A. Rațiu,Andrei Florin,Rațiu,27.0,Romania,183,75,https://media.api-sports.io/football/players/1703.png,Defender,35.0,31.0,2810.0,6.95,0.0,4.0,26.0,9.0,1319.0,43.0,82.0,70.0,7.0,38.0,117.0,63.0,349.0,174.0,21.0,22.0,9.0,0.0
140,La Liga,2025,728,Rayo Vallecano,1847,Luiz Felipe,Luiz Felipe,Ramos Marchi,28.0,Italy,187,80,https://media.api-sports.io/football/players/1847.png,Defender,10.0,7.0,491.0,6.67,0.0,0.0,2.0,1.0,254.0,1.0,90.0,13.0,3.0,8.0,,,38.0,21.0,1.0,5.0,1.0,0.0
140,La Liga,2025,728,Rayo Vallecano,11379,A. Batalla,Augusto Martín,Batalla Barga,29.0,Argentina,186,87,https://media.api-sports.io/football/players/11379.png,Goalkeeper,34.0,34.0,3060.0,7.01,0.0,0.0,,,1258.0,2.0,63.0,1.0,,,6.0,5.0,26.0,18.0,4.0,1.0,6.0,0.0
140,La Liga,2025,728,Rayo Vallecano,18895,F. Lejeune,Florian Grégoire,Claude Lejeune,34.0,France,189,89,https://media.api-sports.io/football/players/18895.png,Defender,36.0,36.0,3231.0,7.08,2.0,1.0,43.0,18.0,2129.0,17.0,87.0,67.0,27.0,48.0,10.0,8.0,284.0,169.0,14.0,47.0,7.0,0.0
140,La Liga,2025,728,Rayo Vallecano,41552,P. Ciss,Pathé Ismaël,Ciss,31.0,Senegal,186,71,https://media.api-sports.io/football/players/41552.png,Midfielder,29.0,20.0,2003.0,7.01,2.0,1.0,18.0,8.0,1192.0,12.0,89.0,53.0,16.0,36.0,13.0,9.0,192.0,107.0,13.0,30.0,9.0,2.0
140,La Liga,2025,728,Rayo Vallecano,46759,A. Espino,Luis Alfonso,Espino García,33.0,Uruguay,172,71,https://media.api-sports.io/football/players/46759.png,Defender,30.0,15.0,1493.0,6.83,2.0,0.0,15.0,9.0,589.0,19.0,71.0,52.0,5.0,15.0,29.0,17.0,213.0,117.0,30.0,24.0,3.0,0.0
140,La Liga,2025,728,Rayo Vallecano,46887,Pedro Díaz,Pedro,Díaz Fanjul,27.0,Spain,180,75,https://media.api-sports.io/football/players/46887.png,Midfielder,34.0,21.0,1881.0,6.53,0.0,1.0,29.0,6.0,768.0,23.0,84.0,38.0,1.0,8.0,30.0,15.0,176.0,79.0,13.0,20.0,3.0,0.0
140,La Liga,2025,728,Rayo Vallecano,47109,Óscar Valentín,Óscar Valentín,Martín Luengo,31.0,Spain,177,72,https://media.api-sports.io/football/players/47109.png,Midfielder,33.0,26.0,2113.0,6.89,1.0,0.0,10.0,4.0,889.0,10.0,88.0,73.0,15.0,28.0,13.0,6.0,250.0,127.0,22.0,31.0,3.0,1.0
140,La Liga,2025,728,Rayo Vallecano,47285,Unai López,Unai,López Cabrera,30.0,Spain,170,68,https://media.api-sports.io/football/players/47285.png,Midfielder,28.0,19.0,1623.0,6.82,0.0,4.0,10.0,4.0,1064.0,36.0,86.0,31.0,3.0,22.0,22.0,13.0,154.0,69.0,14.0,37.0,7.0,0.0
140,La Liga,2025,728,Rayo Vallecano,47414,Gumbau,Gerard,Gumbau Garriga,31.0,Spain,187,77,https://media.api-sports.io/football/players/47414.png,Midfielder,28.0,14.0,1197.0,6.68,0.0,3.0,12.0,5.0,485.0,23.0,83.0,29.0,6.0,10.0,9.0,6.0,120.0,53.0,5.0,38.0,4.0,0.0
140,La Liga,2025,728,Rayo Vallecano,47543,Álvaro García,Álvaro,García Rivera,33.0,Spain,167,61,https://media.api-sports.io/football/players/47543.png,Midfielder,32.0,23.0,2105.0,6.74,4.0,5.0,35.0,19.0,521.0,42.0,68.0,27.0,2.0,13.0,16.0,4.0,142.0,55.0,12.0,19.0,3.0,0.0
140,La Liga,2025,728,Rayo Vallecano,122657,R. Nteka,Randy,Nteka,28.0,France,189,75,https://media.api-sports.io/football/players/122657.png,Midfielder,13.0,3.0,381.0,6.66,3.0,0.0,10.0,6.0,91.0,4.0,79.0,4.0,3.0,,7.0,4.0,73.0,35.0,7.0,11.0,3.0,0.0
140,La Liga,2025,728,Rayo Vallecano,128582,Jorge de Frutos,Jorge,de Frutos Sebastián,28.0,Spain,173,72,https://media.api-sports.io/football/players/128582.png,Attacker,36.0,31.0,2483.0,6.94,10.0,1.0,51.0,28.0,398.0,31.0,76.0,31.0,,11.0,59.0,28.0,267.0,116.0,39.0,34.0,3.0,0.0
140,La Liga,2025,728,Rayo Vallecano,131546,Isi Palazón,Isaac,Palazón Camacho,31.0,Spain,169,71,https://media.api-sports.io/football/players/131546.png,Midfielder,31.0,27.0,2262.0,6.72,3.0,3.0,37.0,16.0,871.0,39.0,82.0,29.0,6.0,3.0,48.0,23.0,273.0,123.0,51.0,36.0,10.0,1.0
140,La Liga,2025,728,Rayo Vallecano,156488,Dani Cárdenas,Daniel,Cárdenas Lindez,28.0,Spain,186,80,https://media.api-sports.io/football/players/156488.png,Goalkeeper,4.0,4.0,360.0,7.75,0.0,0.0,,,123.0,,69.0,1.0,,,,,1.0,1.0,,,0.0,0.0
140,La Liga,2025,728,Rayo Vallecano,181734,Pep Chavarría,Josep María,Chavarría Pérez,27.0,Spain,174,72,https://media.api-sports.io/football/players/181734.png,Defender,33.0,29.0,2681.0,6.79,1.0,2.0,11.0,3.0,1278.0,27.0,84.0,54.0,14.0,31.0,44.0,17.0,248.0,128.0,35.0,33.0,5.0,0.0
140,La Liga,2025,728,Rayo Vallecano,314006,J. Vertrouwd,Jozhua,Vertrouwd,21.0,Netherlands,188,73,https://media.api-sports.io/football/players/314006.png,Defender,9.0,3.0,441.0,6.49,0.0,0.0,1.0,,198.0,2.0,90.0,7.0,3.0,4.0,1.0,,28.0,16.0,3.0,6.0,0.0,0.0
140,La Liga,2025,728,Rayo Vallecano,333292,Pelayo Fernández,Pelayo,Fernández Balboa,22.0,Spain,190,83,https://media.api-sports.io/football/players/333292.png,Defender,1.0,0.0,45.0,6.5,0.0,0.0,1.0,,35.0,,85.0,1.0,,,,,8.0,4.0,,1.0,0.0,0.0
140,La Liga,2025,547,Girona,455366,P. Ba,Papa Dame,Ba,21.0,Senegal,180,75,https://media.api-sports.io/football/players/455366.png,Attacker,0.0,0.0,,,0.0,0.0,,,,,,,,,,,,,,,0.0,0.0
140,La Liga,2025,728,Rayo Vallecano,52,Sergio Camello,Sergio,Camello Pérez,24.0,Spain,177,69,https://media.api-sports.io/football/players/52.png,Attacker,22.0,8.0,830.0,6.8,5.0,1.0,22.0,14.0,219.0,17.0,81.0,12.0,,3.0,31.0,15.0,104.0,44.0,14.0,8.0,3.0,1.0
140,La Liga,2025,798,Mallorca,414,Omar Mascarell,Omar,Mascarell González,32.0,Spain,181,76,https://media.api-sports.io/football/players/414.png,Midfielder,30.0,26.0,2245.0,6.87,2.0,2.0,5.0,3.0,1084.0,8.0,86.0,48.0,17.0,34.0,9.0,6.0,197.0,97.0,13.0,38.0,5.0,0.0
140,La Liga,2025,798,Mallorca,1701,Manu Morlanes,Manuel,Morlanes Ariño,26.0,Spain,178,75,https://media.api-sports.io/football/players/1701.png,Midfielder,32.0,22.0,1789.0,6.82,3.0,0.0,9.0,4.0,948.0,17.0,89.0,56.0,1.0,19.0,12.0,8.0,174.0,88.0,12.0,28.0,4.0,0.0
140,La Liga,2025,728,Rayo Vallecano,20520,I. Balliu,Iván,Balliu Campeny,33.0,Albania,172,63,https://media.api-sports.io/football/players/20520.png,Defender,14.0,6.0,594.0,6.75,0.0,0.0,3.0,,265.0,3.0,82.0,15.0,3.0,9.0,10.0,7.0,55.0,31.0,5.0,9.0,2.0,0.0
140,La Liga,2025,798,Mallorca,25375,T. Asano,Takuma,Asano,31.0,Japan,173,71,https://media.api-sports.io/football/players/25375.png,Midfielder,20.0,8.0,681.0,6.58,1.0,0.0,15.0,2.0,119.0,3.0,73.0,14.0,,1.0,11.0,2.0,86.0,34.0,10.0,9.0,2.0,0.0
140,La Liga,2025,798,Mallorca,46733,Raíllo,Antonio José,Raíllo Arenas,34.0,Spain,187,80,https://media.api-sports.io/football/players/46733.png,Defender,24.0,23.0,2070.0,6.97,0.0,1.0,12.0,1.0,1142.0,7.0,88.0,25.0,34.0,16.0,,,182.0,115.0,15.0,23.0,4.0,0.0
140,La Liga,2025,798,Mallorca,46738,M. Valjent,Martin,Valjent,30.0,Slovakia,187,70,https://media.api-sports.io/football/players/46738.png,Defender,37.0,37.0,3309.0,6.66,0.0,0.0,12.0,8.0,1783.0,3.0,87.0,50.0,15.0,24.0,6.0,4.0,213.0,122.0,11.0,36.0,6.0,0.0
140,La Liga,2025,798,Mallorca,46742,Dani Rodríguez,Daniel José,Rodríguez Vázquez,37.0,Spain,178,71,https://media.api-sports.io/football/players/46742.png,Midfielder,2.0,0.0,68.0,6.6,0.0,0.0,,,18.0,1.0,66.0,2.0,,,1.0,1.0,15.0,7.0,3.0,,0.0,0.0
140,La Liga,2025,798,Mallorca,47336,Darder,Sergi,Darder Moll,32.0,Spain,180,71,https://media.api-sports.io/football/players/47336.png,Midfielder,38.0,30.0,2688.0,6.91,1.0,5.0,28.0,13.0,1159.0,59.0,84.0,28.0,7.0,25.0,60.0,34.0,185.0,99.0,29.0,21.0,3.0,0.0
140,La Liga,2025,728,Rayo Vallecano,47557,Ó. Trejo,Óscar Guido,Trejo,37.0,Argentina,180,79,https://media.api-sports.io/football/players/47557.png,Midfielder,7.0,1.0,139.0,6.76,0.0,1.0,1.0,1.0,106.0,7.0,87.0,6.0,,,2.0,1.0,25.0,13.0,5.0,3.0,2.0,0.0
140,La Liga,2025,798,Mallorca,50048,V. Muriqi,Vedat,Muriqi,31.0,Kosovo,194,92,https://media.api-sports.io/football/players/50048.png,Attacker,37.0,36.0,3134.0,7.1,23.0,1.0,93.0,50.0,706.0,24.0,64.0,8.0,5.0,3.0,27.0,16.0,440.0,228.0,64.0,42.0,4.0,1.0
140,La Liga,2025,798,Mallorca,64268,J. Mojica,Johan Andrés,Mojica Palacio,33.0,Colombia,185,66,https://media.api-sports.io/football/players/64268.png,Defender,35.0,30.0,2737.0,6.68,0.0,4.0,14.0,2.0,1212.0,36.0,78.0,52.0,6.0,24.0,41.0,15.0,228.0,119.0,30.0,29.0,6.0,1.0
140,La Liga,2025,798,Mallorca,107194,Antonio Sánchez,Antonio,Sánchez Navarro,28.0,Spain,179,78,https://media.api-sports.io/football/players/107194.png,Midfielder,30.0,9.0,1088.0,6.59,0.0,0.0,6.0,3.0,378.0,12.0,78.0,20.0,3.0,15.0,12.0,5.0,105.0,40.0,10.0,16.0,4.0,0.0
140,La Liga,2025,798,Mallorca,108519,Mateu Morey,Mateu Jaume,Morey Bauzà,25.0,Spain,173,67,https://media.api-sports.io/football/players/108519.png,Defender,18.0,9.0,736.0,6.52,1.0,0.0,3.0,2.0,240.0,3.0,76.0,19.0,3.0,7.0,6.0,4.0,84.0,39.0,10.0,15.0,2.0,0.0
140,La Liga,2025,728,Rayo Vallecano,162931,Fran Pérez,Francisco,Pérez Martínez,23.0,Spain,175,68,https://media.api-sports.io/football/players/162931.png,Midfielder,29.0,12.0,1250.0,6.54,2.0,1.0,14.0,8.0,304.0,13.0,82.0,15.0,2.0,2.0,30.0,14.0,128.0,45.0,15.0,18.0,4.0,0.0
140,La Liga,2025,798,Mallorca,179139,Leo Román,Leonardo,Román Riquelme,25.0,Spain,189,83,https://media.api-sports.io/football/players/179139.png,Goalkeeper,33.0,33.0,2970.0,7.02,0.0,0.0,,,1147.0,,72.0,1.0,,1.0,1.0,1.0,10.0,7.0,2.0,1.0,4.0,0.0
140,La Liga,2025,798,Mallorca,285909,Pablo Torre,Pablo,Torre Carral,22.0,Spain,173,65,https://media.api-sports.io/football/players/285909.png,Midfielder,35.0,19.0,1637.0,6.8,4.0,4.0,19.0,12.0,803.0,34.0,84.0,23.0,2.0,9.0,35.0,16.0,190.0,82.0,36.0,29.0,4.0,0.0
140,La Liga,2025,798,Mallorca,313059,M. Joseph,Mateo,Joseph Fernández-Regatillo,22.0,England,185,74,https://media.api-sports.io/football/players/313059.png,Attacker,29.0,19.0,1710.0,6.66,2.0,3.0,28.0,14.0,302.0,13.0,81.0,29.0,4.0,12.0,38.0,18.0,219.0,88.0,31.0,19.0,2.0,0.0
140,La Liga,2025,798,Mallorca,411424,Miquel Salas,Miquel Jan,Salas Franch,20.0,Spain,182,67,https://media.api-sports.io/football/players/411424.png,Midfielder,2.0,0.0,17.0,6.75,0.0,0.0,,,10.0,,60.0,,,,1.0,1.0,4.0,3.0,1.0,,0.0,0.0
140,La Liga,2025,728,Rayo Vallecano,439633,Samu Becerra,Samuel,Becerra Gómez,19.0,Spain,,,https://media.api-sports.io/football/players/439633.png,Midfielder,3.0,0.0,11.0,6.6,0.0,0.0,,,12.0,1.0,91.0,,,,,,1.0,,,1.0,0.0,0.0
140,La Liga,2025,529,Barcelona,538,F. de Jong,Frenkie,de Jong,28.0,Netherlands,182,75,https://media.api-sports.io/football/players/538.png,Midfielder,25.0,16.0,1637.0,7.29,1.0,5.0,5.0,2.0,1501.0,35.0,94.0,45.0,4.0,17.0,7.0,5.0,127.0,85.0,27.0,10.0,5.0,0.0
140,La Liga,2025,529,Barcelona,619,Eric García,Eric,García Martret,24.0,Spain,180,77,https://media.api-sports.io/football/players/619.png,Defender,34.0,32.0,2730.0,7.06,1.0,2.0,17.0,7.0,2349.0,31.0,92.0,73.0,7.0,48.0,9.0,3.0,249.0,143.0,24.0,33.0,6.0,0.0
140,La Liga,2025,798,Mallorca,920,Toni Lato,Antonio,Latorre Grueso,28.0,Spain,171,64,https://media.api-sports.io/football/players/920.png,Defender,12.0,7.0,599.0,6.61,0.0,1.0,,,220.0,4.0,81.0,10.0,3.0,6.0,9.0,7.0,57.0,25.0,3.0,7.0,3.0,0.0
140,La Liga,2025,529,Barcelona,931,Ferran Torres,Ferran,Torres García,25.0,Spain,182,80,https://media.api-sports.io/football/players/931.png,Attacker,33.0,23.0,1984.0,6.83,16.0,2.0,58.0,37.0,471.0,23.0,75.0,7.0,1.0,4.0,27.0,10.0,137.0,61.0,20.0,13.0,2.0,0.0
140,La Liga,2025,529,Barcelona,1323,Dani Olmo,Daniel,Olmo Carvajal,27.0,Spain,182,73,https://media.api-sports.io/football/players/1323.png,Midfielder,33.0,24.0,2077.0,7.03,7.0,8.0,51.0,21.0,1216.0,49.0,85.0,34.0,1.0,14.0,43.0,16.0,216.0,112.0,42.0,27.0,1.0,0.0
140,La Liga,2025,529,Barcelona,1496,Raphinha,Raphael,Dias Belloli,29.0,Brazil,176,72,https://media.api-sports.io/football/players/1496.png,Midfielder,22.0,18.0,1388.0,7.55,13.0,3.0,49.0,24.0,639.0,43.0,81.0,15.0,1.0,5.0,41.0,21.0,109.0,49.0,10.0,10.0,5.0,0.0
140,La Liga,2025,798,Mallorca,46751,Abdón Prats,Abdón Roger,Prats Bastidas,33.0,Spain,181,81,https://media.api-sports.io/football/players/46751.png,Attacker,15.0,0.0,148.0,6.44,0.0,0.0,2.0,2.0,26.0,2.0,65.0,,,,2.0,1.0,26.0,9.0,3.0,2.0,0.0,0.0
140,La Liga,2025,529,Barcelona,101814,R. Araújo,Ronald Federico,Araújo da Silva,26.0,Uruguay,191,96,https://media.api-sports.io/football/players/101814.png,Defender,24.0,11.0,1072.0,6.9,3.0,0.0,11.0,5.0,836.0,3.0,91.0,21.0,5.0,10.0,,,100.0,63.0,3.0,17.0,2.0,0.0
140,La Liga,2025,529,Barcelona,133609,Pedri,Pedro,González López,23.0,Spain,174,68,https://media.api-sports.io/football/players/133609.png,Midfielder,29.0,23.0,2107.0,7.54,2.0,9.0,16.0,10.0,2055.0,64.0,91.0,50.0,2.0,24.0,55.0,37.0,229.0,140.0,43.0,9.0,1.0,0.0
140,La Liga,2025,798,Mallorca,152955,L. Bergström,Lucas Carl Edvard,Bergström,23.0,Finland,205,82,https://media.api-sports.io/football/players/152955.png,Goalkeeper,5.0,5.0,450.0,7.1,0.0,0.0,,,145.0,,53.0,,,,,,6.0,5.0,,,1.0,0.0
140,La Liga,2025,529,Barcelona,161928,Alejandro Balde,Alejandro,Balde Martínez,22.0,Spain,177,76,https://media.api-sports.io/football/players/161928.png,Defender,28.0,21.0,1874.0,6.7,0.0,2.0,9.0,1.0,1194.0,24.0,91.0,35.0,10.0,5.0,39.0,23.0,158.0,93.0,25.0,14.0,2.0,0.0
140,La Liga,2025,529,Barcelona,182718,Joan García,Joan,García Pons,24.0,Spain,193,85,https://media.api-sports.io/football/players/182718.png,Goalkeeper,30.0,30.0,2700.0,7.35,0.0,0.0,,,856.0,,89.0,5.0,,3.0,1.0,1.0,19.0,18.0,4.0,,1.0,0.0
140,La Liga,2025,798,Mallorca,293604,Javi Llabrés,Javier,Llabrés Exposito,23.0,Spain,174,67,https://media.api-sports.io/football/players/293604.png,Attacker,16.0,1.0,224.0,6.5,0.0,0.0,5.0,2.0,62.0,1.0,77.0,5.0,,,5.0,1.0,25.0,10.0,3.0,4.0,0.0,0.0
140,La Liga,2025,798,Mallorca,297646,D. Luna,Daniel Andrés,Luna García,22.0,Colombia,179,66,https://media.api-sports.io/football/players/297646.png,Midfielder,0.0,0.0,,,0.0,0.0,,,,,,,,,,,,,,,0.0,0.0
140,La Liga,2025,798,Mallorca,335697,David López,David,López Guijarro,22.0,Spain,195,87,https://media.api-sports.io/football/players/335697.png,Defender,14.0,9.0,833.0,6.59,0.0,0.0,3.0,,457.0,,83.0,11.0,14.0,10.0,2.0,2.0,73.0,43.0,4.0,13.0,2.0,0.0
140,La Liga,2025,529,Barcelona,340626,Fermín,Fermín,López Martín,22.0,Spain,176,73,https://media.api-sports.io/football/players/340626.png,Midfielder,30.0,19.0,1797.0,7.05,6.0,9.0,55.0,25.0,889.0,34.0,87.0,48.0,,7.0,79.0,44.0,244.0,120.0,20.0,34.0,3.0,0.0
140,La Liga,2025,529,Barcelona,386828,Lamine Yamal,Lamine,Yamal Nasraoui Ebana,18.0,Spain,179,72,https://media.api-sports.io/football/players/386828.png,Midfielder,28.0,26.0,2268.0,7.95,16.0,11.0,85.0,37.0,1349.0,72.0,81.0,36.0,,9.0,244.0,135.0,418.0,223.0,52.0,28.0,1.0,0.0
140,La Liga,2025,529,Barcelona,396623,Pau Cubarsí Paredes,Pau,Cubarsí Paredes,18.0,Spain,183,79,https://media.api-sports.io/football/players/396623.png,Defender,31.0,31.0,2708.0,7.21,1.0,0.0,7.0,2.0,2771.0,5.0,94.0,41.0,12.0,30.0,1.0,1.0,195.0,117.0,9.0,25.0,3.0,0.0
140,La Liga,2025,798,Mallorca,462277,I. Salhi,Iliesse,Salhi,18.0,France,172,57,https://media.api-sports.io/football/players/462277.png,Defender,0.0,0.0,,,0.0,0.0,,,,,,,,,,,,,,,0.0,0.0
140,La Liga,2025,798,Mallorca,482473,Marc Domenech,Marc,Hidalgo Domenech,19.0,Spain,182,70,https://media.api-sports.io/football/players/482473.png,Attacker,7.0,2.0,218.0,6.59,0.0,1.0,1.0,,32.0,2.0,59.0,3.0,,,4.0,1.0,20.0,9.0,3.0,3.0,0.0,0.0
140,La Liga,2025,529,Barcelona,126,Iñaki Peña,Ignacio,Peña Sotorres,26.0,Spain,184,78,https://media.api-sports.io/football/players/126.png,Goalkeeper,0.0,0.0,,,0.0,0.0,,,,,,,,,,,,,,,0.0,0.0
140,La Liga,2025,797,Elche,126,Iñaki Peña,Ignacio,Peña Sotorres,26.0,Spain,184,78,https://media.api-sports.io/football/players/126.png,Goalkeeper,16.0,16.0,1440.0,7.2,0.0,0.0,,,889.0,3.0,74.0,,,,,,8.0,3.0,1.0,,0.0,0.0
140,La Liga,2025,541,Real Madrid,283,T. Alexander-Arnold,Trent John,Alexander-Arnold,27.0,England,175,67,https://media.api-sports.io/football/players/283.png,Defender,21.0,14.0,1169.0,6.84,0.0,4.0,8.0,2.0,821.0,29.0,85.0,14.0,3.0,14.0,12.0,5.0,63.0,29.0,5.0,10.0,4.0,0.0
140,La Liga,2025,541,Real Madrid,372,Éder Militão,Éder Gabriel,Militão,27.0,Brazil,186,78,https://media.api-sports.io/football/players/372.png,Defender,16.0,14.0,1141.0,7.3,2.0,1.0,18.0,9.0,767.0,8.0,90.0,23.0,12.0,11.0,6.0,3.0,106.0,65.0,13.0,15.0,2.0,0.0
140,La Liga,2025,541,Real Madrid,730,T. Courtois,Thibaut Nicolas Marc,Courtois,33.0,Belgium,200,96,https://media.api-sports.io/football/players/730.png,Goalkeeper,32.0,32.0,2880.0,6.93,0.0,0.0,,,1010.0,,80.0,1.0,,,,,13.0,8.0,2.0,1.0,1.0,0.0
140,La Liga,2025,541,Real Madrid,744,Brahim Díaz,Brahim,Abdelkader Díaz,26.0,Morocco,171,59,https://media.api-sports.io/football/players/744.png,Attacker,30.0,13.0,1284.0,6.68,1.0,6.0,12.0,7.0,531.0,30.0,90.0,15.0,,2.0,44.0,25.0,159.0,79.0,37.0,19.0,2.0,0.0
140,La Liga,2025,541,Real Madrid,756,F. Valverde,Federico Santiago,Valverde Dipetta,27.0,Uruguay,182,78,https://media.api-sports.io/football/players/756.png,Midfielder,33.0,31.0,2746.0,7.33,5.0,8.0,41.0,22.0,1904.0,43.0,90.0,41.0,8.0,24.0,36.0,23.0,163.0,100.0,14.0,18.0,3.0,1.0
140,La Liga,2025,529,Barcelona,909,M. Rashford,Marcus,Rashford,28.0,England,188,80,https://media.api-sports.io/football/players/909.png,Attacker,32.0,18.0,1761.0,6.82,8.0,7.0,49.0,29.0,771.0,46.0,84.0,8.0,3.0,2.0,87.0,30.0,171.0,67.0,25.0,10.0,3.0,0.0
140,La Liga,2025,529,Barcelona,1257,J. Koundé,Jules Olivier,Koundé,27.0,France,181,84,https://media.api-sports.io/football/players/1257.png,Defender,30.0,24.0,2269.0,6.92,1.0,3.0,11.0,4.0,1922.0,23.0,91.0,47.0,13.0,29.0,35.0,21.0,232.0,127.0,24.0,23.0,6.0,0.0
140,La Liga,2025,541,Real Madrid,1271,A. Tchouaméni,Aurélien Djani,Tchouaméni,25.0,France,187,81,https://media.api-sports.io/football/players/1271.png,Midfielder,33.0,31.0,2622.0,7.23,1.0,0.0,30.0,7.0,1913.0,24.0,91.0,68.0,13.0,47.0,10.0,3.0,250.0,170.0,27.0,31.0,8.0,0.0
140,La Liga,2025,529,Barcelona,2282,A. Christensen,Andreas,Bødtker Christensen,29.0,Denmark,189,84,https://media.api-sports.io/football/players/2282.png,Defender,13.0,3.0,435.0,6.65,0.0,0.0,2.0,2.0,360.0,1.0,95.0,5.0,3.0,2.0,,,37.0,22.0,4.0,6.0,2.0,0.0
140,La Liga,2025,541,Real Madrid,284300,Álvaro Fernández,Álvaro,Fernández Carreras,22.0,Spain,186,78,https://media.api-sports.io/football/players/284300.png,Defender,28.0,26.0,2340.0,7.05,2.0,3.0,6.0,3.0,1723.0,30.0,90.0,41.0,7.0,39.0,36.0,19.0,230.0,124.0,33.0,22.0,5.0,1.0
140,La Liga,2025,541,Real Madrid,291964,A. Güler,Arda,Güler,20.0,Türkiye,176,67,https://media.api-sports.io/football/players/291964.png,Midfielder,33.0,25.0,2026.0,7.18,4.0,9.0,35.0,19.0,1345.0,70.0,90.0,46.0,2.0,9.0,43.0,27.0,190.0,109.0,32.0,21.0,1.0,0.0
140,La Liga,2025,529,Barcelona,296667,Gavi,Pablo Martín,Páez Gavira,21.0,Spain,174,69,https://media.api-sports.io/football/players/296667.png,Midfielder,11.0,7.0,574.0,6.87,0.0,1.0,,,407.0,8.0,92.0,17.0,2.0,3.0,8.0,1.0,76.0,42.0,14.0,11.0,3.0,0.0
140,La Liga,2025,529,Barcelona,329728,Marc Casadó,Marc,Casadó Torras,22.0,Spain,171,65,https://media.api-sports.io/football/players/329728.png,Midfielder,24.0,10.0,999.0,6.72,0.0,1.0,2.0,,898.0,14.0,90.0,18.0,3.0,7.0,6.0,2.0,94.0,47.0,20.0,25.0,1.0,0.0
140,La Liga,2025,541,Real Madrid,361497,D. Huijsen,Dean Donny,Huijsen,20.0,Netherlands,195,87,https://media.api-sports.io/football/players/361497.png,Defender,28.0,24.0,2037.0,7.31,2.0,2.0,16.0,5.0,1661.0,10.0,89.0,31.0,17.0,19.0,2.0,2.0,155.0,96.0,13.0,21.0,7.0,1.0
140,La Liga,2025,529,Barcelona,383647,D. Kochen,Diego,Kochen,19.0,USA,189,83,https://media.api-sports.io/football/players/383647.png,Goalkeeper,0.0,0.0,,,0.0,0.0,,,,,,,,,,,,,,,0.0,0.0
140,La Liga,2025,529,Barcelona,441232,Guille Fernández,Guillermo,Fernández Casino,17.0,Spain,179,76,https://media.api-sports.io/football/players/441232.png,Midfielder,0.0,0.0,,,0.0,0.0,,,,,,,,,,,,,,,0.0,0.0
140,La Liga,2025,529,Barcelona,445973,Toni Fernández,Antonio,Fernández Casino,17.0,Spain,174,73,https://media.api-sports.io/football/players/445973.png,Attacker,1.0,1.0,45.0,6.5,0.0,0.0,,,9.0,1.0,77.0,,,,,,,,,,0.0,0.0
140,La Liga,2025,529,Barcelona,491087,Pedro Fernández,Pedro,Fernández Sarmiento,17.0,Spain,182,68,https://media.api-sports.io/football/players/491087.png,Midfielder,4.0,1.0,90.0,6.6,0.0,0.0,,,47.0,2.0,85.0,1.0,,,4.0,4.0,13.0,8.0,1.0,1.0,0.0,0.0
140,La Liga,2025,529,Barcelona,491250,Jofre Torrents,Jofre,Torrents Salvat,18.0,Spain,185,75,https://media.api-sports.io/football/players/491250.png,Defender,3.0,0.0,47.0,6.5,0.0,0.0,,,34.0,,88.0,2.0,,,1.0,,8.0,3.0,,,0.0,0.0
140,La Liga,2025,541,Real Madrid,278,Kylian Mbappé,Kylian,Mbappé Lottin,27.0,France,178,75,https://media.api-sports.io/football/players/278.png,Attacker,31.0,29.0,2604.0,7.53,25.0,5.0,110.0,63.0,998.0,65.0,86.0,4.0,,2.0,148.0,78.0,257.0,125.0,36.0,13.0,4.0,0.0
140,La Liga,2025,541,Real Madrid,505,D. Alaba,David,Olatukunbo Alaba,33.0,Austria,180,78,https://media.api-sports.io/football/players/505.png,Defender,11.0,5.0,428.0,6.84,0.0,0.0,3.0,1.0,388.0,,93.0,5.0,5.0,,,,21.0,12.0,,1.0,1.0,0.0
140,La Liga,2025,541,Real Madrid,733,Dani Carvajal,Daniel,Carvajal Ramos,33.0,Spain,173,73,https://media.api-sports.io/football/players/733.png,Defender,17.0,10.0,976.0,6.8,0.0,1.0,4.0,1.0,529.0,11.0,92.0,14.0,7.0,6.0,4.0,2.0,61.0,30.0,9.0,7.0,0.0,0.0
140,La Liga,2025,541,Real Madrid,736,Fran García,Francisco José,García Torres,26.0,Spain,169,63,https://media.api-sports.io/football/players/736.png,Defender,13.0,10.0,933.0,6.66,1.0,1.0,5.0,2.0,444.0,5.0,88.0,19.0,4.0,7.0,9.0,3.0,81.0,43.0,14.0,7.0,1.0,0.0
140,La Liga,2025,541,Real Madrid,748,Dani Ceballos,Daniel,Ceballos Fernández,29.0,Spain,179,70,https://media.api-sports.io/football/players/748.png,Midfielder,16.0,4.0,498.0,6.93,0.0,0.0,3.0,,450.0,9.0,92.0,18.0,4.0,7.0,13.0,3.0,66.0,37.0,15.0,6.0,1.0,0.0
140,La Liga,2025,541,Real Madrid,762,Vinícius Júnior,Vinícius José,Paixão de Oliveira Júnior,25.0,Brazil,176,73,https://media.api-sports.io/football/players/762.png,Attacker,36.0,32.0,2825.0,7.51,16.0,5.0,75.0,46.0,1129.0,70.0,83.0,29.0,,2.0,195.0,87.0,403.0,197.0,81.0,38.0,8.0,0.0
140,La Liga,2025,727,Osasuna,1825,Lucas Torró,Lucas,Torró Marset,31.0,Spain,190,77,https://media.api-sports.io/football/players/1825.png,Midfielder,34.0,31.0,2307.0,6.74,0.0,1.0,25.0,8.0,993.0,15.0,74.0,38.0,8.0,29.0,13.0,9.0,286.0,180.0,28.0,40.0,6.0,0.0
140,La Liga,2025,541,Real Madrid,10009,Rodrygo,Rodrygo,Silva de Goes,24.0,Brazil,174,64,https://media.api-sports.io/football/players/10009.png,Attacker,19.0,6.0,680.0,6.92,1.0,3.0,19.0,11.0,324.0,17.0,90.0,13.0,,3.0,38.0,18.0,102.0,54.0,23.0,5.0,3.0,0.0
140,La Liga,2025,727,Osasuna,21701,V. Rosier,Valentin André Henri,Rosier,29.0,France,175,71,https://media.api-sports.io/football/players/21701.png,Midfielder,31.0,30.0,2554.0,6.68,1.0,1.0,12.0,3.0,1051.0,16.0,81.0,49.0,3.0,44.0,45.0,28.0,225.0,116.0,20.0,34.0,5.0,0.0
140,La Liga,2025,727,Osasuna,46646,Sergio Herrera,Sergio,Herrera Pirón,32.0,Spain,192,82,https://media.api-sports.io/football/players/46646.png,Goalkeeper,37.0,37.0,3285.0,7,0.0,0.0,,,1042.0,,69.0,,,,,,16.0,13.0,5.0,3.0,3.0,1.0
140,La Liga,2025,727,Osasuna,46662,Moncayola,Jon,Moncayola Tollar,27.0,Spain,189,86,https://media.api-sports.io/football/players/46662.png,Midfielder,36.0,35.0,3028.0,6.83,0.0,4.0,11.0,5.0,1387.0,39.0,80.0,54.0,6.0,23.0,21.0,13.0,216.0,97.0,13.0,41.0,9.0,0.0
140,La Liga,2025,727,Osasuna,46967,Juan Cruz,Juan Cruz,Álvaro Armada,33.0,Spain,180,79,https://media.api-sports.io/football/players/46967.png,Defender,15.0,7.0,660.0,6.61,0.0,0.0,1.0,,237.0,2.0,88.0,4.0,6.0,4.0,3.0,2.0,26.0,13.0,2.0,4.0,2.0,0.0
140,La Liga,2025,541,Real Madrid,47400,A. Lunin,Andriy,Lunin,26.0,Ukraine,191,80,https://media.api-sports.io/football/players/47400.png,Goalkeeper,6.0,6.0,540.0,7.13,0.0,0.0,,,209.0,,87.0,1.0,,,,,2.0,2.0,,,0.0,1.0
140,La Liga,2025,727,Osasuna,47533,Catena,Alejandro,Catena Marugán,31.0,Spain,194,82,https://media.api-sports.io/football/players/47533.png,Defender,35.0,35.0,3073.0,6.9,3.0,2.0,14.0,4.0,1695.0,12.0,85.0,40.0,32.0,33.0,11.0,6.0,263.0,140.0,14.0,46.0,11.0,1.0
140,La Liga,2025,727,Osasuna,279822,F. Boyomo,Flavien Enzo Thiedort,Boyomo,24.0,Cameroon,180,70,https://media.api-sports.io/football/players/279822.png,Defender,30.0,29.0,2545.0,6.77,1.0,2.0,9.0,4.0,1313.0,9.0,86.0,58.0,13.0,18.0,8.0,3.0,193.0,102.0,5.0,33.0,7.0,0.0
140,La Liga,2025,541,Real Madrid,336711,Gonzalo García,Gonzalo,García Torres,21.0,Spain,182,74,https://media.api-sports.io/football/players/336711.png,Attacker,30.0,9.0,988.0,6.68,6.0,1.0,19.0,11.0,241.0,13.0,85.0,11.0,,3.0,15.0,3.0,92.0,40.0,6.0,9.0,2.0,0.0
140,La Liga,2025,541,Real Madrid,341640,Raúl Asencio,Raúl,Asencio del Rosario,22.0,Spain,184,79,https://media.api-sports.io/football/players/341640.png,Defender,23.0,18.0,1706.0,6.92,2.0,0.0,12.0,4.0,1185.0,5.0,94.0,17.0,13.0,10.0,2.0,1.0,105.0,62.0,23.0,17.0,4.0,0.0
140,La Liga,2025,541,Real Madrid,386872,Sergio Mestre,Sergio,Mestre Sánchez,20.0,Spain,193,80,https://media.api-sports.io/football/players/386872.png,Goalkeeper,0.0,0.0,,,0.0,0.0,,,,,,,,,,,,,,,0.0,0.0
140,La Liga,2025,541,Real Madrid,449249,Franco Mastantuono,Franco,Mastantuono,18.0,Argentina,178,73,https://media.api-sports.io/football/players/449249.png,Attacker,23.0,11.0,1049.0,6.7,1.0,0.0,24.0,7.0,492.0,16.0,90.0,20.0,,3.0,54.0,25.0,177.0,80.0,30.0,18.0,5.0,1.0
140,La Liga,2025,541,Real Madrid,509470,Thiago Pitarch,Thiago,Pitarch Pinar,18.0,Spain,,,https://media.api-sports.io/football/players/509470.png,Midfielder,10.0,8.0,596.0,6.46,0.0,2.0,4.0,2.0,407.0,6.0,90.0,12.0,,7.0,13.0,7.0,82.0,28.0,7.0,12.0,2.0,0.0
140,La Liga,2025,532,Valencia,918,José Gayà,José Luis,Gayà Peña,30.0,Spain,172,66,https://media.api-sports.io/football/players/918.png,Defender,32.0,31.0,2461.0,6.66,1.0,2.0,9.0,3.0,923.0,25.0,83.0,69.0,7.0,23.0,24.0,11.0,208.0,123.0,20.0,31.0,6.0,1.0
140,La Liga,2025,727,Osasuna,46658,Rubén García,Rubén,García Santos,32.0,Spain,171,72,https://media.api-sports.io/football/players/46658.png,Attacker,35.0,28.0,2247.0,6.82,2.0,5.0,22.0,10.0,828.0,44.0,79.0,50.0,2.0,17.0,37.0,18.0,269.0,117.0,27.0,36.0,6.0,0.0
140,La Liga,2025,727,Osasuna,46667,Kike Barja,Enrique,Barja Alfonso,28.0,Spain,178,69,https://media.api-sports.io/football/players/46667.png,Attacker,27.0,2.0,484.0,6.62,2.0,2.0,7.0,4.0,123.0,11.0,73.0,5.0,1.0,2.0,19.0,6.0,74.0,29.0,11.0,11.0,3.0,0.0
140,La Liga,2025,727,Osasuna,46746,A. Budimir,Ante,Budimir,34.0,Croatia,190,75,https://media.api-sports.io/football/players/46746.png,Attacker,37.0,35.0,2953.0,6.84,17.0,0.0,88.0,41.0,392.0,16.0,60.0,21.0,6.0,6.0,18.0,3.0,387.0,180.0,37.0,52.0,3.0,0.0
140,La Liga,2025,532,Valencia,46933,Luis Rioja,Luis Jesús,Rioja González,32.0,Spain,175,68,https://media.api-sports.io/football/players/46933.png,Midfielder,37.0,31.0,2636.0,6.82,3.0,6.0,18.0,5.0,839.0,39.0,78.0,36.0,,18.0,63.0,36.0,226.0,105.0,29.0,13.0,1.0,0.0
140,La Liga,2025,532,Valencia,47251,D. Foulquier,Dimitri Christophe,Foulquier,32.0,Guadeloupe,183,72,https://media.api-sports.io/football/players/47251.png,Defender,15.0,12.0,1157.0,6.4,0.0,0.0,5.0,1.0,519.0,6.0,84.0,15.0,1.0,8.0,20.0,10.0,91.0,43.0,7.0,16.0,1.0,0.0
140,La Liga,2025,727,Osasuna,47448,Aitor Fernández,Aitor,Fernández Abarisketa,34.0,Spain,182,78,https://media.api-sports.io/football/players/47448.png,Goalkeeper,2.0,1.0,136.0,7.7,0.0,0.0,,,51.0,,60.0,,,,1.0,1.0,1.0,1.0,,,3.0,0.0
140,La Liga,2025,727,Osasuna,47574,Moi Gómez,Moisés,Gómez Bordonado,31.0,Spain,176,71,https://media.api-sports.io/football/players/47574.png,Midfielder,26.0,12.0,1218.0,6.92,0.0,2.0,6.0,2.0,868.0,15.0,88.0,20.0,1.0,11.0,22.0,12.0,118.0,65.0,21.0,20.0,3.0,0.0
140,La Liga,2025,727,Osasuna,67939,Aimar Oroz,Aimar,Oroz Huarte,24.0,Spain,177,72,https://media.api-sports.io/football/players/67939.png,Attacker,31.0,26.0,2152.0,6.79,0.0,2.0,14.0,4.0,850.0,38.0,79.0,37.0,1.0,10.0,56.0,29.0,320.0,162.0,67.0,33.0,6.0,0.0
140,La Liga,2025,727,Osasuna,146751,Raúl García,Raúl,García de Haro,25.0,Spain,192,70,https://media.api-sports.io/football/players/146751.png,Attacker,36.0,6.0,1042.0,6.72,7.0,1.0,33.0,23.0,234.0,12.0,67.0,15.0,2.0,7.0,31.0,15.0,170.0,85.0,15.0,12.0,2.0,1.0
140,La Liga,2025,727,Osasuna,181259,Abel Bretones,Abel,Bretones Cruz,25.0,Spain,188,78,https://media.api-sports.io/football/players/181259.png,Midfielder,28.0,17.0,1658.0,6.74,1.0,2.0,10.0,3.0,504.0,13.0,77.0,33.0,5.0,18.0,29.0,13.0,147.0,78.0,19.0,17.0,5.0,1.0
140,La Liga,2025,532,Valencia,181582,Copete,José Manuel,Arias Copete,26.0,Spain,192,73,https://media.api-sports.io/football/players/181582.png,Defender,21.0,19.0,1768.0,6.65,0.0,0.0,11.0,,1003.0,5.0,85.0,25.0,16.0,22.0,9.0,7.0,137.0,78.0,11.0,20.0,5.0,0.0
140,La Liga,2025,727,Osasuna,182592,Jorge Herrando,Jorge,Herrando Oroz,24.0,Spain,190,78,https://media.api-sports.io/football/players/182592.png,Defender,28.0,17.0,1608.0,6.68,0.0,1.0,1.0,,703.0,2.0,86.0,33.0,11.0,20.0,3.0,3.0,126.0,71.0,8.0,24.0,3.0,0.0
140,La Liga,2025,727,Osasuna,182621,Iker Muñoz,Iker,Muñoz Cameros,23.0,Spain,180,69,https://media.api-sports.io/football/players/182621.png,Midfielder,19.0,8.0,953.0,6.65,0.0,0.0,8.0,4.0,449.0,5.0,84.0,12.0,2.0,12.0,11.0,4.0,113.0,51.0,21.0,18.0,5.0,0.0
140,La Liga,2025,727,Osasuna,332304,Raúl Chasco,Raúl,Chasco Ruiz,22.0,Spain,179,68,https://media.api-sports.io/football/players/332304.png,Defender,0.0,0.0,,,0.0,0.0,,,,,,,,,,,,,,,0.0,0.0
140,La Liga,2025,532,Valencia,333672,César Tárrega,César,Tárrega Requeni,23.0,Spain,194,78,https://media.api-sports.io/football/players/333672.png,Defender,32.0,29.0,2597.0,6.63,0.0,0.0,9.0,1.0,1320.0,2.0,86.0,42.0,19.0,29.0,13.0,10.0,228.0,126.0,13.0,40.0,8.0,0.0
140,La Liga,2025,727,Osasuna,338751,Víctor Muñoz,Víctor,Muñoz Villanueva,22.0,Spain,173,70,https://media.api-sports.io/football/players/338751.png,Attacker,34.0,31.0,2668.0,6.89,6.0,2.0,56.0,31.0,623.0,27.0,80.0,22.0,,9.0,178.0,75.0,404.0,167.0,54.0,32.0,3.0,0.0
140,La Liga,2025,727,Osasuna,348029,D. Stamatakis,Dimitrios,Stamatakis,22.0,Greece,191,83,https://media.api-sports.io/football/players/348029.png,Goalkeeper,0.0,0.0,,,0.0,0.0,,,,,,,,,,,,,,,0.0,0.0
140,La Liga,2025,727,Osasuna,381197,Asier Osambela,Asier,Osambela Larraya,21.0,Spain,186,75,https://media.api-sports.io/football/players/381197.png,Midfielder,17.0,2.0,372.0,6.61,1.0,0.0,6.0,3.0,166.0,3.0,69.0,6.0,4.0,4.0,2.0,,57.0,24.0,1.0,15.0,1.0,1.0
140,La Liga,2025,727,Osasuna,429553,Mauro Echegoyen,Mauro,Echegoyen Berrozpe,20.0,Spain,,,https://media.api-sports.io/football/players/429553.png,Midfielder,0.0,0.0,,,0.0,0.0,,,,,,,,,,,,,,,0.0,0.0
140,La Liga,2025,532,Valencia,83,A. Danjuma,Arnaut,Danjuma Adam Groeneveld,28.0,Netherlands,178,74,https://media.api-sports.io/football/players/83.png,Attacker,30.0,18.0,1627.0,6.76,3.0,2.0,28.0,14.0,391.0,17.0,77.0,13.0,1.0,2.0,64.0,27.0,158.0,69.0,22.0,21.0,0.0,0.0
140,La Liga,2025,532,Valencia,913,Cristian Rivero,Cristian,Rivero Sabater,27.0,Spain,188,75,https://media.api-sports.io/football/players/913.png,Goalkeeper,0.0,0.0,,,0.0,0.0,,,,,,,,,,,,,,,0.0,1.0
140,La Liga,2025,532,Valencia,916,M. Diakhaby,Mouctar,Diakhaby,29.0,Guinea,189,78,https://media.api-sports.io/football/players/916.png,Defender,8.0,7.0,544.0,6.8,1.0,0.0,4.0,3.0,320.0,1.0,87.0,8.0,2.0,10.0,3.0,1.0,43.0,28.0,3.0,7.0,3.0,0.0
140,La Liga,2025,532,Valencia,1708,Dani Raba,Daniel,Raba Antolín,30.0,Spain,184,76,https://media.api-sports.io/football/players/1708.png,Attacker,13.0,3.0,291.0,6.49,0.0,1.0,4.0,1.0,122.0,2.0,80.0,7.0,,4.0,10.0,3.0,34.0,12.0,2.0,6.0,0.0,0.0
140,La Liga,2025,532,Valencia,21153,B. Santamaría,Baptiste,Santamaría,30.0,France,183,81,https://media.api-sports.io/football/players/21153.png,Midfielder,19.0,7.0,775.0,6.81,1.0,1.0,4.0,2.0,404.0,4.0,81.0,12.0,2.0,7.0,12.0,6.0,83.0,46.0,10.0,13.0,2.0,0.0
140,La Liga,2025,532,Valencia,41157,André Almeida,Domingos André,Ribeiro Almeida,25.0,Portugal,176,62,https://media.api-sports.io/football/players/41157.png,Midfielder,22.0,11.0,1035.0,6.94,0.0,2.0,6.0,3.0,568.0,18.0,89.0,23.0,1.0,10.0,29.0,14.0,116.0,62.0,22.0,11.0,0.0,0.0
140,La Liga,2025,532,Valencia,47264,Hugo Duro,Hugo,Duro Perales,26.0,Spain,177,70,https://media.api-sports.io/football/players/47264.png,Attacker,36.0,22.0,1989.0,6.64,10.0,0.0,30.0,14.0,392.0,17.0,70.0,17.0,6.0,4.0,17.0,3.0,262.0,103.0,38.0,22.0,5.0,0.0
140,La Liga,2025,548,Real Sociedad,47269,Álex Remiro,Alejandro,Remiro Gargallo,30.0,Spain,192,79,https://media.api-sports.io/football/players/47269.png,Goalkeeper,37.0,37.0,3330.0,6.92,0.0,0.0,,,1374.0,4.0,71.0,1.0,,1.0,1.0,1.0,19.0,17.0,7.0,,1.0,0.0
140,La Liga,2025,548,Real Sociedad,47314,Zubeldia,Igor,Zubeldia Elorza,28.0,Spain,181,73,https://media.api-sports.io/football/players/47314.png,Defender,25.0,23.0,2088.0,6.63,0.0,1.0,4.0,1.0,1153.0,5.0,88.0,37.0,13.0,22.0,4.0,1.0,192.0,88.0,5.0,38.0,9.0,0.0
140,La Liga,2025,532,Valencia,47463,Pepelu,José Luis,García Vayá,27.0,Spain,185,73,https://media.api-sports.io/football/players/47463.png,Midfielder,31.0,26.0,2232.0,7,2.0,0.0,14.0,3.0,1381.0,21.0,86.0,60.0,10.0,20.0,10.0,8.0,196.0,112.0,14.0,30.0,4.0,0.0
140,La Liga,2025,532,Valencia,48372,E. Cömert,Eray Ervin,Cömert,27.0,Switzerland,183,80,https://media.api-sports.io/football/players/48372.png,Defender,17.0,15.0,1339.0,6.77,2.0,1.0,8.0,3.0,798.0,6.0,85.0,25.0,6.0,20.0,,,87.0,55.0,13.0,9.0,3.0,1.0
140,La Liga,2025,532,Valencia,48465,F. Ugrinic,Filip,Ugrinic,26.0,Switzerland,184,88,https://media.api-sports.io/football/players/48465.png,Midfielder,27.0,17.0,1513.0,6.79,0.0,3.0,12.0,3.0,654.0,23.0,83.0,25.0,4.0,11.0,26.0,17.0,130.0,71.0,13.0,17.0,3.0,0.0
140,La Liga,2025,532,Valencia,162127,Diego López,Diego,López Noguerol,23.0,Spain,172,62,https://media.api-sports.io/football/players/162127.png,Midfielder,34.0,20.0,1777.0,6.71,4.0,1.0,18.0,8.0,515.0,17.0,76.0,22.0,2.0,10.0,35.0,13.0,216.0,92.0,33.0,20.0,2.0,0.0
140,La Liga,2025,532,Valencia,162175,Jesús Vázquez,Jesús,Vázquez Alcalde,22.0,Spain,182,76,https://media.api-sports.io/football/players/162175.png,Defender,24.0,7.0,970.0,6.68,0.0,0.0,5.0,2.0,339.0,14.0,84.0,24.0,4.0,4.0,36.0,21.0,133.0,64.0,8.0,16.0,2.0,0.0
140,La Liga,2025,548,Real Sociedad,199044,J. Aramburu,Jon Mikel,Aramburu Mejías,23.0,Venezuela,176,71,https://media.api-sports.io/football/players/199044.png,Defender,35.0,31.0,2788.0,6.63,1.0,0.0,17.0,5.0,1285.0,11.0,80.0,105.0,9.0,47.0,20.0,9.0,368.0,207.0,45.0,69.0,11.0,0.0
140,La Liga,2025,532,Valencia,315699,Javi Guerra,Javier,Guerra Moreno,22.0,Spain,187,77,https://media.api-sports.io/football/players/315699.png,Midfielder,36.0,25.0,2086.0,6.81,4.0,6.0,22.0,12.0,982.0,32.0,81.0,29.0,6.0,24.0,62.0,26.0,225.0,89.0,20.0,28.0,3.0,0.0
140,La Liga,2025,532,Valencia,315701,Rubo Iranzo,Rubén,Iranzo Lendínez,22.0,Spain,182,63,https://media.api-sports.io/football/players/315701.png,Defender,1.0,0.0,12.0,6.6,0.0,0.0,,,2.0,,100.0,1.0,,,,,3.0,1.0,,1.0,0.0,0.0
140,La Liga,2025,532,Valencia,406045,Aimar Blázquez,Aimar,Blázquez Labraca,19.0,Spain,,,https://media.api-sports.io/football/players/406045.png,Attacker,0.0,0.0,,,0.0,0.0,,,,,,,,,,,,,,,0.0,0.0
140,La Liga,2025,532,Valencia,439578,David Otorbi,David,Otorbi Ejedewawe,18.0,Spain,180,82,https://media.api-sports.io/football/players/439578.png,Attacker,0.0,0.0,,,0.0,0.0,,,,,,,,,,,,,,,0.0,0.0
140,La Liga,2025,532,Valencia,551365,P. Lopez,,,19.0,,,,https://media.api-sports.io/football/players/551365.png,Attacker,0.0,0.0,,,0.0,0.0,,,,,,,,,,,,,,,0.0,0.0
140,La Liga,2025,548,Real Sociedad,23,Sergio Gómez,Sergio,Gómez Martín,25.0,Spain,173,71,https://media.api-sports.io/football/players/23.png,Attacker,35.0,30.0,2705.0,6.87,0.0,6.0,8.0,,1510.0,45.0,86.0,88.0,6.0,33.0,25.0,13.0,249.0,137.0,15.0,45.0,5.0,1.0
140,La Liga,2025,548,Real Sociedad,925,Gonçalo Guedes,Gonçalo Manuel,Ganchinho Guedes,29.0,Portugal,179,68,https://media.api-sports.io/football/players/925.png,Attacker,32.0,22.0,1839.0,6.88,8.0,4.0,29.0,18.0,564.0,25.0,74.0,25.0,,4.0,39.0,18.0,193.0,87.0,33.0,18.0,3.0,0.0
140,La Liga,2025,548,Real Sociedad,1902,D. Ćaleta-Car,Duje,Ćaleta-Car,29.0,Croatia,192,89,https://media.api-sports.io/football/players/1902.png,Defender,27.0,24.0,2152.0,6.81,1.0,0.0,9.0,3.0,1359.0,3.0,90.0,24.0,26.0,27.0,,,198.0,114.0,8.0,30.0,6.0,1.0
140,La Liga,2025,548,Real Sociedad,2202,H. Traoré,Hamari,Traoré,33.0,Mali,175,64,https://media.api-sports.io/football/players/2202.png,Defender,0.0,0.0,,,0.0,0.0,,,,,,,,,,,,,,,0.0,0.0
140,La Liga,2025,548,Real Sociedad,7332,L. Sučić,Luka,Sučić,23.0,Croatia,185,78,https://media.api-sports.io/football/players/7332.png,Midfielder,22.0,10.0,1018.0,6.77,3.0,1.0,16.0,7.0,463.0,9.0,79.0,19.0,1.0,5.0,25.0,14.0,120.0,55.0,6.0,11.0,1.0,0.0
140,La Liga,2025,548,Real Sociedad,32862,T. Kubo,Takefusa,Kubo,24.0,Japan,173,64,https://media.api-sports.io/football/players/32862.png,Midfielder,24.0,17.0,1508.0,7.05,2.0,4.0,18.0,12.0,489.0,33.0,79.0,30.0,,11.0,71.0,36.0,211.0,123.0,50.0,9.0,2.0,0.0
140,La Liga,2025,548,Real Sociedad,47298,Elustondo,Aritz,Elustondo Irribaria,31.0,Spain,180,71,https://media.api-sports.io/football/players/47298.png,Defender,16.0,8.0,725.0,6.43,0.0,1.0,4.0,2.0,378.0,1.0,85.0,14.0,3.0,10.0,6.0,,92.0,43.0,11.0,17.0,0.0,0.0
140,La Liga,2025,548,Real Sociedad,47303,Aihen Muñoz,Aihen,Muñoz Capellán,28.0,Spain,175,68,https://media.api-sports.io/football/players/47303.png,Defender,21.0,9.0,885.0,6.53,1.0,0.0,6.0,2.0,308.0,5.0,83.0,28.0,1.0,5.0,13.0,4.0,87.0,41.0,3.0,7.0,1.0,0.0
140,La Liga,2025,548,Real Sociedad,47317,Barrenetxea,Ander,Barrenetxea Muguruza,24.0,Spain,175,74,https://media.api-sports.io/football/players/47317.png,Midfielder,30.0,22.0,1769.0,6.84,3.0,5.0,29.0,11.0,726.0,44.0,80.0,30.0,4.0,15.0,116.0,55.0,285.0,124.0,30.0,37.0,5.0,0.0
140,La Liga,2025,548,Real Sociedad,47323,Mikel Oyarzabal,Mikel,Oyarzabal Ugarte,28.0,Spain,181,79,https://media.api-sports.io/football/players/47323.png,Attacker,34.0,30.0,2714.0,7.08,15.0,4.0,62.0,36.0,777.0,42.0,76.0,29.0,3.0,4.0,61.0,36.0,328.0,145.0,42.0,28.0,3.0,0.0
140,La Liga,2025,548,Real Sociedad,47440,Brais Méndez,Brais,Méndez Portela,28.0,Spain,187,76,https://media.api-sports.io/football/players/47440.png,Midfielder,29.0,21.0,1672.0,6.92,6.0,2.0,25.0,16.0,878.0,25.0,82.0,37.0,3.0,7.0,49.0,21.0,236.0,121.0,35.0,43.0,5.0,1.0
140,La Liga,2025,548,Real Sociedad,61774,O. Óskarsson,Orri Steinn,Óskarsson,21.0,Iceland,186,76,https://media.api-sports.io/football/players/61774.png,Attacker,20.0,8.0,842.0,6.92,9.0,0.0,26.0,19.0,124.0,5.0,62.0,7.0,1.0,1.0,4.0,3.0,78.0,33.0,7.0,15.0,5.0,0.0
140,La Liga,2025,548,Real Sociedad,182546,Jon Pacheco,Jon,Pacheco Dozagarat,24.0,Spain,184,77,https://media.api-sports.io/football/players/182546.png,Defender,0.0,0.0,,,0.0,0.0,,,,,,,,,,,,,,,0.0,0.0
140,La Liga,2025,542,Alaves,182546,Jon Pacheco,Jon,Pacheco Dozagarat,24.0,Spain,184,77,https://media.api-sports.io/football/players/182546.png,Defender,22.0,20.0,1734.0,6.77,0.0,0.0,4.0,1.0,938.0,5.0,86.0,37.0,21.0,11.0,4.0,3.0,144.0,89.0,7.0,14.0,5.0,0.0
140,La Liga,2025,548,Real Sociedad,183699,Urko González,Urko,González de Zárate Quirós,24.0,Spain,189,83,https://media.api-sports.io/football/players/183699.png,Midfielder,1.0,0.0,10.0,6.6,0.0,0.0,,,4.0,,100.0,,1.0,,,,,,,,0.0,0.0
140,La Liga,2025,540,Espanyol,183699,Urko González,Urko,González de Zárate Quirós,24.0,Spain,189,83,https://media.api-sports.io/football/players/183699.png,Midfielder,35.0,28.0,2619.0,6.65,0.0,1.0,12.0,1.0,980.0,11.0,80.0,54.0,10.0,32.0,23.0,15.0,277.0,133.0,42.0,42.0,7.0,0.0
140,La Liga,2025,548,Real Sociedad,183744,Beñat Turrientes,Beñat,Turrientes Imaz,23.0,Spain,181,70,https://media.api-sports.io/football/players/183744.png,Midfielder,27.0,16.0,1367.0,6.75,0.0,3.0,15.0,6.0,695.0,12.0,86.0,40.0,6.0,9.0,32.0,20.0,176.0,94.0,23.0,28.0,7.0,0.0
140,La Liga,2025,548,Real Sociedad,183748,Jon Karrikaburu,Jon,Karrikaburu Jaimerena,23.0,Spain,183,82,https://media.api-sports.io/football/players/183748.png,Attacker,7.0,0.0,136.0,6.46,0.0,0.0,5.0,2.0,16.0,1.0,62.0,2.0,,,1.0,,23.0,9.0,4.0,3.0,0.0,0.0
140,La Liga,2025,548,Real Sociedad,189832,Unai Marrero,Unai,Marrero Larrañaga,24.0,Spain,189,82,https://media.api-sports.io/football/players/189832.png,Goalkeeper,1.0,1.0,90.0,7.6,0.0,0.0,,,38.0,,55.0,,,,,,,,,,1.0,0.0
140,La Liga,2025,548,Real Sociedad,288384,Mikel Goti,Mikel,Goti López,23.0,Spain,185,75,https://media.api-sports.io/football/players/288384.png,Midfielder,4.0,1.0,81.0,6.03,0.0,0.0,1.0,,29.0,,48.0,,1.0,,3.0,2.0,21.0,5.0,,6.0,0.0,0.0
140,La Liga,2025,548,Real Sociedad,290106,Pablo Marín,Pablo,Marín Tejada,22.0,Spain,178,71,https://media.api-sports.io/football/players/290106.png,Midfielder,34.0,15.0,1511.0,6.51,0.0,1.0,7.0,4.0,374.0,13.0,79.0,19.0,1.0,8.0,40.0,17.0,166.0,66.0,23.0,22.0,2.0,0.0
140,La Liga,2025,548,Real Sociedad,405073,Jon Martín,Jon,Martín Vicente,19.0,Spain,185,83,https://media.api-sports.io/football/players/405073.png,Defender,25.0,25.0,2250.0,6.84,2.0,0.0,12.0,5.0,1356.0,2.0,91.0,31.0,24.0,34.0,12.0,8.0,206.0,135.0,12.0,18.0,6.0,0.0
140,La Liga,2025,533,Villarreal,49,T. Partey,Thomas,Teye Partey,32.0,Ghana,185,77,https://media.api-sports.io/football/players/49.png,Midfielder,25.0,8.0,930.0,6.58,0.0,0.0,8.0,2.0,547.0,8.0,86.0,18.0,4.0,14.0,10.0,8.0,89.0,46.0,6.0,11.0,1.0,0.0
140,La Liga,2025,533,Villarreal,166,J. Foyth,Juan Marcos,Foyth,27.0,Argentina,187,83,https://media.api-sports.io/football/players/166.png,Defender,13.0,12.0,936.0,7.18,0.0,0.0,1.0,,566.0,,89.0,20.0,10.0,16.0,4.0,3.0,51.0,33.0,1.0,8.0,2.0,0.0
140,La Liga,2025,533,Villarreal,928,Dani Parejo,Daniel,Parejo Muñoz,36.0,Spain,182,74,https://media.api-sports.io/football/players/928.png,Midfielder,32.0,16.0,1398.0,6.92,1.0,0.0,2.0,1.0,900.0,26.0,88.0,42.0,7.0,12.0,16.0,8.0,129.0,85.0,27.0,16.0,3.0,0.0
140,La Liga,2025,533,Villarreal,1702,Pedraza,Alfonso,Pedraza Sag,29.0,Spain,184,73,https://media.api-sports.io/football/players/1702.png,Defender,27.0,19.0,1690.0,6.73,1.0,3.0,8.0,3.0,604.0,21.0,78.0,41.0,6.0,29.0,33.0,20.0,164.0,87.0,23.0,27.0,8.0,0.0
140,La Liga,2025,533,Villarreal,1707,Gerard Moreno,Gerard,Moreno Balagueró,33.0,Spain,180,77,https://media.api-sports.io/football/players/1707.png,Attacker,22.0,16.0,1350.0,7.15,10.0,0.0,27.0,16.0,567.0,23.0,79.0,15.0,1.0,4.0,30.0,16.0,147.0,66.0,16.0,14.0,0.0,0.0
140,La Liga,2025,533,Villarreal,3246,N. Pépé,Nicolas,Pépé,30.0,Côte d'Ivoire,183,73,https://media.api-sports.io/football/players/3246.png,Midfielder,36.0,26.0,2397.0,7.25,8.0,8.0,43.0,25.0,881.0,57.0,82.0,31.0,1.0,16.0,122.0,59.0,325.0,150.0,43.0,23.0,4.0,0.0
140,La Liga,2025,533,Villarreal,20696,P. Gueye,Pape Alassane,Gueye,26.0,Senegal,189,79,https://media.api-sports.io/football/players/20696.png,Midfielder,30.0,26.0,2143.0,7.12,5.0,2.0,37.0,13.0,1079.0,25.0,80.0,40.0,9.0,34.0,29.0,15.0,228.0,133.0,54.0,35.0,8.0,0.0
140,La Liga,2025,533,Villarreal,47541,Santi Comesaña,Santiago,Comesaña Veiga,29.0,Spain,188,75,https://media.api-sports.io/football/players/47541.png,Midfielder,34.0,28.0,2413.0,6.89,3.0,6.0,21.0,7.0,1208.0,27.0,83.0,46.0,15.0,30.0,21.0,11.0,258.0,120.0,28.0,43.0,5.0,1.0
140,La Liga,2025,533,Villarreal,51016,T. Buchanan,Tajon Trevor,Buchanan,26.0,Canada,183,68,https://media.api-sports.io/football/players/51016.png,Attacker,34.0,21.0,1835.0,6.81,7.0,1.0,21.0,11.0,464.0,16.0,81.0,29.0,2.0,21.0,66.0,21.0,206.0,89.0,36.0,18.0,8.0,0.0
140,La Liga,2025,533,Villarreal,70500,Sergi Cardona,Sergi,Cardona Bermúdez,26.0,Spain,185,77,https://media.api-sports.io/football/players/70500.png,Defender,31.0,20.0,1970.0,6.75,1.0,4.0,16.0,5.0,738.0,21.0,81.0,47.0,9.0,36.0,14.0,4.0,184.0,92.0,23.0,28.0,4.0,0.0
140,La Liga,2025,533,Villarreal,162122,Adrià Alti,Adrià,Altimira Reynaldos,24.0,Spain,170,62,https://media.api-sports.io/football/players/162122.png,Defender,1.0,0.0,8.0,7,0.0,0.0,,,8.0,,100.0,1.0,,,,,1.0,1.0,,,0.0,0.0
140,La Liga,2025,533,Villarreal,182519,Alberto Moleiro,Alberto,Moleiro González,22.0,Spain,172,67,https://media.api-sports.io/football/players/182519.png,Midfielder,37.0,30.0,2491.0,6.89,10.0,5.0,39.0,20.0,814.0,37.0,79.0,30.0,3.0,12.0,67.0,33.0,264.0,93.0,27.0,33.0,4.0,0.0
140,La Liga,2025,533,Villarreal,184226,Yeremy Pino,Yeremy Jesús,Pino Santos,23.0,Spain,172,65,https://media.api-sports.io/football/players/184226.png,Midfielder,2.0,2.0,160.0,7.2,0.0,1.0,2.0,1.0,88.0,7.0,82.0,2.0,1.0,2.0,3.0,,10.0,2.0,,2.0,0.0,0.0
140,La Liga,2025,533,Villarreal,237066,Rafa Marín,Rafael,Marín Zamora,23.0,Spain,191,83,https://media.api-sports.io/football/players/237066.png,Defender,23.0,21.0,1981.0,7.03,1.0,0.0,5.0,1.0,1083.0,7.0,90.0,37.0,16.0,19.0,2.0,2.0,146.0,88.0,8.0,16.0,1.0,0.0
140,La Liga,2025,533,Villarreal,278619,Luíz Júnior,Luíz Lúcio,Reis Júnior,24.0,Brazil,194,88,https://media.api-sports.io/football/players/278619.png,Goalkeeper,28.0,28.0,2520.0,7.01,0.0,0.0,,,621.0,,69.0,,,1.0,,,15.0,11.0,4.0,2.0,3.0,0.0
140,La Liga,2025,533,Villarreal,302277,Rubén Gómez,Rubén,Gómez Peris,23.0,Spain,185,73,https://media.api-sports.io/football/players/302277.png,Goalkeeper,0.0,0.0,,,0.0,0.0,,,,,,,,,,,,,,,0.0,0.0
140,La Liga,2025,533,Villarreal,311773,S. Mouriño,Álvaro Santiago,Mouriño González,23.0,Uruguay,186,76,https://media.api-sports.io/football/players/311773.png,Defender,28.0,27.0,2385.0,6.98,1.0,2.0,11.0,3.0,1237.0,9.0,84.0,103.0,9.0,30.0,24.0,14.0,340.0,191.0,36.0,54.0,10.0,0.0
140,La Liga,2025,533,Villarreal,378284,Etta Eyong,Karl Edouard Blaise,Etta Eyong,22.0,Cameroon,181,75,https://media.api-sports.io/football/players/378284.png,Attacker,3.0,3.0,257.0,6.83,1.0,2.0,6.0,3.0,28.0,3.0,82.0,4.0,,,3.0,,20.0,9.0,4.0,3.0,0.0,0.0
140,La Liga,2025,539,Levante,378284,Etta Eyong,Karl Edouard Blaise,Etta Eyong,22.0,Cameroon,181,75,https://media.api-sports.io/football/players/378284.png,Attacker,30.0,15.0,1446.0,6.64,6.0,2.0,38.0,21.0,255.0,12.0,67.0,23.0,1.0,6.0,25.0,10.0,229.0,96.0,30.0,29.0,3.0,0.0
140,La Liga,2025,533,Villarreal,435552,Pau Navarro,Pau,Navarro Badenes,20.0,Spain,185,72,https://media.api-sports.io/football/players/435552.png,Defender,23.0,23.0,1925.0,6.72,0.0,0.0,2.0,2.0,973.0,4.0,88.0,65.0,16.0,18.0,11.0,7.0,209.0,109.0,11.0,34.0,4.0,0.0
140,La Liga,2025,533,Villarreal,484474,J. Valou,Jean Yves,Valou,20.0,Côte d'Ivoire,188,98,https://media.api-sports.io/football/players/484474.png,Defender,0.0,0.0,,,0.0,0.0,,,,,,,,,,,,,,,0.0,0.0
140,La Liga,2025,533,Villarreal,1461,Denis Suárez,Denis,Suárez Fernández,31.0,Spain,176,69,https://media.api-sports.io/football/players/1461.png,Midfielder,0.0,0.0,,,0.0,0.0,,,,,,,,,,,,,,,0.0,0.0
140,La Liga,2025,542,Alaves,1461,Denis Suárez,Denis,Suárez Fernández,31.0,Spain,176,69,https://media.api-sports.io/football/players/1461.png,Midfielder,30.0,15.0,1432.0,6.71,1.0,2.0,6.0,4.0,797.0,22.0,85.0,22.0,3.0,7.0,54.0,25.0,187.0,77.0,26.0,20.0,6.0,0.0
140,La Liga,2025,718,Oviedo,1695,Santi Cazorla,Santiago,Cazorla González,41.0,Spain,168,65,https://media.api-sports.io/football/players/1695.png,Midfielder,28.0,6.0,940.0,6.76,0.0,1.0,6.0,1.0,542.0,27.0,86.0,18.0,3.0,4.0,21.0,13.0,95.0,56.0,19.0,6.0,2.0,1.0
140,La Liga,2025,718,Oviedo,2461,S. Rondón,José Salomón,Rondón Giménez,36.0,Venezuela,186,86,https://media.api-sports.io/football/players/2461.png,Attacker,16.0,13.0,1037.0,6.58,2.0,0.0,20.0,5.0,206.0,5.0,71.0,3.0,1.0,1.0,19.0,9.0,160.0,77.0,21.0,11.0,2.0,0.0
140,La Liga,2025,718,Oviedo,3608,K. Sibo,Kwasi,Sibo,27.0,Ghana,182,72,https://media.api-sports.io/football/players/3608.png,Midfielder,26.0,21.0,1689.0,6.59,0.0,0.0,6.0,2.0,679.0,3.0,86.0,35.0,6.0,15.0,5.0,4.0,136.0,58.0,4.0,30.0,3.0,1.0
140,La Liga,2025,718,Oviedo,20844,H. Hassan,Haissem,Hassan,23.0,France,178,71,https://media.api-sports.io/football/players/20844.png,Midfielder,37.0,20.0,1943.0,6.81,0.0,3.0,24.0,8.0,497.0,20.0,80.0,39.0,,6.0,124.0,60.0,256.0,126.0,25.0,12.0,1.0,0.0
140,La Liga,2025,718,Oviedo,38699,L. Ilić,Luka,Ilić,26.0,Serbia,182,73,https://media.api-sports.io/football/players/38699.png,Midfielder,19.0,8.0,756.0,6.47,1.0,0.0,9.0,5.0,234.0,3.0,79.0,11.0,4.0,6.0,13.0,4.0,86.0,28.0,7.0,16.0,3.0,0.0
140,La Liga,2025,718,Oviedo,46657,Nacho Vidal,Ignacio,Vidal Miralles,30.0,Spain,180,75,https://media.api-sports.io/football/players/46657.png,Defender,29.0,27.0,2277.0,6.6,0.0,0.0,11.0,3.0,917.0,7.0,81.0,44.0,7.0,31.0,31.0,14.0,196.0,105.0,27.0,24.0,4.0,0.0
140,La Liga,2025,718,Oviedo,46673,Aarón Escandell,Aarón,Escandell Banacloche,30.0,Spain,185,71,https://media.api-sports.io/football/players/46673.png,Goalkeeper,36.0,36.0,3240.0,7.28,0.0,1.0,,,1243.0,2.0,66.0,,,,2.0,2.0,14.0,14.0,8.0,1.0,3.0,0.0
140,La Liga,2025,718,Oviedo,46862,Borja Sánchez,Borja,Sánchez Laborde,29.0,Spain,185,80,https://media.api-sports.io/football/players/46862.png,Midfielder,1.0,0.0,13.0,6.7,0.0,0.0,,,12.0,,83.0,,,,,,,,,,0.0,0.0
140,La Liga,2025,718,Oviedo,46966,Dani Calvo,Daniel Pedro,Calvo San Román,31.0,Spain,190,82,https://media.api-sports.io/football/players/46966.png,Defender,20.0,17.0,1617.0,7.05,0.0,0.0,3.0,,787.0,2.0,90.0,27.0,27.0,11.0,2.0,1.0,112.0,76.0,6.0,11.0,3.0,0.0
140,La Liga,2025,718,Oviedo,51530,F. Viñas,Federico Sebastián,Viñas Barboza,27.0,Uruguay,180,81,https://media.api-sports.io/football/players/51530.png,Attacker,33.0,28.0,2451.0,6.95,9.0,1.0,48.0,21.0,517.0,27.0,71.0,50.0,4.0,14.0,72.0,49.0,494.0,260.0,69.0,46.0,6.0,2.0
140,La Liga,2025,718,Oviedo,107140,Oier Luengo,Oier,Luengo Redondo,28.0,Spain,183,82,https://media.api-sports.io/football/players/107140.png,Defender,3.0,3.0,225.0,6.43,0.0,1.0,1.0,,88.0,1.0,88.0,6.0,2.0,2.0,,,16.0,9.0,1.0,2.0,1.0,0.0
140,La Liga,2025,718,Oviedo,182486,Alberto Reina,Alberto,Reina Campos,28.0,Spain,179,71,https://media.api-sports.io/football/players/182486.png,Midfielder,37.0,31.0,2487.0,6.71,4.0,1.0,19.0,11.0,1040.0,34.0,85.0,44.0,6.0,19.0,29.0,14.0,235.0,120.0,46.0,37.0,5.0,0.0
140,La Liga,2025,718,Oviedo,266202,I. Chaira,Ilyas,Chaira,24.0,Morocco,179,,https://media.api-sports.io/football/players/266202.png,Midfielder,36.0,30.0,2458.0,6.59,6.0,2.0,62.0,35.0,663.0,18.0,83.0,49.0,5.0,5.0,105.0,31.0,363.0,142.0,41.0,53.0,2.0,1.0
140,La Liga,2025,533,Villarreal,290740,Ilias Akhomach,Ilias,Akhomach Chakkour,21.0,Morocco,175,70,https://media.api-sports.io/football/players/290740.png,Attacker,9.0,2.0,185.0,6.54,0.0,0.0,5.0,2.0,61.0,5.0,85.0,8.0,2.0,,9.0,,42.0,16.0,7.0,9.0,1.0,0.0
140,La Liga,2025,728,Rayo Vallecano,290740,Ilias Akhomach,Ilias,Akhomach Chakkour,21.0,Morocco,175,70,https://media.api-sports.io/football/players/290740.png,Attacker,11.0,7.0,712.0,6.75,0.0,1.0,13.0,6.0,197.0,8.0,83.0,16.0,,2.0,34.0,13.0,115.0,58.0,29.0,9.0,2.0,0.0
140,La Liga,2025,718,Oviedo,295223,R. Alhassane,Abdel Rahim,Alhassane Bonkano,23.0,Niger,184,75,https://media.api-sports.io/football/players/295223.png,Defender,27.0,18.0,1726.0,6.63,0.0,0.0,,,720.0,17.0,79.0,34.0,6.0,32.0,17.0,8.0,113.0,71.0,8.0,10.0,2.0,0.0
140,La Liga,2025,718,Oviedo,297243,Miguel Narváez,Miguel,de Jesús Narváez López,23.0,Spain,188,,https://media.api-sports.io/football/players/297243.png,Goalkeeper,0.0,0.0,,,0.0,0.0,,,,,,,,,,,,,,,0.0,0.0
140,La Liga,2025,718,Oviedo,385405,Omar Falah,Omar,Falah Ruiz,22.0,Spain,,,https://media.api-sports.io/football/players/385405.png,Defender,1.0,0.0,13.0,6.6,0.0,0.0,,,7.0,,85.0,,,,1.0,,1.0,,,,0.0,0.0
140,La Liga,2025,718,Oviedo,402580,Marco Esteban,Marco,Esteban Fernández,19.0,Spain,183,75,https://media.api-sports.io/football/players/402580.png,Defender,1.0,0.0,45.0,6.3,0.0,0.0,,,13.0,,84.0,,,,,,,,,,0.0,0.0
140,La Liga,2025,533,Villarreal,411702,Pau Cabanes,Pau,Cabanes De La Torre,20.0,Spain,179,72,https://media.api-sports.io/football/players/411702.png,Attacker,1.0,0.0,16.0,6.5,0.0,0.0,,,5.0,,80.0,,,,,,1.0,,,,0.0,0.0
140,La Liga,2025,529,Barcelona,521,R. Lewandowski,Robert,Lewandowski,37.0,Poland,186,81,https://media.api-sports.io/football/players/521.png,Attacker,31.0,17.0,1657.0,6.77,14.0,2.0,49.0,29.0,336.0,14.0,79.0,5.0,,3.0,18.0,9.0,138.0,58.0,21.0,13.0,2.0,0.0
140,La Liga,2025,718,Oviedo,19613,O. Ejaria,Oviemuno Dominic,Ejaria,28.0,England,183,75,https://media.api-sports.io/football/players/19613.png,Attacker,8.0,2.0,196.0,6.69,0.0,0.0,2.0,1.0,108.0,1.0,87.0,4.0,,3.0,6.0,4.0,38.0,19.0,5.0,3.0,1.0,0.0
140,La Liga,2025,798,Mallorca,30924,M. Kumbulla,Marash,Kumbulla,25.0,Albania,191,78,https://media.api-sports.io/football/players/30924.png,Defender,8.0,5.0,438.0,6.63,0.0,0.0,3.0,,293.0,1.0,78.0,3.0,2.0,2.0,1.0,1.0,29.0,20.0,5.0,2.0,1.0,0.0
140,La Liga,2025,718,Oviedo,42642,H. Moldovan,Horaţiu Alexandru,Moldovan,27.0,Romania,189,72,https://media.api-sports.io/football/players/42642.png,Goalkeeper,2.0,2.0,180.0,6.7,0.0,0.0,,,80.0,,67.0,,,,,,,,,,0.0,0.0
140,La Liga,2025,797,Elche,46973,Josan,José Antonio,Ferrández Pomares,36.0,Spain,175,68,https://media.api-sports.io/football/players/46973.png,Midfielder,19.0,4.0,572.0,6.83,0.0,3.0,2.0,1.0,247.0,21.0,89.0,12.0,1.0,5.0,13.0,7.0,46.0,26.0,6.0,5.0,2.0,0.0
140,La Liga,2025,798,Mallorca,47399,Iván Cuéllar,Iván,Cuéllar Sacristán,41.0,Spain,187,76,https://media.api-sports.io/football/players/47399.png,Goalkeeper,0.0,0.0,,,0.0,0.0,,,,,,,,,,,,,,,0.0,0.0
140,La Liga,2025,532,Valencia,47527,S. Dimitrievski,Stole,Dimitrievski,32.0,North Macedonia,188,84,https://media.api-sports.io/football/players/47527.png,Goalkeeper,20.0,20.0,1800.0,7.09,0.0,0.0,,,655.0,,60.0,1.0,,1.0,,,12.0,11.0,4.0,,1.0,0.0
140,La Liga,2025,531,Athletic Club,128398,Oihan Sancet,Oihan,Sancet Tirapu,25.0,Spain,188,73,https://media.api-sports.io/football/players/128398.png,Midfielder,28.0,22.0,1803.0,6.61,4.0,0.0,37.0,15.0,596.0,27.0,81.0,25.0,2.0,4.0,30.0,16.0,199.0,88.0,28.0,28.0,4.0,1.0
140,La Liga,2025,531,Athletic Club,182617,Beñat Prados,Beñat,Prados Díaz,24.0,Spain,180,72,https://media.api-sports.io/football/players/182617.png,Midfielder,2.0,1.0,85.0,6.5,0.0,0.0,1.0,,49.0,2.0,75.0,3.0,,2.0,2.0,1.0,14.0,6.0,,5.0,1.0,0.0
140,La Liga,2025,718,Oviedo,191184,B. Dominguès,Brandon,Dominguès,25.0,France,172,63,https://media.api-sports.io/football/players/191184.png,Midfielder,0.0,0.0,,,0.0,0.0,,,,,,,,,,,,,,,0.0,0.0
140,La Liga,2025,548,Real Sociedad,268960,A. Zakharyan,Arsen,Zakharyan,22.0,Russia,182,73,https://media.api-sports.io/football/players/268960.png,Midfielder,17.0,3.0,448.0,6.48,0.0,0.0,8.0,3.0,216.0,10.0,79.0,10.0,,2.0,12.0,1.0,47.0,15.0,2.0,9.0,2.0,0.0
140,La Liga,2025,728,Rayo Vallecano,285505,Juanpe,Juan Pedro,Gil Bueno,24.0,Spain,185,74,https://media.api-sports.io/football/players/285505.png,Goalkeeper,0.0,0.0,,,0.0,0.0,,,,,,,,,,,,,,,0.0,0.0
140,La Liga,2025,718,Oviedo,286564,Álex Cardero,Alejandro,Suárez Cardero,22.0,Spain,175,68,https://media.api-sports.io/football/players/286564.png,Midfielder,0.0,0.0,,,0.0,0.0,,,,,,,,,,,,,,,0.0,0.0
140,La Liga,2025,538,Celta Vigo,286796,Damián Rodríguez,Damián,Rodríguez Sousa,22.0,Spain,180,75,https://media.api-sports.io/football/players/286796.png,Midfielder,2.0,2.0,151.0,6.4,0.0,0.0,3.0,,114.0,2.0,92.0,,,1.0,1.0,,5.0,,,3.0,1.0,0.0
140,La Liga,2025,548,Real Sociedad,287654,Jon Gorrotxategi,Jon,Gorrotxategi Etxaniz,23.0,Spain,177,,https://media.api-sports.io/football/players/287654.png,Midfielder,30.0,26.0,2215.0,6.76,1.0,3.0,7.0,1.0,1307.0,18.0,86.0,46.0,13.0,34.0,17.0,10.0,230.0,114.0,27.0,32.0,6.0,0.0
140,La Liga,2025,531,Athletic Club,332308,Unai Gómez,Unai,Gómez Etxebarria,22.0,Spain,183,75,https://media.api-sports.io/football/players/332308.png,Midfielder,26.0,12.0,949.0,6.48,1.0,1.0,18.0,7.0,222.0,8.0,75.0,14.0,1.0,1.0,15.0,6.0,110.0,42.0,6.0,12.0,1.0,0.0
140,La Liga,2025,718,Oviedo,438123,Lamine Gueye,Mouhamed Lamine,Gueye,21.0,Senegal,,,https://media.api-sports.io/football/players/438123.png,Attacker,0.0,0.0,,,0.0,0.0,,,,,,,,,,,,,,,0.0,0.0
140,La Liga,2025,718,Oviedo,443152,Cheli,José Luis,Pereda López,20.0,Spain,,,https://media.api-sports.io/football/players/443152.png,Midfielder,0.0,0.0,,,0.0,0.0,,,,,,,,,,,,,,,0.0,0.0
140,La Liga,2025,543,Real Betis,450714,Ivan Corralejo,Iván,Corralejo Mantero,18.0,Spain,,,https://media.api-sports.io/football/players/450714.png,Midfielder,1.0,0.0,14.0,6.3,0.0,0.0,,,7.0,,100.0,,,,,,5.0,1.0,1.0,1.0,0.0,0.0
140,La Liga,2025,530,Atletico Madrid,451594,Alejandro Monserrate,Alejandro,Monserrate Pueyo,19.0,Spain,177,,https://media.api-sports.io/football/players/451594.png,Midfielder,2.0,0.0,28.0,6.45,0.0,0.0,1.0,1.0,14.0,,92.0,2.0,,,2.0,1.0,10.0,5.0,1.0,2.0,0.0,0.0
140,La Liga,2025,547,Girona,20,A. Witsel,Axel Laurent Angel,Lambert Witsel,36.0,Belgium,186,81,https://media.api-sports.io/football/players/20.png,Defender,32.0,30.0,2533.0,6.85,1.0,2.0,16.0,5.0,1467.0,17.0,91.0,36.0,11.0,30.0,14.0,10.0,242.0,129.0,37.0,34.0,2.0,0.0
140,La Liga,2025,718,Oviedo,885,E. Bailly,Eric Bertrand,Bailly,31.0,Côte d'Ivoire,187,77,https://media.api-sports.io/football/players/885.png,Defender,15.0,15.0,1236.0,6.97,1.0,0.0,4.0,1.0,562.0,3.0,85.0,12.0,19.0,17.0,7.0,5.0,104.0,65.0,7.0,13.0,3.0,0.0
140,La Liga,2025,541,Real Madrid,2285,A. Rüdiger,Antonio,Rüdiger,32.0,Germany,190,85,https://media.api-sports.io/football/players/2285.png,Defender,18.0,16.0,1492.0,6.91,1.0,0.0,10.0,1.0,1172.0,3.0,93.0,14.0,4.0,4.0,1.0,,72.0,46.0,2.0,11.0,0.0,0.0
140,La Liga,2025,547,Girona,2617,C. Stuani,Cristhian Ricardo,Stuani Curbelo,39.0,Uruguay,186,76,https://media.api-sports.io/football/players/2617.png,Attacker,21.0,1.0,430.0,6.69,5.0,0.0,16.0,12.0,64.0,2.0,65.0,5.0,,1.0,2.0,2.0,70.0,36.0,11.0,12.0,4.0,0.0
140,La Liga,2025,718,Oviedo,2762,J. Brekalo,Josip,Brekalo,27.0,Croatia,175,70,https://media.api-sports.io/football/players/2762.png,Midfielder,14.0,6.0,483.0,6.61,0.0,0.0,8.0,3.0,209.0,11.0,72.0,12.0,,3.0,11.0,4.0,48.0,22.0,6.0,7.0,1.0,0.0
140,La Liga,2025,718,Oviedo,2922,L. Dendoncker,Leander,Dendoncker,30.0,Belgium,188,83,https://media.api-sports.io/football/players/2922.png,Midfielder,19.0,15.0,1339.0,6.77,1.0,0.0,7.0,4.0,554.0,6.0,86.0,36.0,7.0,12.0,8.0,4.0,123.0,66.0,3.0,12.0,2.0,0.0
140,La Liga,2025,718,Oviedo,30927,S. Colombatto,Santiago,Colombatto,28.0,Argentina,180,71,https://media.api-sports.io/football/players/30927.png,Midfielder,32.0,23.0,2069.0,6.78,0.0,1.0,11.0,2.0,1018.0,24.0,85.0,43.0,6.0,14.0,7.0,5.0,185.0,100.0,41.0,44.0,6.0,0.0
140,La Liga,2025,546,Getafe,46795,Domingos Duarte,Domingos,de Sousa Coutinho Meneses Duar,30.0,Portugal,192,80,https://media.api-sports.io/football/players/46795.png,Defender,34.0,34.0,2928.0,6.66,1.0,1.0,12.0,4.0,900.0,2.0,76.0,33.0,16.0,34.0,1.0,,237.0,134.0,24.0,32.0,12.0,0.0
140,La Liga,2025,718,Oviedo,47429,David Costas,David,Costas Cordal,30.0,Spain,184,71,https://media.api-sports.io/football/players/47429.png,Defender,25.0,22.0,2075.0,6.8,1.0,0.0,5.0,1.0,1025.0,5.0,88.0,26.0,18.0,27.0,9.0,7.0,146.0,90.0,10.0,16.0,3.0,0.0
140,La Liga,2025,546,Getafe,47472,Borja Mayoral,Borja,Mayoral Moya,28.0,Spain,182,68,https://media.api-sports.io/football/players/47472.png,Attacker,16.0,12.0,1067.0,6.7,4.0,1.0,10.0,7.0,264.0,5.0,81.0,5.0,2.0,5.0,9.0,6.0,95.0,33.0,7.0,6.0,0.0,0.0
140,La Liga,2025,547,Girona,47547,Álex Moreno,Alexandre,Moreno Lopera,32.0,Spain,179,68,https://media.api-sports.io/football/players/47547.png,Defender,31.0,28.0,2562.0,6.67,0.0,3.0,12.0,5.0,1054.0,16.0,83.0,43.0,10.0,30.0,72.0,35.0,240.0,118.0,20.0,32.0,5.0,0.0
140,La Liga,2025,536,Sevilla,48471,R. Vargas,Rubén Estephan,Vargas Martínez,27.0,Switzerland,177,77,https://media.api-sports.io/football/players/48471.png,Midfielder,24.0,20.0,1608.0,6.74,3.0,6.0,24.0,8.0,561.0,28.0,73.0,19.0,1.0,7.0,48.0,21.0,157.0,77.0,17.0,13.0,2.0,0.0
140,La Liga,2025,547,Girona,297304,D. Camara,Dawda,Camara Sankharé,23.0,Mauritania,178,74,https://media.api-sports.io/football/players/297304.png,Attacker,2.0,1.0,71.0,6.5,0.0,0.0,1.0,1.0,10.0,2.0,70.0,1.0,,1.0,,,8.0,2.0,,2.0,0.0,0.0
140,La Liga,2025,543,Real Betis,300885,N. Deossa,Nelson Alexander,Deossa Suárez,25.0,Colombia,185,71,https://media.api-sports.io/football/players/300885.png,Midfielder,20.0,8.0,736.0,6.81,0.0,0.0,12.0,,320.0,8.0,83.0,14.0,,5.0,36.0,28.0,155.0,93.0,24.0,18.0,3.0,0.0
140,La Liga,2025,533,Villarreal,336671,Renato Veiga,Renato,da Palma Veiga,22.0,Portugal,190,88,https://media.api-sports.io/football/players/336671.png,Midfielder,32.0,27.0,2485.0,6.76,0.0,0.0,6.0,3.0,1543.0,3.0,88.0,19.0,30.0,24.0,4.0,,140.0,74.0,6.0,24.0,5.0,1.0
140,La Liga,2025,540,Espanyol,359603,L. Koleosho,Luca,Warrick Daeovie Koleosho,21.0,Italy,175,68,https://media.api-sports.io/football/players/359603.png,Attacker,3.0,0.0,60.0,6.6,0.0,0.0,,,24.0,1.0,95.0,1.0,,1.0,7.0,4.0,13.0,5.0,,3.0,0.0,0.0
140,La Liga,2025,543,Real Betis,392455,Germán García,Germán,García Fernández,21.0,Spain,185,75,https://media.api-sports.io/football/players/392455.png,Goalkeeper,0.0,0.0,,,0.0,0.0,,,,,,,,,,,,,,,0.0,0.0
140,La Liga,2025,536,Sevilla,438263,Miguel Ángel,Miguel Ángel,Sierra Ortega,21.0,Spain,181,,https://media.api-sports.io/football/players/438263.png,Attacker,0.0,0.0,,,0.0,0.0,,,,,,,,,,,,,,,0.0,0.0
140,La Liga,2025,542,Alaves,439032,Rubén Montero,Rubén,Montero Fernández,20.0,Spain,183,,https://media.api-sports.io/football/players/439032.png,Goalkeeper,0.0,0.0,,,0.0,0.0,,,,,,,,,,,,,,,0.0,0.0
140,La Liga,2025,546,Getafe,465838,Alberto Risco,Alberto,Risco Alcántara,20.0,Spain,157,42,https://media.api-sports.io/football/players/465838.png,Midfielder,0.0,0.0,,,0.0,0.0,,,,,,,,,,,,,,,0.0,0.0
140,La Liga,2025,536,Sevilla,557,O. Vlachodimos,Odysseas,Vlachodimos,31.0,Greece,188,78,https://media.api-sports.io/football/players/557.png,Goalkeeper,33.0,33.0,2970.0,7,0.0,0.0,,,969.0,,63.0,,,1.0,1.0,1.0,8.0,7.0,2.0,,2.0,0.0
140,La Liga,2025,529,Barcelona,851,W. Szczęsny,Wojciech Tomasz,Szczęsny,35.0,Poland,195,96,https://media.api-sports.io/football/players/851.png,Goalkeeper,8.0,8.0,720.0,6.99,0.0,0.0,,,235.0,,83.0,,,,,,1.0,1.0,,,0.0,0.0
140,La Liga,2025,539,Levante,2741,M. Ryan,Mathew David,Ryan,33.0,Australia,184,83,https://media.api-sports.io/football/players/2741.png,Goalkeeper,36.0,36.0,3240.0,7.24,0.0,0.0,1.0,,1140.0,,70.0,2.0,,1.0,,,23.0,21.0,1.0,,4.0,0.0
140,La Liga,2025,536,Sevilla,11421,G. Suazo,Gabriel Alonso,Suazo Urbina,28.0,Chile,178,72,https://media.api-sports.io/football/players/11421.png,Defender,29.0,25.0,2096.0,6.75,0.0,1.0,4.0,2.0,1026.0,36.0,83.0,86.0,5.0,30.0,26.0,15.0,236.0,128.0,15.0,33.0,7.0,0.0
140,La Liga,2025,543,Real Betis,47302,Diego Llorente,Diego Javier,Llorente Ríos,32.0,Spain,186,75,https://media.api-sports.io/football/players/47302.png,Defender,18.0,14.0,1226.0,7.08,1.0,0.0,4.0,3.0,730.0,1.0,90.0,28.0,10.0,27.0,2.0,1.0,117.0,72.0,13.0,13.0,5.0,0.0
140,La Liga,2025,543,Real Betis,47341,Marc Roca,Marc,Roca Junqué,29.0,Spain,184,77,https://media.api-sports.io/football/players/47341.png,Midfielder,29.0,23.0,2025.0,6.78,1.0,1.0,13.0,7.0,1074.0,19.0,88.0,38.0,9.0,23.0,14.0,11.0,178.0,81.0,23.0,42.0,1.0,0.0
140,La Liga,2025,540,Espanyol,48555,C. Pickel,Charles,Monginda Pickel,28.0,Switzerland,187,76,https://media.api-sports.io/football/players/48555.png,Midfielder,24.0,4.0,712.0,6.53,1.0,0.0,6.0,4.0,250.0,2.0,80.0,13.0,3.0,6.0,6.0,5.0,87.0,39.0,2.0,15.0,3.0,1.0
140,La Liga,2025,536,Sevilla,119213,Alfon González,Alfonso,González Martínez,26.0,Spain,172,60,https://media.api-sports.io/football/players/119213.png,Midfielder,10.0,4.0,321.0,6.58,1.0,0.0,7.0,7.0,73.0,6.0,82.0,1.0,,1.0,15.0,4.0,40.0,13.0,6.0,3.0,0.0,0.0
140,La Liga,2025,533,Villarreal,119213,Alfon González,Alfonso,González Martínez,26.0,Spain,172,60,https://media.api-sports.io/football/players/119213.png,Attacker,10.0,3.0,334.0,6.52,1.0,0.0,4.0,3.0,59.0,3.0,81.0,2.0,,1.0,8.0,2.0,35.0,6.0,2.0,7.0,0.0,0.0
140,La Liga,2025,533,Villarreal,122956,Diego Conde,Diego José,Conde Alcolado,27.0,Spain,188,78,https://media.api-sports.io/football/players/122956.png,Goalkeeper,0.0,0.0,,,0.0,0.0,,,,,,,,,,,,,,,0.0,0.0
140,La Liga,2025,533,Villarreal,162473,Arnau Tenas,Arnau,Tenas Ureña,24.0,Spain,185,85,https://media.api-sports.io/football/players/162473.png,Goalkeeper,10.0,10.0,901.0,6.91,0.0,0.0,,,284.0,,63.0,1.0,,,,,2.0,2.0,1.0,,0.0,0.0
140,La Liga,2025,529,Barcelona,181701,Gerard Martín,Gerard,Martín Langreo,23.0,Spain,186,82,https://media.api-sports.io/football/players/181701.png,Defender,32.0,26.0,2140.0,7.06,0.0,0.0,5.0,4.0,1947.0,13.0,91.0,40.0,8.0,28.0,9.0,6.0,146.0,97.0,7.0,16.0,6.0,0.0
140,La Liga,2025,539,Levante,182603,Jon Ander Olasagasti,Jon Ander,Olasagasti Imizcoz,25.0,Spain,176,74,https://media.api-sports.io/football/players/182603.png,Midfielder,33.0,18.0,1748.0,6.82,1.0,5.0,18.0,9.0,667.0,36.0,76.0,28.0,8.0,13.0,25.0,12.0,194.0,102.0,33.0,20.0,3.0,1.0
140,La Liga,2025,798,Mallorca,190485,Samú Costa,Samuel,de Almeida Costa,25.0,Portugal,183,75,https://media.api-sports.io/football/players/190485.png,Midfielder,34.0,31.0,2705.0,6.99,7.0,2.0,31.0,16.0,1268.0,17.0,79.0,65.0,13.0,26.0,49.0,14.0,421.0,217.0,68.0,64.0,11.0,0.0
140,La Liga,2025,540,Espanyol,282054,C. Riedel,Clemens,Riedel,22.0,Germany,186,83,https://media.api-sports.io/football/players/282054.png,Defender,20.0,16.0,1402.0,6.82,0.0,1.0,2.0,1.0,810.0,4.0,88.0,28.0,7.0,11.0,1.0,1.0,130.0,70.0,7.0,23.0,5.0,0.0
140,La Liga,2025,727,Osasuna,288800,Iker Benito,Iker,Benito Sánchez,23.0,Spain,176,71,https://media.api-sports.io/football/players/288800.png,Attacker,6.0,1.0,171.0,6.85,1.0,0.0,2.0,1.0,75.0,2.0,81.0,1.0,1.0,2.0,3.0,1.0,18.0,6.0,3.0,3.0,1.0,0.0
140,La Liga,2025,536,Sevilla,341453,Oso,Joaquín,Martínez Gauna,22.0,Spain,183,,https://media.api-sports.io/football/players/341453.png,Defender,21.0,14.0,1409.0,6.8,2.0,3.0,13.0,8.0,441.0,21.0,75.0,27.0,3.0,7.0,31.0,17.0,144.0,75.0,16.0,12.0,1.0,0.0
140,La Liga,2025,533,Villarreal,351587,T. Oluwaseyi,Tanitoluwa,Oluwatimikhin Oluwaseyi,25.0,Nigeria,191,80,https://media.api-sports.io/football/players/351587.png,Attacker,27.0,9.0,922.0,6.49,2.0,2.0,13.0,7.0,112.0,6.0,63.0,7.0,3.0,1.0,22.0,9.0,128.0,46.0,8.0,11.0,1.0,0.0
140,La Liga,2025,536,Sevilla,437594,Alex Costa,Alejandro,Costa Quijano,22.0,Spain,189,,https://media.api-sports.io/football/players/437594.png,Attacker,0.0,0.0,,,0.0,0.0,,,,,,,,,,,,,,,0.0,0.0
140,La Liga,2025,798,Mallorca,491248,Jan Virgili,Jan,Virgili Tenas,19.0,Spain,,,https://media.api-sports.io/football/players/491248.png,Attacker,31.0,19.0,1804.0,6.61,2.0,4.0,21.0,16.0,407.0,30.0,75.0,15.0,2.0,7.0,113.0,51.0,258.0,104.0,24.0,22.0,0.0,1.0
140,La Liga,2025,533,Villarreal,514913,Hugo López,Hugo,López Cortés,18.0,Spain,,,https://media.api-sports.io/football/players/514913.png,Attacker,2.0,1.0,55.0,6.4,0.0,0.0,,,5.0,,100.0,1.0,,1.0,1.0,,6.0,1.0,,2.0,0.0,0.0
140,La Liga,2025,542,Alaves,608,L. Boyé,Lucas Ariel,Boyé,29.0,Argentina,179,81,https://media.api-sports.io/football/players/608.png,Attacker,29.0,22.0,1959.0,6.73,11.0,1.0,47.0,21.0,419.0,28.0,72.0,35.0,6.0,7.0,74.0,37.0,387.0,143.0,39.0,57.0,3.0,0.0
140,La Liga,2025,533,Villarreal,697,M. Solomon,Manor,Solomon,26.0,Israel,170,66,https://media.api-sports.io/football/players/697.png,Attacker,6.0,1.0,153.0,6.85,1.0,1.0,1.0,1.0,49.0,2.0,85.0,1.0,,,11.0,6.0,19.0,9.0,2.0,,0.0,0.0
140,La Liga,2025,532,Valencia,1482,Thierry Correia,Thierry,Rendall Correia,26.0,Portugal,176,69,https://media.api-sports.io/football/players/1482.png,Defender,24.0,17.0,1394.0,6.55,0.0,2.0,2.0,1.0,648.0,13.0,81.0,31.0,,17.0,16.0,8.0,152.0,78.0,25.0,28.0,5.0,0.0
140,La Liga,2025,547,Girona,2061,Bryan Gil,Bryan,Gil Salvatierra,24.0,Spain,175,60,https://media.api-sports.io/football/players/2061.png,Attacker,29.0,20.0,1597.0,6.52,0.0,3.0,15.0,7.0,517.0,21.0,83.0,31.0,1.0,9.0,81.0,33.0,250.0,105.0,37.0,20.0,6.0,0.0
140,La Liga,2025,532,Valencia,6010,L. Beltrán,Lucas,Beltrán,24.0,Argentina,174,75,https://media.api-sports.io/football/players/6010.png,Midfielder,27.0,16.0,1366.0,6.6,1.0,2.0,22.0,9.0,391.0,13.0,78.0,22.0,1.0,4.0,29.0,16.0,226.0,102.0,39.0,26.0,1.0,0.0
140,La Liga,2025,533,Villarreal,18906,Ayoze Pérez,Ayoze,Pérez Gutiérrez,32.0,Spain,178,66,https://media.api-sports.io/football/players/18906.png,Attacker,25.0,12.0,1127.0,6.78,5.0,4.0,17.0,11.0,256.0,16.0,75.0,22.0,,4.0,39.0,13.0,179.0,72.0,23.0,17.0,4.0,0.0
140,La Liga,2025,530,Atletico Madrid,26315,N. González,Nicolás Iván,González,27.0,Argentina,180,72,https://media.api-sports.io/football/players/26315.png,Midfielder,24.0,18.0,1460.0,6.91,5.0,0.0,37.0,20.0,534.0,12.0,76.0,24.0,3.0,12.0,47.0,24.0,237.0,123.0,25.0,28.0,4.0,1.0
140,La Liga,2025,718,Oviedo,41970,David Carmo,David,Mota Veiga Teixeira Carmo,26.0,Portugal,196,84,https://media.api-sports.io/football/players/41970.png,Defender,22.0,20.0,1787.0,6.79,1.0,0.0,8.0,3.0,1017.0,7.0,82.0,34.0,18.0,21.0,3.0,2.0,163.0,101.0,4.0,20.0,7.0,0.0
140,La Liga,2025,538,Celta Vigo,47988,C. Starfelt,Carl Anders Theodor,Starfelt,30.0,Sweden,187,83,https://media.api-sports.io/football/players/47988.png,Defender,19.0,17.0,1493.0,6.86,0.0,0.0,4.0,1.0,1015.0,1.0,95.0,23.0,13.0,17.0,2.0,1.0,105.0,62.0,8.0,19.0,2.0,0.0
140,La Liga,2025,547,Girona,129678,A. Ounahi,Azzedine,Ounahi,25.0,Morocco,182,62,https://media.api-sports.io/football/players/129678.png,Midfielder,24.0,20.0,1766.0,7.27,5.0,2.0,35.0,19.0,907.0,36.0,85.0,23.0,1.0,16.0,132.0,69.0,310.0,159.0,63.0,18.0,7.0,0.0
140,La Liga,2025,532,Valencia,138776,L. Ramazani,Largie,Ramazani,24.0,Belgium,167,55,https://media.api-sports.io/football/players/138776.png,Attacker,27.0,11.0,1250.0,6.82,6.0,1.0,34.0,19.0,316.0,16.0,74.0,14.0,,14.0,55.0,22.0,164.0,59.0,20.0,17.0,4.0,0.0
140,La Liga,2025,547,Girona,161670,V. Vanat,Vladyslav,Vanat,24.0,Ukraine,182,69,https://media.api-sports.io/football/players/161670.png,Attacker,27.0,27.0,1960.0,6.64,9.0,1.0,22.0,18.0,272.0,12.0,77.0,5.0,1.0,3.0,19.0,9.0,135.0,48.0,17.0,28.0,4.0,0.0
140,La Liga,2025,533,Villarreal,180496,G. Mikautadze,Georges,Mikautadze,25.0,Georgia,176,71,https://media.api-sports.io/football/players/180496.png,Attacker,32.0,23.0,2117.0,6.96,13.0,6.0,54.0,32.0,400.0,28.0,75.0,6.0,1.0,5.0,68.0,33.0,204.0,94.0,45.0,13.0,1.0,0.0
140,La Liga,2025,532,Valencia,297743,Javier Navarro Girona,Javier,Navarro Girona,21.0,Spain,,,https://media.api-sports.io/football/players/297743.png,Midfielder,0.0,0.0,,,0.0,0.0,,,,,,,,,,,,,,,0.0,0.0
140,La Liga,2025,529,Barcelona,338958,R. Bardghji,Roony,Bardghji,20.0,Sweden,173,73,https://media.api-sports.io/football/players/338958.png,Midfielder,21.0,7.0,661.0,6.64,1.0,1.0,18.0,12.0,336.0,14.0,88.0,6.0,,2.0,41.0,22.0,77.0,37.0,8.0,7.0,0.0,0.0
140,La Liga,2025,532,Valencia,406043,Lucas Nuñez,Lucas,Nuñez Ramirez,19.0,Spain,183,,https://media.api-sports.io/football/players/406043.png,Midfielder,0.0,0.0,,,0.0,0.0,,,,,,,,,,,,,,,0.0,0.0
140,La Liga,2025,532,Valencia,406046,Pablo López,Pablo,López Gómez,19.0,Spain,175,65,https://media.api-sports.io/football/players/406046.png,Attacker,0.0,0.0,,,0.0,0.0,,,,,,,,,,,,,,,0.0,0.0
140,La Liga,2025,548,Real Sociedad,431160,T. Folgado,Theo Mickael Kevin,Folgado,20.0,Spain,,,https://media.api-sports.io/football/players/431160.png,Goalkeeper,0.0,0.0,,,0.0,0.0,,,,,,,,,,,,,,,0.0,0.0
140,La Liga,2025,529,Barcelona,433396,Marc Bernal,Marc,Bernal Casas,18.0,Spain,193,87,https://media.api-sports.io/football/players/433396.png,Midfielder,22.0,9.0,795.0,6.91,2.0,1.0,4.0,2.0,591.0,5.0,92.0,27.0,2.0,12.0,14.0,11.0,116.0,65.0,11.0,16.0,5.0,0.0
140,La Liga,2025,531,Athletic Club,437637,Mikel Santos,Mikel,Santos Linares,21.0,Spain,182,,https://media.api-sports.io/football/players/437637.png,Goalkeeper,0.0,0.0,,,0.0,0.0,,,,,,,,,,,,,,,0.0,0.0
140,La Liga,2025,543,Real Betis,74,S. Amrabat,Sofyan,Amrabat,29.0,Morocco,183,82,https://media.api-sports.io/football/players/74.png,Midfielder,17.0,14.0,1296.0,6.98,0.0,0.0,5.0,1.0,897.0,7.0,91.0,25.0,4.0,11.0,8.0,6.0,102.0,54.0,19.0,22.0,4.0,0.0
140,La Liga,2025,547,Girona,155,Abel Ruiz,Abel,Ruiz Ortega,25.0,Spain,182,73,https://media.api-sports.io/football/players/155.png,Attacker,9.0,0.0,194.0,6.47,0.0,0.0,2.0,1.0,36.0,2.0,77.0,1.0,,1.0,1.0,1.0,20.0,7.0,1.0,2.0,0.0,0.0
140,La Liga,2025,547,Girona,547,D. van de Beek,Donny,van de Beek,28.0,Netherlands,184,76,https://media.api-sports.io/football/players/547.png,Midfielder,2.0,1.0,41.0,6.7,0.0,0.0,2.0,1.0,13.0,,92.0,,1.0,,,,,,,,0.0,0.0
140,La Liga,2025,547,Girona,1305,D. Livaković,Dominik,Livaković,31.0,Croatia,188,79,https://media.api-sports.io/football/players/1305.png,Goalkeeper,0.0,0.0,,,0.0,0.0,,,,,,,,,,,,,,,0.0,0.0
140,La Liga,2025,543,Real Betis,9971,Antony,Antony Matheus,dos Santos,25.0,Brazil,174,63,https://media.api-sports.io/football/players/9971.png,Midfielder,32.0,30.0,2459.0,7.21,8.0,6.0,67.0,34.0,1197.0,56.0,81.0,40.0,1.0,23.0,58.0,27.0,228.0,118.0,44.0,20.0,6.0,1.0
140,La Liga,2025,546,Getafe,18794,Kiko Femenía,Francisco,Femenía Far,34.0,Spain,176,61,https://media.api-sports.io/football/players/18794.png,Defender,28.0,25.0,2020.0,6.59,1.0,1.0,7.0,3.0,601.0,17.0,77.0,39.0,2.0,34.0,19.0,6.0,151.0,74.0,11.0,21.0,6.0,0.0
140,La Liga,2025,539,Levante,20817,G. Koyalipou,Goduine,Koyalipou,25.0,France,184,82,https://media.api-sports.io/football/players/20817.png,Attacker,11.0,2.0,239.0,6.56,1.0,0.0,5.0,4.0,54.0,1.0,57.0,4.0,,1.0,15.0,9.0,49.0,21.0,1.0,2.0,1.0,0.0
140,La Liga,2025,798,Mallorca,26302,Pablo Maffeo,Pablo Carmine,Maffeo Becerra,28.0,Spain,172,70,https://media.api-sports.io/football/players/26302.png,Defender,31.0,30.0,2672.0,6.88,1.0,2.0,5.0,1.0,932.0,20.0,76.0,67.0,22.0,34.0,54.0,34.0,257.0,155.0,23.0,26.0,11.0,0.0
140,La Liga,2025,727,Osasuna,37938,S. Becker,Sheraldo Rudi,Becker,30.0,Suriname,180,77,https://media.api-sports.io/football/players/37938.png,Attacker,9.0,0.0,171.0,6.58,0.0,0.0,1.0,,45.0,2.0,71.0,2.0,,3.0,2.0,,16.0,3.0,1.0,4.0,0.0,0.0
140,La Liga,2025,546,Getafe,41976,Y. Neyou,Yvan Latour,Neyou Noupa,28.0,Cameroon,180,63,https://media.api-sports.io/football/players/41976.png,Defender,5.0,0.0,73.0,6.43,0.0,0.0,,,18.0,,83.0,,,,1.0,,10.0,2.0,2.0,4.0,2.0,0.0
140,La Liga,2025,546,Getafe,46813,A. Abqar,Abdelkabir,Abqar,26.0,Morocco,188,80,https://media.api-sports.io/football/players/46813.png,Defender,23.0,17.0,1440.0,6.73,0.0,2.0,6.0,1.0,440.0,4.0,72.0,39.0,8.0,21.0,7.0,2.0,160.0,99.0,36.0,29.0,10.0,1.0
140,La Liga,2025,728,Rayo Vallecano,91745,Alemão,Alexandre,Zurawski,27.0,Brazil,182,88,https://media.api-sports.io/football/players/91745.png,Attacker,26.0,11.0,1149.0,6.53,4.0,0.0,20.0,12.0,184.0,7.0,68.0,6.0,2.0,1.0,13.0,7.0,148.0,59.0,27.0,23.0,3.0,0.0
140,La Liga,2025,539,Levante,125239,K. Arriaga,Kervin Fabián,Arriaga Villanueva,27.0,Honduras,191,77,https://media.api-sports.io/football/players/125239.png,Midfielder,27.0,16.0,1544.0,6.96,3.0,3.0,12.0,6.0,715.0,7.0,82.0,41.0,14.0,14.0,19.0,8.0,204.0,116.0,22.0,22.0,7.0,0.0
140,La Liga,2025,718,Oviedo,131548,Lucas Ahijado,Lucas,Ahijado Quintana,30.0,Spain,173,67,https://media.api-sports.io/football/players/131548.png,Defender,20.0,11.0,1100.0,6.65,0.0,1.0,6.0,2.0,427.0,9.0,79.0,46.0,4.0,17.0,27.0,16.0,114.0,72.0,3.0,14.0,3.0,0.0
140,La Liga,2025,543,Real Betis,181421,A. Ezzalzouli,Abdessamad,Ezzalzouli,24.0,Morocco,177,73,https://media.api-sports.io/football/players/181421.png,Attacker,29.0,26.0,2255.0,7.32,10.0,8.0,53.0,26.0,798.0,32.0,79.0,53.0,1.0,16.0,86.0,39.0,375.0,194.0,71.0,28.0,3.0,0.0
140,La Liga,2025,718,Oviedo,182636,Javi López,Javier,López Carballo,23.0,Spain,184,80,https://media.api-sports.io/football/players/182636.png,Defender,25.0,20.0,1726.0,6.54,0.0,1.0,3.0,1.0,743.0,19.0,79.0,43.0,2.0,20.0,40.0,18.0,203.0,99.0,26.0,38.0,3.0,1.0
140,La Liga,2025,546,Getafe,284441,A. Kamara,Abu,Kamara,22.0,England,186,81,https://media.api-sports.io/football/players/284441.png,Attacker,12.0,1.0,264.0,6.47,0.0,0.0,3.0,1.0,76.0,3.0,68.0,4.0,1.0,2.0,9.0,2.0,37.0,13.0,4.0,2.0,1.0,0.0
140,La Liga,2025,543,Real Betis,289554,D. Bladi,Darling,Bladi,21.0,France,164,,https://media.api-sports.io/football/players/289554.png,Defender,0.0,0.0,,,0.0,0.0,,,,,,,,,,,,,,,0.0,0.0
140,La Liga,2025,728,Rayo Vallecano,478243,Marco de las Sías,Marco,de las Sías López,20.0,Spain,180,74,https://media.api-sports.io/football/players/478243.png,Defender,0.0,0.0,,,0.0,0.0,,,,,,,,,,,,,,,0.0,0.0
140,La Liga,2025,728,Rayo Vallecano,478244,Adrián Molina,Adrián,Molina Colorado,20.0,Spain,,,https://media.api-sports.io/football/players/478244.png,Goalkeeper,0.0,0.0,,,0.0,0.0,,,,,,,,,,,,,,,0.0,0.0
140,La Liga,2025,548,Real Sociedad,737,Odriozola,Álvaro,Odriozola Arzallus,30.0,Spain,176,66,https://media.api-sports.io/football/players/737.png,Defender,5.0,2.0,202.0,7.1,1.0,0.0,1.0,1.0,28.0,3.0,85.0,5.0,2.0,1.0,2.0,,15.0,9.0,3.0,1.0,0.0,0.0
140,La Liga,2025,536,Sevilla,910,A. Sánchez,Alexis Alejandro,Sánchez Sánchez,37.0,Chile,169,62,https://media.api-sports.io/football/players/910.png,Attacker,28.0,11.0,1305.0,6.63,4.0,2.0,19.0,9.0,444.0,26.0,74.0,22.0,,7.0,22.0,8.0,150.0,70.0,26.0,16.0,3.0,0.0
140,La Liga,2025,548,Real Sociedad,930,Carlos Soler,Carlos,Soler Barragán,28.0,Spain,180,76,https://media.api-sports.io/football/players/930.png,Midfielder,33.0,26.0,2332.0,6.98,4.0,3.0,29.0,19.0,1195.0,46.0,86.0,38.0,10.0,15.0,20.0,13.0,162.0,79.0,20.0,28.0,3.0,1.0
140,La Liga,2025,541,Real Madrid,2207,E. Camavinga,Eduardo,Celmi Camavinga,23.0,France,182,68,https://media.api-sports.io/football/players/2207.png,Midfielder,29.0,16.0,1532.0,7.07,1.0,0.0,10.0,2.0,1086.0,15.0,91.0,65.0,11.0,14.0,20.0,13.0,189.0,119.0,31.0,34.0,2.0,0.0
140,La Liga,2025,536,Sevilla,2280,César Azpilicueta,César,Azpilicueta Tanco,36.0,Spain,178,76,https://media.api-sports.io/football/players/2280.png,Defender,17.0,17.0,1218.0,6.84,0.0,1.0,1.0,,702.0,3.0,88.0,27.0,9.0,22.0,5.0,2.0,110.0,59.0,9.0,24.0,4.0,0.0
140,La Liga,2025,797,Elche,18821,G. Diangana,Grady George,Diangana,27.0,England,180,73,https://media.api-sports.io/football/players/18821.png,Attacker,20.0,13.0,929.0,6.51,1.0,0.0,7.0,2.0,294.0,10.0,83.0,14.0,3.0,4.0,32.0,10.0,121.0,49.0,19.0,15.0,3.0,0.0
140,La Liga,2025,536,Sevilla,21087,B. Mendy,Batista Adélino,Mendy,26.0,France,191,82,https://media.api-sports.io/football/players/21087.png,Midfielder,27.0,19.0,1624.0,6.68,1.0,0.0,10.0,5.0,653.0,9.0,86.0,35.0,5.0,18.0,17.0,10.0,175.0,87.0,27.0,37.0,6.0,0.0
140,La Liga,2025,536,Sevilla,41208,Fábio Cardoso,Fábio Rafael,Rodrigues Cardoso,31.0,Portugal,187,82,https://media.api-sports.io/football/players/41208.png,Defender,4.0,4.0,298.0,6.63,0.0,0.0,,,141.0,,92.0,5.0,1.0,3.0,,,29.0,13.0,1.0,9.0,0.0,0.0
140,La Liga,2025,546,Getafe,46860,Javi Muñoz,Javier,Muñoz Jiménez,30.0,Spain,175,69,https://media.api-sports.io/football/players/46860.png,Midfielder,17.0,4.0,560.0,6.53,0.0,0.0,13.0,6.0,187.0,7.0,69.0,8.0,1.0,7.0,7.0,4.0,44.0,17.0,2.0,9.0,0.0,0.0
140,La Liga,2025,546,Getafe,47407,A. Nyom,Allan Roméo,Nyom,37.0,Cameroon,188,78,https://media.api-sports.io/football/players/47407.png,Defender,15.0,7.0,524.0,6.68,0.0,1.0,2.0,1.0,179.0,6.0,64.0,11.0,,1.0,3.0,1.0,65.0,37.0,8.0,13.0,6.0,1.0
140,La Liga,2025,541,Real Madrid,129718,J. Bellingham,Jude Victor William,Bellingham,22.0,England,186,75,https://media.api-sports.io/football/players/129718.png,Midfielder,28.0,22.0,1917.0,7.28,6.0,4.0,32.0,26.0,1177.0,36.0,89.0,51.0,2.0,14.0,67.0,37.0,307.0,177.0,55.0,33.0,3.0,0.0
140,La Liga,2025,536,Sevilla,133110,T. Nianzou,Tanguy-Austin,Nianzou Kouassi,23.0,France,187,83,https://media.api-sports.io/football/players/133110.png,Defender,12.0,8.0,648.0,6.47,0.0,0.0,6.0,,319.0,2.0,88.0,14.0,1.0,4.0,5.0,2.0,75.0,45.0,6.0,15.0,5.0,1.0
140,La Liga,2025,546,Getafe,184459,Álex Sancris,Alejandro,San Cristóbal Sánchez,28.0,Spain,177,72,https://media.api-sports.io/football/players/184459.png,Attacker,18.0,5.0,710.0,6.49,0.0,1.0,9.0,5.0,193.0,8.0,69.0,10.0,,2.0,10.0,5.0,92.0,31.0,12.0,16.0,3.0,0.0
140,La Liga,2025,541,Real Madrid,330436,David Jiménez,David,Jiménez Corredor,21.0,Spain,170,63,https://media.api-sports.io/football/players/330436.png,Defender,2.0,1.0,77.0,6.6,0.0,0.0,1.0,1.0,35.0,,97.0,1.0,,,,,2.0,1.0,,,0.0,0.0
140,La Liga,2025,548,Real Sociedad,337843,Aitor Fraga,Aitor,Fraga Torres,22.0,Spain,194,83,https://media.api-sports.io/football/players/337843.png,Goalkeeper,0.0,0.0,,,0.0,0.0,,,,,,,,,,,,,,,0.0,0.0
140,La Liga,2025,728,Rayo Vallecano,358431,N. Mendy,Nobel,Mendy,21.0,France,187,78,https://media.api-sports.io/football/players/358431.png,Defender,24.0,22.0,1811.0,6.69,2.0,0.0,10.0,3.0,963.0,3.0,85.0,29.0,24.0,21.0,4.0,3.0,143.0,75.0,12.0,32.0,8.0,1.0
140,La Liga,2025,541,Real Madrid,377122,Endrick,Endrick Felipe,Moreira de Sousa,19.0,Brazil,173,66,https://media.api-sports.io/football/players/377122.png,Attacker,1.0,0.0,11.0,6.6,0.0,0.0,,,,,,,,,1.0,1.0,2.0,2.0,1.0,,0.0,1.0
140,La Liga,2025,797,Elche,386859,Héctor Fort,Héctor,Fort García,19.0,Spain,185,78,https://media.api-sports.io/football/players/386859.png,Defender,14.0,7.0,500.0,6.68,2.0,2.0,7.0,5.0,162.0,4.0,83.0,12.0,1.0,6.0,19.0,8.0,59.0,27.0,1.0,5.0,0.0,0.0
140,La Liga,2025,797,Elche,439293,Adam Boayar,Adam,Boayar Benaisa,20.0,Morocco,178,74,https://media.api-sports.io/football/players/439293.png,Attacker,7.0,0.0,106.0,6.86,1.0,0.0,4.0,2.0,39.0,2.0,87.0,4.0,,1.0,4.0,1.0,21.0,9.0,1.0,,0.0,0.0
140,La Liga,2025,530,Atletico Madrid,548867,T. Seidu,,,17.0,,,,https://media.api-sports.io/football/players/548867.png,Midfielder,1.0,0.0,22.0,6.2,0.0,0.0,,,4.0,,50.0,,,,,,2.0,,,2.0,1.0,0.0
140,La Liga,2025,538,Celta Vigo,570,F. Cervi,Franco Emanuel,Cervi,31.0,Argentina,166,67,https://media.api-sports.io/football/players/570.png,Midfielder,0.0,0.0,,,0.0,0.0,,,,,,,,,,,,,,,0.0,0.0
140,La Liga,2025,531,Athletic Club,622,Aymeric Laporte,Aymeric Jean Louis Gérard Alph,Laporte,31.0,Spain,189,86,https://media.api-sports.io/football/players/622.png,Defender,25.0,24.0,2060.0,6.85,0.0,1.0,9.0,5.0,1236.0,7.0,89.0,27.0,13.0,25.0,2.0,2.0,150.0,102.0,13.0,9.0,4.0,0.0
140,La Liga,2025,548,Real Sociedad,31406,U. Sadiq,Umar,Sadiq Mesbah,28.0,Nigeria,192,85,https://media.api-sports.io/football/players/31406.png,Attacker,5.0,2.0,159.0,6.4,0.0,0.0,2.0,,22.0,1.0,63.0,1.0,,,5.0,1.0,26.0,7.0,2.0,2.0,1.0,0.0
140,La Liga,2025,532,Valencia,31406,U. Sadiq,Umar,Sadiq Mesbah,28.0,Nigeria,192,85,https://media.api-sports.io/football/players/31406.png,Attacker,20.0,8.0,902.0,6.73,4.0,2.0,21.0,10.0,157.0,9.0,68.0,7.0,2.0,1.0,30.0,14.0,180.0,62.0,19.0,30.0,3.0,0.0
140,La Liga,2025,536,Sevilla,197196,Ramón Martínez,Ramón,Martínez Gil,23.0,Spain,185,71,https://media.api-sports.io/football/players/197196.png,Defender,2.0,0.0,100.0,6.3,0.0,0.0,,,64.0,,89.0,,,1.0,,,6.0,2.0,1.0,1.0,0.0,0.0
140,La Liga,2025,539,Levante,316517,A. Matturro,Alan Agustín,Matturro Romero,21.0,Uruguay,189,74,https://media.api-sports.io/football/players/316517.png,Defender,19.0,10.0,957.0,6.51,1.0,1.0,4.0,1.0,474.0,4.0,82.0,21.0,6.0,6.0,3.0,,77.0,47.0,10.0,7.0,0.0,1.0
140,La Liga,2025,533,Villarreal,330443,Isma Sierra,Ismael,Sierra Arnal,23.0,Spain,192 cm,83 kg,https://media.api-sports.io/football/players/330443.png,Defender,0.0,0.0,,,0.0,0.0,,,,,,,,,,,,,,,0.0,0.0
140,La Liga,2025,530,Atletico Madrid,338508,I. Kostis,Ilias,Kostis,22.0,Cyprus,188 cm,81 kg,https://media.api-sports.io/football/players/338508.png,Defender,0.0,0.0,,,0.0,0.0,,,,,,,,,,,,,,,0.0,0.0
140,La Liga,2025,548,Real Sociedad,353634,A. Lebarbier,Alex Douma Johan,Lebarbier,21.0,France,,,https://media.api-sports.io/football/players/353634.png,Midfielder,0.0,0.0,,,0.0,0.0,,,,,,,,,,,,,,,0.0,0.0
140,La Liga,2025,542,Alaves,387530,Carlos Ballestero García,Carlos,Ballestero García,21.0,Spain,178 cm,,https://media.api-sports.io/football/players/387530.png,Defender,1.0,0.0,9.0,6.3,0.0,0.0,,,,,,,,,,,1.0,,,,0.0,0.0
140,La Liga,2025,540,Espanyol,388495,Javier Hernandez,Francisco Javier,Hernandez Coarasa,21.0,Spain,182,72,https://media.api-sports.io/football/players/388495.png,Midfielder,0.0,0.0,,,0.0,0.0,,,,,,,,,,,,,,,0.0,0.0
140,La Liga,2025,727,Osasuna,391819,Martin Pedroarena,Martin,Pedroarena Espinal,22.0,Spain,,,https://media.api-sports.io/football/players/391819.png,Attacker,0.0,0.0,,,0.0,0.0,,,,,,,,,,,,,,,0.0,0.0
140,La Liga,2025,531,Athletic Club,407677,Iker Monreal,Iker,Monreal Agundez,20.0,Spain,,,https://media.api-sports.io/football/players/407677.png,Defender,0.0,0.0,,,0.0,0.0,,,,,,,,,,,,,,,0.0,0.0
140,La Liga,2025,533,Villarreal,418188,M. Barry,Mahamoud,Barry,19.0,Mali,178 cm,61 kg,https://media.api-sports.io/football/players/418188.png,Attacker,0.0,0.0,,,0.0,0.0,,,,,,,,,,,,,,,0.0,0.0
140,La Liga,2025,547,Girona,439305,L. Kourouma,Lancinet,Kourouma Kourouma,21.0,Guinea,180 cm,,https://media.api-sports.io/football/players/439305.png,Midfielder,5.0,0.0,64.0,6.3,0.0,0.0,,,13.0,,76.0,,,1.0,,,7.0,1.0,1.0,2.0,0.0,1.0
140,La Liga,2025,547,Girona,442861,A. Andreev,Aleksandar,Metodiev Andreev,19.0,Bulgaria,190 cm,85 kg,https://media.api-sports.io/football/players/442861.png,Goalkeeper,0.0,0.0,,,0.0,0.0,,,,,,,,,,,,,,,0.0,0.0
140,La Liga,2025,543,Real Betis,456619,Manu González,Manuel,González Pallarés,18.0,Spain,189,81,https://media.api-sports.io/football/players/456619.png,Goalkeeper,0.0,0.0,,,0.0,0.0,,,,,,,,,,,,,,,0.0,0.0
140,La Liga,2025,529,Barcelona,543468,Eder Aller,,,18.0,,,,https://media.api-sports.io/football/players/543468.png,Goalkeeper,0.0,0.0,,,0.0,0.0,,,,,,,,,,,,,,,0.0,0.0
140,La Liga,2025,542,Alaves,551461,R. Montero,,,20.0,,,,https://media.api-sports.io/football/players/551461.png,Goalkeeper,0.0,0.0,,,0.0,0.0,,,,,,,,,,,,,,,0.0,0.0
140,La Liga,2025,546,Getafe,551462,M. Aleksandrov,,,21.0,,,,https://media.api-sports.io/football/players/551462.png,Attacker,0.0,0.0,,,0.0,0.0,,,,,,,,,,,,,,,0.0,0.0
140,La Liga,2025,798,Mallorca,551463,J. Olaizola,,,18.0,,,,https://media.api-sports.io/football/players/551463.png,Defender,2.0,0.0,54.0,7.05,0.0,0.0,,,50.0,,86.0,2.0,,,,,5.0,5.0,1.0,,0.0,0.0
140,La Liga,2025,530,Atletico Madrid,31,J. Giménez,José María,Giménez de Vargas,30.0,Uruguay,186,77,https://media.api-sports.io/football/players/31.png,Defender,16.0,13.0,1177.0,6.99,0.0,1.0,12.0,3.0,802.0,1.0,90.0,25.0,12.0,16.0,3.0,2.0,142.0,74.0,10.0,20.0,3.0,0.0
140,La Liga,2025,541,Real Madrid,653,F. Mendy,Ferland Sinna,Mendy,30.0,France,180,73,https://media.api-sports.io/football/players/653.png,Defender,5.0,3.0,206.0,6.53,0.0,0.0,,,158.0,,92.0,1.0,,2.0,3.0,2.0,11.0,6.0,1.0,2.0,0.0,0.0
140,La Liga,2025,538,Celta Vigo,1926,J. Aidoo,Joseph,Aidoo,30.0,Ghana,184,80,https://media.api-sports.io/football/players/1926.png,Defender,8.0,7.0,639.0,6.38,0.0,0.0,2.0,,391.0,,93.0,7.0,2.0,9.0,1.0,1.0,39.0,21.0,1.0,5.0,0.0,0.0
140,La Liga,2025,546,Getafe,47320,Juanmi,Juan Miguel,Jiménez López,32.0,Spain,172,69,https://media.api-sports.io/football/players/47320.png,Attacker,8.0,0.0,176.0,6.61,1.0,0.0,2.0,1.0,37.0,3.0,64.0,2.0,,,2.0,1.0,26.0,9.0,1.0,2.0,0.0,0.0
140,La Liga,2025,798,Mallorca,181210,Nil Torreguitart,Nil,Torreguitart Pérez,24.0,Spain,,,https://media.api-sports.io/football/players/181210.png,Goalkeeper,0.0,0.0,,,0.0,0.0,,,,,,,,,,,,,,,0.0,0.0
140,La Liga,2025,797,Elche,284415,Yago Alonso,Yago,de Santiago Alonso,22.0,Spain,180,73,https://media.api-sports.io/football/players/284415.png,Attacker,9.0,3.0,289.0,6.37,0.0,0.0,,,104.0,2.0,85.0,2.0,,1.0,10.0,4.0,30.0,10.0,2.0,3.0,1.0,0.0
140,La Liga,2025,548,Real Sociedad,349063,Luken Beitia,Luken,Beitia Aguirregomezcorta,21.0,Spain,191 cm,77 kg,https://media.api-sports.io/football/players/349063.png,Defender,2.0,1.0,104.0,6.45,0.0,0.0,,,44.0,,88.0,,,1.0,1.0,1.0,10.0,4.0,1.0,3.0,0.0,0.0
140,La Liga,2025,531,Athletic Club,384267,Ibon Sánchez,Ibon Ignacio,Sánchez Océn,21.0,Spain,,,https://media.api-sports.io/football/players/384267.png,Midfielder,0.0,0.0,,,0.0,0.0,,,,,,,,,,,,,,,0.0,0.0
140,La Liga,2025,547,Girona,429757,Pol Arnau,Pol,Arnau Camacho,21.0,Spain,,,https://media.api-sports.io/football/players/429757.png,Defender,0.0,0.0,,,0.0,0.0,,,,,,,,,,,,,,,0.0,0.0
140,La Liga,2025,546,Getafe,432080,Jorge Benito,Jorge,Benito de Valle Martín,19.0,Spain,182 cm,76 kg,https://media.api-sports.io/football/players/432080.png,Goalkeeper,0.0,0.0,,,0.0,0.0,,,,,,,,,,,,,,,0.0,0.0
140,La Liga,2025,546,Getafe,439616,Yassin Tallal,Yassin,Tallal Amiri,20.0,Morocco,,,https://media.api-sports.io/football/players/439616.png,Attacker,0.0,0.0,,,0.0,0.0,,,,,,,,,,,,,,,0.0,0.0
140,La Liga,2025,547,Girona,439709,Antonio Salguero,Antonio,Salguero Quiñones,20.0,Spain,,,https://media.api-sports.io/football/players/439709.png,Defender,0.0,0.0,,,0.0,0.0,,,,,,,,,,,,,,,0.0,0.0
140,La Liga,2025,546,Getafe,482071,Diego Ferrer,Diego,Ferrer Martínez,18.0,Spain,185 cm,76 kg,https://media.api-sports.io/football/players/482071.png,Goalkeeper,0.0,0.0,,,0.0,0.0,,,,,,,,,,,,,,,0.0,0.0
140,La Liga,2025,547,Girona,553313,Javier Sarasa,,,20.0,,,,https://media.api-sports.io/football/players/553313.png,Attacker,0.0,0.0,,,0.0,0.0,,,,,,,,,,,,,,,0.0,0.0
140,La Liga,2025,542,Alaves,565586,D. Morcillo,,,22.0,,,,https://media.api-sports.io/football/players/565586.png,Attacker,1.0,0.0,9.0,6.2,0.0,0.0,1.0,,4.0,,50.0,,,,,,2.0,1.0,1.0,1.0,0.0,0.0
140,La Liga,2025,529,Barcelona,568001,X. Espart,,,18.0,,,,https://media.api-sports.io/football/players/568001.png,Defender,4.0,1.0,164.0,6.5,0.0,0.0,1.0,,130.0,,89.0,5.0,,5.0,3.0,3.0,24.0,16.0,4.0,,0.0,0.0
140,La Liga,2025,529,Barcelona,579244,Juan Hernández,,,18.0,,,,https://media.api-sports.io/football/players/579244.png,Midfielder,0.0,0.0,,,0.0,0.0,,,,,,,,,,,,,,,0.0,0.0
140,La Liga,2025,797,Elche,580677,David Delgado,,,17.0,,,,https://media.api-sports.io/football/players/580677.png,Defender,0.0,0.0,,,0.0,0.0,,,,,,,,,,,,,,,0.0,0.0
140,La Liga,2025,532,Valencia,584165,A. Panach,,,19.0,,,,https://media.api-sports.io/football/players/584165.png,Defender,0.0,0.0,,,0.0,0.0,,,,,,,,,,,,,,,0.0,0.0
140,La Liga,2025,546,Getafe,609740,L. Laso,,,22.0,,,,https://media.api-sports.io/football/players/609740.png,Defender,0.0,0.0,,,0.0,0.0,,,,,,,,,,,,,,,0.0,0.0
140,La Liga,2025,543,Real Betis,745,Isco,Francisco Román,Alarcón Suárez,33.0,Spain,176,79,https://media.api-sports.io/football/players/745.png,Midfielder,8.0,1.0,228.0,6.81,1.0,1.0,2.0,1.0,169.0,5.0,91.0,3.0,,2.0,2.0,1.0,29.0,14.0,9.0,4.0,0.0,0.0
140,La Liga,2025,530,Atletico Madrid,189997,Mario de Luis,Mario,de Luis Jiménez,23.0,Spain,185,75,https://media.api-sports.io/football/players/189997.png,Goalkeeper,0.0,0.0,,,0.0,0.0,,,,,,,,,,,,,,,0.0,0.0
140,La Liga,2025,727,Osasuna,311972,Mikel García,Mikel,Serrano García,22.0,Spain,187 cm,,https://media.api-sports.io/football/players/311972.png,Defender,0.0,0.0,,,0.0,0.0,,,,,,,,,,,,,,,0.0,0.0
140,La Liga,2025,542,Alaves,330440,Aitor Mañas,Aitor,Mañas Buenadicha,22.0,Spain,185 cm,,https://media.api-sports.io/football/players/330440.png,Defender,0.0,0.0,134.0,6.43,0.0,0.0,2.0,1.0,21.0,2.0,85.0,3.0,,1.0,7.0,2.0,29.0,9.0,1.0,2.0,0.0,0.0
140,La Liga,2025,531,Athletic Club,377257,Endika Bujan,Endika,Bujan de Rueda,22.0,Spain,170 cm,72 kg,https://media.api-sports.io/football/players/377257.png,Attacker,0.0,0.0,,,0.0,0.0,,,,,,,,,,,,,,,0.0,0.0
140,La Liga,2025,546,Getafe,386187,Hugo Solozábal,Hugo,Solozábal Granados,22.0,Spain,178 cm,74 kg,https://media.api-sports.io/football/players/386187.png,Midfielder,1.0,0.0,10.0,6.3,0.0,0.0,,,5.0,,100.0,,,,,,2.0,,,,0.0,0.0
140,La Liga,2025,541,Real Madrid,396475,Fran González,Francisco Javier,González Pérez,20.0,Spain,199,72,https://media.api-sports.io/football/players/396475.png,Goalkeeper,0.0,0.0,,,0.0,0.0,,,,,,,,,,,,,,,0.0,0.0
140,La Liga,2025,548,Real Sociedad,403561,Gorka Carrera,Gorka,Carrera Zarranz,20.0,Spain,,,https://media.api-sports.io/football/players/403561.png,Attacker,3.0,0.0,59.0,6.33,0.0,0.0,1.0,1.0,12.0,,91.0,,,1.0,,,8.0,3.0,2.0,2.0,1.0,0.0
140,La Liga,2025,727,Osasuna,421044,Íñigo Arguibide,Íñigo,Arguibide Goñi,20.0,Spain,178 cm,70 kg,https://media.api-sports.io/football/players/421044.png,Defender,6.0,2.0,196.0,6.52,0.0,0.0,,,38.0,1.0,63.0,3.0,1.0,2.0,2.0,,13.0,3.0,,3.0,0.0,1.0
140,La Liga,2025,542,Alaves,438131,Egoitz Muñoz,Egoitz,Muñoz Larrea,21.0,Spain,179 cm,73 kg,https://media.api-sports.io/football/players/438131.png,Defender,0.0,0.0,,,0.0,0.0,,,,,,,,,,,,,,,0.0,0.0
140,La Liga,2025,548,Real Sociedad,449063,Alex Garcia,Alex,Marchal García,18.0,Spain,180 cm,70 kg,https://media.api-sports.io/football/players/449063.png,Attacker,0.0,0.0,,,0.0,0.0,,,,,,,,,,,,,,,0.0,0.0
140,La Liga,2025,529,Barcelona,491086,Tomás Marqués,Tomás Noël,Marqués Morera,19.0,Spain,,,https://media.api-sports.io/football/players/491086.png,Midfielder,2.0,0.0,12.0,6.3,0.0,0.0,,,12.0,,83.0,,,,1.0,,3.0,,,1.0,0.0,0.0
140,La Liga,2025,538,Celta Vigo,554287,A. Arcos,,,19.0,,,,https://media.api-sports.io/football/players/554287.png,Attacker,0.0,0.0,,,0.0,0.0,,,,,,,,,,,,,,,0.0,0.0
140,La Liga,2025,531,Athletic Club,560954,A. Hierro,,,20.0,,,,https://media.api-sports.io/football/players/560954.png,Attacker,1.0,0.0,33.0,6.5,0.0,0.0,1.0,,9.0,1.0,66.0,,,,,,3.0,1.0,,,0.0,0.0
140,La Liga,2025,531,Athletic Club,568156,S. Sanchez,,,18.0,,,,https://media.api-sports.io/football/players/568156.png,Midfielder,7.0,2.0,199.0,6.53,0.0,1.0,4.0,1.0,63.0,4.0,66.0,3.0,,1.0,6.0,1.0,28.0,10.0,5.0,5.0,0.0,0.0
140,La Liga,2025,718,Oviedo,600938,P. Agudin,,,17.0,,,,https://media.api-sports.io/football/players/600938.png,Midfielder,7.0,0.0,93.0,6.35,0.0,0.0,1.0,,20.0,,55.0,1.0,,,1.0,1.0,15.0,5.0,1.0,4.0,0.0,0.0
140,La Liga,2025,539,Levante,609795,H. Nakoha,,,,,,,https://media.api-sports.io/football/players/609795.png,Defender,0.0,0.0,,,0.0,0.0,,,,,,,,,,,,,,,0.0,0.0
140,La Liga,2025,532,Valencia,623732,Joel Fontanet,,,19.0,,,,https://media.api-sports.io/football/players/623732.png,Defender,0.0,0.0,,,0.0,0.0,,,,,,,,,,,,,,,0.0,0.0
140,La Liga,2025,546,Getafe,625636,Jorge Montes,,,21.0,,,,https://media.api-sports.io/football/players/625636.png,Defender,1.0,0.0,26.0,6.5,0.0,0.0,,,9.0,1.0,88.0,3.0,,,2.0,2.0,9.0,5.0,,1.0,0.0,0.0
140,La Liga,2025,542,Alaves,625744,Izei Hernandez,,,,,,,https://media.api-sports.io/football/players/625744.png,Attacker,0.0,0.0,,,0.0,0.0,,,,,,,,,,,,,,,0.0,0.0
140,La Liga,2025,529,Barcelona,127,M. ter Stegen,Marc-André,ter Stegen,33.0,Germany,187,88,https://media.api-sports.io/football/players/127.png,Goalkeeper,0.0,0.0,,,0.0,0.0,,,,,,,,,,,,,,,0.0,0.0
140,La Liga,2025,547,Girona,127,M. ter Stegen,Marc-André,ter Stegen,33.0,Germany,187,88,https://media.api-sports.io/football/players/127.png,Goalkeeper,2.0,2.0,180.0,6.6,0.0,0.0,,,75.0,,92.0,,,,,,,,,,0.0,0.0
140,La Liga,2025,539,Levante,328139,T. Abed,Tai,Abed Kassus,21.0,Israel,176 cm,63 kg,https://media.api-sports.io/football/players/328139.png,Attacker,7.0,0.0,110.0,6.33,0.0,0.0,2.0,1.0,20.0,1.0,80.0,1.0,,1.0,4.0,2.0,14.0,5.0,2.0,2.0,0.0,0.0
140,La Liga,2025,539,Levante,334878,U. Raghouber,Ugo,Raghouber,22.0,France,180,62,https://media.api-sports.io/football/players/334878.png,Midfielder,16.0,8.0,721.0,6.83,0.0,0.0,2.0,,336.0,4.0,84.0,22.0,,15.0,12.0,9.0,105.0,66.0,14.0,10.0,1.0,0.0
140,La Liga,2025,530,Atletico Madrid,336685,Javier Boñar,Javier,Boñar Franco,20.0,Spain,180 cm,,https://media.api-sports.io/football/players/336685.png,Defender,4.0,3.0,299.0,6.73,1.0,0.0,2.0,1.0,135.0,2.0,84.0,5.0,1.0,,7.0,1.0,28.0,11.0,2.0,2.0,0.0,0.0
140,La Liga,2025,533,Villarreal,355994,A. Freeman,Alexander Michael,Freeman,21.0,USA,188,,https://media.api-sports.io/football/players/355994.png,Defender,9.0,3.0,356.0,6.86,0.0,0.0,1.0,,234.0,1.0,90.0,13.0,2.0,4.0,6.0,3.0,38.0,25.0,3.0,2.0,0.0,0.0
140,La Liga,2025,530,Atletico Madrid,386869,Dani MartÃ­nez,Daniel,Martinez Moreno,21.0,Spain,,,https://media.api-sports.io/football/players/386869.png,Defender,1.0,1.0,90.0,6.5,0.0,0.0,,,86.0,,89.0,1.0,1.0,1.0,,,3.0,1.0,,1.0,0.0,0.0
140,La Liga,2025,547,Girona,414409,J. Arango,,,17.0,,,,https://media.api-sports.io/football/players/414409.png,Attacker,0.0,0.0,19.0,6.45,0.0,0.0,,,3.0,,100.0,,,,2.0,2.0,4.0,2.0,,1.0,1.0,0.0
140,La Liga,2025,530,Atletico Madrid,428799,A. Puric,Aleksa,Puric,22.0,Serbia,185 cm,,https://media.api-sports.io/football/players/428799.png,Defender,2.0,0.0,47.0,6.2,0.0,0.0,,,16.0,,87.0,,,2.0,,,5.0,2.0,1.0,1.0,0.0,0.0
140,La Liga,2025,540,Espanyol,461502,Llorenç Serred,Llorenç,Serred Martínez,20.0,Spain,186 cm,76 kg,https://media.api-sports.io/football/players/461502.png,Goalkeeper,0.0,0.0,,,0.0,0.0,,,,,,,,,,,,,,,0.0,0.0
140,La Liga,2025,533,Villarreal,463280,A. Diatta,Alassane,Diatta,20.0,Senegal,190 cm,80 kg,https://media.api-sports.io/football/players/463280.png,Midfielder,1.0,0.0,25.0,7,0.0,0.0,,,21.0,,85.0,1.0,,,1.0,1.0,3.0,3.0,,,0.0,0.0
140,La Liga,2025,541,Real Madrid,490779,Valde,Víctor,Valdepeñas Talavera,19.0,Spain,188,75,https://media.api-sports.io/football/players/490779.png,Defender,0.0,0.0,78.0,6.6,0.0,0.0,,,34.0,1.0,94.0,5.0,,,1.0,1.0,12.0,7.0,1.0,3.0,0.0,0.0
140,La Liga,2025,536,Sevilla,546857,I. Munoz,,,21.0,,,,https://media.api-sports.io/football/players/546857.png,Defender,0.0,0.0,,,0.0,0.0,,,,,,,,,,,,,,,0.0,0.0
140,La Liga,2025,536,Sevilla,546872,A. Costa,,,22.0,,,,https://media.api-sports.io/football/players/546872.png,Attacker,0.0,0.0,,,0.0,0.0,,,,,,,,,,,,,,,0.0,0.0
140,La Liga,2025,533,Villarreal,548734,C. Macia,,,17.0,,,,https://media.api-sports.io/football/players/548734.png,Midfielder,5.0,0.0,79.0,6.6,0.0,0.0,1.0,,39.0,,82.0,5.0,,2.0,1.0,1.0,8.0,6.0,,1.0,1.0,0.0
140,La Liga,2025,536,Sevilla,548843,L. Luchino,,,19.0,,,,https://media.api-sports.io/football/players/548843.png,Goalkeeper,0.0,0.0,,,0.0,0.0,,,,,,,,,,,,,,,0.0,0.0
140,La Liga,2025,541,Real Madrid,560905,J. Cestero Sancho,,,19.0,,,,https://media.api-sports.io/football/players/560905.png,Midfielder,2.0,0.0,12.0,6.7,0.0,0.0,,,6.0,,66.0,1.0,,,,,3.0,1.0,,,0.0,0.0
140,La Liga,2025,541,Real Madrid,561033,J. Martinez,,,18.0,,,,https://media.api-sports.io/football/players/561033.png,Defender,0.0,0.0,,,0.0,0.0,,,,,,,,,,,,,,,0.0,0.0
140,La Liga,2025,718,Oviedo,562472,D. Menendez,,,20.0,,,,https://media.api-sports.io/football/players/562472.png,Midfielder,0.0,0.0,,,0.0,0.0,,,,,,,,,,,,,,,0.0,0.0
140,La Liga,2025,539,Levante,579287,K. Tunde,,,,,,,https://media.api-sports.io/football/players/579287.png,Attacker,21.0,17.0,1151.0,6.48,0.0,1.0,15.0,3.0,225.0,6.0,76.0,23.0,,14.0,32.0,15.0,147.0,73.0,23.0,16.0,3.0,0.0
140,La Liga,2025,540,Espanyol,601891,F. Gomez,,,19.0,,,,https://media.api-sports.io/football/players/601891.png,Midfielder,0.0,0.0,,,0.0,0.0,,,,,,,,,,,,,,,0.0,0.0
140,La Liga,2025,718,Oviedo,30690,N. Fonseca,Nicolás,Fonseca,27.0,Italy,181,76,https://media.api-sports.io/football/players/30690.png,Midfielder,19.0,12.0,1019.0,6.72,0.0,0.0,5.0,1.0,565.0,3.0,85.0,40.0,5.0,17.0,3.0,2.0,123.0,59.0,12.0,27.0,6.0,0.0
140,La Liga,2025,538,Celta Vigo,161875,Hugo González,Hugo,González Sotos,22.0,Spain,184 cm,,https://media.api-sports.io/football/players/161875.png,Attacker,1.0,0.0,12.0,6.3,0.0,0.0,,,2.0,,50.0,1.0,,,1.0,,2.0,1.0,,,0.0,0.0
140,La Liga,2025,546,Getafe,195512,M. Satriano,Martín Adrián,Satriano Costa,24.0,Uruguay,187,75,https://media.api-sports.io/football/players/195512.png,Attacker,18.0,18.0,1604.0,6.84,6.0,1.0,27.0,14.0,368.0,15.0,64.0,22.0,2.0,9.0,61.0,24.0,291.0,117.0,31.0,21.0,5.0,0.0
140,La Liga,2025,718,Oviedo,197513,T. Borbas,Thiago Nicolás,Borbas Silva,23.0,Uruguay,181,69,https://media.api-sports.io/football/players/197513.png,Attacker,12.0,0.0,191.0,6.48,0.0,0.0,4.0,2.0,40.0,,62.0,4.0,,,,,43.0,16.0,3.0,7.0,1.0,0.0
140,La Liga,2025,797,Elche,307224,Piri,Daniel,Ballesteros Fernández,22.0,Spain,176 cm,71 kg,https://media.api-sports.io/football/players/307224.png,Attacker,0.0,0.0,,,0.0,0.0,,,,,,,,,,,,,,,0.0,0.0
140,La Liga,2025,530,Atletico Madrid,386870,Julio Díaz del Romo,Julio Díaz,del Romo,20.0,Spain,174 cm,,https://media.api-sports.io/football/players/386870.png,Midfielder,4.0,4.0,311.0,6.63,0.0,1.0,,,139.0,6.0,89.0,6.0,,4.0,10.0,7.0,34.0,18.0,3.0,4.0,2.0,0.0
140,La Liga,2025,532,Valencia,401983,Vicent Abril,Vicent,Abril Sanz,20.0,Spain,187 cm,78 kg,https://media.api-sports.io/football/players/401983.png,Goalkeeper,0.0,0.0,,,0.0,0.0,,,,,,,,,,,,,,,0.0,0.0
140,La Liga,2025,548,Real Sociedad,402168,Arkaitz Mariezkurrena,Arkaitz,Mariezkurrena Etxezarreta,20.0,Spain,181,68,https://media.api-sports.io/football/players/402168.png,Attacker,1.0,0.0,1.0,,0.0,0.0,,,,,,,,,,,2.0,,,2.0,0.0,0.0
140,La Liga,2025,548,Real Sociedad,410841,K. Kita,Kazunari,Kita,20.0,Japan,187,78,https://media.api-sports.io/football/players/410841.png,Defender,0.0,0.0,,,0.0,0.0,,,,,,,,,,,,,,,0.0,0.0
140,La Liga,2025,797,Elche,439640,B. Sina,Bema,Sina,22.0,Ghana,,,https://media.api-sports.io/football/players/439640.png,Defender,0.0,0.0,,,0.0,0.0,,,,,,,,,,,,,,,0.0,0.0
140,La Liga,2025,530,Atletico Madrid,443668,Rayane Belid,Rayane,Belid,20.0,Spain,172,63,https://media.api-sports.io/football/players/443668.png,Attacker,2.0,2.0,134.0,6.15,0.0,0.0,3.0,,30.0,2.0,90.0,2.0,,,7.0,2.0,23.0,6.0,1.0,1.0,0.0,0.0
140,La Liga,2025,548,Real Sociedad,445881,Lander Astiazarán,Lander,Astiazarán Escabias,19.0,Spain,,,https://media.api-sports.io/football/players/445881.png,Midfielder,1.0,0.0,1.0,,0.0,0.0,1.0,,3.0,,,,,,,,1.0,,,,0.0,0.0
140,La Liga,2025,548,Real Sociedad,469672,Ibai Aguirre,Ibai,Aguirre Basurco,18.0,Spain,,,https://media.api-sports.io/football/players/469672.png,Midfielder,1.0,0.0,10.0,6.3,0.0,0.0,,,4.0,,,,,,,,3.0,1.0,,1.0,0.0,0.0
140,La Liga,2025,530,Atletico Madrid,548706,I. Luque,,,20.0,,,,https://media.api-sports.io/football/players/548706.png,Attacker,1.0,0.0,27.0,7.3,1.0,0.0,3.0,2.0,7.0,,85.0,1.0,,,,,6.0,2.0,,2.0,0.0,0.0
140,La Liga,2025,533,Villarreal,548807,J. A. Gaitan Diaz,,,18.0,,,,https://media.api-sports.io/football/players/548807.png,Attacker,0.0,0.0,,,0.0,0.0,,,,,,,,,,,,,,,0.0,0.0
140,La Liga,2025,538,Celta Vigo,560930,H. Burcio,,,18.0,,,,https://media.api-sports.io/football/players/560930.png,Midfielder,1.0,0.0,12.0,6.6,0.0,0.0,,,5.0,,100.0,1.0,,,,,1.0,1.0,,,0.0,0.0
140,La Liga,2025,531,Athletic Club,560978,E. Garcia,,,21.0,,,,https://media.api-sports.io/football/players/560978.png,Midfielder,2.0,0.0,36.0,6.4,0.0,0.0,,,23.0,,73.0,,,,,,4.0,1.0,,2.0,1.0,0.0
140,La Liga,2025,542,Alaves,626494,X. Olaiz,,,,,,,https://media.api-sports.io/football/players/626494.png,Defender,0.0,0.0,,,0.0,0.0,,,,,,,,,,,,,,,0.0,0.0
140,La Liga,2025,546,Getafe,631889,Adrián Riquelme,,,19.0,,,,https://media.api-sports.io/football/players/631889.png,Midfielder,0.0,0.0,,,0.0,0.0,,,,,,,,,,,,,,,0.0,0.0
140,La Liga,2025,797,Elche,635179,Álex Sánchez,,,19.0,,,,https://media.api-sports.io/football/players/635179.png,Attacker,1.0,0.0,14.0,6.7,0.0,1.0,,,6.0,1.0,66.0,1.0,,,2.0,,3.0,1.0,,,0.0,0.0
140,La Liga,2025,529,Barcelona,855,João Cancelo,João Pedro,Cavaco Cancelo,31.0,Portugal,182,74,https://media.api-sports.io/football/players/855.png,Defender,16.0,11.0,962.0,7.19,2.0,2.0,8.0,4.0,545.0,15.0,87.0,26.0,2.0,10.0,47.0,26.0,132.0,73.0,14.0,11.0,1.0,0.0
140,La Liga,2025,546,Getafe,6490,L. Vázquez,Luis Ismael,Vázquez,24.0,Argentina,190,82,https://media.api-sports.io/football/players/6490.png,Attacker,17.0,14.0,1204.0,6.62,3.0,1.0,20.0,9.0,206.0,4.0,57.0,5.0,1.0,4.0,14.0,4.0,189.0,85.0,32.0,21.0,2.0,0.0
140,La Liga,2025,536,Sevilla,125331,F. Gattoni,Federico Agustín,Gattoni,26.0,Argentina,183,79,https://media.api-sports.io/football/players/125331.png,Defender,1.0,0.0,9.0,6.6,0.0,0.0,,,1.0,,100.0,,,,,,1.0,1.0,,,0.0,0.0
140,La Liga,2025,546,Getafe,180927,Z. Romero,Zaid Abner,Romero,26.0,Argentina,193,85,https://media.api-sports.io/football/players/180927.png,Defender,15.0,15.0,1350.0,7.01,1.0,0.0,7.0,2.0,426.0,1.0,69.0,32.0,3.0,28.0,23.0,16.0,141.0,87.0,12.0,11.0,4.0,0.0
140,La Liga,2025,532,Valencia,237252,Pere García,Pere Joan,García Bauzà,23.0,Spain,193 cm,82 kg,https://media.api-sports.io/football/players/237252.png,Goalkeeper,0.0,0.0,,,0.0,0.0,,,,,,,,,,,,,,,0.0,0.0
140,La Liga,2025,727,Osasuna,264470,Raul Moro,Raul,Moro Prescoli,23.0,Spain,169,68,https://media.api-sports.io/football/players/264470.png,Attacker,14.0,7.0,629.0,6.67,0.0,2.0,2.0,,164.0,11.0,76.0,2.0,,1.0,25.0,12.0,46.0,21.0,6.0,1.0,0.0,0.0
140,La Liga,2025,541,Real Madrid,308998,Ávaro Leiva,Álvaro,Leiva Alemany,21.0,Spain,173 cm,77 kg,https://media.api-sports.io/football/players/308998.png,Midfielder,1.0,0.0,3.0,,0.0,0.0,,,2.0,,50.0,,,,,,,,,,0.0,0.0
140,La Liga,2025,546,Getafe,316516,S. Boselli,Juan Sebastián,Boselli Graf,22.0,Uruguay,183,80,https://media.api-sports.io/football/players/316516.png,Defender,11.0,4.0,406.0,6.71,0.0,0.0,3.0,1.0,84.0,1.0,54.0,17.0,1.0,1.0,2.0,2.0,51.0,26.0,,6.0,4.0,0.0
140,La Liga,2025,797,Elche,318592,L. Cepeda,Lucas Antonio,Cepeda Barturen,23.0,Chile,177,66,https://media.api-sports.io/football/players/318592.png,Attacker,10.0,4.0,405.0,6.87,1.0,0.0,10.0,5.0,157.0,6.0,84.0,9.0,1.0,1.0,13.0,5.0,53.0,25.0,10.0,7.0,1.0,0.0
140,La Liga,2025,548,Real Sociedad,365287,Wesley Gassova,Wesley,Gassova Ribeiro Teixeira,20.0,Brazil,181,82,https://media.api-sports.io/football/players/365287.png,Attacker,5.0,1.0,91.0,6.32,0.0,0.0,,,30.0,,70.0,,,,5.0,3.0,16.0,6.0,1.0,3.0,0.0,0.0
140,La Liga,2025,541,Real Madrid,386306,César Palacios,César,Palacios Pérez,21.0,Spain,182,68,https://media.api-sports.io/football/players/386306.png,Midfielder,5.0,0.0,87.0,6.52,0.0,0.0,1.0,,53.0,1.0,90.0,3.0,,3.0,3.0,2.0,16.0,8.0,3.0,4.0,0.0,0.0
140,La Liga,2025,548,Real Sociedad,387139,J. Ochieng,Job,Nguono Ochieng,22.0,Kenya,185 cm,,https://media.api-sports.io/football/players/387139.png,Attacker,2.0,1.0,93.0,6.55,0.0,0.0,1.0,,25.0,2.0,80.0,3.0,,1.0,7.0,2.0,12.0,5.0,,1.0,0.0,0.0
140,La Liga,2025,798,Mallorca,405074,J. Kalumba,Justin-Noël,Kalumba Mwana Ngongo,21.0,France,180,75,https://media.api-sports.io/football/players/405074.png,Attacker,3.0,1.0,91.0,6.37,0.0,0.0,1.0,,27.0,,74.0,1.0,,,4.0,1.0,17.0,6.0,4.0,2.0,0.0,0.0
140,La Liga,2025,548,Real Sociedad,412738,Dani Díaz,Daniel,Díaz Gándara,19.0,Spain,167 cm,,https://media.api-sports.io/football/players/412738.png,Attacker,1.0,0.0,17.0,6.5,0.0,0.0,,,4.0,,75.0,,,,1.0,,1.0,,,,0.0,0.0
140,La Liga,2025,547,Girona,414385,C. Echeverri,Claudio Jeremías,Echeverri,19.0,Argentina,171,62,https://media.api-sports.io/football/players/414385.png,Midfielder,17.0,5.0,618.0,6.73,1.0,1.0,14.0,7.0,225.0,8.0,86.0,6.0,,1.0,25.0,16.0,70.0,37.0,14.0,8.0,4.0,0.0
140,La Liga,2025,532,Valencia,417560,Marcos Navarro,Marcos,Navarro Blázquez,21.0,Spain,172,68,https://media.api-sports.io/football/players/417560.png,Defender,0.0,0.0,,,0.0,0.0,,,,,,,,,,,,,,,0.0,0.0
140,La Liga,2025,541,Real Madrid,451355,Diego Aguado,Diego,Aguado Facio,18.0,Spain,180,70,https://media.api-sports.io/football/players/451355.png,Defender,1.0,0.0,29.0,6.3,0.0,0.0,,,17.0,,82.0,2.0,1.0,,,,5.0,2.0,,,0.0,0.0
140,La Liga,2025,530,Atletico Madrid,491091,Sergio Esteban,,,17.0,,,,https://media.api-sports.io/football/players/491091.png,Attacker,0.0,0.0,,,0.0,0.0,,,,,,,,,,,,,,,0.0,0.0
140,La Liga,2025,797,Elche,626638,N. Salvador,,,19.0,,,,https://media.api-sports.io/football/players/626638.png,Defender,0.0,0.0,,,0.0,0.0,,,,,,,,,,,,,,,0.0,0.0
140,La Liga,2025,797,Elche,637727,Alex Herraiz,,,,,,,https://media.api-sports.io/football/players/637727.png,Midfielder,0.0,0.0,,,0.0,0.0,,,,,,,,,,,,,,,0.0,0.0
140,La Liga,2025,540,Espanyol,85,C. Ngonge,Cyril,Ngonge,25.0,Belgium,179,73,https://media.api-sports.io/football/players/85.png,Attacker,9.0,6.0,426.0,6.69,0.0,2.0,11.0,4.0,122.0,8.0,74.0,7.0,,4.0,19.0,5.0,67.0,32.0,12.0,9.0,4.0,0.0
140,La Liga,2025,538,Celta Vigo,211,M. Vecino,Matías,Vecino Falero,34.0,Uruguay,187,81,https://media.api-sports.io/football/players/211.png,Midfielder,6.0,2.0,143.0,6.8,0.0,0.0,1.0,,94.0,,84.0,8.0,,3.0,1.0,1.0,22.0,12.0,,4.0,0.0,0.0
140,La Liga,2025,543,Real Betis,750,Álvaro Fidalgo,Álvaro,Fidalgo Fernández,28.0,Spain,174,68,https://media.api-sports.io/football/players/750.png,Midfielder,9.0,8.0,547.0,6.76,1.0,0.0,4.0,2.0,313.0,4.0,92.0,12.0,,3.0,5.0,3.0,48.0,22.0,6.0,2.0,0.0,0.0
140,La Liga,2025,532,Valencia,2476,G. Rodríguez,Guido,Rodríguez,31.0,Argentina,185,80,https://media.api-sports.io/football/players/2476.png,Midfielder,16.0,14.0,1308.0,7.23,4.0,0.0,13.0,5.0,706.0,7.0,86.0,41.0,7.0,10.0,19.0,10.0,178.0,98.0,28.0,21.0,4.0,0.0
140,La Liga,2025,530,Atletico Madrid,18767,A. Lookman,Ademola Lookman Olajade,Alade Aylola Lookman,28.0,Nigeria,174,71,https://media.api-sports.io/football/players/18767.png,Attacker,12.0,9.0,622.0,6.84,4.0,0.0,15.0,5.0,183.0,10.0,83.0,5.0,,1.0,14.0,7.0,58.0,24.0,10.0,7.0,1.0,0.0
140,La Liga,2025,536,Sevilla,19364,N. Maupay,Neal,Maupay,29.0,France,173,69,https://media.api-sports.io/football/players/19364.png,Attacker,12.0,10.0,870.0,6.61,2.0,1.0,12.0,7.0,199.0,14.0,81.0,4.0,1.0,1.0,11.0,4.0,94.0,33.0,16.0,15.0,2.0,0.0
140,La Liga,2025,546,Getafe,45804,V. Birmančević,Veljko,Birmančević,27.0,Serbia,179,67,https://media.api-sports.io/football/players/45804.png,Midfielder,6.0,1.0,144.0,6.52,0.0,0.0,1.0,1.0,37.0,2.0,59.0,,1.0,2.0,4.0,2.0,24.0,6.0,3.0,3.0,0.0,0.0
140,La Liga,2025,797,Elche,46982,Gonzalo Villar,Gonzalo,Villar del Fraile,27.0,Spain,181,73,https://media.api-sports.io/football/players/46982.png,Midfielder,12.0,8.0,718.0,6.98,1.0,0.0,2.0,1.0,395.0,2.0,89.0,13.0,2.0,2.0,14.0,9.0,98.0,58.0,25.0,11.0,3.0,0.0
140,La Liga,2025,797,Elche,47182,Tete Morente,José Antonio,Morente Oliva,29.0,Spain,180,76,https://media.api-sports.io/football/players/47182.png,Attacker,13.0,11.0,933.0,6.66,1.0,1.0,5.0,1.0,310.0,12.0,75.0,22.0,5.0,10.0,30.0,9.0,124.0,53.0,10.0,20.0,1.0,0.0
140,La Liga,2025,547,Girona,47426,Rubén Blanco,Rubén,Blanco Veiga,30.0,Spain,188,70,https://media.api-sports.io/football/players/47426.png,Goalkeeper,0.0,0.0,,,0.0,0.0,,,,,,,,,,,,,,,0.0,0.0
140,La Liga,2025,798,Mallorca,140831,Zito Luvumbo,Zito André,Sebastião Luvumbo,23.0,Angola,171,65,https://media.api-sports.io/football/players/140831.png,Attacker,10.0,6.0,519.0,6.67,0.0,2.0,9.0,7.0,58.0,9.0,70.0,1.0,,,23.0,9.0,78.0,32.0,21.0,13.0,2.0,0.0
140,La Liga,2025,532,Valencia,278079,A. Ramsey,Aaron James,Ramsey,22.0,England,181,,https://media.api-sports.io/football/players/278079.png,Defender,0.0,0.0,,,0.0,0.0,,,,,,,,,,,,,,,0.0,0.0
140,La Liga,2025,530,Atletico Madrid,303378,Javi Serrano,Javier,Serrano Martínez,22.0,Spain,178 cm,75 kg,https://media.api-sports.io/football/players/303378.png,Midfielder,0.0,0.0,,,0.0,0.0,,,,,,,,,,,,,,,0.0,0.0
140,La Liga,2025,530,Atletico Madrid,313383,O. Vargas,Obed,Gómez Vargas,20.0,USA,175,68,https://media.api-sports.io/football/players/313383.png,Midfielder,12.0,8.0,740.0,6.95,0.0,1.0,4.0,,316.0,4.0,82.0,26.0,6.0,7.0,15.0,10.0,68.0,47.0,9.0,4.0,2.0,0.0
140,La Liga,2025,542,Alaves,331369,Angel Pérez,Angel,Pérez Hidalgo,23.0,Spain,183 cm,,https://media.api-sports.io/football/players/331369.png,Defender,16.0,14.0,1290.0,6.73,1.0,3.0,6.0,4.0,471.0,24.0,74.0,15.0,1.0,9.0,47.0,20.0,124.0,53.0,17.0,16.0,4.0,0.0
140,La Liga,2025,718,Oviedo,362750,T. Fernández,Thiago Cruz,Fernández,21.0,Argentina,175,68,https://media.api-sports.io/football/players/362750.png,Attacker,16.0,9.0,822.0,6.63,0.0,4.0,10.0,5.0,253.0,10.0,80.0,13.0,,5.0,50.0,21.0,128.0,47.0,11.0,7.0,4.0,0.0
140,La Liga,2025,538,Celta Vigo,391822,Fer López,Fernando,López González,21.0,Spain,188,76,https://media.api-sports.io/football/players/391822.png,Attacker,17.0,13.0,1174.0,6.8,1.0,1.0,9.0,5.0,581.0,13.0,86.0,20.0,2.0,8.0,37.0,21.0,140.0,64.0,18.0,24.0,3.0,0.0
140,La Liga,2025,797,Elche,446067,Buba Sangaré,Aboubacar,Sangaré Traoré,18.0,Spain,183,75,https://media.api-sports.io/football/players/446067.png,Defender,12.0,8.0,557.0,6.54,0.0,0.0,1.0,,244.0,1.0,85.0,21.0,1.0,8.0,17.0,4.0,87.0,40.0,7.0,23.0,3.0,0.0
140,La Liga,2025,543,Real Betis,548691,R. Marina,,,19.0,,,,https://media.api-sports.io/football/players/548691.png,Attacker,0.0,0.0,,,0.0,0.0,,,,,,,,,,,,,,,0.0,0.0
140,La Liga,2025,718,Oviedo,640804,Espi,,,21.0,,,,https://media.api-sports.io/football/players/640804.png,Defender,0.0,0.0,,,0.0,0.0,,,,,,,,,,,,,,,0.0,0.0
140,La Liga,2025,532,Valencia,2470,R. Saravia,Renzo,Saravia,32.0,Argentina,176,75,https://media.api-sports.io/football/players/2470.png,Defender,5.0,4.0,353.0,6.42,0.0,0.0,1.0,,149.0,1.0,82.0,8.0,,7.0,5.0,2.0,44.0,23.0,10.0,4.0,2.0,0.0
140,La Liga,2025,728,Rayo Vallecano,15900,A. Mumin,Khalid Abdul,Mumin Suleman,27.0,Ghana,188,79,https://media.api-sports.io/football/players/15900.png,Defender,3.0,1.0,78.0,6.47,0.0,0.0,,,36.0,,86.0,,2.0,2.0,,,3.0,1.0,1.0,2.0,0.0,0.0
140,La Liga,2025,542,Alaves,106759,V. Koski,Ville,Koski,23.0,Finland,,,https://media.api-sports.io/football/players/106759.png,Defender,5.0,3.0,281.0,6.98,0.0,0.0,1.0,1.0,64.0,1.0,82.0,6.0,3.0,4.0,,,20.0,13.0,,2.0,0.0,0.0
140,La Liga,2025,542,Alaves,182784,I. Diabate,Ibrahim Yalatif,Diabate,26.0,Côte d'Ivoire,185,,https://media.api-sports.io/football/players/182784.png,Attacker,10.0,6.0,587.0,6.55,2.0,0.0,11.0,5.0,90.0,2.0,62.0,4.0,,2.0,2.0,1.0,63.0,23.0,5.0,6.0,1.0,0.0
140,La Liga,2025,533,Villarreal,288112,Willy Kambwala Ndengushi,Willy,Kambwala Ndengushi,21.0,France,192,85,https://media.api-sports.io/football/players/288112.png,Defender,2.0,1.0,86.0,6.55,0.0,0.0,,,43.0,,88.0,,1.0,,,,2.0,1.0,,,0.0,0.0
140,La Liga,2025,541,Real Madrid,313167,Manuel Ángel,Manuel Ángel,Morán Ibáñez,21.0,Spain,170 cm,60 kg,https://media.api-sports.io/football/players/313167.png,Midfielder,4.0,1.0,95.0,6.53,0.0,0.0,1.0,1.0,69.0,,89.0,4.0,,,2.0,1.0,15.0,9.0,4.0,2.0,0.0,0.0
140,La Liga,2025,539,Levante,385383,Dani Cervera,Dani,Cervera Cabané,22.0,Spain,,,https://media.api-sports.io/football/players/385383.png,Midfielder,0.0,0.0,,,0.0,0.0,,,,,,,,,,,,,,,0.0,0.0
140,La Liga,2025,529,Barcelona,433395,Álvaro Cortés Moyano,Álvaro,Cortés Moyano,20.0,Spain,189 cm,82 kg,https://media.api-sports.io/football/players/433395.png,Defender,1.0,1.0,90.0,7.7,0.0,0.0,,,93.0,,94.0,1.0,1.0,1.0,1.0,1.0,13.0,8.0,1.0,,0.0,0.0
140,La Liga,2025,542,Alaves,437600,Paco Sanz,Paco,Sanz Mora,21.0,Spain,188 cm,85 kg,https://media.api-sports.io/football/players/437600.png,Defender,0.0,0.0,,,0.0,0.0,,,,,,,,,,,,,,,0.0,0.0
140,La Liga,2025,541,Real Madrid,441497,Daniel Yañez,Daniel,Yáñez Barla,18.0,Spain,177,73,https://media.api-sports.io/football/players/441497.png,Attacker,2.0,0.0,45.0,6.85,0.0,1.0,,,20.0,2.0,90.0,1.0,,,1.0,,10.0,6.0,4.0,,0.0,0.0
140,La Liga,2025,548,Real Sociedad,454301,Tomás Carbonell,Tomás,Carbonell del Rio,20.0,Spain,,,https://media.api-sports.io/football/players/454301.png,Midfielder,0.0,0.0,,,0.0,0.0,,,,,,,,,,,,,,,0.0,0.0
140,La Liga,2025,538,Celta Vigo,481678,Andrés Antañón,Andrés,Antañón,18.0,Spain,,,https://media.api-sports.io/football/players/481678.png,Midfielder,2.0,1.0,62.0,6.25,0.0,0.0,2.0,2.0,18.0,,66.0,,,,1.0,,9.0,1.0,,1.0,0.0,0.0
140,La Liga,2025,541,Real Madrid,561032,L. Fati,,,19.0,,,,https://media.api-sports.io/football/players/561032.png,Defender,0.0,0.0,,,0.0,0.0,,,,,,,,,,,,,,,0.0,0.0
140,La Liga,2025,797,Elche,585068,P. Felipe,,,20.0,,,,https://media.api-sports.io/football/players/585068.png,Defender,0.0,0.0,,,0.0,0.0,,,,,,,,,,,,,,,0.0,0.0
140,La Liga,2025,798,Mallorca,629089,J. Garcia,,,19.0,,,,https://media.api-sports.io/football/players/629089.png,Midfielder,0.0,0.0,,,0.0,0.0,,,,,,,,,,,,,,,0.0,0.0
140,La Liga,2025,530,Atletico Madrid,646997,Álvaro Moreno,,,19.0,,,,https://media.api-sports.io/football/players/646997.png,Goalkeeper,0.0,0.0,,,0.0,0.0,,,,,,,,,,,,,,,0.0,0.0
140,La Liga,2025,718,Oviedo,647008,Adri Fernández,,,20.0,,,,https://media.api-sports.io/football/players/647008.png,Defender,0.0,0.0,,,0.0,0.0,,,,,,,,,,,,,,,0.0,0.0
140,La Liga,2025,540,Espanyol,647193,Adama Timera,,,,,,,https://media.api-sports.io/football/players/647193.png,Attacker,0.0,0.0,,,0.0,0.0,,,,,,,,,,,,,,,0.0,0.0
140,La Liga,2025,798,Mallorca,647395,Leo Sánchez,,,19.0,,,,https://media.api-sports.io/football/players/647395.png,Midfielder,0.0,0.0,,,0.0,0.0,,,,,,,,,,,,,,,0.0,0.0
140,La Liga,2025,798,Mallorca,648740,Rareș Vlad,,,20.0,,,,https://media.api-sports.io/football/players/648740.png,Goalkeeper,0.0,0.0,,,0.0,0.0,,,,,,,,,,,,,,,0.0,0.0
140,La Liga,2025,533,Villarreal,21997,Logan Costa,Logan,Evans Costa,24.0,Cape Verde,190,91,https://media.api-sports.io/football/players/21997.png,Defender,2.0,0.0,29.0,6.9,0.0,0.0,,,25.0,1.0,96.0,1.0,,,,,2.0,1.0,,1.0,0.0,0.0
140,La Liga,2025,531,Athletic Club,47271,Yeray,Yeray,Álvarez López,30.0,Spain,182,78,https://media.api-sports.io/football/players/47271.png,Defender,7.0,6.0,514.0,6.61,0.0,0.0,1.0,,285.0,3.0,83.0,1.0,2.0,13.0,1.0,,28.0,13.0,5.0,3.0,0.0,0.0
140,La Liga,2025,547,Girona,327628,Ricard Artero,Ricard,Artero Ruiz,22.0,Spain,181 cm,75 kg,https://media.api-sports.io/football/players/327628.png,Midfielder,0.0,0.0,,,0.0,0.0,,,,,,,,,,,,,,,0.0,0.0
140,La Liga,2025,531,Athletic Club,332305,Unai Eguíluz,Unai,Eguíluz Arroyo,23.0,Spain,186,78,https://media.api-sports.io/football/players/332305.png,Defender,0.0,0.0,,,0.0,0.0,,,,,,,,,,,,,,,0.0,0.0
140,La Liga,2025,540,Espanyol,388057,Alex Almansa,Alex,Almansa López,22.0,Spain,186 cm,76 kg,https://media.api-sports.io/football/players/388057.png,Attacker,0.0,0.0,,,0.0,0.0,,,,,,,,,,,,,,,0.0,0.0
140,La Liga,2025,530,Atletico Madrid,441280,G. Spina,Gerónimo,Spina,20.0,Argentina,187 cm,77 kg,https://media.api-sports.io/football/players/441280.png,Defender,0.0,0.0,,,0.0,0.0,,,,,,,,,,,,,,,0.0,0.0
140,La Liga,2025,541,Real Madrid,443595,Jesús Fortea,Jesús,Fortea Tejedo,18.0,Spain,174,62,https://media.api-sports.io/football/players/443595.png,Defender,0.0,0.0,,,0.0,0.0,,,,,,,,,,,,,,,0.0,0.0
140,La Liga,2025,541,Real Madrid,544044,J. Navarro Jimenez,,,18.0,,,,https://media.api-sports.io/football/players/544044.png,Goalkeeper,0.0,0.0,,,0.0,0.0,,,,,,,,,,,,,,,0.0,0.0
140,La Liga,2025,536,Sevilla,546882,N. Guillen,,,17.0,,,,https://media.api-sports.io/football/players/546882.png,Midfielder,0.0,0.0,,,0.0,0.0,,,,,,,,,,,,,,,0.0,0.0
140,La Liga,2025,530,Atletico Madrid,548704,J. Morcillo,,,19.0,,,,https://media.api-sports.io/football/players/548704.png,Midfielder,5.0,1.0,170.0,6.62,0.0,0.0,2.0,,70.0,1.0,91.0,5.0,1.0,2.0,,,23.0,9.0,2.0,6.0,2.0,0.0
140,La Liga,2025,530,Atletico Madrid,548707,M. Llorente,,,17.0,,,,https://media.api-sports.io/football/players/548707.png,Defender,2.0,0.0,29.0,6.9,0.0,0.0,,,25.0,1.0,96.0,1.0,,,,,2.0,1.0,,1.0,0.0,0.0
140,La Liga,2025,540,Espanyol,549458,L. Castell,,,19.0,,,,https://media.api-sports.io/football/players/549458.png,Attacker,1.0,0.0,18.0,6.5,0.0,0.0,,,2.0,,50.0,,,,,,4.0,1.0,1.0,1.0,0.0,0.0
140,La Liga,2025,727,Osasuna,561057,Rafa,,,21.0,,,,https://media.api-sports.io/football/players/561057.png,Goalkeeper,0.0,0.0,,,0.0,0.0,,,,,,,,,,,,,,,0.0,0.0
140,La Liga,2025,797,Elche,561102,J. Piera,,,20.0,,,,https://media.api-sports.io/football/players/561102.png,Attacker,0.0,0.0,,,0.0,0.0,,,,,,,,,,,,,,,0.0,0.0
140,La Liga,2025,540,Espanyol,580271,M. Londono,,,,,,,https://media.api-sports.io/football/players/580271.png,Midfielder,0.0,0.0,,,0.0,0.0,,,,,,,,,,,,,,,0.0,0.0
140,La Liga,2025,543,Real Betis,610742,C. De Roa,,,18.0,,,,https://media.api-sports.io/football/players/610742.png,Defender,0.0,0.0,,,0.0,0.0,,,,,,,,,,,,,,,0.0,0.0
140,La Liga,2025,798,Mallorca,612028,M. Calatayud,,,,,,,https://media.api-sports.io/football/players/612028.png,Defender,2.0,0.0,41.0,6.45,0.0,0.0,1.0,,31.0,,90.0,2.0,1.0,,1.0,1.0,5.0,4.0,,2.0,0.0,0.0
140,La Liga,2025,798,Mallorca,626497,L. Orejuela,,,18.0,,,,https://media.api-sports.io/football/players/626497.png,Defender,1.0,1.0,90.0,6.2,0.0,0.0,1.0,,32.0,,93.0,,,1.0,1.0,1.0,13.0,6.0,4.0,1.0,0.0,0.0
140,La Liga,2025,546,Getafe,637891,D. Caceres,,,22.0,,,,https://media.api-sports.io/football/players/637891.png,Midfielder,3.0,2.0,151.0,6.6,0.0,0.0,,,47.0,,61.0,5.0,3.0,3.0,2.0,,18.0,8.0,,4.0,0.0,0.0
140,La Liga,2025,798,Mallorca,646868,C. Riba,,,19.0,,,,https://media.api-sports.io/football/players/646868.png,Midfielder,0.0,0.0,,,0.0,0.0,,,,,,,,,,,,,,,0.0,0.0
140,La Liga,2025,530,Atletico Madrid,133,C. Lenglet,Clément Nicolas Laurent,Lenglet,31.0,France,186,81,https://media.api-sports.io/football/players/133.png,Defender,19.0,18.0,1393.0,6.784210,,1.0,4.0,,923.0,4.0,42.0,21.0,6.0,22.0,3.0,3.0,114.0,60.0,7.0,22.0,6.0,1.0
140,La Liga,2025,543,Real Betis,1439,Héctor Bellerín,Héctor,Bellerín Moruno,31.0,Spain,178,74,https://media.api-sports.io/football/players/1439.png,Defender,27.0,25.0,1840.0,6.725925,2.0,3.0,5.0,5.0,1028.0,24.0,,30.0,4.0,14.0,13.0,7.0,118.0,58.0,4.0,15.0,2.0,0.0
140,La Liga,2025,797,Elche,2063,André Silva,André Miguel,Valente da Silva,30.0,Portugal,185,84,https://media.api-sports.io/football/players/2063.png,Forward,30.0,28.0,1845.0,6.755172,10.0,0.0,42.0,29.0,492.0,22.0,,14.0,1.0,5.0,34.0,14.0,222.0,83.0,32.0,24.0,3.0,0.0
140,La Liga,2025,536,Sevilla,25458,D. Lukebakio,Dodi,Lukebakio Ngandoli,28.0,Belgium,187,77,https://media.api-sports.io/football/players/25458.png,Forward,2.0,2.0,180.0,7.300000,1.0,0.0,2.0,1.0,72.0,9.0,,,,1.0,3.0,1.0,11.0,4.0,3.0,3.0,0.0,0.0
140,La Liga,2025,536,Sevilla,47389,Joan Jordán,Joan,Jordán Moreno,32.0,Spain,184,74,https://media.api-sports.io/football/players/47389.png,Midfielder,3.0,1.0,22.0,6.300000,,0.0,,,27.0,,,,,,,,7.0,,,4.0,1.0,0.0
140,La Liga,2025,543,Real Betis,286084,Sergi Altimira,Sergi,Altimira Clavell,24.0,Spain,188,80,https://media.api-sports.io/football/players/286084.png,Midfielder,24.0,20.0,1198.0,6.991666,1.0,2.0,5.0,3.0,768.0,11.0,,51.0,4.0,21.0,7.0,4.0,144.0,93.0,22.0,14.0,3.0,0.0
140,La Liga,2025,548,Real Sociedad,381599,Rupérez,Iñaki,Rupérez Urtasun,22.0,Spain,166 cm,60 kg,https://media.api-sports.io/football/players/381599.png,Defender,1.0,0.0,1.0,,0.0,0.0,,,2.0,,100.0,,,,,,,,,,0.0,0.0
140,La Liga,2025,543,Real Betis,439994,Pablo Busto,Pablo,Busto,20.0,Spain,180 cm,69 kg,https://media.api-sports.io/football/players/439994.png,Defender,0.0,0.0,,,0.0,0.0,,,,,,,,,,,,,,,0.0,0.0
140,La Liga,2025,541,Real Madrid,560902,M. Serrano,,,21.0,,,,https://media.api-sports.io/football/players/560902.png,Defender,1.0,0.0,8.0,6.2,0.0,0.0,,,8.0,,100.0,,,,,,,,,,0.0,0.0
140,La Liga,2025,531,Athletic Club,560981,E. Gift,,,19.0,,,,https://media.api-sports.io/football/players/560981.png,Attacker,0.0,0.0,,,0.0,0.0,,,,,,,,,,,,,,,0.0,0.0
140,La Liga,2025,541,Real Madrid,568243,A. Gonzalez,,,,,,,https://media.api-sports.io/football/players/568243.png,Goalkeeper,0.0,0.0,,,0.0,0.0,,,,,,,,,,,,,,,0.0,0.0
140,La Liga,2025,541,Real Madrid,569021,D. Mesonero,,,,,,,https://media.api-sports.io/football/players/569021.png,Midfielder,0.0,0.0,,,0.0,0.0,,,,,,,,,,,,,,,0.0,0.0
140,La Liga,2025,546,Getafe,579838,A. Mestanza,Alejandro,Mestanza,21.0,Spain,,,https://media.api-sports.io/football/players/579838.png,Midfielder,3.0,2.0,79.0,6.533333,,0.0,1.0,,21.0,,,2.0,,,2.0,2.0,9.0,6.0,2.0,1.0,0.0,0.0
140,La Liga,2025,532,Valencia,662934,Rubi,,,,,,,https://media.api-sports.io/football/players/662934.png,Defender,0.0,0.0,,,0.0,0.0,,,,,,,,,,,,,,,0.0,0.0
135,Serie A,2025,505,Inter,215,S. Esposito,Sebastiano,Esposito,23.0,Italy,186,76,https://media.api-sports.io/football/players/215.png,Attacker,4.0,4.0,261.0,6.750000,,0.0,5.0,,83.0,7.0,,8.0,1.0,3.0,5.0,3.0,45.0,21.0,7.0,9.0,2.0,0.0
135,Serie A,2025,490,Cagliari,215,S. Esposito,Sebastiano,Esposito,23.0,Italy,186,76,https://media.api-sports.io/football/players/215.png,Midfielder,36.0,34.0,2699.0,7,7.0,5.0,42.0,16.0,1003.0,71.0,75.0,56.0,4.0,20.0,41.0,17.0,312.0,149.0,56.0,45.0,6.0,0.0
135,Serie A,2025,520,Cremonese,1652,F. Tsadjout,Frank Cédric,Tsadjout,26.0,Italy,190,75,https://media.api-sports.io/football/players/1652.png,Attacker,,,,,,,,,,,,,,,,,,,,,,
135,Serie A,2025,895,Como,30441,E. Audero,Emilio,Audero Mulyadi,28.0,Italy,190,83,https://media.api-sports.io/football/players/30441.png,Goalkeeper,4.0,4.0,360.0,7.375000,,0.0,,,146.0,,,,,,,,2.0,2.0,1.0,,0.0,0.0
135,Serie A,2025,520,Cremonese,30441,E. Audero,Emilio,Audero Mulyadi,28.0,Italy,190,83,https://media.api-sports.io/football/players/30441.png,Goalkeeper,34.0,34.0,3060.0,7.06,0.0,0.0,,,1293.0,,61.0,,,,1.0,1.0,17.0,14.0,6.0,,0.0,0.0
135,Serie A,2025,895,Como,30509,A. Belotti,Andrea,Belotti,32.0,Italy,181,72,https://media.api-sports.io/football/players/30509.png,Attacker,2.0,2.0,147.0,7.600000,2.0,0.0,6.0,4.0,28.0,1.0,,,,1.0,1.0,1.0,21.0,8.0,4.0,1.0,0.0,0.0
135,Serie A,2025,490,Cagliari,30509,A. Belotti,Andrea,Belotti,32.0,Italy,181,72,https://media.api-sports.io/football/players/30509.png,Attacker,8.0,3.0,233.0,6.73,2.0,0.0,6.0,4.0,31.0,1.0,74.0,1.0,,4.0,4.0,1.0,37.0,16.0,10.0,3.0,0.0,0.0
135,Serie A,2025,895,Como,30780,L. Mazzitelli,Luca,Mazzitelli,30.0,Italy,184,76,https://media.api-sports.io/football/players/30780.png,Midfielder,4.0,2.0,38.0,6.800000,,0.0,,,13.0,1.0,,,,,,,4.0,2.0,1.0,1.0,1.0,0.0
135,Serie A,2025,490,Cagliari,30780,L. Mazzitelli,Luca,Mazzitelli,30.0,Italy,184,76,https://media.api-sports.io/football/players/30780.png,Midfielder,18.0,9.0,785.0,6.8,2.0,2.0,11.0,5.0,370.0,5.0,75.0,20.0,3.0,11.0,6.0,3.0,103.0,46.0,13.0,22.0,3.0,0.0
135,Serie A,2025,520,Cremonese,31038,G. Saro,Gianluca,Saro,25.0,Italy,180,,https://media.api-sports.io/football/players/31038.png,Goalkeeper,,,,,,,,,,,,,,,,,,,,,,
135,Serie A,2025,503,Torino,31156,V. Milinković-Savić,Vanja,Milinković-Savić,28.0,Serbia,202,96,https://media.api-sports.io/football/players/31156.png,Goalkeeper,3.0,2.0,90.0,6.700000,,0.0,,,31.0,,,,,,,,2.0,2.0,1.0,,0.0,0.0
135,Serie A,2025,492,Napoli,31156,V. Milinković-Savić,Vanja,Milinković-Savić,28.0,Serbia,202,96,https://media.api-sports.io/football/players/31156.png,Goalkeeper,27.0,27.0,2430.0,6.79,0.0,1.0,,,1014.0,3.0,72.0,,,,,,11.0,8.0,6.0,1.0,0.0,0.0
135,Serie A,2025,492,Napoli,31219,A. Zerbin,Alessio,Zerbin,26.0,Italy,182,80,https://media.api-sports.io/football/players/31219.png,Attacker,4.0,4.0,334.0,6.900000,,1.0,,,123.0,2.0,,10.0,,,8.0,3.0,47.0,21.0,6.0,5.0,0.0,0.0
135,Serie A,2025,520,Cremonese,31219,A. Zerbin,Alessio,Zerbin,26.0,Italy,182,80,https://media.api-sports.io/football/players/31219.png,Midfielder,32.0,17.0,1655.0,6.54,0.0,3.0,15.0,7.0,456.0,17.0,72.0,40.0,3.0,3.0,27.0,8.0,212.0,76.0,20.0,37.0,1.0,0.0
135,Serie A,2025,505,Inter,42315,M. Taremi,Mehdi,Taremi,33.0,Iran,185,82,https://media.api-sports.io/football/players/42315.png,Forward,,,,,,,,,,,,,,,,,,,,,,
135,Serie A,2025,520,Cremonese,48555,C. Pickel,Charles,Monginda Pickel,28.0,Switzerland,187,76,https://media.api-sports.io/football/players/48555.png,Midfielder,,,,,,,,,,,,,,,,,,,,,,
135,Serie A,2025,492,Napoli,56851,M. Folorunsho,Michael Ijemuan,Folorunsho,27.0,Italy,190,92,https://media.api-sports.io/football/players/56851.png,Midfielder,4.0,4.0,351.0,6.325000,,0.0,6.0,1.0,88.0,3.0,,5.0,1.0,2.0,7.0,1.0,42.0,16.0,7.0,3.0,0.0,0.0
135,Serie A,2025,490,Cagliari,56851,M. Folorunsho,Michael Ijemuan,Folorunsho,27.0,Italy,190,92,https://media.api-sports.io/football/players/56851.png,Attacker,27.0,24.0,2008.0,6.56,2.0,0.0,25.0,9.0,486.0,15.0,66.0,24.0,3.0,9.0,50.0,22.0,281.0,127.0,49.0,35.0,3.0,0.0
135,Serie A,2025,497,AS Roma,162451,A. Salah-Eddine,Anass,Salah-Eddine,24.0,Morocco,180,66,https://media.api-sports.io/football/players/162451.png,Defender,,,,,,,,,,,,,,,,,,,,,,
135,Serie A,2025,494,Udinese,179502,M. Ballarini,Marco,Ballarini,24.0,Italy,186,,https://media.api-sports.io/football/players/179502.png,Midfielder,,,,,,,,,,,,,,,,,,,,,,
135,Serie A,2025,520,Cremonese,237266,L. Moretti,Lorenzo,Moretti,23.0,Italy,187,75,https://media.api-sports.io/football/players/237266.png,Defender,,,,,,,,,,,,,,,,,,,,,,
135,Serie A,2025,489,AC Milan,264472,F. Terracciano,Filippo,Terracciano,22.0,Italy,180,68,https://media.api-sports.io/football/players/264472.png,Defender,4.0,4.0,360.0,7.200000,1.0,0.0,1.0,1.0,242.0,1.0,52.0,4.0,4.0,6.0,2.0,2.0,21.0,18.0,5.0,1.0,1.0,0.0
135,Serie A,2025,520,Cremonese,264472,F. Terracciano,Filippo,Terracciano,22.0,Italy,180,68,https://media.api-sports.io/football/players/264472.png,Defender,36.0,33.0,3012.0,6.71,2.0,0.0,9.0,4.0,1550.0,11.0,86.0,33.0,23.0,56.0,13.0,5.0,174.0,106.0,26.0,18.0,6.0,0.0
135,Serie A,2025,489,AC Milan,266813,W. Bondo,Warren Pierre,Bondo,22.0,France,177,63,https://media.api-sports.io/football/players/266813.png,Midfielder,4.0,4.0,250.0,7.075000,,0.0,,,122.0,,,9.0,1.0,2.0,4.0,3.0,29.0,20.0,6.0,2.0,1.0,0.0
135,Serie A,2025,520,Cremonese,266813,W. Bondo,Warren Pierre,Bondo,22.0,France,177,63,https://media.api-sports.io/football/players/266813.png,Midfielder,27.0,22.0,1769.0,6.63,0.0,0.0,5.0,2.0,776.0,3.0,89.0,31.0,3.0,8.0,26.0,15.0,173.0,85.0,33.0,39.0,5.0,0.0
135,Serie A,2025,496,Juventus,286595,Facundo González,Facundo,González Molino,22.0,Uruguay,193,78,https://media.api-sports.io/football/players/286595.png,Defender,,,,,,,,,,,,,,,,,,,,,,
135,Serie A,2025,494,Udinese,344165,D. Pizarro,Damián Nicolás,Pizarro Huenuqueo,20.0,Chile,187,85,https://media.api-sports.io/football/players/344165.png,Attacker,,,,,,,,,,,,,,,,,,,,,,
135,Serie A,2025,494,Udinese,506554,C. De Paoli,Cristiano,De Paoli,17.0,Italy,182,,https://media.api-sports.io/football/players/506554.png,Defender,,,,,,,,,,,,,,,,,,,,,,
135,Serie A,2025,895,Como,506554,C. De Paoli,Cristiano,De Paoli,17.0,Italy,182,,https://media.api-sports.io/football/players/506554.png,Midfielder,0.0,0.0,,,0.0,0.0,,,,,,,,,,,,,,,0.0,0.0
135,Serie A,2025,489,AC Milan,530000,C. Balentien,Cheveyo,Balentien,19.0,Netherlands,189,,https://media.api-sports.io/football/players/530000.png,Attacker,,,,,,,,,,,,,,,,,,,,,,
135,Serie A,2025,503,Torino,535,P. Schuurs,Perr,Schuurs,26.0,Netherlands,191,80,https://media.api-sports.io/football/players/535.png,Defender,,,,,,,,,,,,,,,,,,,,,,
135,Serie A,2025,502,Fiorentina,6010,L. Beltrán,Lucas,Beltrán,24.0,Argentina,174,75,https://media.api-sports.io/football/players/6010.png,Midfielder,,,,,,,,,,,,,,,,,,,,,,
135,Serie A,2025,494,Udinese,20656,E. Ebosse,Enzo Jacques Rodolphe,Ebosse,26.0,Cameroon,185,74,https://media.api-sports.io/football/players/20656.png,Defender,4.0,2.0,53.0,6.050000,,0.0,,,30.0,,,,,,,,3.0,,,3.0,1.0,0.0
135,Serie A,2025,504,Hellas Verona,20656,E. Ebosse,Enzo Jacques Rodolphe,Ebosse,26.0,Cameroon,185,74,https://media.api-sports.io/football/players/20656.png,Defender,4.0,3.0,214.0,6.35,0.0,0.0,1.0,,103.0,,90.0,1.0,2.0,,,,10.0,2.0,1.0,5.0,1.0,0.0
135,Serie A,2025,503,Torino,20656,E. Ebosse,Enzo Jacques Rodolphe,Ebosse,26.0,Cameroon,185,74,https://media.api-sports.io/football/players/20656.png,Defender,13.0,13.0,1117.0,6.78,0.0,1.0,,,724.0,7.0,89.0,11.0,13.0,10.0,4.0,2.0,82.0,38.0,9.0,16.0,3.0,0.0
135,Serie A,2025,488,Sassuolo,30766,A. Russo,Alessandro,Russo,24.0,Italy,196,,https://media.api-sports.io/football/players/30766.png,Goalkeeper,,,,,,,,,,,,,,,,,,,,,,
135,Serie A,2025,489,AC Milan,31273,T. Pobega,Tommaso,Pobega,26.0,Italy,188,75,https://media.api-sports.io/football/players/31273.png,Midfielder,2.0,1.0,115.0,6.450000,,0.0,1.0,,30.0,,,,2.0,2.0,1.0,1.0,10.0,4.0,1.0,1.0,1.0,0.0
135,Serie A,2025,500,Bologna,31273,T. Pobega,Tommaso,Pobega,26.0,Italy,188,75,https://media.api-sports.io/football/players/31273.png,Midfielder,26.0,17.0,1452.0,6.66,3.0,1.0,21.0,10.0,510.0,6.0,77.0,37.0,11.0,19.0,10.0,7.0,158.0,78.0,12.0,35.0,2.0,1.0
135,Serie A,2025,495,Genoa,31521,A. Vogliacco,Alessandro,Vogliacco,27.0,Italy,186,82,https://media.api-sports.io/football/players/31521.png,Defender,,,,,,,,,,,,,,,,,,,,,,
135,Serie A,2025,495,Genoa,39286,E. Bohinen,Emil,Bohinen,26.0,Norway,189,75,https://media.api-sports.io/football/players/39286.png,Midfielder,,,,,,,,,,,,,,,,,,,,,,
135,Serie A,2025,503,Torino,40582,S. Walukiewicz,Sebastian Wiktor,Walukiewicz,25.0,Poland,188,80,https://media.api-sports.io/football/players/40582.png,Defender,3.0,3.0,225.0,6.566666,,0.0,,,129.0,2.0,,5.0,1.0,2.0,5.0,4.0,20.0,10.0,,4.0,0.0,0.0
135,Serie A,2025,488,Sassuolo,40582,S. Walukiewicz,Sebastian Wiktor,Walukiewicz,25.0,Poland,188,80,https://media.api-sports.io/football/players/40582.png,Defender,34.0,33.0,2855.0,6.74,0.0,1.0,4.0,,1238.0,21.0,85.0,50.0,10.0,25.0,36.0,21.0,213.0,110.0,13.0,35.0,7.0,0.0
135,Serie A,2025,801,Pisa,56275,P. Beruatto,Pietro,Beruatto,27.0,Italy,190,80,https://media.api-sports.io/football/players/56275.png,Defender,,,,,,,,,,,,,,,,,,,,,,
135,Serie A,2025,489,AC Milan,263481,L. Colombo,Lorenzo,Colombo,23.0,Italy,186,74,https://media.api-sports.io/football/players/263481.png,Attacker,4.0,4.0,285.0,6.050000,,0.0,5.0,2.0,50.0,,,3.0,1.0,,3.0,1.0,62.0,18.0,4.0,10.0,0.0,0.0
135,Serie A,2025,495,Genoa,263481,L. Colombo,Lorenzo,Colombo,23.0,Italy,186,74,https://media.api-sports.io/football/players/263481.png,Attacker,38.0,30.0,2353.0,6.56,7.0,1.0,53.0,27.0,477.0,19.0,70.0,20.0,2.0,1.0,50.0,19.0,403.0,150.0,55.0,41.0,2.0,0.0
135,Serie A,2025,895,Como,263699,A. Fadera,Alieu,Fadera,24.0,Gambia,182,71,https://media.api-sports.io/football/players/263699.png,Attacker,4.0,2.0,87.0,6.825000,1.0,0.0,1.0,1.0,25.0,,,3.0,,1.0,4.0,2.0,26.0,11.0,4.0,4.0,0.0,0.0
135,Serie A,2025,488,Sassuolo,263699,A. Fadera,Alieu,Fadera,24.0,Gambia,182,71,https://media.api-sports.io/football/players/263699.png,Attacker,28.0,8.0,980.0,6.68,2.0,1.0,8.0,4.0,257.0,7.0,78.0,36.0,,7.0,35.0,11.0,199.0,90.0,36.0,36.0,5.0,0.0
135,Serie A,2025,523,Parma,292543,M. Frigan,Matija,Frigan,22.0,Croatia,185,77,https://media.api-sports.io/football/players/292543.png,Attacker,,,,,,,,,,,,,,,,,,,,,,
135,Serie A,2025,502,Fiorentina,302432,A. Bianco,Alessandro,Bianco,23.0,Italy,173,67,https://media.api-sports.io/football/players/302432.png,Midfielder,,,,,,,,,,,,,,,,,,,,,,
135,Serie A,2025,495,Genoa,310109,D. Ankeye,David,Akpan Ankeye,23.0,Nigeria,191,84,https://media.api-sports.io/football/players/310109.png,Attacker,,,,,,,,,,,,,,,,,,,,,,
135,Serie A,2025,801,Pisa,335043,Ž. Jevšenak,Žan,Jevšenak,22.0,Slovenia,191,80,https://media.api-sports.io/football/players/335043.png,Midfielder,,,,,,,,,,,,,,,,,,,,,,
135,Serie A,2025,505,Inter,341646,V. Carboni,Valentín,Carboni,20.0,Argentina,185,78,https://media.api-sports.io/football/players/341646.png,Midfielder,4.0,4.0,178.0,6.700000,,0.0,1.0,1.0,63.0,1.0,,8.0,,1.0,10.0,5.0,34.0,17.0,2.0,5.0,1.0,0.0
135,Serie A,2025,495,Genoa,341646,V. Carboni,Valentín,Carboni,20.0,Argentina,185,78,https://media.api-sports.io/football/players/341646.png,Midfielder,12.0,3.0,360.0,6.71,0.0,0.0,4.0,2.0,131.0,4.0,82.0,14.0,,2.0,19.0,10.0,69.0,32.0,5.0,11.0,2.0,0.0
135,Serie A,2025,503,Torino,343538,A. Ciammaglichella,Aaron,Ciammaglichella,20.0,Italy,180,70,https://media.api-sports.io/football/players/343538.png,Midfielder,,,,,,,,,,,,,,,,,,,,,,
135,Serie A,2025,500,Bologna,346923,M. Ilić,Mihajlo,Ilić,22.0,Serbia,192,,https://media.api-sports.io/football/players/346923.png,Defender,,,,,,,,,,,,,,,,,,,,,,
135,Serie A,2025,801,Pisa,526861,M. Casarosa,Matias,Emilio Casarosa,18.0,Italy,,,https://media.api-sports.io/football/players/526861.png,Defender,,,,,,,,,,,,,,,,,,,,,,
135,Serie A,2025,504,Hellas Verona,527234,F. Cham,Fallou,Cham,19.0,Gambia,,,https://media.api-sports.io/football/players/527234.png,Defender,,,,,,,,,,,,,,,,,,,,,,
135,Serie A,2025,500,Bologna,951,M. Aebischer,Michel,Aebischer,28.0,Switzerland,183,78,https://media.api-sports.io/football/players/951.png,Midfielder,3.0,3.0,266.0,6.733333,,0.0,3.0,,132.0,1.0,,9.0,,4.0,2.0,1.0,23.0,13.0,2.0,3.0,0.0,0.0
135,Serie A,2025,801,Pisa,951,M. Aebischer,Michel,Aebischer,28.0,Switzerland,183,78,https://media.api-sports.io/football/players/951.png,Midfielder,35.0,33.0,2900.0,6.91,1.0,2.0,16.0,5.0,1530.0,34.0,85.0,65.0,6.0,37.0,29.0,14.0,257.0,131.0,38.0,45.0,8.0,0.0
135,Serie A,2025,496,Juventus,1138,T. Weah,Timothy,Tarpeh Weah,25.0,USA,183,66,https://media.api-sports.io/football/players/1138.png,Attacker,,,,,,,,,,,,,,,,,,,,,,
135,Serie A,2025,801,Pisa,30755,E. Vignato,Emanuel,Vignato,25.0,Italy,175,70,https://media.api-sports.io/football/players/30755.png,Attacker,,,,,,,,,,,,,,,,,,,,,,
135,Serie A,2025,497,AS Roma,30924,M. Kumbulla,Marash,Kumbulla,25.0,Albania,191,78,https://media.api-sports.io/football/players/30924.png,Defender,,,,,,,,,,,,,,,,,,,,,,
135,Serie A,2025,502,Fiorentina,31318,M&apos;Bala Nzola,M'Bala,Nzola,29.0,Angola,185,91,https://media.api-sports.io/football/players/31318.png,Attacker,3.0,1.0,107.0,6.433333,,0.0,,,32.0,4.0,,,1.0,,3.0,2.0,20.0,7.0,1.0,4.0,0.0,0.0
135,Serie A,2025,801,Pisa,31318,M&apos;Bala Nzola,M'Bala,Nzola,29.0,Angola,185,91,https://media.api-sports.io/football/players/31318.png,Attacker,16.0,11.0,1053.0,6.64,3.0,0.0,20.0,7.0,186.0,15.0,77.0,4.0,1.0,1.0,28.0,14.0,151.0,71.0,17.0,18.0,1.0,1.0
135,Serie A,2025,488,Sassuolo,31318,M&apos;Bala Nzola,M'Bala,Nzola,29.0,Angola,185,91,https://media.api-sports.io/football/players/31318.png,Attacker,14.0,4.0,467.0,6.57,1.0,1.0,8.0,4.0,111.0,5.0,80.0,4.0,,2.0,9.0,5.0,58.0,25.0,9.0,11.0,1.0,0.0
135,Serie A,2025,502,Fiorentina,31507,R. Sottil,Riccardo,Sottil,26.0,Italy,180,75,https://media.api-sports.io/football/players/31507.png,Attacker,4.0,3.0,179.0,6.625000,,1.0,1.0,,51.0,2.0,,,,,10.0,2.0,25.0,9.0,7.0,2.0,0.0,0.0
135,Serie A,2025,867,Lecce,31507,R. Sottil,Riccardo,Sottil,26.0,Italy,180,75,https://media.api-sports.io/football/players/31507.png,Attacker,21.0,13.0,1072.0,6.81,1.0,2.0,10.0,3.0,250.0,24.0,82.0,4.0,,2.0,39.0,13.0,118.0,47.0,27.0,10.0,1.0,0.0
135,Serie A,2025,490,Cagliari,40392,M. Wieteska,Mateusz,Wieteska,28.0,Poland,187,77,https://media.api-sports.io/football/players/40392.png,Defender,,,,,,,,,,,,,,,,,,,,,,
135,Serie A,2025,497,AS Roma,44594,Saud Abdulhamid,Saud Abdullah Salem,Abdulhamid,26.0,Saudi Arabia,171,71,https://media.api-sports.io/football/players/44594.png,Defender,,,,,,,,,,,,,,,,,,,,,,
135,Serie A,2025,801,Pisa,56267,L. Loria,Leonardo,Loria,26.0,Italy,195,75,https://media.api-sports.io/football/players/56267.png,Goalkeeper,,,,,,,,,,,,,,,,,,,,,,
135,Serie A,2025,801,Pisa,127055,A. Arena,Alessandro,Arena,25.0,Italy,171,58,https://media.api-sports.io/football/players/127055.png,Attacker,,,,,,,,,,,,,,,,,,,,,,
135,Serie A,2025,801,Pisa,162181,N. Bonfanti,Nicholas,Bonfanti,23.0,Italy,178,68,https://media.api-sports.io/football/players/162181.png,Attacker,,,,,,,,,,,,,,,,,,,,,,
135,Serie A,2025,801,Pisa,180982,A. Lind,Alexander Lucas,Lind Rasmussen,23.0,Denmark,185,85,https://media.api-sports.io/football/players/180982.png,Attacker,,,,,,,,,,,,,,,,,,,,,,
135,Serie A,2025,500,Bologna,314254,A. Raimondo,Antonio,Raimondo,21.0,Italy,185,73,https://media.api-sports.io/football/players/314254.png,Attacker,,,,,,,,,,,,,,,,,,,,,,
135,Serie A,2025,500,Bologna,319919,O. El Azzouzi,Oussama,El Azzouzi,24.0,Morocco,189,82,https://media.api-sports.io/football/players/319919.png,Midfielder,,,,,,,,,,,,,,,,,,,,,,
135,Serie A,2025,497,AS Roma,342042,L. Cherubini,Luigi,Cherubini,21.0,Italy,175,,https://media.api-sports.io/football/players/342042.png,Attacker,,,,,,,,,,,,,,,,,,,,,,
135,Serie A,2025,494,Udinese,367577,S. Pafundi,Simone,Pafundi,19.0,Italy,166,64,https://media.api-sports.io/football/players/367577.png,Midfielder,,,,,,,,,,,,,,,,,,,,,,
135,Serie A,2025,867,Lecce,368163,V. Addo,Vernon,Addo,20.0,Netherlands,188,80,https://media.api-sports.io/football/players/368163.png,Defender,,,,,,,,,,,,,,,,,,,,,,
135,Serie A,2025,523,Parma,386393,R. Kouda,Rachid,Kouda,23.0,Italy,188,78,https://media.api-sports.io/football/players/386393.png,Midfielder,,,,,,,,,,,,,,,,,,,,,,
135,Serie A,2025,505,Inter,408635,E. Akinsanmiro,Ebenezer,Akinsanmiro,21.0,Nigeria,184,70,https://media.api-sports.io/football/players/408635.png,Midfielder,3.0,2.0,119.0,7.050000,,0.0,1.0,1.0,54.0,2.0,,4.0,,,3.0,2.0,13.0,8.0,,2.0,0.0,0.0
135,Serie A,2025,801,Pisa,408635,E. Akinsanmiro,Ebenezer,Akinsanmiro,21.0,Nigeria,184,70,https://media.api-sports.io/football/players/408635.png,Midfielder,24.0,16.0,1445.0,6.81,0.0,1.0,11.0,3.0,509.0,16.0,85.0,39.0,6.0,27.0,40.0,21.0,196.0,102.0,28.0,30.0,2.0,0.0
135,Serie A,2025,489,AC Milan,436260,F. Camarda,Francesco,Camarda,17.0,Italy,184,77,https://media.api-sports.io/football/players/436260.png,Attacker,4.0,3.0,164.0,6.375000,,0.0,1.0,,20.0,,,,,,3.0,2.0,16.0,6.0,2.0,2.0,0.0,0.0
135,Serie A,2025,867,Lecce,436260,F. Camarda,Francesco,Camarda,17.0,Italy,184,77,https://media.api-sports.io/football/players/436260.png,Attacker,21.0,7.0,693.0,6.4,1.0,0.0,10.0,3.0,107.0,4.0,71.0,3.0,1.0,,9.0,3.0,83.0,24.0,4.0,12.0,1.0,0.0
135,Serie A,2025,496,Juventus,150,Arthur,Arthur Henrique,Ramos de Oliveira Melo,29.0,Brazil,171,73,https://media.api-sports.io/football/players/150.png,Midfielder,,,,,,,,,,,,,,,,,,,,,,
135,Serie A,2025,494,Udinese,9975,Brenner,Brenner,Souza da Silva,25.0,Brazil,175,70,https://media.api-sports.io/football/players/9975.png,Attacker,,,,,,,,,,,,,,,,,,,,,,
135,Serie A,2025,499,Atalanta,30417,M. Carnesecchi,Marco,Carnesecchi,25.0,Italy,191,83,https://media.api-sports.io/football/players/30417.png,Goalkeeper,37.0,37.0,3330.0,7.34,0.0,0.0,,,1174.0,,65.0,1.0,,,1.0,1.0,18.0,17.0,6.0,1.0,0.0,0.0
135,Serie A,2025,499,Atalanta,30421,B. Djimsiti,Berat,Djimsiti,32.0,Albania,190,83,https://media.api-sports.io/football/players/30421.png,Defender,34.0,29.0,2533.0,6.91,0.0,0.0,12.0,2.0,1568.0,6.0,90.0,52.0,24.0,43.0,4.0,3.0,250.0,149.0,8.0,17.0,4.0,0.0
135,Serie A,2025,520,Cremonese,56304,L. Zanimacchia,Luca,Zanimacchia,27.0,Italy,178,72,https://media.api-sports.io/football/players/56304.png,Attacker,,,,,,,,,,,,,,,,,,,,,,
135,Serie A,2025,488,Sassuolo,57899,Yeferson David Paz Paz,Yeferson David,Paz Paz,34.0,Venezuela,174 cm,62 kg,https://media.api-sports.io/football/players/57899.png,Defender,0.0,0.0,,,0.0,0.0,,,,,,,,,,,,,,,0.0,0.0
135,Serie A,2025,499,Atalanta,91422,R. Bellanova,Raoul,Bellanova,25.0,Italy,188,82,https://media.api-sports.io/football/players/91422.png,Midfielder,24.0,15.0,1387.0,6.66,0.0,1.0,8.0,5.0,550.0,21.0,88.0,18.0,3.0,9.0,13.0,9.0,87.0,48.0,12.0,5.0,2.0,0.0
135,Serie A,2025,801,Pisa,91457,J. Mlakar,Jan,Mlakar,27.0,Slovenia,183,78,https://media.api-sports.io/football/players/91457.png,Attacker,,,,,,,,,,,,,,,,,,,,,,
135,Serie A,2025,499,Atalanta,137976,I. Hien,Isak Malcolm Kwaku,Hien,26.0,Sweden,191,88,https://media.api-sports.io/football/players/137976.png,Defender,28.0,20.0,1965.0,6.87,1.0,0.0,8.0,3.0,1135.0,2.0,92.0,49.0,16.0,29.0,9.0,4.0,239.0,122.0,21.0,36.0,5.0,0.0
135,Serie A,2025,895,Como,178709,Y. Engelhardt,Yannik,Engelhardt,24.0,Germany,184,74,https://media.api-sports.io/football/players/178709.png,Midfielder,,,,,,,,,,,,,,,,,,,,,,
135,Serie A,2025,496,Juventus,181806,N. Savona,Nicolò,Savona,22.0,Italy,192,80,https://media.api-sports.io/football/players/181806.png,Defender,,,,,,,,,,,,,,,,,,,,,,
135,Serie A,2025,499,Atalanta,194750,E. Touré,El Bilal,Touré,24.0,Mali,185,77,https://media.api-sports.io/football/players/194750.png,Forward,,,,,,,,,,,,,,,,,,,,,,
135,Serie A,2025,500,Bologna,195508,J. Sosa,Enzo Joaquín,Sosa Romañuk,23.0,Uruguay,189,82,https://media.api-sports.io/football/players/195508.png,Defender,,,,,,,,,,,,,,,,,,,,,,
135,Serie A,2025,490,Cagliari,204054,N. Prelec,Nik,Prelec,24.0,Slovenia,186,80,https://media.api-sports.io/football/players/204054.png,Attacker,,,,,,,,,,,,,,,,,,,,,,
135,Serie A,2025,499,Atalanta,289761,G. Scalvini,Giorgio,Scalvini,22.0,Italy,194,76,https://media.api-sports.io/football/players/289761.png,Defender,24.0,23.0,1817.0,7.08,3.0,1.0,12.0,6.0,1210.0,15.0,87.0,46.0,12.0,43.0,29.0,13.0,206.0,112.0,10.0,31.0,2.0,0.0
135,Serie A,2025,867,Lecce,327763,R. Burnete,Rareş Cătălin,Burnete,21.0,Romania,185,77,https://media.api-sports.io/football/players/327763.png,Attacker,,,,,,,,,,,,,,,,,,,,,,
135,Serie A,2025,520,Cremonese,345467,M. Nasti,Marco,Nasti,22.0,Italy,179,,https://media.api-sports.io/football/players/345467.png,Attacker,,,,,,,,,,,,,,,,,,,,,,
135,Serie A,2025,504,Hellas Verona,359100,A. Cissè,Alphadjo,Cissè,19.0,Italy,178,68,https://media.api-sports.io/football/players/359100.png,Attacker,,,,,,,,,,,,,,,,,,,,,,
135,Serie A,2025,494,Udinese,528604,Gioele Venuti,,,,,,,https://media.api-sports.io/football/players/528604.png,Goalkeeper,0.0,0.0,,,0.0,0.0,,,,,,,,,,,,,,,0.0,0.0
135,Serie A,2025,488,Sassuolo,599203,Lorenzo Nyarko,,,18.0,,,,https://media.api-sports.io/football/players/599203.png,Goalkeeper,0.0,0.0,,,0.0,0.0,,,,,,,,,,,,,,,0.0,0.0
135,Serie A,2025,499,Atalanta,1639,M. Brescianini,Marco,Brescianini,25.0,Italy,188,80,https://media.api-sports.io/football/players/1639.png,Midfielder,9.0,0.0,178.0,6.75,1.0,0.0,2.0,2.0,88.0,2.0,87.0,8.0,1.0,2.0,3.0,1.0,23.0,11.0,2.0,4.0,1.0,0.0
135,Serie A,2025,502,Fiorentina,1639,M. Brescianini,Marco,Brescianini,25.0,Italy,188,80,https://media.api-sports.io/football/players/1639.png,Midfielder,17.0,10.0,866.0,6.64,1.0,1.0,6.0,2.0,304.0,8.0,81.0,5.0,3.0,,10.0,7.0,77.0,28.0,9.0,13.0,1.0,0.0
135,Serie A,2025,499,Atalanta,2286,D. Zappacosta,Davide,Zappacosta,33.0,Italy,182,70,https://media.api-sports.io/football/players/2286.png,Midfielder,35.0,30.0,2580.0,6.86,3.0,3.0,23.0,9.0,1152.0,42.0,84.0,22.0,2.0,20.0,57.0,25.0,159.0,66.0,8.0,18.0,3.0,0.0
135,Serie A,2025,499,Atalanta,2763,Mario Pasalic,Mario,Pasalic,30.0,Croatia,188,77,https://media.api-sports.io/football/players/2763.png,Midfielder,33.0,21.0,1932.0,6.88,3.0,4.0,20.0,6.0,1402.0,40.0,88.0,25.0,3.0,14.0,13.0,7.0,159.0,67.0,6.0,22.0,3.0,0.0
135,Serie A,2025,499,Atalanta,10097,Éderson,Éderson José,dos Santos Lourenço da Silva,26.0,Brazil,183,83,https://media.api-sports.io/football/players/10097.png,Midfielder,30.0,26.0,2235.0,7,2.0,1.0,21.0,11.0,1334.0,25.0,89.0,59.0,7.0,28.0,29.0,16.0,252.0,135.0,40.0,34.0,3.0,0.0
135,Serie A,2025,499,Atalanta,30419,F. Rossi,Francesco,Rossi,34.0,Italy,193,83,https://media.api-sports.io/football/players/30419.png,Goalkeeper,0.0,0.0,,,0.0,0.0,,,,,,,,,,,,,,,0.0,0.0
135,Serie A,2025,499,Atalanta,30432,M. de Roon,Marten Elco,de Roon,34.0,Netherlands,186,76,https://media.api-sports.io/football/players/30432.png,Midfielder,34.0,32.0,2704.0,7.04,1.0,2.0,13.0,4.0,1942.0,24.0,85.0,81.0,5.0,28.0,7.0,3.0,249.0,130.0,11.0,37.0,7.0,0.0
135,Serie A,2025,499,Atalanta,30544,G. Scamacca,Gianluca,Scamacca,26.0,Italy,196,85,https://media.api-sports.io/football/players/30544.png,Attacker,24.0,16.0,1319.0,6.69,10.0,1.0,49.0,22.0,316.0,17.0,70.0,8.0,2.0,3.0,23.0,13.0,141.0,65.0,18.0,26.0,2.0,0.0
135,Serie A,2025,801,Pisa,30733,A. Šemper,Adrian,Šemper,27.0,Croatia,194,89,https://media.api-sports.io/football/players/30733.png,Goalkeeper,25.0,25.0,2250.0,6.95,0.0,0.0,,,746.0,,61.0,,,,,,18.0,16.0,6.0,,0.0,0.0
135,Serie A,2025,499,Atalanta,31069,M. Sportiello,Marco,Sportiello,33.0,Italy,192,87,https://media.api-sports.io/football/players/31069.png,Goalkeeper,1.0,1.0,90.0,6.6,0.0,0.0,,,18.0,,83.0,1.0,,,,,1.0,1.0,,,0.0,0.0
135,Serie A,2025,499,Atalanta,48119,O. Kossounou,Kouakou Odilon Dorgeless,Kossounou,24.0,Côte d'Ivoire,191,79,https://media.api-sports.io/football/players/48119.png,Defender,19.0,10.0,994.0,6.65,1.0,0.0,3.0,1.0,629.0,4.0,91.0,17.0,7.0,9.0,11.0,5.0,87.0,37.0,3.0,16.0,1.0,0.0
135,Serie A,2025,499,Atalanta,66817,N. Krstović,Nikola,Krstović,25.0,Montenegro,185,83,https://media.api-sports.io/football/players/66817.png,Attacker,33.0,18.0,1786.0,6.68,10.0,5.0,75.0,34.0,501.0,21.0,73.0,15.0,3.0,3.0,39.0,17.0,266.0,117.0,27.0,45.0,4.0,0.0
135,Serie A,2025,499,Atalanta,134926,D. Maldini,Daniel,Maldini,24.0,Italy,188,83,https://media.api-sports.io/football/players/134926.png,Attacker,9.0,3.0,265.0,6.68,0.0,0.0,6.0,2.0,97.0,4.0,76.0,3.0,,,15.0,9.0,37.0,22.0,7.0,4.0,1.0,0.0
135,Serie A,2025,487,Lazio,134926,D. Maldini,Daniel,Maldini,24.0,Italy,188,83,https://media.api-sports.io/football/players/134926.png,Attacker,12.0,9.0,690.0,6.74,2.0,1.0,9.0,5.0,212.0,7.0,83.0,12.0,1.0,4.0,19.0,7.0,105.0,44.0,20.0,14.0,0.0,0.0
135,Serie A,2025,499,Atalanta,147859,C. De Ketelaere,Charles Marc,De Ketelaere,24.0,Belgium,192,74,https://media.api-sports.io/football/players/147859.png,Attacker,31.0,26.0,2188.0,7.25,3.0,5.0,30.0,16.0,1016.0,63.0,78.0,24.0,2.0,5.0,102.0,51.0,346.0,153.0,36.0,23.0,4.0,0.0
135,Serie A,2025,499,Atalanta,178749,L. Samardžić,Lazar Vujadin,Samardžić,23.0,Serbia,184,70,https://media.api-sports.io/football/players/178749.png,Midfielder,26.0,11.0,1028.0,6.77,2.0,1.0,19.0,9.0,524.0,28.0,84.0,12.0,,9.0,33.0,14.0,121.0,41.0,10.0,17.0,1.0,0.0
135,Serie A,2025,499,Atalanta,199837,K. Sulemana,Kamaldeen,Sulemana,23.0,Ghana,175,70,https://media.api-sports.io/football/players/199837.png,Attacker,25.0,9.0,1008.0,6.74,2.0,1.0,19.0,10.0,342.0,13.0,84.0,9.0,1.0,2.0,49.0,22.0,132.0,57.0,14.0,13.0,4.0,0.0
135,Serie A,2025,499,Atalanta,203474,N. Zalewski,Nicola,Zalewski,23.0,Poland,175,68,https://media.api-sports.io/football/players/203474.png,Midfielder,33.0,24.0,1910.0,6.98,2.0,4.0,26.0,7.0,703.0,36.0,75.0,29.0,1.0,18.0,66.0,28.0,232.0,122.0,52.0,21.0,3.0,0.0
135,Serie A,2025,499,Atalanta,264857,L. Bernasconi,Lorenzo,Bernasconi,22.0,Italy,190,72,https://media.api-sports.io/football/players/264857.png,Defender,23.0,17.0,1572.0,6.99,0.0,3.0,4.0,1.0,708.0,27.0,84.0,29.0,6.0,14.0,17.0,9.0,88.0,47.0,5.0,8.0,3.0,0.0
135,Serie A,2025,499,Atalanta,341838,G. Bonfanti,Giovanni,Bonfanti,22.0,Italy,187,83,https://media.api-sports.io/football/players/341838.png,Defender,0.0,0.0,,,0.0,0.0,,,,,,,,,,,,,,,0.0,0.0
135,Serie A,2025,801,Pisa,341838,G. Bonfanti,Giovanni,Bonfanti,22.0,Italy,187,83,https://media.api-sports.io/football/players/341838.png,Defender,9.0,6.0,495.0,6.54,0.0,0.0,4.0,1.0,140.0,3.0,65.0,13.0,2.0,7.0,12.0,5.0,61.0,30.0,3.0,10.0,1.0,0.0
135,Serie A,2025,499,Atalanta,453906,H. Ahanor,Honest,Ahanor,17.0,Italy,184,79,https://media.api-sports.io/football/players/453906.png,Defender,22.0,15.0,1380.0,6.64,0.0,0.0,11.0,4.0,713.0,2.0,89.0,36.0,10.0,23.0,8.0,5.0,171.0,102.0,28.0,25.0,2.0,1.0
135,Serie A,2025,801,Pisa,485960,D. Denoon,Daniel,Denoon,21.0,Switzerland,187,85,https://media.api-sports.io/football/players/485960.png,Defender,2.0,2.0,123.0,6.6,0.0,0.0,,,32.0,,84.0,3.0,,1.0,,,13.0,6.0,3.0,4.0,1.0,0.0
135,Serie A,2025,801,Pisa,866,J. Cuadrado,Juan Guillermo,Cuadrado Bello,37.0,Colombia,179,72,https://media.api-sports.io/football/players/866.png,Midfielder,19.0,2.0,501.0,6.84,1.0,0.0,5.0,2.0,216.0,13.0,81.0,18.0,2.0,4.0,30.0,13.0,97.0,49.0,16.0,9.0,3.0,0.0
135,Serie A,2025,801,Pisa,15723,M. Højholt,Malthe,Højholt,24.0,Denmark,182,65,https://media.api-sports.io/football/players/15723.png,Midfielder,17.0,9.0,856.0,6.46,0.0,0.0,4.0,2.0,280.0,3.0,84.0,14.0,3.0,9.0,3.0,1.0,68.0,25.0,5.0,14.0,2.0,0.0
135,Serie A,2025,801,Pisa,20959,M. Tramoni,Mattéo,Tramoni,25.0,France,175,72,https://media.api-sports.io/football/players/20959.png,Attacker,27.0,21.0,1615.0,6.79,2.0,2.0,21.0,9.0,363.0,28.0,71.0,32.0,1.0,16.0,34.0,8.0,152.0,67.0,15.0,15.0,3.0,0.0
135,Serie A,2025,801,Pisa,30469,A. Calabresi,Arturo,Calabresi,29.0,Italy,186,75,https://media.api-sports.io/football/players/30469.png,Defender,26.0,17.0,1516.0,6.56,0.0,0.0,2.0,1.0,518.0,4.0,82.0,20.0,13.0,18.0,9.0,2.0,146.0,62.0,25.0,33.0,8.0,0.0
135,Serie A,2025,801,Pisa,30723,M. Marin,Marius Mihai,Marin,27.0,Romania,180,72,https://media.api-sports.io/football/players/30723.png,Midfielder,23.0,18.0,1292.0,6.73,0.0,0.0,1.0,,449.0,2.0,77.0,45.0,4.0,13.0,5.0,1.0,150.0,73.0,20.0,36.0,7.0,0.0
135,Serie A,2025,490,Cagliari,30731,E. Caprile,Elia,Caprile,24.0,Italy,191,74,https://media.api-sports.io/football/players/30731.png,Goalkeeper,38.0,38.0,3420.0,7.04,0.0,0.0,,,1091.0,1.0,63.0,,,,,,21.0,18.0,8.0,,2.0,0.0
135,Serie A,2025,801,Pisa,30753,M. Léris,Mehdi Pascal,Marcel Léris,27.0,Algeria,186,83,https://media.api-sports.io/football/players/30753.png,Midfielder,34.0,21.0,1912.0,6.87,2.0,3.0,15.0,7.0,563.0,27.0,70.0,67.0,8.0,22.0,42.0,17.0,275.0,161.0,22.0,27.0,2.0,0.0
135,Serie A,2025,801,Pisa,30792,Nícolas,Nícolas David,Andrade,37.0,Brazil,190,85,https://media.api-sports.io/football/players/30792.png,Goalkeeper,6.0,6.0,540.0,6.52,0.0,0.0,,,191.0,,64.0,,,,1.0,1.0,9.0,7.0,3.0,,0.0,0.0
135,Serie A,2025,801,Pisa,31560,S. Moreo,Stefano,Moreo,32.0,Italy,191,86,https://media.api-sports.io/football/players/31560.png,Attacker,37.0,29.0,2321.0,6.78,7.0,1.0,46.0,20.0,549.0,25.0,59.0,17.0,4.0,22.0,27.0,13.0,281.0,145.0,20.0,22.0,2.0,0.0
135,Serie A,2025,801,Pisa,31604,A. Caracciolo,Antonio Aldo,Caracciolo,35.0,Italy,185,83,https://media.api-sports.io/football/players/31604.png,Defender,35.0,34.0,3074.0,6.62,2.0,0.0,20.0,6.0,1232.0,2.0,84.0,71.0,24.0,50.0,9.0,3.0,261.0,139.0,11.0,40.0,10.0,0.0
135,Serie A,2025,801,Pisa,50054,S. Scuffet,Simone,Scuffet,29.0,Italy,193,77,https://media.api-sports.io/football/players/50054.png,Goalkeeper,7.0,7.0,630.0,7.04,0.0,0.0,,,237.0,,67.0,,,,,,6.0,6.0,4.0,,0.0,0.0
135,Serie A,2025,801,Pisa,56293,I. Touré,Idrissa,Touré,27.0,Germany,188,76,https://media.api-sports.io/football/players/56293.png,Midfielder,32.0,26.0,2286.0,6.76,1.0,0.0,22.0,8.0,669.0,20.0,65.0,43.0,8.0,23.0,44.0,21.0,406.0,222.0,19.0,23.0,4.0,1.0
135,Serie A,2025,801,Pisa,91503,S. Canestrelli,Simone,Canestrelli,25.0,Italy,192,85,https://media.api-sports.io/football/players/91503.png,Defender,37.0,36.0,3201.0,6.58,1.0,0.0,11.0,3.0,1261.0,10.0,81.0,40.0,20.0,33.0,5.0,3.0,276.0,158.0,21.0,42.0,4.0,0.0
135,Serie A,2025,801,Pisa,302069,S. Angori,Samuele,Angori,22.0,Italy,186,77,https://media.api-sports.io/football/players/302069.png,Midfielder,35.0,30.0,2604.0,6.88,0.0,2.0,8.0,3.0,785.0,38.0,72.0,46.0,8.0,22.0,18.0,9.0,205.0,128.0,55.0,17.0,2.0,0.0
135,Serie A,2025,801,Pisa,325387,G. Piccinini,Gabriele,Piccinini,24.0,Italy,184,76,https://media.api-sports.io/football/players/325387.png,Midfielder,25.0,5.0,872.0,6.53,0.0,0.0,13.0,7.0,232.0,7.0,78.0,22.0,1.0,2.0,12.0,4.0,108.0,54.0,12.0,11.0,3.0,0.0
135,Serie A,2025,801,Pisa,331678,H. Meister,Henrik,Wendel Meister,22.0,Denmark,192,83,https://media.api-sports.io/football/players/331678.png,Attacker,28.0,15.0,1512.0,6.39,2.0,0.0,16.0,8.0,155.0,5.0,64.0,5.0,,1.0,37.0,13.0,190.0,68.0,17.0,26.0,2.0,0.0
135,Serie A,2025,801,Pisa,384831,M. Durmush,Mert,Myuslyum Durmush,20.0,Bulgaria,,,https://media.api-sports.io/football/players/384831.png,Midfielder,0.0,0.0,,,0.0,0.0,,,,,,,,,,,,,,,0.0,0.0
135,Serie A,2025,801,Pisa,497255,G. Maucci,Giacomo,Maucci,18.0,Italy,,,https://media.api-sports.io/football/players/497255.png,Midfielder,0.0,0.0,,,0.0,0.0,,,,,,,,,,,,,,,0.0,0.0
135,Serie A,2025,801,Pisa,510473,Louis Buffon,Louis,Buffon,18.0,Italy,,,https://media.api-sports.io/football/players/510473.png,Attacker,4.0,0.0,36.0,6.4,0.0,0.0,,,6.0,,83.0,,,,1.0,,7.0,1.0,1.0,1.0,0.0,0.0
135,Serie A,2025,801,Pisa,526688,Jeremy Kandje Mbambi,Jeremy,Kandje Mbambi,17.0,Belgium,,,https://media.api-sports.io/football/players/526688.png,Defender,0.0,0.0,,,0.0,0.0,,,,,,,,,,,,,,,0.0,0.0
135,Serie A,2025,490,Cagliari,200,G. Zappa,Gabriele,Zappa,26.0,Italy,180,78,https://media.api-sports.io/football/players/200.png,Defender,31.0,18.0,1608.0,6.58,0.0,3.0,9.0,2.0,883.0,13.0,84.0,28.0,2.0,17.0,14.0,5.0,105.0,49.0,5.0,13.0,2.0,0.0
135,Serie A,2025,490,Cagliari,319,S. Luperto,Sebastiano,Luperto,29.0,Italy,191,75,https://media.api-sports.io/football/players/319.png,Defender,19.0,19.0,1707.0,6.74,1.0,0.0,5.0,3.0,850.0,3.0,89.0,15.0,10.0,18.0,1.0,1.0,97.0,48.0,17.0,23.0,3.0,0.0
135,Serie A,2025,520,Cremonese,319,S. Luperto,Sebastiano,Luperto,29.0,Italy,191,75,https://media.api-sports.io/football/players/319.png,Defender,15.0,15.0,1310.0,6.68,0.0,1.0,4.0,2.0,780.0,3.0,86.0,20.0,9.0,12.0,4.0,4.0,92.0,53.0,12.0,9.0,1.0,0.0
135,Serie A,2025,490,Cagliari,325,G. Gaetano,Gianluca,Gaetano,25.0,Italy,183,71,https://media.api-sports.io/football/players/325.png,Midfielder,33.0,21.0,1911.0,6.86,2.0,4.0,25.0,11.0,1055.0,28.0,80.0,29.0,2.0,22.0,29.0,17.0,182.0,89.0,29.0,26.0,4.0,0.0
135,Serie A,2025,502,Fiorentina,882,David de Gea,David,de Gea Quintana,35.0,Spain,192,76,https://media.api-sports.io/football/players/882.png,Goalkeeper,37.0,37.0,3330.0,6.99,0.0,0.0,,,1067.0,1.0,66.0,,,,,,15.0,11.0,6.0,,1.0,0.0
135,Serie A,2025,490,Cagliari,2484,Y. Mina,Yerry Fernando,Mina González,31.0,Colombia,195,94,https://media.api-sports.io/football/players/2484.png,Defender,26.0,26.0,2153.0,6.98,2.0,0.0,8.0,3.0,1201.0,8.0,91.0,32.0,23.0,26.0,5.0,2.0,203.0,129.0,37.0,26.0,4.0,0.0
135,Serie A,2025,490,Cagliari,30505,M. Adopo,Michel Ndary,Adopo,25.0,France,187,76,https://media.api-sports.io/football/players/30505.png,Midfielder,38.0,33.0,3055.0,6.63,1.0,2.0,19.0,11.0,1084.0,27.0,82.0,56.0,6.0,29.0,36.0,14.0,276.0,126.0,25.0,35.0,4.0,0.0
135,Serie A,2025,490,Cagliari,30561,A. Deiola,Alessandro,Deiola,30.0,Italy,189,85,https://media.api-sports.io/football/players/30561.png,Midfielder,20.0,17.0,1435.0,6.67,0.0,2.0,16.0,7.0,595.0,6.0,81.0,35.0,7.0,14.0,5.0,3.0,122.0,61.0,12.0,22.0,3.0,0.0
135,Serie A,2025,490,Cagliari,31499,G. Borrelli,Gennaro,Borrelli,25.0,Italy,194,,https://media.api-sports.io/football/players/31499.png,Attacker,27.0,13.0,1273.0,6.76,5.0,1.0,21.0,12.0,227.0,12.0,70.0,15.0,2.0,3.0,16.0,6.0,241.0,121.0,49.0,44.0,4.0,0.0
135,Serie A,2025,490,Cagliari,31734,M. Felici,Mattia,Felici,24.0,Italy,182,75,https://media.api-sports.io/football/players/31734.png,Attacker,12.0,4.0,409.0,6.7,2.0,1.0,7.0,6.0,105.0,8.0,67.0,11.0,,5.0,19.0,7.0,61.0,25.0,6.0,10.0,3.0,0.0
135,Serie A,2025,490,Cagliari,56287,A. Di Pardo,Alessandro,Di Pardo,26.0,Italy,182,76,https://media.api-sports.io/football/players/56287.png,Defender,3.0,0.0,60.0,6.25,0.0,0.0,1.0,,17.0,,76.0,1.0,1.0,,,,5.0,2.0,1.0,,0.0,0.0
135,Serie A,2025,490,Cagliari,135863,G. Ciocci,Giuseppe,Ciocci,23.0,Italy,193,90,https://media.api-sports.io/football/players/135863.png,Goalkeeper,0.0,0.0,,,0.0,0.0,,,,,,,,,,,,,,,0.0,0.0
135,Serie A,2025,490,Cagliari,140831,Zito Luvumbo,Zito André,Sebastião Luvumbo,23.0,Angola,171,65,https://media.api-sports.io/football/players/140831.png,Attacker,12.0,2.0,335.0,6.53,0.0,0.0,11.0,6.0,65.0,3.0,76.0,2.0,,1.0,12.0,3.0,48.0,24.0,18.0,4.0,0.0,0.0
135,Serie A,2025,490,Cagliari,309388,M. Prati,Matteo,Prati,22.0,Italy,183,73,https://media.api-sports.io/football/players/309388.png,Midfielder,20.0,15.0,1273.0,6.66,1.0,0.0,13.0,1.0,551.0,8.0,80.0,24.0,6.0,15.0,4.0,2.0,76.0,37.0,3.0,17.0,4.0,0.0
135,Serie A,2025,503,Torino,309388,M. Prati,Matteo,Prati,22.0,Italy,183,73,https://media.api-sports.io/football/players/309388.png,Midfielder,13.0,7.0,616.0,6.58,0.0,1.0,9.0,,299.0,4.0,78.0,15.0,3.0,5.0,10.0,5.0,68.0,34.0,7.0,12.0,2.0,0.0
135,Serie A,2025,490,Cagliari,321744,A. Obert,Adam,Obert,23.0,Slovakia,188,84,https://media.api-sports.io/football/players/321744.png,Defender,35.0,33.0,2788.0,6.85,0.0,3.0,8.0,3.0,1209.0,27.0,81.0,68.0,18.0,42.0,25.0,16.0,239.0,128.0,13.0,40.0,9.0,0.0
135,Serie A,2025,490,Cagliari,329550,N. Cavuoti,Nicolò,Cavuoti,22.0,Italy,177,,https://media.api-sports.io/football/players/329550.png,Midfielder,4.0,0.0,52.0,6.63,0.0,0.0,,,14.0,,85.0,,,,2.0,1.0,10.0,3.0,1.0,1.0,0.0,0.0
135,Serie A,2025,490,Cagliari,336567,S. Kılıçsoy,Semih,Kılıçsoy,20.0,Türkiye,178,68,https://media.api-sports.io/football/players/336567.png,Attacker,22.0,11.0,983.0,6.57,4.0,0.0,11.0,8.0,240.0,11.0,77.0,5.0,1.0,1.0,25.0,14.0,126.0,40.0,15.0,14.0,1.0,0.0
135,Serie A,2025,490,Cagliari,341987,A. Vinciguerra,Alessandro,Vinciguerra,20.0,Italy,167,58,https://media.api-sports.io/football/players/341987.png,Attacker,0.0,0.0,,,0.0,0.0,,,,,,,,,,,,,,,0.0,0.0
135,Serie A,2025,490,Cagliari,342311,V. Iliev,Velizar-Iliya,Svetozarov Iliev,20.0,Bulgaria,194,88,https://media.api-sports.io/football/players/342311.png,Goalkeeper,0.0,0.0,,,0.0,0.0,,,,,,,,,,,,,,,0.0,0.0
135,Serie A,2025,490,Cagliari,383026,Riyad Idrissi,Riyad,Idrissi,20.0,Morocco,182,69,https://media.api-sports.io/football/players/383026.png,Defender,23.0,4.0,781.0,6.62,2.0,0.0,6.0,6.0,287.0,6.0,79.0,21.0,4.0,8.0,14.0,8.0,78.0,36.0,6.0,9.0,3.0,0.0
135,Serie A,2025,502,Fiorentina,396637,P. Comuzzo,Pietro,Comuzzo,20.0,Italy,185,75,https://media.api-sports.io/football/players/396637.png,Defender,27.0,18.0,1700.0,6.65,1.0,0.0,9.0,2.0,992.0,3.0,90.0,32.0,14.0,24.0,2.0,1.0,137.0,69.0,4.0,24.0,2.0,0.0
135,Serie A,2025,502,Fiorentina,876,N. Fagioli,Nicolò,Fagioli,24.0,Italy,178,71,https://media.api-sports.io/football/players/876.png,Midfielder,33.0,30.0,2564.0,7.25,2.0,3.0,20.0,7.0,1672.0,62.0,89.0,46.0,10.0,16.0,31.0,19.0,204.0,111.0,45.0,23.0,5.0,0.0
135,Serie A,2025,502,Fiorentina,877,M. Kean,Moise Bioty,Kean,25.0,Italy,183,67,https://media.api-sports.io/football/players/877.png,Attacker,26.0,23.0,2047.0,6.68,8.0,1.0,75.0,27.0,213.0,3.0,72.0,6.0,1.0,7.0,60.0,25.0,228.0,102.0,44.0,29.0,4.0,0.0
135,Serie A,2025,502,Fiorentina,1014,S. Sohm,Simon Solomon Junior,Sohm,24.0,Switzerland,188,85,https://media.api-sports.io/football/players/1014.png,Midfielder,16.0,9.0,718.0,6.58,0.0,1.0,4.0,,300.0,9.0,88.0,10.0,4.0,6.0,11.0,7.0,86.0,35.0,11.0,15.0,2.0,0.0
135,Serie A,2025,500,Bologna,1014,S. Sohm,Simon Solomon Junior,Sohm,24.0,Switzerland,188,85,https://media.api-sports.io/football/players/1014.png,Midfielder,12.0,9.0,720.0,6.61,0.0,0.0,2.0,1.0,271.0,6.0,81.0,10.0,1.0,2.0,5.0,4.0,53.0,30.0,3.0,9.0,1.0,0.0
135,Serie A,2025,502,Fiorentina,1084,M. Pongračić,Marin,Pongračić,28.0,Croatia,190,95,https://media.api-sports.io/football/players/1084.png,Defender,35.0,33.0,2917.0,6.77,0.0,0.0,5.0,1.0,1901.0,8.0,91.0,31.0,27.0,35.0,22.0,16.0,241.0,117.0,21.0,69.0,12.0,0.0
135,Serie A,2025,502,Fiorentina,2799,A. Guðmundsson,Albert,Guðmundsson,28.0,Iceland,177,80,https://media.api-sports.io/football/players/2799.png,Attacker,33.0,27.0,2262.0,6.71,5.0,4.0,28.0,15.0,839.0,32.0,86.0,8.0,3.0,3.0,39.0,20.0,173.0,61.0,30.0,34.0,4.0,1.0
135,Serie A,2025,502,Fiorentina,19053,A. Sabiri,Abdelhamid,Sabiri,29.0,Morocco,183,80,https://media.api-sports.io/football/players/19053.png,Midfielder,1.0,0.0,26.0,6.9,0.0,0.0,1.0,,19.0,3.0,68.0,2.0,,,,,6.0,3.0,1.0,1.0,0.0,0.0
135,Serie A,2025,502,Fiorentina,30422,R. Gosens,Robin Everardus,Gosens,31.0,Germany,183,76,https://media.api-sports.io/football/players/30422.png,Midfielder,26.0,24.0,1893.0,6.87,3.0,1.0,13.0,7.0,776.0,12.0,79.0,31.0,6.0,25.0,3.0,,176.0,88.0,25.0,24.0,2.0,0.0
135,Serie A,2025,502,Fiorentina,30810,R. Mandragora,Rolando,Mandragora,28.0,Italy,183,76,https://media.api-sports.io/football/players/30810.png,Midfielder,34.0,30.0,2438.0,7.02,7.0,3.0,43.0,18.0,990.0,35.0,84.0,45.0,5.0,13.0,16.0,6.0,236.0,142.0,56.0,37.0,7.0,0.0
135,Serie A,2025,502,Fiorentina,31352,L. Lezzerini,Luca,Lezzerini,30.0,Italy,195,86,https://media.api-sports.io/football/players/31352.png,Goalkeeper,1.0,0.0,3.0,,0.0,0.0,,,5.0,,60.0,,,,,,,,,,0.0,0.0
135,Serie A,2025,502,Fiorentina,31642,L. Ranieri,Luca,Ranieri,26.0,Italy,187,73,https://media.api-sports.io/football/players/31642.png,Defender,34.0,29.0,2479.0,6.88,1.0,0.0,12.0,3.0,1411.0,7.0,85.0,34.0,13.0,24.0,15.0,6.0,191.0,114.0,27.0,22.0,8.0,1.0
135,Serie A,2025,502,Fiorentina,41144,Dodô,Domilson,Cordeiro dos Santos,27.0,Brazil,166,68,https://media.api-sports.io/football/players/41144.png,Midfielder,36.0,36.0,3139.0,6.98,1.0,2.0,20.0,4.0,1400.0,51.0,83.0,29.0,3.0,30.0,85.0,46.0,257.0,145.0,53.0,22.0,7.0,0.0
135,Serie A,2025,502,Fiorentina,46792,Pablo Marí,Pablo,Marí Villar,32.0,Spain,193,87,https://media.api-sports.io/football/players/46792.png,Defender,11.0,9.0,809.0,6.57,0.0,0.0,2.0,,455.0,2.0,91.0,12.0,7.0,22.0,1.0,,75.0,38.0,8.0,17.0,3.0,0.0
135,Serie A,2025,502,Fiorentina,136087,F. Parisi,Fabiano,Parisi,25.0,Italy,178,70,https://media.api-sports.io/football/players/136087.png,Defender,23.0,18.0,1527.0,6.98,1.0,1.0,16.0,7.0,639.0,19.0,84.0,21.0,6.0,20.0,55.0,31.0,211.0,124.0,66.0,14.0,6.0,0.0
135,Serie A,2025,502,Fiorentina,180510,M. Viti,Mattia,Viti,23.0,Italy,190,82,https://media.api-sports.io/football/players/180510.png,Defender,10.0,2.0,267.0,6.4,0.0,0.0,,,143.0,,83.0,9.0,1.0,4.0,2.0,1.0,41.0,18.0,4.0,9.0,2.0,0.0
135,Serie A,2025,502,Fiorentina,311083,C. Ndour,Cher,Ndour,21.0,Italy,190,82,https://media.api-sports.io/football/players/311083.png,Attacker,33.0,20.0,1885.0,6.67,3.0,0.0,14.0,8.0,756.0,6.0,82.0,35.0,9.0,14.0,23.0,7.0,210.0,97.0,23.0,26.0,2.0,0.0
135,Serie A,2025,502,Fiorentina,314231,A. Richardson,Michael Amir Junior,Richardson,23.0,Morocco,197,79,https://media.api-sports.io/football/players/314231.png,Midfielder,2.0,0.0,40.0,6.55,0.0,0.0,1.0,,29.0,,68.0,1.0,,,4.0,1.0,12.0,6.0,3.0,1.0,0.0,0.0
135,Serie A,2025,502,Fiorentina,340700,J. Fazzini,Jacopo,Fazzini,22.0,Italy,178,62,https://media.api-sports.io/football/players/340700.png,Midfielder,20.0,5.0,590.0,6.67,0.0,0.0,3.0,1.0,188.0,9.0,74.0,18.0,1.0,6.0,22.0,9.0,106.0,51.0,15.0,12.0,2.0,0.0
135,Serie A,2025,502,Fiorentina,383267,T. Martinelli,Tommaso,Martinelli,19.0,Italy,194,82,https://media.api-sports.io/football/players/383267.png,Goalkeeper,0.0,0.0,,,0.0,0.0,,,,,,,,,,,,,,,0.0,0.0
135,Serie A,2025,502,Fiorentina,441290,E. Košpo,Eman,Košpo,18.0,Bosnia and Herzegovina,191,,https://media.api-sports.io/football/players/441290.png,Defender,1.0,0.0,,,0.0,0.0,,,,,,,,,,,,,,,0.0,0.0
135,Serie A,2025,502,Fiorentina,448977,E. Kouadio,Eddy Nda Konan,Kouadio,19.0,Italy,191,74,https://media.api-sports.io/football/players/448977.png,Defender,3.0,0.0,80.0,6.8,0.0,0.0,,,24.0,1.0,87.0,4.0,,1.0,2.0,1.0,9.0,6.0,1.0,1.0,0.0,0.0
135,Serie A,2025,895,Como,59,Álvaro Morata,Álvaro Borja,Morata Martín,33.0,Spain,190,84,https://media.api-sports.io/football/players/59.png,Attacker,26.0,9.0,932.0,6.58,0.0,1.0,19.0,8.0,231.0,10.0,75.0,14.0,,1.0,7.0,2.0,124.0,65.0,33.0,16.0,3.0,0.0
135,Serie A,2025,895,Como,137,Sergi Roberto,Sergi,Roberto Carnicer,33.0,Spain,178,68,https://media.api-sports.io/football/players/137.png,Midfielder,20.0,5.0,554.0,6.6,0.0,0.0,6.0,2.0,435.0,8.0,92.0,7.0,1.0,5.0,8.0,4.0,56.0,25.0,9.0,9.0,3.0,0.0
135,Serie A,2025,895,Como,659,M. Caqueret,Maxence,Caqueret,25.0,France,174,63,https://media.api-sports.io/football/players/659.png,Midfielder,30.0,17.0,1487.0,6.85,2.0,6.0,12.0,4.0,906.0,26.0,88.0,35.0,3.0,13.0,32.0,17.0,179.0,82.0,23.0,26.0,3.0,0.0
135,Serie A,2025,502,Fiorentina,790,E. Džeko,Edin,Džeko,39.0,Bosnia and Herzegovina,193,80,https://media.api-sports.io/football/players/790.png,Attacker,11.0,2.0,250.0,6.61,0.0,0.0,1.0,1.0,81.0,2.0,74.0,1.0,1.0,1.0,6.0,2.0,43.0,26.0,5.0,2.0,1.0,0.0
135,Serie A,2025,895,Como,8574,J. Butez,Jean,Butez,30.0,France,188,70,https://media.api-sports.io/football/players/8574.png,Goalkeeper,38.0,38.0,3420.0,7.23,0.0,1.0,,,1340.0,3.0,81.0,2.0,,1.0,1.0,1.0,24.0,22.0,9.0,,3.0,0.0
135,Serie A,2025,895,Como,8586,M. Vojvoda,Mërgim,Vojvoda,30.0,Kosovo,187,78,https://media.api-sports.io/football/players/8586.png,Midfielder,30.0,19.0,1599.0,6.73,2.0,2.0,16.0,7.0,753.0,29.0,83.0,13.0,2.0,14.0,21.0,13.0,115.0,48.0,12.0,15.0,2.0,0.0
135,Serie A,2025,895,Como,14266,I. Smolčić,Ivan,Smolčić,25.0,Croatia,181,78,https://media.api-sports.io/football/players/14266.png,Defender,28.0,19.0,1665.0,6.87,0.0,1.0,9.0,4.0,878.0,15.0,87.0,38.0,9.0,23.0,3.0,2.0,146.0,82.0,17.0,26.0,8.0,0.0
135,Serie A,2025,895,Como,26301,M. Kempf,Marc Oliver,Kempf,30.0,Germany,186,87,https://media.api-sports.io/football/players/26301.png,Defender,34.0,27.0,2323.0,6.98,4.0,1.0,17.0,6.0,1735.0,8.0,89.0,21.0,20.0,12.0,6.0,2.0,225.0,134.0,19.0,26.0,3.0,0.0
135,Serie A,2025,895,Como,26845,T. Douvikas,Anastasios,Douvikas,26.0,Greece,186,76,https://media.api-sports.io/football/players/26845.png,Attacker,38.0,25.0,2278.0,6.84,14.0,1.0,49.0,30.0,318.0,23.0,77.0,13.0,4.0,4.0,33.0,13.0,239.0,100.0,42.0,36.0,0.0,0.0
135,Serie A,2025,895,Como,38753,N. Kühn,Nicolas-Gerrit,Kühn,25.0,Germany,174,74,https://media.api-sports.io/football/players/38753.png,Attacker,23.0,6.0,655.0,6.58,1.0,1.0,5.0,3.0,217.0,11.0,82.0,13.0,,5.0,19.0,10.0,73.0,28.0,2.0,6.0,0.0,0.0
135,Serie A,2025,895,Como,129119,I. Van der Brempt,Ignace,Van der Brempt,23.0,Belgium,187,76,https://media.api-sports.io/football/players/129119.png,Defender,20.0,11.0,943.0,6.82,0.0,1.0,2.0,,468.0,5.0,85.0,30.0,,8.0,15.0,6.0,110.0,62.0,15.0,19.0,2.0,0.0
135,Serie A,2025,895,Como,162266,L. da Cunha,Lucas,da Cunha,24.0,France,174,66,https://media.api-sports.io/football/players/162266.png,Midfielder,36.0,31.0,2748.0,7.12,6.0,4.0,30.0,16.0,1981.0,45.0,90.0,57.0,1.0,18.0,33.0,22.0,240.0,115.0,19.0,35.0,4.0,0.0
135,Serie A,2025,895,Como,288699,M. Perrone,Máximo,Perrone,22.0,Argentina,177,68,https://media.api-sports.io/football/players/288699.png,Midfielder,36.0,33.0,2749.0,6.99,3.0,4.0,14.0,9.0,2175.0,34.0,91.0,56.0,3.0,22.0,17.0,9.0,214.0,100.0,23.0,43.0,8.0,0.0
135,Serie A,2025,895,Como,336560,Álex Valle,Álex,Valle Gómez,21.0,Spain,178,72,https://media.api-sports.io/football/players/336560.png,Defender,28.0,23.0,2025.0,6.75,1.0,4.0,7.0,2.0,1013.0,14.0,84.0,51.0,7.0,23.0,19.0,5.0,184.0,93.0,19.0,34.0,3.0,0.0
135,Serie A,2025,895,Como,350037,N. Paz,Nicolás,Paz Martínez,21.0,Argentina,186,74,https://media.api-sports.io/football/players/350037.png,Midfielder,35.0,33.0,2884.0,7.31,12.0,6.0,86.0,48.0,1394.0,51.0,82.0,91.0,3.0,28.0,125.0,69.0,439.0,230.0,41.0,53.0,5.0,0.0
135,Serie A,2025,895,Como,386305,Jacobo Ramón Naveros,Jacobo Ramón,Naveros,20.0,Spain,195,80,https://media.api-sports.io/football/players/386305.png,Defender,32.0,30.0,2743.0,7.18,2.0,0.0,29.0,9.0,2121.0,11.0,91.0,50.0,17.0,37.0,12.0,7.0,299.0,182.0,12.0,33.0,11.0,1.0
135,Serie A,2025,502,Fiorentina,437093,N. Fortini,Niccolò,Fortini,19.0,Italy,185,,https://media.api-sports.io/football/players/437093.png,Defender,16.0,2.0,546.0,6.74,0.0,0.0,5.0,2.0,210.0,4.0,87.0,22.0,2.0,4.0,19.0,8.0,87.0,52.0,18.0,5.0,0.0,0.0
135,Serie A,2025,502,Fiorentina,437094,R. Braschi,Riccardo,Braschi,19.0,Italy,,,https://media.api-sports.io/football/players/437094.png,Attacker,2.0,1.0,106.0,6.35,0.0,0.0,3.0,,18.0,,61.0,2.0,,,3.0,2.0,16.0,6.0,,,0.0,0.0
135,Serie A,2025,895,Como,443162,Jesús Rodríguez,Jesús,Rodríguez Caraballo,20.0,Spain,185,68,https://media.api-sports.io/football/players/443162.png,Midfielder,31.0,18.0,1734.0,6.86,2.0,9.0,36.0,12.0,456.0,36.0,79.0,26.0,,5.0,99.0,41.0,243.0,112.0,32.0,25.0,3.0,1.0
135,Serie A,2025,895,Como,463951,Henrique Menke,Henrique,Menke Lopes,18.0,Brazil,192,80,https://media.api-sports.io/football/players/463951.png,Goalkeeper,0.0,0.0,,,0.0,0.0,,,,,,,,,,,,,,,0.0,0.0
135,Serie A,2025,895,Como,288,Alberto Moreno,Alberto,Moreno Pérez,33.0,Spain,171,65,https://media.api-sports.io/football/players/288.png,Defender,19.0,13.0,1240.0,6.84,2.0,1.0,8.0,4.0,692.0,15.0,90.0,22.0,1.0,6.0,6.0,1.0,95.0,48.0,12.0,17.0,4.0,0.0
135,Serie A,2025,487,Lazio,1454,M. Guendouzi,Mattéo Elias Kenzo,Guendouzi Olié,26.0,France,185,68,https://media.api-sports.io/football/players/1454.png,Midfielder,16.0,16.0,1430.0,7.01,2.0,1.0,14.0,8.0,735.0,15.0,87.0,14.0,6.0,11.0,17.0,8.0,97.0,49.0,21.0,17.0,6.0,1.0
135,Serie A,2025,895,Como,1649,P. Cutrone,Patrick,Cutrone,27.0,Italy,183,75,https://media.api-sports.io/football/players/1649.png,Attacker,0.0,0.0,,,0.0,0.0,,,,,,,,,,,,,,,0.0,0.0
135,Serie A,2025,523,Parma,1649,P. Cutrone,Patrick,Cutrone,27.0,Italy,183,75,https://media.api-sports.io/football/players/1649.png,Attacker,15.0,11.0,891.0,6.46,1.0,0.0,17.0,7.0,175.0,3.0,65.0,6.0,2.0,3.0,12.0,4.0,79.0,35.0,16.0,7.0,0.0,0.0
135,Serie A,2025,487,Lazio,1844,A. Marušić,Adam,Marušić,33.0,Montenegro,185,76,https://media.api-sports.io/football/players/1844.png,Defender,33.0,32.0,2783.0,6.66,1.0,2.0,13.0,7.0,1534.0,9.0,87.0,35.0,12.0,33.0,20.0,6.0,174.0,89.0,18.0,22.0,1.0,1.0
135,Serie A,2025,487,Lazio,1852,D. Cataldi,Danilo,Cataldi,31.0,Italy,180,70,https://media.api-sports.io/football/players/1852.png,Midfielder,27.0,24.0,1993.0,6.88,3.0,3.0,20.0,7.0,1098.0,23.0,85.0,34.0,9.0,21.0,15.0,6.0,117.0,64.0,12.0,22.0,6.0,0.0
135,Serie A,2025,487,Lazio,30866,M. Lazzari,Manuel,Lazzari,32.0,Italy,174,67,https://media.api-sports.io/football/players/30866.png,Defender,23.0,9.0,957.0,6.6,0.0,0.0,3.0,2.0,397.0,2.0,85.0,13.0,1.0,6.0,22.0,10.0,88.0,44.0,19.0,10.0,2.0,0.0
135,Serie A,2025,487,Lazio,30937,M. Zaccagni,Mattia,Zaccagni,30.0,Italy,177,63,https://media.api-sports.io/football/players/30937.png,Attacker,26.0,26.0,2114.0,6.98,3.0,0.0,27.0,14.0,773.0,35.0,82.0,37.0,1.0,19.0,60.0,23.0,292.0,157.0,82.0,30.0,6.0,1.0
135,Serie A,2025,487,Lazio,31037,I. Provedel,Ivan,Provedel,31.0,Italy,194,82,https://media.api-sports.io/football/players/31037.png,Goalkeeper,27.0,27.0,2430.0,7.17,0.0,0.0,,,862.0,1.0,75.0,,,,1.0,1.0,14.0,12.0,2.0,,1.0,0.0
135,Serie A,2025,895,Como,31073,E. Goldaniga,Edoardo,Goldaniga,32.0,Italy,193,87,https://media.api-sports.io/football/players/31073.png,Defender,2.0,0.0,14.0,7,0.0,0.0,,,18.0,,100.0,,1.0,,,,1.0,1.0,,,0.0,0.0
135,Serie A,2025,895,Como,31719,M. Vigorito,Mauro,Vigorito,35.0,Italy,187,81,https://media.api-sports.io/football/players/31719.png,Goalkeeper,0.0,0.0,,,0.0,0.0,,,,,,,,,,,,,,,0.0,0.0
135,Serie A,2025,487,Lazio,41577,Nuno Tavares,Nuno Albertino,Varela Tavares,25.0,Portugal,183,75,https://media.api-sports.io/football/players/41577.png,Defender,23.0,17.0,1493.0,6.85,0.0,0.0,10.0,1.0,895.0,21.0,86.0,30.0,1.0,18.0,39.0,23.0,154.0,86.0,22.0,20.0,5.0,0.0
135,Serie A,2025,487,Lazio,50856,V. Castellanos,Valentín Mariano José,Castellanos Giménez,27.0,Argentina,178,70,https://media.api-sports.io/football/players/50856.png,Attacker,11.0,8.0,694.0,6.9,2.0,3.0,14.0,8.0,135.0,8.0,68.0,7.0,,3.0,17.0,8.0,88.0,47.0,18.0,9.0,2.0,0.0
135,Serie A,2025,895,Como,106257,A. Gabrielloni,Alessandro,Gabrielloni,31.0,Italy,178,70,https://media.api-sports.io/football/players/106257.png,Attacker,0.0,0.0,,,0.0,0.0,,,,,,,,,,,,,,,0.0,0.0
135,Serie A,2025,487,Lazio,144740,F. Dele-Bashiru,Fisayo,Dele-Bashiru,24.0,England,176,70,https://media.api-sports.io/football/players/144740.png,Midfielder,24.0,11.0,1185.0,6.53,1.0,0.0,8.0,2.0,449.0,11.0,92.0,19.0,,3.0,13.0,5.0,74.0,31.0,3.0,8.0,0.0,0.0
135,Serie A,2025,895,Como,161590,Iván Azón,Iván,Azón Monzón,23.0,Spain,182,79,https://media.api-sports.io/football/players/161590.png,Attacker,0.0,0.0,,,0.0,0.0,,,,,,,,,,,,,,,0.0,0.0
135,Serie A,2025,487,Lazio,162952,Mario Gila,Mario,Gila Fuentes,25.0,Spain,185,74,https://media.api-sports.io/football/players/162952.png,Defender,31.0,31.0,2482.0,7.21,0.0,0.0,9.0,3.0,1820.0,5.0,90.0,46.0,17.0,25.0,7.0,6.0,203.0,134.0,25.0,19.0,4.0,1.0
135,Serie A,2025,487,Lazio,286474,M. Cancellieri,Matteo,Cancellieri,23.0,Italy,180,79,https://media.api-sports.io/football/players/286474.png,Attacker,30.0,21.0,1739.0,6.87,4.0,2.0,33.0,17.0,457.0,18.0,76.0,42.0,2.0,24.0,41.0,14.0,305.0,155.0,67.0,39.0,6.0,0.0
135,Serie A,2025,895,Como,295026,M. Baturina,Martin,Baturina,22.0,Croatia,172,68,https://media.api-sports.io/football/players/295026.png,Midfielder,29.0,17.0,1591.0,7.14,6.0,3.0,20.0,9.0,845.0,63.0,87.0,21.0,2.0,5.0,45.0,23.0,192.0,94.0,44.0,15.0,0.0,0.0
135,Serie A,2025,487,Lazio,350857,O. Provstgaard,Oliver,Provstgaard Nielsen,22.0,Denmark,194,70,https://media.api-sports.io/football/players/350857.png,Defender,26.0,13.0,1544.0,6.89,0.0,0.0,6.0,2.0,1153.0,4.0,92.0,12.0,13.0,15.0,3.0,1.0,119.0,63.0,9.0,14.0,3.0,0.0
135,Serie A,2025,895,Como,469318,Fellipe Jack,Fellipe Jack Ozilio,Moreira Pacheco,19.0,Brazil,187,80,https://media.api-sports.io/football/players/469318.png,Defender,0.0,0.0,,,0.0,0.0,,,,,,,,,,,,,,,0.0,0.0
135,Serie A,2025,487,Lazio,317,E. Hysaj,Elseid,Hysaj,31.0,Albania,182,70,https://media.api-sports.io/football/players/317.png,Defender,5.0,1.0,170.0,6.5,0.0,0.0,,,74.0,,77.0,2.0,,2.0,1.0,,8.0,5.0,1.0,,0.0,0.0
135,Serie A,2025,487,Lazio,1266,T. Bašić,Toma,Bašić,29.0,Croatia,189,80,https://media.api-sports.io/football/players/1266.png,Midfielder,23.0,23.0,1746.0,6.85,2.0,3.0,24.0,12.0,875.0,22.0,87.0,21.0,7.0,11.0,4.0,1.0,119.0,62.0,19.0,20.0,0.0,1.0
135,Serie A,2025,487,Lazio,2299,Pedro,Pedro Eliezer,Rodríguez Ledesma,38.0,Spain,169,65,https://media.api-sports.io/football/players/2299.png,Attacker,29.0,9.0,993.0,6.78,5.0,2.0,18.0,11.0,482.0,20.0,86.0,11.0,,4.0,25.0,13.0,97.0,50.0,26.0,10.0,4.0,0.0
135,Serie A,2025,495,Genoa,15881,M. Frendrup,Morten,Wetche Frendrup,24.0,Denmark,178,63,https://media.api-sports.io/football/players/15881.png,Midfielder,36.0,35.0,3089.0,6.93,1.0,0.0,7.0,3.0,1316.0,15.0,87.0,99.0,12.0,41.0,14.0,8.0,286.0,173.0,39.0,40.0,5.0,0.0
135,Serie A,2025,487,Lazio,22015,B. Dia,Boulaye,Dia,29.0,Senegal,180,75,https://media.api-sports.io/football/players/22015.png,Attacker,27.0,14.0,1256.0,6.45,1.0,2.0,8.0,7.0,325.0,15.0,83.0,13.0,2.0,3.0,9.0,5.0,132.0,46.0,14.0,19.0,1.0,0.0
135,Serie A,2025,495,Genoa,25914,Aarón Martín,Aarón,Martín Caricol,28.0,Spain,180,72,https://media.api-sports.io/football/players/25914.png,Defender,33.0,26.0,2185.0,6.94,1.0,5.0,5.0,4.0,737.0,62.0,78.0,43.0,11.0,10.0,26.0,13.0,176.0,92.0,27.0,31.0,2.0,0.0
135,Serie A,2025,487,Lazio,26644,C. Mandas,Christos,Mandas,24.0,Greece,189,83,https://media.api-sports.io/football/players/26644.png,Goalkeeper,0.0,0.0,,,0.0,0.0,,,,,,,,,,,,,,,0.0,0.0
135,Serie A,2025,487,Lazio,30554,L. Pellegrini,Luca,Pellegrini,26.0,Italy,178,72,https://media.api-sports.io/football/players/30554.png,Defender,24.0,17.0,1476.0,6.7,1.0,0.0,7.0,5.0,810.0,16.0,80.0,27.0,10.0,17.0,24.0,10.0,131.0,56.0,12.0,26.0,8.0,0.0
135,Serie A,2025,487,Lazio,30784,N. Rovella,Nicolò,Rovella,24.0,Italy,179,66,https://media.api-sports.io/football/players/30784.png,Midfielder,11.0,6.0,512.0,7.07,0.0,1.0,1.0,,492.0,13.0,92.0,11.0,1.0,9.0,9.0,6.0,51.0,32.0,12.0,7.0,1.0,1.0
135,Serie A,2025,495,Genoa,31631,N. Leali,Nicola,Leali,32.0,Italy,195,80,https://media.api-sports.io/football/players/31631.png,Goalkeeper,22.0,21.0,1848.0,6.93,0.0,0.0,,,547.0,2.0,64.0,1.0,,1.0,,,8.0,5.0,2.0,2.0,2.0,1.0
135,Serie A,2025,495,Genoa,35544,J. Vásquez,Johan Felipe,Vázquez Ibarra,27.0,Mexico,184,78,https://media.api-sports.io/football/players/35544.png,Defender,36.0,36.0,3217.0,6.8,1.0,0.0,19.0,6.0,1994.0,9.0,85.0,59.0,28.0,45.0,17.0,8.0,323.0,185.0,46.0,23.0,2.0,0.0
135,Serie A,2025,495,Genoa,44439,N. Stanciu,Nicolae Claudiu,Stanciu,32.0,Romania,173,72,https://media.api-sports.io/football/players/44439.png,Midfielder,4.0,2.0,190.0,6.6,0.0,0.0,3.0,,79.0,2.0,74.0,4.0,,3.0,2.0,1.0,13.0,8.0,2.0,1.0,0.0,0.0
135,Serie A,2025,495,Genoa,56396,Junior Messias,Junior Walter,Messias,34.0,Brazil,174,70,https://media.api-sports.io/football/players/56396.png,Attacker,20.0,5.0,675.0,6.99,3.0,1.0,14.0,7.0,260.0,6.0,76.0,20.0,1.0,5.0,37.0,20.0,135.0,75.0,22.0,10.0,1.0,0.0
135,Serie A,2025,487,Lazio,63934,A. Furlanetto,Alessio,Furlanetto,23.0,Italy,191,84,https://media.api-sports.io/football/players/63934.png,Goalkeeper,2.0,2.0,180.0,6.95,0.0,0.0,,,45.0,,82.0,,,,,,,,,,0.0,0.0
135,Serie A,2025,487,Lazio,133729,T. Noslin,Tijjani,Noslin,26.0,Netherlands,180,75,https://media.api-sports.io/football/players/133729.png,Attacker,29.0,9.0,1181.0,6.77,4.0,2.0,30.0,13.0,372.0,16.0,81.0,7.0,3.0,3.0,31.0,17.0,149.0,68.0,23.0,19.0,5.0,0.0
135,Serie A,2025,495,Genoa,263177,A. Grønbæk,Albert,Grønbæk Erlykke,24.0,Denmark,176,65,https://media.api-sports.io/football/players/263177.png,Midfielder,4.0,1.0,107.0,6.7,0.0,0.0,1.0,1.0,17.0,2.0,76.0,4.0,,,6.0,2.0,14.0,8.0,1.0,1.0,1.0,0.0
135,Serie A,2025,495,Genoa,281096,P. Masini,Patrizio,Masini,24.0,Italy,182,72,https://media.api-sports.io/football/players/281096.png,Midfielder,28.0,13.0,1431.0,6.74,0.0,1.0,12.0,5.0,565.0,9.0,74.0,68.0,8.0,25.0,9.0,2.0,253.0,141.0,45.0,39.0,5.0,0.0
135,Serie A,2025,495,Genoa,281826,A. Marcandalli,Alessandro,Marcandalli,23.0,Italy,195,80,https://media.api-sports.io/football/players/281826.png,Defender,32.0,29.0,2606.0,6.68,0.0,2.0,4.0,2.0,1232.0,10.0,82.0,33.0,11.0,20.0,9.0,4.0,176.0,104.0,11.0,23.0,4.0,0.0
135,Serie A,2025,495,Genoa,284570,B. Norton-Cuffy,Brooke Dion Nelson,Norton-Cuffy,21.0,England,181,70,https://media.api-sports.io/football/players/284570.png,Defender,27.0,25.0,2214.0,6.84,2.0,1.0,11.0,6.0,720.0,21.0,81.0,43.0,6.0,10.0,54.0,32.0,213.0,106.0,16.0,23.0,4.0,0.0
135,Serie A,2025,487,Lazio,333116,R. Belahyane,Reda,Belahyane,21.0,France,169,53,https://media.api-sports.io/football/players/333116.png,Midfielder,13.0,5.0,612.0,6.69,0.0,2.0,3.0,1.0,281.0,6.0,85.0,13.0,1.0,3.0,21.0,7.0,61.0,26.0,3.0,11.0,1.0,1.0
135,Serie A,2025,867,Lecce,1748,L. Coulibaly,Lassana,Coulibaly,29.0,Mali,183,77,https://media.api-sports.io/football/players/1748.png,Midfielder,33.0,31.0,2695.0,6.75,3.0,1.0,23.0,8.0,781.0,21.0,81.0,48.0,6.0,8.0,42.0,24.0,301.0,159.0,52.0,36.0,4.0,0.0
135,Serie A,2025,495,Genoa,1938,R. Malinovskyi,Ruslan,Malinovskyi,32.0,Ukraine,181,79,https://media.api-sports.io/football/players/1938.png,Midfielder,34.0,28.0,2250.0,6.91,6.0,3.0,43.0,15.0,1218.0,39.0,82.0,30.0,5.0,15.0,20.0,11.0,235.0,102.0,26.0,36.0,10.0,0.0
135,Serie A,2025,867,Lecce,15673,Y. Ramadani,Ylber,Ramadani,29.0,Albania,185,80,https://media.api-sports.io/football/players/15673.png,Midfielder,37.0,37.0,3214.0,6.94,1.0,0.0,24.0,5.0,1446.0,19.0,80.0,91.0,11.0,46.0,27.0,14.0,347.0,192.0,59.0,43.0,10.0,0.0
135,Serie A,2025,495,Genoa,18967,L. Østigård,Leo,Skiri Østigård,26.0,Norway,182,81,https://media.api-sports.io/football/players/18967.png,Defender,30.0,30.0,2623.0,7.23,5.0,1.0,18.0,12.0,1692.0,10.0,88.0,36.0,27.0,30.0,1.0,1.0,242.0,157.0,15.0,38.0,7.0,0.0
135,Serie A,2025,495,Genoa,31137,S. Sabelli,Stefano,Sabelli,32.0,Italy,176,70,https://media.api-sports.io/football/players/31137.png,Defender,16.0,12.0,929.0,6.66,0.0,0.0,6.0,,332.0,7.0,69.0,22.0,6.0,4.0,8.0,1.0,84.0,45.0,19.0,6.0,1.0,0.0
135,Serie A,2025,495,Genoa,31445,D. Sommariva,Daniele,Sommariva,28.0,Italy,185,76,https://media.api-sports.io/football/players/31445.png,Goalkeeper,2.0,1.0,175.0,6.75,0.0,0.0,,,90.0,,54.0,,,,,,1.0,1.0,1.0,,0.0,0.0
135,Serie A,2025,867,Lecce,31543,A. Gallo,Antonino,Gallo,25.0,Italy,183,69,https://media.api-sports.io/football/players/31543.png,Defender,37.0,34.0,3058.0,6.77,0.0,4.0,5.0,1.0,1126.0,36.0,70.0,58.0,6.0,15.0,25.0,13.0,184.0,110.0,13.0,7.0,3.0,0.0
135,Serie A,2025,495,Genoa,36980,M. Thorsby,Morten,Thorsby,29.0,Norway,188,72,https://media.api-sports.io/football/players/36980.png,Midfielder,13.0,8.0,736.0,6.62,2.0,1.0,8.0,4.0,213.0,6.0,65.0,7.0,3.0,3.0,2.0,2.0,124.0,65.0,5.0,15.0,2.0,0.0
135,Serie A,2025,520,Cremonese,36980,M. Thorsby,Morten,Thorsby,29.0,Norway,188,72,https://media.api-sports.io/football/players/36980.png,Midfielder,11.0,8.0,644.0,6.64,1.0,0.0,9.0,4.0,225.0,3.0,74.0,15.0,4.0,2.0,1.0,1.0,127.0,66.0,6.0,10.0,2.0,0.0
135,Serie A,2025,495,Genoa,45083,B. Siegrist,Benjamin Kevin,Siegrist,33.0,Switzerland,194,85,https://media.api-sports.io/football/players/45083.png,Goalkeeper,0.0,0.0,,,0.0,0.0,,,,,,,,,,,,,,,0.0,0.0
135,Serie A,2025,867,Lecce,56459,W. Falcone,Wladimiro,Falcone,30.0,Italy,195,85,https://media.api-sports.io/football/players/56459.png,Goalkeeper,38.0,38.0,3420.0,6.98,0.0,0.0,,,1141.0,1.0,45.0,2.0,,,,,26.0,24.0,8.0,,2.0,0.0
135,Serie A,2025,495,Genoa,89520,M. Ellertsson,Mikael Egill,Ellertsson,23.0,Iceland,182,74,https://media.api-sports.io/football/players/89520.png,Midfielder,36.0,31.0,2777.0,6.58,1.0,1.0,18.0,6.0,638.0,16.0,75.0,44.0,8.0,15.0,40.0,11.0,236.0,108.0,42.0,28.0,1.0,1.0
135,Serie A,2025,867,Lecce,161702,Danilo Veiga,Danilo Filipe,Melo Veiga,23.0,Portugal,183,78,https://media.api-sports.io/football/players/161702.png,Defender,36.0,33.0,3022.0,6.73,0.0,1.0,5.0,2.0,1003.0,21.0,70.0,97.0,14.0,32.0,64.0,21.0,402.0,215.0,47.0,44.0,9.0,0.0
135,Serie A,2025,495,Genoa,281408,Vítinha,Vítor Manuel,Carvalho Oliveira,25.0,Portugal,178,74,https://media.api-sports.io/football/players/281408.png,Attacker,35.0,28.0,2254.0,6.8,5.0,1.0,41.0,20.0,396.0,17.0,66.0,39.0,5.0,14.0,113.0,36.0,446.0,201.0,68.0,34.0,5.0,0.0
135,Serie A,2025,867,Lecce,291589,Kialonda Gaspar,Esmevânio Kialonda,Gaspar,28.0,Angola,193,90,https://media.api-sports.io/football/players/291589.png,Defender,23.0,21.0,1830.0,6.81,0.0,0.0,6.0,1.0,792.0,,84.0,23.0,21.0,17.0,3.0,1.0,153.0,94.0,22.0,13.0,6.0,1.0
135,Serie A,2025,867,Lecce,335071,M. Berisha,Medon,Berisha,22.0,Albania,186,81,https://media.api-sports.io/football/players/335071.png,Midfielder,13.0,12.0,880.0,7.25,2.0,3.0,15.0,5.0,364.0,20.0,81.0,21.0,2.0,5.0,4.0,3.0,74.0,41.0,10.0,11.0,0.0,0.0
135,Serie A,2025,495,Genoa,348533,S. Fini,Seydou,Fini,19.0,Italy,178,62,https://media.api-sports.io/football/players/348533.png,Attacker,1.0,0.0,31.0,6.5,0.0,0.0,,,3.0,1.0,66.0,,,,1.0,1.0,3.0,1.0,,1.0,0.0,0.0
135,Serie A,2025,495,Genoa,382947,H. Cuenca,Hugo Francisco,Cuenca Martínez,20.0,Paraguay,183,75,https://media.api-sports.io/football/players/382947.png,Midfielder,0.0,0.0,,,0.0,0.0,,,,,,,,,,,,,,,0.0,0.0
135,Serie A,2025,495,Genoa,451504,J. Ekhator,Jeff,Ekhator Osayuki,19.0,Italy,190,82,https://media.api-sports.io/football/players/451504.png,Attacker,30.0,9.0,949.0,6.56,3.0,0.0,14.0,5.0,179.0,10.0,58.0,12.0,,2.0,22.0,12.0,152.0,69.0,19.0,20.0,3.0,0.0
135,Serie A,2025,495,Genoa,452033,L. Venturino,Lorenzo,Venturino,19.0,Italy,169,57,https://media.api-sports.io/football/players/452033.png,Attacker,2.0,0.0,43.0,6.9,0.0,0.0,1.0,1.0,24.0,1.0,87.0,,,,2.0,1.0,6.0,2.0,,1.0,0.0,0.0
135,Serie A,2025,497,AS Roma,452033,L. Venturino,Lorenzo,Venturino,19.0,Italy,169,57,https://media.api-sports.io/football/players/452033.png,Attacker,10.0,1.0,211.0,6.64,0.0,0.0,2.0,,73.0,6.0,78.0,,,,4.0,3.0,17.0,8.0,3.0,,0.0,0.0
135,Serie A,2025,867,Lecce,455316,Tiago Gabriel,Tiago Gabriel,Coelho Oliveira,21.0,Portugal,196,88,https://media.api-sports.io/football/players/455316.png,Defender,37.0,36.0,3220.0,6.9,2.0,0.0,18.0,4.0,1326.0,2.0,87.0,63.0,21.0,45.0,1.0,1.0,338.0,227.0,40.0,29.0,7.0,0.0
135,Serie A,2025,505,Inter,226,D. Dumfries,Denzel Justus Morris,Dumfries,29.0,Netherlands,188,80,https://media.api-sports.io/football/players/226.png,Midfielder,20.0,15.0,1327.0,6.62,3.0,1.0,16.0,5.0,377.0,13.0,80.0,15.0,,7.0,19.0,6.0,130.0,63.0,13.0,20.0,2.0,0.0
135,Serie A,2025,867,Lecce,495,C. Früchtl,Christian,Früchtl,25.0,Germany,193,84,https://media.api-sports.io/football/players/495.png,Goalkeeper,0.0,0.0,,,0.0,0.0,,,,,,,,,,,,,,,0.0,0.0
135,Serie A,2025,505,Inter,1836,F. Acerbi,Francesco,Acerbi,37.0,Italy,192,88,https://media.api-sports.io/football/players/1836.png,Defender,18.0,15.0,1387.0,6.96,0.0,1.0,3.0,1.0,979.0,5.0,94.0,10.0,16.0,18.0,2.0,1.0,107.0,69.0,13.0,17.0,3.0,0.0
135,Serie A,2025,505,Inter,2725,B. Pavard,Benjamin Jacques Marcel,Pavard,29.0,France,186,76,https://media.api-sports.io/football/players/2725.png,Defender,1.0,1.0,90.0,7.5,0.0,0.0,1.0,1.0,84.0,1.0,95.0,2.0,2.0,2.0,,,4.0,2.0,,1.0,0.0,0.0
135,Serie A,2025,505,Inter,2802,Y. Sommer,Yann,Sommer,37.0,Switzerland,183,79,https://media.api-sports.io/football/players/2802.png,Goalkeeper,33.0,33.0,2961.0,6.93,0.0,0.0,,,1047.0,,81.0,,,,,,6.0,4.0,3.0,,0.0,0.0
135,Serie A,2025,867,Lecce,8643,K. N’Dri,Konan Ignace,Jocelyn N’Dri,25.0,Côte d'Ivoire,174,73,https://media.api-sports.io/football/players/8643.png,Attacker,27.0,1.0,545.0,6.59,2.0,0.0,15.0,5.0,132.0,4.0,69.0,11.0,,2.0,45.0,10.0,119.0,44.0,18.0,9.0,3.0,0.0
135,Serie A,2025,867,Lecce,19738,C. Ndaba,Corrie Richard,Ndaba,26.0,Republic of Ireland,188,82,https://media.api-sports.io/football/players/19738.png,Defender,14.0,6.0,552.0,6.52,0.0,0.0,1.0,,199.0,2.0,83.0,7.0,1.0,4.0,6.0,6.0,34.0,20.0,,2.0,0.0,0.0
135,Serie A,2025,867,Lecce,28744,Þ. Helgason,Þórir Jóhann,Helgason,25.0,Iceland,187,66,https://media.api-sports.io/football/players/28744.png,Midfielder,8.0,1.0,145.0,6.6,0.0,0.0,2.0,2.0,46.0,3.0,71.0,2.0,2.0,3.0,7.0,6.0,15.0,9.0,,,0.0,0.0
135,Serie A,2025,505,Inter,31009,A. Bastoni,Alessandro,Bastoni,26.0,Italy,190,75,https://media.api-sports.io/football/players/31009.png,Defender,28.0,28.0,2249.0,7.27,1.0,4.0,14.0,8.0,1850.0,25.0,87.0,51.0,6.0,23.0,10.0,6.0,219.0,129.0,20.0,45.0,6.0,0.0
135,Serie A,2025,867,Lecce,47182,Tete Morente,José Antonio,Morente Oliva,29.0,Spain,180,76,https://media.api-sports.io/football/players/47182.png,Attacker,16.0,9.0,859.0,6.51,0.0,0.0,6.0,2.0,262.0,10.0,74.0,11.0,2.0,3.0,27.0,9.0,108.0,42.0,12.0,13.0,2.0,0.0
135,Serie A,2025,867,Lecce,56560,Y. Maleh,Youssef,Maleh,27.0,Morocco,179,70,https://media.api-sports.io/football/players/56560.png,Midfielder,9.0,5.0,464.0,6.63,0.0,0.0,5.0,1.0,155.0,3.0,72.0,11.0,1.0,6.0,7.0,5.0,46.0,26.0,8.0,9.0,2.0,0.0
135,Serie A,2025,520,Cremonese,56560,Y. Maleh,Youssef,Maleh,27.0,Morocco,179,70,https://media.api-sports.io/football/players/56560.png,Midfielder,14.0,14.0,1106.0,6.56,1.0,0.0,12.0,3.0,433.0,6.0,80.0,27.0,2.0,8.0,9.0,2.0,117.0,48.0,10.0,27.0,2.0,1.0
135,Serie A,2025,867,Lecce,118956,L. Banda,Lameck,Banda,24.0,Zambia,169,69,https://media.api-sports.io/football/players/118956.png,Attacker,32.0,21.0,1760.0,6.77,5.0,4.0,24.0,15.0,342.0,24.0,80.0,27.0,,7.0,87.0,34.0,288.0,121.0,49.0,44.0,6.0,1.0
135,Serie A,2025,867,Lecce,136016,H. Rafia,Hamza,Rafia,26.0,Tunisia,180,75,https://media.api-sports.io/football/players/136016.png,Midfielder,0.0,0.0,,,0.0,0.0,,,,,,,,,,,,,,,0.0,0.0
135,Serie A,2025,867,Lecce,156619,J. Samooja,Jasper Lauri Petteri,Samooja,22.0,Finland,190,85,https://media.api-sports.io/football/players/156619.png,Goalkeeper,0.0,0.0,,,0.0,0.0,,,,,,,,,,,,,,,0.0,0.0
135,Serie A,2025,867,Lecce,190958,B. Pierret,Balthazar Jean Philippe Marie,Pierret,25.0,France,186,82,https://media.api-sports.io/football/players/190958.png,Midfielder,3.0,0.0,32.0,6.77,0.0,0.0,,,16.0,,68.0,2.0,,,,,5.0,5.0,2.0,,0.0,0.0
135,Serie A,2025,867,Lecce,197779,M. Kaba,Mohamed,Kaba,24.0,France,185,71,https://media.api-sports.io/football/players/197779.png,Midfielder,15.0,5.0,646.0,6.6,0.0,0.0,7.0,4.0,186.0,5.0,76.0,12.0,2.0,4.0,16.0,9.0,112.0,55.0,21.0,12.0,1.0,0.0
135,Serie A,2025,867,Lecce,203219,J. Siebert,Jamil,Siebert,23.0,Germany,193,86,https://media.api-sports.io/football/players/203219.png,Defender,21.0,18.0,1707.0,6.85,1.0,0.0,3.0,2.0,602.0,3.0,77.0,27.0,21.0,15.0,6.0,4.0,143.0,75.0,7.0,22.0,3.0,0.0
135,Serie A,2025,867,Lecce,387537,Olaf Gorter,Olaf,Gorter,20.0,Netherlands,181,,https://media.api-sports.io/football/players/387537.png,Midfielder,2.0,0.0,27.0,6.7,0.0,0.0,,,19.0,,94.0,1.0,,,,,2.0,1.0,,1.0,0.0,0.0
135,Serie A,2025,867,Lecce,458543,M. Pérez,Matías Rodrigo,Pérez Sepúlveda,20.0,Chile,192,80,https://media.api-sports.io/football/players/458543.png,Defender,1.0,1.0,32.0,7,0.0,0.0,,,15.0,1.0,93.0,,2.0,,,,1.0,,,,0.0,0.0
135,Serie A,2025,867,Lecce,482309,Owen Kouassi,Christ-Owen,Kouassi Bathele,22.0,France,184,78,https://media.api-sports.io/football/players/482309.png,Defender,4.0,3.0,228.0,6.45,0.0,0.0,,,81.0,,80.0,11.0,,1.0,1.0,,21.0,17.0,3.0,1.0,0.0,0.0
135,Serie A,2025,505,Inter,194,S. de Vrij,Stefan,de Vrij,33.0,Netherlands,190,78,https://media.api-sports.io/football/players/194.png,Defender,11.0,8.0,671.0,7.06,0.0,0.0,5.0,2.0,467.0,2.0,93.0,15.0,4.0,7.0,2.0,1.0,58.0,37.0,5.0,5.0,1.0,0.0
135,Serie A,2025,505,Inter,217,Lautaro Martínez,Lautaro Javier,Martínez,28.0,Argentina,174,72,https://media.api-sports.io/football/players/217.png,Attacker,30.0,27.0,2178.0,7.08,17.0,6.0,69.0,39.0,600.0,37.0,78.0,24.0,,7.0,43.0,20.0,253.0,115.0,47.0,47.0,4.0,0.0
135,Serie A,2025,505,Inter,329,P. Zieliński,Piotr Sebastian,Zieliński,31.0,Poland,180,76,https://media.api-sports.io/football/players/329.png,Midfielder,34.0,22.0,2055.0,7.08,6.0,3.0,17.0,10.0,1496.0,29.0,92.0,31.0,3.0,5.0,27.0,18.0,132.0,78.0,18.0,18.0,3.0,0.0
135,Serie A,2025,505,Inter,887,M. Darmian,Matteo,Darmian,36.0,Italy,182,70,https://media.api-sports.io/football/players/887.png,Defender,6.0,2.0,246.0,6.53,0.0,0.0,,,121.0,,90.0,3.0,3.0,1.0,2.0,,15.0,6.0,2.0,4.0,0.0,0.0
135,Serie A,2025,505,Inter,1457,H. Mkhitaryan,Henrikh,Hamlet Mkhitaryan,36.0,Armenia,177,75,https://media.api-sports.io/football/players/1457.png,Midfielder,30.0,16.0,1556.0,6.97,4.0,1.0,31.0,14.0,997.0,23.0,88.0,33.0,4.0,14.0,29.0,12.0,169.0,74.0,17.0,28.0,5.0,0.0
135,Serie A,2025,505,Inter,10077,Luis Henrique,Luis Henrique,Tomaz de Lima,24.0,Brazil,181,85,https://media.api-sports.io/football/players/10077.png,Attacker,30.0,18.0,1627.0,6.86,1.0,2.0,11.0,7.0,820.0,22.0,86.0,20.0,1.0,6.0,23.0,13.0,61.0,38.0,,5.0,1.0,0.0
135,Serie A,2025,505,Inter,10238,Carlos Augusto,Carlos Augusto,Zopolato Neves,26.0,Brazil,184,78,https://media.api-sports.io/football/players/10238.png,Defender,34.0,18.0,1765.0,6.9,1.0,1.0,16.0,6.0,1131.0,11.0,89.0,37.0,9.0,18.0,13.0,6.0,188.0,116.0,13.0,26.0,6.0,0.0
135,Serie A,2025,505,Inter,21509,M. Thuram,Marcus Lilian,Thuram-Ulien,28.0,France,192,90,https://media.api-sports.io/football/players/21509.png,Attacker,29.0,24.0,1913.0,7.04,13.0,6.0,56.0,29.0,480.0,29.0,75.0,23.0,2.0,1.0,28.0,17.0,258.0,129.0,41.0,43.0,2.0,0.0
135,Serie A,2025,505,Inter,24953,Y. Bisseck,Yann Aurel Ludger,Bisseck,25.0,Germany,196,83,https://media.api-sports.io/football/players/24953.png,Defender,23.0,21.0,1922.0,7.15,3.0,1.0,17.0,12.0,1298.0,9.0,92.0,27.0,7.0,23.0,12.0,8.0,148.0,89.0,16.0,21.0,2.0,0.0
135,Serie A,2025,503,Torino,25353,V. Lazaro,Valentino Lando,Lazaro,29.0,Austria,180,75,https://media.api-sports.io/football/players/25353.png,Defender,31.0,26.0,2263.0,6.81,0.0,2.0,5.0,2.0,844.0,31.0,79.0,47.0,8.0,22.0,25.0,11.0,180.0,82.0,9.0,37.0,4.0,0.0
135,Serie A,2025,505,Inter,30558,N. Barella,Nicolò,Barella,28.0,Italy,175,68,https://media.api-sports.io/football/players/30558.png,Midfielder,34.0,31.0,2533.0,7.18,3.0,8.0,23.0,5.0,1761.0,72.0,85.0,53.0,3.0,9.0,50.0,25.0,231.0,113.0,22.0,33.0,7.0,0.0
135,Serie A,2025,505,Inter,31010,F. Dimarco,Federico,Dimarco,28.0,Italy,175,75,https://media.api-sports.io/football/players/31010.png,Midfielder,35.0,30.0,2704.0,7.42,7.0,16.0,46.0,22.0,1454.0,96.0,83.0,50.0,4.0,31.0,14.0,7.0,171.0,82.0,23.0,41.0,3.0,0.0
135,Serie A,2025,505,Inter,31173,D. Frattesi,Davide,Frattesi,26.0,Italy,178,74,https://media.api-sports.io/football/players/31173.png,Midfielder,22.0,3.0,574.0,6.55,0.0,0.0,13.0,4.0,121.0,6.0,77.0,15.0,1.0,3.0,9.0,5.0,68.0,35.0,11.0,9.0,0.0,0.0
135,Serie A,2025,505,Inter,46988,Josep Martínez,Josep,Martínez Riera,27.0,Spain,191,78,https://media.api-sports.io/football/players/46988.png,Goalkeeper,5.0,5.0,450.0,6.76,0.0,0.0,,,184.0,,86.0,,,,,,,,,,0.0,0.0
135,Serie A,2025,503,Torino,56266,F. Israel,Franco,Israel Wibmer,25.0,Uruguay,190,82,https://media.api-sports.io/football/players/56266.png,Goalkeeper,9.0,9.0,810.0,6.63,0.0,0.0,,,290.0,,58.0,,,,,,7.0,6.0,3.0,,1.0,0.0
135,Serie A,2025,505,Inter,91488,R. Di Gennaro,Raffaele,Di Gennaro,32.0,Italy,186,80,https://media.api-sports.io/football/players/91488.png,Goalkeeper,1.0,0.0,9.0,6.2,0.0,0.0,,,7.0,,57.0,,,,,,,,,,0.0,0.0
135,Serie A,2025,505,Inter,270509,A. Diouf,Andy Alune,Diouf,22.0,France,187,82,https://media.api-sports.io/football/players/270509.png,Midfielder,19.0,4.0,499.0,6.72,1.0,0.0,6.0,3.0,234.0,12.0,85.0,12.0,,1.0,23.0,12.0,73.0,33.0,3.0,5.0,1.0,0.0
135,Serie A,2025,505,Inter,275651,A. Bonny,Ange-Yoan,Bonny,22.0,France,189,83,https://media.api-sports.io/football/players/275651.png,Attacker,33.0,10.0,1156.0,6.76,5.0,4.0,17.0,9.0,269.0,17.0,79.0,17.0,,1.0,40.0,20.0,171.0,72.0,24.0,17.0,1.0,0.0
135,Serie A,2025,505,Inter,311360,T. Palacios,Tiago Tomás,Palacios,22.0,Argentina,196,80,https://media.api-sports.io/football/players/311360.png,Defender,0.0,0.0,,,0.0,0.0,,,,,,,,,,,,,,,0.0,0.0
135,Serie A,2025,505,Inter,348205,P. Sučić,Petar,Sučić,22.0,Bosnia and Herzegovina,183,76,https://media.api-sports.io/football/players/348205.png,Midfielder,34.0,21.0,1783.0,6.88,2.0,2.0,16.0,6.0,1133.0,29.0,89.0,46.0,1.0,9.0,35.0,15.0,201.0,98.0,25.0,30.0,5.0,0.0
135,Serie A,2025,503,Torino,85,C. Ngonge,Cyril,Ngonge,25.0,Belgium,179,73,https://media.api-sports.io/football/players/85.png,Attacker,20.0,11.0,1013.0,6.69,1.0,1.0,19.0,12.0,255.0,12.0,69.0,11.0,,2.0,32.0,19.0,139.0,66.0,18.0,20.0,2.0,0.0
135,Serie A,2025,503,Torino,243,Z. Aboukhlal,Zakaria,Aboukhlal,25.0,Morocco,179,74,https://media.api-sports.io/football/players/243.png,Attacker,15.0,6.0,520.0,6.64,0.0,0.0,5.0,2.0,166.0,3.0,74.0,22.0,1.0,1.0,17.0,6.0,92.0,43.0,11.0,12.0,4.0,0.0
135,Serie A,2025,503,Torino,842,N. Vlašić,Nikola,Vlašić,28.0,Croatia,179,79,https://media.api-sports.io/football/players/842.png,Attacker,37.0,36.0,3053.0,6.92,8.0,3.0,36.0,17.0,1155.0,54.0,83.0,67.0,4.0,21.0,55.0,28.0,340.0,162.0,45.0,44.0,7.0,0.0
135,Serie A,2025,503,Torino,2553,G. Maripán,Guillermo Alfonso,Maripán Loaysa,31.0,Chile,190,84,https://media.api-sports.io/football/players/2553.png,Defender,27.0,24.0,2151.0,6.89,2.0,0.0,11.0,8.0,990.0,9.0,85.0,51.0,26.0,28.0,6.0,4.0,223.0,121.0,7.0,27.0,4.0,0.0
135,Serie A,2025,503,Torino,18799,A. Masina,Adam,Masina,31.0,Morocco,189,78,https://media.api-sports.io/football/players/18799.png,Defender,5.0,2.0,232.0,6.24,0.0,1.0,,,99.0,2.0,85.0,7.0,1.0,5.0,4.0,1.0,28.0,12.0,2.0,6.0,0.0,0.0
135,Serie A,2025,503,Torino,19524,C. Adams,Ché Zach Everton Fred,Adams,29.0,Scotland,175,70,https://media.api-sports.io/football/players/19524.png,Attacker,33.0,19.0,1896.0,6.71,6.0,2.0,35.0,18.0,535.0,26.0,75.0,14.0,1.0,1.0,28.0,13.0,177.0,72.0,15.0,18.0,0.0,0.0
135,Serie A,2025,503,Torino,22174,A. Tamèze,Adrien Fidele,Tamèze Aoutsa,31.0,France,180,78,https://media.api-sports.io/football/players/22174.png,Midfielder,24.0,12.0,1133.0,6.5,0.0,0.0,3.0,,513.0,8.0,80.0,15.0,6.0,20.0,5.0,,88.0,41.0,7.0,16.0,3.0,0.0
135,Serie A,2025,503,Torino,30396,C. Biraghi,Cristiano,Biraghi,33.0,Italy,185,78,https://media.api-sports.io/football/players/30396.png,Defender,14.0,5.0,530.0,6.6,0.0,0.0,,,181.0,7.0,80.0,9.0,,3.0,3.0,1.0,39.0,23.0,6.0,9.0,0.0,0.0
135,Serie A,2025,503,Torino,30414,G. Simeone,Giovanni Pablo,Simeone Baldini,30.0,Argentina,180,81,https://media.api-sports.io/football/players/30414.png,Attacker,32.0,27.0,2245.0,6.76,11.0,0.0,59.0,28.0,417.0,23.0,72.0,16.0,2.0,5.0,52.0,22.0,294.0,112.0,41.0,31.0,1.0,0.0
135,Serie A,2025,503,Torino,30642,A. Paleari,Alberto Andrea,Paleari,33.0,Italy,193,88,https://media.api-sports.io/football/players/30642.png,Goalkeeper,29.0,29.0,2610.0,7.09,0.0,0.0,,,913.0,,66.0,,,,,,22.0,19.0,7.0,,1.0,0.0
135,Serie A,2025,503,Torino,39362,M. Pedersen,Marcus,Holmgren Pedersen,25.0,Norway,184,76,https://media.api-sports.io/football/players/39362.png,Defender,29.0,23.0,2138.0,6.56,1.0,2.0,11.0,3.0,552.0,20.0,77.0,23.0,4.0,10.0,21.0,9.0,139.0,45.0,6.0,31.0,3.0,0.0
135,Serie A,2025,503,Torino,42796,M. Popa,Mihai Maximilian,Popa,25.0,Romania,190,,https://media.api-sports.io/football/players/42796.png,Goalkeeper,0.0,0.0,,,0.0,0.0,,,,,,,,,,,,,,,0.0,0.0
135,Serie A,2025,503,Torino,46170,I. Ilić,Ivan,Ilić,24.0,Serbia,186,77,https://media.api-sports.io/football/players/46170.png,Midfielder,8.0,5.0,415.0,6.64,0.0,0.0,,,190.0,8.0,82.0,8.0,,6.0,3.0,2.0,45.0,17.0,4.0,9.0,2.0,0.0
135,Serie A,2025,503,Torino,122468,Saúl Coco,Saúl Basilio,Coco-Bassey Oubiña,26.0,Equatorial Guinea,187,86,https://media.api-sports.io/football/players/122468.png,Defender,35.0,35.0,3090.0,6.86,1.0,1.0,12.0,4.0,1508.0,11.0,85.0,58.0,42.0,43.0,11.0,7.0,292.0,165.0,34.0,46.0,3.0,0.0
135,Serie A,2025,503,Torino,138777,F. Anjorin,Faustino Adebola Rasheed,Anjorin,24.0,England,185,73,https://media.api-sports.io/football/players/138777.png,Midfielder,15.0,1.0,286.0,6.59,0.0,0.0,1.0,1.0,124.0,3.0,81.0,9.0,1.0,6.0,5.0,3.0,42.0,21.0,1.0,8.0,1.0,0.0
135,Serie A,2025,503,Torino,270507,C. Casadei,Cesare,Casadei,22.0,Italy,192,77,https://media.api-sports.io/football/players/270507.png,Midfielder,33.0,19.0,1990.0,6.83,6.0,0.0,28.0,17.0,748.0,17.0,75.0,36.0,3.0,10.0,24.0,13.0,316.0,170.0,16.0,52.0,5.0,0.0
135,Serie A,2025,503,Torino,336573,E. İlkhan,Emirhan,İlkhan,21.0,Türkiye,175,67,https://media.api-sports.io/football/players/336573.png,Midfielder,19.0,13.0,1018.0,6.82,1.0,2.0,7.0,3.0,474.0,11.0,83.0,26.0,2.0,13.0,13.0,7.0,115.0,64.0,18.0,11.0,2.0,1.0
135,Serie A,2025,503,Torino,343189,G. Gineitis,Gvidas,Gineitis,21.0,Lithuania,187,79,https://media.api-sports.io/football/players/343189.png,Midfielder,29.0,23.0,1763.0,6.77,0.0,1.0,18.0,5.0,573.0,27.0,76.0,45.0,10.0,22.0,29.0,17.0,222.0,121.0,32.0,43.0,5.0,0.0
135,Serie A,2025,503,Torino,349232,A. Dembélé,Ali,Dembélé,21.0,France,185,69,https://media.api-sports.io/football/players/349232.png,Defender,2.0,0.0,24.0,6.55,0.0,0.0,1.0,,6.0,,83.0,,,,1.0,,2.0,1.0,,,0.0,0.0
135,Serie A,2025,503,Torino,438215,C. Bianay Balcot,Côme,Bianay Balcot,20.0,France,188,,https://media.api-sports.io/football/players/438215.png,Defender,0.0,0.0,,,0.0,0.0,,,,,,,,,,,,,,,0.0,0.0
135,Serie A,2025,496,Juventus,116,K. Thuram,Khéphren,Thuram-Ulien,24.0,France,192,80,https://media.api-sports.io/football/players/116.png,Midfielder,35.0,30.0,2453.0,6.97,3.0,3.0,36.0,15.0,1507.0,24.0,86.0,60.0,9.0,12.0,37.0,23.0,245.0,132.0,12.0,38.0,2.0,0.0
135,Serie A,2025,496,Juventus,415,W. McKennie,Weston James Earl,McKennie,27.0,USA,183,84,https://media.api-sports.io/football/players/415.png,Midfielder,36.0,32.0,2841.0,6.87,5.0,5.0,36.0,16.0,1187.0,48.0,83.0,40.0,8.0,25.0,33.0,17.0,237.0,114.0,11.0,44.0,5.0,0.0
135,Serie A,2025,496,Juventus,850,C. Pinsoglio,Carlo,Pinsoglio,35.0,Italy,194,85,https://media.api-sports.io/football/players/850.png,Goalkeeper,0.0,0.0,,,0.0,0.0,,,,,,,,,,,,,,,0.0,0.0
135,Serie A,2025,503,Torino,2495,D. Zapata,Duván Esteban,Zapata Banguero,34.0,Colombia,189,88,https://media.api-sports.io/football/players/2495.png,Attacker,28.0,11.0,1125.0,6.61,3.0,1.0,24.0,15.0,245.0,10.0,73.0,4.0,1.0,1.0,16.0,6.0,149.0,67.0,24.0,15.0,0.0,0.0
135,Serie A,2025,496,Juventus,8489,J. David,Jonathan Christian,David,25.0,Canada,178,81,https://media.api-sports.io/football/players/8489.png,Attacker,35.0,20.0,1795.0,6.43,6.0,4.0,30.0,16.0,524.0,33.0,78.0,17.0,,5.0,25.0,6.0,193.0,66.0,26.0,30.0,0.0,0.0
135,Serie A,2025,496,Juventus,19263,L. Kelly,Lloyd Casius,Kelly,27.0,England,178,70,https://media.api-sports.io/football/players/19263.png,Defender,35.0,33.0,2998.0,7,1.0,1.0,11.0,3.0,2033.0,11.0,88.0,48.0,17.0,14.0,23.0,18.0,287.0,173.0,20.0,43.0,4.0,0.0
135,Serie A,2025,496,Juventus,26315,N. González,Nicolás Iván,González,27.0,Argentina,180,72,https://media.api-sports.io/football/players/26315.png,Attacker,2.0,0.0,24.0,6.6,0.0,0.0,1.0,,5.0,1.0,40.0,,,,,,5.0,5.0,3.0,,0.0,0.0
135,Serie A,2025,496,Juventus,30415,D. Vlahović,Dušan,Vlahović,25.0,Serbia,190,88,https://media.api-sports.io/football/players/30415.png,Attacker,19.0,11.0,976.0,6.76,7.0,1.0,38.0,18.0,175.0,12.0,69.0,3.0,2.0,2.0,7.0,3.0,109.0,49.0,18.0,9.0,0.0,0.0
135,Serie A,2025,496,Juventus,30497,Bremer,Gleison Bremer,Silva Nascimento,28.0,Brazil,188,80,https://media.api-sports.io/football/players/30497.png,Defender,26.0,25.0,2175.0,7.13,4.0,3.0,20.0,9.0,1334.0,8.0,89.0,28.0,11.0,32.0,7.0,1.0,189.0,105.0,10.0,21.0,5.0,0.0
135,Serie A,2025,496,Juventus,30533,M. Locatelli,Manuel,Locatelli,27.0,Italy,185,75,https://media.api-sports.io/football/players/30533.png,Midfielder,36.0,36.0,3005.0,7.73,1.0,2.0,32.0,12.0,2805.0,47.0,88.0,102.0,23.0,39.0,18.0,10.0,318.0,190.0,44.0,55.0,9.0,0.0
135,Serie A,2025,496,Juventus,30670,M. Di Gregorio,Michele,Di Gregorio,28.0,Italy,187,82,https://media.api-sports.io/football/players/30670.png,Goalkeeper,30.0,29.0,2655.0,6.95,0.0,0.0,,,667.0,,75.0,,,,1.0,1.0,7.0,7.0,5.0,,1.0,0.0
135,Serie A,2025,496,Juventus,36899,T. Koopmeiners,Teun,Koopmeiners,27.0,Netherlands,184,77,https://media.api-sports.io/football/players/36899.png,Midfielder,33.0,18.0,1829.0,6.71,0.0,0.0,16.0,7.0,1161.0,17.0,90.0,33.0,7.0,18.0,9.0,5.0,158.0,80.0,11.0,33.0,5.0,0.0
135,Serie A,2025,496,Juventus,41734,João Mário,João Mário,Neto Lopes,25.0,Portugal,178,66,https://media.api-sports.io/football/players/41734.png,Defender,10.0,2.0,267.0,6.76,0.0,0.0,1.0,,109.0,3.0,73.0,4.0,2.0,3.0,12.0,5.0,34.0,21.0,10.0,5.0,1.0,0.0
135,Serie A,2025,500,Bologna,41734,João Mário,João Mário,Neto Lopes,25.0,Portugal,178,66,https://media.api-sports.io/football/players/41734.png,Midfielder,10.0,10.0,741.0,6.95,1.0,0.0,2.0,2.0,383.0,5.0,79.0,10.0,1.0,10.0,20.0,10.0,82.0,45.0,21.0,5.0,1.0,0.0
135,Serie A,2025,496,Juventus,127011,A. Cambiaso,Andrea,Cambiaso,25.0,Italy,182,77,https://media.api-sports.io/football/players/127011.png,Midfielder,36.0,35.0,2794.0,6.91,3.0,4.0,23.0,13.0,1545.0,56.0,88.0,61.0,7.0,20.0,27.0,9.0,202.0,100.0,21.0,29.0,3.0,1.0
135,Serie A,2025,496,Juventus,161585,Francisco Conceição,Francisco,Fernandes da Conceição,23.0,Portugal,170,64,https://media.api-sports.io/football/players/161585.png,Attacker,31.0,27.0,2098.0,7,3.0,5.0,45.0,23.0,849.0,42.0,87.0,34.0,1.0,7.0,102.0,54.0,264.0,130.0,40.0,32.0,3.0,0.0
135,Serie A,2025,496,Juventus,162188,P. Kalulu,Pierre Kazeye Rommel,Kalulu Kyatengwa,25.0,France,179,69,https://media.api-sports.io/football/players/162188.png,Midfielder,37.0,37.0,3282.0,6.93,2.0,4.0,9.0,4.0,2197.0,43.0,88.0,62.0,8.0,24.0,22.0,7.0,223.0,119.0,16.0,34.0,3.0,0.0
135,Serie A,2025,496,Juventus,268341,F. Gatti,Federico,Gatti,27.0,Italy,190,82,https://media.api-sports.io/football/players/268341.png,Defender,21.0,12.0,1100.0,6.77,2.0,0.0,11.0,6.0,645.0,3.0,90.0,12.0,6.0,13.0,1.0,1.0,82.0,46.0,6.0,17.0,3.0,0.0
135,Serie A,2025,496,Juventus,339883,K. Yıldız,Kenan,Yıldız,20.0,Türkiye,185,77,https://media.api-sports.io/football/players/339883.png,Attacker,36.0,33.0,2838.0,7.39,10.0,6.0,64.0,40.0,1223.0,76.0,84.0,26.0,,7.0,149.0,78.0,348.0,176.0,56.0,23.0,2.0,0.0
135,Serie A,2025,503,Torino,383006,A. Njie,Alieu Eybi,Njie,20.0,Sweden,171,60,https://media.api-sports.io/football/players/383006.png,Attacker,15.0,2.0,311.0,6.67,1.0,1.0,6.0,3.0,61.0,3.0,72.0,6.0,,,15.0,7.0,55.0,25.0,8.0,8.0,2.0,0.0
135,Serie A,2025,503,Torino,452430,S. Perciun,Sergiu,Perciun,19.0,Moldova,175,65,https://media.api-sports.io/football/players/452430.png,Midfielder,0.0,0.0,,,0.0,0.0,,,,,,,,,,,,,,,0.0,0.0
135,Serie A,2025,523,Parma,628,Adrián Bernabé,Adrián,Bernabé García,24.0,Spain,170,66,https://media.api-sports.io/football/players/628.png,Midfielder,32.0,31.0,2493.0,7.05,3.0,1.0,29.0,12.0,1268.0,55.0,84.0,39.0,6.0,17.0,42.0,15.0,228.0,119.0,61.0,15.0,0.0,0.0
135,Serie A,2025,496,Juventus,861,D. Rugani,Daniele,Rugani,31.0,Italy,190,84,https://media.api-sports.io/football/players/861.png,Defender,6.0,3.0,266.0,6.58,0.0,0.0,,,146.0,,90.0,3.0,1.0,5.0,,,17.0,11.0,,2.0,0.0,0.0
135,Serie A,2025,502,Fiorentina,861,D. Rugani,Daniele,Rugani,31.0,Italy,190,84,https://media.api-sports.io/football/players/861.png,Defender,5.0,4.0,328.0,6.46,0.0,0.0,1.0,,177.0,,92.0,5.0,3.0,4.0,,,28.0,12.0,,7.0,2.0,0.0
135,Serie A,2025,496,Juventus,1821,F. Kostić,Filip,Kostić,33.0,Serbia,184,81,https://media.api-sports.io/football/players/1821.png,Midfielder,18.0,4.0,490.0,6.86,3.0,1.0,6.0,4.0,229.0,10.0,82.0,17.0,,4.0,8.0,4.0,56.0,30.0,5.0,8.0,1.0,0.0
135,Serie A,2025,523,Parma,6221,L. Valenti,Lautaro Rodrigo,Valenti,26.0,Argentina,188,80,https://media.api-sports.io/football/players/6221.png,Defender,27.0,25.0,2251.0,6.88,0.0,0.0,9.0,4.0,1099.0,11.0,78.0,49.0,25.0,25.0,14.0,8.0,199.0,116.0,17.0,25.0,7.0,0.0
135,Serie A,2025,523,Parma,6409,N. Estévez,Nahuel,Estévez Álvarez,30.0,Argentina,181,77,https://media.api-sports.io/football/players/6409.png,Midfielder,32.0,9.0,1044.0,6.75,0.0,1.0,3.0,1.0,536.0,13.0,77.0,18.0,4.0,6.0,2.0,,113.0,63.0,13.0,11.0,2.0,0.0
135,Serie A,2025,523,Parma,30420,E. Del Prato,Enrico,Del Prato,26.0,Italy,183,76,https://media.api-sports.io/football/players/30420.png,Defender,35.0,34.0,2953.0,6.75,2.0,0.0,15.0,9.0,1118.0,7.0,86.0,36.0,22.0,24.0,9.0,5.0,161.0,85.0,10.0,16.0,5.0,0.0
135,Serie A,2025,523,Parma,31692,M. Đurić,Milan,Đurić,35.0,Bosnia and Herzegovina,198,94,https://media.api-sports.io/football/players/31692.png,Attacker,12.0,0.0,101.0,6.65,0.0,0.0,3.0,,26.0,1.0,,,,,,,23.0,16.0,1.0,2.0,1.0,0.0
135,Serie A,2025,520,Cremonese,31692,M. Đurić,Milan,Đurić,35.0,Bosnia and Herzegovina,198,94,https://media.api-sports.io/football/players/31692.png,Attacker,11.0,3.0,394.0,6.8,0.0,1.0,9.0,5.0,133.0,4.0,48.0,1.0,,,3.0,1.0,94.0,68.0,8.0,4.0,1.0,1.0
135,Serie A,2025,523,Parma,40592,A. Benedyczak,Adrian Dawid,Benedyczak,25.0,Poland,191,78,https://media.api-sports.io/football/players/40592.png,Attacker,14.0,5.0,486.0,6.64,1.0,1.0,7.0,3.0,96.0,9.0,73.0,6.0,1.0,,4.0,,69.0,31.0,6.0,9.0,1.0,0.0
135,Serie A,2025,523,Parma,48193,P. Almqvist,Pontus Skule Erik,Almqvist,26.0,Sweden,183,67,https://media.api-sports.io/football/players/48193.png,Attacker,13.0,4.0,452.0,6.59,0.0,1.0,3.0,2.0,106.0,9.0,78.0,9.0,,6.0,16.0,6.0,73.0,35.0,14.0,6.0,0.0,0.0
135,Serie A,2025,523,Parma,91358,E. Valeri,Emanuele,Valeri,27.0,Italy,180,78,https://media.api-sports.io/football/players/91358.png,Midfielder,34.0,29.0,2645.0,6.88,0.0,2.0,15.0,5.0,751.0,51.0,73.0,47.0,3.0,22.0,34.0,15.0,213.0,102.0,26.0,23.0,2.0,0.0
135,Serie A,2025,523,Parma,161569,O. Sørensen,Oliver,Sørensen Jensen,23.0,Denmark,184,78,https://media.api-sports.io/football/players/161569.png,Midfielder,34.0,19.0,1835.0,6.54,1.0,1.0,10.0,3.0,514.0,10.0,82.0,18.0,2.0,17.0,23.0,7.0,142.0,57.0,20.0,13.0,2.0,0.0
135,Serie A,2025,523,Parma,199578,Z. Suzuki,Zion,Suzuki,23.0,Japan,190,98,https://media.api-sports.io/football/players/199578.png,Goalkeeper,20.0,20.0,1800.0,7.06,0.0,0.0,,,700.0,1.0,62.0,,,,,,12.0,11.0,4.0,,1.0,0.0
135,Serie A,2025,523,Parma,292172,Mateo Pellegrino,Mateo,Pellegrino Casalánguida,24.0,Argentina,193,85,https://media.api-sports.io/football/players/292172.png,Attacker,37.0,34.0,2991.0,6.72,9.0,1.0,53.0,22.0,480.0,22.0,62.0,17.0,5.0,4.0,48.0,25.0,546.0,233.0,71.0,87.0,5.0,0.0
135,Serie A,2025,523,Parma,308836,M. Keita,Lamine Mandela,Keita,23.0,Belgium,180,78,https://media.api-sports.io/football/players/308836.png,Midfielder,37.0,36.0,2999.0,6.94,1.0,1.0,13.0,5.0,1211.0,11.0,88.0,74.0,11.0,44.0,45.0,29.0,287.0,179.0,57.0,30.0,1.0,0.0
135,Serie A,2025,523,Parma,323369,M. Løvik,Mathias Johan,Fjørtoft Løvik,22.0,Norway,183,78,https://media.api-sports.io/football/players/323369.png,Midfielder,9.0,5.0,479.0,6.48,0.0,0.0,2.0,,127.0,2.0,79.0,11.0,,6.0,11.0,2.0,46.0,18.0,2.0,3.0,0.0,0.0
135,Serie A,2025,496,Juventus,335101,J. Rouhi,Jonas Jakob,Rouhi,21.0,Sweden,183,68,https://media.api-sports.io/football/players/335101.png,Defender,0.0,0.0,,,0.0,0.0,,,,,,,,,,,,,,,0.0,0.0
135,Serie A,2025,496,Juventus,339872,Vasilije Adžić,Vasilije,Adžić,19.0,Montenegro,185,75,https://media.api-sports.io/football/players/339872.png,Midfielder,10.0,1.0,193.0,6.62,1.0,0.0,5.0,4.0,100.0,4.0,86.0,4.0,,2.0,7.0,1.0,28.0,8.0,2.0,3.0,0.0,0.0
135,Serie A,2025,523,Parma,348568,A. Circati,Alessandro,Circati,22.0,Australia,190,78,https://media.api-sports.io/football/players/348568.png,Defender,31.0,31.0,2666.0,7,1.0,0.0,4.0,1.0,1478.0,9.0,87.0,42.0,30.0,24.0,6.0,4.0,222.0,140.0,18.0,30.0,6.0,0.0
135,Serie A,2025,523,Parma,362752,C. Ordoñez,Christian Nahuel,Ordoñez,21.0,Argentina,177,65,https://media.api-sports.io/football/players/362752.png,Attacker,28.0,12.0,1095.0,6.51,1.0,0.0,7.0,2.0,265.0,5.0,82.0,24.0,7.0,8.0,14.0,5.0,123.0,48.0,11.0,16.0,4.0,0.0
135,Serie A,2025,496,Juventus,408319,M. Fuscaldo,Matteo,Fuscaldo,20.0,Italy,196,,https://media.api-sports.io/football/players/408319.png,Goalkeeper,0.0,0.0,,,0.0,0.0,,,,,,,,,,,,,,,0.0,0.0
135,Serie A,2025,489,AC Milan,17,C. Pulišić,Christian Mate,Pulišić,27.0,USA,177,73,https://media.api-sports.io/football/players/17.png,Attacker,30.0,18.0,1612.0,6.99,8.0,4.0,41.0,25.0,668.0,38.0,85.0,15.0,1.0,3.0,64.0,30.0,166.0,78.0,23.0,11.0,0.0,0.0
135,Serie A,2025,489,AC Milan,754,L. Modrić,Luka,Modrić,40.0,Croatia,172,66,https://media.api-sports.io/football/players/754.png,Midfielder,34.0,32.0,2821.0,7.55,2.0,3.0,14.0,8.0,2219.0,53.0,90.0,51.0,12.0,39.0,35.0,17.0,202.0,112.0,33.0,23.0,4.0,0.0
135,Serie A,2025,489,AC Milan,1417,A. Saelemaekers,Alexis Jesse,Saelemaekers,26.0,Belgium,180,72,https://media.api-sports.io/football/players/1417.png,Midfielder,35.0,33.0,2798.0,7.17,3.0,3.0,29.0,11.0,1326.0,52.0,83.0,74.0,4.0,28.0,106.0,50.0,338.0,197.0,64.0,26.0,5.0,0.0
135,Serie A,2025,489,AC Milan,1696,S. Chukwueze,Samuel Chimerenka,Chukwueze,26.0,Nigeria,172,70,https://media.api-sports.io/football/players/1696.png,Attacker,1.0,0.0,25.0,7.3,0.0,0.0,,,13.0,,84.0,,,,1.0,1.0,5.0,4.0,3.0,,0.0,0.0
135,Serie A,2025,489,AC Milan,2292,R. Loftus-Cheek,Ruben Ira,Loftus-Cheek,29.0,England,191,88,https://media.api-sports.io/football/players/2292.png,Midfielder,28.0,12.0,1149.0,6.6,3.0,1.0,18.0,6.0,406.0,10.0,84.0,14.0,1.0,5.0,26.0,12.0,161.0,76.0,19.0,23.0,2.0,0.0
135,Serie A,2025,489,AC Milan,19209,F. Tomori,Oluwafikayomi Oluwadamilola,Tomori,28.0,England,185,75,https://media.api-sports.io/football/players/19209.png,Defender,33.0,31.0,2563.0,6.86,0.0,2.0,6.0,2.0,1571.0,4.0,90.0,65.0,23.0,29.0,5.0,3.0,169.0,91.0,7.0,36.0,7.0,0.0
135,Serie A,2025,489,AC Milan,22221,M. Maignan,Mike Peterson,Maignan,30.0,France,191,89,https://media.api-sports.io/football/players/22221.png,Goalkeeper,37.0,37.0,3296.0,7.23,0.0,0.0,,,1082.0,,77.0,,,1.0,3.0,3.0,13.0,13.0,6.0,,4.0,0.0
135,Serie A,2025,489,AC Milan,22254,Y. Fofana,Youssouf,Fofana,26.0,France,185,75,https://media.api-sports.io/football/players/22254.png,Midfielder,33.0,28.0,2217.0,6.6,2.0,3.0,36.0,18.0,803.0,36.0,82.0,41.0,4.0,19.0,38.0,13.0,192.0,80.0,16.0,21.0,4.0,0.0
135,Serie A,2025,489,AC Milan,45826,S. Pavlović,Strahinja,Pavlović,24.0,Serbia,194,88,https://media.api-sports.io/football/players/45826.png,Defender,34.0,33.0,2870.0,7.05,5.0,1.0,21.0,6.0,1850.0,16.0,90.0,54.0,14.0,20.0,32.0,17.0,294.0,168.0,27.0,30.0,4.0,0.0
135,Serie A,2025,489,AC Milan,46731,P. Estupiñán,Pervis Josué,Estupiñán Tenorio,27.0,Ecuador,175,73,https://media.api-sports.io/football/players/46731.png,Midfielder,19.0,13.0,1046.0,6.72,1.0,1.0,9.0,1.0,527.0,13.0,86.0,15.0,,11.0,7.0,2.0,77.0,33.0,8.0,16.0,5.0,1.0
135,Serie A,2025,489,AC Milan,56473,M. Gabbia,Matteo,Gabbia,26.0,Italy,185,78,https://media.api-sports.io/football/players/56473.png,Defender,30.0,28.0,2531.0,6.95,0.0,0.0,17.0,3.0,1499.0,2.0,91.0,21.0,22.0,14.0,1.0,,153.0,90.0,6.0,25.0,4.0,0.0
135,Serie A,2025,489,AC Milan,94562,S. Giménez,Santiago Tomás,Giménez,24.0,Mexico,182,79,https://media.api-sports.io/football/players/94562.png,Attacker,16.0,11.0,896.0,6.49,0.0,1.0,23.0,9.0,134.0,4.0,80.0,8.0,1.0,1.0,19.0,3.0,86.0,32.0,15.0,10.0,2.0,0.0
135,Serie A,2025,523,Parma,180762,E. Corvi,Edoardo,Corvi,24.0,Italy,187,77,https://media.api-sports.io/football/players/180762.png,Goalkeeper,17.0,17.0,1530.0,6.95,0.0,0.0,,,512.0,,74.0,1.0,,,,,8.0,7.0,5.0,,1.0,0.0
135,Serie A,2025,523,Parma,201466,T. Begić,Tjaš,Begić,22.0,Slovenia,175,,https://media.api-sports.io/football/players/201466.png,Attacker,1.0,0.0,1.0,,0.0,0.0,,,1.0,,,,,,,,,,,,0.0,0.0
135,Serie A,2025,523,Parma,237268,F. Rinaldi,Filippo,Rinaldi,23.0,Italy,188,70,https://media.api-sports.io/football/players/237268.png,Goalkeeper,1.0,1.0,90.0,7.7,0.0,0.0,,,44.0,,47.0,,,,,,2.0,2.0,,,1.0,0.0
135,Serie A,2025,523,Parma,289304,A. Joujou,Antoine,Joujou,22.0,France,189,84,https://media.api-sports.io/football/players/289304.png,Attacker,0.0,0.0,,,0.0,0.0,,,,,,,,,,,,,,,0.0,0.0
135,Serie A,2025,489,AC Milan,330437,Álex Jiménez,Alejandro,Jiménez Sánchez,20.0,Spain,177,73,https://media.api-sports.io/football/players/330437.png,Defender,1.0,0.0,45.0,6.7,0.0,0.0,,,20.0,2.0,95.0,,,,7.0,4.0,9.0,5.0,1.0,,1.0,0.0
135,Serie A,2025,523,Parma,348309,P. Amoran,Peter Toluwanimi,Amoran,21.0,Sweden,189,,https://media.api-sports.io/football/players/348309.png,Defender,0.0,0.0,,,0.0,0.0,,,,,,,,,,,,,,,0.0,0.0
135,Serie A,2025,523,Parma,357985,D. Šits,Dario,Šits,21.0,Latvia,187,71,https://media.api-sports.io/football/players/357985.png,Attacker,0.0,0.0,,,0.0,0.0,,,,,,,,,,,,,,,0.0,0.0
135,Serie A,2025,523,Parma,446006,E. Plicco,Elia,Plicco,18.0,Italy,168,57,https://media.api-sports.io/football/players/446006.png,Midfielder,0.0,0.0,,,0.0,0.0,,,,,,,,,,,,,,,0.0,0.0
135,Serie A,2025,520,Cremonese,2522,A. Sanabria,Arnaldo Antonio,Sanabria Ayala,29.0,Paraguay,180,70,https://media.api-sports.io/football/players/2522.png,Attacker,25.0,10.0,940.0,6.5,1.0,1.0,8.0,4.0,175.0,6.0,82.0,2.0,,1.0,9.0,7.0,121.0,53.0,15.0,15.0,2.0,0.0
135,Serie A,2025,520,Cremonese,6383,M. Payero,Martín Ismael,Payero,27.0,Argentina,183,80,https://media.api-sports.io/football/players/6383.png,Midfielder,25.0,16.0,1459.0,6.58,1.0,0.0,18.0,8.0,458.0,12.0,75.0,19.0,3.0,10.0,48.0,22.0,215.0,93.0,34.0,37.0,8.0,0.0
135,Serie A,2025,489,AC Milan,30394,P. Terracciano,Pietro,Terracciano,35.0,Italy,193,85,https://media.api-sports.io/football/players/30394.png,Goalkeeper,2.0,1.0,124.0,7.05,0.0,0.0,,,31.0,,93.0,,,,,,,,,,0.0,0.0
135,Serie A,2025,520,Cremonese,30397,F. Ceccherini,Federico,Ceccherini,33.0,Italy,187,72,https://media.api-sports.io/football/players/30397.png,Defender,9.0,6.0,489.0,6.57,0.0,1.0,5.0,2.0,226.0,2.0,80.0,7.0,5.0,7.0,1.0,1.0,53.0,32.0,9.0,10.0,1.0,1.0
135,Serie A,2025,520,Cremonese,30775,G. Pezzella,Giuseppe,Pezzella,28.0,Italy,185,81,https://media.api-sports.io/football/players/30775.png,Midfielder,31.0,30.0,2591.0,6.65,0.0,1.0,5.0,,749.0,27.0,76.0,53.0,14.0,11.0,29.0,14.0,261.0,127.0,32.0,49.0,8.0,1.0
135,Serie A,2025,520,Cremonese,30848,D. Okereke,David Chidozie,Okereke,28.0,Nigeria,182,75,https://media.api-sports.io/football/players/30848.png,Attacker,10.0,3.0,400.0,6.69,2.0,0.0,7.0,5.0,98.0,3.0,87.0,3.0,1.0,,13.0,5.0,67.0,24.0,4.0,1.0,0.0,1.0
135,Serie A,2025,520,Cremonese,30919,M. Bianchetti,Matteo,Bianchetti,32.0,Italy,189,81,https://media.api-sports.io/football/players/30919.png,Defender,27.0,25.0,2197.0,6.77,0.0,2.0,6.0,1.0,1161.0,4.0,83.0,46.0,19.0,19.0,4.0,2.0,194.0,115.0,15.0,28.0,4.0,0.0
135,Serie A,2025,520,Cremonese,31021,A. Grassi,Alberto,Grassi,30.0,Italy,183,75,https://media.api-sports.io/football/players/31021.png,Midfielder,30.0,18.0,1754.0,6.74,0.0,0.0,10.0,4.0,854.0,8.0,85.0,23.0,9.0,32.0,9.0,8.0,125.0,76.0,30.0,17.0,4.0,1.0
135,Serie A,2025,489,AC Milan,31056,S. Ricci,Samuele,Ricci,24.0,Italy,181,76,https://media.api-sports.io/football/players/31056.png,Midfielder,31.0,11.0,1305.0,6.89,1.0,4.0,12.0,6.0,647.0,20.0,90.0,16.0,5.0,9.0,8.0,5.0,93.0,56.0,33.0,17.0,3.0,0.0
135,Serie A,2025,520,Cremonese,31211,J. Vandeputte,Jari,Vandeputte,29.0,Belgium,177,69,https://media.api-sports.io/football/players/31211.png,Midfielder,32.0,23.0,1952.0,6.83,1.0,5.0,14.0,8.0,911.0,54.0,77.0,38.0,2.0,18.0,22.0,7.0,171.0,75.0,25.0,34.0,3.0,0.0
135,Serie A,2025,520,Cremonese,31436,F. Bonazzoli,Federico,Bonazzoli,28.0,Italy,185,79,https://media.api-sports.io/football/players/31436.png,Attacker,35.0,31.0,2524.0,7.01,10.0,1.0,57.0,32.0,833.0,13.0,84.0,30.0,,11.0,34.0,11.0,248.0,130.0,80.0,26.0,4.0,0.0
135,Serie A,2025,520,Cremonese,31853,M. De Luca,Manuel,De Luca,27.0,Italy,192,79,https://media.api-sports.io/football/players/31853.png,Attacker,2.0,0.0,19.0,6.7,1.0,0.0,2.0,2.0,5.0,,,,,,,,7.0,2.0,1.0,1.0,0.0,0.0
135,Serie A,2025,520,Cremonese,126889,M. Collocolo,Michele,Collocolo,26.0,Italy,188,,https://media.api-sports.io/football/players/126889.png,Midfielder,8.0,5.0,363.0,6.44,0.0,0.0,1.0,1.0,118.0,2.0,81.0,3.0,2.0,1.0,1.0,1.0,21.0,9.0,2.0,2.0,1.0,0.0
135,Serie A,2025,520,Cremonese,127035,F. Baschirotto,Federico,Baschirotto,29.0,Italy,184,90,https://media.api-sports.io/football/players/127035.png,Defender,29.0,29.0,2541.0,6.82,2.0,0.0,9.0,5.0,1316.0,2.0,86.0,26.0,33.0,26.0,2.0,1.0,193.0,93.0,9.0,45.0,2.0,0.0
135,Serie A,2025,489,AC Milan,162106,Y. Musah,Yunus Dimoara,Musah,23.0,USA,178,71,https://media.api-sports.io/football/players/162106.png,Midfielder,1.0,1.0,90.0,7,0.0,0.0,,,40.0,2.0,85.0,1.0,1.0,,4.0,2.0,10.0,5.0,2.0,2.0,0.0,0.0
135,Serie A,2025,499,Atalanta,162106,Y. Musah,Yunus Dimoara,Musah,23.0,USA,178,71,https://media.api-sports.io/football/players/162106.png,Midfielder,19.0,4.0,568.0,6.75,1.0,0.0,6.0,2.0,327.0,2.0,88.0,9.0,1.0,5.0,17.0,12.0,80.0,42.0,16.0,7.0,1.0,0.0
135,Serie A,2025,489,AC Milan,162141,K. De Winter,Koni,De Winter,23.0,Belgium,188,74,https://media.api-sports.io/football/players/162141.png,Defender,26.0,19.0,1805.0,6.88,1.0,1.0,5.0,1.0,1263.0,5.0,91.0,29.0,12.0,13.0,6.0,3.0,138.0,82.0,8.0,27.0,1.0,0.0
135,Serie A,2025,489,AC Milan,264705,A. Jashari,Ardon,Jashari,23.0,Switzerland,181,81,https://media.api-sports.io/football/players/264705.png,Midfielder,14.0,7.0,706.0,6.72,0.0,1.0,6.0,2.0,435.0,9.0,91.0,14.0,1.0,5.0,14.0,6.0,69.0,30.0,8.0,11.0,0.0,0.0
135,Serie A,2025,489,AC Milan,374359,D. Bartesaghi,Davide,Bartesaghi,20.0,Italy,193,86,https://media.api-sports.io/football/players/374359.png,Defender,31.0,27.0,2442.0,6.91,2.0,0.0,15.0,7.0,1063.0,44.0,85.0,49.0,10.0,12.0,32.0,12.0,208.0,100.0,14.0,19.0,3.0,0.0
135,Serie A,2025,489,AC Milan,396380,Z. Athekame,Zachary,Athekame,21.0,Switzerland,181,74,https://media.api-sports.io/football/players/396380.png,Defender,27.0,7.0,850.0,6.74,2.0,2.0,9.0,4.0,358.0,12.0,80.0,15.0,,3.0,12.0,5.0,79.0,42.0,12.0,16.0,3.0,0.0
135,Serie A,2025,489,AC Milan,484293,M. Pittarella,Matteo,Pittarella,17.0,Italy,,,https://media.api-sports.io/football/players/484293.png,Goalkeeper,0.0,0.0,,,0.0,0.0,,,,,,,,,,,,,,,0.0,0.0
135,Serie A,2025,497,AS Roma,227,Angeliño,José Ángel,Esmoris Tasende,29.0,Spain,175,69,https://media.api-sports.io/football/players/227.png,Midfielder,7.0,5.0,418.0,6.86,0.0,0.0,4.0,2.0,209.0,5.0,78.0,9.0,,2.0,3.0,,35.0,15.0,2.0,5.0,2.0,0.0
135,Serie A,2025,497,AS Roma,556,M. Svilar,Mile,Svilar,26.0,Serbia,189,77,https://media.api-sports.io/football/players/556.png,Goalkeeper,38.0,38.0,3420.0,7.07,0.0,0.0,,,1167.0,,69.0,3.0,,1.0,,,24.0,20.0,8.0,,0.0,0.0
135,Serie A,2025,497,AS Roma,778,B. Cristante,Bryan,Cristante,30.0,Italy,186,80,https://media.api-sports.io/football/players/778.png,Midfielder,37.0,36.0,3103.0,7.04,2.0,1.0,29.0,8.0,2129.0,27.0,81.0,72.0,8.0,27.0,22.0,13.0,416.0,206.0,9.0,63.0,6.0,0.0
135,Serie A,2025,497,AS Roma,791,S. El Shaarawy,Stephan Kareem,El Shaarawy,33.0,Italy,178,72,https://media.api-sports.io/football/players/791.png,Attacker,20.0,5.0,656.0,6.74,1.0,2.0,14.0,7.0,331.0,12.0,84.0,10.0,2.0,7.0,27.0,12.0,87.0,35.0,7.0,10.0,4.0,0.0
135,Serie A,2025,497,AS Roma,875,P. Dybala,Paulo Exequiel,Dybala,32.0,Argentina,177,75,https://media.api-sports.io/football/players/875.png,Attacker,22.0,15.0,1355.0,6.9,2.0,6.0,29.0,18.0,683.0,55.0,83.0,10.0,1.0,4.0,54.0,19.0,170.0,78.0,40.0,11.0,0.0,0.0
135,Serie A,2025,497,AS Roma,1807,E. Ndicka,Obite Evan,Ndicka,26.0,Côte d'Ivoire,192,82,https://media.api-sports.io/football/players/1807.png,Defender,31.0,31.0,2683.0,6.97,3.0,0.0,21.0,6.0,1634.0,6.0,90.0,24.0,12.0,49.0,9.0,4.0,237.0,139.0,35.0,32.0,5.0,0.0
135,Serie A,2025,497,AS Roma,2669,Hermoso,Mario,Hermoso Canseco,30.0,Spain,184,75,https://media.api-sports.io/football/players/2669.png,Defender,27.0,25.0,2095.0,6.91,3.0,2.0,15.0,6.0,1421.0,10.0,86.0,36.0,6.0,29.0,13.0,4.0,199.0,107.0,19.0,40.0,9.0,0.0
135,Serie A,2025,497,AS Roma,22147,M. Koné,Kouadio Emmanuel,Koné,24.0,France,185,80,https://media.api-sports.io/football/players/22147.png,Midfielder,29.0,28.0,2459.0,7.04,2.0,3.0,12.0,5.0,1370.0,25.0,90.0,49.0,3.0,18.0,47.0,29.0,307.0,155.0,53.0,47.0,2.0,0.0
135,Serie A,2025,497,AS Roma,30425,G. Mancini,Gianluca,Mancini,29.0,Italy,190,77,https://media.api-sports.io/football/players/30425.png,Defender,36.0,36.0,3066.0,7,4.0,2.0,15.0,8.0,1649.0,22.0,86.0,52.0,14.0,49.0,6.0,4.0,336.0,188.0,42.0,71.0,9.0,0.0
135,Serie A,2025,520,Cremonese,30530,L. Sernicola,Leonardo,Sernicola,28.0,Italy,188,78,https://media.api-sports.io/football/players/30530.png,Defender,0.0,0.0,,,0.0,0.0,,,,,,,,,,,,,,,0.0,0.0
135,Serie A,2025,520,Cremonese,30915,M. Silvestri,Marco,Silvestri,34.0,Italy,191,80,https://media.api-sports.io/football/players/30915.png,Goalkeeper,4.0,4.0,360.0,6.85,0.0,0.0,,,140.0,,57.0,,,,,,2.0,2.0,,,0.0,0.0
135,Serie A,2025,520,Cremonese,31614,M. Castagnetti,Michele,Castagnetti,36.0,Italy,180,71,https://media.api-sports.io/football/players/31614.png,Midfielder,0.0,0.0,,,0.0,0.0,,,,,,,,,,,,,,,0.0,0.0
135,Serie A,2025,497,AS Roma,129643,E. Ferguson,Evan Joe,Ferguson,21.0,Republic of Ireland,183,78,https://media.api-sports.io/football/players/129643.png,Attacker,16.0,10.0,776.0,6.54,3.0,2.0,25.0,15.0,165.0,15.0,76.0,7.0,1.0,1.0,17.0,8.0,112.0,34.0,9.0,11.0,1.0,0.0
135,Serie A,2025,497,AS Roma,277003,N. El Aynaoui,Neil,El Aynaoui,24.0,Morocco,185,77,https://media.api-sports.io/football/players/277003.png,Midfielder,25.0,8.0,996.0,6.7,1.0,2.0,6.0,4.0,583.0,12.0,89.0,20.0,2.0,17.0,17.0,9.0,109.0,51.0,10.0,23.0,5.0,0.0
135,Serie A,2025,497,AS Roma,323936,M. Soulé,Matías,Soulé Malvano,22.0,Argentina,182,76,https://media.api-sports.io/football/players/323936.png,Attacker,33.0,28.0,2167.0,7.1,6.0,5.0,37.0,18.0,989.0,46.0,84.0,19.0,2.0,9.0,94.0,35.0,261.0,104.0,41.0,7.0,1.0,0.0
135,Serie A,2025,520,Cremonese,342651,R. Floriani Mussolini,Romano,Floriani Mussolini,22.0,Italy,188,72,https://media.api-sports.io/football/players/342651.png,Defender,28.0,12.0,1185.0,6.55,0.0,1.0,4.0,1.0,308.0,9.0,70.0,27.0,5.0,5.0,16.0,6.0,131.0,59.0,5.0,21.0,2.0,0.0
135,Serie A,2025,520,Cremonese,342995,L. Nava,Lapo Francesco Maria,Nava,21.0,Italy,197,91,https://media.api-sports.io/football/players/342995.png,Goalkeeper,0.0,0.0,,,0.0,0.0,,,,,,,,,,,,,,,0.0,0.0
135,Serie A,2025,497,AS Roma,349001,Wesley,Wesley Vinícius,França Lima,22.0,Brazil,173,73,https://media.api-sports.io/football/players/349001.png,Midfielder,30.0,28.0,2457.0,7.02,5.0,0.0,20.0,13.0,1028.0,33.0,80.0,53.0,5.0,23.0,60.0,14.0,317.0,149.0,57.0,36.0,6.0,1.0
135,Serie A,2025,520,Cremonese,361412,D. Lordkipanidze,Dachi,Lordkipanidze,20.0,Georgia,186,70,https://media.api-sports.io/football/players/361412.png,Midfielder,1.0,0.0,28.0,6.3,0.0,0.0,,,7.0,,71.0,,,1.0,,,4.0,1.0,,,0.0,0.0
135,Serie A,2025,520,Cremonese,385788,F. Folino,Francesco,Folino,23.0,Italy,192,,https://media.api-sports.io/football/players/385788.png,Defender,18.0,7.0,738.0,6.68,1.0,0.0,2.0,1.0,311.0,1.0,80.0,8.0,9.0,3.0,3.0,,61.0,33.0,9.0,11.0,1.0,0.0
135,Serie A,2025,500,Bologna,1863,C. Immobile,Ciro,Immobile,35.0,Italy,185,78,https://media.api-sports.io/football/players/1863.png,Attacker,6.0,2.0,191.0,6.22,0.0,0.0,1.0,,49.0,1.0,71.0,1.0,1.0,,2.0,,27.0,7.0,3.0,8.0,1.0,0.0
135,Serie A,2025,500,Bologna,1929,J. Lucumí,Jhon Janer,Lucumí Bonilla,27.0,Colombia,187,84,https://media.api-sports.io/football/players/1929.png,Defender,29.0,26.0,2300.0,7,1.0,0.0,7.0,2.0,1620.0,7.0,89.0,41.0,14.0,32.0,5.0,5.0,181.0,107.0,19.0,23.0,5.0,0.0
135,Serie A,2025,500,Bologna,2807,R. Freuler,Remo Marco,Freuler,33.0,Switzerland,180,77,https://media.api-sports.io/football/players/2807.png,Midfielder,29.0,26.0,2217.0,6.92,1.0,2.0,4.0,1.0,1348.0,22.0,87.0,55.0,5.0,23.0,7.0,2.0,170.0,96.0,24.0,19.0,5.0,0.0
135,Serie A,2025,500,Bologna,2998,Ł. Skorupski,Łukasz,Skorupski,34.0,Poland,187,90,https://media.api-sports.io/football/players/2998.png,Goalkeeper,19.0,19.0,1594.0,6.8,0.0,0.0,,,646.0,,73.0,,,,,,12.0,11.0,8.0,1.0,1.0,1.0
135,Serie A,2025,497,AS Roma,15811,A. Dovbyk,Artem,Dovbyk,28.0,Ukraine,189,92,https://media.api-sports.io/football/players/15811.png,Attacker,14.0,3.0,396.0,6.5,3.0,1.0,11.0,6.0,87.0,11.0,71.0,3.0,,1.0,3.0,2.0,56.0,26.0,6.0,11.0,0.0,0.0
135,Serie A,2025,500,Bologna,30438,N. Cambiaghi,Nicolò,Cambiaghi,25.0,Italy,173,66,https://media.api-sports.io/football/players/30438.png,Midfielder,28.0,17.0,1530.0,6.94,3.0,4.0,16.0,6.0,397.0,18.0,83.0,30.0,,8.0,33.0,15.0,220.0,121.0,71.0,32.0,3.0,1.0
135,Serie A,2025,500,Bologna,30488,R. Orsolini,Riccardo,Orsolini,28.0,Italy,183,73,https://media.api-sports.io/football/players/30488.png,Midfielder,35.0,26.0,2131.0,6.87,10.0,1.0,66.0,31.0,561.0,26.0,70.0,21.0,1.0,8.0,67.0,32.0,235.0,126.0,44.0,21.0,2.0,0.0
135,Serie A,2025,500,Bologna,30498,L. De Silvestri,Lorenzo,De Silvestri,37.0,Italy,186,84,https://media.api-sports.io/football/players/30498.png,Defender,12.0,6.0,503.0,6.7,0.0,0.0,,,183.0,5.0,85.0,2.0,3.0,7.0,2.0,1.0,27.0,13.0,3.0,9.0,2.0,0.0
135,Serie A,2025,500,Bologna,30542,J. Odgaard,Jens,Odgaard,26.0,Denmark,188,83,https://media.api-sports.io/football/players/30542.png,Midfielder,26.0,16.0,1403.0,6.64,5.0,1.0,26.0,13.0,326.0,14.0,73.0,21.0,,4.0,27.0,7.0,217.0,92.0,28.0,28.0,1.0,0.0
135,Serie A,2025,500,Bologna,30553,C. Lykogiannis,Charalampos,Lykogiannis,32.0,Greece,190,82,https://media.api-sports.io/football/players/30553.png,Defender,10.0,7.0,627.0,6.74,0.0,1.0,4.0,2.0,296.0,13.0,77.0,14.0,3.0,5.0,5.0,3.0,50.0,25.0,1.0,8.0,3.0,0.0
135,Serie A,2025,500,Bologna,31099,N. Casale,Nicolò,Casale,27.0,Italy,191,84,https://media.api-sports.io/football/players/31099.png,Defender,12.0,8.0,684.0,6.62,0.0,0.0,4.0,,357.0,4.0,86.0,7.0,5.0,7.0,,,79.0,43.0,5.0,15.0,0.0,0.0
135,Serie A,2025,497,AS Roma,81012,D. Vásquez,Devis Estiven,Vásquez Llach,27.0,Colombia,195,93,https://media.api-sports.io/football/players/81012.png,Goalkeeper,0.0,0.0,,,0.0,0.0,,,,,,,,,,,,,,,0.0,0.0
135,Serie A,2025,500,Bologna,128461,N. Zortea,Nadir,Zortea,26.0,Italy,175,70,https://media.api-sports.io/football/players/128461.png,Defender,32.0,16.0,1818.0,6.68,0.0,2.0,10.0,1.0,777.0,24.0,79.0,26.0,6.0,20.0,42.0,20.0,176.0,80.0,17.0,28.0,2.0,0.0
135,Serie A,2025,497,AS Roma,162452,D. Rensch,Devyne Fabian Jairo,Rensch,22.0,Netherlands,181,75,https://media.api-sports.io/football/players/162452.png,Defender,24.0,12.0,1196.0,6.89,1.0,4.0,4.0,2.0,543.0,10.0,81.0,31.0,5.0,17.0,7.0,4.0,103.0,64.0,18.0,6.0,1.0,0.0
135,Serie A,2025,500,Bologna,287564,M. Vitík,Martin,Vitík,22.0,Czechia,193,84,https://media.api-sports.io/football/players/287564.png,Defender,19.0,14.0,1324.0,6.83,0.0,0.0,5.0,2.0,731.0,3.0,87.0,36.0,7.0,10.0,3.0,2.0,152.0,85.0,4.0,23.0,3.0,0.0
135,Serie A,2025,497,AS Roma,288769,T. Baldanzi,Tommaso,Baldanzi,22.0,Italy,176,63,https://media.api-sports.io/football/players/288769.png,Midfielder,10.0,3.0,391.0,6.71,1.0,0.0,8.0,4.0,135.0,6.0,85.0,5.0,,3.0,5.0,,50.0,24.0,18.0,8.0,2.0,0.0
135,Serie A,2025,495,Genoa,288769,T. Baldanzi,Tommaso,Baldanzi,22.0,Italy,176,63,https://media.api-sports.io/football/players/288769.png,Midfielder,8.0,5.0,401.0,6.78,0.0,2.0,7.0,3.0,212.0,9.0,89.0,11.0,,2.0,11.0,5.0,46.0,22.0,6.0,2.0,0.0,0.0
135,Serie A,2025,500,Bologna,311067,S. Castro,Santiago Thomas,Castro,21.0,Argentina,180,80,https://media.api-sports.io/football/players/311067.png,Attacker,35.0,26.0,2365.0,6.72,7.0,2.0,49.0,20.0,388.0,28.0,76.0,10.0,2.0,1.0,35.0,16.0,292.0,129.0,50.0,35.0,3.0,0.0
135,Serie A,2025,497,AS Roma,342019,D. Ghilardi,Daniele,Ghilardi,22.0,Italy,189,77,https://media.api-sports.io/football/players/342019.png,Defender,23.0,9.0,1089.0,6.8,0.0,0.0,2.0,,603.0,5.0,85.0,30.0,6.0,20.0,5.0,3.0,135.0,75.0,17.0,23.0,1.0,0.0
135,Serie A,2025,497,AS Roma,356888,N. Pisilli,Niccolò,Pisilli,21.0,Italy,181,73,https://media.api-sports.io/football/players/356888.png,Midfielder,25.0,13.0,1295.0,6.69,2.0,4.0,13.0,5.0,812.0,13.0,86.0,27.0,1.0,24.0,27.0,8.0,151.0,52.0,4.0,20.0,3.0,0.0
135,Serie A,2025,497,AS Roma,452423,R. Żelezny,Radosław Dominik,Żelezny,19.0,Poland,191,,https://media.api-sports.io/football/players/452423.png,Goalkeeper,0.0,0.0,,,0.0,0.0,,,,,,,,,,,,,,,0.0,0.0
135,Serie A,2025,500,Bologna,711,S. Posch,Stefan,Posch,28.0,Austria,190,82,https://media.api-sports.io/football/players/711.png,Defender,0.0,0.0,,,0.0,0.0,,,,,,,,,,,,,,,0.0,0.0
135,Serie A,2025,895,Como,711,S. Posch,Stefan,Posch,28.0,Austria,190,82,https://media.api-sports.io/football/players/711.png,Defender,14.0,3.0,406.0,6.73,1.0,0.0,7.0,3.0,242.0,2.0,80.0,12.0,1.0,4.0,1.0,1.0,53.0,27.0,6.0,9.0,1.0,0.0
135,Serie A,2025,500,Bologna,873,F. Bernardeschi,Federico,Bernardeschi,31.0,Italy,185,77,https://media.api-sports.io/football/players/873.png,Attacker,29.0,12.0,1222.0,6.91,4.0,2.0,30.0,13.0,540.0,30.0,87.0,7.0,2.0,7.0,49.0,24.0,109.0,48.0,11.0,13.0,3.0,0.0
135,Serie A,2025,500,Bologna,1322,N. Moro,Nikola,Moro,27.0,Croatia,183,77,https://media.api-sports.io/football/players/1322.png,Midfielder,30.0,19.0,1797.0,7.14,1.0,0.0,17.0,2.0,1338.0,26.0,84.0,32.0,7.0,17.0,19.0,13.0,143.0,80.0,17.0,18.0,1.0,0.0
135,Serie A,2025,488,Sassuolo,30519,S. Turati,Stefano,Turati,24.0,Italy,188,84,https://media.api-sports.io/football/players/30519.png,Goalkeeper,6.0,6.0,533.0,6.95,0.0,0.0,,,157.0,2.0,49.0,,,1.0,,,4.0,4.0,1.0,,0.0,0.0
135,Serie A,2025,488,Sassuolo,30537,D. Berardi,Domenico,Berardi,31.0,Italy,183,72,https://media.api-sports.io/football/players/30537.png,Attacker,26.0,24.0,1970.0,7.02,8.0,4.0,35.0,21.0,647.0,33.0,76.0,26.0,,24.0,25.0,10.0,184.0,82.0,34.0,31.0,2.0,1.0
135,Serie A,2025,488,Sassuolo,30556,F. Romagna,Filippo,Romagna,28.0,Italy,186,75,https://media.api-sports.io/football/players/30556.png,Defender,5.0,4.0,315.0,6.76,0.0,0.0,2.0,,183.0,,90.0,1.0,5.0,5.0,,,11.0,5.0,1.0,,0.0,0.0
135,Serie A,2025,500,Bologna,31098,F. Ravaglia,Federico,Ravaglia,26.0,Italy,196,88,https://media.api-sports.io/football/players/31098.png,Goalkeeper,17.0,16.0,1469.0,7.13,0.0,0.0,,,759.0,,74.0,3.0,,1.0,1.0,1.0,17.0,11.0,3.0,2.0,4.0,0.0
135,Serie A,2025,500,Bologna,39254,T. Heggem,Torbjørn,Lysaker Heggem,26.0,Norway,192,73,https://media.api-sports.io/football/players/39254.png,Defender,27.0,23.0,2113.0,6.69,0.0,0.0,8.0,2.0,1196.0,3.0,91.0,32.0,8.0,24.0,10.0,8.0,180.0,89.0,12.0,31.0,0.0,1.0
135,Serie A,2025,500,Bologna,44814,L. Ferguson,Lewis,Ferguson,26.0,Scotland,181,75,https://media.api-sports.io/football/players/44814.png,Midfielder,27.0,17.0,1608.0,6.74,1.0,0.0,7.0,2.0,1041.0,16.0,87.0,26.0,8.0,11.0,7.0,3.0,159.0,84.0,26.0,33.0,6.0,0.0
135,Serie A,2025,500,Bologna,48079,J. Karlsson,Karl Jesper,Karlsson,27.0,Sweden,171,70,https://media.api-sports.io/football/players/48079.png,Attacker,0.0,0.0,,,0.0,0.0,,,,,,,,,,,,,,,0.0,0.0
135,Serie A,2025,500,Bologna,93016,T. Dallinga,Thijs,Dallinga,25.0,Netherlands,180,75,https://media.api-sports.io/football/players/93016.png,Attacker,23.0,9.0,829.0,6.5,2.0,2.0,16.0,5.0,226.0,10.0,71.0,7.0,2.0,1.0,6.0,2.0,102.0,36.0,9.0,20.0,2.0,0.0
135,Serie A,2025,488,Sassuolo,135526,J. Doig,Josh Thomas,Doig,23.0,Scotland,189,71,https://media.api-sports.io/football/players/135526.png,Defender,30.0,22.0,1926.0,6.61,0.0,0.0,10.0,4.0,732.0,15.0,81.0,33.0,14.0,23.0,30.0,9.0,177.0,89.0,19.0,16.0,5.0,0.0
135,Serie A,2025,488,Sassuolo,271350,T. Muharemović,Tarik,Muharemović,22.0,Bosnia and Herzegovina,182,76,https://media.api-sports.io/football/players/271350.png,Defender,32.0,32.0,2835.0,6.86,2.0,2.0,12.0,6.0,1649.0,5.0,85.0,44.0,31.0,45.0,11.0,7.0,208.0,134.0,20.0,24.0,7.0,0.0
135,Serie A,2025,488,Sassuolo,291780,D. Boloca,Daniel,Boloca,27.0,Romania,188,80,https://media.api-sports.io/football/players/291780.png,Midfielder,2.0,2.0,135.0,6.45,0.0,0.0,2.0,,56.0,1.0,94.0,2.0,,2.0,2.0,1.0,9.0,4.0,1.0,,0.0,0.0
135,Serie A,2025,500,Bologna,322630,G. Fabbian,Giovanni,Fabbian,22.0,Italy,186,75,https://media.api-sports.io/football/players/322630.png,Midfielder,14.0,8.0,708.0,6.59,2.0,0.0,12.0,4.0,167.0,4.0,80.0,7.0,,5.0,7.0,2.0,85.0,42.0,18.0,13.0,0.0,0.0
135,Serie A,2025,502,Fiorentina,322630,G. Fabbian,Giovanni,Fabbian,22.0,Italy,186,75,https://media.api-sports.io/football/players/322630.png,Midfielder,15.0,4.0,466.0,6.55,0.0,0.0,7.0,2.0,129.0,5.0,78.0,5.0,1.0,1.0,8.0,4.0,73.0,34.0,9.0,6.0,2.0,0.0
135,Serie A,2025,488,Sassuolo,328046,I. Koné,Ismaël Kenneth Jordan,Koné,23.0,Canada,188,76,https://media.api-sports.io/football/players/328046.png,Midfielder,35.0,33.0,2756.0,7.03,6.0,0.0,20.0,10.0,1144.0,23.0,91.0,31.0,4.0,15.0,44.0,26.0,210.0,116.0,54.0,25.0,4.0,0.0
135,Serie A,2025,500,Bologna,341974,T. Corazza,Tommaso,Corazza,21.0,Italy,174,64,https://media.api-sports.io/football/players/341974.png,Defender,0.0,0.0,,,0.0,0.0,,,,,,,,,,,,,,,0.0,0.0
135,Serie A,2025,488,Sassuolo,343562,L. Lipani,Luca,Lipani,20.0,Italy,185,65,https://media.api-sports.io/football/players/343562.png,Midfielder,24.0,10.0,1028.0,6.6,0.0,1.0,8.0,3.0,482.0,11.0,84.0,29.0,2.0,15.0,10.0,5.0,127.0,55.0,8.0,28.0,3.0,0.0
135,Serie A,2025,500,Bologna,347265,B. Domínguez,Benjamín,Domínguez,22.0,Argentina,172,68,https://media.api-sports.io/football/players/347265.png,Attacker,15.0,6.0,542.0,6.51,0.0,3.0,7.0,2.0,121.0,7.0,80.0,9.0,,2.0,21.0,9.0,94.0,38.0,18.0,6.0,1.0,0.0
135,Serie A,2025,500,Bologna,446089,M. Pessina,Massimo,Pessina,18.0,Italy,200,85,https://media.api-sports.io/football/players/446089.png,Goalkeeper,4.0,3.0,352.0,6.8,0.0,0.0,,,136.0,,66.0,,,,,,2.0,2.0,1.0,,0.0,0.0
135,Serie A,2025,492,Napoli,312,A. Meret,Alex,Meret,28.0,Italy,190,82,https://media.api-sports.io/football/players/312.png,Goalkeeper,11.0,11.0,980.0,6.8,0.0,1.0,,,350.0,1.0,84.0,,,,,,4.0,2.0,1.0,1.0,1.0,0.0
135,Serie A,2025,488,Sassuolo,616,A. Murić,Arijanet,Murić,27.0,Kosovo,198,81,https://media.api-sports.io/football/players/616.png,Goalkeeper,32.0,32.0,2880.0,7.17,0.0,0.0,,,927.0,1.0,60.0,,,,,,21.0,19.0,3.0,1.0,4.0,0.0
135,Serie A,2025,492,Napoli,774,Juan Jesus,Juan Guilherme,Nunes Jesus,34.0,Brazil,185,83,https://media.api-sports.io/football/players/774.png,Defender,24.0,19.0,1682.0,6.78,0.0,0.0,,,1382.0,4.0,91.0,40.0,12.0,27.0,1.0,,157.0,77.0,2.0,39.0,9.0,0.0
135,Serie A,2025,492,Napoli,1314,Amir Rrahmani,Amir,Rrahmani,31.0,Kosovo,192,87,https://media.api-sports.io/football/players/1314.png,Defender,21.0,21.0,1800.0,7.26,2.0,1.0,11.0,4.0,1672.0,7.0,92.0,22.0,10.0,24.0,4.0,2.0,165.0,108.0,16.0,20.0,2.0,0.0
135,Serie A,2025,488,Sassuolo,2215,A. Laurienté,Armand,Laurienté,27.0,France,171,59,https://media.api-sports.io/football/players/2215.png,Attacker,38.0,33.0,2614.0,6.99,7.0,9.0,53.0,26.0,814.0,54.0,84.0,28.0,1.0,7.0,80.0,29.0,285.0,111.0,47.0,42.0,4.0,0.0
135,Serie A,2025,488,Sassuolo,30518,G. Satalino,Giacomo,Satalino,26.0,Italy,188,75,https://media.api-sports.io/football/players/30518.png,Goalkeeper,0.0,0.0,,,0.0,0.0,,,,,,,,,,,,,,,0.0,0.0
135,Serie A,2025,488,Sassuolo,30849,N. Pierini,Nicholas,Pierini,27.0,Italy,176,70,https://media.api-sports.io/football/players/30849.png,Attacker,11.0,0.0,144.0,6.49,0.0,0.0,3.0,2.0,53.0,4.0,83.0,4.0,,2.0,7.0,2.0,28.0,11.0,3.0,1.0,1.0,0.0
135,Serie A,2025,492,Napoli,31042,G. Di Lorenzo,Giovanni,Di Lorenzo,32.0,Italy,183,83,https://media.api-sports.io/football/players/31042.png,Defender,26.0,26.0,2278.0,6.88,2.0,1.0,22.0,9.0,1467.0,16.0,85.0,45.0,9.0,9.0,21.0,8.0,198.0,111.0,23.0,33.0,1.0,0.0
135,Serie A,2025,488,Sassuolo,31094,A. Pinamonti,Andrea,Pinamonti,26.0,Italy,188,72,https://media.api-sports.io/football/players/31094.png,Attacker,36.0,32.0,2576.0,6.55,9.0,3.0,57.0,30.0,468.0,17.0,72.0,11.0,2.0,1.0,19.0,5.0,260.0,103.0,33.0,14.0,2.0,1.0
135,Serie A,2025,488,Sassuolo,31440,L. Moro,Luca,Moro,24.0,Italy,189,,https://media.api-sports.io/football/players/31440.png,Attacker,14.0,1.0,231.0,6.43,0.0,0.0,6.0,1.0,44.0,1.0,77.0,5.0,,2.0,1.0,1.0,52.0,27.0,9.0,7.0,1.0,0.0
135,Serie A,2025,488,Sassuolo,37651,J. Idzes,Jay,Idzes,25.0,Netherlands,184,82,https://media.api-sports.io/football/players/37651.png,Defender,35.0,35.0,3063.0,6.71,0.0,0.0,3.0,,1417.0,3.0,90.0,28.0,23.0,42.0,7.0,6.0,198.0,100.0,14.0,33.0,2.0,0.0
135,Serie A,2025,488,Sassuolo,41371,Fali Candé,Fali,Candé,27.0,Guinea-Bissau,184,82,https://media.api-sports.io/football/players/41371.png,Defender,12.0,5.0,512.0,6.54,0.0,0.0,3.0,,191.0,1.0,76.0,9.0,3.0,2.0,,,56.0,26.0,6.0,9.0,2.0,0.0
135,Serie A,2025,492,Napoli,47254,M. Olivera,Mathías,Olivera Miramontes,28.0,Uruguay,185,78,https://media.api-sports.io/football/players/47254.png,Defender,25.0,15.0,1368.0,6.79,0.0,0.0,8.0,3.0,1104.0,10.0,91.0,42.0,5.0,15.0,5.0,2.0,141.0,88.0,10.0,17.0,3.0,0.0
135,Serie A,2025,488,Sassuolo,68407,A. Ghion,Andrea,Ghion,25.0,Italy,174,,https://media.api-sports.io/football/players/68407.png,Midfielder,1.0,0.0,9.0,6.6,0.0,0.0,,,1.0,,100.0,1.0,,,,,1.0,1.0,,,0.0,0.0
135,Serie A,2025,488,Sassuolo,91490,S. Mulattieri,Samuele,Mulattieri,25.0,Italy,183,77,https://media.api-sports.io/football/players/91490.png,Attacker,0.0,0.0,,,0.0,0.0,,,,,,,,,,,,,,,0.0,0.0
135,Serie A,2025,488,Sassuolo,278190,A. Álvarez,Agustín,Álvarez Martínez,24.0,Uruguay,177,75,https://media.api-sports.io/football/players/278190.png,Attacker,0.0,0.0,,,0.0,0.0,,,,,,,,,,,,,,,0.0,0.0
135,Serie A,2025,488,Sassuolo,292519,G. Zacchi,Gioele,Zacchi,22.0,Italy,178,,https://media.api-sports.io/football/players/292519.png,Goalkeeper,1.0,0.0,14.0,6.7,0.0,0.0,,,1.0,,100.0,,,,,,,,,,0.0,0.0
135,Serie A,2025,488,Sassuolo,342035,C. Volpato,Cristian,Volpato,22.0,Italy,187,,https://media.api-sports.io/football/players/342035.png,Midfielder,24.0,11.0,1090.0,6.75,2.0,4.0,14.0,7.0,406.0,23.0,79.0,16.0,1.0,6.0,53.0,23.0,143.0,55.0,11.0,19.0,4.0,0.0
135,Serie A,2025,488,Sassuolo,342055,E. Pieragnolo,Edoardo,Pieragnolo,22.0,Italy,184,,https://media.api-sports.io/football/players/342055.png,Defender,0.0,0.0,,,0.0,0.0,,,,,,,,,,,,,,,0.0,0.0
135,Serie A,2025,488,Sassuolo,342653,F. Missori,Filippo,Missori,21.0,Italy,182,,https://media.api-sports.io/football/players/342653.png,Defender,0.0,0.0,,,0.0,0.0,,,,,,,,,,,,,,,0.0,0.0
135,Serie A,2025,492,Napoli,219,M. Politano,Matteo,Politano,32.0,Italy,171,67,https://media.api-sports.io/football/players/219.png,Midfielder,34.0,26.0,2213.0,6.9,2.0,5.0,35.0,13.0,940.0,37.0,82.0,15.0,2.0,5.0,69.0,33.0,182.0,84.0,28.0,19.0,4.0,0.0
135,Serie A,2025,492,Napoli,544,N. Lang,Noa Noëll,Lang,26.0,Netherlands,173,70,https://media.api-sports.io/football/players/544.png,Attacker,18.0,7.0,668.0,6.96,1.0,2.0,6.0,4.0,269.0,15.0,78.0,12.0,,2.0,20.0,8.0,70.0,37.0,11.0,5.0,2.0,0.0
135,Serie A,2025,492,Napoli,552,David Neres,David,Neres Campos,28.0,Brazil,176,66,https://media.api-sports.io/football/players/552.png,Attacker,16.0,10.0,925.0,7.03,3.0,3.0,10.0,4.0,331.0,21.0,81.0,10.0,3.0,1.0,50.0,19.0,114.0,40.0,7.0,19.0,3.0,0.0
135,Serie A,2025,492,Napoli,629,K. De Bruyne,Kevin,De Bruyne,34.0,Belgium,181,68,https://media.api-sports.io/football/players/629.png,Midfielder,18.0,13.0,1169.0,7.04,5.0,2.0,20.0,11.0,740.0,37.0,83.0,12.0,,5.0,14.0,9.0,73.0,30.0,6.0,8.0,1.0,0.0
135,Serie A,2025,492,Napoli,862,L. Spinazzola,Leonardo,Spinazzola,32.0,Italy,186,75,https://media.api-sports.io/football/players/862.png,Defender,32.0,22.0,1908.0,6.99,3.0,3.0,15.0,7.0,986.0,33.0,80.0,24.0,2.0,4.0,51.0,16.0,121.0,51.0,9.0,9.0,2.0,0.0
135,Serie A,2025,492,Napoli,903,S. McTominay,Scott Francis,McTominay,29.0,Scotland,193,88,https://media.api-sports.io/football/players/903.png,Midfielder,33.0,31.0,2793.0,7.06,10.0,3.0,73.0,34.0,1329.0,22.0,88.0,28.0,13.0,21.0,57.0,26.0,318.0,169.0,73.0,24.0,1.0,0.0
135,Serie A,2025,492,Napoli,3406,A. Zambo Anguissa,André-Frank,Zambo Anguissa,30.0,Cameroon,184,78,https://media.api-sports.io/football/players/3406.png,Midfielder,18.0,14.0,1256.0,6.87,4.0,1.0,20.0,9.0,714.0,13.0,86.0,18.0,3.0,12.0,17.0,9.0,158.0,77.0,18.0,18.0,1.0,0.0
135,Serie A,2025,492,Napoli,31226,A. Buongiorno,Alessandro,Buongiorno,26.0,Italy,190,86,https://media.api-sports.io/football/players/31226.png,Defender,33.0,28.0,2521.0,6.82,0.0,1.0,6.0,3.0,1848.0,3.0,91.0,33.0,12.0,40.0,5.0,1.0,237.0,134.0,26.0,50.0,3.0,0.0
135,Serie A,2025,492,Napoli,31390,P. Mazzocchi,Pasquale,Mazzocchi,30.0,Italy,183,78,https://media.api-sports.io/football/players/31390.png,Defender,16.0,2.0,316.0,6.6,0.0,1.0,2.0,1.0,169.0,4.0,84.0,2.0,,3.0,9.0,4.0,26.0,12.0,,1.0,0.0,1.0
135,Serie A,2025,492,Napoli,32172,N. Contini,Nikita,Contini Baranovsky,29.0,Italy,190,82,https://media.api-sports.io/football/players/32172.png,Goalkeeper,1.0,0.0,10.0,6.7,0.0,0.0,,,3.0,,66.0,,,,,,,,,,0.0,0.0
135,Serie A,2025,492,Napoli,37604,S. Beukema,Sam,Beukema,27.0,Netherlands,188,77,https://media.api-sports.io/football/players/37604.png,Defender,24.0,18.0,1686.0,6.79,2.0,0.0,8.0,4.0,1372.0,6.0,91.0,19.0,11.0,14.0,3.0,2.0,117.0,57.0,5.0,19.0,2.0,0.0
135,Serie A,2025,492,Napoli,47439,S. Lobotka,Stanislav,Lobotka,31.0,Slovakia,168,68,https://media.api-sports.io/football/players/47439.png,Midfielder,32.0,29.0,2441.0,6.93,1.0,1.0,6.0,4.0,1824.0,22.0,92.0,28.0,3.0,16.0,8.0,4.0,140.0,88.0,45.0,13.0,3.0,0.0
135,Serie A,2025,492,Napoli,128478,W. Cheddira,Walid,Cheddira,27.0,Morocco,187,80,https://media.api-sports.io/football/players/128478.png,Attacker,0.0,0.0,,,0.0,0.0,,,,,,,,,,,,,,,0.0,0.0
135,Serie A,2025,488,Sassuolo,128478,W. Cheddira,Walid,Cheddira,27.0,Morocco,187,80,https://media.api-sports.io/football/players/128478.png,Attacker,16.0,1.0,244.0,6.51,1.0,0.0,4.0,2.0,60.0,3.0,66.0,1.0,1.0,,8.0,5.0,50.0,21.0,9.0,7.0,1.0,0.0
135,Serie A,2025,867,Lecce,128478,W. Cheddira,Walid,Cheddira,27.0,Morocco,187,80,https://media.api-sports.io/football/players/128478.png,Attacker,17.0,11.0,1003.0,6.69,3.0,1.0,18.0,10.0,147.0,8.0,68.0,4.0,2.0,2.0,17.0,7.0,133.0,53.0,25.0,20.0,2.0,0.0
135,Serie A,2025,492,Napoli,130423,B. Gilmour,Billy Clifford,Gilmour,24.0,Scotland,170,60,https://media.api-sports.io/football/players/130423.png,Midfielder,17.0,8.0,802.0,7.05,1.0,0.0,6.0,3.0,792.0,7.0,90.0,14.0,1.0,11.0,11.0,9.0,62.0,35.0,7.0,9.0,1.0,0.0
135,Serie A,2025,492,Napoli,162907,A. Zanoli,Alessandro,Zanoli,25.0,Italy,188,74,https://media.api-sports.io/football/players/162907.png,Defender,0.0,0.0,,,0.0,0.0,,,,,,,,,,,,,,,0.0,0.0
135,Serie A,2025,494,Udinese,162907,A. Zanoli,Alessandro,Zanoli,25.0,Italy,188,74,https://media.api-sports.io/football/players/162907.png,Defender,19.0,16.0,1290.0,6.82,1.0,2.0,3.0,1.0,348.0,15.0,80.0,25.0,5.0,7.0,33.0,14.0,115.0,61.0,5.0,16.0,1.0,0.0
135,Serie A,2025,492,Napoli,199089,L. Lucca,Lorenzo,Lucca,25.0,Italy,201,80,https://media.api-sports.io/football/players/199089.png,Attacker,16.0,4.0,420.0,6.58,1.0,0.0,9.0,5.0,66.0,2.0,78.0,,,,9.0,6.0,67.0,28.0,13.0,17.0,1.0,0.0
135,Serie A,2025,492,Napoli,335102,L. Hasa,Luis,Hasa,21.0,Italy,172,60,https://media.api-sports.io/football/players/335102.png,Midfielder,0.0,0.0,,,0.0,0.0,,,,,,,,,,,,,,,0.0,0.0
135,Serie A,2025,492,Napoli,341912,G. Ambrosino,Giuseppe,Ambrosino Di Bruttopilo,22.0,Italy,187,76,https://media.api-sports.io/football/players/341912.png,Attacker,3.0,0.0,41.0,6.63,0.0,0.0,,,5.0,,40.0,,1.0,,2.0,2.0,7.0,4.0,1.0,1.0,0.0,0.0
135,Serie A,2025,492,Napoli,347395,A. Vergara,Antonio,Vergara,22.0,Italy,182,70,https://media.api-sports.io/football/players/347395.png,Midfielder,12.0,8.0,618.0,6.9,1.0,2.0,7.0,3.0,176.0,11.0,76.0,12.0,,4.0,26.0,8.0,113.0,45.0,20.0,17.0,2.0,0.0
135,Serie A,2025,492,Napoli,388547,Luca Marianucci,Luca,Marianucci,21.0,Italy,186,75,https://media.api-sports.io/football/players/388547.png,Defender,2.0,1.0,118.0,6.95,0.0,1.0,,,126.0,3.0,93.0,3.0,,1.0,,,8.0,3.0,,2.0,0.0,0.0
135,Serie A,2025,503,Torino,388547,Luca Marianucci,Luca,Marianucci,21.0,Italy,186,75,https://media.api-sports.io/football/players/388547.png,Defender,10.0,6.0,573.0,6.66,0.0,0.0,1.0,,286.0,5.0,79.0,13.0,3.0,9.0,5.0,2.0,67.0,32.0,3.0,9.0,2.0,0.0
135,Serie A,2025,494,Udinese,189,D. Padelli,Daniele,Padelli,40.0,Italy,191,82,https://media.api-sports.io/football/players/189.png,Goalkeeper,2.0,2.0,180.0,6.95,0.0,0.0,,,63.0,,66.0,,,,,,,,,,0.0,0.0
135,Serie A,2025,494,Udinese,656,O. Solet,Oumar Mickaël,Solet Bomawoko,25.0,France,192,88,https://media.api-sports.io/football/players/656.png,Defender,35.0,34.0,2961.0,7.21,3.0,1.0,25.0,6.0,2075.0,23.0,89.0,75.0,19.0,48.0,58.0,41.0,324.0,193.0,29.0,30.0,1.0,0.0
135,Serie A,2025,494,Udinese,1134,V. Bayo,Vakoun Issouf,Bayo,28.0,Côte d'Ivoire,184,72,https://media.api-sports.io/football/players/1134.png,Attacker,15.0,4.0,451.0,6.41,0.0,2.0,14.0,2.0,112.0,3.0,75.0,2.0,1.0,,7.0,1.0,90.0,34.0,6.0,15.0,0.0,0.0
135,Serie A,2025,494,Udinese,1939,J. Piotrowski,Jakub,Piotrowski,28.0,Poland,188,79,https://media.api-sports.io/football/players/1939.png,Midfielder,33.0,20.0,1697.0,6.67,1.0,1.0,22.0,9.0,553.0,12.0,82.0,45.0,8.0,17.0,29.0,13.0,199.0,109.0,29.0,29.0,2.0,0.0
135,Serie A,2025,494,Udinese,7591,S. Lovrić,Sandi,Lovrić,27.0,Slovenia,180,70,https://media.api-sports.io/football/players/7591.png,Midfielder,6.0,1.0,169.0,6.53,0.0,1.0,3.0,1.0,86.0,6.0,81.0,7.0,,4.0,3.0,2.0,28.0,11.0,1.0,4.0,1.0,0.0
135,Serie A,2025,504,Hellas Verona,7591,S. Lovrić,Sandi,Lovrić,27.0,Slovenia,180,70,https://media.api-sports.io/football/players/7591.png,Midfielder,8.0,3.0,366.0,6.86,0.0,0.0,3.0,1.0,150.0,6.0,91.0,15.0,,7.0,5.0,3.0,41.0,22.0,3.0,5.0,1.0,0.0
135,Serie A,2025,494,Udinese,18797,C. Kabasele,Christian,Kabasele,34.0,Belgium,187,84,https://media.api-sports.io/football/players/18797.png,Defender,30.0,28.0,2262.0,6.8,3.0,0.0,8.0,6.0,841.0,1.0,88.0,18.0,21.0,36.0,6.0,5.0,185.0,111.0,25.0,33.0,5.0,1.0
135,Serie A,2025,494,Udinese,19185,K. Davis,Keinan Vincent Joseph,Davis,27.0,England,191,68,https://media.api-sports.io/football/players/19185.png,Attacker,30.0,27.0,2079.0,7.01,10.0,4.0,38.0,25.0,396.0,31.0,77.0,11.0,3.0,2.0,44.0,30.0,318.0,147.0,47.0,41.0,5.0,0.0
135,Serie A,2025,494,Udinese,19824,J. Zemura,Jordan Bhekithemba,Zemura,26.0,Zimbabwe,173,63,https://media.api-sports.io/football/players/19824.png,Midfielder,17.0,13.0,1128.0,6.64,0.0,1.0,4.0,1.0,333.0,12.0,73.0,31.0,4.0,7.0,30.0,9.0,141.0,58.0,11.0,26.0,3.0,0.0
135,Serie A,2025,494,Udinese,22007,H. Kamara,Hassane,Kamara,31.0,Côte d'Ivoire,168,67,https://media.api-sports.io/football/players/22007.png,Defender,26.0,22.0,1869.0,6.79,0.0,2.0,13.0,5.0,734.0,24.0,81.0,31.0,3.0,23.0,32.0,17.0,135.0,77.0,11.0,16.0,5.0,0.0
135,Serie A,2025,494,Udinese,36916,K. Ehizibue,Kingsley Osezele,Ehizibue,30.0,Netherlands,189,78,https://media.api-sports.io/football/players/36916.png,Midfielder,32.0,20.0,1829.0,6.67,2.0,0.0,6.0,2.0,477.0,8.0,79.0,39.0,3.0,12.0,26.0,7.0,172.0,80.0,23.0,34.0,5.0,0.0
135,Serie A,2025,494,Udinese,48047,J. Karlström,Jesper Kewe,Karlström,30.0,Sweden,185,81,https://media.api-sports.io/football/players/48047.png,Midfielder,36.0,36.0,3152.0,6.8,1.0,0.0,11.0,3.0,1356.0,16.0,81.0,54.0,16.0,36.0,21.0,10.0,228.0,121.0,30.0,41.0,6.0,0.0
135,Serie A,2025,494,Udinese,142442,Rui Modesto,Rui Manuel,Muati Modesto,26.0,Angola,181,72,https://media.api-sports.io/football/players/142442.png,Midfielder,3.0,0.0,116.0,6.87,0.0,1.0,1.0,1.0,44.0,2.0,72.0,6.0,,1.0,3.0,,16.0,7.0,,,0.0,0.0
135,Serie A,2025,494,Udinese,182560,Oier Zarraga,Oier,Zarraga Egaña,26.0,Spain,175,76,https://media.api-sports.io/football/players/182560.png,Midfielder,24.0,2.0,497.0,6.54,0.0,0.0,2.0,1.0,158.0,2.0,89.0,6.0,3.0,6.0,3.0,1.0,54.0,20.0,5.0,8.0,2.0,0.0
135,Serie A,2025,494,Udinese,197830,R. Sava,Răzvan Sergiu,Sava,23.0,Romania,195,84,https://media.api-sports.io/football/players/197830.png,Goalkeeper,7.0,6.0,619.0,6.6,0.0,0.0,,,172.0,,75.0,,,,,,1.0,,,,1.0,0.0
135,Serie A,2025,494,Udinese,281495,T. Kristensen,Thomas,Thiesson Kristensen,23.0,Denmark,198,85,https://media.api-sports.io/football/players/281495.png,Defender,28.0,28.0,2475.0,6.92,3.0,0.0,9.0,6.0,1249.0,3.0,85.0,26.0,22.0,25.0,12.0,6.0,215.0,122.0,9.0,25.0,4.0,0.0
135,Serie A,2025,494,Udinese,315249,N. Bertola,Nicolò,Bertola,22.0,Italy,185,79,https://media.api-sports.io/football/players/315249.png,Defender,28.0,18.0,1780.0,6.68,0.0,1.0,10.0,4.0,817.0,11.0,78.0,37.0,14.0,23.0,16.0,5.0,160.0,89.0,12.0,20.0,3.0,0.0
135,Serie A,2025,494,Udinese,318053,S. Goglichidze,Saba,Goglichidze,21.0,Georgia,193,82,https://media.api-sports.io/football/players/318053.png,Defender,8.0,4.0,422.0,6.58,0.0,0.0,3.0,1.0,184.0,2.0,81.0,11.0,1.0,8.0,,,33.0,20.0,4.0,5.0,2.0,0.0
135,Serie A,2025,494,Udinese,330599,Iker Bravo,Iker,Bravo Solanilla,20.0,Spain,182,75,https://media.api-sports.io/football/players/330599.png,Attacker,8.0,3.0,216.0,6.7,1.0,0.0,1.0,1.0,44.0,3.0,81.0,1.0,,,2.0,1.0,21.0,4.0,1.0,3.0,1.0,0.0
135,Serie A,2025,494,Udinese,347644,A. Atta,Arthur,Atta,22.0,France,189,77,https://media.api-sports.io/football/players/347644.png,Midfielder,32.0,29.0,2563.0,6.89,5.0,3.0,38.0,20.0,1039.0,34.0,83.0,27.0,1.0,19.0,120.0,63.0,322.0,141.0,32.0,23.0,3.0,0.0
135,Serie A,2025,494,Udinese,418940,A. Nunziante,Alessandro,Nunziante,18.0,Italy,194,,https://media.api-sports.io/football/players/418940.png,Goalkeeper,0.0,0.0,,,0.0,0.0,,,,,,,,,,,,,,,0.0,0.0
135,Serie A,2025,504,Hellas Verona,418,S. Serdar,Suat,Serdar,28.0,Germany,184,75,https://media.api-sports.io/football/players/418.png,Midfielder,20.0,12.0,1116.0,6.74,2.0,0.0,13.0,7.0,395.0,13.0,71.0,31.0,5.0,9.0,17.0,9.0,122.0,60.0,12.0,19.0,3.0,0.0
135,Serie A,2025,494,Udinese,541,J. Ekkelenkamp,Jurgen,Ekkelenkamp,25.0,Netherlands,188,83,https://media.api-sports.io/football/players/541.png,Midfielder,31.0,27.0,2203.0,6.87,5.0,3.0,27.0,15.0,643.0,28.0,79.0,47.0,6.0,15.0,25.0,16.0,181.0,97.0,19.0,22.0,1.0,0.0
135,Serie A,2025,504,Hellas Verona,1090,A. Bernede,Antoine Joseph Emmanuel,Bernede,26.0,France,178,73,https://media.api-sports.io/football/players/1090.png,Midfielder,32.0,29.0,2320.0,6.68,1.0,2.0,14.0,4.0,890.0,30.0,77.0,70.0,6.0,14.0,37.0,17.0,282.0,120.0,20.0,55.0,2.0,0.0
135,Serie A,2025,504,Hellas Verona,14327,D. Bradarić,Domagoj,Bradarić,26.0,Croatia,178,69,https://media.api-sports.io/football/players/14327.png,Midfielder,29.0,23.0,1976.0,6.64,0.0,1.0,9.0,6.0,531.0,28.0,75.0,30.0,3.0,9.0,18.0,7.0,108.0,54.0,10.0,8.0,2.0,0.0
135,Serie A,2025,504,Hellas Verona,15909,M. Frese,Martin,Sønder Frese,27.0,Denmark,179,75,https://media.api-sports.io/football/players/15909.png,Defender,31.0,27.0,2412.0,6.8,2.0,0.0,18.0,11.0,718.0,31.0,75.0,84.0,10.0,29.0,8.0,,244.0,144.0,20.0,46.0,8.0,0.0
135,Serie A,2025,504,Hellas Verona,15912,V. Nelsson,Victor Enok,Nelsson,27.0,Denmark,185,78,https://media.api-sports.io/football/players/15912.png,Defender,38.0,37.0,3315.0,6.71,0.0,0.0,7.0,1.0,1230.0,3.0,84.0,72.0,23.0,68.0,4.0,3.0,343.0,221.0,20.0,44.0,4.0,0.0
135,Serie A,2025,504,Hellas Verona,22239,C. Niasse,Cheikh Ahmet Tidiane,Niasse,25.0,Senegal,188,73,https://media.api-sports.io/football/players/22239.png,Midfielder,20.0,11.0,983.0,6.6,0.0,1.0,5.0,1.0,361.0,11.0,81.0,21.0,5.0,14.0,6.0,4.0,128.0,61.0,15.0,20.0,1.0,0.0
135,Serie A,2025,504,Hellas Verona,30611,L. Montipò,Lorenzo,Montipò,29.0,Italy,191,82,https://media.api-sports.io/football/players/30611.png,Goalkeeper,35.0,35.0,3150.0,6.73,0.0,1.0,,,928.0,3.0,46.0,1.0,,,1.0,1.0,14.0,14.0,8.0,,0.0,0.0
135,Serie A,2025,504,Hellas Verona,37437,A. Harroui,Abdoulrahmane,Harroui,27.0,Morocco,182,76,https://media.api-sports.io/football/players/37437.png,Midfielder,23.0,11.0,929.0,6.48,1.0,0.0,6.0,2.0,361.0,14.0,81.0,27.0,5.0,1.0,24.0,11.0,110.0,40.0,1.0,22.0,3.0,0.0
135,Serie A,2025,504,Hellas Verona,47277,Unai Núñez,Unai,Núñez Gestoso,28.0,Spain,186,80,https://media.api-sports.io/football/players/47277.png,Defender,17.0,15.0,1265.0,6.56,0.0,0.0,4.0,1.0,552.0,5.0,78.0,24.0,13.0,23.0,12.0,9.0,140.0,70.0,10.0,27.0,5.0,0.0
135,Serie A,2025,504,Hellas Verona,59421,D. Mosquera,Daniel Fernando,Mosquera Bonilla,26.0,Colombia,181,75,https://media.api-sports.io/football/players/59421.png,Attacker,22.0,5.0,610.0,6.4,0.0,2.0,11.0,5.0,114.0,5.0,73.0,5.0,3.0,2.0,16.0,7.0,124.0,34.0,6.0,22.0,1.0,0.0
135,Serie A,2025,504,Hellas Verona,153408,D. Oyegoke,Daniel Oladele,Akinbiyi Oyegoke,22.0,England,188,63,https://media.api-sports.io/football/players/153408.png,Defender,15.0,8.0,606.0,6.64,0.0,0.0,3.0,1.0,177.0,3.0,75.0,16.0,,7.0,12.0,7.0,70.0,35.0,5.0,13.0,2.0,0.0
135,Serie A,2025,504,Hellas Verona,236955,A. Sarr,Amin,Sarr,24.0,Sweden,188,83,https://media.api-sports.io/football/players/236955.png,Attacker,34.0,9.0,1087.0,6.54,0.0,1.0,13.0,6.0,287.0,15.0,75.0,15.0,,3.0,23.0,10.0,211.0,85.0,22.0,25.0,1.0,0.0
135,Serie A,2025,504,Hellas Verona,303362,R. Belghali,Rafik,Belghali,23.0,Algeria,186,73,https://media.api-sports.io/football/players/303362.png,Defender,26.0,22.0,1926.0,6.72,2.0,0.0,13.0,6.0,492.0,28.0,76.0,21.0,6.0,18.0,71.0,39.0,184.0,79.0,10.0,20.0,6.0,0.0
135,Serie A,2025,504,Hellas Verona,312615,Giovane,Giovane,Santana do Nascimento,22.0,Brazil,183,84,https://media.api-sports.io/football/players/312615.png,Attacker,21.0,19.0,1541.0,6.59,3.0,4.0,35.0,25.0,367.0,28.0,66.0,13.0,1.0,5.0,68.0,30.0,297.0,95.0,15.0,21.0,2.0,0.0
135,Serie A,2025,492,Napoli,312615,Giovane,Giovane,Santana do Nascimento,22.0,Brazil,183,84,https://media.api-sports.io/football/players/312615.png,Attacker,12.0,2.0,342.0,6.4,0.0,1.0,3.0,2.0,92.0,4.0,79.0,2.0,1.0,1.0,16.0,6.0,49.0,17.0,9.0,3.0,0.0,0.0
135,Serie A,2025,494,Udinese,343558,L. Miller,Lennon Lee,Miller,19.0,Scotland,182,72,https://media.api-sports.io/football/players/343558.png,Midfielder,24.0,9.0,1018.0,6.7,0.0,2.0,7.0,1.0,384.0,14.0,77.0,21.0,4.0,7.0,15.0,10.0,106.0,64.0,17.0,14.0,4.0,0.0
135,Serie A,2025,494,Udinese,383257,D. Pejičić,David,Pejičić,18.0,Slovenia,175,66,https://media.api-sports.io/football/players/383257.png,Midfielder,0.0,0.0,,,0.0,0.0,,,,,,,,,,,,,,,0.0,0.0
135,Serie A,2025,494,Udinese,490138,A. Camara,Abdoulaye,Camara,17.0,France,186,68,https://media.api-sports.io/football/players/490138.png,Midfielder,1.0,0.0,11.0,6.9,0.0,0.0,,,9.0,1.0,100.0,,,,,,1.0,,,,0.0,0.0
135,Serie A,2025,494,Udinese,493365,G. Vinciati,Giulio,Vinciati,18.0,Italy,,,https://media.api-sports.io/football/players/493365.png,Attacker,0.0,0.0,,,0.0,0.0,,,,,,,,,,,,,,,0.0,0.0
135,Serie A,2025,504,Hellas Verona,527889,Fallou Cham,,,19.0,,,,https://media.api-sports.io/football/players/527889.png,Midfielder,6.0,3.0,235.0,6.5,0.0,0.0,5.0,2.0,53.0,4.0,60.0,14.0,,4.0,2.0,1.0,36.0,22.0,5.0,7.0,0.0,0.0
135,Serie A,2025,500,Bologna,134,Juan Miranda,Juan,Miranda González,25.0,Spain,185,76,https://media.api-sports.io/football/players/134.png,Defender,32.0,29.0,2573.0,6.98,1.0,3.0,10.0,5.0,1456.0,66.0,83.0,49.0,5.0,35.0,16.0,8.0,206.0,126.0,35.0,25.0,6.0,0.0
135,Serie A,2025,504,Hellas Verona,867,G. Kastanos,Grigoris,Kastanos,27.0,Cyprus,176,71,https://media.api-sports.io/football/players/867.png,Midfielder,6.0,0.0,59.0,6.64,0.0,0.0,1.0,,26.0,1.0,69.0,5.0,,3.0,2.0,1.0,19.0,8.0,1.0,3.0,0.0,0.0
135,Serie A,2025,488,Sassuolo,902,N. Matić,Nemanja,Matić,37.0,Serbia,194,85,https://media.api-sports.io/football/players/902.png,Midfielder,34.0,31.0,2669.0,6.95,1.0,1.0,8.0,4.0,1721.0,20.0,86.0,43.0,10.0,28.0,24.0,12.0,226.0,123.0,39.0,24.0,7.0,1.0
135,Serie A,2025,520,Cremonese,2057,F. Vázquez,Franco Damián,Vázquez,36.0,Argentina,187,82,https://media.api-sports.io/football/players/2057.png,Attacker,15.0,4.0,529.0,6.79,1.0,2.0,10.0,4.0,198.0,10.0,78.0,19.0,1.0,4.0,12.0,5.0,104.0,48.0,16.0,9.0,1.0,0.0
135,Serie A,2025,520,Cremonese,30875,M. Valoti,Mattia,Valoti,32.0,Italy,187,62,https://media.api-sports.io/football/players/30875.png,Midfielder,0.0,0.0,,,0.0,0.0,,,,,,,,,,,,,,,0.0,0.0
135,Serie A,2025,504,Hellas Verona,31383,S. Perilli,Simone,Perilli,30.0,Italy,195,88,https://media.api-sports.io/football/players/31383.png,Goalkeeper,3.0,3.0,270.0,6.53,0.0,0.0,,,78.0,,47.0,,,,,,,,,,0.0,0.0
135,Serie A,2025,488,Sassuolo,59513,Y. Paz,Yeferson,Paz Blandón,23.0,Colombia,176,67,https://media.api-sports.io/football/players/59513.png,Defender,0.0,0.0,,,0.0,0.0,,,,,,,,,,,,,,,0.0,0.0
135,Serie A,2025,488,Sassuolo,127413,A. Vranckx,Aster Jan,Vranckx,23.0,Belgium,183,78,https://media.api-sports.io/football/players/127413.png,Midfielder,16.0,9.0,692.0,6.55,0.0,0.0,2.0,1.0,245.0,2.0,84.0,16.0,,,13.0,3.0,92.0,44.0,17.0,16.0,2.0,0.0
135,Serie A,2025,504,Hellas Verona,180128,S. Mitrović,Stefan,Mitrović,23.0,Serbia,181,,https://media.api-sports.io/football/players/180128.png,Attacker,0.0,0.0,,,0.0,0.0,,,,,,,,,,,,,,,0.0,0.0
135,Serie A,2025,895,Como,207804,N. Čavlina,Nikola,Čavlina,23.0,Croatia,,,https://media.api-sports.io/football/players/207804.png,Goalkeeper,0.0,0.0,,,0.0,0.0,,,,,,,,,,,,,,,0.0,0.0
135,Serie A,2025,500,Bologna,278095,J. Rowe,Jonathan David Henry,Rowe,22.0,England,178,74,https://media.api-sports.io/football/players/278095.png,Attacker,28.0,17.0,1611.0,6.8,3.0,2.0,34.0,17.0,388.0,21.0,80.0,21.0,,8.0,91.0,49.0,266.0,135.0,50.0,23.0,2.0,0.0
135,Serie A,2025,488,Sassuolo,281291,E. Iannoni,Edoardo,Iannoni,24.0,Italy,185,,https://media.api-sports.io/football/players/281291.png,Midfielder,15.0,1.0,269.0,6.54,1.0,0.0,3.0,1.0,111.0,,81.0,6.0,,3.0,5.0,,37.0,13.0,,11.0,3.0,0.0
135,Serie A,2025,504,Hellas Verona,343287,D. Livramento,Dailon,Rocha Livramento do Rosario,24.0,Netherlands,185,82,https://media.api-sports.io/football/players/343287.png,Attacker,0.0,0.0,,,0.0,0.0,,,,,,,,,,,,,,,0.0,0.0
135,Serie A,2025,504,Hellas Verona,343565,A. Kurti,Adi,Kurti,19.0,Albania,194,,https://media.api-sports.io/football/players/343565.png,Defender,0.0,0.0,,,0.0,0.0,,,,,,,,,,,,,,,0.0,0.0
135,Serie A,2025,504,Hellas Verona,350539,G. Toniolo,Giacomo,Toniolo,21.0,Italy,,,https://media.api-sports.io/football/players/350539.png,Goalkeeper,0.0,0.0,,,0.0,0.0,,,,,,,,,,,,,,,0.0,0.0
135,Serie A,2025,895,Como,354533,J. Addai,Jayden,Osei Addai,20.0,Netherlands,175,74,https://media.api-sports.io/football/players/354533.png,Attacker,12.0,7.0,688.0,6.88,3.0,0.0,11.0,6.0,167.0,7.0,74.0,6.0,1.0,3.0,30.0,14.0,86.0,36.0,14.0,13.0,4.0,0.0
135,Serie A,2025,504,Hellas Verona,368129,T. Slotsager,Tobias,Slotsager,19.0,Denmark,190,,https://media.api-sports.io/football/players/368129.png,Defender,8.0,4.0,443.0,6.79,0.0,0.0,2.0,1.0,227.0,,77.0,14.0,4.0,3.0,,,50.0,40.0,5.0,3.0,0.0,0.0
135,Serie A,2025,504,Hellas Verona,395761,M. Lambourde,Mathis,Lambourde,19.0,France,179,72,https://media.api-sports.io/football/players/395761.png,Attacker,0.0,0.0,,,0.0,0.0,,,,,,,,,,,,,,,0.0,0.0
135,Serie A,2025,504,Hellas Verona,405273,Charlys,Charlys Matheus,Lima Pontes,21.0,Brazil,186,70,https://media.api-sports.io/football/players/405273.png,Midfielder,0.0,0.0,,,0.0,0.0,,,,,,,,,,,,,,,0.0,0.0
135,Serie A,2025,504,Hellas Verona,408634,J. Ajayi,Junior,Ajayi,21.0,Côte d'Ivoire,183,75,https://media.api-sports.io/football/players/408634.png,Attacker,1.0,0.0,1.0,,0.0,0.0,,,1.0,,100.0,,,,,,2.0,1.0,,,0.0,0.0
135,Serie A,2025,505,Inter,1640,H. Çalhanoğlu,Hakan,Çalhanoğlu,31.0,Türkiye,178,76,https://media.api-sports.io/football/players/1640.png,Midfielder,22.0,20.0,1650.0,7.51,9.0,4.0,37.0,17.0,1393.0,41.0,90.0,34.0,6.0,16.0,15.0,5.0,125.0,63.0,11.0,28.0,7.0,0.0
135,Serie A,2025,490,Cagliari,2055,M. Rog,Marko,Rog,30.0,Croatia,180,73,https://media.api-sports.io/football/players/2055.png,Midfielder,0.0,0.0,,,0.0,0.0,,,,,,,,,,,,,,,0.0,0.0
135,Serie A,2025,495,Genoa,3430,C. Ekuban,Caleb,Ansah Ekuban,31.0,Ghana,188,80,https://media.api-sports.io/football/players/3430.png,Attacker,31.0,6.0,986.0,6.59,4.0,1.0,24.0,10.0,153.0,11.0,68.0,4.0,1.0,5.0,24.0,8.0,140.0,64.0,29.0,16.0,0.0,0.0
135,Serie A,2025,867,Lecce,6662,S. Pierotti,Santiago Daniel,Pierotti,24.0,Argentina,189,69,https://media.api-sports.io/football/players/6662.png,Attacker,37.0,31.0,2614.0,6.49,1.0,2.0,22.0,8.0,640.0,22.0,75.0,83.0,5.0,20.0,97.0,39.0,524.0,197.0,23.0,67.0,4.0,0.0
135,Serie A,2025,504,Hellas Verona,25061,A. Bella-Kotchap,Armel,Bella-Kotchap,24.0,Germany,190,87,https://media.api-sports.io/football/players/25061.png,Defender,19.0,14.0,1355.0,6.73,0.0,0.0,2.0,,566.0,1.0,84.0,20.0,16.0,32.0,4.0,1.0,113.0,77.0,17.0,22.0,3.0,0.0
135,Serie A,2025,494,Udinese,40594,A. Buksa,Adam,Buksa,29.0,Poland,191,78,https://media.api-sports.io/football/players/40594.png,Attacker,25.0,6.0,926.0,6.67,3.0,0.0,8.0,6.0,181.0,11.0,60.0,10.0,,2.0,10.0,2.0,170.0,80.0,16.0,24.0,3.0,0.0
135,Serie A,2025,504,Hellas Verona,42006,Al Musrati,Al Moatasembellah Ali Mohamed,Al Musrati,29.0,Libya,189,80,https://media.api-sports.io/football/players/42006.png,Midfielder,18.0,8.0,847.0,6.62,0.0,1.0,4.0,1.0,480.0,7.0,82.0,14.0,8.0,9.0,2.0,,82.0,31.0,3.0,15.0,5.0,0.0
135,Serie A,2025,523,Parma,161859,G. Oristanio,Gaetano Pio,Oristanio,23.0,Italy,175,62,https://media.api-sports.io/football/players/161859.png,Midfielder,20.0,8.0,857.0,6.6,1.0,0.0,14.0,4.0,156.0,10.0,82.0,9.0,,2.0,31.0,15.0,120.0,52.0,20.0,13.0,1.0,0.0
135,Serie A,2025,867,Lecce,181218,Álex Sala,Álex,Sala Herrero,24.0,Spain,185,77,https://media.api-sports.io/football/players/181218.png,Midfielder,9.0,2.0,182.0,6.52,0.0,1.0,3.0,2.0,75.0,3.0,86.0,4.0,,3.0,1.0,,30.0,10.0,5.0,6.0,0.0,0.0
135,Serie A,2025,523,Parma,203483,A. N&apos;Diaye,Abdoulaye,Niakhate N'Diaye,23.0,Senegal,185,75,https://media.api-sports.io/football/players/203483.png,Defender,11.0,9.0,780.0,6.6,0.0,0.0,6.0,,423.0,1.0,83.0,17.0,3.0,12.0,3.0,2.0,95.0,54.0,12.0,13.0,4.0,0.0
135,Serie A,2025,867,Lecce,264122,N. Štulić,Nikola,Štulić,24.0,Serbia,188,80,https://media.api-sports.io/football/players/264122.png,Attacker,34.0,20.0,1725.0,6.46,4.0,0.0,21.0,9.0,314.0,20.0,68.0,12.0,4.0,2.0,9.0,4.0,236.0,89.0,26.0,37.0,1.0,0.0
135,Serie A,2025,489,AC Milan,336928,M. Valletta,Manuel,Valletta,31.0,Luxembourg,,,https://media.api-sports.io/football/players/336928.png,Attacker,2.0,0.0,9.0,6.3,0.0,0.0,1.0,,1.0,,,,,,,,2.0,,,,0.0,0.0
135,Serie A,2025,492,Napoli,341914,C. Saco,Coli,Saco,23.0,Mali,198,92,https://media.api-sports.io/football/players/341914.png,Midfielder,0.0,0.0,,,0.0,0.0,,,,,,,,,,,,,,,0.0,0.0
135,Serie A,2025,505,Inter,345808,F. Esposito,Francesco Pio,Esposito,20.0,Italy,190,80,https://media.api-sports.io/football/players/345808.png,Attacker,35.0,15.0,1571.0,6.65,7.0,3.0,43.0,23.0,365.0,22.0,73.0,9.0,2.0,5.0,16.0,4.0,206.0,104.0,50.0,29.0,1.0,0.0
135,Serie A,2025,504,Hellas Verona,352940,Ioan Vermeșan,Ioan,Vermeșan,19.0,Romania,"
    ","
    ",https://media.api-sports.io/football/players/352940.png,Attacker,6.0,0.0,95.0,6.53,0.0,0.0,4.0,1.0,28.0,,75.0,,,,1.0,,7.0,5.0,1.0,,0.0,0.0
135,Serie A,2025,490,Cagliari,383018,M. Palestra,Marco,Palestra,20.0,Italy,186,80,https://media.api-sports.io/football/players/383018.png,Midfielder,37.0,34.0,3084.0,7.05,1.0,4.0,20.0,7.0,867.0,33.0,85.0,55.0,3.0,20.0,135.0,70.0,416.0,248.0,108.0,41.0,3.0,0.0
135,Serie A,2025,523,Parma,428237,M. Troilo,Mariano,Troilo,22.0,Argentina,191,86,https://media.api-sports.io/football/players/428237.png,Defender,21.0,18.0,1636.0,6.91,1.0,0.0,6.0,2.0,850.0,7.0,89.0,27.0,18.0,18.0,7.0,5.0,151.0,88.0,20.0,27.0,7.0,1.0
135,Serie A,2025,490,Cagliari,485289,V. Sarno,Vincenzo,Sarno,17.0,Italy,189,,https://media.api-sports.io/football/players/485289.png,Goalkeeper,0.0,0.0,,,0.0,0.0,,,,,,,,,,,,,,,0.0,0.0
135,Serie A,2025,523,Parma,499380,S. Britschgi,Sascha,Britschgi,19.0,Switzerland,182,78,https://media.api-sports.io/football/players/499380.png,Defender,29.0,22.0,2112.0,6.52,0.0,2.0,9.0,3.0,615.0,18.0,76.0,33.0,5.0,8.0,18.0,9.0,171.0,76.0,23.0,18.0,6.0,0.0
135,Serie A,2025,494,Udinese,551412,G. Venuti,,,16.0,,,,https://media.api-sports.io/football/players/551412.png,Goalkeeper,0.0,0.0,,,0.0,0.0,,,,,,,,,,,,,,,0.0,0.0
135,Serie A,2025,497,AS Roma,782,L. Pellegrini,Lorenzo,Pellegrini,29.0,Italy,186,77,https://media.api-sports.io/football/players/782.png,Midfielder,24.0,20.0,1475.0,6.83,4.0,2.0,24.0,12.0,682.0,28.0,77.0,12.0,4.0,14.0,24.0,5.0,175.0,77.0,39.0,20.0,2.0,0.0
135,Serie A,2025,502,Fiorentina,881,H. Nicolussi,Hans,Nicolussi Caviglia,25.0,Italy,180,76,https://media.api-sports.io/football/players/881.png,Midfielder,11.0,7.0,591.0,6.8,0.0,1.0,3.0,1.0,315.0,10.0,81.0,12.0,,3.0,7.0,2.0,70.0,33.0,15.0,15.0,4.0,0.0
135,Serie A,2025,523,Parma,881,H. Nicolussi,Hans,Nicolussi Caviglia,25.0,Italy,180,76,https://media.api-sports.io/football/players/881.png,Midfielder,15.0,10.0,882.0,6.68,0.0,3.0,7.0,2.0,452.0,9.0,86.0,15.0,4.0,3.0,15.0,9.0,89.0,40.0,9.0,8.0,0.0,0.0
135,Serie A,2025,895,Como,21090,Diego Carlos,Diego Carlos,Santos Silva,32.0,Brazil,186,79,https://media.api-sports.io/football/players/21090.png,Defender,27.0,21.0,1948.0,6.85,1.0,0.0,8.0,2.0,1321.0,2.0,92.0,30.0,17.0,22.0,,,159.0,85.0,7.0,39.0,8.0,0.0
135,Serie A,2025,497,AS Roma,22222,Z. Çelik,Mehmet Zeki,Çelik,28.0,Türkiye,180,78,https://media.api-sports.io/football/players/22222.png,Defender,34.0,32.0,2730.0,6.83,1.0,2.0,14.0,4.0,1347.0,28.0,85.0,64.0,6.0,22.0,36.0,8.0,249.0,125.0,18.0,35.0,2.0,1.0
135,Serie A,2025,502,Fiorentina,30440,R. Piccoli,Roberto,Piccoli,24.0,Italy,187,78,https://media.api-sports.io/football/players/30440.png,Attacker,32.0,16.0,1698.0,6.49,4.0,1.0,37.0,15.0,228.0,15.0,65.0,8.0,,4.0,20.0,9.0,262.0,110.0,40.0,34.0,1.0,0.0
135,Serie A,2025,895,Como,30570,A. Cerri,Alberto,Cerri,29.0,Italy,194,92,https://media.api-sports.io/football/players/30570.png,Attacker,0.0,0.0,,,0.0,0.0,,,,,,,,,,,,,,,0.0,0.0
135,Serie A,2025,801,Pisa,36910,C. Stengs,Calvin,Stengs,27.0,Netherlands,182,74,https://media.api-sports.io/football/players/36910.png,Midfielder,4.0,0.0,61.0,6.43,0.0,0.0,2.0,1.0,28.0,1.0,82.0,2.0,,,,,14.0,5.0,2.0,,0.0,0.0
135,Serie A,2025,490,Cagliari,41964,Zé Pedro,José Pedro,da Silva Figueiredo Freitas,28.0,Portugal,187,84,https://media.api-sports.io/football/players/41964.png,Defender,23.0,20.0,1713.0,6.63,0.0,1.0,6.0,,954.0,3.0,86.0,31.0,13.0,20.0,7.0,5.0,145.0,68.0,15.0,29.0,6.0,0.0
135,Serie A,2025,523,Parma,180763,B. Balogh,Botond,Balogh,23.0,Hungary,189,83,https://media.api-sports.io/football/players/180763.png,Defender,0.0,0.0,,,0.0,0.0,,,,,,,,,,,,,,,0.0,0.0
135,Serie A,2025,503,Torino,275776,K. Asllani,Kristjan,Asllani,23.0,Albania,179,69,https://media.api-sports.io/football/players/275776.png,Midfielder,15.0,13.0,1135.0,6.87,0.0,0.0,13.0,4.0,617.0,15.0,84.0,21.0,1.0,12.0,6.0,3.0,73.0,39.0,14.0,7.0,3.0,0.0
135,Serie A,2025,867,Lecce,340179,N. Kovač ,Niko,Kovač,20.0,Bosnia and Herzegovina,185,,https://media.api-sports.io/football/players/340179.png,Midfielder,0.0,0.0,,,0.0,0.0,,,,,,,,,,,,,,,0.0,0.0
135,Serie A,2025,499,Atalanta,353609,I. Sulemana,Ibrahim,Sulemana Kakari,22.0,Ghana,180,72,https://media.api-sports.io/football/players/353609.png,Midfielder,0.0,0.0,,,0.0,0.0,,,,,,,,,,,,,,,0.0,0.0
135,Serie A,2025,500,Bologna,353609,I. Sulemana,Ibrahim,Sulemana Kakari,22.0,Ghana,180,72,https://media.api-sports.io/football/players/353609.png,Midfielder,3.0,0.0,49.0,6.67,0.0,0.0,,,21.0,,85.0,,1.0,,1.0,1.0,8.0,4.0,,1.0,1.0,0.0
135,Serie A,2025,490,Cagliari,353609,I. Sulemana,Ibrahim,Sulemana Kakari,22.0,Ghana,180,72,https://media.api-sports.io/football/players/353609.png,Midfielder,16.0,7.0,853.0,6.58,1.0,0.0,7.0,2.0,369.0,6.0,88.0,19.0,2.0,5.0,22.0,10.0,104.0,51.0,10.0,12.0,2.0,0.0
135,Serie A,2025,523,Parma,362061,B. Cremaschi,Benjamin,Cremaschi,20.0,USA,180,72,https://media.api-sports.io/football/players/362061.png,Midfielder,8.0,2.0,144.0,6.53,0.0,0.0,1.0,,51.0,1.0,72.0,2.0,1.0,,4.0,2.0,17.0,7.0,,2.0,0.0,0.0
135,Serie A,2025,490,Cagliari,384422,Nicola Pintus,Nicola,Pintus,20.0,Italy,189,,https://media.api-sports.io/football/players/384422.png,Defender,0.0,0.0,,,0.0,0.0,,,,,,,,,,,,,,,0.0,0.0
135,Serie A,2025,499,Atalanta,400530,R. ObriÄ,Relja,Obrić,19.0,Slovenia,194,,https://media.api-sports.io/football/players/400530.png,Defender,0.0,0.0,,,0.0,0.0,,,,,,,,,,,,,,,0.0,0.0
135,Serie A,2025,490,Cagliari,417892,J. Liteta,Joseph,Liteta,19.0,Zambia,,,https://media.api-sports.io/football/players/417892.png,Midfielder,4.0,4.0,266.0,6.45,0.0,0.0,,,131.0,,84.0,5.0,3.0,8.0,2.0,2.0,26.0,9.0,,4.0,0.0,0.0
135,Serie A,2025,801,Pisa,435548,Mateus Lusuardi,Mateus Henrique,Vanelli Lusuardi,21.0,Brazil,190,,https://media.api-sports.io/football/players/435548.png,Defender,3.0,3.0,199.0,6.6,0.0,0.0,1.0,,79.0,1.0,82.0,2.0,5.0,,2.0,1.0,21.0,11.0,,4.0,1.0,0.0
135,Serie A,2025,499,Atalanta,458409,H. Camara,Henry Naby Junior,Camara,19.0,Guinea,191,77,https://media.api-sports.io/football/players/458409.png,Attacker,0.0,0.0,,,0.0,0.0,,,,,,,,,,,,,,,0.0,0.0
135,Serie A,2025,523,Parma,470975,N. Trabucchi,Nicolas,Trabucchi,18.0,Italy,180,71,https://media.api-sports.io/football/players/470975.png,Defender,0.0,0.0,,,0.0,0.0,,,,,,,,,,,,,,,0.0,0.0
135,Serie A,2025,497,AS Roma,484027,A. Arena,Antonio,Arena,16.0,Australia,188,,https://media.api-sports.io/football/players/484027.png,Attacker,2.0,0.0,25.0,6.5,0.0,0.0,,,4.0,,75.0,,,,,,3.0,,,,0.0,0.0
135,Serie A,2025,505,Inter,5,M. Akanji,Manuel Obafemi,Akanji,30.0,Switzerland,188,91,https://media.api-sports.io/football/players/5.png,Defender,33.0,31.0,2820.0,7.15,2.0,0.0,19.0,6.0,2108.0,7.0,92.0,48.0,13.0,37.0,2.0,1.0,202.0,117.0,18.0,26.0,4.0,0.0
135,Serie A,2025,496,Juventus,86,L. Openda,Ikoma-Loïs,Openda,25.0,Belgium,177,75,https://media.api-sports.io/football/players/86.png,Attacker,24.0,6.0,676.0,6.51,1.0,0.0,19.0,6.0,151.0,8.0,72.0,6.0,1.0,1.0,11.0,4.0,79.0,38.0,21.0,8.0,0.0,0.0
135,Serie A,2025,489,AC Milan,269,C. Nkunku,Christopher Alan,Nkunku,28.0,France,178,68,https://media.api-sports.io/football/players/269.png,Attacker,32.0,15.0,1377.0,6.68,7.0,3.0,24.0,16.0,342.0,16.0,88.0,5.0,1.0,2.0,26.0,9.0,114.0,50.0,22.0,9.0,0.0,0.0
135,Serie A,2025,489,AC Milan,272,A. Rabiot,Adrien Thibault Marie,Rabiot-Provost,30.0,France,188,72,https://media.api-sports.io/football/players/272.png,Attacker,29.0,28.0,2550.0,7.24,6.0,4.0,34.0,12.0,1319.0,27.0,85.0,57.0,5.0,20.0,41.0,20.0,308.0,173.0,55.0,35.0,5.0,0.0
135,Serie A,2025,801,Pisa,314,Raúl Albiol,Raúl,Albiol i Tortajada,40.0,Spain,190,82,https://media.api-sports.io/football/players/314.png,Defender,8.0,5.0,502.0,6.65,0.0,1.0,,,253.0,3.0,86.0,7.0,6.0,6.0,,,33.0,16.0,2.0,6.0,1.0,0.0
135,Serie A,2025,494,Udinese,786,N. Zaniolo,Nicolò,Zaniolo,26.0,Italy,190,79,https://media.api-sports.io/football/players/786.png,Midfielder,32.0,28.0,2269.0,6.83,5.0,6.0,47.0,22.0,579.0,53.0,78.0,28.0,,4.0,94.0,33.0,375.0,140.0,61.0,62.0,8.0,0.0
135,Serie A,2025,496,Juventus,849,M. Perin,Mattia,Perin,33.0,Italy,188,85,https://media.api-sports.io/football/players/849.png,Goalkeeper,9.0,9.0,765.0,6.69,0.0,0.0,,,161.0,1.0,85.0,,,,,,2.0,2.0,2.0,,0.0,0.0
135,Serie A,2025,492,Napoli,1358,E. Elmas,Eljif,Elmas,26.0,North Macedonia,184,78,https://media.api-sports.io/football/players/1358.png,Midfielder,33.0,20.0,1788.0,6.72,1.0,3.0,17.0,9.0,778.0,24.0,89.0,24.0,6.0,7.0,22.0,13.0,110.0,52.0,13.0,18.0,3.0,0.0
135,Serie A,2025,496,Juventus,125674,J. Cabal,Juan David,Cabal Murillo,24.0,Colombia,186,79,https://media.api-sports.io/football/players/125674.png,Defender,12.0,2.0,295.0,6.72,2.0,0.0,4.0,2.0,134.0,2.0,80.0,9.0,,4.0,1.0,1.0,35.0,15.0,1.0,4.0,1.0,0.0
135,Serie A,2025,502,Fiorentina,138815,T. Lamptey,Tariq Kwame,Nii-Lante Lamptey,25.0,Ghana,163,55,https://media.api-sports.io/football/players/138815.png,Defender,2.0,1.0,32.0,6.8,0.0,0.0,,,10.0,2.0,70.0,2.0,,,,,3.0,2.0,,,0.0,0.0
135,Serie A,2025,492,Napoli,162032,Miguel Gutiérrez,Miguel,Gutiérrez Ortega,24.0,Spain,180,73,https://media.api-sports.io/football/players/162032.png,Defender,28.0,15.0,1490.0,6.83,1.0,1.0,13.0,5.0,794.0,21.0,88.0,33.0,1.0,9.0,23.0,8.0,140.0,78.0,28.0,19.0,0.0,0.0
135,Serie A,2025,492,Napoli,288006,R. Højlund,Rasmus,Winther Højlund,22.0,Denmark,191,86,https://media.api-sports.io/football/players/288006.png,Attacker,33.0,32.0,2761.0,6.57,12.0,5.0,46.0,25.0,507.0,33.0,74.0,4.0,2.0,,34.0,12.0,309.0,111.0,53.0,37.0,1.0,0.0
135,Serie A,2025,492,Napoli,355007,A. Yazıcı,Arda,Yazıcı,21.0,Türkiye,193 cm,84 kg,https://media.api-sports.io/football/players/355007.png,Goalkeeper,0.0,0.0,,,0.0,0.0,,,,,,,,,,,,,,,0.0,0.0
135,Serie A,2025,801,Pisa,364600,İ. Vural,İsak,Vural,19.0,Türkiye,175,,https://media.api-sports.io/football/players/364600.png,Midfielder,15.0,9.0,752.0,6.69,0.0,0.0,5.0,1.0,210.0,3.0,82.0,9.0,3.0,2.0,18.0,9.0,102.0,58.0,33.0,16.0,4.0,0.0
135,Serie A,2025,495,Genoa,387128,S. Otoa,Sebastian,Otoa,21.0,Denmark,188,75,https://media.api-sports.io/football/players/387128.png,Defender,13.0,9.0,843.0,6.71,0.0,0.0,2.0,2.0,362.0,,90.0,11.0,11.0,9.0,4.0,3.0,68.0,48.0,13.0,5.0,1.0,0.0
135,Serie A,2025,489,AC Milan,394740,D. Odogu,David Uyoyo,Odogu,19.0,Germany,191,83,https://media.api-sports.io/football/players/394740.png,Defender,2.0,0.0,9.0,6.6,0.0,0.0,,,2.0,,50.0,,,,,,1.0,1.0,,,0.0,0.0
135,Serie A,2025,500,Bologna,394947,B. Tomašević,Bodin,Tomašević,19.0,Montenegro,,,https://media.api-sports.io/football/players/394947.png,Defender,0.0,0.0,,,0.0,0.0,,,,,,,,,,,,,,,0.0,0.0
135,Serie A,2025,801,Pisa,403300,Lorran,Lorran Lucas,Pereira de Sousa,19.0,Brazil,182,72,https://media.api-sports.io/football/players/403300.png,Midfielder,9.0,0.0,113.0,6.54,1.0,0.0,2.0,1.0,60.0,1.0,78.0,5.0,,3.0,12.0,6.0,26.0,14.0,3.0,,0.0,0.0
135,Serie A,2025,500,Bologna,416518,U. Happonen,Ukko,Happonen,18.0,Finland,,,https://media.api-sports.io/football/players/416518.png,Goalkeeper,0.0,0.0,,,0.0,0.0,,,,,,,,,,,,,,,0.0,0.0
135,Serie A,2025,494,Udinese,422156,M. Palma,Matteo,Palma,17.0,Germany,194,,https://media.api-sports.io/football/players/422156.png,Defender,5.0,1.0,124.0,6.48,0.0,0.0,,,53.0,,75.0,2.0,1.0,2.0,1.0,,17.0,10.0,,3.0,0.0,0.0
135,Serie A,2025,504,Hellas Verona,203,R. Gagliardini,Roberto,Gagliardini,31.0,Italy,190,77,https://media.api-sports.io/football/players/203.png,Midfielder,29.0,25.0,2216.0,6.97,1.0,0.0,9.0,3.0,1165.0,16.0,81.0,73.0,13.0,54.0,10.0,6.0,285.0,169.0,35.0,45.0,10.0,0.0
135,Serie A,2025,497,AS Roma,1600,K. Tsimikas,Konstantinos,Tsimikas,29.0,Greece,179,77,https://media.api-sports.io/football/players/1600.png,Defender,18.0,6.0,644.0,6.61,0.0,0.0,4.0,,265.0,4.0,80.0,11.0,2.0,8.0,10.0,6.0,63.0,30.0,8.0,9.0,1.0,0.0
135,Serie A,2025,487,Lazio,1632,A. Romagnoli,Alessio,Romagnoli,30.0,Italy,185,75,https://media.api-sports.io/football/players/1632.png,Defender,32.0,31.0,2667.0,6.97,0.0,0.0,9.0,4.0,2001.0,3.0,93.0,23.0,20.0,32.0,1.0,1.0,169.0,101.0,15.0,18.0,6.0,1.0
135,Serie A,2025,503,Torino,14329,A. Ismajli,Ardian,Ismajli,29.0,Albania,185,76,https://media.api-sports.io/football/players/14329.png,Defender,25.0,21.0,1915.0,6.89,0.0,1.0,6.0,4.0,953.0,4.0,88.0,33.0,18.0,34.0,6.0,2.0,155.0,104.0,18.0,21.0,5.0,0.0
135,Serie A,2025,520,Cremonese,18788,J. Vardy,Jamie Richard,Vardy,38.0,England,179,74,https://media.api-sports.io/football/players/18788.png,Attacker,29.0,24.0,2107.0,6.67,7.0,2.0,22.0,14.0,303.0,15.0,62.0,12.0,3.0,3.0,15.0,6.0,214.0,87.0,21.0,19.0,5.0,0.0
135,Serie A,2025,497,AS Roma,30418,P. Gollini,Pierluigi,Gollini,30.0,Italy,194,94,https://media.api-sports.io/football/players/30418.png,Goalkeeper,0.0,0.0,,,0.0,0.0,,,,,,,,,,,,,,,0.0,0.0
135,Serie A,2025,504,Hellas Verona,31678,J. Akpa Akpro,Jean-Daniel Dave,Lewis Akpa Akpro,33.0,Côte d'Ivoire,180,70,https://media.api-sports.io/football/players/31678.png,Midfielder,22.0,17.0,1507.0,6.69,1.0,0.0,7.0,4.0,385.0,11.0,74.0,44.0,7.0,23.0,37.0,23.0,221.0,109.0,15.0,39.0,9.0,0.0
135,Serie A,2025,520,Cremonese,36986,D. Johnsen,Dennis,Tørset Johnsen,27.0,Norway,185,72,https://media.api-sports.io/football/players/36986.png,Attacker,11.0,5.0,390.0,6.67,1.0,1.0,3.0,2.0,96.0,4.0,51.0,3.0,,,13.0,5.0,44.0,20.0,4.0,2.0,0.0,0.0
135,Serie A,2025,488,Sassuolo,39143,K. Thorstvedt,Kristian,Thorstvedt,26.0,Norway,189,84,https://media.api-sports.io/football/players/39143.png,Midfielder,32.0,27.0,2458.0,6.89,4.0,4.0,31.0,13.0,1055.0,32.0,82.0,44.0,13.0,32.0,42.0,18.0,286.0,149.0,57.0,34.0,9.0,0.0
135,Serie A,2025,500,Bologna,47985,E. Holm,Emil Alfons,Holm,25.0,Sweden,191,83,https://media.api-sports.io/football/players/47985.png,Defender,11.0,8.0,663.0,6.84,1.0,4.0,6.0,1.0,298.0,7.0,78.0,20.0,2.0,6.0,7.0,2.0,87.0,48.0,14.0,11.0,2.0,0.0
135,Serie A,2025,496,Juventus,47985,E. Holm,Emil Alfons,Holm,25.0,Sweden,191,83,https://media.api-sports.io/football/players/47985.png,Defender,7.0,2.0,232.0,6.77,0.0,0.0,5.0,1.0,76.0,2.0,77.0,10.0,1.0,3.0,8.0,5.0,36.0,24.0,5.0,,0.0,0.0
135,Serie A,2025,520,Cremonese,102447,F. Moumbagna,Faris,Pemi Moumbagna,25.0,Cameroon,185,77,https://media.api-sports.io/football/players/102447.png,Attacker,5.0,0.0,88.0,6.28,0.0,0.0,1.0,,15.0,1.0,60.0,,,,1.0,,9.0,3.0,,1.0,0.0,0.0
135,Serie A,2025,520,Cremonese,126980,T. Barbieri,Tommaso,Barbieri,23.0,Italy,181,59,https://media.api-sports.io/football/players/126980.png,Defender,29.0,18.0,1713.0,6.72,0.0,1.0,9.0,2.0,536.0,10.0,73.0,45.0,8.0,13.0,33.0,16.0,231.0,112.0,26.0,40.0,8.0,0.0
135,Serie A,2025,488,Sassuolo,128338,W. Coulibaly,Woyo,Coulibaly,26.0,France,188,77,https://media.api-sports.io/football/players/128338.png,Defender,20.0,9.0,1048.0,6.64,0.0,0.0,3.0,1.0,435.0,4.0,90.0,24.0,4.0,9.0,11.0,8.0,96.0,50.0,12.0,15.0,2.0,0.0
135,Serie A,2025,487,Lazio,135519,G. Isaksen,Gustav,Tang Isaksen,24.0,Denmark,181,68,https://media.api-sports.io/football/players/135519.png,Attacker,30.0,18.0,1598.0,6.8,5.0,1.0,34.0,19.0,514.0,17.0,80.0,16.0,3.0,7.0,71.0,27.0,223.0,110.0,57.0,18.0,0.0,0.0
135,Serie A,2025,503,Torino,156490,N. Nkounkou,Niels Patrick,Nkounkou,25.0,France,184,75,https://media.api-sports.io/football/players/156490.png,Defender,11.0,3.0,361.0,6.86,0.0,1.0,3.0,1.0,117.0,6.0,80.0,16.0,1.0,8.0,12.0,8.0,53.0,29.0,3.0,4.0,3.0,0.0
135,Serie A,2025,520,Cremonese,202086,J. Sarmiento,Jeremy Leonel,Sarmiento Morante,23.0,Ecuador,178,72,https://media.api-sports.io/football/players/202086.png,Midfielder,7.0,0.0,143.0,6.78,0.0,0.0,2.0,2.0,58.0,3.0,91.0,6.0,,2.0,8.0,5.0,21.0,12.0,1.0,,0.0,0.0
135,Serie A,2025,520,Cremonese,237249,M. Faye,Mikayil Ngor,Faye,21.0,Senegal,186,81,https://media.api-sports.io/football/players/237249.png,Defender,8.0,2.0,250.0,6.8,0.0,0.0,,,124.0,1.0,78.0,7.0,2.0,6.0,3.0,3.0,29.0,17.0,4.0,2.0,1.0,0.0
135,Serie A,2025,504,Hellas Verona,368260,G. Orban,Gift Emmanuel,Orban,23.0,Nigeria,178,73,https://media.api-sports.io/football/players/368260.png,Attacker,28.0,23.0,2036.0,6.52,7.0,2.0,61.0,28.0,376.0,20.0,71.0,4.0,,4.0,38.0,19.0,205.0,71.0,21.0,23.0,4.0,1.0
135,Serie A,2025,497,AS Roma,384543,J. Ziółkowski,Jan,Ziółkowski,20.0,Poland,194,76,https://media.api-sports.io/football/players/384543.png,Defender,18.0,5.0,527.0,6.81,0.0,0.0,2.0,,254.0,1.0,83.0,19.0,5.0,8.0,,,84.0,50.0,8.0,12.0,3.0,0.0
135,Serie A,2025,495,Genoa,395788,E. Lysionok,Ernestas,Lysionok,18.0,Lithuania,,,https://media.api-sports.io/football/players/395788.png,Goalkeeper,0.0,0.0,,,0.0,0.0,,,,,,,,,,,,,,,0.0,0.0
135,Serie A,2025,495,Genoa,665,M. Cornet,Gnaly Albert Maxwel,Cornet,29.0,Côte d'Ivoire,179,69,https://media.api-sports.io/football/players/665.png,Attacker,8.0,1.0,121.0,6.27,0.0,0.0,3.0,2.0,40.0,6.0,77.0,6.0,,,3.0,,25.0,10.0,1.0,6.0,0.0,0.0
135,Serie A,2025,487,Lazio,1841,Patric,Patricio,Gabarrón Gil,32.0,Spain,184,72,https://media.api-sports.io/football/players/1841.png,Defender,14.0,6.0,682.0,6.79,0.0,0.0,2.0,,571.0,2.0,91.0,2.0,6.0,4.0,2.0,2.0,30.0,17.0,2.0,4.0,2.0,0.0
135,Serie A,2025,499,Atalanta,18767,A. Lookman,Ademola Lookman Olajade,Alade Aylola Lookman,28.0,Nigeria,174,71,https://media.api-sports.io/football/players/18767.png,Attacker,12.0,9.0,797.0,6.77,2.0,0.0,13.0,8.0,240.0,18.0,79.0,5.0,,3.0,30.0,16.0,70.0,31.0,8.0,10.0,0.0,0.0
135,Serie A,2025,489,AC Milan,22236,Rafael Leão,Rafael Alexandre,da Conceição Leão,26.0,Portugal,188,81,https://media.api-sports.io/football/players/22236.png,Attacker,29.0,23.0,1859.0,6.92,9.0,3.0,45.0,24.0,582.0,23.0,83.0,6.0,,5.0,56.0,26.0,200.0,94.0,34.0,19.0,5.0,0.0
135,Serie A,2025,490,Cagliari,30573,L. Pavoletti,Leonardo,Pavoletti,37.0,Italy,188,80,https://media.api-sports.io/football/players/30573.png,Attacker,13.0,1.0,246.0,6.4,1.0,1.0,4.0,1.0,63.0,2.0,58.0,2.0,,1.0,1.0,,39.0,13.0,,10.0,1.0,0.0
135,Serie A,2025,496,Juventus,48392,E. Zhegrova,Edon,Zhegrova,26.0,Kosovo,181,66,https://media.api-sports.io/football/players/48392.png,Attacker,19.0,0.0,386.0,6.67,0.0,0.0,11.0,9.0,229.0,10.0,82.0,5.0,,,44.0,21.0,74.0,34.0,6.0,4.0,1.0,0.0
135,Serie A,2025,488,Sassuolo,127802,C. Odenthal,Cas,Odenthal,25.0,Netherlands,190,79,https://media.api-sports.io/football/players/127802.png,Defender,1.0,0.0,1.0,,0.0,0.0,,,2.0,,100.0,,,,,,,,,,0.0,0.0
135,Serie A,2025,488,Sassuolo,264739,L. Skjellerup,Laurs,Skjellerup,23.0,Denmark,195,81,https://media.api-sports.io/football/players/264739.png,Attacker,1.0,0.0,9.0,6.3,0.0,0.0,,,3.0,,,,,,,,1.0,1.0,,,0.0,0.0
135,Serie A,2025,504,Hellas Verona,340076,L. Monticelli,Luca,Monticelli,20.0,Belgium,184,,https://media.api-sports.io/football/players/340076.png,Attacker,0.0,0.0,,,0.0,0.0,,,,,,,,,,,,,,,0.0,0.0
135,Serie A,2025,489,AC Milan,386298,L. Torriani,Lorenzo,Torriani,20.0,Italy,197,87,https://media.api-sports.io/football/players/386298.png,Goalkeeper,0.0,0.0,,,0.0,0.0,,,,,,,,,,,,,,,0.0,0.0
135,Serie A,2025,496,Juventus,415064,Pedro Felipe,Pedro Felipe,de Jesus Gomes,21.0,Brazil,189 cm,84 kg,https://media.api-sports.io/football/players/415064.png,Defender,0.0,0.0,,,0.0,0.0,,,,,,,,,,,,,,,0.0,0.0
135,Serie A,2025,488,Sassuolo,415064,Pedro Felipe,Pedro Felipe,de Jesus Gomes,21.0,Brazil,189 cm,84 kg,https://media.api-sports.io/football/players/415064.png,Defender,3.0,1.0,127.0,6.6,0.0,1.0,,,96.0,1.0,90.0,2.0,1.0,2.0,1.0,1.0,14.0,7.0,1.0,2.0,0.0,0.0
135,Serie A,2025,490,Cagliari,415155,J. Rodríguez,Juan Martín,Rodríguez Camejo,20.0,Uruguay,190,80,https://media.api-sports.io/football/players/415155.png,Defender,17.0,16.0,1315.0,6.72,1.0,0.0,3.0,2.0,662.0,,88.0,37.0,14.0,18.0,1.0,1.0,101.0,62.0,8.0,15.0,3.0,0.0
135,Serie A,2025,504,Hellas Verona,418846,D. De Battisti,Davide,De Battisti,19.0,Italy,180,78,https://media.api-sports.io/football/players/418846.png,Defender,0.0,0.0,,,0.0,0.0,,,,,,,,,,,,,,,0.0,0.0
135,Serie A,2025,494,Udinese,434410,I. Gueye,Idrissa,Gueye,19.0,Senegal,174,66,https://media.api-sports.io/football/players/434410.png,Attacker,19.0,1.0,427.0,6.49,1.0,0.0,12.0,6.0,71.0,4.0,67.0,6.0,3.0,3.0,5.0,2.0,80.0,38.0,9.0,15.0,2.0,0.0
135,Serie A,2025,520,Cremonese,441550,A. Malovec,Adrián,Malovec,18.0,Slovakia,,,https://media.api-sports.io/football/players/441550.png,Goalkeeper,0.0,0.0,,,0.0,0.0,,,,,,,,,,,,,,,0.0,0.0
135,Serie A,2025,497,AS Roma,446067,Buba Sangaré,Aboubacar,Sangaré Traoré,18.0,Spain,183,75,https://media.api-sports.io/football/players/446067.png,Defender,0.0,0.0,,,0.0,0.0,,,,,,,,,,,,,,,0.0,0.0
135,Serie A,2025,487,Lazio,470737,P. Pinelli,Pietro,Pinelli,19.0,Italy,,,https://media.api-sports.io/football/players/470737.png,Defender,0.0,0.0,,,0.0,0.0,,,,,,,,,,,,,,,0.0,0.0
135,Serie A,2025,487,Lazio,483662,V. Farcomeni,Valerio,Farcomeni,19.0,Italy,176,,https://media.api-sports.io/football/players/483662.png,Midfielder,0.0,0.0,,,0.0,0.0,,,,,,,,,,,,,,,0.0,0.0
135,Serie A,2025,504,Hellas Verona,546632,Mirko Castagnini,,,18.0,,,,https://media.api-sports.io/football/players/546632.png,Goalkeeper,0.0,0.0,,,0.0,0.0,,,,,,,,,,,,,,,0.0,0.0
135,Serie A,2025,895,Como,554467,Lorenzo Bonsignori Goggi,,,18.0,,,,https://media.api-sports.io/football/players/554467.png,Midfielder,0.0,0.0,,,0.0,0.0,,,,,,,,,,,,,,,0.0,0.0
135,Serie A,2025,487,Lazio,211,M. Vecino,Matías,Vecino Falero,34.0,Uruguay,187,81,https://media.api-sports.io/football/players/211.png,Midfielder,13.0,5.0,605.0,6.72,0.0,1.0,4.0,,369.0,3.0,88.0,10.0,3.0,7.0,2.0,,57.0,25.0,3.0,8.0,1.0,0.0
135,Serie A,2025,497,AS Roma,983,L. Bailey,Leon Patrick,Bailey Butler,28.0,Jamaica,178,77,https://media.api-sports.io/football/players/983.png,Attacker,7.0,1.0,182.0,6.46,0.0,0.0,1.0,1.0,59.0,2.0,83.0,2.0,,,6.0,2.0,21.0,8.0,1.0,2.0,0.0,0.0
135,Serie A,2025,523,Parma,1208,Hernani,Hernani,Azevedo Júnior,31.0,Brazil,188,77,https://media.api-sports.io/football/players/1208.png,Midfielder,4.0,0.0,69.0,6.65,0.0,0.0,,,24.0,1.0,70.0,1.0,,1.0,1.0,,11.0,6.0,3.0,2.0,0.0,0.0
135,Serie A,2025,499,Atalanta,1442,S. Kolašinac,Sead,Kolašinac,32.0,Bosnia and Herzegovina,183,85,https://media.api-sports.io/football/players/1442.png,Defender,19.0,15.0,1224.0,6.66,0.0,0.0,2.0,,771.0,,90.0,27.0,5.0,11.0,7.0,5.0,109.0,55.0,10.0,22.0,3.0,0.0
135,Serie A,2025,495,Genoa,41748,J. Onana,Jean Emile Junior,Onana Onana,26.0,Cameroon,189,85,https://media.api-sports.io/football/players/41748.png,Midfielder,3.0,0.0,45.0,6.6,0.0,0.0,1.0,,23.0,1.0,73.0,3.0,2.0,,,,12.0,4.0,,4.0,0.0,0.0
135,Serie A,2025,494,Udinese,143648,M. Okoye,Maduka Emilio,Okoye,26.0,Nigeria,197,94,https://media.api-sports.io/football/players/143648.png,Goalkeeper,30.0,30.0,2617.0,6.98,0.0,0.0,,,904.0,2.0,64.0,,,,,,12.0,9.0,4.0,2.0,1.0,1.0
135,Serie A,2025,496,Juventus,181808,F. Miretti,Fabio,Miretti,22.0,Italy,179,75,https://media.api-sports.io/football/players/181808.png,Midfielder,23.0,5.0,631.0,6.7,1.0,2.0,12.0,5.0,379.0,12.0,85.0,19.0,,3.0,19.0,7.0,86.0,36.0,7.0,15.0,1.0,0.0
135,Serie A,2025,504,Hellas Verona,311071,N. Valentini,Nicolás,Valentini,24.0,Argentina,184,79,https://media.api-sports.io/football/players/311071.png,Defender,21.0,15.0,1406.0,6.67,0.0,0.0,16.0,7.0,513.0,4.0,71.0,31.0,14.0,15.0,6.0,5.0,167.0,95.0,7.0,30.0,7.0,0.0
135,Serie A,2025,496,Juventus,335099,S. Scaglia,Simone,Scaglia,21.0,Italy,196,,https://media.api-sports.io/football/players/335099.png,Goalkeeper,0.0,0.0,,,0.0,0.0,,,,,,,,,,,,,,,0.0,0.0
135,Serie A,2025,505,Inter,336707,A. Calligaris,Alessandro,Calligaris,20.0,Italy,185 cm,80 kg,https://media.api-sports.io/football/players/336707.png,Goalkeeper,0.0,0.0,,,0.0,0.0,,,,,,,,,,,,,,,0.0,0.0
135,Serie A,2025,895,Como,400948,Assane Diao,Assane,Diao Diaoune,20.0,Spain,185,80,https://media.api-sports.io/football/players/400948.png,Attacker,17.0,13.0,1089.0,6.76,2.0,1.0,17.0,10.0,324.0,9.0,79.0,16.0,1.0,4.0,69.0,27.0,195.0,90.0,39.0,15.0,2.0,0.0
135,Serie A,2025,801,Pisa,419603,F. Coppola,Francesco,Coppola,20.0,Italy,,,https://media.api-sports.io/football/players/419603.png,Defender,7.0,5.0,461.0,6.27,0.0,0.0,,,123.0,,83.0,13.0,4.0,4.0,,,51.0,24.0,8.0,7.0,3.0,0.0
135,Serie A,2025,505,Inter,449683,A. Taho,Alain,Taho,18.0,Albania,,,https://media.api-sports.io/football/players/449683.png,Goalkeeper,0.0,0.0,,,0.0,0.0,,,,,,,,,,,,,,,0.0,0.0
135,Serie A,2025,489,AC Milan,554588,E. Sala,,,17.0,,,,https://media.api-sports.io/football/players/554588.png,Midfielder,0.0,0.0,,,0.0,0.0,,,,,,,,,,,,,,,0.0,0.0
135,Serie A,2025,520,Cremonese,556945,A. Lickunas,,,19.0,,,,https://media.api-sports.io/football/players/556945.png,Attacker,0.0,0.0,,,0.0,0.0,,,,,,,,,,,,,,,0.0,0.0
135,Serie A,2025,895,Como,562612,A. Le Borgne,,,19.0,,,,https://media.api-sports.io/football/players/562612.png,Midfielder,1.0,0.0,1.0,,0.0,0.0,,,1.0,,100.0,,,,,,,,,,0.0,0.0
135,Serie A,2025,503,Torino,565709,L. Siviero,,,18.0,,,,https://media.api-sports.io/football/players/565709.png,Goalkeeper,0.0,0.0,,,0.0,0.0,,,,,,,,,,,,,,,0.0,0.0
135,Serie A,2025,492,Napoli,568115,D. Spinelli,,,17.0,,,,https://media.api-sports.io/football/players/568115.png,Goalkeeper,0.0,0.0,,,0.0,0.0,,,,,,,,,,,,,,,0.0,0.0
135,Serie A,2025,523,Parma,595822,Alessandro Cardinali,,,19.0,,,,https://media.api-sports.io/football/players/595822.png,Attacker,1.0,0.0,45.0,6.5,0.0,0.0,,,9.0,,88.0,,,,1.0,,2.0,,,,0.0,0.0
135,Serie A,2025,488,Sassuolo,613213,L. Nyarko,,,18.0,,,,https://media.api-sports.io/football/players/613213.png,Goalkeeper,0.0,0.0,,,0.0,0.0,,,,,,,,,,,,,,,0.0,0.0
135,Serie A,2025,523,Parma,18835,Guaita,Vicente,Guaita Panadero,38.0,Spain,190 cm,80 kg,https://media.api-sports.io/football/players/18835.png,Goalkeeper,0.0,0.0,,,0.0,0.0,,,,,,,,,,,,,,,0.0,0.0
135,Serie A,2025,502,Fiorentina,30789,C. Kouamé,Christian Michael,Kouamé Kouakou,28.0,Côte d'Ivoire,188,70,https://media.api-sports.io/football/players/30789.png,Attacker,2.0,0.0,32.0,6.4,0.0,0.0,,,15.0,,80.0,1.0,,1.0,,,2.0,1.0,,,0.0,0.0
135,Serie A,2025,490,Cagliari,31601,B. Radunović,Boris,Radunović,29.0,Serbia,194,84,https://media.api-sports.io/football/players/31601.png,Goalkeeper,0.0,0.0,,,0.0,0.0,,,,,,,,,,,,,,,0.0,0.0
135,Serie A,2025,523,Parma,191979,J. Ondrejka,Jacob Axel Per,Ondrejka,23.0,Sweden,180,73,https://media.api-sports.io/football/players/191979.png,Attacker,16.0,9.0,776.0,6.55,0.0,0.0,15.0,7.0,205.0,5.0,79.0,7.0,,3.0,30.0,10.0,81.0,32.0,14.0,8.0,2.0,0.0
135,Serie A,2025,505,Inter,343345,C. Alexiou,Christos,Alexiou,20.0,Greece,184 cm,79 kg,https://media.api-sports.io/football/players/343345.png,Defender,0.0,0.0,,,0.0,0.0,,,,,,,,,,,,,,,0.0,0.0
135,Serie A,2025,801,Pisa,374142,A. Vuković,Ante,Vuković,21.0,Croatia,,,https://media.api-sports.io/football/players/374142.png,Goalkeeper,0.0,0.0,,,0.0,0.0,,,,,,,,,,,,,,,0.0,0.0
135,Serie A,2025,505,Inter,392493,M. Cocchi,Matteo,Cocchi,18.0,Italy,178 cm,74 kg,https://media.api-sports.io/football/players/392493.png,Defender,1.0,0.0,16.0,6.9,0.0,0.0,,,8.0,,62.0,1.0,,,,,3.0,2.0,,,0.0,0.0
135,Serie A,2025,505,Inter,437678,M. Mosconi,Mattia,Mosconi,18.0,Italy,176 cm,72 kg,https://media.api-sports.io/football/players/437678.png,Attacker,2.0,0.0,25.0,6.2,0.0,0.0,2.0,,13.0,,100.0,,,,1.0,,6.0,2.0,2.0,1.0,0.0,0.0
135,Serie A,2025,495,Genoa,445516,A. Kumer,Alin,Kumer Čelik,18.0,Slovenia,,,https://media.api-sports.io/football/players/445516.png,Defender,0.0,0.0,,,0.0,0.0,,,,,,,,,,,,,,,0.0,0.0
135,Serie A,2025,505,Inter,461830,M. Lavelli,Matteo,Lavelli,19.0,Italy,185 cm,78 kg,https://media.api-sports.io/football/players/461830.png,Attacker,1.0,0.0,12.0,6.5,0.0,0.0,,,1.0,,100.0,,,,,,2.0,,,,0.0,0.0
135,Serie A,2025,523,Parma,462188,A. Ciardi,Alessandro,Ciardi,18.0,Italy,184,73,https://media.api-sports.io/football/players/462188.png,Midfielder,0.0,0.0,,,0.0,0.0,,,,,,,,,,,,,,,0.0,0.0
135,Serie A,2025,496,Juventus,476231,S. Mangiapoco,Stefano,Mangiapoco,21.0,Italy,,,https://media.api-sports.io/football/players/476231.png,Goalkeeper,0.0,0.0,,,0.0,0.0,,,,,,,,,,,,,,,0.0,0.0
135,Serie A,2025,801,Pisa,545975,B. Bettazzi,,,17.0,,,,https://media.api-sports.io/football/players/545975.png,Midfielder,1.0,0.0,13.0,6.6,0.0,0.0,,,4.0,,100.0,1.0,,,2.0,1.0,5.0,3.0,1.0,1.0,0.0,0.0
135,Serie A,2025,488,Sassuolo,584501,C. Frangella,,,19.0,,,,https://media.api-sports.io/football/players/584501.png,Midfielder,1.0,0.0,9.0,6.5,0.0,0.0,,,7.0,,57.0,,,1.0,,,,,,,0.0,0.0
135,Serie A,2025,523,Parma,595810,Bernardo Conde,,,19.0,,,,https://media.api-sports.io/football/players/595810.png,Defender,0.0,0.0,,,0.0,0.0,,,,,,,,,,,,,,,0.0,0.0
135,Serie A,2025,523,Parma,595817,Abdou Konate,,,18.0,,,,https://media.api-sports.io/football/players/595817.png,Midfielder,0.0,0.0,,,0.0,0.0,,,,,,,,,,,,,,,0.0,0.0
135,Serie A,2025,523,Parma,595819,Edoardo Tigani,,,19.0,,,,https://media.api-sports.io/football/players/595819.png,Midfielder,0.0,0.0,,,0.0,0.0,,,,,,,,,,,,,,,0.0,0.0
135,Serie A,2025,489,AC Milan,598671,A. Castiello,,,18.0,,,,https://media.api-sports.io/football/players/598671.png,Attacker,0.0,0.0,,,0.0,0.0,,,,,,,,,,,,,,,0.0,0.0
135,Serie A,2025,488,Sassuolo,613352,T. Macchioni,,,19.0,,,,https://media.api-sports.io/football/players/613352.png,Defender,1.0,1.0,90.0,6.2,0.0,0.0,1.0,,35.0,,80.0,,,2.0,,,6.0,3.0,,1.0,1.0,0.0
135,Serie A,2025,500,Bologna,616142,Matteo Franceschelli,,,17.0,,,,https://media.api-sports.io/football/players/616142.png,Goalkeeper,0.0,0.0,,,0.0,0.0,,,,,,,,,,,,,,,0.0,0.0
135,Serie A,2025,496,Juventus,333,A. Milik,Arkadiusz Krystian,Milik,31.0,Poland,186,80,https://media.api-sports.io/football/players/333.png,Attacker,2.0,0.0,34.0,6.2,0.0,0.0,2.0,2.0,11.0,,81.0,,,,4.0,1.0,7.0,1.0,,1.0,0.0,0.0
135,Serie A,2025,867,Lecce,23253,G. Jean,Gaby,Jean,25.0,France,191,75,https://media.api-sports.io/football/players/23253.png,Defender,7.0,1.0,196.0,6.86,0.0,0.0,,,104.0,,80.0,3.0,,1.0,,,17.0,9.0,2.0,1.0,1.0,0.0
135,Serie A,2025,489,AC Milan,25391,N. Füllkrug,Niclas,Füllkrug,32.0,Germany,189,83,https://media.api-sports.io/football/players/25391.png,Attacker,20.0,3.0,647.0,6.46,1.0,0.0,11.0,5.0,181.0,9.0,71.0,1.0,,3.0,6.0,3.0,73.0,31.0,8.0,8.0,0.0,0.0
135,Serie A,2025,895,Como,32034,A. Dossena,Alberto,Dossena,27.0,Italy,195,85,https://media.api-sports.io/football/players/32034.png,Defender,0.0,0.0,,,0.0,0.0,,,,,,,,,,,,,,,0.0,0.0
135,Serie A,2025,490,Cagliari,32034,A. Dossena,Alberto,Dossena,27.0,Italy,195,85,https://media.api-sports.io/football/players/32034.png,Defender,12.0,9.0,856.0,6.81,0.0,1.0,6.0,2.0,458.0,3.0,89.0,16.0,9.0,9.0,1.0,1.0,71.0,43.0,8.0,11.0,5.0,0.0
135,Serie A,2025,867,Lecce,40563,F. Marchwiński,Filip,Marchwiński,23.0,Poland,187,72,https://media.api-sports.io/football/players/40563.png,Midfielder,0.0,0.0,,,0.0,0.0,,,,,,,,,,,,,,,0.0,0.0
135,Serie A,2025,867,Lecce,126974,O. Gandelman,Omri,Gandelman,25.0,Israel,188,84,https://media.api-sports.io/football/players/126974.png,Midfielder,19.0,10.0,978.0,6.51,2.0,1.0,7.0,3.0,243.0,7.0,63.0,9.0,1.0,4.0,11.0,2.0,184.0,69.0,3.0,13.0,0.0,0.0
135,Serie A,2025,895,Como,193328,N. Törnqvist,Noel Max Joachim,Törnqvist,23.0,Sweden,195,82,https://media.api-sports.io/football/players/193328.png,Goalkeeper,0.0,0.0,,,0.0,0.0,,,,,,,,,,,,,,,0.0,0.0
135,Serie A,2025,867,Lecce,334925,O. Ngom,Oumar,Ngom,21.0,France,184,75,https://media.api-sports.io/football/players/334925.png,Midfielder,15.0,10.0,847.0,6.65,0.0,0.0,2.0,2.0,262.0,4.0,82.0,23.0,2.0,13.0,11.0,6.0,98.0,46.0,6.0,15.0,1.0,0.0
135,Serie A,2025,505,Inter,395849,Thomas Berenbruch,Thomas,Berenbruch,20.0,Italy,176 cm,67 kg,https://media.api-sports.io/football/players/395849.png,Midfielder,0.0,0.0,,,0.0,0.0,,,,,,,,,,,,,,,0.0,0.0
135,Serie A,2025,487,Lazio,436193,S. Fernandes,Saná,Fernandes,19.0,Italy,165,57,https://media.api-sports.io/football/players/436193.png,Attacker,0.0,0.0,,,0.0,0.0,,,,,,,,,,,,,,,0.0,0.0
135,Serie A,2025,489,AC Milan,438044,M. Duțu,Matteo,Duțu,20.0,Romania,192 cm,,https://media.api-sports.io/football/players/438044.png,Defender,0.0,0.0,,,0.0,0.0,,,,,,,,,,,,,,,0.0,0.0
135,Serie A,2025,497,AS Roma,458411,Jacopo Mirra,Jacopo,Mirra,19.0,Italy,,,https://media.api-sports.io/football/players/458411.png,Defender,0.0,0.0,,,0.0,0.0,,,,,,,,,,,,,,,0.0,0.0
135,Serie A,2025,505,Inter,562597,L. Bovo,,,20.0,,,,https://media.api-sports.io/football/players/562597.png,Midfielder,0.0,0.0,,,0.0,0.0,,,,,,,,,,,,,,,0.0,0.0
135,Serie A,2025,505,Inter,563846,S. Cinquegrano,,,21.0,,,,https://media.api-sports.io/football/players/563846.png,Defender,0.0,0.0,,,0.0,0.0,,,,,,,,,,,,,,,0.0,0.0
135,Serie A,2025,505,Inter,563858,Y. Maye,,,19.0,,,,https://media.api-sports.io/football/players/563858.png,Defender,0.0,0.0,,,0.0,0.0,,,,,,,,,,,,,,,0.0,0.0
135,Serie A,2025,490,Cagliari,584116,Y. Trepy,,,19.0,,,,https://media.api-sports.io/football/players/584116.png,Attacker,8.0,0.0,105.0,6.67,1.0,0.0,4.0,2.0,15.0,2.0,60.0,2.0,,1.0,2.0,2.0,17.0,7.0,2.0,1.0,0.0,0.0
135,Serie A,2025,523,Parma,595808,Gabriele Casentini,,,18.0,,,,https://media.api-sports.io/football/players/595808.png,Goalkeeper,0.0,0.0,,,0.0,0.0,,,,,,,,,,,,,,,0.0,0.0
135,Serie A,2025,500,Bologna,616148,Petar Markovic,,,19.0,,,,https://media.api-sports.io/football/players/616148.png,Defender,0.0,0.0,,,0.0,0.0,,,,,,,,,,,,,,,0.0,0.0
135,Serie A,2025,497,AS Roma,626686,M. Bah,,,18.0,,,,https://media.api-sports.io/football/players/626686.png,Midfielder,0.0,0.0,,,0.0,0.0,,,,,,,,,,,,,,,0.0,0.0
135,Serie A,2025,867,Lecce,628513,Daniele Bleve,,,17.0,,,,https://media.api-sports.io/football/players/628513.png,Goalkeeper,0.0,0.0,,,0.0,0.0,,,,,,,,,,,,,,,0.0,0.0
135,Serie A,2025,502,Fiorentina,697,M. Solomon,Manor,Solomon,26.0,Israel,170,66,https://media.api-sports.io/football/players/697.png,Attacker,16.0,9.0,903.0,7.09,2.0,1.0,6.0,4.0,315.0,25.0,89.0,13.0,1.0,1.0,36.0,25.0,92.0,55.0,16.0,2.0,1.0,0.0
135,Serie A,2025,490,Cagliari,3737,A. Sherri,Alen,Sherri,28.0,Albania,197,92,https://media.api-sports.io/football/players/3737.png,Goalkeeper,0.0,0.0,,,0.0,0.0,,,,,,,,,,,,,,,0.0,0.0
135,Serie A,2025,502,Fiorentina,15843,O. Christensen,Oliver,Christensen,26.0,Denmark,190,82,https://media.api-sports.io/football/players/15843.png,Goalkeeper,1.0,1.0,87.0,8.7,0.0,0.0,,,41.0,,73.0,,,,,,1.0,1.0,1.0,,0.0,0.0
135,Serie A,2025,503,Torino,268728,S. Sazonov,Saba,Sazonov,23.0,Georgia,192,82,https://media.api-sports.io/football/players/268728.png,Defender,0.0,0.0,,,0.0,0.0,,,,,,,,,,,,,,,0.0,0.0
135,Serie A,2025,505,Inter,383000,I. Kamate,Issiaka,Kamate,21.0,France,186 cm,78 kg,https://media.api-sports.io/football/players/383000.png,Midfielder,0.0,0.0,,,0.0,0.0,,,,,,,,,,,,,,,0.0,0.0
135,Serie A,2025,497,AS Roma,394183,A. Romano,Alessandro Gianni,Romano,19.0,Switzerland,180,73,https://media.api-sports.io/football/players/394183.png,Midfielder,2.0,0.0,10.0,6.3,0.0,0.0,,,7.0,,85.0,,,,1.0,1.0,4.0,1.0,,2.0,0.0,0.0
135,Serie A,2025,504,Hellas Verona,414281,Isaac,Isaac,Aguiar Tomich,21.0,Brazil,185,78,https://media.api-sports.io/football/players/414281.png,Attacker,3.0,0.0,37.0,6.43,0.0,0.0,,,22.0,,90.0,,,,1.0,1.0,7.0,4.0,2.0,1.0,0.0,0.0
135,Serie A,2025,505,Inter,436238,M. Spinaccè,Matteo,Spinaccè,19.0,Italy,189 cm,75 kg,https://media.api-sports.io/football/players/436238.png,Attacker,0.0,0.0,,,0.0,0.0,,,,,,,,,,,,,,,0.0,0.0
135,Serie A,2025,487,Lazio,436244,F. Serra,Federico,Serra,19.0,Italy,,,https://media.api-sports.io/football/players/436244.png,Attacker,0.0,0.0,,,0.0,0.0,,,,,,,,,,,,,,,0.0,0.0
135,Serie A,2025,499,Atalanta,436251,P. Comi,Pietro,Comi,20.0,Italy,180 cm,70 kg,https://media.api-sports.io/football/players/436251.png,Defender,0.0,0.0,,,0.0,0.0,,,,,,,,,,,,,,,0.0,0.0
135,Serie A,2025,490,Cagliari,438208,Andra Cogoni,Andra,Cogoni,19.0,Italy,188 cm,74 kg,https://media.api-sports.io/football/players/438208.png,Defender,0.0,0.0,,,0.0,0.0,,,,,,,,,,,,,,,0.0,0.0
135,Serie A,2025,867,Lecce,446138,P. Penev,Plamen,Valentinov Penev,17.0,Bulgaria,,,https://media.api-sports.io/football/players/446138.png,Goalkeeper,0.0,0.0,,,0.0,0.0,,,,,,,,,,,,,,,0.0,0.0
135,Serie A,2025,492,Napoli,561707,V. Prisco,,,17.0,,,,https://media.api-sports.io/football/players/561707.png,Midfielder,0.0,0.0,,,0.0,0.0,,,,,,,,,,,,,,,0.0,0.0
135,Serie A,2025,523,Parma,576948,D. Drobnic,,,18.0,,,,https://media.api-sports.io/football/players/576948.png,Defender,0.0,0.0,,,0.0,0.0,,,,,,,,,,,,,,,0.0,0.0
135,Serie A,2025,492,Napoli,579072,E. De Chiara,,,19.0,,,,https://media.api-sports.io/football/players/579072.png,Midfielder,0.0,0.0,,,0.0,0.0,,,,,,,,,,,,,,,0.0,0.0
135,Serie A,2025,495,Genoa,592741,Joi Nuredini,,,18.0,,,,https://media.api-sports.io/football/players/592741.png,Attacker,1.0,0.0,1.0,,0.0,0.0,,,,,,,,,,,2.0,,,,0.0,0.0
135,Serie A,2025,503,Torino,598593,M. Pellini,,,18.0,,,,https://media.api-sports.io/football/players/598593.png,Defender,0.0,0.0,,,0.0,0.0,,,,,,,,,,,,,,,0.0,0.0
135,Serie A,2025,497,AS Roma,598615,E. Lulli,,,18.0,,,,https://media.api-sports.io/football/players/598615.png,Defender,0.0,0.0,,,0.0,0.0,,,,,,,,,,,,,,,0.0,0.0
135,Serie A,2025,495,Genoa,605470,Rendijs Mihelsons,,,17.0,,,,https://media.api-sports.io/football/players/605470.png,Goalkeeper,0.0,0.0,,,0.0,0.0,,,,,,,,,,,,,,,0.0,0.0
135,Serie A,2025,488,Sassuolo,626695,L. Barani,,,19.0,,,,https://media.api-sports.io/football/players/626695.png,Defender,0.0,0.0,,,0.0,0.0,,,,,,,,,,,,,,,0.0,0.0
135,Serie A,2025,497,AS Roma,249,D. Malen,Donyell,Malen,26.0,Netherlands,176,68,https://media.api-sports.io/football/players/249.png,Attacker,18.0,18.0,1478.0,7.24,14.0,2.0,49.0,31.0,220.0,8.0,77.0,5.0,,2.0,43.0,16.0,146.0,48.0,17.0,12.0,1.0,0.0
135,Serie A,2025,502,Fiorentina,19128,J. Harrison,Jack David,Harrison,29.0,England,175,70,https://media.api-sports.io/football/players/19128.png,Attacker,15.0,10.0,979.0,6.73,1.0,3.0,9.0,4.0,381.0,15.0,82.0,10.0,1.0,1.0,32.0,11.0,101.0,32.0,7.0,9.0,1.0,0.0
135,Serie A,2025,504,Hellas Verona,30525,Pol Lirola,Pol Mikel,Lirola Kosok,28.0,Spain,183,70,https://media.api-sports.io/football/players/30525.png,Midfielder,6.0,3.0,313.0,6.43,0.0,0.0,,,113.0,1.0,62.0,5.0,1.0,4.0,4.0,1.0,22.0,8.0,,3.0,1.0,0.0
135,Serie A,2025,499,Atalanta,30543,G. Raspadori,Giacomo,Raspadori,25.0,Italy,172,69,https://media.api-sports.io/football/players/30543.png,Attacker,13.0,7.0,791.0,6.82,3.0,1.0,17.0,11.0,299.0,17.0,80.0,8.0,,1.0,15.0,5.0,66.0,26.0,6.0,7.0,0.0,0.0
135,Serie A,2025,495,Genoa,37137,J. Bijlow,Justin,Bijlow,27.0,Netherlands,188,76,https://media.api-sports.io/football/players/37137.png,Goalkeeper,16.0,16.0,1395.0,6.99,0.0,0.0,,,610.0,,75.0,,,,,,9.0,8.0,1.0,1.0,1.0,0.0
135,Serie A,2025,487,Lazio,38749,K. Taylor,Kenneth,Taylor,23.0,Netherlands,182,75,https://media.api-sports.io/football/players/38749.png,Midfielder,17.0,17.0,1400.0,6.85,3.0,2.0,11.0,6.0,673.0,13.0,88.0,21.0,6.0,10.0,19.0,8.0,110.0,47.0,13.0,17.0,5.0,0.0
135,Serie A,2025,503,Torino,265722,Rafael Obrador,Rafael,Obrador Burguera,21.0,Spain,181,72,https://media.api-sports.io/football/players/265722.png,Defender,16.0,14.0,1123.0,6.62,1.0,3.0,5.0,2.0,359.0,13.0,81.0,23.0,1.0,11.0,28.0,9.0,92.0,39.0,5.0,7.0,1.0,0.0
135,Serie A,2025,867,Lecce,280431,S. Fofana,Sadik,Fofana,22.0,Togo,192,78,https://media.api-sports.io/football/players/280431.png,Midfielder,5.0,1.0,94.0,6.33,0.0,0.0,2.0,,27.0,2.0,51.0,2.0,,,2.0,1.0,17.0,6.0,1.0,3.0,0.0,0.0
135,Serie A,2025,487,Lazio,301763,P. Ratkov,Petar,Ratkov,22.0,Serbia,193,76,https://media.api-sports.io/football/players/301763.png,Attacker,8.0,2.0,228.0,6.41,0.0,0.0,4.0,1.0,45.0,1.0,60.0,3.0,,1.0,1.0,,20.0,13.0,3.0,,0.0,0.0
135,Serie A,2025,801,Pisa,341226,R. Durosinmi,Rafiu,Adekunle Durosinmi,22.0,Nigeria,,,https://media.api-sports.io/football/players/341226.png,Attacker,12.0,4.0,430.0,6.37,1.0,1.0,8.0,5.0,85.0,3.0,60.0,,,1.0,7.0,3.0,87.0,28.0,2.0,15.0,1.0,1.0
135,Serie A,2025,801,Pisa,342310,R. Bozhinov,Rosen,Petkov Bozhinov,20.0,Bulgaria,193,,https://media.api-sports.io/football/players/342310.png,Defender,9.0,8.0,614.0,6.3,0.0,0.0,3.0,1.0,413.0,4.0,87.0,7.0,4.0,11.0,1.0,,48.0,23.0,1.0,12.0,2.0,0.0
135,Serie A,2025,496,Juventus,349218,L. Anghelè,Lorenzo,Anghelè,20.0,Italy,,,https://media.api-sports.io/football/players/349218.png,Attacker,0.0,0.0,,,0.0,0.0,,,,,,,,,,,,,,,0.0,0.0
135,Serie A,2025,523,Parma,394882,D. Mikołajewski,Daniel,Mikołajewski,19.0,Poland,178 cm,81 kg,https://media.api-sports.io/football/players/394882.png,Attacker,3.0,1.0,75.0,6.5,0.0,0.0,1.0,,9.0,,100.0,1.0,,,2.0,,10.0,3.0,2.0,2.0,0.0,0.0
135,Serie A,2025,500,Bologna,416062,E. Helland,Eivind,Fauske Helland,20.0,Norway,,,https://media.api-sports.io/football/players/416062.png,Defender,6.0,6.0,488.0,6.8,0.0,0.0,1.0,,335.0,3.0,87.0,7.0,6.0,6.0,,,37.0,23.0,1.0,5.0,2.0,0.0
135,Serie A,2025,497,AS Roma,435482,R. Vaz,Robinio,Vaz,18.0,France,185,75,https://media.api-sports.io/football/players/435482.png,Attacker,12.0,0.0,221.0,6.53,1.0,0.0,4.0,2.0,35.0,,65.0,,,2.0,2.0,,39.0,17.0,12.0,2.0,0.0,0.0
135,Serie A,2025,503,Torino,437088,T. Gabellini,Tommaso,Gabellini,19.0,Italy,180 cm,78 kg,https://media.api-sports.io/football/players/437088.png,Attacker,0.0,0.0,,,0.0,0.0,,,,,,,,,,,,,,,0.0,0.0
135,Serie A,2025,495,Genoa,443779,N. Zätterström,Nils Erik Ulf,Zätterström,20.0,Sweden,186,,https://media.api-sports.io/football/players/443779.png,Defender,3.0,2.0,181.0,6.45,0.0,0.0,,,115.0,,85.0,2.0,,2.0,2.0,1.0,11.0,3.0,,3.0,0.0,0.0
135,Serie A,2025,502,Fiorentina,575285,L. Balbo,,,19.0,,,,https://media.api-sports.io/football/players/575285.png,Defender,6.0,1.0,208.0,6.77,0.0,0.0,,,54.0,1.0,66.0,6.0,5.0,1.0,1.0,,28.0,15.0,6.0,2.0,0.0,0.0
135,Serie A,2025,503,Torino,613435,W. Acquah,,,18.0,,,,https://media.api-sports.io/football/players/613435.png,Midfielder,0.0,0.0,,,0.0,0.0,,,,,,,,,,,,,,,0.0,0.0
135,Serie A,2025,503,Torino,616236,Zalan Kugyela,,,18.0,,,,https://media.api-sports.io/football/players/616236.png,Midfielder,0.0,0.0,,,0.0,0.0,,,,,,,,,,,,,,,0.0,0.0
135,Serie A,2025,499,Atalanta,530,M. Bakker,Mitchel,Bakker,25.0,Netherlands,185,85,https://media.api-sports.io/football/players/530.png,Defender,1.0,0.0,8.0,6.6,0.0,0.0,,,7.0,,100.0,,,,,,,,,,0.0,0.0
135,Serie A,2025,492,Napoli,907,R. Lukaku,Romelu Menama,Lukaku Bolingoli,32.0,Belgium,191,93,https://media.api-sports.io/football/players/907.png,Attacker,5.0,0.0,50.0,6.63,1.0,0.0,2.0,1.0,16.0,2.0,68.0,,1.0,,,,6.0,,,2.0,1.0,0.0
135,Serie A,2025,496,Juventus,30531,J. Boga,Jérémie,Boga,28.0,Côte d'Ivoire,172,68,https://media.api-sports.io/football/players/30531.png,Attacker,15.0,6.0,684.0,7.06,4.0,0.0,18.0,12.0,213.0,15.0,82.0,7.0,,2.0,42.0,22.0,81.0,39.0,7.0,3.0,1.0,0.0
135,Serie A,2025,523,Parma,31624,Gabriel Strefezza,Gabriel Tadeu,Strefezza Rebelato,28.0,Brazil,168 cm,63 kg,https://media.api-sports.io/football/players/31624.png,Attacker,14.0,13.0,1015.0,6.91,2.0,2.0,18.0,7.0,347.0,14.0,85.0,16.0,,5.0,33.0,17.0,141.0,66.0,28.0,21.0,3.0,0.0
135,Serie A,2025,503,Torino,40405,S. Kulenović,Sandro,Kulenović,26.0,Croatia,188,76,https://media.api-sports.io/football/players/40405.png,Attacker,13.0,3.0,310.0,6.45,0.0,1.0,3.0,2.0,65.0,5.0,63.0,4.0,1.0,1.0,5.0,2.0,43.0,14.0,4.0,11.0,2.0,0.0
135,Serie A,2025,801,Pisa,123476,F. Stojilković,Filip,Stojilković,25.0,Switzerland,185,80,https://media.api-sports.io/football/players/123476.png,Attacker,13.0,8.0,659.0,6.46,0.0,0.0,9.0,4.0,68.0,2.0,72.0,2.0,1.0,,4.0,2.0,28.0,5.0,,8.0,0.0,0.0
135,Serie A,2025,523,Parma,286473,F. Carboni,Franco Ezequiel,Carboni,22.0,Argentina,190,83,https://media.api-sports.io/football/players/286473.png,Defender,7.0,1.0,123.0,6.5,0.0,0.0,,,30.0,,80.0,2.0,,2.0,4.0,1.0,15.0,6.0,,3.0,0.0,0.0
135,Serie A,2025,801,Pisa,298165,F. Loyola,Felipe Ignacio,Loyola Olea,25.0,Chile,180,76,https://media.api-sports.io/football/players/298165.png,Defender,11.0,6.0,538.0,6.44,1.0,0.0,4.0,1.0,216.0,4.0,87.0,10.0,1.0,7.0,6.0,3.0,49.0,16.0,2.0,8.0,0.0,1.0
135,Serie A,2025,523,Parma,301924,N. Elphege,Nesta,Elphege,24.0,France,196,82,https://media.api-sports.io/football/players/301924.png,Attacker,9.0,2.0,306.0,6.83,2.0,1.0,5.0,3.0,62.0,4.0,66.0,2.0,,,6.0,4.0,47.0,25.0,,3.0,0.0,0.0
135,Serie A,2025,492,Napoli,310943,Alisson Santos,Alisson,de Almeida Santos,23.0,Brazil,177,82,https://media.api-sports.io/football/players/310943.png,Attacker,14.0,9.0,836.0,7.32,4.0,0.0,22.0,16.0,286.0,14.0,82.0,20.0,1.0,2.0,57.0,34.0,119.0,66.0,8.0,4.0,1.0,0.0
135,Serie A,2025,490,Cagliari,404523,A. Albarracín,Agustín,Albarracín Basil,20.0,Uruguay,175,63,https://media.api-sports.io/football/players/404523.png,Attacker,2.0,0.0,31.0,6.55,0.0,0.0,,,16.0,,87.0,,,,1.0,,5.0,3.0,3.0,,0.0,0.0
135,Serie A,2025,495,Genoa,405239,Alexsandro Amorim,Alexsandro,Amorim de Freitas Filho,20.0,Brazil,177,68,https://media.api-sports.io/football/players/405239.png,Midfielder,11.0,6.0,561.0,6.76,0.0,0.0,,,282.0,11.0,85.0,16.0,2.0,8.0,9.0,7.0,72.0,42.0,18.0,7.0,1.0,0.0
135,Serie A,2025,487,Lazio,405241,A. Przyborek,Adrian,Przyborek,18.0,Poland,184,72,https://media.api-sports.io/football/players/405241.png,Midfielder,1.0,0.0,8.0,6.7,0.0,0.0,1.0,,8.0,,87.0,,,,,,,,,,0.0,0.0
135,Serie A,2025,494,Udinese,411171,J. Arizala,Juan David,Arizala Micolta,20.0,Colombia,176,74,https://media.api-sports.io/football/players/411171.png,Midfielder,10.0,1.0,197.0,6.65,0.0,0.0,1.0,1.0,75.0,1.0,89.0,8.0,,1.0,5.0,2.0,23.0,13.0,1.0,1.0,0.0,0.0
135,Serie A,2025,487,Lazio,431413,E. Motta,Edoardo,Motta,20.0,Italy,194,87,https://media.api-sports.io/football/players/431413.png,Goalkeeper,9.0,9.0,810.0,6.9,0.0,0.0,,,237.0,1.0,71.0,,,,,,7.0,4.0,1.0,1.0,1.0,0.0
135,Serie A,2025,497,AS Roma,472080,Mattia Della Rocca,Mattia,Della Rocca,19.0,Italy,,,https://media.api-sports.io/football/players/472080.png,Midfielder,0.0,0.0,,,0.0,0.0,,,,,,,,,,,,,,,0.0,0.0
135,Serie A,2025,520,Cremonese,492934,D. Pavesi,Davide,Pavesi,17.0,Italy,,,https://media.api-sports.io/football/players/492934.png,Defender,0.0,0.0,,,0.0,0.0,,,,,,,,,,,,,,,0.0,0.0
135,Serie A,2025,494,Udinese,507646,Branimir Mlačić,Branimir,Mlacic,19.0,Croatia,,,https://media.api-sports.io/football/players/507646.png,Defender,7.0,2.0,162.0,6.83,0.0,0.0,,,78.0,1.0,87.0,3.0,2.0,2.0,1.0,1.0,17.0,6.0,,4.0,2.0,0.0
135,Serie A,2025,496,Juventus,620060,R. Huli,,,17.0,,,,https://media.api-sports.io/football/players/620060.png,Goalkeeper,0.0,0.0,,,0.0,0.0,,,,,,,,,,,,,,,0.0,0.0
135,Serie A,2025,801,Pisa,635992,Tommaso Guizzo,,,17.0,,,,https://media.api-sports.io/football/players/635992.png,Goalkeeper,0.0,0.0,,,0.0,0.0,,,,,,,,,,,,,,,0.0,0.0
135,Serie A,2025,488,Sassuolo,943,U. Garcia,Ulisses Alexandre,Garcia Lopes,29.0,Switzerland,182,73,https://media.api-sports.io/football/players/943.png,Defender,13.0,10.0,943.0,6.89,1.0,2.0,1.0,1.0,445.0,13.0,86.0,17.0,4.0,8.0,6.0,2.0,70.0,27.0,2.0,11.0,3.0,0.0
135,Serie A,2025,504,Hellas Verona,126690,K. Bowie,Kieran,Bowie,23.0,Scotland,,,https://media.api-sports.io/football/players/126690.png,Attacker,14.0,14.0,1204.0,6.76,4.0,0.0,25.0,11.0,200.0,13.0,70.0,9.0,3.0,,15.0,5.0,185.0,71.0,27.0,34.0,1.0,0.0
135,Serie A,2025,505,Inter,161831,Iwo Kaczmarski,Iwo,Kaczmarski,21.0,Poland,183,,https://media.api-sports.io/football/players/161831.png,Midfielder,0.0,0.0,,,0.0,0.0,,,,,,,,,,,,,,,0.0,0.0
135,Serie A,2025,801,Pisa,162173,S. Iling-Junior,Samuel,Iling-Junior,22.0,England,182,74,https://media.api-sports.io/football/players/162173.png,Attacker,5.0,1.0,107.0,6.5,0.0,0.0,,,30.0,1.0,56.0,2.0,,,3.0,,12.0,2.0,,1.0,0.0,0.0
135,Serie A,2025,504,Hellas Verona,169297,A. Edmundsson,Andrias,Edmundsson,25.0,Faroe Islands,193,81,https://media.api-sports.io/football/players/169297.png,Defender,15.0,15.0,1320.0,6.89,0.0,0.0,4.0,1.0,524.0,2.0,75.0,26.0,14.0,27.0,2.0,1.0,137.0,72.0,7.0,13.0,3.0,0.0
135,Serie A,2025,504,Hellas Verona,194837,T. Suslov,Tomáš,Suslov,23.0,Slovakia,173,72,https://media.api-sports.io/football/players/194837.png,Midfielder,11.0,5.0,445.0,6.43,0.0,0.0,7.0,4.0,102.0,4.0,83.0,8.0,,1.0,17.0,4.0,59.0,24.0,12.0,9.0,1.0,1.0
135,Serie A,2025,497,AS Roma,286639,Bryan Zaragoza,Bryan,Zaragoza Martínez,24.0,Spain,164,61,https://media.api-sports.io/football/players/286639.png,Attacker,4.0,2.0,135.0,7,0.0,1.0,1.0,1.0,59.0,4.0,83.0,1.0,,,10.0,6.0,25.0,12.0,5.0,5.0,1.0,0.0
135,Serie A,2025,505,Inter,367878,L. Topalović,Luka,Topalović,19.0,Slovenia,186 cm,77 kg,https://media.api-sports.io/football/players/367878.png,Midfielder,1.0,0.0,9.0,6.6,0.0,1.0,,,5.0,1.0,60.0,,,,1.0,,2.0,,,,0.0,0.0
135,Serie A,2025,499,Atalanta,383017,D. Vavassori,Dominic,Vavassori,20.0,Italy,173 cm,60 kg,https://media.api-sports.io/football/players/383017.png,Attacker,1.0,0.0,9.0,6.6,0.0,0.0,,,2.0,,100.0,,,,,,3.0,2.0,1.0,1.0,0.0,0.0
135,Serie A,2025,496,Juventus,405298,N. Rizzo,Niccolò,Rizzo,18.0,Italy,186 cm,,https://media.api-sports.io/football/players/405298.png,Defender,0.0,0.0,,,0.0,0.0,,,,,,,,,,,,,,,0.0,0.0
135,Serie A,2025,490,Cagliari,419627,O. Raterink,Othniël,Raterink,19.0,Netherlands,189 cm,85 kg,https://media.api-sports.io/football/players/419627.png,Defender,1.0,0.0,12.0,6.7,0.0,0.0,,,6.0,,83.0,,,,,,,,,,0.0,0.0
135,Serie A,2025,488,Sassuolo,455245,D. Bakola,Darryl,Bakola,18.0,France,178,70,https://media.api-sports.io/football/players/455245.png,Midfielder,6.0,1.0,144.0,6.77,0.0,1.0,2.0,1.0,62.0,3.0,79.0,8.0,,1.0,6.0,3.0,25.0,16.0,3.0,2.0,0.0,0.0
135,Serie A,2025,895,Como,459029,A. Lahdo,Adrian Adriano,Lahdo,18.0,Sweden,,,https://media.api-sports.io/football/players/459029.png,Midfielder,0.0,0.0,,,0.0,0.0,,,,,,,,,,,,,,,0.0,0.0
135,Serie A,2025,497,AS Roma,483676,G. De Marzi,Giorgio,De Marzi,18.0,USA,182 cm,72 kg,https://media.api-sports.io/football/players/483676.png,Goalkeeper,0.0,0.0,,,0.0,0.0,,,,,,,,,,,,,,,0.0,0.0
135,Serie A,2025,523,Parma,575272,M. Mena,,,19.0,,,,https://media.api-sports.io/football/players/575272.png,Defender,0.0,0.0,,,0.0,0.0,,,,,,,,,,,,,,,0.0,0.0
135,Serie A,2025,502,Fiorentina,610724,P. Bonanno,,,18.0,,,,https://media.api-sports.io/football/players/610724.png,Midfielder,0.0,0.0,,,0.0,0.0,,,,,,,,,,,,,,,0.0,0.0
135,Serie A,2025,495,Genoa,616216,Mamedi Doucoure,,,18.0,,,,https://media.api-sports.io/football/players/616216.png,Defender,0.0,0.0,8.0,6.6,0.0,0.0,,,9.0,,100.0,,,,,,1.0,,,,0.0,0.0
135,Serie A,2025,504,Hellas Verona,620793,A. Popovic,,,19.0,,,,https://media.api-sports.io/football/players/620793.png,Defender,0.0,0.0,,,0.0,0.0,,,,,,,,,,,,,,,0.0,0.0
135,Serie A,2025,490,Cagliari,626704,P. Mendy,,,19.0,,,,https://media.api-sports.io/football/players/626704.png,Attacker,9.0,3.0,338.0,6.61,2.0,0.0,12.0,3.0,74.0,6.0,70.0,,1.0,1.0,5.0,2.0,77.0,24.0,4.0,12.0,1.0,0.0
135,Serie A,2025,801,Pisa,640703,Matteo Luppichini,,,,,,,https://media.api-sports.io/football/players/640703.png,Goalkeeper,0.0,0.0,,,0.0,0.0,,,,,,,,,,,,,,,0.0,0.0
135,Serie A,2025,490,Cagliari,341307,Ivan Stoyanov Sulev,Ivan,Stoyanov Sulev,19.0,Bulgaria,"
    ","
    ",https://media.api-sports.io/football/players/341307.png,Midfielder,0.0,0.0,,,0.0,0.0,,,,,,,,,,,,,,,0.0,0.0
135,Serie A,2025,499,Atalanta,392279,P. Pardel,Piotr,Pardel,20.0,Poland,,,https://media.api-sports.io/football/players/392279.png,Goalkeeper,0.0,0.0,,,0.0,0.0,,,,,,,,,,,,,,,0.0,0.0
135,Serie A,2025,495,Genoa,393926,Gaël Lafont,Gaël,Lafont,19.0,France,175,59,https://media.api-sports.io/football/players/393926.png,Midfielder,1.0,0.0,10.0,6.7,0.0,0.0,,,14.0,,92.0,,,,,,,,,,0.0,0.0
135,Serie A,2025,499,Atalanta,412695,Albert Navarro,Albert,Navarro Escriche,18.0,Spain,,,https://media.api-sports.io/football/players/412695.png,Defender,0.0,0.0,,,0.0,0.0,,,,,,,,,,,,,,,0.0,0.0
135,Serie A,2025,499,Atalanta,412893,S. Levak,Sergej,Levak,19.0,Croatia,,,https://media.api-sports.io/football/players/412893.png,Midfielder,0.0,0.0,,,0.0,0.0,,,,,,,,,,,,,,,0.0,0.0
135,Serie A,2025,502,Fiorentina,458413,P. Leonardelli,Pietro,Leonardelli,19.0,Italy,182 cm,74 kg,https://media.api-sports.io/football/players/458413.png,Goalkeeper,0.0,0.0,,,0.0,0.0,,,,,,,,,,,,,,,0.0,0.0
135,Serie A,2025,490,Cagliari,468711,N. Grandu,Nicola,Grandu,19.0,Italy,186 cm,,https://media.api-sports.io/football/players/468711.png,Attacker,0.0,0.0,,,0.0,0.0,,,,,,,,,,,,,,,0.0,0.0
135,Serie A,2025,504,Hellas Verona,576967,L. Szimionas,,,19.0,,,,https://media.api-sports.io/football/players/576967.png,Midfielder,0.0,0.0,,,0.0,0.0,,,,,,,,,,,,,,,0.0,0.0
135,Serie A,2025,500,Bologna,584426,F. Castaldo,,,18.0,,,,https://media.api-sports.io/football/players/584426.png,Attacker,0.0,0.0,,,0.0,0.0,,,,,,,,,,,,,,,0.0,0.0
135,Serie A,2025,496,Juventus,597936,R. Radu,,,18.0,,,,https://media.api-sports.io/football/players/597936.png,Goalkeeper,0.0,0.0,,,0.0,0.0,,,,,,,,,,,,,,,0.0,0.0
135,Serie A,2025,502,Fiorentina,610778,E. Sadotti,,,19.0,,,,https://media.api-sports.io/football/players/610778.png,Defender,0.0,0.0,,,0.0,0.0,,,,,,,,,,,,,,,0.0,0.0
135,Serie A,2025,520,Cremonese,616178,Simone Lottici Tessadri,,,19.0,,,,https://media.api-sports.io/football/players/616178.png,Midfielder,1.0,0.0,8.0,6.7,0.0,0.0,1.0,,2.0,,100.0,,,,,,,,,,0.0,0.0
135,Serie A,2025,520,Cremonese,616187,Nouroudine Faye,,,18.0,,,,https://media.api-sports.io/football/players/616187.png,Attacker,0.0,0.0,,,0.0,0.0,,,,,,,,,,,,,,,0.0,0.0
135,Serie A,2025,487,Lazio,616196,Giacomo Giacomone,,,17.0,,,,https://media.api-sports.io/football/players/616196.png,Goalkeeper,0.0,0.0,,,0.0,0.0,,,,,,,,,,,,,,,0.0,0.0
135,Serie A,2025,495,Genoa,616217,Kris Gecaj,,,16.0,,,,https://media.api-sports.io/football/players/616217.png,Defender,0.0,0.0,,,0.0,0.0,,,,,,,,,,,,,,,0.0,0.0
135,Serie A,2025,495,Genoa,616225,Jacopo Grossi,,,19.0,,,,https://media.api-sports.io/football/players/616225.png,Midfielder,1.0,0.0,21.0,6.7,0.0,0.0,,,14.0,,92.0,,,,,,1.0,,,,0.0,0.0
135,Serie A,2025,502,Fiorentina,626661,L. Deli,,,19.0,,,,https://media.api-sports.io/football/players/626661.png,Midfielder,0.0,0.0,,,0.0,0.0,,,,,,,,,,,,,,,0.0,0.0
135,Serie A,2025,490,Cagliari,626674,R. Malfitano,,,18.0,,,,https://media.api-sports.io/football/players/626674.png,Midfielder,0.0,0.0,,,0.0,0.0,,,,,,,,,,,,,,,0.0,0.0
135,Serie A,2025,504,Hellas Verona,626701,J. Peci,,,19.0,,,,https://media.api-sports.io/football/players/626701.png,Midfielder,0.0,0.0,,,0.0,0.0,,,,,,,,,,,,,,,0.0,0.0
135,Serie A,2025,495,Genoa,636538,W. L. Ouedraogo,,,18.0,,,,https://media.api-sports.io/football/players/636538.png,Defender,2.0,0.0,49.0,6.75,0.0,0.0,,,16.0,,62.0,5.0,,1.0,2.0,,12.0,7.0,2.0,2.0,0.0,0.0
135,Serie A,2025,487,Lazio,1775,S. Gigot,Samuel Florent,Thomas Gigot,32.0,France,187,83,https://media.api-sports.io/football/players/1775.png,Defender,0.0,0.0,,,0.0,0.0,,,,,,,,,,,,,,,0.0,0.0
135,Serie A,2025,503,Torino,343332,Zannetos Savva,Zannetos,Savva,20.0,Cyprus,188,,https://media.api-sports.io/football/players/343332.png,Attacker,0.0,0.0,,,0.0,0.0,,,,,,,,,,,,,,,0.0,0.0
135,Serie A,2025,489,AC Milan,448968,J. Sardo,Jacopo,Sardo,20.0,Italy,186,,https://media.api-sports.io/football/players/448968.png,Midfielder,0.0,0.0,,,0.0,0.0,,,,,,,,,,,,,,,0.0,0.0
135,Serie A,2025,495,Genoa,455883,F. Carbone,Filippo,Carbone,19.0,Italy,,,https://media.api-sports.io/football/players/455883.png,Midfielder,0.0,0.0,10.0,7.2,0.0,0.0,,,7.0,,100.0,3.0,,1.0,,,5.0,4.0,1.0,,0.0,0.0
135,Serie A,2025,489,AC Milan,496790,V. Vladimirov,Valeri,Ivanov Vladimirov,17.0,Bulgaria,,,https://media.api-sports.io/football/players/496790.png,Defender,0.0,0.0,,,0.0,0.0,,,,,,,,,,,,,,,0.0,0.0
135,Serie A,2025,520,Cremonese,498776,M. Cassin,Marco,Cassin,17.0,Italy,,,https://media.api-sports.io/football/players/498776.png,Goalkeeper,0.0,0.0,,,0.0,0.0,,,,,,,,,,,,,,,0.0,0.0
135,Serie A,2025,495,Genoa,554589,M. Romano,,,19.0,,,,https://media.api-sports.io/football/players/554589.png,Midfielder,0.0,0.0,,,0.0,0.0,,,,,,,,,,,,,,,0.0,0.0
135,Serie A,2025,895,Como,567667,S. Pisati,,,16.0,,,,https://media.api-sports.io/football/players/567667.png,Midfielder,0.0,0.0,,,0.0,0.0,,,,,,,,,,,,,,,0.0,0.0
135,Serie A,2025,502,Fiorentina,579241,G. Puzzoli,,,19.0,,,,https://media.api-sports.io/football/players/579241.png,Attacker,0.0,0.0,,,0.0,0.0,,,,,,,,,,,,,,,0.0,0.0
135,Serie A,2025,523,Parma,585335,G. Astaldi,,,19.0,,,,https://media.api-sports.io/football/players/585335.png,Goalkeeper,0.0,0.0,,,0.0,0.0,,,,,,,,,,,,,,,0.0,0.0
135,Serie A,2025,502,Fiorentina,610955,S. Cianciulli,,,,,,,https://media.api-sports.io/football/players/610955.png,Midfielder,0.0,0.0,,,0.0,0.0,,,,,,,,,,,,,,,0.0,0.0
135,Serie A,2025,500,Bologna,616143,Riccardo Gnudi,,,17.0,,,,https://media.api-sports.io/football/players/616143.png,Goalkeeper,0.0,0.0,,,0.0,0.0,,,,,,,,,,,,,,,0.0,0.0
135,Serie A,2025,487,Lazio,616197,Nicolo Pannozzo,,,17.0,,,,https://media.api-sports.io/football/players/616197.png,Goalkeeper,0.0,0.0,,,0.0,0.0,,,,,,,,,,,,,,,0.0,0.0
135,Serie A,2025,495,Genoa,616219,Klisys,,,18.0,,,,https://media.api-sports.io/football/players/616219.png,Defender,0.0,0.0,,,0.0,0.0,,,,,,,,,,,,,,,0.0,0.0
135,Serie A,2025,495,Genoa,616228,Daniel Ndulue,,,18.0,,,,https://media.api-sports.io/football/players/616228.png,Attacker,0.0,0.0,,,0.0,0.0,,,,,,,,,,,,,,,0.0,0.0
135,Serie A,2025,495,Genoa,616229,Elia Spicuglia,,,18.0,,,,https://media.api-sports.io/football/players/616229.png,Attacker,0.0,0.0,,,0.0,0.0,,,,,,,,,,,,,,,0.0,0.0
135,Serie A,2025,497,AS Roma,626713,M. Seck,,,19.0,,,,https://media.api-sports.io/football/players/626713.png,Defender,0.0,0.0,,,0.0,0.0,,,,,,,,,,,,,,,0.0,0.0
135,Serie A,2025,502,Fiorentina,631204,Pirro,,,17.0,,,,https://media.api-sports.io/football/players/631204.png,Midfielder,0.0,0.0,,,0.0,0.0,,,,,,,,,,,,,,,0.0,0.0
135,Serie A,2025,520,Cremonese,635925,T. Vigilati,,,18.0,,,,https://media.api-sports.io/football/players/635925.png,Defender,0.0,0.0,,,0.0,0.0,,,,,,,,,,,,,,,0.0,0.0
135,Serie A,2025,895,Como,662278,R. Cassano,,,17.0,,,,https://media.api-sports.io/football/players/662278.png,Midfielder,0.0,0.0,,,0.0,0.0,,,,,,,,,,,,,,,0.0,0.0
135,Serie A,2025,801,Pisa,129790,Tomás Esteves,Tomás,do Lago Pontes Esteves,24.0,Portugal,180,72,https://media.api-sports.io/football/players/129790.png,Defender,1.0,0.0,13.0,6.300000,,0.0,,,5.0,,,,,,,,1.0,1.0,,,0.0,0.0
135,Serie A,2025,504,Hellas Verona,364415,Jesús Santiago,Jesús,Santiago Pérez,22.0,Spain,192,78,https://media.api-sports.io/football/players/364415.png,Midfielder,2.0,1.0,11.0,6.900000,,0.0,2.0,1.0,7.0,1.0,,2.0,,,1.0,1.0,5.0,4.0,1.0,,0.0,0.0
135,Serie A,2025,490,Cagliari,626706,A. Russo,,,19.0,,,,https://media.api-sports.io/football/players/626706.png,Midfielder,0.0,0.0,,,0.0,0.0,,,,,,,,,,,,,,,0.0,0.0
135,Serie A,2025,488,Sassuolo,626711,G. Vezzosi,,,18.0,,,,https://media.api-sports.io/football/players/626711.png,Defender,0.0,0.0,,,0.0,0.0,,,,,,,,,,,,,,,0.0,0.0
135,Serie A,2025,523,Parma,637969,A. Mazzocchi,,,17.0,,,,https://media.api-sports.io/football/players/637969.png,Goalkeeper,0.0,0.0,,,0.0,0.0,,,,,,,,,,,,,,,0.0,0.0
135,Serie A,2025,488,Sassuolo,663096,N. Baffoh,,,18.0,,,,https://media.api-sports.io/football/players/663096.png,Midfielder,0.0,0.0,,,0.0,0.0,,,,,,,,,,,,,,,0.0,0.0
78,Bundesliga,2025,162,Werder Bremen,3013,D. Kownacki,Dawid Igor,Kownacki,28.0,Poland,186,75,https://media.api-sports.io/football/players/3013.png,Attacker,,,,,,,,,,,,,,,,,,,,,,
78,Bundesliga,2025,169,Eintracht Frankfurt,14276,H. Smolčić,Hrvoje,Smolčić,25.0,Croatia,183,80,https://media.api-sports.io/football/players/14276.png,Defender,,,,,,,,,,,,,,,,,,,,,,
78,Bundesliga,2025,163,Borussia Mönchengladbach,22148,N. Ngoumou,Nathan,Ngoumou Minpole,25.0,France,182,70,https://media.api-sports.io/football/players/22148.png,Midfielder,,,,,,,,,,,,,,,,,,,,,,
78,Bundesliga,2025,165,Borussia Dortmund,24894,D. Ramaj,Diant,Ramaj,24.0,Germany,189,81,https://media.api-sports.io/football/players/24894.png,Goalkeeper,4.0,4.0,360.0,7.425000,,0.0,,,193.0,,,,,,,,6.0,3.0,1.0,2.0,1.0,0.0
78,Bundesliga,2025,180,1. FC Heidenheim,24894,D. Ramaj,Diant,Ramaj,24.0,Germany,189,81,https://media.api-sports.io/football/players/24894.png,Goalkeeper,31.0,31.0,2790.0,6.98,0.0,1.0,,,1531.0,1.0,65.0,1.0,,,,,21.0,15.0,2.0,2.0,2.0,0.0
78,Bundesliga,2025,192,1. FC Köln,25178,L. Paqarada,Leart,Paqarada,31.0,Kosovo,184,76,https://media.api-sports.io/football/players/25178.png,Defender,2.0,2.0,7.0,,,0.0,,,2.0,,,,,,,,1.0,,,,0.0,0.0
78,Bundesliga,2025,180,1. FC Heidenheim,25178,L. Paqarada,Leart,Paqarada,31.0,Kosovo,184,76,https://media.api-sports.io/football/players/25178.png,Defender,1.0,1.0,7.0,,0.0,0.0,,,2.0,,100.0,,,,,,1.0,,,,0.0,0.0
78,Bundesliga,2025,161,VfL Wolfsburg,30527,Rogério,Rogério,Oliveira da Silva,27.0,Brazil,178,70,https://media.api-sports.io/football/players/30527.png,Defender,,,,,,,,,,,,,,,,,,,,,,
78,Bundesliga,2025,175,Hamburger SV,40533,Ł. Poręba,Łukasz,Poręba,25.0,Poland,179,76,https://media.api-sports.io/football/players/40533.png,Midfielder,,,,,,,,,,,,,,,,,,,,,,
78,Bundesliga,2025,175,Hamburger SV,48475,S. Hefti,Silvan,Hefti,28.0,Switzerland,182,76,https://media.api-sports.io/football/players/48475.png,Defender,,,,,,,,,,,,,,,,,,,,,,
78,Bundesliga,2025,169,Eintracht Frankfurt,90594,J. Dina Ebimbe,Éric Junior,Dina Ebimbe,25.0,France,183,76,https://media.api-sports.io/football/players/90594.png,Midfielder,,,,,,,,,,,,,,,,,,,,,,
78,Bundesliga,2025,157,Bayern München,126530,Daniel Peretz,Daniel,Peretz,25.0,Israel,195,89,https://media.api-sports.io/football/players/126530.png,Goalkeeper,4.0,2.0,,,,,,,,,,,,,,,,,,,0.0,0.0
78,Bundesliga,2025,175,Hamburger SV,126530,Daniel Peretz,Daniel,Peretz,25.0,Israel,195,89,https://media.api-sports.io/football/players/126530.png,Goalkeeper,0.0,0.0,,,0.0,0.0,,,,,,,,,,,,,,,0.0,0.0
78,Bundesliga,2025,180,1. FC Heidenheim,128849,M. Breunig,Maximilian,Breunig,25.0,Germany,195,78,https://media.api-sports.io/football/players/128849.png,Attacker,,,,,,,,,,,,,,,,,,,,,,
78,Bundesliga,2025,165,Borussia Dortmund,280463,S. Ostrzinski,Silas,Ostrzinski,22.0,Germany,198,86,https://media.api-sports.io/football/players/280463.png,Goalkeeper,,,,,,,,,,,,,,,,,,,,,,
78,Bundesliga,2025,180,1. FC Heidenheim,327887,Luka Janes,Luka,Janes,21.0,Germany,183,73,https://media.api-sports.io/football/players/327887.png,Midfielder,,,,,,,,,,,,,,,,,,,,,,
78,Bundesliga,2025,157,Bayern München,327897,A. Ibrahimović,Arijon,Ibrahimović,20.0,Germany,176,69,https://media.api-sports.io/football/players/327897.png,Midfielder,4.0,4.0,288.0,6.375000,,0.0,5.0,4.0,89.0,5.0,,4.0,,1.0,6.0,2.0,27.0,12.0,1.0,2.0,0.0,0.0
78,Bundesliga,2025,180,1. FC Heidenheim,327897,A. Ibrahimović,Arijon,Ibrahimović,20.0,Germany,176,69,https://media.api-sports.io/football/players/327897.png,Attacker,32.0,25.0,2181.0,6.8,2.0,4.0,33.0,19.0,813.0,56.0,72.0,34.0,5.0,23.0,51.0,23.0,249.0,109.0,27.0,13.0,2.0,0.0
78,Bundesliga,2025,173,RB Leipzig,340154,A. Vermeeren,Arthur Denis,Vermeeren,20.0,Belgium,180,76,https://media.api-sports.io/football/players/340154.png,Midfielder,,,,,,,,,,,,,,,,,,,,,,
78,Bundesliga,2025,175,Hamburger SV,380937,J. Agyekum,Joel,Agyekum,20.0,Germany,186,79,https://media.api-sports.io/football/players/380937.png,Defender,,,,,,,,,,,,,,,,,,,,,,
78,Bundesliga,2025,169,Eintracht Frankfurt,387534,Noah Dávid Gabriel Fenyö,Noah Dávid Gabriel,Fenyö,19.0,Germany,182,72,https://media.api-sports.io/football/players/387534.png,Midfielder,,,,,,,,,,,,,,,,,,,,,,
78,Bundesliga,2025,175,Hamburger SV,416268,Fernando Dickes,Fernando,Dickes,18.0,Germany,193,89,https://media.api-sports.io/football/players/416268.png,Goalkeeper,,,,,,,,,,,,,,,,,,,,,,
78,Bundesliga,2025,161,VfL Wolfsburg,442629,J. Zieliński,Jakub,Zieliński,17.0,Poland,192,,https://media.api-sports.io/football/players/442629.png,Goalkeeper,,,,,,,,,,,,,,,,,,,,,,
78,Bundesliga,2025,173,RB Leipzig,469695,V. Gebel,Viggo,Gebel,18.0,Germany,174,69,https://media.api-sports.io/football/players/469695.png,Midfielder,,,,,,,,,,,,,,,,,,,,,,
78,Bundesliga,2025,167,1899 Hoffenheim,718,D. Geiger,Dennis,Geiger,27.0,Germany,173,67,https://media.api-sports.io/football/players/718.png,Midfielder,,,,,,,,,,,,,,,,,,,,,,
78,Bundesliga,2025,160,SC Freiburg,25383,F. Muslija,Florent,Muslija,27.0,Kosovo,172,65,https://media.api-sports.io/football/players/25383.png,Midfielder,,,,,,,,,,,,,,,,,,,,,,
78,Bundesliga,2025,172,VfB Stuttgart,178093,Y. Keitel,Yannik,Keitel,25.0,Germany,186,84,https://media.api-sports.io/football/players/178093.png,Midfielder,,,,,,,,,,,,,,,,,,,,,,
78,Bundesliga,2025,170,FC Augsburg,178093,Y. Keitel,Yannik,Keitel,25.0,Germany,186,84,https://media.api-sports.io/football/players/178093.png,Midfielder,6.0,2.0,247.0,6.67,0.0,0.0,,,89.0,,80.0,6.0,4.0,2.0,,,26.0,15.0,2.0,3.0,2.0,0.0
78,Bundesliga,2025,170,FC Augsburg,202755,T. Breithaupt,Tim,Breithaupt,23.0,Germany,192,74,https://media.api-sports.io/football/players/202755.png,Midfielder,,,,,,,,,,,,,,,,,,,,,,
78,Bundesliga,2025,186,FC St. Pauli,203324,S. Spari,Simon Emil,Spari,23.0,Austria,196,77,https://media.api-sports.io/football/players/203324.png,Goalkeeper,,,,,,,,,,,,,,,,,,,,,,
78,Bundesliga,2025,157,Bayern München,280339,A. Sieb,Armindo,Sieb,22.0,Germany,175,75,https://media.api-sports.io/football/players/280339.png,Attacker,4.0,2.0,137.0,6.750000,1.0,0.0,5.0,2.0,31.0,2.0,,,,,2.0,2.0,20.0,6.0,1.0,3.0,1.0,0.0
78,Bundesliga,2025,164,FSV Mainz 05,280339,A. Sieb,Armindo,Sieb,22.0,Germany,175,75,https://media.api-sports.io/football/players/280339.png,Attacker,22.0,3.0,553.0,6.5,2.0,0.0,12.0,6.0,147.0,9.0,69.0,7.0,,1.0,18.0,6.0,97.0,27.0,2.0,16.0,1.0,0.0
78,Bundesliga,2025,172,VfB Stuttgart,287927,J. Diehl,Justin,Diehl,21.0,Germany,174,67,https://media.api-sports.io/football/players/287927.png,Attacker,,,,,,,,,,,,,,,,,,,,,,
78,Bundesliga,2025,167,1899 Hoffenheim,288097,L. Petersson,Lúkas Jóhannes,Blöndal Petersson,21.0,Iceland,193,91,https://media.api-sports.io/football/players/288097.png,Goalkeeper,,,,,,,,,,,,,,,,,,,,,,
78,Bundesliga,2025,170,FC Augsburg,322508,Y. Kabadayı,Yusuf Karhan,Kabadayı,22.0,Germany,186,75,https://media.api-sports.io/football/players/322508.png,Forward,,,,,,,,,,,,,,,,,,,,,,
78,Bundesliga,2025,167,1899 Hoffenheim,327861,T. Drexler,Tim,Drexler,20.0,Germany,183,78,https://media.api-sports.io/football/players/327861.png,Defender,,,,,,,,,,,,,,,,,,,,,,
78,Bundesliga,2025,170,FC Augsburg,328019,M. Kücüksahin,Mahmut,Kücüksahin,21.0,Türkiye,175,70,https://media.api-sports.io/football/players/328019.png,Midfielder,,,,,,,,,,,,,,,,,,,,,,
78,Bundesliga,2025,167,1899 Hoffenheim,353143,Hennes Behrens,Hennes,Behrens,20.0,Germany,175,70,https://media.api-sports.io/football/players/353143.png,Midfielder,,,,,,,,,,,,,,,,,,,,,,
78,Bundesliga,2025,180,1. FC Heidenheim,353143,Hennes Behrens,Hennes,Behrens,20.0,Germany,175,70,https://media.api-sports.io/football/players/353143.png,Midfielder,16.0,15.0,1319.0,6.89,1.0,2.0,5.0,4.0,470.0,18.0,72.0,28.0,7.0,16.0,21.0,15.0,137.0,84.0,27.0,5.0,0.0,0.0
78,Bundesliga,2025,167,1899 Hoffenheim,368260,G. Orban,Gift Emmanuel,Orban,23.0,Nigeria,178,73,https://media.api-sports.io/football/players/368260.png,Attacker,2.0,2.0,169.0,6.550000,1.0,0.0,12.0,6.0,37.0,2.0,,1.0,,1.0,1.0,1.0,16.0,5.0,,5.0,1.0,0.0
78,Bundesliga,2025,164,FSV Mainz 05,394735,Maxim Bora Dal,Maxim Bora,Dal,19.0,Germany,189,85,https://media.api-sports.io/football/players/394735.png,Defender,,,,,,,,,,,,,,,,,,,,,,
78,Bundesliga,2025,163,Borussia Mönchengladbach,405112,S. Fukuda,Shio,Fukuda,21.0,Japan,178,70,https://media.api-sports.io/football/players/405112.png,Attacker,,,,,,,,,,,,,,,,,,,,,,
78,Bundesliga,2025,172,VfB Stuttgart,409750,Florian Hellstern,Florian,Hellstern,18.0,Germany,,,https://media.api-sports.io/football/players/409750.png,Goalkeeper,,,,,,,,,,,,,,,,,,,,,,
78,Bundesliga,2025,164,FSV Mainz 05,427056,K. Bos,Kasey,Bos,21.0,Australia,186,76,https://media.api-sports.io/football/players/427056.png,Attacker,,,,,,,,,,,,,,,,,,,,,,
78,Bundesliga,2025,186,FC St. Pauli,449985,Marwin Reiner Ian Schmitz,Marwin Reiner Ian,Schmitz,18.0,Germany,180,70,https://media.api-sports.io/football/players/449985.png,Midfielder,,,,,,,,,,,,,,,,,,,,,,
78,Bundesliga,2025,170,FC Augsburg,468698,Felix Meiser,Felix,Meiser,18.0,Germany,189,78,https://media.api-sports.io/football/players/468698.png,Defender,,,,,,,,,,,,,,,,,,,,,,
78,Bundesliga,2025,172,VfB Stuttgart,478610,M. Catovic,Mirza,Catovic,18.0,Serbia,190,88,https://media.api-sports.io/football/players/478610.png,Midfielder,,,,,,,,,,,,,,,,,,,,,,
78,Bundesliga,2025,167,1899 Hoffenheim,270,S. Nsoki,Stanley Pierre,Nsoki,26.0,France,184,77,https://media.api-sports.io/football/players/270.png,Defender,,,,,,,,,,,,,,,,,,,,,,
78,Bundesliga,2025,182,Union Berlin,270,S. Nsoki,Stanley Pierre,Nsoki,26.0,France,184,77,https://media.api-sports.io/football/players/270.png,Defender,13.0,10.0,823.0,6.58,1.0,2.0,2.0,1.0,323.0,4.0,69.0,13.0,2.0,19.0,6.0,4.0,64.0,42.0,8.0,8.0,2.0,0.0
78,Bundesliga,2025,182,Union Berlin,24962,L. Bénes,László,Bénes,28.0,Slovakia,181,75,https://media.api-sports.io/football/players/24962.png,Midfielder,,,,,,,,,,,,,,,,,,,,,,
78,Bundesliga,2025,164,FSV Mainz 05,25307,M. Richter,Marco,Richter,28.0,Germany,176,74,https://media.api-sports.io/football/players/25307.png,Midfielder,,,,,,,,,,,,,,,,,,,,,,
78,Bundesliga,2025,160,SC Freiburg,25530,D. Kyereh,Daniel-Kofi,Kyereh,29.0,Ghana,179,74,https://media.api-sports.io/football/players/25530.png,Midfielder,,,,,,,,,,,,,,,,,,,,,,
78,Bundesliga,2025,161,VfL Wolfsburg,40560,J. Kamiński,Jakub Piotr,Kamiński,24.0,Poland,179,64,https://media.api-sports.io/football/players/40560.png,Midfielder,4.0,4.0,360.0,7.300000,2.0,0.0,7.0,4.0,114.0,9.0,,2.0,1.0,2.0,4.0,3.0,28.0,12.0,3.0,1.0,0.0,0.0
78,Bundesliga,2025,192,1. FC Köln,40560,J. Kamiński,Jakub Piotr,Kamiński,24.0,Poland,179,64,https://media.api-sports.io/football/players/40560.png,Midfielder,37.0,37.0,3289.0,7.151351,9.0,3.0,50.0,30.0,1100.0,60.0,,45.0,10.0,26.0,53.0,27.0,268.0,120.0,31.0,16.0,4.0,0.0
78,Bundesliga,2025,163,Borussia Mönchengladbach,80434,T. Čvančara,Tomáš,Čvančara,25.0,Czechia,190,79,https://media.api-sports.io/football/players/80434.png,Forward,,,,,,,,,,,,,,,,,,,,,,
78,Bundesliga,2025,192,1. FC Köln,80497,I. Rondić,Imad,Rondić,26.0,Bosnia and Herzegovina,190,83,https://media.api-sports.io/football/players/80497.png,Attacker,,,,,,,,,,,,,,,,,,,,,,
78,Bundesliga,2025,170,FC Augsburg,119685,D. Čolina,David,Čolina,25.0,Croatia,174,68,https://media.api-sports.io/football/players/119685.png,Defender,,,,,,,,,,,,,,,,,,,,,,
78,Bundesliga,2025,167,1899 Hoffenheim,128350,E. Yardımcı,Erencan,Yardımcı,24.0,Türkiye,188,80,https://media.api-sports.io/football/players/128350.png,Forward,,,,,,,,,,,,,,,,,,,,,,
78,Bundesliga,2025,160,SC Freiburg,202844,N. Weißhaupt,Noah Raphael,Weißhaupt,24.0,Germany,181,72,https://media.api-sports.io/football/players/202844.png,Midfielder,,,,,,,,,,,,,,,,,,,,,,
78,Bundesliga,2025,182,Union Berlin,286728,Y. Stein,Yannic,Stein,21.0,Germany,190,90,https://media.api-sports.io/football/players/286728.png,Goalkeeper,,,,,,,,,,,,,,,,,,,,,,
78,Bundesliga,2025,170,FC Augsburg,319858,H. Koudossou,Henri,Koudossou,26.0,Germany,180,76,https://media.api-sports.io/football/players/319858.png,Defender,,,,,,,,,,,,,,,,,,,,,,
78,Bundesliga,2025,157,Bayern München,330612,T. Buchmann,Tarek,Buchmann,20.0,Germany,188,79,https://media.api-sports.io/football/players/330612.png,Defender,,,,,,,,,,,,,,,,,,,,,,
78,Bundesliga,2025,169,Eintracht Frankfurt,342442,K. Lisztes,Krisztián,Lisztes,20.0,Hungary,183,72,https://media.api-sports.io/football/players/342442.png,Attacker,,,,,,,,,,,,,,,,,,,,,,
78,Bundesliga,2025,192,1. FC Köln,356491,E. Kujović,Emin,Kujović,21.0,Montenegro,190,88,https://media.api-sports.io/football/players/356491.png,Midfielder,,,,,,,,,,,,,,,,,,,,,,
78,Bundesliga,2025,162,Werder Bremen,375806,S. Smarkalev,Stefan,Stefanov Smarkalev,18.0,Bulgaria,188,,https://media.api-sports.io/football/players/375806.png,Goalkeeper,,,,,,,,,,,,,,,,,,,,,,
78,Bundesliga,2025,192,1. FC Köln,380860,Neo Telle,Neo,Telle,20.0,Germany,183,75,https://media.api-sports.io/football/players/380860.png,Defender,,,,,,,,,,,,,,,,,,,,,,
78,Bundesliga,2025,192,1. FC Köln,392761,Julian Andreas Pauli,Julian Andreas,Pauli,20.0,Germany,190,87,https://media.api-sports.io/football/players/392761.png,Defender,,,,,,,,,,,,,,,,,,,,,,
78,Bundesliga,2025,192,1. FC Köln,394733,Fayssal Harchaoui,Fayssal,Harchaoui,19.0,Germany,175,74,https://media.api-sports.io/football/players/394733.png,Midfielder,,,,,,,,,,,,,,,,,,,,,,
78,Bundesliga,2025,162,Werder Bremen,432519,Salim Amani Musah,Salim Amani,Musah,19.0,Germany,,,https://media.api-sports.io/football/players/432519.png,Attacker,,,,,,,,,,,,,,,,,,,,,,
78,Bundesliga,2025,157,Bayern München,184,H. Kane,Harry Edward,Kane,32.0,England,188,86,https://media.api-sports.io/football/players/184.png,Attacker,31.0,25.0,2382.0,7.87,36.0,5.0,91.0,67.0,727.0,40.0,81.0,19.0,6.0,8.0,51.0,32.0,239.0,126.0,32.0,25.0,1.0,0.0
78,Bundesliga,2025,157,Bayern München,497,M. Neuer,Manuel Peter,Neuer,39.0,Germany,193,93,https://media.api-sports.io/football/players/497.png,Goalkeeper,22.0,22.0,1860.0,6.9,0.0,0.0,,,705.0,,81.0,,,,,,3.0,3.0,2.0,,0.0,0.0
78,Bundesliga,2025,157,Bayern München,502,J. Kimmich,Joshua Walter,Kimmich,30.0,Germany,177,75,https://media.api-sports.io/football/players/502.png,Midfielder,29.0,24.0,2280.0,7.74,2.0,8.0,22.0,10.0,2650.0,57.0,92.0,32.0,6.0,25.0,18.0,11.0,134.0,71.0,21.0,8.0,4.0,0.0
78,Bundesliga,2025,157,Bayern München,510,S. Gnabry,Serge David,Gnabry,30.0,Germany,176,77,https://media.api-sports.io/football/players/510.png,Midfielder,21.0,16.0,1228.0,7.08,8.0,6.0,35.0,17.0,649.0,23.0,89.0,18.0,1.0,4.0,34.0,16.0,96.0,40.0,6.0,9.0,1.0,0.0
78,Bundesliga,2025,157,Bayern München,511,L. Goretzka,Leon Christoph,Goretzka,30.0,Germany,189,82,https://media.api-sports.io/football/players/511.png,Midfielder,31.0,25.0,1954.0,7.13,5.0,3.0,23.0,11.0,1618.0,22.0,91.0,29.0,8.0,26.0,14.0,11.0,160.0,78.0,16.0,15.0,4.0,0.0
78,Bundesliga,2025,157,Bayern München,972,J. Tah,Jonathan,Glao Tah,29.0,Germany,195,94,https://media.api-sports.io/football/players/972.png,Defender,28.0,23.0,2024.0,7.27,2.0,1.0,7.0,5.0,1897.0,5.0,96.0,24.0,21.0,26.0,5.0,3.0,129.0,76.0,6.0,26.0,7.0,0.0
78,Bundesliga,2025,157,Bayern München,1149,D. Upamecano,Dayotchanculle Oswald,Upamecano,27.0,France,186,90,https://media.api-sports.io/football/players/1149.png,Defender,24.0,21.0,1797.0,7.22,1.0,1.0,6.0,2.0,1649.0,11.0,92.0,44.0,5.0,19.0,10.0,4.0,151.0,87.0,5.0,15.0,4.0,0.0
78,Bundesliga,2025,157,Bayern München,1157,K. Laimer,Konrad,Laimer,28.0,Austria,180,72,https://media.api-sports.io/football/players/1157.png,Defender,29.0,22.0,1997.0,6.82,3.0,9.0,15.0,8.0,1378.0,44.0,90.0,46.0,6.0,17.0,36.0,14.0,200.0,84.0,9.0,29.0,9.0,0.0
78,Bundesliga,2025,157,Bayern München,2195,S. Boey,Sacha,Boey,25.0,France,178,70,https://media.api-sports.io/football/players/2195.png,Defender,9.0,5.0,462.0,6.47,0.0,0.0,2.0,,293.0,4.0,86.0,6.0,,5.0,9.0,1.0,48.0,20.0,8.0,10.0,1.0,0.0
78,Bundesliga,2025,157,Bayern München,2489,L. Díaz,Luis Fernando,Díaz Marulanda,28.0,Colombia,178,65,https://media.api-sports.io/football/players/2489.png,Midfielder,32.0,27.0,2450.0,7.28,15.0,14.0,64.0,37.0,1290.0,66.0,85.0,21.0,2.0,14.0,125.0,61.0,313.0,132.0,38.0,35.0,6.0,0.0
78,Bundesliga,2025,157,Bayern München,2897,Kim Min-Jae,Min-Jae,Kim,29.0,Korea Republic,190,88,https://media.api-sports.io/football/players/2897.png,Defender,25.0,19.0,1621.0,7.23,1.0,1.0,4.0,3.0,1580.0,5.0,94.0,22.0,18.0,39.0,2.0,1.0,115.0,72.0,3.0,9.0,1.0,0.0
78,Bundesliga,2025,157,Bayern München,19617,M. Olise,Michael Akpovie,Olise,24.0,France,184,76,https://media.api-sports.io/football/players/19617.png,Midfielder,32.0,23.0,2317.0,7.89,15.0,19.0,71.0,50.0,1558.0,81.0,84.0,24.0,1.0,13.0,138.0,65.0,330.0,155.0,58.0,32.0,8.0,0.0
78,Bundesliga,2025,164,FSV Mainz 05,26519,Hong Hyun-Seok,Hyun-Seok,Hong,26.0,Korea Republic,175,66,https://media.api-sports.io/football/players/26519.png,Midfielder,,,,,,,,,,,,,,,,,,,,,,
78,Bundesliga,2025,157,Bayern München,41104,João Palhinha,João Maria,Lobo Alves Palhinha Gonçalves,30.0,Portugal,190,84,https://media.api-sports.io/football/players/41104.png,Midfielder,,,,,,,,,,,,,,,,,,,,,,
78,Bundesliga,2025,157,Bayern München,125171,J. Stanišić,Josip,Stanišić,25.0,Croatia,186,77,https://media.api-sports.io/football/players/125171.png,Defender,26.0,19.0,1855.0,6.92,2.0,3.0,7.0,4.0,1258.0,24.0,89.0,28.0,8.0,18.0,16.0,10.0,129.0,73.0,11.0,8.0,1.0,0.0
78,Bundesliga,2025,161,VfL Wolfsburg,127413,A. Vranckx,Aster Jan,Vranckx,23.0,Belgium,183,78,https://media.api-sports.io/football/players/127413.png,Midfielder,3.0,3.0,202.0,6.766666,,0.0,,,73.0,1.0,,4.0,,,4.0,3.0,24.0,16.0,8.0,3.0,1.0,0.0
78,Bundesliga,2025,168,Bayer Leverkusen,138804,M. Kovář,Matěj,Kovář,25.0,Czech Republic,196,88,https://media.api-sports.io/football/players/138804.png,Goalkeeper,,,,,,,,,,,,,,,,,,,,,,
78,Bundesliga,2025,157,Bayern München,328033,A. Pavlović,Aleksandar,Pavlović,21.0,Germany,188,75,https://media.api-sports.io/football/players/328033.png,Midfielder,24.0,16.0,1460.0,7.19,3.0,1.0,8.0,5.0,1595.0,21.0,94.0,26.0,8.0,14.0,8.0,4.0,107.0,51.0,10.0,19.0,2.0,0.0
78,Bundesliga,2025,168,Bayer Leverkusen,389035,Farid Alfa-Ruprecht,Farid,Alfa-Ruprecht,19.0,Germany,175,75,https://media.api-sports.io/football/players/389035.png,Attacker,,,,,,,,,,,,,,,,,,,,,,
78,Bundesliga,2025,157,Bayern München,494131,L. Karl,Lennart,Karl,17.0,Germany,168,67,https://media.api-sports.io/football/players/494131.png,Midfielder,26.0,16.0,1282.0,6.84,5.0,5.0,37.0,21.0,816.0,24.0,85.0,25.0,2.0,14.0,66.0,22.0,161.0,59.0,11.0,5.0,1.0,0.0
78,Bundesliga,2025,157,Bayern München,8,Raphaël Guerreiro,Raphaël Adelino José,Guerreiro,32.0,Portugal,170,71,https://media.api-sports.io/football/players/8.png,Defender,18.0,8.0,803.0,6.78,5.0,2.0,10.0,5.0,525.0,18.0,89.0,7.0,1.0,2.0,14.0,3.0,44.0,14.0,2.0,3.0,0.0,0.0
78,Bundesliga,2025,173,RB Leipzig,86,L. Openda,Ikoma-Loïs,Openda,25.0,Belgium,177,75,https://media.api-sports.io/football/players/86.png,Attacker,2.0,1.0,55.0,6.8,0.0,0.0,,,15.0,1.0,86.0,,,,3.0,1.0,6.0,4.0,3.0,,0.0,0.0
78,Bundesliga,2025,157,Bayern München,498,S. Ulreich,Sven,Ulreich,37.0,Germany,192,87,https://media.api-sports.io/football/players/498.png,Goalkeeper,1.0,1.0,90.0,7.7,0.0,0.0,,,38.0,,47.0,,,,,,1.0,1.0,1.0,,1.0,0.0
78,Bundesliga,2025,173,RB Leipzig,715,C. Baumgartner,Christoph,Baumgartner,26.0,Austria,180,73,https://media.api-sports.io/football/players/715.png,Midfielder,33.0,32.0,2789.0,6.92,13.0,8.0,70.0,35.0,1120.0,37.0,75.0,54.0,4.0,21.0,33.0,13.0,356.0,159.0,33.0,63.0,10.0,0.0
78,Bundesliga,2025,173,RB Leipzig,1095,X. Schlager,Xaver,Schlager,28.0,Austria,174,76,https://media.api-sports.io/football/players/1095.png,Midfielder,26.0,21.0,1837.0,6.93,3.0,1.0,11.0,7.0,1060.0,21.0,86.0,37.0,2.0,8.0,32.0,22.0,183.0,96.0,16.0,25.0,6.0,0.0
78,Bundesliga,2025,173,RB Leipzig,1139,P. Gulácsi,Péter,Gulácsi,35.0,Hungary,191,86,https://media.api-sports.io/football/players/1139.png,Goalkeeper,23.0,23.0,2009.0,6.9,0.0,0.0,,,727.0,,82.0,,,,,,4.0,2.0,,,1.0,0.0
78,Bundesliga,2025,173,RB Leipzig,1148,W. Orbán,Vilmos Tamás,Orbán,33.0,Hungary,186,87,https://media.api-sports.io/football/players/1148.png,Defender,33.0,33.0,2950.0,7.27,2.0,0.0,16.0,9.0,2293.0,11.0,89.0,47.0,36.0,42.0,8.0,6.0,316.0,212.0,23.0,21.0,4.0,0.0
78,Bundesliga,2025,173,RB Leipzig,7328,N. Seiwald,Nicolas,Seiwald,24.0,Austria,179,79,https://media.api-sports.io/football/players/7328.png,Midfielder,33.0,31.0,2703.0,6.88,0.0,2.0,13.0,7.0,1444.0,15.0,88.0,66.0,10.0,56.0,11.0,8.0,187.0,113.0,6.0,18.0,2.0,0.0
78,Bundesliga,2025,173,RB Leipzig,25158,D. Raum,David,Raum,27.0,Germany,180,75,https://media.api-sports.io/football/players/25158.png,Defender,30.0,29.0,2556.0,7.37,3.0,7.0,21.0,8.0,1696.0,98.0,80.0,48.0,9.0,30.0,36.0,16.0,200.0,97.0,17.0,29.0,6.0,0.0
78,Bundesliga,2025,173,RB Leipzig,25917,R. Baku,Bote Ridle,Nzuzi Baku,27.0,Germany,176,72,https://media.api-sports.io/football/players/25917.png,Defender,32.0,28.0,2509.0,6.87,2.0,3.0,18.0,6.0,1644.0,37.0,86.0,61.0,7.0,31.0,37.0,13.0,220.0,107.0,22.0,23.0,4.0,0.0
78,Bundesliga,2025,173,RB Leipzig,162016,X. Simons,Xavier Quentin Shay,Simons,22.0,Netherlands,179,58,https://media.api-sports.io/football/players/162016.png,Midfielder,1.0,1.0,90.0,6.3,0.0,0.0,,,37.0,1.0,89.0,,,1.0,4.0,2.0,8.0,5.0,3.0,1.0,0.0,0.0
78,Bundesliga,2025,173,RB Leipzig,162761,C. Lukeba,Castello Junior,Lukeba,23.0,France,184,73,https://media.api-sports.io/football/players/162761.png,Defender,26.0,24.0,2177.0,7.1,1.0,0.0,5.0,2.0,1719.0,7.0,90.0,31.0,21.0,30.0,29.0,22.0,150.0,95.0,12.0,11.0,3.0,0.0
78,Bundesliga,2025,157,Bayern München,203376,J. Urbig,Jonas Kurt,Urbig,22.0,Germany,189,83,https://media.api-sports.io/football/players/203376.png,Goalkeeper,14.0,11.0,1110.0,7.22,0.0,0.0,,,434.0,1.0,83.0,,,,,,6.0,4.0,2.0,,0.0,0.0
78,Bundesliga,2025,173,RB Leipzig,290549,J. Bakayoko,Saint-Cyr Johan,Bakayoko,22.0,Belgium,179,76,https://media.api-sports.io/football/players/290549.png,Attacker,20.0,8.0,779.0,6.68,2.0,0.0,15.0,9.0,287.0,9.0,82.0,5.0,,2.0,31.0,15.0,83.0,33.0,11.0,11.0,1.0,0.0
78,Bundesliga,2025,173,RB Leipzig,314511,A. Nusa,Antonio,Eromonsele Nordby Nusa,20.0,Norway,180,73,https://media.api-sports.io/football/players/314511.png,Midfielder,31.0,24.0,2035.0,7.1,4.0,3.0,42.0,20.0,592.0,33.0,79.0,26.0,,10.0,129.0,68.0,299.0,163.0,64.0,9.0,0.0,0.0
78,Bundesliga,2025,173,RB Leipzig,326102,Rômulo,Rômulo José,Cardoso da Cruz,23.0,Brazil,193,79,https://media.api-sports.io/football/players/326102.png,Attacker,30.0,27.0,2204.0,6.66,9.0,4.0,54.0,27.0,558.0,26.0,74.0,30.0,4.0,9.0,32.0,11.0,277.0,112.0,20.0,20.0,3.0,0.0
78,Bundesliga,2025,173,RB Leipzig,343286,E. Banzuzi,Ezechiel,Banzuzi,20.0,Netherlands,191,,https://media.api-sports.io/football/players/343286.png,Midfielder,24.0,2.0,597.0,6.65,0.0,1.0,8.0,4.0,285.0,7.0,84.0,15.0,3.0,8.0,3.0,2.0,93.0,49.0,7.0,14.0,3.0,0.0
78,Bundesliga,2025,157,Bayern München,436443,J. Kusi-Asare,Jonah,Kusi-Asare,18.0,Sweden,196,84,https://media.api-sports.io/football/players/436443.png,Attacker,1.0,0.0,10.0,6.7,0.0,0.0,,,,,,,1.0,,,,,,,1.0,0.0,0.0
78,Bundesliga,2025,157,Bayern München,496738,W. Mike,Wisdom,Okpako Mike,17.0,Germany,175,65,https://media.api-sports.io/football/players/496738.png,Attacker,4.0,0.0,37.0,6.43,0.0,0.0,2.0,1.0,17.0,,82.0,,,1.0,,,2.0,,,,0.0,0.0
78,Bundesliga,2025,173,RB Leipzig,513776,Y. Diomande,Yan,Diomande,19.0,Côte d'Ivoire,,,https://media.api-sports.io/football/players/513776.png,Attacker,33.0,28.0,2476.0,7.72,12.0,8.0,41.0,26.0,1067.0,55.0,83.0,29.0,1.0,16.0,197.0,118.0,392.0,186.0,34.0,19.0,2.0,0.0
78,Bundesliga,2025,168,Bayer Leverkusen,563,Álex Grimaldo,Alejandro,Grimaldo García,30.0,Spain,171,63,https://media.api-sports.io/football/players/563.png,Midfielder,29.0,29.0,2524.0,7.32,8.0,8.0,43.0,21.0,1833.0,70.0,87.0,49.0,5.0,19.0,61.0,25.0,244.0,113.0,29.0,11.0,5.0,0.0
78,Bundesliga,2025,168,Bayer Leverkusen,794,P. Schick,Patrik,Schick,29.0,Czechia,191,87,https://media.api-sports.io/football/players/794.png,Attacker,28.0,23.0,1995.0,6.95,16.0,3.0,59.0,34.0,411.0,14.0,80.0,9.0,2.0,3.0,32.0,10.0,207.0,100.0,20.0,22.0,2.0,0.0
78,Bundesliga,2025,173,RB Leipzig,1924,M. Vandevoordt,Maarten,Vandevoordt,23.0,Belgium,192,80,https://media.api-sports.io/football/players/1924.png,Goalkeeper,12.0,11.0,1051.0,7.03,0.0,0.0,,,421.0,,72.0,,,,1.0,1.0,7.0,7.0,1.0,,0.0,0.0
78,Bundesliga,2025,168,Bayer Leverkusen,24903,R. Andrich,Robert,Andrich,31.0,Germany,187,83,https://media.api-sports.io/football/players/24903.png,Midfielder,32.0,29.0,2547.0,6.84,2.0,0.0,9.0,3.0,1859.0,12.0,90.0,43.0,19.0,33.0,6.0,1.0,177.0,107.0,22.0,30.0,5.0,0.0
78,Bundesliga,2025,168,Bayer Leverkusen,26232,M. Flekken,Mark,Flekken,32.0,Netherlands,195,87,https://media.api-sports.io/football/players/26232.png,Goalkeeper,24.0,24.0,2130.0,6.92,0.0,0.0,,,714.0,1.0,72.0,,,,1.0,1.0,14.0,13.0,3.0,,1.0,0.0
78,Bundesliga,2025,173,RB Leipzig,37143,L. Geertruida,Lutsharel,Geertruida,25.0,Netherlands,184,69,https://media.api-sports.io/football/players/37143.png,Defender,0.0,0.0,,,0.0,0.0,,,,,,,,,,,,,,,0.0,0.0
78,Bundesliga,2025,168,Bayer Leverkusen,37246,J. Blaswich,Janis Jonathan,Blaswich,34.0,Germany,193,88,https://media.api-sports.io/football/players/37246.png,Goalkeeper,11.0,10.0,930.0,7.22,0.0,0.0,,,248.0,2.0,74.0,,,,,,5.0,4.0,,,1.0,0.0
78,Bundesliga,2025,168,Bayer Leverkusen,41150,E. Tapsoba,Edmond Fayçal,Tapsoba,26.0,Burkina Faso,194,85,https://media.api-sports.io/football/players/41150.png,Defender,29.0,29.0,2576.0,7.21,5.0,3.0,23.0,10.0,2409.0,11.0,90.0,31.0,19.0,20.0,14.0,8.0,202.0,111.0,2.0,31.0,7.0,0.0
78,Bundesliga,2025,168,Bayer Leverkusen,47516,Aleix García,Aleix,García Serrano,28.0,Spain,173,68,https://media.api-sports.io/football/players/47516.png,Midfielder,33.0,31.0,2676.0,7.5,3.0,8.0,19.0,5.0,3035.0,51.0,92.0,26.0,5.0,23.0,14.0,4.0,109.0,58.0,19.0,8.0,6.0,0.0
78,Bundesliga,2025,168,Bayer Leverkusen,127817,P. Hincapié,Piero Martín,Hincapié Reyna,23.0,Ecuador,184,77,https://media.api-sports.io/football/players/127817.png,Defender,1.0,1.0,90.0,6.6,0.0,0.0,2.0,1.0,90.0,,85.0,,,2.0,,,8.0,5.0,,2.0,0.0,0.0
78,Bundesliga,2025,168,Bayer Leverkusen,158698,J. Quansah,Jarell,Amorin Quansah,22.0,England,190,84,https://media.api-sports.io/football/players/158698.png,Defender,28.0,25.0,2308.0,6.9,4.0,0.0,16.0,8.0,1638.0,11.0,90.0,28.0,14.0,27.0,27.0,14.0,172.0,103.0,21.0,18.0,9.0,0.0
78,Bundesliga,2025,168,Bayer Leverkusen,231029,N. Tella,Nathan Adewale Temitayo,Tella,26.0,England,173,70,https://media.api-sports.io/football/players/231029.png,Attacker,17.0,10.0,892.0,7.01,1.0,4.0,16.0,8.0,236.0,19.0,85.0,12.0,1.0,5.0,26.0,13.0,111.0,53.0,19.0,15.0,2.0,0.0
78,Bundesliga,2025,173,RB Leipzig,268571,E. Bitshiabu,El Chadaille,Bitshiabu,20.0,France,196,95,https://media.api-sports.io/football/players/268571.png,Defender,11.0,8.0,672.0,6.92,0.0,0.0,2.0,,560.0,2.0,92.0,8.0,10.0,7.0,1.0,,38.0,18.0,,4.0,0.0,0.0
78,Bundesliga,2025,168,Bayer Leverkusen,312840,E. Poku,Ernest,Poku,21.0,Netherlands,173,63,https://media.api-sports.io/football/players/312840.png,Attacker,29.0,16.0,1484.0,6.82,5.0,5.0,18.0,9.0,558.0,28.0,83.0,13.0,1.0,8.0,66.0,28.0,164.0,61.0,17.0,4.0,0.0,0.0
78,Bundesliga,2025,173,RB Leipzig,342320,K. Nedeljković,Kosta,Nedeljković,20.0,Serbia,184,72,https://media.api-sports.io/football/players/342320.png,Defender,5.0,3.0,252.0,6.3,0.0,0.0,,,124.0,,87.0,1.0,,1.0,4.0,,15.0,4.0,1.0,1.0,0.0,0.0
78,Bundesliga,2025,168,Bayer Leverkusen,352375,Arthur,Arthur Augusto,de Matos Soares,22.0,Brazil,173,70,https://media.api-sports.io/football/players/352375.png,Midfielder,20.0,13.0,1132.0,6.64,1.0,3.0,5.0,2.0,460.0,14.0,83.0,20.0,2.0,17.0,42.0,14.0,131.0,59.0,10.0,19.0,3.0,0.0
78,Bundesliga,2025,168,Bayer Leverkusen,380587,I. Maza,Ibrahim,Maza,20.0,Germany,180,70,https://media.api-sports.io/football/players/380587.png,Attacker,28.0,20.0,1859.0,7.11,3.0,4.0,38.0,17.0,891.0,29.0,83.0,41.0,1.0,16.0,85.0,48.0,247.0,133.0,36.0,19.0,2.0,0.0
78,Bundesliga,2025,173,RB Leipzig,380978,A. Ouédraogo,Forzan Assan,Ouédraogo,19.0,Germany,191,84,https://media.api-sports.io/football/players/380978.png,Midfielder,19.0,13.0,974.0,6.92,4.0,3.0,19.0,13.0,297.0,14.0,83.0,8.0,3.0,3.0,26.0,14.0,98.0,50.0,22.0,4.0,0.0,0.0
78,Bundesliga,2025,168,Bayer Leverkusen,414385,C. Echeverri,Claudio Jeremías,Echeverri,19.0,Argentina,171,62,https://media.api-sports.io/football/players/414385.png,Midfielder,6.0,1.0,136.0,6.6,0.0,0.0,,,73.0,1.0,93.0,1.0,1.0,1.0,5.0,1.0,13.0,4.0,2.0,,0.0,0.0
78,Bundesliga,2025,168,Bayer Leverkusen,505295,Christian Kofane,Christian Michel,Kofane,19.0,Cameroon,189,68,https://media.api-sports.io/football/players/505295.png,Attacker,29.0,12.0,1269.0,6.73,5.0,4.0,39.0,19.0,203.0,17.0,82.0,13.0,1.0,2.0,12.0,7.0,159.0,68.0,17.0,30.0,3.0,0.0
78,Bundesliga,2025,167,1899 Hoffenheim,702,O. Baumann,Oliver,Baumann,35.0,Germany,187,82,https://media.api-sports.io/football/players/702.png,Goalkeeper,34.0,34.0,3060.0,6.81,0.0,0.0,,,1260.0,1.0,71.0,,,,2.0,2.0,18.0,15.0,6.0,1.0,3.0,0.0
78,Bundesliga,2025,167,1899 Hoffenheim,726,A. Kramarić,Andrej,Kramarić,34.0,Croatia,177,73,https://media.api-sports.io/football/players/726.png,Midfielder,34.0,26.0,2222.0,7.07,14.0,6.0,50.0,33.0,985.0,36.0,85.0,8.0,2.0,8.0,33.0,19.0,115.0,46.0,14.0,5.0,2.0,0.0
78,Bundesliga,2025,167,1899 Hoffenheim,1231,V. Coufal,Vladimír,Coufal,33.0,Czechia,174,76,https://media.api-sports.io/football/players/1231.png,Defender,34.0,34.0,3017.0,7.16,1.0,8.0,17.0,6.0,1331.0,59.0,78.0,60.0,16.0,37.0,62.0,31.0,308.0,173.0,42.0,33.0,4.0,0.0
78,Bundesliga,2025,167,1899 Hoffenheim,7327,A. Prass,Alexander,Prass,24.0,Austria,180,72,https://media.api-sports.io/football/players/7327.png,Defender,32.0,12.0,1318.0,6.82,3.0,2.0,17.0,11.0,518.0,18.0,76.0,32.0,3.0,7.0,30.0,16.0,179.0,84.0,21.0,26.0,4.0,0.0
78,Bundesliga,2025,167,1899 Hoffenheim,18964,Bernardo,Bernardo,Fernandes da Silva Junior,30.0,Brazil,186,76,https://media.api-sports.io/football/players/18964.png,Defender,29.0,26.0,2318.0,6.88,0.0,0.0,5.0,,1250.0,9.0,79.0,68.0,13.0,40.0,11.0,6.0,302.0,185.0,11.0,41.0,9.0,0.0
78,Bundesliga,2025,168,Bayer Leverkusen,25168,N. Lomb,Niklas,Lomb,32.0,Germany,186,84,https://media.api-sports.io/football/players/25168.png,Goalkeeper,0.0,0.0,,,0.0,0.0,,,,,,,,,,,,,,,0.0,0.0
78,Bundesliga,2025,167,1899 Hoffenheim,25366,K. Akpoguma,Kevin John,Ufuoma Akpoguma,30.0,Nigeria,192,85,https://media.api-sports.io/football/players/25366.png,Defender,8.0,1.0,58.0,5.6,0.0,0.0,,,40.0,,82.0,4.0,,1.0,,,8.0,5.0,,1.0,0.0,1.0
78,Bundesliga,2025,167,1899 Hoffenheim,33067,K. Machida,Koki,Machida,28.0,Japan,190,84,https://media.api-sports.io/football/players/33067.png,Defender,1.0,1.0,44.0,6.2,0.0,0.0,,,36.0,,88.0,1.0,1.0,1.0,,,6.0,2.0,,2.0,1.0,0.0
78,Bundesliga,2025,167,1899 Hoffenheim,37153,W. Burger,Wouter,Burger,24.0,Netherlands,191,83,https://media.api-sports.io/football/players/37153.png,Midfielder,30.0,30.0,2440.0,7.09,4.0,5.0,29.0,13.0,1361.0,51.0,77.0,72.0,6.0,17.0,12.0,4.0,315.0,155.0,12.0,57.0,7.0,1.0
78,Bundesliga,2025,167,1899 Hoffenheim,162964,R. Hranáč,Robin,Hranáč,25.0,Czechia,190,85,https://media.api-sports.io/football/players/162964.png,Defender,29.0,26.0,2251.0,6.74,1.0,0.0,6.0,3.0,1265.0,3.0,86.0,25.0,18.0,17.0,4.0,2.0,205.0,119.0,10.0,26.0,5.0,0.0
78,Bundesliga,2025,167,1899 Hoffenheim,202501,F. Asllani,Fisnik,Asllani,23.0,Germany,191,81,https://media.api-sports.io/football/players/202501.png,Attacker,33.0,31.0,2354.0,6.74,10.0,7.0,58.0,28.0,652.0,36.0,68.0,17.0,,7.0,40.0,17.0,254.0,94.0,37.0,26.0,2.0,0.0
78,Bundesliga,2025,167,1899 Hoffenheim,203040,T. Lemperle,Tim,Lemperle,23.0,Germany,187,78,https://media.api-sports.io/football/players/203040.png,Attacker,29.0,24.0,1959.0,6.55,8.0,2.0,42.0,21.0,514.0,27.0,70.0,21.0,1.0,6.0,40.0,15.0,259.0,89.0,16.0,60.0,2.0,0.0
78,Bundesliga,2025,167,1899 Hoffenheim,279907,U. Tohumcu,Umut Deger,Tohumcu,21.0,Germany,175,71,https://media.api-sports.io/football/players/279907.png,Midfielder,5.0,1.0,138.0,6.5,0.0,0.0,2.0,,46.0,,84.0,3.0,,,2.0,1.0,12.0,6.0,2.0,2.0,2.0,0.0
78,Bundesliga,2025,167,1899 Hoffenheim,304686,Arthur Chaves,Arthur,Largura Chaves,24.0,Brazil,188,80,https://media.api-sports.io/football/players/304686.png,Defender,4.0,2.0,239.0,6.58,0.0,0.0,,,130.0,1.0,86.0,7.0,,4.0,,,34.0,19.0,3.0,5.0,1.0,0.0
78,Bundesliga,2025,170,FC Augsburg,304686,Arthur Chaves,Arthur,Largura Chaves,24.0,Brazil,188,80,https://media.api-sports.io/football/players/304686.png,Defender,11.0,9.0,829.0,6.89,2.0,0.0,3.0,2.0,321.0,3.0,80.0,19.0,11.0,8.0,4.0,2.0,85.0,45.0,8.0,8.0,1.0,0.0
78,Bundesliga,2025,167,1899 Hoffenheim,387643,B. Touré,Bazoumana,Touré,19.0,Côte d'Ivoire,173,74,https://media.api-sports.io/football/players/387643.png,Attacker,30.0,29.0,2325.0,6.9,5.0,9.0,33.0,13.0,662.0,46.0,75.0,34.0,2.0,6.0,112.0,48.0,359.0,152.0,29.0,44.0,2.0,0.0
78,Bundesliga,2025,167,1899 Hoffenheim,390586,L. Avdullahu,Leon,Avdullahu,21.0,Switzerland,185,79,https://media.api-sports.io/football/players/390586.png,Midfielder,33.0,32.0,2838.0,7.07,0.0,1.0,9.0,2.0,2044.0,22.0,89.0,47.0,6.0,34.0,18.0,8.0,211.0,99.0,12.0,26.0,5.0,0.0
78,Bundesliga,2025,168,Bayer Leverkusen,414384,A. Sarco,Alejo Uriel,Sarco,19.0,Argentina,179,76,https://media.api-sports.io/football/players/414384.png,Attacker,3.0,0.0,71.0,6.37,0.0,0.0,2.0,,18.0,1.0,66.0,1.0,,,1.0,1.0,11.0,5.0,2.0,2.0,0.0,0.0
78,Bundesliga,2025,163,Borussia Mönchengladbach,414384,A. Sarco,Alejo Uriel,Sarco,19.0,Argentina,179,76,https://media.api-sports.io/football/players/414384.png,Attacker,3.0,0.0,55.0,6.53,0.0,0.0,1.0,,5.0,1.0,80.0,,,,,,2.0,,,,0.0,0.0
78,Bundesliga,2025,168,Bayer Leverkusen,462228,A. Natali,Andrea,Natali,17.0,Italy,186,80,https://media.api-sports.io/football/players/462228.png,Defender,0.0,0.0,,,0.0,0.0,,,,,,,,,,,,,,,0.0,0.0
78,Bundesliga,2025,168,Bayer Leverkusen,491103,A. Tape,Axel,Tape-Kobrissa,18.0,France,180,75,https://media.api-sports.io/football/players/491103.png,Defender,6.0,2.0,221.0,6.35,0.0,0.0,2.0,1.0,76.0,,96.0,1.0,,1.0,15.0,7.0,36.0,16.0,7.0,7.0,1.0,0.0
78,Bundesliga,2025,168,Bayer Leverkusen,493409,J. Mensah,Jeremiah,Dennit Mensah,17.0,Germany,,,https://media.api-sports.io/football/players/493409.png,Midfielder,0.0,0.0,,,0.0,0.0,,,,,,,,,,,,,,,0.0,0.0
78,Bundesliga,2025,163,Borussia Mönchengladbach,725,R. Hack,Robin,Hack,27.0,Germany,176,68,https://media.api-sports.io/football/players/725.png,Midfielder,8.0,3.0,317.0,6.74,1.0,0.0,8.0,4.0,122.0,13.0,83.0,2.0,,1.0,7.0,3.0,36.0,9.0,3.0,4.0,1.0,0.0
78,Bundesliga,2025,163,Borussia Mönchengladbach,2803,N. Elvedi,Nico,Elvedi,29.0,Switzerland,189,84,https://media.api-sports.io/football/players/2803.png,Defender,33.0,33.0,2967.0,7.03,0.0,2.0,5.0,,1820.0,13.0,91.0,43.0,29.0,41.0,2.0,1.0,223.0,135.0,16.0,18.0,5.0,0.0
78,Bundesliga,2025,163,Borussia Mönchengladbach,20784,F. Honorat,Franck,Honorat,29.0,France,180,70,https://media.api-sports.io/football/players/20784.png,Midfielder,28.0,24.0,1987.0,6.91,2.0,6.0,11.0,5.0,578.0,45.0,74.0,22.0,4.0,6.0,50.0,17.0,148.0,57.0,6.0,12.0,0.0,0.0
78,Bundesliga,2025,167,1899 Hoffenheim,24854,G. Prömel,Grischa,Prömel,30.0,Germany,180,75,https://media.api-sports.io/football/players/24854.png,Midfielder,33.0,16.0,1752.0,6.83,7.0,2.0,34.0,14.0,928.0,16.0,82.0,36.0,5.0,16.0,15.0,6.0,190.0,97.0,28.0,23.0,5.0,0.0
78,Bundesliga,2025,163,Borussia Mönchengladbach,24969,P. Sander,Philipp,Sander,27.0,Germany,186,77,https://media.api-sports.io/football/players/24969.png,Midfielder,30.0,29.0,2454.0,7,2.0,0.0,20.0,8.0,1418.0,11.0,86.0,65.0,8.0,50.0,13.0,5.0,235.0,141.0,14.0,28.0,4.0,0.0
78,Bundesliga,2025,163,Borussia Mönchengladbach,25461,K. Stöger,Kevin,Stöger,32.0,Austria,175,74,https://media.api-sports.io/football/players/25461.png,Midfielder,29.0,15.0,1341.0,6.77,1.0,1.0,18.0,7.0,802.0,26.0,82.0,37.0,2.0,14.0,14.0,3.0,147.0,71.0,29.0,23.0,3.0,0.0
78,Bundesliga,2025,163,Borussia Mönchengladbach,25626,M. Nicolas,Moritz,Nicolas,28.0,Germany,193,87,https://media.api-sports.io/football/players/25626.png,Goalkeeper,34.0,34.0,3060.0,7.36,0.0,0.0,,,1122.0,2.0,70.0,1.0,,1.0,,,12.0,12.0,3.0,,1.0,0.0
78,Bundesliga,2025,163,Borussia Mönchengladbach,25638,F. Neuhaus,Florian Christian,Neuhaus,28.0,Germany,185,74,https://media.api-sports.io/football/players/25638.png,Midfielder,17.0,11.0,939.0,6.74,0.0,1.0,12.0,6.0,492.0,9.0,79.0,12.0,4.0,9.0,12.0,6.0,74.0,29.0,9.0,9.0,0.0,0.0
78,Bundesliga,2025,163,Borussia Mönchengladbach,28382,H. Tabaković,Haris,Tabaković,31.0,Switzerland,196,90,https://media.api-sports.io/football/players/28382.png,Attacker,32.0,28.0,2394.0,6.71,13.0,2.0,51.0,27.0,485.0,16.0,67.0,10.0,5.0,,16.0,6.0,333.0,138.0,20.0,48.0,5.0,0.0
78,Bundesliga,2025,163,Borussia Mönchengladbach,31043,K. Diks,Kevin,Diks Bakarbessy,29.0,Netherlands,182,73,https://media.api-sports.io/football/players/31043.png,Defender,30.0,28.0,2467.0,6.97,5.0,0.0,21.0,13.0,1606.0,8.0,89.0,43.0,17.0,24.0,12.0,10.0,191.0,124.0,22.0,15.0,6.0,0.0
78,Bundesliga,2025,163,Borussia Mönchengladbach,50852,J. Scally,Joseph Michael,Scally,23.0,USA,184,80,https://media.api-sports.io/football/players/50852.png,Defender,32.0,29.0,2611.0,6.63,2.0,3.0,14.0,10.0,912.0,18.0,80.0,48.0,4.0,17.0,54.0,24.0,297.0,153.0,51.0,33.0,8.0,0.0
78,Bundesliga,2025,167,1899 Hoffenheim,163066,L. Philipp,Luca,Philipp,25.0,Germany,192,83,https://media.api-sports.io/football/players/163066.png,Goalkeeper,0.0,0.0,,,0.0,0.0,,,,,,,,,,,,,,,0.0,0.0
78,Bundesliga,2025,163,Borussia Mönchengladbach,163069,L. Netz,Luca,Netz,22.0,Germany,180,83,https://media.api-sports.io/football/players/163069.png,Defender,15.0,10.0,943.0,6.76,0.0,2.0,,,354.0,10.0,76.0,16.0,5.0,5.0,16.0,9.0,72.0,35.0,2.0,8.0,1.0,0.0
78,Bundesliga,2025,163,Borussia Mönchengladbach,203007,R. Reitz,Rocco,Reitz,23.0,Germany,176,75,https://media.api-sports.io/football/players/203007.png,Midfielder,31.0,31.0,2636.0,6.87,0.0,4.0,34.0,14.0,1239.0,28.0,77.0,68.0,6.0,49.0,51.0,24.0,323.0,171.0,55.0,35.0,8.0,1.0
78,Bundesliga,2025,163,Borussia Mönchengladbach,280358,J. Castrop,Jens,Castrop,22.0,Germany,178,76,https://media.api-sports.io/football/players/280358.png,Midfielder,26.0,20.0,1599.0,6.69,3.0,1.0,22.0,12.0,498.0,19.0,75.0,58.0,1.0,18.0,66.0,25.0,237.0,122.0,26.0,31.0,2.0,2.0
78,Bundesliga,2025,163,Borussia Mönchengladbach,322627,F. Chiarodia,Fabio Christian,Chiarodia,20.0,Italy,186,80,https://media.api-sports.io/football/players/322627.png,Defender,15.0,8.0,690.0,6.59,0.0,0.0,4.0,1.0,441.0,1.0,85.0,15.0,6.0,12.0,2.0,1.0,44.0,23.0,1.0,8.0,1.0,0.0
78,Bundesliga,2025,163,Borussia Mönchengladbach,327646,L. Ullrich,Lukas,Ullrich,21.0,Germany,180,69,https://media.api-sports.io/football/players/327646.png,Defender,23.0,14.0,1315.0,6.51,0.0,0.0,8.0,2.0,487.0,14.0,77.0,28.0,5.0,21.0,22.0,9.0,112.0,58.0,11.0,17.0,2.0,0.0
78,Bundesliga,2025,167,1899 Hoffenheim,328262,M. Damar,Muhammed Mehmet,Damar,21.0,Germany,185,73,https://media.api-sports.io/football/players/328262.png,Midfielder,15.0,2.0,302.0,6.58,0.0,0.0,8.0,8.0,125.0,12.0,81.0,5.0,,1.0,7.0,2.0,37.0,10.0,2.0,4.0,0.0,0.0
78,Bundesliga,2025,167,1899 Hoffenheim,350047,D. Mokwa,David,Ngabi Mokwa Ntusu,21.0,France,181,81,https://media.api-sports.io/football/players/350047.png,Attacker,0.0,0.0,,,0.0,0.0,,,,,,,,,,,,,,,0.0,0.0
78,Bundesliga,2025,167,1899 Hoffenheim,387973,Max Moerstedt,Max,Moerstedt,19.0,Germany,194,77,https://media.api-sports.io/football/players/387973.png,Attacker,22.0,1.0,411.0,6.53,2.0,0.0,6.0,4.0,105.0,2.0,73.0,7.0,1.0,,7.0,4.0,79.0,31.0,10.0,14.0,2.0,0.0
78,Bundesliga,2025,175,Hamburger SV,1167,Y. Poulsen,Yussuf Yurary,Poulsen,31.0,Denmark,192,84,https://media.api-sports.io/football/players/1167.png,Attacker,15.0,1.0,342.0,6.66,1.0,0.0,5.0,3.0,111.0,2.0,58.0,4.0,1.0,2.0,4.0,3.0,91.0,47.0,3.0,13.0,4.0,0.0
78,Bundesliga,2025,163,Borussia Mönchengladbach,2801,J. Omlin,Jonas,Omlin,31.0,Switzerland,190,80,https://media.api-sports.io/football/players/2801.png,Goalkeeper,0.0,0.0,,,0.0,0.0,,,,,,,,,,,,,,,0.0,0.0
78,Bundesliga,2025,168,Bayer Leverkusen,2801,J. Omlin,Jonas,Omlin,31.0,Switzerland,190,80,https://media.api-sports.io/football/players/2801.png,Goalkeeper,0.0,0.0,,,0.0,0.0,,,,,,,,,,,,,,,0.0,0.0
78,Bundesliga,2025,175,Hamburger SV,5973,N. Capaldo,Nicolás,Capaldo Taboas,27.0,Argentina,177,75,https://media.api-sports.io/football/players/5973.png,Midfielder,26.0,24.0,2009.0,6.76,1.0,3.0,15.0,6.0,750.0,22.0,77.0,68.0,6.0,35.0,24.0,10.0,283.0,161.0,46.0,31.0,10.0,0.0
78,Bundesliga,2025,175,Hamburger SV,8483,J. Dompé,Jean-Luc,Mamadou Diarra Dompé,30.0,France,170,65,https://media.api-sports.io/football/players/8483.png,Attacker,20.0,12.0,1136.0,7.04,3.0,0.0,21.0,12.0,287.0,33.0,80.0,5.0,,,37.0,21.0,68.0,35.0,9.0,2.0,0.0,0.0
78,Bundesliga,2025,175,Hamburger SV,14351,E. Sahiti,Emir,Sahiti,27.0,Kosovo,174,65,https://media.api-sports.io/football/players/14351.png,Attacker,2.0,2.0,122.0,6.4,0.0,0.0,,,31.0,1.0,70.0,,,,6.0,4.0,13.0,5.0,1.0,,0.0,0.0
78,Bundesliga,2025,163,Borussia Mönchengladbach,24839,M. Friedrich,Marvin,Friedrich,30.0,Germany,193,81,https://media.api-sports.io/football/players/24839.png,Defender,6.0,1.0,156.0,6.45,0.0,0.0,,,102.0,,82.0,6.0,2.0,1.0,,,21.0,13.0,2.0,2.0,0.0,0.0
78,Bundesliga,2025,175,Hamburger SV,25033,Daniel Heuer Fernandes,Daniel,Heuer Fernandes,33.0,Portugal,188,81,https://media.api-sports.io/football/players/25033.png,Goalkeeper,33.0,33.0,2970.0,7.18,0.0,0.0,1.0,,1660.0,,74.0,,,,1.0,1.0,10.0,9.0,4.0,,3.0,0.0
78,Bundesliga,2025,175,Hamburger SV,25346,J. Torunarigha,Jordan,Torunarigha,28.0,Germany,191,80,https://media.api-sports.io/football/players/25346.png,Defender,24.0,21.0,1965.0,6.79,0.0,0.0,3.0,1.0,1048.0,2.0,85.0,37.0,18.0,30.0,8.0,6.0,185.0,109.0,13.0,19.0,3.0,0.0
78,Bundesliga,2025,175,Hamburger SV,48489,M. Muheim,Miro Max Maria,Muheim,27.0,Switzerland,182,77,https://media.api-sports.io/football/players/48489.png,Midfielder,29.0,27.0,2437.0,6.96,0.0,4.0,17.0,7.0,1108.0,41.0,75.0,62.0,5.0,27.0,31.0,21.0,263.0,150.0,50.0,39.0,7.0,1.0
78,Bundesliga,2025,163,Borussia Mönchengladbach,106851,S. Machino,Shuto,Machino,26.0,Japan,185,81,https://media.api-sports.io/football/players/106851.png,Attacker,32.0,9.0,1084.0,6.63,3.0,1.0,20.0,11.0,286.0,14.0,72.0,8.0,1.0,3.0,10.0,3.0,125.0,54.0,11.0,14.0,2.0,0.0
78,Bundesliga,2025,175,Hamburger SV,129693,R. Philippe,Rayan,Philippe,25.0,France,182,78,https://media.api-sports.io/football/players/129693.png,Attacker,28.0,13.0,1292.0,6.57,5.0,0.0,30.0,16.0,204.0,16.0,69.0,20.0,,4.0,37.0,12.0,148.0,48.0,9.0,24.0,2.0,0.0
78,Bundesliga,2025,175,Hamburger SV,162265,W. Omari,Warmed,Omari,25.0,France,188,74,https://media.api-sports.io/football/players/162265.png,Defender,20.0,17.0,1607.0,6.66,0.0,1.0,3.0,1.0,724.0,8.0,85.0,22.0,14.0,27.0,6.0,6.0,117.0,61.0,11.0,16.0,0.0,0.0
78,Bundesliga,2025,175,Hamburger SV,162773,R. Königsdörffer,Ransford-Yeboah,Königsdörffer,24.0,Ghana,182,78,https://media.api-sports.io/football/players/162773.png,Attacker,33.0,29.0,2360.0,6.64,5.0,0.0,50.0,22.0,428.0,20.0,70.0,6.0,,6.0,40.0,15.0,247.0,99.0,32.0,25.0,2.0,0.0
78,Bundesliga,2025,163,Borussia Mönchengladbach,180298,O. Fraulo,Oscar Luigi,Fraulo,22.0,Denmark,180,77,https://media.api-sports.io/football/players/180298.png,Midfielder,4.0,0.0,55.0,6.75,1.0,0.0,1.0,1.0,17.0,,100.0,1.0,1.0,1.0,,,7.0,1.0,,3.0,0.0,0.0
78,Bundesliga,2025,175,Hamburger SV,260898,N. Remberg,Nicolai,Remberg,25.0,Germany,187,88,https://media.api-sports.io/football/players/260898.png,Midfielder,32.0,32.0,2880.0,6.94,0.0,2.0,13.0,8.0,1341.0,13.0,89.0,60.0,16.0,42.0,25.0,14.0,280.0,170.0,48.0,44.0,11.0,0.0
78,Bundesliga,2025,175,Hamburger SV,265741,G. Gocholeishvili,Giorgi,Gocholeishvili,24.0,Georgia,178,,https://media.api-sports.io/football/players/265741.png,Midfielder,24.0,9.0,957.0,6.67,0.0,1.0,7.0,2.0,245.0,10.0,74.0,25.0,1.0,8.0,39.0,18.0,143.0,72.0,19.0,13.0,2.0,0.0
78,Bundesliga,2025,163,Borussia Mönchengladbach,280427,G. Ranos,Grant-Leon,Ranos,22.0,Armenia,180,73,https://media.api-sports.io/football/players/280427.png,Attacker,8.0,0.0,122.0,6.46,1.0,0.0,4.0,2.0,43.0,1.0,83.0,1.0,,1.0,4.0,1.0,18.0,5.0,1.0,1.0,1.0,0.0
78,Bundesliga,2025,175,Hamburger SV,302632,W. Mikelbrencis,William,Mikelbrencis,21.0,France,176,64,https://media.api-sports.io/football/players/302632.png,Defender,26.0,15.0,1404.0,6.57,0.0,4.0,10.0,6.0,357.0,17.0,71.0,34.0,3.0,5.0,32.0,13.0,144.0,62.0,5.0,18.0,3.0,0.0
78,Bundesliga,2025,175,Hamburger SV,324019,Daniel Elfadli,Daniel,Elfadli,28.0,Libya,188,78,https://media.api-sports.io/football/players/324019.png,Defender,21.0,15.0,1266.0,6.54,0.0,0.0,3.0,1.0,666.0,2.0,93.0,22.0,9.0,20.0,4.0,3.0,113.0,58.0,15.0,20.0,5.0,0.0
78,Bundesliga,2025,175,Hamburger SV,470282,Alexander Røssing-Lelesiit,Alexander,Røssing-Lelesiit,18.0,Norway,173,65,https://media.api-sports.io/football/players/470282.png,Attacker,11.0,5.0,332.0,6.51,0.0,1.0,2.0,2.0,68.0,5.0,80.0,9.0,1.0,,16.0,6.0,63.0,23.0,7.0,13.0,2.0,0.0
78,Bundesliga,2025,169,Eintracht Frankfurt,16,M. Götze,Mario,Götze,33.0,Germany,176,75,https://media.api-sports.io/football/players/16.png,Midfielder,21.0,8.0,879.0,6.5,0.0,0.0,2.0,,494.0,15.0,83.0,14.0,3.0,5.0,14.0,5.0,93.0,32.0,12.0,9.0,1.0,0.0
78,Bundesliga,2025,169,Eintracht Frankfurt,533,R. Kristensen,Rasmus,Nissen Kristensen,28.0,Denmark,187,70,https://media.api-sports.io/football/players/533.png,Defender,22.0,19.0,1563.0,6.97,2.0,0.0,12.0,6.0,1010.0,8.0,79.0,46.0,1.0,19.0,22.0,14.0,184.0,103.0,11.0,24.0,5.0,0.0
78,Bundesliga,2025,169,Eintracht Frankfurt,2598,R. Dōan,Ritsu,Dōan,27.0,Japan,172,70,https://media.api-sports.io/football/players/2598.png,Midfielder,31.0,28.0,2379.0,6.82,5.0,5.0,30.0,15.0,877.0,40.0,77.0,43.0,1.0,17.0,80.0,34.0,312.0,132.0,34.0,26.0,5.0,0.0
78,Bundesliga,2025,169,Eintracht Frankfurt,7288,M. Zetterer,Michael,Zetterer,30.0,Germany,187,79,https://media.api-sports.io/football/players/7288.png,Goalkeeper,22.0,21.0,1975.0,6.99,0.0,0.0,,,764.0,,71.0,,,1.0,,,14.0,12.0,7.0,,1.0,0.0
78,Bundesliga,2025,175,Hamburger SV,24965,J. Meffert,Jonas,Meffert,31.0,Germany,186,76,https://media.api-sports.io/football/players/24965.png,Midfielder,4.0,1.0,151.0,6.65,0.0,0.0,,,81.0,2.0,76.0,4.0,,1.0,,,10.0,7.0,,1.0,0.0,0.0
78,Bundesliga,2025,169,Eintracht Frankfurt,25926,J. Burkardt,Jonathan Michael,Burkardt,25.0,Germany,181,76,https://media.api-sports.io/football/players/25926.png,Attacker,22.0,15.0,1340.0,6.96,13.0,1.0,33.0,21.0,206.0,9.0,73.0,8.0,,1.0,11.0,6.0,122.0,40.0,15.0,12.0,1.0,0.0
78,Bundesliga,2025,169,Eintracht Frankfurt,26238,R. Koch,Robin Leon,Koch,29.0,Germany,192,85,https://media.api-sports.io/football/players/26238.png,Defender,32.0,32.0,2835.0,6.98,3.0,1.0,13.0,5.0,2139.0,10.0,91.0,42.0,28.0,46.0,3.0,2.0,275.0,165.0,13.0,31.0,2.0,0.0
78,Bundesliga,2025,175,Hamburger SV,41799,Guilherme Ramos,Guilherme,Magro Pires Ramos,28.0,Portugal,191,86,https://media.api-sports.io/football/players/41799.png,Defender,8.0,0.0,78.0,6.53,0.0,0.0,1.0,1.0,45.0,1.0,68.0,,,,1.0,1.0,13.0,6.0,1.0,1.0,0.0,0.0
78,Bundesliga,2025,169,Eintracht Frankfurt,161922,A. Knauff,Ansgar,Knauff,23.0,Germany,180,73,https://media.api-sports.io/football/players/161922.png,Attacker,28.0,12.0,1332.0,6.56,4.0,1.0,21.0,14.0,354.0,17.0,70.0,13.0,,9.0,27.0,11.0,151.0,49.0,12.0,26.0,3.0,0.0
78,Bundesliga,2025,169,Eintracht Frankfurt,162707,E. Wahi,Sepe Elye,Wahi,22.0,France,184,74,https://media.api-sports.io/football/players/162707.png,Attacker,10.0,3.0,330.0,6.39,0.0,1.0,6.0,3.0,79.0,4.0,83.0,2.0,1.0,,7.0,1.0,34.0,13.0,4.0,2.0,1.0,0.0
78,Bundesliga,2025,169,Eintracht Frankfurt,204043,A. Theate,Arthur Nicolas,Theate,25.0,Belgium,185,79,https://media.api-sports.io/football/players/204043.png,Defender,24.0,24.0,2143.0,6.8,1.0,0.0,14.0,7.0,1627.0,12.0,89.0,35.0,16.0,30.0,8.0,4.0,160.0,83.0,13.0,15.0,8.0,0.0
78,Bundesliga,2025,169,Eintracht Frankfurt,269531,N. Collins,Pharrell Nnamdi,Collins,21.0,Germany,188,81,https://media.api-sports.io/football/players/269531.png,Defender,23.0,16.0,1508.0,6.65,1.0,2.0,4.0,1.0,1076.0,3.0,87.0,49.0,1.0,25.0,24.0,11.0,161.0,97.0,19.0,22.0,4.0,0.0
78,Bundesliga,2025,169,Eintracht Frankfurt,276670,F. Chaïbi,Farès,Chaïbi,23.0,Algeria,183,69,https://media.api-sports.io/football/players/276670.png,Midfielder,28.0,21.0,1797.0,6.83,2.0,9.0,19.0,9.0,800.0,40.0,78.0,31.0,2.0,14.0,22.0,11.0,170.0,86.0,21.0,14.0,2.0,0.0
78,Bundesliga,2025,169,Eintracht Frankfurt,280074,N. Brown,Nathaniel,Brown,22.0,Germany,176,60,https://media.api-sports.io/football/players/280074.png,Defender,33.0,29.0,2658.0,6.77,4.0,4.0,14.0,9.0,1134.0,34.0,84.0,81.0,7.0,26.0,39.0,17.0,252.0,140.0,33.0,27.0,3.0,0.0
78,Bundesliga,2025,169,Eintracht Frankfurt,335094,H. Larsson,Hugo Emanuel,Larsson,21.0,Sweden,187,79,https://media.api-sports.io/football/players/335094.png,Midfielder,25.0,21.0,1824.0,6.79,2.0,2.0,10.0,6.0,1029.0,19.0,86.0,19.0,5.0,31.0,9.0,4.0,74.0,34.0,2.0,7.0,0.0,0.0
78,Bundesliga,2025,169,Eintracht Frankfurt,339874,O. HÃ¸jlund,Oscar,Winther Højlund,20.0,Denmark,184,76,https://media.api-sports.io/football/players/339874.png,Midfielder,24.0,12.0,1099.0,6.56,1.0,1.0,5.0,3.0,564.0,7.0,89.0,29.0,5.0,7.0,12.0,5.0,116.0,44.0,5.0,27.0,3.0,0.0
78,Bundesliga,2025,169,Eintracht Frankfurt,339887,C. Uzun,Can Yılmaz,Uzun,20.0,Türkiye,186,67,https://media.api-sports.io/football/players/339887.png,Midfielder,21.0,15.0,1172.0,7.18,8.0,4.0,30.0,19.0,593.0,20.0,81.0,15.0,2.0,2.0,40.0,16.0,138.0,63.0,26.0,15.0,3.0,0.0
78,Bundesliga,2025,169,Eintracht Frankfurt,369674,J. Bahoya,Jean-Mattéo,Bahoya Négoce,20.0,France,180,75,https://media.api-sports.io/football/players/369674.png,Midfielder,27.0,15.0,1335.0,6.94,3.0,4.0,15.0,9.0,445.0,31.0,80.0,31.0,2.0,13.0,69.0,41.0,187.0,101.0,22.0,13.0,2.0,0.0
78,Bundesliga,2025,175,Hamburger SV,384861,A. Souhmahoro,Aboubaka,Souhmahoro,20.0,France,184,71,https://media.api-sports.io/football/players/384861.png,Defender,4.0,2.0,141.0,6.2,0.0,0.0,,,60.0,1.0,90.0,1.0,,,,,5.0,1.0,,3.0,1.0,0.0
78,Bundesliga,2025,175,Hamburger SV,444962,Otto Emerson Stange,Otto,Emerson Stange,18.0,Germany,185,82,https://media.api-sports.io/football/players/444962.png,Attacker,10.0,2.0,288.0,6.5,0.0,0.0,5.0,1.0,42.0,1.0,71.0,3.0,,,10.0,5.0,44.0,19.0,6.0,5.0,0.0,0.0
78,Bundesliga,2025,162,Werder Bremen,716,L. Bittencourt,Leonardo Jesus,Loureiro Bittencourt,32.0,Germany,171,63,https://media.api-sports.io/football/players/716.png,Midfielder,17.0,5.0,625.0,6.66,0.0,1.0,6.0,,436.0,5.0,85.0,16.0,,8.0,8.0,3.0,61.0,36.0,11.0,7.0,5.0,0.0
78,Bundesliga,2025,162,Werder Bremen,2916,N. Stark,Niklas,Stark,30.0,Germany,190,88,https://media.api-sports.io/football/players/2916.png,Defender,14.0,9.0,727.0,6.55,0.0,0.0,3.0,1.0,453.0,,87.0,16.0,5.0,13.0,1.0,,56.0,34.0,7.0,11.0,6.0,0.0
78,Bundesliga,2025,169,Eintracht Frankfurt,2927,M. Batshuayi,Michy,Batshuayi-Atunga,32.0,Belgium,185,76,https://media.api-sports.io/football/players/2927.png,Attacker,6.0,1.0,140.0,6.38,1.0,0.0,2.0,1.0,38.0,2.0,73.0,1.0,,,2.0,1.0,23.0,6.0,1.0,2.0,0.0,0.0
78,Bundesliga,2025,162,Werder Bremen,7073,M. Grüll,Marco,Grüll,27.0,Austria,182,74,https://media.api-sports.io/football/players/7073.png,Attacker,33.0,23.0,2020.0,6.75,3.0,1.0,29.0,13.0,616.0,33.0,77.0,38.0,7.0,15.0,43.0,21.0,230.0,101.0,27.0,33.0,5.0,0.0
78,Bundesliga,2025,162,Werder Bremen,7562,R. Schmid,Romano Christian,Schmid,25.0,Austria,168,69,https://media.api-sports.io/football/players/7562.png,Midfielder,34.0,34.0,2988.0,6.94,4.0,8.0,39.0,21.0,1454.0,89.0,76.0,46.0,4.0,11.0,98.0,37.0,336.0,131.0,31.0,19.0,4.0,0.0
78,Bundesliga,2025,169,Eintracht Frankfurt,8451,Aurélio Buta,Aurélio Gabriel Ulineia,Buta,28.0,Portugal,172,66,https://media.api-sports.io/football/players/8451.png,Defender,4.0,1.0,151.0,6.13,0.0,0.0,1.0,,68.0,1.0,77.0,6.0,1.0,,2.0,1.0,18.0,9.0,2.0,3.0,1.0,0.0
78,Bundesliga,2025,162,Werder Bremen,25314,M. Friedl,Marco,Friedl,27.0,Austria,187,82,https://media.api-sports.io/football/players/25314.png,Defender,30.0,29.0,2549.0,6.88,1.0,0.0,8.0,2.0,1796.0,5.0,88.0,44.0,24.0,35.0,7.0,4.0,190.0,118.0,16.0,17.0,9.0,1.0
78,Bundesliga,2025,162,Werder Bremen,25519,M. Kolke,Markus,Kolke,35.0,Germany,187,90,https://media.api-sports.io/football/players/25519.png,Goalkeeper,0.0,0.0,,,0.0,0.0,,,,,,,,,,,,,,,0.0,0.0
78,Bundesliga,2025,169,Eintracht Frankfurt,26291,J. Grahl,Jens,Grahl,37.0,Germany,192,88,https://media.api-sports.io/football/players/26291.png,Goalkeeper,0.0,0.0,,,0.0,0.0,,,,,,,,,,,,,,,0.0,0.0
78,Bundesliga,2025,162,Werder Bremen,26319,F. Agu,Felix,Agu,26.0,Germany,180,67,https://media.api-sports.io/football/players/26319.png,Defender,11.0,9.0,746.0,6.68,0.0,0.0,2.0,1.0,290.0,7.0,79.0,20.0,7.0,11.0,7.0,4.0,77.0,53.0,15.0,8.0,1.0,0.0
78,Bundesliga,2025,162,Werder Bremen,38798,S. Lynen,Senne Maaike,Lynen,26.0,Belgium,185,80,https://media.api-sports.io/football/players/38798.png,Midfielder,31.0,31.0,2757.0,6.79,0.0,0.0,14.0,4.0,1637.0,15.0,86.0,63.0,11.0,78.0,19.0,6.0,252.0,112.0,12.0,38.0,4.0,0.0
78,Bundesliga,2025,169,Eintracht Frankfurt,156490,N. Nkounkou,Niels Patrick,Nkounkou,25.0,France,184,75,https://media.api-sports.io/football/players/156490.png,Defender,0.0,0.0,,,0.0,0.0,,,,,,,,,,,,,,,0.0,0.0
78,Bundesliga,2025,162,Werder Bremen,177807,J. Njinmah,Justin Gideon,Njinmah,25.0,Germany,184,75,https://media.api-sports.io/football/players/177807.png,Midfielder,33.0,22.0,1955.0,6.68,5.0,0.0,47.0,23.0,438.0,16.0,76.0,23.0,1.0,6.0,55.0,21.0,170.0,86.0,25.0,8.0,2.0,0.0
78,Bundesliga,2025,162,Werder Bremen,216770,I. Hansen-Aarøen,Isak,Hansen-Aarøen,21.0,Norway,173,67,https://media.api-sports.io/football/players/216770.png,Midfielder,1.0,0.0,1.0,,0.0,0.0,,,5.0,,60.0,2.0,,,1.0,,3.0,2.0,,,0.0,0.0
78,Bundesliga,2025,162,Werder Bremen,289460,J. Malatini,Julián,Malatini,24.0,Argentina,191,84,https://media.api-sports.io/football/players/289460.png,Defender,11.0,5.0,540.0,6.43,0.0,0.0,1.0,,339.0,2.0,83.0,15.0,1.0,5.0,3.0,1.0,53.0,28.0,1.0,7.0,3.0,0.0
78,Bundesliga,2025,162,Werder Bremen,329578,M. Backhaus,Mio,Backhaus,21.0,Germany,194,82,https://media.api-sports.io/football/players/329578.png,Goalkeeper,32.0,32.0,2880.0,7.1,0.0,0.0,,,1056.0,,78.0,,,,,,28.0,25.0,12.0,,1.0,0.0
78,Bundesliga,2025,162,Werder Bremen,334334,K. Topp,Keke Maximilian,Topp,21.0,Germany,192,81,https://media.api-sports.io/football/players/334334.png,Attacker,20.0,7.0,659.0,6.39,1.0,1.0,14.0,3.0,188.0,8.0,75.0,9.0,,1.0,9.0,5.0,115.0,43.0,7.0,16.0,4.0,0.0
78,Bundesliga,2025,162,Werder Bremen,346866,S. Mbangula,Samuel-Germain,Kinduelu Mbangula Tshifunda,21.0,Belgium,171,64,https://media.api-sports.io/football/players/346866.png,Midfielder,26.0,12.0,1182.0,6.83,3.0,2.0,12.0,8.0,481.0,15.0,86.0,16.0,1.0,4.0,54.0,30.0,151.0,75.0,23.0,4.0,0.0,0.0
78,Bundesliga,2025,162,Werder Bremen,440147,Abdoul Karim Coulibaly,Abdoul Karim,Coulibaly,18.0,Germany,191,75,https://media.api-sports.io/football/players/440147.png,Defender,27.0,24.0,2122.0,6.45,1.0,0.0,6.0,1.0,1437.0,7.0,86.0,27.0,17.0,23.0,12.0,8.0,161.0,80.0,9.0,18.0,4.0,0.0
78,Bundesliga,2025,162,Werder Bremen,448468,P. Čović,Patrice,Čović,18.0,Croatia,176,68,https://media.api-sports.io/football/players/448468.png,Midfielder,15.0,2.0,348.0,6.61,1.0,0.0,2.0,2.0,200.0,3.0,79.0,13.0,,4.0,4.0,,36.0,15.0,2.0,6.0,1.0,0.0
78,Bundesliga,2025,160,SC Freiburg,2915,M. Ginter,Matthias Lukas,Ginter,31.0,Germany,191,86,https://media.api-sports.io/football/players/2915.png,Defender,32.0,32.0,2836.0,7.01,3.0,4.0,13.0,7.0,1787.0,15.0,87.0,22.0,21.0,23.0,8.0,3.0,248.0,152.0,20.0,16.0,3.0,0.0
78,Bundesliga,2025,160,SC Freiburg,2917,M. Eggestein,Maximilian,Eggestein,29.0,Germany,181,75,https://media.api-sports.io/football/players/2917.png,Midfielder,34.0,34.0,3060.0,6.83,3.0,1.0,24.0,13.0,1482.0,19.0,82.0,64.0,15.0,30.0,22.0,15.0,270.0,154.0,20.0,18.0,4.0,0.0
78,Bundesliga,2025,160,SC Freiburg,25905,F. Müller,Florian Lorenz,Müller,28.0,Germany,190,88,https://media.api-sports.io/football/players/25905.png,Goalkeeper,0.0,0.0,,,0.0,0.0,,,,,,,,,,,,,,,0.0,0.0
78,Bundesliga,2025,160,SC Freiburg,26236,C. Günter,Christian,Günter,32.0,Germany,184,83,https://media.api-sports.io/football/players/26236.png,Defender,24.0,18.0,1573.0,6.57,0.0,3.0,6.0,,514.0,20.0,78.0,19.0,6.0,9.0,5.0,2.0,69.0,37.0,6.0,10.0,3.0,0.0
78,Bundesliga,2025,160,SC Freiburg,26239,L. Kübler,Lukas,Kübler,33.0,Germany,182,74,https://media.api-sports.io/football/players/26239.png,Defender,23.0,19.0,1593.0,6.68,2.0,2.0,14.0,5.0,635.0,11.0,81.0,41.0,9.0,38.0,5.0,2.0,156.0,92.0,11.0,20.0,3.0,0.0
78,Bundesliga,2025,160,SC Freiburg,26240,P. Lienhart,Philipp,Lienhart,29.0,Austria,189,83,https://media.api-sports.io/football/players/26240.png,Defender,20.0,14.0,1305.0,6.98,1.0,0.0,8.0,2.0,977.0,5.0,90.0,18.0,8.0,15.0,5.0,3.0,92.0,60.0,8.0,7.0,3.0,0.0
78,Bundesliga,2025,160,SC Freiburg,26248,V. Grifo,Vincenzo,Grifo,32.0,Italy,180,76,https://media.api-sports.io/football/players/26248.png,Midfielder,33.0,21.0,1720.0,6.98,7.0,4.0,20.0,12.0,788.0,41.0,82.0,10.0,1.0,14.0,16.0,10.0,81.0,38.0,12.0,10.0,0.0,0.0
78,Bundesliga,2025,160,SC Freiburg,26255,L. Höler,Lucas,Höler,31.0,Germany,184,83,https://media.api-sports.io/football/players/26255.png,Attacker,32.0,25.0,2065.0,6.67,3.0,1.0,27.0,15.0,560.0,24.0,68.0,24.0,2.0,11.0,25.0,10.0,287.0,131.0,30.0,30.0,4.0,0.0
78,Bundesliga,2025,160,SC Freiburg,178768,N. Atubolu,Noah,Atubolu,23.0,Germany,190,78,https://media.api-sports.io/football/players/178768.png,Goalkeeper,34.0,34.0,3060.0,7.09,0.0,0.0,,,1361.0,3.0,67.0,,,,,,16.0,16.0,6.0,,1.0,0.0
78,Bundesliga,2025,160,SC Freiburg,191160,J. Makengo,Jordy,Makengo Basambundu,24.0,France,191,78,https://media.api-sports.io/football/players/191160.png,Defender,20.0,12.0,1188.0,6.57,0.0,1.0,,,445.0,5.0,84.0,22.0,10.0,15.0,13.0,7.0,84.0,52.0,9.0,10.0,1.0,0.0
78,Bundesliga,2025,162,Werder Bremen,193720,S. Alvero,Skelly,Alvero,23.0,France,202,93,https://media.api-sports.io/football/players/193720.png,Midfielder,2.0,0.0,37.0,6.8,0.0,0.0,,,24.0,,95.0,,1.0,1.0,,,1.0,1.0,1.0,,0.0,0.0
78,Bundesliga,2025,160,SC Freiburg,199143,Y. Suzuki,Yuito,Suzuki,24.0,Japan,175,70,https://media.api-sports.io/football/players/199143.png,Midfielder,25.0,18.0,1636.0,6.77,4.0,2.0,27.0,14.0,404.0,25.0,77.0,20.0,1.0,10.0,34.0,18.0,151.0,57.0,10.0,19.0,3.0,0.0
78,Bundesliga,2025,160,SC Freiburg,202526,E. Dinkçi,Eren Sami,Dinkçi,24.0,Germany,188,70,https://media.api-sports.io/football/players/202526.png,Midfielder,8.0,3.0,264.0,6.35,0.0,0.0,3.0,,84.0,1.0,72.0,8.0,,4.0,5.0,2.0,25.0,11.0,1.0,2.0,1.0,0.0
78,Bundesliga,2025,180,1. FC Heidenheim,202526,E. Dinkçi,Eren Sami,Dinkçi,24.0,Germany,188,70,https://media.api-sports.io/football/players/202526.png,Attacker,14.0,13.0,1135.0,7.04,3.0,1.0,21.0,9.0,321.0,10.0,70.0,17.0,1.0,6.0,23.0,9.0,92.0,34.0,4.0,9.0,3.0,0.0
78,Bundesliga,2025,160,SC Freiburg,202854,M. Röhl,Merlin,Röhl,23.0,Germany,192,75,https://media.api-sports.io/football/players/202854.png,Midfielder,2.0,0.0,65.0,6.4,0.0,0.0,,,28.0,,89.0,1.0,1.0,,,,9.0,3.0,,2.0,0.0,0.0
78,Bundesliga,2025,160,SC Freiburg,286710,D. Scherhant,Derry Lionel,Scherhant,23.0,Germany,185,78,https://media.api-sports.io/football/players/286710.png,Attacker,31.0,12.0,1308.0,6.7,5.0,1.0,23.0,13.0,226.0,22.0,75.0,20.0,4.0,7.0,80.0,30.0,229.0,92.0,36.0,19.0,2.0,0.0
78,Bundesliga,2025,162,Werder Bremen,363638,L. Opitz,Leon,Opitz,20.0,Germany,183,79,https://media.api-sports.io/football/players/363638.png,Attacker,0.0,0.0,,,0.0,0.0,,,,,,,,,,,,,,,0.0,0.0
78,Bundesliga,2025,160,SC Freiburg,406244,J. Manzambi,Johan,Manzambi,20.0,Switzerland,182,75,https://media.api-sports.io/football/players/406244.png,Midfielder,27.0,26.0,2094.0,7.21,5.0,4.0,37.0,13.0,940.0,19.0,84.0,35.0,2.0,27.0,63.0,33.0,304.0,179.0,78.0,22.0,4.0,2.0
78,Bundesliga,2025,160,SC Freiburg,431149,Cyriaque Kalou Irié,Cyriaque Kalou,Irié,20.0,Côte d'Ivoire,184,,https://media.api-sports.io/football/players/431149.png,Attacker,10.0,3.0,343.0,6.63,0.0,0.0,6.0,2.0,110.0,4.0,83.0,9.0,,3.0,20.0,12.0,70.0,33.0,8.0,11.0,3.0,0.0
78,Bundesliga,2025,162,Werder Bremen,444984,Mick Schmetgens,Mick,Schmetgens,18.0,Germany,190,85,https://media.api-sports.io/football/players/444984.png,Defender,2.0,0.0,36.0,7.3,0.0,0.0,,,40.0,,90.0,1.0,2.0,1.0,,,4.0,3.0,,,0.0,0.0
78,Bundesliga,2025,162,Werder Bremen,455290,Wesley Adeh,Wesley,Adeh,18.0,Germany,187,77,https://media.api-sports.io/football/players/455290.png,Midfielder,0.0,0.0,,,0.0,0.0,,,,,,,,,,,,,,,0.0,0.0
78,Bundesliga,2025,170,FC Augsburg,26,M. Wolf,Marius,Wolf,30.0,Germany,188,81,https://media.api-sports.io/football/players/26.png,Midfielder,29.0,12.0,1040.0,6.7,1.0,1.0,12.0,5.0,328.0,21.0,65.0,19.0,,11.0,16.0,7.0,75.0,35.0,2.0,10.0,4.0,0.0
78,Bundesliga,2025,170,FC Augsburg,110,H. Massengo,Han-Noah,Massengo,24.0,France,178,70,https://media.api-sports.io/football/players/110.png,Midfielder,33.0,29.0,2435.0,6.83,2.0,1.0,15.0,6.0,1116.0,17.0,85.0,41.0,9.0,38.0,40.0,26.0,201.0,107.0,23.0,25.0,5.0,0.0
78,Bundesliga,2025,170,FC Augsburg,2360,D. Giannoulis,Dimitrios Christos,Giannoulis,30.0,Greece,175,62,https://media.api-sports.io/football/players/2360.png,Midfielder,27.0,25.0,1901.0,6.96,2.0,5.0,9.0,6.0,656.0,34.0,71.0,27.0,11.0,19.0,42.0,19.0,145.0,78.0,20.0,16.0,8.0,0.0
78,Bundesliga,2025,170,FC Augsburg,14395,K. Jakić,Kristijan,Jakić,28.0,Croatia,184,78,https://media.api-sports.io/football/players/14395.png,Attacker,26.0,18.0,1653.0,6.77,2.0,1.0,13.0,6.0,721.0,13.0,80.0,34.0,7.0,16.0,14.0,6.0,146.0,75.0,17.0,17.0,5.0,0.0
78,Bundesliga,2025,170,FC Augsburg,14553,N. Labrović,Nediljko,Labrović,26.0,Croatia,196,88,https://media.api-sports.io/football/players/14553.png,Goalkeeper,0.0,0.0,,,0.0,0.0,,,,,,,,,,,,,,,0.0,0.0
78,Bundesliga,2025,160,SC Freiburg,15874,A. Jung,Anthony,Jung,34.0,Germany,186,83,https://media.api-sports.io/football/players/15874.png,Defender,12.0,4.0,528.0,6.57,0.0,0.0,1.0,,324.0,4.0,82.0,4.0,8.0,9.0,1.0,1.0,36.0,21.0,3.0,4.0,2.0,0.0
78,Bundesliga,2025,170,FC Augsburg,25290,J. Gouweleeuw,Jeffrey,Gouweleeuw,34.0,Netherlands,188,83,https://media.api-sports.io/football/players/25290.png,Defender,11.0,10.0,851.0,6.53,0.0,1.0,4.0,3.0,371.0,5.0,79.0,19.0,3.0,14.0,3.0,2.0,71.0,38.0,3.0,7.0,3.0,0.0
78,Bundesliga,2025,170,FC Augsburg,25355,A. Maier,Arne Carl,Maier,26.0,Germany,186,79,https://media.api-sports.io/football/players/25355.png,Midfielder,1.0,0.0,15.0,6.6,0.0,0.0,,,5.0,,80.0,1.0,,1.0,,,1.0,1.0,,,0.0,0.0
78,Bundesliga,2025,170,FC Augsburg,25413,E. Rexhbeçaj,Elvis,Rexhbeçaj,28.0,Kosovo,182,78,https://media.api-sports.io/football/players/25413.png,Midfielder,26.0,10.0,1120.0,6.62,2.0,0.0,8.0,5.0,406.0,9.0,77.0,18.0,1.0,5.0,8.0,5.0,113.0,51.0,16.0,13.0,4.0,0.0
78,Bundesliga,2025,170,FC Augsburg,25903,F. Dahmen,Finn Gilbert,Dahmen,27.0,Germany,186,80,https://media.api-sports.io/football/players/25903.png,Goalkeeper,34.0,34.0,3060.0,7.01,0.0,0.0,1.0,,1429.0,4.0,68.0,3.0,,,,,26.0,26.0,9.0,,1.0,0.0
78,Bundesliga,2025,170,FC Augsburg,26171,P. Tietz,Phillip,Tietz,28.0,Germany,190,86,https://media.api-sports.io/football/players/26171.png,Attacker,10.0,0.0,189.0,6.48,1.0,0.0,5.0,3.0,66.0,3.0,66.0,1.0,,,5.0,,34.0,11.0,4.0,6.0,2.0,0.0
78,Bundesliga,2025,164,FSV Mainz 05,26171,P. Tietz,Phillip,Tietz,28.0,Germany,190,86,https://media.api-sports.io/football/players/26171.png,Attacker,19.0,19.0,1618.0,6.48,5.0,2.0,40.0,21.0,429.0,18.0,57.0,7.0,1.0,7.0,26.0,12.0,303.0,128.0,21.0,32.0,2.0,0.0
78,Bundesliga,2025,170,FC Augsburg,26242,K. Schlotterbeck,Keven Matteo,Schlotterbeck,28.0,Germany,189,84,https://media.api-sports.io/football/players/26242.png,Defender,24.0,22.0,2031.0,6.98,0.0,1.0,9.0,3.0,1210.0,12.0,85.0,40.0,23.0,33.0,12.0,10.0,211.0,136.0,20.0,26.0,6.0,0.0
78,Bundesliga,2025,160,SC Freiburg,26250,N. Höfler,Nicolas,Höfler,35.0,Germany,181,79,https://media.api-sports.io/football/players/26250.png,Midfielder,14.0,2.0,319.0,6.49,0.0,0.0,4.0,2.0,121.0,,85.0,7.0,1.0,2.0,2.0,1.0,34.0,15.0,3.0,6.0,0.0,0.0
78,Bundesliga,2025,170,FC Augsburg,48574,C. Zesiger,Cédric Adrian,Zesiger,27.0,Switzerland,194,92,https://media.api-sports.io/football/players/48574.png,Defender,27.0,20.0,1840.0,6.68,0.0,0.0,8.0,3.0,943.0,8.0,81.0,34.0,18.0,18.0,11.0,3.0,158.0,87.0,16.0,18.0,7.0,0.0
78,Bundesliga,2025,160,SC Freiburg,125173,J. Adamu,Junior Chukwubuike,Adamu,24.0,Austria,183,79,https://media.api-sports.io/football/players/125173.png,Attacker,9.0,7.0,456.0,6.56,1.0,1.0,7.0,3.0,82.0,4.0,58.0,11.0,2.0,6.0,12.0,5.0,97.0,48.0,9.0,10.0,1.0,0.0
78,Bundesliga,2025,170,FC Augsburg,143831,R. Fellhauer,Robin Salvatore,Fellhauer,27.0,Germany,182,75,https://media.api-sports.io/football/players/143831.png,Midfielder,34.0,31.0,2810.0,6.82,3.0,2.0,24.0,9.0,903.0,31.0,75.0,57.0,9.0,24.0,34.0,15.0,275.0,144.0,33.0,24.0,2.0,0.0
78,Bundesliga,2025,170,FC Augsburg,163039,C. Matsima,Chrislain Iris Aurel,Matsima,23.0,France,193,81,https://media.api-sports.io/football/players/163039.png,Defender,18.0,17.0,1494.0,6.79,1.0,1.0,4.0,1.0,758.0,4.0,85.0,19.0,20.0,30.0,3.0,1.0,94.0,62.0,4.0,10.0,5.0,0.0
78,Bundesliga,2025,170,FC Augsburg,323974,E. Saad,Elias,Saad,26.0,Tunisia,185,72,https://media.api-sports.io/football/players/323974.png,Attacker,10.0,7.0,499.0,6.69,0.0,0.0,4.0,3.0,152.0,12.0,79.0,15.0,1.0,1.0,34.0,15.0,99.0,48.0,12.0,8.0,1.0,0.0
78,Bundesliga,2025,170,FC Augsburg,348888,M. Kömür,Mert,Kömür,20.0,Germany,183,77,https://media.api-sports.io/football/players/348888.png,Attacker,28.0,17.0,1466.0,6.63,2.0,4.0,31.0,16.0,459.0,23.0,80.0,15.0,,7.0,40.0,17.0,192.0,64.0,19.0,26.0,1.0,0.0
78,Bundesliga,2025,160,SC Freiburg,361393,I. Ogbus,Bruno Ifechukwu,Ogbus,20.0,Switzerland,185,84,https://media.api-sports.io/football/players/361393.png,Defender,18.0,14.0,1186.0,6.67,0.0,0.0,4.0,2.0,620.0,1.0,91.0,23.0,18.0,11.0,15.0,3.0,117.0,59.0,11.0,5.0,1.0,0.0
78,Bundesliga,2025,170,FC Augsburg,3395,S. Mounié,Steve Michel,Mounié,31.0,Benin,190,83,https://media.api-sports.io/football/players/3395.png,Attacker,0.0,0.0,,,0.0,0.0,,,,,,,,,,,,,,,0.0,0.0
78,Bundesliga,2025,180,1. FC Heidenheim,8959,A. Beck,Adrian,Beck,28.0,Germany,186,75,https://media.api-sports.io/football/players/8959.png,Midfielder,24.0,9.0,884.0,6.78,1.0,1.0,7.0,4.0,388.0,18.0,84.0,18.0,4.0,4.0,30.0,18.0,128.0,60.0,14.0,13.0,1.0,0.0
78,Bundesliga,2025,180,1. FC Heidenheim,15732,M. Kaufmann,Mikkel,Kaufmann Sørensen,24.0,Denmark,190,81,https://media.api-sports.io/football/players/15732.png,Attacker,16.0,6.0,546.0,6.55,1.0,1.0,8.0,3.0,99.0,4.0,64.0,3.0,1.0,1.0,1.0,,97.0,38.0,13.0,14.0,2.0,0.0
78,Bundesliga,2025,170,FC Augsburg,15901,M. Pedersen,Mads Giersing Valentin,Pedersen,29.0,Denmark,174,72,https://media.api-sports.io/football/players/15901.png,Defender,7.0,1.0,213.0,6.69,0.0,0.0,1.0,,61.0,3.0,77.0,5.0,1.0,1.0,5.0,,29.0,8.0,3.0,5.0,0.0,0.0
78,Bundesliga,2025,180,1. FC Heidenheim,24641,B. Zivzivadze,Budu,Zivzivadze,31.0,Georgia,189,85,https://media.api-sports.io/football/players/24641.png,Attacker,20.0,14.0,1146.0,6.62,6.0,0.0,23.0,14.0,219.0,7.0,72.0,14.0,2.0,1.0,31.0,13.0,160.0,56.0,13.0,15.0,2.0,1.0
78,Bundesliga,2025,180,1. FC Heidenheim,24893,K. Müller,Kevin,Müller,34.0,Germany,190,94,https://media.api-sports.io/football/players/24893.png,Goalkeeper,0.0,0.0,,,0.0,0.0,,,,,,,,,,,,,,,0.0,0.0
78,Bundesliga,2025,180,1. FC Heidenheim,24897,M. Busch,Marnon-Thomas,Busch,31.0,Germany,182,80,https://media.api-sports.io/football/players/24897.png,Midfielder,29.0,20.0,1912.0,6.77,1.0,5.0,8.0,3.0,684.0,17.0,80.0,36.0,11.0,32.0,13.0,3.0,140.0,68.0,8.0,18.0,4.0,0.0
78,Bundesliga,2025,180,1. FC Heidenheim,24899,P. Mainka,Patrick,Mainka,31.0,Germany,194,86,https://media.api-sports.io/football/players/24899.png,Defender,34.0,34.0,3060.0,6.86,2.0,2.0,34.0,9.0,1354.0,10.0,87.0,45.0,41.0,35.0,4.0,4.0,332.0,212.0,20.0,11.0,1.0,0.0
78,Bundesliga,2025,180,1. FC Heidenheim,24904,N. Dorsch,Niklas Bernd,Dorsch,27.0,Germany,178,76,https://media.api-sports.io/football/players/24904.png,Midfielder,32.0,27.0,2270.0,6.85,0.0,1.0,9.0,3.0,982.0,24.0,88.0,59.0,6.0,20.0,24.0,12.0,191.0,112.0,27.0,30.0,2.0,0.0
78,Bundesliga,2025,180,1. FC Heidenheim,24955,M. Honsak,Mathias,Honsak,29.0,Austria,188,78,https://media.api-sports.io/football/players/24955.png,Attacker,27.0,15.0,1260.0,6.57,2.0,1.0,24.0,8.0,300.0,12.0,74.0,21.0,1.0,18.0,38.0,15.0,157.0,66.0,15.0,11.0,1.0,0.0
78,Bundesliga,2025,180,1. FC Heidenheim,24979,J. Föhrenbach,Jonas,Föhrenbach,29.0,Germany,184,81,https://media.api-sports.io/football/players/24979.png,Midfielder,27.0,25.0,2327.0,6.62,1.0,1.0,1.0,1.0,822.0,21.0,79.0,46.0,9.0,30.0,9.0,2.0,159.0,91.0,18.0,16.0,3.0,0.0
78,Bundesliga,2025,180,1. FC Heidenheim,25203,B. Gimber,Benedikt Steffen,Gimber,28.0,Germany,187,85,https://media.api-sports.io/football/players/25203.png,Defender,21.0,18.0,1448.0,6.42,0.0,0.0,4.0,2.0,663.0,1.0,83.0,35.0,7.0,13.0,7.0,5.0,165.0,98.0,31.0,27.0,6.0,0.0
78,Bundesliga,2025,180,1. FC Heidenheim,25502,O. Traoré,Omar Haktab,Traoré,27.0,Germany,187,77,https://media.api-sports.io/football/players/25502.png,Defender,26.0,16.0,1514.0,6.42,0.0,2.0,8.0,2.0,566.0,13.0,77.0,24.0,1.0,14.0,25.0,13.0,142.0,66.0,19.0,22.0,2.0,0.0
78,Bundesliga,2025,180,1. FC Heidenheim,127619,J. Schöppner,Jan,Schöppner,26.0,Germany,190,78,https://media.api-sports.io/football/players/127619.png,Midfielder,31.0,29.0,2260.0,6.66,3.0,3.0,15.0,7.0,697.0,14.0,68.0,32.0,11.0,34.0,32.0,11.0,247.0,107.0,17.0,20.0,5.0,0.0
78,Bundesliga,2025,180,1. FC Heidenheim,177815,T. Siersleben,Tim,Siersleben,25.0,Germany,187,80,https://media.api-sports.io/football/players/177815.png,Defender,15.0,12.0,1093.0,6.55,0.0,0.0,5.0,3.0,545.0,2.0,81.0,23.0,10.0,20.0,1.0,,90.0,49.0,13.0,13.0,2.0,0.0
78,Bundesliga,2025,180,1. FC Heidenheim,280055,L. Kerber,Luca,Kerber,23.0,Germany,180,77,https://media.api-sports.io/football/players/280055.png,Midfielder,18.0,8.0,721.0,6.61,2.0,0.0,7.0,3.0,115.0,2.0,72.0,17.0,3.0,3.0,5.0,,78.0,35.0,6.0,12.0,3.0,0.0
78,Bundesliga,2025,180,1. FC Heidenheim,283323,Léo Scienza,Leonardo,Weschenfelder Scienza,27.0,Brazil,175,69,https://media.api-sports.io/football/players/283323.png,Attacker,2.0,2.0,180.0,7.45,1.0,0.0,2.0,1.0,37.0,3.0,75.0,2.0,,,9.0,3.0,25.0,12.0,7.0,1.0,0.0,0.0
78,Bundesliga,2025,170,FC Augsburg,343710,K. Dong,Kyliane,Dong,21.0,France,178,68,https://media.api-sports.io/football/players/343710.png,Attacker,0.0,0.0,,,0.0,0.0,,,,,,,,,,,,,,,0.0,0.0
78,Bundesliga,2025,170,FC Augsburg,413065,Noahkai Kai Daniel Banks,Noahkai Kai Daniel,Banks,19.0,USA,193,93,https://media.api-sports.io/football/players/413065.png,Defender,23.0,20.0,1738.0,6.92,1.0,1.0,6.0,5.0,881.0,7.0,90.0,42.0,13.0,16.0,9.0,5.0,172.0,100.0,18.0,29.0,8.0,0.0
78,Bundesliga,2025,180,1. FC Heidenheim,431917,Adam Kölle,Adam,Kölle,19.0,Germany,195,91,https://media.api-sports.io/football/players/431917.png,Defender,6.0,0.0,89.0,6.43,1.0,0.0,2.0,1.0,31.0,1.0,67.0,1.0,,1.0,1.0,,17.0,5.0,1.0,5.0,1.0,0.0
78,Bundesliga,2025,161,VfL Wolfsburg,549,V. Černý,Václav,Černý,28.0,Czechia,182,68,https://media.api-sports.io/football/players/549.png,Midfielder,2.0,0.0,46.0,6.6,0.0,0.0,,,7.0,,71.0,,,,2.0,1.0,7.0,4.0,2.0,,0.0,0.0
78,Bundesliga,2025,161,VfL Wolfsburg,1141,M. Müller,Marius,Müller,32.0,Germany,192,92,https://media.api-sports.io/football/players/1141.png,Goalkeeper,0.0,0.0,,,0.0,0.0,,,,,,,,,,,,,,,1.0,1.0
78,Bundesliga,2025,161,VfL Wolfsburg,1321,L. Majer,Lovro,Majer,27.0,Croatia,178,76,https://media.api-sports.io/football/players/1321.png,Midfielder,29.0,16.0,1389.0,6.67,2.0,3.0,20.0,7.0,544.0,22.0,81.0,27.0,1.0,9.0,25.0,12.0,172.0,72.0,21.0,31.0,6.0,0.0
78,Bundesliga,2025,161,VfL Wolfsburg,10169,Vinicius Souza,Vinicius,de Souza Costa,26.0,Brazil,187,80,https://media.api-sports.io/football/players/10169.png,Midfielder,25.0,23.0,1898.0,6.91,0.0,0.0,8.0,2.0,729.0,8.0,81.0,60.0,9.0,28.0,16.0,9.0,251.0,152.0,24.0,42.0,6.0,0.0
78,Bundesliga,2025,161,VfL Wolfsburg,15573,K. Grabara,Kamil Mieczysław,Grabara,26.0,Poland,195,80,https://media.api-sports.io/football/players/15573.png,Goalkeeper,36.0,36.0,3270.0,7.23,0.0,0.0,1.0,,1218.0,3.0,65.0,1.0,,1.0,1.0,1.0,21.0,19.0,2.0,,1.0,0.0
78,Bundesliga,2025,161,VfL Wolfsburg,15916,A. Skov Olsen,Andreas,Skov Olsen,26.0,Denmark,187,75,https://media.api-sports.io/football/players/15916.png,Midfielder,8.0,4.0,369.0,6.76,1.0,0.0,6.0,2.0,126.0,7.0,87.0,2.0,,1.0,4.0,3.0,20.0,12.0,4.0,1.0,1.0,0.0
78,Bundesliga,2025,161,VfL Wolfsburg,25400,Y. Gerhardt,Yannick,Gerhardt,31.0,Germany,184,81,https://media.api-sports.io/football/players/25400.png,Attacker,20.0,13.0,1975.0,6.72,8.0,3.0,50.0,19.0,507.0,26.0,69.0,39.0,1.0,7.0,50.0,18.0,239.0,94.0,11.0,22.0,1.0,0.0
78,Bundesliga,2025,161,VfL Wolfsburg,25408,M. Arnold,Maximilian,Arnold,31.0,Germany,184,74,https://media.api-sports.io/football/players/25408.png,Midfielder,25.0,20.0,1860.0,7.09,1.0,4.0,9.0,5.0,1029.0,29.0,84.0,22.0,12.0,24.0,8.0,5.0,116.0,64.0,26.0,17.0,5.0,0.0
78,Bundesliga,2025,161,VfL Wolfsburg,30484,M. Svanberg,Mattias Olof,Svanberg,26.0,Sweden,185,75,https://media.api-sports.io/football/players/30484.png,Midfielder,26.0,10.0,1028.0,6.61,3.0,1.0,17.0,8.0,267.0,7.0,72.0,12.0,5.0,11.0,13.0,3.0,127.0,56.0,24.0,20.0,6.0,0.0
78,Bundesliga,2025,161,VfL Wolfsburg,126642,P. Wimmer,Patrick,Wimmer,24.0,Austria,182,77,https://media.api-sports.io/football/players/126642.png,Midfielder,25.0,21.0,1634.0,6.92,4.0,3.0,19.0,8.0,494.0,16.0,65.0,47.0,2.0,25.0,75.0,38.0,321.0,149.0,33.0,28.0,4.0,0.0
78,Bundesliga,2025,161,VfL Wolfsburg,162409,K. Koulierakis,Konstantinos,Koulierakis,22.0,Greece,188,78,https://media.api-sports.io/football/players/162409.png,Defender,31.0,29.0,2698.0,6.82,4.0,1.0,21.0,12.0,1615.0,17.0,84.0,43.0,15.0,38.0,7.0,3.0,233.0,133.0,16.0,32.0,6.0,0.0
78,Bundesliga,2025,161,VfL Wolfsburg,177618,K. Fischer,Kilian,Fischer,25.0,Germany,182,77,https://media.api-sports.io/football/players/177618.png,Defender,11.0,10.0,803.0,6.31,0.0,0.0,2.0,,365.0,3.0,80.0,20.0,3.0,12.0,6.0,1.0,72.0,37.0,4.0,10.0,0.0,0.0
78,Bundesliga,2025,161,VfL Wolfsburg,200139,M. Amoura,Mohammed El Amine,Amoura,26.0,Algeria,170,61,https://media.api-sports.io/football/players/200139.png,Attacker,32.0,23.0,1975.0,6.72,8.0,3.0,50.0,19.0,507.0,26.0,69.0,39.0,1.0,7.0,50.0,18.0,239.0,94.0,11.0,22.0,2.0,0.0
78,Bundesliga,2025,180,1. FC Heidenheim,203011,J. Niehues,Julian,Niehues,24.0,Germany,195,89,https://media.api-sports.io/football/players/203011.png,Midfielder,24.0,17.0,1397.0,6.75,3.0,0.0,13.0,5.0,611.0,7.0,82.0,17.0,7.0,21.0,9.0,5.0,108.0,56.0,9.0,10.0,1.0,0.0
78,Bundesliga,2025,161,VfL Wolfsburg,231032,M. Jenz,Moritz,Jenz,26.0,Germany,190,86,https://media.api-sports.io/football/players/231032.png,Defender,22.0,20.0,1789.0,6.58,1.0,0.0,2.0,1.0,1021.0,2.0,89.0,32.0,20.0,12.0,,,167.0,102.0,7.0,31.0,7.0,0.0
78,Bundesliga,2025,161,VfL Wolfsburg,323951,A. Zehnter,Aaron,Zehnter,21.0,Germany,180,70,https://media.api-sports.io/football/players/323951.png,Defender,20.0,17.0,1465.0,6.53,2.0,0.0,10.0,5.0,596.0,16.0,76.0,15.0,7.0,18.0,10.0,7.0,63.0,31.0,,2.0,0.0,0.0
78,Bundesliga,2025,161,VfL Wolfsburg,342188,D. Pejčinović,Dženan,Pejčinović,20.0,Germany,188,78,https://media.api-sports.io/football/players/342188.png,Attacker,32.0,18.0,1670.0,6.59,9.0,0.0,44.0,24.0,420.0,14.0,68.0,10.0,3.0,3.0,18.0,5.0,228.0,76.0,8.0,26.0,1.0,0.0
78,Bundesliga,2025,161,VfL Wolfsburg,394740,D. Odogu,David Uyoyo,Odogu,19.0,Germany,191,83,https://media.api-sports.io/football/players/394740.png,Defender,0.0,0.0,,,0.0,0.0,,,,,,,,,,,,,,,0.0,0.0
78,Bundesliga,2025,161,VfL Wolfsburg,449714,M. Angely,Mathys,Angély,18.0,France,190,79,https://media.api-sports.io/football/players/449714.png,Defender,0.0,0.0,,,0.0,0.0,,,,,,,,,,,,,,,0.0,0.0
78,Bundesliga,2025,180,1. FC Heidenheim,480613,Y. Wagner,Yannik,Wagner,18.0,Germany,182,,https://media.api-sports.io/football/players/480613.png,Attacker,4.0,0.0,45.0,6.63,0.0,0.0,,,10.0,2.0,70.0,1.0,,,,,2.0,1.0,,,0.0,0.0
78,Bundesliga,2025,164,FSV Mainz 05,714,N. Amiri,Nadiem,Amiri,29.0,Germany,180,75,https://media.api-sports.io/football/players/714.png,Midfielder,26.0,24.0,2090.0,7.45,12.0,2.0,33.0,22.0,1111.0,63.0,81.0,31.0,3.0,22.0,49.0,25.0,187.0,94.0,26.0,20.0,6.0,0.0
78,Bundesliga,2025,164,FSV Mainz 05,979,D. Kohr,Dominik,Kohr,31.0,Germany,183,77,https://media.api-sports.io/football/players/979.png,Defender,29.0,28.0,2345.0,6.81,2.0,0.0,11.0,4.0,1125.0,10.0,83.0,48.0,17.0,45.0,11.0,5.0,256.0,134.0,43.0,40.0,10.0,1.0
78,Bundesliga,2025,164,FSV Mainz 05,1812,D. da Costa,Danny,Vieira da Costa,32.0,Germany,187,87,https://media.api-sports.io/football/players/1812.png,Defender,34.0,30.0,2697.0,6.82,2.0,3.0,10.0,5.0,1145.0,16.0,75.0,43.0,16.0,30.0,24.0,15.0,228.0,131.0,24.0,22.0,3.0,0.0
78,Bundesliga,2025,164,FSV Mainz 05,2906,Lee Jae-Sung,Jae-Sung,Lee,33.0,Korea Republic,180,70,https://media.api-sports.io/football/players/2906.png,Attacker,28.0,26.0,2198.0,6.68,4.0,2.0,18.0,9.0,673.0,22.0,77.0,38.0,1.0,25.0,15.0,5.0,245.0,108.0,21.0,19.0,4.0,0.0
78,Bundesliga,2025,164,FSV Mainz 05,22097,A. Nordin,Arnaud Dominique,Nordin,27.0,France,170,70,https://media.api-sports.io/football/players/22097.png,Attacker,13.0,5.0,474.0,6.7,0.0,0.0,9.0,2.0,160.0,3.0,82.0,10.0,1.0,4.0,10.0,4.0,55.0,29.0,13.0,4.0,0.0,0.0
78,Bundesliga,2025,164,FSV Mainz 05,22244,A. Caci,Anthony,Caci,28.0,France,184,76,https://media.api-sports.io/football/players/22244.png,Midfielder,10.0,6.0,520.0,6.9,0.0,0.0,4.0,,301.0,11.0,81.0,15.0,1.0,3.0,10.0,7.0,49.0,29.0,3.0,9.0,3.0,0.0
78,Bundesliga,2025,164,FSV Mainz 05,24842,L. Maloney,Lennard,Maloney,26.0,USA,187,89,https://media.api-sports.io/football/players/24842.png,Midfielder,21.0,4.0,522.0,6.53,0.0,0.0,3.0,1.0,173.0,1.0,72.0,10.0,2.0,8.0,,,76.0,35.0,3.0,13.0,1.0,0.0
78,Bundesliga,2025,164,FSV Mainz 05,25066,M. Leitsch,Maxim,Leitsch,27.0,Germany,188,75,https://media.api-sports.io/football/players/25066.png,Defender,3.0,2.0,162.0,6.7,0.0,0.0,1.0,,90.0,,80.0,3.0,2.0,5.0,,,19.0,9.0,1.0,2.0,0.0,0.0
78,Bundesliga,2025,164,FSV Mainz 05,25906,R. Zentner,Robin,Zentner,31.0,Germany,194,96,https://media.api-sports.io/football/players/25906.png,Goalkeeper,10.0,10.0,877.0,6.94,0.0,0.0,,,367.0,,54.0,,,,1.0,1.0,14.0,8.0,1.0,2.0,2.0,1.0
78,Bundesliga,2025,164,FSV Mainz 05,25907,S. Bell,Stefan,Bell,34.0,Germany,192,88,https://media.api-sports.io/football/players/25907.png,Defender,18.0,13.0,1049.0,6.73,2.0,1.0,11.0,5.0,417.0,5.0,70.0,12.0,10.0,18.0,2.0,1.0,141.0,80.0,7.0,15.0,4.0,0.0
78,Bundesliga,2025,164,FSV Mainz 05,25915,P. Mwene,Phillipp,Mwene,31.0,Austria,170,68,https://media.api-sports.io/football/players/25915.png,Midfielder,29.0,24.0,2072.0,6.82,1.0,2.0,9.0,2.0,592.0,18.0,75.0,29.0,9.0,15.0,16.0,8.0,173.0,82.0,32.0,22.0,4.0,0.0
78,Bundesliga,2025,164,FSV Mainz 05,33889,K. Sano,Kaishu,Sano,25.0,Japan,176,67,https://media.api-sports.io/football/players/33889.png,Midfielder,34.0,34.0,3059.0,7.05,1.0,2.0,16.0,6.0,1282.0,25.0,80.0,52.0,14.0,66.0,42.0,28.0,292.0,183.0,30.0,14.0,1.0,0.0
78,Bundesliga,2025,164,FSV Mainz 05,39279,A. Hanche-Olsen,Andreas,Schjølberg Hanche-Olsen,28.0,Norway,185,79,https://media.api-sports.io/football/players/39279.png,Defender,13.0,8.0,850.0,6.62,0.0,1.0,5.0,3.0,438.0,3.0,81.0,8.0,9.0,15.0,2.0,,110.0,66.0,6.0,13.0,3.0,0.0
78,Bundesliga,2025,164,FSV Mainz 05,48378,S. Widmer,Silvan Dominic,Widmer,32.0,Switzerland,183,77,https://media.api-sports.io/football/players/48378.png,Defender,27.0,22.0,1819.0,6.81,2.0,1.0,15.0,4.0,558.0,8.0,74.0,40.0,8.0,16.0,9.0,2.0,149.0,81.0,11.0,15.0,5.0,0.0
78,Bundesliga,2025,164,FSV Mainz 05,162946,B. Hollerbach,Benedict,Hollerbach,24.0,Germany,181,81,https://media.api-sports.io/football/players/162946.png,Attacker,14.0,13.0,882.0,6.55,1.0,2.0,15.0,6.0,184.0,4.0,72.0,13.0,1.0,1.0,31.0,12.0,174.0,55.0,13.0,18.0,0.0,0.0
78,Bundesliga,2025,164,FSV Mainz 05,180553,L. Rieß,Lasse Finn,Rieß,24.0,Germany,191,88,https://media.api-sports.io/football/players/180553.png,Goalkeeper,4.0,3.0,291.0,6.53,0.0,0.0,,,99.0,,61.0,,,,1.0,1.0,4.0,4.0,1.0,,0.0,0.0
78,Bundesliga,2025,164,FSV Mainz 05,202736,P. Nebel,Paul,Nebel,23.0,Germany,169,66,https://media.api-sports.io/football/players/202736.png,Attacker,30.0,24.0,2081.0,6.6,5.0,2.0,19.0,8.0,770.0,41.0,78.0,50.0,2.0,13.0,50.0,20.0,248.0,103.0,20.0,29.0,2.0,2.0
78,Bundesliga,2025,164,FSV Mainz 05,287932,B. Bobzien,Ben,Bobzien,22.0,Germany,176,70,https://media.api-sports.io/football/players/287932.png,Attacker,1.0,0.0,9.0,6.6,0.0,0.0,,,10.0,,90.0,2.0,,,,,3.0,2.0,,,0.0,0.0
78,Bundesliga,2025,164,FSV Mainz 05,342177,N. Weiper,Nelson Felix Patrick,Weiper,20.0,Germany,191,82,https://media.api-sports.io/football/players/342177.png,Attacker,24.0,3.0,586.0,6.5,0.0,0.0,10.0,6.0,139.0,6.0,62.0,3.0,1.0,3.0,14.0,7.0,125.0,47.0,3.0,6.0,1.0,0.0
78,Bundesliga,2025,161,VfL Wolfsburg,380503,Bence Dárdai,Bence,Dárdai,19.0,Germany,188,71,https://media.api-sports.io/football/players/380503.png,Midfielder,1.0,0.0,34.0,6.6,0.0,0.0,,,8.0,1.0,100.0,1.0,,1.0,,,3.0,1.0,,1.0,0.0,0.0
78,Bundesliga,2025,192,1. FC Köln,1156,T. Krauß,Tom,Krauß,24.0,Germany,182,72,https://media.api-sports.io/football/players/1156.png,Defender,26.0,19.0,1801.0,6.9,0.0,2.0,5.0,2.0,834.0,15.0,86.0,72.0,9.0,28.0,18.0,9.0,194.0,118.0,22.0,23.0,4.0,0.0
78,Bundesliga,2025,192,1. FC Köln,7319,J. Gazibegović,Jusuf,Gazibegović,25.0,Bosnia and Herzegovina,174,67,https://media.api-sports.io/football/players/7319.png,Defender,1.0,0.0,22.0,6.5,0.0,0.0,,,6.0,,83.0,,,,,,,,,,0.0,0.0
78,Bundesliga,2025,186,FC St. Pauli,9026,N. Vasilj,Nikola,Vasilj,30.0,Bosnia and Herzegovina,193,86,https://media.api-sports.io/football/players/9026.png,Goalkeeper,34.0,34.0,3060.0,7.12,0.0,0.0,,,1124.0,,69.0,1.0,,,,,13.0,13.0,1.0,,0.0,0.0
78,Bundesliga,2025,192,1. FC Köln,15871,M. Schwäbe,Marvin,Schwäbe,30.0,Germany,190,86,https://media.api-sports.io/football/players/15871.png,Goalkeeper,34.0,34.0,3060.0,7.13,0.0,0.0,,,1594.0,1.0,69.0,1.0,,,,,11.0,8.0,4.0,1.0,2.0,0.0
78,Bundesliga,2025,192,1. FC Köln,24803,F. Kainz,Florian,Kainz,33.0,Austria,176,71,https://media.api-sports.io/football/players/24803.png,Midfielder,15.0,2.0,276.0,6.75,1.0,1.0,5.0,3.0,181.0,9.0,82.0,4.0,,4.0,3.0,3.0,25.0,12.0,4.0,5.0,1.0,0.0
78,Bundesliga,2025,186,FC St. Pauli,24961,H. Wahl,Hauke Finn,Wahl,31.0,Germany,189,85,https://media.api-sports.io/football/players/24961.png,Defender,30.0,29.0,2591.0,6.79,2.0,1.0,9.0,4.0,1588.0,6.0,86.0,43.0,19.0,30.0,4.0,2.0,206.0,112.0,13.0,11.0,1.0,0.0
78,Bundesliga,2025,192,1. FC Köln,25242,M. Bülter,Marius,Bülter,32.0,Germany,188,85,https://media.api-sports.io/football/players/25242.png,Attacker,32.0,18.0,1606.0,6.84,5.0,4.0,35.0,17.0,402.0,26.0,73.0,7.0,4.0,7.0,19.0,6.0,189.0,76.0,24.0,17.0,3.0,0.0
78,Bundesliga,2025,192,1. FC Köln,26260,L. Waldschmidt,Gian-Luca,Waldschmidt,29.0,Germany,181,74,https://media.api-sports.io/football/players/26260.png,Attacker,24.0,7.0,684.0,6.79,5.0,4.0,21.0,13.0,224.0,13.0,75.0,8.0,2.0,4.0,16.0,7.0,66.0,31.0,6.0,9.0,1.0,0.0
78,Bundesliga,2025,192,1. FC Köln,26293,R. Zieler,Ron-Robert,Zieler,36.0,Germany,188,81,https://media.api-sports.io/football/players/26293.png,Goalkeeper,0.0,0.0,,,0.0,0.0,,,,,,,,,,,,,,,1.0,0.0
78,Bundesliga,2025,192,1. FC Köln,37439,R. Ache,Ragnar Prince,Friedel Ache,27.0,Germany,183,81,https://media.api-sports.io/football/players/37439.png,Attacker,29.0,18.0,1724.0,6.83,7.0,4.0,39.0,22.0,305.0,28.0,60.0,13.0,4.0,4.0,20.0,9.0,336.0,177.0,29.0,18.0,3.0,0.0
78,Bundesliga,2025,192,1. FC Köln,48198,Í. Bergmann Jóhannesson,Ísak,Bergmann Jóhannesson,22.0,Iceland,180,72,https://media.api-sports.io/football/players/48198.png,Midfielder,31.0,21.0,1812.0,6.75,1.0,2.0,10.0,4.0,905.0,34.0,83.0,27.0,6.0,8.0,7.0,6.0,100.0,48.0,5.0,14.0,6.0,0.0
78,Bundesliga,2025,192,1. FC Köln,48765,J. Schmied,Joël Pascal,Schmied,27.0,Switzerland,188,84,https://media.api-sports.io/football/players/48765.png,Defender,16.0,13.0,1080.0,6.3,0.0,0.0,2.0,,439.0,2.0,87.0,11.0,10.0,11.0,1.0,1.0,81.0,38.0,8.0,16.0,5.0,0.0
78,Bundesliga,2025,192,1. FC Köln,72048,C. Özkacar,Cenk,Özkacar,25.0,Türkiye,190,87,https://media.api-sports.io/football/players/72048.png,Defender,25.0,20.0,1801.0,6.61,0.0,0.0,11.0,4.0,1088.0,5.0,86.0,33.0,14.0,24.0,11.0,6.0,188.0,107.0,6.0,11.0,2.0,0.0
78,Bundesliga,2025,192,1. FC Köln,90641,T. Hübers,Timo Bernd,Hübers,29.0,Germany,190,82,https://media.api-sports.io/football/players/90641.png,Defender,8.0,8.0,669.0,7,0.0,0.0,,,367.0,,87.0,14.0,5.0,11.0,1.0,1.0,80.0,46.0,10.0,8.0,0.0,0.0
78,Bundesliga,2025,192,1. FC Köln,162386,K. Lund,Kristoffer,Lund Hansen,23.0,Denmark,184,65,https://media.api-sports.io/football/players/162386.png,Midfielder,33.0,26.0,2289.0,6.65,0.0,2.0,14.0,3.0,836.0,20.0,76.0,38.0,7.0,26.0,34.0,19.0,225.0,128.0,39.0,13.0,2.0,0.0
78,Bundesliga,2025,192,1. FC Köln,162480,E. Martel,Eric,Martel,23.0,Germany,188,81,https://media.api-sports.io/football/players/162480.png,Midfielder,31.0,30.0,2564.0,6.83,2.0,2.0,12.0,4.0,1417.0,14.0,86.0,46.0,22.0,35.0,4.0,2.0,345.0,186.0,51.0,42.0,11.0,0.0
78,Bundesliga,2025,192,1. FC Köln,181908,J. Thielmann,Jan Uwe,Thielmann,23.0,Germany,178,72,https://media.api-sports.io/football/players/181908.png,Attacker,26.0,20.0,1553.0,6.76,3.0,1.0,17.0,10.0,406.0,14.0,75.0,18.0,3.0,15.0,24.0,8.0,137.0,67.0,23.0,11.0,4.0,0.0
78,Bundesliga,2025,192,1. FC Köln,191740,S. Sebulonsen,Sebastian,Søraas Sebulonsen,25.0,Norway,187,78,https://media.api-sports.io/football/players/191740.png,Midfielder,31.0,28.0,2505.0,6.41,0.0,0.0,16.0,5.0,812.0,21.0,77.0,44.0,5.0,14.0,39.0,18.0,190.0,100.0,9.0,11.0,5.0,0.0
78,Bundesliga,2025,192,1. FC Köln,287916,R. van den Berg,Rav,van den Berg,21.0,Netherlands,190,75,https://media.api-sports.io/football/players/287916.png,Defender,14.0,12.0,1138.0,6.65,0.0,1.0,,,706.0,1.0,93.0,14.0,12.0,14.0,1.0,,80.0,43.0,3.0,10.0,0.0,1.0
78,Bundesliga,2025,192,1. FC Köln,432310,S. El Mala,Said,El Mala,19.0,Germany,187,,https://media.api-sports.io/football/players/432310.png,Midfielder,34.0,20.0,1957.0,6.96,13.0,4.0,61.0,30.0,341.0,20.0,74.0,24.0,,8.0,117.0,42.0,267.0,106.0,23.0,15.0,4.0,0.0
78,Bundesliga,2025,186,FC St. Pauli,1672,D. Sinani,Danel,Sinani,28.0,Luxembourg,185,70,https://media.api-sports.io/football/players/1672.png,Attacker,30.0,23.0,2068.0,6.72,5.0,3.0,34.0,18.0,954.0,47.0,74.0,25.0,1.0,7.0,31.0,12.0,217.0,75.0,27.0,39.0,4.0,0.0
78,Bundesliga,2025,186,FC St. Pauli,6904,C. Metcalfe,Connor Isaac,Metcalfe,26.0,Australia,183,75,https://media.api-sports.io/football/players/6904.png,Midfielder,25.0,3.0,600.0,6.56,0.0,2.0,11.0,4.0,195.0,10.0,73.0,15.0,,6.0,14.0,6.0,74.0,30.0,2.0,9.0,2.0,0.0
78,Bundesliga,2025,186,FC St. Pauli,8486,E. Smith,Eric Anders,Smith,28.0,Sweden,192,86,https://media.api-sports.io/football/players/8486.png,Defender,27.0,26.0,2314.0,6.88,2.0,2.0,9.0,5.0,1468.0,18.0,84.0,34.0,17.0,23.0,15.0,9.0,175.0,102.0,29.0,15.0,4.0,1.0
78,Bundesliga,2025,186,FC St. Pauli,17756,O. Afolayan,Oladapo Joshua,Afolayan,28.0,England,180,71,https://media.api-sports.io/football/players/17756.png,Attacker,7.0,1.0,155.0,6.5,0.0,0.0,3.0,2.0,64.0,2.0,76.0,4.0,1.0,,12.0,2.0,37.0,15.0,6.0,2.0,1.0,0.0
78,Bundesliga,2025,186,FC St. Pauli,20780,Mathias Pereira Lage,Mathias,Pereira Lage,29.0,Portugal,180,73,https://media.api-sports.io/football/players/20780.png,Attacker,28.0,25.0,2030.0,6.58,2.0,2.0,30.0,15.0,486.0,24.0,66.0,38.0,2.0,16.0,31.0,15.0,284.0,128.0,32.0,31.0,3.0,0.0
78,Bundesliga,2025,165,Borussia Dortmund,25282,G. Kobel,Gregor,Kobel,28.0,Switzerland,195,88,https://media.api-sports.io/football/players/25282.png,Goalkeeper,34.0,34.0,3060.0,7.18,0.0,0.0,,,1073.0,,72.0,,,,,,11.0,8.0,5.0,,3.0,0.0
78,Bundesliga,2025,186,FC St. Pauli,27157,M. Saliakas,Emmanouil,Saliakas,29.0,Greece,177,74,https://media.api-sports.io/football/players/27157.png,Defender,17.0,12.0,1110.0,6.96,1.0,3.0,5.0,3.0,518.0,12.0,74.0,29.0,1.0,13.0,8.0,5.0,75.0,49.0,7.0,4.0,3.0,0.0
78,Bundesliga,2025,186,FC St. Pauli,40274,A. Dźwigała,Adam,Dźwigała,30.0,Poland,185,72,https://media.api-sports.io/football/players/40274.png,Defender,19.0,14.0,1295.0,6.74,1.0,1.0,4.0,2.0,625.0,5.0,80.0,46.0,5.0,23.0,4.0,3.0,151.0,86.0,6.0,20.0,5.0,0.0
78,Bundesliga,2025,186,FC St. Pauli,47965,E. Ahlstrand,Erik Melker,Ahlstrand,24.0,Sweden,184,75,https://media.api-sports.io/football/players/47965.png,Midfielder,0.0,0.0,,,0.0,0.0,,,,,,,,,,,,,,,0.0,0.0
78,Bundesliga,2025,186,FC St. Pauli,50863,J. Sands,James Hoban,Sands,25.0,USA,186,84,https://media.api-sports.io/football/players/50863.png,Midfielder,24.0,23.0,1941.0,6.74,1.0,0.0,13.0,4.0,881.0,10.0,75.0,42.0,7.0,42.0,5.0,2.0,244.0,139.0,38.0,26.0,4.0,0.0
78,Bundesliga,2025,186,FC St. Pauli,90731,L. Ritzka,Lars,Ritzka,27.0,Germany,185,80,https://media.api-sports.io/football/players/90731.png,Defender,21.0,12.0,970.0,6.59,0.0,0.0,4.0,1.0,382.0,6.0,72.0,40.0,5.0,16.0,2.0,,102.0,54.0,3.0,11.0,1.0,0.0
78,Bundesliga,2025,186,FC St. Pauli,107087,S. Banks,Scott Brian,Banks,24.0,Scotland,183,74,https://media.api-sports.io/football/players/107087.png,Attacker,0.0,0.0,,,0.0,0.0,,,,,,,,,,,,,,,0.0,0.0
78,Bundesliga,2025,186,FC St. Pauli,119167,B. Voll,Ben Alexander,Voll,25.0,Germany,195,86,https://media.api-sports.io/football/players/119167.png,Goalkeeper,0.0,0.0,,,0.0,0.0,,,,,,,,,,,,,,,0.0,0.0
78,Bundesliga,2025,186,FC St. Pauli,146586,J. Fujita,Joel Chima,Fujita,23.0,Japan,175,76,https://media.api-sports.io/football/players/146586.png,Midfielder,32.0,31.0,2671.0,6.72,1.0,3.0,21.0,7.0,1176.0,30.0,76.0,68.0,4.0,33.0,85.0,47.0,312.0,148.0,19.0,37.0,6.0,0.0
78,Bundesliga,2025,186,FC St. Pauli,148448,A. Pyrka,Arkadiusz,Pyrka,23.0,Poland,177,72,https://media.api-sports.io/football/players/148448.png,Midfielder,31.0,30.0,2580.0,6.67,0.0,1.0,9.0,3.0,916.0,24.0,73.0,39.0,11.0,24.0,44.0,16.0,203.0,99.0,31.0,17.0,3.0,0.0
78,Bundesliga,2025,186,FC St. Pauli,178921,A. Hountondji,Andréas,Hountondji,23.0,Benin,190,64,https://media.api-sports.io/football/players/178921.png,Attacker,21.0,15.0,1084.0,6.46,4.0,0.0,17.0,13.0,150.0,6.0,66.0,7.0,2.0,1.0,27.0,9.0,139.0,33.0,6.0,9.0,2.0,0.0
78,Bundesliga,2025,186,FC St. Pauli,202636,L. Oppie,Louis,Oppie,23.0,Germany,184,81,https://media.api-sports.io/football/players/202636.png,Midfielder,23.0,17.0,1616.0,6.6,1.0,0.0,12.0,4.0,648.0,10.0,78.0,24.0,2.0,10.0,9.0,3.0,104.0,48.0,15.0,15.0,0.0,0.0
78,Bundesliga,2025,165,Borussia Dortmund,341839,F. Mané,Filippo Calixte,Mané,20.0,Italy,188,78,https://media.api-sports.io/football/players/341839.png,Defender,4.0,2.0,132.0,6.2,0.0,0.0,,,102.0,,86.0,1.0,,2.0,1.0,,10.0,4.0,2.0,1.0,0.0,1.0
78,Bundesliga,2025,186,FC St. Pauli,384968,J. Robatsch,Jannik Thomas,Robatsch,21.0,Austria,190,78,https://media.api-sports.io/football/players/384968.png,Defender,0.0,0.0,,,0.0,0.0,,,,,,,,,,,,,,,0.0,0.0
78,Bundesliga,2025,186,FC St. Pauli,474789,Abdoulie Ceesay,Abdoulie,Ceesay,21.0,Gambia,185,79,https://media.api-sports.io/football/players/474789.png,Attacker,20.0,0.0,353.0,6.62,3.0,0.0,9.0,4.0,73.0,3.0,67.0,3.0,,,8.0,6.0,81.0,30.0,6.0,14.0,4.0,0.0
78,Bundesliga,2025,165,Borussia Dortmund,637,F. Nmecha,Felix Kalu,Nmecha,25.0,Germany,190,73,https://media.api-sports.io/football/players/637.png,Midfielder,29.0,25.0,2184.0,6.93,2.0,3.0,19.0,7.0,1075.0,20.0,87.0,37.0,4.0,27.0,54.0,31.0,212.0,117.0,22.0,28.0,0.0,0.0
78,Bundesliga,2025,165,Borussia Dortmund,984,J. Brandt,Julian,Brandt,29.0,Germany,185,83,https://media.api-sports.io/football/players/984.png,Midfielder,29.0,17.0,1627.0,6.99,7.0,4.0,33.0,18.0,759.0,30.0,80.0,14.0,,5.0,34.0,18.0,130.0,60.0,5.0,8.0,0.0,0.0
78,Bundesliga,2025,165,Borussia Dortmund,1159,M. Sabitzer,Marcel,Sabitzer,31.0,Austria,178,76,https://media.api-sports.io/football/players/1159.png,Midfielder,26.0,21.0,1822.0,6.92,1.0,2.0,14.0,4.0,792.0,15.0,83.0,30.0,6.0,19.0,5.0,3.0,123.0,65.0,17.0,20.0,3.0,0.0
78,Bundesliga,2025,182,Union Berlin,1798,F. Rønnow,Frederik,Riis Rønnow,33.0,Denmark,188,81,https://media.api-sports.io/football/players/1798.png,Goalkeeper,30.0,30.0,2641.0,6.76,0.0,0.0,,,929.0,2.0,55.0,1.0,,1.0,,,16.0,11.0,3.0,1.0,2.0,0.0
78,Bundesliga,2025,165,Borussia Dortmund,2194,R. Bensebaïni,Amir Selmane Ramy,Bensebaïni,30.0,Algeria,187,82,https://media.api-sports.io/football/players/2194.png,Defender,21.0,15.0,1529.0,7.44,5.0,2.0,13.0,7.0,1168.0,10.0,87.0,28.0,8.0,18.0,7.0,4.0,157.0,87.0,16.0,31.0,6.0,0.0
78,Bundesliga,2025,165,Borussia Dortmund,7334,K. Adeyemi,Karim-David,Adeyemi,23.0,Germany,180,75,https://media.api-sports.io/football/players/7334.png,Attacker,28.0,15.0,1215.0,6.88,7.0,4.0,26.0,14.0,293.0,16.0,71.0,5.0,,8.0,74.0,27.0,168.0,64.0,25.0,21.0,5.0,0.0
78,Bundesliga,2025,165,Borussia Dortmund,18970,P. Groß,Pascal,Groß,34.0,Germany,181,78,https://media.api-sports.io/football/players/18970.png,Midfielder,11.0,7.0,618.0,6.82,0.0,1.0,4.0,1.0,464.0,11.0,87.0,8.0,,6.0,5.0,4.0,45.0,19.0,4.0,10.0,0.0,0.0
78,Bundesliga,2025,165,Borussia Dortmund,21393,S. Guirassy,Serhou Yadaly,Guirassy,29.0,Guinea,187,82,https://media.api-sports.io/football/players/21393.png,Attacker,33.0,27.0,2348.0,6.84,17.0,1.0,71.0,40.0,569.0,20.0,75.0,2.0,2.0,,26.0,12.0,301.0,144.0,36.0,39.0,3.0,0.0
78,Bundesliga,2025,165,Borussia Dortmund,24807,S. Özcan,Salih,Özcan,27.0,Türkiye,182,74,https://media.api-sports.io/football/players/24807.png,Midfielder,11.0,0.0,93.0,6.62,0.0,0.0,,,93.0,2.0,90.0,2.0,1.0,,1.0,,11.0,8.0,1.0,1.0,0.0,0.0
78,Bundesliga,2025,165,Borussia Dortmund,24845,J. Ryerson,Julian,Ryerson,28.0,Norway,183,86,https://media.api-sports.io/football/players/24845.png,Defender,31.0,26.0,2272.0,7.11,0.0,15.0,6.0,1.0,907.0,56.0,82.0,34.0,4.0,14.0,67.0,24.0,231.0,89.0,21.0,26.0,8.0,0.0
78,Bundesliga,2025,182,Union Berlin,24848,C. Trimmel,Christopher,Trimmel,38.0,Austria,189,82,https://media.api-sports.io/football/players/24848.png,Defender,29.0,22.0,1875.0,7.02,0.0,3.0,2.0,1.0,679.0,53.0,68.0,38.0,9.0,11.0,6.0,1.0,119.0,63.0,9.0,27.0,8.0,0.0
78,Bundesliga,2025,165,Borussia Dortmund,25368,W. Anton,Waldemar,Riptsov Anton,29.0,Germany,189,86,https://media.api-sports.io/football/players/25368.png,Defender,32.0,32.0,2880.0,7.26,2.0,0.0,11.0,6.0,2365.0,8.0,89.0,73.0,17.0,30.0,23.0,13.0,294.0,184.0,16.0,27.0,3.0,0.0
78,Bundesliga,2025,165,Borussia Dortmund,26292,A. Meyer,Alexander Niklas,Meyer-Schade,34.0,Germany,195,90,https://media.api-sports.io/football/players/26292.png,Goalkeeper,0.0,0.0,,,0.0,0.0,,,,,,,,,,,,,,,0.0,0.0
78,Bundesliga,2025,165,Borussia Dortmund,158644,M. Beier,Maximilian,Beier,23.0,Germany,183,72,https://media.api-sports.io/football/players/158644.png,Attacker,32.0,24.0,2036.0,6.8,9.0,6.0,36.0,20.0,588.0,26.0,70.0,26.0,3.0,14.0,48.0,18.0,241.0,92.0,24.0,31.0,3.0,0.0
78,Bundesliga,2025,165,Borussia Dortmund,197448,Yan Couto,Yan,Bueno Couto,23.0,Brazil,168,60,https://media.api-sports.io/football/players/197448.png,Midfielder,19.0,11.0,1010.0,6.86,2.0,2.0,7.0,4.0,459.0,17.0,81.0,20.0,1.0,7.0,25.0,13.0,106.0,48.0,13.0,17.0,4.0,0.0
78,Bundesliga,2025,165,Borussia Dortmund,198654,D. Svensson,Daniel,Svensson,23.0,Sweden,183,72,https://media.api-sports.io/football/players/198654.png,Midfielder,33.0,27.0,2452.0,6.76,2.0,2.0,8.0,4.0,840.0,35.0,83.0,38.0,8.0,20.0,24.0,12.0,193.0,93.0,22.0,28.0,0.0,0.0
78,Bundesliga,2025,165,Borussia Dortmund,203269,Y. Lührs,Yannik Luka,Lührs,22.0,Germany,189,82,https://media.api-sports.io/football/players/203269.png,Defender,0.0,0.0,,,0.0,0.0,,,,,,,,,,,,,,,0.0,0.0
78,Bundesliga,2025,165,Borussia Dortmund,326757,J. Bellingham,Jobe Samuel Patrick,Bellingham,20.0,England,188,73,https://media.api-sports.io/football/players/326757.png,Attacker,32.0,20.0,1800.0,6.77,0.0,1.0,10.0,6.0,1048.0,9.0,87.0,44.0,8.0,38.0,31.0,15.0,186.0,103.0,20.0,15.0,2.0,1.0
78,Bundesliga,2025,165,Borussia Dortmund,328617,William Cole Campbell,William Cole,Campbell,19.0,USA,170,68,https://media.api-sports.io/football/players/328617.png,Attacker,1.0,0.0,16.0,6.2,0.0,0.0,,,6.0,1.0,66.0,,,,,,1.0,,,,0.0,0.0
78,Bundesliga,2025,167,1899 Hoffenheim,328617,William Cole Campbell,William Cole,Campbell,19.0,USA,170,68,https://media.api-sports.io/football/players/328617.png,Attacker,5.0,0.0,83.0,6.42,0.0,0.0,1.0,,26.0,2.0,88.0,,,,1.0,1.0,8.0,2.0,1.0,,0.0,0.0
78,Bundesliga,2025,165,Borussia Dortmund,394667,Almugera Raouf Mohammed Kabar,Almugera,Raouf Mohammed Kabar,19.0,Germany,186,78,https://media.api-sports.io/football/players/394667.png,Defender,1.0,0.0,15.0,6.9,0.0,0.0,1.0,,2.0,,50.0,1.0,,,,,2.0,2.0,,,0.0,0.0
78,Bundesliga,2025,172,VfB Stuttgart,399,A. Nübel,Alexander,Nübel,29.0,Germany,193,86,https://media.api-sports.io/football/players/399.png,Goalkeeper,34.0,34.0,3060.0,7.2,0.0,1.0,,,1237.0,3.0,69.0,,,1.0,,,15.0,14.0,7.0,1.0,0.0,0.0
78,Bundesliga,2025,182,Union Berlin,512,Jeong Woo-Yeong,Woo-Yeong,Jeong,26.0,Korea Republic,179,71,https://media.api-sports.io/football/players/512.png,Midfielder,28.0,13.0,1206.0,6.75,4.0,1.0,16.0,8.0,329.0,6.0,75.0,18.0,,7.0,18.0,7.0,122.0,55.0,20.0,13.0,0.0,0.0
78,Bundesliga,2025,182,Union Berlin,1124,O. Burke,Oliver Jasen,Burke,28.0,Scotland,188,74,https://media.api-sports.io/football/players/1124.png,Attacker,29.0,21.0,1691.0,6.74,6.0,2.0,28.0,15.0,348.0,22.0,72.0,12.0,2.0,5.0,35.0,11.0,159.0,61.0,8.0,10.0,4.0,0.0
78,Bundesliga,2025,182,Union Berlin,1234,A. Král,Alex,Král,27.0,Czechia,187,80,https://media.api-sports.io/football/players/1234.png,Midfielder,20.0,2.0,466.0,6.58,0.0,0.0,4.0,3.0,138.0,4.0,78.0,9.0,1.0,4.0,13.0,9.0,68.0,37.0,11.0,4.0,1.0,0.0
78,Bundesliga,2025,182,Union Berlin,1298,R. Skov,Robert,Faxe Skov,29.0,Denmark,185,81,https://media.api-sports.io/football/players/1298.png,Defender,3.0,3.0,223.0,6.47,0.0,0.0,1.0,,62.0,1.0,67.0,6.0,,2.0,3.0,3.0,24.0,13.0,3.0,5.0,0.0,0.0
78,Bundesliga,2025,182,Union Berlin,14330,J. Juranović,Josip,Juranović,30.0,Croatia,173,68,https://media.api-sports.io/football/players/14330.png,Defender,11.0,3.0,334.0,6.94,1.0,1.0,4.0,1.0,131.0,12.0,74.0,7.0,4.0,1.0,1.0,,17.0,11.0,3.0,,1.0,0.0
78,Bundesliga,2025,172,VfB Stuttgart,24868,J. Vagnoman,Josha Mamadou Karaboue,Vagnoman,25.0,Germany,190,90,https://media.api-sports.io/football/players/24868.png,Defender,27.0,18.0,1593.0,6.49,1.0,3.0,18.0,11.0,608.0,16.0,81.0,30.0,4.0,3.0,11.0,6.0,142.0,69.0,16.0,17.0,3.0,0.0
78,Bundesliga,2025,182,Union Berlin,24910,T. Skarke,Tim,Skarke,29.0,Germany,181,78,https://media.api-sports.io/football/players/24910.png,Midfielder,22.0,4.0,619.0,6.56,1.0,1.0,13.0,5.0,154.0,12.0,70.0,7.0,,1.0,12.0,5.0,72.0,25.0,9.0,8.0,0.0,0.0
78,Bundesliga,2025,182,Union Berlin,25300,R. Khedira,Rani,Khedira,31.0,Germany,188,84,https://media.api-sports.io/football/players/25300.png,Midfielder,32.0,32.0,2835.0,6.67,5.0,1.0,15.0,10.0,656.0,16.0,66.0,59.0,5.0,37.0,13.0,3.0,249.0,117.0,18.0,52.0,7.0,0.0
78,Bundesliga,2025,182,Union Berlin,26249,J. Haberer,Janik,Haberer,31.0,Germany,186,78,https://media.api-sports.io/football/players/26249.png,Midfielder,28.0,20.0,1658.0,6.67,0.0,1.0,3.0,1.0,586.0,21.0,76.0,35.0,3.0,8.0,16.0,6.0,179.0,81.0,21.0,24.0,8.0,0.0
78,Bundesliga,2025,182,Union Berlin,30785,A. Schäfer,András,Schäfer,26.0,Hungary,179,70,https://media.api-sports.io/football/players/30785.png,Midfielder,28.0,16.0,1442.0,6.67,2.0,1.0,20.0,10.0,512.0,7.0,76.0,41.0,9.0,23.0,19.0,9.0,202.0,100.0,23.0,32.0,2.0,1.0
78,Bundesliga,2025,182,Union Berlin,37117,D. Doekhi,Danilho Raimundo,Doekhi,27.0,Netherlands,190,83,https://media.api-sports.io/football/players/37117.png,Defender,34.0,34.0,3060.0,6.76,5.0,0.0,40.0,11.0,1258.0,8.0,77.0,44.0,24.0,41.0,4.0,3.0,345.0,217.0,15.0,28.0,4.0,0.0
78,Bundesliga,2025,182,Union Berlin,45892,A. Ilić,Andrej,Ilić,25.0,Serbia,189,86,https://media.api-sports.io/football/players/45892.png,Attacker,32.0,24.0,2256.0,6.71,5.0,9.0,58.0,26.0,432.0,30.0,54.0,4.0,6.0,1.0,21.0,7.0,507.0,213.0,32.0,38.0,5.0,0.0
78,Bundesliga,2025,182,Union Berlin,128853,D. Köhn,Derrick Arthur,Köhn,27.0,Germany,180,73,https://media.api-sports.io/football/players/128853.png,Defender,29.0,21.0,1910.0,6.75,1.0,2.0,19.0,5.0,557.0,26.0,76.0,34.0,5.0,8.0,26.0,11.0,152.0,67.0,16.0,33.0,5.0,1.0
78,Bundesliga,2025,182,Union Berlin,262815,M. Raab,Matheo,Raab,27.0,Germany,186,82,https://media.api-sports.io/football/players/262815.png,Goalkeeper,1.0,1.0,90.0,9.6,0.0,0.0,,,32.0,,53.0,,,,,,2.0,1.0,,,0.0,0.0
78,Bundesliga,2025,182,Union Berlin,288206,L. Querfeld,Leopold,Querfeld,22.0,Austria,190,83,https://media.api-sports.io/football/players/288206.png,Defender,31.0,30.0,2704.0,6.89,3.0,0.0,23.0,10.0,1218.0,21.0,79.0,52.0,25.0,36.0,7.0,4.0,350.0,211.0,28.0,46.0,6.0,0.0
78,Bundesliga,2025,182,Union Berlin,292218,M. LjubiÄiÄ,Marin,Ljubičić,23.0,Croatia,183,78,https://media.api-sports.io/football/players/292218.png,Attacker,2.0,0.0,20.0,6.95,2.0,0.0,2.0,2.0,5.0,,40.0,,,,1.0,1.0,4.0,1.0,,2.0,0.0,0.0
78,Bundesliga,2025,182,Union Berlin,324957,T. Rothe,Tom Alexander,Rothe,21.0,Germany,193,85,https://media.api-sports.io/football/players/324957.png,Defender,21.0,10.0,1039.0,6.51,2.0,0.0,14.0,5.0,379.0,11.0,72.0,20.0,2.0,19.0,22.0,7.0,130.0,59.0,6.0,10.0,1.0,1.0
78,Bundesliga,2025,182,Union Berlin,327831,A. Kemlein,Aljoscha,Kemlein,21.0,Germany,185,78,https://media.api-sports.io/football/players/327831.png,Midfielder,30.0,23.0,1967.0,6.78,0.0,2.0,10.0,2.0,965.0,15.0,76.0,40.0,5.0,16.0,24.0,17.0,187.0,98.0,11.0,22.0,4.0,0.0
78,Bundesliga,2025,182,Union Berlin,380873,Ilyas  Ansah,Ilyas,Ansah,21.0,Germany,194,84,https://media.api-sports.io/football/players/380873.png,Attacker,33.0,23.0,1909.0,6.63,5.0,1.0,25.0,12.0,299.0,16.0,74.0,17.0,3.0,5.0,72.0,25.0,298.0,101.0,43.0,22.0,1.0,0.0
78,Bundesliga,2025,172,VfB Stuttgart,24798,C. Führich,Chris Jan,Führich,27.0,Germany,181,73,https://media.api-sports.io/football/players/24798.png,Midfielder,33.0,20.0,1723.0,7.17,7.0,7.0,34.0,23.0,879.0,50.0,82.0,15.0,,3.0,48.0,28.0,111.0,53.0,6.0,6.0,2.0,0.0
78,Bundesliga,2025,172,VfB Stuttgart,24806,N. Nartey,Nikolas Terkelsen,Nartey,25.0,Denmark,187,82,https://media.api-sports.io/football/players/24806.png,Midfielder,28.0,14.0,1262.0,6.92,4.0,3.0,18.0,12.0,516.0,24.0,83.0,14.0,3.0,10.0,27.0,18.0,159.0,93.0,23.0,18.0,2.0,0.0
78,Bundesliga,2025,172,VfB Stuttgart,24963,A. Karazor,Atakan,Karazor,29.0,Germany,191,76,https://media.api-sports.io/football/players/24963.png,Midfielder,28.0,22.0,1898.0,6.78,0.0,1.0,5.0,2.0,1094.0,12.0,85.0,42.0,7.0,16.0,14.0,8.0,208.0,136.0,34.0,20.0,5.0,1.0
78,Bundesliga,2025,172,VfB Stuttgart,25342,M. Mittelstädt,Maximilian,Mittelstädt,28.0,Germany,180,71,https://media.api-sports.io/football/players/25342.png,Defender,32.0,24.0,2195.0,7.23,6.0,4.0,26.0,16.0,1340.0,37.0,86.0,67.0,9.0,37.0,22.0,14.0,219.0,143.0,26.0,11.0,4.0,0.0
78,Bundesliga,2025,172,VfB Stuttgart,25597,F. Bredlow,Fabian,Bredlow,30.0,Germany,190,87,https://media.api-sports.io/football/players/25597.png,Goalkeeper,0.0,0.0,,,0.0,0.0,,,,,,,,,,,,,,,0.0,0.0
78,Bundesliga,2025,172,VfB Stuttgart,26244,P. Stenzel,Pascal,Stenzel,29.0,Germany,183,78,https://media.api-sports.io/football/players/26244.png,Defender,2.0,2.0,107.0,6.45,0.0,0.0,2.0,1.0,56.0,,85.0,,,2.0,,,6.0,3.0,2.0,2.0,2.0,0.0
78,Bundesliga,2025,172,VfB Stuttgart,26475,D. Undav,Deniz,Undav,29.0,Germany,179,86,https://media.api-sports.io/football/players/26475.png,Midfielder,29.0,25.0,2247.0,7.18,19.0,7.0,90.0,46.0,624.0,42.0,72.0,18.0,2.0,4.0,18.0,9.0,228.0,85.0,23.0,32.0,5.0,0.0
78,Bundesliga,2025,172,VfB Stuttgart,38112,J. Chabot,Julian Jeffrey Gaston,Chabot,27.0,Germany,195,95,https://media.api-sports.io/football/players/38112.png,Defender,27.0,26.0,2296.0,7.13,0.0,0.0,16.0,7.0,1728.0,7.0,88.0,33.0,15.0,36.0,7.0,4.0,304.0,203.0,40.0,35.0,3.0,0.0
78,Bundesliga,2025,172,VfB Stuttgart,46930,E. Demirović,Ermedin,Demirović,27.0,Bosnia and Herzegovina,185,84,https://media.api-sports.io/football/players/46930.png,Attacker,25.0,17.0,1506.0,6.9,12.0,3.0,34.0,22.0,250.0,17.0,73.0,14.0,1.0,1.0,14.0,7.0,204.0,77.0,26.0,37.0,5.0,0.0
78,Bundesliga,2025,172,VfB Stuttgart,128533,J. Leweling,Jamie,Leweling,24.0,Germany,185,86,https://media.api-sports.io/football/players/128533.png,Midfielder,32.0,26.0,2375.0,7.03,7.0,9.0,30.0,18.0,755.0,41.0,77.0,22.0,2.0,14.0,68.0,31.0,225.0,108.0,44.0,17.0,4.0,0.0
78,Bundesliga,2025,172,VfB Stuttgart,135883,R. Hendriks,Ramon,Hendriks,24.0,Netherlands,189,83,https://media.api-sports.io/football/players/135883.png,Defender,31.0,22.0,2033.0,6.76,0.0,3.0,4.0,,1234.0,6.0,90.0,35.0,11.0,21.0,8.0,8.0,164.0,111.0,25.0,17.0,3.0,0.0
78,Bundesliga,2025,172,VfB Stuttgart,137210,A. Stiller,Angelo,Stiller,24.0,Germany,183,77,https://media.api-sports.io/football/players/137210.png,Midfielder,34.0,30.0,2750.0,7.26,2.0,5.0,12.0,8.0,2329.0,56.0,88.0,49.0,7.0,30.0,24.0,14.0,240.0,140.0,44.0,18.0,1.0,0.0
78,Bundesliga,2025,172,VfB Stuttgart,158054,N. Woltemade,Nick,Woltemade,23.0,Germany,198,90,https://media.api-sports.io/football/players/158054.png,Midfielder,1.0,1.0,90.0,6.3,0.0,0.0,,,9.0,1.0,55.0,1.0,1.0,,1.0,1.0,14.0,5.0,3.0,1.0,0.0,0.0
78,Bundesliga,2025,172,VfB Stuttgart,265363,Tiago Tomás,Tiago,Barreiros de Melo Tomás,23.0,Portugal,180,69,https://media.api-sports.io/football/players/265363.png,Attacker,27.0,10.0,1039.0,6.68,5.0,3.0,26.0,10.0,300.0,11.0,79.0,15.0,2.0,5.0,34.0,13.0,140.0,67.0,29.0,12.0,4.0,0.0
78,Bundesliga,2025,170,FC Augsburg,279993,A. Kade,Anton,Kade,21.0,Germany,185,72,https://media.api-sports.io/football/players/279993.png,Midfielder,28.0,18.0,1746.0,6.84,6.0,0.0,38.0,21.0,448.0,26.0,73.0,31.0,1.0,13.0,52.0,24.0,240.0,109.0,18.0,20.0,3.0,0.0
78,Bundesliga,2025,172,VfB Stuttgart,349344,L. Jaquez,Luca Antony,Jaquez,22.0,Switzerland,187,80,https://media.api-sports.io/football/players/349344.png,Defender,14.0,10.0,899.0,6.82,0.0,1.0,3.0,,727.0,5.0,90.0,8.0,7.0,10.0,2.0,2.0,55.0,30.0,2.0,4.0,1.0,0.0
78,Bundesliga,2025,170,FC Augsburg,380518,Aiman Dardari,Aiman,Dardari,20.0,Luxembourg,178,,https://media.api-sports.io/football/players/380518.png,Attacker,3.0,0.0,35.0,6.33,0.0,0.0,,,10.0,,60.0,,,,1.0,,6.0,1.0,1.0,1.0,1.0,0.0
78,Bundesliga,2025,172,VfB Stuttgart,388871,José María Andrés Baixauli,José María,Andrés Baixauli,20.0,Spain,190,82,https://media.api-sports.io/football/players/388871.png,Midfielder,25.0,14.0,1327.0,6.97,3.0,0.0,12.0,6.0,727.0,15.0,84.0,30.0,11.0,32.0,2.0,2.0,160.0,90.0,7.0,20.0,5.0,0.0
78,Bundesliga,2025,172,VfB Stuttgart,394734,Finn Jeltsch,Finn,Jeltsch,19.0,Germany,187,86,https://media.api-sports.io/football/players/394734.png,Defender,23.0,17.0,1512.0,6.75,0.0,1.0,2.0,,1044.0,5.0,90.0,24.0,14.0,19.0,7.0,5.0,133.0,73.0,16.0,13.0,3.0,0.0
78,Bundesliga,2025,172,VfB Stuttgart,398194,L. JovanoviÄ,Lazar,Jovanović,19.0,Serbia,184,76,https://media.api-sports.io/football/players/398194.png,Attacker,3.0,0.0,43.0,6.47,0.0,0.0,1.0,,13.0,2.0,61.0,,,,1.0,1.0,8.0,4.0,1.0,1.0,0.0,0.0
78,Bundesliga,2025,172,VfB Stuttgart,13,D. Zagadou,Dan-Axel,Zagadou,26.0,France,196,90,https://media.api-sports.io/football/players/13.png,Defender,3.0,3.0,210.0,7.57,0.0,0.0,5.0,1.0,213.0,1.0,86.0,5.0,5.0,5.0,1.0,1.0,36.0,24.0,1.0,5.0,0.0,0.0
78,Bundesliga,2025,169,Eintracht Frankfurt,21587,E. Skhiri,Ellyes Joris,Skhiri,30.0,Tunisia,185,74,https://media.api-sports.io/football/players/21587.png,Midfielder,25.0,16.0,1450.0,6.71,0.0,0.0,6.0,,910.0,7.0,88.0,20.0,6.0,26.0,12.0,7.0,124.0,64.0,13.0,11.0,2.0,0.0
78,Bundesliga,2025,192,1. FC Köln,25380,L. Maina,Linton,Maina,26.0,Germany,173,70,https://media.api-sports.io/football/players/25380.png,Midfielder,24.0,9.0,1029.0,6.74,2.0,0.0,15.0,8.0,306.0,17.0,84.0,9.0,2.0,4.0,21.0,9.0,72.0,26.0,7.0,8.0,0.0,0.0
78,Bundesliga,2025,167,1899 Hoffenheim,26300,O. Kabak,Ozan Muhammed,Kabak,25.0,Türkiye,187,86,https://media.api-sports.io/football/players/26300.png,Defender,25.0,18.0,1763.0,6.92,4.0,0.0,29.0,12.0,1132.0,8.0,84.0,20.0,14.0,25.0,10.0,6.0,247.0,149.0,8.0,27.0,5.0,0.0
78,Bundesliga,2025,186,FC St. Pauli,37759,M. Kaars,Martijn,Kaars,26.0,Netherlands,183,74,https://media.api-sports.io/football/players/37759.png,Attacker,29.0,14.0,1368.0,6.51,3.0,1.0,15.0,10.0,331.0,10.0,78.0,7.0,,,14.0,5.0,113.0,31.0,6.0,8.0,2.0,0.0
78,Bundesliga,2025,180,1. FC Heidenheim,125720,S. Conteh,Sirlord Calvin,Conteh,29.0,Germany,178,78,https://media.api-sports.io/football/players/125720.png,Attacker,15.0,3.0,619.0,6.61,2.0,1.0,9.0,3.0,130.0,8.0,66.0,7.0,,4.0,9.0,3.0,64.0,29.0,10.0,7.0,1.0,0.0
78,Bundesliga,2025,165,Borussia Dortmund,138935,C. Chukwuemeka,Carney Chibueze,Chukwuemeka,22.0,England,187,77,https://media.api-sports.io/football/players/138935.png,Midfielder,28.0,8.0,939.0,6.68,2.0,0.0,12.0,2.0,383.0,11.0,85.0,21.0,1.0,6.0,47.0,22.0,137.0,64.0,15.0,11.0,2.0,0.0
78,Bundesliga,2025,160,SC Freiburg,178769,P. Treu,Philipp,Treu,25.0,Germany,172,71,https://media.api-sports.io/football/players/178769.png,Defender,28.0,24.0,2194.0,6.63,1.0,2.0,12.0,5.0,814.0,20.0,85.0,44.0,7.0,9.0,36.0,15.0,202.0,107.0,37.0,20.0,2.0,0.0
78,Bundesliga,2025,172,VfB Stuttgart,180731,L. Assignon,Lorenz,Assignon,25.0,France,181,77,https://media.api-sports.io/football/players/180731.png,Defender,24.0,12.0,1109.0,6.51,0.0,0.0,9.0,4.0,480.0,10.0,83.0,22.0,2.0,13.0,21.0,11.0,123.0,60.0,7.0,19.0,3.0,1.0
78,Bundesliga,2025,167,1899 Hoffenheim,278453,A. Hajdari,Albian,Hajdari,22.0,Switzerland,189,80,https://media.api-sports.io/football/players/278453.png,Defender,30.0,28.0,2440.0,7.01,1.0,2.0,11.0,4.0,1570.0,10.0,82.0,58.0,23.0,42.0,3.0,2.0,256.0,137.0,23.0,43.0,10.0,0.0
78,Bundesliga,2025,182,Union Berlin,327956,David Preu,David,Preu,21.0,Germany,172,72,https://media.api-sports.io/football/players/327956.png,Attacker,0.0,0.0,,,0.0,0.0,,,,,,,,,,,,,,,0.0,0.0
78,Bundesliga,2025,173,RB Leipzig,355167,Max Finkgräfe,Max,Finkgräfe,21.0,Germany,183,77,https://media.api-sports.io/football/players/355167.png,Defender,13.0,5.0,502.0,6.63,1.0,1.0,4.0,2.0,303.0,12.0,90.0,16.0,1.0,7.0,5.0,5.0,46.0,27.0,4.0,3.0,2.0,0.0
78,Bundesliga,2025,169,Eintracht Frankfurt,382492,Elias Baum,Elias,Baum,20.0,Germany,180,77,https://media.api-sports.io/football/players/382492.png,Defender,5.0,0.0,71.0,6.5,0.0,0.0,,,65.0,1.0,90.0,1.0,,1.0,3.0,,10.0,3.0,,3.0,0.0,0.0
78,Bundesliga,2025,175,Hamburger SV,387521,L. Vušković,Luka,Vušković,18.0,Croatia,193,86,https://media.api-sports.io/football/players/387521.png,Defender,28.0,27.0,2441.0,7.26,6.0,0.0,26.0,10.0,1534.0,11.0,83.0,22.0,26.0,40.0,9.0,8.0,306.0,207.0,32.0,29.0,6.0,0.0
78,Bundesliga,2025,173,RB Leipzig,398192,A. MaksimoviÄ,Andrija,Maksimović,18.0,Serbia,,,https://media.api-sports.io/football/players/398192.png,Midfielder,8.0,0.0,88.0,6.56,0.0,0.0,,,51.0,3.0,94.0,,1.0,,1.0,,9.0,3.0,2.0,1.0,0.0,0.0
78,Bundesliga,2025,172,VfB Stuttgart,412704,Noah Darvich,Noah,Darvich,19.0,Germany,184,73,https://media.api-sports.io/football/players/412704.png,Midfielder,0.0,0.0,,,0.0,0.0,,,,,,,,,,,,,,,0.0,0.0
78,Bundesliga,2025,182,Union Berlin,412847,Oluwaseun God Power Osaro Ogbemudia,Oluwaseun,God Power Osaro Ogbemudia,19.0,Germany,185,80,https://media.api-sports.io/football/players/412847.png,Defender,0.0,0.0,,,0.0,0.0,,,,,,,,,,,,,,,0.0,0.0
78,Bundesliga,2025,165,Borussia Dortmund,422780,A. Anselmino,Aaron,Anselmino,20.0,Argentina,186,83,https://media.api-sports.io/football/players/422780.png,Defender,6.0,4.0,368.0,7.22,1.0,0.0,1.0,1.0,213.0,,87.0,9.0,2.0,5.0,2.0,1.0,40.0,22.0,3.0,6.0,0.0,0.0
78,Bundesliga,2025,157,Bayern München,432595,Jannis Bärtl,Jannis,Bärtl,19.0,Germany,,,https://media.api-sports.io/football/players/432595.png,Goalkeeper,0.0,0.0,,,0.0,0.0,,,,,,,,,,,,,,,0.0,0.0
78,Bundesliga,2025,186,FC St. Pauli,469579,N. Schmidt,Nick,Schmidt,18.0,Japan,180,72,https://media.api-sports.io/football/players/469579.png,Midfielder,0.0,0.0,,,0.0,0.0,,,,,,,,,,,,,,,0.0,0.0
78,Bundesliga,2025,169,Eintracht Frankfurt,14,M. Dahoud,Mahmoud,Dahoud,29.0,Germany,178,68,https://media.api-sports.io/football/players/14.png,Midfielder,15.0,8.0,726.0,6.63,2.0,3.0,10.0,2.0,364.0,7.0,81.0,11.0,2.0,10.0,9.0,5.0,67.0,23.0,2.0,16.0,0.0,0.0
78,Bundesliga,2025,168,Bayer Leverkusen,757,Lucas Vázquez,Lucas,Vázquez Iglesias,34.0,Spain,173,70,https://media.api-sports.io/football/players/757.png,Midfielder,12.0,6.0,499.0,6.89,1.0,2.0,3.0,1.0,233.0,11.0,87.0,6.0,2.0,2.0,3.0,1.0,39.0,19.0,8.0,6.0,2.0,0.0
78,Bundesliga,2025,161,VfL Wolfsburg,1930,J. Mæhle,Joakim,Mæhle Pedersen,28.0,Denmark,185,79,https://media.api-sports.io/football/players/1930.png,Defender,18.0,16.0,1335.0,6.54,1.0,2.0,10.0,4.0,553.0,15.0,82.0,37.0,,21.0,38.0,9.0,138.0,64.0,7.0,9.0,2.0,0.0
78,Bundesliga,2025,168,Bayer Leverkusen,6002,E. Palacios,Exequiel Alejandro,Palacios,27.0,Argentina,176,69,https://media.api-sports.io/football/players/6002.png,Midfielder,18.0,12.0,1097.0,7.09,0.0,1.0,7.0,2.0,1179.0,13.0,90.0,21.0,3.0,8.0,11.0,4.0,86.0,47.0,18.0,6.0,3.0,0.0
78,Bundesliga,2025,163,Borussia Mönchengladbach,25627,T. Sippel,Tobias,Sippel,37.0,Germany,183,80,https://media.api-sports.io/football/players/25627.png,Goalkeeper,0.0,0.0,,,0.0,0.0,,,,,,,,,,,,,,,0.0,0.0
78,Bundesliga,2025,162,Werder Bremen,32887,Y. Sugawara,Yukinari,Sugawara,25.0,Japan,179,69,https://media.api-sports.io/football/players/32887.png,Defender,31.0,29.0,2432.0,6.53,0.0,6.0,21.0,11.0,1111.0,20.0,79.0,36.0,6.0,12.0,28.0,11.0,140.0,69.0,11.0,22.0,2.0,1.0
78,Bundesliga,2025,175,Hamburger SV,41725,Fábio Vieira,Fábio Daniel,Ferreira Vieira,25.0,Portugal,170,58,https://media.api-sports.io/football/players/41725.png,Midfielder,29.0,25.0,2215.0,7.2,7.0,5.0,38.0,19.0,848.0,39.0,83.0,20.0,2.0,14.0,60.0,32.0,202.0,106.0,44.0,18.0,3.0,1.0
78,Bundesliga,2025,168,Bayer Leverkusen,162037,M. Tillman,Malik Leon,Tillman,23.0,USA,187,71,https://media.api-sports.io/football/players/162037.png,Midfielder,29.0,18.0,1689.0,6.92,6.0,0.0,28.0,13.0,783.0,26.0,83.0,38.0,6.0,18.0,32.0,11.0,201.0,104.0,29.0,18.0,2.0,0.0
78,Bundesliga,2025,162,Werder Bremen,169295,K. Hein,Karl Jakob,Hein,23.0,Estonia,193,86,https://media.api-sports.io/football/players/169295.png,Goalkeeper,2.0,2.0,180.0,7.7,0.0,0.0,,,110.0,,75.0,,,,1.0,1.0,3.0,3.0,,,0.0,0.0
78,Bundesliga,2025,168,Bayer Leverkusen,174918,L. Badé,Loïc,Badé,25.0,France,191,89,https://media.api-sports.io/football/players/174918.png,Defender,23.0,19.0,1659.0,7.24,0.0,0.0,9.0,4.0,1421.0,2.0,92.0,33.0,19.0,21.0,5.0,3.0,150.0,95.0,4.0,11.0,5.0,0.0
78,Bundesliga,2025,164,FSV Mainz 05,199897,S. Kawasaki,Sota,Kawasaki,24.0,Japan,172,68,https://media.api-sports.io/football/players/199897.png,Midfielder,10.0,3.0,325.0,6.69,0.0,0.0,,,74.0,,68.0,11.0,3.0,1.0,3.0,,35.0,17.0,2.0,6.0,1.0,0.0
78,Bundesliga,2025,168,Bayer Leverkusen,237087,E. Fernández,Ignacio Ezequiél Agustín,Fernández Carballo,23.0,Argentina,178,70,https://media.api-sports.io/football/players/237087.png,Midfielder,20.0,12.0,1001.0,6.78,0.0,1.0,7.0,1.0,826.0,8.0,89.0,31.0,3.0,12.0,16.0,9.0,137.0,72.0,24.0,14.0,3.0,0.0
78,Bundesliga,2025,162,Werder Bremen,265372,I. Schmidt,Isaac Osa's,Schmidt,26.0,Switzerland,172,68,https://media.api-sports.io/football/players/265372.png,Defender,19.0,6.0,677.0,6.62,1.0,0.0,5.0,2.0,345.0,10.0,77.0,16.0,,11.0,17.0,10.0,78.0,45.0,3.0,9.0,2.0,0.0
78,Bundesliga,2025,157,Bayern München,283058,N. Jackson,Nicolas,Jackson,24.0,Senegal,186,78,https://media.api-sports.io/football/players/283058.png,Attacker,23.0,12.0,1037.0,6.77,8.0,1.0,31.0,21.0,320.0,18.0,81.0,8.0,,4.0,30.0,11.0,98.0,36.0,10.0,15.0,2.0,1.0
78,Bundesliga,2025,164,FSV Mainz 05,283753,N. Veratschnig,Nikolas Konrad,Veratschnig,22.0,Austria,180,75,https://media.api-sports.io/football/players/283753.png,Defender,21.0,6.0,660.0,6.64,0.0,1.0,3.0,1.0,209.0,4.0,67.0,19.0,2.0,10.0,12.0,6.0,90.0,43.0,10.0,12.0,3.0,0.0
78,Bundesliga,2025,157,Bayern München,325975,T. Bischof,Tom,Bischof,20.0,Germany,176,66,https://media.api-sports.io/football/players/325975.png,Midfielder,26.0,14.0,1320.0,6.91,3.0,3.0,20.0,9.0,1176.0,24.0,92.0,26.0,5.0,15.0,14.0,7.0,99.0,53.0,9.0,15.0,2.0,0.0
78,Bundesliga,2025,168,Bayer Leverkusen,343320,E. Ben Seghir,Eliesse,Ben Seghir,20.0,Morocco,178,72,https://media.api-sports.io/football/players/343320.png,Attacker,10.0,2.0,261.0,6.73,0.0,0.0,3.0,2.0,134.0,5.0,85.0,4.0,,1.0,14.0,9.0,40.0,26.0,10.0,3.0,2.0,0.0
78,Bundesliga,2025,169,Eintracht Frankfurt,362884,Kauã Santos,Kauã Morais,Vieira dos Santos,22.0,Brazil,196,85,https://media.api-sports.io/football/players/362884.png,Goalkeeper,13.0,13.0,1085.0,6.64,0.0,0.0,,,427.0,,63.0,1.0,,,1.0,1.0,15.0,14.0,3.0,,0.0,0.0
78,Bundesliga,2025,175,Hamburger SV,380939,Fabio Amadu Uri Baldé,Fabio Amadu,Uri Baldé,20.0,Portugal,182,75,https://media.api-sports.io/football/players/380939.png,Attacker,16.0,3.0,455.0,6.57,1.0,1.0,8.0,4.0,106.0,5.0,73.0,14.0,,1.0,19.0,10.0,74.0,32.0,2.0,4.0,1.0,0.0
78,Bundesliga,2025,169,Eintracht Frankfurt,382491,Fousseny Doumbia,Fousseny,Doumbia,20.0,Germany,190,,https://media.api-sports.io/football/players/382491.png,Defender,0.0,0.0,,,0.0,0.0,,,,,,,,,,,,,,,0.0,0.0
78,Bundesliga,2025,173,RB Leipzig,1155,K. Kampl,Kevin,Kampl,35.0,Slovenia,178,66,https://media.api-sports.io/football/players/1155.png,Midfielder,3.0,0.0,3.0,,0.0,0.0,,,2.0,,50.0,,,,,,1.0,,,,0.0,0.0
78,Bundesliga,2025,175,Hamburger SV,1427,A. Sambi Lokonga,Albert-Mboyo,Sambi Lokonga,26.0,Belgium,183,67,https://media.api-sports.io/football/players/1427.png,Midfielder,26.0,20.0,1712.0,6.96,5.0,0.0,16.0,11.0,764.0,25.0,87.0,31.0,12.0,14.0,16.0,8.0,161.0,88.0,27.0,20.0,3.0,0.0
78,Bundesliga,2025,186,FC St. Pauli,2749,J. Irvine,Jackson Alexander,Irvine,32.0,Australia,187,76,https://media.api-sports.io/football/players/2749.png,Midfielder,24.0,18.0,1632.0,6.7,0.0,1.0,13.0,4.0,687.0,11.0,71.0,34.0,8.0,27.0,18.0,10.0,198.0,103.0,12.0,20.0,1.0,0.0
78,Bundesliga,2025,162,Werder Bremen,15592,J. Stage,Jens,Dalsgaard Stage,29.0,Denmark,187,81,https://media.api-sports.io/football/players/15592.png,Midfielder,29.0,29.0,2468.0,7.02,10.0,2.0,41.0,21.0,1104.0,26.0,75.0,41.0,9.0,18.0,25.0,13.0,265.0,145.0,30.0,35.0,5.0,0.0
78,Bundesliga,2025,175,Hamburger SV,24792,N. Katterbach,Noah,Katterbach,24.0,Germany,180,73,https://media.api-sports.io/football/players/24792.png,Defender,0.0,0.0,,,0.0,0.0,,,,,,,,,,,,,,,0.0,0.0
78,Bundesliga,2025,175,Hamburger SV,24914,R. Glatzel,Robert-Nesta,Glatzel,31.0,Germany,193,85,https://media.api-sports.io/football/players/24914.png,Attacker,19.0,7.0,640.0,6.69,3.0,2.0,15.0,7.0,133.0,6.0,72.0,1.0,,,14.0,5.0,85.0,35.0,13.0,9.0,0.0,0.0
78,Bundesliga,2025,160,SC Freiburg,25313,J. Beste,Jan-Niklas,Beste,26.0,Germany,175,66,https://media.api-sports.io/football/players/25313.png,Midfielder,28.0,20.0,1716.0,6.81,2.0,2.0,22.0,14.0,493.0,35.0,75.0,40.0,2.0,17.0,41.0,15.0,195.0,97.0,36.0,17.0,5.0,0.0
78,Bundesliga,2025,180,1. FC Heidenheim,26530,S. Schimmer,Stefan,Schimmer,31.0,Germany,185,87,https://media.api-sports.io/football/players/26530.png,Attacker,27.0,3.0,812.0,6.6,5.0,1.0,22.0,11.0,156.0,12.0,64.0,11.0,,3.0,2.0,1.0,110.0,47.0,5.0,13.0,1.0,0.0
78,Bundesliga,2025,162,Werder Bremen,39071,V. Boniface,Victor Okoh,Boniface,25.0,Nigeria,189,91,https://media.api-sports.io/football/players/39071.png,Attacker,11.0,2.0,325.0,6.68,0.0,2.0,12.0,6.0,109.0,7.0,68.0,2.0,,,14.0,5.0,52.0,28.0,6.0,1.0,1.0,0.0
78,Bundesliga,2025,162,Werder Bremen,48642,Cameron Puertas,Cameron Mitchel,Puertas Castro,27.0,Spain,178,74,https://media.api-sports.io/football/players/48642.png,Midfielder,28.0,22.0,1878.0,6.71,1.0,2.0,25.0,8.0,878.0,27.0,85.0,60.0,8.0,19.0,40.0,14.0,245.0,109.0,22.0,36.0,6.0,0.0
78,Bundesliga,2025,163,Borussia Mönchengladbach,161921,G. Reyna,Giovanni Alejandro,Reyna,23.0,USA,185,79,https://media.api-sports.io/football/players/161921.png,Midfielder,19.0,4.0,526.0,6.78,1.0,0.0,3.0,2.0,295.0,13.0,84.0,9.0,1.0,5.0,18.0,10.0,74.0,33.0,10.0,5.0,1.0,0.0
78,Bundesliga,2025,160,SC Freiburg,163022,P. Osterhage,Patrick,Osterhage,25.0,Germany,184,75,https://media.api-sports.io/football/players/163022.png,Midfielder,20.0,13.0,1197.0,6.69,1.0,0.0,5.0,2.0,457.0,6.0,86.0,14.0,10.0,17.0,17.0,6.0,101.0,41.0,13.0,13.0,4.0,0.0
78,Bundesliga,2025,170,FC Augsburg,163032,F. Rieder,Fabian,Rieder,23.0,Switzerland,179,74,https://media.api-sports.io/football/players/163032.png,Attacker,32.0,28.0,2359.0,6.88,6.0,3.0,30.0,13.0,822.0,44.0,75.0,37.0,3.0,16.0,44.0,19.0,267.0,107.0,38.0,45.0,4.0,0.0
78,Bundesliga,2025,172,VfB Stuttgart,178217,S. Drljača,Stefan,Drljača,26.0,Germany,193,89,https://media.api-sports.io/football/players/178217.png,Goalkeeper,0.0,0.0,,,0.0,0.0,,,,,,,,,,,,,,,0.0,0.0
78,Bundesliga,2025,163,Borussia Mönchengladbach,178709,Y. Engelhardt,Yannik,Engelhardt,24.0,Germany,184,74,https://media.api-sports.io/football/players/178709.png,Midfielder,31.0,29.0,2497.0,6.75,2.0,2.0,17.0,5.0,1327.0,14.0,86.0,43.0,11.0,34.0,11.0,6.0,243.0,120.0,34.0,41.0,7.0,0.0
78,Bundesliga,2025,164,FSV Mainz 05,199931,W. Bøving,William,Bøving Wick,22.0,Denmark,176,69,https://media.api-sports.io/football/players/199931.png,Attacker,9.0,2.0,227.0,6.67,0.0,1.0,1.0,,62.0,4.0,74.0,6.0,1.0,2.0,4.0,1.0,23.0,11.0,2.0,2.0,1.0,0.0
78,Bundesliga,2025,160,SC Freiburg,202696,I. Matanović,Igor,Matanović,22.0,Croatia,194,90,https://media.api-sports.io/football/players/202696.png,Attacker,31.0,14.0,1570.0,6.81,11.0,2.0,38.0,19.0,318.0,22.0,62.0,23.0,2.0,9.0,30.0,12.0,314.0,139.0,22.0,43.0,0.0,0.0
78,Bundesliga,2025,172,VfB Stuttgart,334879,B. Bouanani,Badredine,Bouanani,21.0,Algeria,177,68,https://media.api-sports.io/football/players/334879.png,Midfielder,14.0,5.0,481.0,6.56,0.0,0.0,11.0,4.0,201.0,5.0,77.0,4.0,,4.0,15.0,4.0,44.0,16.0,6.0,1.0,1.0,0.0
78,Bundesliga,2025,172,VfB Stuttgart,340573,B. El Khannouss,Bilal,El Khannouss,21.0,Morocco,180,70,https://media.api-sports.io/football/players/340573.png,Midfielder,25.0,19.0,1634.0,6.98,4.0,5.0,26.0,15.0,944.0,45.0,79.0,28.0,3.0,10.0,32.0,18.0,147.0,75.0,9.0,19.0,6.0,0.0
78,Bundesliga,2025,173,RB Leipzig,419916,C. Harder,Conrad,Harder Weibel Schandorf,20.0,Denmark,185,71,https://media.api-sports.io/football/players/419916.png,Attacker,29.0,8.0,919.0,6.56,3.0,3.0,30.0,13.0,195.0,14.0,70.0,10.0,1.0,6.0,25.0,5.0,153.0,55.0,18.0,21.0,3.0,0.0
78,Bundesliga,2025,161,VfL Wolfsburg,174,C. Eriksen,Christian,Dannemann Eriksen,33.0,Denmark,182,76,https://media.api-sports.io/football/players/174.png,Midfielder,33.0,29.0,2629.0,6.95,3.0,9.0,31.0,16.0,1272.0,66.0,78.0,43.0,11.0,19.0,21.0,10.0,166.0,71.0,6.0,13.0,4.0,0.0
78,Bundesliga,2025,182,Union Berlin,376,Diogo Leite,Diogo Filipe,Monteiro Pinto Leite,26.0,Portugal,188,70,https://media.api-sports.io/football/players/376.png,Defender,23.0,23.0,1970.0,6.75,0.0,0.0,6.0,1.0,1058.0,9.0,76.0,33.0,10.0,43.0,12.0,6.0,223.0,126.0,25.0,25.0,4.0,0.0
78,Bundesliga,2025,192,1. FC Köln,8641,A. Castro-Montes,Alessio Daniel,Castro-Montes,28.0,Belgium,175,67,https://media.api-sports.io/football/players/8641.png,Midfielder,14.0,7.0,670.0,6.8,1.0,3.0,6.0,1.0,308.0,23.0,75.0,18.0,2.0,5.0,9.0,1.0,83.0,42.0,10.0,13.0,2.0,0.0
78,Bundesliga,2025,170,FC Augsburg,8651,S. Essende,Samuel Emmanuel,Essende Mbongu,27.0,France,192,88,https://media.api-sports.io/football/players/8651.png,Attacker,14.0,2.0,422.0,6.45,1.0,0.0,13.0,4.0,92.0,4.0,68.0,4.0,,,7.0,5.0,98.0,39.0,14.0,17.0,2.0,0.0
78,Bundesliga,2025,161,VfL Wolfsburg,15884,J. Lindstrøm,Jesper Grænge,Lindstrøm,25.0,Denmark,182,66,https://media.api-sports.io/football/players/15884.png,Midfielder,15.0,4.0,437.0,6.45,0.0,0.0,9.0,5.0,132.0,5.0,78.0,8.0,,,19.0,8.0,69.0,25.0,6.0,10.0,2.0,0.0
78,Bundesliga,2025,170,FC Augsburg,20634,A. Claude-Maurice,Alexis,Claude-Maurice,27.0,France,174,62,https://media.api-sports.io/football/players/20634.png,Midfielder,29.0,25.0,2107.0,6.9,5.0,4.0,58.0,26.0,731.0,33.0,84.0,41.0,1.0,8.0,82.0,44.0,306.0,144.0,42.0,23.0,3.0,0.0
78,Bundesliga,2025,167,1899 Hoffenheim,25389,I. Bebou,Ihlas,Bebou,31.0,Togo,185,80,https://media.api-sports.io/football/players/25389.png,Attacker,16.0,0.0,215.0,6.5,0.0,0.0,4.0,2.0,46.0,2.0,82.0,1.0,1.0,3.0,3.0,3.0,26.0,6.0,2.0,6.0,1.0,0.0
78,Bundesliga,2025,168,Bayer Leverkusen,25635,J. Hofmann,Jonas,Hofmann,33.0,Germany,176,73,https://media.api-sports.io/football/players/25635.png,Midfielder,23.0,11.0,1015.0,6.76,2.0,2.0,17.0,7.0,547.0,16.0,83.0,13.0,,2.0,11.0,7.0,60.0,33.0,9.0,5.0,3.0,0.0
78,Bundesliga,2025,165,Borussia Dortmund,26243,N. Schlotterbeck,Nico Cedric,Schlotterbeck,26.0,Germany,191,86,https://media.api-sports.io/football/players/26243.png,Defender,28.0,28.0,2520.0,7.7,5.0,1.0,21.0,9.0,1985.0,12.0,88.0,50.0,12.0,27.0,23.0,15.0,255.0,158.0,27.0,30.0,8.0,0.0
78,Bundesliga,2025,169,Eintracht Frankfurt,162414,A. Amenda,Aurèle Florian,Amenda,22.0,Switzerland,194,90,https://media.api-sports.io/football/players/162414.png,Defender,24.0,18.0,1685.0,6.67,0.0,0.0,10.0,2.0,1377.0,6.0,87.0,15.0,7.0,26.0,4.0,2.0,169.0,106.0,13.0,22.0,5.0,0.0
78,Bundesliga,2025,161,VfL Wolfsburg,290545,J. Seelt,Jenson,Seelt,22.0,Netherlands,192,84,https://media.api-sports.io/football/players/290545.png,Defender,9.0,8.0,696.0,6.7,0.0,0.0,2.0,,379.0,,86.0,13.0,5.0,5.0,3.0,2.0,70.0,44.0,6.0,5.0,0.0,0.0
78,Bundesliga,2025,170,FC Augsburg,310196,Ismaël Gharbi,Ismaël Seifallah,Gharbi,21.0,Spain,173,67,https://media.api-sports.io/football/players/310196.png,Attacker,6.0,0.0,92.0,6.58,0.0,0.0,2.0,,43.0,1.0,76.0,1.0,,,6.0,1.0,22.0,10.0,8.0,2.0,0.0,0.0
78,Bundesliga,2025,161,VfL Wolfsburg,334914,S. Kumbedi,Saël,Kumbedi Nseke,20.0,France,175,67,https://media.api-sports.io/football/players/334914.png,Defender,26.0,22.0,1995.0,6.52,0.0,5.0,3.0,,736.0,19.0,78.0,48.0,6.0,17.0,41.0,18.0,203.0,97.0,19.0,22.0,2.0,0.0
78,Bundesliga,2025,168,Bayer Leverkusen,343316,J. Belocian,Jeanuël,Belocian,20.0,France,186,73,https://media.api-sports.io/football/players/343316.png,Defender,8.0,3.0,292.0,6.51,0.0,0.0,1.0,,201.0,1.0,93.0,5.0,,1.0,1.0,1.0,23.0,11.0,5.0,5.0,0.0,0.0
78,Bundesliga,2025,161,VfL Wolfsburg,343316,J. Belocian,Jeanuël,Belocian,20.0,France,186,73,https://media.api-sports.io/football/players/343316.png,Defender,16.0,16.0,1465.0,6.81,0.0,1.0,4.0,,658.0,6.0,88.0,31.0,15.0,21.0,12.0,7.0,128.0,70.0,13.0,19.0,3.0,0.0
78,Bundesliga,2025,161,VfL Wolfsburg,362564,A. Daghim,Adam,Daghim,20.0,Denmark,189,80,https://media.api-sports.io/football/players/362564.png,Attacker,29.0,14.0,1544.0,6.73,2.0,4.0,21.0,11.0,426.0,21.0,65.0,28.0,2.0,14.0,60.0,22.0,218.0,100.0,25.0,19.0,3.0,0.0
78,Bundesliga,2025,173,RB Leipzig,383665,T. Gomis,Tidiam,Gomis,19.0,France,182,71,https://media.api-sports.io/football/players/383665.png,Attacker,18.0,2.0,356.0,6.47,1.0,0.0,5.0,3.0,105.0,2.0,84.0,4.0,1.0,,29.0,10.0,56.0,21.0,3.0,4.0,1.0,0.0
78,Bundesliga,2025,180,1. FC Heidenheim,383729,N. Rothweiler,Nick,Rothweiler,19.0,Germany,190,84,https://media.api-sports.io/football/players/383729.png,Midfielder,0.0,0.0,,,0.0,0.0,,,,,,,,,,,,,,,0.0,0.0
78,Bundesliga,2025,163,Borussia Mönchengladbach,412705,Charles Herrmann,Charles,Herrmann,19.0,Germany,180,73,https://media.api-sports.io/football/players/412705.png,Midfielder,1.0,0.0,10.0,6.9,0.0,1.0,,,3.0,1.0,66.0,,,1.0,1.0,,2.0,,,1.0,0.0,0.0
78,Bundesliga,2025,167,1899 Hoffenheim,511606,P. Benjamin,Precious,Benjamin,19.0,Nigeria,182,,https://media.api-sports.io/football/players/511606.png,Attacker,0.0,0.0,,,0.0,0.0,,,,,,,,,,,,,,,0.0,0.0
78,Bundesliga,2025,157,Bayern München,524214,Cassiano Kiala,Cassiano,Mpembele Kiala,16.0,Germany,,,https://media.api-sports.io/football/players/524214.png,Defender,1.0,0.0,1.0,,0.0,0.0,,,2.0,,100.0,,,,,,,,,,0.0,0.0
78,Bundesliga,2025,165,Borussia Dortmund,506,N. Süle,Niklas,Süle,30.0,Germany,195,99,https://media.api-sports.io/football/players/506.png,Defender,11.0,7.0,487.0,6.9,0.0,1.0,2.0,1.0,362.0,2.0,93.0,8.0,2.0,5.0,2.0,1.0,32.0,17.0,1.0,8.0,3.0,0.0
78,Bundesliga,2025,173,RB Leipzig,1144,L. Klostermann,Lukas Manuel,Klostermann,29.0,Germany,187,88,https://media.api-sports.io/football/players/1144.png,Defender,5.0,1.0,102.0,6.95,0.0,1.0,1.0,1.0,56.0,2.0,91.0,3.0,1.0,1.0,,,7.0,5.0,,,0.0,0.0
78,Bundesliga,2025,173,RB Leipzig,1153,A. Haidara,Amadou,Haidara,27.0,Mali,175,72,https://media.api-sports.io/football/players/1153.png,Midfielder,0.0,0.0,,,0.0,0.0,,,,,,,,,,,,,,,0.0,0.0
78,Bundesliga,2025,173,RB Leipzig,1166,T. Werner,Timo,Werner,29.0,Germany,180,75,https://media.api-sports.io/football/players/1166.png,Attacker,3.0,0.0,13.0,6.3,0.0,0.0,,,8.0,,87.0,,,,,,,,,,0.0,0.0
78,Bundesliga,2025,162,Werder Bremen,25011,A. Pieper,Amos,Pieper,27.0,Germany,192,86,https://media.api-sports.io/football/players/25011.png,Defender,19.0,19.0,1504.0,7.05,0.0,0.0,6.0,2.0,1016.0,2.0,85.0,31.0,16.0,25.0,1.0,,134.0,97.0,15.0,10.0,4.0,0.0
78,Bundesliga,2025,192,1. FC Köln,26237,D. Heintz,Dominique,Heintz,32.0,Germany,188,89,https://media.api-sports.io/football/players/26237.png,Defender,9.0,5.0,398.0,6.82,0.0,0.0,,,270.0,1.0,84.0,3.0,4.0,5.0,4.0,3.0,34.0,23.0,4.0,2.0,0.0,0.0
78,Bundesliga,2025,186,FC St. Pauli,48142,K. Mets,Karol,Mets,32.0,Estonia,191,79,https://media.api-sports.io/football/players/48142.png,Defender,23.0,22.0,1934.0,6.6,1.0,0.0,5.0,1.0,1200.0,4.0,85.0,25.0,7.0,20.0,2.0,1.0,134.0,80.0,11.0,13.0,3.0,0.0
78,Bundesliga,2025,164,FSV Mainz 05,90829,D. Batz,Daniel,Batz,34.0,Germany,191,87,https://media.api-sports.io/football/players/90829.png,Goalkeeper,21.0,21.0,1890.0,7.44,0.0,0.0,,,664.0,,63.0,,,,,,14.0,9.0,1.0,,2.0,0.0
78,Bundesliga,2025,180,1. FC Heidenheim,125723,T. Keller,Thomas Leon,Keller,26.0,Germany,186,80,https://media.api-sports.io/football/players/125723.png,Midfielder,4.0,3.0,191.0,6.58,0.0,0.0,1.0,,119.0,,83.0,1.0,,,1.0,1.0,14.0,8.0,2.0,3.0,1.0,0.0
78,Bundesliga,2025,165,Borussia Dortmund,129791,Fábio Silva,Fábio Daniel,Soares Silva,23.0,Portugal,185,75,https://media.api-sports.io/football/players/129791.png,Attacker,28.0,7.0,828.0,6.58,2.0,6.0,14.0,8.0,268.0,17.0,72.0,7.0,1.0,2.0,29.0,12.0,130.0,43.0,10.0,19.0,3.0,0.0
78,Bundesliga,2025,175,Hamburger SV,161923,I. Pherai,Immanuel-Johannes,Pherai,24.0,Netherlands,175,74,https://media.api-sports.io/football/players/161923.png,Midfielder,6.0,0.0,63.0,6.1,0.0,0.0,,,23.0,,78.0,2.0,,,2.0,1.0,11.0,6.0,2.0,4.0,1.0,0.0
78,Bundesliga,2025,160,SC Freiburg,202919,M. Rosenfelder,Maximilian,Rosenfelder,22.0,Germany,186,76,https://media.api-sports.io/football/players/202919.png,Defender,12.0,5.0,507.0,6.52,0.0,0.0,,,239.0,,89.0,8.0,2.0,5.0,3.0,2.0,39.0,20.0,5.0,2.0,0.0,0.0
78,Bundesliga,2025,186,FC St. Pauli,276263,F. Stevens,Finley,Stevens,22.0,Wales,179,73,https://media.api-sports.io/football/players/276263.png,Defender,1.0,0.0,26.0,6.6,0.0,0.0,,,13.0,1.0,53.0,,,,,,2.0,1.0,,,0.0,0.0
78,Bundesliga,2025,172,VfB Stuttgart,323449,A. Al Dakhil,Ameen,Al Dakhil,23.0,Belgium,188,81,https://media.api-sports.io/football/players/323449.png,Defender,8.0,3.0,390.0,6.6,0.0,0.0,1.0,,254.0,2.0,88.0,8.0,3.0,4.0,3.0,2.0,34.0,19.0,1.0,1.0,1.0,0.0
78,Bundesliga,2025,164,FSV Mainz 05,380603,Daniel Gleiber,Daniel,Gleiber,20.0,Germany,177,69,https://media.api-sports.io/football/players/380603.png,Midfielder,0.0,0.0,,,0.0,0.0,,,,,,,,,,,,,,,0.0,0.0
78,Bundesliga,2025,163,Borussia Mönchengladbach,428913,Jan Urbich,Jan,Urbich,21.0,Germany,,,https://media.api-sports.io/football/players/428913.png,Attacker,3.0,0.0,40.0,6.37,0.0,0.0,,,9.0,1.0,44.0,,,,3.0,1.0,9.0,5.0,2.0,1.0,0.0,0.0
78,Bundesliga,2025,182,Union Berlin,440136,Dmytro Bohdanov,Dmytro,Bohdanov,18.0,Ukraine,,,https://media.api-sports.io/football/players/440136.png,Attacker,2.0,0.0,5.0,,0.0,0.0,2.0,1.0,1.0,,100.0,,,,,,2.0,,,,0.0,0.0
78,Bundesliga,2025,157,Bayern München,449689,David Daiber,David Michael,Santos Daiber,18.0,Portugal,,,https://media.api-sports.io/football/players/449689.png,Midfielder,2.0,0.0,27.0,6.7,0.0,0.0,,,25.0,,96.0,,,,2.0,2.0,4.0,2.0,,2.0,0.0,0.0
78,Bundesliga,2025,168,Bayer Leverkusen,543471,Ken Izekor,,,18.0,,,,https://media.api-sports.io/football/players/543471.png,Attacker,0.0,0.0,,,0.0,0.0,,,,,,,,,,,,,,,0.0,0.0
78,Bundesliga,2025,180,1. FC Heidenheim,551353,T. Weigel,,,18.0,,,,https://media.api-sports.io/football/players/551353.png,Attacker,1.0,0.0,1.0,,0.0,0.0,,,2.0,,100.0,,,,,,,,,,0.0,0.0
78,Bundesliga,2025,168,Bayer Leverkusen,663,M. Terrier,Martin Albert Frédéric,Terrier,28.0,France,184,71,https://media.api-sports.io/football/players/663.png,Attacker,18.0,7.0,672.0,6.82,4.0,1.0,14.0,6.0,247.0,9.0,85.0,11.0,1.0,1.0,12.0,5.0,61.0,36.0,13.0,1.0,1.0,0.0
78,Bundesliga,2025,165,Borussia Dortmund,864,E. Can,Emre,Can,31.0,Germany,186,86,https://media.api-sports.io/football/players/864.png,Midfielder,9.0,7.0,621.0,7.21,3.0,0.0,5.0,4.0,450.0,,86.0,12.0,7.0,16.0,5.0,3.0,81.0,43.0,10.0,10.0,3.0,0.0
78,Bundesliga,2025,161,VfL Wolfsburg,1291,D. Vavro,Denis,Vavro,29.0,Slovakia,189,81,https://media.api-sports.io/football/players/1291.png,Defender,19.0,15.0,1405.0,6.84,1.0,0.0,11.0,5.0,634.0,3.0,86.0,11.0,13.0,18.0,3.0,3.0,91.0,52.0,6.0,10.0,2.0,0.0
78,Bundesliga,2025,161,VfL Wolfsburg,25396,P. Pervan,Pavao,Pervan,38.0,Austria,194,88,https://media.api-sports.io/football/players/25396.png,Goalkeeper,0.0,0.0,,,0.0,0.0,,,,,,,,,,,,,,,1.0,0.0
78,Bundesliga,2025,160,SC Freiburg,25904,J. Huth,Jannik,Huth,31.0,Germany,185,80,https://media.api-sports.io/football/players/25904.png,Goalkeeper,0.0,0.0,,,0.0,0.0,,,,,,,,,,,,,,,0.0,0.0
78,Bundesliga,2025,163,Borussia Mönchengladbach,26256,T. Kleindienst,Tim,Kleindienst,30.0,Germany,194,85,https://media.api-sports.io/football/players/26256.png,Attacker,3.0,0.0,18.0,6.5,0.0,0.0,,,5.0,,60.0,2.0,1.0,1.0,,,8.0,4.0,,1.0,0.0,0.0
78,Bundesliga,2025,157,Bayern München,32893,H. Ito,Hiroki,Ito,26.0,Japan,188,84,https://media.api-sports.io/football/players/32893.png,Defender,16.0,10.0,932.0,6.81,1.0,2.0,8.0,3.0,808.0,6.0,91.0,4.0,3.0,14.0,4.0,4.0,54.0,32.0,3.0,10.0,0.0,0.0
78,Bundesliga,2025,182,Union Berlin,127471,C. Klaus,Carl Friedrich Georg,Klaus,31.0,Germany,189,86,https://media.api-sports.io/football/players/127471.png,Goalkeeper,4.0,3.0,329.0,7.25,0.0,0.0,,,109.0,,61.0,,,,,,2.0,2.0,,,0.0,0.0
78,Bundesliga,2025,186,FC St. Pauli,138873,R. Jones,Ricky-Jade,Jones,23.0,England,183,69,https://media.api-sports.io/football/players/138873.png,Attacker,9.0,3.0,349.0,6.69,2.0,0.0,8.0,6.0,57.0,7.0,50.0,3.0,,2.0,6.0,4.0,62.0,24.0,7.0,8.0,1.0,0.0
78,Bundesliga,2025,169,Eintracht Frankfurt,162771,J. Ngankam,Ngankam Jessic Gaïtan,Ngankam,25.0,Germany,184,84,https://media.api-sports.io/football/players/162771.png,Attacker,3.0,0.0,70.0,6.27,0.0,0.0,,,17.0,,88.0,,1.0,,1.0,1.0,15.0,3.0,2.0,4.0,0.0,0.0
78,Bundesliga,2025,180,1. FC Heidenheim,178106,M. Pieringer,Marvin,Pieringer,26.0,Germany,191,81,https://media.api-sports.io/football/players/178106.png,Attacker,27.0,20.0,1653.0,6.73,4.0,1.0,29.0,8.0,383.0,16.0,67.0,20.0,1.0,10.0,29.0,16.0,268.0,125.0,27.0,37.0,2.0,0.0
78,Bundesliga,2025,164,FSV Mainz 05,277421,F. Moreno Fell,Fabio,Moreno Fell,23.0,Germany,,,https://media.api-sports.io/football/players/277421.png,Attacker,0.0,0.0,78.0,6.3,0.0,0.0,1.0,,23.0,,52.0,,,,1.0,1.0,8.0,2.0,,,0.0,0.0
78,Bundesliga,2025,163,Borussia Mönchengladbach,340155,T. Pereira Cardoso,Tiago,Pereira Cardoso,19.0,Luxembourg,191,87,https://media.api-sports.io/football/players/340155.png,Goalkeeper,0.0,0.0,,,0.0,0.0,,,,,,,,,,,,,,,0.0,0.0
78,Bundesliga,2025,182,Union Berlin,430354,Livan Burcu,Livan,Burcu,21.0,Germany,178,68,https://media.api-sports.io/football/players/430354.png,Attacker,18.0,6.0,655.0,6.73,1.0,1.0,11.0,3.0,208.0,9.0,79.0,12.0,,2.0,32.0,15.0,88.0,41.0,14.0,6.0,4.0,0.0
78,Bundesliga,2025,157,Bayern München,435089,Leon Klanac,Leon,Klanac,18.0,Germany,185,80,https://media.api-sports.io/football/players/435089.png,Goalkeeper,0.0,0.0,,,0.0,0.0,,,,,,,,,,,,,,,0.0,0.0
78,Bundesliga,2025,164,FSV Mainz 05,442546,K. Potulski,Kacper,Potulski,18.0,Poland,195,85,https://media.api-sports.io/football/players/442546.png,Defender,15.0,9.0,1060.0,6.78,1.0,0.0,9.0,5.0,440.0,2.0,82.0,15.0,15.0,18.0,4.0,2.0,112.0,60.0,5.0,17.0,3.0,0.0
78,Bundesliga,2025,161,VfL Wolfsburg,444960,Jan Bürger,Jan,Bürger,18.0,Germany,180 cm,,https://media.api-sports.io/football/players/444960.png,Defender,0.0,0.0,259.0,6.48,0.0,0.0,2.0,1.0,64.0,2.0,68.0,3.0,3.0,1.0,5.0,1.0,27.0,11.0,5.0,4.0,0.0,0.0
78,Bundesliga,2025,168,Bayer Leverkusen,444961,M. Culbreath,Montrell,Amare Culbreath,18.0,Germany,172 cm,,https://media.api-sports.io/football/players/444961.png,Midfielder,12.0,9.0,740.0,6.84,1.0,0.0,6.0,2.0,253.0,6.0,84.0,27.0,,8.0,18.0,5.0,81.0,46.0,11.0,5.0,0.0,0.0
78,Bundesliga,2025,163,Borussia Mönchengladbach,501906,W. Mohya,Wael,Mohya,17.0,Germany,174,,https://media.api-sports.io/football/players/501906.png,Midfielder,15.0,6.0,562.0,6.72,2.0,1.0,6.0,5.0,174.0,4.0,82.0,8.0,1.0,1.0,15.0,3.0,69.0,29.0,13.0,4.0,1.0,0.0
78,Bundesliga,2025,161,VfL Wolfsburg,585662,P. Hensel,,,18.0,,,,https://media.api-sports.io/football/players/585662.png,Midfielder,5.0,1.0,88.0,6.63,0.0,0.0,1.0,,26.0,,80.0,1.0,,,1.0,1.0,6.0,3.0,1.0,,0.0,0.0
78,Bundesliga,2025,157,Bayern München,509,A. Davies,Alphonso Boyle,Davies,25.0,Canada,183,75,https://media.api-sports.io/football/players/509.png,Defender,13.0,6.0,534.0,6.84,1.0,3.0,4.0,1.0,360.0,9.0,93.0,9.0,3.0,3.0,26.0,13.0,65.0,33.0,5.0,2.0,1.0,0.0
78,Bundesliga,2025,169,Eintracht Frankfurt,1803,T. Chandler,Timothy,Chandler,35.0,USA,187,84,https://media.api-sports.io/football/players/1803.png,Midfielder,1.0,0.0,10.0,7,0.0,0.0,,,10.0,1.0,80.0,,,,,,2.0,2.0,,,0.0,0.0
78,Bundesliga,2025,162,Werder Bremen,8673,O. Deman,Olivier,Deman,25.0,Belgium,181,74,https://media.api-sports.io/football/players/8673.png,Defender,16.0,14.0,1255.0,6.89,1.0,2.0,5.0,3.0,601.0,17.0,79.0,39.0,4.0,11.0,13.0,6.0,128.0,80.0,12.0,19.0,3.0,0.0
78,Bundesliga,2025,175,Hamburger SV,24880,B. Jatta,Bakery,Jatta,27.0,Gambia,184,79,https://media.api-sports.io/football/players/24880.png,Midfielder,15.0,12.0,918.0,6.63,1.0,1.0,10.0,4.0,223.0,4.0,81.0,15.0,4.0,9.0,9.0,3.0,81.0,29.0,5.0,13.0,1.0,0.0
78,Bundesliga,2025,165,Borussia Dortmund,26395,P. Drewes,Patrick,Drewes,32.0,Germany,194,87,https://media.api-sports.io/football/players/26395.png,Goalkeeper,0.0,0.0,,,0.0,0.0,,,,,,,,,,,,,,,0.0,0.0
78,Bundesliga,2025,172,VfB Stuttgart,48481,L. Stergiou,Leonidas,Stergiou,23.0,Switzerland,181,75,https://media.api-sports.io/football/players/48481.png,Defender,1.0,0.0,1.0,,0.0,0.0,,,,,,,,,,,,,,,0.0,0.0
78,Bundesliga,2025,180,1. FC Heidenheim,48481,L. Stergiou,Leonidas,Stergiou,23.0,Switzerland,181,75,https://media.api-sports.io/football/players/48481.png,Defender,5.0,1.0,203.0,6.64,0.0,0.0,1.0,,76.0,,77.0,8.0,4.0,2.0,1.0,1.0,27.0,15.0,1.0,3.0,0.0,0.0
78,Bundesliga,2025,167,1899 Hoffenheim,66019,A. Hložek,Adam,Hložek,23.0,Czechia,188,84,https://media.api-sports.io/football/players/66019.png,Attacker,5.0,0.0,36.0,6.43,0.0,0.0,2.0,1.0,11.0,,81.0,,,,,,7.0,3.0,1.0,,0.0,0.0
78,Bundesliga,2025,167,1899 Hoffenheim,127631,V. Gendrey,Valentin André Stanislas,Gendrey,25.0,France,179,75,https://media.api-sports.io/football/players/127631.png,Defender,8.0,0.0,69.0,6.8,1.0,1.0,2.0,1.0,26.0,3.0,96.0,1.0,,1.0,1.0,,12.0,5.0,1.0,2.0,0.0,0.0
78,Bundesliga,2025,165,Borussia Dortmund,368230,J. Duranville,Julien,Duranville,19.0,Belgium,170,59,https://media.api-sports.io/football/players/368230.png,Attacker,0.0,0.0,,,0.0,0.0,,,,,,,,,,,,,,,0.0,0.0
78,Bundesliga,2025,173,RB Leipzig,388894,Joyeux Masanka Bungi,Joyeux,Masanka Bungi,18.0,Belgium,,,https://media.api-sports.io/football/players/388894.png,Midfielder,0.0,0.0,,,0.0,0.0,,,,,,,,,,,,,,,0.0,0.0
78,Bundesliga,2025,170,FC Augsburg,404895,O. Sorg,Oliver,Sorg,18.0,Austria,,,https://media.api-sports.io/football/players/404895.png,Defender,0.0,0.0,,,0.0,0.0,,,,,,,,,,,,,,,0.0,0.0
78,Bundesliga,2025,164,FSV Mainz 05,414161,K. Schopp,Konstantin,Schopp,20.0,Austria,195,90,https://media.api-sports.io/football/players/414161.png,Defender,0.0,0.0,,,0.0,0.0,,,,,,,,,,,,,,,0.0,0.0
78,Bundesliga,2025,161,VfL Wolfsburg,435086,T. Neininger,Till,Neininger,18.0,Germany,186 cm,79 kg,https://media.api-sports.io/football/players/435086.png,Defender,0.0,0.0,,,0.0,0.0,,,,,,,,,,,,,,,0.0,0.0
78,Bundesliga,2025,163,Borussia Mönchengladbach,442151,Niklas Swider,Niklas,Swider,18.0,Germany,188,88,https://media.api-sports.io/football/players/442151.png,Midfielder,0.0,0.0,,,0.0,0.0,,,,,,,,,,,,,,,0.0,0.0
78,Bundesliga,2025,173,RB Leipzig,570742,S. Konate,,,16.0,,,,https://media.api-sports.io/football/players/570742.png,Attacker,1.0,0.0,8.0,6.3,0.0,0.0,1.0,,,,,,,,,,,,,,0.0,0.0
78,Bundesliga,2025,161,VfL Wolfsburg,584359,B. Katz,,,17.0,,,,https://media.api-sports.io/football/players/584359.png,Attacker,0.0,0.0,,,0.0,0.0,,,,,,,,,,,,,,,0.0,0.0
78,Bundesliga,2025,161,VfL Wolfsburg,584360,T. Benedict,,,18.0,,,,https://media.api-sports.io/football/players/584360.png,Attacker,0.0,0.0,,,0.0,0.0,,,,,,,,,,,,,,,0.0,0.0
78,Bundesliga,2025,170,FC Augsburg,585671,T. Schnitzer,,,17.0,,,,https://media.api-sports.io/football/players/585671.png,Midfielder,1.0,0.0,11.0,6.3,0.0,0.0,,,5.0,,80.0,,,,,,1.0,1.0,,,0.0,0.0
78,Bundesliga,2025,163,Borussia Mönchengladbach,585704,F. Fleck,,,18.0,,,,https://media.api-sports.io/football/players/585704.png,Midfielder,0.0,0.0,,,0.0,0.0,,,,,,,,,,,,,,,0.0,0.0
78,Bundesliga,2025,192,1. FC Köln,610631,C. Neumann,,,18.0,,,,https://media.api-sports.io/football/players/610631.png,Defender,2.0,1.0,83.0,6.25,0.0,0.0,,,28.0,,71.0,2.0,1.0,1.0,1.0,,5.0,3.0,,1.0,0.0,0.0
78,Bundesliga,2025,162,Werder Bremen,2048,M. Wöber,Maximilian,Wöber,27.0,Austria,188,86,https://media.api-sports.io/football/players/2048.png,Defender,2.0,0.0,35.0,7.35,0.0,0.0,,,8.0,1.0,50.0,1.0,1.0,2.0,,,3.0,2.0,,1.0,0.0,0.0
78,Bundesliga,2025,170,FC Augsburg,25297,M. Gregoritsch,Michael,Gregoritsch,31.0,Austria,193,91,https://media.api-sports.io/football/players/25297.png,Attacker,17.0,11.0,927.0,6.75,6.0,2.0,24.0,10.0,178.0,7.0,55.0,5.0,5.0,5.0,11.0,2.0,138.0,55.0,17.0,5.0,2.0,0.0
78,Bundesliga,2025,169,Eintracht Frankfurt,147831,A. Kalimuendo,Arnaud,Kalimuendo-Muinga,23.0,France,178,79,https://media.api-sports.io/football/players/147831.png,Attacker,19.0,17.0,1420.0,6.77,6.0,1.0,19.0,16.0,301.0,23.0,85.0,11.0,1.0,4.0,41.0,21.0,168.0,62.0,18.0,9.0,4.0,0.0
78,Bundesliga,2025,161,VfL Wolfsburg,149557,K. Paredes,Kevin Alexander,Paredes,22.0,USA,170,61,https://media.api-sports.io/football/players/149557.png,Midfielder,8.0,1.0,223.0,6.76,0.0,0.0,2.0,1.0,72.0,2.0,72.0,4.0,2.0,2.0,8.0,3.0,34.0,20.0,9.0,2.0,1.0,0.0
78,Bundesliga,2025,175,Hamburger SV,334362,D. Downs,Damion Lamar,Downs,21.0,Germany,192,80,https://media.api-sports.io/football/players/334362.png,Attacker,12.0,6.0,550.0,6.4,0.0,0.0,5.0,4.0,70.0,7.0,78.0,6.0,1.0,,9.0,2.0,61.0,16.0,1.0,8.0,0.0,0.0
78,Bundesliga,2025,163,Borussia Mönchengladbach,337593,K. Takai,Kota,Takai,21.0,Japan,192,84,https://media.api-sports.io/football/players/337593.png,Defender,8.0,3.0,357.0,6.54,0.0,0.0,3.0,2.0,259.0,2.0,88.0,11.0,1.0,5.0,1.0,,46.0,27.0,3.0,3.0,1.0,0.0
78,Bundesliga,2025,172,VfB Stuttgart,350799,Jeremy Arévalo,Jeremy Alberto,Arévalo Mera,20.0,Spain,182 cm,84 kg,https://media.api-sports.io/football/players/350799.png,Attacker,7.0,0.0,59.0,6.5,0.0,0.0,2.0,1.0,19.0,,73.0,,,,3.0,1.0,11.0,6.0,3.0,,0.0,0.0
78,Bundesliga,2025,175,Hamburger SV,380940,H. Hermann,Hannes Steffen,Hermann,20.0,Germany,189,77,https://media.api-sports.io/football/players/380940.png,Goalkeeper,0.0,0.0,,,0.0,0.0,,,,,,,,,,,,,,,0.0,0.0
78,Bundesliga,2025,169,Eintracht Frankfurt,409190,Y. Ebnoutalib,Younes,Ebnoutalib,22.0,Germany,191,82,https://media.api-sports.io/football/players/409190.png,Attacker,5.0,2.0,139.0,6.4,1.0,0.0,5.0,2.0,21.0,2.0,76.0,,,1.0,3.0,1.0,31.0,5.0,2.0,2.0,0.0,0.0
78,Bundesliga,2025,157,Bayern München,414474,F. Chávez,Felipe Marlon,Chávez,18.0,Peru,171,64,https://media.api-sports.io/football/players/414474.png,Midfielder,2.0,0.0,24.0,6.75,0.0,0.0,,,20.0,1.0,100.0,,,,,,1.0,,,,0.0,0.0
78,Bundesliga,2025,192,1. FC Köln,414474,F. Chávez,Felipe Marlon,Chávez,18.0,Peru,171,64,https://media.api-sports.io/football/players/414474.png,Midfielder,7.0,0.0,114.0,6.61,0.0,0.0,1.0,1.0,65.0,,83.0,3.0,,2.0,,,8.0,4.0,1.0,1.0,0.0,0.0
78,Bundesliga,2025,169,Eintracht Frankfurt,423789,K. Kosugi,Keita,Kosugi,19.0,Japan,168,,https://media.api-sports.io/football/players/423789.png,Defender,0.0,0.0,,,0.0,0.0,,,,,,,,,,,,,,,0.0,0.0
78,Bundesliga,2025,169,Eintracht Frankfurt,478662,M. Dills,Marvin,Dills,18.0,Germany,,,https://media.api-sports.io/football/players/478662.png,Midfielder,0.0,0.0,,,0.0,0.0,,,,,,,,,,,,,,,0.0,0.0
78,Bundesliga,2025,165,Borussia Dortmund,479116,M. Kaba,Mussa,Kaba,17.0,Germany,194,,https://media.api-sports.io/football/players/479116.png,Midfielder,0.0,0.0,,,0.0,0.0,,,,,,,,,,,,,,,0.0,0.0
78,Bundesliga,2025,169,Eintracht Frankfurt,535046,A. Amaimouni,,,20.0,,,,https://media.api-sports.io/football/players/535046.png,Attacker,17.0,6.0,595.0,6.64,2.0,3.0,11.0,7.0,126.0,6.0,76.0,6.0,1.0,3.0,36.0,20.0,91.0,36.0,10.0,8.0,1.0,0.0
78,Bundesliga,2025,157,Bayern München,567867,D. Ofli,,,18.0,,,,https://media.api-sports.io/football/players/567867.png,Defender,1.0,0.0,8.0,6.2,0.0,0.0,,,5.0,,100.0,,,,,,,,,,0.0,0.0
78,Bundesliga,2025,169,Eintracht Frankfurt,567973,A. Staff,,,17.0,,,,https://media.api-sports.io/football/players/567973.png,Attacker,0.0,0.0,,,0.0,0.0,,,,,,,,,,,,,,,0.0,0.0
78,Bundesliga,2025,160,SC Freiburg,574674,K. Steinmann,,,20.0,,,,https://media.api-sports.io/football/players/574674.png,Defender,0.0,0.0,,,0.0,0.0,,,,,,,,,,,,,,,0.0,0.0
78,Bundesliga,2025,173,RB Leipzig,606949,B. Kaltefleiter,,,17.0,,,,https://media.api-sports.io/football/players/606949.png,Midfielder,0.0,0.0,,,0.0,0.0,,,,,,,,,,,,,,,0.0,0.0
78,Bundesliga,2025,192,1. FC Köln,610625,F. Schenten,,,18.0,,,,https://media.api-sports.io/football/players/610625.png,Attacker,7.0,1.0,118.0,6.54,0.0,0.0,1.0,,16.0,1.0,68.0,,,,,,7.0,3.0,,2.0,0.0,0.0
78,Bundesliga,2025,157,Bayern München,618443,J. Fernandez,,,19.0,,,,https://media.api-sports.io/football/players/618443.png,Midfielder,0.0,0.0,,,0.0,0.0,,,,,,,,,,,,,,,0.0,0.0
78,Bundesliga,2025,173,RB Leipzig,98,B. Henrichs,Benjamin Paa Kwesi,Henrichs,28.0,Germany,183,79,https://media.api-sports.io/football/players/98.png,Defender,17.0,3.0,319.0,6.6,1.0,0.0,4.0,2.0,176.0,3.0,81.0,7.0,1.0,5.0,6.0,1.0,31.0,11.0,1.0,3.0,0.0,0.0
78,Bundesliga,2025,164,FSV Mainz 05,711,S. Posch,Stefan,Posch,28.0,Austria,190,82,https://media.api-sports.io/football/players/711.png,Defender,16.0,16.0,1395.0,6.96,0.0,0.0,9.0,3.0,687.0,8.0,77.0,46.0,11.0,21.0,9.0,4.0,163.0,105.0,12.0,8.0,4.0,0.0
78,Bundesliga,2025,186,FC St. Pauli,15917,M. Rasmussen,Mathias,Knutsen Rasmussen,28.0,Norway,180,65,https://media.api-sports.io/football/players/15917.png,Midfielder,13.0,8.0,705.0,6.75,0.0,0.0,5.0,2.0,310.0,5.0,77.0,15.0,1.0,7.0,6.0,5.0,60.0,34.0,7.0,6.0,0.0,0.0
78,Bundesliga,2025,164,FSV Mainz 05,20617,S. Katompa Mvumpa,Silas,Katompa Mvumpa,27.0,Congo DR,189,82,https://media.api-sports.io/football/players/20617.png,Attacker,8.0,4.0,342.0,6.64,1.0,0.0,8.0,7.0,58.0,3.0,74.0,3.0,1.0,,15.0,8.0,56.0,20.0,5.0,4.0,1.0,0.0
78,Bundesliga,2025,192,1. FC Köln,24892,M. Köbbing,Matthias,Köbbing,28.0,Germany,196,94,https://media.api-sports.io/football/players/24892.png,Goalkeeper,0.0,0.0,,,0.0,0.0,,,,,,,,,,,,,,,0.0,0.0
78,Bundesliga,2025,157,Bayern München,181812,J. Musiala,Jamal,Musiala,22.0,Germany,184,72,https://media.api-sports.io/football/players/181812.png,Midfielder,15.0,7.0,685.0,6.68,3.0,4.0,18.0,9.0,292.0,17.0,84.0,11.0,,2.0,40.0,21.0,107.0,52.0,18.0,5.0,1.0,0.0
78,Bundesliga,2025,175,Hamburger SV,264378,S. Tangvik,Sander,Tangvik,23.0,Norway,,,https://media.api-sports.io/football/players/264378.png,Goalkeeper,1.0,1.0,90.0,8.9,0.0,0.0,,,51.0,,66.0,,,,,,1.0,1.0,1.0,,0.0,0.0
78,Bundesliga,2025,168,Bayer Leverkusen,280091,T. Oermann,Tim,Oermann,22.0,Germany,187,76,https://media.api-sports.io/football/players/280091.png,Defender,2.0,0.0,16.0,6.2,0.0,0.0,,,9.0,1.0,55.0,1.0,,,,,3.0,2.0,1.0,,0.0,0.0
78,Bundesliga,2025,186,FC St. Pauli,307929,T. Ando,Tomoya,Ando,26.0,Japan,190,84,https://media.api-sports.io/football/players/307929.png,Defender,15.0,14.0,1261.0,6.7,0.0,1.0,7.0,2.0,688.0,6.0,85.0,33.0,8.0,15.0,9.0,5.0,133.0,90.0,12.0,12.0,3.0,0.0
78,Bundesliga,2025,180,1. FC Heidenheim,328008,Frank  Feller,Frank,Feller,21.0,Germany,183,74,https://media.api-sports.io/football/players/328008.png,Goalkeeper,3.0,3.0,270.0,7.77,0.0,0.0,,,116.0,,71.0,1.0,,,,,6.0,4.0,2.0,,0.0,0.0
78,Bundesliga,2025,175,Hamburger SV,336020,Omar Megeed,Omar Abdel,Megeed,20.0,Egypt,188,85,https://media.api-sports.io/football/players/336020.png,Midfielder,0.0,0.0,,,0.0,0.0,,,,,,,,,,,,,,,0.0,0.0
78,Bundesliga,2025,170,FC Augsburg,341641,Rodrigo Ribeiro,Rodrigo,Duarte Ribeiro,20.0,Portugal,185,72,https://media.api-sports.io/football/players/341641.png,Attacker,14.0,6.0,632.0,6.52,2.0,0.0,18.0,7.0,117.0,1.0,68.0,6.0,3.0,5.0,12.0,8.0,96.0,38.0,3.0,10.0,1.0,0.0
78,Bundesliga,2025,186,FC St. Pauli,363773,E. Gazdov,Emil,Gazdov,22.0,Canada,196,95,https://media.api-sports.io/football/players/363773.png,Goalkeeper,0.0,0.0,,,0.0,0.0,,,,,,,,,,,,,,,0.0,0.0
78,Bundesliga,2025,162,Werder Bremen,371911,J. Milošević,Jovan,Milošević,20.0,Serbia,190,84,https://media.api-sports.io/football/players/371911.png,Attacker,13.0,5.0,501.0,6.65,3.0,1.0,9.0,4.0,106.0,3.0,74.0,4.0,1.0,1.0,9.0,5.0,74.0,29.0,3.0,8.0,2.0,0.0
78,Bundesliga,2025,192,1. FC Köln,404656,Jahmai Simpson-Pusey,Jahmai,Simpson-Pusey,20.0,England,187,79,https://media.api-sports.io/football/players/404656.png,Defender,11.0,10.0,866.0,6.6,0.0,0.0,4.0,3.0,538.0,2.0,86.0,9.0,7.0,13.0,3.0,3.0,58.0,40.0,4.0,4.0,2.0,1.0
78,Bundesliga,2025,182,Union Berlin,413294,Andrik Markgraf,Andrik,Markgraf,19.0,Germany,172,66,https://media.api-sports.io/football/players/413294.png,Defender,0.0,0.0,,,0.0,0.0,,,,,,,,,,,,,,,0.0,0.0
78,Bundesliga,2025,161,VfL Wolfsburg,422572,K. Shiogai,Kento,Shiogai,20.0,Japan,180,77,https://media.api-sports.io/football/players/422572.png,Attacker,13.0,2.0,344.0,6.52,1.0,0.0,11.0,8.0,57.0,2.0,70.0,7.0,,3.0,9.0,3.0,59.0,17.0,3.0,9.0,3.0,0.0
78,Bundesliga,2025,167,1899 Hoffenheim,535086,L. Duric,,,22.0,,,,https://media.api-sports.io/football/players/535086.png,Midfielder,0.0,0.0,9.0,6.6,0.0,0.0,,,2.0,,100.0,,,,,,,,,,0.0,0.0
78,Bundesliga,2025,175,Hamburger SV,570798,L. Lemke,,,16.0,,,,https://media.api-sports.io/football/players/570798.png,Defender,1.0,0.0,1.0,,0.0,0.0,,,,,,,,,,,,,,,0.0,0.0
78,Bundesliga,2025,192,1. FC Köln,632022,Y. Niang,,,,,,,https://media.api-sports.io/football/players/632022.png,Attacker,10.0,2.0,214.0,6.5,0.0,0.0,4.0,1.0,46.0,3.0,69.0,3.0,,,3.0,,42.0,18.0,4.0,6.0,0.0,0.0
78,Bundesliga,2025,160,SC Freiburg,24,M. Philipp,Maximilian Marcus,Philipp,31.0,Germany,183,79,https://media.api-sports.io/football/players/24.png,Attacker,2.0,0.0,32.0,6.3,0.0,0.0,,,8.0,,50.0,1.0,,,,,6.0,1.0,,2.0,0.0,0.0
78,Bundesliga,2025,173,RB Leipzig,24814,L. Zingerle,Leopold,Zingerle,31.0,Germany,185,78,https://media.api-sports.io/football/players/24814.png,Goalkeeper,0.0,0.0,,,0.0,0.0,,,,,,,,,,,,,,,0.0,0.0
78,Bundesliga,2025,186,FC St. Pauli,32871,T. Hara,Taichi,Hara,26.0,Japan,191,84,https://media.api-sports.io/football/players/32871.png,Attacker,4.0,0.0,31.0,6.25,0.0,0.0,1.0,,7.0,,42.0,,,,,,3.0,1.0,,,0.0,0.0
78,Bundesliga,2025,164,FSV Mainz 05,37938,S. Becker,Sheraldo Rudi,Becker,30.0,Suriname,180,77,https://media.api-sports.io/football/players/37938.png,Attacker,14.0,11.0,953.0,6.93,3.0,3.0,24.0,15.0,178.0,17.0,73.0,1.0,,3.0,9.0,4.0,62.0,23.0,8.0,13.0,2.0,0.0
78,Bundesliga,2025,180,1. FC Heidenheim,64302,C. Conteh,Christian Joe,Conteh,26.0,Germany,182,72,https://media.api-sports.io/football/players/64302.png,Attacker,9.0,4.0,405.0,6.6,0.0,0.0,2.0,,79.0,7.0,79.0,2.0,,2.0,15.0,5.0,33.0,10.0,3.0,4.0,0.0,0.0
78,Bundesliga,2025,175,Hamburger SV,73879,P. Otele,Philip Porwei,Otele,26.0,Nigeria,178,80,https://media.api-sports.io/football/players/73879.png,Attacker,9.0,7.0,477.0,6.63,1.0,1.0,5.0,3.0,113.0,9.0,68.0,2.0,,3.0,13.0,7.0,54.0,23.0,4.0,8.0,3.0,1.0
78,Bundesliga,2025,163,Borussia Mönchengladbach,178405,J. Olschowsky,Jan Jakob,Olschowsky,24.0,Germany,183,80,https://media.api-sports.io/football/players/178405.png,Goalkeeper,0.0,0.0,,,0.0,0.0,,,,,,,,,,,,,,,0.0,0.0
78,Bundesliga,2025,167,1899 Hoffenheim,202976,V. Lässig,Valentin,Lässig,22.0,Germany,177,76,https://media.api-sports.io/football/players/202976.png,Defender,0.0,0.0,,,0.0,0.0,,,,,,,,,,,,,,,0.0,0.0
78,Bundesliga,2025,173,RB Leipzig,328225,B. Gruda,Brajan,Gruda,21.0,Germany,178,70,https://media.api-sports.io/football/players/328225.png,Midfielder,13.0,8.0,755.0,7.18,3.0,3.0,13.0,10.0,260.0,17.0,78.0,8.0,,,35.0,21.0,99.0,46.0,12.0,10.0,1.0,0.0
78,Bundesliga,2025,163,Borussia Mönchengladbach,335095,H. Bolin,Axel Hugo,Bolin,22.0,Sweden,179,64,https://media.api-sports.io/football/players/335095.png,Midfielder,13.0,5.0,552.0,6.72,1.0,1.0,9.0,4.0,137.0,8.0,81.0,4.0,,1.0,11.0,3.0,49.0,22.0,12.0,2.0,0.0,0.0
78,Bundesliga,2025,186,FC St. Pauli,344284,Romeo Aigbekaen,Romeo,Aigbekaen,21.0,Germany,188,78,https://media.api-sports.io/football/players/344284.png,Attacker,0.0,0.0,,,0.0,0.0,,,,,,,,,,,,,,,0.0,0.0
78,Bundesliga,2025,161,VfL Wolfsburg,369425,J. Adjetey,Jonas,Adjei Adjetey,22.0,Ghana,188,82,https://media.api-sports.io/football/players/369425.png,Defender,4.0,1.0,137.0,6.2,0.0,0.0,2.0,,72.0,,72.0,2.0,1.0,1.0,2.0,1.0,19.0,8.0,,4.0,1.0,0.0
78,Bundesliga,2025,167,1899 Hoffenheim,380559,Kelven Olagie Frees,Kelven,Olagie Frees,20.0,Germany,,,https://media.api-sports.io/football/players/380559.png,Defender,0.0,0.0,,,0.0,0.0,,,,,,,,,,,,,,,0.0,0.0
78,Bundesliga,2025,167,1899 Hoffenheim,404133,Y. Eduardo,Yannick,Fereira Eduardo,19.0,Czech Republic,193 cm,78 kg,https://media.api-sports.io/football/players/404133.png,Attacker,1.0,0.0,1.0,,0.0,0.0,,,,,,,,,,,1.0,,,,0.0,0.0
78,Bundesliga,2025,165,Borussia Dortmund,478991,S. Inacio,Samuele,Inácio Piá,17.0,Italy,,,https://media.api-sports.io/football/players/478991.png,Attacker,7.0,4.0,383.0,6.84,1.0,0.0,6.0,5.0,124.0,8.0,84.0,6.0,,2.0,7.0,5.0,45.0,23.0,10.0,7.0,2.0,0.0
78,Bundesliga,2025,165,Borussia Dortmund,486522,M. Albert,Mathis,Albert,16.0,USA,,,https://media.api-sports.io/football/players/486522.png,Attacker,1.0,0.0,1.0,,0.0,0.0,,,3.0,,66.0,1.0,,,,,2.0,1.0,,1.0,0.0,0.0
78,Bundesliga,2025,169,Eintracht Frankfurt,496976,L. Arrhov,Paul Love,Arrhov,17.0,Sweden,,,https://media.api-sports.io/football/players/496976.png,Midfielder,5.0,1.0,77.0,6.5,0.0,0.0,,,23.0,1.0,73.0,2.0,,,3.0,1.0,10.0,4.0,1.0,2.0,1.0,0.0
78,Bundesliga,2025,165,Borussia Dortmund,568225,L. Reggiani,,,17.0,,,,https://media.api-sports.io/football/players/568225.png,Defender,8.0,6.0,513.0,6.83,1.0,0.0,3.0,1.0,378.0,2.0,88.0,14.0,1.0,2.0,4.0,4.0,40.0,25.0,2.0,3.0,2.0,0.0
78,Bundesliga,2025,160,SC Freiburg,584890,R. Tarnutzer,,,18.0,,,,https://media.api-sports.io/football/players/584890.png,Midfielder,1.0,0.0,11.0,6.3,0.0,0.0,,,3.0,,100.0,,,,,,2.0,1.0,1.0,,0.0,0.0
78,Bundesliga,2025,192,1. FC Köln,610756,D. S. Furst,,,18.0,,,,https://media.api-sports.io/football/players/610756.png,Defender,0.0,0.0,,,0.0,0.0,,,,,,,,,,,,,,,0.0,0.0
78,Bundesliga,2025,186,FC St. Pauli,7649,D. Nemeth,David,Nemeth,24.0,Austria,191,89,https://media.api-sports.io/football/players/7649.png,Defender,0.0,0.0,,,0.0,0.0,,,,,,,,,,,,,,,0.0,0.0
78,Bundesliga,2025,170,FC Augsburg,163064,D. Klein,Daniel,Klein,24.0,Germany,191,84,https://media.api-sports.io/football/players/163064.png,Goalkeeper,0.0,0.0,,,0.0,0.0,,,,,,,,,,,,,,,0.0,0.0
78,Bundesliga,2025,180,1. FC Heidenheim,207229,P. Tschernuth,Paul,Tschernuth,23.0,Austria,186 cm,88 kg,https://media.api-sports.io/football/players/207229.png,Goalkeeper,0.0,0.0,,,0.0,0.0,,,,,,,,,,,,,,,0.0,0.0
78,Bundesliga,2025,175,Hamburger SV,263177,A. Grønbæk,Albert,Grønbæk Erlykke,24.0,Denmark,176,65,https://media.api-sports.io/football/players/263177.png,Midfielder,7.0,6.0,495.0,6.89,1.0,2.0,5.0,4.0,138.0,8.0,74.0,15.0,1.0,11.0,8.0,5.0,46.0,28.0,6.0,2.0,0.0,0.0
78,Bundesliga,2025,165,Borussia Dortmund,420351,Elias  Benkara,Elias,Benkara,18.0,Germany,192,80,https://media.api-sports.io/football/players/420351.png,Defender,0.0,0.0,,,0.0,0.0,,,,,,,,,,,,,,,0.0,0.0
78,Bundesliga,2025,157,Bayern München,453964,Guido Della Rovere,Guido,Della Rovere,18.0,Italy,,,https://media.api-sports.io/football/players/453964.png,Midfielder,0.0,0.0,,,0.0,0.0,,,,,,,,,,,,,,,0.0,0.0
78,Bundesliga,2025,169,Eintracht Frankfurt,467927,A. Siljevic,Amil,Siljevic,18.0,Germany,188 cm,78 kg,https://media.api-sports.io/football/players/467927.png,Goalkeeper,0.0,0.0,,,0.0,0.0,,,,,,,,,,,,,,,0.0,0.0
78,Bundesliga,2025,175,Hamburger SV,480452,S. Nandja,Shafiq Bello,Nandja,18.0,Germany,,,https://media.api-sports.io/football/players/480452.png,Defender,2.0,0.0,14.0,6.2,0.0,0.0,,,5.0,,80.0,,,,,,,,,,0.0,0.0
78,Bundesliga,2025,170,FC Augsburg,499495,U. Ogundu,Uchenna,Ogundu,19.0,Nigeria,,,https://media.api-sports.io/football/players/499495.png,Attacker,5.0,0.0,50.0,6.4,0.0,0.0,2.0,,9.0,,55.0,,,,,,13.0,3.0,1.0,1.0,0.0,0.0
78,Bundesliga,2025,162,Werder Bremen,561838,S. Musah,,,20.0,,,,https://media.api-sports.io/football/players/561838.png,Attacker,8.0,2.0,210.0,6.67,1.0,0.0,5.0,4.0,56.0,3.0,75.0,3.0,,2.0,2.0,1.0,23.0,9.0,3.0,4.0,0.0,0.0
78,Bundesliga,2025,168,Bayer Leverkusen,567959,E. C. Owen,,,18.0,,,,https://media.api-sports.io/football/players/567959.png,Attacker,0.0,0.0,,,0.0,0.0,,,,,,,,,,,,,,,0.0,0.0
78,Bundesliga,2025,157,Bayern München,568042,M. Cardozo,,,17.0,,,,https://media.api-sports.io/football/players/568042.png,Midfielder,2.0,0.0,32.0,6.3,0.0,0.0,,,16.0,,93.0,,,,1.0,,3.0,2.0,2.0,,0.0,0.0
78,Bundesliga,2025,157,Bayern München,568316,L. Prescott,,,16.0,,,,https://media.api-sports.io/football/players/568316.png,Goalkeeper,0.0,0.0,,,0.0,0.0,,,,,,,,,,,,,,,0.0,0.0
78,Bundesliga,2025,157,Bayern München,628356,F. Pavic,,,15.0,,,,https://media.api-sports.io/football/players/628356.png,Defender,0.0,0.0,,,0.0,0.0,,,,,,,,,,,,,,,0.0,0.0
78,Bundesliga,2025,157,Bayern München,630895,Bara Ndiaye,Bara,Ndiaye,18.0,Senegal,,,https://media.api-sports.io/football/players/630895.png,Attacker,4.0,2.0,148.0,6.68,0.0,0.0,,,124.0,,93.0,6.0,,2.0,10.0,8.0,32.0,20.0,3.0,1.0,0.0,0.0
78,Bundesliga,2025,162,Werder Bremen,645964,Mats Heitmann,,,20.0,,,,https://media.api-sports.io/football/players/645964.png,Defender,0.0,0.0,,,0.0,0.0,,,,,,,,,,,,,,,0.0,0.0
78,Bundesliga,2025,157,Bayern München,648615,Erblin Osmani,,,16.0,,,,https://media.api-sports.io/football/players/648615.png,Midfielder,1.0,0.0,3.0,,0.0,0.0,,,6.0,,83.0,,,1.0,,,,,,,0.0,0.0
78,Bundesliga,2025,182,Union Berlin,655116,Linus Guther,Linus,Guther,16.0,Germany,,,https://media.api-sports.io/football/players/655116.png,Midfielder,1.0,0.0,14.0,6.2,0.0,0.0,,,3.0,,,,,,,,2.0,,,1.0,1.0,0.0
78,Bundesliga,2025,157,Bayern München,657672,B. Assomo,,,16.0,,,,https://media.api-sports.io/football/players/657672.png,Attacker,0.0,0.0,,,0.0,0.0,,,,,,,,,,,,,,,0.0,0.0
78,Bundesliga,2025,182,Union Berlin,659290,Tom Wisbereit,,,18.0,,,,https://media.api-sports.io/football/players/659290.png,Goalkeeper,0.0,0.0,,,0.0,0.0,,,,,,,,,,,,,,,0.0,0.0
78,Bundesliga,2025,185,SC Paderborn 07,24826,S. Michel,Sven,Michel,35.0,Germany,177,78,https://media.api-sports.io/football/players/24826.png,Attacker,2.0,0.0,62.0,6.2,0.0,1.0,2.0,,19.0,3.0,42.0,,,1.0,1.0,,13.0,2.0,,2.0,1.0,0.0
78,Bundesliga,2025,185,SC Paderborn 07,24964,D. Kinsombi,David,Kinsombi,30.0,Germany,183,74,https://media.api-sports.io/football/players/24964.png,Midfielder,0.0,0.0,,,0.0,0.0,,,,,,,,,,,,,,,0.0,0.0
78,Bundesliga,2025,185,SC Paderborn 07,25114,M. Schubert,Markus,Schubert,27.0,Germany,187,84,https://media.api-sports.io/football/players/25114.png,Goalkeeper,0.0,0.0,,,0.0,0.0,,,,,,,,,,,,,,,0.0,0.0
78,Bundesliga,2025,185,SC Paderborn 07,25289,F. Götze,Felix,Götze,27.0,Germany,185,80,https://media.api-sports.io/football/players/25289.png,Defender,2.0,0.0,58.0,7.05,0.0,0.0,1.0,1.0,41.0,1.0,87.0,,1.0,,,,8.0,5.0,1.0,,0.0,0.0
78,Bundesliga,2025,185,SC Paderborn 07,26333,S. Klaas,Sebastian Reinhard,Klaas,27.0,Germany,180,67,https://media.api-sports.io/football/players/26333.png,Attacker,2.0,2.0,130.0,6.5,0.0,0.0,3.0,1.0,37.0,,81.0,2.0,,,2.0,,12.0,3.0,1.0,2.0,0.0,0.0
78,Bundesliga,2025,185,SC Paderborn 07,26343,S. Tigges,Steffen,Tigges,27.0,Germany,193,90,https://media.api-sports.io/football/players/26343.png,Attacker,2.0,0.0,80.0,6.45,0.0,0.0,4.0,,21.0,1.0,52.0,,,,2.0,,17.0,7.0,,1.0,0.0,0.0
78,Bundesliga,2025,185,SC Paderborn 07,119173,M. Hoffmeier,Marcel,Hoffmeier,26.0,Germany,182,78,https://media.api-sports.io/football/players/119173.png,Defender,0.0,0.0,,,0.0,0.0,,,,,,,,,,,,,,,0.0,0.0
78,Bundesliga,2025,185,SC Paderborn 07,125726,F. Bilbija,Filip,Bilbija,25.0,Germany,189,78,https://media.api-sports.io/football/players/125726.png,Midfielder,2.0,2.0,205.0,6.9,1.0,0.0,5.0,1.0,57.0,3.0,84.0,2.0,1.0,1.0,2.0,2.0,17.0,8.0,3.0,4.0,1.0,0.0
78,Bundesliga,2025,185,SC Paderborn 07,163078,L. Curda,Laurin,Curda,24.0,Germany,185,84,https://media.api-sports.io/football/players/163078.png,Midfielder,2.0,2.0,210.0,7.75,1.0,0.0,3.0,2.0,70.0,4.0,72.0,9.0,,2.0,5.0,2.0,33.0,18.0,2.0,5.0,1.0,0.0
78,Bundesliga,2025,185,SC Paderborn 07,178403,C. Brackelmann,Calvin Marc,Brackelmann,26.0,Germany,196,86,https://media.api-sports.io/football/players/178403.png,Defender,2.0,2.0,164.0,7.75,0.0,1.0,3.0,2.0,88.0,2.0,80.0,5.0,,1.0,1.0,1.0,21.0,15.0,1.0,1.0,0.0,0.0
78,Bundesliga,2025,185,SC Paderborn 07,203015,T. Scheller,Tjark Lasse,Scheller,23.0,Germany,192,85,https://media.api-sports.io/football/players/203015.png,Defender,2.0,2.0,210.0,6.95,0.0,0.0,,,140.0,2.0,92.0,1.0,,,2.0,2.0,12.0,5.0,,1.0,0.0,0.0
78,Bundesliga,2025,185,SC Paderborn 07,260780,N. Bätzner,Nick,Bätzner,25.0,Germany,176,62,https://media.api-sports.io/football/players/260780.png,Midfielder,2.0,0.0,51.0,6.95,0.0,0.0,,,15.0,,53.0,3.0,,1.0,2.0,1.0,7.0,5.0,1.0,,0.0,0.0
78,Bundesliga,2025,185,SC Paderborn 07,327993,D. Seimen,Dennis,Seimen,20.0,Germany,190,89,https://media.api-sports.io/football/players/327993.png,Goalkeeper,2.0,2.0,210.0,8.45,0.0,0.0,,,64.0,,81.0,,,,,,2.0,2.0,1.0,,0.0,0.0
78,Bundesliga,2025,185,SC Paderborn 07,328235,S. Marino,Stefano,Marino,21.0,Germany,186,79,https://media.api-sports.io/football/players/328235.png,Attacker,2.0,2.0,148.0,6.4,0.0,0.0,3.0,1.0,33.0,2.0,78.0,1.0,1.0,2.0,2.0,,18.0,5.0,3.0,1.0,0.0,0.0
78,Bundesliga,2025,185,SC Paderborn 07,334146,Jonah Benedict Sticker,Jonah Benedict,Sticker,21.0,Germany,180,,https://media.api-sports.io/football/players/334146.png,Midfielder,1.0,1.0,90.0,6.7,0.0,0.0,,,17.0,,76.0,3.0,,1.0,1.0,1.0,14.0,7.0,2.0,3.0,1.0,0.0
78,Bundesliga,2025,185,SC Paderborn 07,334331,M. Hansen,Mattes,Hansen,21.0,Germany,183,77,https://media.api-sports.io/football/players/334331.png,Defender,2.0,2.0,210.0,7.45,0.0,0.0,,,146.0,3.0,86.0,1.0,,5.0,3.0,1.0,13.0,8.0,1.0,,0.0,0.0
78,Bundesliga,2025,185,SC Paderborn 07,363156,S. Castañeda,Santiago,Castañeda,21.0,USA,188,74,https://media.api-sports.io/football/players/363156.png,Midfielder,2.0,2.0,210.0,7.4,0.0,0.0,5.0,2.0,115.0,2.0,82.0,4.0,1.0,1.0,2.0,1.0,28.0,20.0,3.0,3.0,1.0,0.0
78,Bundesliga,2025,185,SC Paderborn 07,380512,Ruben Müller,Ruben,Müller,20.0,Germany,,,https://media.api-sports.io/football/players/380512.png,Attacker,2.0,2.0,134.0,6.25,0.0,0.0,1.0,,66.0,3.0,72.0,1.0,,,2.0,2.0,14.0,4.0,,4.0,1.0,0.0
78,Bundesliga,2025,185,SC Paderborn 07,413122,K. Okpala,Kennedy Onyedika,Okpala,21.0,Germany,185,,https://media.api-sports.io/football/players/413122.png,Attacker,0.0,0.0,,,0.0,0.0,,,,,,,,,,,,,,,0.0,0.0
78,Bundesliga,2025,185,SC Paderborn 07,526403,N. Mohr,,,21.0,,,,https://media.api-sports.io/football/players/526403.png,Defender,1.0,0.0,46.0,7.6,0.0,0.0,,,19.0,3.0,84.0,1.0,,,1.0,1.0,5.0,5.0,2.0,,0.0,0.0
78,Bundesliga,2025,161,VfL Wolfsburg,1302,J. Wind,Jonas Older,Wind,27.0,Denmark,190,82,https://media.api-sports.io/football/players/1302.png,Forward,13.0,10.0,519.0,6.675000,1.0,0.0,9.0,6.0,155.0,5.0,,,1.0,,3.0,2.0,84.0,43.0,17.0,2.0,1.0,0.0
78,Bundesliga,2025,192,1. FC Köln,202838,D. Huseinbašić,Denis,Huseinbašić,25.0,Germany,184,76,https://media.api-sports.io/football/players/202838.png,Midfielder,17.0,13.0,823.0,6.652941,,0.0,2.0,,465.0,5.0,,17.0,1.0,4.0,2.0,1.0,56.0,32.0,9.0,9.0,1.0,0.0
78,Bundesliga,2025,185,SC Paderborn 07,328035,M. Baur,Mika,Baur,21.0,Germany,172,62,https://media.api-sports.io/football/players/328035.png,Midfielder,1.0,1.0,99.0,7,0.0,0.0,3.0,1.0,55.0,5.0,87.0,1.0,,1.0,,,6.0,2.0,,1.0,0.0,0.0
61,Ligue 1,2025,111,Le Havre,2707,O. El Hajjam,Oualid,El Hajjam,34.0,Morocco,181,72,https://media.api-sports.io/football/players/2707.png,Defender,,,,,,,,,,,,,,,,,,,,,,
61,Ligue 1,2025,116,Lens,6231,F. Medina,Facundo Axel,Medina,26.0,Argentina,184,78,https://media.api-sports.io/football/players/6231.png,Defender,1.0,1.0,61.0,7.200000,,0.0,,,75.0,,72.0,1.0,,,,,4.0,1.0,,3.0,0.0,0.0
61,Ligue 1,2025,81,Marseille,6231,F. Medina,Facundo Axel,Medina,26.0,Argentina,184,78,https://media.api-sports.io/football/players/6231.png,Defender,17.0,16.0,1376.0,6.81,0.0,1.0,4.0,1.0,1043.0,7.0,91.0,19.0,13.0,23.0,7.0,4.0,91.0,43.0,10.0,24.0,7.0,0.0
61,Ligue 1,2025,97,Lorient,24245,G. Kalulu,Gédéon,Kalulu Kyatengwa,28.0,Congo DR,178,78,https://media.api-sports.io/football/players/24245.png,Defender,,,,,,,,,,,,,,,,,,,,,,
61,Ligue 1,2025,91,Monaco,40384,R. Majecki,Radosław,Majecki,26.0,Poland,193,78,https://media.api-sports.io/football/players/40384.png,Goalkeeper,3.0,3.0,235.0,6.300000,,0.0,,,68.0,,,,,,,,4.0,2.0,,1.0,0.0,1.0
61,Ligue 1,2025,106,Stade Brestois 29,40384,R. Majecki,Radosław,Majecki,26.0,Poland,193,78,https://media.api-sports.io/football/players/40384.png,Goalkeeper,10.0,10.0,865.0,6.68,0.0,0.0,,,298.0,,67.0,,,,,,5.0,3.0,1.0,1.0,0.0,1.0
61,Ligue 1,2025,77,Angers,64190,Y. Fofana,Yahia,Fofana,25.0,France,194,89,https://media.api-sports.io/football/players/64190.png,Goalkeeper,,,,,,,,,,,,,,,,,,,,,,
61,Ligue 1,2025,85,Paris Saint Germain,162473,Arnau Tenas,Arnau,Tenas Ureña,24.0,Spain,185,85,https://media.api-sports.io/football/players/162473.png,Goalkeeper,,,,,,,,,,,,,,,,,,,,,,
61,Ligue 1,2025,116,Lens,326073,R. Labeau Lascary,Rémy,Labeau Lascary,22.0,France,184,72,https://media.api-sports.io/football/players/326073.png,Attacker,2.0,0.0,41.0,7.000000,1.0,0.0,1.0,1.0,10.0,1.0,,,,,2.0,1.0,15.0,5.0,2.0,5.0,1.0,0.0
61,Ligue 1,2025,106,Stade Brestois 29,326073,R. Labeau Lascary,Rémy,Labeau Lascary,22.0,France,184,72,https://media.api-sports.io/football/players/326073.png,Attacker,27.0,12.0,1195.0,6.7,5.0,1.0,26.0,16.0,226.0,13.0,80.0,16.0,2.0,6.0,51.0,20.0,179.0,65.0,18.0,29.0,2.0,0.0
61,Ligue 1,2025,77,Angers,327555,Y. Gaya,Yacine,Gaya,21.0,Algeria,184,74,https://media.api-sports.io/football/players/327555.png,Defender,,,,,,,,,,,,,,,,,,,,,,
61,Ligue 1,2025,84,Nice,339620,L. Monteiro Alvarenga,Laurenzo,Monteiro Alvarenga,21.0,France,185,71,https://media.api-sports.io/football/players/339620.png,Defender,,,,,,,,,,,,,,,,,,,,,,
61,Ligue 1,2025,111,Le Havre,339633,A. Logbo,Andy Élysée,Logbo,21.0,France,188,75,https://media.api-sports.io/football/players/339633.png,Attacker,,,,,,,,,,,,,,,,,,,,,,
61,Ligue 1,2025,95,Strasbourg,346700,M. Luković,Miloš,Luković,20.0,Serbia,184,85,https://media.api-sports.io/football/players/346700.png,Attacker,,,,,,,,,,,,,,,,,,,,,,
61,Ligue 1,2025,83,Nantes,349636,A. Mahamoud,Adel Azhardine,Mahamoud,22.0,Comoros,178,,https://media.api-sports.io/football/players/349636.png,Attacker,,,,,,,,,,,,,,,,,,,,,,
61,Ligue 1,2025,111,Le Havre,392584,M. Bentoumi,Mokrane,Bentoumi,20.0,France,169,,https://media.api-sports.io/football/players/392584.png,Midfielder,,,,,,,,,,,,,,,,,,,,,,
61,Ligue 1,2025,112,Metz,405072,J. Mangondo,Joseph,Mangondo,20.0,France,179,,https://media.api-sports.io/football/players/405072.png,Attacker,,,,,,,,,,,,,,,,,,,,,,
61,Ligue 1,2025,114,Paris FC,417550,O. Sissoko,Omar,Sissoko,19.0,France,175,70,https://media.api-sports.io/football/players/417550.png,Attacker,,,,,,,,,,,,,,,,,,,,,,
61,Ligue 1,2025,84,Nice,437498,A. Doumbouya,Amidou,Doumbouya,18.0,France,182,72,https://media.api-sports.io/football/players/437498.png,Defender,,,,,,,,,,,,,,,,,,,,,,
61,Ligue 1,2025,77,Angers,454765,J. El Baraka,Jibril,El Baraka,18.0,Morocco,173,57,https://media.api-sports.io/football/players/454765.png,Midfielder,,,,,,,,,,,,,,,,,,,,,,
61,Ligue 1,2025,77,Angers,455243,A. Moussaoui,Amine,Moussaoui,19.0,France,181,71,https://media.api-sports.io/football/players/455243.png,Attacker,,,,,,,,,,,,,,,,,,,,,,
61,Ligue 1,2025,77,Angers,456764,M. Ngangué,Maurice,Ngangué,20.0,France,,,https://media.api-sports.io/football/players/456764.png,Midfielder,,,,,,,,,,,,,,,,,,,,,,
61,Ligue 1,2025,84,Nice,526451,T. Bruyère,Théo,Bruyère,19.0,France,188,72,https://media.api-sports.io/football/players/526451.png,Goalkeeper,,,,,,,,,,,,,,,,,,,,,,
61,Ligue 1,2025,94,Rennes,20706,G. Gallon,Gauthier,Gallon,32.0,France,186,79,https://media.api-sports.io/football/players/20706.png,Goalkeeper,,,,,,,,,,,,,,,,,,,,,,
61,Ligue 1,2025,79,Lille,21483,M. Caillard,Marc-Aurèle,Daniel Pa Caillard,31.0,France,191,79,https://media.api-sports.io/football/players/21483.png,Goalkeeper,,,,,,,,,,,,,,,,,,,,,,
61,Ligue 1,2025,79,Lille,24288,M. Bayo,Mohamed Lamine,Bayo,27.0,Guinea,188,76,https://media.api-sports.io/football/players/24288.png,Forward,,,,,,,,,,,,,,,,,,,,,,
61,Ligue 1,2025,108,Auxerre,38754,E. Maddy,Eros,Maddy,24.0,Netherlands,177,71,https://media.api-sports.io/football/players/38754.png,Attacker,,,,,,,,,,,,,,,,,,,,,,
61,Ligue 1,2025,114,Paris FC,163234,M. Tourraine,Mathys,Tourraine,24.0,France,170,68,https://media.api-sports.io/football/players/163234.png,Defender,,,,,,,,,,,,,,,,,,,,,,
61,Ligue 1,2025,81,Marseille,336654,J. Van Neck,Jelle,Van Neck,21.0,Belgium,189,70,https://media.api-sports.io/football/players/336654.png,Goalkeeper,,,,,,,,,,,,,,,,,,,,,,
61,Ligue 1,2025,96,Toulouse,344131,S. Mchindra,Naime Ben Zayer,Said Mchindra,20.0,France,185,,https://media.api-sports.io/football/players/344131.png,Goalkeeper,,,,,,,,,,,,,,,,,,,,,,
61,Ligue 1,2025,95,Strasbourg,356520,Ó. Perea,Óscar Andrés,Perea Abonce,20.0,Colombia,174,75,https://media.api-sports.io/football/players/356520.png,Attacker,,,,,,,,,,,,,,,,,,,,,,
61,Ligue 1,2025,96,Toulouse,366573,N. Wasbauer,Nicolas,Wasbauer,21.0,France,,,https://media.api-sports.io/football/players/366573.png,Defender,,,,,,,,,,,,,,,,,,,,,,
61,Ligue 1,2025,116,Lens,386852,J. Agbonifo,Jeremy,Nosakhare Agbonifo,20.0,Sweden,180,78,https://media.api-sports.io/football/players/386852.png,Attacker,,,,,,,,,,,,,,,,,,,,,,
61,Ligue 1,2025,96,Toulouse,400921,G. Bakhouche,Gaetan,Bakhouche Piernas,20.0,France,,,https://media.api-sports.io/football/players/400921.png,Defender,,,,,,,,,,,,,,,,,,,,,,
61,Ligue 1,2025,108,Auxerre,432109,L. Mezerette,Louis,Mezerette,19.0,France,,,https://media.api-sports.io/football/players/432109.png,Goalkeeper,,,,,,,,,,,,,,,,,,,,,,
61,Ligue 1,2025,108,Auxerre,435514,R. Mandengue,Rayan Edwards,Kwedi Mandengue,19.0,Cameroon,,,https://media.api-sports.io/football/players/435514.png,Attacker,,,,,,,,,,,,,,,,,,,,,,
61,Ligue 1,2025,116,Lens,437139,S. Sagnan,Souleymane,Sagnan,20.0,France,187,77,https://media.api-sports.io/football/players/437139.png,Defender,,,,,,,,,,,,,,,,,,,,,,
61,Ligue 1,2025,95,Strasbourg,437760,R. Messi,Rayane,Messi Tanfouri,18.0,France,175,70,https://media.api-sports.io/football/players/437760.png,Attacker,,,,,,,,,,,,,,,,,,,,,,
61,Ligue 1,2025,116,Lens,438816,A. Diallo,Alpha,Diallo,19.0,France,179,73,https://media.api-sports.io/football/players/438816.png,Midfielder,,,,,,,,,,,,,,,,,,,,,,
61,Ligue 1,2025,116,Lens,439815,K. Diliwidi,Kembo,Diliwidi,19.0,France,180,71,https://media.api-sports.io/football/players/439815.png,Attacker,,,,,,,,,,,,,,,,,,,,,,
61,Ligue 1,2025,81,Marseille,462280,Y. Sellami,Yanis,Sellami,18.0,France,184,,https://media.api-sports.io/football/players/462280.png,Midfielder,,,,,,,,,,,,,,,,,,,,,,
61,Ligue 1,2025,108,Auxerre,468459,T. Devernois,Tidiane,Devernois,18.0,France,,,https://media.api-sports.io/football/players/468459.png,Midfielder,,,,,,,,,,,,,,,,,,,,,,
61,Ligue 1,2025,96,Toulouse,510830,D. Zema,Darris,Zema,18.0,France,,,https://media.api-sports.io/football/players/510830.png,Midfielder,,,,,,,,,,,,,,,,,,,,,,
61,Ligue 1,2025,85,Paris Saint Germain,262,P. Kimpembe,Presnel,Kimpembe,30.0,France,182,79,https://media.api-sports.io/football/players/262.png,Defender,,,,,,,,,,,,,,,,,,,,,,
61,Ligue 1,2025,80,Lyon,1568,P. Akouokou,Edgar Paul,Akouokou,28.0,Côte d'Ivoire,181,68,https://media.api-sports.io/football/players/1568.png,Midfielder,2.0,1.0,171.0,7.150000,,0.0,,,101.0,,42.0,4.0,,4.0,2.0,2.0,16.0,13.0,3.0,2.0,2.0,0.0
61,Ligue 1,2025,85,Paris Saint Germain,1622,G. Donnarumma,Gianluigi,Donnarumma,26.0,Italy,196,90,https://media.api-sports.io/football/players/1622.png,Goalkeeper,,,,,,,,,,,,,,,,,,,,,,
61,Ligue 1,2025,116,Lens,21146,A. Fulgini,Angelo,Fulgini,29.0,France,183,71,https://media.api-sports.io/football/players/21146.png,Midfielder,2.0,2.0,152.0,7.100000,,2.0,1.0,,55.0,3.0,,2.0,1.0,1.0,,,17.0,5.0,3.0,4.0,0.0,0.0
61,Ligue 1,2025,96,Toulouse,48491,V. Sierro,Vincent Olivier,Sierro,30.0,Switzerland,185,79,https://media.api-sports.io/football/players/48491.png,Midfielder,3.0,3.0,270.0,7.200000,,0.0,,,181.0,7.0,52.0,6.0,,1.0,2.0,2.0,27.0,15.0,2.0,3.0,0.0,0.0
61,Ligue 1,2025,81,Marseille,102447,F. Moumbagna,Faris,Pemi Moumbagna,25.0,Cameroon,185,77,https://media.api-sports.io/football/players/102447.png,Attacker,2.0,1.0,14.0,6.300000,,0.0,,,1.0,,,,,,,,1.0,1.0,,,0.0,0.0
61,Ligue 1,2025,94,Rennes,147831,A. Kalimuendo,Arnaud,Kalimuendo-Muinga,23.0,France,178,79,https://media.api-sports.io/football/players/147831.png,Attacker,,,,,,,,,,,,,,,,,,,,,,
61,Ligue 1,2025,108,Auxerre,191392,P. Joly,Paul,Joly,25.0,France,182,75,https://media.api-sports.io/football/players/191392.png,Defender,,,,,,,,,,,,,,,,,,,,,,
61,Ligue 1,2025,116,Lens,195512,M. Satriano,Martín Adrián,Satriano Costa,24.0,Uruguay,187,75,https://media.api-sports.io/football/players/195512.png,Attacker,2.0,2.0,81.0,6.000000,,0.0,2.0,1.0,12.0,1.0,,,,,,,6.0,1.0,1.0,3.0,0.0,0.0
61,Ligue 1,2025,80,Lyon,195512,M. Satriano,Martín Adrián,Satriano Costa,24.0,Uruguay,187,75,https://media.api-sports.io/football/players/195512.png,Attacker,11.0,8.0,703.0,6.61,2.0,1.0,13.0,7.0,157.0,9.0,83.0,5.0,,6.0,15.0,5.0,84.0,35.0,13.0,11.0,1.0,0.0
61,Ligue 1,2025,79,Lille,278783,Tiago Morais,Tiago,Fontoura da Fonseca Morais,22.0,Portugal,168,63,https://media.api-sports.io/football/players/278783.png,Attacker,,,,,,,,,,,,,,,,,,,,,,
61,Ligue 1,2025,91,Monaco,326176,S. Magassa,Soungoutou,Magassa,22.0,France,188,80,https://media.api-sports.io/football/players/326176.png,Midfielder,,,,,,,,,,,,,,,,,,,,,,
61,Ligue 1,2025,95,Strasbourg,339417,P. Diop,Pape Demba,Diop,22.0,Senegal,,,https://media.api-sports.io/football/players/339417.png,Midfielder,,,,,,,,,,,,,,,,,,,,,,
61,Ligue 1,2025,96,Toulouse,339417,P. Diop,Pape Demba,Diop,22.0,Senegal,,,https://media.api-sports.io/football/players/339417.png,Midfielder,16.0,14.0,1202.0,6.89,1.0,2.0,22.0,11.0,633.0,19.0,87.0,32.0,7.0,31.0,11.0,4.0,128.0,62.0,17.0,15.0,2.0,0.0
61,Ligue 1,2025,96,Toulouse,343350,Y. Aradj,Ylies,Aradj,20.0,France,179,69,https://media.api-sports.io/football/players/343350.png,Defender,,,,,,,,,,,,,,,,,,,,,,
61,Ligue 1,2025,94,Rennes,345748,A. Gómez,Carlos Andrés,Gómez Hinestroza,23.0,Colombia,171,61,https://media.api-sports.io/football/players/345748.png,Attacker,,,,,,,,,,,,,,,,,,,,,,
61,Ligue 1,2025,94,Rennes,352999,A. Sishuba,Ayanda,Sishuba,20.0,Belgium,169,61,https://media.api-sports.io/football/players/352999.png,Midfielder,,,,,,,,,,,,,,,,,,,,,,
61,Ligue 1,2025,94,Rennes,363226,R. Bamba,Rayan,Bamba,21.0,France,,,https://media.api-sports.io/football/players/363226.png,Defender,,,,,,,,,,,,,,,,,,,,,,
61,Ligue 1,2025,80,Lyon,386284,Mahamadou Diawara,Mahamadou,Diawara,20.0,France,187,74,https://media.api-sports.io/football/players/386284.png,Midfielder,,,,,,,,,,,,,,,,,,,,,,
61,Ligue 1,2025,96,Toulouse,461463,M. Saka,Mathis,Saka,19.0,France,172,63,https://media.api-sports.io/football/players/461463.png,Midfielder,0.0,0.0,8.0,6.3,0.0,0.0,,,5.0,,,,,,,,1.0,,,1.0,0.0,0.0
61,Ligue 1,2025,80,Lyon,525694,Tiago Gonçalves,Tiago Manuel,Gonçalves Silva,18.0,Portugal,,,https://media.api-sports.io/football/players/525694.png,Midfielder,,,,,,,,,,,,,,,,,,,,,,
61,Ligue 1,2025,84,Nice,603818,Brad-Hamilton Mantsounga,,,,,,,https://media.api-sports.io/football/players/603818.png,Defender,0.0,0.0,,,0.0,0.0,,,,,,,,,,,,,,,0.0,0.0
61,Ligue 1,2025,77,Angers,20554,H. Belkebla,Haris,Belkebla,31.0,Algeria,177,68,https://media.api-sports.io/football/players/20554.png,Midfielder,33.0,33.0,2880.0,6.77,0.0,0.0,3.0,,1265.0,16.0,87.0,72.0,8.0,32.0,34.0,18.0,266.0,162.0,54.0,24.0,7.0,0.0
61,Ligue 1,2025,77,Angers,20850,C. Arcus,Carlens Jean Fedlaire Ruby,Arcus,29.0,Haiti,180,73,https://media.api-sports.io/football/players/20850.png,Defender,26.0,24.0,2051.0,6.71,0.0,3.0,7.0,1.0,1115.0,16.0,87.0,37.0,3.0,31.0,5.0,2.0,149.0,80.0,16.0,33.0,7.0,0.0
61,Ligue 1,2025,77,Angers,21381,J. Lefort,Jordan,Lefort,32.0,France,184,81,https://media.api-sports.io/football/players/21381.png,Defender,34.0,34.0,3060.0,6.81,0.0,2.0,8.0,1.0,1932.0,9.0,86.0,51.0,16.0,48.0,16.0,10.0,196.0,116.0,19.0,22.0,2.0,0.0
61,Ligue 1,2025,77,Angers,21618,J. Allevinah,Jim Émilien,Ngowet Allevinah,30.0,Gabon,172,67,https://media.api-sports.io/football/players/21618.png,Attacker,6.0,0.0,132.0,6.78,1.0,0.0,4.0,1.0,38.0,1.0,89.0,1.0,1.0,,7.0,1.0,15.0,7.0,4.0,,0.0,0.0
61,Ligue 1,2025,77,Angers,22220,H. Koffi,Hervé Kouakou,Koffi,29.0,Burkina Faso,186,80,https://media.api-sports.io/football/players/22220.png,Goalkeeper,30.0,30.0,2659.0,7.31,0.0,0.0,,,854.0,,70.0,2.0,,,,,21.0,19.0,11.0,1.0,1.0,0.0
61,Ligue 1,2025,77,Angers,41146,F. Hanin,Florent Olivier Sylvain,Hanin,35.0,France,177,73,https://media.api-sports.io/football/players/41146.png,Midfielder,25.0,9.0,892.0,6.64,0.0,0.0,1.0,,355.0,8.0,77.0,15.0,4.0,11.0,9.0,3.0,73.0,35.0,8.0,8.0,0.0,0.0
61,Ligue 1,2025,77,Angers,163004,E. Lepaul,Esteban,Lepaul,25.0,France,177,71,https://media.api-sports.io/football/players/163004.png,Attacker,2.0,2.0,175.0,6.7,1.0,0.0,3.0,1.0,36.0,2.0,61.0,,,,,,12.0,3.0,1.0,2.0,0.0,0.0
61,Ligue 1,2025,94,Rennes,163004,E. Lepaul,Esteban,Lepaul,25.0,France,177,71,https://media.api-sports.io/football/players/163004.png,Attacker,32.0,31.0,2527.0,7.07,20.0,5.0,65.0,38.0,484.0,21.0,78.0,7.0,,2.0,27.0,9.0,175.0,70.0,15.0,22.0,3.0,0.0
61,Ligue 1,2025,77,Angers,174660,L. Rao-Lisoa,Lillian,Rao-Lisoa,25.0,France,178,70,https://media.api-sports.io/football/players/174660.png,Midfielder,32.0,21.0,1976.0,6.83,2.0,4.0,10.0,6.0,654.0,22.0,73.0,52.0,4.0,15.0,40.0,17.0,223.0,116.0,17.0,27.0,3.0,0.0
61,Ligue 1,2025,77,Angers,174708,Y. Belkhdim,Yassine,Belkhdim,23.0,France,175,70,https://media.api-sports.io/football/players/174708.png,Midfielder,27.0,26.0,2149.0,6.77,2.0,2.0,24.0,14.0,724.0,15.0,84.0,59.0,6.0,36.0,18.0,5.0,191.0,103.0,29.0,29.0,5.0,0.0
61,Ligue 1,2025,77,Angers,271540,O. Camara,Ousmane,Camara,22.0,France,197,90,https://media.api-sports.io/football/players/271540.png,Defender,32.0,31.0,2719.0,6.83,1.0,0.0,12.0,5.0,1362.0,4.0,90.0,47.0,25.0,31.0,5.0,3.0,191.0,111.0,7.0,22.0,3.0,0.0
61,Ligue 1,2025,77,Angers,289555,L. Mouton,Louis,Mouton,23.0,France,189,75,https://media.api-sports.io/football/players/289555.png,Attacker,32.0,24.0,1911.0,6.56,2.0,1.0,23.0,8.0,707.0,22.0,75.0,40.0,4.0,14.0,34.0,12.0,200.0,83.0,16.0,20.0,2.0,1.0
61,Ligue 1,2025,77,Angers,343609,J. Ekomié,Jacques Emmanuel,Paul Ekomié,22.0,Gabon,179,74,https://media.api-sports.io/football/players/343609.png,Defender,32.0,25.0,2240.0,6.56,0.0,0.0,10.0,3.0,742.0,12.0,81.0,60.0,10.0,31.0,36.0,14.0,243.0,131.0,31.0,30.0,3.0,0.0
61,Ligue 1,2025,77,Angers,385569,E. Biumla,Emmanuel Junior,Biumla Bayiha,20.0,France,185,75,https://media.api-sports.io/football/players/385569.png,Midfielder,9.0,3.0,394.0,6.38,0.0,0.0,2.0,,167.0,,86.0,7.0,2.0,3.0,1.0,,38.0,17.0,6.0,8.0,0.0,0.0
61,Ligue 1,2025,77,Angers,403277,L. Machine,Lanroy,Machine,20.0,France,,,https://media.api-sports.io/football/players/403277.png,Attacker,22.0,3.0,515.0,6.45,1.0,0.0,12.0,4.0,116.0,4.0,79.0,8.0,,,12.0,5.0,79.0,28.0,5.0,9.0,1.0,0.0
61,Ligue 1,2025,77,Angers,421875,S. Cherif,Sidiki,Cherif,19.0,France,185,75,https://media.api-sports.io/football/players/421875.png,Attacker,19.0,14.0,1164.0,6.59,4.0,0.0,18.0,12.0,225.0,5.0,74.0,8.0,,7.0,34.0,11.0,140.0,52.0,16.0,15.0,3.0,0.0
61,Ligue 1,2025,77,Angers,425207,M. Courcoul,Marius,Courcoul,18.0,France,182,70,https://media.api-sports.io/football/players/425207.png,Defender,18.0,3.0,373.0,6.61,0.0,0.0,2.0,1.0,157.0,3.0,79.0,15.0,2.0,3.0,4.0,1.0,43.0,22.0,3.0,6.0,0.0,0.0
61,Ligue 1,2025,77,Angers,457541,P. Peter,Prosper,Peter,18.0,France,,,https://media.api-sports.io/football/players/457541.png,Attacker,29.0,14.0,1273.0,6.53,5.0,0.0,20.0,14.0,196.0,11.0,70.0,7.0,,4.0,40.0,6.0,208.0,79.0,30.0,30.0,0.0,0.0
61,Ligue 1,2025,112,Metz,530218,Carrara Paolo,,,19.0,,,,https://media.api-sports.io/football/players/530218.png,Goalkeeper,0.0,0.0,,,0.0,0.0,,,,,,,,,,,,,,,0.0,0.0
61,Ligue 1,2025,112,Metz,601313,Moustapha Diop,,,,,,,https://media.api-sports.io/football/players/601313.png,Defender,0.0,0.0,,,0.0,0.0,,,,,,,,,,,,,,,0.0,0.0
61,Ligue 1,2025,108,Auxerre,601331,Yvan Zaddy,,,19.0,,,,https://media.api-sports.io/football/players/601331.png,Attacker,0.0,0.0,,,0.0,0.0,,,,,,,,,,,,,,,0.0,0.0
61,Ligue 1,2025,114,Paris FC,1910,M. Lopez,Maxime,Baila Lopez,28.0,France,167,58,https://media.api-sports.io/football/players/1910.png,Midfielder,26.0,22.0,1960.0,6.85,0.0,3.0,8.0,6.0,1706.0,43.0,89.0,23.0,3.0,11.0,25.0,9.0,114.0,42.0,8.0,26.0,11.0,0.0
61,Ligue 1,2025,114,Paris FC,2781,M. Simon,Moses Daddy-Ajala,Simon,30.0,Nigeria,168,66,https://media.api-sports.io/football/players/2781.png,Midfielder,29.0,25.0,2024.0,6.78,3.0,3.0,25.0,11.0,485.0,32.0,84.0,14.0,1.0,9.0,65.0,29.0,198.0,69.0,19.0,15.0,0.0,0.0
61,Ligue 1,2025,77,Angers,3234,A. Bamba,Abdoulaye,Bamba,35.0,Côte d'Ivoire,182,72,https://media.api-sports.io/football/players/3234.png,Defender,6.0,3.0,266.0,6.82,0.0,0.0,1.0,1.0,75.0,,77.0,6.0,3.0,6.0,,,25.0,18.0,5.0,3.0,1.0,0.0
61,Ligue 1,2025,114,Paris FC,19430,N. Dicko,Nouha,Dicko,33.0,Mali,173,74,https://media.api-sports.io/football/players/19430.png,Attacker,8.0,0.0,98.0,6.63,1.0,1.0,4.0,2.0,13.0,1.0,76.0,1.0,,,,,16.0,7.0,3.0,4.0,0.0,0.0
61,Ligue 1,2025,114,Paris FC,20599,J. López,Julien Yves Rémi,López Baila,33.0,France,173,68,https://media.api-sports.io/football/players/20599.png,Attacker,5.0,0.0,50.0,6.4,0.0,0.0,,,15.0,,86.0,,,1.0,2.0,,3.0,,,,0.0,0.0
61,Ligue 1,2025,114,Paris FC,20647,P. Hamel,Pierre-Yves,Hamel,31.0,France,189,76,https://media.api-sports.io/football/players/20647.png,Attacker,2.0,1.0,79.0,6.25,0.0,0.0,,,9.0,,66.0,,1.0,1.0,,,8.0,2.0,,2.0,0.0,0.0
61,Ligue 1,2025,114,Paris FC,20704,A. Gory,Alimami,Gory,29.0,France,182,74,https://media.api-sports.io/football/players/20704.png,Attacker,24.0,9.0,988.0,6.66,5.0,1.0,14.0,6.0,221.0,6.0,82.0,19.0,1.0,8.0,13.0,4.0,97.0,47.0,16.0,11.0,3.0,0.0
61,Ligue 1,2025,114,Paris FC,20869,S. Chergui,Samir Sophian,Chergui,26.0,France,185,78,https://media.api-sports.io/football/players/20869.png,Defender,15.0,13.0,1155.0,6.53,1.0,0.0,7.0,4.0,561.0,2.0,90.0,18.0,6.0,11.0,5.0,3.0,84.0,45.0,4.0,14.0,1.0,0.0
61,Ligue 1,2025,114,Paris FC,20925,V. Marchetti,Vincent,Marchetti,28.0,France,181,70,https://media.api-sports.io/football/players/20925.png,Midfielder,23.0,9.0,839.0,6.65,2.0,1.0,16.0,7.0,401.0,4.0,87.0,18.0,3.0,4.0,13.0,10.0,88.0,44.0,4.0,12.0,1.0,0.0
61,Ligue 1,2025,77,Angers,21145,P. Capelle,Pierrick,Capelle,38.0,France,181,73,https://media.api-sports.io/football/players/21145.png,Midfielder,16.0,6.0,660.0,6.51,0.0,1.0,6.0,1.0,226.0,6.0,80.0,19.0,1.0,7.0,5.0,3.0,90.0,37.0,11.0,15.0,2.0,0.0
61,Ligue 1,2025,114,Paris FC,22003,M. Cafaro,Mathieu,Cafaro,28.0,France,178,74,https://media.api-sports.io/football/players/22003.png,Midfielder,10.0,1.0,159.0,6.61,0.0,0.0,6.0,1.0,53.0,3.0,81.0,,,,2.0,1.0,9.0,5.0,4.0,2.0,0.0,0.0
61,Ligue 1,2025,114,Paris FC,22086,T. Kolodziejczak,Timothée,Kolodziejczak,34.0,France,185,75,https://media.api-sports.io/football/players/22086.png,Defender,11.0,7.0,674.0,6.44,0.0,0.0,1.0,1.0,496.0,2.0,90.0,9.0,3.0,8.0,1.0,1.0,45.0,21.0,1.0,8.0,2.0,0.0
61,Ligue 1,2025,114,Paris FC,22842,J. Krasso,Jean-Philippe,Krasso,28.0,Côte d'Ivoire,187,80,https://media.api-sports.io/football/players/22842.png,Attacker,25.0,12.0,1099.0,6.6,2.0,2.0,24.0,10.0,256.0,24.0,71.0,13.0,1.0,1.0,48.0,18.0,203.0,78.0,19.0,20.0,0.0,0.0
61,Ligue 1,2025,114,Paris FC,55819,T. Ollila,Tuomas,Ollila,25.0,Finland,175,68,https://media.api-sports.io/football/players/55819.png,Defender,10.0,3.0,320.0,6.62,0.0,0.0,3.0,1.0,125.0,1.0,72.0,2.0,,3.0,4.0,2.0,30.0,18.0,7.0,3.0,0.0,0.0
61,Ligue 1,2025,114,Paris FC,83831,I. Kebbal,Ilan Kais,Kebbal,27.0,Algeria,169,60,https://media.api-sports.io/football/players/83831.png,Midfielder,29.0,26.0,2229.0,7.4,9.0,4.0,41.0,20.0,1430.0,61.0,86.0,32.0,,8.0,71.0,32.0,258.0,126.0,61.0,15.0,7.0,0.0
61,Ligue 1,2025,114,Paris FC,84218,A. Camara,Adama Mohamed,Camara,29.0,France,195,87,https://media.api-sports.io/football/players/84218.png,Midfielder,29.0,26.0,2171.0,6.78,1.0,0.0,14.0,5.0,912.0,16.0,85.0,58.0,12.0,39.0,20.0,9.0,212.0,111.0,19.0,26.0,8.0,0.0
61,Ligue 1,2025,114,Paris FC,174881,M. Mbow,Mamadou Moustapha,Mbow,25.0,Senegal,192,74,https://media.api-sports.io/football/players/174881.png,Defender,31.0,30.0,2716.0,6.87,0.0,1.0,9.0,3.0,1591.0,4.0,91.0,52.0,29.0,39.0,7.0,6.0,216.0,135.0,16.0,28.0,5.0,0.0
61,Ligue 1,2025,114,Paris FC,194981,O. Nkambadio,Obed,Nkambadio,22.0,France,190,86,https://media.api-sports.io/football/players/194981.png,Goalkeeper,12.0,12.0,1080.0,6.48,0.0,0.0,,,475.0,1.0,79.0,,,,,,4.0,3.0,,,0.0,0.0
61,Ligue 1,2025,114,Paris FC,389322,N. Sangui,Nhoa,Sangui,19.0,France,178,67,https://media.api-sports.io/football/players/389322.png,Defender,26.0,18.0,1752.0,6.59,0.0,0.0,3.0,1.0,764.0,17.0,86.0,26.0,5.0,17.0,25.0,10.0,102.0,60.0,17.0,5.0,0.0,0.0
61,Ligue 1,2025,77,Angers,396308,Oumar Pona,Oumar Kalifa,Pona,19.0,France,189,78,https://media.api-sports.io/football/players/396308.png,Goalkeeper,2.0,2.0,180.0,6.5,0.0,0.0,,,47.0,,78.0,,,,,,2.0,2.0,2.0,,1.0,0.0
61,Ligue 1,2025,108,Auxerre,7578,G. Mensah,Gideon,Mensah,27.0,Ghana,178,70,https://media.api-sports.io/football/players/7578.png,Defender,30.0,26.0,2333.0,6.84,0.0,2.0,1.0,,1104.0,17.0,82.0,51.0,4.0,28.0,29.0,16.0,222.0,113.0,34.0,37.0,8.0,0.0
61,Ligue 1,2025,114,Paris FC,8551,R. Riou,Rémy,Riou,38.0,France,191,81,https://media.api-sports.io/football/players/8551.png,Goalkeeper,0.0,0.0,,,0.0,0.0,,,,,,,,,,,,,,,0.0,0.0
61,Ligue 1,2025,108,Auxerre,20206,G. Osho,Gabriel Jeremiah,Adedayo A. Osho,27.0,England,185,70,https://media.api-sports.io/football/players/20206.png,Defender,2.0,2.0,134.0,6.75,0.0,0.0,,,74.0,,93.0,3.0,2.0,1.0,,,11.0,6.0,1.0,2.0,0.0,0.0
61,Ligue 1,2025,108,Auxerre,20542,D. Léon,Donovan René,Léon,33.0,French Guiana,187,94,https://media.api-sports.io/football/players/20542.png,Goalkeeper,29.0,29.0,2464.0,7.08,0.0,0.0,,,773.0,1.0,51.0,3.0,,1.0,1.0,1.0,21.0,17.0,7.0,3.0,1.0,2.0
61,Ligue 1,2025,108,Auxerre,21010,E. Owusu,Elisha,Owusu,28.0,Ghana,182,72,https://media.api-sports.io/football/players/21010.png,Midfielder,29.0,27.0,2353.0,6.79,0.0,0.0,4.0,,865.0,12.0,81.0,69.0,9.0,26.0,13.0,10.0,219.0,114.0,22.0,49.0,7.0,0.0
61,Ligue 1,2025,108,Auxerre,31016,F. Sierralta,Francisco Andrés,Sierralta Carvallo,28.0,Chile,190,83,https://media.api-sports.io/football/players/31016.png,Defender,10.0,9.0,862.0,6.84,1.0,0.0,4.0,2.0,405.0,2.0,89.0,14.0,5.0,8.0,2.0,2.0,77.0,53.0,5.0,8.0,2.0,0.0
61,Ligue 1,2025,108,Auxerre,51293,T. Bair,Thelonius,Bair,26.0,Canada,194,101,https://media.api-sports.io/football/players/51293.png,Attacker,2.0,0.0,23.0,6.5,0.0,0.0,,,4.0,,75.0,,,,,,5.0,3.0,,,0.0,0.0
61,Ligue 1,2025,108,Auxerre,90617,L. Sinayoko,Lassine,Sinayoko,26.0,Mali,186,81,https://media.api-sports.io/football/players/90617.png,Attacker,32.0,32.0,2780.0,7,12.0,4.0,68.0,38.0,757.0,40.0,75.0,42.0,,26.0,65.0,32.0,381.0,165.0,53.0,29.0,8.0,0.0
61,Ligue 1,2025,108,Auxerre,129671,S. Agouzoul,Saad,Agouzoul,28.0,Morocco,191,75,https://media.api-sports.io/football/players/129671.png,Defender,0.0,0.0,,,0.0,0.0,,,,,,,,,,,,,,,0.0,0.0
61,Ligue 1,2025,108,Auxerre,174915,J. Casimir,Josué,Casimir,24.0,Guadeloupe,178,68,https://media.api-sports.io/football/players/174915.png,Midfielder,31.0,16.0,1532.0,6.61,1.0,0.0,17.0,12.0,459.0,10.0,78.0,31.0,,11.0,20.0,10.0,187.0,98.0,32.0,34.0,5.0,0.0
61,Ligue 1,2025,108,Auxerre,191189,C. Akpa,Clément,Akpa,24.0,France,181,68,https://media.api-sports.io/football/players/191189.png,Defender,26.0,21.0,1949.0,6.72,0.0,0.0,3.0,,1073.0,9.0,80.0,31.0,9.0,21.0,13.0,11.0,163.0,107.0,30.0,12.0,3.0,0.0
61,Ligue 1,2025,108,Auxerre,191240,M. Senaya,Marvin,Senaya,24.0,France,181,76,https://media.api-sports.io/football/players/191240.png,Defender,25.0,20.0,1784.0,6.86,1.0,0.0,8.0,5.0,625.0,6.0,76.0,57.0,14.0,34.0,21.0,3.0,218.0,134.0,32.0,26.0,5.0,0.0
61,Ligue 1,2025,108,Auxerre,193681,T. De Percin,Théo Franck Mathias,De Percin,24.0,Martinique,185,81,https://media.api-sports.io/football/players/193681.png,Goalkeeper,8.0,5.0,596.0,6.93,0.0,0.0,,,206.0,,53.0,,,,,,3.0,3.0,1.0,,0.0,0.0
61,Ligue 1,2025,108,Auxerre,193953,L. Sy,Lamine,Sy,23.0,France,171,65,https://media.api-sports.io/football/players/193953.png,Defender,24.0,17.0,1551.0,6.67,0.0,0.0,7.0,2.0,518.0,13.0,83.0,42.0,7.0,24.0,40.0,13.0,147.0,75.0,14.0,24.0,1.0,0.0
61,Ligue 1,2025,108,Auxerre,215827,F. Oppegård,Fredrik,Oppegård,23.0,Norway,175,67,https://media.api-sports.io/football/players/215827.png,Defender,23.0,15.0,1269.0,6.54,0.0,0.0,5.0,2.0,393.0,11.0,79.0,26.0,5.0,13.0,17.0,9.0,81.0,43.0,8.0,8.0,1.0,1.0
61,Ligue 1,2025,108,Auxerre,293643,I. Osman,Ibrahim,Osman,21.0,Ghana,177,64,https://media.api-sports.io/football/players/293643.png,Midfielder,14.0,7.0,630.0,6.6,0.0,2.0,15.0,6.0,164.0,7.0,79.0,11.0,,4.0,22.0,6.0,89.0,37.0,14.0,7.0,0.0,0.0
61,Ligue 1,2025,108,Auxerre,322595,L. Coulibaly,Lasso,Coulibaly,23.0,Ghana,186,70,https://media.api-sports.io/football/players/322595.png,Midfielder,17.0,1.0,322.0,6.63,0.0,0.0,2.0,1.0,108.0,4.0,77.0,6.0,1.0,5.0,23.0,15.0,62.0,35.0,11.0,10.0,1.0,0.0
61,Ligue 1,2025,108,Auxerre,323625,K. Danois,Kévin,Danois,21.0,France,183,72,https://media.api-sports.io/football/players/323625.png,Midfielder,33.0,32.0,2835.0,7.01,3.0,1.0,19.0,8.0,1515.0,53.0,85.0,78.0,2.0,38.0,60.0,35.0,324.0,153.0,26.0,33.0,3.0,0.0
61,Ligue 1,2025,114,Paris FC,324900,Y. Koré,Yoan Wakis,Koré,21.0,France,187,75,https://media.api-sports.io/football/players/324900.png,Defender,0.0,0.0,,,0.0,0.0,,,,,,,,,,,,,,,0.0,0.0
61,Ligue 1,2025,108,Auxerre,496896,R. Matondo,Rudy,Matondo,17.0,France,180,,https://media.api-sports.io/football/players/496896.png,Midfielder,16.0,6.0,613.0,6.57,0.0,0.0,1.0,,238.0,2.0,89.0,10.0,2.0,7.0,6.0,4.0,61.0,26.0,9.0,12.0,3.0,0.0
61,Ligue 1,2025,114,Paris FC,496896,R. Matondo,Rudy,Matondo,17.0,France,180,,https://media.api-sports.io/football/players/496896.png,Midfielder,11.0,8.0,746.0,6.84,2.0,0.0,6.0,5.0,265.0,3.0,85.0,18.0,1.0,4.0,15.0,10.0,88.0,46.0,14.0,15.0,1.0,1.0
61,Ligue 1,2025,97,Lorient,1031,Igor Silva,Igor,Silva de Almeida,29.0,Brazil,173,66,https://media.api-sports.io/football/players/1031.png,Defender,17.0,13.0,1223.0,6.74,1.0,0.0,6.0,1.0,603.0,8.0,86.0,21.0,7.0,13.0,9.0,3.0,92.0,56.0,18.0,9.0,1.0,0.0
61,Ligue 1,2025,97,Lorient,20917,L. Abergel,Laurent,Abergel,32.0,France,185,65,https://media.api-sports.io/football/players/20917.png,Midfielder,28.0,27.0,2324.0,6.91,1.0,0.0,13.0,5.0,1666.0,16.0,88.0,35.0,4.0,27.0,24.0,9.0,176.0,88.0,27.0,24.0,7.0,0.0
61,Ligue 1,2025,97,Lorient,22171,J. Makengo,Jean-Victor,Makengo,27.0,France,177,75,https://media.api-sports.io/football/players/22171.png,Midfielder,31.0,23.0,1813.0,6.83,4.0,2.0,28.0,14.0,565.0,25.0,82.0,28.0,1.0,9.0,41.0,24.0,174.0,99.0,35.0,12.0,2.0,0.0
61,Ligue 1,2025,97,Lorient,22241,B. Kamara,Bingourou,Kamara,29.0,Senegal,196,92,https://media.api-sports.io/football/players/22241.png,Goalkeeper,3.0,3.0,270.0,6.17,0.0,0.0,,,67.0,,79.0,,,,,,1.0,1.0,1.0,,0.0,0.0
61,Ligue 1,2025,108,Auxerre,30748,A. Dioussé,Assane,Dioussé El Hadji,28.0,Senegal,175,68,https://media.api-sports.io/football/players/30748.png,Midfielder,15.0,1.0,244.0,6.58,0.0,0.0,2.0,1.0,151.0,3.0,92.0,5.0,2.0,5.0,2.0,1.0,26.0,11.0,3.0,7.0,3.0,0.0
61,Ligue 1,2025,108,Auxerre,32940,A. Onaiwu,Ado,Onaiwu,30.0,Japan,180,75,https://media.api-sports.io/football/players/32940.png,Attacker,0.0,0.0,,,0.0,0.0,,,,,,,,,,,,,,,0.0,0.0
61,Ligue 1,2025,97,Lorient,50030,M. Talbi,Montassar Omar,Talbi,27.0,Tunisia,190,81,https://media.api-sports.io/football/players/50030.png,Defender,29.0,29.0,2610.0,6.9,0.0,1.0,9.0,2.0,1445.0,7.0,89.0,22.0,24.0,26.0,6.0,3.0,190.0,114.0,12.0,6.0,3.0,0.0
61,Ligue 1,2025,97,Lorient,72457,A. Tosin,Aiyegun Oluwatosin,Tosin,27.0,Benin,179,75,https://media.api-sports.io/football/players/72457.png,Attacker,27.0,11.0,1068.0,6.68,5.0,0.0,25.0,12.0,197.0,11.0,77.0,5.0,,2.0,27.0,13.0,86.0,38.0,14.0,11.0,1.0,0.0
61,Ligue 1,2025,97,Lorient,144319,S. Soumano,Sambou,Soumano,24.0,Senegal,182,69,https://media.api-sports.io/football/players/144319.png,Attacker,31.0,8.0,927.0,6.54,4.0,2.0,19.0,10.0,180.0,10.0,73.0,5.0,,4.0,14.0,5.0,149.0,56.0,18.0,16.0,2.0,0.0
61,Ligue 1,2025,97,Lorient,152669,D. Yongwa,Darlin Zidane,Yongwa Ngameni,25.0,Cameroon,177,65,https://media.api-sports.io/football/players/152669.png,Defender,23.0,14.0,1312.0,6.53,0.0,1.0,5.0,2.0,638.0,17.0,82.0,32.0,2.0,11.0,28.0,13.0,172.0,85.0,22.0,14.0,4.0,1.0
61,Ligue 1,2025,97,Lorient,158551,J. Mvuka,Joel,Mugisha Mvuka,23.0,Norway,176,66,https://media.api-sports.io/football/players/158551.png,Midfielder,15.0,5.0,572.0,6.58,0.0,0.0,6.0,1.0,148.0,4.0,79.0,22.0,,7.0,16.0,6.0,71.0,40.0,11.0,4.0,0.0,0.0
61,Ligue 1,2025,97,Lorient,162236,F. Mendy,Formose,Mendy,24.0,Senegal,191,76,https://media.api-sports.io/football/players/162236.png,Defender,2.0,2.0,135.0,6.95,0.0,0.0,,,86.0,,86.0,3.0,,3.0,,,15.0,9.0,3.0,2.0,1.0,0.0
61,Ligue 1,2025,97,Lorient,200873,M. Bamba,Muhamad,Bamba,24.0,Côte d'Ivoire,185,75,https://media.api-sports.io/football/players/200873.png,Attacker,18.0,7.0,685.0,6.47,1.0,2.0,11.0,6.0,129.0,6.0,75.0,4.0,,2.0,6.0,4.0,80.0,31.0,8.0,17.0,3.0,0.0
61,Ligue 1,2025,97,Lorient,276662,P. Pagis,Pablo,Pagis,23.0,France,181,70,https://media.api-sports.io/football/players/276662.png,Attacker,28.0,22.0,1770.0,7.09,10.0,5.0,46.0,19.0,645.0,45.0,77.0,27.0,2.0,16.0,48.0,23.0,198.0,86.0,29.0,23.0,1.0,0.0
61,Ligue 1,2025,97,Lorient,322865,D. Karim,Dermane,Karim,22.0,Togo,,,https://media.api-sports.io/football/players/322865.png,Midfielder,30.0,15.0,1363.0,6.74,1.0,2.0,14.0,2.0,544.0,16.0,84.0,25.0,2.0,11.0,42.0,20.0,190.0,90.0,39.0,21.0,3.0,0.0
61,Ligue 1,2025,97,Lorient,384112,P. Katseris,Panos,Katseris,24.0,Greece,187,,https://media.api-sports.io/football/players/384112.png,Defender,16.0,8.0,749.0,6.83,1.0,2.0,5.0,4.0,252.0,10.0,79.0,12.0,1.0,11.0,25.0,10.0,99.0,42.0,14.0,13.0,3.0,0.0
61,Ligue 1,2025,97,Lorient,402265,A. Avom,Arthur,Ebong Avom,21.0,Cameroon,185,,https://media.api-sports.io/football/players/402265.png,Midfielder,31.0,22.0,2115.0,7.03,2.0,1.0,15.0,6.0,1271.0,31.0,83.0,55.0,3.0,30.0,39.0,21.0,227.0,121.0,39.0,23.0,3.0,0.0
61,Ligue 1,2025,97,Lorient,402386,K. Kouassi,Kan Guy Arsène,Kouassi,21.0,Côte d'Ivoire,188,,https://media.api-sports.io/football/players/402386.png,Midfielder,31.0,30.0,2612.0,6.91,2.0,6.0,8.0,5.0,874.0,32.0,86.0,26.0,3.0,23.0,69.0,37.0,215.0,123.0,53.0,15.0,4.0,0.0
61,Ligue 1,2025,97,Lorient,446829,S. Siba,Stevan,Siba,19.0,France,,,https://media.api-sports.io/football/players/446829.png,Defender,0.0,0.0,,,0.0,0.0,,,,,,,,,,,,,,,0.0,0.0
61,Ligue 1,2025,97,Lorient,463613,L. Leaudais,Lucas,Leaudais,21.0,France,,,https://media.api-sports.io/football/players/463613.png,Defender,0.0,0.0,,,0.0,0.0,,,,,,,,,,,,,,,0.0,0.0
61,Ligue 1,2025,106,Stade Brestois 29,2214,R. Del Castillo,Romain,Del Castillo,29.0,France,172,60,https://media.api-sports.io/football/players/2214.png,Attacker,32.0,32.0,2643.0,6.82,9.0,3.0,26.0,13.0,1026.0,57.0,74.0,59.0,1.0,30.0,86.0,29.0,352.0,161.0,43.0,28.0,2.0,1.0
61,Ligue 1,2025,106,Stade Brestois 29,20546,B. Chardonnet,Brendan,Chardonnet,31.0,France,181,74,https://media.api-sports.io/football/players/20546.png,Defender,29.0,29.0,2547.0,6.93,1.0,3.0,12.0,6.0,1250.0,12.0,84.0,36.0,40.0,32.0,2.0,1.0,226.0,133.0,20.0,28.0,6.0,0.0
61,Ligue 1,2025,106,Stade Brestois 29,20558,H. Magnetti,Hugo,Magnetti,27.0,France,180,75,https://media.api-sports.io/football/players/20558.png,Midfielder,33.0,31.0,2697.0,6.81,1.0,1.0,13.0,5.0,1121.0,18.0,84.0,70.0,3.0,45.0,27.0,17.0,227.0,133.0,33.0,31.0,5.0,0.0
61,Ligue 1,2025,97,Lorient,20936,B. Leroy,Benjamin,Leroy,36.0,France,184,75,https://media.api-sports.io/football/players/20936.png,Goalkeeper,0.0,0.0,,,0.0,0.0,,,,,,,,,,,,,,,0.0,0.0
61,Ligue 1,2025,106,Stade Brestois 29,21248,G. Coudert,Grégoire,Coudert,26.0,France,188,85,https://media.api-sports.io/football/players/21248.png,Goalkeeper,25.0,24.0,2191.0,7.18,0.0,0.0,,,763.0,,59.0,,,,1.0,1.0,20.0,17.0,8.0,1.0,2.0,0.0
61,Ligue 1,2025,106,Stade Brestois 29,22170,P. Lees-Melou,Pierre,Lees-Melou,32.0,France,185,69,https://media.api-sports.io/football/players/22170.png,Midfielder,2.0,2.0,180.0,7.05,0.0,0.0,3.0,,97.0,3.0,81.0,8.0,,,3.0,2.0,26.0,15.0,5.0,2.0,0.0,0.0
61,Ligue 1,2025,114,Paris FC,22170,P. Lees-Melou,Pierre,Lees-Melou,32.0,France,185,69,https://media.api-sports.io/football/players/22170.png,Midfielder,22.0,20.0,1786.0,6.91,1.0,3.0,17.0,6.0,922.0,16.0,82.0,57.0,8.0,23.0,20.0,8.0,188.0,100.0,24.0,28.0,6.0,0.0
61,Ligue 1,2025,106,Stade Brestois 29,22247,K. Lala,Kenny,Lala,34.0,France,178,78,https://media.api-sports.io/football/players/22247.png,Defender,32.0,31.0,2792.0,6.78,0.0,3.0,6.0,1.0,1258.0,26.0,77.0,39.0,10.0,31.0,19.0,8.0,167.0,83.0,23.0,17.0,4.0,0.0
61,Ligue 1,2025,106,Stade Brestois 29,22264,L. Ajorque,Ludovic,Ajorque,31.0,France,197,92,https://media.api-sports.io/football/players/22264.png,Attacker,32.0,32.0,2823.0,6.94,8.0,9.0,44.0,17.0,774.0,41.0,69.0,28.0,6.0,13.0,18.0,12.0,500.0,264.0,55.0,65.0,9.0,1.0
61,Ligue 1,2025,106,Stade Brestois 29,41323,Mama Baldé,Mama Samba,Baldé,30.0,Guinea-Bissau,176,69,https://media.api-sports.io/football/players/41323.png,Attacker,18.0,8.0,723.0,6.64,2.0,2.0,19.0,5.0,162.0,7.0,71.0,13.0,,6.0,22.0,10.0,108.0,53.0,11.0,12.0,0.0,0.0
61,Ligue 1,2025,106,Stade Brestois 29,85914,J. Le Cardinal,Julien,Le Cardinal,28.0,France,182,73,https://media.api-sports.io/football/players/85914.png,Defender,5.0,3.0,327.0,6.92,1.0,0.0,5.0,2.0,144.0,1.0,81.0,5.0,5.0,3.0,1.0,,40.0,23.0,4.0,2.0,1.0,0.0
61,Ligue 1,2025,1063,Saint Etienne,85914,J. Le Cardinal,Julien,Le Cardinal,28.0,France,182,73,https://media.api-sports.io/football/players/85914.png,Defender,3.0,3.0,206.0,7.5,0.0,0.0,3.0,1.0,114.0,,85.0,3.0,1.0,4.0,1.0,1.0,13.0,11.0,2.0,1.0,0.0,0.0
61,Ligue 1,2025,106,Stade Brestois 29,129680,H. Mbock,Hiang'a,Mananga Mbock,26.0,France,186,82,https://media.api-sports.io/football/players/129680.png,Midfielder,0.0,0.0,,,0.0,0.0,,,,,,,,,,,,,,,0.0,0.0
61,Ligue 1,2025,97,Lorient,174703,T. Le Bris,Théo,Le Bris,23.0,France,170,65,https://media.api-sports.io/football/players/174703.png,Midfielder,28.0,22.0,1898.0,6.82,2.0,2.0,15.0,7.0,626.0,13.0,86.0,40.0,2.0,17.0,23.0,11.0,117.0,65.0,7.0,9.0,0.0,0.0
61,Ligue 1,2025,106,Stade Brestois 29,274267,B. Locko,Bradley,Locko Banzouzi,23.0,France,180,74,https://media.api-sports.io/football/players/274267.png,Defender,21.0,14.0,1302.0,6.71,0.0,2.0,2.0,1.0,461.0,8.0,77.0,53.0,,11.0,24.0,12.0,164.0,90.0,18.0,12.0,0.0,0.0
61,Ligue 1,2025,106,Stade Brestois 29,326068,K. Doumbia,Kamory,Doumbia,22.0,Mali,170,53,https://media.api-sports.io/football/players/326068.png,Midfielder,24.0,22.0,1765.0,6.81,5.0,4.0,27.0,14.0,678.0,27.0,82.0,61.0,,20.0,56.0,17.0,259.0,110.0,21.0,29.0,6.0,0.0
61,Ligue 1,2025,106,Stade Brestois 29,329209,A. Camblan,Axel,Camblan,22.0,France,168,60,https://media.api-sports.io/football/players/329209.png,Midfielder,1.0,0.0,11.0,6.5,0.0,0.0,,,3.0,1.0,100.0,,,,,,1.0,,,,0.0,0.0
61,Ligue 1,2025,106,Stade Brestois 29,369556,J. Bourgault,Justin,Bourgault,20.0,France,185,80,https://media.api-sports.io/football/players/369556.png,Defender,1.0,0.0,15.0,6.2,0.0,0.0,1.0,,4.0,,100.0,,,1.0,1.0,1.0,4.0,2.0,,,0.0,0.0
61,Ligue 1,2025,106,Stade Brestois 29,422595,L. Zogbe,Tolikpaley Luck Evrad,Zogbé,20.0,Côte d'Ivoire,178,70,https://media.api-sports.io/football/players/422595.png,Defender,9.0,3.0,299.0,6.48,0.0,0.0,2.0,,115.0,1.0,76.0,5.0,2.0,3.0,7.0,2.0,50.0,18.0,5.0,7.0,0.0,0.0
61,Ligue 1,2025,106,Stade Brestois 29,449153,H. Makalou,Hamidou,Makalou,19.0,Mali,164,58,https://media.api-sports.io/football/players/449153.png,Midfielder,17.0,2.0,362.0,6.59,0.0,0.0,3.0,1.0,187.0,7.0,83.0,6.0,1.0,5.0,7.0,4.0,27.0,15.0,4.0,1.0,0.0,0.0
61,Ligue 1,2025,106,Stade Brestois 29,485957,Serigne Diop,Serigne,Diop,20.0,Senegal,193,84,https://media.api-sports.io/football/players/485957.png,Attacker,2.0,0.0,26.0,6.5,0.0,0.0,,,2.0,,50.0,,,,1.0,1.0,4.0,3.0,,,0.0,0.0
61,Ligue 1,2025,106,Stade Brestois 29,498791,R. Le Guen,Raphaël Marc,Le Guen,19.0,France,196,83,https://media.api-sports.io/football/players/498791.png,Defender,6.0,4.0,380.0,6.63,0.0,0.0,3.0,1.0,178.0,,87.0,6.0,6.0,11.0,1.0,1.0,28.0,19.0,,4.0,0.0,0.0
61,Ligue 1,2025,79,Lille,409,N. Bentaleb,Nabil,Bentaleb,31.0,Algeria,187,78,https://media.api-sports.io/football/players/409.png,Midfielder,26.0,13.0,1287.0,7.04,2.0,2.0,13.0,6.0,919.0,12.0,86.0,18.0,6.0,15.0,10.0,5.0,103.0,54.0,18.0,14.0,3.0,0.0
61,Ligue 1,2025,79,Lille,1337,B. Özer,Berke,Özer,25.0,Türkiye,190,73,https://media.api-sports.io/football/players/1337.png,Goalkeeper,32.0,32.0,2834.0,7.23,0.0,1.0,,,1051.0,2.0,79.0,3.0,,,,,26.0,22.0,13.0,,4.0,0.0
61,Ligue 1,2025,79,Lille,2204,B. André,Benjamin Michel Édouard,André,35.0,France,180,76,https://media.api-sports.io/football/players/2204.png,Midfielder,27.0,26.0,2333.0,7.12,2.0,2.0,19.0,6.0,1429.0,23.0,83.0,66.0,5.0,33.0,23.0,14.0,361.0,207.0,44.0,35.0,9.0,0.0
61,Ligue 1,2025,79,Lille,2295,O. Giroud,Olivier Jonathan,Giroud,39.0,France,193,91,https://media.api-sports.io/football/players/2295.png,Attacker,30.0,17.0,1623.0,6.62,7.0,1.0,36.0,16.0,340.0,19.0,68.0,11.0,5.0,4.0,5.0,3.0,180.0,94.0,31.0,27.0,2.0,0.0
61,Ligue 1,2025,79,Lille,20600,R. Perraud,Romain Paul Jean-Michel,Perraud,28.0,France,173,68,https://media.api-sports.io/football/players/20600.png,Defender,30.0,27.0,2253.0,6.9,3.0,4.0,22.0,12.0,1123.0,37.0,85.0,44.0,6.0,23.0,34.0,14.0,229.0,121.0,44.0,21.0,4.0,1.0
61,Ligue 1,2025,79,Lille,67889,H. Haraldsson,Hákon Arnar,Haraldsson,22.0,Iceland,180,73,https://media.api-sports.io/football/players/67889.png,Midfielder,32.0,29.0,2475.0,6.93,8.0,2.0,35.0,17.0,1212.0,56.0,86.0,25.0,,11.0,47.0,20.0,226.0,101.0,43.0,28.0,6.0,0.0
61,Ligue 1,2025,79,Lille,135749,Félix Correia,Félix Alexandre,Andrade Sanches Correia,24.0,Portugal,178,64,https://media.api-sports.io/football/players/135749.png,Midfielder,34.0,26.0,2068.0,6.88,4.0,5.0,26.0,9.0,865.0,38.0,78.0,29.0,2.0,21.0,48.0,17.0,178.0,84.0,28.0,14.0,2.0,0.0
61,Ligue 1,2025,79,Lille,142691,Alexsandro Ribeiro,Alexsandro Victor,de Souza Ribeiro,26.0,Brazil,189,82,https://media.api-sports.io/football/players/142691.png,Defender,9.0,7.0,516.0,6.71,0.0,0.0,7.0,2.0,453.0,,90.0,11.0,3.0,11.0,3.0,2.0,61.0,40.0,8.0,10.0,0.0,1.0
61,Ligue 1,2025,79,Lille,312964,N. Ngoy,Nathan,Ngoy,22.0,Belgium,183,74,https://media.api-sports.io/football/players/312964.png,Defender,29.0,27.0,2412.0,6.85,1.0,2.0,15.0,6.0,1648.0,4.0,91.0,33.0,13.0,36.0,9.0,7.0,136.0,80.0,11.0,20.0,10.0,1.0
61,Ligue 1,2025,79,Lille,318416,M. Broholm,Marius,Sivertsen Broholm,21.0,Norway,,,https://media.api-sports.io/football/players/318416.png,Midfielder,11.0,3.0,288.0,6.58,1.0,1.0,3.0,3.0,117.0,8.0,78.0,10.0,,2.0,12.0,3.0,43.0,21.0,8.0,4.0,0.0,0.0
61,Ligue 1,2025,79,Lille,334878,U. Raghouber,Ugo,Raghouber,22.0,France,180,62,https://media.api-sports.io/football/players/334878.png,Midfielder,1.0,0.0,10.0,6.3,0.0,0.0,,,6.0,,66.0,,,,1.0,,1.0,,,,0.0,0.0
61,Ligue 1,2025,79,Lille,340077,M. Fernandez-Pardo,Matias,Fernandez-Pardo,20.0,Belgium,183,70,https://media.api-sports.io/football/players/340077.png,Attacker,29.0,27.0,2379.0,7,8.0,5.0,42.0,30.0,621.0,36.0,81.0,20.0,1.0,7.0,82.0,36.0,239.0,100.0,40.0,15.0,5.0,0.0
61,Ligue 1,2025,79,Lille,340080,V. Burlet,Vincent,Burlet,20.0,Belgium,,,https://media.api-sports.io/football/players/340080.png,Defender,1.0,0.0,18.0,6.3,0.0,0.0,,,14.0,1.0,92.0,,,,1.0,,3.0,,,,0.0,0.0
61,Ligue 1,2025,79,Lille,351888,O. Touré,Ousmane,Touré,20.0,France,187,73,https://media.api-sports.io/football/players/351888.png,Defender,1.0,1.0,52.0,6.2,0.0,0.0,,,21.0,,85.0,1.0,,2.0,2.0,,7.0,3.0,,,0.0,0.0
61,Ligue 1,2025,106,Stade Brestois 29,365742,M. Diaz,Michel Junior,Diaz,22.0,Côte d'Ivoire,193,87,https://media.api-sports.io/football/players/365742.png,Defender,20.0,17.0,1560.0,6.98,0.0,0.0,5.0,1.0,642.0,1.0,85.0,27.0,24.0,24.0,4.0,3.0,115.0,74.0,11.0,8.0,4.0,0.0
61,Ligue 1,2025,79,Lille,375598,N. Mukau,Ngal'ayel,Mukau,21.0,Belgium,188,70,https://media.api-sports.io/football/players/375598.png,Midfielder,30.0,19.0,1566.0,6.61,1.0,0.0,11.0,5.0,627.0,13.0,87.0,29.0,1.0,14.0,25.0,13.0,167.0,78.0,23.0,27.0,3.0,0.0
61,Ligue 1,2025,79,Lille,438688,A. Bouaddi,Ayyoub,Bouaddi,18.0,France,186,72,https://media.api-sports.io/football/players/438688.png,Midfielder,30.0,28.0,2338.0,6.78,0.0,1.0,8.0,5.0,1061.0,21.0,84.0,59.0,7.0,27.0,56.0,34.0,251.0,142.0,24.0,37.0,7.0,1.0
61,Ligue 1,2025,79,Lille,486136,I. Cossier,Isaac,Cossier,19.0,France,186,78,https://media.api-sports.io/football/players/486136.png,Defender,0.0,0.0,,,0.0,0.0,,,,,,,,,,,,,,,0.0,0.0
61,Ligue 1,2025,79,Lille,487381,S. Diaoune,Soriba,Diaoune,18.0,Guinea,174,56,https://media.api-sports.io/football/players/487381.png,Attacker,10.0,1.0,202.0,6.69,1.0,1.0,8.0,4.0,63.0,5.0,79.0,3.0,1.0,1.0,11.0,5.0,34.0,12.0,3.0,5.0,0.0,0.0
61,Ligue 1,2025,79,Lille,490745,M. Goffi,Maxima Adeagan,Goffi,17.0,France,,,https://media.api-sports.io/football/players/490745.png,Defender,1.0,0.0,38.0,6.6,0.0,0.0,,,22.0,,86.0,1.0,,,1.0,1.0,6.0,4.0,,1.0,0.0,0.0
61,Ligue 1,2025,116,Lens,1922,F. Thauvin,Florian Tristán Mariano,Thauvin,32.0,France,179,70,https://media.api-sports.io/football/players/1922.png,Attacker,33.0,29.0,2460.0,7.23,11.0,6.0,56.0,27.0,1133.0,80.0,78.0,25.0,2.0,10.0,116.0,50.0,297.0,120.0,34.0,19.0,6.0,0.0
61,Ligue 1,2025,79,Lille,2096,A. Bodart,Arnaud,Bodart,27.0,Belgium,186,80,https://media.api-sports.io/football/players/2096.png,Goalkeeper,3.0,2.0,226.0,6.77,0.0,0.0,,,91.0,,73.0,,,,,,1.0,,,1.0,0.0,0.0
61,Ligue 1,2025,116,Lens,2483,D. Machado,Deiver Andrés,Machado Mena,32.0,Colombia,180,75,https://media.api-sports.io/football/players/2483.png,Midfielder,5.0,4.0,275.0,6.55,0.0,0.0,4.0,1.0,97.0,,84.0,1.0,,3.0,4.0,2.0,31.0,13.0,8.0,4.0,1.0,0.0
61,Ligue 1,2025,83,Nantes,2483,D. Machado,Deiver Andrés,Machado Mena,32.0,Colombia,180,75,https://media.api-sports.io/football/players/2483.png,Midfielder,14.0,12.0,911.0,6.64,0.0,1.0,4.0,1.0,268.0,7.0,82.0,20.0,1.0,7.0,17.0,5.0,107.0,52.0,20.0,21.0,2.0,0.0
61,Ligue 1,2025,116,Lens,20525,M. Udol,Matthieu,Udol,29.0,France,178,79,https://media.api-sports.io/football/players/20525.png,Defender,34.0,33.0,3003.0,7.03,1.0,7.0,38.0,17.0,1300.0,56.0,83.0,51.0,8.0,51.0,41.0,15.0,269.0,128.0,27.0,30.0,2.0,0.0
61,Ligue 1,2025,116,Lens,20761,F. Sotoca,Florian,Sotoca,35.0,France,187,77,https://media.api-sports.io/football/players/20761.png,Attacker,26.0,4.0,553.0,6.53,1.0,0.0,11.0,1.0,251.0,8.0,79.0,6.0,,5.0,7.0,2.0,72.0,33.0,12.0,9.0,2.0,0.0
61,Ligue 1,2025,116,Lens,21378,R. Gurtner,Régis,Gurtner,39.0,France,182,82,https://media.api-sports.io/football/players/21378.png,Goalkeeper,0.0,0.0,,,0.0,0.0,,,,,,,,,,,,,,,0.0,0.0
61,Ligue 1,2025,116,Lens,21568,R. Aguilar,Ruben,Aguilar,32.0,France,172,70,https://media.api-sports.io/football/players/21568.png,Midfielder,26.0,20.0,1736.0,6.98,2.0,2.0,10.0,3.0,864.0,26.0,84.0,38.0,11.0,28.0,14.0,7.0,132.0,73.0,12.0,26.0,5.0,0.0
61,Ligue 1,2025,116,Lens,21715,W. Saïd,Wesley,Saïd,30.0,France,171,72,https://media.api-sports.io/football/players/21715.png,Attacker,29.0,26.0,2010.0,7.13,12.0,2.0,50.0,27.0,697.0,27.0,82.0,21.0,,10.0,43.0,26.0,181.0,75.0,13.0,37.0,2.0,0.0
61,Ligue 1,2025,116,Lens,22166,M. Sarr,Malang Mamadou William Georges,Sarr,26.0,France,183,73,https://media.api-sports.io/football/players/22166.png,Defender,33.0,33.0,2925.0,7.2,0.0,1.0,19.0,5.0,1995.0,6.0,88.0,65.0,25.0,76.0,11.0,6.0,224.0,145.0,24.0,21.0,4.0,0.0
61,Ligue 1,2025,116,Lens,22261,A. Thomasson,Adrien,Thomasson,32.0,France,175,72,https://media.api-sports.io/football/players/22261.png,Midfielder,32.0,31.0,2690.0,6.9,3.0,9.0,32.0,13.0,1348.0,81.0,83.0,99.0,4.0,19.0,44.0,19.0,389.0,180.0,43.0,54.0,11.0,0.0
61,Ligue 1,2025,116,Lens,23643,M. Guilavogui,Morgan Bono,Guilavogui,27.0,Guinea,188,81,https://media.api-sports.io/football/players/23643.png,Attacker,16.0,3.0,485.0,6.79,1.0,0.0,7.0,2.0,208.0,10.0,79.0,14.0,,1.0,15.0,8.0,79.0,44.0,12.0,15.0,3.0,1.0
61,Ligue 1,2025,116,Lens,44594,Saud Abdulhamid,Saud Abdullah Salem,Abdulhamid,26.0,Saudi Arabia,171,71,https://media.api-sports.io/football/players/44594.png,Defender,25.0,14.0,1356.0,6.99,2.0,4.0,6.0,3.0,602.0,24.0,88.0,34.0,2.0,11.0,15.0,4.0,128.0,59.0,14.0,26.0,4.0,1.0
61,Ligue 1,2025,116,Lens,237232,H. Ojediran,Hamzat Basit,Ojediran,22.0,Nigeria,172,79,https://media.api-sports.io/football/players/237232.png,Midfielder,0.0,0.0,,,0.0,0.0,,,,,,,,,,,,,,,0.0,0.0
61,Ligue 1,2025,116,Lens,270509,A. Diouf,Andy Alune,Diouf,22.0,France,187,82,https://media.api-sports.io/football/players/270509.png,Midfielder,1.0,1.0,90.0,7.3,0.0,0.0,2.0,1.0,40.0,,82.0,1.0,,,5.0,3.0,9.0,5.0,1.0,,0.0,0.0
61,Ligue 1,2025,116,Lens,322984,S. Baidoo,Samson,Baidoo,21.0,Austria,190,86,https://media.api-sports.io/football/players/322984.png,Defender,23.0,20.0,1832.0,7.21,2.0,1.0,13.0,4.0,1058.0,4.0,92.0,34.0,25.0,23.0,7.0,7.0,169.0,90.0,5.0,19.0,2.0,0.0
61,Ligue 1,2025,116,Lens,347211,R. Risser,Robin,Risser Birckel,21.0,France,192,83,https://media.api-sports.io/football/players/347211.png,Goalkeeper,33.0,33.0,2970.0,7.08,0.0,1.0,,,869.0,2.0,77.0,,,,,,10.0,8.0,5.0,,2.0,0.0
61,Ligue 1,2025,116,Lens,395811,F. Sylla,Fodé,Sanassy Sylla,19.0,France,182,70,https://media.api-sports.io/football/players/395811.png,Midfielder,4.0,1.0,103.0,6.85,0.0,0.0,,,56.0,1.0,83.0,9.0,,3.0,1.0,,17.0,11.0,,3.0,0.0,0.0
61,Ligue 1,2025,116,Lens,402066,A. Bermont,Anthony,Bermont,20.0,France,176,54,https://media.api-sports.io/football/players/402066.png,Midfielder,10.0,0.0,123.0,6.66,0.0,0.0,4.0,2.0,87.0,1.0,86.0,1.0,,3.0,4.0,2.0,14.0,6.0,,2.0,0.0,0.0
61,Ligue 1,2025,116,Lens,443579,R. Fofana,Rayan,Fofana,19.0,France,182,74,https://media.api-sports.io/football/players/443579.png,Attacker,25.0,7.0,814.0,6.75,5.0,0.0,28.0,12.0,145.0,5.0,75.0,11.0,2.0,2.0,29.0,13.0,145.0,72.0,34.0,15.0,0.0,0.0
61,Ligue 1,2025,80,Lyon,68,Clinton Mata,Clinton,Mukoni Mata Pedro Lourenço,33.0,Angola,180,72,https://media.api-sports.io/football/players/68.png,Defender,32.0,32.0,2836.0,6.94,0.0,0.0,4.0,,1841.0,2.0,90.0,39.0,28.0,29.0,15.0,8.0,206.0,118.0,36.0,35.0,5.0,0.0
61,Ligue 1,2025,80,Lyon,519,C. Tolisso,Corentin,Tolisso,31.0,France,181,81,https://media.api-sports.io/football/players/519.png,Midfielder,30.0,26.0,2306.0,7.15,11.0,4.0,42.0,27.0,1314.0,34.0,84.0,32.0,10.0,18.0,16.0,6.0,299.0,146.0,55.0,42.0,5.0,0.0
61,Ligue 1,2025,80,Lyon,1456,A. Maitland-Niles,Ainsley Cory,Maitland-Niles,28.0,England,177,71,https://media.api-sports.io/football/players/1456.png,Midfielder,30.0,28.0,2485.0,6.74,1.0,4.0,13.0,7.0,1117.0,21.0,85.0,57.0,4.0,33.0,32.0,14.0,212.0,103.0,12.0,37.0,6.0,0.0
61,Ligue 1,2025,80,Lyon,9700,Abner,Abner Vinícius,da Silva Santos,25.0,Brazil,182,75,https://media.api-sports.io/football/players/9700.png,Defender,26.0,25.0,2164.0,6.83,3.0,2.0,10.0,7.0,1001.0,23.0,84.0,34.0,4.0,7.0,22.0,9.0,147.0,63.0,6.0,23.0,4.0,1.0
61,Ligue 1,2025,80,Lyon,20762,R. Descamps,Rémy,Descamps,29.0,France,194,74,https://media.api-sports.io/football/players/20762.png,Goalkeeper,5.0,5.0,450.0,7.64,0.0,0.0,,,135.0,,74.0,,,,1.0,1.0,2.0,1.0,,,0.0,0.0
61,Ligue 1,2025,80,Lyon,25916,M. Niakhaté,Moussa,Niakhaté,29.0,Senegal,190,82,https://media.api-sports.io/football/players/25916.png,Defender,32.0,30.0,2758.0,7.22,0.0,2.0,2.0,,2086.0,14.0,89.0,36.0,21.0,29.0,7.0,5.0,253.0,167.0,32.0,38.0,3.0,0.0
61,Ligue 1,2025,80,Lyon,66387,P. Šulc,Pavel,Šulc,25.0,Czechia,177,76,https://media.api-sports.io/football/players/66387.png,Midfielder,27.0,17.0,1568.0,6.91,11.0,3.0,31.0,18.0,380.0,22.0,74.0,24.0,,7.0,32.0,15.0,191.0,70.0,15.0,28.0,3.0,0.0
61,Ligue 1,2025,80,Lyon,80752,T. Tessmann,Francis Tanner James,Tessmann,24.0,USA,188,86,https://media.api-sports.io/football/players/80752.png,Midfielder,29.0,22.0,1960.0,6.82,1.0,0.0,22.0,8.0,1091.0,13.0,85.0,29.0,13.0,14.0,18.0,9.0,159.0,82.0,19.0,21.0,2.0,0.0
61,Ligue 1,2025,80,Lyon,162590,T. Morton,Tyler Scott,Morton,23.0,England,182,75,https://media.api-sports.io/football/players/162590.png,Midfielder,29.0,29.0,2524.0,7.14,2.0,2.0,14.0,8.0,1516.0,29.0,87.0,48.0,13.0,22.0,21.0,14.0,180.0,98.0,19.0,29.0,6.0,1.0
61,Ligue 1,2025,80,Lyon,180496,G. Mikautadze,Georges,Mikautadze,25.0,Georgia,176,71,https://media.api-sports.io/football/players/180496.png,Attacker,2.0,2.0,179.0,6.95,1.0,0.0,8.0,4.0,32.0,,84.0,,,1.0,7.0,5.0,14.0,6.0,1.0,,0.0,0.0
61,Ligue 1,2025,80,Lyon,193293,R. Kluivert,Ruben,Kluivert,24.0,Netherlands,187,70,https://media.api-sports.io/football/players/193293.png,Defender,16.0,9.0,805.0,6.51,1.0,2.0,2.0,1.0,413.0,2.0,84.0,17.0,4.0,9.0,4.0,3.0,72.0,43.0,4.0,10.0,4.0,0.0
61,Ligue 1,2025,80,Lyon,199871,A. Karabec,Adam,Karabec,22.0,Czechia,186,74,https://media.api-sports.io/football/players/199871.png,Midfielder,21.0,11.0,940.0,6.75,1.0,0.0,6.0,5.0,275.0,22.0,80.0,4.0,1.0,1.0,20.0,11.0,86.0,43.0,21.0,14.0,3.0,0.0
61,Ligue 1,2025,80,Lyon,334914,S. Kumbedi,Saël,Kumbedi Nseke,20.0,France,175,67,https://media.api-sports.io/football/players/334914.png,Defender,1.0,1.0,66.0,6.5,0.0,0.0,1.0,,13.0,,53.0,1.0,,1.0,1.0,,11.0,4.0,2.0,4.0,1.0,0.0
61,Ligue 1,2025,80,Lyon,345388,Afonso Moreira,Afonso,Bastardo Moreira,20.0,Portugal,176,69,https://media.api-sports.io/football/players/345388.png,Attacker,27.0,18.0,1724.0,7.09,4.0,7.0,31.0,14.0,543.0,33.0,80.0,33.0,,13.0,70.0,24.0,270.0,122.0,57.0,27.0,3.0,0.0
61,Ligue 1,2025,80,Lyon,361348,M. Fofana,Malick Martin,Fofana,20.0,Belgium,169,61,https://media.api-sports.io/football/players/361348.png,Midfielder,12.0,9.0,767.0,7.07,2.0,1.0,11.0,9.0,222.0,10.0,80.0,11.0,,3.0,20.0,7.0,74.0,40.0,22.0,11.0,1.0,0.0
61,Ligue 1,2025,116,Lens,369500,I. Ganiou,Pierre-Ismaëlo,Ganiou,20.0,France,191,80,https://media.api-sports.io/football/players/369500.png,Defender,23.0,22.0,2014.0,7.1,3.0,0.0,17.0,4.0,1310.0,9.0,86.0,39.0,14.0,29.0,14.0,10.0,199.0,121.0,22.0,25.0,3.0,0.0
61,Ligue 1,2025,80,Lyon,392671,L. Diarra,Lassine,Diarra,23.0,Mali,184,82,https://media.api-sports.io/football/players/392671.png,Goalkeeper,0.0,0.0,,,0.0,0.0,,,,,,,,,,,,,,,0.0,0.0
61,Ligue 1,2025,116,Lens,394950,A. Bulatović,Andrija,Bulatović,19.0,Montenegro,180,71,https://media.api-sports.io/football/players/394950.png,Midfielder,19.0,6.0,787.0,6.73,0.0,4.0,9.0,5.0,336.0,16.0,82.0,33.0,2.0,9.0,21.0,6.0,117.0,61.0,20.0,19.0,2.0,0.0
61,Ligue 1,2025,80,Lyon,409794,Alejandro Gomes Rodriguez,Alejandro,Gomes Rodriguez,17.0,England,176,,https://media.api-sports.io/football/players/409794.png,Attacker,0.0,0.0,,,0.0,0.0,,,,,,,,,,,,,,,0.0,0.0
61,Ligue 1,2025,80,Lyon,519664,K. Merah,Khalis,Merah,18.0,France,,,https://media.api-sports.io/football/players/519664.png,Midfielder,22.0,15.0,1148.0,6.64,0.0,1.0,6.0,3.0,494.0,12.0,85.0,27.0,,7.0,15.0,10.0,118.0,61.0,20.0,11.0,2.0,0.0
61,Ligue 1,2025,112,Metz,407,B. Stambouli,Benjamin Fernand Lucien,François Stambouli,35.0,France,180,82,https://media.api-sports.io/football/players/407.png,Midfielder,19.0,10.0,972.0,6.79,0.0,0.0,5.0,1.0,500.0,8.0,82.0,23.0,5.0,8.0,12.0,10.0,88.0,47.0,9.0,14.0,0.0,0.0
61,Ligue 1,2025,80,Lyon,529,N. Tagliafico,Nicolás Alejandro,Tagliafico,33.0,Argentina,172,67,https://media.api-sports.io/football/players/529.png,Defender,20.0,14.0,1320.0,6.68,0.0,3.0,11.0,1.0,674.0,13.0,85.0,29.0,5.0,20.0,7.0,3.0,164.0,87.0,33.0,36.0,5.0,1.0
61,Ligue 1,2025,112,Metz,2181,G. Tsitaishvili,Giorgi,Tsitaishvili,25.0,Georgia,171,63,https://media.api-sports.io/football/players/2181.png,Defender,33.0,28.0,2457.0,6.77,3.0,2.0,22.0,8.0,737.0,45.0,78.0,19.0,3.0,13.0,85.0,42.0,207.0,104.0,36.0,23.0,3.0,0.0
61,Ligue 1,2025,112,Metz,3240,J. Gbamin,Jean-Philippe,Gbamin,30.0,Côte d'Ivoire,186,88,https://media.api-sports.io/football/players/3240.png,Defender,31.0,30.0,2488.0,6.58,1.0,1.0,10.0,7.0,1786.0,15.0,88.0,51.0,13.0,27.0,33.0,26.0,216.0,112.0,8.0,24.0,2.0,1.0
61,Ligue 1,2025,112,Metz,19518,M. Colin,Maxime Jean-Yves,Colin,34.0,France,179,77,https://media.api-sports.io/football/players/19518.png,Defender,22.0,18.0,1700.0,6.57,0.0,0.0,5.0,2.0,925.0,6.0,89.0,40.0,10.0,26.0,11.0,7.0,110.0,64.0,7.0,10.0,1.0,0.0
61,Ligue 1,2025,112,Metz,20534,C. Sabaly,Cheikh Tidiane,Sabaly,26.0,Senegal,168,56,https://media.api-sports.io/football/players/20534.png,Attacker,14.0,12.0,976.0,6.57,0.0,2.0,7.0,4.0,229.0,10.0,76.0,18.0,3.0,5.0,34.0,14.0,130.0,50.0,16.0,14.0,2.0,0.0
61,Ligue 1,2025,112,Metz,21640,J. Deminguet,Jessy,Deminguet,27.0,France,178,74,https://media.api-sports.io/football/players/21640.png,Midfielder,31.0,25.0,2021.0,6.71,2.0,0.0,13.0,7.0,873.0,4.0,89.0,44.0,2.0,22.0,21.0,10.0,200.0,97.0,32.0,28.0,4.0,0.0
61,Ligue 1,2025,112,Metz,68177,G. Abuashvili,Giorgi,Abuashvili,22.0,Georgia,175,68,https://media.api-sports.io/football/players/68177.png,Attacker,23.0,6.0,700.0,6.6,2.0,0.0,15.0,9.0,254.0,6.0,90.0,13.0,1.0,5.0,27.0,9.0,101.0,36.0,11.0,8.0,1.0,0.0
61,Ligue 1,2025,112,Metz,87267,K. Van Den Kerkhof,Kévin Daniel Guitoun,Van Den Kerkhof,29.0,Algeria,190,76,https://media.api-sports.io/football/players/87267.png,Defender,0.0,0.0,,,0.0,0.0,,,,,,,,,,,,,,,0.0,0.0
61,Ligue 1,2025,112,Metz,96331,K. Kouao,Koffi Franck,Kouao,27.0,Côte d'Ivoire,173,65,https://media.api-sports.io/football/players/96331.png,Defender,27.0,27.0,2273.0,6.88,2.0,1.0,19.0,10.0,1084.0,11.0,86.0,72.0,13.0,29.0,42.0,30.0,253.0,143.0,33.0,32.0,10.0,0.0
61,Ligue 1,2025,112,Metz,157912,B. Traoré,Boubacar,Traoré,24.0,Mali,183,67,https://media.api-sports.io/football/players/157912.png,Midfielder,20.0,16.0,1391.0,6.69,1.0,0.0,15.0,3.0,622.0,4.0,86.0,47.0,1.0,14.0,26.0,18.0,177.0,92.0,5.0,32.0,4.0,0.0
61,Ligue 1,2025,112,Metz,158532,J. Fischer,Jonathan,Frost Fischer,24.0,Denmark,198,,https://media.api-sports.io/football/players/158532.png,Goalkeeper,27.0,26.0,2353.0,6.99,0.0,0.0,,,931.0,1.0,78.0,,,,,,14.0,12.0,4.0,,0.0,0.0
61,Ligue 1,2025,112,Metz,327548,J. Diazongua Nfinigui,Joseph Nauquidi,Diazongua Nfinigui,21.0,France,187,74,https://media.api-sports.io/football/players/327548.png,Midfielder,1.0,0.0,14.0,6.5,0.0,0.0,,,3.0,,66.0,,,,,,,,,,0.0,0.0
61,Ligue 1,2025,112,Metz,378353,U. Mboula,Urie-Michel,Mboula,22.0,Gabon,185,,https://media.api-sports.io/football/players/378353.png,Defender,14.0,10.0,751.0,6.74,0.0,0.0,2.0,1.0,552.0,,91.0,11.0,6.0,14.0,12.0,7.0,52.0,32.0,11.0,9.0,2.0,0.0
61,Ligue 1,2025,112,Metz,403878,P. Sy,Pape Mamadou,Sy,28.0,Senegal,206,,https://media.api-sports.io/football/players/403878.png,Goalkeeper,8.0,8.0,707.0,7.01,0.0,0.0,,,204.0,,66.0,1.0,,,,,6.0,6.0,4.0,,0.0,0.0
61,Ligue 1,2025,112,Metz,408870,Ibou Sané,Ibou,Sané,20.0,Senegal,179,71,https://media.api-sports.io/football/players/408870.png,Attacker,16.0,5.0,555.0,6.69,1.0,1.0,5.0,3.0,131.0,5.0,82.0,7.0,,1.0,10.0,2.0,57.0,29.0,15.0,8.0,2.0,0.0
61,Ligue 1,2025,112,Metz,428084,Sadibou Sané,Sadibou,Sané,21.0,Senegal,185,76,https://media.api-sports.io/football/players/428084.png,Defender,23.0,22.0,1943.0,6.97,2.0,1.0,4.0,2.0,1437.0,3.0,89.0,46.0,24.0,38.0,6.0,3.0,159.0,96.0,15.0,22.0,5.0,2.0
61,Ligue 1,2025,112,Metz,434352,A. Touré,Alpha Amadou,Touré,19.0,Senegal,180,,https://media.api-sports.io/football/players/434352.png,Midfielder,30.0,16.0,1611.0,6.54,0.0,1.0,10.0,1.0,727.0,11.0,86.0,40.0,4.0,9.0,27.0,15.0,195.0,99.0,27.0,27.0,5.0,0.0
61,Ligue 1,2025,112,Metz,434410,I. Gueye,Idrissa,Gueye,19.0,Senegal,174,66,https://media.api-sports.io/football/players/434410.png,Attacker,3.0,1.0,130.0,6.53,0.0,0.0,1.0,,16.0,,50.0,2.0,,,1.0,,17.0,6.0,2.0,3.0,0.0,0.0
61,Ligue 1,2025,112,Metz,514519,Brian Madjo,Brian,Djomeni Madjo,16.0,England,186,75,https://media.api-sports.io/football/players/514519.png,Attacker,5.0,2.0,162.0,6.63,0.0,0.0,2.0,1.0,18.0,,55.0,,,,1.0,,15.0,6.0,3.0,3.0,0.0,0.0
61,Ligue 1,2025,95,Strasbourg,2259,E. Sobol,Eduard,Sobol,30.0,Ukraine,186,79,https://media.api-sports.io/football/players/2259.png,Defender,0.0,0.0,,,0.0,0.0,,,,,,,,,,,,,,,0.0,0.0
61,Ligue 1,2025,95,Strasbourg,2850,K. Johnsson,Karl-Johan Anton,Johnsson,35.0,Sweden,188,84,https://media.api-sports.io/football/players/2850.png,Goalkeeper,1.0,1.0,90.0,7.2,0.0,0.0,,,32.0,,78.0,,,,,,1.0,1.0,,,0.0,0.0
61,Ligue 1,2025,95,Strasbourg,129695,D. Bakwa,Dilane,Bakwa,23.0,France,180,75,https://media.api-sports.io/football/players/129695.png,Attacker,3.0,0.0,105.0,7.57,1.0,2.0,1.0,1.0,42.0,3.0,88.0,1.0,,1.0,9.0,5.0,16.0,10.0,4.0,,0.0,0.0
61,Ligue 1,2025,95,Strasbourg,190686,S. Mara,Sékou,Mara,23.0,France,184,73,https://media.api-sports.io/football/players/190686.png,Attacker,0.0,0.0,,,0.0,0.0,,,,,,,,,,,,,,,0.0,0.0
61,Ligue 1,2025,108,Auxerre,190686,S. Mara,Sékou,Mara,23.0,France,184,73,https://media.api-sports.io/football/players/190686.png,Attacker,27.0,14.0,1234.0,6.64,3.0,2.0,24.0,12.0,239.0,9.0,72.0,13.0,,4.0,34.0,17.0,207.0,92.0,27.0,27.0,0.0,0.0
61,Ligue 1,2025,95,Strasbourg,203762,E. Emegha,Emanuel,Esseh Emegha,22.0,Netherlands,195,82,https://media.api-sports.io/football/players/203762.png,Attacker,10.0,4.0,451.0,6.91,4.0,2.0,13.0,8.0,52.0,3.0,82.0,,,,7.0,3.0,34.0,17.0,9.0,12.0,3.0,0.0
61,Ligue 1,2025,95,Strasbourg,226803,S. Nanasi,Algot Sebastian,Nanasi,23.0,Sweden,178,71,https://media.api-sports.io/football/players/226803.png,Midfielder,19.0,11.0,1060.0,6.83,7.0,2.0,17.0,11.0,407.0,17.0,83.0,12.0,3.0,6.0,18.0,8.0,69.0,25.0,3.0,8.0,0.0,0.0
61,Ligue 1,2025,95,Strasbourg,276184,M. Sarr,Mamadou,Sarr,20.0,France,194,77,https://media.api-sports.io/football/players/276184.png,Defender,15.0,15.0,1305.0,6.79,0.0,0.0,1.0,,982.0,1.0,95.0,15.0,3.0,9.0,7.0,5.0,98.0,51.0,11.0,16.0,3.0,0.0
61,Ligue 1,2025,95,Strasbourg,282549,J. Mwanga,Junior,Mwanga,22.0,France,184,80,https://media.api-sports.io/football/players/282549.png,Defender,5.0,5.0,379.0,6.58,0.0,0.0,1.0,,245.0,5.0,89.0,12.0,1.0,3.0,7.0,5.0,43.0,23.0,2.0,9.0,0.0,0.0
61,Ligue 1,2025,83,Nantes,282549,J. Mwanga,Junior,Mwanga,22.0,France,184,80,https://media.api-sports.io/football/players/282549.png,Midfielder,15.0,15.0,1263.0,6.8,1.0,1.0,7.0,3.0,542.0,13.0,84.0,27.0,6.0,10.0,21.0,13.0,130.0,66.0,14.0,16.0,2.0,1.0
61,Ligue 1,2025,95,Strasbourg,319572,V. Barco,Valentín,Barco,21.0,Argentina,170,66,https://media.api-sports.io/football/players/319572.png,Midfielder,27.0,24.0,2170.0,7.14,2.0,4.0,18.0,10.0,1552.0,40.0,86.0,54.0,2.0,14.0,58.0,24.0,258.0,148.0,61.0,24.0,5.0,1.0
61,Ligue 1,2025,95,Strasbourg,325594,F. Lemaréchal,Félix,Lemaréchal,22.0,France,180,73,https://media.api-sports.io/football/players/325594.png,Midfielder,11.0,7.0,554.0,6.57,0.0,2.0,7.0,2.0,234.0,7.0,77.0,17.0,,3.0,22.0,12.0,81.0,39.0,6.0,8.0,1.0,0.0
61,Ligue 1,2025,95,Strasbourg,328093,I. Samuels-Smith,Ishé Barrington,Samuels-Smith,19.0,England,186,,https://media.api-sports.io/football/players/328093.png,Defender,0.0,0.0,,,0.0,0.0,,,,,,,,,,,,,,,0.0,0.0
61,Ligue 1,2025,95,Strasbourg,334035,S. Amo-Ameyaw,Samuel,Amo-Ameyaw,19.0,England,174,64,https://media.api-sports.io/football/players/334035.png,Defender,25.0,9.0,1050.0,6.74,2.0,2.0,11.0,5.0,414.0,13.0,88.0,21.0,,3.0,55.0,28.0,149.0,75.0,26.0,15.0,2.0,0.0
61,Ligue 1,2025,112,Metz,336180,M. Bokele Mputu,Morgan,Bokele Mputu,21.0,France,175,,https://media.api-sports.io/football/players/336180.png,Attacker,10.0,1.0,228.0,6.6,0.0,0.0,1.0,1.0,100.0,2.0,79.0,5.0,1.0,1.0,8.0,3.0,33.0,16.0,8.0,2.0,0.0,0.0
61,Ligue 1,2025,95,Strasbourg,340151,M. Penders,Mike Louis,Penders,20.0,Belgium,200,95,https://media.api-sports.io/football/players/340151.png,Goalkeeper,33.0,33.0,2970.0,6.95,0.0,0.0,,,1400.0,,86.0,,,,,,8.0,7.0,2.0,1.0,3.0,0.0
61,Ligue 1,2025,95,Strasbourg,358166,A. Ouattara,Abdoul Guemissongui,Ouattara,20.0,France,178,68,https://media.api-sports.io/football/players/358166.png,Defender,28.0,19.0,1775.0,6.66,2.0,0.0,20.0,11.0,862.0,6.0,90.0,23.0,1.0,21.0,23.0,8.0,94.0,46.0,11.0,12.0,2.0,0.0
61,Ligue 1,2025,95,Strasbourg,387120,R. Nzingoula,Rabby,Nzingoula,20.0,France,183,73,https://media.api-sports.io/football/players/387120.png,Midfielder,4.0,0.0,62.0,6.23,0.0,0.0,,,20.0,1.0,80.0,2.0,,1.0,3.0,1.0,13.0,5.0,2.0,3.0,0.0,1.0
61,Ligue 1,2025,95,Strasbourg,390742,J. Panichelli,Joaquín,Panichelli,23.0,Argentina,186,82,https://media.api-sports.io/football/players/390742.png,Attacker,27.0,24.0,2195.0,6.85,16.0,1.0,51.0,31.0,466.0,22.0,72.0,26.0,8.0,12.0,30.0,11.0,307.0,138.0,44.0,43.0,3.0,0.0
61,Ligue 1,2025,95,Strasbourg,396193,L. Høgsberg,Lucas,Høgsberg,19.0,Denmark,182,69,https://media.api-sports.io/football/players/396193.png,Defender,24.0,21.0,1796.0,6.79,0.0,0.0,3.0,1.0,1324.0,1.0,92.0,21.0,21.0,13.0,1.0,1.0,95.0,51.0,13.0,16.0,3.0,0.0
61,Ligue 1,2025,95,Strasbourg,406303,K. Páez,Ray Kendry,Páez Andrade,18.0,Ecuador,178,71,https://media.api-sports.io/football/players/406303.png,Midfielder,15.0,4.0,431.0,6.5,1.0,0.0,8.0,4.0,159.0,6.0,77.0,6.0,,3.0,19.0,6.0,65.0,17.0,3.0,7.0,0.0,0.0
61,Ligue 1,2025,95,Strasbourg,415431,S. El Mourabet,Samir,El Mourabet,20.0,France,168,58,https://media.api-sports.io/football/players/415431.png,Midfielder,33.0,25.0,2141.0,6.95,1.0,2.0,6.0,1.0,1439.0,28.0,89.0,79.0,13.0,25.0,29.0,18.0,221.0,132.0,26.0,23.0,4.0,0.0
61,Ligue 1,2025,91,Monaco,109,A. Golovin,Aleksandr,Golovin,29.0,Russia,178,69,https://media.api-sports.io/football/players/109.png,Midfielder,25.0,21.0,1661.0,6.88,5.0,5.0,25.0,18.0,734.0,24.0,82.0,26.0,5.0,24.0,31.0,19.0,156.0,68.0,18.0,30.0,3.0,0.0
61,Ligue 1,2025,91,Monaco,175,E. Dier,Eric Jeremy Edgar,Dier,31.0,England,188,83,https://media.api-sports.io/football/players/175.png,Defender,9.0,7.0,687.0,7.04,1.0,0.0,2.0,2.0,592.0,2.0,93.0,7.0,10.0,10.0,,,51.0,23.0,4.0,9.0,0.0,0.0
61,Ligue 1,2025,91,Monaco,231,J. Teze,Jordan,Teze,26.0,Netherlands,183,68,https://media.api-sports.io/football/players/231.png,Defender,33.0,28.0,2494.0,6.94,1.0,2.0,11.0,5.0,1332.0,35.0,83.0,61.0,10.0,29.0,10.0,3.0,223.0,117.0,25.0,32.0,8.0,0.0
61,Ligue 1,2025,91,Monaco,261,T. Kehrer,Jan Thilo,Kehrer,29.0,Germany,186,76,https://media.api-sports.io/football/players/261.png,Defender,28.0,28.0,2358.0,6.92,0.0,0.0,13.0,1.0,1643.0,6.0,87.0,65.0,23.0,30.0,7.0,4.0,259.0,165.0,29.0,27.0,7.0,1.0
61,Ligue 1,2025,91,Monaco,963,L. Hrádecký,Lukáš,Hrádecký,36.0,Finland,192,83,https://media.api-sports.io/football/players/963.png,Goalkeeper,17.0,17.0,1441.0,6.79,0.0,0.0,,,453.0,,66.0,1.0,,,,,8.0,8.0,,,1.0,0.0
61,Ligue 1,2025,91,Monaco,1101,T. Minamino,Takumi,Minamino,30.0,Japan,172,68,https://media.api-sports.io/football/players/1101.png,Midfielder,15.0,11.0,961.0,6.61,3.0,2.0,15.0,7.0,308.0,9.0,73.0,3.0,2.0,4.0,12.0,4.0,67.0,21.0,8.0,10.0,4.0,0.0
61,Ligue 1,2025,91,Monaco,2810,D. Zakaria,Denis Lemi,Zakaria Lako Lado,29.0,Switzerland,191,76,https://media.api-sports.io/football/players/2810.png,Midfielder,24.0,23.0,2033.0,6.86,2.0,1.0,12.0,3.0,1111.0,6.0,93.0,38.0,15.0,40.0,15.0,8.0,137.0,68.0,7.0,26.0,4.0,1.0
61,Ligue 1,2025,91,Monaco,7313,P. Köhn,Philipp François,Köhn,27.0,Switzerland,190,80,https://media.api-sports.io/football/players/7313.png,Goalkeeper,19.0,17.0,1619.0,6.94,0.0,0.0,,,464.0,,75.0,,,1.0,,,11.0,10.0,3.0,,1.0,0.0
61,Ligue 1,2025,91,Monaco,10316,Caio Henrique,Caio Henrique,Oliveira Silva,28.0,Brazil,178,68,https://media.api-sports.io/football/players/10316.png,Defender,22.0,17.0,1542.0,6.73,0.0,2.0,,,778.0,21.0,80.0,23.0,6.0,11.0,15.0,6.0,101.0,51.0,17.0,13.0,2.0,0.0
61,Ligue 1,2025,91,Monaco,30504,W. Singo,Wilfried Stephane,Singo,25.0,Côte d'Ivoire,190,79,https://media.api-sports.io/football/players/30504.png,Defender,0.0,0.0,,,0.0,0.0,,,,,,,,,,,,,,,0.0,0.0
61,Ligue 1,2025,91,Monaco,274300,M. Akliouche,Maghnes,Akliouche,23.0,France,183,72,https://media.api-sports.io/football/players/274300.png,Midfielder,31.0,28.0,2410.0,7.04,6.0,6.0,35.0,19.0,1106.0,44.0,85.0,39.0,3.0,19.0,55.0,26.0,239.0,104.0,36.0,29.0,3.0,0.0
61,Ligue 1,2025,91,Monaco,283026,M. Biereth,Mika,Miles Biereth,22.0,Denmark,187,69,https://media.api-sports.io/football/players/283026.png,Attacker,32.0,12.0,1108.0,6.47,2.0,2.0,12.0,7.0,206.0,21.0,61.0,11.0,2.0,,13.0,4.0,142.0,44.0,14.0,16.0,0.0,0.0
61,Ligue 1,2025,91,Monaco,291649,Vanderson,Vanderson,de Oliveira Campos,24.0,Brazil,173,74,https://media.api-sports.io/football/players/291649.png,Defender,14.0,7.0,613.0,6.8,0.0,2.0,3.0,,364.0,11.0,79.0,24.0,1.0,23.0,17.0,8.0,79.0,44.0,2.0,15.0,4.0,0.0
61,Ligue 1,2025,95,Strasbourg,303016,M. Oyedele,Maximillian,Oyedele,21.0,Poland,180,70,https://media.api-sports.io/football/players/303016.png,Midfielder,8.0,6.0,447.0,6.79,1.0,0.0,2.0,1.0,292.0,1.0,89.0,13.0,,5.0,7.0,4.0,49.0,26.0,5.0,9.0,3.0,0.0
61,Ligue 1,2025,91,Monaco,343320,E. Ben Seghir,Eliesse,Ben Seghir,20.0,Morocco,178,72,https://media.api-sports.io/football/players/343320.png,Midfielder,2.0,0.0,43.0,6.25,0.0,0.0,1.0,,25.0,,76.0,2.0,,,1.0,1.0,7.0,4.0,1.0,1.0,0.0,0.0
61,Ligue 1,2025,91,Monaco,371916,C. Mawissa Elebi,Christian,Mawissa Elebi,20.0,France,185,77,https://media.api-sports.io/football/players/371916.png,Defender,18.0,13.0,1195.0,6.66,0.0,0.0,2.0,1.0,849.0,5.0,89.0,30.0,6.0,18.0,28.0,18.0,140.0,80.0,12.0,12.0,4.0,0.0
61,Ligue 1,2025,91,Monaco,374058,L. Camara,Lamine,Camara,21.0,Senegal,173,65,https://media.api-sports.io/football/players/374058.png,Midfielder,24.0,22.0,1851.0,7.16,3.0,4.0,17.0,4.0,1217.0,35.0,85.0,55.0,7.0,37.0,30.0,16.0,241.0,135.0,48.0,28.0,6.0,0.0
61,Ligue 1,2025,91,Monaco,386276,Paris Josua  Brunner,Paris Josua,Brunner,19.0,Germany,186,80,https://media.api-sports.io/football/players/386276.png,Attacker,7.0,1.0,127.0,6.4,0.0,0.0,2.0,1.0,32.0,,68.0,2.0,,1.0,6.0,2.0,25.0,7.0,1.0,8.0,1.0,0.0
61,Ligue 1,2025,91,Monaco,395040,G. Ilenikhena,George,Ilenikhena,19.0,France,185,76,https://media.api-sports.io/football/players/395040.png,Attacker,15.0,3.0,386.0,6.49,2.0,0.0,13.0,7.0,53.0,3.0,73.0,1.0,1.0,,11.0,1.0,48.0,16.0,6.0,2.0,0.0,0.0
61,Ligue 1,2025,91,Monaco,453792,A. Bamba,Aladji,Bamba,19.0,France,181,67,https://media.api-sports.io/football/players/453792.png,Midfielder,18.0,10.0,830.0,6.87,0.0,2.0,1.0,1.0,515.0,13.0,81.0,33.0,,7.0,20.0,14.0,150.0,82.0,18.0,23.0,2.0,0.0
61,Ligue 1,2025,111,Le Havre,961,F. Mambimbi,Felix Khonde,Mambimbi,24.0,Switzerland,171,68,https://media.api-sports.io/football/players/961.png,Attacker,17.0,7.0,558.0,6.45,1.0,0.0,5.0,2.0,119.0,7.0,72.0,12.0,,3.0,11.0,4.0,74.0,24.0,5.0,16.0,1.0,0.0
61,Ligue 1,2025,111,Le Havre,1945,M. Samatta,Mbwana Ally,Samatta,33.0,Tanzania,183,77,https://media.api-sports.io/football/players/1945.png,Attacker,27.0,17.0,1550.0,6.51,2.0,1.0,35.0,16.0,264.0,18.0,72.0,11.0,,4.0,26.0,12.0,218.0,81.0,20.0,35.0,4.0,0.0
61,Ligue 1,2025,111,Le Havre,21641,G. Kyeremeh,Godson,Kyeremeh,25.0,France,175,60,https://media.api-sports.io/football/players/21641.png,Attacker,13.0,3.0,397.0,6.63,1.0,1.0,5.0,2.0,67.0,5.0,80.0,7.0,,,13.0,5.0,60.0,32.0,19.0,9.0,0.0,0.0
61,Ligue 1,2025,111,Le Havre,23637,Y. Zouaoui,Yanis,Zouaoui,27.0,France,183,75,https://media.api-sports.io/football/players/23637.png,Defender,30.0,28.0,2348.0,6.65,1.0,1.0,10.0,5.0,954.0,35.0,77.0,48.0,13.0,26.0,50.0,20.0,215.0,111.0,26.0,22.0,7.0,0.0
61,Ligue 1,2025,111,Le Havre,33165,A. Seko,Ayumu,Seko,25.0,Japan,185,78,https://media.api-sports.io/football/players/33165.png,Defender,30.0,29.0,2625.0,6.8,0.0,0.0,15.0,6.0,1147.0,10.0,84.0,42.0,7.0,37.0,4.0,2.0,164.0,99.0,20.0,28.0,6.0,0.0
61,Ligue 1,2025,111,Le Havre,36932,Y. Namli,Younes,Namli,31.0,Denmark,180,70,https://media.api-sports.io/football/players/36932.png,Midfielder,12.0,3.0,340.0,6.62,0.0,1.0,2.0,,113.0,3.0,70.0,9.0,,6.0,6.0,5.0,46.0,21.0,4.0,8.0,2.0,0.0
61,Ligue 1,2025,111,Le Havre,64255,G. Lloris,Gautier,Lloris,30.0,France,191,87,https://media.api-sports.io/football/players/64255.png,Defender,29.0,28.0,2400.0,7.03,1.0,1.0,9.0,4.0,1528.0,4.0,91.0,41.0,21.0,42.0,3.0,1.0,190.0,128.0,17.0,27.0,1.0,1.0
61,Ligue 1,2025,111,Le Havre,119853,M. Diaw,Mory,Diaw,32.0,Senegal,197,95,https://media.api-sports.io/football/players/119853.png,Goalkeeper,30.0,30.0,2655.0,7.02,0.0,1.0,,,974.0,3.0,72.0,2.0,,2.0,,,13.0,12.0,6.0,,1.0,0.0
61,Ligue 1,2025,111,Le Havre,128342,R. Ndiaye,Rassoul,Ndiaye,24.0,Senegal,179,70,https://media.api-sports.io/football/players/128342.png,Midfielder,33.0,30.0,2573.0,7.03,4.0,4.0,22.0,9.0,863.0,29.0,83.0,68.0,2.0,16.0,40.0,22.0,262.0,142.0,37.0,22.0,2.0,0.0
61,Ligue 1,2025,111,Le Havre,156465,I. Soumaré,Issa,Soumaré,25.0,Senegal,182,78,https://media.api-sports.io/football/players/156465.png,Attacker,34.0,33.0,2949.0,7.1,8.0,5.0,68.0,28.0,637.0,29.0,69.0,36.0,6.0,11.0,64.0,26.0,496.0,268.0,74.0,56.0,3.0,0.0
61,Ligue 1,2025,111,Le Havre,162443,É. Youté,Étienne Ludovic,Youté Kinkoué,23.0,France,196,88,https://media.api-sports.io/football/players/162443.png,Midfielder,9.0,4.0,434.0,6.88,0.0,0.0,,,201.0,1.0,84.0,6.0,9.0,1.0,,,18.0,10.0,1.0,3.0,2.0,0.0
61,Ligue 1,2025,111,Le Havre,174625,F. Doucouré,Fodé,Doucouré,24.0,Mali,172,62,https://media.api-sports.io/football/players/174625.png,Defender,26.0,15.0,1242.0,6.84,3.0,1.0,13.0,8.0,432.0,18.0,81.0,36.0,1.0,9.0,20.0,7.0,113.0,56.0,4.0,14.0,2.0,0.0
61,Ligue 1,2025,111,Le Havre,174927,A. Sangante,Arouna,Sangante,23.0,Senegal,189,76,https://media.api-sports.io/football/players/174927.png,Defender,28.0,28.0,2333.0,6.85,1.0,1.0,8.0,5.0,1424.0,10.0,85.0,41.0,15.0,38.0,9.0,4.0,248.0,141.0,41.0,42.0,4.0,2.0
61,Ligue 1,2025,111,Le Havre,174937,Y. Kechta,Yassine,Kechta,23.0,Morocco,174,68,https://media.api-sports.io/football/players/174937.png,Midfielder,30.0,14.0,1348.0,6.56,2.0,1.0,16.0,9.0,418.0,15.0,79.0,32.0,4.0,17.0,25.0,7.0,170.0,58.0,16.0,35.0,4.0,0.0
61,Ligue 1,2025,91,Monaco,333137,K. Ouattara,Kassoum,Ouattara,21.0,France,176,73,https://media.api-sports.io/football/players/333137.png,Defender,15.0,12.0,983.0,6.57,0.0,3.0,6.0,,377.0,17.0,74.0,27.0,,16.0,34.0,9.0,141.0,62.0,10.0,22.0,3.0,0.0
61,Ligue 1,2025,111,Le Havre,364093,S. Ebonog,Simon,Ebonog,21.0,France,,,https://media.api-sports.io/football/players/364093.png,Midfielder,30.0,21.0,1778.0,6.59,1.0,0.0,15.0,4.0,469.0,8.0,78.0,39.0,4.0,24.0,36.0,17.0,223.0,113.0,34.0,29.0,8.0,0.0
61,Ligue 1,2025,111,Le Havre,395765,I. Bouneb,Ismail,Bouneb,19.0,France,182,76,https://media.api-sports.io/football/players/395765.png,Midfielder,0.0,0.0,,,0.0,0.0,,,,,,,,,,,,,,,0.0,0.0
61,Ligue 1,2025,111,Le Havre,451961,G. Zohouri,Guy Noël Prince,Zohouri,18.0,France,185,75,https://media.api-sports.io/football/players/451961.png,Midfielder,0.0,0.0,,,0.0,0.0,,,,,,,,,,,,,,,0.0,0.0
61,Ligue 1,2025,111,Le Havre,460805,D. Mosengo,Daren Nbenbege,Mosengo,19.0,France,188,72,https://media.api-sports.io/football/players/460805.png,Midfielder,7.0,0.0,110.0,6.56,0.0,0.0,,,52.0,,78.0,2.0,3.0,1.0,2.0,,22.0,6.0,2.0,1.0,0.0,0.0
61,Ligue 1,2025,83,Nantes,647,Anthony Lopes,Anthony,Lopes,35.0,Portugal,184,81,https://media.api-sports.io/football/players/647.png,Goalkeeper,32.0,32.0,2806.0,7.06,0.0,0.0,1.0,,968.0,,73.0,1.0,,1.0,1.0,1.0,23.0,20.0,14.0,1.0,4.0,0.0
61,Ligue 1,2025,83,Nantes,924,F. Coquelin,Francis Joseph,Coquelin,34.0,France,176,74,https://media.api-sports.io/football/players/924.png,Midfielder,16.0,8.0,655.0,6.66,0.0,1.0,4.0,1.0,291.0,4.0,87.0,17.0,5.0,6.0,10.0,5.0,78.0,40.0,7.0,15.0,2.0,0.0
61,Ligue 1,2025,83,Nantes,2668,Mostafa Mohamed,Mostafa Mohamed Ahmed,Abdallah,28.0,Egypt,185,78,https://media.api-sports.io/football/players/2668.png,Attacker,24.0,13.0,1171.0,6.63,4.0,0.0,28.0,8.0,190.0,9.0,61.0,10.0,3.0,8.0,19.0,3.0,200.0,89.0,27.0,18.0,1.0,0.0
61,Ligue 1,2025,83,Nantes,15684,P. Carlgren,Patrik Ulf Anders,Carlgren,34.0,Sweden,188,84,https://media.api-sports.io/football/players/15684.png,Goalkeeper,3.0,2.0,188.0,7.33,0.0,0.0,,,61.0,,45.0,,,,,,2.0,2.0,1.0,,0.0,0.0
61,Ligue 1,2025,83,Nantes,21570,N. Cozza,Nicolas Louis Marcel,Cozza,26.0,France,178,72,https://media.api-sports.io/football/players/21570.png,Defender,30.0,26.0,2320.0,6.62,0.0,1.0,7.0,3.0,821.0,10.0,76.0,44.0,11.0,17.0,18.0,8.0,194.0,103.0,32.0,24.0,2.0,0.0
61,Ligue 1,2025,83,Nantes,22134,K. Amian,Kelvin,Amian Adou,27.0,France,180,78,https://media.api-sports.io/football/players/22134.png,Defender,23.0,22.0,1962.0,6.62,0.0,1.0,9.0,2.0,786.0,8.0,80.0,28.0,10.0,7.0,10.0,5.0,140.0,79.0,18.0,23.0,3.0,0.0
61,Ligue 1,2025,83,Nantes,26519,Hong Hyun-Seok,Hyun-Seok,Hong,26.0,Korea Republic,175,66,https://media.api-sports.io/football/players/26519.png,Midfielder,6.0,3.0,284.0,6.6,0.0,0.0,3.0,2.0,74.0,1.0,77.0,9.0,1.0,3.0,2.0,2.0,21.0,13.0,1.0,,0.0,0.0
61,Ligue 1,2025,83,Nantes,42086,Y. El-Arabi,Youssef,El-Arabi,38.0,Morocco,183,70,https://media.api-sports.io/football/players/42086.png,Attacker,25.0,11.0,979.0,6.59,3.0,0.0,13.0,9.0,264.0,9.0,63.0,12.0,1.0,3.0,20.0,6.0,155.0,65.0,23.0,22.0,0.0,0.0
61,Ligue 1,2025,83,Nantes,50026,C. Awaziem,Chidozie Collins,Awaziem,29.0,Nigeria,189,78,https://media.api-sports.io/football/players/50026.png,Defender,27.0,26.0,2249.0,6.91,1.0,2.0,7.0,4.0,1387.0,10.0,84.0,28.0,17.0,20.0,8.0,4.0,156.0,96.0,21.0,23.0,7.0,0.0
61,Ligue 1,2025,83,Nantes,137296,Kwon Hyeok-Kyu,Hyeok-Kyu,Kwon,24.0,Korea Republic,190,77,https://media.api-sports.io/football/players/137296.png,Midfielder,12.0,9.0,764.0,6.79,0.0,0.0,1.0,,221.0,,86.0,15.0,8.0,7.0,1.0,,64.0,33.0,10.0,11.0,2.0,0.0
61,Ligue 1,2025,83,Nantes,161622,M. Abline,Matthis,Abline,22.0,France,176,67,https://media.api-sports.io/football/players/161622.png,Attacker,33.0,28.0,2514.0,6.95,6.0,4.0,55.0,23.0,415.0,30.0,70.0,20.0,,8.0,116.0,51.0,338.0,146.0,42.0,32.0,6.0,0.0
61,Ligue 1,2025,83,Nantes,193952,J. Lepenant,Johann Théo Tom,Lepenant,23.0,France,176,69,https://media.api-sports.io/football/players/193952.png,Midfielder,28.0,24.0,2192.0,6.84,0.0,1.0,15.0,7.0,830.0,33.0,80.0,79.0,4.0,28.0,29.0,10.0,285.0,150.0,48.0,30.0,4.0,0.0
61,Ligue 1,2025,83,Nantes,197771,Y. Benhattab,Yassine,Benhattab,23.0,France,170,59,https://media.api-sports.io/football/players/197771.png,Midfielder,10.0,5.0,477.0,6.61,0.0,0.0,2.0,1.0,141.0,7.0,72.0,10.0,,,15.0,8.0,42.0,22.0,3.0,3.0,0.0,0.0
61,Ligue 1,2025,111,Le Havre,355955,Rory Davidson,Rory,Davidson,25.0,Scotland,,,https://media.api-sports.io/football/players/355955.png,Defender,1.0,0.0,1.0,,0.0,0.0,,,,,,,,,,,,,,,0.0,0.0
61,Ligue 1,2025,83,Nantes,388779,D. Assoumani,Dehmaine,Tabibou Assoumani,20.0,France,181,73,https://media.api-sports.io/football/players/388779.png,Midfielder,27.0,14.0,1282.0,6.63,1.0,0.0,19.0,7.0,401.0,20.0,73.0,30.0,,17.0,37.0,20.0,160.0,80.0,20.0,23.0,4.0,1.0
61,Ligue 1,2025,83,Nantes,392569,Sékou Doucouré,Sékou,Doucouré,20.0,France,187,79,https://media.api-sports.io/football/players/392569.png,Defender,2.0,1.0,62.0,6.8,0.0,0.0,,,45.0,,88.0,,1.0,3.0,,,5.0,2.0,,1.0,0.0,0.0
61,Ligue 1,2025,83,Nantes,428504,A. Camara,Amady,Camara,20.0,Mali,180,,https://media.api-sports.io/football/players/428504.png,Attacker,10.0,1.0,168.0,6.47,0.0,0.0,3.0,,50.0,2.0,76.0,4.0,,1.0,4.0,1.0,25.0,8.0,2.0,4.0,0.0,0.0
61,Ligue 1,2025,83,Nantes,443674,Louis Leroux,Louis,Leroux,19.0,France,184,75,https://media.api-sports.io/football/players/443674.png,Midfielder,23.0,16.0,1443.0,6.63,1.0,1.0,6.0,3.0,457.0,16.0,74.0,37.0,2.0,4.0,29.0,11.0,134.0,71.0,14.0,12.0,2.0,0.0
61,Ligue 1,2025,83,Nantes,443676,Bahereba Guirassy,Bahereba,Guirassy,19.0,Guinea,177,66,https://media.api-sports.io/football/players/443676.png,Midfielder,20.0,9.0,827.0,6.66,2.0,1.0,11.0,7.0,201.0,7.0,66.0,21.0,1.0,5.0,38.0,9.0,135.0,52.0,9.0,15.0,2.0,0.0
61,Ligue 1,2025,83,Nantes,522609,T. Tati,Tylel,Tati,17.0,France,190,79,https://media.api-sports.io/football/players/522609.png,Defender,20.0,20.0,1724.0,6.46,0.0,0.0,,,950.0,1.0,88.0,19.0,15.0,17.0,11.0,8.0,96.0,54.0,15.0,23.0,5.0,1.0
61,Ligue 1,2025,85,Paris Saint Germain,9,A. Hakimi,Achraf,Hakimi Mouh,27.0,Morocco,181,73,https://media.api-sports.io/football/players/9.png,Defender,18.0,15.0,1374.0,6.79,2.0,2.0,20.0,9.0,1274.0,21.0,91.0,18.0,1.0,11.0,33.0,8.0,114.0,47.0,17.0,9.0,3.0,1.0
61,Ligue 1,2025,85,Paris Saint Germain,33,L. Hernández,Lucas François Bernard,Hernández,29.0,France,184,79,https://media.api-sports.io/football/players/33.png,Defender,25.0,20.0,1751.0,7.07,0.0,3.0,8.0,3.0,1636.0,15.0,91.0,25.0,7.0,19.0,8.0,3.0,127.0,73.0,19.0,22.0,4.0,0.0
61,Ligue 1,2025,85,Paris Saint Germain,153,O. Dembélé,Masour Ousmane,Dembélé,28.0,France,178,67,https://media.api-sports.io/football/players/153.png,Attacker,22.0,11.0,1062.0,7.41,10.0,7.0,38.0,18.0,745.0,41.0,83.0,6.0,,,39.0,24.0,73.0,36.0,4.0,3.0,0.0,0.0
61,Ligue 1,2025,85,Paris Saint Germain,257,Marquinhos,Marcos,Aoás Corrêa,31.0,Brazil,183,75,https://media.api-sports.io/football/players/257.png,Defender,14.0,11.0,1049.0,7.27,0.0,0.0,1.0,,938.0,2.0,95.0,15.0,4.0,8.0,2.0,2.0,69.0,41.0,2.0,8.0,0.0,0.0
61,Ligue 1,2025,85,Paris Saint Germain,328,Fabián Ruiz,Fabián,Ruiz Peña,29.0,Spain,189,70,https://media.api-sports.io/football/players/328.png,Midfielder,20.0,13.0,1129.0,7.11,1.0,4.0,13.0,4.0,1212.0,19.0,92.0,17.0,,14.0,11.0,2.0,49.0,24.0,3.0,2.0,2.0,0.0
61,Ligue 1,2025,85,Paris Saint Germain,483,K. Kvaratskhelia,Khvicha,Kvaratskhelia,24.0,Georgia,183,76,https://media.api-sports.io/football/players/483.png,Attacker,28.0,18.0,1483.0,7.24,8.0,4.0,48.0,29.0,892.0,34.0,87.0,24.0,3.0,11.0,76.0,44.0,201.0,101.0,26.0,18.0,1.0,0.0
61,Ligue 1,2025,85,Paris Saint Germain,927,Lee Kang-In,Kang-In,Lee,24.0,Korea Republic,173,66,https://media.api-sports.io/football/players/927.png,Midfielder,27.0,18.0,1522.0,7.04,3.0,4.0,27.0,15.0,1044.0,60.0,91.0,17.0,1.0,3.0,51.0,28.0,148.0,70.0,19.0,18.0,3.0,0.0
61,Ligue 1,2025,85,Paris Saint Germain,2068,M. Safonov,Matvey,Safonov,26.0,Russia,192,82,https://media.api-sports.io/football/players/2068.png,Goalkeeper,15.0,15.0,1350.0,7.23,0.0,0.0,,,363.0,2.0,81.0,,,,,,5.0,5.0,1.0,,0.0,0.0
61,Ligue 1,2025,85,Paris Saint Germain,16367,W. Pacho,Willian Joel,Pacho Tenorio,24.0,Ecuador,188,81,https://media.api-sports.io/football/players/16367.png,Defender,23.0,21.0,1915.0,6.98,0.0,0.0,6.0,1.0,1693.0,2.0,95.0,40.0,10.0,24.0,2.0,1.0,131.0,83.0,7.0,6.0,0.0,0.0
61,Ligue 1,2025,83,Nantes,20655,J. Duverne,Jean-Kévin,Duverne,28.0,France,184,71,https://media.api-sports.io/football/players/20655.png,Defender,0.0,0.0,,,0.0,0.0,,,,,,,,,,,,,,,0.0,0.0
61,Ligue 1,2025,85,Paris Saint Germain,41585,Gonçalo Ramos,Gonçalo,Matias Ramos,24.0,Portugal,185,79,https://media.api-sports.io/football/players/41585.png,Attacker,30.0,13.0,1320.0,6.61,6.0,1.0,45.0,25.0,340.0,17.0,83.0,13.0,,5.0,37.0,17.0,165.0,74.0,23.0,24.0,3.0,0.0
61,Ligue 1,2025,85,Paris Saint Germain,128384,Vitinha,Vítor,Machado Ferreira,25.0,Portugal,172,64,https://media.api-sports.io/football/players/128384.png,Midfielder,29.0,24.0,2121.0,7.58,1.0,7.0,24.0,10.0,2743.0,34.0,93.0,24.0,5.0,27.0,18.0,13.0,105.0,62.0,21.0,14.0,2.0,0.0
61,Ligue 1,2025,85,Paris Saint Germain,161671,I. Zabarnyi,Illia,Zabarnyi,23.0,Ukraine,189,80,https://media.api-sports.io/football/players/161671.png,Defender,28.0,26.0,2387.0,7.15,1.0,0.0,3.0,3.0,2212.0,4.0,94.0,32.0,12.0,20.0,6.0,3.0,132.0,77.0,8.0,18.0,6.0,0.0
61,Ligue 1,2025,85,Paris Saint Germain,161904,B. Barcola,Bradley,Barcola,23.0,France,182,73,https://media.api-sports.io/football/players/161904.png,Attacker,29.0,21.0,1750.0,7.21,11.0,1.0,50.0,31.0,721.0,38.0,83.0,30.0,1.0,12.0,87.0,36.0,202.0,86.0,10.0,20.0,2.0,0.0
61,Ligue 1,2025,85,Paris Saint Germain,162453,L. Chevalier,Lucas,Chevalier,24.0,France,189,78,https://media.api-sports.io/football/players/162453.png,Goalkeeper,17.0,17.0,1530.0,6.99,0.0,0.0,,,399.0,,87.0,,,,,,3.0,3.0,1.0,,0.0,0.0
61,Ligue 1,2025,85,Paris Saint Germain,263482,Nuno Mendes,Nuno Alexandre,Tavares Mendes,23.0,Portugal,180,70,https://media.api-sports.io/football/players/263482.png,Defender,20.0,13.0,1251.0,7.3,4.0,5.0,23.0,15.0,957.0,30.0,89.0,25.0,4.0,13.0,51.0,25.0,148.0,83.0,25.0,12.0,1.0,0.0
61,Ligue 1,2025,85,Paris Saint Germain,307835,Beraldo,Lucas,Lopes Beraldo,22.0,Brazil,186,78,https://media.api-sports.io/football/players/307835.png,Defender,20.0,18.0,1570.0,7.26,2.0,1.0,11.0,4.0,1430.0,14.0,93.0,31.0,8.0,21.0,3.0,,138.0,73.0,7.0,15.0,2.0,0.0
61,Ligue 1,2025,85,Paris Saint Germain,336657,W. Zaïre-Emery,Warren,Zaïre-Emery,19.0,France,178,68,https://media.api-sports.io/football/players/336657.png,Defender,32.0,27.0,2453.0,7,3.0,4.0,12.0,7.0,2059.0,42.0,93.0,48.0,7.0,12.0,48.0,30.0,219.0,112.0,17.0,33.0,3.0,0.0
61,Ligue 1,2025,85,Paris Saint Germain,343027,D. Doué,Désiré,Doué,20.0,France,181,79,https://media.api-sports.io/football/players/343027.png,Attacker,23.0,16.0,1356.0,7.14,7.0,4.0,39.0,19.0,849.0,29.0,85.0,32.0,2.0,12.0,72.0,32.0,200.0,93.0,28.0,24.0,0.0,0.0
61,Ligue 1,2025,85,Paris Saint Germain,446249,I. Mbaye,Ibrahim,Mbaye,17.0,France,185,65,https://media.api-sports.io/football/players/446249.png,Attacker,24.0,10.0,997.0,6.77,3.0,2.0,18.0,10.0,570.0,20.0,86.0,14.0,,5.0,55.0,21.0,127.0,53.0,13.0,10.0,0.0,0.0
61,Ligue 1,2025,84,Nice,107,S. Diop,Sofiane,Diop,25.0,France,175,65,https://media.api-sports.io/football/players/107.png,Midfielder,35.0,27.0,2252.0,6.92,8.0,3.0,38.0,17.0,921.0,38.0,78.0,24.0,3.0,21.0,68.0,33.0,250.0,113.0,47.0,23.0,5.0,0.0
61,Ligue 1,2025,84,Nice,4399,H. Boudaoui,Hicham,Boudaoui,26.0,Algeria,175,61,https://media.api-sports.io/football/players/4399.png,Midfielder,26.0,19.0,1705.0,6.8,1.0,2.0,16.0,9.0,700.0,17.0,83.0,27.0,9.0,17.0,31.0,15.0,178.0,95.0,40.0,20.0,6.0,0.0
61,Ligue 1,2025,84,Nice,19250,B. Brahimi,Billal,Brahimi,25.0,Algeria,183,75,https://media.api-sports.io/football/players/19250.png,Attacker,1.0,0.0,8.0,6.6,0.0,0.0,,,3.0,1.0,100.0,,,,,,,,,,0.0,0.0
61,Ligue 1,2025,84,Nice,20566,Y. Diouf,Yehvann,Diouf,26.0,France,188,74,https://media.api-sports.io/football/players/20566.png,Goalkeeper,28.0,28.0,2520.0,6.99,0.0,0.0,,,737.0,,71.0,,,2.0,1.0,1.0,17.0,12.0,5.0,,1.0,0.0
61,Ligue 1,2025,84,Nice,21079,M. Dupé,Maxime,Dupé,32.0,France,188,88,https://media.api-sports.io/football/players/21079.png,Goalkeeper,8.0,8.0,720.0,6.5,0.0,0.0,,,247.0,1.0,65.0,,,,,,3.0,3.0,1.0,,0.0,0.0
61,Ligue 1,2025,84,Nice,25008,J. Clauss,Jonathan,Clauss,33.0,France,178,69,https://media.api-sports.io/football/players/25008.png,Midfielder,32.0,30.0,2710.0,7,2.0,6.0,18.0,7.0,1323.0,70.0,80.0,67.0,6.0,48.0,46.0,27.0,227.0,122.0,18.0,22.0,0.0,0.0
61,Ligue 1,2025,84,Nice,30531,J. Boga,Jérémie,Boga,28.0,Côte d'Ivoire,172,68,https://media.api-sports.io/football/players/30531.png,Attacker,14.0,7.0,645.0,6.77,2.0,2.0,12.0,5.0,198.0,13.0,83.0,4.0,,3.0,26.0,13.0,53.0,29.0,12.0,2.0,0.0,0.0
61,Ligue 1,2025,84,Nice,69971,T. Moffi,Teremas Igobor,Moffi,26.0,Nigeria,188,87,https://media.api-sports.io/football/players/69971.png,Attacker,10.0,6.0,489.0,6.48,2.0,0.0,13.0,8.0,74.0,5.0,71.0,1.0,,,9.0,3.0,38.0,12.0,2.0,2.0,0.0,0.0
61,Ligue 1,2025,84,Nice,105154,I. Jansson,Isak Alexander,Jansson,23.0,Sweden,174,,https://media.api-sports.io/football/players/105154.png,Attacker,24.0,7.0,683.0,6.52,1.0,0.0,14.0,11.0,155.0,8.0,70.0,13.0,,6.0,12.0,4.0,81.0,29.0,8.0,12.0,3.0,0.0
61,Ligue 1,2025,84,Nice,128987,S. Abdul Samed,Salis Abdul,Samed,25.0,Ghana,179,69,https://media.api-sports.io/football/players/128987.png,Midfielder,19.0,12.0,933.0,6.49,0.0,0.0,1.0,,442.0,1.0,91.0,11.0,1.0,10.0,8.0,2.0,79.0,29.0,10.0,19.0,3.0,0.0
61,Ligue 1,2025,84,Nice,162465,M. Bard,Melvin Michel Maxence,Bard,25.0,France,173,65,https://media.api-sports.io/football/players/162465.png,Midfielder,31.0,28.0,2531.0,6.72,2.0,1.0,13.0,5.0,1207.0,16.0,80.0,55.0,14.0,42.0,30.0,19.0,241.0,135.0,28.0,26.0,4.0,0.0
61,Ligue 1,2025,84,Nice,193617,T. Louchet,Tom Alexis,Louchet,22.0,France,176,65,https://media.api-sports.io/football/players/193617.png,Midfielder,28.0,15.0,1467.0,6.79,3.0,3.0,13.0,6.0,572.0,22.0,78.0,39.0,4.0,10.0,28.0,12.0,139.0,72.0,13.0,16.0,1.0,1.0
61,Ligue 1,2025,84,Nice,313937,A. Mendy,Antoine,Mendy,21.0,France,187,75,https://media.api-sports.io/football/players/313937.png,Defender,27.0,26.0,2278.0,6.8,1.0,0.0,13.0,8.0,1307.0,1.0,85.0,59.0,19.0,19.0,17.0,6.0,260.0,156.0,26.0,34.0,5.0,0.0
61,Ligue 1,2025,84,Nice,334879,B. Bouanani,Badredine,Bouanani,21.0,Algeria,177,68,https://media.api-sports.io/football/players/334879.png,Attacker,2.0,1.0,93.0,6.7,0.0,0.0,1.0,,47.0,1.0,78.0,,,1.0,4.0,1.0,9.0,3.0,2.0,,0.0,0.0
61,Ligue 1,2025,84,Nice,404172,K. Peprah Oppong,Kojo,Peprah Oppong,21.0,Ghana,,,https://media.api-sports.io/football/players/404172.png,Defender,31.0,30.0,2608.0,6.82,1.0,0.0,7.0,3.0,1566.0,6.0,92.0,49.0,18.0,28.0,17.0,12.0,228.0,143.0,30.0,31.0,4.0,0.0
61,Ligue 1,2025,84,Nice,417914,H. Koutoune,Hamza,Koutoune,19.0,Morocco,177,,https://media.api-sports.io/football/players/417914.png,Defender,1.0,0.0,1.0,,0.0,0.0,,,5.0,,100.0,,,,,,,,,,0.0,0.0
61,Ligue 1,2025,84,Nice,449509,Abdulay Bah,Abdulai Juma,Bah,19.0,Sierra Leone,195,80,https://media.api-sports.io/football/players/449509.png,Defender,28.0,23.0,2063.0,6.79,0.0,0.0,7.0,2.0,1241.0,6.0,91.0,35.0,29.0,29.0,13.0,9.0,191.0,103.0,7.0,27.0,7.0,0.0
61,Ligue 1,2025,84,Nice,503702,Bernard Nguene,Bernard,Nguene,19.0,Cameroon,178,70,https://media.api-sports.io/football/players/503702.png,Attacker,6.0,0.0,133.0,6.47,0.0,0.0,3.0,,33.0,,75.0,4.0,,3.0,3.0,1.0,23.0,13.0,2.0,3.0,1.0,0.0
61,Ligue 1,2025,84,Nice,504157,D. Coulibaly,Djibril,Coulibaly,17.0,France,173,76,https://media.api-sports.io/football/players/504157.png,Midfielder,4.0,1.0,125.0,6.65,0.0,0.0,,,44.0,1.0,88.0,3.0,1.0,3.0,1.0,1.0,10.0,5.0,,2.0,0.0,0.0
61,Ligue 1,2025,96,Toulouse,102,D. Sidibé,Djibril,Sidibé,33.0,France,182,71,https://media.api-sports.io/football/players/102.png,Defender,33.0,26.0,2175.0,6.75,3.0,4.0,7.0,5.0,912.0,16.0,79.0,49.0,4.0,18.0,19.0,9.0,169.0,92.0,14.0,30.0,1.0,0.0
61,Ligue 1,2025,96,Toulouse,15793,R. Nicolaisen,Rasmus,Schmidt Nicolaisen,28.0,Denmark,191,81,https://media.api-sports.io/football/players/15793.png,Defender,33.0,31.0,2585.0,6.75,1.0,0.0,13.0,5.0,1224.0,2.0,86.0,25.0,22.0,43.0,3.0,3.0,198.0,123.0,21.0,29.0,4.0,0.0
61,Ligue 1,2025,96,Toulouse,39104,K. Haug,Christian Kjetil,Haug,27.0,Norway,190,83,https://media.api-sports.io/football/players/39104.png,Goalkeeper,1.0,0.0,30.0,6.3,0.0,0.0,,,11.0,,54.0,,,,,,,,,,0.0,0.0
61,Ligue 1,2025,96,Toulouse,39115,A. Dønnum,Aron Leonard,Dønnum,27.0,Norway,179,73,https://media.api-sports.io/football/players/39115.png,Midfielder,28.0,28.0,2424.0,7.21,4.0,4.0,29.0,14.0,1007.0,62.0,78.0,46.0,3.0,27.0,55.0,25.0,256.0,112.0,38.0,41.0,9.0,0.0
61,Ligue 1,2025,96,Toulouse,50735,M. McKenzie,Mark Irwin Robert Alexander,McKenzie,26.0,USA,184,83,https://media.api-sports.io/football/players/50735.png,Defender,30.0,28.0,2422.0,6.81,0.0,2.0,4.0,1.0,1166.0,19.0,86.0,45.0,13.0,24.0,7.0,6.0,181.0,101.0,12.0,35.0,7.0,1.0
61,Ligue 1,2025,96,Toulouse,84128,Y. Gboho,Gnantin Yann,Gboho,24.0,France,178,63,https://media.api-sports.io/football/players/84128.png,Attacker,32.0,31.0,2625.0,7.11,8.0,3.0,34.0,16.0,808.0,57.0,81.0,26.0,1.0,14.0,155.0,77.0,366.0,174.0,69.0,16.0,1.0,1.0
61,Ligue 1,2025,96,Toulouse,174724,F. Magri,Frank,Magri,26.0,France,178,75,https://media.api-sports.io/football/players/174724.png,Attacker,17.0,16.0,1264.0,6.74,5.0,1.0,25.0,12.0,203.0,14.0,73.0,8.0,1.0,3.0,22.0,10.0,191.0,78.0,22.0,28.0,3.0,0.0
61,Ligue 1,2025,96,Toulouse,264383,W. Kamanzi,Warren Håkon Christofer,Kamanzi,25.0,Norway,177,70,https://media.api-sports.io/football/players/264383.png,Defender,24.0,7.0,865.0,6.68,1.0,1.0,6.0,2.0,292.0,8.0,87.0,19.0,2.0,8.0,20.0,13.0,77.0,42.0,8.0,8.0,1.0,0.0
61,Ligue 1,2025,96,Toulouse,278392,C. Cresswell,Charlie Richard,Cresswell,23.0,England,187,74,https://media.api-sports.io/football/players/278392.png,Defender,29.0,28.0,2533.0,6.96,3.0,2.0,31.0,12.0,1409.0,11.0,85.0,26.0,30.0,28.0,1.0,1.0,296.0,171.0,15.0,31.0,8.0,0.0
61,Ligue 1,2025,96,Toulouse,304140,M. Sauer,Mário,Sauer,21.0,Slovakia,182,,https://media.api-sports.io/football/players/304140.png,Midfielder,25.0,6.0,683.0,6.58,1.0,0.0,8.0,3.0,240.0,3.0,77.0,11.0,2.0,10.0,7.0,3.0,53.0,24.0,3.0,12.0,4.0,0.0
61,Ligue 1,2025,96,Toulouse,325346,G. Restes,Guillaume,Restes,20.0,France,188,82,https://media.api-sports.io/football/players/325346.png,Goalkeeper,34.0,34.0,2957.0,6.81,0.0,0.0,,,828.0,1.0,66.0,,,1.0,,,14.0,12.0,8.0,,3.0,0.0
61,Ligue 1,2025,96,Toulouse,362741,S. Hidalgo,Santiago,Hidalgo Massa,20.0,Argentina,174,71,https://media.api-sports.io/football/players/362741.png,Attacker,29.0,15.0,1328.0,6.68,4.0,6.0,25.0,13.0,284.0,12.0,74.0,38.0,1.0,7.0,42.0,11.0,255.0,94.0,30.0,41.0,4.0,0.0
61,Ligue 1,2025,96,Toulouse,412759,J. Canvot,Jaydee,Canvot,19.0,France,188,75,https://media.api-sports.io/football/players/412759.png,Midfielder,2.0,2.0,180.0,7.1,0.0,0.0,2.0,,106.0,,91.0,2.0,2.0,,3.0,2.0,12.0,7.0,,1.0,1.0,0.0
61,Ligue 1,2025,96,Toulouse,430816,N. Edjouma,Noah,Edjouma,20.0,France,181,73,https://media.api-sports.io/football/players/430816.png,Attacker,12.0,2.0,267.0,6.58,0.0,0.0,5.0,3.0,63.0,6.0,69.0,5.0,,3.0,22.0,9.0,51.0,20.0,4.0,4.0,0.0,0.0
61,Ligue 1,2025,79,Lille,430816,N. Edjouma,Noah,Edjouma,20.0,France,181,73,https://media.api-sports.io/football/players/430816.png,Midfielder,3.0,1.0,98.0,6.53,0.0,0.0,1.0,,28.0,1.0,71.0,6.0,,,2.0,1.0,20.0,10.0,2.0,1.0,0.0,0.0
61,Ligue 1,2025,96,Toulouse,449543,T. Garondo,Thibaud-Dorian,Garondo,19.0,France,,,https://media.api-sports.io/football/players/449543.png,Defender,0.0,0.0,,,0.0,0.0,,,,,,,,,,,,,,,0.0,0.0
61,Ligue 1,2025,96,Toulouse,452697,D. Methalie,Dayann,Methalie,19.0,France,186,70,https://media.api-sports.io/football/players/452697.png,Midfielder,28.0,23.0,1899.0,6.53,2.0,1.0,12.0,7.0,475.0,9.0,79.0,54.0,3.0,25.0,79.0,28.0,263.0,105.0,11.0,57.0,9.0,0.0
61,Ligue 1,2025,96,Toulouse,489905,S. Koumbassa,Seny,Koumbassa,18.0,France,187,,https://media.api-sports.io/football/players/489905.png,Defender,10.0,5.0,458.0,6.64,1.0,0.0,3.0,1.0,167.0,,85.0,9.0,2.0,3.0,,,20.0,13.0,,2.0,0.0,0.0
61,Ligue 1,2025,96,Toulouse,492727,E. Faty,Enzo,Faty,18.0,France,,,https://media.api-sports.io/football/players/492727.png,Attacker,0.0,0.0,,,0.0,0.0,,,,,,,,,,,,,,,0.0,0.0
61,Ligue 1,2025,96,Toulouse,514464,A. Vossah,Alexis,Vossah,17.0,France,181,69,https://media.api-sports.io/football/players/514464.png,Midfielder,23.0,12.0,1093.0,6.43,1.0,1.0,6.0,2.0,374.0,7.0,80.0,11.0,2.0,8.0,6.0,4.0,85.0,41.0,10.0,18.0,5.0,1.0
61,Ligue 1,2025,96,Toulouse,551200,M. Saka,,,19.0,,,,https://media.api-sports.io/football/players/551200.png,Midfielder,1.0,0.0,8.0,6.3,0.0,0.0,,,5.0,,40.0,,,,,,1.0,,,1.0,0.0,0.0
61,Ligue 1,2025,94,Rennes,3007,P. Frankowski,Przemysław Adam,Frankowski,30.0,Poland,175,70,https://media.api-sports.io/football/players/3007.png,Defender,19.0,15.0,1215.0,6.96,1.0,2.0,6.0,3.0,652.0,31.0,82.0,40.0,1.0,8.0,7.0,4.0,105.0,61.0,10.0,13.0,5.0,0.0
61,Ligue 1,2025,94,Rennes,15286,Mousa Tamari,Mousa Mohammad Mousa,Sulaiman Al Tamari,28.0,Jordan,175,72,https://media.api-sports.io/football/players/15286.png,Attacker,33.0,25.0,2224.0,6.9,6.0,6.0,46.0,23.0,639.0,34.0,81.0,27.0,2.0,11.0,93.0,33.0,230.0,88.0,27.0,17.0,4.0,0.0
61,Ligue 1,2025,94,Rennes,20916,C. Wooh,Christopher Maurice,Wooh,24.0,Cameroon,191,92,https://media.api-sports.io/football/players/20916.png,Defender,2.0,1.0,64.0,5,0.0,0.0,,,19.0,,94.0,,,,1.0,1.0,2.0,1.0,,1.0,0.0,1.0
61,Ligue 1,2025,94,Rennes,21102,V. Rongier,Valentin,Rongier,31.0,France,172,67,https://media.api-sports.io/football/players/21102.png,Midfielder,31.0,31.0,2745.0,7.24,2.0,5.0,16.0,10.0,2042.0,44.0,89.0,74.0,10.0,39.0,34.0,19.0,283.0,150.0,26.0,48.0,6.0,0.0
61,Ligue 1,2025,94,Rennes,21497,L. Blas,Ludovic Régis,Arsène Blas,28.0,France,180,70,https://media.api-sports.io/football/players/21497.png,Midfielder,32.0,15.0,1548.0,6.86,5.0,4.0,30.0,14.0,648.0,48.0,83.0,21.0,2.0,17.0,53.0,27.0,194.0,81.0,27.0,24.0,0.0,0.0
61,Ligue 1,2025,94,Rennes,21628,B. Samba,Brice Lauriche,Samba,31.0,France,187,90,https://media.api-sports.io/football/players/21628.png,Goalkeeper,32.0,32.0,2880.0,6.96,0.0,0.0,,,1184.0,2.0,77.0,2.0,,,,,16.0,13.0,7.0,1.0,5.0,0.0
61,Ligue 1,2025,94,Rennes,24147,M. Camara,Mahdi,Camara,27.0,France,178,73,https://media.api-sports.io/football/players/24147.png,Midfielder,32.0,31.0,2660.0,6.67,3.0,1.0,23.0,12.0,1173.0,23.0,88.0,62.0,9.0,32.0,62.0,25.0,272.0,140.0,28.0,39.0,5.0,1.0
61,Ligue 1,2025,94,Rennes,30807,S. Fofana,Seko Mohamed,Fofana,30.0,Côte d'Ivoire,183,74,https://media.api-sports.io/football/players/30807.png,Midfielder,12.0,7.0,668.0,6.85,1.0,0.0,8.0,3.0,360.0,11.0,91.0,3.0,1.0,4.0,20.0,12.0,60.0,36.0,13.0,3.0,0.0,0.0
61,Ligue 1,2025,94,Rennes,50104,D. Alemdar,Doğan,Alemdar,23.0,Türkiye,192,78,https://media.api-sports.io/football/players/50104.png,Goalkeeper,0.0,0.0,,,0.0,0.0,,,,,,,,,,,,,,,0.0,0.0
61,Ligue 1,2025,94,Rennes,129681,A. Rouault,Anthony,Rouault,24.0,France,186,77,https://media.api-sports.io/football/players/129681.png,Defender,21.0,19.0,1724.0,7.06,1.0,0.0,6.0,3.0,1199.0,6.0,88.0,25.0,20.0,19.0,4.0,3.0,157.0,81.0,8.0,26.0,5.0,0.0
61,Ligue 1,2025,94,Rennes,163032,F. Rieder,Fabian,Rieder,23.0,Switzerland,179,74,https://media.api-sports.io/football/players/163032.png,Midfielder,3.0,2.0,139.0,6.3,0.0,0.0,1.0,,34.0,2.0,82.0,3.0,1.0,2.0,1.0,,18.0,5.0,1.0,2.0,0.0,0.0
61,Ligue 1,2025,94,Rennes,272460,Q. Merlin,Quentin,Merlin,23.0,France,174,68,https://media.api-sports.io/football/players/272460.png,Defender,33.0,27.0,2532.0,6.92,1.0,5.0,14.0,7.0,1350.0,47.0,78.0,56.0,12.0,35.0,32.0,16.0,218.0,114.0,30.0,22.0,2.0,0.0
61,Ligue 1,2025,94,Rennes,328074,J. James,Jordan Anthony,James,21.0,Wales,182,68,https://media.api-sports.io/football/players/328074.png,Midfielder,0.0,0.0,,,0.0,0.0,,,,,,,,,,,,,,,0.0,0.0
61,Ligue 1,2025,94,Rennes,367636,J. Jacquet,Jérémy,Jacquet,20.0,France,188,77,https://media.api-sports.io/football/players/367636.png,Defender,19.0,19.0,1673.0,7.03,0.0,0.0,8.0,3.0,1076.0,9.0,90.0,27.0,16.0,19.0,8.0,4.0,120.0,81.0,17.0,20.0,5.0,0.0
61,Ligue 1,2025,94,Rennes,375000,I. Salah,Ibrahim,Salah,24.0,Morocco,185,72,https://media.api-sports.io/football/players/375000.png,Attacker,2.0,0.0,40.0,6.45,0.0,0.0,,,22.0,,100.0,1.0,,,,,7.0,4.0,2.0,,0.0,0.0
61,Ligue 1,2025,94,Rennes,417830,A. Ait Boudlal,Abdelhamid,Aït Boudlal,19.0,Morocco,190,78,https://media.api-sports.io/football/players/417830.png,Defender,20.0,17.0,1415.0,6.88,2.0,1.0,12.0,4.0,820.0,1.0,88.0,22.0,17.0,19.0,18.0,10.0,142.0,80.0,10.0,14.0,3.0,1.0
61,Ligue 1,2025,94,Rennes,438281,M. Nagida,Mahamadou Aboubakar,Nagida,20.0,Cameroon,176,63,https://media.api-sports.io/football/players/438281.png,Defender,19.0,7.0,810.0,6.6,0.0,0.0,9.0,3.0,508.0,5.0,83.0,20.0,3.0,18.0,19.0,12.0,109.0,57.0,11.0,14.0,2.0,0.0
61,Ligue 1,2025,94,Rennes,449662,M. Meïté,Mohamed Kader,Meïté,18.0,France,191,76,https://media.api-sports.io/football/players/449662.png,Attacker,17.0,6.0,530.0,6.74,3.0,2.0,14.0,7.0,83.0,5.0,65.0,3.0,1.0,1.0,11.0,6.0,66.0,33.0,4.0,12.0,0.0,0.0
61,Ligue 1,2025,81,Marseille,6,L. Balerdi,Leonardo Julián,Balerdi Rosa,26.0,Argentina,187,76,https://media.api-sports.io/football/players/6.png,Defender,26.0,21.0,1998.0,6.91,0.0,1.0,17.0,5.0,1496.0,5.0,92.0,49.0,11.0,27.0,16.0,10.0,210.0,120.0,21.0,23.0,5.0,0.0
61,Ligue 1,2025,81,Marseille,272,A. Rabiot,Adrien Thibault Marie,Rabiot-Provost,30.0,France,188,72,https://media.api-sports.io/football/players/272.png,Midfielder,1.0,1.0,90.0,6.3,0.0,0.0,1.0,,41.0,4.0,95.0,,,,1.0,,5.0,1.0,1.0,2.0,1.0,0.0
61,Ligue 1,2025,81,Marseille,412,A. Harit,Amine,Harit,28.0,Morocco,180,67,https://media.api-sports.io/football/players/412.png,Midfielder,0.0,0.0,,,0.0,0.0,,,,,,,,,,,,,,,0.0,0.0
61,Ligue 1,2025,81,Marseille,896,A. Gomes,Adilson Angel,Abreu de Almeida Gomes,25.0,England,168,56,https://media.api-sports.io/football/players/896.png,Midfielder,14.0,12.0,892.0,6.87,3.0,0.0,9.0,5.0,582.0,18.0,90.0,10.0,,4.0,9.0,6.0,73.0,33.0,12.0,19.0,4.0,0.0
61,Ligue 1,2025,81,Marseille,897,M. Greenwood,Mason Will John,Greenwood,24.0,England,181,70,https://media.api-sports.io/football/players/897.png,Attacker,32.0,29.0,2469.0,7.37,16.0,7.0,86.0,48.0,1251.0,61.0,81.0,15.0,1.0,4.0,105.0,54.0,229.0,105.0,34.0,22.0,4.0,0.0
61,Ligue 1,2025,81,Marseille,926,G. Kondogbia,Geoffrey Edwin,Kondogbia,32.0,Central African Republic,188,80,https://media.api-sports.io/football/players/926.png,Defender,10.0,9.0,593.0,6.98,0.0,0.0,3.0,1.0,432.0,2.0,87.0,14.0,5.0,10.0,6.0,6.0,64.0,37.0,8.0,12.0,3.0,0.0
61,Ligue 1,2025,81,Marseille,943,U. Garcia,Ulisses Alexandre,Garcia Lopes,29.0,Switzerland,182,73,https://media.api-sports.io/football/players/943.png,Defender,4.0,2.0,211.0,6.33,0.0,0.0,2.0,1.0,84.0,1.0,91.0,3.0,2.0,,3.0,1.0,17.0,7.0,2.0,4.0,1.0,1.0
61,Ligue 1,2025,81,Marseille,1138,T. Weah,Timothy,Tarpeh Weah,25.0,USA,183,66,https://media.api-sports.io/football/players/1138.png,Attacker,29.0,26.0,2263.0,6.76,2.0,2.0,20.0,10.0,1019.0,29.0,85.0,48.0,4.0,17.0,38.0,15.0,188.0,96.0,18.0,32.0,5.0,0.0
61,Ligue 1,2025,81,Marseille,1465,P. Aubameyang,Pierre-Emerick Emiliano Franço,Aubameyang,36.0,Gabon,187,80,https://media.api-sports.io/football/players/1465.png,Attacker,30.0,23.0,2046.0,6.94,10.0,5.0,53.0,34.0,443.0,26.0,81.0,8.0,,5.0,20.0,11.0,121.0,48.0,16.0,19.0,1.0,0.0
61,Ligue 1,2025,81,Marseille,2735,P. Højbjerg,Pierre-Emile Kordt,Højbjerg,30.0,Denmark,185,84,https://media.api-sports.io/football/players/2735.png,Midfielder,32.0,30.0,2715.0,7.2,4.0,5.0,35.0,14.0,2230.0,42.0,89.0,38.0,6.0,27.0,31.0,17.0,250.0,130.0,45.0,38.0,4.0,0.0
61,Ligue 1,2025,81,Marseille,2973,A. Murillo,Michael Amir,Murillo Bermúdez,29.0,Panama,184,75,https://media.api-sports.io/football/players/2973.png,Midfielder,16.0,11.0,988.0,6.71,2.0,1.0,7.0,2.0,486.0,11.0,86.0,21.0,2.0,6.0,19.0,8.0,112.0,55.0,16.0,22.0,4.0,0.0
61,Ligue 1,2025,81,Marseille,36827,J. de Lange,Jeffrey,de Lange,27.0,Netherlands,191,80,https://media.api-sports.io/football/players/36827.png,Goalkeeper,5.0,5.0,450.0,6.64,0.0,0.0,,,137.0,1.0,81.0,,,,,,1.0,,,,0.0,0.0
61,Ligue 1,2025,81,Marseille,47296,G. Rulli,Gerónimo,Rulli,33.0,Argentina,189,84,https://media.api-sports.io/football/players/47296.png,Goalkeeper,29.0,29.0,2610.0,7.07,0.0,0.0,1.0,,890.0,1.0,80.0,2.0,,,1.0,1.0,30.0,26.0,14.0,1.0,3.0,0.0
61,Ligue 1,2025,81,Marseille,51295,D. Cornelius,Derek Austin,Cornelius,28.0,Canada,188,86,https://media.api-sports.io/football/players/51295.png,Defender,2.0,0.0,57.0,6.9,0.0,0.0,,,14.0,,85.0,,2.0,1.0,,,3.0,2.0,2.0,,0.0,0.0
61,Ligue 1,2025,81,Marseille,85041,A. Gouiri,Amine Ferid,Gouiri,25.0,France,180,72,https://media.api-sports.io/football/players/85041.png,Attacker,22.0,15.0,1328.0,6.96,8.0,3.0,27.0,17.0,412.0,32.0,83.0,12.0,1.0,3.0,48.0,19.0,142.0,55.0,16.0,17.0,1.0,0.0
61,Ligue 1,2025,81,Marseille,181827,C. Egan-Riley,Conrad Jaden,Egan-Riley,22.0,England,183,70,https://media.api-sports.io/football/players/181827.png,Defender,11.0,8.0,626.0,6.67,0.0,0.0,,,523.0,2.0,92.0,10.0,4.0,1.0,3.0,1.0,45.0,26.0,5.0,5.0,1.0,1.0
61,Ligue 1,2025,81,Marseille,278095,J. Rowe,Jonathan David Henry,Rowe,22.0,England,178,74,https://media.api-sports.io/football/players/278095.png,Attacker,1.0,1.0,63.0,6.2,0.0,0.0,4.0,,24.0,,79.0,,,1.0,1.0,,7.0,2.0,2.0,2.0,0.0,0.0
61,Ligue 1,2025,81,Marseille,283216,B. Nadir,Bilal,Nadir,22.0,France,172,65,https://media.api-sports.io/football/players/283216.png,Midfielder,20.0,5.0,596.0,6.59,0.0,4.0,4.0,1.0,371.0,12.0,90.0,17.0,1.0,7.0,6.0,4.0,77.0,27.0,4.0,24.0,5.0,0.0
61,Ligue 1,2025,81,Marseille,435482,R. Vaz,Robinio,Vaz,18.0,France,185,75,https://media.api-sports.io/football/players/435482.png,Attacker,14.0,3.0,393.0,6.78,4.0,2.0,8.0,6.0,70.0,6.0,77.0,5.0,,2.0,3.0,1.0,50.0,20.0,9.0,8.0,2.0,0.0
61,Ligue 1,2025,81,Marseille,455245,D. Bakola,Darryl,Bakola,18.0,France,178,70,https://media.api-sports.io/football/players/455245.png,Midfielder,8.0,0.0,90.0,6.47,0.0,0.0,2.0,1.0,44.0,1.0,84.0,2.0,,,2.0,1.0,19.0,8.0,4.0,4.0,0.0,0.0
61,Ligue 1,2025,79,Lille,264,T. Meunier,Thomas André A.,Meunier,34.0,Belgium,190,78,https://media.api-sports.io/football/players/264.png,Defender,25.0,21.0,1915.0,6.87,2.0,2.0,13.0,5.0,1026.0,18.0,82.0,31.0,2.0,16.0,20.0,12.0,135.0,63.0,3.0,29.0,3.0,0.0
61,Ligue 1,2025,79,Lille,1567,A. Mandi,Aïssa,Mandi,34.0,Algeria,184,78,https://media.api-sports.io/football/players/1567.png,Defender,29.0,28.0,2435.0,7.25,1.0,0.0,9.0,4.0,1902.0,10.0,91.0,33.0,15.0,44.0,6.0,4.0,143.0,96.0,17.0,17.0,8.0,0.0
61,Ligue 1,2025,111,Le Havre,2336,L. Négo,Loïc,Négo,34.0,Hungary,181,71,https://media.api-sports.io/football/players/2336.png,Defender,30.0,26.0,2347.0,6.81,0.0,0.0,13.0,3.0,987.0,14.0,77.0,52.0,8.0,33.0,26.0,13.0,172.0,102.0,18.0,18.0,3.0,0.0
61,Ligue 1,2025,112,Metz,20529,G. Hein,Gauthier,Hein,29.0,France,170,65,https://media.api-sports.io/football/players/20529.png,Midfielder,29.0,26.0,2354.0,6.99,8.0,7.0,26.0,13.0,1435.0,58.0,89.0,18.0,2.0,8.0,22.0,9.0,148.0,51.0,17.0,15.0,2.0,0.0
61,Ligue 1,2025,111,Le Havre,21103,A. Touré,Abdoulaye,Touré,31.0,France,188,84,https://media.api-sports.io/football/players/21103.png,Midfielder,11.0,8.0,741.0,6.91,2.0,0.0,8.0,4.0,297.0,3.0,87.0,12.0,4.0,9.0,9.0,3.0,72.0,39.0,17.0,13.0,2.0,0.0
61,Ligue 1,2025,116,Lens,21635,J. Gradit,Jonathan,Gradit,33.0,France,180,75,https://media.api-sports.io/football/players/21635.png,Defender,10.0,10.0,809.0,6.72,0.0,0.0,1.0,,473.0,2.0,91.0,17.0,9.0,16.0,5.0,3.0,76.0,43.0,9.0,15.0,2.0,1.0
61,Ligue 1,2025,81,Marseille,30525,Pol Lirola,Pol Mikel,Lirola Kosok,28.0,Spain,183,70,https://media.api-sports.io/football/players/30525.png,Defender,3.0,0.0,42.0,6.37,0.0,0.0,,,12.0,1.0,83.0,,,1.0,2.0,,12.0,5.0,2.0,1.0,0.0,0.0
61,Ligue 1,2025,79,Lille,48392,E. Zhegrova,Edon,Zhegrova,26.0,Kosovo,181,66,https://media.api-sports.io/football/players/48392.png,Midfielder,0.0,0.0,,,0.0,0.0,,,,,,,,,,,,,,,0.0,0.0
61,Ligue 1,2025,80,Lyon,61142,D. Greif,Dominik,Greif,28.0,Slovakia,197,82,https://media.api-sports.io/football/players/61142.png,Goalkeeper,29.0,29.0,2610.0,7.03,0.0,1.0,,,939.0,2.0,78.0,2.0,,,,,14.0,13.0,5.0,,1.0,0.0
61,Ligue 1,2025,81,Marseille,129672,T. Vermot,Théo,Vermot,28.0,France,190,75,https://media.api-sports.io/football/players/129672.png,Goalkeeper,0.0,0.0,,,0.0,0.0,,,,,,,,,,,,,,,0.0,0.0
61,Ligue 1,2025,91,Monaco,138835,F. Balogun,Folarin Jerry,Balogun,24.0,USA,178,66,https://media.api-sports.io/football/players/138835.png,Attacker,30.0,26.0,2245.0,6.77,13.0,4.0,60.0,32.0,406.0,24.0,73.0,5.0,2.0,4.0,33.0,14.0,220.0,80.0,37.0,43.0,4.0,1.0
61,Ligue 1,2025,94,Rennes,196187,A. Seidu,Alidu,Seidu,25.0,Ghana,173,68,https://media.api-sports.io/football/players/196187.png,Defender,21.0,13.0,1185.0,6.88,0.0,1.0,5.0,1.0,757.0,8.0,91.0,35.0,2.0,17.0,14.0,7.0,139.0,87.0,31.0,16.0,1.0,0.0
61,Ligue 1,2025,94,Rennes,237249,M. Faye,Mikayil Ngor,Faye,21.0,Senegal,186,81,https://media.api-sports.io/football/players/237249.png,Defender,1.0,0.0,12.0,6.6,0.0,0.0,,,9.0,,77.0,,,,,,1.0,1.0,,,0.0,0.0
61,Ligue 1,2025,116,Lens,277306,M. Sangaré,Mamadou,Sangaré,23.0,Mali,178,63,https://media.api-sports.io/football/players/277306.png,Midfielder,29.0,27.0,2327.0,7.12,3.0,4.0,34.0,14.0,1452.0,38.0,86.0,86.0,5.0,40.0,57.0,32.0,336.0,190.0,43.0,35.0,5.0,0.0
61,Ligue 1,2025,111,Le Havre,339416,A. Thiare,Aliou,Thiare,22.0,Senegal,197,,https://media.api-sports.io/football/players/339416.png,Defender,0.0,0.0,,,0.0,0.0,,,,,,,,,,,,,,,0.0,0.0
61,Ligue 1,2025,94,Rennes,361462,M. Silistrie,Mathys,Silistrie,20.0,France,,,https://media.api-sports.io/football/players/361462.png,Goalkeeper,2.0,2.0,180.0,6.4,0.0,0.0,,,57.0,,87.0,,,,,,,,,,0.0,0.0
61,Ligue 1,2025,112,Metz,384683,I. Guerti,Ismaël,Guerti,21.0,Morocco,178,,https://media.api-sports.io/football/players/384683.png,Midfielder,3.0,0.0,35.0,6.37,0.0,0.0,,,22.0,,86.0,2.0,,1.0,2.0,1.0,6.0,3.0,,,0.0,0.0
61,Ligue 1,2025,94,Rennes,399890,N. Mukiele,Nordan,Mukiele,19.0,France,,,https://media.api-sports.io/football/players/399890.png,Attacker,8.0,0.0,106.0,6.59,1.0,0.0,1.0,1.0,47.0,1.0,85.0,1.0,,,3.0,2.0,20.0,6.0,2.0,4.0,0.0,0.0
61,Ligue 1,2025,112,Metz,404588,C. Melieres,Cleo,Melieres,20.0,France,,,https://media.api-sports.io/football/players/404588.png,Defender,2.0,0.0,30.0,5.7,0.0,0.0,,,12.0,,91.0,,,,,,1.0,,,1.0,1.0,0.0
61,Ligue 1,2025,97,Lorient,437776,A. Faye,Abdoulaye,Faye,21.0,Senegal,,,https://media.api-sports.io/football/players/437776.png,Defender,17.0,16.0,1446.0,6.63,0.0,0.0,7.0,2.0,834.0,2.0,87.0,32.0,6.0,28.0,10.0,7.0,147.0,85.0,14.0,25.0,8.0,0.0
61,Ligue 1,2025,114,Paris FC,120,W. Geubbels,Willem Davnis Louis Didier,Geubbels,24.0,France,185,81,https://media.api-sports.io/football/players/120.png,Attacker,24.0,12.0,1019.0,6.56,5.0,0.0,26.0,9.0,209.0,7.0,69.0,3.0,3.0,6.0,7.0,1.0,116.0,38.0,3.0,19.0,0.0,0.0
61,Ligue 1,2025,114,Paris FC,1800,K. Trapp,Kevin Christian,Trapp,35.0,Germany,189,84,https://media.api-sports.io/football/players/1800.png,Goalkeeper,22.0,22.0,1980.0,6.93,0.0,0.0,,,813.0,,69.0,,,1.0,,,7.0,7.0,5.0,,2.0,0.0
61,Ligue 1,2025,114,Paris FC,8474,T. De Smet,Thibault,De Smet,27.0,Belgium,183,65,https://media.api-sports.io/football/players/8474.png,Defender,17.0,13.0,1147.0,6.48,0.0,1.0,3.0,,551.0,5.0,84.0,23.0,2.0,8.0,6.0,3.0,89.0,51.0,13.0,11.0,5.0,0.0
61,Ligue 1,2025,81,Marseille,19364,N. Maupay,Neal,Maupay,29.0,France,173,69,https://media.api-sports.io/football/players/19364.png,Attacker,1.0,0.0,1.0,,0.0,0.0,,,1.0,,100.0,,,,,,,,,,0.0,0.0
61,Ligue 1,2025,108,Auxerre,19625,D. Namaso,Daniel Namaso,Edi-Mesumbe Loader,25.0,England,182,77,https://media.api-sports.io/football/players/19625.png,Attacker,30.0,29.0,2525.0,6.67,3.0,3.0,40.0,17.0,703.0,32.0,84.0,35.0,2.0,10.0,86.0,33.0,403.0,161.0,47.0,64.0,9.0,0.0
61,Ligue 1,2025,96,Toulouse,50956,C. Cásseres,Cristian Sleiker,Cásseres Yepes Jr.,25.0,Venezuela,176,68,https://media.api-sports.io/football/players/50956.png,Midfielder,31.0,29.0,2516.0,7.14,2.0,3.0,18.0,6.0,1395.0,39.0,85.0,79.0,9.0,35.0,35.0,16.0,270.0,151.0,44.0,40.0,7.0,0.0
61,Ligue 1,2025,95,Strasbourg,129673,S. Bajić,Stefan,Bajić,24.0,France,191,84,https://media.api-sports.io/football/players/129673.png,Goalkeeper,0.0,0.0,,,0.0,0.0,,,,,,,,,,,,,,,0.0,0.0
61,Ligue 1,2025,95,Strasbourg,147835,A. Omobamidele,Andrew Abiola,Omobamidele,23.0,Republic of Ireland,188,78,https://media.api-sports.io/football/players/147835.png,Defender,25.0,13.0,1375.0,6.83,1.0,0.0,4.0,3.0,1181.0,,96.0,7.0,9.0,17.0,2.0,,71.0,45.0,10.0,13.0,4.0,0.0
61,Ligue 1,2025,84,Nice,188319,Kevin Carlos,Kevin Carlos,Omoruyi Benjamin,24.0,Spain,186,98,https://media.api-sports.io/football/players/188319.png,Attacker,24.0,9.0,901.0,6.4,0.0,0.0,13.0,7.0,167.0,3.0,69.0,2.0,1.0,1.0,8.0,2.0,132.0,50.0,17.0,29.0,3.0,0.0
61,Ligue 1,2025,114,Paris FC,266013,Otávio,Otávio,Ataide da Silva,23.0,Brazil,187,79,https://media.api-sports.io/football/players/266013.png,Defender,23.0,21.0,1908.0,6.89,1.0,0.0,8.0,3.0,1368.0,4.0,88.0,50.0,18.0,28.0,11.0,6.0,185.0,112.0,33.0,24.0,6.0,1.0
61,Ligue 1,2025,95,Strasbourg,271542,I. Doukouré,Ismaël,Landry Doukouré,22.0,France,183,76,https://media.api-sports.io/football/players/271542.png,Defender,25.0,25.0,2076.0,6.57,0.0,2.0,7.0,3.0,1479.0,7.0,91.0,20.0,12.0,23.0,15.0,12.0,133.0,78.0,17.0,21.0,4.0,2.0
61,Ligue 1,2025,85,Paris Saint Germain,335051,João Neves,João Pedro,Gonçalves Neves,21.0,Portugal,174,66,https://media.api-sports.io/football/players/335051.png,Midfielder,21.0,13.0,1287.0,7.16,5.0,1.0,19.0,6.0,1039.0,14.0,91.0,27.0,5.0,7.0,14.0,8.0,107.0,61.0,13.0,13.0,0.0,0.0
61,Ligue 1,2025,95,Strasbourg,335056,Diego Moreira,Diego Manuel Jadon,da Silva Moreira,21.0,Portugal,179,73,https://media.api-sports.io/football/players/335056.png,Attacker,27.0,23.0,2041.0,7.02,4.0,6.0,18.0,11.0,949.0,38.0,81.0,44.0,4.0,21.0,86.0,36.0,259.0,121.0,27.0,18.0,4.0,0.0
61,Ligue 1,2025,95,Strasbourg,345416,Rafael LuÃ­s,Rafael Filipe,Gonçalves Soares Luís,20.0,Portugal,188,83,https://media.api-sports.io/football/players/345416.png,Midfielder,12.0,6.0,585.0,6.59,0.0,1.0,3.0,3.0,385.0,6.0,88.0,18.0,,4.0,12.0,4.0,56.0,25.0,2.0,7.0,0.0,0.0
61,Ligue 1,2025,81,Marseille,449158,K. Abdallah,Keyliane,Hikram Abdallah,19.0,France,185,71,https://media.api-sports.io/football/players/449158.png,Attacker,0.0,0.0,,,0.0,0.0,,,,,,,,,,,,,,,0.0,0.0
61,Ligue 1,2025,96,Toulouse,457025,Julián Vignolo,Julián,Vignolo,19.0,Argentina,,,https://media.api-sports.io/football/players/457025.png,Attacker,13.0,1.0,207.0,6.71,2.0,0.0,7.0,7.0,41.0,7.0,60.0,3.0,,,6.0,3.0,20.0,7.0,1.0,3.0,0.0,0.0
61,Ligue 1,2025,77,Angers,486627,I. Garin,Ilann,Garin,19.0,France,,,https://media.api-sports.io/football/players/486627.png,Midfielder,0.0,0.0,,,0.0,0.0,,,,,,,,,,,,,,,0.0,0.0
61,Ligue 1,2025,85,Paris Saint Germain,493026,N. Kamara,Noham,Kamara,18.0,France,185,,https://media.api-sports.io/football/players/493026.png,Defender,0.0,0.0,,,0.0,0.0,,,,,,,,,,,,,,,0.0,0.0
61,Ligue 1,2025,80,Lyon,493026,N. Kamara,Noham,Kamara,18.0,France,185,,https://media.api-sports.io/football/players/493026.png,Defender,2.0,0.0,11.0,6.2,0.0,0.0,,,4.0,,100.0,,,,,,,,,,0.0,0.0
61,Ligue 1,2025,84,Nice,1914,M. Sanson,Morgan Stéphane,Sanson,31.0,France,180,73,https://media.api-sports.io/football/players/1914.png,Midfielder,33.0,22.0,1955.0,6.6,0.0,2.0,13.0,4.0,722.0,12.0,81.0,36.0,10.0,27.0,48.0,24.0,224.0,100.0,24.0,39.0,4.0,0.0
61,Ligue 1,2025,111,Le Havre,20521,T. Delaine,Thomas,Delaine,33.0,France,180,72,https://media.api-sports.io/football/players/20521.png,Defender,5.0,2.0,200.0,6.68,0.0,0.0,1.0,,122.0,3.0,73.0,2.0,,3.0,2.0,2.0,10.0,5.0,1.0,2.0,1.0,0.0
61,Ligue 1,2025,97,Lorient,23363,N. Cadiou,Noah,Cadiou,27.0,France,191,84,https://media.api-sports.io/football/players/23363.png,Midfielder,28.0,20.0,1881.0,6.91,3.0,1.0,16.0,9.0,1164.0,11.0,87.0,24.0,13.0,23.0,26.0,13.0,153.0,68.0,13.0,27.0,2.0,0.0
61,Ligue 1,2025,81,Marseille,31057,H. Traorè,Hamed Junior,Traorè,25.0,Côte d'Ivoire,184,77,https://media.api-sports.io/football/players/31057.png,Midfielder,13.0,7.0,619.0,6.68,2.0,1.0,11.0,6.0,224.0,10.0,83.0,9.0,2.0,4.0,21.0,10.0,75.0,39.0,11.0,8.0,1.0,0.0
61,Ligue 1,2025,91,Monaco,47480,M. Salisu,Mohammed,Salisu Abdul Karim,26.0,Ghana,191,82,https://media.api-sports.io/football/players/47480.png,Defender,12.0,12.0,1080.0,7.01,1.0,0.0,6.0,2.0,816.0,2.0,87.0,25.0,21.0,17.0,2.0,2.0,118.0,68.0,3.0,17.0,3.0,0.0
61,Ligue 1,2025,79,Lille,99576,O. Sahraoui,Osame,Sahraoui,24.0,Norway,170,65,https://media.api-sports.io/football/players/99576.png,Attacker,18.0,4.0,507.0,6.67,1.0,2.0,7.0,4.0,266.0,10.0,80.0,6.0,1.0,3.0,32.0,15.0,92.0,47.0,25.0,4.0,0.0,0.0
61,Ligue 1,2025,94,Rennes,126757,L. Brassier,Lilian,Brassier,26.0,France,186,78,https://media.api-sports.io/football/players/126757.png,Defender,27.0,25.0,2252.0,6.8,0.0,1.0,8.0,2.0,1574.0,13.0,85.0,30.0,23.0,38.0,15.0,7.0,166.0,95.0,21.0,27.0,2.0,0.0
61,Ligue 1,2025,106,Stade Brestois 29,128287,J. Chotard,Joris,Chotard,24.0,France,179,70,https://media.api-sports.io/football/players/128287.png,Midfielder,33.0,31.0,2777.0,6.93,2.0,1.0,18.0,8.0,1190.0,11.0,80.0,66.0,14.0,47.0,12.0,4.0,194.0,107.0,12.0,28.0,2.0,0.0
61,Ligue 1,2025,77,Angers,174973,M. Zinga,Melvin,Zinga,23.0,France,187,80,https://media.api-sports.io/football/players/174973.png,Goalkeeper,3.0,2.0,221.0,6.9,0.0,0.0,,,64.0,,64.0,1.0,,,,,2.0,2.0,,,0.0,0.0
61,Ligue 1,2025,108,Auxerre,275368,T. Negrel,Tom,Negrel,22.0,France,192,85,https://media.api-sports.io/football/players/275368.png,Goalkeeper,0.0,0.0,,,0.0,0.0,,,,,,,,,,,,,,,0.0,0.0
61,Ligue 1,2025,106,Stade Brestois 29,302868,D. Guindo,Daouda,Guindo,23.0,Mali,183,68,https://media.api-sports.io/football/players/302868.png,Defender,25.0,19.0,1700.0,6.46,1.0,1.0,16.0,5.0,675.0,9.0,78.0,37.0,8.0,30.0,9.0,4.0,122.0,68.0,15.0,26.0,4.0,1.0
61,Ligue 1,2025,79,Lille,306979,H. Igamane,Hamza,Igamane,23.0,Morocco,181,77,https://media.api-sports.io/football/players/306979.png,Attacker,13.0,4.0,428.0,6.94,5.0,1.0,18.0,9.0,127.0,4.0,74.0,7.0,,2.0,22.0,13.0,68.0,32.0,3.0,6.0,2.0,0.0
61,Ligue 1,2025,108,Auxerre,319919,O. El Azzouzi,Oussama,El Azzouzi,24.0,Morocco,189,82,https://media.api-sports.io/football/players/319919.png,Midfielder,11.0,10.0,813.0,6.88,1.0,0.0,4.0,1.0,386.0,9.0,90.0,19.0,3.0,16.0,18.0,6.0,89.0,42.0,7.0,18.0,1.0,1.0
61,Ligue 1,2025,112,Metz,363792,T. Yegbe,Terry,Yegbe,24.0,Ghana,195,88,https://media.api-sports.io/football/players/363792.png,Defender,24.0,22.0,1966.0,6.45,0.0,1.0,6.0,2.0,1153.0,5.0,88.0,15.0,19.0,23.0,3.0,2.0,88.0,44.0,8.0,19.0,3.0,0.0
61,Ligue 1,2025,95,Strasbourg,395762,M. Amougou,Mathis,Amougou,19.0,France,177,65,https://media.api-sports.io/football/players/395762.png,Midfielder,12.0,4.0,406.0,6.61,0.0,0.0,3.0,2.0,229.0,5.0,89.0,17.0,1.0,2.0,9.0,4.0,46.0,25.0,4.0,4.0,1.0,0.0
61,Ligue 1,2025,77,Angers,405074,J. Kalumba,Justin-Noël,Kalumba Mwana Ngongo,21.0,France,180,75,https://media.api-sports.io/football/players/405074.png,Attacker,4.0,3.0,225.0,6.55,0.0,0.0,,,75.0,4.0,76.0,6.0,,1.0,14.0,4.0,39.0,14.0,3.0,3.0,0.0,0.0
61,Ligue 1,2025,91,Monaco,419035,M. Coulibaly,Mamadou,Coulibaly,21.0,France,180,75,https://media.api-sports.io/football/players/419035.png,Midfielder,25.0,15.0,1382.0,6.78,3.0,3.0,9.0,5.0,683.0,12.0,85.0,37.0,2.0,19.0,35.0,15.0,184.0,81.0,16.0,31.0,7.0,1.0
61,Ligue 1,2025,80,Lyon,471106,E. Molébé,Enzo Anthony,Honoré Molébé,18.0,France,178,62,https://media.api-sports.io/football/players/471106.png,Attacker,1.0,0.0,9.0,6.2,0.0,0.0,,,5.0,,60.0,,,,,,1.0,,,,0.0,0.0
61,Ligue 1,2025,81,Marseille,495153,F. Camara,Fodé,Camara,18.0,France,,,https://media.api-sports.io/football/players/495153.png,Defender,0.0,0.0,,,0.0,0.0,,,,,,,,,,,,,,,0.0,0.0
61,Ligue 1,2025,108,Auxerre,496787,E. Legros,Elikya,Legros,17.0,France,,,https://media.api-sports.io/football/players/496787.png,Defender,0.0,0.0,,,0.0,0.0,,,,,,,,,,,,,,,0.0,0.0
61,Ligue 1,2025,79,Lille,375,C. Mbemba,Chancel,Mbemba Mangulu,31.0,Congo DR,182,81,https://media.api-sports.io/football/players/375.png,Defender,13.0,9.0,953.0,6.78,0.0,0.0,5.0,3.0,662.0,4.0,91.0,14.0,4.0,14.0,3.0,1.0,69.0,41.0,6.0,10.0,3.0,0.0
61,Ligue 1,2025,97,Lorient,1142,Y. Mvogo,Yvon Landry,Mvogo Nganoma,31.0,Switzerland,190,88,https://media.api-sports.io/football/players/1142.png,Goalkeeper,31.0,31.0,2790.0,7.01,0.0,0.0,,,1122.0,,77.0,1.0,,1.0,1.0,1.0,18.0,14.0,4.0,,0.0,0.0
61,Ligue 1,2025,81,Marseille,2284,Emerson,Emerson,Palmieri dos Santos,31.0,Italy,176,63,https://media.api-sports.io/football/players/2284.png,Defender,28.0,23.0,2124.0,6.93,0.0,3.0,9.0,2.0,1260.0,46.0,88.0,47.0,8.0,35.0,22.0,8.0,162.0,95.0,17.0,16.0,3.0,0.0
61,Ligue 1,2025,81,Marseille,2725,B. Pavard,Benjamin Jacques Marcel,Pavard,29.0,France,186,76,https://media.api-sports.io/football/players/2725.png,Defender,27.0,22.0,1952.0,6.8,1.0,2.0,8.0,3.0,1341.0,11.0,91.0,28.0,12.0,25.0,2.0,,141.0,86.0,15.0,22.0,6.0,0.0
61,Ligue 1,2025,81,Marseille,9363,Igor Paixão,Igor Guilherme,Barbosa da Paixão,25.0,Brazil,168,65,https://media.api-sports.io/football/players/9363.png,Attacker,30.0,22.0,1981.0,6.95,6.0,5.0,46.0,23.0,699.0,29.0,82.0,29.0,2.0,15.0,83.0,27.0,255.0,107.0,34.0,21.0,3.0,0.0
61,Ligue 1,2025,79,Lille,18765,André Gomes,André Filipe,Tavares Gomes,32.0,Portugal,188,84,https://media.api-sports.io/football/players/18765.png,Midfielder,2.0,0.0,14.0,6.9,0.0,0.0,,,7.0,,100.0,,,,3.0,3.0,7.0,3.0,,2.0,0.0,0.0
61,Ligue 1,2025,81,Marseille,19030,M. O&apos;Riley,Matthew Sean,O'Riley,25.0,Denmark,187,77,https://media.api-sports.io/football/players/19030.png,Midfielder,15.0,6.0,739.0,6.75,1.0,2.0,6.0,3.0,444.0,13.0,88.0,18.0,3.0,6.0,7.0,2.0,63.0,23.0,1.0,15.0,2.0,0.0
61,Ligue 1,2025,81,Marseille,21694,N. Aguerd,Nayef,Aguerd,29.0,Morocco,190,76,https://media.api-sports.io/football/players/21694.png,Defender,16.0,16.0,1399.0,7.17,1.0,0.0,6.0,1.0,1303.0,3.0,92.0,22.0,9.0,21.0,3.0,1.0,118.0,67.0,6.0,21.0,4.0,0.0
61,Ligue 1,2025,79,Lille,37151,C. Verdonk,Calvin Ronald,Verdonk,28.0,Netherlands,174,69,https://media.api-sports.io/football/players/37151.png,Defender,18.0,7.0,796.0,6.68,0.0,0.0,2.0,1.0,543.0,8.0,82.0,15.0,1.0,18.0,2.0,,57.0,31.0,3.0,14.0,3.0,1.0
61,Ligue 1,2025,106,Stade Brestois 29,90594,J. Dina Ebimbe,Éric Junior,Dina Ebimbe,25.0,France,183,76,https://media.api-sports.io/football/players/90594.png,Midfielder,27.0,15.0,1180.0,6.61,5.0,0.0,17.0,9.0,276.0,8.0,76.0,25.0,,6.0,17.0,3.0,134.0,52.0,15.0,22.0,3.0,0.0
61,Ligue 1,2025,96,Toulouse,118345,A. Francis,Abu,Francis,24.0,Ghana,182,65,https://media.api-sports.io/football/players/118345.png,Midfielder,8.0,7.0,532.0,6.73,0.0,0.0,2.0,,238.0,1.0,82.0,19.0,3.0,8.0,4.0,3.0,49.0,33.0,4.0,5.0,2.0,0.0
61,Ligue 1,2025,97,Lorient,193501,B. Meité,Abdoul Bamo,Meité,24.0,Côte d'Ivoire,183,75,https://media.api-sports.io/football/players/193501.png,Defender,25.0,22.0,1983.0,6.72,0.0,3.0,8.0,1.0,862.0,7.0,84.0,28.0,13.0,13.0,13.0,7.0,222.0,125.0,25.0,30.0,5.0,0.0
61,Ligue 1,2025,91,Monaco,274296,Y. Lienard,Yann François,Lienard,22.0,France,194,83,https://media.api-sports.io/football/players/274296.png,Goalkeeper,0.0,0.0,,,0.0,0.0,,,,,,,,,,,,,,,0.0,0.0
61,Ligue 1,2025,96,Toulouse,334952,R. Messali,Rafik,Messali,22.0,Algeria,177,74,https://media.api-sports.io/football/players/334952.png,Midfielder,12.0,5.0,500.0,6.76,0.0,0.0,,,177.0,3.0,75.0,10.0,2.0,12.0,11.0,4.0,56.0,29.0,9.0,11.0,2.0,0.0
61,Ligue 1,2025,81,Marseille,340154,A. Vermeeren,Arthur Denis,Vermeeren,20.0,Belgium,180,76,https://media.api-sports.io/football/players/340154.png,Midfielder,20.0,10.0,830.0,6.49,0.0,1.0,2.0,1.0,572.0,11.0,88.0,28.0,1.0,12.0,8.0,5.0,80.0,38.0,1.0,15.0,1.0,1.0
61,Ligue 1,2025,106,Stade Brestois 29,348052,N. Jauny,Noah,Jauny,21.0,France,194,70,https://media.api-sports.io/football/players/348052.png,Goalkeeper,0.0,0.0,,,0.0,0.0,,,,,,,,,,,,,,,0.0,0.0
61,Ligue 1,2025,106,Stade Brestois 29,375990,P. Mboup,Pathé,Mboup,22.0,Senegal,175,,https://media.api-sports.io/football/players/375990.png,Attacker,28.0,9.0,1069.0,6.5,1.0,0.0,20.0,10.0,244.0,9.0,79.0,20.0,2.0,11.0,75.0,32.0,224.0,81.0,19.0,34.0,6.0,0.0
61,Ligue 1,2025,79,Lille,379329,Tiago Santos,Tiago,Carvalho Santos,23.0,Portugal,175,67,https://media.api-sports.io/football/players/379329.png,Defender,15.0,8.0,727.0,6.65,0.0,0.0,6.0,,291.0,6.0,83.0,14.0,,6.0,17.0,3.0,90.0,41.0,21.0,13.0,0.0,0.0
61,Ligue 1,2025,79,Lille,386287,E. Mbappé,Ethan,Mbappé Lottin,19.0,France,176,70,https://media.api-sports.io/football/players/386287.png,Midfielder,18.0,4.0,568.0,6.85,3.0,1.0,10.0,7.0,237.0,15.0,82.0,14.0,,3.0,20.0,6.0,71.0,29.0,9.0,7.0,1.0,0.0
61,Ligue 1,2025,108,Auxerre,422689,A. Petit Dol,Alvin,Petit Dol,19.0,France,191,,https://media.api-sports.io/football/players/422689.png,Defender,0.0,0.0,,,0.0,0.0,,,,,,,,,,,,,,,0.0,0.0
61,Ligue 1,2025,94,Rennes,421,B. Embolo,Breel Donald,Embolo,28.0,Switzerland,187,84,https://media.api-sports.io/football/players/421.png,Attacker,31.0,20.0,1872.0,6.71,9.0,3.0,36.0,18.0,362.0,15.0,70.0,19.0,4.0,4.0,44.0,15.0,274.0,121.0,58.0,48.0,3.0,0.0
61,Ligue 1,2025,116,Lens,1135,O. Édouard,Odsonne,Édouard,27.0,France,187,83,https://media.api-sports.io/football/players/1135.png,Attacker,29.0,26.0,1818.0,6.9,12.0,3.0,49.0,31.0,288.0,20.0,80.0,10.0,4.0,3.0,40.0,16.0,191.0,69.0,17.0,21.0,1.0,0.0
61,Ligue 1,2025,94,Rennes,1754,G. Kamara,Glen,Adjei Kamara,30.0,Finland,181,78,https://media.api-sports.io/football/players/1754.png,Midfielder,4.0,0.0,63.0,6.55,0.0,0.0,,,57.0,,91.0,,,,,,5.0,4.0,2.0,,0.0,0.0
61,Ligue 1,2025,95,Strasbourg,2933,B. Chilwell,Benjamin James,Chilwell,29.0,England,178,77,https://media.api-sports.io/football/players/2933.png,Midfielder,20.0,19.0,1602.0,6.64,0.0,2.0,4.0,3.0,792.0,7.0,87.0,25.0,4.0,22.0,17.0,10.0,122.0,67.0,22.0,14.0,4.0,0.0
61,Ligue 1,2025,84,Nice,8680,C. Vanhoutte,Charles,Vanhoutte,27.0,Belgium,182,76,https://media.api-sports.io/football/players/8680.png,Midfielder,27.0,21.0,1864.0,6.82,0.0,2.0,3.0,1.0,1032.0,15.0,84.0,48.0,11.0,20.0,16.0,8.0,197.0,101.0,8.0,36.0,6.0,0.0
61,Ligue 1,2025,80,Lyon,18780,R. Ghezzal,Rachid,Ghezzal,33.0,Algeria,182,70,https://media.api-sports.io/football/players/18780.png,Attacker,10.0,2.0,219.0,6.39,0.0,0.0,1.0,1.0,107.0,1.0,81.0,7.0,,1.0,2.0,1.0,33.0,13.0,2.0,9.0,0.0,0.0
61,Ligue 1,2025,112,Metz,20535,H. Diallo,Mouhamadou Habibou,Diallo,30.0,Senegal,186,79,https://media.api-sports.io/football/players/20535.png,Attacker,25.0,21.0,1910.0,6.71,4.0,1.0,28.0,12.0,267.0,12.0,66.0,9.0,4.0,2.0,26.0,13.0,261.0,123.0,29.0,27.0,0.0,0.0
61,Ligue 1,2025,77,Angers,20692,H. Abdelli,Himad Said,Abdelli,26.0,Algeria,185,81,https://media.api-sports.io/football/players/20692.png,Midfielder,13.0,11.0,946.0,7.08,2.0,0.0,9.0,5.0,613.0,8.0,87.0,21.0,3.0,14.0,32.0,15.0,107.0,56.0,12.0,16.0,1.0,0.0
61,Ligue 1,2025,81,Marseille,20692,H. Abdelli,Himad Said,Abdelli,26.0,Algeria,185,81,https://media.api-sports.io/football/players/20692.png,Midfielder,8.0,1.0,150.0,6.49,0.0,0.0,2.0,1.0,96.0,1.0,88.0,3.0,,2.0,1.0,,12.0,4.0,,3.0,1.0,0.0
61,Ligue 1,2025,84,Nice,22163,Dante,Dante Bonfim,Costa Santos,42.0,Brazil,188,87,https://media.api-sports.io/football/players/22163.png,Defender,13.0,10.0,930.0,6.79,0.0,1.0,5.0,2.0,530.0,2.0,90.0,10.0,6.0,10.0,2.0,1.0,57.0,34.0,4.0,11.0,2.0,0.0
61,Ligue 1,2025,94,Rennes,30423,H. Hateboer,Hans,Hateboer,31.0,Netherlands,185,72,https://media.api-sports.io/football/players/30423.png,Midfielder,1.0,0.0,21.0,5.2,0.0,0.0,,,8.0,,100.0,,,,,,3.0,1.0,,2.0,0.0,0.0
61,Ligue 1,2025,80,Lyon,30423,H. Hateboer,Hans,Hateboer,31.0,Netherlands,185,72,https://media.api-sports.io/football/players/30423.png,Defender,15.0,8.0,752.0,6.32,0.0,0.0,5.0,1.0,359.0,1.0,86.0,12.0,3.0,10.0,2.0,1.0,47.0,23.0,3.0,8.0,0.0,1.0
61,Ligue 1,2025,111,Le Havre,145476,R. Khadra,Reda Jousef,Khadra,24.0,Germany,180,72,https://media.api-sports.io/football/players/145476.png,Midfielder,8.0,1.0,223.0,6.7,0.0,0.0,4.0,3.0,55.0,7.0,70.0,7.0,,,13.0,5.0,34.0,15.0,1.0,4.0,0.0,0.0
61,Ligue 1,2025,95,Strasbourg,162568,S. Coulibaly,Soumaïla,Coulibaly,22.0,France,191,73,https://media.api-sports.io/football/players/162568.png,Defender,0.0,0.0,,,0.0,0.0,,,,,,,,,,,,,,,0.0,0.0
61,Ligue 1,2025,106,Stade Brestois 29,162568,S. Coulibaly,Soumaïla,Coulibaly,22.0,France,191,73,https://media.api-sports.io/football/players/162568.png,Defender,16.0,15.0,1339.0,6.61,0.0,0.0,5.0,2.0,745.0,2.0,90.0,14.0,9.0,14.0,3.0,3.0,99.0,63.0,20.0,26.0,3.0,0.0
61,Ligue 1,2025,83,Nantes,266200,M. Lahdo,Mayckel,Lahdo,23.0,Sweden,171,76,https://media.api-sports.io/football/players/266200.png,Attacker,8.0,5.0,418.0,6.56,1.0,1.0,2.0,1.0,100.0,5.0,86.0,5.0,,,12.0,6.0,44.0,18.0,6.0,5.0,0.0,0.0
61,Ligue 1,2025,116,Lens,277191,A. Sima,Abdallah Dipo,Sima,24.0,Senegal,188,79,https://media.api-sports.io/football/players/277191.png,Attacker,21.0,6.0,718.0,6.63,2.0,2.0,23.0,9.0,241.0,10.0,76.0,7.0,,2.0,11.0,4.0,100.0,46.0,14.0,14.0,3.0,0.0
61,Ligue 1,2025,97,Lorient,284072,B. Dieng,Cheikh Ahmadou Bamba,Mbacké Dieng,25.0,Senegal,178,72,https://media.api-sports.io/football/players/284072.png,Attacker,22.0,15.0,1220.0,6.81,10.0,1.0,41.0,24.0,191.0,11.0,76.0,7.0,1.0,3.0,16.0,6.0,127.0,54.0,13.0,15.0,3.0,0.0
61,Ligue 1,2025,95,Strasbourg,359386,M. Godo,Becket Fabrice-Martial,Godo,22.0,England,169,61,https://media.api-sports.io/football/players/359386.png,Attacker,28.0,18.0,1613.0,6.93,10.0,1.0,31.0,17.0,441.0,24.0,82.0,16.0,1.0,14.0,54.0,24.0,160.0,76.0,32.0,15.0,2.0,0.0
61,Ligue 1,2025,85,Paris Saint Germain,409216,Senny Mayulu,Senny,Mayulu,19.0,France,183,69,https://media.api-sports.io/football/players/409216.png,Midfielder,26.0,21.0,1681.0,6.8,4.0,4.0,29.0,11.0,767.0,39.0,89.0,48.0,1.0,11.0,41.0,16.0,192.0,92.0,20.0,26.0,2.0,0.0
61,Ligue 1,2025,97,Lorient,434785,M. Bley,Martin,Nogoto Bley,19.0,Burkina Faso,,,https://media.api-sports.io/football/players/434785.png,Midfielder,1.0,0.0,1.0,,0.0,0.0,,,,,,,,,1.0,,1.0,,,,0.0,0.0
61,Ligue 1,2025,83,Nantes,443755,B. Deuff,Bahmed,Deuff,19.0,France,,,https://media.api-sports.io/football/players/443755.png,Midfielder,11.0,1.0,245.0,6.55,0.0,0.0,7.0,3.0,67.0,1.0,83.0,5.0,3.0,2.0,6.0,2.0,40.0,17.0,3.0,6.0,1.0,0.0
61,Ligue 1,2025,95,Strasbourg,529246,Ogbonna Chizurum,,,18.0,,,,https://media.api-sports.io/football/players/529246.png,Attacker,0.0,0.0,,,0.0,0.0,,,,,,,,,,,,,,,0.0,0.0
61,Ligue 1,2025,91,Monaco,81,K. Diatta,Krépin,Diatta,26.0,Senegal,175,68,https://media.api-sports.io/football/players/81.png,Midfielder,18.0,10.0,1026.0,6.9,0.0,1.0,5.0,1.0,458.0,13.0,78.0,31.0,3.0,16.0,9.0,6.0,107.0,73.0,10.0,8.0,2.0,0.0
61,Ligue 1,2025,112,Metz,105,F. Ballo-Touré,Fodé,Ballo-Touré,28.0,Senegal,182,70,https://media.api-sports.io/football/players/105.png,Midfielder,13.0,11.0,843.0,6.49,0.0,0.0,4.0,1.0,343.0,4.0,90.0,21.0,,5.0,20.0,13.0,97.0,57.0,18.0,13.0,2.0,0.0
61,Ligue 1,2025,114,Paris FC,2202,H. Traoré,Hamari,Traoré,33.0,Mali,175,64,https://media.api-sports.io/football/players/2202.png,Defender,18.0,14.0,1158.0,6.63,0.0,1.0,1.0,,602.0,9.0,83.0,30.0,1.0,17.0,3.0,1.0,98.0,54.0,6.0,21.0,4.0,0.0
61,Ligue 1,2025,83,Nantes,66013,U. Radaković,Uroš,Radaković,31.0,Serbia,194,89,https://media.api-sports.io/football/players/66013.png,Defender,6.0,1.0,112.0,6.54,0.0,0.0,,,24.0,1.0,62.0,2.0,2.0,3.0,,,12.0,5.0,,2.0,0.0,0.0
61,Ligue 1,2025,91,Monaco,135775,Ansu Fati,Anssumane,Fati Vieira,23.0,Spain,178,66,https://media.api-sports.io/football/players/135775.png,Attacker,25.0,10.0,1086.0,6.82,11.0,0.0,33.0,24.0,427.0,15.0,82.0,15.0,,4.0,29.0,14.0,110.0,49.0,6.0,9.0,1.0,0.0
61,Ligue 1,2025,95,Strasbourg,161747,G. Doué,Guéla Maho Lewis,Doué,23.0,Côte d'Ivoire,187,84,https://media.api-sports.io/football/players/161747.png,Defender,24.0,23.0,2063.0,6.92,2.0,6.0,9.0,5.0,1248.0,19.0,87.0,50.0,9.0,27.0,33.0,18.0,282.0,150.0,24.0,42.0,3.0,0.0
61,Ligue 1,2025,84,Nice,274312,M. Cho,Mohamed-Ali,Cho,21.0,France,181,66,https://media.api-sports.io/football/players/274312.png,Attacker,26.0,22.0,1789.0,6.78,4.0,3.0,25.0,14.0,483.0,24.0,79.0,16.0,2.0,4.0,55.0,18.0,224.0,83.0,33.0,14.0,1.0,0.0
61,Ligue 1,2025,96,Toulouse,321648,Emersonn,Emersonn,Correia da Silva,21.0,Brazil,186,72,https://media.api-sports.io/football/players/321648.png,Attacker,28.0,19.0,1521.0,6.55,6.0,2.0,42.0,19.0,249.0,18.0,75.0,20.0,1.0,7.0,35.0,10.0,266.0,103.0,10.0,41.0,5.0,1.0
61,Ligue 1,2025,91,Monaco,340152,S. Idumbo-Muzambo,Stanis,Idumbo-Muzambo,20.0,Belgium,170,60,https://media.api-sports.io/football/players/340152.png,Midfielder,8.0,0.0,164.0,6.73,1.0,1.0,4.0,2.0,51.0,3.0,90.0,3.0,,,4.0,1.0,16.0,7.0,2.0,3.0,0.0,0.0
61,Ligue 1,2025,111,Le Havre,344165,D. Pizarro,Damián Nicolás,Pizarro Huenuqueo,20.0,Chile,187,85,https://media.api-sports.io/football/players/344165.png,Attacker,2.0,0.0,26.0,6.4,0.0,0.0,,,3.0,,66.0,,,,,,4.0,1.0,1.0,1.0,0.0,0.0
61,Ligue 1,2025,80,Lyon,353482,T. Barišić,Téo,Barišić,21.0,Croatia,185,67,https://media.api-sports.io/football/players/353482.png,Defender,0.0,0.0,,,0.0,0.0,,,,,,,,,,,,,,,0.0,0.0
61,Ligue 1,2025,108,Auxerre,381123,R. Rodin,Ryan,Rodin,19.0,France,,,https://media.api-sports.io/football/players/381123.png,Attacker,3.0,0.0,34.0,6.27,0.0,0.0,,,4.0,,100.0,,,,,,3.0,,,,0.0,0.0
61,Ligue 1,2025,96,Toulouse,385351,N. Lahmadi,Noah,Lahmadi,20.0,France,178,74,https://media.api-sports.io/football/players/385351.png,Midfielder,0.0,0.0,,,0.0,0.0,,,,,,,,,,,,,,,0.0,0.0
61,Ligue 1,2025,84,Nice,407017,M. Lumpungu,Moïse Bombito,Lumpungu,25.0,Canada,190,83,https://media.api-sports.io/football/players/407017.png,Defender,2.0,2.0,146.0,6.55,0.0,0.0,,,64.0,,84.0,2.0,3.0,2.0,,,15.0,9.0,1.0,3.0,1.0,0.0
61,Ligue 1,2025,111,Le Havre,437349,E. Koffi Vinette,Enzo,Koffi Vinette,19.0,France,,,https://media.api-sports.io/football/players/437349.png,Attacker,14.0,4.0,387.0,6.51,0.0,0.0,4.0,2.0,151.0,4.0,72.0,15.0,,9.0,18.0,8.0,78.0,39.0,10.0,12.0,2.0,0.0
61,Ligue 1,2025,97,Lorient,486028,I. Monnier,Isaac,Monnier,19.0,France,,,https://media.api-sports.io/football/players/486028.png,Defender,0.0,0.0,,,0.0,0.0,,,,,,,,,,,,,,,0.0,0.0
61,Ligue 1,2025,79,Lille,551417,T. Sajous,,,17.0,,,,https://media.api-sports.io/football/players/551417.png,Goalkeeper,0.0,0.0,,,0.0,0.0,,,,,,,,,,,,,,,0.0,0.0
61,Ligue 1,2025,84,Nice,662,T. Ndombélé,Tanguy,Ndombélé Alvaro,29.0,France,181,76,https://media.api-sports.io/football/players/662.png,Midfielder,8.0,3.0,279.0,6.7,0.0,1.0,3.0,1.0,77.0,5.0,90.0,3.0,,1.0,5.0,1.0,22.0,11.0,7.0,1.0,0.0,0.0
61,Ligue 1,2025,106,Stade Brestois 29,664,L. Tousart,Lucas Simon Pierre,Tousart,28.0,France,185,83,https://media.api-sports.io/football/players/664.png,Midfielder,24.0,9.0,857.0,6.62,1.0,0.0,8.0,3.0,269.0,4.0,81.0,29.0,2.0,8.0,4.0,3.0,115.0,56.0,5.0,21.0,0.0,0.0
61,Ligue 1,2025,112,Metz,19323,J. Asoro,Joel Joshoghene,Asoro,26.0,Sweden,175,75,https://media.api-sports.io/football/players/19323.png,Attacker,8.0,2.0,233.0,6.37,0.0,0.0,3.0,1.0,37.0,1.0,56.0,,,,4.0,1.0,24.0,5.0,1.0,2.0,0.0,0.0
61,Ligue 1,2025,95,Strasbourg,70747,J. Enciso,Julio César,Enciso Espínola,21.0,Paraguay,173,64,https://media.api-sports.io/football/players/70747.png,Midfielder,27.0,22.0,1892.0,7.06,3.0,6.0,43.0,22.0,636.0,29.0,83.0,21.0,1.0,7.0,96.0,54.0,246.0,118.0,31.0,20.0,2.0,0.0
61,Ligue 1,2025,108,Auxerre,162466,S. Diomandé,Sinaly,Diomandé,24.0,Côte d'Ivoire,184,74,https://media.api-sports.io/football/players/162466.png,Defender,24.0,24.0,2134.0,6.93,2.0,2.0,7.0,4.0,953.0,4.0,86.0,33.0,14.0,31.0,9.0,5.0,167.0,99.0,26.0,31.0,3.0,0.0
61,Ligue 1,2025,77,Angers,191289,A. Sbaï,Mohamed Amine,Sbaï,25.0,France,175,72,https://media.api-sports.io/football/players/191289.png,Midfielder,25.0,23.0,1834.0,6.73,3.0,1.0,23.0,16.0,578.0,29.0,72.0,20.0,,7.0,99.0,37.0,228.0,84.0,24.0,15.0,2.0,0.0
61,Ligue 1,2025,97,Lorient,214310,N. Adjei,Nathaniel,Adjei,23.0,Ghana,191,,https://media.api-sports.io/football/players/214310.png,Defender,15.0,9.0,840.0,6.6,0.0,0.0,4.0,2.0,389.0,1.0,91.0,11.0,2.0,8.0,2.0,1.0,59.0,30.0,6.0,8.0,0.0,0.0
61,Ligue 1,2025,116,Lens,237191,J. Chávez,Jhoanner Stalin,Chávez Quintero,23.0,Ecuador,182,77,https://media.api-sports.io/football/players/237191.png,Defender,0.0,0.0,,,0.0,0.0,,,,,,,,,,,,,,,0.0,0.0
61,Ligue 1,2025,95,Strasbourg,364810,A. Sylla,Loubadhe Abakar,Sylla,23.0,Côte d'Ivoire,188,78,https://media.api-sports.io/football/players/364810.png,Defender,1.0,0.0,1.0,,0.0,0.0,,,1.0,,100.0,,,,,,,,,,0.0,0.0
61,Ligue 1,2025,83,Nantes,364810,A. Sylla,Loubadhe Abakar,Sylla,23.0,Côte d'Ivoire,188,78,https://media.api-sports.io/football/players/364810.png,Defender,2.0,1.0,64.0,6.05,0.0,0.0,2.0,,47.0,,85.0,,,,,,10.0,5.0,,2.0,0.0,0.0
61,Ligue 1,2025,91,Monaco,399893,B. Kiwa,Bradel,Kiwa,19.0,France,191 cm,90 kg,https://media.api-sports.io/football/players/399893.png,Defender,0.0,0.0,,,0.0,0.0,,,,,,,,,,,,,,,0.0,0.0
61,Ligue 1,2025,96,Toulouse,400920,F. Efuele Ngoyala,Frédéric,Efuele Ngoyala,20.0,France,,,https://media.api-sports.io/football/players/400920.png,Defender,0.0,0.0,,,0.0,0.0,,,,,,,,,,,,,,,0.0,0.0
61,Ligue 1,2025,85,Paris Saint Germain,471107,Quentin Ndjantou Mbitcha,Quentin,Ndjantou Mbitcha,18.0,France,,,https://media.api-sports.io/football/players/471107.png,Attacker,10.0,3.0,354.0,6.64,1.0,1.0,7.0,3.0,198.0,5.0,84.0,2.0,1.0,2.0,10.0,6.0,32.0,10.0,2.0,7.0,1.0,0.0
61,Ligue 1,2025,91,Monaco,483126,M. Oyatambwe,Matthias,Wamu Oyatambwe,17.0,Belgium,,,https://media.api-sports.io/football/players/483126.png,Midfielder,0.0,0.0,,,0.0,0.0,,,,,,,,,,,,,,,0.0,0.0
61,Ligue 1,2025,85,Paris Saint Germain,493032,W. Slama,Wassim,Slama,17.0,France,,,https://media.api-sports.io/football/players/493032.png,Midfielder,0.0,0.0,,,0.0,0.0,,,,,,,,,,,,,,,0.0,0.0
61,Ligue 1,2025,111,Le Havre,513415,Stephan Zagadou,Stephan,Zagadou,17.0,France,,,https://media.api-sports.io/football/players/513415.png,Defender,8.0,6.0,504.0,6.78,1.0,0.0,1.0,1.0,201.0,2.0,89.0,11.0,8.0,2.0,3.0,2.0,41.0,21.0,1.0,7.0,0.0,1.0
61,Ligue 1,2025,108,Auxerre,551415,T. Devernois,,,18.0,,,,https://media.api-sports.io/football/players/551415.png,Midfielder,2.0,0.0,18.0,6.45,0.0,0.0,,,10.0,2.0,60.0,,,,,,,,,,0.0,0.0
61,Ligue 1,2025,85,Paris Saint Germain,551416,Y. Khafi,,,19.0,,,,https://media.api-sports.io/football/players/551416.png,Midfielder,0.0,0.0,,,0.0,0.0,,,,,,,,,,,,,,,0.0,0.0
61,Ligue 1,2025,106,Stade Brestois 29,554352,Ibrahim Yayiya Kante,,,18.0,,,,https://media.api-sports.io/football/players/554352.png,Attacker,1.0,0.0,8.0,6.3,0.0,0.0,,,3.0,,100.0,,,,2.0,1.0,2.0,1.0,,,0.0,0.0
61,Ligue 1,2025,83,Nantes,554353,Sacha Ziani,,,22.0,,,,https://media.api-sports.io/football/players/554353.png,Midfielder,0.0,0.0,,,0.0,0.0,,,,,,,,,,,,,,,0.0,0.0
61,Ligue 1,2025,94,Rennes,562237,Ayoube Akabou,,,18.0,,,,https://media.api-sports.io/football/players/562237.png,Goalkeeper,0.0,0.0,,,0.0,0.0,,,,,,,,,,,,,,,0.0,0.0
61,Ligue 1,2025,83,Nantes,20654,F. Centonze,Fabien,Centonze,29.0,France,182,75,https://media.api-sports.io/football/players/20654.png,Defender,15.0,9.0,765.0,6.87,3.0,0.0,6.0,3.0,199.0,4.0,75.0,31.0,2.0,23.0,15.0,4.0,96.0,53.0,8.0,13.0,4.0,0.0
61,Ligue 1,2025,91,Monaco,343319,L. Michal,Lucas,Michal,20.0,France,172,61,https://media.api-sports.io/football/players/343319.png,Attacker,2.0,0.0,58.0,6.4,0.0,0.0,1.0,,26.0,,88.0,,,,1.0,1.0,9.0,4.0,1.0,2.0,0.0,0.0
61,Ligue 1,2025,112,Metz,343319,L. Michal,Lucas,Michal,20.0,France,172,61,https://media.api-sports.io/football/players/343319.png,Midfielder,9.0,2.0,219.0,6.31,0.0,0.0,6.0,2.0,65.0,2.0,84.0,,,,5.0,2.0,27.0,7.0,2.0,3.0,1.0,0.0
61,Ligue 1,2025,114,Paris FC,362284,K. Prouchet,Killian,Prouchet,20.0,France,,,https://media.api-sports.io/football/players/362284.png,Defender,0.0,0.0,,,0.0,0.0,,,,,,,,,,,,,,,0.0,0.0
61,Ligue 1,2025,77,Angers,419595,Dan Sinaté,Dan,Sinaté,19.0,France,,,https://media.api-sports.io/football/players/419595.png,Midfielder,3.0,0.0,31.0,6.25,0.0,0.0,1.0,,17.0,,88.0,,,,3.0,2.0,5.0,2.0,,,0.0,0.0
61,Ligue 1,2025,116,Lens,437143,A. Delplace,Adam,Delplace,19.0,France,180 cm,78 kg,https://media.api-sports.io/football/players/437143.png,Goalkeeper,0.0,0.0,,,0.0,0.0,,,,,,,,,,,,,,,0.0,0.0
61,Ligue 1,2025,112,Metz,456867,Yannis Lawson,Yannis,Lawson,21.0,Belgium,178,,https://media.api-sports.io/football/players/456867.png,Defender,0.0,0.0,,,0.0,0.0,,,,,,,,,,,,,,,0.0,0.0
61,Ligue 1,2025,80,Lyon,497080,M. Da Silva,Matthias,Da Silva,18.0,France,,,https://media.api-sports.io/football/players/497080.png,Goalkeeper,0.0,0.0,,,0.0,0.0,,,,,,,,,,,,,,,0.0,0.0
61,Ligue 1,2025,81,Marseille,562661,T. Mmadi,,,18.0,,,,https://media.api-sports.io/football/players/562661.png,Midfielder,3.0,0.0,46.0,6.33,0.0,0.0,1.0,,23.0,1.0,82.0,1.0,,2.0,3.0,1.0,10.0,3.0,,2.0,0.0,0.0
61,Ligue 1,2025,81,Marseille,568242,P. N'Zinga Pambani,,,18.0,,,,https://media.api-sports.io/football/players/568242.png,Defender,0.0,0.0,,,0.0,0.0,,,,,,,,,,,,,,,0.0,0.0
61,Ligue 1,2025,112,Metz,570580,B. Munongo,,,15.0,,,,https://media.api-sports.io/football/players/570580.png,Midfielder,11.0,5.0,428.0,6.58,0.0,0.0,4.0,1.0,200.0,3.0,84.0,11.0,1.0,6.0,6.0,3.0,63.0,27.0,2.0,17.0,1.0,0.0
61,Ligue 1,2025,94,Rennes,585073,L. Rosier,,,18.0,,,,https://media.api-sports.io/football/players/585073.png,Attacker,2.0,0.0,2.0,,0.0,0.0,,,,,,,,,,,1.0,,,,0.0,0.0
61,Ligue 1,2025,94,Rennes,601332,Kilian Belazzoug,,,19.0,,,,https://media.api-sports.io/football/players/601332.png,Goalkeeper,0.0,0.0,,,0.0,0.0,,,,,,,,,,,,,,,0.0,0.0
61,Ligue 1,2025,84,Nice,611321,Brad-Hamilton Mantsounga,,,18.0,,,,https://media.api-sports.io/football/players/611321.png,Defender,1.0,1.0,90.0,7,0.0,0.0,,,86.0,,98.0,6.0,3.0,,,,9.0,8.0,2.0,,0.0,0.0
61,Ligue 1,2025,112,Metz,613214,Romain Jean-Baptiste,,,19.0,,,,https://media.api-sports.io/football/players/613214.png,Goalkeeper,0.0,0.0,,,0.0,0.0,,,,,,,,,,,,,,,0.0,0.0
61,Ligue 1,2025,112,Metz,613215,Moustapha Diop,,,,,,,https://media.api-sports.io/football/players/613215.png,Defender,0.0,0.0,,,0.0,0.0,,,,,,,,,,,,,,,0.0,0.0
61,Ligue 1,2025,108,Auxerre,613216,Y. Zaddy,,,19.0,,,,https://media.api-sports.io/football/players/613216.png,Attacker,1.0,0.0,1.0,,0.0,0.0,,,3.0,,100.0,,,,,,,,,,0.0,0.0
61,Ligue 1,2025,91,Monaco,904,P. Pogba,Paul Labile,Pogba,32.0,France,191,84,https://media.api-sports.io/football/players/904.png,Midfielder,6.0,1.0,133.0,6.75,0.0,0.0,1.0,,106.0,,83.0,4.0,,1.0,1.0,,15.0,10.0,1.0,2.0,0.0,0.0
61,Ligue 1,2025,80,Lyon,24882,O. Mangala,Orel Johnson,Mangala,27.0,Belgium,178,80,https://media.api-sports.io/football/players/24882.png,Midfielder,9.0,5.0,426.0,6.57,0.0,0.0,3.0,1.0,222.0,5.0,90.0,6.0,2.0,7.0,8.0,5.0,35.0,18.0,5.0,8.0,0.0,0.0
61,Ligue 1,2025,96,Toulouse,25533,N. Schmidt,Niklas Uwe,Schmidt,27.0,Germany,184,89,https://media.api-sports.io/football/players/25533.png,Midfielder,0.0,0.0,,,0.0,0.0,,,,,,,,,,,,,,,0.0,0.0
61,Ligue 1,2025,112,Metz,237198,O. Ba,Ousmane,Ba,23.0,Senegal,185,74,https://media.api-sports.io/football/players/237198.png,Goalkeeper,0.0,0.0,,,0.0,0.0,,,,,,,,,,,,,,,0.0,0.0
61,Ligue 1,2025,84,Nice,362470,Z. Diallo,Zoumana,Diallo,20.0,France,185,,https://media.api-sports.io/football/players/362470.png,Attacker,1.0,0.0,9.0,6.3,0.0,0.0,,,1.0,1.0,,,,,,,3.0,1.0,1.0,2.0,0.0,0.0
61,Ligue 1,2025,111,Le Havre,395808,Paul Argney,Paul,Argney,19.0,France,186,75,https://media.api-sports.io/football/players/395808.png,Goalkeeper,1.0,1.0,90.0,6.6,0.0,0.0,,,30.0,,80.0,,,,,,,,,,0.0,0.0
61,Ligue 1,2025,112,Metz,403883,M. Mbaye,Malick,Mbaye,21.0,Senegal,173,71,https://media.api-sports.io/football/players/403883.png,Attacker,5.0,3.0,299.0,6.6,0.0,0.0,1.0,1.0,96.0,2.0,82.0,10.0,,3.0,7.0,3.0,38.0,17.0,3.0,3.0,1.0,0.0
61,Ligue 1,2025,111,Le Havre,437529,N. Obougoujacquet,Noam,Obougou Jacquet,18.0,France,185 cm,76 kg,https://media.api-sports.io/football/players/437529.png,Attacker,5.0,0.0,99.0,6.8,1.0,0.0,3.0,3.0,13.0,,46.0,,,1.0,3.0,2.0,22.0,10.0,3.0,5.0,0.0,0.0
61,Ligue 1,2025,116,Lens,441264,K. Antonio,Kyllian,Anderson Antonio,17.0,France,183,75,https://media.api-sports.io/football/players/441264.png,Defender,4.0,2.0,189.0,7.1,0.0,1.0,1.0,,86.0,1.0,86.0,6.0,,5.0,3.0,2.0,24.0,17.0,4.0,1.0,1.0,0.0
61,Ligue 1,2025,111,Le Havre,471290,A. Diabate,Adams,Diabaté,20.0,France,,,https://media.api-sports.io/football/players/471290.png,Midfielder,0.0,0.0,,,0.0,0.0,,,,,,,,,,,,,,,0.0,0.0
61,Ligue 1,2025,85,Paris Saint Germain,568266,M. James,,,17.0,,,,https://media.api-sports.io/football/players/568266.png,Goalkeeper,0.0,0.0,,,0.0,0.0,,,,,,,,,,,,,,,0.0,0.0
61,Ligue 1,2025,111,Le Havre,584356,K. Quetant,,,19.0,,,,https://media.api-sports.io/football/players/584356.png,Attacker,9.0,4.0,387.0,6.56,1.0,0.0,6.0,2.0,63.0,1.0,63.0,,,1.0,3.0,2.0,37.0,13.0,3.0,6.0,1.0,0.0
61,Ligue 1,2025,80,Lyon,585333,T. Goncalves,,,18.0,,,,https://media.api-sports.io/football/players/585333.png,Midfielder,0.0,0.0,,,0.0,0.0,,,,,,,,,,,,,,,0.0,0.0
61,Ligue 1,2025,85,Paris Saint Germain,610763,D. Boly,,,16.0,,,,https://media.api-sports.io/football/players/610763.png,Defender,0.0,0.0,,,0.0,0.0,,,,,,,,,,,,,,,0.0,0.0
61,Ligue 1,2025,80,Lyon,623922,A. Hamdani,,,16.0,,,,https://media.api-sports.io/football/players/623922.png,Attacker,4.0,0.0,28.0,6.43,0.0,0.0,1.0,,13.0,,84.0,1.0,1.0,,2.0,1.0,5.0,2.0,,1.0,0.0,0.0
61,Ligue 1,2025,108,Auxerre,624607,E. Diamalunda,,,19.0,,,,https://media.api-sports.io/football/players/624607.png,Defender,0.0,0.0,,,0.0,0.0,,,,,,,,,,,,,,,0.0,0.0
61,Ligue 1,2025,80,Lyon,624608,F. Fall,,,19.0,,,,https://media.api-sports.io/football/players/624608.png,Midfielder,0.0,0.0,,,0.0,0.0,,,,,,,,,,,,,,,0.0,0.0
61,Ligue 1,2025,94,Rennes,625629,Elias Legendre Quiñonez,,,17.0,,,,https://media.api-sports.io/football/players/625629.png,Midfielder,6.0,0.0,41.0,6.45,0.0,0.0,1.0,,18.0,2.0,83.0,2.0,,1.0,6.0,1.0,14.0,5.0,1.0,1.0,0.0,0.0
61,Ligue 1,2025,108,Auxerre,627298,Mamoudou Cissokho,,,17.0,,,,https://media.api-sports.io/football/players/627298.png,Attacker,2.0,0.0,2.0,,0.0,0.0,,,,,,,,,,,1.0,1.0,1.0,,0.0,0.0
61,Ligue 1,2025,111,Le Havre,630733,Yanis Beau Djellel,,,20.0,,,,https://media.api-sports.io/football/players/630733.png,Attacker,0.0,0.0,,,0.0,0.0,,,,,,,,,,,,,,,0.0,0.0
61,Ligue 1,2025,83,Nantes,22093,R. Cabella,Rémy Joseph,Cabella,35.0,France,171 cm,68 kg,https://media.api-sports.io/football/players/22093.png,Midfielder,12.0,7.0,591.0,6.98,2.0,0.0,8.0,6.0,374.0,16.0,84.0,16.0,,6.0,10.0,4.0,71.0,36.0,11.0,7.0,1.0,0.0
61,Ligue 1,2025,84,Nice,162707,E. Wahi,Sepe Elye,Wahi,22.0,France,184,74,https://media.api-sports.io/football/players/162707.png,Attacker,15.0,12.0,1015.0,6.81,7.0,1.0,24.0,20.0,155.0,8.0,69.0,5.0,,2.0,16.0,6.0,93.0,24.0,6.0,21.0,6.0,0.0
61,Ligue 1,2025,97,Lorient,399903,I. Akakpo,Izak,Akakpo,21.0,France,,,https://media.api-sports.io/football/players/399903.png,Defender,0.0,0.0,,,0.0,0.0,,,,,,,,,,,,,,,0.0,0.0
61,Ligue 1,2025,97,Lorient,401389,T. Sanusi,Trevan,Sanusi,18.0,England,178,60,https://media.api-sports.io/football/players/401389.png,Attacker,0.0,0.0,,,0.0,0.0,,,,,,,,,,,,,,,0.0,0.0
61,Ligue 1,2025,84,Nice,401493,B. Żelazowski,Bartosz,Żelazowski,20.0,Poland,193,73,https://media.api-sports.io/football/players/401493.png,Goalkeeper,0.0,0.0,,,0.0,0.0,,,,,,,,,,,,,,,0.0,0.0
61,Ligue 1,2025,84,Nice,442866,E. Pereira,Everton,Pereira da Silva,18.0,France,175 cm,64 kg,https://media.api-sports.io/football/players/442866.png,Midfielder,3.0,2.0,137.0,5.95,0.0,0.0,,,65.0,,81.0,,,3.0,,,13.0,3.0,,4.0,0.0,0.0
61,Ligue 1,2025,84,Nice,444562,M. Youssouf,Mousslim,Youssouf,19.0,France,166 cm,56 kg,https://media.api-sports.io/football/players/444562.png,Defender,0.0,0.0,,,0.0,0.0,,,,,,,,,,,,,,,0.0,0.0
61,Ligue 1,2025,114,Paris FC,461595,M. Dao,,,,,,,https://media.api-sports.io/football/players/461595.png,Attacker,0.0,0.0,9.0,6.3,0.0,0.0,,,2.0,,100.0,,,,,,,,,,0.0,0.0
61,Ligue 1,2025,111,Le Havre,515772,Alex Teixeira,Kabangu Alex,Teixeira,18.0,France,,,https://media.api-sports.io/football/players/515772.png,Goalkeeper,0.0,0.0,,,0.0,0.0,,,,,,,,,,,,,,,0.0,0.0
61,Ligue 1,2025,91,Monaco,531402,I. Toure,,,19.0,,,,https://media.api-sports.io/football/players/531402.png,Midfielder,2.0,0.0,33.0,6.15,0.0,0.0,,,23.0,1.0,78.0,,,,2.0,,5.0,,,1.0,0.0,0.0
61,Ligue 1,2025,85,Paris Saint Germain,567804,N. Nsoki,,,18.0,,,,https://media.api-sports.io/football/players/567804.png,Midfielder,1.0,0.0,15.0,6.3,0.0,0.0,,,8.0,,75.0,1.0,,,,,1.0,1.0,,,0.0,0.0
61,Ligue 1,2025,85,Paris Saint Germain,568273,A. Vignaud,,,18.0,,,,https://media.api-sports.io/football/players/568273.png,Goalkeeper,0.0,0.0,,,0.0,0.0,,,,,,,,,,,,,,,0.0,0.0
61,Ligue 1,2025,83,Nantes,610593,J. Kone,,,18.0,,,,https://media.api-sports.io/football/players/610593.png,Attacker,0.0,0.0,,,0.0,0.0,,,,,,,,,,,,,,,0.0,0.0
61,Ligue 1,2025,84,Nice,629379,M. Brignone,,,18.0,,,,https://media.api-sports.io/football/players/629379.png,Midfielder,0.0,0.0,,,0.0,0.0,,,,,,,,,,,,,,,0.0,0.0
61,Ligue 1,2025,94,Rennes,629380,P. Limon,,,20.0,,,,https://media.api-sports.io/football/players/629380.png,Midfielder,0.0,0.0,,,0.0,0.0,,,,,,,,,,,,,,,0.0,0.0
61,Ligue 1,2025,97,Lorient,629869,D. Semedo,,,22.0,,,,https://media.api-sports.io/football/players/629869.png,Midfielder,1.0,0.0,10.0,6.5,0.0,0.0,,,2.0,,100.0,,,1.0,,,3.0,,,2.0,0.0,0.0
61,Ligue 1,2025,79,Lille,630699,Saad Boussadia,,,17.0,,,,https://media.api-sports.io/football/players/630699.png,Midfielder,0.0,0.0,,,0.0,0.0,,,,,,,,,,,,,,,0.0,0.0
61,Ligue 1,2025,79,Lille,630702,Matah Yondjio,,,18.0,,,,https://media.api-sports.io/football/players/630702.png,Attacker,0.0,0.0,,,0.0,0.0,,,,,,,,,,,,,,,0.0,0.0
61,Ligue 1,2025,111,Le Havre,630730,Thierno Bah,,,19.0,,,,https://media.api-sports.io/football/players/630730.png,Midfielder,0.0,0.0,,,0.0,0.0,,,,,,,,,,,,,,,0.0,0.0
61,Ligue 1,2025,111,Le Havre,630731,Thomas Rousseau,,,17.0,,,,https://media.api-sports.io/football/players/630731.png,Midfielder,0.0,0.0,,,0.0,0.0,,,,,,,,,,,,,,,0.0,0.0
61,Ligue 1,2025,91,Monaco,8694,W. Faes,Wout Felix Lina,Faes,27.0,Belgium,187,84,https://media.api-sports.io/football/players/8694.png,Defender,14.0,13.0,1141.0,6.78,0.0,0.0,4.0,1.0,782.0,1.0,92.0,15.0,11.0,16.0,2.0,1.0,78.0,43.0,3.0,14.0,3.0,0.0
61,Ligue 1,2025,83,Nantes,22177,I. Ganago,Ignatius,Kpene Ganago,26.0,Cameroon,179,73,https://media.api-sports.io/football/players/22177.png,Attacker,14.0,11.0,858.0,6.81,3.0,1.0,16.0,7.0,152.0,7.0,65.0,5.0,1.0,2.0,12.0,7.0,116.0,60.0,14.0,12.0,1.0,0.0
61,Ligue 1,2025,83,Nantes,22260,I. Sissoko,Ibrahima,Sissoko,28.0,France,193,90,https://media.api-sports.io/football/players/22260.png,Defender,14.0,10.0,828.0,6.57,0.0,0.0,3.0,,330.0,4.0,80.0,15.0,5.0,18.0,11.0,7.0,98.0,47.0,8.0,25.0,4.0,0.0
61,Ligue 1,2025,114,Paris FC,23126,L. Gueye,Mamadou Lamine,Gueye,27.0,Senegal,178,74,https://media.api-sports.io/football/players/23126.png,Attacker,0.0,0.0,,,0.0,0.0,,,,,,,,,,,,,,,0.0,0.0
61,Ligue 1,2025,108,Auxerre,84082,R. Faivre,Romain,Faivre,27.0,France,180,75,https://media.api-sports.io/football/players/84082.png,Midfielder,10.0,7.0,587.0,6.8,0.0,2.0,8.0,3.0,178.0,10.0,82.0,7.0,1.0,5.0,22.0,12.0,54.0,33.0,11.0,5.0,0.0,0.0
61,Ligue 1,2025,108,Auxerre,152418,N. Ahamada,Naouirou Mohamed,Ahamada,23.0,France,183,73,https://media.api-sports.io/football/players/152418.png,Midfielder,15.0,8.0,687.0,6.77,0.0,1.0,5.0,1.0,265.0,6.0,86.0,10.0,1.0,5.0,16.0,8.0,54.0,29.0,8.0,5.0,0.0,0.0
61,Ligue 1,2025,97,Lorient,162018,B. Fadiga,Bandiougou,Fadiga,24.0,France,178,75,https://media.api-sports.io/football/players/162018.png,Midfielder,0.0,0.0,,,0.0,0.0,,,,,,,,,,,,,,,0.0,0.0
61,Ligue 1,2025,80,Lyon,377122,Endrick,Endrick Felipe,Moreira de Sousa,19.0,Brazil,173,66,https://media.api-sports.io/football/players/377122.png,Attacker,16.0,14.0,1222.0,7.09,5.0,7.0,41.0,26.0,302.0,30.0,74.0,13.0,,3.0,75.0,36.0,168.0,73.0,21.0,21.0,4.0,0.0
61,Ligue 1,2025,116,Lens,395589,N. Äelik,Nidal,Čelik,19.0,Bosnia and Herzegovina,189,,https://media.api-sports.io/football/players/395589.png,Defender,8.0,8.0,618.0,6.61,0.0,0.0,1.0,1.0,322.0,,91.0,20.0,5.0,9.0,5.0,1.0,52.0,28.0,1.0,13.0,2.0,0.0
61,Ligue 1,2025,91,Monaco,440070,J. Stawiecki,Jules,Stawiecki,18.0,France,186,80,https://media.api-sports.io/football/players/440070.png,Goalkeeper,0.0,0.0,,,0.0,0.0,,,,,,,,,,,,,,,0.0,0.0
61,Ligue 1,2025,91,Monaco,449676,S. Nibombé,Samuel Kondi,Nibombé,18.0,Belgium,198 cm,83 kg,https://media.api-sports.io/football/players/449676.png,Midfielder,1.0,0.0,1.0,,0.0,0.0,,,,,,,,,,,,,,,0.0,0.0
61,Ligue 1,2025,80,Lyon,497617,R. Himbert,Rémi Stéphane,Himbert,17.0,France,,,https://media.api-sports.io/football/players/497617.png,Attacker,6.0,1.0,139.0,6.68,1.0,0.0,7.0,1.0,23.0,,60.0,3.0,,,8.0,4.0,30.0,14.0,4.0,2.0,0.0,0.0
61,Ligue 1,2025,116,Lens,497661,I. Jourdren,Ilan,Jourdren,17.0,France,185,72,https://media.api-sports.io/football/players/497661.png,Goalkeeper,0.0,0.0,,,0.0,0.0,,,,,,,,,,,,,,,0.0,0.0
61,Ligue 1,2025,97,Lorient,582785,S. Baldoni,,,22.0,,,,https://media.api-sports.io/football/players/582785.png,Attacker,0.0,0.0,,,0.0,0.0,,,,,,,,,,,,,,,0.0,0.0
61,Ligue 1,2025,96,Toulouse,584362,G. Bakhouche Piernas,,,20.0,,,,https://media.api-sports.io/football/players/584362.png,Defender,0.0,0.0,,,0.0,0.0,,,,,,,,,,,,,,,0.0,0.0
61,Ligue 1,2025,116,Lens,633361,Erawan Garnier,Erawan,Garnier,20.0,Thailand,,,https://media.api-sports.io/football/players/633361.png,Attacker,1.0,0.0,14.0,6.6,0.0,0.0,,,9.0,,88.0,1.0,,,,,1.0,1.0,,,0.0,0.0
61,Ligue 1,2025,116,Lens,646,M. Gorgelin,Mathieu,Gorgelin,35.0,France,187 cm,83 kg,https://media.api-sports.io/football/players/646.png,Goalkeeper,1.0,1.0,90.0,8.2,0.0,0.0,,,34.0,,70.0,,,,,,2.0,2.0,,,0.0,0.0
61,Ligue 1,2025,116,Lens,1153,A. Haidara,Amadou,Haidara,27.0,Mali,175,72,https://media.api-sports.io/football/players/1153.png,Midfielder,7.0,2.0,257.0,6.93,1.0,1.0,2.0,2.0,125.0,2.0,88.0,,1.0,2.0,,,16.0,7.0,2.0,4.0,0.0,0.0
61,Ligue 1,2025,77,Angers,20817,G. Koyalipou,Goduine,Koyalipou,25.0,France,184,82,https://media.api-sports.io/football/players/20817.png,Attacker,13.0,7.0,675.0,6.56,2.0,1.0,18.0,9.0,124.0,5.0,75.0,3.0,,2.0,17.0,6.0,75.0,28.0,5.0,4.0,0.0,0.0
61,Ligue 1,2025,77,Angers,37652,B. van den Boomen,Branco,van den Boomen,30.0,Netherlands,188,75,https://media.api-sports.io/football/players/37652.png,Midfielder,15.0,14.0,1242.0,7.05,0.0,1.0,10.0,5.0,788.0,28.0,89.0,27.0,4.0,7.0,9.0,4.0,102.0,47.0,9.0,19.0,3.0,0.0
61,Ligue 1,2025,81,Marseille,38747,Q. Timber,Quinten Ryan Crispito,Timber,24.0,Netherlands,179,71,https://media.api-sports.io/football/players/38747.png,Midfielder,15.0,14.0,1111.0,6.67,0.0,0.0,7.0,2.0,485.0,9.0,85.0,31.0,,8.0,33.0,16.0,132.0,69.0,20.0,13.0,5.0,0.0
61,Ligue 1,2025,94,Rennes,40403,S. Szymański,Sebastian,Szymański,26.0,Poland,174,60,https://media.api-sports.io/football/players/40403.png,Midfielder,16.0,10.0,786.0,6.8,1.0,3.0,9.0,5.0,345.0,20.0,78.0,23.0,3.0,3.0,9.0,3.0,82.0,41.0,12.0,13.0,2.0,0.0
61,Ligue 1,2025,111,Le Havre,179843,L. Gourna-Douath,Lucas,Gourna-Douath,22.0,France,185 cm,81 kg,https://media.api-sports.io/football/players/179843.png,Midfielder,15.0,14.0,1275.0,6.84,0.0,0.0,6.0,2.0,560.0,6.0,86.0,26.0,11.0,14.0,16.0,8.0,149.0,84.0,35.0,24.0,5.0,0.0
61,Ligue 1,2025,83,Nantes,197779,M. Kaba,Mohamed,Kaba,24.0,France,185,71,https://media.api-sports.io/football/players/197779.png,Midfielder,13.0,12.0,941.0,6.8,0.0,2.0,11.0,6.0,298.0,12.0,79.0,28.0,3.0,14.0,14.0,7.0,138.0,77.0,29.0,14.0,2.0,0.0
61,Ligue 1,2025,83,Nantes,304427,Ali Yousef Musrati,Ali Yousef Ibrahim,Al Musrati,24.0,Libya,193,82,https://media.api-sports.io/football/players/304427.png,Defender,13.0,10.0,968.0,6.72,0.0,0.0,3.0,1.0,408.0,3.0,83.0,11.0,5.0,20.0,2.0,2.0,67.0,46.0,11.0,11.0,4.0,0.0
61,Ligue 1,2025,81,Marseille,313236,E. Nwaneri,Ethan Chidiebere,Nwaneri,18.0,England,176,70,https://media.api-sports.io/football/players/313236.png,Attacker,9.0,3.0,322.0,6.83,2.0,1.0,5.0,3.0,131.0,5.0,87.0,3.0,,4.0,16.0,5.0,39.0,10.0,1.0,4.0,1.0,0.0
61,Ligue 1,2025,114,Paris FC,342063,D. Coppola,Diego,Coppola,22.0,Italy,192,78,https://media.api-sports.io/football/players/342063.png,Defender,13.0,13.0,1170.0,6.93,0.0,2.0,5.0,3.0,629.0,4.0,86.0,12.0,10.0,6.0,2.0,2.0,83.0,43.0,3.0,6.0,1.0,0.0
61,Ligue 1,2025,80,Lyon,361352,N. Nartey,Noah,Teye Nartey,20.0,Denmark,180,70,https://media.api-sports.io/football/players/361352.png,Midfielder,11.0,5.0,547.0,6.79,2.0,0.0,3.0,2.0,228.0,3.0,87.0,11.0,,2.0,23.0,14.0,73.0,33.0,7.0,6.0,0.0,0.0
61,Ligue 1,2025,95,Strasbourg,369544,Gessime Yassine,Gessime,Yassine,20.0,France,173,"
    ",https://media.api-sports.io/football/players/369544.png,Attacker,12.0,6.0,514.0,6.82,0.0,1.0,5.0,1.0,179.0,8.0,82.0,23.0,,2.0,29.0,10.0,97.0,52.0,19.0,9.0,0.0,0.0
61,Ligue 1,2025,83,Nantes,386438,M. Acapandié,Mathieu,Acapandié,21.0,France,182,73,https://media.api-sports.io/football/players/386438.png,Defender,7.0,3.0,284.0,6.43,0.0,0.0,,,83.0,4.0,68.0,6.0,,3.0,3.0,2.0,24.0,11.0,,3.0,0.0,0.0
61,Ligue 1,2025,79,Lille,401333,L. Baret,Lilian,Baret,19.0,France,168,60,https://media.api-sports.io/football/players/401333.png,Midfielder,0.0,0.0,,,0.0,0.0,,,,,,,,,,,,,,,0.0,0.0
61,Ligue 1,2025,84,Nice,405237,K. Boudache,Kaïl,Boudache,17.0,France,,,https://media.api-sports.io/football/players/405237.png,Attacker,14.0,3.0,580.0,6.69,2.0,0.0,11.0,4.0,135.0,5.0,74.0,13.0,,6.0,21.0,6.0,90.0,29.0,4.0,6.0,1.0,0.0
61,Ligue 1,2025,96,Toulouse,571904,N. Said Mchindra,,,20.0,,,,https://media.api-sports.io/football/players/571904.png,Goalkeeper,0.0,0.0,,,0.0,0.0,,,,,,,,,,,,,,,0.0,0.0
61,Ligue 1,2025,112,Metz,584096,N. Mbala,,,17.0,,,,https://media.api-sports.io/football/players/584096.png,Attacker,13.0,4.0,448.0,6.67,2.0,2.0,12.0,4.0,84.0,13.0,73.0,9.0,,1.0,16.0,6.0,52.0,25.0,6.0,3.0,0.0,0.0
61,Ligue 1,2025,95,Strasbourg,588425,Tyrese Noubissie,,,16.0,,,,https://media.api-sports.io/football/players/588425.png,Midfielder,4.0,0.0,55.0,6.63,0.0,0.0,,,45.0,1.0,91.0,,1.0,2.0,,,5.0,2.0,1.0,2.0,1.0,0.0
61,Ligue 1,2025,97,Lorient,608028,M. Kone,,,,,,,https://media.api-sports.io/football/players/608028.png,Attacker,0.0,0.0,,,0.0,0.0,,,,,,,,,,,,,,,0.0,0.0
61,Ligue 1,2025,114,Paris FC,1863,C. Immobile,Ciro,Immobile,35.0,Italy,185,78,https://media.api-sports.io/football/players/1863.png,Attacker,12.0,9.0,711.0,6.66,2.0,2.0,12.0,5.0,156.0,9.0,69.0,,2.0,1.0,5.0,3.0,54.0,18.0,6.0,8.0,2.0,0.0
61,Ligue 1,2025,112,Metz,1915,B. Sarr,Bouna Junior,Sarr,32.0,Senegal,177 cm,69 kg,https://media.api-sports.io/football/players/1915.png,Defender,12.0,10.0,897.0,6.6,0.0,0.0,11.0,3.0,354.0,8.0,89.0,23.0,6.0,11.0,32.0,11.0,117.0,62.0,20.0,12.0,1.0,0.0
61,Ligue 1,2025,112,Metz,8490,G. Kvilitaia,Giorgi,Kvilitaia,32.0,Georgia,193,82,https://media.api-sports.io/football/players/8490.png,Attacker,10.0,5.0,502.0,6.71,2.0,0.0,10.0,7.0,123.0,9.0,69.0,7.0,1.0,,6.0,4.0,81.0,36.0,6.0,11.0,1.0,0.0
61,Ligue 1,2025,80,Lyon,8493,R. Yaremchuk,Roman,Yaremchuk,30.0,Ukraine,191,79,https://media.api-sports.io/football/players/8493.png,Attacker,11.0,5.0,561.0,6.78,4.0,1.0,12.0,6.0,103.0,6.0,76.0,4.0,,,10.0,2.0,53.0,22.0,4.0,7.0,1.0,0.0
61,Ligue 1,2025,116,Lens,18816,A. Masuaku,Fuka-Arthur,Masuaku Kawela,32.0,Congo DR,179,80,https://media.api-sports.io/football/players/18816.png,Defender,4.0,3.0,229.0,6.3,0.0,0.0,1.0,1.0,163.0,2.0,87.0,5.0,1.0,1.0,3.0,3.0,25.0,11.0,1.0,2.0,1.0,0.0
61,Ligue 1,2025,79,Lille,20732,G. Perrin,Gaëtan,Perrin,29.0,France,169,63,https://media.api-sports.io/football/players/20732.png,Attacker,12.0,3.0,346.0,6.71,1.0,0.0,6.0,4.0,122.0,10.0,78.0,12.0,,2.0,18.0,10.0,51.0,23.0,1.0,8.0,2.0,0.0
61,Ligue 1,2025,94,Rennes,22097,A. Nordin,Arnaud Dominique,Nordin,27.0,France,170,70,https://media.api-sports.io/football/players/22097.png,Midfielder,10.0,7.0,573.0,6.77,1.0,3.0,15.0,5.0,158.0,6.0,78.0,9.0,,,15.0,6.0,75.0,35.0,17.0,8.0,1.0,0.0
61,Ligue 1,2025,116,Lens,22173,A. Saint-Maximin,Allan Irénée,Saint-Maximin,28.0,France,173,67,https://media.api-sports.io/football/players/22173.png,Attacker,10.0,2.0,403.0,7.34,3.0,3.0,11.0,3.0,167.0,18.0,86.0,3.0,,1.0,26.0,14.0,60.0,26.0,7.0,3.0,1.0,0.0
61,Ligue 1,2025,108,Auxerre,115588,B. Okoh,Bryan Ikemefuna,Okoh,22.0,Switzerland,189,88,https://media.api-sports.io/football/players/115588.png,Defender,13.0,12.0,1011.0,7.12,3.0,0.0,6.0,3.0,423.0,4.0,84.0,13.0,13.0,27.0,2.0,,82.0,52.0,8.0,13.0,2.0,0.0
61,Ligue 1,2025,96,Toulouse,203428,J. Russell-Rowe,Jacen Rex Orlando,Russell-Rowe,23.0,Canada,183,73,https://media.api-sports.io/football/players/203428.png,Attacker,13.0,5.0,473.0,6.38,1.0,0.0,10.0,4.0,100.0,6.0,72.0,5.0,2.0,1.0,5.0,2.0,52.0,15.0,1.0,9.0,0.0,0.0
61,Ligue 1,2025,95,Strasbourg,291476,D. Fofana,David Datro,Fofana,23.0,Côte d'Ivoire,181,76,https://media.api-sports.io/football/players/291476.png,Attacker,5.0,3.0,180.0,6.42,0.0,0.0,3.0,1.0,33.0,1.0,84.0,2.0,,1.0,4.0,2.0,19.0,6.0,1.0,3.0,0.0,0.0
61,Ligue 1,2025,91,Monaco,301771,S. Adingra,Simon,Adingra,23.0,Côte d'Ivoire,175,68,https://media.api-sports.io/football/players/301771.png,Midfielder,14.0,10.0,868.0,6.71,3.0,2.0,13.0,6.0,346.0,13.0,76.0,11.0,,6.0,69.0,23.0,135.0,46.0,8.0,7.0,0.0,0.0
61,Ligue 1,2025,95,Strasbourg,422780,A. Anselmino,Aaron,Anselmino,20.0,Argentina,186,83,https://media.api-sports.io/football/players/422780.png,Defender,3.0,0.0,24.0,6.7,0.0,0.0,,,8.0,,100.0,,,1.0,,,2.0,2.0,,,0.0,0.0
61,Ligue 1,2025,94,Rennes,456765,H. Do Marcolino,Henrick,Do Marcolino,19.0,France,179,63,https://media.api-sports.io/football/players/456765.png,Attacker,1.0,0.0,2.0,,0.0,0.0,,,3.0,,,1.0,,2.0,,,2.0,2.0,,,0.0,0.0
61,Ligue 1,2025,85,Paris Saint Germain,491087,Pedro Fernández,Pedro,Fernández Sarmiento,17.0,Spain,182,68,https://media.api-sports.io/football/players/491087.png,Midfielder,12.0,7.0,682.0,6.68,1.0,0.0,7.0,3.0,392.0,8.0,91.0,13.0,3.0,8.0,13.0,6.0,67.0,35.0,12.0,8.0,0.0,0.0
61,Ligue 1,2025,95,Strasbourg,585206,Y. Becker,,,17.0,,,,https://media.api-sports.io/football/players/585206.png,Defender,0.0,0.0,,,0.0,0.0,,,,,,,,,,,,,,,0.0,0.0
61,Ligue 1,2025,94,Rennes,639279,Chibuike Ugochukwu,,,17.0,,,,https://media.api-sports.io/football/players/639279.png,Midfielder,0.0,0.0,,,0.0,0.0,,,,,,,,,,,,,,,0.0,0.0
61,Ligue 1,2025,106,Stade Brestois 29,639289,Axel Lassus,,,,,,,https://media.api-sports.io/football/players/639289.png,Midfielder,0.0,0.0,,,0.0,0.0,,,,,,,,,,,,,,,0.0,0.0
61,Ligue 1,2025,77,Angers,639473,Yahia Jlidi,Yahia,Jlidi,17.0,France,,,https://media.api-sports.io/football/players/639473.png,Forward,0.0,0.0,,,0.0,0.0,,,,,,,,,,,,,,,0.0,0.0
61,Ligue 1,2025,94,Rennes,640701,Junior Ake,,,18.0,,,,https://media.api-sports.io/football/players/640701.png,Defender,0.0,0.0,,,0.0,0.0,,,,,,,,,,,,,,,0.0,0.0
61,Ligue 1,2025,84,Nice,3099,Y. Ndayishimiye,Youssouf,Nyange Ndayishimiye,27.0,Burundi,183,79,https://media.api-sports.io/football/players/3099.png,Midfielder,2.0,1.0,72.0,6.1,0.0,0.0,,,19.0,,73.0,,1.0,2.0,,,4.0,1.0,,2.0,0.0,1.0
61,Ligue 1,2025,83,Nantes,21636,F. Guilbert,Frédéric,Guilbert,31.0,France,178,70,https://media.api-sports.io/football/players/21636.png,Defender,8.0,7.0,610.0,7.05,0.0,0.0,6.0,2.0,179.0,7.0,76.0,16.0,5.0,21.0,9.0,5.0,72.0,42.0,13.0,7.0,1.0,0.0
61,Ligue 1,2025,81,Marseille,354298,T. Nnadi,Tochukwu,Nnadi,22.0,Nigeria,,,https://media.api-sports.io/football/players/354298.png,Midfielder,8.0,4.0,352.0,6.43,0.0,1.0,4.0,1.0,161.0,3.0,88.0,7.0,,3.0,3.0,2.0,41.0,16.0,4.0,10.0,1.0,0.0
61,Ligue 1,2025,80,Lyon,438694,Y. Konan,Yvann Birama,Konan,18.0,Côte d'Ivoire,,,https://media.api-sports.io/football/players/438694.png,Goalkeeper,0.0,0.0,,,0.0,0.0,,,,,,,,,,,,,,,0.0,0.0
61,Ligue 1,2025,116,Lens,441256,O. Lenne,Oscar Quentin David,Lenne,19.0,France,180 cm,67 kg,https://media.api-sports.io/football/players/441256.png,Defender,0.0,0.0,,,0.0,0.0,,,,,,,,,,,,,,,0.0,0.0
61,Ligue 1,2025,94,Rennes,457101,M. Zabiri,Mohamed Yassir,Zabiri,20.0,Morocco,177,69,https://media.api-sports.io/football/players/457101.png,Attacker,6.0,0.0,63.0,6.53,0.0,0.0,4.0,2.0,13.0,,92.0,3.0,1.0,,2.0,2.0,16.0,6.0,,6.0,0.0,0.0
61,Ligue 1,2025,96,Toulouse,489903,Y. Azizi,Ilyas,Azizi,17.0,France,173,63,https://media.api-sports.io/football/players/489903.png,Attacker,3.0,0.0,30.0,6.53,0.0,0.0,1.0,,13.0,1.0,100.0,1.0,,,1.0,1.0,4.0,2.0,,,0.0,0.0
61,Ligue 1,2025,95,Strasbourg,551210,A. Cisse,,,19.0,,,,https://media.api-sports.io/football/players/551210.png,Defender,1.0,1.0,90.0,6.3,0.0,0.0,,,53.0,1.0,84.0,3.0,1.0,,1.0,1.0,9.0,5.0,,3.0,0.0,0.0
61,Ligue 1,2025,85,Paris Saint Germain,568268,D. Lucea,,,19.0,,,,https://media.api-sports.io/football/players/568268.png,Defender,2.0,1.0,59.0,6.8,0.0,0.0,,,52.0,,90.0,4.0,,2.0,1.0,,12.0,7.0,1.0,1.0,0.0,0.0
61,Ligue 1,2025,85,Paris Saint Germain,568269,T. Cordier,,,20.0,,,,https://media.api-sports.io/football/players/568269.png,Defender,0.0,0.0,,,0.0,0.0,,,,,,,,,,,,,,,0.0,0.0
61,Ligue 1,2025,77,Angers,570586,M. Gernigon,Mael,Gernigon,16.0,France,,,https://media.api-sports.io/football/players/570586.png,Defender,0.0,0.0,,,0.0,0.0,,,,,,,,,,,,,,,0.0,0.0
61,Ligue 1,2025,96,Toulouse,584361,A. El Ouali,,,19.0,,,,https://media.api-sports.io/football/players/584361.png,Midfielder,0.0,0.0,,,0.0,0.0,,,,,,,,,,,,,,,0.0,0.0
61,Ligue 1,2025,81,Marseille,606267,Ange Lago,,,20.0,,,,https://media.api-sports.io/football/players/606267.png,Attacker,2.0,0.0,58.0,6.75,0.0,0.0,2.0,2.0,10.0,1.0,80.0,5.0,,,,,14.0,7.0,1.0,2.0,1.0,0.0
61,Ligue 1,2025,95,Strasbourg,629148,Jean-Baptiste Bosey,,,17.0,,,,https://media.api-sports.io/football/players/629148.png,Attacker,1.0,0.0,11.0,6.3,0.0,0.0,,,,,,,,,,,1.0,,,1.0,0.0,0.0
61,Ligue 1,2025,80,Lyon,645969,Steeve Kango,,,19.0,,,,https://media.api-sports.io/football/players/645969.png,Defender,4.0,1.0,86.0,6.65,0.0,0.0,,,55.0,,92.0,2.0,1.0,,2.0,1.0,10.0,4.0,1.0,1.0,0.0,0.0
61,Ligue 1,2025,112,Metz,647405,J. Pandore,,,18.0,,,,https://media.api-sports.io/football/players/647405.png,Attacker,4.0,0.0,85.0,6.7,1.0,0.0,1.0,1.0,39.0,1.0,71.0,4.0,,,3.0,,16.0,5.0,1.0,2.0,0.0,0.0
61,Ligue 1,2025,77,Angers,648492,Yann Llahona,,,,,,,https://media.api-sports.io/football/players/648492.png,Goalkeeper,0.0,0.0,,,0.0,0.0,,,,,,,,,,,,,,,0.0,0.0
61,Ligue 1,2025,94,Rennes,653231,Isiaka Soukouna,,,20.0,,,,https://media.api-sports.io/football/players/653231.png,Defender,0.0,0.0,,,0.0,0.0,,,,,,,,,,,,,,,0.0,0.0
61,Ligue 1,2025,95,Strasbourg,659107,Yaya Diémé,,,18.0,,,,https://media.api-sports.io/football/players/659107.png,Attacker,3.0,2.0,155.0,6.47,0.0,0.0,1.0,1.0,17.0,,82.0,,,,,,11.0,1.0,1.0,4.0,2.0,0.0
61,Ligue 1,2025,116,Lens,660571,M. Soares,,,16.0,,,,https://media.api-sports.io/football/players/660571.png,Midfielder,1.0,0.0,11.0,7.6,1.0,0.0,1.0,1.0,4.0,1.0,75.0,,,,,,,,,,0.0,0.0
61,Ligue 1,2025,97,Lorient,195893,S. Touré,Souleymane Isaak,Touré,22.0,France,206,98,https://media.api-sports.io/football/players/195893.png,Defender,1.0,0.0,28.0,6.9,0.0,0.0,,,19.0,,78.0,,,,,,,,,,0.0,0.0
61,Ligue 1,2025,84,Nice,196343,Mohamed Abdelmonem,Mohamed Abdelmonem El Sayed,Mohamed Ahmed,26.0,Egypt,183,78,https://media.api-sports.io/football/players/196343.png,Defender,0.0,0.0,,,0.0,0.0,,,,,,,,,,,,,,,0.0,0.0
61,Ligue 1,2025,83,Nantes,342994,H. Lamy,Hugo Florent Nicolas,Lamy,21.0,France,176,67,https://media.api-sports.io/football/players/342994.png,Defender,0.0,0.0,,,0.0,0.0,,,,,,,,,,,,,,,0.0,0.0
61,Ligue 1,2025,80,Lyon,350856,E. Nuamah,Ernest,Nuamah Appiah,22.0,Ghana,178,71,https://media.api-sports.io/football/players/350856.png,Attacker,3.0,0.0,47.0,6.6,0.0,0.0,,,18.0,,94.0,1.0,,,6.0,3.0,10.0,4.0,,,0.0,0.0
61,Ligue 1,2025,83,Nantes,413061,E. Mongo,Enzo,Mongo,20.0,France,185,,https://media.api-sports.io/football/players/413061.png,Defender,0.0,0.0,,,0.0,0.0,,,,,,,,,,,,,,,0.0,0.0
61,Ligue 1,2025,85,Paris Saint Germain,567805,P. Mounguengue,,,17.0,,,,https://media.api-sports.io/football/players/567805.png,Attacker,1.0,0.0,15.0,5.6,0.0,0.0,1.0,1.0,4.0,,50.0,,,,,,,,,,0.0,0.0
61,Ligue 1,2025,81,Marseille,568058,U. Lamare El Kadmiri,,,18.0,,,,https://media.api-sports.io/football/players/568058.png,Attacker,3.0,0.0,25.0,6.25,0.0,0.0,1.0,,5.0,,60.0,,,1.0,1.0,,5.0,2.0,,1.0,0.0,0.0
61,Ligue 1,2025,81,Marseille,568060,K. Bezahaf,,,19.0,,,,https://media.api-sports.io/football/players/568060.png,Defender,0.0,0.0,,,0.0,0.0,,,,,,,,,,,,,,,0.0,0.0
61,Ligue 1,2025,85,Paris Saint Germain,568147,S. Coulibaly,,,18.0,,,,https://media.api-sports.io/football/players/568147.png,Defender,0.0,0.0,,,0.0,0.0,,,,,,,,,,,,,,,0.0,0.0
61,Ligue 1,2025,108,Auxerre,629378,L. Dioubate,,,18.0,,,,https://media.api-sports.io/football/players/629378.png,Midfielder,0.0,0.0,,,0.0,0.0,,,,,,,,,,,,,,,0.0,0.0
61,Ligue 1,2025,77,Angers,655113,Bane Diatta,Bane,Diatta,17.0,France,,,https://media.api-sports.io/football/players/655113.png,Midfielder,1.0,0.0,9.0,6.6,0.0,0.0,,,2.0,,100.0,1.0,,,,,1.0,1.0,,,0.0,0.0
61,Ligue 1,2025,95,Strasbourg,656711,Idrissa Sabaly,,,18.0,,,,https://media.api-sports.io/football/players/656711.png,Midfielder,1.0,1.0,57.0,6.2,0.0,0.0,1.0,,24.0,,66.0,1.0,,1.0,1.0,1.0,3.0,2.0,,1.0,0.0,0.0
61,Ligue 1,2025,81,Marseille,656975,Hilan Hamzaoui Slimani,,,20.0,,,,https://media.api-sports.io/football/players/656975.png,Defender,1.0,0.0,9.0,6.9,0.0,0.0,,,7.0,,100.0,2.0,,,,,4.0,3.0,,,0.0,0.0
61,Ligue 1,2025,81,Marseille,656976,Nouhoum Kamissoko,,,21.0,,,,https://media.api-sports.io/football/players/656976.png,Midfielder,3.0,0.0,31.0,6.6,0.0,0.0,1.0,,18.0,2.0,83.0,1.0,3.0,,,,3.0,2.0,,,0.0,0.0
61,Ligue 1,2025,83,Nantes,659069,L. Bonelli,,,23.0,,,,https://media.api-sports.io/football/players/659069.png,Goalkeeper,0.0,0.0,,,0.0,0.0,,,,,,,,,,,,,,,0.0,0.0
61,Ligue 1,2025,85,Paris Saint Germain,659070,B. Laurendon,,,20.0,,,,https://media.api-sports.io/football/players/659070.png,Goalkeeper,0.0,0.0,,,0.0,0.0,,,,,,,,,,,,,,,0.0,0.0
61,Ligue 1,2025,1063,Saint Etienne,8683,I. Cardona,Irvin Charly Jose,Cardona,28.0,France,185,76,https://media.api-sports.io/football/players/8683.png,Midfielder,3.0,3.0,207.0,6.37,0.0,0.0,2.0,,71.0,1.0,66.0,,1.0,1.0,1.0,,12.0,2.0,1.0,1.0,0.0,0.0
61,Ligue 1,2025,1063,Saint Etienne,20541,G. Larsonneur,Gautier,Larsonneur,28.0,France,181,70,https://media.api-sports.io/football/players/20541.png,Goalkeeper,3.0,3.0,269.0,7.27,0.0,0.0,,,64.0,,78.0,,,,,,,,,,0.0,0.0
61,Ligue 1,2025,1063,Saint Etienne,24743,Z. Davitashvili,Zuriko,Davitashvili,24.0,Georgia,175,63,https://media.api-sports.io/football/players/24743.png,Midfielder,3.0,3.0,269.0,7.27,1.0,0.0,4.0,1.0,94.0,7.0,86.0,1.0,,,9.0,3.0,23.0,9.0,3.0,2.0,0.0,0.0
61,Ligue 1,2025,1063,Saint Etienne,90599,M. Bernauer,Maxime,Bernauer,27.0,France,186,77,https://media.api-sports.io/football/players/90599.png,Defender,3.0,3.0,270.0,7.57,0.0,0.0,2.0,,164.0,,89.0,6.0,4.0,3.0,,,11.0,6.0,,2.0,0.0,0.0
61,Ligue 1,2025,1063,Saint Etienne,179856,B. Old,Benjamin Craig,Old,23.0,New Zealand,173,66,https://media.api-sports.io/football/players/179856.png,Defender,1.0,1.0,90.0,7.3,0.0,0.0,,,84.0,2.0,90.0,1.0,,,,,6.0,4.0,3.0,,0.0,0.0
61,Ligue 1,2025,1063,Saint Etienne,305735,J. Duffus,Joshua James,Leslie Duffus,21.0,England,,,https://media.api-sports.io/football/players/305735.png,Midfielder,3.0,1.0,99.0,6.37,0.0,0.0,1.0,,22.0,,81.0,1.0,1.0,,2.0,1.0,10.0,3.0,1.0,2.0,0.0,0.0
61,Ligue 1,2025,1063,Saint Etienne,384828,A. Kanté,Abdoulaye,Raslan Kanté,20.0,France,180,75,https://media.api-sports.io/football/players/384828.png,Midfielder,3.0,3.0,243.0,7.3,0.0,0.0,2.0,,149.0,1.0,93.0,6.0,,3.0,1.0,1.0,20.0,10.0,1.0,7.0,2.0,0.0
61,Ligue 1,2025,1063,Saint Etienne,452315,K. Pedro,Kévin,Pedro,19.0,France,183,72,https://media.api-sports.io/football/players/452315.png,Defender,3.0,3.0,270.0,6.9,0.0,0.0,,,129.0,1.0,79.0,8.0,2.0,6.0,6.0,2.0,27.0,17.0,1.0,3.0,0.0,0.0
61,Ligue 1,2025,1063,Saint Etienne,495154,L. Gadegbeku,Luan,Gadegbeku,18.0,France,,,https://media.api-sports.io/football/players/495154.png,Midfielder,3.0,3.0,252.0,6.8,0.0,0.0,1.0,,92.0,2.0,91.0,,2.0,1.0,5.0,2.0,24.0,11.0,5.0,3.0,0.0,0.0
61,Ligue 1,2025,84,Nice,240,P. Rosario,Pablo Paulino,Rosario,29.0,Netherlands,188,73,https://media.api-sports.io/football/players/240.png,Midfielder,1.0,0.0,27.0,6.900000,,0.0,2.0,1.0,16.0,1.0,,1.0,,,3.0,2.0,5.0,3.0,,,0.0,0.0
61,Ligue 1,2025,1063,Saint Etienne,1407,D. Appiah,Dennis,Appiah,33.0,France,179,68,https://media.api-sports.io/football/players/1407.png,Defender,2.0,2.0,123.0,7,0.0,0.0,,,48.0,5.0,75.0,1.0,1.0,3.0,2.0,,8.0,1.0,,1.0,0.0,0.0
61,Ligue 1,2025,1063,Saint Etienne,8624,F. Tardieu,Florian,Tardieu,33.0,France,181,70,https://media.api-sports.io/football/players/8624.png,Midfielder,2.0,0.0,38.0,6.6,0.0,0.0,,,40.0,,85.0,,,,,,4.0,4.0,1.0,,0.0,0.0
61,Ligue 1,2025,1063,Saint Etienne,20736,B. Maubleu,Brice,Maubleu,36.0,France,192,83,https://media.api-sports.io/football/players/20736.png,Goalkeeper,1.0,0.0,1.0,,0.0,0.0,,,1.0,,100.0,,,,,,,,,,0.0,0.0
61,Ligue 1,2025,1063,Saint Etienne,22087,M. Nadé,Mickaël,Nadé,26.0,France,186,81,https://media.api-sports.io/football/players/22087.png,Defender,2.0,0.0,64.0,6.5,0.0,0.0,,,31.0,,90.0,1.0,,1.0,,,2.0,1.0,,,0.0,0.0
61,Ligue 1,2025,1063,Saint Etienne,127634,João Ferreira,João Diogo,Fonseca Ferreira,24.0,Portugal,185,79,https://media.api-sports.io/football/players/127634.png,Defender,3.0,0.0,58.0,6.1,0.0,0.0,,,25.0,,72.0,2.0,,1.0,2.0,,12.0,4.0,1.0,1.0,0.0,0.0
61,Ligue 1,2025,84,Nice,158065,Tiago Gouveia,Tiago Maria,Antunes Gouveia,25.0,Portugal,176,70,https://media.api-sports.io/football/players/158065.png,Forward,16.0,13.0,585.0,6.425000,,0.0,11.0,4.0,195.0,2.0,,8.0,1.0,9.0,23.0,7.0,65.0,27.0,10.0,6.0,2.0,0.0
61,Ligue 1,2025,1063,Saint Etienne,174801,A. Moueffek,Aïmen,Moueffek,24.0,France,179,71,https://media.api-sports.io/football/players/174801.png,Midfielder,3.0,0.0,52.0,5.9,0.0,0.0,2.0,1.0,24.0,,83.0,1.0,,,1.0,,9.0,3.0,2.0,2.0,0.0,0.0
61,Ligue 1,2025,1063,Saint Etienne,305450,E. Annan,Ebenezer,Annan,23.0,Ghana,,,https://media.api-sports.io/football/players/305450.png,Defender,0.0,0.0,,,0.0,0.0,,,,,,,,,,,,,,,0.0,0.0
61,Ligue 1,2025,1063,Saint Etienne,322560,L. Stassin,Lucas Frédéric,Stassin,21.0,Belgium,171,81,https://media.api-sports.io/football/players/322560.png,Attacker,3.0,3.0,270.0,6.37,0.0,0.0,3.0,,53.0,2.0,73.0,1.0,,,2.0,1.0,10.0,3.0,1.0,,0.0,0.0
61,Ligue 1,2025,114,Paris FC,327592,L. Doucet,Lohann,Doucet,23.0,France,180,73,https://media.api-sports.io/football/players/327592.png,Midfielder,5.0,4.0,127.0,6.450000,1.0,0.0,2.0,1.0,56.0,3.0,,1.0,1.0,,3.0,2.0,13.0,4.0,1.0,4.0,2.0,0.0
61,Ligue 1,2025,1063,Saint Etienne,337426,A. Boakye,Augustine,Boakye,25.0,Ghana,178,70,https://media.api-sports.io/football/players/337426.png,Midfielder,2.0,2.0,180.0,6.5,0.0,0.0,4.0,1.0,58.0,1.0,86.0,4.0,,,1.0,,20.0,9.0,5.0,3.0,0.0,0.0
61,Ligue 1,2025,1063,Saint Etienne,363053,I. Miladinović,Igor,Miladinović,22.0,Serbia,166,50,https://media.api-sports.io/football/players/363053.png,Midfielder,0.0,0.0,,,0.0,0.0,,,,,,,,,,,,,,,0.0,0.0
61,Ligue 1,2025,85,Paris Saint Germain,437099,Renato Bellucci,Renato,Bellucci Marin,20.0,Italy,190,78,https://media.api-sports.io/football/players/437099.png,Goalkeeper,2.0,2.0,180.0,7.250000,,0.0,,,37.0,,,,,,,,1.0,1.0,1.0,,0.0,0.0
61,Ligue 1,2025,77,Angers,456831,Marius Louër,Marius,Louër,19.0,France,181,70,https://media.api-sports.io/football/players/456831.png,Defender,9.0,7.0,552.0,6.655555,,0.0,,,205.0,3.0,,20.0,2.0,3.0,5.0,4.0,53.0,32.0,3.0,7.0,1.0,0.0
61,Ligue 1,2025,1063,Saint Etienne,531403,D. N'Guessan,,,17.0,,,,https://media.api-sports.io/football/players/531403.png,Attacker,1.0,0.0,19.0,7.3,0.0,0.0,,,6.0,1.0,100.0,1.0,,,,,1.0,1.0,,,0.0,0.0
61,Ligue 1,2025,85,Paris Saint Germain,543469,Mathis Jangeal,Mathis,Jangeal,17.0,France,,,https://media.api-sports.io/football/players/543469.png,Forward,2.0,1.0,10.0,6.200000,,0.0,,,9.0,,,,,,,,2.0,,,1.0,0.0,0.0
61,Ligue 1,2025,77,Angers,579375,Djibirin Harouna,Harouna,Djibirin,19.0,Cameroon,,,https://media.api-sports.io/football/players/579375.png,Forward,9.0,4.0,157.0,6.788888,2.0,1.0,4.0,3.0,39.0,3.0,,2.0,,2.0,7.0,2.0,36.0,13.0,4.0,6.0,1.0,0.0
61,Ligue 1,2025,1063,Saint Etienne,663280,Mylan Toty,,,,,,,https://media.api-sports.io/football/players/663280.png,Defender,0.0,0.0,,,0.0,0.0,,,,,,,,,,,,,,,0.0,0.0
