league_id,league,season,team_id,team,player_id,name,firstname,lastname,age,nationality,height,weight,photo,position,appearances,lineups,minutes,rating,goals,assists,shots,shots_on_target,passes,key_passes,pass_accuracy,tackles,blocks,interceptions,dribble_attempts,successful_dribbles,duels_total,duels_won,fouls_drawn,fouls_committed,yellow_cards,red_cards
78,Bundesliga,2025,162,Werder Bremen,3013,D. Kownacki,Dawid Igor,Kownacki,28.0,Poland,186,75,https://media.api-sports.io/football/players/3013.png,Attacker,,,,,,,,,,,,,,,,,,,,,,
78,Bundesliga,2025,169,Eintracht Frankfurt,14276,H. Smolčić,Hrvoje,Smolčić,25.0,Croatia,183,80,https://media.api-sports.io/football/players/14276.png,Defender,,,,,,,,,,,,,,,,,,,,,,
78,Bundesliga,2025,163,Borussia Mönchengladbach,22148,N. Ngoumou,Nathan,Ngoumou Minpole,25.0,France,182,70,https://media.api-sports.io/football/players/22148.png,Midfielder,,,,,,,,,,,,,,,,,,,,,,
78,Bundesliga,2025,165,Borussia Dortmund,24894,D. Ramaj,Diant,Ramaj,24.0,Germany,189,81,https://media.api-sports.io/football/players/24894.png,Goalkeeper,4.0,4.0,360.0,7.425000,,0.0,,,193.0,,,,,,,,6.0,3.0,1.0,2.0,1.0,0.0
78,Bundesliga,2025,180,1. FC Heidenheim,24894,D. Ramaj,Diant,Ramaj,24.0,Germany,189,81,https://media.api-sports.io/football/players/24894.png,Goalkeeper,31.0,31.0,2790.0,6.98,0.0,1.0,,,1531.0,1.0,65.0,1.0,,,,,21.0,15.0,2.0,2.0,2.0,0.0
78,Bundesliga,2025,192,1. FC Köln,25178,L. Paqarada,Leart,Paqarada,31.0,Kosovo,184,76,https://media.api-sports.io/football/players/25178.png,Defender,2.0,2.0,7.0,,,0.0,,,2.0,,,,,,,,1.0,,,,0.0,0.0
78,Bundesliga,2025,180,1. FC Heidenheim,25178,L. Paqarada,Leart,Paqarada,31.0,Kosovo,184,76,https://media.api-sports.io/football/players/25178.png,Defender,1.0,1.0,7.0,,0.0,0.0,,,2.0,,100.0,,,,,,1.0,,,,0.0,0.0
78,Bundesliga,2025,161,VfL Wolfsburg,30527,Rogério,Rogério,Oliveira da Silva,27.0,Brazil,178,70,https://media.api-sports.io/football/players/30527.png,Defender,,,,,,,,,,,,,,,,,,,,,,
78,Bundesliga,2025,175,Hamburger SV,40533,Ł. Poręba,Łukasz,Poręba,25.0,Poland,179,76,https://media.api-sports.io/football/players/40533.png,Midfielder,,,,,,,,,,,,,,,,,,,,,,
78,Bundesliga,2025,175,Hamburger SV,48475,S. Hefti,Silvan,Hefti,28.0,Switzerland,182,76,https://media.api-sports.io/football/players/48475.png,Defender,,,,,,,,,,,,,,,,,,,,,,
78,Bundesliga,2025,169,Eintracht Frankfurt,90594,J. Dina Ebimbe,Éric Junior,Dina Ebimbe,25.0,France,183,76,https://media.api-sports.io/football/players/90594.png,Midfielder,,,,,,,,,,,,,,,,,,,,,,
78,Bundesliga,2025,157,Bayern München,126530,Daniel Peretz,Daniel,Peretz,25.0,Israel,195,89,https://media.api-sports.io/football/players/126530.png,Goalkeeper,4.0,2.0,,,,,,,,,,,,,,,,,,,0.0,0.0
78,Bundesliga,2025,175,Hamburger SV,126530,Daniel Peretz,Daniel,Peretz,25.0,Israel,195,89,https://media.api-sports.io/football/players/126530.png,Goalkeeper,0.0,0.0,,,0.0,0.0,,,,,,,,,,,,,,,0.0,0.0
78,Bundesliga,2025,180,1. FC Heidenheim,128849,M. Breunig,Maximilian,Breunig,25.0,Germany,195,78,https://media.api-sports.io/football/players/128849.png,Attacker,,,,,,,,,,,,,,,,,,,,,,
78,Bundesliga,2025,165,Borussia Dortmund,280463,S. Ostrzinski,Silas,Ostrzinski,22.0,Germany,198,86,https://media.api-sports.io/football/players/280463.png,Goalkeeper,,,,,,,,,,,,,,,,,,,,,,
78,Bundesliga,2025,180,1. FC Heidenheim,327887,Luka Janes,Luka,Janes,21.0,Germany,183,73,https://media.api-sports.io/football/players/327887.png,Midfielder,,,,,,,,,,,,,,,,,,,,,,
78,Bundesliga,2025,157,Bayern München,327897,A. Ibrahimović,Arijon,Ibrahimović,20.0,Germany,176,69,https://media.api-sports.io/football/players/327897.png,Midfielder,4.0,4.0,288.0,6.375000,,0.0,5.0,4.0,89.0,5.0,,4.0,,1.0,6.0,2.0,27.0,12.0,1.0,2.0,0.0,0.0
78,Bundesliga,2025,180,1. FC Heidenheim,327897,A. Ibrahimović,Arijon,Ibrahimović,20.0,Germany,176,69,https://media.api-sports.io/football/players/327897.png,Attacker,32.0,25.0,2181.0,6.8,2.0,4.0,33.0,19.0,813.0,56.0,72.0,34.0,5.0,23.0,51.0,23.0,249.0,109.0,27.0,13.0,2.0,0.0
78,Bundesliga,2025,173,RB Leipzig,340154,A. Vermeeren,Arthur Denis,Vermeeren,20.0,Belgium,180,76,https://media.api-sports.io/football/players/340154.png,Midfielder,,,,,,,,,,,,,,,,,,,,,,
78,Bundesliga,2025,175,Hamburger SV,380937,J. Agyekum,Joel,Agyekum,20.0,Germany,186,79,https://media.api-sports.io/football/players/380937.png,Defender,,,,,,,,,,,,,,,,,,,,,,
78,Bundesliga,2025,169,Eintracht Frankfurt,387534,Noah Dávid Gabriel Fenyö,Noah Dávid Gabriel,Fenyö,19.0,Germany,182,72,https://media.api-sports.io/football/players/387534.png,Midfielder,,,,,,,,,,,,,,,,,,,,,,
78,Bundesliga,2025,175,Hamburger SV,416268,Fernando Dickes,Fernando,Dickes,18.0,Germany,193,89,https://media.api-sports.io/football/players/416268.png,Goalkeeper,,,,,,,,,,,,,,,,,,,,,,
78,Bundesliga,2025,161,VfL Wolfsburg,442629,J. Zieliński,Jakub,Zieliński,17.0,Poland,192,,https://media.api-sports.io/football/players/442629.png,Goalkeeper,,,,,,,,,,,,,,,,,,,,,,
78,Bundesliga,2025,173,RB Leipzig,469695,V. Gebel,Viggo,Gebel,18.0,Germany,174,69,https://media.api-sports.io/football/players/469695.png,Midfielder,,,,,,,,,,,,,,,,,,,,,,
78,Bundesliga,2025,167,1899 Hoffenheim,718,D. Geiger,Dennis,Geiger,27.0,Germany,173,67,https://media.api-sports.io/football/players/718.png,Midfielder,,,,,,,,,,,,,,,,,,,,,,
78,Bundesliga,2025,160,SC Freiburg,25383,F. Muslija,Florent,Muslija,27.0,Kosovo,172,65,https://media.api-sports.io/football/players/25383.png,Midfielder,,,,,,,,,,,,,,,,,,,,,,
78,Bundesliga,2025,172,VfB Stuttgart,178093,Y. Keitel,Yannik,Keitel,25.0,Germany,186,84,https://media.api-sports.io/football/players/178093.png,Midfielder,,,,,,,,,,,,,,,,,,,,,,
78,Bundesliga,2025,170,FC Augsburg,178093,Y. Keitel,Yannik,Keitel,25.0,Germany,186,84,https://media.api-sports.io/football/players/178093.png,Midfielder,6.0,2.0,247.0,6.67,0.0,0.0,,,89.0,,80.0,6.0,4.0,2.0,,,26.0,15.0,2.0,3.0,2.0,0.0
78,Bundesliga,2025,170,FC Augsburg,202755,T. Breithaupt,Tim,Breithaupt,23.0,Germany,192,74,https://media.api-sports.io/football/players/202755.png,Midfielder,,,,,,,,,,,,,,,,,,,,,,
78,Bundesliga,2025,186,FC St. Pauli,203324,S. Spari,Simon Emil,Spari,23.0,Austria,196,77,https://media.api-sports.io/football/players/203324.png,Goalkeeper,,,,,,,,,,,,,,,,,,,,,,
78,Bundesliga,2025,157,Bayern München,280339,A. Sieb,Armindo,Sieb,22.0,Germany,175,75,https://media.api-sports.io/football/players/280339.png,Attacker,4.0,2.0,137.0,6.750000,1.0,0.0,5.0,2.0,31.0,2.0,,,,,2.0,2.0,20.0,6.0,1.0,3.0,1.0,0.0
78,Bundesliga,2025,164,FSV Mainz 05,280339,A. Sieb,Armindo,Sieb,22.0,Germany,175,75,https://media.api-sports.io/football/players/280339.png,Attacker,22.0,3.0,553.0,6.5,2.0,0.0,12.0,6.0,147.0,9.0,69.0,7.0,,1.0,18.0,6.0,97.0,27.0,2.0,16.0,1.0,0.0
78,Bundesliga,2025,172,VfB Stuttgart,287927,J. Diehl,Justin,Diehl,21.0,Germany,174,67,https://media.api-sports.io/football/players/287927.png,Attacker,,,,,,,,,,,,,,,,,,,,,,
78,Bundesliga,2025,167,1899 Hoffenheim,288097,L. Petersson,Lúkas Jóhannes,Blöndal Petersson,21.0,Iceland,193,91,https://media.api-sports.io/football/players/288097.png,Goalkeeper,,,,,,,,,,,,,,,,,,,,,,
78,Bundesliga,2025,170,FC Augsburg,322508,Y. Kabadayı,Yusuf Karhan,Kabadayı,22.0,Germany,186,75,https://media.api-sports.io/football/players/322508.png,Forward,,,,,,,,,,,,,,,,,,,,,,
78,Bundesliga,2025,167,1899 Hoffenheim,327861,T. Drexler,Tim,Drexler,20.0,Germany,183,78,https://media.api-sports.io/football/players/327861.png,Defender,,,,,,,,,,,,,,,,,,,,,,
78,Bundesliga,2025,170,FC Augsburg,328019,M. Kücüksahin,Mahmut,Kücüksahin,21.0,Türkiye,175,70,https://media.api-sports.io/football/players/328019.png,Midfielder,,,,,,,,,,,,,,,,,,,,,,
78,Bundesliga,2025,167,1899 Hoffenheim,353143,Hennes Behrens,Hennes,Behrens,20.0,Germany,175,70,https://media.api-sports.io/football/players/353143.png,Midfielder,,,,,,,,,,,,,,,,,,,,,,
78,Bundesliga,2025,180,1. FC Heidenheim,353143,Hennes Behrens,Hennes,Behrens,20.0,Germany,175,70,https://media.api-sports.io/football/players/353143.png,Midfielder,16.0,15.0,1319.0,6.89,1.0,2.0,5.0,4.0,470.0,18.0,72.0,28.0,7.0,16.0,21.0,15.0,137.0,84.0,27.0,5.0,0.0,0.0
78,Bundesliga,2025,167,1899 Hoffenheim,368260,G. Orban,Gift Emmanuel,Orban,23.0,Nigeria,178,73,https://media.api-sports.io/football/players/368260.png,Attacker,2.0,2.0,169.0,6.550000,1.0,0.0,12.0,6.0,37.0,2.0,,1.0,,1.0,1.0,1.0,16.0,5.0,,5.0,1.0,0.0
78,Bundesliga,2025,164,FSV Mainz 05,394735,Maxim Bora Dal,Maxim Bora,Dal,19.0,Germany,189,85,https://media.api-sports.io/football/players/394735.png,Defender,,,,,,,,,,,,,,,,,,,,,,
78,Bundesliga,2025,163,Borussia Mönchengladbach,405112,S. Fukuda,Shio,Fukuda,21.0,Japan,178,70,https://media.api-sports.io/football/players/405112.png,Attacker,,,,,,,,,,,,,,,,,,,,,,
78,Bundesliga,2025,172,VfB Stuttgart,409750,Florian Hellstern,Florian,Hellstern,18.0,Germany,,,https://media.api-sports.io/football/players/409750.png,Goalkeeper,,,,,,,,,,,,,,,,,,,,,,
78,Bundesliga,2025,164,FSV Mainz 05,427056,K. Bos,Kasey,Bos,21.0,Australia,186,76,https://media.api-sports.io/football/players/427056.png,Attacker,,,,,,,,,,,,,,,,,,,,,,
78,Bundesliga,2025,186,FC St. Pauli,449985,Marwin Reiner Ian Schmitz,Marwin Reiner Ian,Schmitz,18.0,Germany,180,70,https://media.api-sports.io/football/players/449985.png,Midfielder,,,,,,,,,,,,,,,,,,,,,,
78,Bundesliga,2025,170,FC Augsburg,468698,Felix Meiser,Felix,Meiser,18.0,Germany,189,78,https://media.api-sports.io/football/players/468698.png,Defender,,,,,,,,,,,,,,,,,,,,,,
78,Bundesliga,2025,172,VfB Stuttgart,478610,M. Catovic,Mirza,Catovic,18.0,Serbia,190,88,https://media.api-sports.io/football/players/478610.png,Midfielder,,,,,,,,,,,,,,,,,,,,,,
78,Bundesliga,2025,167,1899 Hoffenheim,270,S. Nsoki,Stanley Pierre,Nsoki,26.0,France,184,77,https://media.api-sports.io/football/players/270.png,Defender,,,,,,,,,,,,,,,,,,,,,,
78,Bundesliga,2025,182,Union Berlin,270,S. Nsoki,Stanley Pierre,Nsoki,26.0,France,184,77,https://media.api-sports.io/football/players/270.png,Defender,13.0,10.0,823.0,6.58,1.0,2.0,2.0,1.0,323.0,4.0,69.0,13.0,2.0,19.0,6.0,4.0,64.0,42.0,8.0,8.0,2.0,0.0
78,Bundesliga,2025,182,Union Berlin,24962,L. Bénes,László,Bénes,28.0,Slovakia,181,75,https://media.api-sports.io/football/players/24962.png,Midfielder,,,,,,,,,,,,,,,,,,,,,,
78,Bundesliga,2025,164,FSV Mainz 05,25307,M. Richter,Marco,Richter,28.0,Germany,176,74,https://media.api-sports.io/football/players/25307.png,Midfielder,,,,,,,,,,,,,,,,,,,,,,
78,Bundesliga,2025,160,SC Freiburg,25530,D. Kyereh,Daniel-Kofi,Kyereh,29.0,Ghana,179,74,https://media.api-sports.io/football/players/25530.png,Midfielder,,,,,,,,,,,,,,,,,,,,,,
78,Bundesliga,2025,161,VfL Wolfsburg,40560,J. Kamiński,Jakub Piotr,Kamiński,24.0,Poland,179,64,https://media.api-sports.io/football/players/40560.png,Midfielder,4.0,4.0,360.0,7.300000,2.0,0.0,7.0,4.0,114.0,9.0,,2.0,1.0,2.0,4.0,3.0,28.0,12.0,3.0,1.0,0.0,0.0
78,Bundesliga,2025,192,1. FC Köln,40560,J. Kamiński,Jakub Piotr,Kamiński,24.0,Poland,179,64,https://media.api-sports.io/football/players/40560.png,Midfielder,37.0,37.0,3289.0,7.151351,9.0,3.0,50.0,30.0,1100.0,60.0,,45.0,10.0,26.0,53.0,27.0,268.0,120.0,31.0,16.0,4.0,0.0
78,Bundesliga,2025,163,Borussia Mönchengladbach,80434,T. Čvančara,Tomáš,Čvančara,25.0,Czechia,190,79,https://media.api-sports.io/football/players/80434.png,Forward,,,,,,,,,,,,,,,,,,,,,,
78,Bundesliga,2025,192,1. FC Köln,80497,I. Rondić,Imad,Rondić,26.0,Bosnia and Herzegovina,190,83,https://media.api-sports.io/football/players/80497.png,Attacker,,,,,,,,,,,,,,,,,,,,,,
78,Bundesliga,2025,170,FC Augsburg,119685,D. Čolina,David,Čolina,25.0,Croatia,174,68,https://media.api-sports.io/football/players/119685.png,Defender,,,,,,,,,,,,,,,,,,,,,,
78,Bundesliga,2025,167,1899 Hoffenheim,128350,E. Yardımcı,Erencan,Yardımcı,24.0,Türkiye,188,80,https://media.api-sports.io/football/players/128350.png,Forward,,,,,,,,,,,,,,,,,,,,,,
78,Bundesliga,2025,160,SC Freiburg,202844,N. Weißhaupt,Noah Raphael,Weißhaupt,24.0,Germany,181,72,https://media.api-sports.io/football/players/202844.png,Midfielder,,,,,,,,,,,,,,,,,,,,,,
78,Bundesliga,2025,182,Union Berlin,286728,Y. Stein,Yannic,Stein,21.0,Germany,190,90,https://media.api-sports.io/football/players/286728.png,Goalkeeper,,,,,,,,,,,,,,,,,,,,,,
78,Bundesliga,2025,170,FC Augsburg,319858,H. Koudossou,Henri,Koudossou,26.0,Germany,180,76,https://media.api-sports.io/football/players/319858.png,Defender,,,,,,,,,,,,,,,,,,,,,,
78,Bundesliga,2025,157,Bayern München,330612,T. Buchmann,Tarek,Buchmann,20.0,Germany,188,79,https://media.api-sports.io/football/players/330612.png,Defender,,,,,,,,,,,,,,,,,,,,,,
78,Bundesliga,2025,169,Eintracht Frankfurt,342442,K. Lisztes,Krisztián,Lisztes,20.0,Hungary,183,72,https://media.api-sports.io/football/players/342442.png,Attacker,,,,,,,,,,,,,,,,,,,,,,
78,Bundesliga,2025,192,1. FC Köln,356491,E. Kujović,Emin,Kujović,21.0,Montenegro,190,88,https://media.api-sports.io/football/players/356491.png,Midfielder,,,,,,,,,,,,,,,,,,,,,,
78,Bundesliga,2025,162,Werder Bremen,375806,S. Smarkalev,Stefan,Stefanov Smarkalev,18.0,Bulgaria,188,,https://media.api-sports.io/football/players/375806.png,Goalkeeper,,,,,,,,,,,,,,,,,,,,,,
78,Bundesliga,2025,192,1. FC Köln,380860,Neo Telle,Neo,Telle,20.0,Germany,183,75,https://media.api-sports.io/football/players/380860.png,Defender,,,,,,,,,,,,,,,,,,,,,,
78,Bundesliga,2025,192,1. FC Köln,392761,Julian Andreas Pauli,Julian Andreas,Pauli,20.0,Germany,190,87,https://media.api-sports.io/football/players/392761.png,Defender,,,,,,,,,,,,,,,,,,,,,,
78,Bundesliga,2025,192,1. FC Köln,394733,Fayssal Harchaoui,Fayssal,Harchaoui,19.0,Germany,175,74,https://media.api-sports.io/football/players/394733.png,Midfielder,,,,,,,,,,,,,,,,,,,,,,
78,Bundesliga,2025,162,Werder Bremen,432519,Salim Amani Musah,Salim Amani,Musah,19.0,Germany,,,https://media.api-sports.io/football/players/432519.png,Attacker,,,,,,,,,,,,,,,,,,,,,,
78,Bundesliga,2025,157,Bayern München,184,H. Kane,Harry Edward,Kane,32.0,England,188,86,https://media.api-sports.io/football/players/184.png,Attacker,31.0,25.0,2382.0,7.87,36.0,5.0,91.0,67.0,727.0,40.0,81.0,19.0,6.0,8.0,51.0,32.0,239.0,126.0,32.0,25.0,1.0,0.0
78,Bundesliga,2025,157,Bayern München,497,M. Neuer,Manuel Peter,Neuer,39.0,Germany,193,93,https://media.api-sports.io/football/players/497.png,Goalkeeper,22.0,22.0,1860.0,6.9,0.0,0.0,,,705.0,,81.0,,,,,,3.0,3.0,2.0,,0.0,0.0
78,Bundesliga,2025,157,Bayern München,502,J. Kimmich,Joshua Walter,Kimmich,30.0,Germany,177,75,https://media.api-sports.io/football/players/502.png,Midfielder,29.0,24.0,2280.0,7.74,2.0,8.0,22.0,10.0,2650.0,57.0,92.0,32.0,6.0,25.0,18.0,11.0,134.0,71.0,21.0,8.0,4.0,0.0
78,Bundesliga,2025,157,Bayern München,510,S. Gnabry,Serge David,Gnabry,30.0,Germany,176,77,https://media.api-sports.io/football/players/510.png,Midfielder,21.0,16.0,1228.0,7.08,8.0,6.0,35.0,17.0,649.0,23.0,89.0,18.0,1.0,4.0,34.0,16.0,96.0,40.0,6.0,9.0,1.0,0.0
78,Bundesliga,2025,157,Bayern München,511,L. Goretzka,Leon Christoph,Goretzka,30.0,Germany,189,82,https://media.api-sports.io/football/players/511.png,Midfielder,31.0,25.0,1954.0,7.13,5.0,3.0,23.0,11.0,1618.0,22.0,91.0,29.0,8.0,26.0,14.0,11.0,160.0,78.0,16.0,15.0,4.0,0.0
78,Bundesliga,2025,157,Bayern München,972,J. Tah,Jonathan,Glao Tah,29.0,Germany,195,94,https://media.api-sports.io/football/players/972.png,Defender,28.0,23.0,2024.0,7.27,2.0,1.0,7.0,5.0,1897.0,5.0,96.0,24.0,21.0,26.0,5.0,3.0,129.0,76.0,6.0,26.0,7.0,0.0
78,Bundesliga,2025,157,Bayern München,1149,D. Upamecano,Dayotchanculle Oswald,Upamecano,27.0,France,186,90,https://media.api-sports.io/football/players/1149.png,Defender,24.0,21.0,1797.0,7.22,1.0,1.0,6.0,2.0,1649.0,11.0,92.0,44.0,5.0,19.0,10.0,4.0,151.0,87.0,5.0,15.0,4.0,0.0
78,Bundesliga,2025,157,Bayern München,1157,K. Laimer,Konrad,Laimer,28.0,Austria,180,72,https://media.api-sports.io/football/players/1157.png,Defender,29.0,22.0,1997.0,6.82,3.0,9.0,15.0,8.0,1378.0,44.0,90.0,46.0,6.0,17.0,36.0,14.0,200.0,84.0,9.0,29.0,9.0,0.0
78,Bundesliga,2025,157,Bayern München,2195,S. Boey,Sacha,Boey,25.0,France,178,70,https://media.api-sports.io/football/players/2195.png,Defender,9.0,5.0,462.0,6.47,0.0,0.0,2.0,,293.0,4.0,86.0,6.0,,5.0,9.0,1.0,48.0,20.0,8.0,10.0,1.0,0.0
78,Bundesliga,2025,157,Bayern München,2489,L. Díaz,Luis Fernando,Díaz Marulanda,28.0,Colombia,178,65,https://media.api-sports.io/football/players/2489.png,Midfielder,32.0,27.0,2450.0,7.28,15.0,14.0,64.0,37.0,1290.0,66.0,85.0,21.0,2.0,14.0,125.0,61.0,313.0,132.0,38.0,35.0,6.0,0.0
78,Bundesliga,2025,157,Bayern München,2897,Kim Min-Jae,Min-Jae,Kim,29.0,Korea Republic,190,88,https://media.api-sports.io/football/players/2897.png,Defender,25.0,19.0,1621.0,7.23,1.0,1.0,4.0,3.0,1580.0,5.0,94.0,22.0,18.0,39.0,2.0,1.0,115.0,72.0,3.0,9.0,1.0,0.0
78,Bundesliga,2025,157,Bayern München,19617,M. Olise,Michael Akpovie,Olise,24.0,France,184,76,https://media.api-sports.io/football/players/19617.png,Midfielder,32.0,23.0,2317.0,7.89,15.0,19.0,71.0,50.0,1558.0,81.0,84.0,24.0,1.0,13.0,138.0,65.0,330.0,155.0,58.0,32.0,8.0,0.0
78,Bundesliga,2025,164,FSV Mainz 05,26519,Hong Hyun-Seok,Hyun-Seok,Hong,26.0,Korea Republic,175,66,https://media.api-sports.io/football/players/26519.png,Midfielder,,,,,,,,,,,,,,,,,,,,,,
78,Bundesliga,2025,157,Bayern München,41104,João Palhinha,João Maria,Lobo Alves Palhinha Gonçalves,30.0,Portugal,190,84,https://media.api-sports.io/football/players/41104.png,Midfielder,,,,,,,,,,,,,,,,,,,,,,
78,Bundesliga,2025,157,Bayern München,125171,J. Stanišić,Josip,Stanišić,25.0,Croatia,186,77,https://media.api-sports.io/football/players/125171.png,Defender,26.0,19.0,1855.0,6.92,2.0,3.0,7.0,4.0,1258.0,24.0,89.0,28.0,8.0,18.0,16.0,10.0,129.0,73.0,11.0,8.0,1.0,0.0
78,Bundesliga,2025,161,VfL Wolfsburg,127413,A. Vranckx,Aster Jan,Vranckx,23.0,Belgium,183,78,https://media.api-sports.io/football/players/127413.png,Midfielder,3.0,3.0,202.0,6.766666,,0.0,,,73.0,1.0,,4.0,,,4.0,3.0,24.0,16.0,8.0,3.0,1.0,0.0
78,Bundesliga,2025,168,Bayer Leverkusen,138804,M. Kovář,Matěj,Kovář,25.0,Czech Republic,196,88,https://media.api-sports.io/football/players/138804.png,Goalkeeper,,,,,,,,,,,,,,,,,,,,,,
78,Bundesliga,2025,157,Bayern München,328033,A. Pavlović,Aleksandar,Pavlović,21.0,Germany,188,75,https://media.api-sports.io/football/players/328033.png,Midfielder,24.0,16.0,1460.0,7.19,3.0,1.0,8.0,5.0,1595.0,21.0,94.0,26.0,8.0,14.0,8.0,4.0,107.0,51.0,10.0,19.0,2.0,0.0
78,Bundesliga,2025,168,Bayer Leverkusen,389035,Farid Alfa-Ruprecht,Farid,Alfa-Ruprecht,19.0,Germany,175,75,https://media.api-sports.io/football/players/389035.png,Attacker,,,,,,,,,,,,,,,,,,,,,,
78,Bundesliga,2025,157,Bayern München,494131,L. Karl,Lennart,Karl,17.0,Germany,168,67,https://media.api-sports.io/football/players/494131.png,Midfielder,26.0,16.0,1282.0,6.84,5.0,5.0,37.0,21.0,816.0,24.0,85.0,25.0,2.0,14.0,66.0,22.0,161.0,59.0,11.0,5.0,1.0,0.0
78,Bundesliga,2025,157,Bayern München,8,Raphaël Guerreiro,Raphaël Adelino José,Guerreiro,32.0,Portugal,170,71,https://media.api-sports.io/football/players/8.png,Defender,18.0,8.0,803.0,6.78,5.0,2.0,10.0,5.0,525.0,18.0,89.0,7.0,1.0,2.0,14.0,3.0,44.0,14.0,2.0,3.0,0.0,0.0
78,Bundesliga,2025,173,RB Leipzig,86,L. Openda,Ikoma-Loïs,Openda,25.0,Belgium,177,75,https://media.api-sports.io/football/players/86.png,Attacker,2.0,1.0,55.0,6.8,0.0,0.0,,,15.0,1.0,86.0,,,,3.0,1.0,6.0,4.0,3.0,,0.0,0.0
78,Bundesliga,2025,157,Bayern München,498,S. Ulreich,Sven,Ulreich,37.0,Germany,192,87,https://media.api-sports.io/football/players/498.png,Goalkeeper,1.0,1.0,90.0,7.7,0.0,0.0,,,38.0,,47.0,,,,,,1.0,1.0,1.0,,1.0,0.0
78,Bundesliga,2025,173,RB Leipzig,715,C. Baumgartner,Christoph,Baumgartner,26.0,Austria,180,73,https://media.api-sports.io/football/players/715.png,Midfielder,33.0,32.0,2789.0,6.92,13.0,8.0,70.0,35.0,1120.0,37.0,75.0,54.0,4.0,21.0,33.0,13.0,356.0,159.0,33.0,63.0,10.0,0.0
78,Bundesliga,2025,173,RB Leipzig,1095,X. Schlager,Xaver,Schlager,28.0,Austria,174,76,https://media.api-sports.io/football/players/1095.png,Midfielder,26.0,21.0,1837.0,6.93,3.0,1.0,11.0,7.0,1060.0,21.0,86.0,37.0,2.0,8.0,32.0,22.0,183.0,96.0,16.0,25.0,6.0,0.0
78,Bundesliga,2025,173,RB Leipzig,1139,P. Gulácsi,Péter,Gulácsi,35.0,Hungary,191,86,https://media.api-sports.io/football/players/1139.png,Goalkeeper,23.0,23.0,2009.0,6.9,0.0,0.0,,,727.0,,82.0,,,,,,4.0,2.0,,,1.0,0.0
78,Bundesliga,2025,173,RB Leipzig,1148,W. Orbán,Vilmos Tamás,Orbán,33.0,Hungary,186,87,https://media.api-sports.io/football/players/1148.png,Defender,33.0,33.0,2950.0,7.27,2.0,0.0,16.0,9.0,2293.0,11.0,89.0,47.0,36.0,42.0,8.0,6.0,316.0,212.0,23.0,21.0,4.0,0.0
78,Bundesliga,2025,173,RB Leipzig,7328,N. Seiwald,Nicolas,Seiwald,24.0,Austria,179,79,https://media.api-sports.io/football/players/7328.png,Midfielder,33.0,31.0,2703.0,6.88,0.0,2.0,13.0,7.0,1444.0,15.0,88.0,66.0,10.0,56.0,11.0,8.0,187.0,113.0,6.0,18.0,2.0,0.0
78,Bundesliga,2025,173,RB Leipzig,25158,D. Raum,David,Raum,27.0,Germany,180,75,https://media.api-sports.io/football/players/25158.png,Defender,30.0,29.0,2556.0,7.37,3.0,7.0,21.0,8.0,1696.0,98.0,80.0,48.0,9.0,30.0,36.0,16.0,200.0,97.0,17.0,29.0,6.0,0.0
78,Bundesliga,2025,173,RB Leipzig,25917,R. Baku,Bote Ridle,Nzuzi Baku,27.0,Germany,176,72,https://media.api-sports.io/football/players/25917.png,Defender,32.0,28.0,2509.0,6.87,2.0,3.0,18.0,6.0,1644.0,37.0,86.0,61.0,7.0,31.0,37.0,13.0,220.0,107.0,22.0,23.0,4.0,0.0
78,Bundesliga,2025,173,RB Leipzig,162016,X. Simons,Xavier Quentin Shay,Simons,22.0,Netherlands,179,58,https://media.api-sports.io/football/players/162016.png,Midfielder,1.0,1.0,90.0,6.3,0.0,0.0,,,37.0,1.0,89.0,,,1.0,4.0,2.0,8.0,5.0,3.0,1.0,0.0,0.0
78,Bundesliga,2025,173,RB Leipzig,162761,C. Lukeba,Castello Junior,Lukeba,23.0,France,184,73,https://media.api-sports.io/football/players/162761.png,Defender,26.0,24.0,2177.0,7.1,1.0,0.0,5.0,2.0,1719.0,7.0,90.0,31.0,21.0,30.0,29.0,22.0,150.0,95.0,12.0,11.0,3.0,0.0
78,Bundesliga,2025,157,Bayern München,203376,J. Urbig,Jonas Kurt,Urbig,22.0,Germany,189,83,https://media.api-sports.io/football/players/203376.png,Goalkeeper,14.0,11.0,1110.0,7.22,0.0,0.0,,,434.0,1.0,83.0,,,,,,6.0,4.0,2.0,,0.0,0.0
78,Bundesliga,2025,173,RB Leipzig,290549,J. Bakayoko,Saint-Cyr Johan,Bakayoko,22.0,Belgium,179,76,https://media.api-sports.io/football/players/290549.png,Attacker,20.0,8.0,779.0,6.68,2.0,0.0,15.0,9.0,287.0,9.0,82.0,5.0,,2.0,31.0,15.0,83.0,33.0,11.0,11.0,1.0,0.0
78,Bundesliga,2025,173,RB Leipzig,314511,A. Nusa,Antonio,Eromonsele Nordby Nusa,20.0,Norway,180,73,https://media.api-sports.io/football/players/314511.png,Midfielder,31.0,24.0,2035.0,7.1,4.0,3.0,42.0,20.0,592.0,33.0,79.0,26.0,,10.0,129.0,68.0,299.0,163.0,64.0,9.0,0.0,0.0
78,Bundesliga,2025,173,RB Leipzig,326102,Rômulo,Rômulo José,Cardoso da Cruz,23.0,Brazil,193,79,https://media.api-sports.io/football/players/326102.png,Attacker,30.0,27.0,2204.0,6.66,9.0,4.0,54.0,27.0,558.0,26.0,74.0,30.0,4.0,9.0,32.0,11.0,277.0,112.0,20.0,20.0,3.0,0.0
78,Bundesliga,2025,173,RB Leipzig,343286,E. Banzuzi,Ezechiel,Banzuzi,20.0,Netherlands,191,,https://media.api-sports.io/football/players/343286.png,Midfielder,24.0,2.0,597.0,6.65,0.0,1.0,8.0,4.0,285.0,7.0,84.0,15.0,3.0,8.0,3.0,2.0,93.0,49.0,7.0,14.0,3.0,0.0
78,Bundesliga,2025,157,Bayern München,436443,J. Kusi-Asare,Jonah,Kusi-Asare,18.0,Sweden,196,84,https://media.api-sports.io/football/players/436443.png,Attacker,1.0,0.0,10.0,6.7,0.0,0.0,,,,,,,1.0,,,,,,,1.0,0.0,0.0
78,Bundesliga,2025,157,Bayern München,496738,W. Mike,Wisdom,Okpako Mike,17.0,Germany,175,65,https://media.api-sports.io/football/players/496738.png,Attacker,4.0,0.0,37.0,6.43,0.0,0.0,2.0,1.0,17.0,,82.0,,,1.0,,,2.0,,,,0.0,0.0
78,Bundesliga,2025,173,RB Leipzig,513776,Y. Diomande,Yan,Diomande,19.0,Côte d'Ivoire,,,https://media.api-sports.io/football/players/513776.png,Attacker,33.0,28.0,2476.0,7.72,12.0,8.0,41.0,26.0,1067.0,55.0,83.0,29.0,1.0,16.0,197.0,118.0,392.0,186.0,34.0,19.0,2.0,0.0
78,Bundesliga,2025,168,Bayer Leverkusen,563,Álex Grimaldo,Alejandro,Grimaldo García,30.0,Spain,171,63,https://media.api-sports.io/football/players/563.png,Midfielder,29.0,29.0,2524.0,7.32,8.0,8.0,43.0,21.0,1833.0,70.0,87.0,49.0,5.0,19.0,61.0,25.0,244.0,113.0,29.0,11.0,5.0,0.0
78,Bundesliga,2025,168,Bayer Leverkusen,794,P. Schick,Patrik,Schick,29.0,Czechia,191,87,https://media.api-sports.io/football/players/794.png,Attacker,28.0,23.0,1995.0,6.95,16.0,3.0,59.0,34.0,411.0,14.0,80.0,9.0,2.0,3.0,32.0,10.0,207.0,100.0,20.0,22.0,2.0,0.0
78,Bundesliga,2025,173,RB Leipzig,1924,M. Vandevoordt,Maarten,Vandevoordt,23.0,Belgium,192,80,https://media.api-sports.io/football/players/1924.png,Goalkeeper,12.0,11.0,1051.0,7.03,0.0,0.0,,,421.0,,72.0,,,,1.0,1.0,7.0,7.0,1.0,,0.0,0.0
78,Bundesliga,2025,168,Bayer Leverkusen,24903,R. Andrich,Robert,Andrich,31.0,Germany,187,83,https://media.api-sports.io/football/players/24903.png,Midfielder,32.0,29.0,2547.0,6.84,2.0,0.0,9.0,3.0,1859.0,12.0,90.0,43.0,19.0,33.0,6.0,1.0,177.0,107.0,22.0,30.0,5.0,0.0
78,Bundesliga,2025,168,Bayer Leverkusen,26232,M. Flekken,Mark,Flekken,32.0,Netherlands,195,87,https://media.api-sports.io/football/players/26232.png,Goalkeeper,24.0,24.0,2130.0,6.92,0.0,0.0,,,714.0,1.0,72.0,,,,1.0,1.0,14.0,13.0,3.0,,1.0,0.0
78,Bundesliga,2025,173,RB Leipzig,37143,L. Geertruida,Lutsharel,Geertruida,25.0,Netherlands,184,69,https://media.api-sports.io/football/players/37143.png,Defender,0.0,0.0,,,0.0,0.0,,,,,,,,,,,,,,,0.0,0.0
78,Bundesliga,2025,168,Bayer Leverkusen,37246,J. Blaswich,Janis Jonathan,Blaswich,34.0,Germany,193,88,https://media.api-sports.io/football/players/37246.png,Goalkeeper,11.0,10.0,930.0,7.22,0.0,0.0,,,248.0,2.0,74.0,,,,,,5.0,4.0,,,1.0,0.0
78,Bundesliga,2025,168,Bayer Leverkusen,41150,E. Tapsoba,Edmond Fayçal,Tapsoba,26.0,Burkina Faso,194,85,https://media.api-sports.io/football/players/41150.png,Defender,29.0,29.0,2576.0,7.21,5.0,3.0,23.0,10.0,2409.0,11.0,90.0,31.0,19.0,20.0,14.0,8.0,202.0,111.0,2.0,31.0,7.0,0.0
78,Bundesliga,2025,168,Bayer Leverkusen,47516,Aleix García,Aleix,García Serrano,28.0,Spain,173,68,https://media.api-sports.io/football/players/47516.png,Midfielder,33.0,31.0,2676.0,7.5,3.0,8.0,19.0,5.0,3035.0,51.0,92.0,26.0,5.0,23.0,14.0,4.0,109.0,58.0,19.0,8.0,6.0,0.0
78,Bundesliga,2025,168,Bayer Leverkusen,127817,P. Hincapié,Piero Martín,Hincapié Reyna,23.0,Ecuador,184,77,https://media.api-sports.io/football/players/127817.png,Defender,1.0,1.0,90.0,6.6,0.0,0.0,2.0,1.0,90.0,,85.0,,,2.0,,,8.0,5.0,,2.0,0.0,0.0
78,Bundesliga,2025,168,Bayer Leverkusen,158698,J. Quansah,Jarell,Amorin Quansah,22.0,England,190,84,https://media.api-sports.io/football/players/158698.png,Defender,28.0,25.0,2308.0,6.9,4.0,0.0,16.0,8.0,1638.0,11.0,90.0,28.0,14.0,27.0,27.0,14.0,172.0,103.0,21.0,18.0,9.0,0.0
78,Bundesliga,2025,168,Bayer Leverkusen,231029,N. Tella,Nathan Adewale Temitayo,Tella,26.0,England,173,70,https://media.api-sports.io/football/players/231029.png,Attacker,17.0,10.0,892.0,7.01,1.0,4.0,16.0,8.0,236.0,19.0,85.0,12.0,1.0,5.0,26.0,13.0,111.0,53.0,19.0,15.0,2.0,0.0
78,Bundesliga,2025,173,RB Leipzig,268571,E. Bitshiabu,El Chadaille,Bitshiabu,20.0,France,196,95,https://media.api-sports.io/football/players/268571.png,Defender,11.0,8.0,672.0,6.92,0.0,0.0,2.0,,560.0,2.0,92.0,8.0,10.0,7.0,1.0,,38.0,18.0,,4.0,0.0,0.0
78,Bundesliga,2025,168,Bayer Leverkusen,312840,E. Poku,Ernest,Poku,21.0,Netherlands,173,63,https://media.api-sports.io/football/players/312840.png,Attacker,29.0,16.0,1484.0,6.82,5.0,5.0,18.0,9.0,558.0,28.0,83.0,13.0,1.0,8.0,66.0,28.0,164.0,61.0,17.0,4.0,0.0,0.0
78,Bundesliga,2025,173,RB Leipzig,342320,K. Nedeljković,Kosta,Nedeljković,20.0,Serbia,184,72,https://media.api-sports.io/football/players/342320.png,Defender,5.0,3.0,252.0,6.3,0.0,0.0,,,124.0,,87.0,1.0,,1.0,4.0,,15.0,4.0,1.0,1.0,0.0,0.0
78,Bundesliga,2025,168,Bayer Leverkusen,352375,Arthur,Arthur Augusto,de Matos Soares,22.0,Brazil,173,70,https://media.api-sports.io/football/players/352375.png,Midfielder,20.0,13.0,1132.0,6.64,1.0,3.0,5.0,2.0,460.0,14.0,83.0,20.0,2.0,17.0,42.0,14.0,131.0,59.0,10.0,19.0,3.0,0.0
78,Bundesliga,2025,168,Bayer Leverkusen,380587,I. Maza,Ibrahim,Maza,20.0,Germany,180,70,https://media.api-sports.io/football/players/380587.png,Attacker,28.0,20.0,1859.0,7.11,3.0,4.0,38.0,17.0,891.0,29.0,83.0,41.0,1.0,16.0,85.0,48.0,247.0,133.0,36.0,19.0,2.0,0.0
78,Bundesliga,2025,173,RB Leipzig,380978,A. Ouédraogo,Forzan Assan,Ouédraogo,19.0,Germany,191,84,https://media.api-sports.io/football/players/380978.png,Midfielder,19.0,13.0,974.0,6.92,4.0,3.0,19.0,13.0,297.0,14.0,83.0,8.0,3.0,3.0,26.0,14.0,98.0,50.0,22.0,4.0,0.0,0.0
78,Bundesliga,2025,168,Bayer Leverkusen,414385,C. Echeverri,Claudio Jeremías,Echeverri,19.0,Argentina,171,62,https://media.api-sports.io/football/players/414385.png,Midfielder,6.0,1.0,136.0,6.6,0.0,0.0,,,73.0,1.0,93.0,1.0,1.0,1.0,5.0,1.0,13.0,4.0,2.0,,0.0,0.0
78,Bundesliga,2025,168,Bayer Leverkusen,505295,Christian Kofane,Christian Michel,Kofane,19.0,Cameroon,189,68,https://media.api-sports.io/football/players/505295.png,Attacker,29.0,12.0,1269.0,6.73,5.0,4.0,39.0,19.0,203.0,17.0,82.0,13.0,1.0,2.0,12.0,7.0,159.0,68.0,17.0,30.0,3.0,0.0
78,Bundesliga,2025,167,1899 Hoffenheim,702,O. Baumann,Oliver,Baumann,35.0,Germany,187,82,https://media.api-sports.io/football/players/702.png,Goalkeeper,34.0,34.0,3060.0,6.81,0.0,0.0,,,1260.0,1.0,71.0,,,,2.0,2.0,18.0,15.0,6.0,1.0,3.0,0.0
78,Bundesliga,2025,167,1899 Hoffenheim,726,A. Kramarić,Andrej,Kramarić,34.0,Croatia,177,73,https://media.api-sports.io/football/players/726.png,Midfielder,34.0,26.0,2222.0,7.07,14.0,6.0,50.0,33.0,985.0,36.0,85.0,8.0,2.0,8.0,33.0,19.0,115.0,46.0,14.0,5.0,2.0,0.0
78,Bundesliga,2025,167,1899 Hoffenheim,1231,V. Coufal,Vladimír,Coufal,33.0,Czechia,174,76,https://media.api-sports.io/football/players/1231.png,Defender,34.0,34.0,3017.0,7.16,1.0,8.0,17.0,6.0,1331.0,59.0,78.0,60.0,16.0,37.0,62.0,31.0,308.0,173.0,42.0,33.0,4.0,0.0
78,Bundesliga,2025,167,1899 Hoffenheim,7327,A. Prass,Alexander,Prass,24.0,Austria,180,72,https://media.api-sports.io/football/players/7327.png,Defender,32.0,12.0,1318.0,6.82,3.0,2.0,17.0,11.0,518.0,18.0,76.0,32.0,3.0,7.0,30.0,16.0,179.0,84.0,21.0,26.0,4.0,0.0
78,Bundesliga,2025,167,1899 Hoffenheim,18964,Bernardo,Bernardo,Fernandes da Silva Junior,30.0,Brazil,186,76,https://media.api-sports.io/football/players/18964.png,Defender,29.0,26.0,2318.0,6.88,0.0,0.0,5.0,,1250.0,9.0,79.0,68.0,13.0,40.0,11.0,6.0,302.0,185.0,11.0,41.0,9.0,0.0
78,Bundesliga,2025,168,Bayer Leverkusen,25168,N. Lomb,Niklas,Lomb,32.0,Germany,186,84,https://media.api-sports.io/football/players/25168.png,Goalkeeper,0.0,0.0,,,0.0,0.0,,,,,,,,,,,,,,,0.0,0.0
78,Bundesliga,2025,167,1899 Hoffenheim,25366,K. Akpoguma,Kevin John,Ufuoma Akpoguma,30.0,Nigeria,192,85,https://media.api-sports.io/football/players/25366.png,Defender,8.0,1.0,58.0,5.6,0.0,0.0,,,40.0,,82.0,4.0,,1.0,,,8.0,5.0,,1.0,0.0,1.0
78,Bundesliga,2025,167,1899 Hoffenheim,33067,K. Machida,Koki,Machida,28.0,Japan,190,84,https://media.api-sports.io/football/players/33067.png,Defender,1.0,1.0,44.0,6.2,0.0,0.0,,,36.0,,88.0,1.0,1.0,1.0,,,6.0,2.0,,2.0,1.0,0.0
78,Bundesliga,2025,167,1899 Hoffenheim,37153,W. Burger,Wouter,Burger,24.0,Netherlands,191,83,https://media.api-sports.io/football/players/37153.png,Midfielder,30.0,30.0,2440.0,7.09,4.0,5.0,29.0,13.0,1361.0,51.0,77.0,72.0,6.0,17.0,12.0,4.0,315.0,155.0,12.0,57.0,7.0,1.0
78,Bundesliga,2025,167,1899 Hoffenheim,162964,R. Hranáč,Robin,Hranáč,25.0,Czechia,190,85,https://media.api-sports.io/football/players/162964.png,Defender,29.0,26.0,2251.0,6.74,1.0,0.0,6.0,3.0,1265.0,3.0,86.0,25.0,18.0,17.0,4.0,2.0,205.0,119.0,10.0,26.0,5.0,0.0
78,Bundesliga,2025,167,1899 Hoffenheim,202501,F. Asllani,Fisnik,Asllani,23.0,Germany,191,81,https://media.api-sports.io/football/players/202501.png,Attacker,33.0,31.0,2354.0,6.74,10.0,7.0,58.0,28.0,652.0,36.0,68.0,17.0,,7.0,40.0,17.0,254.0,94.0,37.0,26.0,2.0,0.0
78,Bundesliga,2025,167,1899 Hoffenheim,203040,T. Lemperle,Tim,Lemperle,23.0,Germany,187,78,https://media.api-sports.io/football/players/203040.png,Attacker,29.0,24.0,1959.0,6.55,8.0,2.0,42.0,21.0,514.0,27.0,70.0,21.0,1.0,6.0,40.0,15.0,259.0,89.0,16.0,60.0,2.0,0.0
78,Bundesliga,2025,167,1899 Hoffenheim,279907,U. Tohumcu,Umut Deger,Tohumcu,21.0,Germany,175,71,https://media.api-sports.io/football/players/279907.png,Midfielder,5.0,1.0,138.0,6.5,0.0,0.0,2.0,,46.0,,84.0,3.0,,,2.0,1.0,12.0,6.0,2.0,2.0,2.0,0.0
78,Bundesliga,2025,167,1899 Hoffenheim,304686,Arthur Chaves,Arthur,Largura Chaves,24.0,Brazil,188,80,https://media.api-sports.io/football/players/304686.png,Defender,4.0,2.0,239.0,6.58,0.0,0.0,,,130.0,1.0,86.0,7.0,,4.0,,,34.0,19.0,3.0,5.0,1.0,0.0
78,Bundesliga,2025,170,FC Augsburg,304686,Arthur Chaves,Arthur,Largura Chaves,24.0,Brazil,188,80,https://media.api-sports.io/football/players/304686.png,Defender,11.0,9.0,829.0,6.89,2.0,0.0,3.0,2.0,321.0,3.0,80.0,19.0,11.0,8.0,4.0,2.0,85.0,45.0,8.0,8.0,1.0,0.0
78,Bundesliga,2025,167,1899 Hoffenheim,387643,B. Touré,Bazoumana,Touré,19.0,Côte d'Ivoire,173,74,https://media.api-sports.io/football/players/387643.png,Attacker,30.0,29.0,2325.0,6.9,5.0,9.0,33.0,13.0,662.0,46.0,75.0,34.0,2.0,6.0,112.0,48.0,359.0,152.0,29.0,44.0,2.0,0.0
78,Bundesliga,2025,167,1899 Hoffenheim,390586,L. Avdullahu,Leon,Avdullahu,21.0,Switzerland,185,79,https://media.api-sports.io/football/players/390586.png,Midfielder,33.0,32.0,2838.0,7.07,0.0,1.0,9.0,2.0,2044.0,22.0,89.0,47.0,6.0,34.0,18.0,8.0,211.0,99.0,12.0,26.0,5.0,0.0
78,Bundesliga,2025,168,Bayer Leverkusen,414384,A. Sarco,Alejo Uriel,Sarco,19.0,Argentina,179,76,https://media.api-sports.io/football/players/414384.png,Attacker,3.0,0.0,71.0,6.37,0.0,0.0,2.0,,18.0,1.0,66.0,1.0,,,1.0,1.0,11.0,5.0,2.0,2.0,0.0,0.0
78,Bundesliga,2025,163,Borussia Mönchengladbach,414384,A. Sarco,Alejo Uriel,Sarco,19.0,Argentina,179,76,https://media.api-sports.io/football/players/414384.png,Attacker,3.0,0.0,55.0,6.53,0.0,0.0,1.0,,5.0,1.0,80.0,,,,,,2.0,,,,0.0,0.0
78,Bundesliga,2025,168,Bayer Leverkusen,462228,A. Natali,Andrea,Natali,17.0,Italy,186,80,https://media.api-sports.io/football/players/462228.png,Defender,0.0,0.0,,,0.0,0.0,,,,,,,,,,,,,,,0.0,0.0
78,Bundesliga,2025,168,Bayer Leverkusen,491103,A. Tape,Axel,Tape-Kobrissa,18.0,France,180,75,https://media.api-sports.io/football/players/491103.png,Defender,6.0,2.0,221.0,6.35,0.0,0.0,2.0,1.0,76.0,,96.0,1.0,,1.0,15.0,7.0,36.0,16.0,7.0,7.0,1.0,0.0
78,Bundesliga,2025,168,Bayer Leverkusen,493409,J. Mensah,Jeremiah,Dennit Mensah,17.0,Germany,,,https://media.api-sports.io/football/players/493409.png,Midfielder,0.0,0.0,,,0.0,0.0,,,,,,,,,,,,,,,0.0,0.0
78,Bundesliga,2025,163,Borussia Mönchengladbach,725,R. Hack,Robin,Hack,27.0,Germany,176,68,https://media.api-sports.io/football/players/725.png,Midfielder,8.0,3.0,317.0,6.74,1.0,0.0,8.0,4.0,122.0,13.0,83.0,2.0,,1.0,7.0,3.0,36.0,9.0,3.0,4.0,1.0,0.0
78,Bundesliga,2025,163,Borussia Mönchengladbach,2803,N. Elvedi,Nico,Elvedi,29.0,Switzerland,189,84,https://media.api-sports.io/football/players/2803.png,Defender,33.0,33.0,2967.0,7.03,0.0,2.0,5.0,,1820.0,13.0,91.0,43.0,29.0,41.0,2.0,1.0,223.0,135.0,16.0,18.0,5.0,0.0
78,Bundesliga,2025,163,Borussia Mönchengladbach,20784,F. Honorat,Franck,Honorat,29.0,France,180,70,https://media.api-sports.io/football/players/20784.png,Midfielder,28.0,24.0,1987.0,6.91,2.0,6.0,11.0,5.0,578.0,45.0,74.0,22.0,4.0,6.0,50.0,17.0,148.0,57.0,6.0,12.0,0.0,0.0
78,Bundesliga,2025,167,1899 Hoffenheim,24854,G. Prömel,Grischa,Prömel,30.0,Germany,180,75,https://media.api-sports.io/football/players/24854.png,Midfielder,33.0,16.0,1752.0,6.83,7.0,2.0,34.0,14.0,928.0,16.0,82.0,36.0,5.0,16.0,15.0,6.0,190.0,97.0,28.0,23.0,5.0,0.0
78,Bundesliga,2025,163,Borussia Mönchengladbach,24969,P. Sander,Philipp,Sander,27.0,Germany,186,77,https://media.api-sports.io/football/players/24969.png,Midfielder,30.0,29.0,2454.0,7,2.0,0.0,20.0,8.0,1418.0,11.0,86.0,65.0,8.0,50.0,13.0,5.0,235.0,141.0,14.0,28.0,4.0,0.0
78,Bundesliga,2025,163,Borussia Mönchengladbach,25461,K. Stöger,Kevin,Stöger,32.0,Austria,175,74,https://media.api-sports.io/football/players/25461.png,Midfielder,29.0,15.0,1341.0,6.77,1.0,1.0,18.0,7.0,802.0,26.0,82.0,37.0,2.0,14.0,14.0,3.0,147.0,71.0,29.0,23.0,3.0,0.0
78,Bundesliga,2025,163,Borussia Mönchengladbach,25626,M. Nicolas,Moritz,Nicolas,28.0,Germany,193,87,https://media.api-sports.io/football/players/25626.png,Goalkeeper,34.0,34.0,3060.0,7.36,0.0,0.0,,,1122.0,2.0,70.0,1.0,,1.0,,,12.0,12.0,3.0,,1.0,0.0
78,Bundesliga,2025,163,Borussia Mönchengladbach,25638,F. Neuhaus,Florian Christian,Neuhaus,28.0,Germany,185,74,https://media.api-sports.io/football/players/25638.png,Midfielder,17.0,11.0,939.0,6.74,0.0,1.0,12.0,6.0,492.0,9.0,79.0,12.0,4.0,9.0,12.0,6.0,74.0,29.0,9.0,9.0,0.0,0.0
78,Bundesliga,2025,163,Borussia Mönchengladbach,28382,H. Tabaković,Haris,Tabaković,31.0,Switzerland,196,90,https://media.api-sports.io/football/players/28382.png,Attacker,32.0,28.0,2394.0,6.71,13.0,2.0,51.0,27.0,485.0,16.0,67.0,10.0,5.0,,16.0,6.0,333.0,138.0,20.0,48.0,5.0,0.0
78,Bundesliga,2025,163,Borussia Mönchengladbach,31043,K. Diks,Kevin,Diks Bakarbessy,29.0,Netherlands,182,73,https://media.api-sports.io/football/players/31043.png,Defender,30.0,28.0,2467.0,6.97,5.0,0.0,21.0,13.0,1606.0,8.0,89.0,43.0,17.0,24.0,12.0,10.0,191.0,124.0,22.0,15.0,6.0,0.0
78,Bundesliga,2025,163,Borussia Mönchengladbach,50852,J. Scally,Joseph Michael,Scally,23.0,USA,184,80,https://media.api-sports.io/football/players/50852.png,Defender,32.0,29.0,2611.0,6.63,2.0,3.0,14.0,10.0,912.0,18.0,80.0,48.0,4.0,17.0,54.0,24.0,297.0,153.0,51.0,33.0,8.0,0.0
78,Bundesliga,2025,167,1899 Hoffenheim,163066,L. Philipp,Luca,Philipp,25.0,Germany,192,83,https://media.api-sports.io/football/players/163066.png,Goalkeeper,0.0,0.0,,,0.0,0.0,,,,,,,,,,,,,,,0.0,0.0
78,Bundesliga,2025,163,Borussia Mönchengladbach,163069,L. Netz,Luca,Netz,22.0,Germany,180,83,https://media.api-sports.io/football/players/163069.png,Defender,15.0,10.0,943.0,6.76,0.0,2.0,,,354.0,10.0,76.0,16.0,5.0,5.0,16.0,9.0,72.0,35.0,2.0,8.0,1.0,0.0
78,Bundesliga,2025,163,Borussia Mönchengladbach,203007,R. Reitz,Rocco,Reitz,23.0,Germany,176,75,https://media.api-sports.io/football/players/203007.png,Midfielder,31.0,31.0,2636.0,6.87,0.0,4.0,34.0,14.0,1239.0,28.0,77.0,68.0,6.0,49.0,51.0,24.0,323.0,171.0,55.0,35.0,8.0,1.0
78,Bundesliga,2025,163,Borussia Mönchengladbach,280358,J. Castrop,Jens,Castrop,22.0,Germany,178,76,https://media.api-sports.io/football/players/280358.png,Midfielder,26.0,20.0,1599.0,6.69,3.0,1.0,22.0,12.0,498.0,19.0,75.0,58.0,1.0,18.0,66.0,25.0,237.0,122.0,26.0,31.0,2.0,2.0
78,Bundesliga,2025,163,Borussia Mönchengladbach,322627,F. Chiarodia,Fabio Christian,Chiarodia,20.0,Italy,186,80,https://media.api-sports.io/football/players/322627.png,Defender,15.0,8.0,690.0,6.59,0.0,0.0,4.0,1.0,441.0,1.0,85.0,15.0,6.0,12.0,2.0,1.0,44.0,23.0,1.0,8.0,1.0,0.0
78,Bundesliga,2025,163,Borussia Mönchengladbach,327646,L. Ullrich,Lukas,Ullrich,21.0,Germany,180,69,https://media.api-sports.io/football/players/327646.png,Defender,23.0,14.0,1315.0,6.51,0.0,0.0,8.0,2.0,487.0,14.0,77.0,28.0,5.0,21.0,22.0,9.0,112.0,58.0,11.0,17.0,2.0,0.0
78,Bundesliga,2025,167,1899 Hoffenheim,328262,M. Damar,Muhammed Mehmet,Damar,21.0,Germany,185,73,https://media.api-sports.io/football/players/328262.png,Midfielder,15.0,2.0,302.0,6.58,0.0,0.0,8.0,8.0,125.0,12.0,81.0,5.0,,1.0,7.0,2.0,37.0,10.0,2.0,4.0,0.0,0.0
78,Bundesliga,2025,167,1899 Hoffenheim,350047,D. Mokwa,David,Ngabi Mokwa Ntusu,21.0,France,181,81,https://media.api-sports.io/football/players/350047.png,Attacker,0.0,0.0,,,0.0,0.0,,,,,,,,,,,,,,,0.0,0.0
78,Bundesliga,2025,167,1899 Hoffenheim,387973,Max Moerstedt,Max,Moerstedt,19.0,Germany,194,77,https://media.api-sports.io/football/players/387973.png,Attacker,22.0,1.0,411.0,6.53,2.0,0.0,6.0,4.0,105.0,2.0,73.0,7.0,1.0,,7.0,4.0,79.0,31.0,10.0,14.0,2.0,0.0
78,Bundesliga,2025,175,Hamburger SV,1167,Y. Poulsen,Yussuf Yurary,Poulsen,31.0,Denmark,192,84,https://media.api-sports.io/football/players/1167.png,Attacker,15.0,1.0,342.0,6.66,1.0,0.0,5.0,3.0,111.0,2.0,58.0,4.0,1.0,2.0,4.0,3.0,91.0,47.0,3.0,13.0,4.0,0.0
78,Bundesliga,2025,163,Borussia Mönchengladbach,2801,J. Omlin,Jonas,Omlin,31.0,Switzerland,190,80,https://media.api-sports.io/football/players/2801.png,Goalkeeper,0.0,0.0,,,0.0,0.0,,,,,,,,,,,,,,,0.0,0.0
78,Bundesliga,2025,168,Bayer Leverkusen,2801,J. Omlin,Jonas,Omlin,31.0,Switzerland,190,80,https://media.api-sports.io/football/players/2801.png,Goalkeeper,0.0,0.0,,,0.0,0.0,,,,,,,,,,,,,,,0.0,0.0
78,Bundesliga,2025,175,Hamburger SV,5973,N. Capaldo,Nicolás,Capaldo Taboas,27.0,Argentina,177,75,https://media.api-sports.io/football/players/5973.png,Midfielder,26.0,24.0,2009.0,6.76,1.0,3.0,15.0,6.0,750.0,22.0,77.0,68.0,6.0,35.0,24.0,10.0,283.0,161.0,46.0,31.0,10.0,0.0
78,Bundesliga,2025,175,Hamburger SV,8483,J. Dompé,Jean-Luc,Mamadou Diarra Dompé,30.0,France,170,65,https://media.api-sports.io/football/players/8483.png,Attacker,20.0,12.0,1136.0,7.04,3.0,0.0,21.0,12.0,287.0,33.0,80.0,5.0,,,37.0,21.0,68.0,35.0,9.0,2.0,0.0,0.0
78,Bundesliga,2025,175,Hamburger SV,14351,E. Sahiti,Emir,Sahiti,27.0,Kosovo,174,65,https://media.api-sports.io/football/players/14351.png,Attacker,2.0,2.0,122.0,6.4,0.0,0.0,,,31.0,1.0,70.0,,,,6.0,4.0,13.0,5.0,1.0,,0.0,0.0
78,Bundesliga,2025,163,Borussia Mönchengladbach,24839,M. Friedrich,Marvin,Friedrich,30.0,Germany,193,81,https://media.api-sports.io/football/players/24839.png,Defender,6.0,1.0,156.0,6.45,0.0,0.0,,,102.0,,82.0,6.0,2.0,1.0,,,21.0,13.0,2.0,2.0,0.0,0.0
78,Bundesliga,2025,175,Hamburger SV,25033,Daniel Heuer Fernandes,Daniel,Heuer Fernandes,33.0,Portugal,188,81,https://media.api-sports.io/football/players/25033.png,Goalkeeper,33.0,33.0,2970.0,7.18,0.0,0.0,1.0,,1660.0,,74.0,,,,1.0,1.0,10.0,9.0,4.0,,3.0,0.0
78,Bundesliga,2025,175,Hamburger SV,25346,J. Torunarigha,Jordan,Torunarigha,28.0,Germany,191,80,https://media.api-sports.io/football/players/25346.png,Defender,24.0,21.0,1965.0,6.79,0.0,0.0,3.0,1.0,1048.0,2.0,85.0,37.0,18.0,30.0,8.0,6.0,185.0,109.0,13.0,19.0,3.0,0.0
78,Bundesliga,2025,175,Hamburger SV,48489,M. Muheim,Miro Max Maria,Muheim,27.0,Switzerland,182,77,https://media.api-sports.io/football/players/48489.png,Midfielder,29.0,27.0,2437.0,6.96,0.0,4.0,17.0,7.0,1108.0,41.0,75.0,62.0,5.0,27.0,31.0,21.0,263.0,150.0,50.0,39.0,7.0,1.0
78,Bundesliga,2025,163,Borussia Mönchengladbach,106851,S. Machino,Shuto,Machino,26.0,Japan,185,81,https://media.api-sports.io/football/players/106851.png,Attacker,32.0,9.0,1084.0,6.63,3.0,1.0,20.0,11.0,286.0,14.0,72.0,8.0,1.0,3.0,10.0,3.0,125.0,54.0,11.0,14.0,2.0,0.0
78,Bundesliga,2025,175,Hamburger SV,129693,R. Philippe,Rayan,Philippe,25.0,France,182,78,https://media.api-sports.io/football/players/129693.png,Attacker,28.0,13.0,1292.0,6.57,5.0,0.0,30.0,16.0,204.0,16.0,69.0,20.0,,4.0,37.0,12.0,148.0,48.0,9.0,24.0,2.0,0.0
78,Bundesliga,2025,175,Hamburger SV,162265,W. Omari,Warmed,Omari,25.0,France,188,74,https://media.api-sports.io/football/players/162265.png,Defender,20.0,17.0,1607.0,6.66,0.0,1.0,3.0,1.0,724.0,8.0,85.0,22.0,14.0,27.0,6.0,6.0,117.0,61.0,11.0,16.0,0.0,0.0
78,Bundesliga,2025,175,Hamburger SV,162773,R. Königsdörffer,Ransford-Yeboah,Königsdörffer,24.0,Ghana,182,78,https://media.api-sports.io/football/players/162773.png,Attacker,33.0,29.0,2360.0,6.64,5.0,0.0,50.0,22.0,428.0,20.0,70.0,6.0,,6.0,40.0,15.0,247.0,99.0,32.0,25.0,2.0,0.0
78,Bundesliga,2025,163,Borussia Mönchengladbach,180298,O. Fraulo,Oscar Luigi,Fraulo,22.0,Denmark,180,77,https://media.api-sports.io/football/players/180298.png,Midfielder,4.0,0.0,55.0,6.75,1.0,0.0,1.0,1.0,17.0,,100.0,1.0,1.0,1.0,,,7.0,1.0,,3.0,0.0,0.0
78,Bundesliga,2025,175,Hamburger SV,260898,N. Remberg,Nicolai,Remberg,25.0,Germany,187,88,https://media.api-sports.io/football/players/260898.png,Midfielder,32.0,32.0,2880.0,6.94,0.0,2.0,13.0,8.0,1341.0,13.0,89.0,60.0,16.0,42.0,25.0,14.0,280.0,170.0,48.0,44.0,11.0,0.0
78,Bundesliga,2025,175,Hamburger SV,265741,G. Gocholeishvili,Giorgi,Gocholeishvili,24.0,Georgia,178,,https://media.api-sports.io/football/players/265741.png,Midfielder,24.0,9.0,957.0,6.67,0.0,1.0,7.0,2.0,245.0,10.0,74.0,25.0,1.0,8.0,39.0,18.0,143.0,72.0,19.0,13.0,2.0,0.0
78,Bundesliga,2025,163,Borussia Mönchengladbach,280427,G. Ranos,Grant-Leon,Ranos,22.0,Armenia,180,73,https://media.api-sports.io/football/players/280427.png,Attacker,8.0,0.0,122.0,6.46,1.0,0.0,4.0,2.0,43.0,1.0,83.0,1.0,,1.0,4.0,1.0,18.0,5.0,1.0,1.0,1.0,0.0
78,Bundesliga,2025,175,Hamburger SV,302632,W. Mikelbrencis,William,Mikelbrencis,21.0,France,176,64,https://media.api-sports.io/football/players/302632.png,Defender,26.0,15.0,1404.0,6.57,0.0,4.0,10.0,6.0,357.0,17.0,71.0,34.0,3.0,5.0,32.0,13.0,144.0,62.0,5.0,18.0,3.0,0.0
78,Bundesliga,2025,175,Hamburger SV,324019,Daniel Elfadli,Daniel,Elfadli,28.0,Libya,188,78,https://media.api-sports.io/football/players/324019.png,Defender,21.0,15.0,1266.0,6.54,0.0,0.0,3.0,1.0,666.0,2.0,93.0,22.0,9.0,20.0,4.0,3.0,113.0,58.0,15.0,20.0,5.0,0.0
78,Bundesliga,2025,175,Hamburger SV,470282,Alexander Røssing-Lelesiit,Alexander,Røssing-Lelesiit,18.0,Norway,173,65,https://media.api-sports.io/football/players/470282.png,Attacker,11.0,5.0,332.0,6.51,0.0,1.0,2.0,2.0,68.0,5.0,80.0,9.0,1.0,,16.0,6.0,63.0,23.0,7.0,13.0,2.0,0.0
78,Bundesliga,2025,169,Eintracht Frankfurt,16,M. Götze,Mario,Götze,33.0,Germany,176,75,https://media.api-sports.io/football/players/16.png,Midfielder,21.0,8.0,879.0,6.5,0.0,0.0,2.0,,494.0,15.0,83.0,14.0,3.0,5.0,14.0,5.0,93.0,32.0,12.0,9.0,1.0,0.0
78,Bundesliga,2025,169,Eintracht Frankfurt,533,R. Kristensen,Rasmus,Nissen Kristensen,28.0,Denmark,187,70,https://media.api-sports.io/football/players/533.png,Defender,22.0,19.0,1563.0,6.97,2.0,0.0,12.0,6.0,1010.0,8.0,79.0,46.0,1.0,19.0,22.0,14.0,184.0,103.0,11.0,24.0,5.0,0.0
78,Bundesliga,2025,169,Eintracht Frankfurt,2598,R. Dōan,Ritsu,Dōan,27.0,Japan,172,70,https://media.api-sports.io/football/players/2598.png,Midfielder,31.0,28.0,2379.0,6.82,5.0,5.0,30.0,15.0,877.0,40.0,77.0,43.0,1.0,17.0,80.0,34.0,312.0,132.0,34.0,26.0,5.0,0.0
78,Bundesliga,2025,169,Eintracht Frankfurt,7288,M. Zetterer,Michael,Zetterer,30.0,Germany,187,79,https://media.api-sports.io/football/players/7288.png,Goalkeeper,22.0,21.0,1975.0,6.99,0.0,0.0,,,764.0,,71.0,,,1.0,,,14.0,12.0,7.0,,1.0,0.0
78,Bundesliga,2025,175,Hamburger SV,24965,J. Meffert,Jonas,Meffert,31.0,Germany,186,76,https://media.api-sports.io/football/players/24965.png,Midfielder,4.0,1.0,151.0,6.65,0.0,0.0,,,81.0,2.0,76.0,4.0,,1.0,,,10.0,7.0,,1.0,0.0,0.0
78,Bundesliga,2025,169,Eintracht Frankfurt,25926,J. Burkardt,Jonathan Michael,Burkardt,25.0,Germany,181,76,https://media.api-sports.io/football/players/25926.png,Attacker,22.0,15.0,1340.0,6.96,13.0,1.0,33.0,21.0,206.0,9.0,73.0,8.0,,1.0,11.0,6.0,122.0,40.0,15.0,12.0,1.0,0.0
78,Bundesliga,2025,169,Eintracht Frankfurt,26238,R. Koch,Robin Leon,Koch,29.0,Germany,192,85,https://media.api-sports.io/football/players/26238.png,Defender,32.0,32.0,2835.0,6.98,3.0,1.0,13.0,5.0,2139.0,10.0,91.0,42.0,28.0,46.0,3.0,2.0,275.0,165.0,13.0,31.0,2.0,0.0
78,Bundesliga,2025,175,Hamburger SV,41799,Guilherme Ramos,Guilherme,Magro Pires Ramos,28.0,Portugal,191,86,https://media.api-sports.io/football/players/41799.png,Defender,8.0,0.0,78.0,6.53,0.0,0.0,1.0,1.0,45.0,1.0,68.0,,,,1.0,1.0,13.0,6.0,1.0,1.0,0.0,0.0
78,Bundesliga,2025,169,Eintracht Frankfurt,161922,A. Knauff,Ansgar,Knauff,23.0,Germany,180,73,https://media.api-sports.io/football/players/161922.png,Attacker,28.0,12.0,1332.0,6.56,4.0,1.0,21.0,14.0,354.0,17.0,70.0,13.0,,9.0,27.0,11.0,151.0,49.0,12.0,26.0,3.0,0.0
78,Bundesliga,2025,169,Eintracht Frankfurt,162707,E. Wahi,Sepe Elye,Wahi,22.0,France,184,74,https://media.api-sports.io/football/players/162707.png,Attacker,10.0,3.0,330.0,6.39,0.0,1.0,6.0,3.0,79.0,4.0,83.0,2.0,1.0,,7.0,1.0,34.0,13.0,4.0,2.0,1.0,0.0
78,Bundesliga,2025,169,Eintracht Frankfurt,204043,A. Theate,Arthur Nicolas,Theate,25.0,Belgium,185,79,https://media.api-sports.io/football/players/204043.png,Defender,24.0,24.0,2143.0,6.8,1.0,0.0,14.0,7.0,1627.0,12.0,89.0,35.0,16.0,30.0,8.0,4.0,160.0,83.0,13.0,15.0,8.0,0.0
78,Bundesliga,2025,169,Eintracht Frankfurt,269531,N. Collins,Pharrell Nnamdi,Collins,21.0,Germany,188,81,https://media.api-sports.io/football/players/269531.png,Defender,23.0,16.0,1508.0,6.65,1.0,2.0,4.0,1.0,1076.0,3.0,87.0,49.0,1.0,25.0,24.0,11.0,161.0,97.0,19.0,22.0,4.0,0.0
78,Bundesliga,2025,169,Eintracht Frankfurt,276670,F. Chaïbi,Farès,Chaïbi,23.0,Algeria,183,69,https://media.api-sports.io/football/players/276670.png,Midfielder,28.0,21.0,1797.0,6.83,2.0,9.0,19.0,9.0,800.0,40.0,78.0,31.0,2.0,14.0,22.0,11.0,170.0,86.0,21.0,14.0,2.0,0.0
78,Bundesliga,2025,169,Eintracht Frankfurt,280074,N. Brown,Nathaniel,Brown,22.0,Germany,176,60,https://media.api-sports.io/football/players/280074.png,Defender,33.0,29.0,2658.0,6.77,4.0,4.0,14.0,9.0,1134.0,34.0,84.0,81.0,7.0,26.0,39.0,17.0,252.0,140.0,33.0,27.0,3.0,0.0
78,Bundesliga,2025,169,Eintracht Frankfurt,335094,H. Larsson,Hugo Emanuel,Larsson,21.0,Sweden,187,79,https://media.api-sports.io/football/players/335094.png,Midfielder,25.0,21.0,1824.0,6.79,2.0,2.0,10.0,6.0,1029.0,19.0,86.0,19.0,5.0,31.0,9.0,4.0,74.0,34.0,2.0,7.0,0.0,0.0
78,Bundesliga,2025,169,Eintracht Frankfurt,339874,O. HÃ¸jlund,Oscar,Winther Højlund,20.0,Denmark,184,76,https://media.api-sports.io/football/players/339874.png,Midfielder,24.0,12.0,1099.0,6.56,1.0,1.0,5.0,3.0,564.0,7.0,89.0,29.0,5.0,7.0,12.0,5.0,116.0,44.0,5.0,27.0,3.0,0.0
78,Bundesliga,2025,169,Eintracht Frankfurt,339887,C. Uzun,Can Yılmaz,Uzun,20.0,Türkiye,186,67,https://media.api-sports.io/football/players/339887.png,Midfielder,21.0,15.0,1172.0,7.18,8.0,4.0,30.0,19.0,593.0,20.0,81.0,15.0,2.0,2.0,40.0,16.0,138.0,63.0,26.0,15.0,3.0,0.0
78,Bundesliga,2025,169,Eintracht Frankfurt,369674,J. Bahoya,Jean-Mattéo,Bahoya Négoce,20.0,France,180,75,https://media.api-sports.io/football/players/369674.png,Midfielder,27.0,15.0,1335.0,6.94,3.0,4.0,15.0,9.0,445.0,31.0,80.0,31.0,2.0,13.0,69.0,41.0,187.0,101.0,22.0,13.0,2.0,0.0
78,Bundesliga,2025,175,Hamburger SV,384861,A. Souhmahoro,Aboubaka,Souhmahoro,20.0,France,184,71,https://media.api-sports.io/football/players/384861.png,Defender,4.0,2.0,141.0,6.2,0.0,0.0,,,60.0,1.0,90.0,1.0,,,,,5.0,1.0,,3.0,1.0,0.0
78,Bundesliga,2025,175,Hamburger SV,444962,Otto Emerson Stange,Otto,Emerson Stange,18.0,Germany,185,82,https://media.api-sports.io/football/players/444962.png,Attacker,10.0,2.0,288.0,6.5,0.0,0.0,5.0,1.0,42.0,1.0,71.0,3.0,,,10.0,5.0,44.0,19.0,6.0,5.0,0.0,0.0
78,Bundesliga,2025,162,Werder Bremen,716,L. Bittencourt,Leonardo Jesus,Loureiro Bittencourt,32.0,Germany,171,63,https://media.api-sports.io/football/players/716.png,Midfielder,17.0,5.0,625.0,6.66,0.0,1.0,6.0,,436.0,5.0,85.0,16.0,,8.0,8.0,3.0,61.0,36.0,11.0,7.0,5.0,0.0
78,Bundesliga,2025,162,Werder Bremen,2916,N. Stark,Niklas,Stark,30.0,Germany,190,88,https://media.api-sports.io/football/players/2916.png,Defender,14.0,9.0,727.0,6.55,0.0,0.0,3.0,1.0,453.0,,87.0,16.0,5.0,13.0,1.0,,56.0,34.0,7.0,11.0,6.0,0.0
78,Bundesliga,2025,169,Eintracht Frankfurt,2927,M. Batshuayi,Michy,Batshuayi-Atunga,32.0,Belgium,185,76,https://media.api-sports.io/football/players/2927.png,Attacker,6.0,1.0,140.0,6.38,1.0,0.0,2.0,1.0,38.0,2.0,73.0,1.0,,,2.0,1.0,23.0,6.0,1.0,2.0,0.0,0.0
78,Bundesliga,2025,162,Werder Bremen,7073,M. Grüll,Marco,Grüll,27.0,Austria,182,74,https://media.api-sports.io/football/players/7073.png,Attacker,33.0,23.0,2020.0,6.75,3.0,1.0,29.0,13.0,616.0,33.0,77.0,38.0,7.0,15.0,43.0,21.0,230.0,101.0,27.0,33.0,5.0,0.0
78,Bundesliga,2025,162,Werder Bremen,7562,R. Schmid,Romano Christian,Schmid,25.0,Austria,168,69,https://media.api-sports.io/football/players/7562.png,Midfielder,34.0,34.0,2988.0,6.94,4.0,8.0,39.0,21.0,1454.0,89.0,76.0,46.0,4.0,11.0,98.0,37.0,336.0,131.0,31.0,19.0,4.0,0.0
78,Bundesliga,2025,169,Eintracht Frankfurt,8451,Aurélio Buta,Aurélio Gabriel Ulineia,Buta,28.0,Portugal,172,66,https://media.api-sports.io/football/players/8451.png,Defender,4.0,1.0,151.0,6.13,0.0,0.0,1.0,,68.0,1.0,77.0,6.0,1.0,,2.0,1.0,18.0,9.0,2.0,3.0,1.0,0.0
78,Bundesliga,2025,162,Werder Bremen,25314,M. Friedl,Marco,Friedl,27.0,Austria,187,82,https://media.api-sports.io/football/players/25314.png,Defender,30.0,29.0,2549.0,6.88,1.0,0.0,8.0,2.0,1796.0,5.0,88.0,44.0,24.0,35.0,7.0,4.0,190.0,118.0,16.0,17.0,9.0,1.0
78,Bundesliga,2025,162,Werder Bremen,25519,M. Kolke,Markus,Kolke,35.0,Germany,187,90,https://media.api-sports.io/football/players/25519.png,Goalkeeper,0.0,0.0,,,0.0,0.0,,,,,,,,,,,,,,,0.0,0.0
78,Bundesliga,2025,169,Eintracht Frankfurt,26291,J. Grahl,Jens,Grahl,37.0,Germany,192,88,https://media.api-sports.io/football/players/26291.png,Goalkeeper,0.0,0.0,,,0.0,0.0,,,,,,,,,,,,,,,0.0,0.0
78,Bundesliga,2025,162,Werder Bremen,26319,F. Agu,Felix,Agu,26.0,Germany,180,67,https://media.api-sports.io/football/players/26319.png,Defender,11.0,9.0,746.0,6.68,0.0,0.0,2.0,1.0,290.0,7.0,79.0,20.0,7.0,11.0,7.0,4.0,77.0,53.0,15.0,8.0,1.0,0.0
78,Bundesliga,2025,162,Werder Bremen,38798,S. Lynen,Senne Maaike,Lynen,26.0,Belgium,185,80,https://media.api-sports.io/football/players/38798.png,Midfielder,31.0,31.0,2757.0,6.79,0.0,0.0,14.0,4.0,1637.0,15.0,86.0,63.0,11.0,78.0,19.0,6.0,252.0,112.0,12.0,38.0,4.0,0.0
78,Bundesliga,2025,169,Eintracht Frankfurt,156490,N. Nkounkou,Niels Patrick,Nkounkou,25.0,France,184,75,https://media.api-sports.io/football/players/156490.png,Defender,0.0,0.0,,,0.0,0.0,,,,,,,,,,,,,,,0.0,0.0
78,Bundesliga,2025,162,Werder Bremen,177807,J. Njinmah,Justin Gideon,Njinmah,25.0,Germany,184,75,https://media.api-sports.io/football/players/177807.png,Midfielder,33.0,22.0,1955.0,6.68,5.0,0.0,47.0,23.0,438.0,16.0,76.0,23.0,1.0,6.0,55.0,21.0,170.0,86.0,25.0,8.0,2.0,0.0
78,Bundesliga,2025,162,Werder Bremen,216770,I. Hansen-Aarøen,Isak,Hansen-Aarøen,21.0,Norway,173,67,https://media.api-sports.io/football/players/216770.png,Midfielder,1.0,0.0,1.0,,0.0,0.0,,,5.0,,60.0,2.0,,,1.0,,3.0,2.0,,,0.0,0.0
78,Bundesliga,2025,162,Werder Bremen,289460,J. Malatini,Julián,Malatini,24.0,Argentina,191,84,https://media.api-sports.io/football/players/289460.png,Defender,11.0,5.0,540.0,6.43,0.0,0.0,1.0,,339.0,2.0,83.0,15.0,1.0,5.0,3.0,1.0,53.0,28.0,1.0,7.0,3.0,0.0
78,Bundesliga,2025,162,Werder Bremen,329578,M. Backhaus,Mio,Backhaus,21.0,Germany,194,82,https://media.api-sports.io/football/players/329578.png,Goalkeeper,32.0,32.0,2880.0,7.1,0.0,0.0,,,1056.0,,78.0,,,,,,28.0,25.0,12.0,,1.0,0.0
78,Bundesliga,2025,162,Werder Bremen,334334,K. Topp,Keke Maximilian,Topp,21.0,Germany,192,81,https://media.api-sports.io/football/players/334334.png,Attacker,20.0,7.0,659.0,6.39,1.0,1.0,14.0,3.0,188.0,8.0,75.0,9.0,,1.0,9.0,5.0,115.0,43.0,7.0,16.0,4.0,0.0
78,Bundesliga,2025,162,Werder Bremen,346866,S. Mbangula,Samuel-Germain,Kinduelu Mbangula Tshifunda,21.0,Belgium,171,64,https://media.api-sports.io/football/players/346866.png,Midfielder,26.0,12.0,1182.0,6.83,3.0,2.0,12.0,8.0,481.0,15.0,86.0,16.0,1.0,4.0,54.0,30.0,151.0,75.0,23.0,4.0,0.0,0.0
78,Bundesliga,2025,162,Werder Bremen,440147,Abdoul Karim Coulibaly,Abdoul Karim,Coulibaly,18.0,Germany,191,75,https://media.api-sports.io/football/players/440147.png,Defender,27.0,24.0,2122.0,6.45,1.0,0.0,6.0,1.0,1437.0,7.0,86.0,27.0,17.0,23.0,12.0,8.0,161.0,80.0,9.0,18.0,4.0,0.0
78,Bundesliga,2025,162,Werder Bremen,448468,P. Čović,Patrice,Čović,18.0,Croatia,176,68,https://media.api-sports.io/football/players/448468.png,Midfielder,15.0,2.0,348.0,6.61,1.0,0.0,2.0,2.0,200.0,3.0,79.0,13.0,,4.0,4.0,,36.0,15.0,2.0,6.0,1.0,0.0
78,Bundesliga,2025,160,SC Freiburg,2915,M. Ginter,Matthias Lukas,Ginter,31.0,Germany,191,86,https://media.api-sports.io/football/players/2915.png,Defender,32.0,32.0,2836.0,7.01,3.0,4.0,13.0,7.0,1787.0,15.0,87.0,22.0,21.0,23.0,8.0,3.0,248.0,152.0,20.0,16.0,3.0,0.0
78,Bundesliga,2025,160,SC Freiburg,2917,M. Eggestein,Maximilian,Eggestein,29.0,Germany,181,75,https://media.api-sports.io/football/players/2917.png,Midfielder,34.0,34.0,3060.0,6.83,3.0,1.0,24.0,13.0,1482.0,19.0,82.0,64.0,15.0,30.0,22.0,15.0,270.0,154.0,20.0,18.0,4.0,0.0
78,Bundesliga,2025,160,SC Freiburg,25905,F. Müller,Florian Lorenz,Müller,28.0,Germany,190,88,https://media.api-sports.io/football/players/25905.png,Goalkeeper,0.0,0.0,,,0.0,0.0,,,,,,,,,,,,,,,0.0,0.0
78,Bundesliga,2025,160,SC Freiburg,26236,C. Günter,Christian,Günter,32.0,Germany,184,83,https://media.api-sports.io/football/players/26236.png,Defender,24.0,18.0,1573.0,6.57,0.0,3.0,6.0,,514.0,20.0,78.0,19.0,6.0,9.0,5.0,2.0,69.0,37.0,6.0,10.0,3.0,0.0
78,Bundesliga,2025,160,SC Freiburg,26239,L. Kübler,Lukas,Kübler,33.0,Germany,182,74,https://media.api-sports.io/football/players/26239.png,Defender,23.0,19.0,1593.0,6.68,2.0,2.0,14.0,5.0,635.0,11.0,81.0,41.0,9.0,38.0,5.0,2.0,156.0,92.0,11.0,20.0,3.0,0.0
78,Bundesliga,2025,160,SC Freiburg,26240,P. Lienhart,Philipp,Lienhart,29.0,Austria,189,83,https://media.api-sports.io/football/players/26240.png,Defender,20.0,14.0,1305.0,6.98,1.0,0.0,8.0,2.0,977.0,5.0,90.0,18.0,8.0,15.0,5.0,3.0,92.0,60.0,8.0,7.0,3.0,0.0
78,Bundesliga,2025,160,SC Freiburg,26248,V. Grifo,Vincenzo,Grifo,32.0,Italy,180,76,https://media.api-sports.io/football/players/26248.png,Midfielder,33.0,21.0,1720.0,6.98,7.0,4.0,20.0,12.0,788.0,41.0,82.0,10.0,1.0,14.0,16.0,10.0,81.0,38.0,12.0,10.0,0.0,0.0
78,Bundesliga,2025,160,SC Freiburg,26255,L. Höler,Lucas,Höler,31.0,Germany,184,83,https://media.api-sports.io/football/players/26255.png,Attacker,32.0,25.0,2065.0,6.67,3.0,1.0,27.0,15.0,560.0,24.0,68.0,24.0,2.0,11.0,25.0,10.0,287.0,131.0,30.0,30.0,4.0,0.0
78,Bundesliga,2025,160,SC Freiburg,178768,N. Atubolu,Noah,Atubolu,23.0,Germany,190,78,https://media.api-sports.io/football/players/178768.png,Goalkeeper,34.0,34.0,3060.0,7.09,0.0,0.0,,,1361.0,3.0,67.0,,,,,,16.0,16.0,6.0,,1.0,0.0
78,Bundesliga,2025,160,SC Freiburg,191160,J. Makengo,Jordy,Makengo Basambundu,24.0,France,191,78,https://media.api-sports.io/football/players/191160.png,Defender,20.0,12.0,1188.0,6.57,0.0,1.0,,,445.0,5.0,84.0,22.0,10.0,15.0,13.0,7.0,84.0,52.0,9.0,10.0,1.0,0.0
78,Bundesliga,2025,162,Werder Bremen,193720,S. Alvero,Skelly,Alvero,23.0,France,202,93,https://media.api-sports.io/football/players/193720.png,Midfielder,2.0,0.0,37.0,6.8,0.0,0.0,,,24.0,,95.0,,1.0,1.0,,,1.0,1.0,1.0,,0.0,0.0
78,Bundesliga,2025,160,SC Freiburg,199143,Y. Suzuki,Yuito,Suzuki,24.0,Japan,175,70,https://media.api-sports.io/football/players/199143.png,Midfielder,25.0,18.0,1636.0,6.77,4.0,2.0,27.0,14.0,404.0,25.0,77.0,20.0,1.0,10.0,34.0,18.0,151.0,57.0,10.0,19.0,3.0,0.0
78,Bundesliga,2025,160,SC Freiburg,202526,E. Dinkçi,Eren Sami,Dinkçi,24.0,Germany,188,70,https://media.api-sports.io/football/players/202526.png,Midfielder,8.0,3.0,264.0,6.35,0.0,0.0,3.0,,84.0,1.0,72.0,8.0,,4.0,5.0,2.0,25.0,11.0,1.0,2.0,1.0,0.0
78,Bundesliga,2025,180,1. FC Heidenheim,202526,E. Dinkçi,Eren Sami,Dinkçi,24.0,Germany,188,70,https://media.api-sports.io/football/players/202526.png,Attacker,14.0,13.0,1135.0,7.04,3.0,1.0,21.0,9.0,321.0,10.0,70.0,17.0,1.0,6.0,23.0,9.0,92.0,34.0,4.0,9.0,3.0,0.0
78,Bundesliga,2025,160,SC Freiburg,202854,M. Röhl,Merlin,Röhl,23.0,Germany,192,75,https://media.api-sports.io/football/players/202854.png,Midfielder,2.0,0.0,65.0,6.4,0.0,0.0,,,28.0,,89.0,1.0,1.0,,,,9.0,3.0,,2.0,0.0,0.0
78,Bundesliga,2025,160,SC Freiburg,286710,D. Scherhant,Derry Lionel,Scherhant,23.0,Germany,185,78,https://media.api-sports.io/football/players/286710.png,Attacker,31.0,12.0,1308.0,6.7,5.0,1.0,23.0,13.0,226.0,22.0,75.0,20.0,4.0,7.0,80.0,30.0,229.0,92.0,36.0,19.0,2.0,0.0
78,Bundesliga,2025,162,Werder Bremen,363638,L. Opitz,Leon,Opitz,20.0,Germany,183,79,https://media.api-sports.io/football/players/363638.png,Attacker,0.0,0.0,,,0.0,0.0,,,,,,,,,,,,,,,0.0,0.0
78,Bundesliga,2025,160,SC Freiburg,406244,J. Manzambi,Johan,Manzambi,20.0,Switzerland,182,75,https://media.api-sports.io/football/players/406244.png,Midfielder,27.0,26.0,2094.0,7.21,5.0,4.0,37.0,13.0,940.0,19.0,84.0,35.0,2.0,27.0,63.0,33.0,304.0,179.0,78.0,22.0,4.0,2.0
78,Bundesliga,2025,160,SC Freiburg,431149,Cyriaque Kalou Irié,Cyriaque Kalou,Irié,20.0,Côte d'Ivoire,184,,https://media.api-sports.io/football/players/431149.png,Attacker,10.0,3.0,343.0,6.63,0.0,0.0,6.0,2.0,110.0,4.0,83.0,9.0,,3.0,20.0,12.0,70.0,33.0,8.0,11.0,3.0,0.0
78,Bundesliga,2025,162,Werder Bremen,444984,Mick Schmetgens,Mick,Schmetgens,18.0,Germany,190,85,https://media.api-sports.io/football/players/444984.png,Defender,2.0,0.0,36.0,7.3,0.0,0.0,,,40.0,,90.0,1.0,2.0,1.0,,,4.0,3.0,,,0.0,0.0
78,Bundesliga,2025,162,Werder Bremen,455290,Wesley Adeh,Wesley,Adeh,18.0,Germany,187,77,https://media.api-sports.io/football/players/455290.png,Midfielder,0.0,0.0,,,0.0,0.0,,,,,,,,,,,,,,,0.0,0.0
78,Bundesliga,2025,170,FC Augsburg,26,M. Wolf,Marius,Wolf,30.0,Germany,188,81,https://media.api-sports.io/football/players/26.png,Midfielder,29.0,12.0,1040.0,6.7,1.0,1.0,12.0,5.0,328.0,21.0,65.0,19.0,,11.0,16.0,7.0,75.0,35.0,2.0,10.0,4.0,0.0
78,Bundesliga,2025,170,FC Augsburg,110,H. Massengo,Han-Noah,Massengo,24.0,France,178,70,https://media.api-sports.io/football/players/110.png,Midfielder,33.0,29.0,2435.0,6.83,2.0,1.0,15.0,6.0,1116.0,17.0,85.0,41.0,9.0,38.0,40.0,26.0,201.0,107.0,23.0,25.0,5.0,0.0
78,Bundesliga,2025,170,FC Augsburg,2360,D. Giannoulis,Dimitrios Christos,Giannoulis,30.0,Greece,175,62,https://media.api-sports.io/football/players/2360.png,Midfielder,27.0,25.0,1901.0,6.96,2.0,5.0,9.0,6.0,656.0,34.0,71.0,27.0,11.0,19.0,42.0,19.0,145.0,78.0,20.0,16.0,8.0,0.0
78,Bundesliga,2025,170,FC Augsburg,14395,K. Jakić,Kristijan,Jakić,28.0,Croatia,184,78,https://media.api-sports.io/football/players/14395.png,Attacker,26.0,18.0,1653.0,6.77,2.0,1.0,13.0,6.0,721.0,13.0,80.0,34.0,7.0,16.0,14.0,6.0,146.0,75.0,17.0,17.0,5.0,0.0
78,Bundesliga,2025,170,FC Augsburg,14553,N. Labrović,Nediljko,Labrović,26.0,Croatia,196,88,https://media.api-sports.io/football/players/14553.png,Goalkeeper,0.0,0.0,,,0.0,0.0,,,,,,,,,,,,,,,0.0,0.0
78,Bundesliga,2025,160,SC Freiburg,15874,A. Jung,Anthony,Jung,34.0,Germany,186,83,https://media.api-sports.io/football/players/15874.png,Defender,12.0,4.0,528.0,6.57,0.0,0.0,1.0,,324.0,4.0,82.0,4.0,8.0,9.0,1.0,1.0,36.0,21.0,3.0,4.0,2.0,0.0
78,Bundesliga,2025,170,FC Augsburg,25290,J. Gouweleeuw,Jeffrey,Gouweleeuw,34.0,Netherlands,188,83,https://media.api-sports.io/football/players/25290.png,Defender,11.0,10.0,851.0,6.53,0.0,1.0,4.0,3.0,371.0,5.0,79.0,19.0,3.0,14.0,3.0,2.0,71.0,38.0,3.0,7.0,3.0,0.0
78,Bundesliga,2025,170,FC Augsburg,25355,A. Maier,Arne Carl,Maier,26.0,Germany,186,79,https://media.api-sports.io/football/players/25355.png,Midfielder,1.0,0.0,15.0,6.6,0.0,0.0,,,5.0,,80.0,1.0,,1.0,,,1.0,1.0,,,0.0,0.0
78,Bundesliga,2025,170,FC Augsburg,25413,E. Rexhbeçaj,Elvis,Rexhbeçaj,28.0,Kosovo,182,78,https://media.api-sports.io/football/players/25413.png,Midfielder,26.0,10.0,1120.0,6.62,2.0,0.0,8.0,5.0,406.0,9.0,77.0,18.0,1.0,5.0,8.0,5.0,113.0,51.0,16.0,13.0,4.0,0.0
78,Bundesliga,2025,170,FC Augsburg,25903,F. Dahmen,Finn Gilbert,Dahmen,27.0,Germany,186,80,https://media.api-sports.io/football/players/25903.png,Goalkeeper,34.0,34.0,3060.0,7.01,0.0,0.0,1.0,,1429.0,4.0,68.0,3.0,,,,,26.0,26.0,9.0,,1.0,0.0
78,Bundesliga,2025,170,FC Augsburg,26171,P. Tietz,Phillip,Tietz,28.0,Germany,190,86,https://media.api-sports.io/football/players/26171.png,Attacker,10.0,0.0,189.0,6.48,1.0,0.0,5.0,3.0,66.0,3.0,66.0,1.0,,,5.0,,34.0,11.0,4.0,6.0,2.0,0.0
78,Bundesliga,2025,164,FSV Mainz 05,26171,P. Tietz,Phillip,Tietz,28.0,Germany,190,86,https://media.api-sports.io/football/players/26171.png,Attacker,19.0,19.0,1618.0,6.48,5.0,2.0,40.0,21.0,429.0,18.0,57.0,7.0,1.0,7.0,26.0,12.0,303.0,128.0,21.0,32.0,2.0,0.0
78,Bundesliga,2025,170,FC Augsburg,26242,K. Schlotterbeck,Keven Matteo,Schlotterbeck,28.0,Germany,189,84,https://media.api-sports.io/football/players/26242.png,Defender,24.0,22.0,2031.0,6.98,0.0,1.0,9.0,3.0,1210.0,12.0,85.0,40.0,23.0,33.0,12.0,10.0,211.0,136.0,20.0,26.0,6.0,0.0
78,Bundesliga,2025,160,SC Freiburg,26250,N. Höfler,Nicolas,Höfler,35.0,Germany,181,79,https://media.api-sports.io/football/players/26250.png,Midfielder,14.0,2.0,319.0,6.49,0.0,0.0,4.0,2.0,121.0,,85.0,7.0,1.0,2.0,2.0,1.0,34.0,15.0,3.0,6.0,0.0,0.0
78,Bundesliga,2025,170,FC Augsburg,48574,C. Zesiger,Cédric Adrian,Zesiger,27.0,Switzerland,194,92,https://media.api-sports.io/football/players/48574.png,Defender,27.0,20.0,1840.0,6.68,0.0,0.0,8.0,3.0,943.0,8.0,81.0,34.0,18.0,18.0,11.0,3.0,158.0,87.0,16.0,18.0,7.0,0.0
78,Bundesliga,2025,160,SC Freiburg,125173,J. Adamu,Junior Chukwubuike,Adamu,24.0,Austria,183,79,https://media.api-sports.io/football/players/125173.png,Attacker,9.0,7.0,456.0,6.56,1.0,1.0,7.0,3.0,82.0,4.0,58.0,11.0,2.0,6.0,12.0,5.0,97.0,48.0,9.0,10.0,1.0,0.0
78,Bundesliga,2025,170,FC Augsburg,143831,R. Fellhauer,Robin Salvatore,Fellhauer,27.0,Germany,182,75,https://media.api-sports.io/football/players/143831.png,Midfielder,34.0,31.0,2810.0,6.82,3.0,2.0,24.0,9.0,903.0,31.0,75.0,57.0,9.0,24.0,34.0,15.0,275.0,144.0,33.0,24.0,2.0,0.0
78,Bundesliga,2025,170,FC Augsburg,163039,C. Matsima,Chrislain Iris Aurel,Matsima,23.0,France,193,81,https://media.api-sports.io/football/players/163039.png,Defender,18.0,17.0,1494.0,6.79,1.0,1.0,4.0,1.0,758.0,4.0,85.0,19.0,20.0,30.0,3.0,1.0,94.0,62.0,4.0,10.0,5.0,0.0
78,Bundesliga,2025,170,FC Augsburg,323974,E. Saad,Elias,Saad,26.0,Tunisia,185,72,https://media.api-sports.io/football/players/323974.png,Attacker,10.0,7.0,499.0,6.69,0.0,0.0,4.0,3.0,152.0,12.0,79.0,15.0,1.0,1.0,34.0,15.0,99.0,48.0,12.0,8.0,1.0,0.0
78,Bundesliga,2025,170,FC Augsburg,348888,M. Kömür,Mert,Kömür,20.0,Germany,183,77,https://media.api-sports.io/football/players/348888.png,Attacker,28.0,17.0,1466.0,6.63,2.0,4.0,31.0,16.0,459.0,23.0,80.0,15.0,,7.0,40.0,17.0,192.0,64.0,19.0,26.0,1.0,0.0
78,Bundesliga,2025,160,SC Freiburg,361393,I. Ogbus,Bruno Ifechukwu,Ogbus,20.0,Switzerland,185,84,https://media.api-sports.io/football/players/361393.png,Defender,18.0,14.0,1186.0,6.67,0.0,0.0,4.0,2.0,620.0,1.0,91.0,23.0,18.0,11.0,15.0,3.0,117.0,59.0,11.0,5.0,1.0,0.0
78,Bundesliga,2025,170,FC Augsburg,3395,S. Mounié,Steve Michel,Mounié,31.0,Benin,190,83,https://media.api-sports.io/football/players/3395.png,Attacker,0.0,0.0,,,0.0,0.0,,,,,,,,,,,,,,,0.0,0.0
78,Bundesliga,2025,180,1. FC Heidenheim,8959,A. Beck,Adrian,Beck,28.0,Germany,186,75,https://media.api-sports.io/football/players/8959.png,Midfielder,24.0,9.0,884.0,6.78,1.0,1.0,7.0,4.0,388.0,18.0,84.0,18.0,4.0,4.0,30.0,18.0,128.0,60.0,14.0,13.0,1.0,0.0
78,Bundesliga,2025,180,1. FC Heidenheim,15732,M. Kaufmann,Mikkel,Kaufmann Sørensen,24.0,Denmark,190,81,https://media.api-sports.io/football/players/15732.png,Attacker,16.0,6.0,546.0,6.55,1.0,1.0,8.0,3.0,99.0,4.0,64.0,3.0,1.0,1.0,1.0,,97.0,38.0,13.0,14.0,2.0,0.0
78,Bundesliga,2025,170,FC Augsburg,15901,M. Pedersen,Mads Giersing Valentin,Pedersen,29.0,Denmark,174,72,https://media.api-sports.io/football/players/15901.png,Defender,7.0,1.0,213.0,6.69,0.0,0.0,1.0,,61.0,3.0,77.0,5.0,1.0,1.0,5.0,,29.0,8.0,3.0,5.0,0.0,0.0
78,Bundesliga,2025,180,1. FC Heidenheim,24641,B. Zivzivadze,Budu,Zivzivadze,31.0,Georgia,189,85,https://media.api-sports.io/football/players/24641.png,Attacker,20.0,14.0,1146.0,6.62,6.0,0.0,23.0,14.0,219.0,7.0,72.0,14.0,2.0,1.0,31.0,13.0,160.0,56.0,13.0,15.0,2.0,1.0
78,Bundesliga,2025,180,1. FC Heidenheim,24893,K. Müller,Kevin,Müller,34.0,Germany,190,94,https://media.api-sports.io/football/players/24893.png,Goalkeeper,0.0,0.0,,,0.0,0.0,,,,,,,,,,,,,,,0.0,0.0
78,Bundesliga,2025,180,1. FC Heidenheim,24897,M. Busch,Marnon-Thomas,Busch,31.0,Germany,182,80,https://media.api-sports.io/football/players/24897.png,Midfielder,29.0,20.0,1912.0,6.77,1.0,5.0,8.0,3.0,684.0,17.0,80.0,36.0,11.0,32.0,13.0,3.0,140.0,68.0,8.0,18.0,4.0,0.0
78,Bundesliga,2025,180,1. FC Heidenheim,24899,P. Mainka,Patrick,Mainka,31.0,Germany,194,86,https://media.api-sports.io/football/players/24899.png,Defender,34.0,34.0,3060.0,6.86,2.0,2.0,34.0,9.0,1354.0,10.0,87.0,45.0,41.0,35.0,4.0,4.0,332.0,212.0,20.0,11.0,1.0,0.0
78,Bundesliga,2025,180,1. FC Heidenheim,24904,N. Dorsch,Niklas Bernd,Dorsch,27.0,Germany,178,76,https://media.api-sports.io/football/players/24904.png,Midfielder,32.0,27.0,2270.0,6.85,0.0,1.0,9.0,3.0,982.0,24.0,88.0,59.0,6.0,20.0,24.0,12.0,191.0,112.0,27.0,30.0,2.0,0.0
78,Bundesliga,2025,180,1. FC Heidenheim,24955,M. Honsak,Mathias,Honsak,29.0,Austria,188,78,https://media.api-sports.io/football/players/24955.png,Attacker,27.0,15.0,1260.0,6.57,2.0,1.0,24.0,8.0,300.0,12.0,74.0,21.0,1.0,18.0,38.0,15.0,157.0,66.0,15.0,11.0,1.0,0.0
78,Bundesliga,2025,180,1. FC Heidenheim,24979,J. Föhrenbach,Jonas,Föhrenbach,29.0,Germany,184,81,https://media.api-sports.io/football/players/24979.png,Midfielder,27.0,25.0,2327.0,6.62,1.0,1.0,1.0,1.0,822.0,21.0,79.0,46.0,9.0,30.0,9.0,2.0,159.0,91.0,18.0,16.0,3.0,0.0
78,Bundesliga,2025,180,1. FC Heidenheim,25203,B. Gimber,Benedikt Steffen,Gimber,28.0,Germany,187,85,https://media.api-sports.io/football/players/25203.png,Defender,21.0,18.0,1448.0,6.42,0.0,0.0,4.0,2.0,663.0,1.0,83.0,35.0,7.0,13.0,7.0,5.0,165.0,98.0,31.0,27.0,6.0,0.0
78,Bundesliga,2025,180,1. FC Heidenheim,25502,O. Traoré,Omar Haktab,Traoré,27.0,Germany,187,77,https://media.api-sports.io/football/players/25502.png,Defender,26.0,16.0,1514.0,6.42,0.0,2.0,8.0,2.0,566.0,13.0,77.0,24.0,1.0,14.0,25.0,13.0,142.0,66.0,19.0,22.0,2.0,0.0
78,Bundesliga,2025,180,1. FC Heidenheim,127619,J. Schöppner,Jan,Schöppner,26.0,Germany,190,78,https://media.api-sports.io/football/players/127619.png,Midfielder,31.0,29.0,2260.0,6.66,3.0,3.0,15.0,7.0,697.0,14.0,68.0,32.0,11.0,34.0,32.0,11.0,247.0,107.0,17.0,20.0,5.0,0.0
78,Bundesliga,2025,180,1. FC Heidenheim,177815,T. Siersleben,Tim,Siersleben,25.0,Germany,187,80,https://media.api-sports.io/football/players/177815.png,Defender,15.0,12.0,1093.0,6.55,0.0,0.0,5.0,3.0,545.0,2.0,81.0,23.0,10.0,20.0,1.0,,90.0,49.0,13.0,13.0,2.0,0.0
78,Bundesliga,2025,180,1. FC Heidenheim,280055,L. Kerber,Luca,Kerber,23.0,Germany,180,77,https://media.api-sports.io/football/players/280055.png,Midfielder,18.0,8.0,721.0,6.61,2.0,0.0,7.0,3.0,115.0,2.0,72.0,17.0,3.0,3.0,5.0,,78.0,35.0,6.0,12.0,3.0,0.0
78,Bundesliga,2025,180,1. FC Heidenheim,283323,Léo Scienza,Leonardo,Weschenfelder Scienza,27.0,Brazil,175,69,https://media.api-sports.io/football/players/283323.png,Attacker,2.0,2.0,180.0,7.45,1.0,0.0,2.0,1.0,37.0,3.0,75.0,2.0,,,9.0,3.0,25.0,12.0,7.0,1.0,0.0,0.0
78,Bundesliga,2025,170,FC Augsburg,343710,K. Dong,Kyliane,Dong,21.0,France,178,68,https://media.api-sports.io/football/players/343710.png,Attacker,0.0,0.0,,,0.0,0.0,,,,,,,,,,,,,,,0.0,0.0
78,Bundesliga,2025,170,FC Augsburg,413065,Noahkai Kai Daniel Banks,Noahkai Kai Daniel,Banks,19.0,USA,193,93,https://media.api-sports.io/football/players/413065.png,Defender,23.0,20.0,1738.0,6.92,1.0,1.0,6.0,5.0,881.0,7.0,90.0,42.0,13.0,16.0,9.0,5.0,172.0,100.0,18.0,29.0,8.0,0.0
78,Bundesliga,2025,180,1. FC Heidenheim,431917,Adam Kölle,Adam,Kölle,19.0,Germany,195,91,https://media.api-sports.io/football/players/431917.png,Defender,6.0,0.0,89.0,6.43,1.0,0.0,2.0,1.0,31.0,1.0,67.0,1.0,,1.0,1.0,,17.0,5.0,1.0,5.0,1.0,0.0
78,Bundesliga,2025,161,VfL Wolfsburg,549,V. Černý,Václav,Černý,28.0,Czechia,182,68,https://media.api-sports.io/football/players/549.png,Midfielder,2.0,0.0,46.0,6.6,0.0,0.0,,,7.0,,71.0,,,,2.0,1.0,7.0,4.0,2.0,,0.0,0.0
78,Bundesliga,2025,161,VfL Wolfsburg,1141,M. Müller,Marius,Müller,32.0,Germany,192,92,https://media.api-sports.io/football/players/1141.png,Goalkeeper,0.0,0.0,,,0.0,0.0,,,,,,,,,,,,,,,1.0,1.0
78,Bundesliga,2025,161,VfL Wolfsburg,1321,L. Majer,Lovro,Majer,27.0,Croatia,178,76,https://media.api-sports.io/football/players/1321.png,Midfielder,29.0,16.0,1389.0,6.67,2.0,3.0,20.0,7.0,544.0,22.0,81.0,27.0,1.0,9.0,25.0,12.0,172.0,72.0,21.0,31.0,6.0,0.0
78,Bundesliga,2025,161,VfL Wolfsburg,10169,Vinicius Souza,Vinicius,de Souza Costa,26.0,Brazil,187,80,https://media.api-sports.io/football/players/10169.png,Midfielder,25.0,23.0,1898.0,6.91,0.0,0.0,8.0,2.0,729.0,8.0,81.0,60.0,9.0,28.0,16.0,9.0,251.0,152.0,24.0,42.0,6.0,0.0
78,Bundesliga,2025,161,VfL Wolfsburg,15573,K. Grabara,Kamil Mieczysław,Grabara,26.0,Poland,195,80,https://media.api-sports.io/football/players/15573.png,Goalkeeper,36.0,36.0,3270.0,7.23,0.0,0.0,1.0,,1218.0,3.0,65.0,1.0,,1.0,1.0,1.0,21.0,19.0,2.0,,1.0,0.0
78,Bundesliga,2025,161,VfL Wolfsburg,15916,A. Skov Olsen,Andreas,Skov Olsen,26.0,Denmark,187,75,https://media.api-sports.io/football/players/15916.png,Midfielder,8.0,4.0,369.0,6.76,1.0,0.0,6.0,2.0,126.0,7.0,87.0,2.0,,1.0,4.0,3.0,20.0,12.0,4.0,1.0,1.0,0.0
78,Bundesliga,2025,161,VfL Wolfsburg,25400,Y. Gerhardt,Yannick,Gerhardt,31.0,Germany,184,81,https://media.api-sports.io/football/players/25400.png,Attacker,20.0,13.0,1975.0,6.72,8.0,3.0,50.0,19.0,507.0,26.0,69.0,39.0,1.0,7.0,50.0,18.0,239.0,94.0,11.0,22.0,1.0,0.0
78,Bundesliga,2025,161,VfL Wolfsburg,25408,M. Arnold,Maximilian,Arnold,31.0,Germany,184,74,https://media.api-sports.io/football/players/25408.png,Midfielder,25.0,20.0,1860.0,7.09,1.0,4.0,9.0,5.0,1029.0,29.0,84.0,22.0,12.0,24.0,8.0,5.0,116.0,64.0,26.0,17.0,5.0,0.0
78,Bundesliga,2025,161,VfL Wolfsburg,30484,M. Svanberg,Mattias Olof,Svanberg,26.0,Sweden,185,75,https://media.api-sports.io/football/players/30484.png,Midfielder,26.0,10.0,1028.0,6.61,3.0,1.0,17.0,8.0,267.0,7.0,72.0,12.0,5.0,11.0,13.0,3.0,127.0,56.0,24.0,20.0,6.0,0.0
78,Bundesliga,2025,161,VfL Wolfsburg,126642,P. Wimmer,Patrick,Wimmer,24.0,Austria,182,77,https://media.api-sports.io/football/players/126642.png,Midfielder,25.0,21.0,1634.0,6.92,4.0,3.0,19.0,8.0,494.0,16.0,65.0,47.0,2.0,25.0,75.0,38.0,321.0,149.0,33.0,28.0,4.0,0.0
78,Bundesliga,2025,161,VfL Wolfsburg,162409,K. Koulierakis,Konstantinos,Koulierakis,22.0,Greece,188,78,https://media.api-sports.io/football/players/162409.png,Defender,31.0,29.0,2698.0,6.82,4.0,1.0,21.0,12.0,1615.0,17.0,84.0,43.0,15.0,38.0,7.0,3.0,233.0,133.0,16.0,32.0,6.0,0.0
78,Bundesliga,2025,161,VfL Wolfsburg,177618,K. Fischer,Kilian,Fischer,25.0,Germany,182,77,https://media.api-sports.io/football/players/177618.png,Defender,11.0,10.0,803.0,6.31,0.0,0.0,2.0,,365.0,3.0,80.0,20.0,3.0,12.0,6.0,1.0,72.0,37.0,4.0,10.0,0.0,0.0
78,Bundesliga,2025,161,VfL Wolfsburg,200139,M. Amoura,Mohammed El Amine,Amoura,26.0,Algeria,170,61,https://media.api-sports.io/football/players/200139.png,Attacker,32.0,23.0,1975.0,6.72,8.0,3.0,50.0,19.0,507.0,26.0,69.0,39.0,1.0,7.0,50.0,18.0,239.0,94.0,11.0,22.0,2.0,0.0
78,Bundesliga,2025,180,1. FC Heidenheim,203011,J. Niehues,Julian,Niehues,24.0,Germany,195,89,https://media.api-sports.io/football/players/203011.png,Midfielder,24.0,17.0,1397.0,6.75,3.0,0.0,13.0,5.0,611.0,7.0,82.0,17.0,7.0,21.0,9.0,5.0,108.0,56.0,9.0,10.0,1.0,0.0
78,Bundesliga,2025,161,VfL Wolfsburg,231032,M. Jenz,Moritz,Jenz,26.0,Germany,190,86,https://media.api-sports.io/football/players/231032.png,Defender,22.0,20.0,1789.0,6.58,1.0,0.0,2.0,1.0,1021.0,2.0,89.0,32.0,20.0,12.0,,,167.0,102.0,7.0,31.0,7.0,0.0
78,Bundesliga,2025,161,VfL Wolfsburg,323951,A. Zehnter,Aaron,Zehnter,21.0,Germany,180,70,https://media.api-sports.io/football/players/323951.png,Defender,20.0,17.0,1465.0,6.53,2.0,0.0,10.0,5.0,596.0,16.0,76.0,15.0,7.0,18.0,10.0,7.0,63.0,31.0,,2.0,0.0,0.0
78,Bundesliga,2025,161,VfL Wolfsburg,342188,D. Pejčinović,Dženan,Pejčinović,20.0,Germany,188,78,https://media.api-sports.io/football/players/342188.png,Attacker,32.0,18.0,1670.0,6.59,9.0,0.0,44.0,24.0,420.0,14.0,68.0,10.0,3.0,3.0,18.0,5.0,228.0,76.0,8.0,26.0,1.0,0.0
78,Bundesliga,2025,161,VfL Wolfsburg,394740,D. Odogu,David Uyoyo,Odogu,19.0,Germany,191,83,https://media.api-sports.io/football/players/394740.png,Defender,0.0,0.0,,,0.0,0.0,,,,,,,,,,,,,,,0.0,0.0
78,Bundesliga,2025,161,VfL Wolfsburg,449714,M. Angely,Mathys,Angély,18.0,France,190,79,https://media.api-sports.io/football/players/449714.png,Defender,0.0,0.0,,,0.0,0.0,,,,,,,,,,,,,,,0.0,0.0
78,Bundesliga,2025,180,1. FC Heidenheim,480613,Y. Wagner,Yannik,Wagner,18.0,Germany,182,,https://media.api-sports.io/football/players/480613.png,Attacker,4.0,0.0,45.0,6.63,0.0,0.0,,,10.0,2.0,70.0,1.0,,,,,2.0,1.0,,,0.0,0.0
78,Bundesliga,2025,164,FSV Mainz 05,714,N. Amiri,Nadiem,Amiri,29.0,Germany,180,75,https://media.api-sports.io/football/players/714.png,Midfielder,26.0,24.0,2090.0,7.45,12.0,2.0,33.0,22.0,1111.0,63.0,81.0,31.0,3.0,22.0,49.0,25.0,187.0,94.0,26.0,20.0,6.0,0.0
78,Bundesliga,2025,164,FSV Mainz 05,979,D. Kohr,Dominik,Kohr,31.0,Germany,183,77,https://media.api-sports.io/football/players/979.png,Defender,29.0,28.0,2345.0,6.81,2.0,0.0,11.0,4.0,1125.0,10.0,83.0,48.0,17.0,45.0,11.0,5.0,256.0,134.0,43.0,40.0,10.0,1.0
78,Bundesliga,2025,164,FSV Mainz 05,1812,D. da Costa,Danny,Vieira da Costa,32.0,Germany,187,87,https://media.api-sports.io/football/players/1812.png,Defender,34.0,30.0,2697.0,6.82,2.0,3.0,10.0,5.0,1145.0,16.0,75.0,43.0,16.0,30.0,24.0,15.0,228.0,131.0,24.0,22.0,3.0,0.0
78,Bundesliga,2025,164,FSV Mainz 05,2906,Lee Jae-Sung,Jae-Sung,Lee,33.0,Korea Republic,180,70,https://media.api-sports.io/football/players/2906.png,Attacker,28.0,26.0,2198.0,6.68,4.0,2.0,18.0,9.0,673.0,22.0,77.0,38.0,1.0,25.0,15.0,5.0,245.0,108.0,21.0,19.0,4.0,0.0
78,Bundesliga,2025,164,FSV Mainz 05,22097,A. Nordin,Arnaud Dominique,Nordin,27.0,France,170,70,https://media.api-sports.io/football/players/22097.png,Attacker,13.0,5.0,474.0,6.7,0.0,0.0,9.0,2.0,160.0,3.0,82.0,10.0,1.0,4.0,10.0,4.0,55.0,29.0,13.0,4.0,0.0,0.0
78,Bundesliga,2025,164,FSV Mainz 05,22244,A. Caci,Anthony,Caci,28.0,France,184,76,https://media.api-sports.io/football/players/22244.png,Midfielder,10.0,6.0,520.0,6.9,0.0,0.0,4.0,,301.0,11.0,81.0,15.0,1.0,3.0,10.0,7.0,49.0,29.0,3.0,9.0,3.0,0.0
78,Bundesliga,2025,164,FSV Mainz 05,24842,L. Maloney,Lennard,Maloney,26.0,USA,187,89,https://media.api-sports.io/football/players/24842.png,Midfielder,21.0,4.0,522.0,6.53,0.0,0.0,3.0,1.0,173.0,1.0,72.0,10.0,2.0,8.0,,,76.0,35.0,3.0,13.0,1.0,0.0
78,Bundesliga,2025,164,FSV Mainz 05,25066,M. Leitsch,Maxim,Leitsch,27.0,Germany,188,75,https://media.api-sports.io/football/players/25066.png,Defender,3.0,2.0,162.0,6.7,0.0,0.0,1.0,,90.0,,80.0,3.0,2.0,5.0,,,19.0,9.0,1.0,2.0,0.0,0.0
78,Bundesliga,2025,164,FSV Mainz 05,25906,R. Zentner,Robin,Zentner,31.0,Germany,194,96,https://media.api-sports.io/football/players/25906.png,Goalkeeper,10.0,10.0,877.0,6.94,0.0,0.0,,,367.0,,54.0,,,,1.0,1.0,14.0,8.0,1.0,2.0,2.0,1.0
78,Bundesliga,2025,164,FSV Mainz 05,25907,S. Bell,Stefan,Bell,34.0,Germany,192,88,https://media.api-sports.io/football/players/25907.png,Defender,18.0,13.0,1049.0,6.73,2.0,1.0,11.0,5.0,417.0,5.0,70.0,12.0,10.0,18.0,2.0,1.0,141.0,80.0,7.0,15.0,4.0,0.0
78,Bundesliga,2025,164,FSV Mainz 05,25915,P. Mwene,Phillipp,Mwene,31.0,Austria,170,68,https://media.api-sports.io/football/players/25915.png,Midfielder,29.0,24.0,2072.0,6.82,1.0,2.0,9.0,2.0,592.0,18.0,75.0,29.0,9.0,15.0,16.0,8.0,173.0,82.0,32.0,22.0,4.0,0.0
78,Bundesliga,2025,164,FSV Mainz 05,33889,K. Sano,Kaishu,Sano,25.0,Japan,176,67,https://media.api-sports.io/football/players/33889.png,Midfielder,34.0,34.0,3059.0,7.05,1.0,2.0,16.0,6.0,1282.0,25.0,80.0,52.0,14.0,66.0,42.0,28.0,292.0,183.0,30.0,14.0,1.0,0.0
78,Bundesliga,2025,164,FSV Mainz 05,39279,A. Hanche-Olsen,Andreas,Schjølberg Hanche-Olsen,28.0,Norway,185,79,https://media.api-sports.io/football/players/39279.png,Defender,13.0,8.0,850.0,6.62,0.0,1.0,5.0,3.0,438.0,3.0,81.0,8.0,9.0,15.0,2.0,,110.0,66.0,6.0,13.0,3.0,0.0
78,Bundesliga,2025,164,FSV Mainz 05,48378,S. Widmer,Silvan Dominic,Widmer,32.0,Switzerland,183,77,https://media.api-sports.io/football/players/48378.png,Defender,27.0,22.0,1819.0,6.81,2.0,1.0,15.0,4.0,558.0,8.0,74.0,40.0,8.0,16.0,9.0,2.0,149.0,81.0,11.0,15.0,5.0,0.0
78,Bundesliga,2025,164,FSV Mainz 05,162946,B. Hollerbach,Benedict,Hollerbach,24.0,Germany,181,81,https://media.api-sports.io/football/players/162946.png,Attacker,14.0,13.0,882.0,6.55,1.0,2.0,15.0,6.0,184.0,4.0,72.0,13.0,1.0,1.0,31.0,12.0,174.0,55.0,13.0,18.0,0.0,0.0
78,Bundesliga,2025,164,FSV Mainz 05,180553,L. Rieß,Lasse Finn,Rieß,24.0,Germany,191,88,https://media.api-sports.io/football/players/180553.png,Goalkeeper,4.0,3.0,291.0,6.53,0.0,0.0,,,99.0,,61.0,,,,1.0,1.0,4.0,4.0,1.0,,0.0,0.0
78,Bundesliga,2025,164,FSV Mainz 05,202736,P. Nebel,Paul,Nebel,23.0,Germany,169,66,https://media.api-sports.io/football/players/202736.png,Attacker,30.0,24.0,2081.0,6.6,5.0,2.0,19.0,8.0,770.0,41.0,78.0,50.0,2.0,13.0,50.0,20.0,248.0,103.0,20.0,29.0,2.0,2.0
78,Bundesliga,2025,164,FSV Mainz 05,287932,B. Bobzien,Ben,Bobzien,22.0,Germany,176,70,https://media.api-sports.io/football/players/287932.png,Attacker,1.0,0.0,9.0,6.6,0.0,0.0,,,10.0,,90.0,2.0,,,,,3.0,2.0,,,0.0,0.0
78,Bundesliga,2025,164,FSV Mainz 05,342177,N. Weiper,Nelson Felix Patrick,Weiper,20.0,Germany,191,82,https://media.api-sports.io/football/players/342177.png,Attacker,24.0,3.0,586.0,6.5,0.0,0.0,10.0,6.0,139.0,6.0,62.0,3.0,1.0,3.0,14.0,7.0,125.0,47.0,3.0,6.0,1.0,0.0
78,Bundesliga,2025,161,VfL Wolfsburg,380503,Bence Dárdai,Bence,Dárdai,19.0,Germany,188,71,https://media.api-sports.io/football/players/380503.png,Midfielder,1.0,0.0,34.0,6.6,0.0,0.0,,,8.0,1.0,100.0,1.0,,1.0,,,3.0,1.0,,1.0,0.0,0.0
78,Bundesliga,2025,192,1. FC Köln,1156,T. Krauß,Tom,Krauß,24.0,Germany,182,72,https://media.api-sports.io/football/players/1156.png,Defender,26.0,19.0,1801.0,6.9,0.0,2.0,5.0,2.0,834.0,15.0,86.0,72.0,9.0,28.0,18.0,9.0,194.0,118.0,22.0,23.0,4.0,0.0
78,Bundesliga,2025,192,1. FC Köln,7319,J. Gazibegović,Jusuf,Gazibegović,25.0,Bosnia and Herzegovina,174,67,https://media.api-sports.io/football/players/7319.png,Defender,1.0,0.0,22.0,6.5,0.0,0.0,,,6.0,,83.0,,,,,,,,,,0.0,0.0
78,Bundesliga,2025,186,FC St. Pauli,9026,N. Vasilj,Nikola,Vasilj,30.0,Bosnia and Herzegovina,193,86,https://media.api-sports.io/football/players/9026.png,Goalkeeper,34.0,34.0,3060.0,7.12,0.0,0.0,,,1124.0,,69.0,1.0,,,,,13.0,13.0,1.0,,0.0,0.0
78,Bundesliga,2025,192,1. FC Köln,15871,M. Schwäbe,Marvin,Schwäbe,30.0,Germany,190,86,https://media.api-sports.io/football/players/15871.png,Goalkeeper,34.0,34.0,3060.0,7.13,0.0,0.0,,,1594.0,1.0,69.0,1.0,,,,,11.0,8.0,4.0,1.0,2.0,0.0
78,Bundesliga,2025,192,1. FC Köln,24803,F. Kainz,Florian,Kainz,33.0,Austria,176,71,https://media.api-sports.io/football/players/24803.png,Midfielder,15.0,2.0,276.0,6.75,1.0,1.0,5.0,3.0,181.0,9.0,82.0,4.0,,4.0,3.0,3.0,25.0,12.0,4.0,5.0,1.0,0.0
78,Bundesliga,2025,186,FC St. Pauli,24961,H. Wahl,Hauke Finn,Wahl,31.0,Germany,189,85,https://media.api-sports.io/football/players/24961.png,Defender,30.0,29.0,2591.0,6.79,2.0,1.0,9.0,4.0,1588.0,6.0,86.0,43.0,19.0,30.0,4.0,2.0,206.0,112.0,13.0,11.0,1.0,0.0
78,Bundesliga,2025,192,1. FC Köln,25242,M. Bülter,Marius,Bülter,32.0,Germany,188,85,https://media.api-sports.io/football/players/25242.png,Attacker,32.0,18.0,1606.0,6.84,5.0,4.0,35.0,17.0,402.0,26.0,73.0,7.0,4.0,7.0,19.0,6.0,189.0,76.0,24.0,17.0,3.0,0.0
78,Bundesliga,2025,192,1. FC Köln,26260,L. Waldschmidt,Gian-Luca,Waldschmidt,29.0,Germany,181,74,https://media.api-sports.io/football/players/26260.png,Attacker,24.0,7.0,684.0,6.79,5.0,4.0,21.0,13.0,224.0,13.0,75.0,8.0,2.0,4.0,16.0,7.0,66.0,31.0,6.0,9.0,1.0,0.0
78,Bundesliga,2025,192,1. FC Köln,26293,R. Zieler,Ron-Robert,Zieler,36.0,Germany,188,81,https://media.api-sports.io/football/players/26293.png,Goalkeeper,0.0,0.0,,,0.0,0.0,,,,,,,,,,,,,,,1.0,0.0
78,Bundesliga,2025,192,1. FC Köln,37439,R. Ache,Ragnar Prince,Friedel Ache,27.0,Germany,183,81,https://media.api-sports.io/football/players/37439.png,Attacker,29.0,18.0,1724.0,6.83,7.0,4.0,39.0,22.0,305.0,28.0,60.0,13.0,4.0,4.0,20.0,9.0,336.0,177.0,29.0,18.0,3.0,0.0
78,Bundesliga,2025,192,1. FC Köln,48198,Í. Bergmann Jóhannesson,Ísak,Bergmann Jóhannesson,22.0,Iceland,180,72,https://media.api-sports.io/football/players/48198.png,Midfielder,31.0,21.0,1812.0,6.75,1.0,2.0,10.0,4.0,905.0,34.0,83.0,27.0,6.0,8.0,7.0,6.0,100.0,48.0,5.0,14.0,6.0,0.0
78,Bundesliga,2025,192,1. FC Köln,48765,J. Schmied,Joël Pascal,Schmied,27.0,Switzerland,188,84,https://media.api-sports.io/football/players/48765.png,Defender,16.0,13.0,1080.0,6.3,0.0,0.0,2.0,,439.0,2.0,87.0,11.0,10.0,11.0,1.0,1.0,81.0,38.0,8.0,16.0,5.0,0.0
78,Bundesliga,2025,192,1. FC Köln,72048,C. Özkacar,Cenk,Özkacar,25.0,Türkiye,190,87,https://media.api-sports.io/football/players/72048.png,Defender,25.0,20.0,1801.0,6.61,0.0,0.0,11.0,4.0,1088.0,5.0,86.0,33.0,14.0,24.0,11.0,6.0,188.0,107.0,6.0,11.0,2.0,0.0
78,Bundesliga,2025,192,1. FC Köln,90641,T. Hübers,Timo Bernd,Hübers,29.0,Germany,190,82,https://media.api-sports.io/football/players/90641.png,Defender,8.0,8.0,669.0,7,0.0,0.0,,,367.0,,87.0,14.0,5.0,11.0,1.0,1.0,80.0,46.0,10.0,8.0,0.0,0.0
78,Bundesliga,2025,192,1. FC Köln,162386,K. Lund,Kristoffer,Lund Hansen,23.0,Denmark,184,65,https://media.api-sports.io/football/players/162386.png,Midfielder,33.0,26.0,2289.0,6.65,0.0,2.0,14.0,3.0,836.0,20.0,76.0,38.0,7.0,26.0,34.0,19.0,225.0,128.0,39.0,13.0,2.0,0.0
78,Bundesliga,2025,192,1. FC Köln,162480,E. Martel,Eric,Martel,23.0,Germany,188,81,https://media.api-sports.io/football/players/162480.png,Midfielder,31.0,30.0,2564.0,6.83,2.0,2.0,12.0,4.0,1417.0,14.0,86.0,46.0,22.0,35.0,4.0,2.0,345.0,186.0,51.0,42.0,11.0,0.0
78,Bundesliga,2025,192,1. FC Köln,181908,J. Thielmann,Jan Uwe,Thielmann,23.0,Germany,178,72,https://media.api-sports.io/football/players/181908.png,Attacker,26.0,20.0,1553.0,6.76,3.0,1.0,17.0,10.0,406.0,14.0,75.0,18.0,3.0,15.0,24.0,8.0,137.0,67.0,23.0,11.0,4.0,0.0
78,Bundesliga,2025,192,1. FC Köln,191740,S. Sebulonsen,Sebastian,Søraas Sebulonsen,25.0,Norway,187,78,https://media.api-sports.io/football/players/191740.png,Midfielder,31.0,28.0,2505.0,6.41,0.0,0.0,16.0,5.0,812.0,21.0,77.0,44.0,5.0,14.0,39.0,18.0,190.0,100.0,9.0,11.0,5.0,0.0
78,Bundesliga,2025,192,1. FC Köln,287916,R. van den Berg,Rav,van den Berg,21.0,Netherlands,190,75,https://media.api-sports.io/football/players/287916.png,Defender,14.0,12.0,1138.0,6.65,0.0,1.0,,,706.0,1.0,93.0,14.0,12.0,14.0,1.0,,80.0,43.0,3.0,10.0,0.0,1.0
78,Bundesliga,2025,192,1. FC Köln,432310,S. El Mala,Said,El Mala,19.0,Germany,187,,https://media.api-sports.io/football/players/432310.png,Midfielder,34.0,20.0,1957.0,6.96,13.0,4.0,61.0,30.0,341.0,20.0,74.0,24.0,,8.0,117.0,42.0,267.0,106.0,23.0,15.0,4.0,0.0
78,Bundesliga,2025,186,FC St. Pauli,1672,D. Sinani,Danel,Sinani,28.0,Luxembourg,185,70,https://media.api-sports.io/football/players/1672.png,Attacker,30.0,23.0,2068.0,6.72,5.0,3.0,34.0,18.0,954.0,47.0,74.0,25.0,1.0,7.0,31.0,12.0,217.0,75.0,27.0,39.0,4.0,0.0
78,Bundesliga,2025,186,FC St. Pauli,6904,C. Metcalfe,Connor Isaac,Metcalfe,26.0,Australia,183,75,https://media.api-sports.io/football/players/6904.png,Midfielder,25.0,3.0,600.0,6.56,0.0,2.0,11.0,4.0,195.0,10.0,73.0,15.0,,6.0,14.0,6.0,74.0,30.0,2.0,9.0,2.0,0.0
78,Bundesliga,2025,186,FC St. Pauli,8486,E. Smith,Eric Anders,Smith,28.0,Sweden,192,86,https://media.api-sports.io/football/players/8486.png,Defender,27.0,26.0,2314.0,6.88,2.0,2.0,9.0,5.0,1468.0,18.0,84.0,34.0,17.0,23.0,15.0,9.0,175.0,102.0,29.0,15.0,4.0,1.0
78,Bundesliga,2025,186,FC St. Pauli,17756,O. Afolayan,Oladapo Joshua,Afolayan,28.0,England,180,71,https://media.api-sports.io/football/players/17756.png,Attacker,7.0,1.0,155.0,6.5,0.0,0.0,3.0,2.0,64.0,2.0,76.0,4.0,1.0,,12.0,2.0,37.0,15.0,6.0,2.0,1.0,0.0
78,Bundesliga,2025,186,FC St. Pauli,20780,Mathias Pereira Lage,Mathias,Pereira Lage,29.0,Portugal,180,73,https://media.api-sports.io/football/players/20780.png,Attacker,28.0,25.0,2030.0,6.58,2.0,2.0,30.0,15.0,486.0,24.0,66.0,38.0,2.0,16.0,31.0,15.0,284.0,128.0,32.0,31.0,3.0,0.0
78,Bundesliga,2025,165,Borussia Dortmund,25282,G. Kobel,Gregor,Kobel,28.0,Switzerland,195,88,https://media.api-sports.io/football/players/25282.png,Goalkeeper,34.0,34.0,3060.0,7.18,0.0,0.0,,,1073.0,,72.0,,,,,,11.0,8.0,5.0,,3.0,0.0
78,Bundesliga,2025,186,FC St. Pauli,27157,M. Saliakas,Emmanouil,Saliakas,29.0,Greece,177,74,https://media.api-sports.io/football/players/27157.png,Defender,17.0,12.0,1110.0,6.96,1.0,3.0,5.0,3.0,518.0,12.0,74.0,29.0,1.0,13.0,8.0,5.0,75.0,49.0,7.0,4.0,3.0,0.0
78,Bundesliga,2025,186,FC St. Pauli,40274,A. Dźwigała,Adam,Dźwigała,30.0,Poland,185,72,https://media.api-sports.io/football/players/40274.png,Defender,19.0,14.0,1295.0,6.74,1.0,1.0,4.0,2.0,625.0,5.0,80.0,46.0,5.0,23.0,4.0,3.0,151.0,86.0,6.0,20.0,5.0,0.0
78,Bundesliga,2025,186,FC St. Pauli,47965,E. Ahlstrand,Erik Melker,Ahlstrand,24.0,Sweden,184,75,https://media.api-sports.io/football/players/47965.png,Midfielder,0.0,0.0,,,0.0,0.0,,,,,,,,,,,,,,,0.0,0.0
78,Bundesliga,2025,186,FC St. Pauli,50863,J. Sands,James Hoban,Sands,25.0,USA,186,84,https://media.api-sports.io/football/players/50863.png,Midfielder,24.0,23.0,1941.0,6.74,1.0,0.0,13.0,4.0,881.0,10.0,75.0,42.0,7.0,42.0,5.0,2.0,244.0,139.0,38.0,26.0,4.0,0.0
78,Bundesliga,2025,186,FC St. Pauli,90731,L. Ritzka,Lars,Ritzka,27.0,Germany,185,80,https://media.api-sports.io/football/players/90731.png,Defender,21.0,12.0,970.0,6.59,0.0,0.0,4.0,1.0,382.0,6.0,72.0,40.0,5.0,16.0,2.0,,102.0,54.0,3.0,11.0,1.0,0.0
78,Bundesliga,2025,186,FC St. Pauli,107087,S. Banks,Scott Brian,Banks,24.0,Scotland,183,74,https://media.api-sports.io/football/players/107087.png,Attacker,0.0,0.0,,,0.0,0.0,,,,,,,,,,,,,,,0.0,0.0
78,Bundesliga,2025,186,FC St. Pauli,119167,B. Voll,Ben Alexander,Voll,25.0,Germany,195,86,https://media.api-sports.io/football/players/119167.png,Goalkeeper,0.0,0.0,,,0.0,0.0,,,,,,,,,,,,,,,0.0,0.0
78,Bundesliga,2025,186,FC St. Pauli,146586,J. Fujita,Joel Chima,Fujita,23.0,Japan,175,76,https://media.api-sports.io/football/players/146586.png,Midfielder,32.0,31.0,2671.0,6.72,1.0,3.0,21.0,7.0,1176.0,30.0,76.0,68.0,4.0,33.0,85.0,47.0,312.0,148.0,19.0,37.0,6.0,0.0
78,Bundesliga,2025,186,FC St. Pauli,148448,A. Pyrka,Arkadiusz,Pyrka,23.0,Poland,177,72,https://media.api-sports.io/football/players/148448.png,Midfielder,31.0,30.0,2580.0,6.67,0.0,1.0,9.0,3.0,916.0,24.0,73.0,39.0,11.0,24.0,44.0,16.0,203.0,99.0,31.0,17.0,3.0,0.0
78,Bundesliga,2025,186,FC St. Pauli,178921,A. Hountondji,Andréas,Hountondji,23.0,Benin,190,64,https://media.api-sports.io/football/players/178921.png,Attacker,21.0,15.0,1084.0,6.46,4.0,0.0,17.0,13.0,150.0,6.0,66.0,7.0,2.0,1.0,27.0,9.0,139.0,33.0,6.0,9.0,2.0,0.0
78,Bundesliga,2025,186,FC St. Pauli,202636,L. Oppie,Louis,Oppie,23.0,Germany,184,81,https://media.api-sports.io/football/players/202636.png,Midfielder,23.0,17.0,1616.0,6.6,1.0,0.0,12.0,4.0,648.0,10.0,78.0,24.0,2.0,10.0,9.0,3.0,104.0,48.0,15.0,15.0,0.0,0.0
78,Bundesliga,2025,165,Borussia Dortmund,341839,F. Mané,Filippo Calixte,Mané,20.0,Italy,188,78,https://media.api-sports.io/football/players/341839.png,Defender,4.0,2.0,132.0,6.2,0.0,0.0,,,102.0,,86.0,1.0,,2.0,1.0,,10.0,4.0,2.0,1.0,0.0,1.0
78,Bundesliga,2025,186,FC St. Pauli,384968,J. Robatsch,Jannik Thomas,Robatsch,21.0,Austria,190,78,https://media.api-sports.io/football/players/384968.png,Defender,0.0,0.0,,,0.0,0.0,,,,,,,,,,,,,,,0.0,0.0
78,Bundesliga,2025,186,FC St. Pauli,474789,Abdoulie Ceesay,Abdoulie,Ceesay,21.0,Gambia,185,79,https://media.api-sports.io/football/players/474789.png,Attacker,20.0,0.0,353.0,6.62,3.0,0.0,9.0,4.0,73.0,3.0,67.0,3.0,,,8.0,6.0,81.0,30.0,6.0,14.0,4.0,0.0
78,Bundesliga,2025,165,Borussia Dortmund,637,F. Nmecha,Felix Kalu,Nmecha,25.0,Germany,190,73,https://media.api-sports.io/football/players/637.png,Midfielder,29.0,25.0,2184.0,6.93,2.0,3.0,19.0,7.0,1075.0,20.0,87.0,37.0,4.0,27.0,54.0,31.0,212.0,117.0,22.0,28.0,0.0,0.0
78,Bundesliga,2025,165,Borussia Dortmund,984,J. Brandt,Julian,Brandt,29.0,Germany,185,83,https://media.api-sports.io/football/players/984.png,Midfielder,29.0,17.0,1627.0,6.99,7.0,4.0,33.0,18.0,759.0,30.0,80.0,14.0,,5.0,34.0,18.0,130.0,60.0,5.0,8.0,0.0,0.0
78,Bundesliga,2025,165,Borussia Dortmund,1159,M. Sabitzer,Marcel,Sabitzer,31.0,Austria,178,76,https://media.api-sports.io/football/players/1159.png,Midfielder,26.0,21.0,1822.0,6.92,1.0,2.0,14.0,4.0,792.0,15.0,83.0,30.0,6.0,19.0,5.0,3.0,123.0,65.0,17.0,20.0,3.0,0.0
78,Bundesliga,2025,182,Union Berlin,1798,F. Rønnow,Frederik,Riis Rønnow,33.0,Denmark,188,81,https://media.api-sports.io/football/players/1798.png,Goalkeeper,30.0,30.0,2641.0,6.76,0.0,0.0,,,929.0,2.0,55.0,1.0,,1.0,,,16.0,11.0,3.0,1.0,2.0,0.0
78,Bundesliga,2025,165,Borussia Dortmund,2194,R. Bensebaïni,Amir Selmane Ramy,Bensebaïni,30.0,Algeria,187,82,https://media.api-sports.io/football/players/2194.png,Defender,21.0,15.0,1529.0,7.44,5.0,2.0,13.0,7.0,1168.0,10.0,87.0,28.0,8.0,18.0,7.0,4.0,157.0,87.0,16.0,31.0,6.0,0.0
78,Bundesliga,2025,165,Borussia Dortmund,7334,K. Adeyemi,Karim-David,Adeyemi,23.0,Germany,180,75,https://media.api-sports.io/football/players/7334.png,Attacker,28.0,15.0,1215.0,6.88,7.0,4.0,26.0,14.0,293.0,16.0,71.0,5.0,,8.0,74.0,27.0,168.0,64.0,25.0,21.0,5.0,0.0
78,Bundesliga,2025,165,Borussia Dortmund,18970,P. Groß,Pascal,Groß,34.0,Germany,181,78,https://media.api-sports.io/football/players/18970.png,Midfielder,11.0,7.0,618.0,6.82,0.0,1.0,4.0,1.0,464.0,11.0,87.0,8.0,,6.0,5.0,4.0,45.0,19.0,4.0,10.0,0.0,0.0
78,Bundesliga,2025,165,Borussia Dortmund,21393,S. Guirassy,Serhou Yadaly,Guirassy,29.0,Guinea,187,82,https://media.api-sports.io/football/players/21393.png,Attacker,33.0,27.0,2348.0,6.84,17.0,1.0,71.0,40.0,569.0,20.0,75.0,2.0,2.0,,26.0,12.0,301.0,144.0,36.0,39.0,3.0,0.0
78,Bundesliga,2025,165,Borussia Dortmund,24807,S. Özcan,Salih,Özcan,27.0,Türkiye,182,74,https://media.api-sports.io/football/players/24807.png,Midfielder,11.0,0.0,93.0,6.62,0.0,0.0,,,93.0,2.0,90.0,2.0,1.0,,1.0,,11.0,8.0,1.0,1.0,0.0,0.0
78,Bundesliga,2025,165,Borussia Dortmund,24845,J. Ryerson,Julian,Ryerson,28.0,Norway,183,86,https://media.api-sports.io/football/players/24845.png,Defender,31.0,26.0,2272.0,7.11,0.0,15.0,6.0,1.0,907.0,56.0,82.0,34.0,4.0,14.0,67.0,24.0,231.0,89.0,21.0,26.0,8.0,0.0
78,Bundesliga,2025,182,Union Berlin,24848,C. Trimmel,Christopher,Trimmel,38.0,Austria,189,82,https://media.api-sports.io/football/players/24848.png,Defender,29.0,22.0,1875.0,7.02,0.0,3.0,2.0,1.0,679.0,53.0,68.0,38.0,9.0,11.0,6.0,1.0,119.0,63.0,9.0,27.0,8.0,0.0
78,Bundesliga,2025,165,Borussia Dortmund,25368,W. Anton,Waldemar,Riptsov Anton,29.0,Germany,189,86,https://media.api-sports.io/football/players/25368.png,Defender,32.0,32.0,2880.0,7.26,2.0,0.0,11.0,6.0,2365.0,8.0,89.0,73.0,17.0,30.0,23.0,13.0,294.0,184.0,16.0,27.0,3.0,0.0
78,Bundesliga,2025,165,Borussia Dortmund,26292,A. Meyer,Alexander Niklas,Meyer-Schade,34.0,Germany,195,90,https://media.api-sports.io/football/players/26292.png,Goalkeeper,0.0,0.0,,,0.0,0.0,,,,,,,,,,,,,,,0.0,0.0
78,Bundesliga,2025,165,Borussia Dortmund,158644,M. Beier,Maximilian,Beier,23.0,Germany,183,72,https://media.api-sports.io/football/players/158644.png,Attacker,32.0,24.0,2036.0,6.8,9.0,6.0,36.0,20.0,588.0,26.0,70.0,26.0,3.0,14.0,48.0,18.0,241.0,92.0,24.0,31.0,3.0,0.0
78,Bundesliga,2025,165,Borussia Dortmund,197448,Yan Couto,Yan,Bueno Couto,23.0,Brazil,168,60,https://media.api-sports.io/football/players/197448.png,Midfielder,19.0,11.0,1010.0,6.86,2.0,2.0,7.0,4.0,459.0,17.0,81.0,20.0,1.0,7.0,25.0,13.0,106.0,48.0,13.0,17.0,4.0,0.0
78,Bundesliga,2025,165,Borussia Dortmund,198654,D. Svensson,Daniel,Svensson,23.0,Sweden,183,72,https://media.api-sports.io/football/players/198654.png,Midfielder,33.0,27.0,2452.0,6.76,2.0,2.0,8.0,4.0,840.0,35.0,83.0,38.0,8.0,20.0,24.0,12.0,193.0,93.0,22.0,28.0,0.0,0.0
78,Bundesliga,2025,165,Borussia Dortmund,203269,Y. Lührs,Yannik Luka,Lührs,22.0,Germany,189,82,https://media.api-sports.io/football/players/203269.png,Defender,0.0,0.0,,,0.0,0.0,,,,,,,,,,,,,,,0.0,0.0
78,Bundesliga,2025,165,Borussia Dortmund,326757,J. Bellingham,Jobe Samuel Patrick,Bellingham,20.0,England,188,73,https://media.api-sports.io/football/players/326757.png,Attacker,32.0,20.0,1800.0,6.77,0.0,1.0,10.0,6.0,1048.0,9.0,87.0,44.0,8.0,38.0,31.0,15.0,186.0,103.0,20.0,15.0,2.0,1.0
78,Bundesliga,2025,165,Borussia Dortmund,328617,William Cole Campbell,William Cole,Campbell,19.0,USA,170,68,https://media.api-sports.io/football/players/328617.png,Attacker,1.0,0.0,16.0,6.2,0.0,0.0,,,6.0,1.0,66.0,,,,,,1.0,,,,0.0,0.0
78,Bundesliga,2025,167,1899 Hoffenheim,328617,William Cole Campbell,William Cole,Campbell,19.0,USA,170,68,https://media.api-sports.io/football/players/328617.png,Attacker,5.0,0.0,83.0,6.42,0.0,0.0,1.0,,26.0,2.0,88.0,,,,1.0,1.0,8.0,2.0,1.0,,0.0,0.0
78,Bundesliga,2025,165,Borussia Dortmund,394667,Almugera Raouf Mohammed Kabar,Almugera,Raouf Mohammed Kabar,19.0,Germany,186,78,https://media.api-sports.io/football/players/394667.png,Defender,1.0,0.0,15.0,6.9,0.0,0.0,1.0,,2.0,,50.0,1.0,,,,,2.0,2.0,,,0.0,0.0
78,Bundesliga,2025,172,VfB Stuttgart,399,A. Nübel,Alexander,Nübel,29.0,Germany,193,86,https://media.api-sports.io/football/players/399.png,Goalkeeper,34.0,34.0,3060.0,7.2,0.0,1.0,,,1237.0,3.0,69.0,,,1.0,,,15.0,14.0,7.0,1.0,0.0,0.0
78,Bundesliga,2025,182,Union Berlin,512,Jeong Woo-Yeong,Woo-Yeong,Jeong,26.0,Korea Republic,179,71,https://media.api-sports.io/football/players/512.png,Midfielder,28.0,13.0,1206.0,6.75,4.0,1.0,16.0,8.0,329.0,6.0,75.0,18.0,,7.0,18.0,7.0,122.0,55.0,20.0,13.0,0.0,0.0
78,Bundesliga,2025,182,Union Berlin,1124,O. Burke,Oliver Jasen,Burke,28.0,Scotland,188,74,https://media.api-sports.io/football/players/1124.png,Attacker,29.0,21.0,1691.0,6.74,6.0,2.0,28.0,15.0,348.0,22.0,72.0,12.0,2.0,5.0,35.0,11.0,159.0,61.0,8.0,10.0,4.0,0.0
78,Bundesliga,2025,182,Union Berlin,1234,A. Král,Alex,Král,27.0,Czechia,187,80,https://media.api-sports.io/football/players/1234.png,Midfielder,20.0,2.0,466.0,6.58,0.0,0.0,4.0,3.0,138.0,4.0,78.0,9.0,1.0,4.0,13.0,9.0,68.0,37.0,11.0,4.0,1.0,0.0
78,Bundesliga,2025,182,Union Berlin,1298,R. Skov,Robert,Faxe Skov,29.0,Denmark,185,81,https://media.api-sports.io/football/players/1298.png,Defender,3.0,3.0,223.0,6.47,0.0,0.0,1.0,,62.0,1.0,67.0,6.0,,2.0,3.0,3.0,24.0,13.0,3.0,5.0,0.0,0.0
78,Bundesliga,2025,182,Union Berlin,14330,J. Juranović,Josip,Juranović,30.0,Croatia,173,68,https://media.api-sports.io/football/players/14330.png,Defender,11.0,3.0,334.0,6.94,1.0,1.0,4.0,1.0,131.0,12.0,74.0,7.0,4.0,1.0,1.0,,17.0,11.0,3.0,,1.0,0.0
78,Bundesliga,2025,172,VfB Stuttgart,24868,J. Vagnoman,Josha Mamadou Karaboue,Vagnoman,25.0,Germany,190,90,https://media.api-sports.io/football/players/24868.png,Defender,27.0,18.0,1593.0,6.49,1.0,3.0,18.0,11.0,608.0,16.0,81.0,30.0,4.0,3.0,11.0,6.0,142.0,69.0,16.0,17.0,3.0,0.0
78,Bundesliga,2025,182,Union Berlin,24910,T. Skarke,Tim,Skarke,29.0,Germany,181,78,https://media.api-sports.io/football/players/24910.png,Midfielder,22.0,4.0,619.0,6.56,1.0,1.0,13.0,5.0,154.0,12.0,70.0,7.0,,1.0,12.0,5.0,72.0,25.0,9.0,8.0,0.0,0.0
78,Bundesliga,2025,182,Union Berlin,25300,R. Khedira,Rani,Khedira,31.0,Germany,188,84,https://media.api-sports.io/football/players/25300.png,Midfielder,32.0,32.0,2835.0,6.67,5.0,1.0,15.0,10.0,656.0,16.0,66.0,59.0,5.0,37.0,13.0,3.0,249.0,117.0,18.0,52.0,7.0,0.0
78,Bundesliga,2025,182,Union Berlin,26249,J. Haberer,Janik,Haberer,31.0,Germany,186,78,https://media.api-sports.io/football/players/26249.png,Midfielder,28.0,20.0,1658.0,6.67,0.0,1.0,3.0,1.0,586.0,21.0,76.0,35.0,3.0,8.0,16.0,6.0,179.0,81.0,21.0,24.0,8.0,0.0
78,Bundesliga,2025,182,Union Berlin,30785,A. Schäfer,András,Schäfer,26.0,Hungary,179,70,https://media.api-sports.io/football/players/30785.png,Midfielder,28.0,16.0,1442.0,6.67,2.0,1.0,20.0,10.0,512.0,7.0,76.0,41.0,9.0,23.0,19.0,9.0,202.0,100.0,23.0,32.0,2.0,1.0
78,Bundesliga,2025,182,Union Berlin,37117,D. Doekhi,Danilho Raimundo,Doekhi,27.0,Netherlands,190,83,https://media.api-sports.io/football/players/37117.png,Defender,34.0,34.0,3060.0,6.76,5.0,0.0,40.0,11.0,1258.0,8.0,77.0,44.0,24.0,41.0,4.0,3.0,345.0,217.0,15.0,28.0,4.0,0.0
78,Bundesliga,2025,182,Union Berlin,45892,A. Ilić,Andrej,Ilić,25.0,Serbia,189,86,https://media.api-sports.io/football/players/45892.png,Attacker,32.0,24.0,2256.0,6.71,5.0,9.0,58.0,26.0,432.0,30.0,54.0,4.0,6.0,1.0,21.0,7.0,507.0,213.0,32.0,38.0,5.0,0.0
78,Bundesliga,2025,182,Union Berlin,128853,D. Köhn,Derrick Arthur,Köhn,27.0,Germany,180,73,https://media.api-sports.io/football/players/128853.png,Defender,29.0,21.0,1910.0,6.75,1.0,2.0,19.0,5.0,557.0,26.0,76.0,34.0,5.0,8.0,26.0,11.0,152.0,67.0,16.0,33.0,5.0,1.0
78,Bundesliga,2025,182,Union Berlin,262815,M. Raab,Matheo,Raab,27.0,Germany,186,82,https://media.api-sports.io/football/players/262815.png,Goalkeeper,1.0,1.0,90.0,9.6,0.0,0.0,,,32.0,,53.0,,,,,,2.0,1.0,,,0.0,0.0
78,Bundesliga,2025,182,Union Berlin,288206,L. Querfeld,Leopold,Querfeld,22.0,Austria,190,83,https://media.api-sports.io/football/players/288206.png,Defender,31.0,30.0,2704.0,6.89,3.0,0.0,23.0,10.0,1218.0,21.0,79.0,52.0,25.0,36.0,7.0,4.0,350.0,211.0,28.0,46.0,6.0,0.0
78,Bundesliga,2025,182,Union Berlin,292218,M. LjubiÄiÄ,Marin,Ljubičić,23.0,Croatia,183,78,https://media.api-sports.io/football/players/292218.png,Attacker,2.0,0.0,20.0,6.95,2.0,0.0,2.0,2.0,5.0,,40.0,,,,1.0,1.0,4.0,1.0,,2.0,0.0,0.0
78,Bundesliga,2025,182,Union Berlin,324957,T. Rothe,Tom Alexander,Rothe,21.0,Germany,193,85,https://media.api-sports.io/football/players/324957.png,Defender,21.0,10.0,1039.0,6.51,2.0,0.0,14.0,5.0,379.0,11.0,72.0,20.0,2.0,19.0,22.0,7.0,130.0,59.0,6.0,10.0,1.0,1.0
78,Bundesliga,2025,182,Union Berlin,327831,A. Kemlein,Aljoscha,Kemlein,21.0,Germany,185,78,https://media.api-sports.io/football/players/327831.png,Midfielder,30.0,23.0,1967.0,6.78,0.0,2.0,10.0,2.0,965.0,15.0,76.0,40.0,5.0,16.0,24.0,17.0,187.0,98.0,11.0,22.0,4.0,0.0
78,Bundesliga,2025,182,Union Berlin,380873,Ilyas  Ansah,Ilyas,Ansah,21.0,Germany,194,84,https://media.api-sports.io/football/players/380873.png,Attacker,33.0,23.0,1909.0,6.63,5.0,1.0,25.0,12.0,299.0,16.0,74.0,17.0,3.0,5.0,72.0,25.0,298.0,101.0,43.0,22.0,1.0,0.0
78,Bundesliga,2025,172,VfB Stuttgart,24798,C. Führich,Chris Jan,Führich,27.0,Germany,181,73,https://media.api-sports.io/football/players/24798.png,Midfielder,33.0,20.0,1723.0,7.17,7.0,7.0,34.0,23.0,879.0,50.0,82.0,15.0,,3.0,48.0,28.0,111.0,53.0,6.0,6.0,2.0,0.0
78,Bundesliga,2025,172,VfB Stuttgart,24806,N. Nartey,Nikolas Terkelsen,Nartey,25.0,Denmark,187,82,https://media.api-sports.io/football/players/24806.png,Midfielder,28.0,14.0,1262.0,6.92,4.0,3.0,18.0,12.0,516.0,24.0,83.0,14.0,3.0,10.0,27.0,18.0,159.0,93.0,23.0,18.0,2.0,0.0
78,Bundesliga,2025,172,VfB Stuttgart,24963,A. Karazor,Atakan,Karazor,29.0,Germany,191,76,https://media.api-sports.io/football/players/24963.png,Midfielder,28.0,22.0,1898.0,6.78,0.0,1.0,5.0,2.0,1094.0,12.0,85.0,42.0,7.0,16.0,14.0,8.0,208.0,136.0,34.0,20.0,5.0,1.0
78,Bundesliga,2025,172,VfB Stuttgart,25342,M. Mittelstädt,Maximilian,Mittelstädt,28.0,Germany,180,71,https://media.api-sports.io/football/players/25342.png,Defender,32.0,24.0,2195.0,7.23,6.0,4.0,26.0,16.0,1340.0,37.0,86.0,67.0,9.0,37.0,22.0,14.0,219.0,143.0,26.0,11.0,4.0,0.0
78,Bundesliga,2025,172,VfB Stuttgart,25597,F. Bredlow,Fabian,Bredlow,30.0,Germany,190,87,https://media.api-sports.io/football/players/25597.png,Goalkeeper,0.0,0.0,,,0.0,0.0,,,,,,,,,,,,,,,0.0,0.0
78,Bundesliga,2025,172,VfB Stuttgart,26244,P. Stenzel,Pascal,Stenzel,29.0,Germany,183,78,https://media.api-sports.io/football/players/26244.png,Defender,2.0,2.0,107.0,6.45,0.0,0.0,2.0,1.0,56.0,,85.0,,,2.0,,,6.0,3.0,2.0,2.0,2.0,0.0
78,Bundesliga,2025,172,VfB Stuttgart,26475,D. Undav,Deniz,Undav,29.0,Germany,179,86,https://media.api-sports.io/football/players/26475.png,Midfielder,29.0,25.0,2247.0,7.18,19.0,7.0,90.0,46.0,624.0,42.0,72.0,18.0,2.0,4.0,18.0,9.0,228.0,85.0,23.0,32.0,5.0,0.0
78,Bundesliga,2025,172,VfB Stuttgart,38112,J. Chabot,Julian Jeffrey Gaston,Chabot,27.0,Germany,195,95,https://media.api-sports.io/football/players/38112.png,Defender,27.0,26.0,2296.0,7.13,0.0,0.0,16.0,7.0,1728.0,7.0,88.0,33.0,15.0,36.0,7.0,4.0,304.0,203.0,40.0,35.0,3.0,0.0
78,Bundesliga,2025,172,VfB Stuttgart,46930,E. Demirović,Ermedin,Demirović,27.0,Bosnia and Herzegovina,185,84,https://media.api-sports.io/football/players/46930.png,Attacker,25.0,17.0,1506.0,6.9,12.0,3.0,34.0,22.0,250.0,17.0,73.0,14.0,1.0,1.0,14.0,7.0,204.0,77.0,26.0,37.0,5.0,0.0
78,Bundesliga,2025,172,VfB Stuttgart,128533,J. Leweling,Jamie,Leweling,24.0,Germany,185,86,https://media.api-sports.io/football/players/128533.png,Midfielder,32.0,26.0,2375.0,7.03,7.0,9.0,30.0,18.0,755.0,41.0,77.0,22.0,2.0,14.0,68.0,31.0,225.0,108.0,44.0,17.0,4.0,0.0
78,Bundesliga,2025,172,VfB Stuttgart,135883,R. Hendriks,Ramon,Hendriks,24.0,Netherlands,189,83,https://media.api-sports.io/football/players/135883.png,Defender,31.0,22.0,2033.0,6.76,0.0,3.0,4.0,,1234.0,6.0,90.0,35.0,11.0,21.0,8.0,8.0,164.0,111.0,25.0,17.0,3.0,0.0
78,Bundesliga,2025,172,VfB Stuttgart,137210,A. Stiller,Angelo,Stiller,24.0,Germany,183,77,https://media.api-sports.io/football/players/137210.png,Midfielder,34.0,30.0,2750.0,7.26,2.0,5.0,12.0,8.0,2329.0,56.0,88.0,49.0,7.0,30.0,24.0,14.0,240.0,140.0,44.0,18.0,1.0,0.0
78,Bundesliga,2025,172,VfB Stuttgart,158054,N. Woltemade,Nick,Woltemade,23.0,Germany,198,90,https://media.api-sports.io/football/players/158054.png,Midfielder,1.0,1.0,90.0,6.3,0.0,0.0,,,9.0,1.0,55.0,1.0,1.0,,1.0,1.0,14.0,5.0,3.0,1.0,0.0,0.0
78,Bundesliga,2025,172,VfB Stuttgart,265363,Tiago Tomás,Tiago,Barreiros de Melo Tomás,23.0,Portugal,180,69,https://media.api-sports.io/football/players/265363.png,Attacker,27.0,10.0,1039.0,6.68,5.0,3.0,26.0,10.0,300.0,11.0,79.0,15.0,2.0,5.0,34.0,13.0,140.0,67.0,29.0,12.0,4.0,0.0
78,Bundesliga,2025,170,FC Augsburg,279993,A. Kade,Anton,Kade,21.0,Germany,185,72,https://media.api-sports.io/football/players/279993.png,Midfielder,28.0,18.0,1746.0,6.84,6.0,0.0,38.0,21.0,448.0,26.0,73.0,31.0,1.0,13.0,52.0,24.0,240.0,109.0,18.0,20.0,3.0,0.0
78,Bundesliga,2025,172,VfB Stuttgart,349344,L. Jaquez,Luca Antony,Jaquez,22.0,Switzerland,187,80,https://media.api-sports.io/football/players/349344.png,Defender,14.0,10.0,899.0,6.82,0.0,1.0,3.0,,727.0,5.0,90.0,8.0,7.0,10.0,2.0,2.0,55.0,30.0,2.0,4.0,1.0,0.0
78,Bundesliga,2025,170,FC Augsburg,380518,Aiman Dardari,Aiman,Dardari,20.0,Luxembourg,178,,https://media.api-sports.io/football/players/380518.png,Attacker,3.0,0.0,35.0,6.33,0.0,0.0,,,10.0,,60.0,,,,1.0,,6.0,1.0,1.0,1.0,1.0,0.0
78,Bundesliga,2025,172,VfB Stuttgart,388871,José María Andrés Baixauli,José María,Andrés Baixauli,20.0,Spain,190,82,https://media.api-sports.io/football/players/388871.png,Midfielder,25.0,14.0,1327.0,6.97,3.0,0.0,12.0,6.0,727.0,15.0,84.0,30.0,11.0,32.0,2.0,2.0,160.0,90.0,7.0,20.0,5.0,0.0
78,Bundesliga,2025,172,VfB Stuttgart,394734,Finn Jeltsch,Finn,Jeltsch,19.0,Germany,187,86,https://media.api-sports.io/football/players/394734.png,Defender,23.0,17.0,1512.0,6.75,0.0,1.0,2.0,,1044.0,5.0,90.0,24.0,14.0,19.0,7.0,5.0,133.0,73.0,16.0,13.0,3.0,0.0
78,Bundesliga,2025,172,VfB Stuttgart,398194,L. JovanoviÄ,Lazar,Jovanović,19.0,Serbia,184,76,https://media.api-sports.io/football/players/398194.png,Attacker,3.0,0.0,43.0,6.47,0.0,0.0,1.0,,13.0,2.0,61.0,,,,1.0,1.0,8.0,4.0,1.0,1.0,0.0,0.0
78,Bundesliga,2025,172,VfB Stuttgart,13,D. Zagadou,Dan-Axel,Zagadou,26.0,France,196,90,https://media.api-sports.io/football/players/13.png,Defender,3.0,3.0,210.0,7.57,0.0,0.0,5.0,1.0,213.0,1.0,86.0,5.0,5.0,5.0,1.0,1.0,36.0,24.0,1.0,5.0,0.0,0.0
78,Bundesliga,2025,169,Eintracht Frankfurt,21587,E. Skhiri,Ellyes Joris,Skhiri,30.0,Tunisia,185,74,https://media.api-sports.io/football/players/21587.png,Midfielder,25.0,16.0,1450.0,6.71,0.0,0.0,6.0,,910.0,7.0,88.0,20.0,6.0,26.0,12.0,7.0,124.0,64.0,13.0,11.0,2.0,0.0
78,Bundesliga,2025,192,1. FC Köln,25380,L. Maina,Linton,Maina,26.0,Germany,173,70,https://media.api-sports.io/football/players/25380.png,Midfielder,24.0,9.0,1029.0,6.74,2.0,0.0,15.0,8.0,306.0,17.0,84.0,9.0,2.0,4.0,21.0,9.0,72.0,26.0,7.0,8.0,0.0,0.0
78,Bundesliga,2025,167,1899 Hoffenheim,26300,O. Kabak,Ozan Muhammed,Kabak,25.0,Türkiye,187,86,https://media.api-sports.io/football/players/26300.png,Defender,25.0,18.0,1763.0,6.92,4.0,0.0,29.0,12.0,1132.0,8.0,84.0,20.0,14.0,25.0,10.0,6.0,247.0,149.0,8.0,27.0,5.0,0.0
78,Bundesliga,2025,186,FC St. Pauli,37759,M. Kaars,Martijn,Kaars,26.0,Netherlands,183,74,https://media.api-sports.io/football/players/37759.png,Attacker,29.0,14.0,1368.0,6.51,3.0,1.0,15.0,10.0,331.0,10.0,78.0,7.0,,,14.0,5.0,113.0,31.0,6.0,8.0,2.0,0.0
78,Bundesliga,2025,180,1. FC Heidenheim,125720,S. Conteh,Sirlord Calvin,Conteh,29.0,Germany,178,78,https://media.api-sports.io/football/players/125720.png,Attacker,15.0,3.0,619.0,6.61,2.0,1.0,9.0,3.0,130.0,8.0,66.0,7.0,,4.0,9.0,3.0,64.0,29.0,10.0,7.0,1.0,0.0
78,Bundesliga,2025,165,Borussia Dortmund,138935,C. Chukwuemeka,Carney Chibueze,Chukwuemeka,22.0,England,187,77,https://media.api-sports.io/football/players/138935.png,Midfielder,28.0,8.0,939.0,6.68,2.0,0.0,12.0,2.0,383.0,11.0,85.0,21.0,1.0,6.0,47.0,22.0,137.0,64.0,15.0,11.0,2.0,0.0
78,Bundesliga,2025,160,SC Freiburg,178769,P. Treu,Philipp,Treu,25.0,Germany,172,71,https://media.api-sports.io/football/players/178769.png,Defender,28.0,24.0,2194.0,6.63,1.0,2.0,12.0,5.0,814.0,20.0,85.0,44.0,7.0,9.0,36.0,15.0,202.0,107.0,37.0,20.0,2.0,0.0
78,Bundesliga,2025,172,VfB Stuttgart,180731,L. Assignon,Lorenz,Assignon,25.0,France,181,77,https://media.api-sports.io/football/players/180731.png,Defender,24.0,12.0,1109.0,6.51,0.0,0.0,9.0,4.0,480.0,10.0,83.0,22.0,2.0,13.0,21.0,11.0,123.0,60.0,7.0,19.0,3.0,1.0
78,Bundesliga,2025,167,1899 Hoffenheim,278453,A. Hajdari,Albian,Hajdari,22.0,Switzerland,189,80,https://media.api-sports.io/football/players/278453.png,Defender,30.0,28.0,2440.0,7.01,1.0,2.0,11.0,4.0,1570.0,10.0,82.0,58.0,23.0,42.0,3.0,2.0,256.0,137.0,23.0,43.0,10.0,0.0
78,Bundesliga,2025,182,Union Berlin,327956,David Preu,David,Preu,21.0,Germany,172,72,https://media.api-sports.io/football/players/327956.png,Attacker,0.0,0.0,,,0.0,0.0,,,,,,,,,,,,,,,0.0,0.0
78,Bundesliga,2025,173,RB Leipzig,355167,Max Finkgräfe,Max,Finkgräfe,21.0,Germany,183,77,https://media.api-sports.io/football/players/355167.png,Defender,13.0,5.0,502.0,6.63,1.0,1.0,4.0,2.0,303.0,12.0,90.0,16.0,1.0,7.0,5.0,5.0,46.0,27.0,4.0,3.0,2.0,0.0
78,Bundesliga,2025,169,Eintracht Frankfurt,382492,Elias Baum,Elias,Baum,20.0,Germany,180,77,https://media.api-sports.io/football/players/382492.png,Defender,5.0,0.0,71.0,6.5,0.0,0.0,,,65.0,1.0,90.0,1.0,,1.0,3.0,,10.0,3.0,,3.0,0.0,0.0
78,Bundesliga,2025,175,Hamburger SV,387521,L. Vušković,Luka,Vušković,18.0,Croatia,193,86,https://media.api-sports.io/football/players/387521.png,Defender,28.0,27.0,2441.0,7.26,6.0,0.0,26.0,10.0,1534.0,11.0,83.0,22.0,26.0,40.0,9.0,8.0,306.0,207.0,32.0,29.0,6.0,0.0
78,Bundesliga,2025,173,RB Leipzig,398192,A. MaksimoviÄ,Andrija,Maksimović,18.0,Serbia,,,https://media.api-sports.io/football/players/398192.png,Midfielder,8.0,0.0,88.0,6.56,0.0,0.0,,,51.0,3.0,94.0,,1.0,,1.0,,9.0,3.0,2.0,1.0,0.0,0.0
78,Bundesliga,2025,172,VfB Stuttgart,412704,Noah Darvich,Noah,Darvich,19.0,Germany,184,73,https://media.api-sports.io/football/players/412704.png,Midfielder,0.0,0.0,,,0.0,0.0,,,,,,,,,,,,,,,0.0,0.0
78,Bundesliga,2025,182,Union Berlin,412847,Oluwaseun God Power Osaro Ogbemudia,Oluwaseun,God Power Osaro Ogbemudia,19.0,Germany,185,80,https://media.api-sports.io/football/players/412847.png,Defender,0.0,0.0,,,0.0,0.0,,,,,,,,,,,,,,,0.0,0.0
78,Bundesliga,2025,165,Borussia Dortmund,422780,A. Anselmino,Aaron,Anselmino,20.0,Argentina,186,83,https://media.api-sports.io/football/players/422780.png,Defender,6.0,4.0,368.0,7.22,1.0,0.0,1.0,1.0,213.0,,87.0,9.0,2.0,5.0,2.0,1.0,40.0,22.0,3.0,6.0,0.0,0.0
78,Bundesliga,2025,157,Bayern München,432595,Jannis Bärtl,Jannis,Bärtl,19.0,Germany,,,https://media.api-sports.io/football/players/432595.png,Goalkeeper,0.0,0.0,,,0.0,0.0,,,,,,,,,,,,,,,0.0,0.0
78,Bundesliga,2025,186,FC St. Pauli,469579,N. Schmidt,Nick,Schmidt,18.0,Japan,180,72,https://media.api-sports.io/football/players/469579.png,Midfielder,0.0,0.0,,,0.0,0.0,,,,,,,,,,,,,,,0.0,0.0
78,Bundesliga,2025,169,Eintracht Frankfurt,14,M. Dahoud,Mahmoud,Dahoud,29.0,Germany,178,68,https://media.api-sports.io/football/players/14.png,Midfielder,15.0,8.0,726.0,6.63,2.0,3.0,10.0,2.0,364.0,7.0,81.0,11.0,2.0,10.0,9.0,5.0,67.0,23.0,2.0,16.0,0.0,0.0
78,Bundesliga,2025,168,Bayer Leverkusen,757,Lucas Vázquez,Lucas,Vázquez Iglesias,34.0,Spain,173,70,https://media.api-sports.io/football/players/757.png,Midfielder,12.0,6.0,499.0,6.89,1.0,2.0,3.0,1.0,233.0,11.0,87.0,6.0,2.0,2.0,3.0,1.0,39.0,19.0,8.0,6.0,2.0,0.0
78,Bundesliga,2025,161,VfL Wolfsburg,1930,J. Mæhle,Joakim,Mæhle Pedersen,28.0,Denmark,185,79,https://media.api-sports.io/football/players/1930.png,Defender,18.0,16.0,1335.0,6.54,1.0,2.0,10.0,4.0,553.0,15.0,82.0,37.0,,21.0,38.0,9.0,138.0,64.0,7.0,9.0,2.0,0.0
78,Bundesliga,2025,168,Bayer Leverkusen,6002,E. Palacios,Exequiel Alejandro,Palacios,27.0,Argentina,176,69,https://media.api-sports.io/football/players/6002.png,Midfielder,18.0,12.0,1097.0,7.09,0.0,1.0,7.0,2.0,1179.0,13.0,90.0,21.0,3.0,8.0,11.0,4.0,86.0,47.0,18.0,6.0,3.0,0.0
78,Bundesliga,2025,163,Borussia Mönchengladbach,25627,T. Sippel,Tobias,Sippel,37.0,Germany,183,80,https://media.api-sports.io/football/players/25627.png,Goalkeeper,0.0,0.0,,,0.0,0.0,,,,,,,,,,,,,,,0.0,0.0
78,Bundesliga,2025,162,Werder Bremen,32887,Y. Sugawara,Yukinari,Sugawara,25.0,Japan,179,69,https://media.api-sports.io/football/players/32887.png,Defender,31.0,29.0,2432.0,6.53,0.0,6.0,21.0,11.0,1111.0,20.0,79.0,36.0,6.0,12.0,28.0,11.0,140.0,69.0,11.0,22.0,2.0,1.0
78,Bundesliga,2025,175,Hamburger SV,41725,Fábio Vieira,Fábio Daniel,Ferreira Vieira,25.0,Portugal,170,58,https://media.api-sports.io/football/players/41725.png,Midfielder,29.0,25.0,2215.0,7.2,7.0,5.0,38.0,19.0,848.0,39.0,83.0,20.0,2.0,14.0,60.0,32.0,202.0,106.0,44.0,18.0,3.0,1.0
78,Bundesliga,2025,168,Bayer Leverkusen,162037,M. Tillman,Malik Leon,Tillman,23.0,USA,187,71,https://media.api-sports.io/football/players/162037.png,Midfielder,29.0,18.0,1689.0,6.92,6.0,0.0,28.0,13.0,783.0,26.0,83.0,38.0,6.0,18.0,32.0,11.0,201.0,104.0,29.0,18.0,2.0,0.0
78,Bundesliga,2025,162,Werder Bremen,169295,K. Hein,Karl Jakob,Hein,23.0,Estonia,193,86,https://media.api-sports.io/football/players/169295.png,Goalkeeper,2.0,2.0,180.0,7.7,0.0,0.0,,,110.0,,75.0,,,,1.0,1.0,3.0,3.0,,,0.0,0.0
78,Bundesliga,2025,168,Bayer Leverkusen,174918,L. Badé,Loïc,Badé,25.0,France,191,89,https://media.api-sports.io/football/players/174918.png,Defender,23.0,19.0,1659.0,7.24,0.0,0.0,9.0,4.0,1421.0,2.0,92.0,33.0,19.0,21.0,5.0,3.0,150.0,95.0,4.0,11.0,5.0,0.0
78,Bundesliga,2025,164,FSV Mainz 05,199897,S. Kawasaki,Sota,Kawasaki,24.0,Japan,172,68,https://media.api-sports.io/football/players/199897.png,Midfielder,10.0,3.0,325.0,6.69,0.0,0.0,,,74.0,,68.0,11.0,3.0,1.0,3.0,,35.0,17.0,2.0,6.0,1.0,0.0
78,Bundesliga,2025,168,Bayer Leverkusen,237087,E. Fernández,Ignacio Ezequiél Agustín,Fernández Carballo,23.0,Argentina,178,70,https://media.api-sports.io/football/players/237087.png,Midfielder,20.0,12.0,1001.0,6.78,0.0,1.0,7.0,1.0,826.0,8.0,89.0,31.0,3.0,12.0,16.0,9.0,137.0,72.0,24.0,14.0,3.0,0.0
78,Bundesliga,2025,162,Werder Bremen,265372,I. Schmidt,Isaac Osa's,Schmidt,26.0,Switzerland,172,68,https://media.api-sports.io/football/players/265372.png,Defender,19.0,6.0,677.0,6.62,1.0,0.0,5.0,2.0,345.0,10.0,77.0,16.0,,11.0,17.0,10.0,78.0,45.0,3.0,9.0,2.0,0.0
78,Bundesliga,2025,157,Bayern München,283058,N. Jackson,Nicolas,Jackson,24.0,Senegal,186,78,https://media.api-sports.io/football/players/283058.png,Attacker,23.0,12.0,1037.0,6.77,8.0,1.0,31.0,21.0,320.0,18.0,81.0,8.0,,4.0,30.0,11.0,98.0,36.0,10.0,15.0,2.0,1.0
78,Bundesliga,2025,164,FSV Mainz 05,283753,N. Veratschnig,Nikolas Konrad,Veratschnig,22.0,Austria,180,75,https://media.api-sports.io/football/players/283753.png,Defender,21.0,6.0,660.0,6.64,0.0,1.0,3.0,1.0,209.0,4.0,67.0,19.0,2.0,10.0,12.0,6.0,90.0,43.0,10.0,12.0,3.0,0.0
78,Bundesliga,2025,157,Bayern München,325975,T. Bischof,Tom,Bischof,20.0,Germany,176,66,https://media.api-sports.io/football/players/325975.png,Midfielder,26.0,14.0,1320.0,6.91,3.0,3.0,20.0,9.0,1176.0,24.0,92.0,26.0,5.0,15.0,14.0,7.0,99.0,53.0,9.0,15.0,2.0,0.0
78,Bundesliga,2025,168,Bayer Leverkusen,343320,E. Ben Seghir,Eliesse,Ben Seghir,20.0,Morocco,178,72,https://media.api-sports.io/football/players/343320.png,Attacker,10.0,2.0,261.0,6.73,0.0,0.0,3.0,2.0,134.0,5.0,85.0,4.0,,1.0,14.0,9.0,40.0,26.0,10.0,3.0,2.0,0.0
78,Bundesliga,2025,169,Eintracht Frankfurt,362884,Kauã Santos,Kauã Morais,Vieira dos Santos,22.0,Brazil,196,85,https://media.api-sports.io/football/players/362884.png,Goalkeeper,13.0,13.0,1085.0,6.64,0.0,0.0,,,427.0,,63.0,1.0,,,1.0,1.0,15.0,14.0,3.0,,0.0,0.0
78,Bundesliga,2025,175,Hamburger SV,380939,Fabio Amadu Uri Baldé,Fabio Amadu,Uri Baldé,20.0,Portugal,182,75,https://media.api-sports.io/football/players/380939.png,Attacker,16.0,3.0,455.0,6.57,1.0,1.0,8.0,4.0,106.0,5.0,73.0,14.0,,1.0,19.0,10.0,74.0,32.0,2.0,4.0,1.0,0.0
78,Bundesliga,2025,169,Eintracht Frankfurt,382491,Fousseny Doumbia,Fousseny,Doumbia,20.0,Germany,190,,https://media.api-sports.io/football/players/382491.png,Defender,0.0,0.0,,,0.0,0.0,,,,,,,,,,,,,,,0.0,0.0
78,Bundesliga,2025,173,RB Leipzig,1155,K. Kampl,Kevin,Kampl,35.0,Slovenia,178,66,https://media.api-sports.io/football/players/1155.png,Midfielder,3.0,0.0,3.0,,0.0,0.0,,,2.0,,50.0,,,,,,1.0,,,,0.0,0.0
78,Bundesliga,2025,175,Hamburger SV,1427,A. Sambi Lokonga,Albert-Mboyo,Sambi Lokonga,26.0,Belgium,183,67,https://media.api-sports.io/football/players/1427.png,Midfielder,26.0,20.0,1712.0,6.96,5.0,0.0,16.0,11.0,764.0,25.0,87.0,31.0,12.0,14.0,16.0,8.0,161.0,88.0,27.0,20.0,3.0,0.0
78,Bundesliga,2025,186,FC St. Pauli,2749,J. Irvine,Jackson Alexander,Irvine,32.0,Australia,187,76,https://media.api-sports.io/football/players/2749.png,Midfielder,24.0,18.0,1632.0,6.7,0.0,1.0,13.0,4.0,687.0,11.0,71.0,34.0,8.0,27.0,18.0,10.0,198.0,103.0,12.0,20.0,1.0,0.0
78,Bundesliga,2025,162,Werder Bremen,15592,J. Stage,Jens,Dalsgaard Stage,29.0,Denmark,187,81,https://media.api-sports.io/football/players/15592.png,Midfielder,29.0,29.0,2468.0,7.02,10.0,2.0,41.0,21.0,1104.0,26.0,75.0,41.0,9.0,18.0,25.0,13.0,265.0,145.0,30.0,35.0,5.0,0.0
78,Bundesliga,2025,175,Hamburger SV,24792,N. Katterbach,Noah,Katterbach,24.0,Germany,180,73,https://media.api-sports.io/football/players/24792.png,Defender,0.0,0.0,,,0.0,0.0,,,,,,,,,,,,,,,0.0,0.0
78,Bundesliga,2025,175,Hamburger SV,24914,R. Glatzel,Robert-Nesta,Glatzel,31.0,Germany,193,85,https://media.api-sports.io/football/players/24914.png,Attacker,19.0,7.0,640.0,6.69,3.0,2.0,15.0,7.0,133.0,6.0,72.0,1.0,,,14.0,5.0,85.0,35.0,13.0,9.0,0.0,0.0
78,Bundesliga,2025,160,SC Freiburg,25313,J. Beste,Jan-Niklas,Beste,26.0,Germany,175,66,https://media.api-sports.io/football/players/25313.png,Midfielder,28.0,20.0,1716.0,6.81,2.0,2.0,22.0,14.0,493.0,35.0,75.0,40.0,2.0,17.0,41.0,15.0,195.0,97.0,36.0,17.0,5.0,0.0
78,Bundesliga,2025,180,1. FC Heidenheim,26530,S. Schimmer,Stefan,Schimmer,31.0,Germany,185,87,https://media.api-sports.io/football/players/26530.png,Attacker,27.0,3.0,812.0,6.6,5.0,1.0,22.0,11.0,156.0,12.0,64.0,11.0,,3.0,2.0,1.0,110.0,47.0,5.0,13.0,1.0,0.0
78,Bundesliga,2025,162,Werder Bremen,39071,V. Boniface,Victor Okoh,Boniface,25.0,Nigeria,189,91,https://media.api-sports.io/football/players/39071.png,Attacker,11.0,2.0,325.0,6.68,0.0,2.0,12.0,6.0,109.0,7.0,68.0,2.0,,,14.0,5.0,52.0,28.0,6.0,1.0,1.0,0.0
78,Bundesliga,2025,162,Werder Bremen,48642,Cameron Puertas,Cameron Mitchel,Puertas Castro,27.0,Spain,178,74,https://media.api-sports.io/football/players/48642.png,Midfielder,28.0,22.0,1878.0,6.71,1.0,2.0,25.0,8.0,878.0,27.0,85.0,60.0,8.0,19.0,40.0,14.0,245.0,109.0,22.0,36.0,6.0,0.0
78,Bundesliga,2025,163,Borussia Mönchengladbach,161921,G. Reyna,Giovanni Alejandro,Reyna,23.0,USA,185,79,https://media.api-sports.io/football/players/161921.png,Midfielder,19.0,4.0,526.0,6.78,1.0,0.0,3.0,2.0,295.0,13.0,84.0,9.0,1.0,5.0,18.0,10.0,74.0,33.0,10.0,5.0,1.0,0.0
78,Bundesliga,2025,160,SC Freiburg,163022,P. Osterhage,Patrick,Osterhage,25.0,Germany,184,75,https://media.api-sports.io/football/players/163022.png,Midfielder,20.0,13.0,1197.0,6.69,1.0,0.0,5.0,2.0,457.0,6.0,86.0,14.0,10.0,17.0,17.0,6.0,101.0,41.0,13.0,13.0,4.0,0.0
78,Bundesliga,2025,170,FC Augsburg,163032,F. Rieder,Fabian,Rieder,23.0,Switzerland,179,74,https://media.api-sports.io/football/players/163032.png,Attacker,32.0,28.0,2359.0,6.88,6.0,3.0,30.0,13.0,822.0,44.0,75.0,37.0,3.0,16.0,44.0,19.0,267.0,107.0,38.0,45.0,4.0,0.0
78,Bundesliga,2025,172,VfB Stuttgart,178217,S. Drljača,Stefan,Drljača,26.0,Germany,193,89,https://media.api-sports.io/football/players/178217.png,Goalkeeper,0.0,0.0,,,0.0,0.0,,,,,,,,,,,,,,,0.0,0.0
78,Bundesliga,2025,163,Borussia Mönchengladbach,178709,Y. Engelhardt,Yannik,Engelhardt,24.0,Germany,184,74,https://media.api-sports.io/football/players/178709.png,Midfielder,31.0,29.0,2497.0,6.75,2.0,2.0,17.0,5.0,1327.0,14.0,86.0,43.0,11.0,34.0,11.0,6.0,243.0,120.0,34.0,41.0,7.0,0.0
78,Bundesliga,2025,164,FSV Mainz 05,199931,W. Bøving,William,Bøving Wick,22.0,Denmark,176,69,https://media.api-sports.io/football/players/199931.png,Attacker,9.0,2.0,227.0,6.67,0.0,1.0,1.0,,62.0,4.0,74.0,6.0,1.0,2.0,4.0,1.0,23.0,11.0,2.0,2.0,1.0,0.0
78,Bundesliga,2025,160,SC Freiburg,202696,I. Matanović,Igor,Matanović,22.0,Croatia,194,90,https://media.api-sports.io/football/players/202696.png,Attacker,31.0,14.0,1570.0,6.81,11.0,2.0,38.0,19.0,318.0,22.0,62.0,23.0,2.0,9.0,30.0,12.0,314.0,139.0,22.0,43.0,0.0,0.0
78,Bundesliga,2025,172,VfB Stuttgart,334879,B. Bouanani,Badredine,Bouanani,21.0,Algeria,177,68,https://media.api-sports.io/football/players/334879.png,Midfielder,14.0,5.0,481.0,6.56,0.0,0.0,11.0,4.0,201.0,5.0,77.0,4.0,,4.0,15.0,4.0,44.0,16.0,6.0,1.0,1.0,0.0
78,Bundesliga,2025,172,VfB Stuttgart,340573,B. El Khannouss,Bilal,El Khannouss,21.0,Morocco,180,70,https://media.api-sports.io/football/players/340573.png,Midfielder,25.0,19.0,1634.0,6.98,4.0,5.0,26.0,15.0,944.0,45.0,79.0,28.0,3.0,10.0,32.0,18.0,147.0,75.0,9.0,19.0,6.0,0.0
78,Bundesliga,2025,173,RB Leipzig,419916,C. Harder,Conrad,Harder Weibel Schandorf,20.0,Denmark,185,71,https://media.api-sports.io/football/players/419916.png,Attacker,29.0,8.0,919.0,6.56,3.0,3.0,30.0,13.0,195.0,14.0,70.0,10.0,1.0,6.0,25.0,5.0,153.0,55.0,18.0,21.0,3.0,0.0
78,Bundesliga,2025,161,VfL Wolfsburg,174,C. Eriksen,Christian,Dannemann Eriksen,33.0,Denmark,182,76,https://media.api-sports.io/football/players/174.png,Midfielder,33.0,29.0,2629.0,6.95,3.0,9.0,31.0,16.0,1272.0,66.0,78.0,43.0,11.0,19.0,21.0,10.0,166.0,71.0,6.0,13.0,4.0,0.0
78,Bundesliga,2025,182,Union Berlin,376,Diogo Leite,Diogo Filipe,Monteiro Pinto Leite,26.0,Portugal,188,70,https://media.api-sports.io/football/players/376.png,Defender,23.0,23.0,1970.0,6.75,0.0,0.0,6.0,1.0,1058.0,9.0,76.0,33.0,10.0,43.0,12.0,6.0,223.0,126.0,25.0,25.0,4.0,0.0
78,Bundesliga,2025,192,1. FC Köln,8641,A. Castro-Montes,Alessio Daniel,Castro-Montes,28.0,Belgium,175,67,https://media.api-sports.io/football/players/8641.png,Midfielder,14.0,7.0,670.0,6.8,1.0,3.0,6.0,1.0,308.0,23.0,75.0,18.0,2.0,5.0,9.0,1.0,83.0,42.0,10.0,13.0,2.0,0.0
78,Bundesliga,2025,170,FC Augsburg,8651,S. Essende,Samuel Emmanuel,Essende Mbongu,27.0,France,192,88,https://media.api-sports.io/football/players/8651.png,Attacker,14.0,2.0,422.0,6.45,1.0,0.0,13.0,4.0,92.0,4.0,68.0,4.0,,,7.0,5.0,98.0,39.0,14.0,17.0,2.0,0.0
78,Bundesliga,2025,161,VfL Wolfsburg,15884,J. Lindstrøm,Jesper Grænge,Lindstrøm,25.0,Denmark,182,66,https://media.api-sports.io/football/players/15884.png,Midfielder,15.0,4.0,437.0,6.45,0.0,0.0,9.0,5.0,132.0,5.0,78.0,8.0,,,19.0,8.0,69.0,25.0,6.0,10.0,2.0,0.0
78,Bundesliga,2025,170,FC Augsburg,20634,A. Claude-Maurice,Alexis,Claude-Maurice,27.0,France,174,62,https://media.api-sports.io/football/players/20634.png,Midfielder,29.0,25.0,2107.0,6.9,5.0,4.0,58.0,26.0,731.0,33.0,84.0,41.0,1.0,8.0,82.0,44.0,306.0,144.0,42.0,23.0,3.0,0.0
78,Bundesliga,2025,167,1899 Hoffenheim,25389,I. Bebou,Ihlas,Bebou,31.0,Togo,185,80,https://media.api-sports.io/football/players/25389.png,Attacker,16.0,0.0,215.0,6.5,0.0,0.0,4.0,2.0,46.0,2.0,82.0,1.0,1.0,3.0,3.0,3.0,26.0,6.0,2.0,6.0,1.0,0.0
78,Bundesliga,2025,168,Bayer Leverkusen,25635,J. Hofmann,Jonas,Hofmann,33.0,Germany,176,73,https://media.api-sports.io/football/players/25635.png,Midfielder,23.0,11.0,1015.0,6.76,2.0,2.0,17.0,7.0,547.0,16.0,83.0,13.0,,2.0,11.0,7.0,60.0,33.0,9.0,5.0,3.0,0.0
78,Bundesliga,2025,165,Borussia Dortmund,26243,N. Schlotterbeck,Nico Cedric,Schlotterbeck,26.0,Germany,191,86,https://media.api-sports.io/football/players/26243.png,Defender,28.0,28.0,2520.0,7.7,5.0,1.0,21.0,9.0,1985.0,12.0,88.0,50.0,12.0,27.0,23.0,15.0,255.0,158.0,27.0,30.0,8.0,0.0
78,Bundesliga,2025,169,Eintracht Frankfurt,162414,A. Amenda,Aurèle Florian,Amenda,22.0,Switzerland,194,90,https://media.api-sports.io/football/players/162414.png,Defender,24.0,18.0,1685.0,6.67,0.0,0.0,10.0,2.0,1377.0,6.0,87.0,15.0,7.0,26.0,4.0,2.0,169.0,106.0,13.0,22.0,5.0,0.0
78,Bundesliga,2025,161,VfL Wolfsburg,290545,J. Seelt,Jenson,Seelt,22.0,Netherlands,192,84,https://media.api-sports.io/football/players/290545.png,Defender,9.0,8.0,696.0,6.7,0.0,0.0,2.0,,379.0,,86.0,13.0,5.0,5.0,3.0,2.0,70.0,44.0,6.0,5.0,0.0,0.0
78,Bundesliga,2025,170,FC Augsburg,310196,Ismaël Gharbi,Ismaël Seifallah,Gharbi,21.0,Spain,173,67,https://media.api-sports.io/football/players/310196.png,Attacker,6.0,0.0,92.0,6.58,0.0,0.0,2.0,,43.0,1.0,76.0,1.0,,,6.0,1.0,22.0,10.0,8.0,2.0,0.0,0.0
78,Bundesliga,2025,161,VfL Wolfsburg,334914,S. Kumbedi,Saël,Kumbedi Nseke,20.0,France,175,67,https://media.api-sports.io/football/players/334914.png,Defender,26.0,22.0,1995.0,6.52,0.0,5.0,3.0,,736.0,19.0,78.0,48.0,6.0,17.0,41.0,18.0,203.0,97.0,19.0,22.0,2.0,0.0
78,Bundesliga,2025,168,Bayer Leverkusen,343316,J. Belocian,Jeanuël,Belocian,20.0,France,186,73,https://media.api-sports.io/football/players/343316.png,Defender,8.0,3.0,292.0,6.51,0.0,0.0,1.0,,201.0,1.0,93.0,5.0,,1.0,1.0,1.0,23.0,11.0,5.0,5.0,0.0,0.0
78,Bundesliga,2025,161,VfL Wolfsburg,343316,J. Belocian,Jeanuël,Belocian,20.0,France,186,73,https://media.api-sports.io/football/players/343316.png,Defender,16.0,16.0,1465.0,6.81,0.0,1.0,4.0,,658.0,6.0,88.0,31.0,15.0,21.0,12.0,7.0,128.0,70.0,13.0,19.0,3.0,0.0
78,Bundesliga,2025,161,VfL Wolfsburg,362564,A. Daghim,Adam,Daghim,20.0,Denmark,189,80,https://media.api-sports.io/football/players/362564.png,Attacker,29.0,14.0,1544.0,6.73,2.0,4.0,21.0,11.0,426.0,21.0,65.0,28.0,2.0,14.0,60.0,22.0,218.0,100.0,25.0,19.0,3.0,0.0
78,Bundesliga,2025,173,RB Leipzig,383665,T. Gomis,Tidiam,Gomis,19.0,France,182,71,https://media.api-sports.io/football/players/383665.png,Attacker,18.0,2.0,356.0,6.47,1.0,0.0,5.0,3.0,105.0,2.0,84.0,4.0,1.0,,29.0,10.0,56.0,21.0,3.0,4.0,1.0,0.0
78,Bundesliga,2025,180,1. FC Heidenheim,383729,N. Rothweiler,Nick,Rothweiler,19.0,Germany,190,84,https://media.api-sports.io/football/players/383729.png,Midfielder,0.0,0.0,,,0.0,0.0,,,,,,,,,,,,,,,0.0,0.0
78,Bundesliga,2025,163,Borussia Mönchengladbach,412705,Charles Herrmann,Charles,Herrmann,19.0,Germany,180,73,https://media.api-sports.io/football/players/412705.png,Midfielder,1.0,0.0,10.0,6.9,0.0,1.0,,,3.0,1.0,66.0,,,1.0,1.0,,2.0,,,1.0,0.0,0.0
78,Bundesliga,2025,167,1899 Hoffenheim,511606,P. Benjamin,Precious,Benjamin,19.0,Nigeria,182,,https://media.api-sports.io/football/players/511606.png,Attacker,0.0,0.0,,,0.0,0.0,,,,,,,,,,,,,,,0.0,0.0
78,Bundesliga,2025,157,Bayern München,524214,Cassiano Kiala,Cassiano,Mpembele Kiala,16.0,Germany,,,https://media.api-sports.io/football/players/524214.png,Defender,1.0,0.0,1.0,,0.0,0.0,,,2.0,,100.0,,,,,,,,,,0.0,0.0
78,Bundesliga,2025,165,Borussia Dortmund,506,N. Süle,Niklas,Süle,30.0,Germany,195,99,https://media.api-sports.io/football/players/506.png,Defender,11.0,7.0,487.0,6.9,0.0,1.0,2.0,1.0,362.0,2.0,93.0,8.0,2.0,5.0,2.0,1.0,32.0,17.0,1.0,8.0,3.0,0.0
78,Bundesliga,2025,173,RB Leipzig,1144,L. Klostermann,Lukas Manuel,Klostermann,29.0,Germany,187,88,https://media.api-sports.io/football/players/1144.png,Defender,5.0,1.0,102.0,6.95,0.0,1.0,1.0,1.0,56.0,2.0,91.0,3.0,1.0,1.0,,,7.0,5.0,,,0.0,0.0
78,Bundesliga,2025,173,RB Leipzig,1153,A. Haidara,Amadou,Haidara,27.0,Mali,175,72,https://media.api-sports.io/football/players/1153.png,Midfielder,0.0,0.0,,,0.0,0.0,,,,,,,,,,,,,,,0.0,0.0
78,Bundesliga,2025,173,RB Leipzig,1166,T. Werner,Timo,Werner,29.0,Germany,180,75,https://media.api-sports.io/football/players/1166.png,Attacker,3.0,0.0,13.0,6.3,0.0,0.0,,,8.0,,87.0,,,,,,,,,,0.0,0.0
78,Bundesliga,2025,162,Werder Bremen,25011,A. Pieper,Amos,Pieper,27.0,Germany,192,86,https://media.api-sports.io/football/players/25011.png,Defender,19.0,19.0,1504.0,7.05,0.0,0.0,6.0,2.0,1016.0,2.0,85.0,31.0,16.0,25.0,1.0,,134.0,97.0,15.0,10.0,4.0,0.0
78,Bundesliga,2025,192,1. FC Köln,26237,D. Heintz,Dominique,Heintz,32.0,Germany,188,89,https://media.api-sports.io/football/players/26237.png,Defender,9.0,5.0,398.0,6.82,0.0,0.0,,,270.0,1.0,84.0,3.0,4.0,5.0,4.0,3.0,34.0,23.0,4.0,2.0,0.0,0.0
78,Bundesliga,2025,186,FC St. Pauli,48142,K. Mets,Karol,Mets,32.0,Estonia,191,79,https://media.api-sports.io/football/players/48142.png,Defender,23.0,22.0,1934.0,6.6,1.0,0.0,5.0,1.0,1200.0,4.0,85.0,25.0,7.0,20.0,2.0,1.0,134.0,80.0,11.0,13.0,3.0,0.0
78,Bundesliga,2025,164,FSV Mainz 05,90829,D. Batz,Daniel,Batz,34.0,Germany,191,87,https://media.api-sports.io/football/players/90829.png,Goalkeeper,21.0,21.0,1890.0,7.44,0.0,0.0,,,664.0,,63.0,,,,,,14.0,9.0,1.0,,2.0,0.0
78,Bundesliga,2025,180,1. FC Heidenheim,125723,T. Keller,Thomas Leon,Keller,26.0,Germany,186,80,https://media.api-sports.io/football/players/125723.png,Midfielder,4.0,3.0,191.0,6.58,0.0,0.0,1.0,,119.0,,83.0,1.0,,,1.0,1.0,14.0,8.0,2.0,3.0,1.0,0.0
78,Bundesliga,2025,165,Borussia Dortmund,129791,Fábio Silva,Fábio Daniel,Soares Silva,23.0,Portugal,185,75,https://media.api-sports.io/football/players/129791.png,Attacker,28.0,7.0,828.0,6.58,2.0,6.0,14.0,8.0,268.0,17.0,72.0,7.0,1.0,2.0,29.0,12.0,130.0,43.0,10.0,19.0,3.0,0.0
78,Bundesliga,2025,175,Hamburger SV,161923,I. Pherai,Immanuel-Johannes,Pherai,24.0,Netherlands,175,74,https://media.api-sports.io/football/players/161923.png,Midfielder,6.0,0.0,63.0,6.1,0.0,0.0,,,23.0,,78.0,2.0,,,2.0,1.0,11.0,6.0,2.0,4.0,1.0,0.0
78,Bundesliga,2025,160,SC Freiburg,202919,M. Rosenfelder,Maximilian,Rosenfelder,22.0,Germany,186,76,https://media.api-sports.io/football/players/202919.png,Defender,12.0,5.0,507.0,6.52,0.0,0.0,,,239.0,,89.0,8.0,2.0,5.0,3.0,2.0,39.0,20.0,5.0,2.0,0.0,0.0
78,Bundesliga,2025,186,FC St. Pauli,276263,F. Stevens,Finley,Stevens,22.0,Wales,179,73,https://media.api-sports.io/football/players/276263.png,Defender,1.0,0.0,26.0,6.6,0.0,0.0,,,13.0,1.0,53.0,,,,,,2.0,1.0,,,0.0,0.0
78,Bundesliga,2025,172,VfB Stuttgart,323449,A. Al Dakhil,Ameen,Al Dakhil,23.0,Belgium,188,81,https://media.api-sports.io/football/players/323449.png,Defender,8.0,3.0,390.0,6.6,0.0,0.0,1.0,,254.0,2.0,88.0,8.0,3.0,4.0,3.0,2.0,34.0,19.0,1.0,1.0,1.0,0.0
78,Bundesliga,2025,164,FSV Mainz 05,380603,Daniel Gleiber,Daniel,Gleiber,20.0,Germany,177,69,https://media.api-sports.io/football/players/380603.png,Midfielder,0.0,0.0,,,0.0,0.0,,,,,,,,,,,,,,,0.0,0.0
78,Bundesliga,2025,163,Borussia Mönchengladbach,428913,Jan Urbich,Jan,Urbich,21.0,Germany,,,https://media.api-sports.io/football/players/428913.png,Attacker,3.0,0.0,40.0,6.37,0.0,0.0,,,9.0,1.0,44.0,,,,3.0,1.0,9.0,5.0,2.0,1.0,0.0,0.0
78,Bundesliga,2025,182,Union Berlin,440136,Dmytro Bohdanov,Dmytro,Bohdanov,18.0,Ukraine,,,https://media.api-sports.io/football/players/440136.png,Attacker,2.0,0.0,5.0,,0.0,0.0,2.0,1.0,1.0,,100.0,,,,,,2.0,,,,0.0,0.0
78,Bundesliga,2025,157,Bayern München,449689,David Daiber,David Michael,Santos Daiber,18.0,Portugal,,,https://media.api-sports.io/football/players/449689.png,Midfielder,2.0,0.0,27.0,6.7,0.0,0.0,,,25.0,,96.0,,,,2.0,2.0,4.0,2.0,,2.0,0.0,0.0
78,Bundesliga,2025,168,Bayer Leverkusen,543471,Ken Izekor,,,18.0,,,,https://media.api-sports.io/football/players/543471.png,Attacker,0.0,0.0,,,0.0,0.0,,,,,,,,,,,,,,,0.0,0.0
78,Bundesliga,2025,180,1. FC Heidenheim,551353,T. Weigel,,,18.0,,,,https://media.api-sports.io/football/players/551353.png,Attacker,1.0,0.0,1.0,,0.0,0.0,,,2.0,,100.0,,,,,,,,,,0.0,0.0
78,Bundesliga,2025,168,Bayer Leverkusen,663,M. Terrier,Martin Albert Frédéric,Terrier,28.0,France,184,71,https://media.api-sports.io/football/players/663.png,Attacker,18.0,7.0,672.0,6.82,4.0,1.0,14.0,6.0,247.0,9.0,85.0,11.0,1.0,1.0,12.0,5.0,61.0,36.0,13.0,1.0,1.0,0.0
78,Bundesliga,2025,165,Borussia Dortmund,864,E. Can,Emre,Can,31.0,Germany,186,86,https://media.api-sports.io/football/players/864.png,Midfielder,9.0,7.0,621.0,7.21,3.0,0.0,5.0,4.0,450.0,,86.0,12.0,7.0,16.0,5.0,3.0,81.0,43.0,10.0,10.0,3.0,0.0
78,Bundesliga,2025,161,VfL Wolfsburg,1291,D. Vavro,Denis,Vavro,29.0,Slovakia,189,81,https://media.api-sports.io/football/players/1291.png,Defender,19.0,15.0,1405.0,6.84,1.0,0.0,11.0,5.0,634.0,3.0,86.0,11.0,13.0,18.0,3.0,3.0,91.0,52.0,6.0,10.0,2.0,0.0
78,Bundesliga,2025,161,VfL Wolfsburg,25396,P. Pervan,Pavao,Pervan,38.0,Austria,194,88,https://media.api-sports.io/football/players/25396.png,Goalkeeper,0.0,0.0,,,0.0,0.0,,,,,,,,,,,,,,,1.0,0.0
78,Bundesliga,2025,160,SC Freiburg,25904,J. Huth,Jannik,Huth,31.0,Germany,185,80,https://media.api-sports.io/football/players/25904.png,Goalkeeper,0.0,0.0,,,0.0,0.0,,,,,,,,,,,,,,,0.0,0.0
78,Bundesliga,2025,163,Borussia Mönchengladbach,26256,T. Kleindienst,Tim,Kleindienst,30.0,Germany,194,85,https://media.api-sports.io/football/players/26256.png,Attacker,3.0,0.0,18.0,6.5,0.0,0.0,,,5.0,,60.0,2.0,1.0,1.0,,,8.0,4.0,,1.0,0.0,0.0
78,Bundesliga,2025,157,Bayern München,32893,H. Ito,Hiroki,Ito,26.0,Japan,188,84,https://media.api-sports.io/football/players/32893.png,Defender,16.0,10.0,932.0,6.81,1.0,2.0,8.0,3.0,808.0,6.0,91.0,4.0,3.0,14.0,4.0,4.0,54.0,32.0,3.0,10.0,0.0,0.0
78,Bundesliga,2025,182,Union Berlin,127471,C. Klaus,Carl Friedrich Georg,Klaus,31.0,Germany,189,86,https://media.api-sports.io/football/players/127471.png,Goalkeeper,4.0,3.0,329.0,7.25,0.0,0.0,,,109.0,,61.0,,,,,,2.0,2.0,,,0.0,0.0
78,Bundesliga,2025,186,FC St. Pauli,138873,R. Jones,Ricky-Jade,Jones,23.0,England,183,69,https://media.api-sports.io/football/players/138873.png,Attacker,9.0,3.0,349.0,6.69,2.0,0.0,8.0,6.0,57.0,7.0,50.0,3.0,,2.0,6.0,4.0,62.0,24.0,7.0,8.0,1.0,0.0
78,Bundesliga,2025,169,Eintracht Frankfurt,162771,J. Ngankam,Ngankam Jessic Gaïtan,Ngankam,25.0,Germany,184,84,https://media.api-sports.io/football/players/162771.png,Attacker,3.0,0.0,70.0,6.27,0.0,0.0,,,17.0,,88.0,,1.0,,1.0,1.0,15.0,3.0,2.0,4.0,0.0,0.0
78,Bundesliga,2025,180,1. FC Heidenheim,178106,M. Pieringer,Marvin,Pieringer,26.0,Germany,191,81,https://media.api-sports.io/football/players/178106.png,Attacker,27.0,20.0,1653.0,6.73,4.0,1.0,29.0,8.0,383.0,16.0,67.0,20.0,1.0,10.0,29.0,16.0,268.0,125.0,27.0,37.0,2.0,0.0
78,Bundesliga,2025,164,FSV Mainz 05,277421,F. Moreno Fell,Fabio,Moreno Fell,23.0,Germany,,,https://media.api-sports.io/football/players/277421.png,Attacker,0.0,0.0,78.0,6.3,0.0,0.0,1.0,,23.0,,52.0,,,,1.0,1.0,8.0,2.0,,,0.0,0.0
78,Bundesliga,2025,163,Borussia Mönchengladbach,340155,T. Pereira Cardoso,Tiago,Pereira Cardoso,19.0,Luxembourg,191,87,https://media.api-sports.io/football/players/340155.png,Goalkeeper,0.0,0.0,,,0.0,0.0,,,,,,,,,,,,,,,0.0,0.0
78,Bundesliga,2025,182,Union Berlin,430354,Livan Burcu,Livan,Burcu,21.0,Germany,178,68,https://media.api-sports.io/football/players/430354.png,Attacker,18.0,6.0,655.0,6.73,1.0,1.0,11.0,3.0,208.0,9.0,79.0,12.0,,2.0,32.0,15.0,88.0,41.0,14.0,6.0,4.0,0.0
78,Bundesliga,2025,157,Bayern München,435089,Leon Klanac,Leon,Klanac,18.0,Germany,185,80,https://media.api-sports.io/football/players/435089.png,Goalkeeper,0.0,0.0,,,0.0,0.0,,,,,,,,,,,,,,,0.0,0.0
78,Bundesliga,2025,164,FSV Mainz 05,442546,K. Potulski,Kacper,Potulski,18.0,Poland,195,85,https://media.api-sports.io/football/players/442546.png,Defender,15.0,9.0,1060.0,6.78,1.0,0.0,9.0,5.0,440.0,2.0,82.0,15.0,15.0,18.0,4.0,2.0,112.0,60.0,5.0,17.0,3.0,0.0
78,Bundesliga,2025,161,VfL Wolfsburg,444960,Jan Bürger,Jan,Bürger,18.0,Germany,180 cm,,https://media.api-sports.io/football/players/444960.png,Defender,0.0,0.0,259.0,6.48,0.0,0.0,2.0,1.0,64.0,2.0,68.0,3.0,3.0,1.0,5.0,1.0,27.0,11.0,5.0,4.0,0.0,0.0
78,Bundesliga,2025,168,Bayer Leverkusen,444961,M. Culbreath,Montrell,Amare Culbreath,18.0,Germany,172 cm,,https://media.api-sports.io/football/players/444961.png,Midfielder,12.0,9.0,740.0,6.84,1.0,0.0,6.0,2.0,253.0,6.0,84.0,27.0,,8.0,18.0,5.0,81.0,46.0,11.0,5.0,0.0,0.0
78,Bundesliga,2025,163,Borussia Mönchengladbach,501906,W. Mohya,Wael,Mohya,17.0,Germany,174,,https://media.api-sports.io/football/players/501906.png,Midfielder,15.0,6.0,562.0,6.72,2.0,1.0,6.0,5.0,174.0,4.0,82.0,8.0,1.0,1.0,15.0,3.0,69.0,29.0,13.0,4.0,1.0,0.0
78,Bundesliga,2025,161,VfL Wolfsburg,585662,P. Hensel,,,18.0,,,,https://media.api-sports.io/football/players/585662.png,Midfielder,5.0,1.0,88.0,6.63,0.0,0.0,1.0,,26.0,,80.0,1.0,,,1.0,1.0,6.0,3.0,1.0,,0.0,0.0
78,Bundesliga,2025,157,Bayern München,509,A. Davies,Alphonso Boyle,Davies,25.0,Canada,183,75,https://media.api-sports.io/football/players/509.png,Defender,13.0,6.0,534.0,6.84,1.0,3.0,4.0,1.0,360.0,9.0,93.0,9.0,3.0,3.0,26.0,13.0,65.0,33.0,5.0,2.0,1.0,0.0
78,Bundesliga,2025,169,Eintracht Frankfurt,1803,T. Chandler,Timothy,Chandler,35.0,USA,187,84,https://media.api-sports.io/football/players/1803.png,Midfielder,1.0,0.0,10.0,7,0.0,0.0,,,10.0,1.0,80.0,,,,,,2.0,2.0,,,0.0,0.0
78,Bundesliga,2025,162,Werder Bremen,8673,O. Deman,Olivier,Deman,25.0,Belgium,181,74,https://media.api-sports.io/football/players/8673.png,Defender,16.0,14.0,1255.0,6.89,1.0,2.0,5.0,3.0,601.0,17.0,79.0,39.0,4.0,11.0,13.0,6.0,128.0,80.0,12.0,19.0,3.0,0.0
78,Bundesliga,2025,175,Hamburger SV,24880,B. Jatta,Bakery,Jatta,27.0,Gambia,184,79,https://media.api-sports.io/football/players/24880.png,Midfielder,15.0,12.0,918.0,6.63,1.0,1.0,10.0,4.0,223.0,4.0,81.0,15.0,4.0,9.0,9.0,3.0,81.0,29.0,5.0,13.0,1.0,0.0
78,Bundesliga,2025,165,Borussia Dortmund,26395,P. Drewes,Patrick,Drewes,32.0,Germany,194,87,https://media.api-sports.io/football/players/26395.png,Goalkeeper,0.0,0.0,,,0.0,0.0,,,,,,,,,,,,,,,0.0,0.0
78,Bundesliga,2025,172,VfB Stuttgart,48481,L. Stergiou,Leonidas,Stergiou,23.0,Switzerland,181,75,https://media.api-sports.io/football/players/48481.png,Defender,1.0,0.0,1.0,,0.0,0.0,,,,,,,,,,,,,,,0.0,0.0
78,Bundesliga,2025,180,1. FC Heidenheim,48481,L. Stergiou,Leonidas,Stergiou,23.0,Switzerland,181,75,https://media.api-sports.io/football/players/48481.png,Defender,5.0,1.0,203.0,6.64,0.0,0.0,1.0,,76.0,,77.0,8.0,4.0,2.0,1.0,1.0,27.0,15.0,1.0,3.0,0.0,0.0
78,Bundesliga,2025,167,1899 Hoffenheim,66019,A. Hložek,Adam,Hložek,23.0,Czechia,188,84,https://media.api-sports.io/football/players/66019.png,Attacker,5.0,0.0,36.0,6.43,0.0,0.0,2.0,1.0,11.0,,81.0,,,,,,7.0,3.0,1.0,,0.0,0.0
78,Bundesliga,2025,167,1899 Hoffenheim,127631,V. Gendrey,Valentin André Stanislas,Gendrey,25.0,France,179,75,https://media.api-sports.io/football/players/127631.png,Defender,8.0,0.0,69.0,6.8,1.0,1.0,2.0,1.0,26.0,3.0,96.0,1.0,,1.0,1.0,,12.0,5.0,1.0,2.0,0.0,0.0
78,Bundesliga,2025,165,Borussia Dortmund,368230,J. Duranville,Julien,Duranville,19.0,Belgium,170,59,https://media.api-sports.io/football/players/368230.png,Attacker,0.0,0.0,,,0.0,0.0,,,,,,,,,,,,,,,0.0,0.0
78,Bundesliga,2025,173,RB Leipzig,388894,Joyeux Masanka Bungi,Joyeux,Masanka Bungi,18.0,Belgium,,,https://media.api-sports.io/football/players/388894.png,Midfielder,0.0,0.0,,,0.0,0.0,,,,,,,,,,,,,,,0.0,0.0
78,Bundesliga,2025,170,FC Augsburg,404895,O. Sorg,Oliver,Sorg,18.0,Austria,,,https://media.api-sports.io/football/players/404895.png,Defender,0.0,0.0,,,0.0,0.0,,,,,,,,,,,,,,,0.0,0.0
78,Bundesliga,2025,164,FSV Mainz 05,414161,K. Schopp,Konstantin,Schopp,20.0,Austria,195,90,https://media.api-sports.io/football/players/414161.png,Defender,0.0,0.0,,,0.0,0.0,,,,,,,,,,,,,,,0.0,0.0
78,Bundesliga,2025,161,VfL Wolfsburg,435086,T. Neininger,Till,Neininger,18.0,Germany,186 cm,79 kg,https://media.api-sports.io/football/players/435086.png,Defender,0.0,0.0,,,0.0,0.0,,,,,,,,,,,,,,,0.0,0.0
78,Bundesliga,2025,163,Borussia Mönchengladbach,442151,Niklas Swider,Niklas,Swider,18.0,Germany,188,88,https://media.api-sports.io/football/players/442151.png,Midfielder,0.0,0.0,,,0.0,0.0,,,,,,,,,,,,,,,0.0,0.0
78,Bundesliga,2025,173,RB Leipzig,570742,S. Konate,,,16.0,,,,https://media.api-sports.io/football/players/570742.png,Attacker,1.0,0.0,8.0,6.3,0.0,0.0,1.0,,,,,,,,,,,,,,0.0,0.0
78,Bundesliga,2025,161,VfL Wolfsburg,584359,B. Katz,,,17.0,,,,https://media.api-sports.io/football/players/584359.png,Attacker,0.0,0.0,,,0.0,0.0,,,,,,,,,,,,,,,0.0,0.0
78,Bundesliga,2025,161,VfL Wolfsburg,584360,T. Benedict,,,18.0,,,,https://media.api-sports.io/football/players/584360.png,Attacker,0.0,0.0,,,0.0,0.0,,,,,,,,,,,,,,,0.0,0.0
78,Bundesliga,2025,170,FC Augsburg,585671,T. Schnitzer,,,17.0,,,,https://media.api-sports.io/football/players/585671.png,Midfielder,1.0,0.0,11.0,6.3,0.0,0.0,,,5.0,,80.0,,,,,,1.0,1.0,,,0.0,0.0
78,Bundesliga,2025,163,Borussia Mönchengladbach,585704,F. Fleck,,,18.0,,,,https://media.api-sports.io/football/players/585704.png,Midfielder,0.0,0.0,,,0.0,0.0,,,,,,,,,,,,,,,0.0,0.0
78,Bundesliga,2025,192,1. FC Köln,610631,C. Neumann,,,18.0,,,,https://media.api-sports.io/football/players/610631.png,Defender,2.0,1.0,83.0,6.25,0.0,0.0,,,28.0,,71.0,2.0,1.0,1.0,1.0,,5.0,3.0,,1.0,0.0,0.0
78,Bundesliga,2025,162,Werder Bremen,2048,M. Wöber,Maximilian,Wöber,27.0,Austria,188,86,https://media.api-sports.io/football/players/2048.png,Defender,2.0,0.0,35.0,7.35,0.0,0.0,,,8.0,1.0,50.0,1.0,1.0,2.0,,,3.0,2.0,,1.0,0.0,0.0
78,Bundesliga,2025,170,FC Augsburg,25297,M. Gregoritsch,Michael,Gregoritsch,31.0,Austria,193,91,https://media.api-sports.io/football/players/25297.png,Attacker,17.0,11.0,927.0,6.75,6.0,2.0,24.0,10.0,178.0,7.0,55.0,5.0,5.0,5.0,11.0,2.0,138.0,55.0,17.0,5.0,2.0,0.0
78,Bundesliga,2025,169,Eintracht Frankfurt,147831,A. Kalimuendo,Arnaud,Kalimuendo-Muinga,23.0,France,178,79,https://media.api-sports.io/football/players/147831.png,Attacker,19.0,17.0,1420.0,6.77,6.0,1.0,19.0,16.0,301.0,23.0,85.0,11.0,1.0,4.0,41.0,21.0,168.0,62.0,18.0,9.0,4.0,0.0
78,Bundesliga,2025,161,VfL Wolfsburg,149557,K. Paredes,Kevin Alexander,Paredes,22.0,USA,170,61,https://media.api-sports.io/football/players/149557.png,Midfielder,8.0,1.0,223.0,6.76,0.0,0.0,2.0,1.0,72.0,2.0,72.0,4.0,2.0,2.0,8.0,3.0,34.0,20.0,9.0,2.0,1.0,0.0
78,Bundesliga,2025,175,Hamburger SV,334362,D. Downs,Damion Lamar,Downs,21.0,Germany,192,80,https://media.api-sports.io/football/players/334362.png,Attacker,12.0,6.0,550.0,6.4,0.0,0.0,5.0,4.0,70.0,7.0,78.0,6.0,1.0,,9.0,2.0,61.0,16.0,1.0,8.0,0.0,0.0
78,Bundesliga,2025,163,Borussia Mönchengladbach,337593,K. Takai,Kota,Takai,21.0,Japan,192,84,https://media.api-sports.io/football/players/337593.png,Defender,8.0,3.0,357.0,6.54,0.0,0.0,3.0,2.0,259.0,2.0,88.0,11.0,1.0,5.0,1.0,,46.0,27.0,3.0,3.0,1.0,0.0
78,Bundesliga,2025,172,VfB Stuttgart,350799,Jeremy Arévalo,Jeremy Alberto,Arévalo Mera,20.0,Spain,182 cm,84 kg,https://media.api-sports.io/football/players/350799.png,Attacker,7.0,0.0,59.0,6.5,0.0,0.0,2.0,1.0,19.0,,73.0,,,,3.0,1.0,11.0,6.0,3.0,,0.0,0.0
78,Bundesliga,2025,175,Hamburger SV,380940,H. Hermann,Hannes Steffen,Hermann,20.0,Germany,189,77,https://media.api-sports.io/football/players/380940.png,Goalkeeper,0.0,0.0,,,0.0,0.0,,,,,,,,,,,,,,,0.0,0.0
78,Bundesliga,2025,169,Eintracht Frankfurt,409190,Y. Ebnoutalib,Younes,Ebnoutalib,22.0,Germany,191,82,https://media.api-sports.io/football/players/409190.png,Attacker,5.0,2.0,139.0,6.4,1.0,0.0,5.0,2.0,21.0,2.0,76.0,,,1.0,3.0,1.0,31.0,5.0,2.0,2.0,0.0,0.0
78,Bundesliga,2025,157,Bayern München,414474,F. Chávez,Felipe Marlon,Chávez,18.0,Peru,171,64,https://media.api-sports.io/football/players/414474.png,Midfielder,2.0,0.0,24.0,6.75,0.0,0.0,,,20.0,1.0,100.0,,,,,,1.0,,,,0.0,0.0
78,Bundesliga,2025,192,1. FC Köln,414474,F. Chávez,Felipe Marlon,Chávez,18.0,Peru,171,64,https://media.api-sports.io/football/players/414474.png,Midfielder,7.0,0.0,114.0,6.61,0.0,0.0,1.0,1.0,65.0,,83.0,3.0,,2.0,,,8.0,4.0,1.0,1.0,0.0,0.0
78,Bundesliga,2025,169,Eintracht Frankfurt,423789,K. Kosugi,Keita,Kosugi,19.0,Japan,168,,https://media.api-sports.io/football/players/423789.png,Defender,0.0,0.0,,,0.0,0.0,,,,,,,,,,,,,,,0.0,0.0
78,Bundesliga,2025,169,Eintracht Frankfurt,478662,M. Dills,Marvin,Dills,18.0,Germany,,,https://media.api-sports.io/football/players/478662.png,Midfielder,0.0,0.0,,,0.0,0.0,,,,,,,,,,,,,,,0.0,0.0
78,Bundesliga,2025,165,Borussia Dortmund,479116,M. Kaba,Mussa,Kaba,17.0,Germany,194,,https://media.api-sports.io/football/players/479116.png,Midfielder,0.0,0.0,,,0.0,0.0,,,,,,,,,,,,,,,0.0,0.0
78,Bundesliga,2025,169,Eintracht Frankfurt,535046,A. Amaimouni,,,20.0,,,,https://media.api-sports.io/football/players/535046.png,Attacker,17.0,6.0,595.0,6.64,2.0,3.0,11.0,7.0,126.0,6.0,76.0,6.0,1.0,3.0,36.0,20.0,91.0,36.0,10.0,8.0,1.0,0.0
78,Bundesliga,2025,157,Bayern München,567867,D. Ofli,,,18.0,,,,https://media.api-sports.io/football/players/567867.png,Defender,1.0,0.0,8.0,6.2,0.0,0.0,,,5.0,,100.0,,,,,,,,,,0.0,0.0
78,Bundesliga,2025,169,Eintracht Frankfurt,567973,A. Staff,,,17.0,,,,https://media.api-sports.io/football/players/567973.png,Attacker,0.0,0.0,,,0.0,0.0,,,,,,,,,,,,,,,0.0,0.0
78,Bundesliga,2025,160,SC Freiburg,574674,K. Steinmann,,,20.0,,,,https://media.api-sports.io/football/players/574674.png,Defender,0.0,0.0,,,0.0,0.0,,,,,,,,,,,,,,,0.0,0.0
78,Bundesliga,2025,173,RB Leipzig,606949,B. Kaltefleiter,,,17.0,,,,https://media.api-sports.io/football/players/606949.png,Midfielder,0.0,0.0,,,0.0,0.0,,,,,,,,,,,,,,,0.0,0.0
78,Bundesliga,2025,192,1. FC Köln,610625,F. Schenten,,,18.0,,,,https://media.api-sports.io/football/players/610625.png,Attacker,7.0,1.0,118.0,6.54,0.0,0.0,1.0,,16.0,1.0,68.0,,,,,,7.0,3.0,,2.0,0.0,0.0
78,Bundesliga,2025,157,Bayern München,618443,J. Fernandez,,,19.0,,,,https://media.api-sports.io/football/players/618443.png,Midfielder,0.0,0.0,,,0.0,0.0,,,,,,,,,,,,,,,0.0,0.0
78,Bundesliga,2025,173,RB Leipzig,98,B. Henrichs,Benjamin Paa Kwesi,Henrichs,28.0,Germany,183,79,https://media.api-sports.io/football/players/98.png,Defender,17.0,3.0,319.0,6.6,1.0,0.0,4.0,2.0,176.0,3.0,81.0,7.0,1.0,5.0,6.0,1.0,31.0,11.0,1.0,3.0,0.0,0.0
78,Bundesliga,2025,164,FSV Mainz 05,711,S. Posch,Stefan,Posch,28.0,Austria,190,82,https://media.api-sports.io/football/players/711.png,Defender,16.0,16.0,1395.0,6.96,0.0,0.0,9.0,3.0,687.0,8.0,77.0,46.0,11.0,21.0,9.0,4.0,163.0,105.0,12.0,8.0,4.0,0.0
78,Bundesliga,2025,186,FC St. Pauli,15917,M. Rasmussen,Mathias,Knutsen Rasmussen,28.0,Norway,180,65,https://media.api-sports.io/football/players/15917.png,Midfielder,13.0,8.0,705.0,6.75,0.0,0.0,5.0,2.0,310.0,5.0,77.0,15.0,1.0,7.0,6.0,5.0,60.0,34.0,7.0,6.0,0.0,0.0
78,Bundesliga,2025,164,FSV Mainz 05,20617,S. Katompa Mvumpa,Silas,Katompa Mvumpa,27.0,Congo DR,189,82,https://media.api-sports.io/football/players/20617.png,Attacker,8.0,4.0,342.0,6.64,1.0,0.0,8.0,7.0,58.0,3.0,74.0,3.0,1.0,,15.0,8.0,56.0,20.0,5.0,4.0,1.0,0.0
78,Bundesliga,2025,192,1. FC Köln,24892,M. Köbbing,Matthias,Köbbing,28.0,Germany,196,94,https://media.api-sports.io/football/players/24892.png,Goalkeeper,0.0,0.0,,,0.0,0.0,,,,,,,,,,,,,,,0.0,0.0
78,Bundesliga,2025,157,Bayern München,181812,J. Musiala,Jamal,Musiala,22.0,Germany,184,72,https://media.api-sports.io/football/players/181812.png,Midfielder,15.0,7.0,685.0,6.68,3.0,4.0,18.0,9.0,292.0,17.0,84.0,11.0,,2.0,40.0,21.0,107.0,52.0,18.0,5.0,1.0,0.0
78,Bundesliga,2025,175,Hamburger SV,264378,S. Tangvik,Sander,Tangvik,23.0,Norway,,,https://media.api-sports.io/football/players/264378.png,Goalkeeper,1.0,1.0,90.0,8.9,0.0,0.0,,,51.0,,66.0,,,,,,1.0,1.0,1.0,,0.0,0.0
78,Bundesliga,2025,168,Bayer Leverkusen,280091,T. Oermann,Tim,Oermann,22.0,Germany,187,76,https://media.api-sports.io/football/players/280091.png,Defender,2.0,0.0,16.0,6.2,0.0,0.0,,,9.0,1.0,55.0,1.0,,,,,3.0,2.0,1.0,,0.0,0.0
78,Bundesliga,2025,186,FC St. Pauli,307929,T. Ando,Tomoya,Ando,26.0,Japan,190,84,https://media.api-sports.io/football/players/307929.png,Defender,15.0,14.0,1261.0,6.7,0.0,1.0,7.0,2.0,688.0,6.0,85.0,33.0,8.0,15.0,9.0,5.0,133.0,90.0,12.0,12.0,3.0,0.0
78,Bundesliga,2025,180,1. FC Heidenheim,328008,Frank  Feller,Frank,Feller,21.0,Germany,183,74,https://media.api-sports.io/football/players/328008.png,Goalkeeper,3.0,3.0,270.0,7.77,0.0,0.0,,,116.0,,71.0,1.0,,,,,6.0,4.0,2.0,,0.0,0.0
78,Bundesliga,2025,175,Hamburger SV,336020,Omar Megeed,Omar Abdel,Megeed,20.0,Egypt,188,85,https://media.api-sports.io/football/players/336020.png,Midfielder,0.0,0.0,,,0.0,0.0,,,,,,,,,,,,,,,0.0,0.0
78,Bundesliga,2025,170,FC Augsburg,341641,Rodrigo Ribeiro,Rodrigo,Duarte Ribeiro,20.0,Portugal,185,72,https://media.api-sports.io/football/players/341641.png,Attacker,14.0,6.0,632.0,6.52,2.0,0.0,18.0,7.0,117.0,1.0,68.0,6.0,3.0,5.0,12.0,8.0,96.0,38.0,3.0,10.0,1.0,0.0
78,Bundesliga,2025,186,FC St. Pauli,363773,E. Gazdov,Emil,Gazdov,22.0,Canada,196,95,https://media.api-sports.io/football/players/363773.png,Goalkeeper,0.0,0.0,,,0.0,0.0,,,,,,,,,,,,,,,0.0,0.0
78,Bundesliga,2025,162,Werder Bremen,371911,J. Milošević,Jovan,Milošević,20.0,Serbia,190,84,https://media.api-sports.io/football/players/371911.png,Attacker,13.0,5.0,501.0,6.65,3.0,1.0,9.0,4.0,106.0,3.0,74.0,4.0,1.0,1.0,9.0,5.0,74.0,29.0,3.0,8.0,2.0,0.0
78,Bundesliga,2025,192,1. FC Köln,404656,Jahmai Simpson-Pusey,Jahmai,Simpson-Pusey,20.0,England,187,79,https://media.api-sports.io/football/players/404656.png,Defender,11.0,10.0,866.0,6.6,0.0,0.0,4.0,3.0,538.0,2.0,86.0,9.0,7.0,13.0,3.0,3.0,58.0,40.0,4.0,4.0,2.0,1.0
78,Bundesliga,2025,182,Union Berlin,413294,Andrik Markgraf,Andrik,Markgraf,19.0,Germany,172,66,https://media.api-sports.io/football/players/413294.png,Defender,0.0,0.0,,,0.0,0.0,,,,,,,,,,,,,,,0.0,0.0
78,Bundesliga,2025,161,VfL Wolfsburg,422572,K. Shiogai,Kento,Shiogai,20.0,Japan,180,77,https://media.api-sports.io/football/players/422572.png,Attacker,13.0,2.0,344.0,6.52,1.0,0.0,11.0,8.0,57.0,2.0,70.0,7.0,,3.0,9.0,3.0,59.0,17.0,3.0,9.0,3.0,0.0
78,Bundesliga,2025,167,1899 Hoffenheim,535086,L. Duric,,,22.0,,,,https://media.api-sports.io/football/players/535086.png,Midfielder,0.0,0.0,9.0,6.6,0.0,0.0,,,2.0,,100.0,,,,,,,,,,0.0,0.0
78,Bundesliga,2025,175,Hamburger SV,570798,L. Lemke,,,16.0,,,,https://media.api-sports.io/football/players/570798.png,Defender,1.0,0.0,1.0,,0.0,0.0,,,,,,,,,,,,,,,0.0,0.0
78,Bundesliga,2025,192,1. FC Köln,632022,Y. Niang,,,,,,,https://media.api-sports.io/football/players/632022.png,Attacker,10.0,2.0,214.0,6.5,0.0,0.0,4.0,1.0,46.0,3.0,69.0,3.0,,,3.0,,42.0,18.0,4.0,6.0,0.0,0.0
78,Bundesliga,2025,160,SC Freiburg,24,M. Philipp,Maximilian Marcus,Philipp,31.0,Germany,183,79,https://media.api-sports.io/football/players/24.png,Attacker,2.0,0.0,32.0,6.3,0.0,0.0,,,8.0,,50.0,1.0,,,,,6.0,1.0,,2.0,0.0,0.0
78,Bundesliga,2025,173,RB Leipzig,24814,L. Zingerle,Leopold,Zingerle,31.0,Germany,185,78,https://media.api-sports.io/football/players/24814.png,Goalkeeper,0.0,0.0,,,0.0,0.0,,,,,,,,,,,,,,,0.0,0.0
78,Bundesliga,2025,186,FC St. Pauli,32871,T. Hara,Taichi,Hara,26.0,Japan,191,84,https://media.api-sports.io/football/players/32871.png,Attacker,4.0,0.0,31.0,6.25,0.0,0.0,1.0,,7.0,,42.0,,,,,,3.0,1.0,,,0.0,0.0
78,Bundesliga,2025,164,FSV Mainz 05,37938,S. Becker,Sheraldo Rudi,Becker,30.0,Suriname,180,77,https://media.api-sports.io/football/players/37938.png,Attacker,14.0,11.0,953.0,6.93,3.0,3.0,24.0,15.0,178.0,17.0,73.0,1.0,,3.0,9.0,4.0,62.0,23.0,8.0,13.0,2.0,0.0
78,Bundesliga,2025,180,1. FC Heidenheim,64302,C. Conteh,Christian Joe,Conteh,26.0,Germany,182,72,https://media.api-sports.io/football/players/64302.png,Attacker,9.0,4.0,405.0,6.6,0.0,0.0,2.0,,79.0,7.0,79.0,2.0,,2.0,15.0,5.0,33.0,10.0,3.0,4.0,0.0,0.0
78,Bundesliga,2025,175,Hamburger SV,73879,P. Otele,Philip Porwei,Otele,26.0,Nigeria,178,80,https://media.api-sports.io/football/players/73879.png,Attacker,9.0,7.0,477.0,6.63,1.0,1.0,5.0,3.0,113.0,9.0,68.0,2.0,,3.0,13.0,7.0,54.0,23.0,4.0,8.0,3.0,1.0
78,Bundesliga,2025,163,Borussia Mönchengladbach,178405,J. Olschowsky,Jan Jakob,Olschowsky,24.0,Germany,183,80,https://media.api-sports.io/football/players/178405.png,Goalkeeper,0.0,0.0,,,0.0,0.0,,,,,,,,,,,,,,,0.0,0.0
78,Bundesliga,2025,167,1899 Hoffenheim,202976,V. Lässig,Valentin,Lässig,22.0,Germany,177,76,https://media.api-sports.io/football/players/202976.png,Defender,0.0,0.0,,,0.0,0.0,,,,,,,,,,,,,,,0.0,0.0
78,Bundesliga,2025,173,RB Leipzig,328225,B. Gruda,Brajan,Gruda,21.0,Germany,178,70,https://media.api-sports.io/football/players/328225.png,Midfielder,13.0,8.0,755.0,7.18,3.0,3.0,13.0,10.0,260.0,17.0,78.0,8.0,,,35.0,21.0,99.0,46.0,12.0,10.0,1.0,0.0
78,Bundesliga,2025,163,Borussia Mönchengladbach,335095,H. Bolin,Axel Hugo,Bolin,22.0,Sweden,179,64,https://media.api-sports.io/football/players/335095.png,Midfielder,13.0,5.0,552.0,6.72,1.0,1.0,9.0,4.0,137.0,8.0,81.0,4.0,,1.0,11.0,3.0,49.0,22.0,12.0,2.0,0.0,0.0
78,Bundesliga,2025,186,FC St. Pauli,344284,Romeo Aigbekaen,Romeo,Aigbekaen,21.0,Germany,188,78,https://media.api-sports.io/football/players/344284.png,Attacker,0.0,0.0,,,0.0,0.0,,,,,,,,,,,,,,,0.0,0.0
78,Bundesliga,2025,161,VfL Wolfsburg,369425,J. Adjetey,Jonas,Adjei Adjetey,22.0,Ghana,188,82,https://media.api-sports.io/football/players/369425.png,Defender,4.0,1.0,137.0,6.2,0.0,0.0,2.0,,72.0,,72.0,2.0,1.0,1.0,2.0,1.0,19.0,8.0,,4.0,1.0,0.0
78,Bundesliga,2025,167,1899 Hoffenheim,380559,Kelven Olagie Frees,Kelven,Olagie Frees,20.0,Germany,,,https://media.api-sports.io/football/players/380559.png,Defender,0.0,0.0,,,0.0,0.0,,,,,,,,,,,,,,,0.0,0.0
78,Bundesliga,2025,167,1899 Hoffenheim,404133,Y. Eduardo,Yannick,Fereira Eduardo,19.0,Czech Republic,193 cm,78 kg,https://media.api-sports.io/football/players/404133.png,Attacker,1.0,0.0,1.0,,0.0,0.0,,,,,,,,,,,1.0,,,,0.0,0.0
78,Bundesliga,2025,165,Borussia Dortmund,478991,S. Inacio,Samuele,Inácio Piá,17.0,Italy,,,https://media.api-sports.io/football/players/478991.png,Attacker,7.0,4.0,383.0,6.84,1.0,0.0,6.0,5.0,124.0,8.0,84.0,6.0,,2.0,7.0,5.0,45.0,23.0,10.0,7.0,2.0,0.0
78,Bundesliga,2025,165,Borussia Dortmund,486522,M. Albert,Mathis,Albert,16.0,USA,,,https://media.api-sports.io/football/players/486522.png,Attacker,1.0,0.0,1.0,,0.0,0.0,,,3.0,,66.0,1.0,,,,,2.0,1.0,,1.0,0.0,0.0
78,Bundesliga,2025,169,Eintracht Frankfurt,496976,L. Arrhov,Paul Love,Arrhov,17.0,Sweden,,,https://media.api-sports.io/football/players/496976.png,Midfielder,5.0,1.0,77.0,6.5,0.0,0.0,,,23.0,1.0,73.0,2.0,,,3.0,1.0,10.0,4.0,1.0,2.0,1.0,0.0
78,Bundesliga,2025,165,Borussia Dortmund,568225,L. Reggiani,,,17.0,,,,https://media.api-sports.io/football/players/568225.png,Defender,8.0,6.0,513.0,6.83,1.0,0.0,3.0,1.0,378.0,2.0,88.0,14.0,1.0,2.0,4.0,4.0,40.0,25.0,2.0,3.0,2.0,0.0
78,Bundesliga,2025,160,SC Freiburg,584890,R. Tarnutzer,,,18.0,,,,https://media.api-sports.io/football/players/584890.png,Midfielder,1.0,0.0,11.0,6.3,0.0,0.0,,,3.0,,100.0,,,,,,2.0,1.0,1.0,,0.0,0.0
78,Bundesliga,2025,192,1. FC Köln,610756,D. S. Furst,,,18.0,,,,https://media.api-sports.io/football/players/610756.png,Defender,0.0,0.0,,,0.0,0.0,,,,,,,,,,,,,,,0.0,0.0
78,Bundesliga,2025,186,FC St. Pauli,7649,D. Nemeth,David,Nemeth,24.0,Austria,191,89,https://media.api-sports.io/football/players/7649.png,Defender,0.0,0.0,,,0.0,0.0,,,,,,,,,,,,,,,0.0,0.0
78,Bundesliga,2025,170,FC Augsburg,163064,D. Klein,Daniel,Klein,24.0,Germany,191,84,https://media.api-sports.io/football/players/163064.png,Goalkeeper,0.0,0.0,,,0.0,0.0,,,,,,,,,,,,,,,0.0,0.0
78,Bundesliga,2025,180,1. FC Heidenheim,207229,P. Tschernuth,Paul,Tschernuth,23.0,Austria,186 cm,88 kg,https://media.api-sports.io/football/players/207229.png,Goalkeeper,0.0,0.0,,,0.0,0.0,,,,,,,,,,,,,,,0.0,0.0
78,Bundesliga,2025,175,Hamburger SV,263177,A. Grønbæk,Albert,Grønbæk Erlykke,24.0,Denmark,176,65,https://media.api-sports.io/football/players/263177.png,Midfielder,7.0,6.0,495.0,6.89,1.0,2.0,5.0,4.0,138.0,8.0,74.0,15.0,1.0,11.0,8.0,5.0,46.0,28.0,6.0,2.0,0.0,0.0
78,Bundesliga,2025,165,Borussia Dortmund,420351,Elias  Benkara,Elias,Benkara,18.0,Germany,192,80,https://media.api-sports.io/football/players/420351.png,Defender,0.0,0.0,,,0.0,0.0,,,,,,,,,,,,,,,0.0,0.0
78,Bundesliga,2025,157,Bayern München,453964,Guido Della Rovere,Guido,Della Rovere,18.0,Italy,,,https://media.api-sports.io/football/players/453964.png,Midfielder,0.0,0.0,,,0.0,0.0,,,,,,,,,,,,,,,0.0,0.0
78,Bundesliga,2025,169,Eintracht Frankfurt,467927,A. Siljevic,Amil,Siljevic,18.0,Germany,188 cm,78 kg,https://media.api-sports.io/football/players/467927.png,Goalkeeper,0.0,0.0,,,0.0,0.0,,,,,,,,,,,,,,,0.0,0.0
78,Bundesliga,2025,175,Hamburger SV,480452,S. Nandja,Shafiq Bello,Nandja,18.0,Germany,,,https://media.api-sports.io/football/players/480452.png,Defender,2.0,0.0,14.0,6.2,0.0,0.0,,,5.0,,80.0,,,,,,,,,,0.0,0.0
78,Bundesliga,2025,170,FC Augsburg,499495,U. Ogundu,Uchenna,Ogundu,19.0,Nigeria,,,https://media.api-sports.io/football/players/499495.png,Attacker,5.0,0.0,50.0,6.4,0.0,0.0,2.0,,9.0,,55.0,,,,,,13.0,3.0,1.0,1.0,0.0,0.0
78,Bundesliga,2025,162,Werder Bremen,561838,S. Musah,,,20.0,,,,https://media.api-sports.io/football/players/561838.png,Attacker,8.0,2.0,210.0,6.67,1.0,0.0,5.0,4.0,56.0,3.0,75.0,3.0,,2.0,2.0,1.0,23.0,9.0,3.0,4.0,0.0,0.0
78,Bundesliga,2025,168,Bayer Leverkusen,567959,E. C. Owen,,,18.0,,,,https://media.api-sports.io/football/players/567959.png,Attacker,0.0,0.0,,,0.0,0.0,,,,,,,,,,,,,,,0.0,0.0
78,Bundesliga,2025,157,Bayern München,568042,M. Cardozo,,,17.0,,,,https://media.api-sports.io/football/players/568042.png,Midfielder,2.0,0.0,32.0,6.3,0.0,0.0,,,16.0,,93.0,,,,1.0,,3.0,2.0,2.0,,0.0,0.0
78,Bundesliga,2025,157,Bayern München,568316,L. Prescott,,,16.0,,,,https://media.api-sports.io/football/players/568316.png,Goalkeeper,0.0,0.0,,,0.0,0.0,,,,,,,,,,,,,,,0.0,0.0
78,Bundesliga,2025,157,Bayern München,628356,F. Pavic,,,15.0,,,,https://media.api-sports.io/football/players/628356.png,Defender,0.0,0.0,,,0.0,0.0,,,,,,,,,,,,,,,0.0,0.0
78,Bundesliga,2025,157,Bayern München,630895,Bara Ndiaye,Bara,Ndiaye,18.0,Senegal,,,https://media.api-sports.io/football/players/630895.png,Attacker,4.0,2.0,148.0,6.68,0.0,0.0,,,124.0,,93.0,6.0,,2.0,10.0,8.0,32.0,20.0,3.0,1.0,0.0,0.0
78,Bundesliga,2025,162,Werder Bremen,645964,Mats Heitmann,,,20.0,,,,https://media.api-sports.io/football/players/645964.png,Defender,0.0,0.0,,,0.0,0.0,,,,,,,,,,,,,,,0.0,0.0
78,Bundesliga,2025,157,Bayern München,648615,Erblin Osmani,,,16.0,,,,https://media.api-sports.io/football/players/648615.png,Midfielder,1.0,0.0,3.0,,0.0,0.0,,,6.0,,83.0,,,1.0,,,,,,,0.0,0.0
78,Bundesliga,2025,182,Union Berlin,655116,Linus Guther,Linus,Guther,16.0,Germany,,,https://media.api-sports.io/football/players/655116.png,Midfielder,1.0,0.0,14.0,6.2,0.0,0.0,,,3.0,,,,,,,,2.0,,,1.0,1.0,0.0
78,Bundesliga,2025,157,Bayern München,657672,B. Assomo,,,16.0,,,,https://media.api-sports.io/football/players/657672.png,Attacker,0.0,0.0,,,0.0,0.0,,,,,,,,,,,,,,,0.0,0.0
78,Bundesliga,2025,182,Union Berlin,659290,Tom Wisbereit,,,18.0,,,,https://media.api-sports.io/football/players/659290.png,Goalkeeper,0.0,0.0,,,0.0,0.0,,,,,,,,,,,,,,,0.0,0.0
78,Bundesliga,2025,185,SC Paderborn 07,24826,S. Michel,Sven,Michel,35.0,Germany,177,78,https://media.api-sports.io/football/players/24826.png,Attacker,2.0,0.0,62.0,6.2,0.0,1.0,2.0,,19.0,3.0,42.0,,,1.0,1.0,,13.0,2.0,,2.0,1.0,0.0
78,Bundesliga,2025,185,SC Paderborn 07,24964,D. Kinsombi,David,Kinsombi,30.0,Germany,183,74,https://media.api-sports.io/football/players/24964.png,Midfielder,0.0,0.0,,,0.0,0.0,,,,,,,,,,,,,,,0.0,0.0
78,Bundesliga,2025,185,SC Paderborn 07,25114,M. Schubert,Markus,Schubert,27.0,Germany,187,84,https://media.api-sports.io/football/players/25114.png,Goalkeeper,0.0,0.0,,,0.0,0.0,,,,,,,,,,,,,,,0.0,0.0
78,Bundesliga,2025,185,SC Paderborn 07,25289,F. Götze,Felix,Götze,27.0,Germany,185,80,https://media.api-sports.io/football/players/25289.png,Defender,2.0,0.0,58.0,7.05,0.0,0.0,1.0,1.0,41.0,1.0,87.0,,1.0,,,,8.0,5.0,1.0,,0.0,0.0
78,Bundesliga,2025,185,SC Paderborn 07,26333,S. Klaas,Sebastian Reinhard,Klaas,27.0,Germany,180,67,https://media.api-sports.io/football/players/26333.png,Attacker,2.0,2.0,130.0,6.5,0.0,0.0,3.0,1.0,37.0,,81.0,2.0,,,2.0,,12.0,3.0,1.0,2.0,0.0,0.0
78,Bundesliga,2025,185,SC Paderborn 07,26343,S. Tigges,Steffen,Tigges,27.0,Germany,193,90,https://media.api-sports.io/football/players/26343.png,Attacker,2.0,0.0,80.0,6.45,0.0,0.0,4.0,,21.0,1.0,52.0,,,,2.0,,17.0,7.0,,1.0,0.0,0.0
78,Bundesliga,2025,185,SC Paderborn 07,119173,M. Hoffmeier,Marcel,Hoffmeier,26.0,Germany,182,78,https://media.api-sports.io/football/players/119173.png,Defender,0.0,0.0,,,0.0,0.0,,,,,,,,,,,,,,,0.0,0.0
78,Bundesliga,2025,185,SC Paderborn 07,125726,F. Bilbija,Filip,Bilbija,25.0,Germany,189,78,https://media.api-sports.io/football/players/125726.png,Midfielder,2.0,2.0,205.0,6.9,1.0,0.0,5.0,1.0,57.0,3.0,84.0,2.0,1.0,1.0,2.0,2.0,17.0,8.0,3.0,4.0,1.0,0.0
78,Bundesliga,2025,185,SC Paderborn 07,163078,L. Curda,Laurin,Curda,24.0,Germany,185,84,https://media.api-sports.io/football/players/163078.png,Midfielder,2.0,2.0,210.0,7.75,1.0,0.0,3.0,2.0,70.0,4.0,72.0,9.0,,2.0,5.0,2.0,33.0,18.0,2.0,5.0,1.0,0.0
78,Bundesliga,2025,185,SC Paderborn 07,178403,C. Brackelmann,Calvin Marc,Brackelmann,26.0,Germany,196,86,https://media.api-sports.io/football/players/178403.png,Defender,2.0,2.0,164.0,7.75,0.0,1.0,3.0,2.0,88.0,2.0,80.0,5.0,,1.0,1.0,1.0,21.0,15.0,1.0,1.0,0.0,0.0
78,Bundesliga,2025,185,SC Paderborn 07,203015,T. Scheller,Tjark Lasse,Scheller,23.0,Germany,192,85,https://media.api-sports.io/football/players/203015.png,Defender,2.0,2.0,210.0,6.95,0.0,0.0,,,140.0,2.0,92.0,1.0,,,2.0,2.0,12.0,5.0,,1.0,0.0,0.0
78,Bundesliga,2025,185,SC Paderborn 07,260780,N. Bätzner,Nick,Bätzner,25.0,Germany,176,62,https://media.api-sports.io/football/players/260780.png,Midfielder,2.0,0.0,51.0,6.95,0.0,0.0,,,15.0,,53.0,3.0,,1.0,2.0,1.0,7.0,5.0,1.0,,0.0,0.0
78,Bundesliga,2025,185,SC Paderborn 07,327993,D. Seimen,Dennis,Seimen,20.0,Germany,190,89,https://media.api-sports.io/football/players/327993.png,Goalkeeper,2.0,2.0,210.0,8.45,0.0,0.0,,,64.0,,81.0,,,,,,2.0,2.0,1.0,,0.0,0.0
78,Bundesliga,2025,185,SC Paderborn 07,328235,S. Marino,Stefano,Marino,21.0,Germany,186,79,https://media.api-sports.io/football/players/328235.png,Attacker,2.0,2.0,148.0,6.4,0.0,0.0,3.0,1.0,33.0,2.0,78.0,1.0,1.0,2.0,2.0,,18.0,5.0,3.0,1.0,0.0,0.0
78,Bundesliga,2025,185,SC Paderborn 07,334146,Jonah Benedict Sticker,Jonah Benedict,Sticker,21.0,Germany,180,,https://media.api-sports.io/football/players/334146.png,Midfielder,1.0,1.0,90.0,6.7,0.0,0.0,,,17.0,,76.0,3.0,,1.0,1.0,1.0,14.0,7.0,2.0,3.0,1.0,0.0
78,Bundesliga,2025,185,SC Paderborn 07,334331,M. Hansen,Mattes,Hansen,21.0,Germany,183,77,https://media.api-sports.io/football/players/334331.png,Defender,2.0,2.0,210.0,7.45,0.0,0.0,,,146.0,3.0,86.0,1.0,,5.0,3.0,1.0,13.0,8.0,1.0,,0.0,0.0
78,Bundesliga,2025,185,SC Paderborn 07,363156,S. Castañeda,Santiago,Castañeda,21.0,USA,188,74,https://media.api-sports.io/football/players/363156.png,Midfielder,2.0,2.0,210.0,7.4,0.0,0.0,5.0,2.0,115.0,2.0,82.0,4.0,1.0,1.0,2.0,1.0,28.0,20.0,3.0,3.0,1.0,0.0
78,Bundesliga,2025,185,SC Paderborn 07,380512,Ruben Müller,Ruben,Müller,20.0,Germany,,,https://media.api-sports.io/football/players/380512.png,Attacker,2.0,2.0,134.0,6.25,0.0,0.0,1.0,,66.0,3.0,72.0,1.0,,,2.0,2.0,14.0,4.0,,4.0,1.0,0.0
78,Bundesliga,2025,185,SC Paderborn 07,413122,K. Okpala,Kennedy Onyedika,Okpala,21.0,Germany,185,,https://media.api-sports.io/football/players/413122.png,Attacker,0.0,0.0,,,0.0,0.0,,,,,,,,,,,,,,,0.0,0.0
78,Bundesliga,2025,185,SC Paderborn 07,526403,N. Mohr,,,21.0,,,,https://media.api-sports.io/football/players/526403.png,Defender,1.0,0.0,46.0,7.6,0.0,0.0,,,19.0,3.0,84.0,1.0,,,1.0,1.0,5.0,5.0,2.0,,0.0,0.0
78,Bundesliga,2025,161,VfL Wolfsburg,1302,J. Wind,Jonas Older,Wind,27.0,Denmark,190,82,https://media.api-sports.io/football/players/1302.png,Forward,13.0,10.0,519.0,6.675000,1.0,0.0,9.0,6.0,155.0,5.0,,,1.0,,3.0,2.0,84.0,43.0,17.0,2.0,1.0,0.0
78,Bundesliga,2025,192,1. FC Köln,202838,D. Huseinbašić,Denis,Huseinbašić,25.0,Germany,184,76,https://media.api-sports.io/football/players/202838.png,Midfielder,17.0,13.0,823.0,6.652941,,0.0,2.0,,465.0,5.0,,17.0,1.0,4.0,2.0,1.0,56.0,32.0,9.0,9.0,1.0,0.0
78,Bundesliga,2025,185,SC Paderborn 07,328035,M. Baur,Mika,Baur,21.0,Germany,172,62,https://media.api-sports.io/football/players/328035.png,Midfielder,1.0,1.0,99.0,7,0.0,0.0,3.0,1.0,55.0,5.0,87.0,1.0,,1.0,,,6.0,2.0,,1.0,0.0,0.0
