league_id,league,season,team_id,team,player_id,name,firstname,lastname,age,nationality,height,weight,photo,position,appearances,lineups,minutes,rating,goals,assists,shots,shots_on_target,passes,key_passes,pass_accuracy,tackles,blocks,interceptions,dribble_attempts,successful_dribbles,duels_total,duels_won,fouls_drawn,fouls_committed,yellow_cards,red_cards
140,La Liga,2025,718,Oviedo,755,Jaime Seoane,Jaime,Seoane Valenciano,28.0,Spain,175,73,https://media.api-sports.io/football/players/755.png,Midfielder,,,,,,,,,,,,,,,,,,,,,,
140,La Liga,2025,532,Valencia,919,Hugo Guillamón,Hugo,Guillamón Sanmartín,25.0,Spain,178,62,https://media.api-sports.io/football/players/919.png,Midfielder,,,,,,,,,,,,,,,,,,,,,,
140,La Liga,2025,798,Mallorca,2001,C. Larin,Cyle Christopher,Larin,30.0,Canada,188,83,https://media.api-sports.io/football/players/2001.png,Forward,,,,,,,,,,,,,,,,,,,,,,
140,La Liga,2025,546,Getafe,2039,Juan Berrocal,Juan,Berrocal González,26.0,Spain,187,72,https://media.api-sports.io/football/players/2039.png,Defender,,,,,,,,,,,,,,,,,,,,,,
140,La Liga,2025,718,Oviedo,46996,Álvaro Lemos,Álvaro,Lemos Collazo,32.0,Spain,175,77,https://media.api-sports.io/football/players/46996.png,Defender,,,,,,,,,,,,,,,,,,,,,,
140,La Liga,2025,798,Mallorca,61142,D. Greif,Dominik,Greif,28.0,Slovakia,197,82,https://media.api-sports.io/football/players/61142.png,Goalkeeper,4.0,2.0,90.0,7.700000,,0.0,,,25.0,,,,,,,,,,,,0.0,0.0
140,La Liga,2025,547,Girona,162032,Miguel Gutiérrez,Miguel,Gutiérrez Ortega,24.0,Spain,180,73,https://media.api-sports.io/football/players/162032.png,Defender,1.0,1.0,,,,,,,,,,,,,,,,,,,0.0,0.0
140,La Liga,2025,539,Levante,163630,Alfonso Pastor,Alfonso,Pastor Vacas,25.0,Spain,190,78,https://media.api-sports.io/football/players/163630.png,Goalkeeper,,,,,,,,,,,,,,,,,,,,,,
140,La Liga,2025,538,Celta Vigo,182730,Marc Vidal,Marc Vicente,Vidal Girona,25.0,Spain,185,74,https://media.api-sports.io/football/players/182730.png,Goalkeeper,,,,,,,,,,,,,,,,,,,,,,
140,La Liga,2025,531,Athletic Club,183848,Julen Agirrezabala,Julen,Agirrezabala Astúlez,25.0,Spain,187,80,https://media.api-sports.io/football/players/183848.png,Goalkeeper,5.0,5.0,450.0,6.360000,,0.0,,,157.0,1.0,,,,,,,3.0,3.0,,,0.0,0.0
140,La Liga,2025,532,Valencia,183848,Julen Agirrezabala,Julen,Agirrezabala Astúlez,25.0,Spain,187,80,https://media.api-sports.io/football/players/183848.png,Goalkeeper,18.0,18.0,1620.0,6.93,0.0,0.0,,,493.0,1.0,69.0,2.0,,,,,12.0,10.0,1.0,,1.0,0.0
140,La Liga,2025,533,Villarreal,184194,Álex Forés,Álex,Forés Mendoza,24.0,Spain,179,67,https://media.api-sports.io/football/players/184194.png,Attacker,4.0,2.0,77.0,6.450000,,0.0,2.0,2.0,17.0,,,,,,2.0,2.0,4.0,2.0,,1.0,0.0,0.0
140,La Liga,2025,718,Oviedo,184194,Álex Forés,Álex,Forés Mendoza,24.0,Spain,179,67,https://media.api-sports.io/football/players/184194.png,Attacker,18.0,3.0,382.0,6.46,0.0,1.0,5.0,2.0,63.0,1.0,68.0,2.0,,1.0,7.0,3.0,38.0,15.0,6.0,3.0,0.0,0.0
140,La Liga,2025,533,Villarreal,184420,Carlos Romero,Carlos,Romero Serrano,24.0,Spain,180,73,https://media.api-sports.io/football/players/184420.png,Defender,5.0,5.0,450.0,7.200000,1.0,1.0,2.0,1.0,140.0,4.0,,14.0,3.0,5.0,16.0,8.0,50.0,26.0,3.0,6.0,0.0,0.0
140,La Liga,2025,540,Espanyol,184420,Carlos Romero,Carlos,Romero Serrano,24.0,Spain,180,73,https://media.api-sports.io/football/players/184420.png,Defender,36.0,36.0,3195.0,7.06,6.0,3.0,26.0,12.0,1011.0,27.0,79.0,97.0,16.0,40.0,84.0,49.0,327.0,178.0,19.0,40.0,4.0,0.0
140,La Liga,2025,533,Villarreal,187987,Ramón Terrats,Ramón,Terrats Espacio,25.0,Spain,181,71,https://media.api-sports.io/football/players/187987.png,Midfielder,5.0,3.0,88.0,6.575000,,0.0,1.0,,25.0,1.0,,4.0,,,4.0,3.0,23.0,11.0,2.0,2.0,0.0,0.0
140,La Liga,2025,540,Espanyol,187987,Ramón Terrats,Ramón,Terrats Espacio,25.0,Spain,181,71,https://media.api-sports.io/football/players/187987.png,Midfielder,29.0,12.0,1062.0,6.62,1.0,2.0,12.0,3.0,255.0,16.0,76.0,23.0,5.0,11.0,28.0,9.0,153.0,63.0,22.0,15.0,0.0,0.0
140,La Liga,2025,531,Athletic Club,190489,Álvaro Djaló,Álvaro,Djaló Dias Fernandes,26.0,Spain,175,73,https://media.api-sports.io/football/players/190489.png,Attacker,,,,,,,,,,,,,,,,,,,,,,
140,La Liga,2025,532,Valencia,288074,Alberto Marí,Alberto,Marí Sánchez,24.0,Spain,183,78,https://media.api-sports.io/football/players/288074.png,Attacker,,,,,,,,,,,,,,,,,,,,,,
140,La Liga,2025,531,Athletic Club,313025,Hugo Rincón,Hugo,Rincón Lumbreras,22.0,Spain,183,75,https://media.api-sports.io/football/players/313025.png,Defender,5.0,2.0,194.0,6.275000,,0.0,2.0,,61.0,3.0,,1.0,2.0,2.0,3.0,3.0,20.0,8.0,2.0,3.0,1.0,0.0
140,La Liga,2025,547,Girona,313025,Hugo Rincón,Hugo,Rincón Lumbreras,22.0,Spain,183,75,https://media.api-sports.io/football/players/313025.png,Defender,33.0,16.0,1758.0,6.71,1.0,1.0,6.0,2.0,774.0,10.0,82.0,47.0,9.0,5.0,17.0,9.0,223.0,129.0,53.0,32.0,4.0,0.0
140,La Liga,2025,728,Rayo Vallecano,333378,Diego Méndez,Diego,Méndez Molero,22.0,Spain,182,76,https://media.api-sports.io/football/players/333378.png,Midfielder,,,,,,,,,,,,,,,,,,,,,,
140,La Liga,2025,547,Girona,336674,G. Misehouy,Gabriel,Osei Misehouy,20.0,Netherlands,173,68,https://media.api-sports.io/football/players/336674.png,Midfielder,,,,,,,,,,,,,,,,,,,,,,
140,La Liga,2025,540,Espanyol,347885,Marcos Fernández,Marcos,Fernández Sánchez,22.0,Spain,176,65,https://media.api-sports.io/football/players/347885.png,Attacker,,,,,,,,,,,,,,,,,,,,,,
140,La Liga,2025,539,Levante,445025,Víctor Fernández,Víctor,Fernández Durán,18.0,Spain,170,60,https://media.api-sports.io/football/players/445025.png,Midfielder,,,,,,,,,,,,,,,,,,,,,,
140,La Liga,2025,542,Alaves,143,Carles Aleñá,Carles,Aleña Castillo,27.0,Spain,180,70,https://media.api-sports.io/football/players/143.png,Midfielder,34.0,23.0,1995.0,6.59,0.0,4.0,18.0,5.0,850.0,38.0,85.0,37.0,2.0,10.0,27.0,12.0,228.0,99.0,36.0,38.0,5.0,0.0
140,La Liga,2025,542,Alaves,6233,N. Tenaglia,Facundo Nahuel,Tenaglia,29.0,Argentina,180,73,https://media.api-sports.io/football/players/6233.png,Defender,36.0,36.0,3239.0,6.83,2.0,0.0,19.0,8.0,1367.0,7.0,86.0,66.0,30.0,46.0,21.0,9.0,279.0,164.0,42.0,31.0,3.0,0.0
140,La Liga,2025,542,Alaves,6638,F. Garcés,Facundo Tomás,Garcés,26.0,Argentina,191,82,https://media.api-sports.io/football/players/6638.png,Defender,10.0,8.0,792.0,6.64,0.0,0.0,7.0,4.0,354.0,,84.0,13.0,9.0,7.0,,,74.0,39.0,3.0,13.0,3.0,0.0
140,La Liga,2025,542,Alaves,18740,Jonny,Jonathan,Castro Otto,31.0,Spain,175,70,https://media.api-sports.io/football/players/18740.png,Defender,34.0,34.0,2998.0,6.68,0.0,0.0,8.0,3.0,1759.0,17.0,86.0,67.0,14.0,40.0,35.0,26.0,276.0,149.0,30.0,37.0,7.0,0.0
140,La Liga,2025,532,Valencia,19352,Sergi Canós,Sergi,Canós Tenés,28.0,Spain,177,75,https://media.api-sports.io/football/players/19352.png,Midfielder,,,,,,,,,,,,,,,,,,,,,,
140,La Liga,2025,536,Sevilla,47013,Rafa Mir,Rafael,Mir Vicente,28.0,Spain,191,86,https://media.api-sports.io/football/players/47013.png,Attacker,5.0,4.0,317.0,7.060000,3.0,0.0,8.0,5.0,74.0,,,2.0,1.0,2.0,3.0,1.0,36.0,12.0,7.0,8.0,0.0,0.0
140,La Liga,2025,797,Elche,47013,Rafa Mir,Rafael,Mir Vicente,28.0,Spain,191,86,https://media.api-sports.io/football/players/47013.png,Attacker,27.0,21.0,1815.0,6.67,8.0,0.0,62.0,36.0,417.0,9.0,79.0,16.0,1.0,5.0,20.0,5.0,171.0,55.0,16.0,39.0,4.0,0.0
140,La Liga,2025,536,Sevilla,47016,Álvaro Fernández,Álvaro,Fernández Llorente,27.0,Spain,185,75,https://media.api-sports.io/football/players/47016.png,Goalkeeper,,,,,,,,,,,,,,,,,,,,,,
140,La Liga,2025,542,Alaves,47181,Toni Martínez,Antonio,Martínez López,28.0,Spain,187,83,https://media.api-sports.io/football/players/47181.png,Attacker,37.0,32.0,2725.0,6.99,14.0,3.0,76.0,36.0,667.0,24.0,58.0,28.0,2.0,4.0,39.0,17.0,506.0,258.0,37.0,46.0,2.0,0.0
140,La Liga,2025,538,Celta Vigo,47277,Unai Núñez,Unai,Núñez Gestoso,28.0,Spain,186,80,https://media.api-sports.io/football/players/47277.png,Defender,4.0,4.0,360.0,6.675000,,0.0,1.0,,140.0,1.0,,11.0,3.0,7.0,2.0,2.0,39.0,21.0,,9.0,0.0,0.0
140,La Liga,2025,532,Valencia,47277,Unai Núñez,Unai,Núñez Gestoso,28.0,Spain,186,80,https://media.api-sports.io/football/players/47277.png,Defender,13.0,10.0,921.0,6.72,0.0,0.0,7.0,1.0,438.0,2.0,85.0,24.0,5.0,11.0,2.0,,79.0,44.0,7.0,12.0,3.0,0.0
140,La Liga,2025,542,Alaves,47353,Sivera,Antonio,Sivera Salvá,29.0,Spain,184,75,https://media.api-sports.io/football/players/47353.png,Goalkeeper,38.0,38.0,3420.0,6.93,0.0,0.0,,,1036.0,,50.0,2.0,,,,,17.0,14.0,1.0,1.0,3.0,0.0
140,La Liga,2025,542,Alaves,104821,Jon Guridi,Jon,Guridi Aldalur,30.0,Spain,179,64,https://media.api-sports.io/football/players/104821.png,Midfielder,28.0,15.0,1259.0,6.5,0.0,0.0,11.0,4.0,443.0,11.0,82.0,29.0,2.0,10.0,19.0,8.0,143.0,65.0,8.0,15.0,1.0,0.0
140,La Liga,2025,542,Alaves,128951,Víctor Parada,Víctor,Parada González,23.0,Spain,185,76,https://media.api-sports.io/football/players/128951.png,Defender,30.0,25.0,2165.0,6.49,0.0,3.0,10.0,2.0,764.0,14.0,82.0,33.0,11.0,10.0,13.0,8.0,177.0,88.0,15.0,29.0,8.0,0.0
140,La Liga,2025,542,Alaves,139001,Pablo Ibáñez,Pablo,Ibáñez Lumbreras,27.0,Spain,179,74,https://media.api-sports.io/football/players/139001.png,Midfielder,37.0,28.0,2253.0,6.72,1.0,1.0,32.0,13.0,1009.0,19.0,85.0,58.0,10.0,22.0,71.0,31.0,361.0,181.0,66.0,38.0,7.0,0.0
140,La Liga,2025,542,Alaves,162170,Hugo Novoa,Hugo,Novoa Ramos,22.0,Spain,182,69,https://media.api-sports.io/football/players/162170.png,Attacker,,,,,,,,,,,,,,,,,,,,,,
140,La Liga,2025,542,Alaves,162686,Antonio Blanco,Antonio,Blanco Conde,25.0,Spain,176,70,https://media.api-sports.io/football/players/162686.png,Midfielder,36.0,36.0,3116.0,6.89,2.0,3.0,24.0,13.0,1835.0,22.0,85.0,93.0,11.0,53.0,31.0,23.0,406.0,192.0,43.0,71.0,9.0,0.0
140,La Liga,2025,542,Alaves,183751,A. Rebbach,Abderrahmane,Rebbach,27.0,Algeria,176,68,https://media.api-sports.io/football/players/183751.png,Attacker,30.0,15.0,1509.0,6.71,1.0,4.0,25.0,12.0,459.0,30.0,79.0,42.0,,15.0,50.0,17.0,226.0,98.0,30.0,40.0,8.0,0.0
140,La Liga,2025,542,Alaves,187214,Carlos Vicente,Carlos,Vicente Robles,26.0,Spain,179,72,https://media.api-sports.io/football/players/187214.png,Midfielder,21.0,11.0,1256.0,6.95,5.0,0.0,10.0,6.0,473.0,27.0,79.0,28.0,2.0,7.0,37.0,11.0,168.0,92.0,42.0,12.0,1.0,0.0
140,La Liga,2025,530,Atletico Madrid,443748,Taufik Seidu,Taufik,Seidu Zanzi Awudu,17.0,Spain,182,,https://media.api-sports.io/football/players/443748.png,Midfielder,0.0,0.0,,,0.0,0.0,,,,,,,,,,,,,,,0.0,0.0
140,La Liga,2025,547,Girona,599000,Antonio Salguero,,,20.0,,,,https://media.api-sports.io/football/players/599000.png,Defender,0.0,0.0,,,0.0,0.0,,,,,,,,,,,,,,,0.0,0.0
140,La Liga,2025,546,Getafe,599001,Lucas Laso,,,22.0,,,,https://media.api-sports.io/football/players/599001.png,Defender,0.0,0.0,,,0.0,0.0,,,,,,,,,,,,,,,0.0,0.0
140,La Liga,2025,539,Levante,734,Dela,Adrián,de la Fuente Barquilla,26.0,Spain,179,77,https://media.api-sports.io/football/players/734.png,Defender,33.0,30.0,2710.0,7.02,3.0,1.0,21.0,9.0,1489.0,19.0,82.0,31.0,22.0,48.0,10.0,7.0,178.0,106.0,27.0,34.0,5.0,0.0
140,La Liga,2025,542,Alaves,760,M. Díaz,Mariano,Díaz Mejía,32.0,Dominican Republic,180,76,https://media.api-sports.io/football/players/760.png,Attacker,10.0,3.0,296.0,6.37,0.0,0.0,5.0,3.0,43.0,2.0,65.0,4.0,1.0,,2.0,1.0,57.0,17.0,,13.0,1.0,0.0
140,La Liga,2025,539,Levante,1118,J. Toljan,Jeremy Isaiah Richard,Toljan,31.0,Germany,182,74,https://media.api-sports.io/football/players/1118.png,Defender,37.0,37.0,3173.0,6.54,1.0,4.0,5.0,1.0,1131.0,28.0,77.0,66.0,16.0,32.0,19.0,6.0,214.0,105.0,19.0,33.0,8.0,0.0
140,La Liga,2025,542,Alaves,6085,C. Benavídez,Carlos Nahuel,Benavídez Protesoni,27.0,Uruguay,185,76,https://media.api-sports.io/football/players/6085.png,Midfielder,13.0,3.0,338.0,6.64,0.0,0.0,2.0,2.0,137.0,3.0,81.0,11.0,5.0,2.0,2.0,,37.0,19.0,2.0,8.0,1.0,0.0
140,La Liga,2025,542,Alaves,41412,N. Maraš,Nikola,Maraš,30.0,Serbia,189,79,https://media.api-sports.io/football/players/41412.png,Defender,0.0,0.0,,,0.0,0.0,,,,,,,,,,,,,,,0.0,0.0
140,La Liga,2025,539,Levante,46790,Víctor García,Víctor,García Raja,28.0,Spain,180,79,https://media.api-sports.io/football/players/46790.png,Midfielder,21.0,12.0,1056.0,6.78,2.0,1.0,15.0,8.0,293.0,14.0,76.0,23.0,4.0,9.0,30.0,13.0,119.0,60.0,11.0,13.0,1.0,0.0
140,La Liga,2025,539,Levante,46941,Unai Elgezabal,Unai,Elgezabal Udondo,32.0,Spain,185,74,https://media.api-sports.io/football/players/46941.png,Defender,12.0,11.0,958.0,6.62,1.0,0.0,3.0,1.0,409.0,2.0,85.0,8.0,16.0,3.0,,,75.0,45.0,6.0,11.0,2.0,0.0
140,La Liga,2025,542,Alaves,46987,Raúl Fernández,Raúl,Fernández-Cavada Mateos,37.0,Spain,195,92,https://media.api-sports.io/football/players/46987.png,Goalkeeper,0.0,0.0,,,0.0,0.0,,,,,,,,,,,,,,,0.0,0.0
140,La Liga,2025,539,Levante,47225,Brugui,Roger,Brugué Ayguadé,29.0,Spain,173,68,https://media.api-sports.io/football/players/47225.png,Midfielder,19.0,10.0,1007.0,6.42,1.0,1.0,23.0,9.0,244.0,8.0,82.0,11.0,1.0,5.0,24.0,9.0,116.0,41.0,8.0,11.0,1.0,1.0
140,La Liga,2025,542,Alaves,47309,Guevara,Ander,Guevara Lajo,28.0,Spain,180,73,https://media.api-sports.io/football/players/47309.png,Midfielder,25.0,2.0,681.0,6.66,1.0,1.0,4.0,1.0,456.0,6.0,82.0,12.0,2.0,7.0,10.0,5.0,88.0,37.0,5.0,11.0,3.0,0.0
140,La Liga,2025,539,Levante,64309,Manu Sánchez,Manuel,Sánchez de la Peña,25.0,Spain,171,70,https://media.api-sports.io/football/players/64309.png,Defender,33.0,31.0,2818.0,6.59,1.0,2.0,10.0,4.0,914.0,17.0,81.0,81.0,5.0,32.0,32.0,11.0,265.0,134.0,21.0,35.0,8.0,0.0
140,La Liga,2025,542,Alaves,70476,M. Diarra,Moussa,Diarra,25.0,Mali,185,73,https://media.api-sports.io/football/players/70476.png,Defender,3.0,3.0,219.0,6.43,0.0,0.0,,,64.0,1.0,64.0,6.0,,1.0,3.0,1.0,27.0,13.0,1.0,4.0,1.0,0.0
140,La Liga,2025,539,Levante,104949,Pablo Martínez,Pablo,Martínez Andrés,27.0,Spain,182,74,https://media.api-sports.io/football/players/104949.png,Midfielder,27.0,21.0,1865.0,6.88,1.0,5.0,18.0,4.0,689.0,36.0,78.0,18.0,12.0,19.0,33.0,14.0,143.0,57.0,12.0,31.0,3.0,0.0
140,La Liga,2025,539,Levante,106727,Oriol Rey,Oriol,Rey Erenas,27.0,Spain,177,71,https://media.api-sports.io/football/players/106727.png,Midfielder,20.0,14.0,1327.0,6.71,0.0,1.0,5.0,1.0,576.0,10.0,87.0,20.0,5.0,10.0,2.0,1.0,106.0,49.0,14.0,23.0,4.0,0.0
140,La Liga,2025,542,Alaves,266658,Calebe,Calebe,Gonçalves Ferreira da Silva,25.0,Brazil,173,67,https://media.api-sports.io/football/players/266658.png,Midfielder,19.0,13.0,765.0,6.69,0.0,0.0,2.0,1.0,313.0,12.0,87.0,25.0,1.0,9.0,39.0,16.0,117.0,62.0,19.0,18.0,2.0,0.0
140,La Liga,2025,539,Levante,286611,Pablo Cuñat,Pablo,Cuñat Campos,23.0,Spain,188,78,https://media.api-sports.io/football/players/286611.png,Goalkeeper,2.0,2.0,180.0,7.75,0.0,0.0,,,57.0,,50.0,,,,,,2.0,2.0,,,0.0,0.0
140,La Liga,2025,542,Alaves,315586,Lander Pinillos,Lander,Pinillos Wilson,22.0,Spain,,,https://media.api-sports.io/football/players/315586.png,Midfielder,1.0,0.0,2.0,,0.0,0.0,,,1.0,,100.0,,,,,,1.0,,,,0.0,0.0
140,La Liga,2025,542,Alaves,361384,Yusi,Youssef,Enríquez Lekhedim,20.0,Morocco,175,68,https://media.api-sports.io/football/players/361384.png,Defender,25.0,13.0,1347.0,6.63,0.0,1.0,7.0,3.0,535.0,17.0,79.0,17.0,1.0,10.0,23.0,8.0,117.0,54.0,13.0,24.0,7.0,0.0
140,La Liga,2025,542,Alaves,377215,G. Swiderski,Grégoire,Swiderski,20.0,France,187,72,https://media.api-sports.io/football/players/377215.png,Goalkeeper,0.0,0.0,,,0.0,0.0,,,,,,,,,,,,,,,0.0,0.0
140,La Liga,2025,539,Levante,408320,Jorge Cabello,Jorge,Cabello Trujillo,21.0,Spain,180,71,https://media.api-sports.io/football/players/408320.png,Defender,5.0,4.0,364.0,6.36,0.0,0.0,,,123.0,,86.0,7.0,4.0,,2.0,2.0,30.0,18.0,3.0,3.0,1.0,0.0
140,La Liga,2025,531,Athletic Club,47007,Ruíz de Galarreta,Íñigo,Ruíz de Galarreta Etxeberria,32.0,Spain,175,69,https://media.api-sports.io/football/players/47007.png,Midfielder,34.0,30.0,2231.0,7.01,1.0,2.0,10.0,2.0,1239.0,31.0,82.0,60.0,5.0,23.0,50.0,34.0,296.0,160.0,41.0,54.0,10.0,0.0
140,La Liga,2025,531,Athletic Club,47270,Unai Simón,Unai,Simón Mendibil,28.0,Spain,190,88,https://media.api-sports.io/football/players/47270.png,Goalkeeper,37.0,37.0,3330.0,6.88,0.0,0.0,,,1124.0,1.0,58.0,1.0,,,,,17.0,17.0,8.0,,1.0,0.0
140,La Liga,2025,531,Athletic Club,47273,Yuri,Yuri,Berchiche Izeta,35.0,Spain,181,79,https://media.api-sports.io/football/players/47273.png,Defender,32.0,31.0,2709.0,7.05,0.0,6.0,19.0,5.0,1475.0,30.0,87.0,43.0,3.0,35.0,21.0,10.0,238.0,144.0,34.0,26.0,5.0,0.0
140,La Liga,2025,531,Athletic Club,47278,Dani Vivian,Daniel,Vivian Moreno,26.0,Spain,183,78,https://media.api-sports.io/football/players/47278.png,Defender,31.0,28.0,2563.0,6.68,1.0,0.0,13.0,6.0,1349.0,6.0,85.0,55.0,13.0,32.0,6.0,5.0,220.0,107.0,17.0,38.0,8.0,1.0
140,La Liga,2025,539,Levante,47467,José Luis Morales,José Luis,Morales Nogales,38.0,Spain,180,70,https://media.api-sports.io/football/players/47467.png,Attacker,20.0,1.0,383.0,6.69,1.0,1.0,7.0,4.0,126.0,7.0,74.0,10.0,2.0,3.0,17.0,9.0,46.0,25.0,4.0,3.0,1.0,0.0
140,La Liga,2025,539,Levante,104832,Diego Pampín,Diego,Varela Pampín,25.0,Spain,173,65,https://media.api-sports.io/football/players/104832.png,Defender,8.0,6.0,535.0,6.39,0.0,0.0,1.0,,270.0,3.0,85.0,11.0,,6.0,7.0,6.0,56.0,29.0,7.0,8.0,3.0,0.0
140,La Liga,2025,539,Levante,182150,Sergio Lozano,Sergio,Lozano Lluch,26.0,Spain,175,70,https://media.api-sports.io/football/players/182150.png,Midfielder,1.0,0.0,11.0,6.5,0.0,0.0,,,7.0,,100.0,2.0,,,2.0,,5.0,2.0,,,0.0,0.0
140,La Liga,2025,531,Athletic Club,182181,Jesús Areso,Jesús,Areso Blanco,26.0,Spain,182,81,https://media.api-sports.io/football/players/182181.png,Defender,26.0,14.0,1513.0,6.72,0.0,1.0,1.0,,581.0,23.0,83.0,22.0,8.0,18.0,25.0,14.0,126.0,75.0,7.0,19.0,3.0,0.0
140,La Liga,2025,539,Levante,182770,Carlos Álvarez,Carlos,Álvarez Rivera,22.0,Spain,167,75,https://media.api-sports.io/football/players/182770.png,Midfielder,30.0,23.0,1908.0,6.84,3.0,1.0,19.0,11.0,656.0,40.0,80.0,22.0,1.0,13.0,57.0,19.0,223.0,93.0,49.0,22.0,3.0,0.0
140,La Liga,2025,531,Athletic Club,183849,Aitor Paredes,Aitor,Paredes Casamichana,25.0,Spain,186,76,https://media.api-sports.io/football/players/183849.png,Defender,19.0,18.0,1629.0,6.77,2.0,0.0,11.0,4.0,942.0,4.0,87.0,21.0,4.0,29.0,3.0,3.0,104.0,61.0,7.0,19.0,4.0,0.0
140,La Liga,2025,539,Levante,192032,Iván Romero,Iván,Romero de Ávila Araque,24.0,Spain,172,72,https://media.api-sports.io/football/players/192032.png,Attacker,32.0,28.0,2287.0,6.88,7.0,1.0,40.0,18.0,535.0,25.0,73.0,33.0,2.0,12.0,75.0,36.0,365.0,176.0,77.0,40.0,5.0,0.0
140,La Liga,2025,539,Levante,338295,Primo,Alejandro,Primo Hernández,21.0,Spain,187,74,https://media.api-sports.io/football/players/338295.png,Goalkeeper,0.0,0.0,,,0.0,0.0,,,,,,,,,,,,,,,0.0,0.0
140,La Liga,2025,539,Levante,338871,Joan Ruiz,Joan,Ruiz Agustina,22.0,Spain,,,https://media.api-sports.io/football/players/338871.png,Midfielder,0.0,0.0,,,0.0,0.0,,,,,,,,,,,,,,,0.0,0.0
140,La Liga,2025,531,Athletic Club,383780,Mikel Jauregizar,Mikel,Jauregizar Alboniga,22.0,Spain,177,74,https://media.api-sports.io/football/players/383780.png,Midfielder,36.0,34.0,2843.0,6.74,2.0,0.0,20.0,11.0,1344.0,28.0,80.0,68.0,3.0,46.0,29.0,10.0,338.0,158.0,34.0,49.0,5.0,0.0
140,La Liga,2025,539,Levante,407597,M. Krug,Martín Wilhelm,Krug,19.0,Panama,192,,https://media.api-sports.io/football/players/407597.png,Defender,0.0,0.0,,,0.0,0.0,,,,,,,,,,,,,,,0.0,0.0
140,La Liga,2025,539,Levante,421807,M. Moreno,Matías Agustín,Moreno,22.0,Argentina,193,81,https://media.api-sports.io/football/players/421807.png,Defender,28.0,27.0,2266.0,6.83,0.0,0.0,5.0,,1089.0,8.0,85.0,32.0,19.0,38.0,8.0,4.0,183.0,109.0,23.0,23.0,8.0,0.0
140,La Liga,2025,539,Levante,450497,Carlos Espí,Carlos,Espí Escrihuela,20.0,Spain,185,90,https://media.api-sports.io/football/players/450497.png,Attacker,25.0,13.0,1351.0,6.88,11.0,0.0,48.0,24.0,212.0,9.0,65.0,13.0,1.0,9.0,24.0,12.0,198.0,96.0,25.0,31.0,3.0,0.0
140,La Liga,2025,539,Levante,450562,Cayetano,Cayetano,Romero Molina,20.0,Spain,188,,https://media.api-sports.io/football/players/450562.png,Goalkeeper,0.0,0.0,,,0.0,0.0,,,,,,,,,,,,,,,0.0,0.0
140,La Liga,2025,539,Levante,463279,Paco Cortés,Francisco,Cortés Gracia,18.0,Spain,,,https://media.api-sports.io/football/players/463279.png,Attacker,8.0,2.0,476.0,6.57,0.0,0.0,5.0,4.0,104.0,6.0,77.0,4.0,1.0,2.0,23.0,9.0,53.0,20.0,6.0,6.0,2.0,0.0
140,La Liga,2025,539,Levante,504605,Nacho Pérez,Ignacio,Pérez Gómez,17.0,Spain,,,https://media.api-sports.io/football/players/504605.png,Defender,3.0,1.0,147.0,6.6,0.0,0.0,,,49.0,2.0,79.0,4.0,,2.0,,,10.0,5.0,1.0,1.0,1.0,0.0
140,La Liga,2025,536,Sevilla,19172,Ø. Nyland,Ørjan,Håskjold Nyland,35.0,Norway,192,90,https://media.api-sports.io/football/players/19172.png,Goalkeeper,5.0,5.0,450.0,6.6,0.0,0.0,,,139.0,,70.0,,,,,,2.0,1.0,,,1.0,0.0
140,La Liga,2025,531,Athletic Club,30510,Álex Berenguer,Alejandro,Berenguer Remiro,30.0,Spain,175,73,https://media.api-sports.io/football/players/30510.png,Midfielder,31.0,25.0,2164.0,6.62,2.0,3.0,32.0,20.0,768.0,49.0,76.0,28.0,1.0,13.0,59.0,23.0,304.0,119.0,38.0,28.0,4.0,0.0
140,La Liga,2025,531,Athletic Club,47276,Lekue,Íñigo,Lekue Martínez,32.0,Spain,180,70,https://media.api-sports.io/football/players/47276.png,Defender,11.0,8.0,600.0,6.3,0.0,0.0,1.0,1.0,251.0,1.0,77.0,15.0,,4.0,17.0,6.0,67.0,22.0,,12.0,2.0,2.0
140,La Liga,2025,531,Athletic Club,47291,Gorka Guruzeta,Gorka,Guruzeta Rodríguez,29.0,Spain,188,77,https://media.api-sports.io/football/players/47291.png,Attacker,35.0,28.0,2371.0,6.56,10.0,3.0,65.0,32.0,522.0,26.0,67.0,19.0,2.0,12.0,34.0,7.0,351.0,134.0,30.0,49.0,5.0,0.0
140,La Liga,2025,531,Athletic Club,47294,I. Williams,Iñaki Arthuer,Dannis Williams,31.0,Ghana,186,81,https://media.api-sports.io/football/players/47294.png,Midfielder,30.0,25.0,2168.0,6.6,3.0,6.0,39.0,20.0,496.0,26.0,69.0,12.0,2.0,8.0,55.0,12.0,226.0,77.0,23.0,28.0,2.0,0.0
140,La Liga,2025,531,Athletic Club,47299,Gorosabel,Andoni,Gorosabel Espinosa,29.0,Spain,174,70,https://media.api-sports.io/football/players/47299.png,Defender,24.0,15.0,1359.0,6.59,0.0,1.0,5.0,1.0,555.0,16.0,85.0,37.0,2.0,16.0,20.0,12.0,133.0,74.0,12.0,13.0,3.0,0.0
140,La Liga,2025,531,Athletic Club,47418,Mikel Vesga,Mikel,Vesga Arruti,32.0,Spain,191,83,https://media.api-sports.io/football/players/47418.png,Midfielder,23.0,1.0,459.0,6.6,0.0,0.0,3.0,,283.0,4.0,76.0,18.0,,9.0,9.0,7.0,84.0,46.0,7.0,8.0,0.0,0.0
140,La Liga,2025,531,Athletic Club,84086,Robert Navarro,Roberto,Navarro Muñoz,23.0,Spain,178,65,https://media.api-sports.io/football/players/84086.png,Midfielder,32.0,10.0,1311.0,6.68,6.0,1.0,18.0,9.0,416.0,24.0,80.0,16.0,1.0,7.0,54.0,23.0,183.0,64.0,16.0,18.0,1.0,0.0
140,La Liga,2025,531,Athletic Club,182639,Unai Vencedor,Unai,Vencedor Paris,25.0,Spain,176,71,https://media.api-sports.io/football/players/182639.png,Midfielder,0.0,0.0,,,0.0,0.0,,,,,,,,,,,,,,,0.0,0.0
140,La Liga,2025,539,Levante,182639,Unai Vencedor,Unai,Vencedor Paris,25.0,Spain,176,71,https://media.api-sports.io/football/players/182639.png,Midfielder,16.0,11.0,818.0,6.74,0.0,0.0,,,416.0,12.0,81.0,22.0,5.0,6.0,7.0,4.0,109.0,48.0,8.0,24.0,3.0,1.0
140,La Liga,2025,536,Sevilla,182772,Juanlu Sánchez,Juan Luis,Sánchez Velasco,22.0,Spain,183,68,https://media.api-sports.io/football/players/182772.png,Defender,32.0,23.0,2002.0,6.65,0.0,3.0,7.0,1.0,763.0,22.0,83.0,64.0,,12.0,51.0,27.0,269.0,151.0,42.0,23.0,5.0,0.0
140,La Liga,2025,531,Athletic Club,183776,Urko Izeta,Urko,Iruretagoiena Lertxundi,26.0,Spain,175,70,https://media.api-sports.io/football/players/183776.png,Attacker,13.0,1.0,189.0,6.45,1.0,0.0,9.0,5.0,60.0,2.0,71.0,2.0,,,3.0,1.0,26.0,7.0,1.0,5.0,2.0,0.0
140,La Liga,2025,531,Athletic Club,183799,Nico Williams,Nicholas,Williams Arthuer,23.0,Spain,181,67,https://media.api-sports.io/football/players/183799.png,Midfielder,25.0,20.0,1687.0,6.97,6.0,3.0,34.0,16.0,567.0,34.0,77.0,15.0,,7.0,145.0,67.0,282.0,119.0,29.0,26.0,2.0,0.0
140,La Liga,2025,531,Athletic Club,286593,Nico Serrano,Nicolás,Serrano Galdeano,22.0,Spain,181,72,https://media.api-sports.io/football/players/286593.png,Attacker,16.0,4.0,365.0,6.69,1.0,0.0,8.0,4.0,123.0,10.0,80.0,6.0,,2.0,19.0,7.0,61.0,23.0,8.0,10.0,0.0,0.0
140,La Liga,2025,531,Athletic Club,287680,Maroan Sannadi,Maroan,Sannadi Harrouch,24.0,Spain,192,78,https://media.api-sports.io/football/players/287680.png,Attacker,10.0,2.0,281.0,6.46,1.0,0.0,6.0,4.0,70.0,3.0,71.0,1.0,,1.0,5.0,1.0,42.0,18.0,5.0,8.0,1.0,0.0
140,La Liga,2025,536,Sevilla,297311,Kike Salas,Enrique Jesús,Salas Valiente,23.0,Spain,188,80,https://media.api-sports.io/football/players/297311.png,Defender,26.0,24.0,2208.0,6.99,2.0,0.0,13.0,8.0,1369.0,7.0,80.0,59.0,18.0,37.0,13.0,8.0,277.0,177.0,20.0,31.0,1.0,0.0
140,La Liga,2025,531,Athletic Club,312468,Álex Padilla,Alejandro,Padilla Pérez,22.0,Spain,190,83,https://media.api-sports.io/football/players/312468.png,Goalkeeper,1.0,1.0,90.0,5.2,0.0,0.0,,,31.0,,,,,,,,,,,,0.0,1.0
140,La Liga,2025,531,Athletic Club,332309,Alejandro Rego,Alejandro,Rego Mora,22.0,Spain,192,,https://media.api-sports.io/football/players/332309.png,Midfielder,29.0,11.0,1266.0,6.73,1.0,1.0,6.0,3.0,539.0,11.0,82.0,42.0,5.0,24.0,19.0,9.0,148.0,71.0,6.0,40.0,6.0,0.0
140,La Liga,2025,531,Athletic Club,335490,Jon de Luis,Jon,de Luis Suescun,22.0,Spain,183,,https://media.api-sports.io/football/players/335490.png,Defender,0.0,0.0,,,0.0,0.0,,,,,,,,,,,,,,,0.0,0.0
140,La Liga,2025,531,Athletic Club,336998,A. Boiro,Adama,Boiro Boiro,23.0,Senegal,183,75,https://media.api-sports.io/football/players/336998.png,Defender,14.0,8.0,819.0,6.48,0.0,0.0,1.0,,340.0,3.0,87.0,18.0,1.0,17.0,16.0,8.0,81.0,48.0,11.0,6.0,1.0,0.0
140,La Liga,2025,536,Sevilla,338902,Andrés Castrín,Andrés,López Gallo,22.0,Spain,188,83,https://media.api-sports.io/football/players/338902.png,Defender,19.0,13.0,1281.0,6.99,1.0,0.0,9.0,3.0,749.0,2.0,86.0,26.0,14.0,20.0,11.0,9.0,121.0,75.0,13.0,13.0,4.0,0.0
140,La Liga,2025,536,Sevilla,433,Marcão,Marcos,do Nascimento Teixeira,29.0,Brazil,185,80,https://media.api-sports.io/football/players/433.png,Defender,13.0,11.0,943.0,6.66,0.0,0.0,6.0,2.0,466.0,,87.0,13.0,5.0,5.0,1.0,1.0,111.0,62.0,21.0,22.0,3.0,0.0
140,La Liga,2025,536,Sevilla,957,D. Sow,Mohameth Djibril Ibrahima,Sow,28.0,Switzerland,183,76,https://media.api-sports.io/football/players/957.png,Midfielder,33.0,27.0,2195.0,6.77,5.0,4.0,15.0,8.0,950.0,24.0,89.0,45.0,2.0,22.0,14.0,7.0,188.0,96.0,29.0,42.0,6.0,0.0
140,La Liga,2025,536,Sevilla,1489,N. Gudelj,Nemanja,Gudelj,34.0,Serbia,187,79,https://media.api-sports.io/football/players/1489.png,Midfielder,34.0,26.0,2370.0,6.69,2.0,0.0,25.0,9.0,1106.0,7.0,88.0,35.0,18.0,25.0,11.0,5.0,186.0,94.0,11.0,40.0,9.0,0.0
140,La Liga,2025,536,Sevilla,2924,A. Januzaj,Adnan,Januzaj,30.0,Belgium,186,76,https://media.api-sports.io/football/players/2924.png,Midfielder,12.0,2.0,320.0,6.76,0.0,0.0,2.0,,129.0,11.0,87.0,5.0,,1.0,19.0,8.0,47.0,23.0,10.0,8.0,1.0,0.0
140,La Liga,2025,536,Sevilla,21004,L. Agoumé,Lucien Jefferson,Agoumé,23.0,France,185,72,https://media.api-sports.io/football/players/21004.png,Midfielder,34.0,31.0,2693.0,6.81,1.0,3.0,9.0,2.0,1302.0,29.0,81.0,70.0,5.0,48.0,22.0,11.0,298.0,151.0,16.0,58.0,11.0,0.0
140,La Liga,2025,538,Celta Vigo,30765,I. Radu,Ionuț Andrei,Radu,28.0,Romania,188,70,https://media.api-sports.io/football/players/30765.png,Goalkeeper,38.0,38.0,3420.0,6.99,0.0,0.0,,,969.0,1.0,68.0,,,1.0,1.0,1.0,13.0,12.0,8.0,,2.0,0.0
140,La Liga,2025,536,Sevilla,39121,C. Ejuke,Chidera,Ejuke,27.0,Nigeria,176,72,https://media.api-sports.io/football/players/39121.png,Attacker,27.0,6.0,954.0,6.8,1.0,1.0,12.0,3.0,360.0,13.0,83.0,19.0,1.0,6.0,92.0,57.0,168.0,97.0,16.0,5.0,0.0,0.0
140,La Liga,2025,536,Sevilla,47329,Adrià Pedrosa,Adrià,Giner Pedrosa,27.0,Spain,176,69,https://media.api-sports.io/football/players/47329.png,Defender,1.0,0.0,13.0,6.9,0.0,0.0,,,6.0,1.0,100.0,1.0,,,,,2.0,2.0,1.0,,0.0,0.0
140,La Liga,2025,797,Elche,47329,Adrià Pedrosa,Adrià,Giner Pedrosa,27.0,Spain,176,69,https://media.api-sports.io/football/players/47329.png,Midfielder,26.0,8.0,1079.0,6.54,1.0,1.0,7.0,3.0,415.0,22.0,83.0,33.0,2.0,15.0,28.0,5.0,127.0,53.0,8.0,18.0,4.0,0.0
140,La Liga,2025,536,Sevilla,57446,A. Adams,Akor Jerome,Adams,25.0,Nigeria,190,92,https://media.api-sports.io/football/players/57446.png,Attacker,32.0,21.0,2070.0,6.74,10.0,3.0,48.0,30.0,357.0,13.0,63.0,8.0,4.0,1.0,28.0,16.0,245.0,92.0,12.0,36.0,3.0,0.0
140,La Liga,2025,536,Sevilla,162126,Peque Fernández,Gerard,Fernández Castellano,23.0,Spain,172,66,https://media.api-sports.io/football/players/162126.png,Attacker,26.0,12.0,1012.0,6.75,2.0,1.0,11.0,6.0,364.0,15.0,81.0,13.0,1.0,1.0,44.0,18.0,175.0,96.0,48.0,15.0,7.0,0.0
140,La Liga,2025,536,Sevilla,185398,Isaac,Isaac,Romero Bernal,25.0,Spain,184,70,https://media.api-sports.io/football/players/185398.png,Attacker,29.0,18.0,1498.0,6.44,4.0,0.0,33.0,14.0,336.0,14.0,72.0,16.0,1.0,6.0,44.0,10.0,208.0,72.0,24.0,29.0,6.0,1.0
140,La Liga,2025,536,Sevilla,195923,José Ángel Carmona,José Ángel,Carmona Navarro,23.0,Spain,184,80,https://media.api-sports.io/football/players/195923.png,Defender,35.0,29.0,2564.0,6.71,1.0,3.0,13.0,3.0,1164.0,22.0,81.0,65.0,9.0,39.0,42.0,19.0,318.0,172.0,44.0,49.0,13.0,0.0
140,La Liga,2025,536,Sevilla,290686,Rafael Romero,Rafael,Romero,22.0,Spain,192,75,https://media.api-sports.io/football/players/290686.png,Goalkeeper,0.0,0.0,,,0.0,0.0,,,,,,,,,,,,,,,0.0,0.0
140,La Liga,2025,536,Sevilla,308346,Alberto Flores,Alberto,Flores López,22.0,Spain,186,80,https://media.api-sports.io/football/players/308346.png,Goalkeeper,0.0,0.0,,,0.0,0.0,,,,,,,,,,,,,,,0.0,0.0
140,La Liga,2025,538,Celta Vigo,329722,Yoel Lago,Yoel,Lago Amil,21.0,Spain,185,70,https://media.api-sports.io/football/players/329722.png,Defender,12.0,11.0,947.0,6.75,0.0,0.0,1.0,,540.0,2.0,91.0,19.0,10.0,7.0,2.0,2.0,76.0,45.0,14.0,17.0,4.0,0.0
140,La Liga,2025,536,Sevilla,331607,Manu Bueno,Manuel,Bueno Sebastián,21.0,Spain,178,73,https://media.api-sports.io/football/players/331607.png,Midfielder,8.0,2.0,279.0,6.63,0.0,0.0,2.0,,108.0,2.0,85.0,3.0,,,1.0,1.0,17.0,8.0,3.0,4.0,2.0,0.0
140,La Liga,2025,536,Sevilla,340152,S. Idumbo-Muzambo,Stanis,Idumbo-Muzambo,20.0,Belgium,170,60,https://media.api-sports.io/football/players/340152.png,Midfielder,1.0,1.0,45.0,6.5,0.0,0.0,,,11.0,1.0,63.0,1.0,,,1.0,,4.0,1.0,,,0.0,0.0
140,La Liga,2025,538,Celta Vigo,384135,Javi Rodríguez,Javier,Rodríguez Galiano,22.0,Spain,178,70,https://media.api-sports.io/football/players/384135.png,Defender,33.0,28.0,2562.0,6.77,0.0,1.0,10.0,2.0,1842.0,10.0,90.0,38.0,18.0,26.0,16.0,8.0,205.0,105.0,33.0,33.0,5.0,0.0
140,La Liga,2025,536,Sevilla,443593,Eduardo Altozano Agudo,Eduardo,Altozano Agudo,19.0,Spain,,,https://media.api-sports.io/football/players/443593.png,Midfielder,0.0,0.0,,,0.0,0.0,,,,,,,,,,,,,,,0.0,0.0
140,La Liga,2025,536,Sevilla,546798,M. Sierra,,,21.0,,,,https://media.api-sports.io/football/players/546798.png,Attacker,4.0,0.0,63.0,6.65,0.0,0.0,4.0,1.0,24.0,,62.0,4.0,,,2.0,2.0,13.0,9.0,3.0,1.0,0.0,0.0
140,La Liga,2025,538,Celta Vigo,2278,Marcos Alonso,Marcos,Alonso Mendoza,35.0,Spain,188,84,https://media.api-sports.io/football/players/2278.png,Defender,32.0,31.0,2770.0,7.06,1.0,0.0,13.0,3.0,2379.0,13.0,90.0,41.0,17.0,29.0,23.0,17.0,217.0,126.0,20.0,23.0,5.0,0.0
140,La Liga,2025,538,Celta Vigo,21584,M. Ristić,Mihailo,Ristić,30.0,Serbia,180,75,https://media.api-sports.io/football/players/21584.png,Midfielder,5.0,4.0,256.0,6.73,0.0,0.0,,,146.0,2.0,83.0,1.0,2.0,2.0,9.0,6.0,19.0,10.0,2.0,,0.0,0.0
140,La Liga,2025,538,Celta Vigo,47348,Borja Iglesias,Borja,Iglesias Quintás,32.0,Spain,187,86,https://media.api-sports.io/football/players/47348.png,Attacker,35.0,21.0,1903.0,6.75,14.0,2.0,38.0,26.0,458.0,17.0,72.0,8.0,5.0,1.0,22.0,12.0,180.0,69.0,30.0,38.0,7.0,0.0
140,La Liga,2025,538,Celta Vigo,47427,Iván Villar,Iván,Villar Martínez,28.0,Spain,186,76,https://media.api-sports.io/football/players/47427.png,Goalkeeper,0.0,0.0,,,0.0,0.0,,,,,,,,,,,,,,,0.0,0.0
140,La Liga,2025,538,Celta Vigo,47435,Fran Beltrán,Francisco José,Beltrán Peinado,26.0,Spain,170,66,https://media.api-sports.io/football/players/47435.png,Midfielder,10.0,7.0,542.0,6.63,0.0,0.0,4.0,1.0,317.0,1.0,90.0,7.0,2.0,7.0,3.0,2.0,37.0,14.0,3.0,10.0,0.0,0.0
140,La Liga,2025,547,Girona,47435,Fran Beltrán,Francisco José,Beltrán Peinado,26.0,Spain,170,66,https://media.api-sports.io/football/players/47435.png,Midfielder,17.0,11.0,1020.0,6.94,1.0,0.0,5.0,3.0,738.0,12.0,91.0,27.0,4.0,10.0,7.0,4.0,100.0,48.0,9.0,10.0,3.0,0.0
140,La Liga,2025,538,Celta Vigo,47445,Iago Aspas,Iago,Aspas Juncal,38.0,Spain,176,67,https://media.api-sports.io/football/players/47445.png,Attacker,32.0,11.0,1155.0,6.85,5.0,3.0,23.0,12.0,635.0,31.0,78.0,15.0,,12.0,20.0,12.0,97.0,47.0,17.0,5.0,4.0,0.0
140,La Liga,2025,538,Celta Vigo,122734,Ferran Jutglà,Ferran,Jutglà Blanch,26.0,Spain,176,75,https://media.api-sports.io/football/players/122734.png,Attacker,30.0,21.0,1669.0,6.89,9.0,3.0,41.0,26.0,419.0,16.0,77.0,12.0,1.0,8.0,54.0,21.0,191.0,80.0,30.0,24.0,4.0,0.0
140,La Liga,2025,538,Celta Vigo,157988,Sergio Carreira,Sergio,Carreira Vilariño,25.0,Spain,170,70,https://media.api-sports.io/football/players/157988.png,Defender,34.0,29.0,2693.0,6.8,2.0,1.0,11.0,7.0,1511.0,19.0,85.0,32.0,3.0,24.0,54.0,26.0,202.0,104.0,36.0,20.0,2.0,0.0
140,La Liga,2025,538,Celta Vigo,162123,I. Moriba,Moriba,Kourouma Kourouma,22.0,Guinea,165,73,https://media.api-sports.io/football/players/162123.png,Midfielder,36.0,26.0,2495.0,6.82,2.0,3.0,14.0,5.0,1043.0,17.0,88.0,87.0,7.0,25.0,28.0,13.0,306.0,173.0,58.0,40.0,8.0,0.0
140,La Liga,2025,538,Celta Vigo,162712,Óscar Mingueza,Óscar,Mingueza García,26.0,Spain,184,75,https://media.api-sports.io/football/players/162712.png,Midfielder,34.0,21.0,1967.0,6.93,1.0,4.0,10.0,5.0,1236.0,32.0,85.0,42.0,5.0,9.0,29.0,15.0,185.0,99.0,28.0,15.0,4.0,0.0
140,La Liga,2025,538,Celta Vigo,179955,Javi Rueda,Javier,Rueda García,23.0,Spain,177,74,https://media.api-sports.io/football/players/179955.png,Defender,26.0,16.0,1410.0,6.78,2.0,6.0,9.0,3.0,532.0,14.0,76.0,19.0,6.0,21.0,41.0,21.0,148.0,69.0,21.0,25.0,6.0,0.0
140,La Liga,2025,538,Celta Vigo,182638,Manu Fernández,Manuel,Fernández Arroyo,24.0,Spain,,,https://media.api-sports.io/football/players/182638.png,Defender,14.0,9.0,765.0,6.67,0.0,0.0,2.0,,504.0,3.0,90.0,13.0,3.0,8.0,2.0,1.0,46.0,28.0,7.0,8.0,2.0,0.0
140,La Liga,2025,538,Celta Vigo,269163,W. Swedberg,Williot Theo,Swedberg,21.0,Sweden,187,78,https://media.api-sports.io/football/players/269163.png,Attacker,29.0,13.0,1268.0,6.73,5.0,5.0,17.0,12.0,294.0,10.0,77.0,28.0,2.0,4.0,27.0,10.0,169.0,74.0,34.0,30.0,2.0,0.0
140,La Liga,2025,538,Celta Vigo,286559,Carlos Domínguez,Carlos,Domínguez Cáceres,24.0,Spain,187,81,https://media.api-sports.io/football/players/286559.png,Defender,8.0,6.0,610.0,6.69,0.0,0.0,2.0,1.0,442.0,1.0,91.0,13.0,5.0,5.0,2.0,,46.0,28.0,1.0,6.0,1.0,0.0
140,La Liga,2025,538,Celta Vigo,286639,Bryan Zaragoza,Bryan,Zaragoza Martínez,24.0,Spain,164,61,https://media.api-sports.io/football/players/286639.png,Attacker,19.0,13.0,1135.0,6.9,1.0,1.0,20.0,12.0,334.0,18.0,77.0,10.0,,2.0,70.0,27.0,129.0,55.0,17.0,7.0,1.0,0.0
140,La Liga,2025,538,Celta Vigo,313651,Hugo Sotelo,Hugo,Sotelo Gómez,22.0,Spain,180,75,https://media.api-sports.io/football/players/313651.png,Midfielder,20.0,16.0,1342.0,7.02,0.0,2.0,2.0,1.0,995.0,26.0,92.0,30.0,9.0,13.0,4.0,2.0,101.0,48.0,13.0,27.0,3.0,0.0
140,La Liga,2025,538,Celta Vigo,320517,Pablo Durán,Pablo,Durán Fernández,24.0,Spain,176,72,https://media.api-sports.io/football/players/320517.png,Attacker,30.0,17.0,1432.0,6.6,2.0,2.0,25.0,15.0,362.0,10.0,72.0,16.0,3.0,7.0,30.0,7.0,125.0,48.0,12.0,15.0,1.0,0.0
140,La Liga,2025,538,Celta Vigo,329720,Hugo Álvarez,Hugo,Álvarez Antúnez,22.0,Spain,176,72,https://media.api-sports.io/football/players/329720.png,Midfielder,28.0,15.0,1343.0,6.76,4.0,2.0,11.0,8.0,611.0,25.0,85.0,15.0,,10.0,43.0,16.0,121.0,49.0,17.0,16.0,2.0,0.0
140,La Liga,2025,538,Celta Vigo,333502,Miguel Román,Miguel,Román González,23.0,Spain,178,70,https://media.api-sports.io/football/players/333502.png,Midfielder,19.0,14.0,1310.0,6.95,1.0,0.0,5.0,1.0,748.0,17.0,87.0,26.0,7.0,12.0,12.0,3.0,106.0,50.0,11.0,20.0,3.0,0.0
140,La Liga,2025,538,Celta Vigo,351913,J. El Abdellaoui,Jones,El Abdellaoui,19.0,Norway,184,72,https://media.api-sports.io/football/players/351913.png,Attacker,22.0,4.0,683.0,6.62,2.0,0.0,11.0,4.0,143.0,9.0,83.0,5.0,,3.0,27.0,11.0,74.0,25.0,3.0,7.0,0.0,0.0
140,La Liga,2025,797,Elche,11346,M. Dituro,Matías Ezequiel,Dituro Curto,38.0,Argentina,191,86,https://media.api-sports.io/football/players/11346.png,Goalkeeper,22.0,22.0,1980.0,7.39,0.0,0.0,,,1180.0,3.0,75.0,,,1.0,,,23.0,18.0,7.0,,1.0,0.0
140,La Liga,2025,546,Getafe,18867,Diego Rico,Diego,Rico Salguero,32.0,Spain,183,76,https://media.api-sports.io/football/players/18867.png,Defender,28.0,18.0,1767.0,6.66,0.0,0.0,8.0,1.0,588.0,11.0,63.0,46.0,3.0,30.0,15.0,6.0,198.0,109.0,35.0,22.0,4.0,0.0
140,La Liga,2025,546,Getafe,47085,Luis Milla,Luis,Milla Manzanares,31.0,Spain,175,67,https://media.api-sports.io/football/players/47085.png,Midfielder,37.0,37.0,3273.0,7.04,1.0,10.0,15.0,4.0,1383.0,80.0,77.0,59.0,7.0,42.0,39.0,21.0,321.0,173.0,43.0,32.0,4.0,1.0
140,La Liga,2025,546,Getafe,47247,David Soria,David,Soria Solís,32.0,Spain,192,83,https://media.api-sports.io/football/players/47247.png,Goalkeeper,38.0,38.0,3420.0,7.19,0.0,0.0,,,1121.0,1.0,45.0,,,,,,6.0,5.0,3.0,,2.0,0.0
140,La Liga,2025,546,Getafe,47250,D. Dakonam,Djené,Dakonam Ortega,34.0,Togo,178,71,https://media.api-sports.io/football/players/47250.png,Defender,34.0,32.0,2585.0,6.61,0.0,0.0,2.0,,795.0,2.0,78.0,35.0,10.0,37.0,9.0,8.0,197.0,112.0,26.0,35.0,10.0,2.0
140,La Liga,2025,546,Getafe,47258,M. Arambarri,Mauro Wilney,Arambarri Rosa,30.0,Uruguay,175,71,https://media.api-sports.io/football/players/47258.png,Midfielder,37.0,37.0,3255.0,6.73,6.0,2.0,45.0,19.0,800.0,22.0,75.0,68.0,6.0,22.0,62.0,30.0,454.0,221.0,67.0,60.0,6.0,0.0
140,La Liga,2025,546,Getafe,47306,Álex Sola,Alejandro,Sola López-Ocaña,26.0,Spain,178,75,https://media.api-sports.io/football/players/47306.png,Midfielder,1.0,0.0,12.0,6.7,0.0,0.0,,,,,,,,,2.0,,5.0,2.0,2.0,,0.0,0.0
140,La Liga,2025,546,Getafe,66491,J. Letáček,Jiří,Letáček,26.0,Czechia,196,77,https://media.api-sports.io/football/players/66491.png,Goalkeeper,0.0,0.0,,,0.0,0.0,,,,,,,,,,,,,,,0.0,0.0
140,La Liga,2025,546,Getafe,119742,Juan Iglesias,Juan Antonio,Iglesias Sánchez,27.0,Spain,187,77,https://media.api-sports.io/football/players/119742.png,Defender,37.0,36.0,3189.0,6.87,1.0,2.0,12.0,5.0,863.0,18.0,64.0,112.0,12.0,26.0,58.0,30.0,437.0,245.0,70.0,63.0,4.0,0.0
140,La Liga,2025,797,Elche,182661,Álvaro Núñez,Álvaro,Núñez Cobo,25.0,Spain,174,60,https://media.api-sports.io/football/players/182661.png,Defender,19.0,19.0,1652.0,6.97,0.0,2.0,1.0,,989.0,21.0,91.0,24.0,6.0,16.0,22.0,14.0,123.0,64.0,17.0,12.0,2.0,0.0
140,La Liga,2025,538,Celta Vigo,182661,Álvaro Núñez,Álvaro,Núñez Cobo,25.0,Spain,174,60,https://media.api-sports.io/football/players/182661.png,Defender,6.0,5.0,332.0,6.72,0.0,0.0,1.0,1.0,231.0,1.0,91.0,5.0,2.0,,1.0,1.0,18.0,13.0,5.0,2.0,0.0,0.0
140,La Liga,2025,546,Getafe,270516,Peter,Peter Federico,González Carmona,23.0,Spain,180,68,https://media.api-sports.io/football/players/270516.png,Attacker,0.0,0.0,,,0.0,0.0,,,,,,,,,,,,,,,0.0,0.0
140,La Liga,2025,546,Getafe,297235,Marc Vilaplana,Marc,Vilaplana Dachs,22.0,Spain,188,,https://media.api-sports.io/football/players/297235.png,Defender,0.0,0.0,,,0.0,0.0,,,,,,,,,,,,,,,0.0,0.0
140,La Liga,2025,546,Getafe,309364,Coba,Coba,Gomes da Costa,23.0,Spain,182,73,https://media.api-sports.io/football/players/309364.png,Attacker,14.0,2.0,361.0,6.63,0.0,0.0,4.0,1.0,132.0,4.0,68.0,10.0,,1.0,20.0,10.0,83.0,44.0,6.0,8.0,1.0,0.0
140,La Liga,2025,546,Getafe,333369,Joselu,José Luis,Pérez del Amo,21.0,Spain,,,https://media.api-sports.io/football/players/333369.png,Attacker,2.0,0.0,20.0,6.6,0.0,0.0,1.0,,4.0,,,,,,,,8.0,4.0,2.0,1.0,0.0,0.0
140,La Liga,2025,546,Getafe,343205,Mario Martín,Mario,Martín Rielves,21.0,Spain,178,74,https://media.api-sports.io/football/players/343205.png,Midfielder,35.0,26.0,2135.0,6.48,2.0,1.0,15.0,6.0,569.0,8.0,72.0,56.0,5.0,16.0,35.0,13.0,444.0,177.0,34.0,72.0,11.0,0.0
140,La Liga,2025,546,Getafe,394573,Adrian Liso,Adrian,Liso Lahoz,20.0,Spain,182,70,https://media.api-sports.io/football/players/394573.png,Attacker,28.0,21.0,1723.0,6.58,3.0,0.0,16.0,10.0,273.0,4.0,69.0,29.0,2.0,4.0,47.0,15.0,315.0,122.0,43.0,39.0,4.0,0.0
140,La Liga,2025,546,Getafe,403554,Christantus Uche,Christantus Ugonna,Uche,22.0,Spain,190,84,https://media.api-sports.io/football/players/403554.png,Attacker,3.0,3.0,270.0,7.17,1.0,1.0,4.0,1.0,43.0,4.0,62.0,2.0,,,16.0,7.0,59.0,25.0,8.0,10.0,1.0,0.0
140,La Liga,2025,546,Getafe,439617,Z. Tassounte,Ismael,Bekhoucha Lemlal,21.0,Morocco,176,69,https://media.api-sports.io/football/players/439617.png,Defender,4.0,1.0,120.0,6.7,0.0,1.0,,,19.0,1.0,63.0,6.0,,2.0,3.0,2.0,27.0,11.0,3.0,7.0,2.0,0.0
140,La Liga,2025,546,Getafe,471478,Davinchi,David,Cordón Mancha,18.0,Spain,182,,https://media.api-sports.io/football/players/471478.png,Defender,14.0,7.0,698.0,6.35,0.0,0.0,3.0,2.0,212.0,3.0,58.0,26.0,1.0,6.0,19.0,10.0,106.0,47.0,2.0,27.0,2.0,0.0
140,La Liga,2025,546,Getafe,551460,A. R. Alcantara,,,20.0,,,,https://media.api-sports.io/football/players/551460.png,Midfielder,0.0,0.0,,,0.0,0.0,,,,,,,,,,,,,,,0.0,0.0
140,La Liga,2025,543,Real Betis,1557,Pau López,Pau,López Sabata,31.0,Spain,189,77,https://media.api-sports.io/football/players/1557.png,Goalkeeper,9.0,9.0,810.0,7.12,0.0,0.0,,,244.0,,76.0,1.0,,,,,6.0,5.0,2.0,,1.0,0.0
140,La Liga,2025,797,Elche,8746,Bambo Diaby,Bambo,Diaby Diaby,28.0,Spain,186,81,https://media.api-sports.io/football/players/8746.png,Defender,4.0,1.0,107.0,6.18,0.0,0.0,,,62.0,,95.0,,,1.0,,,15.0,5.0,3.0,3.0,1.0,0.0
140,La Liga,2025,797,Elche,46711,Aleix Febas,Aleix,Febas Pérez,29.0,Spain,171,61,https://media.api-sports.io/football/players/46711.png,Midfielder,36.0,36.0,3166.0,7.16,2.0,2.0,14.0,8.0,1959.0,27.0,89.0,77.0,4.0,27.0,92.0,54.0,414.0,254.0,117.0,34.0,10.0,0.0
140,La Liga,2025,797,Elche,46771,Jairo Izquierdo,Jairo,Izquierdo González,32.0,Spain,165,64,https://media.api-sports.io/football/players/46771.png,Defender,1.0,0.0,25.0,6.7,0.0,0.0,,,13.0,,84.0,,,,,,1.0,,,,0.0,0.0
140,La Liga,2025,797,Elche,47378,Bigas,Pedro,Bigas Rigo,35.0,Spain,181,83,https://media.api-sports.io/football/players/47378.png,Defender,28.0,25.0,2068.0,6.9,1.0,3.0,8.0,3.0,1503.0,15.0,88.0,34.0,19.0,30.0,8.0,4.0,181.0,106.0,19.0,24.0,4.0,0.0
140,La Liga,2025,797,Elche,119223,Mourad,Mourad,Daoudi El Ghezouani,27.0,Spain,189,85,https://media.api-sports.io/football/players/119223.png,Attacker,2.0,0.0,50.0,6.65,0.0,0.0,,,15.0,1.0,73.0,4.0,,,,,9.0,7.0,1.0,1.0,0.0,0.0
140,La Liga,2025,797,Elche,126640,D. Affengruber,David,Affengruber,24.0,Austria,185,79,https://media.api-sports.io/football/players/126640.png,Defender,36.0,33.0,2953.0,6.93,1.0,1.0,13.0,4.0,2074.0,8.0,87.0,74.0,26.0,51.0,17.0,12.0,290.0,185.0,35.0,34.0,7.0,1.0
140,La Liga,2025,797,Elche,157146,L. Pétrot,Léo,Pétrot,28.0,France,188,80,https://media.api-sports.io/football/players/157146.png,Defender,32.0,18.0,1615.0,6.65,0.0,0.0,4.0,,950.0,2.0,86.0,37.0,15.0,15.0,7.0,3.0,134.0,80.0,6.0,19.0,2.0,1.0
140,La Liga,2025,797,Elche,161963,Germán Valera,Germán,Valera Karabinaite,23.0,Spain,170,68,https://media.api-sports.io/football/players/161963.png,Attacker,36.0,33.0,2874.0,6.95,4.0,5.0,21.0,8.0,1153.0,46.0,87.0,55.0,8.0,23.0,79.0,38.0,313.0,176.0,71.0,40.0,4.0,1.0
140,La Liga,2025,797,Elche,162058,Víctor Chust,Víctor,Chust García,25.0,Spain,182,77,https://media.api-sports.io/football/players/162058.png,Defender,31.0,22.0,2165.0,6.89,1.0,0.0,9.0,3.0,1519.0,5.0,90.0,63.0,18.0,20.0,12.0,8.0,210.0,110.0,10.0,38.0,8.0,0.0
140,La Liga,2025,797,Elche,187318,Marc Aguado,Marc,Aguado Pallares,25.0,Spain,178,68,https://media.api-sports.io/football/players/187318.png,Midfielder,35.0,30.0,2522.0,6.8,1.0,2.0,2.0,2.0,1325.0,11.0,90.0,48.0,21.0,43.0,1.0,,137.0,79.0,23.0,25.0,3.0,0.0
140,La Liga,2025,797,Elche,189866,John Nwankwo,John Chetauya,Nwankwo Donald Okeh,25.0,Spain,182,78,https://media.api-sports.io/football/players/189866.png,Defender,21.0,6.0,683.0,6.58,1.0,0.0,5.0,2.0,291.0,1.0,88.0,16.0,1.0,7.0,6.0,2.0,80.0,38.0,6.0,18.0,3.0,0.0
140,La Liga,2025,797,Elche,271580,Martim Neto,Martim,Carvalho Neto,22.0,Portugal,185,82,https://media.api-sports.io/football/players/271580.png,Midfielder,25.0,15.0,1353.0,6.82,2.0,5.0,10.0,4.0,606.0,26.0,87.0,21.0,1.0,2.0,31.0,21.0,121.0,58.0,11.0,19.0,3.0,0.0
140,La Liga,2025,797,Elche,311345,F. Redondo,Federico,Redondo Solari,22.0,Argentina,188,78,https://media.api-sports.io/football/players/311345.png,Midfielder,11.0,1.0,217.0,6.62,0.0,0.0,1.0,,134.0,1.0,88.0,6.0,,5.0,2.0,,26.0,13.0,5.0,8.0,0.0,0.0
140,La Liga,2025,797,Elche,315604,Alejandro Iturbe,Alejandro,Iturbe Encabo,22.0,Spain,186,74,https://media.api-sports.io/football/players/315604.png,Goalkeeper,0.0,0.0,,,0.0,0.0,,,,,,,,,,,,,,,0.0,0.0
140,La Liga,2025,797,Elche,341371,Rodrigo Mendoza,Rodrigo,Mendoza Martinez Moya,20.0,Spain,182,72,https://media.api-sports.io/football/players/341371.png,Attacker,16.0,6.0,790.0,6.64,1.0,0.0,6.0,2.0,402.0,10.0,85.0,12.0,,4.0,28.0,14.0,111.0,44.0,16.0,19.0,4.0,0.0
140,La Liga,2025,530,Atletico Madrid,341371,Rodrigo Mendoza,Rodrigo,Mendoza Martinez Moya,20.0,Spain,182,72,https://media.api-sports.io/football/players/341371.png,Midfielder,8.0,8.0,441.0,6.5,0.0,1.0,4.0,2.0,240.0,5.0,85.0,4.0,2.0,,7.0,4.0,50.0,20.0,7.0,11.0,2.0,0.0
140,La Liga,2025,797,Elche,343202,Á. Rodríguez,Álvaro Daniel,Rodríguez Muñoz,21.0,Uruguay,192,81,https://media.api-sports.io/football/players/343202.png,Attacker,34.0,24.0,2200.0,6.94,7.0,5.0,64.0,24.0,535.0,33.0,64.0,24.0,1.0,3.0,79.0,38.0,472.0,242.0,49.0,36.0,2.0,0.0
140,La Liga,2025,797,Elche,448243,Ali Houary,Ali,Houary Jeddoub,20.0,Morocco,178,74,https://media.api-sports.io/football/players/448243.png,Midfielder,2.0,2.0,125.0,6.4,0.0,0.0,1.0,,53.0,,88.0,4.0,,1.0,3.0,1.0,22.0,7.0,2.0,7.0,0.0,0.0
140,La Liga,2025,797,Elche,497515,A. Niculăesei,Albert Constantin,Niculăesei Plesca,17.0,Romania,186,76,https://media.api-sports.io/football/players/497515.png,Defender,0.0,0.0,,,0.0,0.0,,,,,,,,,,,,,,,0.0,0.0
140,La Liga,2025,797,Elche,508284,Antonio Martinez,Antonio,Martinez Bastida,19.0,Spain,,,https://media.api-sports.io/football/players/508284.png,Midfielder,0.0,0.0,,,0.0,0.0,,,,,,,,,,,,,,,0.0,0.0
140,La Liga,2025,543,Real Betis,1561,Marc Bartra,Marc,Bartra Aregall,35.0,Spain,184,70,https://media.api-sports.io/football/players/1561.png,Defender,25.0,21.0,1984.0,6.96,1.0,0.0,14.0,5.0,1164.0,5.0,86.0,45.0,25.0,27.0,8.0,6.0,176.0,106.0,11.0,15.0,3.0,0.0
140,La Liga,2025,543,Real Betis,1564,Junior Firpo,Héctor Junior,Firpo Adames,29.0,Spain,184,78,https://media.api-sports.io/football/players/1564.png,Defender,12.0,10.0,832.0,6.56,0.0,1.0,3.0,,383.0,8.0,84.0,24.0,1.0,10.0,8.0,4.0,85.0,50.0,8.0,11.0,2.0,0.0
140,La Liga,2025,543,Real Betis,1578,G. Lo Celso,Giovani,Lo Celso,29.0,Argentina,177,68,https://media.api-sports.io/football/players/1578.png,Midfielder,24.0,15.0,1396.0,7.01,2.0,3.0,20.0,11.0,865.0,33.0,87.0,19.0,,6.0,33.0,16.0,153.0,87.0,42.0,9.0,4.0,0.0
140,La Liga,2025,543,Real Betis,1631,R. Rodríguez,Ricardo Iván,Rodríguez Araya,33.0,Switzerland,182,83,https://media.api-sports.io/football/players/1631.png,Defender,23.0,18.0,1561.0,6.67,0.0,1.0,2.0,,635.0,7.0,84.0,24.0,3.0,8.0,2.0,1.0,89.0,46.0,5.0,11.0,0.0,0.0
140,La Liga,2025,543,Real Betis,1697,Pablo Fornals,Pablo,Fornals Malla,29.0,Spain,178,67,https://media.api-sports.io/football/players/1697.png,Midfielder,37.0,34.0,2865.0,7.13,9.0,6.0,28.0,18.0,1798.0,86.0,86.0,40.0,3.0,34.0,47.0,25.0,266.0,105.0,26.0,32.0,2.0,0.0
140,La Liga,2025,540,Espanyol,2813,M. Dmitrović,Marko,Dmitrović,33.0,Serbia,194,91,https://media.api-sports.io/football/players/2813.png,Goalkeeper,37.0,37.0,3330.0,7.15,0.0,0.0,,,988.0,1.0,54.0,3.0,,,,,17.0,15.0,5.0,,0.0,0.0
140,La Liga,2025,543,Real Betis,3033,C. Bakambu,Cédric,Bakambu,34.0,Congo DR,182,73,https://media.api-sports.io/football/players/3033.png,Attacker,18.0,5.0,593.0,6.65,3.0,1.0,19.0,9.0,88.0,4.0,76.0,2.0,,2.0,4.0,1.0,60.0,21.0,9.0,11.0,1.0,0.0
140,La Liga,2025,543,Real Betis,18812,Adrián,Adrián,San Miguel del Castillo,38.0,Spain,190,80,https://media.api-sports.io/football/players/18812.png,Goalkeeper,1.0,1.0,90.0,8.2,0.0,0.0,,,32.0,,81.0,,,,,,,,,,0.0,0.0
140,La Liga,2025,543,Real Betis,46990,Álvaro Vallés,Álvaro,Vallés Rosa,28.0,Spain,190,78,https://media.api-sports.io/football/players/46990.png,Goalkeeper,28.0,28.0,2520.0,7,0.0,0.0,,,860.0,,71.0,,,1.0,1.0,1.0,15.0,11.0,4.0,,1.0,0.0
140,La Liga,2025,543,Real Betis,47119,Aitor Ruibal,Aitor,Ruibal García,29.0,Spain,176,74,https://media.api-sports.io/football/players/47119.png,Midfielder,27.0,20.0,1814.0,6.84,4.0,2.0,22.0,12.0,698.0,19.0,82.0,45.0,3.0,20.0,31.0,14.0,194.0,90.0,25.0,32.0,5.0,0.0
140,La Liga,2025,543,Real Betis,47579,E. Ávila,Luis Ezequiel,Ávila,31.0,Argentina,172,81,https://media.api-sports.io/football/players/47579.png,Attacker,16.0,3.0,394.0,6.58,1.0,0.0,4.0,2.0,107.0,9.0,71.0,4.0,,5.0,2.0,,45.0,20.0,8.0,6.0,4.0,0.0
140,La Liga,2025,543,Real Betis,47582,C. Hernández,Juan Camilo,Hernández Suárez,26.0,Colombia,175,73,https://media.api-sports.io/football/players/47582.png,Attacker,32.0,30.0,2592.0,6.89,11.0,3.0,67.0,27.0,657.0,34.0,71.0,28.0,2.0,9.0,50.0,27.0,291.0,130.0,38.0,22.0,5.0,0.0
140,La Liga,2025,543,Real Betis,128985,Iker Losada,Iker,Losada Aragunde,24.0,Spain,175,70,https://media.api-sports.io/football/players/128985.png,Midfielder,0.0,0.0,,,0.0,0.0,,,,,,,,,,,,,,,0.0,0.0
140,La Liga,2025,539,Levante,128985,Iker Losada,Iker,Losada Aragunde,24.0,Spain,175,70,https://media.api-sports.io/football/players/128985.png,Attacker,23.0,10.0,909.0,6.6,3.0,1.0,11.0,4.0,228.0,11.0,71.0,13.0,2.0,11.0,15.0,6.0,70.0,29.0,7.0,6.0,1.0,0.0
140,La Liga,2025,543,Real Betis,136117,Rodrigo Riquelme,Rodrigo,Riquelme Reche,25.0,Spain,173,66,https://media.api-sports.io/football/players/136117.png,Midfielder,25.0,7.0,838.0,6.6,1.0,1.0,16.0,7.0,307.0,14.0,83.0,16.0,,5.0,39.0,11.0,117.0,42.0,11.0,8.0,2.0,0.0
140,La Liga,2025,543,Real Betis,195100,Natan,Natan,Bernardo de Souza,24.0,Brazil,188,92,https://media.api-sports.io/football/players/195100.png,Defender,33.0,32.0,2810.0,6.71,0.0,0.0,7.0,1.0,1432.0,7.0,88.0,31.0,23.0,37.0,4.0,3.0,210.0,110.0,11.0,28.0,8.0,0.0
140,La Liga,2025,543,Real Betis,334574,Ángel Ortiz,Ángel,Ortiz Monterrey,21.0,Spain,167,60,https://media.api-sports.io/football/players/334574.png,Attacker,13.0,7.0,582.0,6.66,0.0,0.0,,,250.0,6.0,83.0,27.0,4.0,3.0,18.0,8.0,82.0,45.0,9.0,9.0,1.0,0.0
140,La Liga,2025,543,Real Betis,351131,Dani Pérez,Daniel,Pérez Guerrero,20.0,Spain,173,64,https://media.api-sports.io/football/players/351131.png,Midfielder,1.0,0.0,1.0,,0.0,0.0,,,1.0,,100.0,,,,2.0,1.0,3.0,2.0,1.0,,0.0,0.0
140,La Liga,2025,543,Real Betis,355004,V. Gómez,Diego Valentín,Gómez,22.0,Argentina,180,76,https://media.api-sports.io/football/players/355004.png,Defender,28.0,19.0,1881.0,6.75,1.0,0.0,11.0,5.0,959.0,10.0,85.0,45.0,13.0,24.0,14.0,13.0,195.0,110.0,11.0,26.0,5.0,0.0
140,La Liga,2025,543,Real Betis,443163,Pablo García,Pablo,García Fernández,19.0,Spain,175,67,https://media.api-sports.io/football/players/443163.png,Attacker,15.0,2.0,389.0,6.44,0.0,0.0,11.0,4.0,96.0,2.0,81.0,10.0,,4.0,17.0,5.0,59.0,24.0,9.0,5.0,1.0,0.0
140,La Liga,2025,543,Real Betis,477231,E. Mensah,Emmanuel Mawuli,Mensah,18.0,Germany,188,,https://media.api-sports.io/football/players/477231.png,Midfielder,0.0,0.0,,,0.0,0.0,,,,,,,,,,,,,,,0.0,0.0
140,La Liga,2025,540,Espanyol,46734,Pablo Ramón,Pablo,Ramón Parra,24.0,Spain,186,76,https://media.api-sports.io/football/players/46734.png,Defender,0.0,0.0,,,0.0,0.0,,,,,,,,,,,,,,,0.0,0.0
140,La Liga,2025,540,Espanyol,46799,Edu Expósito,Eduardo,Expósito Jaén,29.0,Spain,178,68,https://media.api-sports.io/football/players/46799.png,Midfielder,36.0,32.0,2542.0,7.06,1.0,6.0,32.0,13.0,1015.0,83.0,76.0,54.0,2.0,23.0,45.0,34.0,272.0,148.0,43.0,28.0,9.0,0.0
140,La Liga,2025,540,Espanyol,47249,L. Cabrera,Leandro Daniel,Cabrera Sasía,34.0,Uruguay,190,80,https://media.api-sports.io/football/players/47249.png,Defender,37.0,37.0,3330.0,6.78,3.0,0.0,28.0,12.0,1513.0,11.0,80.0,36.0,28.0,26.0,8.0,6.0,272.0,156.0,9.0,37.0,4.0,0.0
140,La Liga,2025,540,Espanyol,47256,Miguel Rubio,Miguel Ángel,Rubio Lestan,27.0,Spain,191,86,https://media.api-sports.io/football/players/47256.png,Defender,12.0,1.0,226.0,6.83,1.0,0.0,2.0,1.0,73.0,,76.0,4.0,5.0,1.0,1.0,1.0,29.0,20.0,1.0,1.0,0.0,0.0
140,La Liga,2025,540,Espanyol,47349,Javi Puado,Javier,Puado Díaz,27.0,Spain,177,69,https://media.api-sports.io/football/players/47349.png,Midfielder,10.0,8.0,678.0,6.53,2.0,0.0,15.0,9.0,199.0,10.0,83.0,4.0,1.0,3.0,14.0,5.0,56.0,17.0,6.0,11.0,2.0,0.0
140,La Liga,2025,540,Espanyol,47396,Kike García,Enrique,García Martínez,36.0,Spain,186,79,https://media.api-sports.io/football/players/47396.png,Attacker,37.0,17.0,1749.0,6.66,8.0,1.0,50.0,27.0,388.0,20.0,64.0,13.0,1.0,6.0,23.0,8.0,317.0,152.0,44.0,33.0,3.0,0.0
140,La Liga,2025,540,Espanyol,47398,Pere Milla,Pere,Milla Peña,33.0,Spain,184,72,https://media.api-sports.io/football/players/47398.png,Midfielder,33.0,24.0,1989.0,6.72,7.0,1.0,48.0,21.0,535.0,34.0,71.0,37.0,3.0,18.0,24.0,11.0,240.0,106.0,38.0,24.0,6.0,1.0
140,La Liga,2025,540,Espanyol,47478,Fernando Calero,Fernando,Calero Villa,30.0,Spain,183,71,https://media.api-sports.io/football/players/47478.png,Defender,28.0,24.0,2150.0,6.87,0.0,0.0,11.0,1.0,1222.0,3.0,88.0,29.0,31.0,29.0,7.0,2.0,150.0,76.0,9.0,15.0,5.0,0.0
140,La Liga,2025,540,Espanyol,127426,Pol Lozano,Pol,Lozano Vizuete,26.0,Spain,177,62,https://media.api-sports.io/football/players/127426.png,Midfielder,33.0,28.0,2182.0,6.66,2.0,1.0,9.0,5.0,945.0,23.0,87.0,38.0,6.0,22.0,11.0,3.0,215.0,82.0,30.0,64.0,11.0,0.0
140,La Liga,2025,540,Espanyol,162585,Pol Tristán,Pol,Tristán Jiménez,23.0,Spain,188,73,https://media.api-sports.io/football/players/162585.png,Goalkeeper,0.0,0.0,,,0.0,0.0,,,,,,,,,,,,,,,0.0,0.0
140,La Liga,2025,540,Espanyol,182674,Jofre Carreras,Jofre,Carreras Pagès,24.0,Spain,175,68,https://media.api-sports.io/football/players/182674.png,Midfielder,26.0,9.0,921.0,6.58,1.0,0.0,15.0,7.0,216.0,15.0,75.0,9.0,,6.0,43.0,16.0,117.0,55.0,27.0,13.0,1.0,0.0
140,La Liga,2025,540,Espanyol,182735,Ángel Fortuño,Ángel,Fortuño Viñas,24.0,Spain,183,77,https://media.api-sports.io/football/players/182735.png,Goalkeeper,1.0,1.0,90.0,7.9,0.0,0.0,,,23.0,,91.0,,,,,,2.0,2.0,,,0.0,0.0
140,La Liga,2025,540,Espanyol,184407,José Salinas,José,Salinas Morán,25.0,Spain,179,69,https://media.api-sports.io/football/players/184407.png,Defender,11.0,2.0,268.0,6.39,0.0,0.0,,,112.0,5.0,83.0,2.0,2.0,3.0,4.0,3.0,30.0,12.0,4.0,8.0,2.0,0.0
140,La Liga,2025,540,Espanyol,199824,Rubén Sánchez,Rubén,Sánchez Sáez,24.0,Spain,185,73,https://media.api-sports.io/football/players/199824.png,Defender,21.0,8.0,830.0,6.7,0.0,1.0,8.0,1.0,324.0,9.0,75.0,12.0,6.0,10.0,26.0,15.0,102.0,51.0,12.0,11.0,2.0,0.0
140,La Liga,2025,540,Espanyol,273732,T. Dolan,Tyrhys,Dolan,24.0,England,170,,https://media.api-sports.io/football/players/273732.png,Attacker,36.0,28.0,2431.0,6.78,2.0,5.0,22.0,12.0,555.0,32.0,83.0,57.0,2.0,17.0,85.0,35.0,307.0,148.0,46.0,37.0,6.0,0.0
140,La Liga,2025,540,Espanyol,286601,O. El Hilali,Omar,El Hilali,22.0,Morocco,183,75,https://media.api-sports.io/football/players/286601.png,Defender,36.0,32.0,2828.0,6.73,0.0,2.0,1.0,,1242.0,17.0,80.0,73.0,15.0,40.0,10.0,7.0,238.0,131.0,24.0,44.0,9.0,0.0
140,La Liga,2025,540,Espanyol,297742,Antoniu Roca,Antoniu,Roca Vives,23.0,Spain,180,65,https://media.api-sports.io/football/players/297742.png,Attacker,13.0,3.0,298.0,6.45,0.0,0.0,2.0,1.0,56.0,4.0,69.0,7.0,,2.0,20.0,10.0,63.0,27.0,8.0,10.0,2.0,0.0
140,La Liga,2025,540,Espanyol,312990,Roberto Fernández,Roberto,Fernández Jaén,23.0,Spain,186,78,https://media.api-sports.io/football/players/312990.png,Attacker,38.0,25.0,2387.0,6.62,7.0,3.0,46.0,23.0,364.0,18.0,69.0,12.0,5.0,6.0,23.0,9.0,336.0,121.0,46.0,40.0,3.0,0.0
140,La Liga,2025,540,Espanyol,438284,Rafel Bauzà,Rafel,Bauzà Sureda,20.0,Spain,183,74,https://media.api-sports.io/football/players/438284.png,Midfielder,0.0,0.0,,,0.0,0.0,,,,,,,,,,,,,,,0.0,0.0
140,La Liga,2025,540,Espanyol,450716,Roger Hinojo,Roger,Hinojo Estrada,20.0,Spain,180,70,https://media.api-sports.io/football/players/450716.png,Defender,0.0,0.0,,,0.0,0.0,,,,,,,,,,,,,,,0.0,0.0
140,La Liga,2025,530,Atletico Madrid,29,J. Oblak,Jan,Oblak,32.0,Slovenia,188,87,https://media.api-sports.io/football/players/29.png,Goalkeeper,30.0,30.0,2700.0,7.09,0.0,0.0,,,885.0,,73.0,,,,,,10.0,7.0,4.0,,0.0,0.0
140,La Liga,2025,530,Atletico Madrid,50,Koke,Jorge,Resurrección Merodio,33.0,Spain,176,77,https://media.api-sports.io/football/players/50.png,Midfielder,34.0,24.0,2237.0,7.14,2.0,2.0,9.0,4.0,1909.0,35.0,91.0,50.0,7.0,18.0,9.0,3.0,179.0,88.0,22.0,21.0,6.0,0.0
140,La Liga,2025,530,Atletico Madrid,56,A. Griezmann,Antoine,Griezmann,34.0,France,176,73,https://media.api-sports.io/football/players/56.png,Attacker,34.0,13.0,1477.0,6.89,7.0,4.0,45.0,25.0,731.0,32.0,82.0,14.0,2.0,8.0,26.0,9.0,105.0,44.0,10.0,4.0,1.0,0.0
140,La Liga,2025,530,Atletico Madrid,753,Marcos Llorente,Marcos,Llorente Moreno,30.0,Spain,183,74,https://media.api-sports.io/football/players/753.png,Defender,29.0,25.0,2185.0,6.93,0.0,4.0,11.0,6.0,1433.0,20.0,89.0,59.0,2.0,12.0,24.0,13.0,174.0,93.0,11.0,28.0,6.0,0.0
140,La Liga,2025,530,Atletico Madrid,2465,J. Musso,Juan Agustín,Musso,31.0,Argentina,193,93,https://media.api-sports.io/football/players/2465.png,Goalkeeper,8.0,8.0,721.0,6.84,0.0,0.0,,,218.0,,77.0,,,,,,7.0,6.0,3.0,1.0,2.0,0.0
140,La Liga,2025,530,Atletico Madrid,6009,J. Álvarez,Julián,Álvarez,25.0,Argentina,170,71,https://media.api-sports.io/football/players/6009.png,Attacker,29.0,22.0,1902.0,6.97,8.0,4.0,44.0,26.0,689.0,47.0,83.0,21.0,,3.0,52.0,25.0,174.0,69.0,18.0,14.0,2.0,0.0
140,La Liga,2025,530,Atletico Madrid,6067,T. Almada,Thiago Ezequiel,Almada,24.0,Argentina,171,63,https://media.api-sports.io/football/players/6067.png,Midfielder,27.0,16.0,1312.0,6.83,3.0,1.0,17.0,10.0,688.0,28.0,86.0,29.0,2.0,9.0,38.0,21.0,154.0,71.0,16.0,13.0,2.0,1.0
140,La Liga,2025,530,Atletico Madrid,8492,A. Sørloth,Alexander,Sørloth,30.0,Norway,196,90,https://media.api-sports.io/football/players/8492.png,Attacker,35.0,20.0,1982.0,6.81,13.0,0.0,55.0,35.0,424.0,10.0,67.0,14.0,2.0,,28.0,11.0,283.0,135.0,16.0,30.0,4.0,1.0
140,La Liga,2025,530,Atletico Madrid,30399,D. Hancko,Dávid,Hancko,28.0,Slovakia,188,82,https://media.api-sports.io/football/players/30399.png,Defender,30.0,27.0,2434.0,6.81,0.0,2.0,18.0,5.0,1448.0,13.0,87.0,43.0,11.0,19.0,15.0,8.0,179.0,97.0,4.0,15.0,2.0,0.0
140,La Liga,2025,530,Atletico Madrid,30543,G. Raspadori,Giacomo,Raspadori,25.0,Italy,172,69,https://media.api-sports.io/football/players/30543.png,Attacker,12.0,1.0,251.0,6.44,0.0,1.0,6.0,3.0,91.0,4.0,79.0,2.0,,,4.0,1.0,31.0,13.0,7.0,3.0,1.0,0.0
140,La Liga,2025,530,Atletico Madrid,47301,Robin Le Normand,Robin Aime Robert,Le Normand,29.0,Spain,187,80,https://media.api-sports.io/football/players/47301.png,Defender,28.0,17.0,1789.0,6.84,1.0,1.0,4.0,1.0,1047.0,2.0,89.0,35.0,7.0,20.0,4.0,1.0,158.0,99.0,14.0,22.0,5.0,0.0
140,La Liga,2025,530,Atletico Madrid,47566,Javi Galán,Javier,Galán Gil,31.0,Spain,170,70,https://media.api-sports.io/football/players/47566.png,Defender,5.0,1.0,147.0,6.52,0.0,0.0,,,55.0,2.0,81.0,2.0,,1.0,4.0,2.0,19.0,10.0,3.0,2.0,0.0,0.0
140,La Liga,2025,727,Osasuna,47566,Javi Galán,Javier,Galán Gil,31.0,Spain,170,70,https://media.api-sports.io/football/players/47566.png,Defender,20.0,19.0,1674.0,6.87,0.0,1.0,5.0,1.0,851.0,27.0,84.0,46.0,5.0,28.0,57.0,35.0,222.0,128.0,37.0,30.0,3.0,0.0
140,La Liga,2025,530,Atletico Madrid,67972,C. Gallagher,Conor John,Gallagher,25.0,England,183,77,https://media.api-sports.io/football/players/67972.png,Midfielder,19.0,4.0,666.0,6.61,2.0,0.0,12.0,5.0,359.0,4.0,90.0,17.0,3.0,11.0,16.0,3.0,94.0,39.0,9.0,18.0,2.0,0.0
140,La Liga,2025,530,Atletico Madrid,133185,J. Cardoso,João Lucas,de Souza Cardoso,24.0,USA,186,78,https://media.api-sports.io/football/players/133185.png,Midfielder,15.0,12.0,892.0,6.84,0.0,0.0,1.0,,499.0,3.0,88.0,38.0,6.0,16.0,10.0,5.0,138.0,69.0,14.0,23.0,5.0,0.0
140,La Liga,2025,530,Atletico Madrid,162012,M. Ruggeri,Matteo,Ruggeri,23.0,Italy,187,69,https://media.api-sports.io/football/players/162012.png,Defender,26.0,20.0,1776.0,6.76,0.0,3.0,4.0,2.0,891.0,26.0,86.0,36.0,3.0,20.0,18.0,5.0,156.0,69.0,2.0,28.0,4.0,0.0
140,La Liga,2025,530,Atletico Madrid,182219,Álex Baena,Alejandro,Baena Rodríguez,24.0,Spain,175,70,https://media.api-sports.io/football/players/182219.png,Midfielder,27.0,21.0,1572.0,6.95,2.0,3.0,22.0,7.0,727.0,46.0,81.0,18.0,4.0,16.0,37.0,12.0,169.0,64.0,29.0,26.0,5.0,0.0
140,La Liga,2025,530,Atletico Madrid,295793,Marc Pubill,Marc,Pubill Pagès,22.0,Spain,190,86,https://media.api-sports.io/football/players/295793.png,Defender,19.0,15.0,1382.0,7.11,1.0,1.0,10.0,4.0,914.0,3.0,88.0,25.0,15.0,20.0,5.0,4.0,143.0,102.0,14.0,16.0,2.0,0.0
140,La Liga,2025,530,Atletico Madrid,323935,G. Simeone,Giuliano,Simeone Baldini,23.0,Argentina,174,75,https://media.api-sports.io/football/players/323935.png,Midfielder,31.0,25.0,2109.0,6.93,4.0,6.0,30.0,14.0,946.0,31.0,81.0,44.0,3.0,18.0,65.0,29.0,279.0,139.0,40.0,21.0,2.0,0.0
140,La Liga,2025,530,Atletico Madrid,336594,Pablo Barrios,Pablo,Barrios Rivas,22.0,Spain,183,75,https://media.api-sports.io/football/players/336594.png,Midfielder,23.0,20.0,1666.0,7.03,1.0,1.0,13.0,6.0,1052.0,20.0,88.0,30.0,2.0,27.0,54.0,33.0,189.0,104.0,23.0,12.0,0.0,0.0
140,La Liga,2025,530,Atletico Madrid,393198,Salvador Esquivel,Salvador,Esquivel Gámez,20.0,Spain,190,85,https://media.api-sports.io/football/players/393198.png,Goalkeeper,0.0,0.0,,,0.0,0.0,,,,,,,,,,,,,,,0.0,0.0
140,La Liga,2025,547,Girona,45,T. Lemar,Thomas Benoît,Lemar,30.0,France,171,63,https://media.api-sports.io/football/players/45.png,Midfielder,27.0,14.0,1273.0,6.73,3.0,1.0,11.0,8.0,658.0,20.0,88.0,27.0,2.0,5.0,34.0,20.0,153.0,69.0,20.0,19.0,4.0,0.0
140,La Liga,2025,547,Girona,158,P. Gazzaniga,Paulo Dino,Gazzaniga Farias,33.0,Argentina,195,90,https://media.api-sports.io/football/players/158.png,Goalkeeper,35.0,35.0,3103.0,7.05,0.0,0.0,,,1138.0,,67.0,1.0,,,1.0,,15.0,12.0,5.0,1.0,4.0,1.0
140,La Liga,2025,547,Girona,531,D. Blind,Daley,Blind,35.0,Netherlands,180,72,https://media.api-sports.io/football/players/531.png,Defender,31.0,30.0,2610.0,6.95,0.0,0.0,2.0,1.0,2107.0,11.0,89.0,55.0,20.0,39.0,15.0,12.0,204.0,120.0,20.0,19.0,1.0,0.0
140,La Liga,2025,547,Girona,2182,V. Tsygankov,Viktor,Tsygankov,28.0,Ukraine,178,73,https://media.api-sports.io/football/players/2182.png,Attacker,32.0,31.0,2641.0,6.85,6.0,5.0,39.0,21.0,1003.0,56.0,82.0,31.0,4.0,20.0,54.0,26.0,251.0,123.0,35.0,22.0,3.0,0.0
140,La Liga,2025,547,Girona,2449,Y. Herrera,Yangel Clemente,Herrera Ravelo,27.0,Venezuela,184,78,https://media.api-sports.io/football/players/2449.png,Midfielder,2.0,2.0,112.0,6.45,0.0,0.0,1.0,,43.0,,76.0,2.0,,1.0,2.0,1.0,15.0,8.0,3.0,1.0,0.0,0.0
140,La Liga,2025,548,Real Sociedad,2449,Y. Herrera,Yangel Clemente,Herrera Ravelo,27.0,Venezuela,184,78,https://media.api-sports.io/football/players/2449.png,Midfielder,12.0,6.0,530.0,6.7,0.0,0.0,3.0,1.0,237.0,2.0,79.0,10.0,5.0,1.0,7.0,4.0,98.0,55.0,18.0,13.0,2.0,0.0
140,La Liga,2025,530,Atletico Madrid,6503,N. Molina,Nahuel,Molina Lucero,27.0,Argentina,179,70,https://media.api-sports.io/football/players/6503.png,Defender,26.0,13.0,1332.0,6.79,2.0,2.0,11.0,4.0,699.0,21.0,80.0,40.0,5.0,13.0,27.0,15.0,136.0,67.0,5.0,14.0,4.0,0.0
140,La Liga,2025,547,Girona,47153,Juan Carlos,Juan Carlos,Martín Corral,37.0,Spain,186,85,https://media.api-sports.io/football/players/47153.png,Goalkeeper,0.0,0.0,,,0.0,0.0,,,,,,,,,,,,,,,0.0,0.0
140,La Liga,2025,547,Girona,47334,David López,David,López Silva,36.0,Spain,185,81,https://media.api-sports.io/football/players/47334.png,Defender,6.0,3.0,293.0,6.48,0.0,0.0,1.0,1.0,226.0,,87.0,4.0,1.0,,1.0,1.0,21.0,12.0,2.0,2.0,0.0,0.0
140,La Liga,2025,547,Girona,47520,Portu,Cristian,Portugués Manzanera,33.0,Spain,167,66,https://media.api-sports.io/football/players/47520.png,Attacker,10.0,4.0,473.0,6.56,0.0,0.0,6.0,5.0,78.0,3.0,71.0,4.0,1.0,2.0,3.0,,37.0,12.0,4.0,6.0,1.0,0.0
140,La Liga,2025,547,Girona,66407,L. Krejčí,Ladislav,Krejčí,26.0,Czechia,191,87,https://media.api-sports.io/football/players/66407.png,Defender,2.0,2.0,180.0,5.6,0.0,0.0,1.0,,104.0,,88.0,2.0,1.0,1.0,,,11.0,5.0,,2.0,1.0,0.0
140,La Liga,2025,547,Girona,109564,B. Miovski,Bojan,Miovski,26.0,North Macedonia,189,76,https://media.api-sports.io/football/players/109564.png,Attacker,1.0,1.0,44.0,6.5,0.0,0.0,,,3.0,,66.0,,,,1.0,,1.0,,,,0.0,0.0
140,La Liga,2025,547,Girona,162434,Alejandro Francés,Alejandro,Francés Torrijo,23.0,Spain,181,70,https://media.api-sports.io/football/players/162434.png,Defender,24.0,11.0,1121.0,6.9,0.0,2.0,9.0,4.0,731.0,10.0,83.0,25.0,6.0,15.0,11.0,7.0,104.0,69.0,23.0,15.0,2.0,1.0
140,La Liga,2025,547,Girona,281795,Y. Asprilla,Yáser Esnéider,Asprilla Martínez,22.0,Colombia,185,75,https://media.api-sports.io/football/players/281795.png,Attacker,15.0,6.0,605.0,6.71,0.0,0.0,10.0,5.0,151.0,12.0,85.0,8.0,1.0,5.0,22.0,13.0,68.0,31.0,8.0,11.0,0.0,0.0
140,La Liga,2025,547,Girona,283668,Arnau Martínez,Arnau,Martínez López,22.0,Spain,182,72,https://media.api-sports.io/football/players/283668.png,Defender,35.0,33.0,2678.0,6.81,2.0,3.0,14.0,4.0,1427.0,24.0,85.0,66.0,13.0,41.0,26.0,13.0,258.0,143.0,30.0,24.0,6.0,0.0
140,La Liga,2025,547,Girona,306727,J. Solis,Jhon Elmer,Solis Romero,21.0,Colombia,189,80,https://media.api-sports.io/football/players/306727.png,Midfielder,12.0,3.0,384.0,6.46,0.0,0.0,3.0,2.0,164.0,1.0,88.0,3.0,1.0,4.0,11.0,3.0,41.0,15.0,7.0,2.0,0.0,0.0
140,La Liga,2025,530,Atletico Madrid,324750,Carlos Martín,Carlos,Martín Domínguez,23.0,Spain,184,73,https://media.api-sports.io/football/players/324750.png,Attacker,0.0,0.0,,,0.0,0.0,,,,,,,,,,,,,,,0.0,0.0
140,La Liga,2025,728,Rayo Vallecano,324750,Carlos Martín,Carlos,Martín Domínguez,23.0,Spain,184,73,https://media.api-sports.io/football/players/324750.png,Midfielder,11.0,7.0,467.0,6.39,0.0,0.0,6.0,4.0,110.0,3.0,82.0,11.0,2.0,,5.0,4.0,65.0,25.0,5.0,11.0,1.0,0.0
140,La Liga,2025,547,Girona,339105,Joel Roca,Joel,Roca Casals,20.0,Spain,176,72,https://media.api-sports.io/football/players/339105.png,Midfielder,32.0,16.0,1482.0,6.71,3.0,1.0,31.0,16.0,381.0,16.0,83.0,23.0,1.0,2.0,89.0,37.0,238.0,110.0,45.0,13.0,4.0,1.0
140,La Liga,2025,547,Girona,414359,Vitor Nunes,Vitor,de Oliveira Nunes dos Reis,19.0,Brazil,186,67,https://media.api-sports.io/football/players/414359.png,Defender,36.0,35.0,3138.0,6.89,1.0,1.0,15.0,4.0,1924.0,9.0,90.0,49.0,40.0,34.0,11.0,8.0,295.0,168.0,24.0,40.0,8.0,1.0
140,La Liga,2025,547,Girona,432476,V. Krapyvtsov,Vladyslav,Krapyvtsov,20.0,Ukraine,188,70,https://media.api-sports.io/football/players/432476.png,Goalkeeper,2.0,1.0,136.0,7.2,0.0,0.0,,,39.0,,64.0,,,,,,1.0,1.0,1.0,,0.0,0.0
140,La Liga,2025,547,Girona,491106,Gibert Jordana,Gibert,Jordana Camara,18.0,Spain,,,https://media.api-sports.io/football/players/491106.png,Defender,0.0,0.0,,,0.0,0.0,,,,,,,,,,,,,,,0.0,0.0
140,La Liga,2025,547,Girona,1700,Iván Martín,Iván,Martín Núñez,26.0,Spain,178,70,https://media.api-sports.io/football/players/1700.png,Midfielder,35.0,29.0,2538.0,6.86,0.0,1.0,9.0,5.0,1407.0,25.0,89.0,61.0,4.0,16.0,49.0,30.0,268.0,143.0,31.0,30.0,4.0,0.0
140,La Liga,2025,728,Rayo Vallecano,1703,A. Rațiu,Andrei Florin,Rațiu,27.0,Romania,183,75,https://media.api-sports.io/football/players/1703.png,Defender,35.0,31.0,2810.0,6.95,0.0,4.0,26.0,9.0,1319.0,43.0,82.0,70.0,7.0,38.0,117.0,63.0,349.0,174.0,21.0,22.0,9.0,0.0
140,La Liga,2025,728,Rayo Vallecano,1847,Luiz Felipe,Luiz Felipe,Ramos Marchi,28.0,Italy,187,80,https://media.api-sports.io/football/players/1847.png,Defender,10.0,7.0,491.0,6.67,0.0,0.0,2.0,1.0,254.0,1.0,90.0,13.0,3.0,8.0,,,38.0,21.0,1.0,5.0,1.0,0.0
140,La Liga,2025,728,Rayo Vallecano,11379,A. Batalla,Augusto Martín,Batalla Barga,29.0,Argentina,186,87,https://media.api-sports.io/football/players/11379.png,Goalkeeper,34.0,34.0,3060.0,7.01,0.0,0.0,,,1258.0,2.0,63.0,1.0,,,6.0,5.0,26.0,18.0,4.0,1.0,6.0,0.0
140,La Liga,2025,728,Rayo Vallecano,18895,F. Lejeune,Florian Grégoire,Claude Lejeune,34.0,France,189,89,https://media.api-sports.io/football/players/18895.png,Defender,36.0,36.0,3231.0,7.08,2.0,1.0,43.0,18.0,2129.0,17.0,87.0,67.0,27.0,48.0,10.0,8.0,284.0,169.0,14.0,47.0,7.0,0.0
140,La Liga,2025,728,Rayo Vallecano,41552,P. Ciss,Pathé Ismaël,Ciss,31.0,Senegal,186,71,https://media.api-sports.io/football/players/41552.png,Midfielder,29.0,20.0,2003.0,7.01,2.0,1.0,18.0,8.0,1192.0,12.0,89.0,53.0,16.0,36.0,13.0,9.0,192.0,107.0,13.0,30.0,9.0,2.0
140,La Liga,2025,728,Rayo Vallecano,46759,A. Espino,Luis Alfonso,Espino García,33.0,Uruguay,172,71,https://media.api-sports.io/football/players/46759.png,Defender,30.0,15.0,1493.0,6.83,2.0,0.0,15.0,9.0,589.0,19.0,71.0,52.0,5.0,15.0,29.0,17.0,213.0,117.0,30.0,24.0,3.0,0.0
140,La Liga,2025,728,Rayo Vallecano,46887,Pedro Díaz,Pedro,Díaz Fanjul,27.0,Spain,180,75,https://media.api-sports.io/football/players/46887.png,Midfielder,34.0,21.0,1881.0,6.53,0.0,1.0,29.0,6.0,768.0,23.0,84.0,38.0,1.0,8.0,30.0,15.0,176.0,79.0,13.0,20.0,3.0,0.0
140,La Liga,2025,728,Rayo Vallecano,47109,Óscar Valentín,Óscar Valentín,Martín Luengo,31.0,Spain,177,72,https://media.api-sports.io/football/players/47109.png,Midfielder,33.0,26.0,2113.0,6.89,1.0,0.0,10.0,4.0,889.0,10.0,88.0,73.0,15.0,28.0,13.0,6.0,250.0,127.0,22.0,31.0,3.0,1.0
140,La Liga,2025,728,Rayo Vallecano,47285,Unai López,Unai,López Cabrera,30.0,Spain,170,68,https://media.api-sports.io/football/players/47285.png,Midfielder,28.0,19.0,1623.0,6.82,0.0,4.0,10.0,4.0,1064.0,36.0,86.0,31.0,3.0,22.0,22.0,13.0,154.0,69.0,14.0,37.0,7.0,0.0
140,La Liga,2025,728,Rayo Vallecano,47414,Gumbau,Gerard,Gumbau Garriga,31.0,Spain,187,77,https://media.api-sports.io/football/players/47414.png,Midfielder,28.0,14.0,1197.0,6.68,0.0,3.0,12.0,5.0,485.0,23.0,83.0,29.0,6.0,10.0,9.0,6.0,120.0,53.0,5.0,38.0,4.0,0.0
140,La Liga,2025,728,Rayo Vallecano,47543,Álvaro García,Álvaro,García Rivera,33.0,Spain,167,61,https://media.api-sports.io/football/players/47543.png,Midfielder,32.0,23.0,2105.0,6.74,4.0,5.0,35.0,19.0,521.0,42.0,68.0,27.0,2.0,13.0,16.0,4.0,142.0,55.0,12.0,19.0,3.0,0.0
140,La Liga,2025,728,Rayo Vallecano,122657,R. Nteka,Randy,Nteka,28.0,France,189,75,https://media.api-sports.io/football/players/122657.png,Midfielder,13.0,3.0,381.0,6.66,3.0,0.0,10.0,6.0,91.0,4.0,79.0,4.0,3.0,,7.0,4.0,73.0,35.0,7.0,11.0,3.0,0.0
140,La Liga,2025,728,Rayo Vallecano,128582,Jorge de Frutos,Jorge,de Frutos Sebastián,28.0,Spain,173,72,https://media.api-sports.io/football/players/128582.png,Attacker,36.0,31.0,2483.0,6.94,10.0,1.0,51.0,28.0,398.0,31.0,76.0,31.0,,11.0,59.0,28.0,267.0,116.0,39.0,34.0,3.0,0.0
140,La Liga,2025,728,Rayo Vallecano,131546,Isi Palazón,Isaac,Palazón Camacho,31.0,Spain,169,71,https://media.api-sports.io/football/players/131546.png,Midfielder,31.0,27.0,2262.0,6.72,3.0,3.0,37.0,16.0,871.0,39.0,82.0,29.0,6.0,3.0,48.0,23.0,273.0,123.0,51.0,36.0,10.0,1.0
140,La Liga,2025,728,Rayo Vallecano,156488,Dani Cárdenas,Daniel,Cárdenas Lindez,28.0,Spain,186,80,https://media.api-sports.io/football/players/156488.png,Goalkeeper,4.0,4.0,360.0,7.75,0.0,0.0,,,123.0,,69.0,1.0,,,,,1.0,1.0,,,0.0,0.0
140,La Liga,2025,728,Rayo Vallecano,181734,Pep Chavarría,Josep María,Chavarría Pérez,27.0,Spain,174,72,https://media.api-sports.io/football/players/181734.png,Defender,33.0,29.0,2681.0,6.79,1.0,2.0,11.0,3.0,1278.0,27.0,84.0,54.0,14.0,31.0,44.0,17.0,248.0,128.0,35.0,33.0,5.0,0.0
140,La Liga,2025,728,Rayo Vallecano,314006,J. Vertrouwd,Jozhua,Vertrouwd,21.0,Netherlands,188,73,https://media.api-sports.io/football/players/314006.png,Defender,9.0,3.0,441.0,6.49,0.0,0.0,1.0,,198.0,2.0,90.0,7.0,3.0,4.0,1.0,,28.0,16.0,3.0,6.0,0.0,0.0
140,La Liga,2025,728,Rayo Vallecano,333292,Pelayo Fernández,Pelayo,Fernández Balboa,22.0,Spain,190,83,https://media.api-sports.io/football/players/333292.png,Defender,1.0,0.0,45.0,6.5,0.0,0.0,1.0,,35.0,,85.0,1.0,,,,,8.0,4.0,,1.0,0.0,0.0
140,La Liga,2025,547,Girona,455366,P. Ba,Papa Dame,Ba,21.0,Senegal,180,75,https://media.api-sports.io/football/players/455366.png,Attacker,0.0,0.0,,,0.0,0.0,,,,,,,,,,,,,,,0.0,0.0
140,La Liga,2025,728,Rayo Vallecano,52,Sergio Camello,Sergio,Camello Pérez,24.0,Spain,177,69,https://media.api-sports.io/football/players/52.png,Attacker,22.0,8.0,830.0,6.8,5.0,1.0,22.0,14.0,219.0,17.0,81.0,12.0,,3.0,31.0,15.0,104.0,44.0,14.0,8.0,3.0,1.0
140,La Liga,2025,798,Mallorca,414,Omar Mascarell,Omar,Mascarell González,32.0,Spain,181,76,https://media.api-sports.io/football/players/414.png,Midfielder,30.0,26.0,2245.0,6.87,2.0,2.0,5.0,3.0,1084.0,8.0,86.0,48.0,17.0,34.0,9.0,6.0,197.0,97.0,13.0,38.0,5.0,0.0
140,La Liga,2025,798,Mallorca,1701,Manu Morlanes,Manuel,Morlanes Ariño,26.0,Spain,178,75,https://media.api-sports.io/football/players/1701.png,Midfielder,32.0,22.0,1789.0,6.82,3.0,0.0,9.0,4.0,948.0,17.0,89.0,56.0,1.0,19.0,12.0,8.0,174.0,88.0,12.0,28.0,4.0,0.0
140,La Liga,2025,728,Rayo Vallecano,20520,I. Balliu,Iván,Balliu Campeny,33.0,Albania,172,63,https://media.api-sports.io/football/players/20520.png,Defender,14.0,6.0,594.0,6.75,0.0,0.0,3.0,,265.0,3.0,82.0,15.0,3.0,9.0,10.0,7.0,55.0,31.0,5.0,9.0,2.0,0.0
140,La Liga,2025,798,Mallorca,25375,T. Asano,Takuma,Asano,31.0,Japan,173,71,https://media.api-sports.io/football/players/25375.png,Midfielder,20.0,8.0,681.0,6.58,1.0,0.0,15.0,2.0,119.0,3.0,73.0,14.0,,1.0,11.0,2.0,86.0,34.0,10.0,9.0,2.0,0.0
140,La Liga,2025,798,Mallorca,46733,Raíllo,Antonio José,Raíllo Arenas,34.0,Spain,187,80,https://media.api-sports.io/football/players/46733.png,Defender,24.0,23.0,2070.0,6.97,0.0,1.0,12.0,1.0,1142.0,7.0,88.0,25.0,34.0,16.0,,,182.0,115.0,15.0,23.0,4.0,0.0
140,La Liga,2025,798,Mallorca,46738,M. Valjent,Martin,Valjent,30.0,Slovakia,187,70,https://media.api-sports.io/football/players/46738.png,Defender,37.0,37.0,3309.0,6.66,0.0,0.0,12.0,8.0,1783.0,3.0,87.0,50.0,15.0,24.0,6.0,4.0,213.0,122.0,11.0,36.0,6.0,0.0
140,La Liga,2025,798,Mallorca,46742,Dani Rodríguez,Daniel José,Rodríguez Vázquez,37.0,Spain,178,71,https://media.api-sports.io/football/players/46742.png,Midfielder,2.0,0.0,68.0,6.6,0.0,0.0,,,18.0,1.0,66.0,2.0,,,1.0,1.0,15.0,7.0,3.0,,0.0,0.0
140,La Liga,2025,798,Mallorca,47336,Darder,Sergi,Darder Moll,32.0,Spain,180,71,https://media.api-sports.io/football/players/47336.png,Midfielder,38.0,30.0,2688.0,6.91,1.0,5.0,28.0,13.0,1159.0,59.0,84.0,28.0,7.0,25.0,60.0,34.0,185.0,99.0,29.0,21.0,3.0,0.0
140,La Liga,2025,728,Rayo Vallecano,47557,Ó. Trejo,Óscar Guido,Trejo,37.0,Argentina,180,79,https://media.api-sports.io/football/players/47557.png,Midfielder,7.0,1.0,139.0,6.76,0.0,1.0,1.0,1.0,106.0,7.0,87.0,6.0,,,2.0,1.0,25.0,13.0,5.0,3.0,2.0,0.0
140,La Liga,2025,798,Mallorca,50048,V. Muriqi,Vedat,Muriqi,31.0,Kosovo,194,92,https://media.api-sports.io/football/players/50048.png,Attacker,37.0,36.0,3134.0,7.1,23.0,1.0,93.0,50.0,706.0,24.0,64.0,8.0,5.0,3.0,27.0,16.0,440.0,228.0,64.0,42.0,4.0,1.0
140,La Liga,2025,798,Mallorca,64268,J. Mojica,Johan Andrés,Mojica Palacio,33.0,Colombia,185,66,https://media.api-sports.io/football/players/64268.png,Defender,35.0,30.0,2737.0,6.68,0.0,4.0,14.0,2.0,1212.0,36.0,78.0,52.0,6.0,24.0,41.0,15.0,228.0,119.0,30.0,29.0,6.0,1.0
140,La Liga,2025,798,Mallorca,107194,Antonio Sánchez,Antonio,Sánchez Navarro,28.0,Spain,179,78,https://media.api-sports.io/football/players/107194.png,Midfielder,30.0,9.0,1088.0,6.59,0.0,0.0,6.0,3.0,378.0,12.0,78.0,20.0,3.0,15.0,12.0,5.0,105.0,40.0,10.0,16.0,4.0,0.0
140,La Liga,2025,798,Mallorca,108519,Mateu Morey,Mateu Jaume,Morey Bauzà,25.0,Spain,173,67,https://media.api-sports.io/football/players/108519.png,Defender,18.0,9.0,736.0,6.52,1.0,0.0,3.0,2.0,240.0,3.0,76.0,19.0,3.0,7.0,6.0,4.0,84.0,39.0,10.0,15.0,2.0,0.0
140,La Liga,2025,728,Rayo Vallecano,162931,Fran Pérez,Francisco,Pérez Martínez,23.0,Spain,175,68,https://media.api-sports.io/football/players/162931.png,Midfielder,29.0,12.0,1250.0,6.54,2.0,1.0,14.0,8.0,304.0,13.0,82.0,15.0,2.0,2.0,30.0,14.0,128.0,45.0,15.0,18.0,4.0,0.0
140,La Liga,2025,798,Mallorca,179139,Leo Román,Leonardo,Román Riquelme,25.0,Spain,189,83,https://media.api-sports.io/football/players/179139.png,Goalkeeper,33.0,33.0,2970.0,7.02,0.0,0.0,,,1147.0,,72.0,1.0,,1.0,1.0,1.0,10.0,7.0,2.0,1.0,4.0,0.0
140,La Liga,2025,798,Mallorca,285909,Pablo Torre,Pablo,Torre Carral,22.0,Spain,173,65,https://media.api-sports.io/football/players/285909.png,Midfielder,35.0,19.0,1637.0,6.8,4.0,4.0,19.0,12.0,803.0,34.0,84.0,23.0,2.0,9.0,35.0,16.0,190.0,82.0,36.0,29.0,4.0,0.0
140,La Liga,2025,798,Mallorca,313059,M. Joseph,Mateo,Joseph Fernández-Regatillo,22.0,England,185,74,https://media.api-sports.io/football/players/313059.png,Attacker,29.0,19.0,1710.0,6.66,2.0,3.0,28.0,14.0,302.0,13.0,81.0,29.0,4.0,12.0,38.0,18.0,219.0,88.0,31.0,19.0,2.0,0.0
140,La Liga,2025,798,Mallorca,411424,Miquel Salas,Miquel Jan,Salas Franch,20.0,Spain,182,67,https://media.api-sports.io/football/players/411424.png,Midfielder,2.0,0.0,17.0,6.75,0.0,0.0,,,10.0,,60.0,,,,1.0,1.0,4.0,3.0,1.0,,0.0,0.0
140,La Liga,2025,728,Rayo Vallecano,439633,Samu Becerra,Samuel,Becerra Gómez,19.0,Spain,,,https://media.api-sports.io/football/players/439633.png,Midfielder,3.0,0.0,11.0,6.6,0.0,0.0,,,12.0,1.0,91.0,,,,,,1.0,,,1.0,0.0,0.0
140,La Liga,2025,529,Barcelona,538,F. de Jong,Frenkie,de Jong,28.0,Netherlands,182,75,https://media.api-sports.io/football/players/538.png,Midfielder,25.0,16.0,1637.0,7.29,1.0,5.0,5.0,2.0,1501.0,35.0,94.0,45.0,4.0,17.0,7.0,5.0,127.0,85.0,27.0,10.0,5.0,0.0
140,La Liga,2025,529,Barcelona,619,Eric García,Eric,García Martret,24.0,Spain,180,77,https://media.api-sports.io/football/players/619.png,Defender,34.0,32.0,2730.0,7.06,1.0,2.0,17.0,7.0,2349.0,31.0,92.0,73.0,7.0,48.0,9.0,3.0,249.0,143.0,24.0,33.0,6.0,0.0
140,La Liga,2025,798,Mallorca,920,Toni Lato,Antonio,Latorre Grueso,28.0,Spain,171,64,https://media.api-sports.io/football/players/920.png,Defender,12.0,7.0,599.0,6.61,0.0,1.0,,,220.0,4.0,81.0,10.0,3.0,6.0,9.0,7.0,57.0,25.0,3.0,7.0,3.0,0.0
140,La Liga,2025,529,Barcelona,931,Ferran Torres,Ferran,Torres García,25.0,Spain,182,80,https://media.api-sports.io/football/players/931.png,Attacker,33.0,23.0,1984.0,6.83,16.0,2.0,58.0,37.0,471.0,23.0,75.0,7.0,1.0,4.0,27.0,10.0,137.0,61.0,20.0,13.0,2.0,0.0
140,La Liga,2025,529,Barcelona,1323,Dani Olmo,Daniel,Olmo Carvajal,27.0,Spain,182,73,https://media.api-sports.io/football/players/1323.png,Midfielder,33.0,24.0,2077.0,7.03,7.0,8.0,51.0,21.0,1216.0,49.0,85.0,34.0,1.0,14.0,43.0,16.0,216.0,112.0,42.0,27.0,1.0,0.0
140,La Liga,2025,529,Barcelona,1496,Raphinha,Raphael,Dias Belloli,29.0,Brazil,176,72,https://media.api-sports.io/football/players/1496.png,Midfielder,22.0,18.0,1388.0,7.55,13.0,3.0,49.0,24.0,639.0,43.0,81.0,15.0,1.0,5.0,41.0,21.0,109.0,49.0,10.0,10.0,5.0,0.0
140,La Liga,2025,798,Mallorca,46751,Abdón Prats,Abdón Roger,Prats Bastidas,33.0,Spain,181,81,https://media.api-sports.io/football/players/46751.png,Attacker,15.0,0.0,148.0,6.44,0.0,0.0,2.0,2.0,26.0,2.0,65.0,,,,2.0,1.0,26.0,9.0,3.0,2.0,0.0,0.0
140,La Liga,2025,529,Barcelona,101814,R. Araújo,Ronald Federico,Araújo da Silva,26.0,Uruguay,191,96,https://media.api-sports.io/football/players/101814.png,Defender,24.0,11.0,1072.0,6.9,3.0,0.0,11.0,5.0,836.0,3.0,91.0,21.0,5.0,10.0,,,100.0,63.0,3.0,17.0,2.0,0.0
140,La Liga,2025,529,Barcelona,133609,Pedri,Pedro,González López,23.0,Spain,174,68,https://media.api-sports.io/football/players/133609.png,Midfielder,29.0,23.0,2107.0,7.54,2.0,9.0,16.0,10.0,2055.0,64.0,91.0,50.0,2.0,24.0,55.0,37.0,229.0,140.0,43.0,9.0,1.0,0.0
140,La Liga,2025,798,Mallorca,152955,L. Bergström,Lucas Carl Edvard,Bergström,23.0,Finland,205,82,https://media.api-sports.io/football/players/152955.png,Goalkeeper,5.0,5.0,450.0,7.1,0.0,0.0,,,145.0,,53.0,,,,,,6.0,5.0,,,1.0,0.0
140,La Liga,2025,529,Barcelona,161928,Alejandro Balde,Alejandro,Balde Martínez,22.0,Spain,177,76,https://media.api-sports.io/football/players/161928.png,Defender,28.0,21.0,1874.0,6.7,0.0,2.0,9.0,1.0,1194.0,24.0,91.0,35.0,10.0,5.0,39.0,23.0,158.0,93.0,25.0,14.0,2.0,0.0
140,La Liga,2025,529,Barcelona,182718,Joan García,Joan,García Pons,24.0,Spain,193,85,https://media.api-sports.io/football/players/182718.png,Goalkeeper,30.0,30.0,2700.0,7.35,0.0,0.0,,,856.0,,89.0,5.0,,3.0,1.0,1.0,19.0,18.0,4.0,,1.0,0.0
140,La Liga,2025,798,Mallorca,293604,Javi Llabrés,Javier,Llabrés Exposito,23.0,Spain,174,67,https://media.api-sports.io/football/players/293604.png,Attacker,16.0,1.0,224.0,6.5,0.0,0.0,5.0,2.0,62.0,1.0,77.0,5.0,,,5.0,1.0,25.0,10.0,3.0,4.0,0.0,0.0
140,La Liga,2025,798,Mallorca,297646,D. Luna,Daniel Andrés,Luna García,22.0,Colombia,179,66,https://media.api-sports.io/football/players/297646.png,Midfielder,0.0,0.0,,,0.0,0.0,,,,,,,,,,,,,,,0.0,0.0
140,La Liga,2025,798,Mallorca,335697,David López,David,López Guijarro,22.0,Spain,195,87,https://media.api-sports.io/football/players/335697.png,Defender,14.0,9.0,833.0,6.59,0.0,0.0,3.0,,457.0,,83.0,11.0,14.0,10.0,2.0,2.0,73.0,43.0,4.0,13.0,2.0,0.0
140,La Liga,2025,529,Barcelona,340626,Fermín,Fermín,López Martín,22.0,Spain,176,73,https://media.api-sports.io/football/players/340626.png,Midfielder,30.0,19.0,1797.0,7.05,6.0,9.0,55.0,25.0,889.0,34.0,87.0,48.0,,7.0,79.0,44.0,244.0,120.0,20.0,34.0,3.0,0.0
140,La Liga,2025,529,Barcelona,386828,Lamine Yamal,Lamine,Yamal Nasraoui Ebana,18.0,Spain,179,72,https://media.api-sports.io/football/players/386828.png,Midfielder,28.0,26.0,2268.0,7.95,16.0,11.0,85.0,37.0,1349.0,72.0,81.0,36.0,,9.0,244.0,135.0,418.0,223.0,52.0,28.0,1.0,0.0
140,La Liga,2025,529,Barcelona,396623,Pau Cubarsí Paredes,Pau,Cubarsí Paredes,18.0,Spain,183,79,https://media.api-sports.io/football/players/396623.png,Defender,31.0,31.0,2708.0,7.21,1.0,0.0,7.0,2.0,2771.0,5.0,94.0,41.0,12.0,30.0,1.0,1.0,195.0,117.0,9.0,25.0,3.0,0.0
140,La Liga,2025,798,Mallorca,462277,I. Salhi,Iliesse,Salhi,18.0,France,172,57,https://media.api-sports.io/football/players/462277.png,Defender,0.0,0.0,,,0.0,0.0,,,,,,,,,,,,,,,0.0,0.0
140,La Liga,2025,798,Mallorca,482473,Marc Domenech,Marc,Hidalgo Domenech,19.0,Spain,182,70,https://media.api-sports.io/football/players/482473.png,Attacker,7.0,2.0,218.0,6.59,0.0,1.0,1.0,,32.0,2.0,59.0,3.0,,,4.0,1.0,20.0,9.0,3.0,3.0,0.0,0.0
140,La Liga,2025,529,Barcelona,126,Iñaki Peña,Ignacio,Peña Sotorres,26.0,Spain,184,78,https://media.api-sports.io/football/players/126.png,Goalkeeper,0.0,0.0,,,0.0,0.0,,,,,,,,,,,,,,,0.0,0.0
140,La Liga,2025,797,Elche,126,Iñaki Peña,Ignacio,Peña Sotorres,26.0,Spain,184,78,https://media.api-sports.io/football/players/126.png,Goalkeeper,16.0,16.0,1440.0,7.2,0.0,0.0,,,889.0,3.0,74.0,,,,,,8.0,3.0,1.0,,0.0,0.0
140,La Liga,2025,541,Real Madrid,283,T. Alexander-Arnold,Trent John,Alexander-Arnold,27.0,England,175,67,https://media.api-sports.io/football/players/283.png,Defender,21.0,14.0,1169.0,6.84,0.0,4.0,8.0,2.0,821.0,29.0,85.0,14.0,3.0,14.0,12.0,5.0,63.0,29.0,5.0,10.0,4.0,0.0
140,La Liga,2025,541,Real Madrid,372,Éder Militão,Éder Gabriel,Militão,27.0,Brazil,186,78,https://media.api-sports.io/football/players/372.png,Defender,16.0,14.0,1141.0,7.3,2.0,1.0,18.0,9.0,767.0,8.0,90.0,23.0,12.0,11.0,6.0,3.0,106.0,65.0,13.0,15.0,2.0,0.0
140,La Liga,2025,541,Real Madrid,730,T. Courtois,Thibaut Nicolas Marc,Courtois,33.0,Belgium,200,96,https://media.api-sports.io/football/players/730.png,Goalkeeper,32.0,32.0,2880.0,6.93,0.0,0.0,,,1010.0,,80.0,1.0,,,,,13.0,8.0,2.0,1.0,1.0,0.0
140,La Liga,2025,541,Real Madrid,744,Brahim Díaz,Brahim,Abdelkader Díaz,26.0,Morocco,171,59,https://media.api-sports.io/football/players/744.png,Attacker,30.0,13.0,1284.0,6.68,1.0,6.0,12.0,7.0,531.0,30.0,90.0,15.0,,2.0,44.0,25.0,159.0,79.0,37.0,19.0,2.0,0.0
140,La Liga,2025,541,Real Madrid,756,F. Valverde,Federico Santiago,Valverde Dipetta,27.0,Uruguay,182,78,https://media.api-sports.io/football/players/756.png,Midfielder,33.0,31.0,2746.0,7.33,5.0,8.0,41.0,22.0,1904.0,43.0,90.0,41.0,8.0,24.0,36.0,23.0,163.0,100.0,14.0,18.0,3.0,1.0
140,La Liga,2025,529,Barcelona,909,M. Rashford,Marcus,Rashford,28.0,England,188,80,https://media.api-sports.io/football/players/909.png,Attacker,32.0,18.0,1761.0,6.82,8.0,7.0,49.0,29.0,771.0,46.0,84.0,8.0,3.0,2.0,87.0,30.0,171.0,67.0,25.0,10.0,3.0,0.0
140,La Liga,2025,529,Barcelona,1257,J. Koundé,Jules Olivier,Koundé,27.0,France,181,84,https://media.api-sports.io/football/players/1257.png,Defender,30.0,24.0,2269.0,6.92,1.0,3.0,11.0,4.0,1922.0,23.0,91.0,47.0,13.0,29.0,35.0,21.0,232.0,127.0,24.0,23.0,6.0,0.0
140,La Liga,2025,541,Real Madrid,1271,A. Tchouaméni,Aurélien Djani,Tchouaméni,25.0,France,187,81,https://media.api-sports.io/football/players/1271.png,Midfielder,33.0,31.0,2622.0,7.23,1.0,0.0,30.0,7.0,1913.0,24.0,91.0,68.0,13.0,47.0,10.0,3.0,250.0,170.0,27.0,31.0,8.0,0.0
140,La Liga,2025,529,Barcelona,2282,A. Christensen,Andreas,Bødtker Christensen,29.0,Denmark,189,84,https://media.api-sports.io/football/players/2282.png,Defender,13.0,3.0,435.0,6.65,0.0,0.0,2.0,2.0,360.0,1.0,95.0,5.0,3.0,2.0,,,37.0,22.0,4.0,6.0,2.0,0.0
140,La Liga,2025,541,Real Madrid,284300,Álvaro Fernández,Álvaro,Fernández Carreras,22.0,Spain,186,78,https://media.api-sports.io/football/players/284300.png,Defender,28.0,26.0,2340.0,7.05,2.0,3.0,6.0,3.0,1723.0,30.0,90.0,41.0,7.0,39.0,36.0,19.0,230.0,124.0,33.0,22.0,5.0,1.0
140,La Liga,2025,541,Real Madrid,291964,A. Güler,Arda,Güler,20.0,Türkiye,176,67,https://media.api-sports.io/football/players/291964.png,Midfielder,33.0,25.0,2026.0,7.18,4.0,9.0,35.0,19.0,1345.0,70.0,90.0,46.0,2.0,9.0,43.0,27.0,190.0,109.0,32.0,21.0,1.0,0.0
140,La Liga,2025,529,Barcelona,296667,Gavi,Pablo Martín,Páez Gavira,21.0,Spain,174,69,https://media.api-sports.io/football/players/296667.png,Midfielder,11.0,7.0,574.0,6.87,0.0,1.0,,,407.0,8.0,92.0,17.0,2.0,3.0,8.0,1.0,76.0,42.0,14.0,11.0,3.0,0.0
140,La Liga,2025,529,Barcelona,329728,Marc Casadó,Marc,Casadó Torras,22.0,Spain,171,65,https://media.api-sports.io/football/players/329728.png,Midfielder,24.0,10.0,999.0,6.72,0.0,1.0,2.0,,898.0,14.0,90.0,18.0,3.0,7.0,6.0,2.0,94.0,47.0,20.0,25.0,1.0,0.0
140,La Liga,2025,541,Real Madrid,361497,D. Huijsen,Dean Donny,Huijsen,20.0,Netherlands,195,87,https://media.api-sports.io/football/players/361497.png,Defender,28.0,24.0,2037.0,7.31,2.0,2.0,16.0,5.0,1661.0,10.0,89.0,31.0,17.0,19.0,2.0,2.0,155.0,96.0,13.0,21.0,7.0,1.0
140,La Liga,2025,529,Barcelona,383647,D. Kochen,Diego,Kochen,19.0,USA,189,83,https://media.api-sports.io/football/players/383647.png,Goalkeeper,0.0,0.0,,,0.0,0.0,,,,,,,,,,,,,,,0.0,0.0
140,La Liga,2025,529,Barcelona,441232,Guille Fernández,Guillermo,Fernández Casino,17.0,Spain,179,76,https://media.api-sports.io/football/players/441232.png,Midfielder,0.0,0.0,,,0.0,0.0,,,,,,,,,,,,,,,0.0,0.0
140,La Liga,2025,529,Barcelona,445973,Toni Fernández,Antonio,Fernández Casino,17.0,Spain,174,73,https://media.api-sports.io/football/players/445973.png,Attacker,1.0,1.0,45.0,6.5,0.0,0.0,,,9.0,1.0,77.0,,,,,,,,,,0.0,0.0
140,La Liga,2025,529,Barcelona,491087,Pedro Fernández,Pedro,Fernández Sarmiento,17.0,Spain,182,68,https://media.api-sports.io/football/players/491087.png,Midfielder,4.0,1.0,90.0,6.6,0.0,0.0,,,47.0,2.0,85.0,1.0,,,4.0,4.0,13.0,8.0,1.0,1.0,0.0,0.0
140,La Liga,2025,529,Barcelona,491250,Jofre Torrents,Jofre,Torrents Salvat,18.0,Spain,185,75,https://media.api-sports.io/football/players/491250.png,Defender,3.0,0.0,47.0,6.5,0.0,0.0,,,34.0,,88.0,2.0,,,1.0,,8.0,3.0,,,0.0,0.0
140,La Liga,2025,541,Real Madrid,278,Kylian Mbappé,Kylian,Mbappé Lottin,27.0,France,178,75,https://media.api-sports.io/football/players/278.png,Attacker,31.0,29.0,2604.0,7.53,25.0,5.0,110.0,63.0,998.0,65.0,86.0,4.0,,2.0,148.0,78.0,257.0,125.0,36.0,13.0,4.0,0.0
140,La Liga,2025,541,Real Madrid,505,D. Alaba,David,Olatukunbo Alaba,33.0,Austria,180,78,https://media.api-sports.io/football/players/505.png,Defender,11.0,5.0,428.0,6.84,0.0,0.0,3.0,1.0,388.0,,93.0,5.0,5.0,,,,21.0,12.0,,1.0,1.0,0.0
140,La Liga,2025,541,Real Madrid,733,Dani Carvajal,Daniel,Carvajal Ramos,33.0,Spain,173,73,https://media.api-sports.io/football/players/733.png,Defender,17.0,10.0,976.0,6.8,0.0,1.0,4.0,1.0,529.0,11.0,92.0,14.0,7.0,6.0,4.0,2.0,61.0,30.0,9.0,7.0,0.0,0.0
140,La Liga,2025,541,Real Madrid,736,Fran García,Francisco José,García Torres,26.0,Spain,169,63,https://media.api-sports.io/football/players/736.png,Defender,13.0,10.0,933.0,6.66,1.0,1.0,5.0,2.0,444.0,5.0,88.0,19.0,4.0,7.0,9.0,3.0,81.0,43.0,14.0,7.0,1.0,0.0
140,La Liga,2025,541,Real Madrid,748,Dani Ceballos,Daniel,Ceballos Fernández,29.0,Spain,179,70,https://media.api-sports.io/football/players/748.png,Midfielder,16.0,4.0,498.0,6.93,0.0,0.0,3.0,,450.0,9.0,92.0,18.0,4.0,7.0,13.0,3.0,66.0,37.0,15.0,6.0,1.0,0.0
140,La Liga,2025,541,Real Madrid,762,Vinícius Júnior,Vinícius José,Paixão de Oliveira Júnior,25.0,Brazil,176,73,https://media.api-sports.io/football/players/762.png,Attacker,36.0,32.0,2825.0,7.51,16.0,5.0,75.0,46.0,1129.0,70.0,83.0,29.0,,2.0,195.0,87.0,403.0,197.0,81.0,38.0,8.0,0.0
140,La Liga,2025,727,Osasuna,1825,Lucas Torró,Lucas,Torró Marset,31.0,Spain,190,77,https://media.api-sports.io/football/players/1825.png,Midfielder,34.0,31.0,2307.0,6.74,0.0,1.0,25.0,8.0,993.0,15.0,74.0,38.0,8.0,29.0,13.0,9.0,286.0,180.0,28.0,40.0,6.0,0.0
140,La Liga,2025,541,Real Madrid,10009,Rodrygo,Rodrygo,Silva de Goes,24.0,Brazil,174,64,https://media.api-sports.io/football/players/10009.png,Attacker,19.0,6.0,680.0,6.92,1.0,3.0,19.0,11.0,324.0,17.0,90.0,13.0,,3.0,38.0,18.0,102.0,54.0,23.0,5.0,3.0,0.0
140,La Liga,2025,727,Osasuna,21701,V. Rosier,Valentin André Henri,Rosier,29.0,France,175,71,https://media.api-sports.io/football/players/21701.png,Midfielder,31.0,30.0,2554.0,6.68,1.0,1.0,12.0,3.0,1051.0,16.0,81.0,49.0,3.0,44.0,45.0,28.0,225.0,116.0,20.0,34.0,5.0,0.0
140,La Liga,2025,727,Osasuna,46646,Sergio Herrera,Sergio,Herrera Pirón,32.0,Spain,192,82,https://media.api-sports.io/football/players/46646.png,Goalkeeper,37.0,37.0,3285.0,7,0.0,0.0,,,1042.0,,69.0,,,,,,16.0,13.0,5.0,3.0,3.0,1.0
140,La Liga,2025,727,Osasuna,46662,Moncayola,Jon,Moncayola Tollar,27.0,Spain,189,86,https://media.api-sports.io/football/players/46662.png,Midfielder,36.0,35.0,3028.0,6.83,0.0,4.0,11.0,5.0,1387.0,39.0,80.0,54.0,6.0,23.0,21.0,13.0,216.0,97.0,13.0,41.0,9.0,0.0
140,La Liga,2025,727,Osasuna,46967,Juan Cruz,Juan Cruz,Álvaro Armada,33.0,Spain,180,79,https://media.api-sports.io/football/players/46967.png,Defender,15.0,7.0,660.0,6.61,0.0,0.0,1.0,,237.0,2.0,88.0,4.0,6.0,4.0,3.0,2.0,26.0,13.0,2.0,4.0,2.0,0.0
140,La Liga,2025,541,Real Madrid,47400,A. Lunin,Andriy,Lunin,26.0,Ukraine,191,80,https://media.api-sports.io/football/players/47400.png,Goalkeeper,6.0,6.0,540.0,7.13,0.0,0.0,,,209.0,,87.0,1.0,,,,,2.0,2.0,,,0.0,1.0
140,La Liga,2025,727,Osasuna,47533,Catena,Alejandro,Catena Marugán,31.0,Spain,194,82,https://media.api-sports.io/football/players/47533.png,Defender,35.0,35.0,3073.0,6.9,3.0,2.0,14.0,4.0,1695.0,12.0,85.0,40.0,32.0,33.0,11.0,6.0,263.0,140.0,14.0,46.0,11.0,1.0
140,La Liga,2025,727,Osasuna,279822,F. Boyomo,Flavien Enzo Thiedort,Boyomo,24.0,Cameroon,180,70,https://media.api-sports.io/football/players/279822.png,Defender,30.0,29.0,2545.0,6.77,1.0,2.0,9.0,4.0,1313.0,9.0,86.0,58.0,13.0,18.0,8.0,3.0,193.0,102.0,5.0,33.0,7.0,0.0
140,La Liga,2025,541,Real Madrid,336711,Gonzalo García,Gonzalo,García Torres,21.0,Spain,182,74,https://media.api-sports.io/football/players/336711.png,Attacker,30.0,9.0,988.0,6.68,6.0,1.0,19.0,11.0,241.0,13.0,85.0,11.0,,3.0,15.0,3.0,92.0,40.0,6.0,9.0,2.0,0.0
140,La Liga,2025,541,Real Madrid,341640,Raúl Asencio,Raúl,Asencio del Rosario,22.0,Spain,184,79,https://media.api-sports.io/football/players/341640.png,Defender,23.0,18.0,1706.0,6.92,2.0,0.0,12.0,4.0,1185.0,5.0,94.0,17.0,13.0,10.0,2.0,1.0,105.0,62.0,23.0,17.0,4.0,0.0
140,La Liga,2025,541,Real Madrid,386872,Sergio Mestre,Sergio,Mestre Sánchez,20.0,Spain,193,80,https://media.api-sports.io/football/players/386872.png,Goalkeeper,0.0,0.0,,,0.0,0.0,,,,,,,,,,,,,,,0.0,0.0
140,La Liga,2025,541,Real Madrid,449249,Franco Mastantuono,Franco,Mastantuono,18.0,Argentina,178,73,https://media.api-sports.io/football/players/449249.png,Attacker,23.0,11.0,1049.0,6.7,1.0,0.0,24.0,7.0,492.0,16.0,90.0,20.0,,3.0,54.0,25.0,177.0,80.0,30.0,18.0,5.0,1.0
140,La Liga,2025,541,Real Madrid,509470,Thiago Pitarch,Thiago,Pitarch Pinar,18.0,Spain,,,https://media.api-sports.io/football/players/509470.png,Midfielder,10.0,8.0,596.0,6.46,0.0,2.0,4.0,2.0,407.0,6.0,90.0,12.0,,7.0,13.0,7.0,82.0,28.0,7.0,12.0,2.0,0.0
140,La Liga,2025,532,Valencia,918,José Gayà,José Luis,Gayà Peña,30.0,Spain,172,66,https://media.api-sports.io/football/players/918.png,Defender,32.0,31.0,2461.0,6.66,1.0,2.0,9.0,3.0,923.0,25.0,83.0,69.0,7.0,23.0,24.0,11.0,208.0,123.0,20.0,31.0,6.0,1.0
140,La Liga,2025,727,Osasuna,46658,Rubén García,Rubén,García Santos,32.0,Spain,171,72,https://media.api-sports.io/football/players/46658.png,Attacker,35.0,28.0,2247.0,6.82,2.0,5.0,22.0,10.0,828.0,44.0,79.0,50.0,2.0,17.0,37.0,18.0,269.0,117.0,27.0,36.0,6.0,0.0
140,La Liga,2025,727,Osasuna,46667,Kike Barja,Enrique,Barja Alfonso,28.0,Spain,178,69,https://media.api-sports.io/football/players/46667.png,Attacker,27.0,2.0,484.0,6.62,2.0,2.0,7.0,4.0,123.0,11.0,73.0,5.0,1.0,2.0,19.0,6.0,74.0,29.0,11.0,11.0,3.0,0.0
140,La Liga,2025,727,Osasuna,46746,A. Budimir,Ante,Budimir,34.0,Croatia,190,75,https://media.api-sports.io/football/players/46746.png,Attacker,37.0,35.0,2953.0,6.84,17.0,0.0,88.0,41.0,392.0,16.0,60.0,21.0,6.0,6.0,18.0,3.0,387.0,180.0,37.0,52.0,3.0,0.0
140,La Liga,2025,532,Valencia,46933,Luis Rioja,Luis Jesús,Rioja González,32.0,Spain,175,68,https://media.api-sports.io/football/players/46933.png,Midfielder,37.0,31.0,2636.0,6.82,3.0,6.0,18.0,5.0,839.0,39.0,78.0,36.0,,18.0,63.0,36.0,226.0,105.0,29.0,13.0,1.0,0.0
140,La Liga,2025,532,Valencia,47251,D. Foulquier,Dimitri Christophe,Foulquier,32.0,Guadeloupe,183,72,https://media.api-sports.io/football/players/47251.png,Defender,15.0,12.0,1157.0,6.4,0.0,0.0,5.0,1.0,519.0,6.0,84.0,15.0,1.0,8.0,20.0,10.0,91.0,43.0,7.0,16.0,1.0,0.0
140,La Liga,2025,727,Osasuna,47448,Aitor Fernández,Aitor,Fernández Abarisketa,34.0,Spain,182,78,https://media.api-sports.io/football/players/47448.png,Goalkeeper,2.0,1.0,136.0,7.7,0.0,0.0,,,51.0,,60.0,,,,1.0,1.0,1.0,1.0,,,3.0,0.0
140,La Liga,2025,727,Osasuna,47574,Moi Gómez,Moisés,Gómez Bordonado,31.0,Spain,176,71,https://media.api-sports.io/football/players/47574.png,Midfielder,26.0,12.0,1218.0,6.92,0.0,2.0,6.0,2.0,868.0,15.0,88.0,20.0,1.0,11.0,22.0,12.0,118.0,65.0,21.0,20.0,3.0,0.0
140,La Liga,2025,727,Osasuna,67939,Aimar Oroz,Aimar,Oroz Huarte,24.0,Spain,177,72,https://media.api-sports.io/football/players/67939.png,Attacker,31.0,26.0,2152.0,6.79,0.0,2.0,14.0,4.0,850.0,38.0,79.0,37.0,1.0,10.0,56.0,29.0,320.0,162.0,67.0,33.0,6.0,0.0
140,La Liga,2025,727,Osasuna,146751,Raúl García,Raúl,García de Haro,25.0,Spain,192,70,https://media.api-sports.io/football/players/146751.png,Attacker,36.0,6.0,1042.0,6.72,7.0,1.0,33.0,23.0,234.0,12.0,67.0,15.0,2.0,7.0,31.0,15.0,170.0,85.0,15.0,12.0,2.0,1.0
140,La Liga,2025,727,Osasuna,181259,Abel Bretones,Abel,Bretones Cruz,25.0,Spain,188,78,https://media.api-sports.io/football/players/181259.png,Midfielder,28.0,17.0,1658.0,6.74,1.0,2.0,10.0,3.0,504.0,13.0,77.0,33.0,5.0,18.0,29.0,13.0,147.0,78.0,19.0,17.0,5.0,1.0
140,La Liga,2025,532,Valencia,181582,Copete,José Manuel,Arias Copete,26.0,Spain,192,73,https://media.api-sports.io/football/players/181582.png,Defender,21.0,19.0,1768.0,6.65,0.0,0.0,11.0,,1003.0,5.0,85.0,25.0,16.0,22.0,9.0,7.0,137.0,78.0,11.0,20.0,5.0,0.0
140,La Liga,2025,727,Osasuna,182592,Jorge Herrando,Jorge,Herrando Oroz,24.0,Spain,190,78,https://media.api-sports.io/football/players/182592.png,Defender,28.0,17.0,1608.0,6.68,0.0,1.0,1.0,,703.0,2.0,86.0,33.0,11.0,20.0,3.0,3.0,126.0,71.0,8.0,24.0,3.0,0.0
140,La Liga,2025,727,Osasuna,182621,Iker Muñoz,Iker,Muñoz Cameros,23.0,Spain,180,69,https://media.api-sports.io/football/players/182621.png,Midfielder,19.0,8.0,953.0,6.65,0.0,0.0,8.0,4.0,449.0,5.0,84.0,12.0,2.0,12.0,11.0,4.0,113.0,51.0,21.0,18.0,5.0,0.0
140,La Liga,2025,727,Osasuna,332304,Raúl Chasco,Raúl,Chasco Ruiz,22.0,Spain,179,68,https://media.api-sports.io/football/players/332304.png,Defender,0.0,0.0,,,0.0,0.0,,,,,,,,,,,,,,,0.0,0.0
140,La Liga,2025,532,Valencia,333672,César Tárrega,César,Tárrega Requeni,23.0,Spain,194,78,https://media.api-sports.io/football/players/333672.png,Defender,32.0,29.0,2597.0,6.63,0.0,0.0,9.0,1.0,1320.0,2.0,86.0,42.0,19.0,29.0,13.0,10.0,228.0,126.0,13.0,40.0,8.0,0.0
140,La Liga,2025,727,Osasuna,338751,Víctor Muñoz,Víctor,Muñoz Villanueva,22.0,Spain,173,70,https://media.api-sports.io/football/players/338751.png,Attacker,34.0,31.0,2668.0,6.89,6.0,2.0,56.0,31.0,623.0,27.0,80.0,22.0,,9.0,178.0,75.0,404.0,167.0,54.0,32.0,3.0,0.0
140,La Liga,2025,727,Osasuna,348029,D. Stamatakis,Dimitrios,Stamatakis,22.0,Greece,191,83,https://media.api-sports.io/football/players/348029.png,Goalkeeper,0.0,0.0,,,0.0,0.0,,,,,,,,,,,,,,,0.0,0.0
140,La Liga,2025,727,Osasuna,381197,Asier Osambela,Asier,Osambela Larraya,21.0,Spain,186,75,https://media.api-sports.io/football/players/381197.png,Midfielder,17.0,2.0,372.0,6.61,1.0,0.0,6.0,3.0,166.0,3.0,69.0,6.0,4.0,4.0,2.0,,57.0,24.0,1.0,15.0,1.0,1.0
140,La Liga,2025,727,Osasuna,429553,Mauro Echegoyen,Mauro,Echegoyen Berrozpe,20.0,Spain,,,https://media.api-sports.io/football/players/429553.png,Midfielder,0.0,0.0,,,0.0,0.0,,,,,,,,,,,,,,,0.0,0.0
140,La Liga,2025,532,Valencia,83,A. Danjuma,Arnaut,Danjuma Adam Groeneveld,28.0,Netherlands,178,74,https://media.api-sports.io/football/players/83.png,Attacker,30.0,18.0,1627.0,6.76,3.0,2.0,28.0,14.0,391.0,17.0,77.0,13.0,1.0,2.0,64.0,27.0,158.0,69.0,22.0,21.0,0.0,0.0
140,La Liga,2025,532,Valencia,913,Cristian Rivero,Cristian,Rivero Sabater,27.0,Spain,188,75,https://media.api-sports.io/football/players/913.png,Goalkeeper,0.0,0.0,,,0.0,0.0,,,,,,,,,,,,,,,0.0,1.0
140,La Liga,2025,532,Valencia,916,M. Diakhaby,Mouctar,Diakhaby,29.0,Guinea,189,78,https://media.api-sports.io/football/players/916.png,Defender,8.0,7.0,544.0,6.8,1.0,0.0,4.0,3.0,320.0,1.0,87.0,8.0,2.0,10.0,3.0,1.0,43.0,28.0,3.0,7.0,3.0,0.0
140,La Liga,2025,532,Valencia,1708,Dani Raba,Daniel,Raba Antolín,30.0,Spain,184,76,https://media.api-sports.io/football/players/1708.png,Attacker,13.0,3.0,291.0,6.49,0.0,1.0,4.0,1.0,122.0,2.0,80.0,7.0,,4.0,10.0,3.0,34.0,12.0,2.0,6.0,0.0,0.0
140,La Liga,2025,532,Valencia,21153,B. Santamaría,Baptiste,Santamaría,30.0,France,183,81,https://media.api-sports.io/football/players/21153.png,Midfielder,19.0,7.0,775.0,6.81,1.0,1.0,4.0,2.0,404.0,4.0,81.0,12.0,2.0,7.0,12.0,6.0,83.0,46.0,10.0,13.0,2.0,0.0
140,La Liga,2025,532,Valencia,41157,André Almeida,Domingos André,Ribeiro Almeida,25.0,Portugal,176,62,https://media.api-sports.io/football/players/41157.png,Midfielder,22.0,11.0,1035.0,6.94,0.0,2.0,6.0,3.0,568.0,18.0,89.0,23.0,1.0,10.0,29.0,14.0,116.0,62.0,22.0,11.0,0.0,0.0
140,La Liga,2025,532,Valencia,47264,Hugo Duro,Hugo,Duro Perales,26.0,Spain,177,70,https://media.api-sports.io/football/players/47264.png,Attacker,36.0,22.0,1989.0,6.64,10.0,0.0,30.0,14.0,392.0,17.0,70.0,17.0,6.0,4.0,17.0,3.0,262.0,103.0,38.0,22.0,5.0,0.0
140,La Liga,2025,548,Real Sociedad,47269,Álex Remiro,Alejandro,Remiro Gargallo,30.0,Spain,192,79,https://media.api-sports.io/football/players/47269.png,Goalkeeper,37.0,37.0,3330.0,6.92,0.0,0.0,,,1374.0,4.0,71.0,1.0,,1.0,1.0,1.0,19.0,17.0,7.0,,1.0,0.0
140,La Liga,2025,548,Real Sociedad,47314,Zubeldia,Igor,Zubeldia Elorza,28.0,Spain,181,73,https://media.api-sports.io/football/players/47314.png,Defender,25.0,23.0,2088.0,6.63,0.0,1.0,4.0,1.0,1153.0,5.0,88.0,37.0,13.0,22.0,4.0,1.0,192.0,88.0,5.0,38.0,9.0,0.0
140,La Liga,2025,532,Valencia,47463,Pepelu,José Luis,García Vayá,27.0,Spain,185,73,https://media.api-sports.io/football/players/47463.png,Midfielder,31.0,26.0,2232.0,7,2.0,0.0,14.0,3.0,1381.0,21.0,86.0,60.0,10.0,20.0,10.0,8.0,196.0,112.0,14.0,30.0,4.0,0.0
140,La Liga,2025,532,Valencia,48372,E. Cömert,Eray Ervin,Cömert,27.0,Switzerland,183,80,https://media.api-sports.io/football/players/48372.png,Defender,17.0,15.0,1339.0,6.77,2.0,1.0,8.0,3.0,798.0,6.0,85.0,25.0,6.0,20.0,,,87.0,55.0,13.0,9.0,3.0,1.0
140,La Liga,2025,532,Valencia,48465,F. Ugrinic,Filip,Ugrinic,26.0,Switzerland,184,88,https://media.api-sports.io/football/players/48465.png,Midfielder,27.0,17.0,1513.0,6.79,0.0,3.0,12.0,3.0,654.0,23.0,83.0,25.0,4.0,11.0,26.0,17.0,130.0,71.0,13.0,17.0,3.0,0.0
140,La Liga,2025,532,Valencia,162127,Diego López,Diego,López Noguerol,23.0,Spain,172,62,https://media.api-sports.io/football/players/162127.png,Midfielder,34.0,20.0,1777.0,6.71,4.0,1.0,18.0,8.0,515.0,17.0,76.0,22.0,2.0,10.0,35.0,13.0,216.0,92.0,33.0,20.0,2.0,0.0
140,La Liga,2025,532,Valencia,162175,Jesús Vázquez,Jesús,Vázquez Alcalde,22.0,Spain,182,76,https://media.api-sports.io/football/players/162175.png,Defender,24.0,7.0,970.0,6.68,0.0,0.0,5.0,2.0,339.0,14.0,84.0,24.0,4.0,4.0,36.0,21.0,133.0,64.0,8.0,16.0,2.0,0.0
140,La Liga,2025,548,Real Sociedad,199044,J. Aramburu,Jon Mikel,Aramburu Mejías,23.0,Venezuela,176,71,https://media.api-sports.io/football/players/199044.png,Defender,35.0,31.0,2788.0,6.63,1.0,0.0,17.0,5.0,1285.0,11.0,80.0,105.0,9.0,47.0,20.0,9.0,368.0,207.0,45.0,69.0,11.0,0.0
140,La Liga,2025,532,Valencia,315699,Javi Guerra,Javier,Guerra Moreno,22.0,Spain,187,77,https://media.api-sports.io/football/players/315699.png,Midfielder,36.0,25.0,2086.0,6.81,4.0,6.0,22.0,12.0,982.0,32.0,81.0,29.0,6.0,24.0,62.0,26.0,225.0,89.0,20.0,28.0,3.0,0.0
140,La Liga,2025,532,Valencia,315701,Rubo Iranzo,Rubén,Iranzo Lendínez,22.0,Spain,182,63,https://media.api-sports.io/football/players/315701.png,Defender,1.0,0.0,12.0,6.6,0.0,0.0,,,2.0,,100.0,1.0,,,,,3.0,1.0,,1.0,0.0,0.0
140,La Liga,2025,532,Valencia,406045,Aimar Blázquez,Aimar,Blázquez Labraca,19.0,Spain,,,https://media.api-sports.io/football/players/406045.png,Attacker,0.0,0.0,,,0.0,0.0,,,,,,,,,,,,,,,0.0,0.0
140,La Liga,2025,532,Valencia,439578,David Otorbi,David,Otorbi Ejedewawe,18.0,Spain,180,82,https://media.api-sports.io/football/players/439578.png,Attacker,0.0,0.0,,,0.0,0.0,,,,,,,,,,,,,,,0.0,0.0
140,La Liga,2025,532,Valencia,551365,P. Lopez,,,19.0,,,,https://media.api-sports.io/football/players/551365.png,Attacker,0.0,0.0,,,0.0,0.0,,,,,,,,,,,,,,,0.0,0.0
140,La Liga,2025,548,Real Sociedad,23,Sergio Gómez,Sergio,Gómez Martín,25.0,Spain,173,71,https://media.api-sports.io/football/players/23.png,Attacker,35.0,30.0,2705.0,6.87,0.0,6.0,8.0,,1510.0,45.0,86.0,88.0,6.0,33.0,25.0,13.0,249.0,137.0,15.0,45.0,5.0,1.0
140,La Liga,2025,548,Real Sociedad,925,Gonçalo Guedes,Gonçalo Manuel,Ganchinho Guedes,29.0,Portugal,179,68,https://media.api-sports.io/football/players/925.png,Attacker,32.0,22.0,1839.0,6.88,8.0,4.0,29.0,18.0,564.0,25.0,74.0,25.0,,4.0,39.0,18.0,193.0,87.0,33.0,18.0,3.0,0.0
140,La Liga,2025,548,Real Sociedad,1902,D. Ćaleta-Car,Duje,Ćaleta-Car,29.0,Croatia,192,89,https://media.api-sports.io/football/players/1902.png,Defender,27.0,24.0,2152.0,6.81,1.0,0.0,9.0,3.0,1359.0,3.0,90.0,24.0,26.0,27.0,,,198.0,114.0,8.0,30.0,6.0,1.0
140,La Liga,2025,548,Real Sociedad,2202,H. Traoré,Hamari,Traoré,33.0,Mali,175,64,https://media.api-sports.io/football/players/2202.png,Defender,0.0,0.0,,,0.0,0.0,,,,,,,,,,,,,,,0.0,0.0
140,La Liga,2025,548,Real Sociedad,7332,L. Sučić,Luka,Sučić,23.0,Croatia,185,78,https://media.api-sports.io/football/players/7332.png,Midfielder,22.0,10.0,1018.0,6.77,3.0,1.0,16.0,7.0,463.0,9.0,79.0,19.0,1.0,5.0,25.0,14.0,120.0,55.0,6.0,11.0,1.0,0.0
140,La Liga,2025,548,Real Sociedad,32862,T. Kubo,Takefusa,Kubo,24.0,Japan,173,64,https://media.api-sports.io/football/players/32862.png,Midfielder,24.0,17.0,1508.0,7.05,2.0,4.0,18.0,12.0,489.0,33.0,79.0,30.0,,11.0,71.0,36.0,211.0,123.0,50.0,9.0,2.0,0.0
140,La Liga,2025,548,Real Sociedad,47298,Elustondo,Aritz,Elustondo Irribaria,31.0,Spain,180,71,https://media.api-sports.io/football/players/47298.png,Defender,16.0,8.0,725.0,6.43,0.0,1.0,4.0,2.0,378.0,1.0,85.0,14.0,3.0,10.0,6.0,,92.0,43.0,11.0,17.0,0.0,0.0
140,La Liga,2025,548,Real Sociedad,47303,Aihen Muñoz,Aihen,Muñoz Capellán,28.0,Spain,175,68,https://media.api-sports.io/football/players/47303.png,Defender,21.0,9.0,885.0,6.53,1.0,0.0,6.0,2.0,308.0,5.0,83.0,28.0,1.0,5.0,13.0,4.0,87.0,41.0,3.0,7.0,1.0,0.0
140,La Liga,2025,548,Real Sociedad,47317,Barrenetxea,Ander,Barrenetxea Muguruza,24.0,Spain,175,74,https://media.api-sports.io/football/players/47317.png,Midfielder,30.0,22.0,1769.0,6.84,3.0,5.0,29.0,11.0,726.0,44.0,80.0,30.0,4.0,15.0,116.0,55.0,285.0,124.0,30.0,37.0,5.0,0.0
140,La Liga,2025,548,Real Sociedad,47323,Mikel Oyarzabal,Mikel,Oyarzabal Ugarte,28.0,Spain,181,79,https://media.api-sports.io/football/players/47323.png,Attacker,34.0,30.0,2714.0,7.08,15.0,4.0,62.0,36.0,777.0,42.0,76.0,29.0,3.0,4.0,61.0,36.0,328.0,145.0,42.0,28.0,3.0,0.0
140,La Liga,2025,548,Real Sociedad,47440,Brais Méndez,Brais,Méndez Portela,28.0,Spain,187,76,https://media.api-sports.io/football/players/47440.png,Midfielder,29.0,21.0,1672.0,6.92,6.0,2.0,25.0,16.0,878.0,25.0,82.0,37.0,3.0,7.0,49.0,21.0,236.0,121.0,35.0,43.0,5.0,1.0
140,La Liga,2025,548,Real Sociedad,61774,O. Óskarsson,Orri Steinn,Óskarsson,21.0,Iceland,186,76,https://media.api-sports.io/football/players/61774.png,Attacker,20.0,8.0,842.0,6.92,9.0,0.0,26.0,19.0,124.0,5.0,62.0,7.0,1.0,1.0,4.0,3.0,78.0,33.0,7.0,15.0,5.0,0.0
140,La Liga,2025,548,Real Sociedad,182546,Jon Pacheco,Jon,Pacheco Dozagarat,24.0,Spain,184,77,https://media.api-sports.io/football/players/182546.png,Defender,0.0,0.0,,,0.0,0.0,,,,,,,,,,,,,,,0.0,0.0
140,La Liga,2025,542,Alaves,182546,Jon Pacheco,Jon,Pacheco Dozagarat,24.0,Spain,184,77,https://media.api-sports.io/football/players/182546.png,Defender,22.0,20.0,1734.0,6.77,0.0,0.0,4.0,1.0,938.0,5.0,86.0,37.0,21.0,11.0,4.0,3.0,144.0,89.0,7.0,14.0,5.0,0.0
140,La Liga,2025,548,Real Sociedad,183699,Urko González,Urko,González de Zárate Quirós,24.0,Spain,189,83,https://media.api-sports.io/football/players/183699.png,Midfielder,1.0,0.0,10.0,6.6,0.0,0.0,,,4.0,,100.0,,1.0,,,,,,,,0.0,0.0
140,La Liga,2025,540,Espanyol,183699,Urko González,Urko,González de Zárate Quirós,24.0,Spain,189,83,https://media.api-sports.io/football/players/183699.png,Midfielder,35.0,28.0,2619.0,6.65,0.0,1.0,12.0,1.0,980.0,11.0,80.0,54.0,10.0,32.0,23.0,15.0,277.0,133.0,42.0,42.0,7.0,0.0
140,La Liga,2025,548,Real Sociedad,183744,Beñat Turrientes,Beñat,Turrientes Imaz,23.0,Spain,181,70,https://media.api-sports.io/football/players/183744.png,Midfielder,27.0,16.0,1367.0,6.75,0.0,3.0,15.0,6.0,695.0,12.0,86.0,40.0,6.0,9.0,32.0,20.0,176.0,94.0,23.0,28.0,7.0,0.0
140,La Liga,2025,548,Real Sociedad,183748,Jon Karrikaburu,Jon,Karrikaburu Jaimerena,23.0,Spain,183,82,https://media.api-sports.io/football/players/183748.png,Attacker,7.0,0.0,136.0,6.46,0.0,0.0,5.0,2.0,16.0,1.0,62.0,2.0,,,1.0,,23.0,9.0,4.0,3.0,0.0,0.0
140,La Liga,2025,548,Real Sociedad,189832,Unai Marrero,Unai,Marrero Larrañaga,24.0,Spain,189,82,https://media.api-sports.io/football/players/189832.png,Goalkeeper,1.0,1.0,90.0,7.6,0.0,0.0,,,38.0,,55.0,,,,,,,,,,1.0,0.0
140,La Liga,2025,548,Real Sociedad,288384,Mikel Goti,Mikel,Goti López,23.0,Spain,185,75,https://media.api-sports.io/football/players/288384.png,Midfielder,4.0,1.0,81.0,6.03,0.0,0.0,1.0,,29.0,,48.0,,1.0,,3.0,2.0,21.0,5.0,,6.0,0.0,0.0
140,La Liga,2025,548,Real Sociedad,290106,Pablo Marín,Pablo,Marín Tejada,22.0,Spain,178,71,https://media.api-sports.io/football/players/290106.png,Midfielder,34.0,15.0,1511.0,6.51,0.0,1.0,7.0,4.0,374.0,13.0,79.0,19.0,1.0,8.0,40.0,17.0,166.0,66.0,23.0,22.0,2.0,0.0
140,La Liga,2025,548,Real Sociedad,405073,Jon Martín,Jon,Martín Vicente,19.0,Spain,185,83,https://media.api-sports.io/football/players/405073.png,Defender,25.0,25.0,2250.0,6.84,2.0,0.0,12.0,5.0,1356.0,2.0,91.0,31.0,24.0,34.0,12.0,8.0,206.0,135.0,12.0,18.0,6.0,0.0
140,La Liga,2025,533,Villarreal,49,T. Partey,Thomas,Teye Partey,32.0,Ghana,185,77,https://media.api-sports.io/football/players/49.png,Midfielder,25.0,8.0,930.0,6.58,0.0,0.0,8.0,2.0,547.0,8.0,86.0,18.0,4.0,14.0,10.0,8.0,89.0,46.0,6.0,11.0,1.0,0.0
140,La Liga,2025,533,Villarreal,166,J. Foyth,Juan Marcos,Foyth,27.0,Argentina,187,83,https://media.api-sports.io/football/players/166.png,Defender,13.0,12.0,936.0,7.18,0.0,0.0,1.0,,566.0,,89.0,20.0,10.0,16.0,4.0,3.0,51.0,33.0,1.0,8.0,2.0,0.0
140,La Liga,2025,533,Villarreal,928,Dani Parejo,Daniel,Parejo Muñoz,36.0,Spain,182,74,https://media.api-sports.io/football/players/928.png,Midfielder,32.0,16.0,1398.0,6.92,1.0,0.0,2.0,1.0,900.0,26.0,88.0,42.0,7.0,12.0,16.0,8.0,129.0,85.0,27.0,16.0,3.0,0.0
140,La Liga,2025,533,Villarreal,1702,Pedraza,Alfonso,Pedraza Sag,29.0,Spain,184,73,https://media.api-sports.io/football/players/1702.png,Defender,27.0,19.0,1690.0,6.73,1.0,3.0,8.0,3.0,604.0,21.0,78.0,41.0,6.0,29.0,33.0,20.0,164.0,87.0,23.0,27.0,8.0,0.0
140,La Liga,2025,533,Villarreal,1707,Gerard Moreno,Gerard,Moreno Balagueró,33.0,Spain,180,77,https://media.api-sports.io/football/players/1707.png,Attacker,22.0,16.0,1350.0,7.15,10.0,0.0,27.0,16.0,567.0,23.0,79.0,15.0,1.0,4.0,30.0,16.0,147.0,66.0,16.0,14.0,0.0,0.0
140,La Liga,2025,533,Villarreal,3246,N. Pépé,Nicolas,Pépé,30.0,Côte d'Ivoire,183,73,https://media.api-sports.io/football/players/3246.png,Midfielder,36.0,26.0,2397.0,7.25,8.0,8.0,43.0,25.0,881.0,57.0,82.0,31.0,1.0,16.0,122.0,59.0,325.0,150.0,43.0,23.0,4.0,0.0
140,La Liga,2025,533,Villarreal,20696,P. Gueye,Pape Alassane,Gueye,26.0,Senegal,189,79,https://media.api-sports.io/football/players/20696.png,Midfielder,30.0,26.0,2143.0,7.12,5.0,2.0,37.0,13.0,1079.0,25.0,80.0,40.0,9.0,34.0,29.0,15.0,228.0,133.0,54.0,35.0,8.0,0.0
140,La Liga,2025,533,Villarreal,47541,Santi Comesaña,Santiago,Comesaña Veiga,29.0,Spain,188,75,https://media.api-sports.io/football/players/47541.png,Midfielder,34.0,28.0,2413.0,6.89,3.0,6.0,21.0,7.0,1208.0,27.0,83.0,46.0,15.0,30.0,21.0,11.0,258.0,120.0,28.0,43.0,5.0,1.0
140,La Liga,2025,533,Villarreal,51016,T. Buchanan,Tajon Trevor,Buchanan,26.0,Canada,183,68,https://media.api-sports.io/football/players/51016.png,Attacker,34.0,21.0,1835.0,6.81,7.0,1.0,21.0,11.0,464.0,16.0,81.0,29.0,2.0,21.0,66.0,21.0,206.0,89.0,36.0,18.0,8.0,0.0
140,La Liga,2025,533,Villarreal,70500,Sergi Cardona,Sergi,Cardona Bermúdez,26.0,Spain,185,77,https://media.api-sports.io/football/players/70500.png,Defender,31.0,20.0,1970.0,6.75,1.0,4.0,16.0,5.0,738.0,21.0,81.0,47.0,9.0,36.0,14.0,4.0,184.0,92.0,23.0,28.0,4.0,0.0
140,La Liga,2025,533,Villarreal,162122,Adrià Alti,Adrià,Altimira Reynaldos,24.0,Spain,170,62,https://media.api-sports.io/football/players/162122.png,Defender,1.0,0.0,8.0,7,0.0,0.0,,,8.0,,100.0,1.0,,,,,1.0,1.0,,,0.0,0.0
140,La Liga,2025,533,Villarreal,182519,Alberto Moleiro,Alberto,Moleiro González,22.0,Spain,172,67,https://media.api-sports.io/football/players/182519.png,Midfielder,37.0,30.0,2491.0,6.89,10.0,5.0,39.0,20.0,814.0,37.0,79.0,30.0,3.0,12.0,67.0,33.0,264.0,93.0,27.0,33.0,4.0,0.0
140,La Liga,2025,533,Villarreal,184226,Yeremy Pino,Yeremy Jesús,Pino Santos,23.0,Spain,172,65,https://media.api-sports.io/football/players/184226.png,Midfielder,2.0,2.0,160.0,7.2,0.0,1.0,2.0,1.0,88.0,7.0,82.0,2.0,1.0,2.0,3.0,,10.0,2.0,,2.0,0.0,0.0
140,La Liga,2025,533,Villarreal,237066,Rafa Marín,Rafael,Marín Zamora,23.0,Spain,191,83,https://media.api-sports.io/football/players/237066.png,Defender,23.0,21.0,1981.0,7.03,1.0,0.0,5.0,1.0,1083.0,7.0,90.0,37.0,16.0,19.0,2.0,2.0,146.0,88.0,8.0,16.0,1.0,0.0
140,La Liga,2025,533,Villarreal,278619,Luíz Júnior,Luíz Lúcio,Reis Júnior,24.0,Brazil,194,88,https://media.api-sports.io/football/players/278619.png,Goalkeeper,28.0,28.0,2520.0,7.01,0.0,0.0,,,621.0,,69.0,,,1.0,,,15.0,11.0,4.0,2.0,3.0,0.0
140,La Liga,2025,533,Villarreal,302277,Rubén Gómez,Rubén,Gómez Peris,23.0,Spain,185,73,https://media.api-sports.io/football/players/302277.png,Goalkeeper,0.0,0.0,,,0.0,0.0,,,,,,,,,,,,,,,0.0,0.0
140,La Liga,2025,533,Villarreal,311773,S. Mouriño,Álvaro Santiago,Mouriño González,23.0,Uruguay,186,76,https://media.api-sports.io/football/players/311773.png,Defender,28.0,27.0,2385.0,6.98,1.0,2.0,11.0,3.0,1237.0,9.0,84.0,103.0,9.0,30.0,24.0,14.0,340.0,191.0,36.0,54.0,10.0,0.0
140,La Liga,2025,533,Villarreal,378284,Etta Eyong,Karl Edouard Blaise,Etta Eyong,22.0,Cameroon,181,75,https://media.api-sports.io/football/players/378284.png,Attacker,3.0,3.0,257.0,6.83,1.0,2.0,6.0,3.0,28.0,3.0,82.0,4.0,,,3.0,,20.0,9.0,4.0,3.0,0.0,0.0
140,La Liga,2025,539,Levante,378284,Etta Eyong,Karl Edouard Blaise,Etta Eyong,22.0,Cameroon,181,75,https://media.api-sports.io/football/players/378284.png,Attacker,30.0,15.0,1446.0,6.64,6.0,2.0,38.0,21.0,255.0,12.0,67.0,23.0,1.0,6.0,25.0,10.0,229.0,96.0,30.0,29.0,3.0,0.0
140,La Liga,2025,533,Villarreal,435552,Pau Navarro,Pau,Navarro Badenes,20.0,Spain,185,72,https://media.api-sports.io/football/players/435552.png,Defender,23.0,23.0,1925.0,6.72,0.0,0.0,2.0,2.0,973.0,4.0,88.0,65.0,16.0,18.0,11.0,7.0,209.0,109.0,11.0,34.0,4.0,0.0
140,La Liga,2025,533,Villarreal,484474,J. Valou,Jean Yves,Valou,20.0,Côte d'Ivoire,188,98,https://media.api-sports.io/football/players/484474.png,Defender,0.0,0.0,,,0.0,0.0,,,,,,,,,,,,,,,0.0,0.0
140,La Liga,2025,533,Villarreal,1461,Denis Suárez,Denis,Suárez Fernández,31.0,Spain,176,69,https://media.api-sports.io/football/players/1461.png,Midfielder,0.0,0.0,,,0.0,0.0,,,,,,,,,,,,,,,0.0,0.0
140,La Liga,2025,542,Alaves,1461,Denis Suárez,Denis,Suárez Fernández,31.0,Spain,176,69,https://media.api-sports.io/football/players/1461.png,Midfielder,30.0,15.0,1432.0,6.71,1.0,2.0,6.0,4.0,797.0,22.0,85.0,22.0,3.0,7.0,54.0,25.0,187.0,77.0,26.0,20.0,6.0,0.0
140,La Liga,2025,718,Oviedo,1695,Santi Cazorla,Santiago,Cazorla González,41.0,Spain,168,65,https://media.api-sports.io/football/players/1695.png,Midfielder,28.0,6.0,940.0,6.76,0.0,1.0,6.0,1.0,542.0,27.0,86.0,18.0,3.0,4.0,21.0,13.0,95.0,56.0,19.0,6.0,2.0,1.0
140,La Liga,2025,718,Oviedo,2461,S. Rondón,José Salomón,Rondón Giménez,36.0,Venezuela,186,86,https://media.api-sports.io/football/players/2461.png,Attacker,16.0,13.0,1037.0,6.58,2.0,0.0,20.0,5.0,206.0,5.0,71.0,3.0,1.0,1.0,19.0,9.0,160.0,77.0,21.0,11.0,2.0,0.0
140,La Liga,2025,718,Oviedo,3608,K. Sibo,Kwasi,Sibo,27.0,Ghana,182,72,https://media.api-sports.io/football/players/3608.png,Midfielder,26.0,21.0,1689.0,6.59,0.0,0.0,6.0,2.0,679.0,3.0,86.0,35.0,6.0,15.0,5.0,4.0,136.0,58.0,4.0,30.0,3.0,1.0
140,La Liga,2025,718,Oviedo,20844,H. Hassan,Haissem,Hassan,23.0,France,178,71,https://media.api-sports.io/football/players/20844.png,Midfielder,37.0,20.0,1943.0,6.81,0.0,3.0,24.0,8.0,497.0,20.0,80.0,39.0,,6.0,124.0,60.0,256.0,126.0,25.0,12.0,1.0,0.0
140,La Liga,2025,718,Oviedo,38699,L. Ilić,Luka,Ilić,26.0,Serbia,182,73,https://media.api-sports.io/football/players/38699.png,Midfielder,19.0,8.0,756.0,6.47,1.0,0.0,9.0,5.0,234.0,3.0,79.0,11.0,4.0,6.0,13.0,4.0,86.0,28.0,7.0,16.0,3.0,0.0
140,La Liga,2025,718,Oviedo,46657,Nacho Vidal,Ignacio,Vidal Miralles,30.0,Spain,180,75,https://media.api-sports.io/football/players/46657.png,Defender,29.0,27.0,2277.0,6.6,0.0,0.0,11.0,3.0,917.0,7.0,81.0,44.0,7.0,31.0,31.0,14.0,196.0,105.0,27.0,24.0,4.0,0.0
140,La Liga,2025,718,Oviedo,46673,Aarón Escandell,Aarón,Escandell Banacloche,30.0,Spain,185,71,https://media.api-sports.io/football/players/46673.png,Goalkeeper,36.0,36.0,3240.0,7.28,0.0,1.0,,,1243.0,2.0,66.0,,,,2.0,2.0,14.0,14.0,8.0,1.0,3.0,0.0
140,La Liga,2025,718,Oviedo,46862,Borja Sánchez,Borja,Sánchez Laborde,29.0,Spain,185,80,https://media.api-sports.io/football/players/46862.png,Midfielder,1.0,0.0,13.0,6.7,0.0,0.0,,,12.0,,83.0,,,,,,,,,,0.0,0.0
140,La Liga,2025,718,Oviedo,46966,Dani Calvo,Daniel Pedro,Calvo San Román,31.0,Spain,190,82,https://media.api-sports.io/football/players/46966.png,Defender,20.0,17.0,1617.0,7.05,0.0,0.0,3.0,,787.0,2.0,90.0,27.0,27.0,11.0,2.0,1.0,112.0,76.0,6.0,11.0,3.0,0.0
140,La Liga,2025,718,Oviedo,51530,F. Viñas,Federico Sebastián,Viñas Barboza,27.0,Uruguay,180,81,https://media.api-sports.io/football/players/51530.png,Attacker,33.0,28.0,2451.0,6.95,9.0,1.0,48.0,21.0,517.0,27.0,71.0,50.0,4.0,14.0,72.0,49.0,494.0,260.0,69.0,46.0,6.0,2.0
140,La Liga,2025,718,Oviedo,107140,Oier Luengo,Oier,Luengo Redondo,28.0,Spain,183,82,https://media.api-sports.io/football/players/107140.png,Defender,3.0,3.0,225.0,6.43,0.0,1.0,1.0,,88.0,1.0,88.0,6.0,2.0,2.0,,,16.0,9.0,1.0,2.0,1.0,0.0
140,La Liga,2025,718,Oviedo,182486,Alberto Reina,Alberto,Reina Campos,28.0,Spain,179,71,https://media.api-sports.io/football/players/182486.png,Midfielder,37.0,31.0,2487.0,6.71,4.0,1.0,19.0,11.0,1040.0,34.0,85.0,44.0,6.0,19.0,29.0,14.0,235.0,120.0,46.0,37.0,5.0,0.0
140,La Liga,2025,718,Oviedo,266202,I. Chaira,Ilyas,Chaira,24.0,Morocco,179,,https://media.api-sports.io/football/players/266202.png,Midfielder,36.0,30.0,2458.0,6.59,6.0,2.0,62.0,35.0,663.0,18.0,83.0,49.0,5.0,5.0,105.0,31.0,363.0,142.0,41.0,53.0,2.0,1.0
140,La Liga,2025,533,Villarreal,290740,Ilias Akhomach,Ilias,Akhomach Chakkour,21.0,Morocco,175,70,https://media.api-sports.io/football/players/290740.png,Attacker,9.0,2.0,185.0,6.54,0.0,0.0,5.0,2.0,61.0,5.0,85.0,8.0,2.0,,9.0,,42.0,16.0,7.0,9.0,1.0,0.0
140,La Liga,2025,728,Rayo Vallecano,290740,Ilias Akhomach,Ilias,Akhomach Chakkour,21.0,Morocco,175,70,https://media.api-sports.io/football/players/290740.png,Attacker,11.0,7.0,712.0,6.75,0.0,1.0,13.0,6.0,197.0,8.0,83.0,16.0,,2.0,34.0,13.0,115.0,58.0,29.0,9.0,2.0,0.0
140,La Liga,2025,718,Oviedo,295223,R. Alhassane,Abdel Rahim,Alhassane Bonkano,23.0,Niger,184,75,https://media.api-sports.io/football/players/295223.png,Defender,27.0,18.0,1726.0,6.63,0.0,0.0,,,720.0,17.0,79.0,34.0,6.0,32.0,17.0,8.0,113.0,71.0,8.0,10.0,2.0,0.0
140,La Liga,2025,718,Oviedo,297243,Miguel Narváez,Miguel,de Jesús Narváez López,23.0,Spain,188,,https://media.api-sports.io/football/players/297243.png,Goalkeeper,0.0,0.0,,,0.0,0.0,,,,,,,,,,,,,,,0.0,0.0
140,La Liga,2025,718,Oviedo,385405,Omar Falah,Omar,Falah Ruiz,22.0,Spain,,,https://media.api-sports.io/football/players/385405.png,Defender,1.0,0.0,13.0,6.6,0.0,0.0,,,7.0,,85.0,,,,1.0,,1.0,,,,0.0,0.0
140,La Liga,2025,718,Oviedo,402580,Marco Esteban,Marco,Esteban Fernández,19.0,Spain,183,75,https://media.api-sports.io/football/players/402580.png,Defender,1.0,0.0,45.0,6.3,0.0,0.0,,,13.0,,84.0,,,,,,,,,,0.0,0.0
140,La Liga,2025,533,Villarreal,411702,Pau Cabanes,Pau,Cabanes De La Torre,20.0,Spain,179,72,https://media.api-sports.io/football/players/411702.png,Attacker,1.0,0.0,16.0,6.5,0.0,0.0,,,5.0,,80.0,,,,,,1.0,,,,0.0,0.0
140,La Liga,2025,529,Barcelona,521,R. Lewandowski,Robert,Lewandowski,37.0,Poland,186,81,https://media.api-sports.io/football/players/521.png,Attacker,31.0,17.0,1657.0,6.77,14.0,2.0,49.0,29.0,336.0,14.0,79.0,5.0,,3.0,18.0,9.0,138.0,58.0,21.0,13.0,2.0,0.0
140,La Liga,2025,718,Oviedo,19613,O. Ejaria,Oviemuno Dominic,Ejaria,28.0,England,183,75,https://media.api-sports.io/football/players/19613.png,Attacker,8.0,2.0,196.0,6.69,0.0,0.0,2.0,1.0,108.0,1.0,87.0,4.0,,3.0,6.0,4.0,38.0,19.0,5.0,3.0,1.0,0.0
140,La Liga,2025,798,Mallorca,30924,M. Kumbulla,Marash,Kumbulla,25.0,Albania,191,78,https://media.api-sports.io/football/players/30924.png,Defender,8.0,5.0,438.0,6.63,0.0,0.0,3.0,,293.0,1.0,78.0,3.0,2.0,2.0,1.0,1.0,29.0,20.0,5.0,2.0,1.0,0.0
140,La Liga,2025,718,Oviedo,42642,H. Moldovan,Horaţiu Alexandru,Moldovan,27.0,Romania,189,72,https://media.api-sports.io/football/players/42642.png,Goalkeeper,2.0,2.0,180.0,6.7,0.0,0.0,,,80.0,,67.0,,,,,,,,,,0.0,0.0
140,La Liga,2025,797,Elche,46973,Josan,José Antonio,Ferrández Pomares,36.0,Spain,175,68,https://media.api-sports.io/football/players/46973.png,Midfielder,19.0,4.0,572.0,6.83,0.0,3.0,2.0,1.0,247.0,21.0,89.0,12.0,1.0,5.0,13.0,7.0,46.0,26.0,6.0,5.0,2.0,0.0
140,La Liga,2025,798,Mallorca,47399,Iván Cuéllar,Iván,Cuéllar Sacristán,41.0,Spain,187,76,https://media.api-sports.io/football/players/47399.png,Goalkeeper,0.0,0.0,,,0.0,0.0,,,,,,,,,,,,,,,0.0,0.0
140,La Liga,2025,532,Valencia,47527,S. Dimitrievski,Stole,Dimitrievski,32.0,North Macedonia,188,84,https://media.api-sports.io/football/players/47527.png,Goalkeeper,20.0,20.0,1800.0,7.09,0.0,0.0,,,655.0,,60.0,1.0,,1.0,,,12.0,11.0,4.0,,1.0,0.0
140,La Liga,2025,531,Athletic Club,128398,Oihan Sancet,Oihan,Sancet Tirapu,25.0,Spain,188,73,https://media.api-sports.io/football/players/128398.png,Midfielder,28.0,22.0,1803.0,6.61,4.0,0.0,37.0,15.0,596.0,27.0,81.0,25.0,2.0,4.0,30.0,16.0,199.0,88.0,28.0,28.0,4.0,1.0
140,La Liga,2025,531,Athletic Club,182617,Beñat Prados,Beñat,Prados Díaz,24.0,Spain,180,72,https://media.api-sports.io/football/players/182617.png,Midfielder,2.0,1.0,85.0,6.5,0.0,0.0,1.0,,49.0,2.0,75.0,3.0,,2.0,2.0,1.0,14.0,6.0,,5.0,1.0,0.0
140,La Liga,2025,718,Oviedo,191184,B. Dominguès,Brandon,Dominguès,25.0,France,172,63,https://media.api-sports.io/football/players/191184.png,Midfielder,0.0,0.0,,,0.0,0.0,,,,,,,,,,,,,,,0.0,0.0
140,La Liga,2025,548,Real Sociedad,268960,A. Zakharyan,Arsen,Zakharyan,22.0,Russia,182,73,https://media.api-sports.io/football/players/268960.png,Midfielder,17.0,3.0,448.0,6.48,0.0,0.0,8.0,3.0,216.0,10.0,79.0,10.0,,2.0,12.0,1.0,47.0,15.0,2.0,9.0,2.0,0.0
140,La Liga,2025,728,Rayo Vallecano,285505,Juanpe,Juan Pedro,Gil Bueno,24.0,Spain,185,74,https://media.api-sports.io/football/players/285505.png,Goalkeeper,0.0,0.0,,,0.0,0.0,,,,,,,,,,,,,,,0.0,0.0
140,La Liga,2025,718,Oviedo,286564,Álex Cardero,Alejandro,Suárez Cardero,22.0,Spain,175,68,https://media.api-sports.io/football/players/286564.png,Midfielder,0.0,0.0,,,0.0,0.0,,,,,,,,,,,,,,,0.0,0.0
140,La Liga,2025,538,Celta Vigo,286796,Damián Rodríguez,Damián,Rodríguez Sousa,22.0,Spain,180,75,https://media.api-sports.io/football/players/286796.png,Midfielder,2.0,2.0,151.0,6.4,0.0,0.0,3.0,,114.0,2.0,92.0,,,1.0,1.0,,5.0,,,3.0,1.0,0.0
140,La Liga,2025,548,Real Sociedad,287654,Jon Gorrotxategi,Jon,Gorrotxategi Etxaniz,23.0,Spain,177,,https://media.api-sports.io/football/players/287654.png,Midfielder,30.0,26.0,2215.0,6.76,1.0,3.0,7.0,1.0,1307.0,18.0,86.0,46.0,13.0,34.0,17.0,10.0,230.0,114.0,27.0,32.0,6.0,0.0
140,La Liga,2025,531,Athletic Club,332308,Unai Gómez,Unai,Gómez Etxebarria,22.0,Spain,183,75,https://media.api-sports.io/football/players/332308.png,Midfielder,26.0,12.0,949.0,6.48,1.0,1.0,18.0,7.0,222.0,8.0,75.0,14.0,1.0,1.0,15.0,6.0,110.0,42.0,6.0,12.0,1.0,0.0
140,La Liga,2025,718,Oviedo,438123,Lamine Gueye,Mouhamed Lamine,Gueye,21.0,Senegal,,,https://media.api-sports.io/football/players/438123.png,Attacker,0.0,0.0,,,0.0,0.0,,,,,,,,,,,,,,,0.0,0.0
140,La Liga,2025,718,Oviedo,443152,Cheli,José Luis,Pereda López,20.0,Spain,,,https://media.api-sports.io/football/players/443152.png,Midfielder,0.0,0.0,,,0.0,0.0,,,,,,,,,,,,,,,0.0,0.0
140,La Liga,2025,543,Real Betis,450714,Ivan Corralejo,Iván,Corralejo Mantero,18.0,Spain,,,https://media.api-sports.io/football/players/450714.png,Midfielder,1.0,0.0,14.0,6.3,0.0,0.0,,,7.0,,100.0,,,,,,5.0,1.0,1.0,1.0,0.0,0.0
140,La Liga,2025,530,Atletico Madrid,451594,Alejandro Monserrate,Alejandro,Monserrate Pueyo,19.0,Spain,177,,https://media.api-sports.io/football/players/451594.png,Midfielder,2.0,0.0,28.0,6.45,0.0,0.0,1.0,1.0,14.0,,92.0,2.0,,,2.0,1.0,10.0,5.0,1.0,2.0,0.0,0.0
140,La Liga,2025,547,Girona,20,A. Witsel,Axel Laurent Angel,Lambert Witsel,36.0,Belgium,186,81,https://media.api-sports.io/football/players/20.png,Defender,32.0,30.0,2533.0,6.85,1.0,2.0,16.0,5.0,1467.0,17.0,91.0,36.0,11.0,30.0,14.0,10.0,242.0,129.0,37.0,34.0,2.0,0.0
140,La Liga,2025,718,Oviedo,885,E. Bailly,Eric Bertrand,Bailly,31.0,Côte d'Ivoire,187,77,https://media.api-sports.io/football/players/885.png,Defender,15.0,15.0,1236.0,6.97,1.0,0.0,4.0,1.0,562.0,3.0,85.0,12.0,19.0,17.0,7.0,5.0,104.0,65.0,7.0,13.0,3.0,0.0
140,La Liga,2025,541,Real Madrid,2285,A. Rüdiger,Antonio,Rüdiger,32.0,Germany,190,85,https://media.api-sports.io/football/players/2285.png,Defender,18.0,16.0,1492.0,6.91,1.0,0.0,10.0,1.0,1172.0,3.0,93.0,14.0,4.0,4.0,1.0,,72.0,46.0,2.0,11.0,0.0,0.0
140,La Liga,2025,547,Girona,2617,C. Stuani,Cristhian Ricardo,Stuani Curbelo,39.0,Uruguay,186,76,https://media.api-sports.io/football/players/2617.png,Attacker,21.0,1.0,430.0,6.69,5.0,0.0,16.0,12.0,64.0,2.0,65.0,5.0,,1.0,2.0,2.0,70.0,36.0,11.0,12.0,4.0,0.0
140,La Liga,2025,718,Oviedo,2762,J. Brekalo,Josip,Brekalo,27.0,Croatia,175,70,https://media.api-sports.io/football/players/2762.png,Midfielder,14.0,6.0,483.0,6.61,0.0,0.0,8.0,3.0,209.0,11.0,72.0,12.0,,3.0,11.0,4.0,48.0,22.0,6.0,7.0,1.0,0.0
140,La Liga,2025,718,Oviedo,2922,L. Dendoncker,Leander,Dendoncker,30.0,Belgium,188,83,https://media.api-sports.io/football/players/2922.png,Midfielder,19.0,15.0,1339.0,6.77,1.0,0.0,7.0,4.0,554.0,6.0,86.0,36.0,7.0,12.0,8.0,4.0,123.0,66.0,3.0,12.0,2.0,0.0
140,La Liga,2025,718,Oviedo,30927,S. Colombatto,Santiago,Colombatto,28.0,Argentina,180,71,https://media.api-sports.io/football/players/30927.png,Midfielder,32.0,23.0,2069.0,6.78,0.0,1.0,11.0,2.0,1018.0,24.0,85.0,43.0,6.0,14.0,7.0,5.0,185.0,100.0,41.0,44.0,6.0,0.0
140,La Liga,2025,546,Getafe,46795,Domingos Duarte,Domingos,de Sousa Coutinho Meneses Duar,30.0,Portugal,192,80,https://media.api-sports.io/football/players/46795.png,Defender,34.0,34.0,2928.0,6.66,1.0,1.0,12.0,4.0,900.0,2.0,76.0,33.0,16.0,34.0,1.0,,237.0,134.0,24.0,32.0,12.0,0.0
140,La Liga,2025,718,Oviedo,47429,David Costas,David,Costas Cordal,30.0,Spain,184,71,https://media.api-sports.io/football/players/47429.png,Defender,25.0,22.0,2075.0,6.8,1.0,0.0,5.0,1.0,1025.0,5.0,88.0,26.0,18.0,27.0,9.0,7.0,146.0,90.0,10.0,16.0,3.0,0.0
140,La Liga,2025,546,Getafe,47472,Borja Mayoral,Borja,Mayoral Moya,28.0,Spain,182,68,https://media.api-sports.io/football/players/47472.png,Attacker,16.0,12.0,1067.0,6.7,4.0,1.0,10.0,7.0,264.0,5.0,81.0,5.0,2.0,5.0,9.0,6.0,95.0,33.0,7.0,6.0,0.0,0.0
140,La Liga,2025,547,Girona,47547,Álex Moreno,Alexandre,Moreno Lopera,32.0,Spain,179,68,https://media.api-sports.io/football/players/47547.png,Defender,31.0,28.0,2562.0,6.67,0.0,3.0,12.0,5.0,1054.0,16.0,83.0,43.0,10.0,30.0,72.0,35.0,240.0,118.0,20.0,32.0,5.0,0.0
140,La Liga,2025,536,Sevilla,48471,R. Vargas,Rubén Estephan,Vargas Martínez,27.0,Switzerland,177,77,https://media.api-sports.io/football/players/48471.png,Midfielder,24.0,20.0,1608.0,6.74,3.0,6.0,24.0,8.0,561.0,28.0,73.0,19.0,1.0,7.0,48.0,21.0,157.0,77.0,17.0,13.0,2.0,0.0
140,La Liga,2025,547,Girona,297304,D. Camara,Dawda,Camara Sankharé,23.0,Mauritania,178,74,https://media.api-sports.io/football/players/297304.png,Attacker,2.0,1.0,71.0,6.5,0.0,0.0,1.0,1.0,10.0,2.0,70.0,1.0,,1.0,,,8.0,2.0,,2.0,0.0,0.0
140,La Liga,2025,543,Real Betis,300885,N. Deossa,Nelson Alexander,Deossa Suárez,25.0,Colombia,185,71,https://media.api-sports.io/football/players/300885.png,Midfielder,20.0,8.0,736.0,6.81,0.0,0.0,12.0,,320.0,8.0,83.0,14.0,,5.0,36.0,28.0,155.0,93.0,24.0,18.0,3.0,0.0
140,La Liga,2025,533,Villarreal,336671,Renato Veiga,Renato,da Palma Veiga,22.0,Portugal,190,88,https://media.api-sports.io/football/players/336671.png,Midfielder,32.0,27.0,2485.0,6.76,0.0,0.0,6.0,3.0,1543.0,3.0,88.0,19.0,30.0,24.0,4.0,,140.0,74.0,6.0,24.0,5.0,1.0
140,La Liga,2025,540,Espanyol,359603,L. Koleosho,Luca,Warrick Daeovie Koleosho,21.0,Italy,175,68,https://media.api-sports.io/football/players/359603.png,Attacker,3.0,0.0,60.0,6.6,0.0,0.0,,,24.0,1.0,95.0,1.0,,1.0,7.0,4.0,13.0,5.0,,3.0,0.0,0.0
140,La Liga,2025,543,Real Betis,392455,Germán García,Germán,García Fernández,21.0,Spain,185,75,https://media.api-sports.io/football/players/392455.png,Goalkeeper,0.0,0.0,,,0.0,0.0,,,,,,,,,,,,,,,0.0,0.0
140,La Liga,2025,536,Sevilla,438263,Miguel Ángel,Miguel Ángel,Sierra Ortega,21.0,Spain,181,,https://media.api-sports.io/football/players/438263.png,Attacker,0.0,0.0,,,0.0,0.0,,,,,,,,,,,,,,,0.0,0.0
140,La Liga,2025,542,Alaves,439032,Rubén Montero,Rubén,Montero Fernández,20.0,Spain,183,,https://media.api-sports.io/football/players/439032.png,Goalkeeper,0.0,0.0,,,0.0,0.0,,,,,,,,,,,,,,,0.0,0.0
140,La Liga,2025,546,Getafe,465838,Alberto Risco,Alberto,Risco Alcántara,20.0,Spain,157,42,https://media.api-sports.io/football/players/465838.png,Midfielder,0.0,0.0,,,0.0,0.0,,,,,,,,,,,,,,,0.0,0.0
140,La Liga,2025,536,Sevilla,557,O. Vlachodimos,Odysseas,Vlachodimos,31.0,Greece,188,78,https://media.api-sports.io/football/players/557.png,Goalkeeper,33.0,33.0,2970.0,7,0.0,0.0,,,969.0,,63.0,,,1.0,1.0,1.0,8.0,7.0,2.0,,2.0,0.0
140,La Liga,2025,529,Barcelona,851,W. Szczęsny,Wojciech Tomasz,Szczęsny,35.0,Poland,195,96,https://media.api-sports.io/football/players/851.png,Goalkeeper,8.0,8.0,720.0,6.99,0.0,0.0,,,235.0,,83.0,,,,,,1.0,1.0,,,0.0,0.0
140,La Liga,2025,539,Levante,2741,M. Ryan,Mathew David,Ryan,33.0,Australia,184,83,https://media.api-sports.io/football/players/2741.png,Goalkeeper,36.0,36.0,3240.0,7.24,0.0,0.0,1.0,,1140.0,,70.0,2.0,,1.0,,,23.0,21.0,1.0,,4.0,0.0
140,La Liga,2025,536,Sevilla,11421,G. Suazo,Gabriel Alonso,Suazo Urbina,28.0,Chile,178,72,https://media.api-sports.io/football/players/11421.png,Defender,29.0,25.0,2096.0,6.75,0.0,1.0,4.0,2.0,1026.0,36.0,83.0,86.0,5.0,30.0,26.0,15.0,236.0,128.0,15.0,33.0,7.0,0.0
140,La Liga,2025,543,Real Betis,47302,Diego Llorente,Diego Javier,Llorente Ríos,32.0,Spain,186,75,https://media.api-sports.io/football/players/47302.png,Defender,18.0,14.0,1226.0,7.08,1.0,0.0,4.0,3.0,730.0,1.0,90.0,28.0,10.0,27.0,2.0,1.0,117.0,72.0,13.0,13.0,5.0,0.0
140,La Liga,2025,543,Real Betis,47341,Marc Roca,Marc,Roca Junqué,29.0,Spain,184,77,https://media.api-sports.io/football/players/47341.png,Midfielder,29.0,23.0,2025.0,6.78,1.0,1.0,13.0,7.0,1074.0,19.0,88.0,38.0,9.0,23.0,14.0,11.0,178.0,81.0,23.0,42.0,1.0,0.0
140,La Liga,2025,540,Espanyol,48555,C. Pickel,Charles,Monginda Pickel,28.0,Switzerland,187,76,https://media.api-sports.io/football/players/48555.png,Midfielder,24.0,4.0,712.0,6.53,1.0,0.0,6.0,4.0,250.0,2.0,80.0,13.0,3.0,6.0,6.0,5.0,87.0,39.0,2.0,15.0,3.0,1.0
140,La Liga,2025,536,Sevilla,119213,Alfon González,Alfonso,González Martínez,26.0,Spain,172,60,https://media.api-sports.io/football/players/119213.png,Midfielder,10.0,4.0,321.0,6.58,1.0,0.0,7.0,7.0,73.0,6.0,82.0,1.0,,1.0,15.0,4.0,40.0,13.0,6.0,3.0,0.0,0.0
140,La Liga,2025,533,Villarreal,119213,Alfon González,Alfonso,González Martínez,26.0,Spain,172,60,https://media.api-sports.io/football/players/119213.png,Attacker,10.0,3.0,334.0,6.52,1.0,0.0,4.0,3.0,59.0,3.0,81.0,2.0,,1.0,8.0,2.0,35.0,6.0,2.0,7.0,0.0,0.0
140,La Liga,2025,533,Villarreal,122956,Diego Conde,Diego José,Conde Alcolado,27.0,Spain,188,78,https://media.api-sports.io/football/players/122956.png,Goalkeeper,0.0,0.0,,,0.0,0.0,,,,,,,,,,,,,,,0.0,0.0
140,La Liga,2025,533,Villarreal,162473,Arnau Tenas,Arnau,Tenas Ureña,24.0,Spain,185,85,https://media.api-sports.io/football/players/162473.png,Goalkeeper,10.0,10.0,901.0,6.91,0.0,0.0,,,284.0,,63.0,1.0,,,,,2.0,2.0,1.0,,0.0,0.0
140,La Liga,2025,529,Barcelona,181701,Gerard Martín,Gerard,Martín Langreo,23.0,Spain,186,82,https://media.api-sports.io/football/players/181701.png,Defender,32.0,26.0,2140.0,7.06,0.0,0.0,5.0,4.0,1947.0,13.0,91.0,40.0,8.0,28.0,9.0,6.0,146.0,97.0,7.0,16.0,6.0,0.0
140,La Liga,2025,539,Levante,182603,Jon Ander Olasagasti,Jon Ander,Olasagasti Imizcoz,25.0,Spain,176,74,https://media.api-sports.io/football/players/182603.png,Midfielder,33.0,18.0,1748.0,6.82,1.0,5.0,18.0,9.0,667.0,36.0,76.0,28.0,8.0,13.0,25.0,12.0,194.0,102.0,33.0,20.0,3.0,1.0
140,La Liga,2025,798,Mallorca,190485,Samú Costa,Samuel,de Almeida Costa,25.0,Portugal,183,75,https://media.api-sports.io/football/players/190485.png,Midfielder,34.0,31.0,2705.0,6.99,7.0,2.0,31.0,16.0,1268.0,17.0,79.0,65.0,13.0,26.0,49.0,14.0,421.0,217.0,68.0,64.0,11.0,0.0
140,La Liga,2025,540,Espanyol,282054,C. Riedel,Clemens,Riedel,22.0,Germany,186,83,https://media.api-sports.io/football/players/282054.png,Defender,20.0,16.0,1402.0,6.82,0.0,1.0,2.0,1.0,810.0,4.0,88.0,28.0,7.0,11.0,1.0,1.0,130.0,70.0,7.0,23.0,5.0,0.0
140,La Liga,2025,727,Osasuna,288800,Iker Benito,Iker,Benito Sánchez,23.0,Spain,176,71,https://media.api-sports.io/football/players/288800.png,Attacker,6.0,1.0,171.0,6.85,1.0,0.0,2.0,1.0,75.0,2.0,81.0,1.0,1.0,2.0,3.0,1.0,18.0,6.0,3.0,3.0,1.0,0.0
140,La Liga,2025,536,Sevilla,341453,Oso,Joaquín,Martínez Gauna,22.0,Spain,183,,https://media.api-sports.io/football/players/341453.png,Defender,21.0,14.0,1409.0,6.8,2.0,3.0,13.0,8.0,441.0,21.0,75.0,27.0,3.0,7.0,31.0,17.0,144.0,75.0,16.0,12.0,1.0,0.0
140,La Liga,2025,533,Villarreal,351587,T. Oluwaseyi,Tanitoluwa,Oluwatimikhin Oluwaseyi,25.0,Nigeria,191,80,https://media.api-sports.io/football/players/351587.png,Attacker,27.0,9.0,922.0,6.49,2.0,2.0,13.0,7.0,112.0,6.0,63.0,7.0,3.0,1.0,22.0,9.0,128.0,46.0,8.0,11.0,1.0,0.0
140,La Liga,2025,536,Sevilla,437594,Alex Costa,Alejandro,Costa Quijano,22.0,Spain,189,,https://media.api-sports.io/football/players/437594.png,Attacker,0.0,0.0,,,0.0,0.0,,,,,,,,,,,,,,,0.0,0.0
140,La Liga,2025,798,Mallorca,491248,Jan Virgili,Jan,Virgili Tenas,19.0,Spain,,,https://media.api-sports.io/football/players/491248.png,Attacker,31.0,19.0,1804.0,6.61,2.0,4.0,21.0,16.0,407.0,30.0,75.0,15.0,2.0,7.0,113.0,51.0,258.0,104.0,24.0,22.0,0.0,1.0
140,La Liga,2025,533,Villarreal,514913,Hugo López,Hugo,López Cortés,18.0,Spain,,,https://media.api-sports.io/football/players/514913.png,Attacker,2.0,1.0,55.0,6.4,0.0,0.0,,,5.0,,100.0,1.0,,1.0,1.0,,6.0,1.0,,2.0,0.0,0.0
140,La Liga,2025,542,Alaves,608,L. Boyé,Lucas Ariel,Boyé,29.0,Argentina,179,81,https://media.api-sports.io/football/players/608.png,Attacker,29.0,22.0,1959.0,6.73,11.0,1.0,47.0,21.0,419.0,28.0,72.0,35.0,6.0,7.0,74.0,37.0,387.0,143.0,39.0,57.0,3.0,0.0
140,La Liga,2025,533,Villarreal,697,M. Solomon,Manor,Solomon,26.0,Israel,170,66,https://media.api-sports.io/football/players/697.png,Attacker,6.0,1.0,153.0,6.85,1.0,1.0,1.0,1.0,49.0,2.0,85.0,1.0,,,11.0,6.0,19.0,9.0,2.0,,0.0,0.0
140,La Liga,2025,532,Valencia,1482,Thierry Correia,Thierry,Rendall Correia,26.0,Portugal,176,69,https://media.api-sports.io/football/players/1482.png,Defender,24.0,17.0,1394.0,6.55,0.0,2.0,2.0,1.0,648.0,13.0,81.0,31.0,,17.0,16.0,8.0,152.0,78.0,25.0,28.0,5.0,0.0
140,La Liga,2025,547,Girona,2061,Bryan Gil,Bryan,Gil Salvatierra,24.0,Spain,175,60,https://media.api-sports.io/football/players/2061.png,Attacker,29.0,20.0,1597.0,6.52,0.0,3.0,15.0,7.0,517.0,21.0,83.0,31.0,1.0,9.0,81.0,33.0,250.0,105.0,37.0,20.0,6.0,0.0
140,La Liga,2025,532,Valencia,6010,L. Beltrán,Lucas,Beltrán,24.0,Argentina,174,75,https://media.api-sports.io/football/players/6010.png,Midfielder,27.0,16.0,1366.0,6.6,1.0,2.0,22.0,9.0,391.0,13.0,78.0,22.0,1.0,4.0,29.0,16.0,226.0,102.0,39.0,26.0,1.0,0.0
140,La Liga,2025,533,Villarreal,18906,Ayoze Pérez,Ayoze,Pérez Gutiérrez,32.0,Spain,178,66,https://media.api-sports.io/football/players/18906.png,Attacker,25.0,12.0,1127.0,6.78,5.0,4.0,17.0,11.0,256.0,16.0,75.0,22.0,,4.0,39.0,13.0,179.0,72.0,23.0,17.0,4.0,0.0
140,La Liga,2025,530,Atletico Madrid,26315,N. González,Nicolás Iván,González,27.0,Argentina,180,72,https://media.api-sports.io/football/players/26315.png,Midfielder,24.0,18.0,1460.0,6.91,5.0,0.0,37.0,20.0,534.0,12.0,76.0,24.0,3.0,12.0,47.0,24.0,237.0,123.0,25.0,28.0,4.0,1.0
140,La Liga,2025,718,Oviedo,41970,David Carmo,David,Mota Veiga Teixeira Carmo,26.0,Portugal,196,84,https://media.api-sports.io/football/players/41970.png,Defender,22.0,20.0,1787.0,6.79,1.0,0.0,8.0,3.0,1017.0,7.0,82.0,34.0,18.0,21.0,3.0,2.0,163.0,101.0,4.0,20.0,7.0,0.0
140,La Liga,2025,538,Celta Vigo,47988,C. Starfelt,Carl Anders Theodor,Starfelt,30.0,Sweden,187,83,https://media.api-sports.io/football/players/47988.png,Defender,19.0,17.0,1493.0,6.86,0.0,0.0,4.0,1.0,1015.0,1.0,95.0,23.0,13.0,17.0,2.0,1.0,105.0,62.0,8.0,19.0,2.0,0.0
140,La Liga,2025,547,Girona,129678,A. Ounahi,Azzedine,Ounahi,25.0,Morocco,182,62,https://media.api-sports.io/football/players/129678.png,Midfielder,24.0,20.0,1766.0,7.27,5.0,2.0,35.0,19.0,907.0,36.0,85.0,23.0,1.0,16.0,132.0,69.0,310.0,159.0,63.0,18.0,7.0,0.0
140,La Liga,2025,532,Valencia,138776,L. Ramazani,Largie,Ramazani,24.0,Belgium,167,55,https://media.api-sports.io/football/players/138776.png,Attacker,27.0,11.0,1250.0,6.82,6.0,1.0,34.0,19.0,316.0,16.0,74.0,14.0,,14.0,55.0,22.0,164.0,59.0,20.0,17.0,4.0,0.0
140,La Liga,2025,547,Girona,161670,V. Vanat,Vladyslav,Vanat,24.0,Ukraine,182,69,https://media.api-sports.io/football/players/161670.png,Attacker,27.0,27.0,1960.0,6.64,9.0,1.0,22.0,18.0,272.0,12.0,77.0,5.0,1.0,3.0,19.0,9.0,135.0,48.0,17.0,28.0,4.0,0.0
140,La Liga,2025,533,Villarreal,180496,G. Mikautadze,Georges,Mikautadze,25.0,Georgia,176,71,https://media.api-sports.io/football/players/180496.png,Attacker,32.0,23.0,2117.0,6.96,13.0,6.0,54.0,32.0,400.0,28.0,75.0,6.0,1.0,5.0,68.0,33.0,204.0,94.0,45.0,13.0,1.0,0.0
140,La Liga,2025,532,Valencia,297743,Javier Navarro Girona,Javier,Navarro Girona,21.0,Spain,,,https://media.api-sports.io/football/players/297743.png,Midfielder,0.0,0.0,,,0.0,0.0,,,,,,,,,,,,,,,0.0,0.0
140,La Liga,2025,529,Barcelona,338958,R. Bardghji,Roony,Bardghji,20.0,Sweden,173,73,https://media.api-sports.io/football/players/338958.png,Midfielder,21.0,7.0,661.0,6.64,1.0,1.0,18.0,12.0,336.0,14.0,88.0,6.0,,2.0,41.0,22.0,77.0,37.0,8.0,7.0,0.0,0.0
140,La Liga,2025,532,Valencia,406043,Lucas Nuñez,Lucas,Nuñez Ramirez,19.0,Spain,183,,https://media.api-sports.io/football/players/406043.png,Midfielder,0.0,0.0,,,0.0,0.0,,,,,,,,,,,,,,,0.0,0.0
140,La Liga,2025,532,Valencia,406046,Pablo López,Pablo,López Gómez,19.0,Spain,175,65,https://media.api-sports.io/football/players/406046.png,Attacker,0.0,0.0,,,0.0,0.0,,,,,,,,,,,,,,,0.0,0.0
140,La Liga,2025,548,Real Sociedad,431160,T. Folgado,Theo Mickael Kevin,Folgado,20.0,Spain,,,https://media.api-sports.io/football/players/431160.png,Goalkeeper,0.0,0.0,,,0.0,0.0,,,,,,,,,,,,,,,0.0,0.0
140,La Liga,2025,529,Barcelona,433396,Marc Bernal,Marc,Bernal Casas,18.0,Spain,193,87,https://media.api-sports.io/football/players/433396.png,Midfielder,22.0,9.0,795.0,6.91,2.0,1.0,4.0,2.0,591.0,5.0,92.0,27.0,2.0,12.0,14.0,11.0,116.0,65.0,11.0,16.0,5.0,0.0
140,La Liga,2025,531,Athletic Club,437637,Mikel Santos,Mikel,Santos Linares,21.0,Spain,182,,https://media.api-sports.io/football/players/437637.png,Goalkeeper,0.0,0.0,,,0.0,0.0,,,,,,,,,,,,,,,0.0,0.0
140,La Liga,2025,543,Real Betis,74,S. Amrabat,Sofyan,Amrabat,29.0,Morocco,183,82,https://media.api-sports.io/football/players/74.png,Midfielder,17.0,14.0,1296.0,6.98,0.0,0.0,5.0,1.0,897.0,7.0,91.0,25.0,4.0,11.0,8.0,6.0,102.0,54.0,19.0,22.0,4.0,0.0
140,La Liga,2025,547,Girona,155,Abel Ruiz,Abel,Ruiz Ortega,25.0,Spain,182,73,https://media.api-sports.io/football/players/155.png,Attacker,9.0,0.0,194.0,6.47,0.0,0.0,2.0,1.0,36.0,2.0,77.0,1.0,,1.0,1.0,1.0,20.0,7.0,1.0,2.0,0.0,0.0
140,La Liga,2025,547,Girona,547,D. van de Beek,Donny,van de Beek,28.0,Netherlands,184,76,https://media.api-sports.io/football/players/547.png,Midfielder,2.0,1.0,41.0,6.7,0.0,0.0,2.0,1.0,13.0,,92.0,,1.0,,,,,,,,0.0,0.0
140,La Liga,2025,547,Girona,1305,D. Livaković,Dominik,Livaković,31.0,Croatia,188,79,https://media.api-sports.io/football/players/1305.png,Goalkeeper,0.0,0.0,,,0.0,0.0,,,,,,,,,,,,,,,0.0,0.0
140,La Liga,2025,543,Real Betis,9971,Antony,Antony Matheus,dos Santos,25.0,Brazil,174,63,https://media.api-sports.io/football/players/9971.png,Midfielder,32.0,30.0,2459.0,7.21,8.0,6.0,67.0,34.0,1197.0,56.0,81.0,40.0,1.0,23.0,58.0,27.0,228.0,118.0,44.0,20.0,6.0,1.0
140,La Liga,2025,546,Getafe,18794,Kiko Femenía,Francisco,Femenía Far,34.0,Spain,176,61,https://media.api-sports.io/football/players/18794.png,Defender,28.0,25.0,2020.0,6.59,1.0,1.0,7.0,3.0,601.0,17.0,77.0,39.0,2.0,34.0,19.0,6.0,151.0,74.0,11.0,21.0,6.0,0.0
140,La Liga,2025,539,Levante,20817,G. Koyalipou,Goduine,Koyalipou,25.0,France,184,82,https://media.api-sports.io/football/players/20817.png,Attacker,11.0,2.0,239.0,6.56,1.0,0.0,5.0,4.0,54.0,1.0,57.0,4.0,,1.0,15.0,9.0,49.0,21.0,1.0,2.0,1.0,0.0
140,La Liga,2025,798,Mallorca,26302,Pablo Maffeo,Pablo Carmine,Maffeo Becerra,28.0,Spain,172,70,https://media.api-sports.io/football/players/26302.png,Defender,31.0,30.0,2672.0,6.88,1.0,2.0,5.0,1.0,932.0,20.0,76.0,67.0,22.0,34.0,54.0,34.0,257.0,155.0,23.0,26.0,11.0,0.0
140,La Liga,2025,727,Osasuna,37938,S. Becker,Sheraldo Rudi,Becker,30.0,Suriname,180,77,https://media.api-sports.io/football/players/37938.png,Attacker,9.0,0.0,171.0,6.58,0.0,0.0,1.0,,45.0,2.0,71.0,2.0,,3.0,2.0,,16.0,3.0,1.0,4.0,0.0,0.0
140,La Liga,2025,546,Getafe,41976,Y. Neyou,Yvan Latour,Neyou Noupa,28.0,Cameroon,180,63,https://media.api-sports.io/football/players/41976.png,Defender,5.0,0.0,73.0,6.43,0.0,0.0,,,18.0,,83.0,,,,1.0,,10.0,2.0,2.0,4.0,2.0,0.0
140,La Liga,2025,546,Getafe,46813,A. Abqar,Abdelkabir,Abqar,26.0,Morocco,188,80,https://media.api-sports.io/football/players/46813.png,Defender,23.0,17.0,1440.0,6.73,0.0,2.0,6.0,1.0,440.0,4.0,72.0,39.0,8.0,21.0,7.0,2.0,160.0,99.0,36.0,29.0,10.0,1.0
140,La Liga,2025,728,Rayo Vallecano,91745,Alemão,Alexandre,Zurawski,27.0,Brazil,182,88,https://media.api-sports.io/football/players/91745.png,Attacker,26.0,11.0,1149.0,6.53,4.0,0.0,20.0,12.0,184.0,7.0,68.0,6.0,2.0,1.0,13.0,7.0,148.0,59.0,27.0,23.0,3.0,0.0
140,La Liga,2025,539,Levante,125239,K. Arriaga,Kervin Fabián,Arriaga Villanueva,27.0,Honduras,191,77,https://media.api-sports.io/football/players/125239.png,Midfielder,27.0,16.0,1544.0,6.96,3.0,3.0,12.0,6.0,715.0,7.0,82.0,41.0,14.0,14.0,19.0,8.0,204.0,116.0,22.0,22.0,7.0,0.0
140,La Liga,2025,718,Oviedo,131548,Lucas Ahijado,Lucas,Ahijado Quintana,30.0,Spain,173,67,https://media.api-sports.io/football/players/131548.png,Defender,20.0,11.0,1100.0,6.65,0.0,1.0,6.0,2.0,427.0,9.0,79.0,46.0,4.0,17.0,27.0,16.0,114.0,72.0,3.0,14.0,3.0,0.0
140,La Liga,2025,543,Real Betis,181421,A. Ezzalzouli,Abdessamad,Ezzalzouli,24.0,Morocco,177,73,https://media.api-sports.io/football/players/181421.png,Attacker,29.0,26.0,2255.0,7.32,10.0,8.0,53.0,26.0,798.0,32.0,79.0,53.0,1.0,16.0,86.0,39.0,375.0,194.0,71.0,28.0,3.0,0.0
140,La Liga,2025,718,Oviedo,182636,Javi López,Javier,López Carballo,23.0,Spain,184,80,https://media.api-sports.io/football/players/182636.png,Defender,25.0,20.0,1726.0,6.54,0.0,1.0,3.0,1.0,743.0,19.0,79.0,43.0,2.0,20.0,40.0,18.0,203.0,99.0,26.0,38.0,3.0,1.0
140,La Liga,2025,546,Getafe,284441,A. Kamara,Abu,Kamara,22.0,England,186,81,https://media.api-sports.io/football/players/284441.png,Attacker,12.0,1.0,264.0,6.47,0.0,0.0,3.0,1.0,76.0,3.0,68.0,4.0,1.0,2.0,9.0,2.0,37.0,13.0,4.0,2.0,1.0,0.0
140,La Liga,2025,543,Real Betis,289554,D. Bladi,Darling,Bladi,21.0,France,164,,https://media.api-sports.io/football/players/289554.png,Defender,0.0,0.0,,,0.0,0.0,,,,,,,,,,,,,,,0.0,0.0
140,La Liga,2025,728,Rayo Vallecano,478243,Marco de las Sías,Marco,de las Sías López,20.0,Spain,180,74,https://media.api-sports.io/football/players/478243.png,Defender,0.0,0.0,,,0.0,0.0,,,,,,,,,,,,,,,0.0,0.0
140,La Liga,2025,728,Rayo Vallecano,478244,Adrián Molina,Adrián,Molina Colorado,20.0,Spain,,,https://media.api-sports.io/football/players/478244.png,Goalkeeper,0.0,0.0,,,0.0,0.0,,,,,,,,,,,,,,,0.0,0.0
140,La Liga,2025,548,Real Sociedad,737,Odriozola,Álvaro,Odriozola Arzallus,30.0,Spain,176,66,https://media.api-sports.io/football/players/737.png,Defender,5.0,2.0,202.0,7.1,1.0,0.0,1.0,1.0,28.0,3.0,85.0,5.0,2.0,1.0,2.0,,15.0,9.0,3.0,1.0,0.0,0.0
140,La Liga,2025,536,Sevilla,910,A. Sánchez,Alexis Alejandro,Sánchez Sánchez,37.0,Chile,169,62,https://media.api-sports.io/football/players/910.png,Attacker,28.0,11.0,1305.0,6.63,4.0,2.0,19.0,9.0,444.0,26.0,74.0,22.0,,7.0,22.0,8.0,150.0,70.0,26.0,16.0,3.0,0.0
140,La Liga,2025,548,Real Sociedad,930,Carlos Soler,Carlos,Soler Barragán,28.0,Spain,180,76,https://media.api-sports.io/football/players/930.png,Midfielder,33.0,26.0,2332.0,6.98,4.0,3.0,29.0,19.0,1195.0,46.0,86.0,38.0,10.0,15.0,20.0,13.0,162.0,79.0,20.0,28.0,3.0,1.0
140,La Liga,2025,541,Real Madrid,2207,E. Camavinga,Eduardo,Celmi Camavinga,23.0,France,182,68,https://media.api-sports.io/football/players/2207.png,Midfielder,29.0,16.0,1532.0,7.07,1.0,0.0,10.0,2.0,1086.0,15.0,91.0,65.0,11.0,14.0,20.0,13.0,189.0,119.0,31.0,34.0,2.0,0.0
140,La Liga,2025,536,Sevilla,2280,César Azpilicueta,César,Azpilicueta Tanco,36.0,Spain,178,76,https://media.api-sports.io/football/players/2280.png,Defender,17.0,17.0,1218.0,6.84,0.0,1.0,1.0,,702.0,3.0,88.0,27.0,9.0,22.0,5.0,2.0,110.0,59.0,9.0,24.0,4.0,0.0
140,La Liga,2025,797,Elche,18821,G. Diangana,Grady George,Diangana,27.0,England,180,73,https://media.api-sports.io/football/players/18821.png,Attacker,20.0,13.0,929.0,6.51,1.0,0.0,7.0,2.0,294.0,10.0,83.0,14.0,3.0,4.0,32.0,10.0,121.0,49.0,19.0,15.0,3.0,0.0
140,La Liga,2025,536,Sevilla,21087,B. Mendy,Batista Adélino,Mendy,26.0,France,191,82,https://media.api-sports.io/football/players/21087.png,Midfielder,27.0,19.0,1624.0,6.68,1.0,0.0,10.0,5.0,653.0,9.0,86.0,35.0,5.0,18.0,17.0,10.0,175.0,87.0,27.0,37.0,6.0,0.0
140,La Liga,2025,536,Sevilla,41208,Fábio Cardoso,Fábio Rafael,Rodrigues Cardoso,31.0,Portugal,187,82,https://media.api-sports.io/football/players/41208.png,Defender,4.0,4.0,298.0,6.63,0.0,0.0,,,141.0,,92.0,5.0,1.0,3.0,,,29.0,13.0,1.0,9.0,0.0,0.0
140,La Liga,2025,546,Getafe,46860,Javi Muñoz,Javier,Muñoz Jiménez,30.0,Spain,175,69,https://media.api-sports.io/football/players/46860.png,Midfielder,17.0,4.0,560.0,6.53,0.0,0.0,13.0,6.0,187.0,7.0,69.0,8.0,1.0,7.0,7.0,4.0,44.0,17.0,2.0,9.0,0.0,0.0
140,La Liga,2025,546,Getafe,47407,A. Nyom,Allan Roméo,Nyom,37.0,Cameroon,188,78,https://media.api-sports.io/football/players/47407.png,Defender,15.0,7.0,524.0,6.68,0.0,1.0,2.0,1.0,179.0,6.0,64.0,11.0,,1.0,3.0,1.0,65.0,37.0,8.0,13.0,6.0,1.0
140,La Liga,2025,541,Real Madrid,129718,J. Bellingham,Jude Victor William,Bellingham,22.0,England,186,75,https://media.api-sports.io/football/players/129718.png,Midfielder,28.0,22.0,1917.0,7.28,6.0,4.0,32.0,26.0,1177.0,36.0,89.0,51.0,2.0,14.0,67.0,37.0,307.0,177.0,55.0,33.0,3.0,0.0
140,La Liga,2025,536,Sevilla,133110,T. Nianzou,Tanguy-Austin,Nianzou Kouassi,23.0,France,187,83,https://media.api-sports.io/football/players/133110.png,Defender,12.0,8.0,648.0,6.47,0.0,0.0,6.0,,319.0,2.0,88.0,14.0,1.0,4.0,5.0,2.0,75.0,45.0,6.0,15.0,5.0,1.0
140,La Liga,2025,546,Getafe,184459,Álex Sancris,Alejandro,San Cristóbal Sánchez,28.0,Spain,177,72,https://media.api-sports.io/football/players/184459.png,Attacker,18.0,5.0,710.0,6.49,0.0,1.0,9.0,5.0,193.0,8.0,69.0,10.0,,2.0,10.0,5.0,92.0,31.0,12.0,16.0,3.0,0.0
140,La Liga,2025,541,Real Madrid,330436,David Jiménez,David,Jiménez Corredor,21.0,Spain,170,63,https://media.api-sports.io/football/players/330436.png,Defender,2.0,1.0,77.0,6.6,0.0,0.0,1.0,1.0,35.0,,97.0,1.0,,,,,2.0,1.0,,,0.0,0.0
140,La Liga,2025,548,Real Sociedad,337843,Aitor Fraga,Aitor,Fraga Torres,22.0,Spain,194,83,https://media.api-sports.io/football/players/337843.png,Goalkeeper,0.0,0.0,,,0.0,0.0,,,,,,,,,,,,,,,0.0,0.0
140,La Liga,2025,728,Rayo Vallecano,358431,N. Mendy,Nobel,Mendy,21.0,France,187,78,https://media.api-sports.io/football/players/358431.png,Defender,24.0,22.0,1811.0,6.69,2.0,0.0,10.0,3.0,963.0,3.0,85.0,29.0,24.0,21.0,4.0,3.0,143.0,75.0,12.0,32.0,8.0,1.0
140,La Liga,2025,541,Real Madrid,377122,Endrick,Endrick Felipe,Moreira de Sousa,19.0,Brazil,173,66,https://media.api-sports.io/football/players/377122.png,Attacker,1.0,0.0,11.0,6.6,0.0,0.0,,,,,,,,,1.0,1.0,2.0,2.0,1.0,,0.0,1.0
140,La Liga,2025,797,Elche,386859,Héctor Fort,Héctor,Fort García,19.0,Spain,185,78,https://media.api-sports.io/football/players/386859.png,Defender,14.0,7.0,500.0,6.68,2.0,2.0,7.0,5.0,162.0,4.0,83.0,12.0,1.0,6.0,19.0,8.0,59.0,27.0,1.0,5.0,0.0,0.0
140,La Liga,2025,797,Elche,439293,Adam Boayar,Adam,Boayar Benaisa,20.0,Morocco,178,74,https://media.api-sports.io/football/players/439293.png,Attacker,7.0,0.0,106.0,6.86,1.0,0.0,4.0,2.0,39.0,2.0,87.0,4.0,,1.0,4.0,1.0,21.0,9.0,1.0,,0.0,0.0
140,La Liga,2025,530,Atletico Madrid,548867,T. Seidu,,,17.0,,,,https://media.api-sports.io/football/players/548867.png,Midfielder,1.0,0.0,22.0,6.2,0.0,0.0,,,4.0,,50.0,,,,,,2.0,,,2.0,1.0,0.0
140,La Liga,2025,538,Celta Vigo,570,F. Cervi,Franco Emanuel,Cervi,31.0,Argentina,166,67,https://media.api-sports.io/football/players/570.png,Midfielder,0.0,0.0,,,0.0,0.0,,,,,,,,,,,,,,,0.0,0.0
140,La Liga,2025,531,Athletic Club,622,Aymeric Laporte,Aymeric Jean Louis Gérard Alph,Laporte,31.0,Spain,189,86,https://media.api-sports.io/football/players/622.png,Defender,25.0,24.0,2060.0,6.85,0.0,1.0,9.0,5.0,1236.0,7.0,89.0,27.0,13.0,25.0,2.0,2.0,150.0,102.0,13.0,9.0,4.0,0.0
140,La Liga,2025,548,Real Sociedad,31406,U. Sadiq,Umar,Sadiq Mesbah,28.0,Nigeria,192,85,https://media.api-sports.io/football/players/31406.png,Attacker,5.0,2.0,159.0,6.4,0.0,0.0,2.0,,22.0,1.0,63.0,1.0,,,5.0,1.0,26.0,7.0,2.0,2.0,1.0,0.0
140,La Liga,2025,532,Valencia,31406,U. Sadiq,Umar,Sadiq Mesbah,28.0,Nigeria,192,85,https://media.api-sports.io/football/players/31406.png,Attacker,20.0,8.0,902.0,6.73,4.0,2.0,21.0,10.0,157.0,9.0,68.0,7.0,2.0,1.0,30.0,14.0,180.0,62.0,19.0,30.0,3.0,0.0
140,La Liga,2025,536,Sevilla,197196,Ramón Martínez,Ramón,Martínez Gil,23.0,Spain,185,71,https://media.api-sports.io/football/players/197196.png,Defender,2.0,0.0,100.0,6.3,0.0,0.0,,,64.0,,89.0,,,1.0,,,6.0,2.0,1.0,1.0,0.0,0.0
140,La Liga,2025,539,Levante,316517,A. Matturro,Alan Agustín,Matturro Romero,21.0,Uruguay,189,74,https://media.api-sports.io/football/players/316517.png,Defender,19.0,10.0,957.0,6.51,1.0,1.0,4.0,1.0,474.0,4.0,82.0,21.0,6.0,6.0,3.0,,77.0,47.0,10.0,7.0,0.0,1.0
140,La Liga,2025,533,Villarreal,330443,Isma Sierra,Ismael,Sierra Arnal,23.0,Spain,192 cm,83 kg,https://media.api-sports.io/football/players/330443.png,Defender,0.0,0.0,,,0.0,0.0,,,,,,,,,,,,,,,0.0,0.0
140,La Liga,2025,530,Atletico Madrid,338508,I. Kostis,Ilias,Kostis,22.0,Cyprus,188 cm,81 kg,https://media.api-sports.io/football/players/338508.png,Defender,0.0,0.0,,,0.0,0.0,,,,,,,,,,,,,,,0.0,0.0
140,La Liga,2025,548,Real Sociedad,353634,A. Lebarbier,Alex Douma Johan,Lebarbier,21.0,France,,,https://media.api-sports.io/football/players/353634.png,Midfielder,0.0,0.0,,,0.0,0.0,,,,,,,,,,,,,,,0.0,0.0
140,La Liga,2025,542,Alaves,387530,Carlos Ballestero García,Carlos,Ballestero García,21.0,Spain,178 cm,,https://media.api-sports.io/football/players/387530.png,Defender,1.0,0.0,9.0,6.3,0.0,0.0,,,,,,,,,,,1.0,,,,0.0,0.0
140,La Liga,2025,540,Espanyol,388495,Javier Hernandez,Francisco Javier,Hernandez Coarasa,21.0,Spain,182,72,https://media.api-sports.io/football/players/388495.png,Midfielder,0.0,0.0,,,0.0,0.0,,,,,,,,,,,,,,,0.0,0.0
140,La Liga,2025,727,Osasuna,391819,Martin Pedroarena,Martin,Pedroarena Espinal,22.0,Spain,,,https://media.api-sports.io/football/players/391819.png,Attacker,0.0,0.0,,,0.0,0.0,,,,,,,,,,,,,,,0.0,0.0
140,La Liga,2025,531,Athletic Club,407677,Iker Monreal,Iker,Monreal Agundez,20.0,Spain,,,https://media.api-sports.io/football/players/407677.png,Defender,0.0,0.0,,,0.0,0.0,,,,,,,,,,,,,,,0.0,0.0
140,La Liga,2025,533,Villarreal,418188,M. Barry,Mahamoud,Barry,19.0,Mali,178 cm,61 kg,https://media.api-sports.io/football/players/418188.png,Attacker,0.0,0.0,,,0.0,0.0,,,,,,,,,,,,,,,0.0,0.0
140,La Liga,2025,547,Girona,439305,L. Kourouma,Lancinet,Kourouma Kourouma,21.0,Guinea,180 cm,,https://media.api-sports.io/football/players/439305.png,Midfielder,5.0,0.0,64.0,6.3,0.0,0.0,,,13.0,,76.0,,,1.0,,,7.0,1.0,1.0,2.0,0.0,1.0
140,La Liga,2025,547,Girona,442861,A. Andreev,Aleksandar,Metodiev Andreev,19.0,Bulgaria,190 cm,85 kg,https://media.api-sports.io/football/players/442861.png,Goalkeeper,0.0,0.0,,,0.0,0.0,,,,,,,,,,,,,,,0.0,0.0
140,La Liga,2025,543,Real Betis,456619,Manu González,Manuel,González Pallarés,18.0,Spain,189,81,https://media.api-sports.io/football/players/456619.png,Goalkeeper,0.0,0.0,,,0.0,0.0,,,,,,,,,,,,,,,0.0,0.0
140,La Liga,2025,529,Barcelona,543468,Eder Aller,,,18.0,,,,https://media.api-sports.io/football/players/543468.png,Goalkeeper,0.0,0.0,,,0.0,0.0,,,,,,,,,,,,,,,0.0,0.0
140,La Liga,2025,542,Alaves,551461,R. Montero,,,20.0,,,,https://media.api-sports.io/football/players/551461.png,Goalkeeper,0.0,0.0,,,0.0,0.0,,,,,,,,,,,,,,,0.0,0.0
140,La Liga,2025,546,Getafe,551462,M. Aleksandrov,,,21.0,,,,https://media.api-sports.io/football/players/551462.png,Attacker,0.0,0.0,,,0.0,0.0,,,,,,,,,,,,,,,0.0,0.0
140,La Liga,2025,798,Mallorca,551463,J. Olaizola,,,18.0,,,,https://media.api-sports.io/football/players/551463.png,Defender,2.0,0.0,54.0,7.05,0.0,0.0,,,50.0,,86.0,2.0,,,,,5.0,5.0,1.0,,0.0,0.0
140,La Liga,2025,530,Atletico Madrid,31,J. Giménez,José María,Giménez de Vargas,30.0,Uruguay,186,77,https://media.api-sports.io/football/players/31.png,Defender,16.0,13.0,1177.0,6.99,0.0,1.0,12.0,3.0,802.0,1.0,90.0,25.0,12.0,16.0,3.0,2.0,142.0,74.0,10.0,20.0,3.0,0.0
140,La Liga,2025,541,Real Madrid,653,F. Mendy,Ferland Sinna,Mendy,30.0,France,180,73,https://media.api-sports.io/football/players/653.png,Defender,5.0,3.0,206.0,6.53,0.0,0.0,,,158.0,,92.0,1.0,,2.0,3.0,2.0,11.0,6.0,1.0,2.0,0.0,0.0
140,La Liga,2025,538,Celta Vigo,1926,J. Aidoo,Joseph,Aidoo,30.0,Ghana,184,80,https://media.api-sports.io/football/players/1926.png,Defender,8.0,7.0,639.0,6.38,0.0,0.0,2.0,,391.0,,93.0,7.0,2.0,9.0,1.0,1.0,39.0,21.0,1.0,5.0,0.0,0.0
140,La Liga,2025,546,Getafe,47320,Juanmi,Juan Miguel,Jiménez López,32.0,Spain,172,69,https://media.api-sports.io/football/players/47320.png,Attacker,8.0,0.0,176.0,6.61,1.0,0.0,2.0,1.0,37.0,3.0,64.0,2.0,,,2.0,1.0,26.0,9.0,1.0,2.0,0.0,0.0
140,La Liga,2025,798,Mallorca,181210,Nil Torreguitart,Nil,Torreguitart Pérez,24.0,Spain,,,https://media.api-sports.io/football/players/181210.png,Goalkeeper,0.0,0.0,,,0.0,0.0,,,,,,,,,,,,,,,0.0,0.0
140,La Liga,2025,797,Elche,284415,Yago Alonso,Yago,de Santiago Alonso,22.0,Spain,180,73,https://media.api-sports.io/football/players/284415.png,Attacker,9.0,3.0,289.0,6.37,0.0,0.0,,,104.0,2.0,85.0,2.0,,1.0,10.0,4.0,30.0,10.0,2.0,3.0,1.0,0.0
140,La Liga,2025,548,Real Sociedad,349063,Luken Beitia,Luken,Beitia Aguirregomezcorta,21.0,Spain,191 cm,77 kg,https://media.api-sports.io/football/players/349063.png,Defender,2.0,1.0,104.0,6.45,0.0,0.0,,,44.0,,88.0,,,1.0,1.0,1.0,10.0,4.0,1.0,3.0,0.0,0.0
140,La Liga,2025,531,Athletic Club,384267,Ibon Sánchez,Ibon Ignacio,Sánchez Océn,21.0,Spain,,,https://media.api-sports.io/football/players/384267.png,Midfielder,0.0,0.0,,,0.0,0.0,,,,,,,,,,,,,,,0.0,0.0
140,La Liga,2025,547,Girona,429757,Pol Arnau,Pol,Arnau Camacho,21.0,Spain,,,https://media.api-sports.io/football/players/429757.png,Defender,0.0,0.0,,,0.0,0.0,,,,,,,,,,,,,,,0.0,0.0
140,La Liga,2025,546,Getafe,432080,Jorge Benito,Jorge,Benito de Valle Martín,19.0,Spain,182 cm,76 kg,https://media.api-sports.io/football/players/432080.png,Goalkeeper,0.0,0.0,,,0.0,0.0,,,,,,,,,,,,,,,0.0,0.0
140,La Liga,2025,546,Getafe,439616,Yassin Tallal,Yassin,Tallal Amiri,20.0,Morocco,,,https://media.api-sports.io/football/players/439616.png,Attacker,0.0,0.0,,,0.0,0.0,,,,,,,,,,,,,,,0.0,0.0
140,La Liga,2025,547,Girona,439709,Antonio Salguero,Antonio,Salguero Quiñones,20.0,Spain,,,https://media.api-sports.io/football/players/439709.png,Defender,0.0,0.0,,,0.0,0.0,,,,,,,,,,,,,,,0.0,0.0
140,La Liga,2025,546,Getafe,482071,Diego Ferrer,Diego,Ferrer Martínez,18.0,Spain,185 cm,76 kg,https://media.api-sports.io/football/players/482071.png,Goalkeeper,0.0,0.0,,,0.0,0.0,,,,,,,,,,,,,,,0.0,0.0
140,La Liga,2025,547,Girona,553313,Javier Sarasa,,,20.0,,,,https://media.api-sports.io/football/players/553313.png,Attacker,0.0,0.0,,,0.0,0.0,,,,,,,,,,,,,,,0.0,0.0
140,La Liga,2025,542,Alaves,565586,D. Morcillo,,,22.0,,,,https://media.api-sports.io/football/players/565586.png,Attacker,1.0,0.0,9.0,6.2,0.0,0.0,1.0,,4.0,,50.0,,,,,,2.0,1.0,1.0,1.0,0.0,0.0
140,La Liga,2025,529,Barcelona,568001,X. Espart,,,18.0,,,,https://media.api-sports.io/football/players/568001.png,Defender,4.0,1.0,164.0,6.5,0.0,0.0,1.0,,130.0,,89.0,5.0,,5.0,3.0,3.0,24.0,16.0,4.0,,0.0,0.0
140,La Liga,2025,529,Barcelona,579244,Juan Hernández,,,18.0,,,,https://media.api-sports.io/football/players/579244.png,Midfielder,0.0,0.0,,,0.0,0.0,,,,,,,,,,,,,,,0.0,0.0
140,La Liga,2025,797,Elche,580677,David Delgado,,,17.0,,,,https://media.api-sports.io/football/players/580677.png,Defender,0.0,0.0,,,0.0,0.0,,,,,,,,,,,,,,,0.0,0.0
140,La Liga,2025,532,Valencia,584165,A. Panach,,,19.0,,,,https://media.api-sports.io/football/players/584165.png,Defender,0.0,0.0,,,0.0,0.0,,,,,,,,,,,,,,,0.0,0.0
140,La Liga,2025,546,Getafe,609740,L. Laso,,,22.0,,,,https://media.api-sports.io/football/players/609740.png,Defender,0.0,0.0,,,0.0,0.0,,,,,,,,,,,,,,,0.0,0.0
140,La Liga,2025,543,Real Betis,745,Isco,Francisco Román,Alarcón Suárez,33.0,Spain,176,79,https://media.api-sports.io/football/players/745.png,Midfielder,8.0,1.0,228.0,6.81,1.0,1.0,2.0,1.0,169.0,5.0,91.0,3.0,,2.0,2.0,1.0,29.0,14.0,9.0,4.0,0.0,0.0
140,La Liga,2025,530,Atletico Madrid,189997,Mario de Luis,Mario,de Luis Jiménez,23.0,Spain,185,75,https://media.api-sports.io/football/players/189997.png,Goalkeeper,0.0,0.0,,,0.0,0.0,,,,,,,,,,,,,,,0.0,0.0
140,La Liga,2025,727,Osasuna,311972,Mikel García,Mikel,Serrano García,22.0,Spain,187 cm,,https://media.api-sports.io/football/players/311972.png,Defender,0.0,0.0,,,0.0,0.0,,,,,,,,,,,,,,,0.0,0.0
140,La Liga,2025,542,Alaves,330440,Aitor Mañas,Aitor,Mañas Buenadicha,22.0,Spain,185 cm,,https://media.api-sports.io/football/players/330440.png,Defender,0.0,0.0,134.0,6.43,0.0,0.0,2.0,1.0,21.0,2.0,85.0,3.0,,1.0,7.0,2.0,29.0,9.0,1.0,2.0,0.0,0.0
140,La Liga,2025,531,Athletic Club,377257,Endika Bujan,Endika,Bujan de Rueda,22.0,Spain,170 cm,72 kg,https://media.api-sports.io/football/players/377257.png,Attacker,0.0,0.0,,,0.0,0.0,,,,,,,,,,,,,,,0.0,0.0
140,La Liga,2025,546,Getafe,386187,Hugo Solozábal,Hugo,Solozábal Granados,22.0,Spain,178 cm,74 kg,https://media.api-sports.io/football/players/386187.png,Midfielder,1.0,0.0,10.0,6.3,0.0,0.0,,,5.0,,100.0,,,,,,2.0,,,,0.0,0.0
140,La Liga,2025,541,Real Madrid,396475,Fran González,Francisco Javier,González Pérez,20.0,Spain,199,72,https://media.api-sports.io/football/players/396475.png,Goalkeeper,0.0,0.0,,,0.0,0.0,,,,,,,,,,,,,,,0.0,0.0
140,La Liga,2025,548,Real Sociedad,403561,Gorka Carrera,Gorka,Carrera Zarranz,20.0,Spain,,,https://media.api-sports.io/football/players/403561.png,Attacker,3.0,0.0,59.0,6.33,0.0,0.0,1.0,1.0,12.0,,91.0,,,1.0,,,8.0,3.0,2.0,2.0,1.0,0.0
140,La Liga,2025,727,Osasuna,421044,Íñigo Arguibide,Íñigo,Arguibide Goñi,20.0,Spain,178 cm,70 kg,https://media.api-sports.io/football/players/421044.png,Defender,6.0,2.0,196.0,6.52,0.0,0.0,,,38.0,1.0,63.0,3.0,1.0,2.0,2.0,,13.0,3.0,,3.0,0.0,1.0
140,La Liga,2025,542,Alaves,438131,Egoitz Muñoz,Egoitz,Muñoz Larrea,21.0,Spain,179 cm,73 kg,https://media.api-sports.io/football/players/438131.png,Defender,0.0,0.0,,,0.0,0.0,,,,,,,,,,,,,,,0.0,0.0
140,La Liga,2025,548,Real Sociedad,449063,Alex Garcia,Alex,Marchal García,18.0,Spain,180 cm,70 kg,https://media.api-sports.io/football/players/449063.png,Attacker,0.0,0.0,,,0.0,0.0,,,,,,,,,,,,,,,0.0,0.0
140,La Liga,2025,529,Barcelona,491086,Tomás Marqués,Tomás Noël,Marqués Morera,19.0,Spain,,,https://media.api-sports.io/football/players/491086.png,Midfielder,2.0,0.0,12.0,6.3,0.0,0.0,,,12.0,,83.0,,,,1.0,,3.0,,,1.0,0.0,0.0
140,La Liga,2025,538,Celta Vigo,554287,A. Arcos,,,19.0,,,,https://media.api-sports.io/football/players/554287.png,Attacker,0.0,0.0,,,0.0,0.0,,,,,,,,,,,,,,,0.0,0.0
140,La Liga,2025,531,Athletic Club,560954,A. Hierro,,,20.0,,,,https://media.api-sports.io/football/players/560954.png,Attacker,1.0,0.0,33.0,6.5,0.0,0.0,1.0,,9.0,1.0,66.0,,,,,,3.0,1.0,,,0.0,0.0
140,La Liga,2025,531,Athletic Club,568156,S. Sanchez,,,18.0,,,,https://media.api-sports.io/football/players/568156.png,Midfielder,7.0,2.0,199.0,6.53,0.0,1.0,4.0,1.0,63.0,4.0,66.0,3.0,,1.0,6.0,1.0,28.0,10.0,5.0,5.0,0.0,0.0
140,La Liga,2025,718,Oviedo,600938,P. Agudin,,,17.0,,,,https://media.api-sports.io/football/players/600938.png,Midfielder,7.0,0.0,93.0,6.35,0.0,0.0,1.0,,20.0,,55.0,1.0,,,1.0,1.0,15.0,5.0,1.0,4.0,0.0,0.0
140,La Liga,2025,539,Levante,609795,H. Nakoha,,,,,,,https://media.api-sports.io/football/players/609795.png,Defender,0.0,0.0,,,0.0,0.0,,,,,,,,,,,,,,,0.0,0.0
140,La Liga,2025,532,Valencia,623732,Joel Fontanet,,,19.0,,,,https://media.api-sports.io/football/players/623732.png,Defender,0.0,0.0,,,0.0,0.0,,,,,,,,,,,,,,,0.0,0.0
140,La Liga,2025,546,Getafe,625636,Jorge Montes,,,21.0,,,,https://media.api-sports.io/football/players/625636.png,Defender,1.0,0.0,26.0,6.5,0.0,0.0,,,9.0,1.0,88.0,3.0,,,2.0,2.0,9.0,5.0,,1.0,0.0,0.0
140,La Liga,2025,542,Alaves,625744,Izei Hernandez,,,,,,,https://media.api-sports.io/football/players/625744.png,Attacker,0.0,0.0,,,0.0,0.0,,,,,,,,,,,,,,,0.0,0.0
140,La Liga,2025,529,Barcelona,127,M. ter Stegen,Marc-André,ter Stegen,33.0,Germany,187,88,https://media.api-sports.io/football/players/127.png,Goalkeeper,0.0,0.0,,,0.0,0.0,,,,,,,,,,,,,,,0.0,0.0
140,La Liga,2025,547,Girona,127,M. ter Stegen,Marc-André,ter Stegen,33.0,Germany,187,88,https://media.api-sports.io/football/players/127.png,Goalkeeper,2.0,2.0,180.0,6.6,0.0,0.0,,,75.0,,92.0,,,,,,,,,,0.0,0.0
140,La Liga,2025,539,Levante,328139,T. Abed,Tai,Abed Kassus,21.0,Israel,176 cm,63 kg,https://media.api-sports.io/football/players/328139.png,Attacker,7.0,0.0,110.0,6.33,0.0,0.0,2.0,1.0,20.0,1.0,80.0,1.0,,1.0,4.0,2.0,14.0,5.0,2.0,2.0,0.0,0.0
140,La Liga,2025,539,Levante,334878,U. Raghouber,Ugo,Raghouber,22.0,France,180,62,https://media.api-sports.io/football/players/334878.png,Midfielder,16.0,8.0,721.0,6.83,0.0,0.0,2.0,,336.0,4.0,84.0,22.0,,15.0,12.0,9.0,105.0,66.0,14.0,10.0,1.0,0.0
140,La Liga,2025,530,Atletico Madrid,336685,Javier Boñar,Javier,Boñar Franco,20.0,Spain,180 cm,,https://media.api-sports.io/football/players/336685.png,Defender,4.0,3.0,299.0,6.73,1.0,0.0,2.0,1.0,135.0,2.0,84.0,5.0,1.0,,7.0,1.0,28.0,11.0,2.0,2.0,0.0,0.0
140,La Liga,2025,533,Villarreal,355994,A. Freeman,Alexander Michael,Freeman,21.0,USA,188,,https://media.api-sports.io/football/players/355994.png,Defender,9.0,3.0,356.0,6.86,0.0,0.0,1.0,,234.0,1.0,90.0,13.0,2.0,4.0,6.0,3.0,38.0,25.0,3.0,2.0,0.0,0.0
140,La Liga,2025,530,Atletico Madrid,386869,Dani MartÃ­nez,Daniel,Martinez Moreno,21.0,Spain,,,https://media.api-sports.io/football/players/386869.png,Defender,1.0,1.0,90.0,6.5,0.0,0.0,,,86.0,,89.0,1.0,1.0,1.0,,,3.0,1.0,,1.0,0.0,0.0
140,La Liga,2025,547,Girona,414409,J. Arango,,,17.0,,,,https://media.api-sports.io/football/players/414409.png,Attacker,0.0,0.0,19.0,6.45,0.0,0.0,,,3.0,,100.0,,,,2.0,2.0,4.0,2.0,,1.0,1.0,0.0
140,La Liga,2025,530,Atletico Madrid,428799,A. Puric,Aleksa,Puric,22.0,Serbia,185 cm,,https://media.api-sports.io/football/players/428799.png,Defender,2.0,0.0,47.0,6.2,0.0,0.0,,,16.0,,87.0,,,2.0,,,5.0,2.0,1.0,1.0,0.0,0.0
140,La Liga,2025,540,Espanyol,461502,Llorenç Serred,Llorenç,Serred Martínez,20.0,Spain,186 cm,76 kg,https://media.api-sports.io/football/players/461502.png,Goalkeeper,0.0,0.0,,,0.0,0.0,,,,,,,,,,,,,,,0.0,0.0
140,La Liga,2025,533,Villarreal,463280,A. Diatta,Alassane,Diatta,20.0,Senegal,190 cm,80 kg,https://media.api-sports.io/football/players/463280.png,Midfielder,1.0,0.0,25.0,7,0.0,0.0,,,21.0,,85.0,1.0,,,1.0,1.0,3.0,3.0,,,0.0,0.0
140,La Liga,2025,541,Real Madrid,490779,Valde,Víctor,Valdepeñas Talavera,19.0,Spain,188,75,https://media.api-sports.io/football/players/490779.png,Defender,0.0,0.0,78.0,6.6,0.0,0.0,,,34.0,1.0,94.0,5.0,,,1.0,1.0,12.0,7.0,1.0,3.0,0.0,0.0
140,La Liga,2025,536,Sevilla,546857,I. Munoz,,,21.0,,,,https://media.api-sports.io/football/players/546857.png,Defender,0.0,0.0,,,0.0,0.0,,,,,,,,,,,,,,,0.0,0.0
140,La Liga,2025,536,Sevilla,546872,A. Costa,,,22.0,,,,https://media.api-sports.io/football/players/546872.png,Attacker,0.0,0.0,,,0.0,0.0,,,,,,,,,,,,,,,0.0,0.0
140,La Liga,2025,533,Villarreal,548734,C. Macia,,,17.0,,,,https://media.api-sports.io/football/players/548734.png,Midfielder,5.0,0.0,79.0,6.6,0.0,0.0,1.0,,39.0,,82.0,5.0,,2.0,1.0,1.0,8.0,6.0,,1.0,1.0,0.0
140,La Liga,2025,536,Sevilla,548843,L. Luchino,,,19.0,,,,https://media.api-sports.io/football/players/548843.png,Goalkeeper,0.0,0.0,,,0.0,0.0,,,,,,,,,,,,,,,0.0,0.0
140,La Liga,2025,541,Real Madrid,560905,J. Cestero Sancho,,,19.0,,,,https://media.api-sports.io/football/players/560905.png,Midfielder,2.0,0.0,12.0,6.7,0.0,0.0,,,6.0,,66.0,1.0,,,,,3.0,1.0,,,0.0,0.0
140,La Liga,2025,541,Real Madrid,561033,J. Martinez,,,18.0,,,,https://media.api-sports.io/football/players/561033.png,Defender,0.0,0.0,,,0.0,0.0,,,,,,,,,,,,,,,0.0,0.0
140,La Liga,2025,718,Oviedo,562472,D. Menendez,,,20.0,,,,https://media.api-sports.io/football/players/562472.png,Midfielder,0.0,0.0,,,0.0,0.0,,,,,,,,,,,,,,,0.0,0.0
140,La Liga,2025,539,Levante,579287,K. Tunde,,,,,,,https://media.api-sports.io/football/players/579287.png,Attacker,21.0,17.0,1151.0,6.48,0.0,1.0,15.0,3.0,225.0,6.0,76.0,23.0,,14.0,32.0,15.0,147.0,73.0,23.0,16.0,3.0,0.0
140,La Liga,2025,540,Espanyol,601891,F. Gomez,,,19.0,,,,https://media.api-sports.io/football/players/601891.png,Midfielder,0.0,0.0,,,0.0,0.0,,,,,,,,,,,,,,,0.0,0.0
140,La Liga,2025,718,Oviedo,30690,N. Fonseca,Nicolás,Fonseca,27.0,Italy,181,76,https://media.api-sports.io/football/players/30690.png,Midfielder,19.0,12.0,1019.0,6.72,0.0,0.0,5.0,1.0,565.0,3.0,85.0,40.0,5.0,17.0,3.0,2.0,123.0,59.0,12.0,27.0,6.0,0.0
140,La Liga,2025,538,Celta Vigo,161875,Hugo González,Hugo,González Sotos,22.0,Spain,184 cm,,https://media.api-sports.io/football/players/161875.png,Attacker,1.0,0.0,12.0,6.3,0.0,0.0,,,2.0,,50.0,1.0,,,1.0,,2.0,1.0,,,0.0,0.0
140,La Liga,2025,546,Getafe,195512,M. Satriano,Martín Adrián,Satriano Costa,24.0,Uruguay,187,75,https://media.api-sports.io/football/players/195512.png,Attacker,18.0,18.0,1604.0,6.84,6.0,1.0,27.0,14.0,368.0,15.0,64.0,22.0,2.0,9.0,61.0,24.0,291.0,117.0,31.0,21.0,5.0,0.0
140,La Liga,2025,718,Oviedo,197513,T. Borbas,Thiago Nicolás,Borbas Silva,23.0,Uruguay,181,69,https://media.api-sports.io/football/players/197513.png,Attacker,12.0,0.0,191.0,6.48,0.0,0.0,4.0,2.0,40.0,,62.0,4.0,,,,,43.0,16.0,3.0,7.0,1.0,0.0
140,La Liga,2025,797,Elche,307224,Piri,Daniel,Ballesteros Fernández,22.0,Spain,176 cm,71 kg,https://media.api-sports.io/football/players/307224.png,Attacker,0.0,0.0,,,0.0,0.0,,,,,,,,,,,,,,,0.0,0.0
140,La Liga,2025,530,Atletico Madrid,386870,Julio Díaz del Romo,Julio Díaz,del Romo,20.0,Spain,174 cm,,https://media.api-sports.io/football/players/386870.png,Midfielder,4.0,4.0,311.0,6.63,0.0,1.0,,,139.0,6.0,89.0,6.0,,4.0,10.0,7.0,34.0,18.0,3.0,4.0,2.0,0.0
140,La Liga,2025,532,Valencia,401983,Vicent Abril,Vicent,Abril Sanz,20.0,Spain,187 cm,78 kg,https://media.api-sports.io/football/players/401983.png,Goalkeeper,0.0,0.0,,,0.0,0.0,,,,,,,,,,,,,,,0.0,0.0
140,La Liga,2025,548,Real Sociedad,402168,Arkaitz Mariezkurrena,Arkaitz,Mariezkurrena Etxezarreta,20.0,Spain,181,68,https://media.api-sports.io/football/players/402168.png,Attacker,1.0,0.0,1.0,,0.0,0.0,,,,,,,,,,,2.0,,,2.0,0.0,0.0
140,La Liga,2025,548,Real Sociedad,410841,K. Kita,Kazunari,Kita,20.0,Japan,187,78,https://media.api-sports.io/football/players/410841.png,Defender,0.0,0.0,,,0.0,0.0,,,,,,,,,,,,,,,0.0,0.0
140,La Liga,2025,797,Elche,439640,B. Sina,Bema,Sina,22.0,Ghana,,,https://media.api-sports.io/football/players/439640.png,Defender,0.0,0.0,,,0.0,0.0,,,,,,,,,,,,,,,0.0,0.0
140,La Liga,2025,530,Atletico Madrid,443668,Rayane Belid,Rayane,Belid,20.0,Spain,172,63,https://media.api-sports.io/football/players/443668.png,Attacker,2.0,2.0,134.0,6.15,0.0,0.0,3.0,,30.0,2.0,90.0,2.0,,,7.0,2.0,23.0,6.0,1.0,1.0,0.0,0.0
140,La Liga,2025,548,Real Sociedad,445881,Lander Astiazarán,Lander,Astiazarán Escabias,19.0,Spain,,,https://media.api-sports.io/football/players/445881.png,Midfielder,1.0,0.0,1.0,,0.0,0.0,1.0,,3.0,,,,,,,,1.0,,,,0.0,0.0
140,La Liga,2025,548,Real Sociedad,469672,Ibai Aguirre,Ibai,Aguirre Basurco,18.0,Spain,,,https://media.api-sports.io/football/players/469672.png,Midfielder,1.0,0.0,10.0,6.3,0.0,0.0,,,4.0,,,,,,,,3.0,1.0,,1.0,0.0,0.0
140,La Liga,2025,530,Atletico Madrid,548706,I. Luque,,,20.0,,,,https://media.api-sports.io/football/players/548706.png,Attacker,1.0,0.0,27.0,7.3,1.0,0.0,3.0,2.0,7.0,,85.0,1.0,,,,,6.0,2.0,,2.0,0.0,0.0
140,La Liga,2025,533,Villarreal,548807,J. A. Gaitan Diaz,,,18.0,,,,https://media.api-sports.io/football/players/548807.png,Attacker,0.0,0.0,,,0.0,0.0,,,,,,,,,,,,,,,0.0,0.0
140,La Liga,2025,538,Celta Vigo,560930,H. Burcio,,,18.0,,,,https://media.api-sports.io/football/players/560930.png,Midfielder,1.0,0.0,12.0,6.6,0.0,0.0,,,5.0,,100.0,1.0,,,,,1.0,1.0,,,0.0,0.0
140,La Liga,2025,531,Athletic Club,560978,E. Garcia,,,21.0,,,,https://media.api-sports.io/football/players/560978.png,Midfielder,2.0,0.0,36.0,6.4,0.0,0.0,,,23.0,,73.0,,,,,,4.0,1.0,,2.0,1.0,0.0
140,La Liga,2025,542,Alaves,626494,X. Olaiz,,,,,,,https://media.api-sports.io/football/players/626494.png,Defender,0.0,0.0,,,0.0,0.0,,,,,,,,,,,,,,,0.0,0.0
140,La Liga,2025,546,Getafe,631889,Adrián Riquelme,,,19.0,,,,https://media.api-sports.io/football/players/631889.png,Midfielder,0.0,0.0,,,0.0,0.0,,,,,,,,,,,,,,,0.0,0.0
140,La Liga,2025,797,Elche,635179,Álex Sánchez,,,19.0,,,,https://media.api-sports.io/football/players/635179.png,Attacker,1.0,0.0,14.0,6.7,0.0,1.0,,,6.0,1.0,66.0,1.0,,,2.0,,3.0,1.0,,,0.0,0.0
140,La Liga,2025,529,Barcelona,855,João Cancelo,João Pedro,Cavaco Cancelo,31.0,Portugal,182,74,https://media.api-sports.io/football/players/855.png,Defender,16.0,11.0,962.0,7.19,2.0,2.0,8.0,4.0,545.0,15.0,87.0,26.0,2.0,10.0,47.0,26.0,132.0,73.0,14.0,11.0,1.0,0.0
140,La Liga,2025,546,Getafe,6490,L. Vázquez,Luis Ismael,Vázquez,24.0,Argentina,190,82,https://media.api-sports.io/football/players/6490.png,Attacker,17.0,14.0,1204.0,6.62,3.0,1.0,20.0,9.0,206.0,4.0,57.0,5.0,1.0,4.0,14.0,4.0,189.0,85.0,32.0,21.0,2.0,0.0
140,La Liga,2025,536,Sevilla,125331,F. Gattoni,Federico Agustín,Gattoni,26.0,Argentina,183,79,https://media.api-sports.io/football/players/125331.png,Defender,1.0,0.0,9.0,6.6,0.0,0.0,,,1.0,,100.0,,,,,,1.0,1.0,,,0.0,0.0
140,La Liga,2025,546,Getafe,180927,Z. Romero,Zaid Abner,Romero,26.0,Argentina,193,85,https://media.api-sports.io/football/players/180927.png,Defender,15.0,15.0,1350.0,7.01,1.0,0.0,7.0,2.0,426.0,1.0,69.0,32.0,3.0,28.0,23.0,16.0,141.0,87.0,12.0,11.0,4.0,0.0
140,La Liga,2025,532,Valencia,237252,Pere García,Pere Joan,García Bauzà,23.0,Spain,193 cm,82 kg,https://media.api-sports.io/football/players/237252.png,Goalkeeper,0.0,0.0,,,0.0,0.0,,,,,,,,,,,,,,,0.0,0.0
140,La Liga,2025,727,Osasuna,264470,Raul Moro,Raul,Moro Prescoli,23.0,Spain,169,68,https://media.api-sports.io/football/players/264470.png,Attacker,14.0,7.0,629.0,6.67,0.0,2.0,2.0,,164.0,11.0,76.0,2.0,,1.0,25.0,12.0,46.0,21.0,6.0,1.0,0.0,0.0
140,La Liga,2025,541,Real Madrid,308998,Ávaro Leiva,Álvaro,Leiva Alemany,21.0,Spain,173 cm,77 kg,https://media.api-sports.io/football/players/308998.png,Midfielder,1.0,0.0,3.0,,0.0,0.0,,,2.0,,50.0,,,,,,,,,,0.0,0.0
140,La Liga,2025,546,Getafe,316516,S. Boselli,Juan Sebastián,Boselli Graf,22.0,Uruguay,183,80,https://media.api-sports.io/football/players/316516.png,Defender,11.0,4.0,406.0,6.71,0.0,0.0,3.0,1.0,84.0,1.0,54.0,17.0,1.0,1.0,2.0,2.0,51.0,26.0,,6.0,4.0,0.0
140,La Liga,2025,797,Elche,318592,L. Cepeda,Lucas Antonio,Cepeda Barturen,23.0,Chile,177,66,https://media.api-sports.io/football/players/318592.png,Attacker,10.0,4.0,405.0,6.87,1.0,0.0,10.0,5.0,157.0,6.0,84.0,9.0,1.0,1.0,13.0,5.0,53.0,25.0,10.0,7.0,1.0,0.0
140,La Liga,2025,548,Real Sociedad,365287,Wesley Gassova,Wesley,Gassova Ribeiro Teixeira,20.0,Brazil,181,82,https://media.api-sports.io/football/players/365287.png,Attacker,5.0,1.0,91.0,6.32,0.0,0.0,,,30.0,,70.0,,,,5.0,3.0,16.0,6.0,1.0,3.0,0.0,0.0
140,La Liga,2025,541,Real Madrid,386306,César Palacios,César,Palacios Pérez,21.0,Spain,182,68,https://media.api-sports.io/football/players/386306.png,Midfielder,5.0,0.0,87.0,6.52,0.0,0.0,1.0,,53.0,1.0,90.0,3.0,,3.0,3.0,2.0,16.0,8.0,3.0,4.0,0.0,0.0
140,La Liga,2025,548,Real Sociedad,387139,J. Ochieng,Job,Nguono Ochieng,22.0,Kenya,185 cm,,https://media.api-sports.io/football/players/387139.png,Attacker,2.0,1.0,93.0,6.55,0.0,0.0,1.0,,25.0,2.0,80.0,3.0,,1.0,7.0,2.0,12.0,5.0,,1.0,0.0,0.0
140,La Liga,2025,798,Mallorca,405074,J. Kalumba,Justin-Noël,Kalumba Mwana Ngongo,21.0,France,180,75,https://media.api-sports.io/football/players/405074.png,Attacker,3.0,1.0,91.0,6.37,0.0,0.0,1.0,,27.0,,74.0,1.0,,,4.0,1.0,17.0,6.0,4.0,2.0,0.0,0.0
140,La Liga,2025,548,Real Sociedad,412738,Dani Díaz,Daniel,Díaz Gándara,19.0,Spain,167 cm,,https://media.api-sports.io/football/players/412738.png,Attacker,1.0,0.0,17.0,6.5,0.0,0.0,,,4.0,,75.0,,,,1.0,,1.0,,,,0.0,0.0
140,La Liga,2025,547,Girona,414385,C. Echeverri,Claudio Jeremías,Echeverri,19.0,Argentina,171,62,https://media.api-sports.io/football/players/414385.png,Midfielder,17.0,5.0,618.0,6.73,1.0,1.0,14.0,7.0,225.0,8.0,86.0,6.0,,1.0,25.0,16.0,70.0,37.0,14.0,8.0,4.0,0.0
140,La Liga,2025,532,Valencia,417560,Marcos Navarro,Marcos,Navarro Blázquez,21.0,Spain,172,68,https://media.api-sports.io/football/players/417560.png,Defender,0.0,0.0,,,0.0,0.0,,,,,,,,,,,,,,,0.0,0.0
140,La Liga,2025,541,Real Madrid,451355,Diego Aguado,Diego,Aguado Facio,18.0,Spain,180,70,https://media.api-sports.io/football/players/451355.png,Defender,1.0,0.0,29.0,6.3,0.0,0.0,,,17.0,,82.0,2.0,1.0,,,,5.0,2.0,,,0.0,0.0
140,La Liga,2025,530,Atletico Madrid,491091,Sergio Esteban,,,17.0,,,,https://media.api-sports.io/football/players/491091.png,Attacker,0.0,0.0,,,0.0,0.0,,,,,,,,,,,,,,,0.0,0.0
140,La Liga,2025,797,Elche,626638,N. Salvador,,,19.0,,,,https://media.api-sports.io/football/players/626638.png,Defender,0.0,0.0,,,0.0,0.0,,,,,,,,,,,,,,,0.0,0.0
140,La Liga,2025,797,Elche,637727,Alex Herraiz,,,,,,,https://media.api-sports.io/football/players/637727.png,Midfielder,0.0,0.0,,,0.0,0.0,,,,,,,,,,,,,,,0.0,0.0
140,La Liga,2025,540,Espanyol,85,C. Ngonge,Cyril,Ngonge,25.0,Belgium,179,73,https://media.api-sports.io/football/players/85.png,Attacker,9.0,6.0,426.0,6.69,0.0,2.0,11.0,4.0,122.0,8.0,74.0,7.0,,4.0,19.0,5.0,67.0,32.0,12.0,9.0,4.0,0.0
140,La Liga,2025,538,Celta Vigo,211,M. Vecino,Matías,Vecino Falero,34.0,Uruguay,187,81,https://media.api-sports.io/football/players/211.png,Midfielder,6.0,2.0,143.0,6.8,0.0,0.0,1.0,,94.0,,84.0,8.0,,3.0,1.0,1.0,22.0,12.0,,4.0,0.0,0.0
140,La Liga,2025,543,Real Betis,750,Álvaro Fidalgo,Álvaro,Fidalgo Fernández,28.0,Spain,174,68,https://media.api-sports.io/football/players/750.png,Midfielder,9.0,8.0,547.0,6.76,1.0,0.0,4.0,2.0,313.0,4.0,92.0,12.0,,3.0,5.0,3.0,48.0,22.0,6.0,2.0,0.0,0.0
140,La Liga,2025,532,Valencia,2476,G. Rodríguez,Guido,Rodríguez,31.0,Argentina,185,80,https://media.api-sports.io/football/players/2476.png,Midfielder,16.0,14.0,1308.0,7.23,4.0,0.0,13.0,5.0,706.0,7.0,86.0,41.0,7.0,10.0,19.0,10.0,178.0,98.0,28.0,21.0,4.0,0.0
140,La Liga,2025,530,Atletico Madrid,18767,A. Lookman,Ademola Lookman Olajade,Alade Aylola Lookman,28.0,Nigeria,174,71,https://media.api-sports.io/football/players/18767.png,Attacker,12.0,9.0,622.0,6.84,4.0,0.0,15.0,5.0,183.0,10.0,83.0,5.0,,1.0,14.0,7.0,58.0,24.0,10.0,7.0,1.0,0.0
140,La Liga,2025,536,Sevilla,19364,N. Maupay,Neal,Maupay,29.0,France,173,69,https://media.api-sports.io/football/players/19364.png,Attacker,12.0,10.0,870.0,6.61,2.0,1.0,12.0,7.0,199.0,14.0,81.0,4.0,1.0,1.0,11.0,4.0,94.0,33.0,16.0,15.0,2.0,0.0
140,La Liga,2025,546,Getafe,45804,V. Birmančević,Veljko,Birmančević,27.0,Serbia,179,67,https://media.api-sports.io/football/players/45804.png,Midfielder,6.0,1.0,144.0,6.52,0.0,0.0,1.0,1.0,37.0,2.0,59.0,,1.0,2.0,4.0,2.0,24.0,6.0,3.0,3.0,0.0,0.0
140,La Liga,2025,797,Elche,46982,Gonzalo Villar,Gonzalo,Villar del Fraile,27.0,Spain,181,73,https://media.api-sports.io/football/players/46982.png,Midfielder,12.0,8.0,718.0,6.98,1.0,0.0,2.0,1.0,395.0,2.0,89.0,13.0,2.0,2.0,14.0,9.0,98.0,58.0,25.0,11.0,3.0,0.0
140,La Liga,2025,797,Elche,47182,Tete Morente,José Antonio,Morente Oliva,29.0,Spain,180,76,https://media.api-sports.io/football/players/47182.png,Attacker,13.0,11.0,933.0,6.66,1.0,1.0,5.0,1.0,310.0,12.0,75.0,22.0,5.0,10.0,30.0,9.0,124.0,53.0,10.0,20.0,1.0,0.0
140,La Liga,2025,547,Girona,47426,Rubén Blanco,Rubén,Blanco Veiga,30.0,Spain,188,70,https://media.api-sports.io/football/players/47426.png,Goalkeeper,0.0,0.0,,,0.0,0.0,,,,,,,,,,,,,,,0.0,0.0
140,La Liga,2025,798,Mallorca,140831,Zito Luvumbo,Zito André,Sebastião Luvumbo,23.0,Angola,171,65,https://media.api-sports.io/football/players/140831.png,Attacker,10.0,6.0,519.0,6.67,0.0,2.0,9.0,7.0,58.0,9.0,70.0,1.0,,,23.0,9.0,78.0,32.0,21.0,13.0,2.0,0.0
140,La Liga,2025,532,Valencia,278079,A. Ramsey,Aaron James,Ramsey,22.0,England,181,,https://media.api-sports.io/football/players/278079.png,Defender,0.0,0.0,,,0.0,0.0,,,,,,,,,,,,,,,0.0,0.0
140,La Liga,2025,530,Atletico Madrid,303378,Javi Serrano,Javier,Serrano Martínez,22.0,Spain,178 cm,75 kg,https://media.api-sports.io/football/players/303378.png,Midfielder,0.0,0.0,,,0.0,0.0,,,,,,,,,,,,,,,0.0,0.0
140,La Liga,2025,530,Atletico Madrid,313383,O. Vargas,Obed,Gómez Vargas,20.0,USA,175,68,https://media.api-sports.io/football/players/313383.png,Midfielder,12.0,8.0,740.0,6.95,0.0,1.0,4.0,,316.0,4.0,82.0,26.0,6.0,7.0,15.0,10.0,68.0,47.0,9.0,4.0,2.0,0.0
140,La Liga,2025,542,Alaves,331369,Angel Pérez,Angel,Pérez Hidalgo,23.0,Spain,183 cm,,https://media.api-sports.io/football/players/331369.png,Defender,16.0,14.0,1290.0,6.73,1.0,3.0,6.0,4.0,471.0,24.0,74.0,15.0,1.0,9.0,47.0,20.0,124.0,53.0,17.0,16.0,4.0,0.0
140,La Liga,2025,718,Oviedo,362750,T. Fernández,Thiago Cruz,Fernández,21.0,Argentina,175,68,https://media.api-sports.io/football/players/362750.png,Attacker,16.0,9.0,822.0,6.63,0.0,4.0,10.0,5.0,253.0,10.0,80.0,13.0,,5.0,50.0,21.0,128.0,47.0,11.0,7.0,4.0,0.0
140,La Liga,2025,538,Celta Vigo,391822,Fer López,Fernando,López González,21.0,Spain,188,76,https://media.api-sports.io/football/players/391822.png,Attacker,17.0,13.0,1174.0,6.8,1.0,1.0,9.0,5.0,581.0,13.0,86.0,20.0,2.0,8.0,37.0,21.0,140.0,64.0,18.0,24.0,3.0,0.0
140,La Liga,2025,797,Elche,446067,Buba Sangaré,Aboubacar,Sangaré Traoré,18.0,Spain,183,75,https://media.api-sports.io/football/players/446067.png,Defender,12.0,8.0,557.0,6.54,0.0,0.0,1.0,,244.0,1.0,85.0,21.0,1.0,8.0,17.0,4.0,87.0,40.0,7.0,23.0,3.0,0.0
140,La Liga,2025,543,Real Betis,548691,R. Marina,,,19.0,,,,https://media.api-sports.io/football/players/548691.png,Attacker,0.0,0.0,,,0.0,0.0,,,,,,,,,,,,,,,0.0,0.0
140,La Liga,2025,718,Oviedo,640804,Espi,,,21.0,,,,https://media.api-sports.io/football/players/640804.png,Defender,0.0,0.0,,,0.0,0.0,,,,,,,,,,,,,,,0.0,0.0
140,La Liga,2025,532,Valencia,2470,R. Saravia,Renzo,Saravia,32.0,Argentina,176,75,https://media.api-sports.io/football/players/2470.png,Defender,5.0,4.0,353.0,6.42,0.0,0.0,1.0,,149.0,1.0,82.0,8.0,,7.0,5.0,2.0,44.0,23.0,10.0,4.0,2.0,0.0
140,La Liga,2025,728,Rayo Vallecano,15900,A. Mumin,Khalid Abdul,Mumin Suleman,27.0,Ghana,188,79,https://media.api-sports.io/football/players/15900.png,Defender,3.0,1.0,78.0,6.47,0.0,0.0,,,36.0,,86.0,,2.0,2.0,,,3.0,1.0,1.0,2.0,0.0,0.0
140,La Liga,2025,542,Alaves,106759,V. Koski,Ville,Koski,23.0,Finland,,,https://media.api-sports.io/football/players/106759.png,Defender,5.0,3.0,281.0,6.98,0.0,0.0,1.0,1.0,64.0,1.0,82.0,6.0,3.0,4.0,,,20.0,13.0,,2.0,0.0,0.0
140,La Liga,2025,542,Alaves,182784,I. Diabate,Ibrahim Yalatif,Diabate,26.0,Côte d'Ivoire,185,,https://media.api-sports.io/football/players/182784.png,Attacker,10.0,6.0,587.0,6.55,2.0,0.0,11.0,5.0,90.0,2.0,62.0,4.0,,2.0,2.0,1.0,63.0,23.0,5.0,6.0,1.0,0.0
140,La Liga,2025,533,Villarreal,288112,Willy Kambwala Ndengushi,Willy,Kambwala Ndengushi,21.0,France,192,85,https://media.api-sports.io/football/players/288112.png,Defender,2.0,1.0,86.0,6.55,0.0,0.0,,,43.0,,88.0,,1.0,,,,2.0,1.0,,,0.0,0.0
140,La Liga,2025,541,Real Madrid,313167,Manuel Ángel,Manuel Ángel,Morán Ibáñez,21.0,Spain,170 cm,60 kg,https://media.api-sports.io/football/players/313167.png,Midfielder,4.0,1.0,95.0,6.53,0.0,0.0,1.0,1.0,69.0,,89.0,4.0,,,2.0,1.0,15.0,9.0,4.0,2.0,0.0,0.0
140,La Liga,2025,539,Levante,385383,Dani Cervera,Dani,Cervera Cabané,22.0,Spain,,,https://media.api-sports.io/football/players/385383.png,Midfielder,0.0,0.0,,,0.0,0.0,,,,,,,,,,,,,,,0.0,0.0
140,La Liga,2025,529,Barcelona,433395,Álvaro Cortés Moyano,Álvaro,Cortés Moyano,20.0,Spain,189 cm,82 kg,https://media.api-sports.io/football/players/433395.png,Defender,1.0,1.0,90.0,7.7,0.0,0.0,,,93.0,,94.0,1.0,1.0,1.0,1.0,1.0,13.0,8.0,1.0,,0.0,0.0
140,La Liga,2025,542,Alaves,437600,Paco Sanz,Paco,Sanz Mora,21.0,Spain,188 cm,85 kg,https://media.api-sports.io/football/players/437600.png,Defender,0.0,0.0,,,0.0,0.0,,,,,,,,,,,,,,,0.0,0.0
140,La Liga,2025,541,Real Madrid,441497,Daniel Yañez,Daniel,Yáñez Barla,18.0,Spain,177,73,https://media.api-sports.io/football/players/441497.png,Attacker,2.0,0.0,45.0,6.85,0.0,1.0,,,20.0,2.0,90.0,1.0,,,1.0,,10.0,6.0,4.0,,0.0,0.0
140,La Liga,2025,548,Real Sociedad,454301,Tomás Carbonell,Tomás,Carbonell del Rio,20.0,Spain,,,https://media.api-sports.io/football/players/454301.png,Midfielder,0.0,0.0,,,0.0,0.0,,,,,,,,,,,,,,,0.0,0.0
140,La Liga,2025,538,Celta Vigo,481678,Andrés Antañón,Andrés,Antañón,18.0,Spain,,,https://media.api-sports.io/football/players/481678.png,Midfielder,2.0,1.0,62.0,6.25,0.0,0.0,2.0,2.0,18.0,,66.0,,,,1.0,,9.0,1.0,,1.0,0.0,0.0
140,La Liga,2025,541,Real Madrid,561032,L. Fati,,,19.0,,,,https://media.api-sports.io/football/players/561032.png,Defender,0.0,0.0,,,0.0,0.0,,,,,,,,,,,,,,,0.0,0.0
140,La Liga,2025,797,Elche,585068,P. Felipe,,,20.0,,,,https://media.api-sports.io/football/players/585068.png,Defender,0.0,0.0,,,0.0,0.0,,,,,,,,,,,,,,,0.0,0.0
140,La Liga,2025,798,Mallorca,629089,J. Garcia,,,19.0,,,,https://media.api-sports.io/football/players/629089.png,Midfielder,0.0,0.0,,,0.0,0.0,,,,,,,,,,,,,,,0.0,0.0
140,La Liga,2025,530,Atletico Madrid,646997,Álvaro Moreno,,,19.0,,,,https://media.api-sports.io/football/players/646997.png,Goalkeeper,0.0,0.0,,,0.0,0.0,,,,,,,,,,,,,,,0.0,0.0
140,La Liga,2025,718,Oviedo,647008,Adri Fernández,,,20.0,,,,https://media.api-sports.io/football/players/647008.png,Defender,0.0,0.0,,,0.0,0.0,,,,,,,,,,,,,,,0.0,0.0
140,La Liga,2025,540,Espanyol,647193,Adama Timera,,,,,,,https://media.api-sports.io/football/players/647193.png,Attacker,0.0,0.0,,,0.0,0.0,,,,,,,,,,,,,,,0.0,0.0
140,La Liga,2025,798,Mallorca,647395,Leo Sánchez,,,19.0,,,,https://media.api-sports.io/football/players/647395.png,Midfielder,0.0,0.0,,,0.0,0.0,,,,,,,,,,,,,,,0.0,0.0
140,La Liga,2025,798,Mallorca,648740,Rareș Vlad,,,20.0,,,,https://media.api-sports.io/football/players/648740.png,Goalkeeper,0.0,0.0,,,0.0,0.0,,,,,,,,,,,,,,,0.0,0.0
140,La Liga,2025,533,Villarreal,21997,Logan Costa,Logan,Evans Costa,24.0,Cape Verde,190,91,https://media.api-sports.io/football/players/21997.png,Defender,2.0,0.0,29.0,6.9,0.0,0.0,,,25.0,1.0,96.0,1.0,,,,,2.0,1.0,,1.0,0.0,0.0
140,La Liga,2025,531,Athletic Club,47271,Yeray,Yeray,Álvarez López,30.0,Spain,182,78,https://media.api-sports.io/football/players/47271.png,Defender,7.0,6.0,514.0,6.61,0.0,0.0,1.0,,285.0,3.0,83.0,1.0,2.0,13.0,1.0,,28.0,13.0,5.0,3.0,0.0,0.0
140,La Liga,2025,547,Girona,327628,Ricard Artero,Ricard,Artero Ruiz,22.0,Spain,181 cm,75 kg,https://media.api-sports.io/football/players/327628.png,Midfielder,0.0,0.0,,,0.0,0.0,,,,,,,,,,,,,,,0.0,0.0
140,La Liga,2025,531,Athletic Club,332305,Unai Eguíluz,Unai,Eguíluz Arroyo,23.0,Spain,186,78,https://media.api-sports.io/football/players/332305.png,Defender,0.0,0.0,,,0.0,0.0,,,,,,,,,,,,,,,0.0,0.0
140,La Liga,2025,540,Espanyol,388057,Alex Almansa,Alex,Almansa López,22.0,Spain,186 cm,76 kg,https://media.api-sports.io/football/players/388057.png,Attacker,0.0,0.0,,,0.0,0.0,,,,,,,,,,,,,,,0.0,0.0
140,La Liga,2025,530,Atletico Madrid,441280,G. Spina,Gerónimo,Spina,20.0,Argentina,187 cm,77 kg,https://media.api-sports.io/football/players/441280.png,Defender,0.0,0.0,,,0.0,0.0,,,,,,,,,,,,,,,0.0,0.0
140,La Liga,2025,541,Real Madrid,443595,Jesús Fortea,Jesús,Fortea Tejedo,18.0,Spain,174,62,https://media.api-sports.io/football/players/443595.png,Defender,0.0,0.0,,,0.0,0.0,,,,,,,,,,,,,,,0.0,0.0
140,La Liga,2025,541,Real Madrid,544044,J. Navarro Jimenez,,,18.0,,,,https://media.api-sports.io/football/players/544044.png,Goalkeeper,0.0,0.0,,,0.0,0.0,,,,,,,,,,,,,,,0.0,0.0
140,La Liga,2025,536,Sevilla,546882,N. Guillen,,,17.0,,,,https://media.api-sports.io/football/players/546882.png,Midfielder,0.0,0.0,,,0.0,0.0,,,,,,,,,,,,,,,0.0,0.0
140,La Liga,2025,530,Atletico Madrid,548704,J. Morcillo,,,19.0,,,,https://media.api-sports.io/football/players/548704.png,Midfielder,5.0,1.0,170.0,6.62,0.0,0.0,2.0,,70.0,1.0,91.0,5.0,1.0,2.0,,,23.0,9.0,2.0,6.0,2.0,0.0
140,La Liga,2025,530,Atletico Madrid,548707,M. Llorente,,,17.0,,,,https://media.api-sports.io/football/players/548707.png,Defender,2.0,0.0,29.0,6.9,0.0,0.0,,,25.0,1.0,96.0,1.0,,,,,2.0,1.0,,1.0,0.0,0.0
140,La Liga,2025,540,Espanyol,549458,L. Castell,,,19.0,,,,https://media.api-sports.io/football/players/549458.png,Attacker,1.0,0.0,18.0,6.5,0.0,0.0,,,2.0,,50.0,,,,,,4.0,1.0,1.0,1.0,0.0,0.0
140,La Liga,2025,727,Osasuna,561057,Rafa,,,21.0,,,,https://media.api-sports.io/football/players/561057.png,Goalkeeper,0.0,0.0,,,0.0,0.0,,,,,,,,,,,,,,,0.0,0.0
140,La Liga,2025,797,Elche,561102,J. Piera,,,20.0,,,,https://media.api-sports.io/football/players/561102.png,Attacker,0.0,0.0,,,0.0,0.0,,,,,,,,,,,,,,,0.0,0.0
140,La Liga,2025,540,Espanyol,580271,M. Londono,,,,,,,https://media.api-sports.io/football/players/580271.png,Midfielder,0.0,0.0,,,0.0,0.0,,,,,,,,,,,,,,,0.0,0.0
140,La Liga,2025,543,Real Betis,610742,C. De Roa,,,18.0,,,,https://media.api-sports.io/football/players/610742.png,Defender,0.0,0.0,,,0.0,0.0,,,,,,,,,,,,,,,0.0,0.0
140,La Liga,2025,798,Mallorca,612028,M. Calatayud,,,,,,,https://media.api-sports.io/football/players/612028.png,Defender,2.0,0.0,41.0,6.45,0.0,0.0,1.0,,31.0,,90.0,2.0,1.0,,1.0,1.0,5.0,4.0,,2.0,0.0,0.0
140,La Liga,2025,798,Mallorca,626497,L. Orejuela,,,18.0,,,,https://media.api-sports.io/football/players/626497.png,Defender,1.0,1.0,90.0,6.2,0.0,0.0,1.0,,32.0,,93.0,,,1.0,1.0,1.0,13.0,6.0,4.0,1.0,0.0,0.0
140,La Liga,2025,546,Getafe,637891,D. Caceres,,,22.0,,,,https://media.api-sports.io/football/players/637891.png,Midfielder,3.0,2.0,151.0,6.6,0.0,0.0,,,47.0,,61.0,5.0,3.0,3.0,2.0,,18.0,8.0,,4.0,0.0,0.0
140,La Liga,2025,798,Mallorca,646868,C. Riba,,,19.0,,,,https://media.api-sports.io/football/players/646868.png,Midfielder,0.0,0.0,,,0.0,0.0,,,,,,,,,,,,,,,0.0,0.0
140,La Liga,2025,530,Atletico Madrid,133,C. Lenglet,Clément Nicolas Laurent,Lenglet,31.0,France,186,81,https://media.api-sports.io/football/players/133.png,Defender,19.0,18.0,1393.0,6.784210,,1.0,4.0,,923.0,4.0,42.0,21.0,6.0,22.0,3.0,3.0,114.0,60.0,7.0,22.0,6.0,1.0
140,La Liga,2025,543,Real Betis,1439,Héctor Bellerín,Héctor,Bellerín Moruno,31.0,Spain,178,74,https://media.api-sports.io/football/players/1439.png,Defender,27.0,25.0,1840.0,6.725925,2.0,3.0,5.0,5.0,1028.0,24.0,,30.0,4.0,14.0,13.0,7.0,118.0,58.0,4.0,15.0,2.0,0.0
140,La Liga,2025,797,Elche,2063,André Silva,André Miguel,Valente da Silva,30.0,Portugal,185,84,https://media.api-sports.io/football/players/2063.png,Forward,30.0,28.0,1845.0,6.755172,10.0,0.0,42.0,29.0,492.0,22.0,,14.0,1.0,5.0,34.0,14.0,222.0,83.0,32.0,24.0,3.0,0.0
140,La Liga,2025,536,Sevilla,25458,D. Lukebakio,Dodi,Lukebakio Ngandoli,28.0,Belgium,187,77,https://media.api-sports.io/football/players/25458.png,Forward,2.0,2.0,180.0,7.300000,1.0,0.0,2.0,1.0,72.0,9.0,,,,1.0,3.0,1.0,11.0,4.0,3.0,3.0,0.0,0.0
140,La Liga,2025,536,Sevilla,47389,Joan Jordán,Joan,Jordán Moreno,32.0,Spain,184,74,https://media.api-sports.io/football/players/47389.png,Midfielder,3.0,1.0,22.0,6.300000,,0.0,,,27.0,,,,,,,,7.0,,,4.0,1.0,0.0
140,La Liga,2025,543,Real Betis,286084,Sergi Altimira,Sergi,Altimira Clavell,24.0,Spain,188,80,https://media.api-sports.io/football/players/286084.png,Midfielder,24.0,20.0,1198.0,6.991666,1.0,2.0,5.0,3.0,768.0,11.0,,51.0,4.0,21.0,7.0,4.0,144.0,93.0,22.0,14.0,3.0,0.0
140,La Liga,2025,548,Real Sociedad,381599,Rupérez,Iñaki,Rupérez Urtasun,22.0,Spain,166 cm,60 kg,https://media.api-sports.io/football/players/381599.png,Defender,1.0,0.0,1.0,,0.0,0.0,,,2.0,,100.0,,,,,,,,,,0.0,0.0
140,La Liga,2025,543,Real Betis,439994,Pablo Busto,Pablo,Busto,20.0,Spain,180 cm,69 kg,https://media.api-sports.io/football/players/439994.png,Defender,0.0,0.0,,,0.0,0.0,,,,,,,,,,,,,,,0.0,0.0
140,La Liga,2025,541,Real Madrid,560902,M. Serrano,,,21.0,,,,https://media.api-sports.io/football/players/560902.png,Defender,1.0,0.0,8.0,6.2,0.0,0.0,,,8.0,,100.0,,,,,,,,,,0.0,0.0
140,La Liga,2025,531,Athletic Club,560981,E. Gift,,,19.0,,,,https://media.api-sports.io/football/players/560981.png,Attacker,0.0,0.0,,,0.0,0.0,,,,,,,,,,,,,,,0.0,0.0
140,La Liga,2025,541,Real Madrid,568243,A. Gonzalez,,,,,,,https://media.api-sports.io/football/players/568243.png,Goalkeeper,0.0,0.0,,,0.0,0.0,,,,,,,,,,,,,,,0.0,0.0
140,La Liga,2025,541,Real Madrid,569021,D. Mesonero,,,,,,,https://media.api-sports.io/football/players/569021.png,Midfielder,0.0,0.0,,,0.0,0.0,,,,,,,,,,,,,,,0.0,0.0
140,La Liga,2025,546,Getafe,579838,A. Mestanza,Alejandro,Mestanza,21.0,Spain,,,https://media.api-sports.io/football/players/579838.png,Midfielder,3.0,2.0,79.0,6.533333,,0.0,1.0,,21.0,,,2.0,,,2.0,2.0,9.0,6.0,2.0,1.0,0.0,0.0
140,La Liga,2025,532,Valencia,662934,Rubi,,,,,,,https://media.api-sports.io/football/players/662934.png,Defender,0.0,0.0,,,0.0,0.0,,,,,,,,,,,,,,,0.0,0.0
