league_id,league,season,team_id,team,player_id,name,firstname,lastname,age,nationality,height,weight,photo,position,appearances,lineups,minutes,rating,goals,assists,shots,shots_on_target,passes,key_passes,pass_accuracy,tackles,blocks,interceptions,dribble_attempts,successful_dribbles,duels_total,duels_won,fouls_drawn,fouls_committed,yellow_cards,red_cards
61,Ligue 1,2025,111,Le Havre,2707,O. El Hajjam,Oualid,El Hajjam,34.0,Morocco,181,72,https://media.api-sports.io/football/players/2707.png,Defender,,,,,,,,,,,,,,,,,,,,,,
61,Ligue 1,2025,116,Lens,6231,F. Medina,Facundo Axel,Medina,26.0,Argentina,184,78,https://media.api-sports.io/football/players/6231.png,Defender,1.0,1.0,61.0,7.200000,,0.0,,,75.0,,72.0,1.0,,,,,4.0,1.0,,3.0,0.0,0.0
61,Ligue 1,2025,81,Marseille,6231,F. Medina,Facundo Axel,Medina,26.0,Argentina,184,78,https://media.api-sports.io/football/players/6231.png,Defender,17.0,16.0,1376.0,6.81,0.0,1.0,4.0,1.0,1043.0,7.0,91.0,19.0,13.0,23.0,7.0,4.0,91.0,43.0,10.0,24.0,7.0,0.0
61,Ligue 1,2025,97,Lorient,24245,G. Kalulu,Gédéon,Kalulu Kyatengwa,28.0,Congo DR,178,78,https://media.api-sports.io/football/players/24245.png,Defender,,,,,,,,,,,,,,,,,,,,,,
61,Ligue 1,2025,91,Monaco,40384,R. Majecki,Radosław,Majecki,26.0,Poland,193,78,https://media.api-sports.io/football/players/40384.png,Goalkeeper,3.0,3.0,235.0,6.300000,,0.0,,,68.0,,,,,,,,4.0,2.0,,1.0,0.0,1.0
61,Ligue 1,2025,106,Stade Brestois 29,40384,R. Majecki,Radosław,Majecki,26.0,Poland,193,78,https://media.api-sports.io/football/players/40384.png,Goalkeeper,10.0,10.0,865.0,6.68,0.0,0.0,,,298.0,,67.0,,,,,,5.0,3.0,1.0,1.0,0.0,1.0
61,Ligue 1,2025,77,Angers,64190,Y. Fofana,Yahia,Fofana,25.0,France,194,89,https://media.api-sports.io/football/players/64190.png,Goalkeeper,,,,,,,,,,,,,,,,,,,,,,
61,Ligue 1,2025,85,Paris Saint Germain,162473,Arnau Tenas,Arnau,Tenas Ureña,24.0,Spain,185,85,https://media.api-sports.io/football/players/162473.png,Goalkeeper,,,,,,,,,,,,,,,,,,,,,,
61,Ligue 1,2025,116,Lens,326073,R. Labeau Lascary,Rémy,Labeau Lascary,22.0,France,184,72,https://media.api-sports.io/football/players/326073.png,Attacker,2.0,0.0,41.0,7.000000,1.0,0.0,1.0,1.0,10.0,1.0,,,,,2.0,1.0,15.0,5.0,2.0,5.0,1.0,0.0
61,Ligue 1,2025,106,Stade Brestois 29,326073,R. Labeau Lascary,Rémy,Labeau Lascary,22.0,France,184,72,https://media.api-sports.io/football/players/326073.png,Attacker,27.0,12.0,1195.0,6.7,5.0,1.0,26.0,16.0,226.0,13.0,80.0,16.0,2.0,6.0,51.0,20.0,179.0,65.0,18.0,29.0,2.0,0.0
61,Ligue 1,2025,77,Angers,327555,Y. Gaya,Yacine,Gaya,21.0,Algeria,184,74,https://media.api-sports.io/football/players/327555.png,Defender,,,,,,,,,,,,,,,,,,,,,,
61,Ligue 1,2025,84,Nice,339620,L. Monteiro Alvarenga,Laurenzo,Monteiro Alvarenga,21.0,France,185,71,https://media.api-sports.io/football/players/339620.png,Defender,,,,,,,,,,,,,,,,,,,,,,
61,Ligue 1,2025,111,Le Havre,339633,A. Logbo,Andy Élysée,Logbo,21.0,France,188,75,https://media.api-sports.io/football/players/339633.png,Attacker,,,,,,,,,,,,,,,,,,,,,,
61,Ligue 1,2025,95,Strasbourg,346700,M. Luković,Miloš,Luković,20.0,Serbia,184,85,https://media.api-sports.io/football/players/346700.png,Attacker,,,,,,,,,,,,,,,,,,,,,,
61,Ligue 1,2025,83,Nantes,349636,A. Mahamoud,Adel Azhardine,Mahamoud,22.0,Comoros,178,,https://media.api-sports.io/football/players/349636.png,Attacker,,,,,,,,,,,,,,,,,,,,,,
61,Ligue 1,2025,111,Le Havre,392584,M. Bentoumi,Mokrane,Bentoumi,20.0,France,169,,https://media.api-sports.io/football/players/392584.png,Midfielder,,,,,,,,,,,,,,,,,,,,,,
61,Ligue 1,2025,112,Metz,405072,J. Mangondo,Joseph,Mangondo,20.0,France,179,,https://media.api-sports.io/football/players/405072.png,Attacker,,,,,,,,,,,,,,,,,,,,,,
61,Ligue 1,2025,114,Paris FC,417550,O. Sissoko,Omar,Sissoko,19.0,France,175,70,https://media.api-sports.io/football/players/417550.png,Attacker,,,,,,,,,,,,,,,,,,,,,,
61,Ligue 1,2025,84,Nice,437498,A. Doumbouya,Amidou,Doumbouya,18.0,France,182,72,https://media.api-sports.io/football/players/437498.png,Defender,,,,,,,,,,,,,,,,,,,,,,
61,Ligue 1,2025,77,Angers,454765,J. El Baraka,Jibril,El Baraka,18.0,Morocco,173,57,https://media.api-sports.io/football/players/454765.png,Midfielder,,,,,,,,,,,,,,,,,,,,,,
61,Ligue 1,2025,77,Angers,455243,A. Moussaoui,Amine,Moussaoui,19.0,France,181,71,https://media.api-sports.io/football/players/455243.png,Attacker,,,,,,,,,,,,,,,,,,,,,,
61,Ligue 1,2025,77,Angers,456764,M. Ngangué,Maurice,Ngangué,20.0,France,,,https://media.api-sports.io/football/players/456764.png,Midfielder,,,,,,,,,,,,,,,,,,,,,,
61,Ligue 1,2025,84,Nice,526451,T. Bruyère,Théo,Bruyère,19.0,France,188,72,https://media.api-sports.io/football/players/526451.png,Goalkeeper,,,,,,,,,,,,,,,,,,,,,,
61,Ligue 1,2025,94,Rennes,20706,G. Gallon,Gauthier,Gallon,32.0,France,186,79,https://media.api-sports.io/football/players/20706.png,Goalkeeper,,,,,,,,,,,,,,,,,,,,,,
61,Ligue 1,2025,79,Lille,21483,M. Caillard,Marc-Aurèle,Daniel Pa Caillard,31.0,France,191,79,https://media.api-sports.io/football/players/21483.png,Goalkeeper,,,,,,,,,,,,,,,,,,,,,,
61,Ligue 1,2025,79,Lille,24288,M. Bayo,Mohamed Lamine,Bayo,27.0,Guinea,188,76,https://media.api-sports.io/football/players/24288.png,Forward,,,,,,,,,,,,,,,,,,,,,,
61,Ligue 1,2025,108,Auxerre,38754,E. Maddy,Eros,Maddy,24.0,Netherlands,177,71,https://media.api-sports.io/football/players/38754.png,Attacker,,,,,,,,,,,,,,,,,,,,,,
61,Ligue 1,2025,114,Paris FC,163234,M. Tourraine,Mathys,Tourraine,24.0,France,170,68,https://media.api-sports.io/football/players/163234.png,Defender,,,,,,,,,,,,,,,,,,,,,,
61,Ligue 1,2025,81,Marseille,336654,J. Van Neck,Jelle,Van Neck,21.0,Belgium,189,70,https://media.api-sports.io/football/players/336654.png,Goalkeeper,,,,,,,,,,,,,,,,,,,,,,
61,Ligue 1,2025,96,Toulouse,344131,S. Mchindra,Naime Ben Zayer,Said Mchindra,20.0,France,185,,https://media.api-sports.io/football/players/344131.png,Goalkeeper,,,,,,,,,,,,,,,,,,,,,,
61,Ligue 1,2025,95,Strasbourg,356520,Ó. Perea,Óscar Andrés,Perea Abonce,20.0,Colombia,174,75,https://media.api-sports.io/football/players/356520.png,Attacker,,,,,,,,,,,,,,,,,,,,,,
61,Ligue 1,2025,96,Toulouse,366573,N. Wasbauer,Nicolas,Wasbauer,21.0,France,,,https://media.api-sports.io/football/players/366573.png,Defender,,,,,,,,,,,,,,,,,,,,,,
61,Ligue 1,2025,116,Lens,386852,J. Agbonifo,Jeremy,Nosakhare Agbonifo,20.0,Sweden,180,78,https://media.api-sports.io/football/players/386852.png,Attacker,,,,,,,,,,,,,,,,,,,,,,
61,Ligue 1,2025,96,Toulouse,400921,G. Bakhouche,Gaetan,Bakhouche Piernas,20.0,France,,,https://media.api-sports.io/football/players/400921.png,Defender,,,,,,,,,,,,,,,,,,,,,,
61,Ligue 1,2025,108,Auxerre,432109,L. Mezerette,Louis,Mezerette,19.0,France,,,https://media.api-sports.io/football/players/432109.png,Goalkeeper,,,,,,,,,,,,,,,,,,,,,,
61,Ligue 1,2025,108,Auxerre,435514,R. Mandengue,Rayan Edwards,Kwedi Mandengue,19.0,Cameroon,,,https://media.api-sports.io/football/players/435514.png,Attacker,,,,,,,,,,,,,,,,,,,,,,
61,Ligue 1,2025,116,Lens,437139,S. Sagnan,Souleymane,Sagnan,20.0,France,187,77,https://media.api-sports.io/football/players/437139.png,Defender,,,,,,,,,,,,,,,,,,,,,,
61,Ligue 1,2025,95,Strasbourg,437760,R. Messi,Rayane,Messi Tanfouri,18.0,France,175,70,https://media.api-sports.io/football/players/437760.png,Attacker,,,,,,,,,,,,,,,,,,,,,,
61,Ligue 1,2025,116,Lens,438816,A. Diallo,Alpha,Diallo,19.0,France,179,73,https://media.api-sports.io/football/players/438816.png,Midfielder,,,,,,,,,,,,,,,,,,,,,,
61,Ligue 1,2025,116,Lens,439815,K. Diliwidi,Kembo,Diliwidi,19.0,France,180,71,https://media.api-sports.io/football/players/439815.png,Attacker,,,,,,,,,,,,,,,,,,,,,,
61,Ligue 1,2025,81,Marseille,462280,Y. Sellami,Yanis,Sellami,18.0,France,184,,https://media.api-sports.io/football/players/462280.png,Midfielder,,,,,,,,,,,,,,,,,,,,,,
61,Ligue 1,2025,108,Auxerre,468459,T. Devernois,Tidiane,Devernois,18.0,France,,,https://media.api-sports.io/football/players/468459.png,Midfielder,,,,,,,,,,,,,,,,,,,,,,
61,Ligue 1,2025,96,Toulouse,510830,D. Zema,Darris,Zema,18.0,France,,,https://media.api-sports.io/football/players/510830.png,Midfielder,,,,,,,,,,,,,,,,,,,,,,
61,Ligue 1,2025,85,Paris Saint Germain,262,P. Kimpembe,Presnel,Kimpembe,30.0,France,182,79,https://media.api-sports.io/football/players/262.png,Defender,,,,,,,,,,,,,,,,,,,,,,
61,Ligue 1,2025,80,Lyon,1568,P. Akouokou,Edgar Paul,Akouokou,28.0,Côte d'Ivoire,181,68,https://media.api-sports.io/football/players/1568.png,Midfielder,2.0,1.0,171.0,7.150000,,0.0,,,101.0,,42.0,4.0,,4.0,2.0,2.0,16.0,13.0,3.0,2.0,2.0,0.0
61,Ligue 1,2025,85,Paris Saint Germain,1622,G. Donnarumma,Gianluigi,Donnarumma,26.0,Italy,196,90,https://media.api-sports.io/football/players/1622.png,Goalkeeper,,,,,,,,,,,,,,,,,,,,,,
61,Ligue 1,2025,116,Lens,21146,A. Fulgini,Angelo,Fulgini,29.0,France,183,71,https://media.api-sports.io/football/players/21146.png,Midfielder,2.0,2.0,152.0,7.100000,,2.0,1.0,,55.0,3.0,,2.0,1.0,1.0,,,17.0,5.0,3.0,4.0,0.0,0.0
61,Ligue 1,2025,96,Toulouse,48491,V. Sierro,Vincent Olivier,Sierro,30.0,Switzerland,185,79,https://media.api-sports.io/football/players/48491.png,Midfielder,3.0,3.0,270.0,7.200000,,0.0,,,181.0,7.0,52.0,6.0,,1.0,2.0,2.0,27.0,15.0,2.0,3.0,0.0,0.0
61,Ligue 1,2025,81,Marseille,102447,F. Moumbagna,Faris,Pemi Moumbagna,25.0,Cameroon,185,77,https://media.api-sports.io/football/players/102447.png,Attacker,2.0,1.0,14.0,6.300000,,0.0,,,1.0,,,,,,,,1.0,1.0,,,0.0,0.0
61,Ligue 1,2025,94,Rennes,147831,A. Kalimuendo,Arnaud,Kalimuendo-Muinga,23.0,France,178,79,https://media.api-sports.io/football/players/147831.png,Attacker,,,,,,,,,,,,,,,,,,,,,,
61,Ligue 1,2025,108,Auxerre,191392,P. Joly,Paul,Joly,25.0,France,182,75,https://media.api-sports.io/football/players/191392.png,Defender,,,,,,,,,,,,,,,,,,,,,,
61,Ligue 1,2025,116,Lens,195512,M. Satriano,Martín Adrián,Satriano Costa,24.0,Uruguay,187,75,https://media.api-sports.io/football/players/195512.png,Attacker,2.0,2.0,81.0,6.000000,,0.0,2.0,1.0,12.0,1.0,,,,,,,6.0,1.0,1.0,3.0,0.0,0.0
61,Ligue 1,2025,80,Lyon,195512,M. Satriano,Martín Adrián,Satriano Costa,24.0,Uruguay,187,75,https://media.api-sports.io/football/players/195512.png,Attacker,11.0,8.0,703.0,6.61,2.0,1.0,13.0,7.0,157.0,9.0,83.0,5.0,,6.0,15.0,5.0,84.0,35.0,13.0,11.0,1.0,0.0
61,Ligue 1,2025,79,Lille,278783,Tiago Morais,Tiago,Fontoura da Fonseca Morais,22.0,Portugal,168,63,https://media.api-sports.io/football/players/278783.png,Attacker,,,,,,,,,,,,,,,,,,,,,,
61,Ligue 1,2025,91,Monaco,326176,S. Magassa,Soungoutou,Magassa,22.0,France,188,80,https://media.api-sports.io/football/players/326176.png,Midfielder,,,,,,,,,,,,,,,,,,,,,,
61,Ligue 1,2025,95,Strasbourg,339417,P. Diop,Pape Demba,Diop,22.0,Senegal,,,https://media.api-sports.io/football/players/339417.png,Midfielder,,,,,,,,,,,,,,,,,,,,,,
61,Ligue 1,2025,96,Toulouse,339417,P. Diop,Pape Demba,Diop,22.0,Senegal,,,https://media.api-sports.io/football/players/339417.png,Midfielder,16.0,14.0,1202.0,6.89,1.0,2.0,22.0,11.0,633.0,19.0,87.0,32.0,7.0,31.0,11.0,4.0,128.0,62.0,17.0,15.0,2.0,0.0
61,Ligue 1,2025,96,Toulouse,343350,Y. Aradj,Ylies,Aradj,20.0,France,179,69,https://media.api-sports.io/football/players/343350.png,Defender,,,,,,,,,,,,,,,,,,,,,,
61,Ligue 1,2025,94,Rennes,345748,A. Gómez,Carlos Andrés,Gómez Hinestroza,23.0,Colombia,171,61,https://media.api-sports.io/football/players/345748.png,Attacker,,,,,,,,,,,,,,,,,,,,,,
61,Ligue 1,2025,94,Rennes,352999,A. Sishuba,Ayanda,Sishuba,20.0,Belgium,169,61,https://media.api-sports.io/football/players/352999.png,Midfielder,,,,,,,,,,,,,,,,,,,,,,
61,Ligue 1,2025,94,Rennes,363226,R. Bamba,Rayan,Bamba,21.0,France,,,https://media.api-sports.io/football/players/363226.png,Defender,,,,,,,,,,,,,,,,,,,,,,
61,Ligue 1,2025,80,Lyon,386284,Mahamadou Diawara,Mahamadou,Diawara,20.0,France,187,74,https://media.api-sports.io/football/players/386284.png,Midfielder,,,,,,,,,,,,,,,,,,,,,,
61,Ligue 1,2025,96,Toulouse,461463,M. Saka,Mathis,Saka,19.0,France,172,63,https://media.api-sports.io/football/players/461463.png,Midfielder,0.0,0.0,8.0,6.3,0.0,0.0,,,5.0,,,,,,,,1.0,,,1.0,0.0,0.0
61,Ligue 1,2025,80,Lyon,525694,Tiago Gonçalves,Tiago Manuel,Gonçalves Silva,18.0,Portugal,,,https://media.api-sports.io/football/players/525694.png,Midfielder,,,,,,,,,,,,,,,,,,,,,,
61,Ligue 1,2025,84,Nice,603818,Brad-Hamilton Mantsounga,,,,,,,https://media.api-sports.io/football/players/603818.png,Defender,0.0,0.0,,,0.0,0.0,,,,,,,,,,,,,,,0.0,0.0
61,Ligue 1,2025,77,Angers,20554,H. Belkebla,Haris,Belkebla,31.0,Algeria,177,68,https://media.api-sports.io/football/players/20554.png,Midfielder,33.0,33.0,2880.0,6.77,0.0,0.0,3.0,,1265.0,16.0,87.0,72.0,8.0,32.0,34.0,18.0,266.0,162.0,54.0,24.0,7.0,0.0
61,Ligue 1,2025,77,Angers,20850,C. Arcus,Carlens Jean Fedlaire Ruby,Arcus,29.0,Haiti,180,73,https://media.api-sports.io/football/players/20850.png,Defender,26.0,24.0,2051.0,6.71,0.0,3.0,7.0,1.0,1115.0,16.0,87.0,37.0,3.0,31.0,5.0,2.0,149.0,80.0,16.0,33.0,7.0,0.0
61,Ligue 1,2025,77,Angers,21381,J. Lefort,Jordan,Lefort,32.0,France,184,81,https://media.api-sports.io/football/players/21381.png,Defender,34.0,34.0,3060.0,6.81,0.0,2.0,8.0,1.0,1932.0,9.0,86.0,51.0,16.0,48.0,16.0,10.0,196.0,116.0,19.0,22.0,2.0,0.0
61,Ligue 1,2025,77,Angers,21618,J. Allevinah,Jim Émilien,Ngowet Allevinah,30.0,Gabon,172,67,https://media.api-sports.io/football/players/21618.png,Attacker,6.0,0.0,132.0,6.78,1.0,0.0,4.0,1.0,38.0,1.0,89.0,1.0,1.0,,7.0,1.0,15.0,7.0,4.0,,0.0,0.0
61,Ligue 1,2025,77,Angers,22220,H. Koffi,Hervé Kouakou,Koffi,29.0,Burkina Faso,186,80,https://media.api-sports.io/football/players/22220.png,Goalkeeper,30.0,30.0,2659.0,7.31,0.0,0.0,,,854.0,,70.0,2.0,,,,,21.0,19.0,11.0,1.0,1.0,0.0
61,Ligue 1,2025,77,Angers,41146,F. Hanin,Florent Olivier Sylvain,Hanin,35.0,France,177,73,https://media.api-sports.io/football/players/41146.png,Midfielder,25.0,9.0,892.0,6.64,0.0,0.0,1.0,,355.0,8.0,77.0,15.0,4.0,11.0,9.0,3.0,73.0,35.0,8.0,8.0,0.0,0.0
61,Ligue 1,2025,77,Angers,163004,E. Lepaul,Esteban,Lepaul,25.0,France,177,71,https://media.api-sports.io/football/players/163004.png,Attacker,2.0,2.0,175.0,6.7,1.0,0.0,3.0,1.0,36.0,2.0,61.0,,,,,,12.0,3.0,1.0,2.0,0.0,0.0
61,Ligue 1,2025,94,Rennes,163004,E. Lepaul,Esteban,Lepaul,25.0,France,177,71,https://media.api-sports.io/football/players/163004.png,Attacker,32.0,31.0,2527.0,7.07,20.0,5.0,65.0,38.0,484.0,21.0,78.0,7.0,,2.0,27.0,9.0,175.0,70.0,15.0,22.0,3.0,0.0
61,Ligue 1,2025,77,Angers,174660,L. Rao-Lisoa,Lillian,Rao-Lisoa,25.0,France,178,70,https://media.api-sports.io/football/players/174660.png,Midfielder,32.0,21.0,1976.0,6.83,2.0,4.0,10.0,6.0,654.0,22.0,73.0,52.0,4.0,15.0,40.0,17.0,223.0,116.0,17.0,27.0,3.0,0.0
61,Ligue 1,2025,77,Angers,174708,Y. Belkhdim,Yassine,Belkhdim,23.0,France,175,70,https://media.api-sports.io/football/players/174708.png,Midfielder,27.0,26.0,2149.0,6.77,2.0,2.0,24.0,14.0,724.0,15.0,84.0,59.0,6.0,36.0,18.0,5.0,191.0,103.0,29.0,29.0,5.0,0.0
61,Ligue 1,2025,77,Angers,271540,O. Camara,Ousmane,Camara,22.0,France,197,90,https://media.api-sports.io/football/players/271540.png,Defender,32.0,31.0,2719.0,6.83,1.0,0.0,12.0,5.0,1362.0,4.0,90.0,47.0,25.0,31.0,5.0,3.0,191.0,111.0,7.0,22.0,3.0,0.0
61,Ligue 1,2025,77,Angers,289555,L. Mouton,Louis,Mouton,23.0,France,189,75,https://media.api-sports.io/football/players/289555.png,Attacker,32.0,24.0,1911.0,6.56,2.0,1.0,23.0,8.0,707.0,22.0,75.0,40.0,4.0,14.0,34.0,12.0,200.0,83.0,16.0,20.0,2.0,1.0
61,Ligue 1,2025,77,Angers,343609,J. Ekomié,Jacques Emmanuel,Paul Ekomié,22.0,Gabon,179,74,https://media.api-sports.io/football/players/343609.png,Defender,32.0,25.0,2240.0,6.56,0.0,0.0,10.0,3.0,742.0,12.0,81.0,60.0,10.0,31.0,36.0,14.0,243.0,131.0,31.0,30.0,3.0,0.0
61,Ligue 1,2025,77,Angers,385569,E. Biumla,Emmanuel Junior,Biumla Bayiha,20.0,France,185,75,https://media.api-sports.io/football/players/385569.png,Midfielder,9.0,3.0,394.0,6.38,0.0,0.0,2.0,,167.0,,86.0,7.0,2.0,3.0,1.0,,38.0,17.0,6.0,8.0,0.0,0.0
61,Ligue 1,2025,77,Angers,403277,L. Machine,Lanroy,Machine,20.0,France,,,https://media.api-sports.io/football/players/403277.png,Attacker,22.0,3.0,515.0,6.45,1.0,0.0,12.0,4.0,116.0,4.0,79.0,8.0,,,12.0,5.0,79.0,28.0,5.0,9.0,1.0,0.0
61,Ligue 1,2025,77,Angers,421875,S. Cherif,Sidiki,Cherif,19.0,France,185,75,https://media.api-sports.io/football/players/421875.png,Attacker,19.0,14.0,1164.0,6.59,4.0,0.0,18.0,12.0,225.0,5.0,74.0,8.0,,7.0,34.0,11.0,140.0,52.0,16.0,15.0,3.0,0.0
61,Ligue 1,2025,77,Angers,425207,M. Courcoul,Marius,Courcoul,18.0,France,182,70,https://media.api-sports.io/football/players/425207.png,Defender,18.0,3.0,373.0,6.61,0.0,0.0,2.0,1.0,157.0,3.0,79.0,15.0,2.0,3.0,4.0,1.0,43.0,22.0,3.0,6.0,0.0,0.0
61,Ligue 1,2025,77,Angers,457541,P. Peter,Prosper,Peter,18.0,France,,,https://media.api-sports.io/football/players/457541.png,Attacker,29.0,14.0,1273.0,6.53,5.0,0.0,20.0,14.0,196.0,11.0,70.0,7.0,,4.0,40.0,6.0,208.0,79.0,30.0,30.0,0.0,0.0
61,Ligue 1,2025,112,Metz,530218,Carrara Paolo,,,19.0,,,,https://media.api-sports.io/football/players/530218.png,Goalkeeper,0.0,0.0,,,0.0,0.0,,,,,,,,,,,,,,,0.0,0.0
61,Ligue 1,2025,112,Metz,601313,Moustapha Diop,,,,,,,https://media.api-sports.io/football/players/601313.png,Defender,0.0,0.0,,,0.0,0.0,,,,,,,,,,,,,,,0.0,0.0
61,Ligue 1,2025,108,Auxerre,601331,Yvan Zaddy,,,19.0,,,,https://media.api-sports.io/football/players/601331.png,Attacker,0.0,0.0,,,0.0,0.0,,,,,,,,,,,,,,,0.0,0.0
61,Ligue 1,2025,114,Paris FC,1910,M. Lopez,Maxime,Baila Lopez,28.0,France,167,58,https://media.api-sports.io/football/players/1910.png,Midfielder,26.0,22.0,1960.0,6.85,0.0,3.0,8.0,6.0,1706.0,43.0,89.0,23.0,3.0,11.0,25.0,9.0,114.0,42.0,8.0,26.0,11.0,0.0
61,Ligue 1,2025,114,Paris FC,2781,M. Simon,Moses Daddy-Ajala,Simon,30.0,Nigeria,168,66,https://media.api-sports.io/football/players/2781.png,Midfielder,29.0,25.0,2024.0,6.78,3.0,3.0,25.0,11.0,485.0,32.0,84.0,14.0,1.0,9.0,65.0,29.0,198.0,69.0,19.0,15.0,0.0,0.0
61,Ligue 1,2025,77,Angers,3234,A. Bamba,Abdoulaye,Bamba,35.0,Côte d'Ivoire,182,72,https://media.api-sports.io/football/players/3234.png,Defender,6.0,3.0,266.0,6.82,0.0,0.0,1.0,1.0,75.0,,77.0,6.0,3.0,6.0,,,25.0,18.0,5.0,3.0,1.0,0.0
61,Ligue 1,2025,114,Paris FC,19430,N. Dicko,Nouha,Dicko,33.0,Mali,173,74,https://media.api-sports.io/football/players/19430.png,Attacker,8.0,0.0,98.0,6.63,1.0,1.0,4.0,2.0,13.0,1.0,76.0,1.0,,,,,16.0,7.0,3.0,4.0,0.0,0.0
61,Ligue 1,2025,114,Paris FC,20599,J. López,Julien Yves Rémi,López Baila,33.0,France,173,68,https://media.api-sports.io/football/players/20599.png,Attacker,5.0,0.0,50.0,6.4,0.0,0.0,,,15.0,,86.0,,,1.0,2.0,,3.0,,,,0.0,0.0
61,Ligue 1,2025,114,Paris FC,20647,P. Hamel,Pierre-Yves,Hamel,31.0,France,189,76,https://media.api-sports.io/football/players/20647.png,Attacker,2.0,1.0,79.0,6.25,0.0,0.0,,,9.0,,66.0,,1.0,1.0,,,8.0,2.0,,2.0,0.0,0.0
61,Ligue 1,2025,114,Paris FC,20704,A. Gory,Alimami,Gory,29.0,France,182,74,https://media.api-sports.io/football/players/20704.png,Attacker,24.0,9.0,988.0,6.66,5.0,1.0,14.0,6.0,221.0,6.0,82.0,19.0,1.0,8.0,13.0,4.0,97.0,47.0,16.0,11.0,3.0,0.0
61,Ligue 1,2025,114,Paris FC,20869,S. Chergui,Samir Sophian,Chergui,26.0,France,185,78,https://media.api-sports.io/football/players/20869.png,Defender,15.0,13.0,1155.0,6.53,1.0,0.0,7.0,4.0,561.0,2.0,90.0,18.0,6.0,11.0,5.0,3.0,84.0,45.0,4.0,14.0,1.0,0.0
61,Ligue 1,2025,114,Paris FC,20925,V. Marchetti,Vincent,Marchetti,28.0,France,181,70,https://media.api-sports.io/football/players/20925.png,Midfielder,23.0,9.0,839.0,6.65,2.0,1.0,16.0,7.0,401.0,4.0,87.0,18.0,3.0,4.0,13.0,10.0,88.0,44.0,4.0,12.0,1.0,0.0
61,Ligue 1,2025,77,Angers,21145,P. Capelle,Pierrick,Capelle,38.0,France,181,73,https://media.api-sports.io/football/players/21145.png,Midfielder,16.0,6.0,660.0,6.51,0.0,1.0,6.0,1.0,226.0,6.0,80.0,19.0,1.0,7.0,5.0,3.0,90.0,37.0,11.0,15.0,2.0,0.0
61,Ligue 1,2025,114,Paris FC,22003,M. Cafaro,Mathieu,Cafaro,28.0,France,178,74,https://media.api-sports.io/football/players/22003.png,Midfielder,10.0,1.0,159.0,6.61,0.0,0.0,6.0,1.0,53.0,3.0,81.0,,,,2.0,1.0,9.0,5.0,4.0,2.0,0.0,0.0
61,Ligue 1,2025,114,Paris FC,22086,T. Kolodziejczak,Timothée,Kolodziejczak,34.0,France,185,75,https://media.api-sports.io/football/players/22086.png,Defender,11.0,7.0,674.0,6.44,0.0,0.0,1.0,1.0,496.0,2.0,90.0,9.0,3.0,8.0,1.0,1.0,45.0,21.0,1.0,8.0,2.0,0.0
61,Ligue 1,2025,114,Paris FC,22842,J. Krasso,Jean-Philippe,Krasso,28.0,Côte d'Ivoire,187,80,https://media.api-sports.io/football/players/22842.png,Attacker,25.0,12.0,1099.0,6.6,2.0,2.0,24.0,10.0,256.0,24.0,71.0,13.0,1.0,1.0,48.0,18.0,203.0,78.0,19.0,20.0,0.0,0.0
61,Ligue 1,2025,114,Paris FC,55819,T. Ollila,Tuomas,Ollila,25.0,Finland,175,68,https://media.api-sports.io/football/players/55819.png,Defender,10.0,3.0,320.0,6.62,0.0,0.0,3.0,1.0,125.0,1.0,72.0,2.0,,3.0,4.0,2.0,30.0,18.0,7.0,3.0,0.0,0.0
61,Ligue 1,2025,114,Paris FC,83831,I. Kebbal,Ilan Kais,Kebbal,27.0,Algeria,169,60,https://media.api-sports.io/football/players/83831.png,Midfielder,29.0,26.0,2229.0,7.4,9.0,4.0,41.0,20.0,1430.0,61.0,86.0,32.0,,8.0,71.0,32.0,258.0,126.0,61.0,15.0,7.0,0.0
61,Ligue 1,2025,114,Paris FC,84218,A. Camara,Adama Mohamed,Camara,29.0,France,195,87,https://media.api-sports.io/football/players/84218.png,Midfielder,29.0,26.0,2171.0,6.78,1.0,0.0,14.0,5.0,912.0,16.0,85.0,58.0,12.0,39.0,20.0,9.0,212.0,111.0,19.0,26.0,8.0,0.0
61,Ligue 1,2025,114,Paris FC,174881,M. Mbow,Mamadou Moustapha,Mbow,25.0,Senegal,192,74,https://media.api-sports.io/football/players/174881.png,Defender,31.0,30.0,2716.0,6.87,0.0,1.0,9.0,3.0,1591.0,4.0,91.0,52.0,29.0,39.0,7.0,6.0,216.0,135.0,16.0,28.0,5.0,0.0
61,Ligue 1,2025,114,Paris FC,194981,O. Nkambadio,Obed,Nkambadio,22.0,France,190,86,https://media.api-sports.io/football/players/194981.png,Goalkeeper,12.0,12.0,1080.0,6.48,0.0,0.0,,,475.0,1.0,79.0,,,,,,4.0,3.0,,,0.0,0.0
61,Ligue 1,2025,114,Paris FC,389322,N. Sangui,Nhoa,Sangui,19.0,France,178,67,https://media.api-sports.io/football/players/389322.png,Defender,26.0,18.0,1752.0,6.59,0.0,0.0,3.0,1.0,764.0,17.0,86.0,26.0,5.0,17.0,25.0,10.0,102.0,60.0,17.0,5.0,0.0,0.0
61,Ligue 1,2025,77,Angers,396308,Oumar Pona,Oumar Kalifa,Pona,19.0,France,189,78,https://media.api-sports.io/football/players/396308.png,Goalkeeper,2.0,2.0,180.0,6.5,0.0,0.0,,,47.0,,78.0,,,,,,2.0,2.0,2.0,,1.0,0.0
61,Ligue 1,2025,108,Auxerre,7578,G. Mensah,Gideon,Mensah,27.0,Ghana,178,70,https://media.api-sports.io/football/players/7578.png,Defender,30.0,26.0,2333.0,6.84,0.0,2.0,1.0,,1104.0,17.0,82.0,51.0,4.0,28.0,29.0,16.0,222.0,113.0,34.0,37.0,8.0,0.0
61,Ligue 1,2025,114,Paris FC,8551,R. Riou,Rémy,Riou,38.0,France,191,81,https://media.api-sports.io/football/players/8551.png,Goalkeeper,0.0,0.0,,,0.0,0.0,,,,,,,,,,,,,,,0.0,0.0
61,Ligue 1,2025,108,Auxerre,20206,G. Osho,Gabriel Jeremiah,Adedayo A. Osho,27.0,England,185,70,https://media.api-sports.io/football/players/20206.png,Defender,2.0,2.0,134.0,6.75,0.0,0.0,,,74.0,,93.0,3.0,2.0,1.0,,,11.0,6.0,1.0,2.0,0.0,0.0
61,Ligue 1,2025,108,Auxerre,20542,D. Léon,Donovan René,Léon,33.0,French Guiana,187,94,https://media.api-sports.io/football/players/20542.png,Goalkeeper,29.0,29.0,2464.0,7.08,0.0,0.0,,,773.0,1.0,51.0,3.0,,1.0,1.0,1.0,21.0,17.0,7.0,3.0,1.0,2.0
61,Ligue 1,2025,108,Auxerre,21010,E. Owusu,Elisha,Owusu,28.0,Ghana,182,72,https://media.api-sports.io/football/players/21010.png,Midfielder,29.0,27.0,2353.0,6.79,0.0,0.0,4.0,,865.0,12.0,81.0,69.0,9.0,26.0,13.0,10.0,219.0,114.0,22.0,49.0,7.0,0.0
61,Ligue 1,2025,108,Auxerre,31016,F. Sierralta,Francisco Andrés,Sierralta Carvallo,28.0,Chile,190,83,https://media.api-sports.io/football/players/31016.png,Defender,10.0,9.0,862.0,6.84,1.0,0.0,4.0,2.0,405.0,2.0,89.0,14.0,5.0,8.0,2.0,2.0,77.0,53.0,5.0,8.0,2.0,0.0
61,Ligue 1,2025,108,Auxerre,51293,T. Bair,Thelonius,Bair,26.0,Canada,194,101,https://media.api-sports.io/football/players/51293.png,Attacker,2.0,0.0,23.0,6.5,0.0,0.0,,,4.0,,75.0,,,,,,5.0,3.0,,,0.0,0.0
61,Ligue 1,2025,108,Auxerre,90617,L. Sinayoko,Lassine,Sinayoko,26.0,Mali,186,81,https://media.api-sports.io/football/players/90617.png,Attacker,32.0,32.0,2780.0,7,12.0,4.0,68.0,38.0,757.0,40.0,75.0,42.0,,26.0,65.0,32.0,381.0,165.0,53.0,29.0,8.0,0.0
61,Ligue 1,2025,108,Auxerre,129671,S. Agouzoul,Saad,Agouzoul,28.0,Morocco,191,75,https://media.api-sports.io/football/players/129671.png,Defender,0.0,0.0,,,0.0,0.0,,,,,,,,,,,,,,,0.0,0.0
61,Ligue 1,2025,108,Auxerre,174915,J. Casimir,Josué,Casimir,24.0,Guadeloupe,178,68,https://media.api-sports.io/football/players/174915.png,Midfielder,31.0,16.0,1532.0,6.61,1.0,0.0,17.0,12.0,459.0,10.0,78.0,31.0,,11.0,20.0,10.0,187.0,98.0,32.0,34.0,5.0,0.0
61,Ligue 1,2025,108,Auxerre,191189,C. Akpa,Clément,Akpa,24.0,France,181,68,https://media.api-sports.io/football/players/191189.png,Defender,26.0,21.0,1949.0,6.72,0.0,0.0,3.0,,1073.0,9.0,80.0,31.0,9.0,21.0,13.0,11.0,163.0,107.0,30.0,12.0,3.0,0.0
61,Ligue 1,2025,108,Auxerre,191240,M. Senaya,Marvin,Senaya,24.0,France,181,76,https://media.api-sports.io/football/players/191240.png,Defender,25.0,20.0,1784.0,6.86,1.0,0.0,8.0,5.0,625.0,6.0,76.0,57.0,14.0,34.0,21.0,3.0,218.0,134.0,32.0,26.0,5.0,0.0
61,Ligue 1,2025,108,Auxerre,193681,T. De Percin,Théo Franck Mathias,De Percin,24.0,Martinique,185,81,https://media.api-sports.io/football/players/193681.png,Goalkeeper,8.0,5.0,596.0,6.93,0.0,0.0,,,206.0,,53.0,,,,,,3.0,3.0,1.0,,0.0,0.0
61,Ligue 1,2025,108,Auxerre,193953,L. Sy,Lamine,Sy,23.0,France,171,65,https://media.api-sports.io/football/players/193953.png,Defender,24.0,17.0,1551.0,6.67,0.0,0.0,7.0,2.0,518.0,13.0,83.0,42.0,7.0,24.0,40.0,13.0,147.0,75.0,14.0,24.0,1.0,0.0
61,Ligue 1,2025,108,Auxerre,215827,F. Oppegård,Fredrik,Oppegård,23.0,Norway,175,67,https://media.api-sports.io/football/players/215827.png,Defender,23.0,15.0,1269.0,6.54,0.0,0.0,5.0,2.0,393.0,11.0,79.0,26.0,5.0,13.0,17.0,9.0,81.0,43.0,8.0,8.0,1.0,1.0
61,Ligue 1,2025,108,Auxerre,293643,I. Osman,Ibrahim,Osman,21.0,Ghana,177,64,https://media.api-sports.io/football/players/293643.png,Midfielder,14.0,7.0,630.0,6.6,0.0,2.0,15.0,6.0,164.0,7.0,79.0,11.0,,4.0,22.0,6.0,89.0,37.0,14.0,7.0,0.0,0.0
61,Ligue 1,2025,108,Auxerre,322595,L. Coulibaly,Lasso,Coulibaly,23.0,Ghana,186,70,https://media.api-sports.io/football/players/322595.png,Midfielder,17.0,1.0,322.0,6.63,0.0,0.0,2.0,1.0,108.0,4.0,77.0,6.0,1.0,5.0,23.0,15.0,62.0,35.0,11.0,10.0,1.0,0.0
61,Ligue 1,2025,108,Auxerre,323625,K. Danois,Kévin,Danois,21.0,France,183,72,https://media.api-sports.io/football/players/323625.png,Midfielder,33.0,32.0,2835.0,7.01,3.0,1.0,19.0,8.0,1515.0,53.0,85.0,78.0,2.0,38.0,60.0,35.0,324.0,153.0,26.0,33.0,3.0,0.0
61,Ligue 1,2025,114,Paris FC,324900,Y. Koré,Yoan Wakis,Koré,21.0,France,187,75,https://media.api-sports.io/football/players/324900.png,Defender,0.0,0.0,,,0.0,0.0,,,,,,,,,,,,,,,0.0,0.0
61,Ligue 1,2025,108,Auxerre,496896,R. Matondo,Rudy,Matondo,17.0,France,180,,https://media.api-sports.io/football/players/496896.png,Midfielder,16.0,6.0,613.0,6.57,0.0,0.0,1.0,,238.0,2.0,89.0,10.0,2.0,7.0,6.0,4.0,61.0,26.0,9.0,12.0,3.0,0.0
61,Ligue 1,2025,114,Paris FC,496896,R. Matondo,Rudy,Matondo,17.0,France,180,,https://media.api-sports.io/football/players/496896.png,Midfielder,11.0,8.0,746.0,6.84,2.0,0.0,6.0,5.0,265.0,3.0,85.0,18.0,1.0,4.0,15.0,10.0,88.0,46.0,14.0,15.0,1.0,1.0
61,Ligue 1,2025,97,Lorient,1031,Igor Silva,Igor,Silva de Almeida,29.0,Brazil,173,66,https://media.api-sports.io/football/players/1031.png,Defender,17.0,13.0,1223.0,6.74,1.0,0.0,6.0,1.0,603.0,8.0,86.0,21.0,7.0,13.0,9.0,3.0,92.0,56.0,18.0,9.0,1.0,0.0
61,Ligue 1,2025,97,Lorient,20917,L. Abergel,Laurent,Abergel,32.0,France,185,65,https://media.api-sports.io/football/players/20917.png,Midfielder,28.0,27.0,2324.0,6.91,1.0,0.0,13.0,5.0,1666.0,16.0,88.0,35.0,4.0,27.0,24.0,9.0,176.0,88.0,27.0,24.0,7.0,0.0
61,Ligue 1,2025,97,Lorient,22171,J. Makengo,Jean-Victor,Makengo,27.0,France,177,75,https://media.api-sports.io/football/players/22171.png,Midfielder,31.0,23.0,1813.0,6.83,4.0,2.0,28.0,14.0,565.0,25.0,82.0,28.0,1.0,9.0,41.0,24.0,174.0,99.0,35.0,12.0,2.0,0.0
61,Ligue 1,2025,97,Lorient,22241,B. Kamara,Bingourou,Kamara,29.0,Senegal,196,92,https://media.api-sports.io/football/players/22241.png,Goalkeeper,3.0,3.0,270.0,6.17,0.0,0.0,,,67.0,,79.0,,,,,,1.0,1.0,1.0,,0.0,0.0
61,Ligue 1,2025,108,Auxerre,30748,A. Dioussé,Assane,Dioussé El Hadji,28.0,Senegal,175,68,https://media.api-sports.io/football/players/30748.png,Midfielder,15.0,1.0,244.0,6.58,0.0,0.0,2.0,1.0,151.0,3.0,92.0,5.0,2.0,5.0,2.0,1.0,26.0,11.0,3.0,7.0,3.0,0.0
61,Ligue 1,2025,108,Auxerre,32940,A. Onaiwu,Ado,Onaiwu,30.0,Japan,180,75,https://media.api-sports.io/football/players/32940.png,Attacker,0.0,0.0,,,0.0,0.0,,,,,,,,,,,,,,,0.0,0.0
61,Ligue 1,2025,97,Lorient,50030,M. Talbi,Montassar Omar,Talbi,27.0,Tunisia,190,81,https://media.api-sports.io/football/players/50030.png,Defender,29.0,29.0,2610.0,6.9,0.0,1.0,9.0,2.0,1445.0,7.0,89.0,22.0,24.0,26.0,6.0,3.0,190.0,114.0,12.0,6.0,3.0,0.0
61,Ligue 1,2025,97,Lorient,72457,A. Tosin,Aiyegun Oluwatosin,Tosin,27.0,Benin,179,75,https://media.api-sports.io/football/players/72457.png,Attacker,27.0,11.0,1068.0,6.68,5.0,0.0,25.0,12.0,197.0,11.0,77.0,5.0,,2.0,27.0,13.0,86.0,38.0,14.0,11.0,1.0,0.0
61,Ligue 1,2025,97,Lorient,144319,S. Soumano,Sambou,Soumano,24.0,Senegal,182,69,https://media.api-sports.io/football/players/144319.png,Attacker,31.0,8.0,927.0,6.54,4.0,2.0,19.0,10.0,180.0,10.0,73.0,5.0,,4.0,14.0,5.0,149.0,56.0,18.0,16.0,2.0,0.0
61,Ligue 1,2025,97,Lorient,152669,D. Yongwa,Darlin Zidane,Yongwa Ngameni,25.0,Cameroon,177,65,https://media.api-sports.io/football/players/152669.png,Defender,23.0,14.0,1312.0,6.53,0.0,1.0,5.0,2.0,638.0,17.0,82.0,32.0,2.0,11.0,28.0,13.0,172.0,85.0,22.0,14.0,4.0,1.0
61,Ligue 1,2025,97,Lorient,158551,J. Mvuka,Joel,Mugisha Mvuka,23.0,Norway,176,66,https://media.api-sports.io/football/players/158551.png,Midfielder,15.0,5.0,572.0,6.58,0.0,0.0,6.0,1.0,148.0,4.0,79.0,22.0,,7.0,16.0,6.0,71.0,40.0,11.0,4.0,0.0,0.0
61,Ligue 1,2025,97,Lorient,162236,F. Mendy,Formose,Mendy,24.0,Senegal,191,76,https://media.api-sports.io/football/players/162236.png,Defender,2.0,2.0,135.0,6.95,0.0,0.0,,,86.0,,86.0,3.0,,3.0,,,15.0,9.0,3.0,2.0,1.0,0.0
61,Ligue 1,2025,97,Lorient,200873,M. Bamba,Muhamad,Bamba,24.0,Côte d'Ivoire,185,75,https://media.api-sports.io/football/players/200873.png,Attacker,18.0,7.0,685.0,6.47,1.0,2.0,11.0,6.0,129.0,6.0,75.0,4.0,,2.0,6.0,4.0,80.0,31.0,8.0,17.0,3.0,0.0
61,Ligue 1,2025,97,Lorient,276662,P. Pagis,Pablo,Pagis,23.0,France,181,70,https://media.api-sports.io/football/players/276662.png,Attacker,28.0,22.0,1770.0,7.09,10.0,5.0,46.0,19.0,645.0,45.0,77.0,27.0,2.0,16.0,48.0,23.0,198.0,86.0,29.0,23.0,1.0,0.0
61,Ligue 1,2025,97,Lorient,322865,D. Karim,Dermane,Karim,22.0,Togo,,,https://media.api-sports.io/football/players/322865.png,Midfielder,30.0,15.0,1363.0,6.74,1.0,2.0,14.0,2.0,544.0,16.0,84.0,25.0,2.0,11.0,42.0,20.0,190.0,90.0,39.0,21.0,3.0,0.0
61,Ligue 1,2025,97,Lorient,384112,P. Katseris,Panos,Katseris,24.0,Greece,187,,https://media.api-sports.io/football/players/384112.png,Defender,16.0,8.0,749.0,6.83,1.0,2.0,5.0,4.0,252.0,10.0,79.0,12.0,1.0,11.0,25.0,10.0,99.0,42.0,14.0,13.0,3.0,0.0
61,Ligue 1,2025,97,Lorient,402265,A. Avom,Arthur,Ebong Avom,21.0,Cameroon,185,,https://media.api-sports.io/football/players/402265.png,Midfielder,31.0,22.0,2115.0,7.03,2.0,1.0,15.0,6.0,1271.0,31.0,83.0,55.0,3.0,30.0,39.0,21.0,227.0,121.0,39.0,23.0,3.0,0.0
61,Ligue 1,2025,97,Lorient,402386,K. Kouassi,Kan Guy Arsène,Kouassi,21.0,Côte d'Ivoire,188,,https://media.api-sports.io/football/players/402386.png,Midfielder,31.0,30.0,2612.0,6.91,2.0,6.0,8.0,5.0,874.0,32.0,86.0,26.0,3.0,23.0,69.0,37.0,215.0,123.0,53.0,15.0,4.0,0.0
61,Ligue 1,2025,97,Lorient,446829,S. Siba,Stevan,Siba,19.0,France,,,https://media.api-sports.io/football/players/446829.png,Defender,0.0,0.0,,,0.0,0.0,,,,,,,,,,,,,,,0.0,0.0
61,Ligue 1,2025,97,Lorient,463613,L. Leaudais,Lucas,Leaudais,21.0,France,,,https://media.api-sports.io/football/players/463613.png,Defender,0.0,0.0,,,0.0,0.0,,,,,,,,,,,,,,,0.0,0.0
61,Ligue 1,2025,106,Stade Brestois 29,2214,R. Del Castillo,Romain,Del Castillo,29.0,France,172,60,https://media.api-sports.io/football/players/2214.png,Attacker,32.0,32.0,2643.0,6.82,9.0,3.0,26.0,13.0,1026.0,57.0,74.0,59.0,1.0,30.0,86.0,29.0,352.0,161.0,43.0,28.0,2.0,1.0
61,Ligue 1,2025,106,Stade Brestois 29,20546,B. Chardonnet,Brendan,Chardonnet,31.0,France,181,74,https://media.api-sports.io/football/players/20546.png,Defender,29.0,29.0,2547.0,6.93,1.0,3.0,12.0,6.0,1250.0,12.0,84.0,36.0,40.0,32.0,2.0,1.0,226.0,133.0,20.0,28.0,6.0,0.0
61,Ligue 1,2025,106,Stade Brestois 29,20558,H. Magnetti,Hugo,Magnetti,27.0,France,180,75,https://media.api-sports.io/football/players/20558.png,Midfielder,33.0,31.0,2697.0,6.81,1.0,1.0,13.0,5.0,1121.0,18.0,84.0,70.0,3.0,45.0,27.0,17.0,227.0,133.0,33.0,31.0,5.0,0.0
61,Ligue 1,2025,97,Lorient,20936,B. Leroy,Benjamin,Leroy,36.0,France,184,75,https://media.api-sports.io/football/players/20936.png,Goalkeeper,0.0,0.0,,,0.0,0.0,,,,,,,,,,,,,,,0.0,0.0
61,Ligue 1,2025,106,Stade Brestois 29,21248,G. Coudert,Grégoire,Coudert,26.0,France,188,85,https://media.api-sports.io/football/players/21248.png,Goalkeeper,25.0,24.0,2191.0,7.18,0.0,0.0,,,763.0,,59.0,,,,1.0,1.0,20.0,17.0,8.0,1.0,2.0,0.0
61,Ligue 1,2025,106,Stade Brestois 29,22170,P. Lees-Melou,Pierre,Lees-Melou,32.0,France,185,69,https://media.api-sports.io/football/players/22170.png,Midfielder,2.0,2.0,180.0,7.05,0.0,0.0,3.0,,97.0,3.0,81.0,8.0,,,3.0,2.0,26.0,15.0,5.0,2.0,0.0,0.0
61,Ligue 1,2025,114,Paris FC,22170,P. Lees-Melou,Pierre,Lees-Melou,32.0,France,185,69,https://media.api-sports.io/football/players/22170.png,Midfielder,22.0,20.0,1786.0,6.91,1.0,3.0,17.0,6.0,922.0,16.0,82.0,57.0,8.0,23.0,20.0,8.0,188.0,100.0,24.0,28.0,6.0,0.0
61,Ligue 1,2025,106,Stade Brestois 29,22247,K. Lala,Kenny,Lala,34.0,France,178,78,https://media.api-sports.io/football/players/22247.png,Defender,32.0,31.0,2792.0,6.78,0.0,3.0,6.0,1.0,1258.0,26.0,77.0,39.0,10.0,31.0,19.0,8.0,167.0,83.0,23.0,17.0,4.0,0.0
61,Ligue 1,2025,106,Stade Brestois 29,22264,L. Ajorque,Ludovic,Ajorque,31.0,France,197,92,https://media.api-sports.io/football/players/22264.png,Attacker,32.0,32.0,2823.0,6.94,8.0,9.0,44.0,17.0,774.0,41.0,69.0,28.0,6.0,13.0,18.0,12.0,500.0,264.0,55.0,65.0,9.0,1.0
61,Ligue 1,2025,106,Stade Brestois 29,41323,Mama Baldé,Mama Samba,Baldé,30.0,Guinea-Bissau,176,69,https://media.api-sports.io/football/players/41323.png,Attacker,18.0,8.0,723.0,6.64,2.0,2.0,19.0,5.0,162.0,7.0,71.0,13.0,,6.0,22.0,10.0,108.0,53.0,11.0,12.0,0.0,0.0
61,Ligue 1,2025,106,Stade Brestois 29,85914,J. Le Cardinal,Julien,Le Cardinal,28.0,France,182,73,https://media.api-sports.io/football/players/85914.png,Defender,5.0,3.0,327.0,6.92,1.0,0.0,5.0,2.0,144.0,1.0,81.0,5.0,5.0,3.0,1.0,,40.0,23.0,4.0,2.0,1.0,0.0
61,Ligue 1,2025,1063,Saint Etienne,85914,J. Le Cardinal,Julien,Le Cardinal,28.0,France,182,73,https://media.api-sports.io/football/players/85914.png,Defender,3.0,3.0,206.0,7.5,0.0,0.0,3.0,1.0,114.0,,85.0,3.0,1.0,4.0,1.0,1.0,13.0,11.0,2.0,1.0,0.0,0.0
61,Ligue 1,2025,106,Stade Brestois 29,129680,H. Mbock,Hiang'a,Mananga Mbock,26.0,France,186,82,https://media.api-sports.io/football/players/129680.png,Midfielder,0.0,0.0,,,0.0,0.0,,,,,,,,,,,,,,,0.0,0.0
61,Ligue 1,2025,97,Lorient,174703,T. Le Bris,Théo,Le Bris,23.0,France,170,65,https://media.api-sports.io/football/players/174703.png,Midfielder,28.0,22.0,1898.0,6.82,2.0,2.0,15.0,7.0,626.0,13.0,86.0,40.0,2.0,17.0,23.0,11.0,117.0,65.0,7.0,9.0,0.0,0.0
61,Ligue 1,2025,106,Stade Brestois 29,274267,B. Locko,Bradley,Locko Banzouzi,23.0,France,180,74,https://media.api-sports.io/football/players/274267.png,Defender,21.0,14.0,1302.0,6.71,0.0,2.0,2.0,1.0,461.0,8.0,77.0,53.0,,11.0,24.0,12.0,164.0,90.0,18.0,12.0,0.0,0.0
61,Ligue 1,2025,106,Stade Brestois 29,326068,K. Doumbia,Kamory,Doumbia,22.0,Mali,170,53,https://media.api-sports.io/football/players/326068.png,Midfielder,24.0,22.0,1765.0,6.81,5.0,4.0,27.0,14.0,678.0,27.0,82.0,61.0,,20.0,56.0,17.0,259.0,110.0,21.0,29.0,6.0,0.0
61,Ligue 1,2025,106,Stade Brestois 29,329209,A. Camblan,Axel,Camblan,22.0,France,168,60,https://media.api-sports.io/football/players/329209.png,Midfielder,1.0,0.0,11.0,6.5,0.0,0.0,,,3.0,1.0,100.0,,,,,,1.0,,,,0.0,0.0
61,Ligue 1,2025,106,Stade Brestois 29,369556,J. Bourgault,Justin,Bourgault,20.0,France,185,80,https://media.api-sports.io/football/players/369556.png,Defender,1.0,0.0,15.0,6.2,0.0,0.0,1.0,,4.0,,100.0,,,1.0,1.0,1.0,4.0,2.0,,,0.0,0.0
61,Ligue 1,2025,106,Stade Brestois 29,422595,L. Zogbe,Tolikpaley Luck Evrad,Zogbé,20.0,Côte d'Ivoire,178,70,https://media.api-sports.io/football/players/422595.png,Defender,9.0,3.0,299.0,6.48,0.0,0.0,2.0,,115.0,1.0,76.0,5.0,2.0,3.0,7.0,2.0,50.0,18.0,5.0,7.0,0.0,0.0
61,Ligue 1,2025,106,Stade Brestois 29,449153,H. Makalou,Hamidou,Makalou,19.0,Mali,164,58,https://media.api-sports.io/football/players/449153.png,Midfielder,17.0,2.0,362.0,6.59,0.0,0.0,3.0,1.0,187.0,7.0,83.0,6.0,1.0,5.0,7.0,4.0,27.0,15.0,4.0,1.0,0.0,0.0
61,Ligue 1,2025,106,Stade Brestois 29,485957,Serigne Diop,Serigne,Diop,20.0,Senegal,193,84,https://media.api-sports.io/football/players/485957.png,Attacker,2.0,0.0,26.0,6.5,0.0,0.0,,,2.0,,50.0,,,,1.0,1.0,4.0,3.0,,,0.0,0.0
61,Ligue 1,2025,106,Stade Brestois 29,498791,R. Le Guen,Raphaël Marc,Le Guen,19.0,France,196,83,https://media.api-sports.io/football/players/498791.png,Defender,6.0,4.0,380.0,6.63,0.0,0.0,3.0,1.0,178.0,,87.0,6.0,6.0,11.0,1.0,1.0,28.0,19.0,,4.0,0.0,0.0
61,Ligue 1,2025,79,Lille,409,N. Bentaleb,Nabil,Bentaleb,31.0,Algeria,187,78,https://media.api-sports.io/football/players/409.png,Midfielder,26.0,13.0,1287.0,7.04,2.0,2.0,13.0,6.0,919.0,12.0,86.0,18.0,6.0,15.0,10.0,5.0,103.0,54.0,18.0,14.0,3.0,0.0
61,Ligue 1,2025,79,Lille,1337,B. Özer,Berke,Özer,25.0,Türkiye,190,73,https://media.api-sports.io/football/players/1337.png,Goalkeeper,32.0,32.0,2834.0,7.23,0.0,1.0,,,1051.0,2.0,79.0,3.0,,,,,26.0,22.0,13.0,,4.0,0.0
61,Ligue 1,2025,79,Lille,2204,B. André,Benjamin Michel Édouard,André,35.0,France,180,76,https://media.api-sports.io/football/players/2204.png,Midfielder,27.0,26.0,2333.0,7.12,2.0,2.0,19.0,6.0,1429.0,23.0,83.0,66.0,5.0,33.0,23.0,14.0,361.0,207.0,44.0,35.0,9.0,0.0
61,Ligue 1,2025,79,Lille,2295,O. Giroud,Olivier Jonathan,Giroud,39.0,France,193,91,https://media.api-sports.io/football/players/2295.png,Attacker,30.0,17.0,1623.0,6.62,7.0,1.0,36.0,16.0,340.0,19.0,68.0,11.0,5.0,4.0,5.0,3.0,180.0,94.0,31.0,27.0,2.0,0.0
61,Ligue 1,2025,79,Lille,20600,R. Perraud,Romain Paul Jean-Michel,Perraud,28.0,France,173,68,https://media.api-sports.io/football/players/20600.png,Defender,30.0,27.0,2253.0,6.9,3.0,4.0,22.0,12.0,1123.0,37.0,85.0,44.0,6.0,23.0,34.0,14.0,229.0,121.0,44.0,21.0,4.0,1.0
61,Ligue 1,2025,79,Lille,67889,H. Haraldsson,Hákon Arnar,Haraldsson,22.0,Iceland,180,73,https://media.api-sports.io/football/players/67889.png,Midfielder,32.0,29.0,2475.0,6.93,8.0,2.0,35.0,17.0,1212.0,56.0,86.0,25.0,,11.0,47.0,20.0,226.0,101.0,43.0,28.0,6.0,0.0
61,Ligue 1,2025,79,Lille,135749,Félix Correia,Félix Alexandre,Andrade Sanches Correia,24.0,Portugal,178,64,https://media.api-sports.io/football/players/135749.png,Midfielder,34.0,26.0,2068.0,6.88,4.0,5.0,26.0,9.0,865.0,38.0,78.0,29.0,2.0,21.0,48.0,17.0,178.0,84.0,28.0,14.0,2.0,0.0
61,Ligue 1,2025,79,Lille,142691,Alexsandro Ribeiro,Alexsandro Victor,de Souza Ribeiro,26.0,Brazil,189,82,https://media.api-sports.io/football/players/142691.png,Defender,9.0,7.0,516.0,6.71,0.0,0.0,7.0,2.0,453.0,,90.0,11.0,3.0,11.0,3.0,2.0,61.0,40.0,8.0,10.0,0.0,1.0
61,Ligue 1,2025,79,Lille,312964,N. Ngoy,Nathan,Ngoy,22.0,Belgium,183,74,https://media.api-sports.io/football/players/312964.png,Defender,29.0,27.0,2412.0,6.85,1.0,2.0,15.0,6.0,1648.0,4.0,91.0,33.0,13.0,36.0,9.0,7.0,136.0,80.0,11.0,20.0,10.0,1.0
61,Ligue 1,2025,79,Lille,318416,M. Broholm,Marius,Sivertsen Broholm,21.0,Norway,,,https://media.api-sports.io/football/players/318416.png,Midfielder,11.0,3.0,288.0,6.58,1.0,1.0,3.0,3.0,117.0,8.0,78.0,10.0,,2.0,12.0,3.0,43.0,21.0,8.0,4.0,0.0,0.0
61,Ligue 1,2025,79,Lille,334878,U. Raghouber,Ugo,Raghouber,22.0,France,180,62,https://media.api-sports.io/football/players/334878.png,Midfielder,1.0,0.0,10.0,6.3,0.0,0.0,,,6.0,,66.0,,,,1.0,,1.0,,,,0.0,0.0
61,Ligue 1,2025,79,Lille,340077,M. Fernandez-Pardo,Matias,Fernandez-Pardo,20.0,Belgium,183,70,https://media.api-sports.io/football/players/340077.png,Attacker,29.0,27.0,2379.0,7,8.0,5.0,42.0,30.0,621.0,36.0,81.0,20.0,1.0,7.0,82.0,36.0,239.0,100.0,40.0,15.0,5.0,0.0
61,Ligue 1,2025,79,Lille,340080,V. Burlet,Vincent,Burlet,20.0,Belgium,,,https://media.api-sports.io/football/players/340080.png,Defender,1.0,0.0,18.0,6.3,0.0,0.0,,,14.0,1.0,92.0,,,,1.0,,3.0,,,,0.0,0.0
61,Ligue 1,2025,79,Lille,351888,O. Touré,Ousmane,Touré,20.0,France,187,73,https://media.api-sports.io/football/players/351888.png,Defender,1.0,1.0,52.0,6.2,0.0,0.0,,,21.0,,85.0,1.0,,2.0,2.0,,7.0,3.0,,,0.0,0.0
61,Ligue 1,2025,106,Stade Brestois 29,365742,M. Diaz,Michel Junior,Diaz,22.0,Côte d'Ivoire,193,87,https://media.api-sports.io/football/players/365742.png,Defender,20.0,17.0,1560.0,6.98,0.0,0.0,5.0,1.0,642.0,1.0,85.0,27.0,24.0,24.0,4.0,3.0,115.0,74.0,11.0,8.0,4.0,0.0
61,Ligue 1,2025,79,Lille,375598,N. Mukau,Ngal'ayel,Mukau,21.0,Belgium,188,70,https://media.api-sports.io/football/players/375598.png,Midfielder,30.0,19.0,1566.0,6.61,1.0,0.0,11.0,5.0,627.0,13.0,87.0,29.0,1.0,14.0,25.0,13.0,167.0,78.0,23.0,27.0,3.0,0.0
61,Ligue 1,2025,79,Lille,438688,A. Bouaddi,Ayyoub,Bouaddi,18.0,France,186,72,https://media.api-sports.io/football/players/438688.png,Midfielder,30.0,28.0,2338.0,6.78,0.0,1.0,8.0,5.0,1061.0,21.0,84.0,59.0,7.0,27.0,56.0,34.0,251.0,142.0,24.0,37.0,7.0,1.0
61,Ligue 1,2025,79,Lille,486136,I. Cossier,Isaac,Cossier,19.0,France,186,78,https://media.api-sports.io/football/players/486136.png,Defender,0.0,0.0,,,0.0,0.0,,,,,,,,,,,,,,,0.0,0.0
61,Ligue 1,2025,79,Lille,487381,S. Diaoune,Soriba,Diaoune,18.0,Guinea,174,56,https://media.api-sports.io/football/players/487381.png,Attacker,10.0,1.0,202.0,6.69,1.0,1.0,8.0,4.0,63.0,5.0,79.0,3.0,1.0,1.0,11.0,5.0,34.0,12.0,3.0,5.0,0.0,0.0
61,Ligue 1,2025,79,Lille,490745,M. Goffi,Maxima Adeagan,Goffi,17.0,France,,,https://media.api-sports.io/football/players/490745.png,Defender,1.0,0.0,38.0,6.6,0.0,0.0,,,22.0,,86.0,1.0,,,1.0,1.0,6.0,4.0,,1.0,0.0,0.0
61,Ligue 1,2025,116,Lens,1922,F. Thauvin,Florian Tristán Mariano,Thauvin,32.0,France,179,70,https://media.api-sports.io/football/players/1922.png,Attacker,33.0,29.0,2460.0,7.23,11.0,6.0,56.0,27.0,1133.0,80.0,78.0,25.0,2.0,10.0,116.0,50.0,297.0,120.0,34.0,19.0,6.0,0.0
61,Ligue 1,2025,79,Lille,2096,A. Bodart,Arnaud,Bodart,27.0,Belgium,186,80,https://media.api-sports.io/football/players/2096.png,Goalkeeper,3.0,2.0,226.0,6.77,0.0,0.0,,,91.0,,73.0,,,,,,1.0,,,1.0,0.0,0.0
61,Ligue 1,2025,116,Lens,2483,D. Machado,Deiver Andrés,Machado Mena,32.0,Colombia,180,75,https://media.api-sports.io/football/players/2483.png,Midfielder,5.0,4.0,275.0,6.55,0.0,0.0,4.0,1.0,97.0,,84.0,1.0,,3.0,4.0,2.0,31.0,13.0,8.0,4.0,1.0,0.0
61,Ligue 1,2025,83,Nantes,2483,D. Machado,Deiver Andrés,Machado Mena,32.0,Colombia,180,75,https://media.api-sports.io/football/players/2483.png,Midfielder,14.0,12.0,911.0,6.64,0.0,1.0,4.0,1.0,268.0,7.0,82.0,20.0,1.0,7.0,17.0,5.0,107.0,52.0,20.0,21.0,2.0,0.0
61,Ligue 1,2025,116,Lens,20525,M. Udol,Matthieu,Udol,29.0,France,178,79,https://media.api-sports.io/football/players/20525.png,Defender,34.0,33.0,3003.0,7.03,1.0,7.0,38.0,17.0,1300.0,56.0,83.0,51.0,8.0,51.0,41.0,15.0,269.0,128.0,27.0,30.0,2.0,0.0
61,Ligue 1,2025,116,Lens,20761,F. Sotoca,Florian,Sotoca,35.0,France,187,77,https://media.api-sports.io/football/players/20761.png,Attacker,26.0,4.0,553.0,6.53,1.0,0.0,11.0,1.0,251.0,8.0,79.0,6.0,,5.0,7.0,2.0,72.0,33.0,12.0,9.0,2.0,0.0
61,Ligue 1,2025,116,Lens,21378,R. Gurtner,Régis,Gurtner,39.0,France,182,82,https://media.api-sports.io/football/players/21378.png,Goalkeeper,0.0,0.0,,,0.0,0.0,,,,,,,,,,,,,,,0.0,0.0
61,Ligue 1,2025,116,Lens,21568,R. Aguilar,Ruben,Aguilar,32.0,France,172,70,https://media.api-sports.io/football/players/21568.png,Midfielder,26.0,20.0,1736.0,6.98,2.0,2.0,10.0,3.0,864.0,26.0,84.0,38.0,11.0,28.0,14.0,7.0,132.0,73.0,12.0,26.0,5.0,0.0
61,Ligue 1,2025,116,Lens,21715,W. Saïd,Wesley,Saïd,30.0,France,171,72,https://media.api-sports.io/football/players/21715.png,Attacker,29.0,26.0,2010.0,7.13,12.0,2.0,50.0,27.0,697.0,27.0,82.0,21.0,,10.0,43.0,26.0,181.0,75.0,13.0,37.0,2.0,0.0
61,Ligue 1,2025,116,Lens,22166,M. Sarr,Malang Mamadou William Georges,Sarr,26.0,France,183,73,https://media.api-sports.io/football/players/22166.png,Defender,33.0,33.0,2925.0,7.2,0.0,1.0,19.0,5.0,1995.0,6.0,88.0,65.0,25.0,76.0,11.0,6.0,224.0,145.0,24.0,21.0,4.0,0.0
61,Ligue 1,2025,116,Lens,22261,A. Thomasson,Adrien,Thomasson,32.0,France,175,72,https://media.api-sports.io/football/players/22261.png,Midfielder,32.0,31.0,2690.0,6.9,3.0,9.0,32.0,13.0,1348.0,81.0,83.0,99.0,4.0,19.0,44.0,19.0,389.0,180.0,43.0,54.0,11.0,0.0
61,Ligue 1,2025,116,Lens,23643,M. Guilavogui,Morgan Bono,Guilavogui,27.0,Guinea,188,81,https://media.api-sports.io/football/players/23643.png,Attacker,16.0,3.0,485.0,6.79,1.0,0.0,7.0,2.0,208.0,10.0,79.0,14.0,,1.0,15.0,8.0,79.0,44.0,12.0,15.0,3.0,1.0
61,Ligue 1,2025,116,Lens,44594,Saud Abdulhamid,Saud Abdullah Salem,Abdulhamid,26.0,Saudi Arabia,171,71,https://media.api-sports.io/football/players/44594.png,Defender,25.0,14.0,1356.0,6.99,2.0,4.0,6.0,3.0,602.0,24.0,88.0,34.0,2.0,11.0,15.0,4.0,128.0,59.0,14.0,26.0,4.0,1.0
61,Ligue 1,2025,116,Lens,237232,H. Ojediran,Hamzat Basit,Ojediran,22.0,Nigeria,172,79,https://media.api-sports.io/football/players/237232.png,Midfielder,0.0,0.0,,,0.0,0.0,,,,,,,,,,,,,,,0.0,0.0
61,Ligue 1,2025,116,Lens,270509,A. Diouf,Andy Alune,Diouf,22.0,France,187,82,https://media.api-sports.io/football/players/270509.png,Midfielder,1.0,1.0,90.0,7.3,0.0,0.0,2.0,1.0,40.0,,82.0,1.0,,,5.0,3.0,9.0,5.0,1.0,,0.0,0.0
61,Ligue 1,2025,116,Lens,322984,S. Baidoo,Samson,Baidoo,21.0,Austria,190,86,https://media.api-sports.io/football/players/322984.png,Defender,23.0,20.0,1832.0,7.21,2.0,1.0,13.0,4.0,1058.0,4.0,92.0,34.0,25.0,23.0,7.0,7.0,169.0,90.0,5.0,19.0,2.0,0.0
61,Ligue 1,2025,116,Lens,347211,R. Risser,Robin,Risser Birckel,21.0,France,192,83,https://media.api-sports.io/football/players/347211.png,Goalkeeper,33.0,33.0,2970.0,7.08,0.0,1.0,,,869.0,2.0,77.0,,,,,,10.0,8.0,5.0,,2.0,0.0
61,Ligue 1,2025,116,Lens,395811,F. Sylla,Fodé,Sanassy Sylla,19.0,France,182,70,https://media.api-sports.io/football/players/395811.png,Midfielder,4.0,1.0,103.0,6.85,0.0,0.0,,,56.0,1.0,83.0,9.0,,3.0,1.0,,17.0,11.0,,3.0,0.0,0.0
61,Ligue 1,2025,116,Lens,402066,A. Bermont,Anthony,Bermont,20.0,France,176,54,https://media.api-sports.io/football/players/402066.png,Midfielder,10.0,0.0,123.0,6.66,0.0,0.0,4.0,2.0,87.0,1.0,86.0,1.0,,3.0,4.0,2.0,14.0,6.0,,2.0,0.0,0.0
61,Ligue 1,2025,116,Lens,443579,R. Fofana,Rayan,Fofana,19.0,France,182,74,https://media.api-sports.io/football/players/443579.png,Attacker,25.0,7.0,814.0,6.75,5.0,0.0,28.0,12.0,145.0,5.0,75.0,11.0,2.0,2.0,29.0,13.0,145.0,72.0,34.0,15.0,0.0,0.0
61,Ligue 1,2025,80,Lyon,68,Clinton Mata,Clinton,Mukoni Mata Pedro Lourenço,33.0,Angola,180,72,https://media.api-sports.io/football/players/68.png,Defender,32.0,32.0,2836.0,6.94,0.0,0.0,4.0,,1841.0,2.0,90.0,39.0,28.0,29.0,15.0,8.0,206.0,118.0,36.0,35.0,5.0,0.0
61,Ligue 1,2025,80,Lyon,519,C. Tolisso,Corentin,Tolisso,31.0,France,181,81,https://media.api-sports.io/football/players/519.png,Midfielder,30.0,26.0,2306.0,7.15,11.0,4.0,42.0,27.0,1314.0,34.0,84.0,32.0,10.0,18.0,16.0,6.0,299.0,146.0,55.0,42.0,5.0,0.0
61,Ligue 1,2025,80,Lyon,1456,A. Maitland-Niles,Ainsley Cory,Maitland-Niles,28.0,England,177,71,https://media.api-sports.io/football/players/1456.png,Midfielder,30.0,28.0,2485.0,6.74,1.0,4.0,13.0,7.0,1117.0,21.0,85.0,57.0,4.0,33.0,32.0,14.0,212.0,103.0,12.0,37.0,6.0,0.0
61,Ligue 1,2025,80,Lyon,9700,Abner,Abner Vinícius,da Silva Santos,25.0,Brazil,182,75,https://media.api-sports.io/football/players/9700.png,Defender,26.0,25.0,2164.0,6.83,3.0,2.0,10.0,7.0,1001.0,23.0,84.0,34.0,4.0,7.0,22.0,9.0,147.0,63.0,6.0,23.0,4.0,1.0
61,Ligue 1,2025,80,Lyon,20762,R. Descamps,Rémy,Descamps,29.0,France,194,74,https://media.api-sports.io/football/players/20762.png,Goalkeeper,5.0,5.0,450.0,7.64,0.0,0.0,,,135.0,,74.0,,,,1.0,1.0,2.0,1.0,,,0.0,0.0
61,Ligue 1,2025,80,Lyon,25916,M. Niakhaté,Moussa,Niakhaté,29.0,Senegal,190,82,https://media.api-sports.io/football/players/25916.png,Defender,32.0,30.0,2758.0,7.22,0.0,2.0,2.0,,2086.0,14.0,89.0,36.0,21.0,29.0,7.0,5.0,253.0,167.0,32.0,38.0,3.0,0.0
61,Ligue 1,2025,80,Lyon,66387,P. Šulc,Pavel,Šulc,25.0,Czechia,177,76,https://media.api-sports.io/football/players/66387.png,Midfielder,27.0,17.0,1568.0,6.91,11.0,3.0,31.0,18.0,380.0,22.0,74.0,24.0,,7.0,32.0,15.0,191.0,70.0,15.0,28.0,3.0,0.0
61,Ligue 1,2025,80,Lyon,80752,T. Tessmann,Francis Tanner James,Tessmann,24.0,USA,188,86,https://media.api-sports.io/football/players/80752.png,Midfielder,29.0,22.0,1960.0,6.82,1.0,0.0,22.0,8.0,1091.0,13.0,85.0,29.0,13.0,14.0,18.0,9.0,159.0,82.0,19.0,21.0,2.0,0.0
61,Ligue 1,2025,80,Lyon,162590,T. Morton,Tyler Scott,Morton,23.0,England,182,75,https://media.api-sports.io/football/players/162590.png,Midfielder,29.0,29.0,2524.0,7.14,2.0,2.0,14.0,8.0,1516.0,29.0,87.0,48.0,13.0,22.0,21.0,14.0,180.0,98.0,19.0,29.0,6.0,1.0
61,Ligue 1,2025,80,Lyon,180496,G. Mikautadze,Georges,Mikautadze,25.0,Georgia,176,71,https://media.api-sports.io/football/players/180496.png,Attacker,2.0,2.0,179.0,6.95,1.0,0.0,8.0,4.0,32.0,,84.0,,,1.0,7.0,5.0,14.0,6.0,1.0,,0.0,0.0
61,Ligue 1,2025,80,Lyon,193293,R. Kluivert,Ruben,Kluivert,24.0,Netherlands,187,70,https://media.api-sports.io/football/players/193293.png,Defender,16.0,9.0,805.0,6.51,1.0,2.0,2.0,1.0,413.0,2.0,84.0,17.0,4.0,9.0,4.0,3.0,72.0,43.0,4.0,10.0,4.0,0.0
61,Ligue 1,2025,80,Lyon,199871,A. Karabec,Adam,Karabec,22.0,Czechia,186,74,https://media.api-sports.io/football/players/199871.png,Midfielder,21.0,11.0,940.0,6.75,1.0,0.0,6.0,5.0,275.0,22.0,80.0,4.0,1.0,1.0,20.0,11.0,86.0,43.0,21.0,14.0,3.0,0.0
61,Ligue 1,2025,80,Lyon,334914,S. Kumbedi,Saël,Kumbedi Nseke,20.0,France,175,67,https://media.api-sports.io/football/players/334914.png,Defender,1.0,1.0,66.0,6.5,0.0,0.0,1.0,,13.0,,53.0,1.0,,1.0,1.0,,11.0,4.0,2.0,4.0,1.0,0.0
61,Ligue 1,2025,80,Lyon,345388,Afonso Moreira,Afonso,Bastardo Moreira,20.0,Portugal,176,69,https://media.api-sports.io/football/players/345388.png,Attacker,27.0,18.0,1724.0,7.09,4.0,7.0,31.0,14.0,543.0,33.0,80.0,33.0,,13.0,70.0,24.0,270.0,122.0,57.0,27.0,3.0,0.0
61,Ligue 1,2025,80,Lyon,361348,M. Fofana,Malick Martin,Fofana,20.0,Belgium,169,61,https://media.api-sports.io/football/players/361348.png,Midfielder,12.0,9.0,767.0,7.07,2.0,1.0,11.0,9.0,222.0,10.0,80.0,11.0,,3.0,20.0,7.0,74.0,40.0,22.0,11.0,1.0,0.0
61,Ligue 1,2025,116,Lens,369500,I. Ganiou,Pierre-Ismaëlo,Ganiou,20.0,France,191,80,https://media.api-sports.io/football/players/369500.png,Defender,23.0,22.0,2014.0,7.1,3.0,0.0,17.0,4.0,1310.0,9.0,86.0,39.0,14.0,29.0,14.0,10.0,199.0,121.0,22.0,25.0,3.0,0.0
61,Ligue 1,2025,80,Lyon,392671,L. Diarra,Lassine,Diarra,23.0,Mali,184,82,https://media.api-sports.io/football/players/392671.png,Goalkeeper,0.0,0.0,,,0.0,0.0,,,,,,,,,,,,,,,0.0,0.0
61,Ligue 1,2025,116,Lens,394950,A. Bulatović,Andrija,Bulatović,19.0,Montenegro,180,71,https://media.api-sports.io/football/players/394950.png,Midfielder,19.0,6.0,787.0,6.73,0.0,4.0,9.0,5.0,336.0,16.0,82.0,33.0,2.0,9.0,21.0,6.0,117.0,61.0,20.0,19.0,2.0,0.0
61,Ligue 1,2025,80,Lyon,409794,Alejandro Gomes Rodriguez,Alejandro,Gomes Rodriguez,17.0,England,176,,https://media.api-sports.io/football/players/409794.png,Attacker,0.0,0.0,,,0.0,0.0,,,,,,,,,,,,,,,0.0,0.0
61,Ligue 1,2025,80,Lyon,519664,K. Merah,Khalis,Merah,18.0,France,,,https://media.api-sports.io/football/players/519664.png,Midfielder,22.0,15.0,1148.0,6.64,0.0,1.0,6.0,3.0,494.0,12.0,85.0,27.0,,7.0,15.0,10.0,118.0,61.0,20.0,11.0,2.0,0.0
61,Ligue 1,2025,112,Metz,407,B. Stambouli,Benjamin Fernand Lucien,François Stambouli,35.0,France,180,82,https://media.api-sports.io/football/players/407.png,Midfielder,19.0,10.0,972.0,6.79,0.0,0.0,5.0,1.0,500.0,8.0,82.0,23.0,5.0,8.0,12.0,10.0,88.0,47.0,9.0,14.0,0.0,0.0
61,Ligue 1,2025,80,Lyon,529,N. Tagliafico,Nicolás Alejandro,Tagliafico,33.0,Argentina,172,67,https://media.api-sports.io/football/players/529.png,Defender,20.0,14.0,1320.0,6.68,0.0,3.0,11.0,1.0,674.0,13.0,85.0,29.0,5.0,20.0,7.0,3.0,164.0,87.0,33.0,36.0,5.0,1.0
61,Ligue 1,2025,112,Metz,2181,G. Tsitaishvili,Giorgi,Tsitaishvili,25.0,Georgia,171,63,https://media.api-sports.io/football/players/2181.png,Defender,33.0,28.0,2457.0,6.77,3.0,2.0,22.0,8.0,737.0,45.0,78.0,19.0,3.0,13.0,85.0,42.0,207.0,104.0,36.0,23.0,3.0,0.0
61,Ligue 1,2025,112,Metz,3240,J. Gbamin,Jean-Philippe,Gbamin,30.0,Côte d'Ivoire,186,88,https://media.api-sports.io/football/players/3240.png,Defender,31.0,30.0,2488.0,6.58,1.0,1.0,10.0,7.0,1786.0,15.0,88.0,51.0,13.0,27.0,33.0,26.0,216.0,112.0,8.0,24.0,2.0,1.0
61,Ligue 1,2025,112,Metz,19518,M. Colin,Maxime Jean-Yves,Colin,34.0,France,179,77,https://media.api-sports.io/football/players/19518.png,Defender,22.0,18.0,1700.0,6.57,0.0,0.0,5.0,2.0,925.0,6.0,89.0,40.0,10.0,26.0,11.0,7.0,110.0,64.0,7.0,10.0,1.0,0.0
61,Ligue 1,2025,112,Metz,20534,C. Sabaly,Cheikh Tidiane,Sabaly,26.0,Senegal,168,56,https://media.api-sports.io/football/players/20534.png,Attacker,14.0,12.0,976.0,6.57,0.0,2.0,7.0,4.0,229.0,10.0,76.0,18.0,3.0,5.0,34.0,14.0,130.0,50.0,16.0,14.0,2.0,0.0
61,Ligue 1,2025,112,Metz,21640,J. Deminguet,Jessy,Deminguet,27.0,France,178,74,https://media.api-sports.io/football/players/21640.png,Midfielder,31.0,25.0,2021.0,6.71,2.0,0.0,13.0,7.0,873.0,4.0,89.0,44.0,2.0,22.0,21.0,10.0,200.0,97.0,32.0,28.0,4.0,0.0
61,Ligue 1,2025,112,Metz,68177,G. Abuashvili,Giorgi,Abuashvili,22.0,Georgia,175,68,https://media.api-sports.io/football/players/68177.png,Attacker,23.0,6.0,700.0,6.6,2.0,0.0,15.0,9.0,254.0,6.0,90.0,13.0,1.0,5.0,27.0,9.0,101.0,36.0,11.0,8.0,1.0,0.0
61,Ligue 1,2025,112,Metz,87267,K. Van Den Kerkhof,Kévin Daniel Guitoun,Van Den Kerkhof,29.0,Algeria,190,76,https://media.api-sports.io/football/players/87267.png,Defender,0.0,0.0,,,0.0,0.0,,,,,,,,,,,,,,,0.0,0.0
61,Ligue 1,2025,112,Metz,96331,K. Kouao,Koffi Franck,Kouao,27.0,Côte d'Ivoire,173,65,https://media.api-sports.io/football/players/96331.png,Defender,27.0,27.0,2273.0,6.88,2.0,1.0,19.0,10.0,1084.0,11.0,86.0,72.0,13.0,29.0,42.0,30.0,253.0,143.0,33.0,32.0,10.0,0.0
61,Ligue 1,2025,112,Metz,157912,B. Traoré,Boubacar,Traoré,24.0,Mali,183,67,https://media.api-sports.io/football/players/157912.png,Midfielder,20.0,16.0,1391.0,6.69,1.0,0.0,15.0,3.0,622.0,4.0,86.0,47.0,1.0,14.0,26.0,18.0,177.0,92.0,5.0,32.0,4.0,0.0
61,Ligue 1,2025,112,Metz,158532,J. Fischer,Jonathan,Frost Fischer,24.0,Denmark,198,,https://media.api-sports.io/football/players/158532.png,Goalkeeper,27.0,26.0,2353.0,6.99,0.0,0.0,,,931.0,1.0,78.0,,,,,,14.0,12.0,4.0,,0.0,0.0
61,Ligue 1,2025,112,Metz,327548,J. Diazongua Nfinigui,Joseph Nauquidi,Diazongua Nfinigui,21.0,France,187,74,https://media.api-sports.io/football/players/327548.png,Midfielder,1.0,0.0,14.0,6.5,0.0,0.0,,,3.0,,66.0,,,,,,,,,,0.0,0.0
61,Ligue 1,2025,112,Metz,378353,U. Mboula,Urie-Michel,Mboula,22.0,Gabon,185,,https://media.api-sports.io/football/players/378353.png,Defender,14.0,10.0,751.0,6.74,0.0,0.0,2.0,1.0,552.0,,91.0,11.0,6.0,14.0,12.0,7.0,52.0,32.0,11.0,9.0,2.0,0.0
61,Ligue 1,2025,112,Metz,403878,P. Sy,Pape Mamadou,Sy,28.0,Senegal,206,,https://media.api-sports.io/football/players/403878.png,Goalkeeper,8.0,8.0,707.0,7.01,0.0,0.0,,,204.0,,66.0,1.0,,,,,6.0,6.0,4.0,,0.0,0.0
61,Ligue 1,2025,112,Metz,408870,Ibou Sané,Ibou,Sané,20.0,Senegal,179,71,https://media.api-sports.io/football/players/408870.png,Attacker,16.0,5.0,555.0,6.69,1.0,1.0,5.0,3.0,131.0,5.0,82.0,7.0,,1.0,10.0,2.0,57.0,29.0,15.0,8.0,2.0,0.0
61,Ligue 1,2025,112,Metz,428084,Sadibou Sané,Sadibou,Sané,21.0,Senegal,185,76,https://media.api-sports.io/football/players/428084.png,Defender,23.0,22.0,1943.0,6.97,2.0,1.0,4.0,2.0,1437.0,3.0,89.0,46.0,24.0,38.0,6.0,3.0,159.0,96.0,15.0,22.0,5.0,2.0
61,Ligue 1,2025,112,Metz,434352,A. Touré,Alpha Amadou,Touré,19.0,Senegal,180,,https://media.api-sports.io/football/players/434352.png,Midfielder,30.0,16.0,1611.0,6.54,0.0,1.0,10.0,1.0,727.0,11.0,86.0,40.0,4.0,9.0,27.0,15.0,195.0,99.0,27.0,27.0,5.0,0.0
61,Ligue 1,2025,112,Metz,434410,I. Gueye,Idrissa,Gueye,19.0,Senegal,174,66,https://media.api-sports.io/football/players/434410.png,Attacker,3.0,1.0,130.0,6.53,0.0,0.0,1.0,,16.0,,50.0,2.0,,,1.0,,17.0,6.0,2.0,3.0,0.0,0.0
61,Ligue 1,2025,112,Metz,514519,Brian Madjo,Brian,Djomeni Madjo,16.0,England,186,75,https://media.api-sports.io/football/players/514519.png,Attacker,5.0,2.0,162.0,6.63,0.0,0.0,2.0,1.0,18.0,,55.0,,,,1.0,,15.0,6.0,3.0,3.0,0.0,0.0
61,Ligue 1,2025,95,Strasbourg,2259,E. Sobol,Eduard,Sobol,30.0,Ukraine,186,79,https://media.api-sports.io/football/players/2259.png,Defender,0.0,0.0,,,0.0,0.0,,,,,,,,,,,,,,,0.0,0.0
61,Ligue 1,2025,95,Strasbourg,2850,K. Johnsson,Karl-Johan Anton,Johnsson,35.0,Sweden,188,84,https://media.api-sports.io/football/players/2850.png,Goalkeeper,1.0,1.0,90.0,7.2,0.0,0.0,,,32.0,,78.0,,,,,,1.0,1.0,,,0.0,0.0
61,Ligue 1,2025,95,Strasbourg,129695,D. Bakwa,Dilane,Bakwa,23.0,France,180,75,https://media.api-sports.io/football/players/129695.png,Attacker,3.0,0.0,105.0,7.57,1.0,2.0,1.0,1.0,42.0,3.0,88.0,1.0,,1.0,9.0,5.0,16.0,10.0,4.0,,0.0,0.0
61,Ligue 1,2025,95,Strasbourg,190686,S. Mara,Sékou,Mara,23.0,France,184,73,https://media.api-sports.io/football/players/190686.png,Attacker,0.0,0.0,,,0.0,0.0,,,,,,,,,,,,,,,0.0,0.0
61,Ligue 1,2025,108,Auxerre,190686,S. Mara,Sékou,Mara,23.0,France,184,73,https://media.api-sports.io/football/players/190686.png,Attacker,27.0,14.0,1234.0,6.64,3.0,2.0,24.0,12.0,239.0,9.0,72.0,13.0,,4.0,34.0,17.0,207.0,92.0,27.0,27.0,0.0,0.0
61,Ligue 1,2025,95,Strasbourg,203762,E. Emegha,Emanuel,Esseh Emegha,22.0,Netherlands,195,82,https://media.api-sports.io/football/players/203762.png,Attacker,10.0,4.0,451.0,6.91,4.0,2.0,13.0,8.0,52.0,3.0,82.0,,,,7.0,3.0,34.0,17.0,9.0,12.0,3.0,0.0
61,Ligue 1,2025,95,Strasbourg,226803,S. Nanasi,Algot Sebastian,Nanasi,23.0,Sweden,178,71,https://media.api-sports.io/football/players/226803.png,Midfielder,19.0,11.0,1060.0,6.83,7.0,2.0,17.0,11.0,407.0,17.0,83.0,12.0,3.0,6.0,18.0,8.0,69.0,25.0,3.0,8.0,0.0,0.0
61,Ligue 1,2025,95,Strasbourg,276184,M. Sarr,Mamadou,Sarr,20.0,France,194,77,https://media.api-sports.io/football/players/276184.png,Defender,15.0,15.0,1305.0,6.79,0.0,0.0,1.0,,982.0,1.0,95.0,15.0,3.0,9.0,7.0,5.0,98.0,51.0,11.0,16.0,3.0,0.0
61,Ligue 1,2025,95,Strasbourg,282549,J. Mwanga,Junior,Mwanga,22.0,France,184,80,https://media.api-sports.io/football/players/282549.png,Defender,5.0,5.0,379.0,6.58,0.0,0.0,1.0,,245.0,5.0,89.0,12.0,1.0,3.0,7.0,5.0,43.0,23.0,2.0,9.0,0.0,0.0
61,Ligue 1,2025,83,Nantes,282549,J. Mwanga,Junior,Mwanga,22.0,France,184,80,https://media.api-sports.io/football/players/282549.png,Midfielder,15.0,15.0,1263.0,6.8,1.0,1.0,7.0,3.0,542.0,13.0,84.0,27.0,6.0,10.0,21.0,13.0,130.0,66.0,14.0,16.0,2.0,1.0
61,Ligue 1,2025,95,Strasbourg,319572,V. Barco,Valentín,Barco,21.0,Argentina,170,66,https://media.api-sports.io/football/players/319572.png,Midfielder,27.0,24.0,2170.0,7.14,2.0,4.0,18.0,10.0,1552.0,40.0,86.0,54.0,2.0,14.0,58.0,24.0,258.0,148.0,61.0,24.0,5.0,1.0
61,Ligue 1,2025,95,Strasbourg,325594,F. Lemaréchal,Félix,Lemaréchal,22.0,France,180,73,https://media.api-sports.io/football/players/325594.png,Midfielder,11.0,7.0,554.0,6.57,0.0,2.0,7.0,2.0,234.0,7.0,77.0,17.0,,3.0,22.0,12.0,81.0,39.0,6.0,8.0,1.0,0.0
61,Ligue 1,2025,95,Strasbourg,328093,I. Samuels-Smith,Ishé Barrington,Samuels-Smith,19.0,England,186,,https://media.api-sports.io/football/players/328093.png,Defender,0.0,0.0,,,0.0,0.0,,,,,,,,,,,,,,,0.0,0.0
61,Ligue 1,2025,95,Strasbourg,334035,S. Amo-Ameyaw,Samuel,Amo-Ameyaw,19.0,England,174,64,https://media.api-sports.io/football/players/334035.png,Defender,25.0,9.0,1050.0,6.74,2.0,2.0,11.0,5.0,414.0,13.0,88.0,21.0,,3.0,55.0,28.0,149.0,75.0,26.0,15.0,2.0,0.0
61,Ligue 1,2025,112,Metz,336180,M. Bokele Mputu,Morgan,Bokele Mputu,21.0,France,175,,https://media.api-sports.io/football/players/336180.png,Attacker,10.0,1.0,228.0,6.6,0.0,0.0,1.0,1.0,100.0,2.0,79.0,5.0,1.0,1.0,8.0,3.0,33.0,16.0,8.0,2.0,0.0,0.0
61,Ligue 1,2025,95,Strasbourg,340151,M. Penders,Mike Louis,Penders,20.0,Belgium,200,95,https://media.api-sports.io/football/players/340151.png,Goalkeeper,33.0,33.0,2970.0,6.95,0.0,0.0,,,1400.0,,86.0,,,,,,8.0,7.0,2.0,1.0,3.0,0.0
61,Ligue 1,2025,95,Strasbourg,358166,A. Ouattara,Abdoul Guemissongui,Ouattara,20.0,France,178,68,https://media.api-sports.io/football/players/358166.png,Defender,28.0,19.0,1775.0,6.66,2.0,0.0,20.0,11.0,862.0,6.0,90.0,23.0,1.0,21.0,23.0,8.0,94.0,46.0,11.0,12.0,2.0,0.0
61,Ligue 1,2025,95,Strasbourg,387120,R. Nzingoula,Rabby,Nzingoula,20.0,France,183,73,https://media.api-sports.io/football/players/387120.png,Midfielder,4.0,0.0,62.0,6.23,0.0,0.0,,,20.0,1.0,80.0,2.0,,1.0,3.0,1.0,13.0,5.0,2.0,3.0,0.0,1.0
61,Ligue 1,2025,95,Strasbourg,390742,J. Panichelli,Joaquín,Panichelli,23.0,Argentina,186,82,https://media.api-sports.io/football/players/390742.png,Attacker,27.0,24.0,2195.0,6.85,16.0,1.0,51.0,31.0,466.0,22.0,72.0,26.0,8.0,12.0,30.0,11.0,307.0,138.0,44.0,43.0,3.0,0.0
61,Ligue 1,2025,95,Strasbourg,396193,L. Høgsberg,Lucas,Høgsberg,19.0,Denmark,182,69,https://media.api-sports.io/football/players/396193.png,Defender,24.0,21.0,1796.0,6.79,0.0,0.0,3.0,1.0,1324.0,1.0,92.0,21.0,21.0,13.0,1.0,1.0,95.0,51.0,13.0,16.0,3.0,0.0
61,Ligue 1,2025,95,Strasbourg,406303,K. Páez,Ray Kendry,Páez Andrade,18.0,Ecuador,178,71,https://media.api-sports.io/football/players/406303.png,Midfielder,15.0,4.0,431.0,6.5,1.0,0.0,8.0,4.0,159.0,6.0,77.0,6.0,,3.0,19.0,6.0,65.0,17.0,3.0,7.0,0.0,0.0
61,Ligue 1,2025,95,Strasbourg,415431,S. El Mourabet,Samir,El Mourabet,20.0,France,168,58,https://media.api-sports.io/football/players/415431.png,Midfielder,33.0,25.0,2141.0,6.95,1.0,2.0,6.0,1.0,1439.0,28.0,89.0,79.0,13.0,25.0,29.0,18.0,221.0,132.0,26.0,23.0,4.0,0.0
61,Ligue 1,2025,91,Monaco,109,A. Golovin,Aleksandr,Golovin,29.0,Russia,178,69,https://media.api-sports.io/football/players/109.png,Midfielder,25.0,21.0,1661.0,6.88,5.0,5.0,25.0,18.0,734.0,24.0,82.0,26.0,5.0,24.0,31.0,19.0,156.0,68.0,18.0,30.0,3.0,0.0
61,Ligue 1,2025,91,Monaco,175,E. Dier,Eric Jeremy Edgar,Dier,31.0,England,188,83,https://media.api-sports.io/football/players/175.png,Defender,9.0,7.0,687.0,7.04,1.0,0.0,2.0,2.0,592.0,2.0,93.0,7.0,10.0,10.0,,,51.0,23.0,4.0,9.0,0.0,0.0
61,Ligue 1,2025,91,Monaco,231,J. Teze,Jordan,Teze,26.0,Netherlands,183,68,https://media.api-sports.io/football/players/231.png,Defender,33.0,28.0,2494.0,6.94,1.0,2.0,11.0,5.0,1332.0,35.0,83.0,61.0,10.0,29.0,10.0,3.0,223.0,117.0,25.0,32.0,8.0,0.0
61,Ligue 1,2025,91,Monaco,261,T. Kehrer,Jan Thilo,Kehrer,29.0,Germany,186,76,https://media.api-sports.io/football/players/261.png,Defender,28.0,28.0,2358.0,6.92,0.0,0.0,13.0,1.0,1643.0,6.0,87.0,65.0,23.0,30.0,7.0,4.0,259.0,165.0,29.0,27.0,7.0,1.0
61,Ligue 1,2025,91,Monaco,963,L. Hrádecký,Lukáš,Hrádecký,36.0,Finland,192,83,https://media.api-sports.io/football/players/963.png,Goalkeeper,17.0,17.0,1441.0,6.79,0.0,0.0,,,453.0,,66.0,1.0,,,,,8.0,8.0,,,1.0,0.0
61,Ligue 1,2025,91,Monaco,1101,T. Minamino,Takumi,Minamino,30.0,Japan,172,68,https://media.api-sports.io/football/players/1101.png,Midfielder,15.0,11.0,961.0,6.61,3.0,2.0,15.0,7.0,308.0,9.0,73.0,3.0,2.0,4.0,12.0,4.0,67.0,21.0,8.0,10.0,4.0,0.0
61,Ligue 1,2025,91,Monaco,2810,D. Zakaria,Denis Lemi,Zakaria Lako Lado,29.0,Switzerland,191,76,https://media.api-sports.io/football/players/2810.png,Midfielder,24.0,23.0,2033.0,6.86,2.0,1.0,12.0,3.0,1111.0,6.0,93.0,38.0,15.0,40.0,15.0,8.0,137.0,68.0,7.0,26.0,4.0,1.0
61,Ligue 1,2025,91,Monaco,7313,P. Köhn,Philipp François,Köhn,27.0,Switzerland,190,80,https://media.api-sports.io/football/players/7313.png,Goalkeeper,19.0,17.0,1619.0,6.94,0.0,0.0,,,464.0,,75.0,,,1.0,,,11.0,10.0,3.0,,1.0,0.0
61,Ligue 1,2025,91,Monaco,10316,Caio Henrique,Caio Henrique,Oliveira Silva,28.0,Brazil,178,68,https://media.api-sports.io/football/players/10316.png,Defender,22.0,17.0,1542.0,6.73,0.0,2.0,,,778.0,21.0,80.0,23.0,6.0,11.0,15.0,6.0,101.0,51.0,17.0,13.0,2.0,0.0
61,Ligue 1,2025,91,Monaco,30504,W. Singo,Wilfried Stephane,Singo,25.0,Côte d'Ivoire,190,79,https://media.api-sports.io/football/players/30504.png,Defender,0.0,0.0,,,0.0,0.0,,,,,,,,,,,,,,,0.0,0.0
61,Ligue 1,2025,91,Monaco,274300,M. Akliouche,Maghnes,Akliouche,23.0,France,183,72,https://media.api-sports.io/football/players/274300.png,Midfielder,31.0,28.0,2410.0,7.04,6.0,6.0,35.0,19.0,1106.0,44.0,85.0,39.0,3.0,19.0,55.0,26.0,239.0,104.0,36.0,29.0,3.0,0.0
61,Ligue 1,2025,91,Monaco,283026,M. Biereth,Mika,Miles Biereth,22.0,Denmark,187,69,https://media.api-sports.io/football/players/283026.png,Attacker,32.0,12.0,1108.0,6.47,2.0,2.0,12.0,7.0,206.0,21.0,61.0,11.0,2.0,,13.0,4.0,142.0,44.0,14.0,16.0,0.0,0.0
61,Ligue 1,2025,91,Monaco,291649,Vanderson,Vanderson,de Oliveira Campos,24.0,Brazil,173,74,https://media.api-sports.io/football/players/291649.png,Defender,14.0,7.0,613.0,6.8,0.0,2.0,3.0,,364.0,11.0,79.0,24.0,1.0,23.0,17.0,8.0,79.0,44.0,2.0,15.0,4.0,0.0
61,Ligue 1,2025,95,Strasbourg,303016,M. Oyedele,Maximillian,Oyedele,21.0,Poland,180,70,https://media.api-sports.io/football/players/303016.png,Midfielder,8.0,6.0,447.0,6.79,1.0,0.0,2.0,1.0,292.0,1.0,89.0,13.0,,5.0,7.0,4.0,49.0,26.0,5.0,9.0,3.0,0.0
61,Ligue 1,2025,91,Monaco,343320,E. Ben Seghir,Eliesse,Ben Seghir,20.0,Morocco,178,72,https://media.api-sports.io/football/players/343320.png,Midfielder,2.0,0.0,43.0,6.25,0.0,0.0,1.0,,25.0,,76.0,2.0,,,1.0,1.0,7.0,4.0,1.0,1.0,0.0,0.0
61,Ligue 1,2025,91,Monaco,371916,C. Mawissa Elebi,Christian,Mawissa Elebi,20.0,France,185,77,https://media.api-sports.io/football/players/371916.png,Defender,18.0,13.0,1195.0,6.66,0.0,0.0,2.0,1.0,849.0,5.0,89.0,30.0,6.0,18.0,28.0,18.0,140.0,80.0,12.0,12.0,4.0,0.0
61,Ligue 1,2025,91,Monaco,374058,L. Camara,Lamine,Camara,21.0,Senegal,173,65,https://media.api-sports.io/football/players/374058.png,Midfielder,24.0,22.0,1851.0,7.16,3.0,4.0,17.0,4.0,1217.0,35.0,85.0,55.0,7.0,37.0,30.0,16.0,241.0,135.0,48.0,28.0,6.0,0.0
61,Ligue 1,2025,91,Monaco,386276,Paris Josua  Brunner,Paris Josua,Brunner,19.0,Germany,186,80,https://media.api-sports.io/football/players/386276.png,Attacker,7.0,1.0,127.0,6.4,0.0,0.0,2.0,1.0,32.0,,68.0,2.0,,1.0,6.0,2.0,25.0,7.0,1.0,8.0,1.0,0.0
61,Ligue 1,2025,91,Monaco,395040,G. Ilenikhena,George,Ilenikhena,19.0,France,185,76,https://media.api-sports.io/football/players/395040.png,Attacker,15.0,3.0,386.0,6.49,2.0,0.0,13.0,7.0,53.0,3.0,73.0,1.0,1.0,,11.0,1.0,48.0,16.0,6.0,2.0,0.0,0.0
61,Ligue 1,2025,91,Monaco,453792,A. Bamba,Aladji,Bamba,19.0,France,181,67,https://media.api-sports.io/football/players/453792.png,Midfielder,18.0,10.0,830.0,6.87,0.0,2.0,1.0,1.0,515.0,13.0,81.0,33.0,,7.0,20.0,14.0,150.0,82.0,18.0,23.0,2.0,0.0
61,Ligue 1,2025,111,Le Havre,961,F. Mambimbi,Felix Khonde,Mambimbi,24.0,Switzerland,171,68,https://media.api-sports.io/football/players/961.png,Attacker,17.0,7.0,558.0,6.45,1.0,0.0,5.0,2.0,119.0,7.0,72.0,12.0,,3.0,11.0,4.0,74.0,24.0,5.0,16.0,1.0,0.0
61,Ligue 1,2025,111,Le Havre,1945,M. Samatta,Mbwana Ally,Samatta,33.0,Tanzania,183,77,https://media.api-sports.io/football/players/1945.png,Attacker,27.0,17.0,1550.0,6.51,2.0,1.0,35.0,16.0,264.0,18.0,72.0,11.0,,4.0,26.0,12.0,218.0,81.0,20.0,35.0,4.0,0.0
61,Ligue 1,2025,111,Le Havre,21641,G. Kyeremeh,Godson,Kyeremeh,25.0,France,175,60,https://media.api-sports.io/football/players/21641.png,Attacker,13.0,3.0,397.0,6.63,1.0,1.0,5.0,2.0,67.0,5.0,80.0,7.0,,,13.0,5.0,60.0,32.0,19.0,9.0,0.0,0.0
61,Ligue 1,2025,111,Le Havre,23637,Y. Zouaoui,Yanis,Zouaoui,27.0,France,183,75,https://media.api-sports.io/football/players/23637.png,Defender,30.0,28.0,2348.0,6.65,1.0,1.0,10.0,5.0,954.0,35.0,77.0,48.0,13.0,26.0,50.0,20.0,215.0,111.0,26.0,22.0,7.0,0.0
61,Ligue 1,2025,111,Le Havre,33165,A. Seko,Ayumu,Seko,25.0,Japan,185,78,https://media.api-sports.io/football/players/33165.png,Defender,30.0,29.0,2625.0,6.8,0.0,0.0,15.0,6.0,1147.0,10.0,84.0,42.0,7.0,37.0,4.0,2.0,164.0,99.0,20.0,28.0,6.0,0.0
61,Ligue 1,2025,111,Le Havre,36932,Y. Namli,Younes,Namli,31.0,Denmark,180,70,https://media.api-sports.io/football/players/36932.png,Midfielder,12.0,3.0,340.0,6.62,0.0,1.0,2.0,,113.0,3.0,70.0,9.0,,6.0,6.0,5.0,46.0,21.0,4.0,8.0,2.0,0.0
61,Ligue 1,2025,111,Le Havre,64255,G. Lloris,Gautier,Lloris,30.0,France,191,87,https://media.api-sports.io/football/players/64255.png,Defender,29.0,28.0,2400.0,7.03,1.0,1.0,9.0,4.0,1528.0,4.0,91.0,41.0,21.0,42.0,3.0,1.0,190.0,128.0,17.0,27.0,1.0,1.0
61,Ligue 1,2025,111,Le Havre,119853,M. Diaw,Mory,Diaw,32.0,Senegal,197,95,https://media.api-sports.io/football/players/119853.png,Goalkeeper,30.0,30.0,2655.0,7.02,0.0,1.0,,,974.0,3.0,72.0,2.0,,2.0,,,13.0,12.0,6.0,,1.0,0.0
61,Ligue 1,2025,111,Le Havre,128342,R. Ndiaye,Rassoul,Ndiaye,24.0,Senegal,179,70,https://media.api-sports.io/football/players/128342.png,Midfielder,33.0,30.0,2573.0,7.03,4.0,4.0,22.0,9.0,863.0,29.0,83.0,68.0,2.0,16.0,40.0,22.0,262.0,142.0,37.0,22.0,2.0,0.0
61,Ligue 1,2025,111,Le Havre,156465,I. Soumaré,Issa,Soumaré,25.0,Senegal,182,78,https://media.api-sports.io/football/players/156465.png,Attacker,34.0,33.0,2949.0,7.1,8.0,5.0,68.0,28.0,637.0,29.0,69.0,36.0,6.0,11.0,64.0,26.0,496.0,268.0,74.0,56.0,3.0,0.0
61,Ligue 1,2025,111,Le Havre,162443,É. Youté,Étienne Ludovic,Youté Kinkoué,23.0,France,196,88,https://media.api-sports.io/football/players/162443.png,Midfielder,9.0,4.0,434.0,6.88,0.0,0.0,,,201.0,1.0,84.0,6.0,9.0,1.0,,,18.0,10.0,1.0,3.0,2.0,0.0
61,Ligue 1,2025,111,Le Havre,174625,F. Doucouré,Fodé,Doucouré,24.0,Mali,172,62,https://media.api-sports.io/football/players/174625.png,Defender,26.0,15.0,1242.0,6.84,3.0,1.0,13.0,8.0,432.0,18.0,81.0,36.0,1.0,9.0,20.0,7.0,113.0,56.0,4.0,14.0,2.0,0.0
61,Ligue 1,2025,111,Le Havre,174927,A. Sangante,Arouna,Sangante,23.0,Senegal,189,76,https://media.api-sports.io/football/players/174927.png,Defender,28.0,28.0,2333.0,6.85,1.0,1.0,8.0,5.0,1424.0,10.0,85.0,41.0,15.0,38.0,9.0,4.0,248.0,141.0,41.0,42.0,4.0,2.0
61,Ligue 1,2025,111,Le Havre,174937,Y. Kechta,Yassine,Kechta,23.0,Morocco,174,68,https://media.api-sports.io/football/players/174937.png,Midfielder,30.0,14.0,1348.0,6.56,2.0,1.0,16.0,9.0,418.0,15.0,79.0,32.0,4.0,17.0,25.0,7.0,170.0,58.0,16.0,35.0,4.0,0.0
61,Ligue 1,2025,91,Monaco,333137,K. Ouattara,Kassoum,Ouattara,21.0,France,176,73,https://media.api-sports.io/football/players/333137.png,Defender,15.0,12.0,983.0,6.57,0.0,3.0,6.0,,377.0,17.0,74.0,27.0,,16.0,34.0,9.0,141.0,62.0,10.0,22.0,3.0,0.0
61,Ligue 1,2025,111,Le Havre,364093,S. Ebonog,Simon,Ebonog,21.0,France,,,https://media.api-sports.io/football/players/364093.png,Midfielder,30.0,21.0,1778.0,6.59,1.0,0.0,15.0,4.0,469.0,8.0,78.0,39.0,4.0,24.0,36.0,17.0,223.0,113.0,34.0,29.0,8.0,0.0
61,Ligue 1,2025,111,Le Havre,395765,I. Bouneb,Ismail,Bouneb,19.0,France,182,76,https://media.api-sports.io/football/players/395765.png,Midfielder,0.0,0.0,,,0.0,0.0,,,,,,,,,,,,,,,0.0,0.0
61,Ligue 1,2025,111,Le Havre,451961,G. Zohouri,Guy Noël Prince,Zohouri,18.0,France,185,75,https://media.api-sports.io/football/players/451961.png,Midfielder,0.0,0.0,,,0.0,0.0,,,,,,,,,,,,,,,0.0,0.0
61,Ligue 1,2025,111,Le Havre,460805,D. Mosengo,Daren Nbenbege,Mosengo,19.0,France,188,72,https://media.api-sports.io/football/players/460805.png,Midfielder,7.0,0.0,110.0,6.56,0.0,0.0,,,52.0,,78.0,2.0,3.0,1.0,2.0,,22.0,6.0,2.0,1.0,0.0,0.0
61,Ligue 1,2025,83,Nantes,647,Anthony Lopes,Anthony,Lopes,35.0,Portugal,184,81,https://media.api-sports.io/football/players/647.png,Goalkeeper,32.0,32.0,2806.0,7.06,0.0,0.0,1.0,,968.0,,73.0,1.0,,1.0,1.0,1.0,23.0,20.0,14.0,1.0,4.0,0.0
61,Ligue 1,2025,83,Nantes,924,F. Coquelin,Francis Joseph,Coquelin,34.0,France,176,74,https://media.api-sports.io/football/players/924.png,Midfielder,16.0,8.0,655.0,6.66,0.0,1.0,4.0,1.0,291.0,4.0,87.0,17.0,5.0,6.0,10.0,5.0,78.0,40.0,7.0,15.0,2.0,0.0
61,Ligue 1,2025,83,Nantes,2668,Mostafa Mohamed,Mostafa Mohamed Ahmed,Abdallah,28.0,Egypt,185,78,https://media.api-sports.io/football/players/2668.png,Attacker,24.0,13.0,1171.0,6.63,4.0,0.0,28.0,8.0,190.0,9.0,61.0,10.0,3.0,8.0,19.0,3.0,200.0,89.0,27.0,18.0,1.0,0.0
61,Ligue 1,2025,83,Nantes,15684,P. Carlgren,Patrik Ulf Anders,Carlgren,34.0,Sweden,188,84,https://media.api-sports.io/football/players/15684.png,Goalkeeper,3.0,2.0,188.0,7.33,0.0,0.0,,,61.0,,45.0,,,,,,2.0,2.0,1.0,,0.0,0.0
61,Ligue 1,2025,83,Nantes,21570,N. Cozza,Nicolas Louis Marcel,Cozza,26.0,France,178,72,https://media.api-sports.io/football/players/21570.png,Defender,30.0,26.0,2320.0,6.62,0.0,1.0,7.0,3.0,821.0,10.0,76.0,44.0,11.0,17.0,18.0,8.0,194.0,103.0,32.0,24.0,2.0,0.0
61,Ligue 1,2025,83,Nantes,22134,K. Amian,Kelvin,Amian Adou,27.0,France,180,78,https://media.api-sports.io/football/players/22134.png,Defender,23.0,22.0,1962.0,6.62,0.0,1.0,9.0,2.0,786.0,8.0,80.0,28.0,10.0,7.0,10.0,5.0,140.0,79.0,18.0,23.0,3.0,0.0
61,Ligue 1,2025,83,Nantes,26519,Hong Hyun-Seok,Hyun-Seok,Hong,26.0,Korea Republic,175,66,https://media.api-sports.io/football/players/26519.png,Midfielder,6.0,3.0,284.0,6.6,0.0,0.0,3.0,2.0,74.0,1.0,77.0,9.0,1.0,3.0,2.0,2.0,21.0,13.0,1.0,,0.0,0.0
61,Ligue 1,2025,83,Nantes,42086,Y. El-Arabi,Youssef,El-Arabi,38.0,Morocco,183,70,https://media.api-sports.io/football/players/42086.png,Attacker,25.0,11.0,979.0,6.59,3.0,0.0,13.0,9.0,264.0,9.0,63.0,12.0,1.0,3.0,20.0,6.0,155.0,65.0,23.0,22.0,0.0,0.0
61,Ligue 1,2025,83,Nantes,50026,C. Awaziem,Chidozie Collins,Awaziem,29.0,Nigeria,189,78,https://media.api-sports.io/football/players/50026.png,Defender,27.0,26.0,2249.0,6.91,1.0,2.0,7.0,4.0,1387.0,10.0,84.0,28.0,17.0,20.0,8.0,4.0,156.0,96.0,21.0,23.0,7.0,0.0
61,Ligue 1,2025,83,Nantes,137296,Kwon Hyeok-Kyu,Hyeok-Kyu,Kwon,24.0,Korea Republic,190,77,https://media.api-sports.io/football/players/137296.png,Midfielder,12.0,9.0,764.0,6.79,0.0,0.0,1.0,,221.0,,86.0,15.0,8.0,7.0,1.0,,64.0,33.0,10.0,11.0,2.0,0.0
61,Ligue 1,2025,83,Nantes,161622,M. Abline,Matthis,Abline,22.0,France,176,67,https://media.api-sports.io/football/players/161622.png,Attacker,33.0,28.0,2514.0,6.95,6.0,4.0,55.0,23.0,415.0,30.0,70.0,20.0,,8.0,116.0,51.0,338.0,146.0,42.0,32.0,6.0,0.0
61,Ligue 1,2025,83,Nantes,193952,J. Lepenant,Johann Théo Tom,Lepenant,23.0,France,176,69,https://media.api-sports.io/football/players/193952.png,Midfielder,28.0,24.0,2192.0,6.84,0.0,1.0,15.0,7.0,830.0,33.0,80.0,79.0,4.0,28.0,29.0,10.0,285.0,150.0,48.0,30.0,4.0,0.0
61,Ligue 1,2025,83,Nantes,197771,Y. Benhattab,Yassine,Benhattab,23.0,France,170,59,https://media.api-sports.io/football/players/197771.png,Midfielder,10.0,5.0,477.0,6.61,0.0,0.0,2.0,1.0,141.0,7.0,72.0,10.0,,,15.0,8.0,42.0,22.0,3.0,3.0,0.0,0.0
61,Ligue 1,2025,111,Le Havre,355955,Rory Davidson,Rory,Davidson,25.0,Scotland,,,https://media.api-sports.io/football/players/355955.png,Defender,1.0,0.0,1.0,,0.0,0.0,,,,,,,,,,,,,,,0.0,0.0
61,Ligue 1,2025,83,Nantes,388779,D. Assoumani,Dehmaine,Tabibou Assoumani,20.0,France,181,73,https://media.api-sports.io/football/players/388779.png,Midfielder,27.0,14.0,1282.0,6.63,1.0,0.0,19.0,7.0,401.0,20.0,73.0,30.0,,17.0,37.0,20.0,160.0,80.0,20.0,23.0,4.0,1.0
61,Ligue 1,2025,83,Nantes,392569,Sékou Doucouré,Sékou,Doucouré,20.0,France,187,79,https://media.api-sports.io/football/players/392569.png,Defender,2.0,1.0,62.0,6.8,0.0,0.0,,,45.0,,88.0,,1.0,3.0,,,5.0,2.0,,1.0,0.0,0.0
61,Ligue 1,2025,83,Nantes,428504,A. Camara,Amady,Camara,20.0,Mali,180,,https://media.api-sports.io/football/players/428504.png,Attacker,10.0,1.0,168.0,6.47,0.0,0.0,3.0,,50.0,2.0,76.0,4.0,,1.0,4.0,1.0,25.0,8.0,2.0,4.0,0.0,0.0
61,Ligue 1,2025,83,Nantes,443674,Louis Leroux,Louis,Leroux,19.0,France,184,75,https://media.api-sports.io/football/players/443674.png,Midfielder,23.0,16.0,1443.0,6.63,1.0,1.0,6.0,3.0,457.0,16.0,74.0,37.0,2.0,4.0,29.0,11.0,134.0,71.0,14.0,12.0,2.0,0.0
61,Ligue 1,2025,83,Nantes,443676,Bahereba Guirassy,Bahereba,Guirassy,19.0,Guinea,177,66,https://media.api-sports.io/football/players/443676.png,Midfielder,20.0,9.0,827.0,6.66,2.0,1.0,11.0,7.0,201.0,7.0,66.0,21.0,1.0,5.0,38.0,9.0,135.0,52.0,9.0,15.0,2.0,0.0
61,Ligue 1,2025,83,Nantes,522609,T. Tati,Tylel,Tati,17.0,France,190,79,https://media.api-sports.io/football/players/522609.png,Defender,20.0,20.0,1724.0,6.46,0.0,0.0,,,950.0,1.0,88.0,19.0,15.0,17.0,11.0,8.0,96.0,54.0,15.0,23.0,5.0,1.0
61,Ligue 1,2025,85,Paris Saint Germain,9,A. Hakimi,Achraf,Hakimi Mouh,27.0,Morocco,181,73,https://media.api-sports.io/football/players/9.png,Defender,18.0,15.0,1374.0,6.79,2.0,2.0,20.0,9.0,1274.0,21.0,91.0,18.0,1.0,11.0,33.0,8.0,114.0,47.0,17.0,9.0,3.0,1.0
61,Ligue 1,2025,85,Paris Saint Germain,33,L. Hernández,Lucas François Bernard,Hernández,29.0,France,184,79,https://media.api-sports.io/football/players/33.png,Defender,25.0,20.0,1751.0,7.07,0.0,3.0,8.0,3.0,1636.0,15.0,91.0,25.0,7.0,19.0,8.0,3.0,127.0,73.0,19.0,22.0,4.0,0.0
61,Ligue 1,2025,85,Paris Saint Germain,153,O. Dembélé,Masour Ousmane,Dembélé,28.0,France,178,67,https://media.api-sports.io/football/players/153.png,Attacker,22.0,11.0,1062.0,7.41,10.0,7.0,38.0,18.0,745.0,41.0,83.0,6.0,,,39.0,24.0,73.0,36.0,4.0,3.0,0.0,0.0
61,Ligue 1,2025,85,Paris Saint Germain,257,Marquinhos,Marcos,Aoás Corrêa,31.0,Brazil,183,75,https://media.api-sports.io/football/players/257.png,Defender,14.0,11.0,1049.0,7.27,0.0,0.0,1.0,,938.0,2.0,95.0,15.0,4.0,8.0,2.0,2.0,69.0,41.0,2.0,8.0,0.0,0.0
61,Ligue 1,2025,85,Paris Saint Germain,328,Fabián Ruiz,Fabián,Ruiz Peña,29.0,Spain,189,70,https://media.api-sports.io/football/players/328.png,Midfielder,20.0,13.0,1129.0,7.11,1.0,4.0,13.0,4.0,1212.0,19.0,92.0,17.0,,14.0,11.0,2.0,49.0,24.0,3.0,2.0,2.0,0.0
61,Ligue 1,2025,85,Paris Saint Germain,483,K. Kvaratskhelia,Khvicha,Kvaratskhelia,24.0,Georgia,183,76,https://media.api-sports.io/football/players/483.png,Attacker,28.0,18.0,1483.0,7.24,8.0,4.0,48.0,29.0,892.0,34.0,87.0,24.0,3.0,11.0,76.0,44.0,201.0,101.0,26.0,18.0,1.0,0.0
61,Ligue 1,2025,85,Paris Saint Germain,927,Lee Kang-In,Kang-In,Lee,24.0,Korea Republic,173,66,https://media.api-sports.io/football/players/927.png,Midfielder,27.0,18.0,1522.0,7.04,3.0,4.0,27.0,15.0,1044.0,60.0,91.0,17.0,1.0,3.0,51.0,28.0,148.0,70.0,19.0,18.0,3.0,0.0
61,Ligue 1,2025,85,Paris Saint Germain,2068,M. Safonov,Matvey,Safonov,26.0,Russia,192,82,https://media.api-sports.io/football/players/2068.png,Goalkeeper,15.0,15.0,1350.0,7.23,0.0,0.0,,,363.0,2.0,81.0,,,,,,5.0,5.0,1.0,,0.0,0.0
61,Ligue 1,2025,85,Paris Saint Germain,16367,W. Pacho,Willian Joel,Pacho Tenorio,24.0,Ecuador,188,81,https://media.api-sports.io/football/players/16367.png,Defender,23.0,21.0,1915.0,6.98,0.0,0.0,6.0,1.0,1693.0,2.0,95.0,40.0,10.0,24.0,2.0,1.0,131.0,83.0,7.0,6.0,0.0,0.0
61,Ligue 1,2025,83,Nantes,20655,J. Duverne,Jean-Kévin,Duverne,28.0,France,184,71,https://media.api-sports.io/football/players/20655.png,Defender,0.0,0.0,,,0.0,0.0,,,,,,,,,,,,,,,0.0,0.0
61,Ligue 1,2025,85,Paris Saint Germain,41585,Gonçalo Ramos,Gonçalo,Matias Ramos,24.0,Portugal,185,79,https://media.api-sports.io/football/players/41585.png,Attacker,30.0,13.0,1320.0,6.61,6.0,1.0,45.0,25.0,340.0,17.0,83.0,13.0,,5.0,37.0,17.0,165.0,74.0,23.0,24.0,3.0,0.0
61,Ligue 1,2025,85,Paris Saint Germain,128384,Vitinha,Vítor,Machado Ferreira,25.0,Portugal,172,64,https://media.api-sports.io/football/players/128384.png,Midfielder,29.0,24.0,2121.0,7.58,1.0,7.0,24.0,10.0,2743.0,34.0,93.0,24.0,5.0,27.0,18.0,13.0,105.0,62.0,21.0,14.0,2.0,0.0
61,Ligue 1,2025,85,Paris Saint Germain,161671,I. Zabarnyi,Illia,Zabarnyi,23.0,Ukraine,189,80,https://media.api-sports.io/football/players/161671.png,Defender,28.0,26.0,2387.0,7.15,1.0,0.0,3.0,3.0,2212.0,4.0,94.0,32.0,12.0,20.0,6.0,3.0,132.0,77.0,8.0,18.0,6.0,0.0
61,Ligue 1,2025,85,Paris Saint Germain,161904,B. Barcola,Bradley,Barcola,23.0,France,182,73,https://media.api-sports.io/football/players/161904.png,Attacker,29.0,21.0,1750.0,7.21,11.0,1.0,50.0,31.0,721.0,38.0,83.0,30.0,1.0,12.0,87.0,36.0,202.0,86.0,10.0,20.0,2.0,0.0
61,Ligue 1,2025,85,Paris Saint Germain,162453,L. Chevalier,Lucas,Chevalier,24.0,France,189,78,https://media.api-sports.io/football/players/162453.png,Goalkeeper,17.0,17.0,1530.0,6.99,0.0,0.0,,,399.0,,87.0,,,,,,3.0,3.0,1.0,,0.0,0.0
61,Ligue 1,2025,85,Paris Saint Germain,263482,Nuno Mendes,Nuno Alexandre,Tavares Mendes,23.0,Portugal,180,70,https://media.api-sports.io/football/players/263482.png,Defender,20.0,13.0,1251.0,7.3,4.0,5.0,23.0,15.0,957.0,30.0,89.0,25.0,4.0,13.0,51.0,25.0,148.0,83.0,25.0,12.0,1.0,0.0
61,Ligue 1,2025,85,Paris Saint Germain,307835,Beraldo,Lucas,Lopes Beraldo,22.0,Brazil,186,78,https://media.api-sports.io/football/players/307835.png,Defender,20.0,18.0,1570.0,7.26,2.0,1.0,11.0,4.0,1430.0,14.0,93.0,31.0,8.0,21.0,3.0,,138.0,73.0,7.0,15.0,2.0,0.0
61,Ligue 1,2025,85,Paris Saint Germain,336657,W. Zaïre-Emery,Warren,Zaïre-Emery,19.0,France,178,68,https://media.api-sports.io/football/players/336657.png,Defender,32.0,27.0,2453.0,7,3.0,4.0,12.0,7.0,2059.0,42.0,93.0,48.0,7.0,12.0,48.0,30.0,219.0,112.0,17.0,33.0,3.0,0.0
61,Ligue 1,2025,85,Paris Saint Germain,343027,D. Doué,Désiré,Doué,20.0,France,181,79,https://media.api-sports.io/football/players/343027.png,Attacker,23.0,16.0,1356.0,7.14,7.0,4.0,39.0,19.0,849.0,29.0,85.0,32.0,2.0,12.0,72.0,32.0,200.0,93.0,28.0,24.0,0.0,0.0
61,Ligue 1,2025,85,Paris Saint Germain,446249,I. Mbaye,Ibrahim,Mbaye,17.0,France,185,65,https://media.api-sports.io/football/players/446249.png,Attacker,24.0,10.0,997.0,6.77,3.0,2.0,18.0,10.0,570.0,20.0,86.0,14.0,,5.0,55.0,21.0,127.0,53.0,13.0,10.0,0.0,0.0
61,Ligue 1,2025,84,Nice,107,S. Diop,Sofiane,Diop,25.0,France,175,65,https://media.api-sports.io/football/players/107.png,Midfielder,35.0,27.0,2252.0,6.92,8.0,3.0,38.0,17.0,921.0,38.0,78.0,24.0,3.0,21.0,68.0,33.0,250.0,113.0,47.0,23.0,5.0,0.0
61,Ligue 1,2025,84,Nice,4399,H. Boudaoui,Hicham,Boudaoui,26.0,Algeria,175,61,https://media.api-sports.io/football/players/4399.png,Midfielder,26.0,19.0,1705.0,6.8,1.0,2.0,16.0,9.0,700.0,17.0,83.0,27.0,9.0,17.0,31.0,15.0,178.0,95.0,40.0,20.0,6.0,0.0
61,Ligue 1,2025,84,Nice,19250,B. Brahimi,Billal,Brahimi,25.0,Algeria,183,75,https://media.api-sports.io/football/players/19250.png,Attacker,1.0,0.0,8.0,6.6,0.0,0.0,,,3.0,1.0,100.0,,,,,,,,,,0.0,0.0
61,Ligue 1,2025,84,Nice,20566,Y. Diouf,Yehvann,Diouf,26.0,France,188,74,https://media.api-sports.io/football/players/20566.png,Goalkeeper,28.0,28.0,2520.0,6.99,0.0,0.0,,,737.0,,71.0,,,2.0,1.0,1.0,17.0,12.0,5.0,,1.0,0.0
61,Ligue 1,2025,84,Nice,21079,M. Dupé,Maxime,Dupé,32.0,France,188,88,https://media.api-sports.io/football/players/21079.png,Goalkeeper,8.0,8.0,720.0,6.5,0.0,0.0,,,247.0,1.0,65.0,,,,,,3.0,3.0,1.0,,0.0,0.0
61,Ligue 1,2025,84,Nice,25008,J. Clauss,Jonathan,Clauss,33.0,France,178,69,https://media.api-sports.io/football/players/25008.png,Midfielder,32.0,30.0,2710.0,7,2.0,6.0,18.0,7.0,1323.0,70.0,80.0,67.0,6.0,48.0,46.0,27.0,227.0,122.0,18.0,22.0,0.0,0.0
61,Ligue 1,2025,84,Nice,30531,J. Boga,Jérémie,Boga,28.0,Côte d'Ivoire,172,68,https://media.api-sports.io/football/players/30531.png,Attacker,14.0,7.0,645.0,6.77,2.0,2.0,12.0,5.0,198.0,13.0,83.0,4.0,,3.0,26.0,13.0,53.0,29.0,12.0,2.0,0.0,0.0
61,Ligue 1,2025,84,Nice,69971,T. Moffi,Teremas Igobor,Moffi,26.0,Nigeria,188,87,https://media.api-sports.io/football/players/69971.png,Attacker,10.0,6.0,489.0,6.48,2.0,0.0,13.0,8.0,74.0,5.0,71.0,1.0,,,9.0,3.0,38.0,12.0,2.0,2.0,0.0,0.0
61,Ligue 1,2025,84,Nice,105154,I. Jansson,Isak Alexander,Jansson,23.0,Sweden,174,,https://media.api-sports.io/football/players/105154.png,Attacker,24.0,7.0,683.0,6.52,1.0,0.0,14.0,11.0,155.0,8.0,70.0,13.0,,6.0,12.0,4.0,81.0,29.0,8.0,12.0,3.0,0.0
61,Ligue 1,2025,84,Nice,128987,S. Abdul Samed,Salis Abdul,Samed,25.0,Ghana,179,69,https://media.api-sports.io/football/players/128987.png,Midfielder,19.0,12.0,933.0,6.49,0.0,0.0,1.0,,442.0,1.0,91.0,11.0,1.0,10.0,8.0,2.0,79.0,29.0,10.0,19.0,3.0,0.0
61,Ligue 1,2025,84,Nice,162465,M. Bard,Melvin Michel Maxence,Bard,25.0,France,173,65,https://media.api-sports.io/football/players/162465.png,Midfielder,31.0,28.0,2531.0,6.72,2.0,1.0,13.0,5.0,1207.0,16.0,80.0,55.0,14.0,42.0,30.0,19.0,241.0,135.0,28.0,26.0,4.0,0.0
61,Ligue 1,2025,84,Nice,193617,T. Louchet,Tom Alexis,Louchet,22.0,France,176,65,https://media.api-sports.io/football/players/193617.png,Midfielder,28.0,15.0,1467.0,6.79,3.0,3.0,13.0,6.0,572.0,22.0,78.0,39.0,4.0,10.0,28.0,12.0,139.0,72.0,13.0,16.0,1.0,1.0
61,Ligue 1,2025,84,Nice,313937,A. Mendy,Antoine,Mendy,21.0,France,187,75,https://media.api-sports.io/football/players/313937.png,Defender,27.0,26.0,2278.0,6.8,1.0,0.0,13.0,8.0,1307.0,1.0,85.0,59.0,19.0,19.0,17.0,6.0,260.0,156.0,26.0,34.0,5.0,0.0
61,Ligue 1,2025,84,Nice,334879,B. Bouanani,Badredine,Bouanani,21.0,Algeria,177,68,https://media.api-sports.io/football/players/334879.png,Attacker,2.0,1.0,93.0,6.7,0.0,0.0,1.0,,47.0,1.0,78.0,,,1.0,4.0,1.0,9.0,3.0,2.0,,0.0,0.0
61,Ligue 1,2025,84,Nice,404172,K. Peprah Oppong,Kojo,Peprah Oppong,21.0,Ghana,,,https://media.api-sports.io/football/players/404172.png,Defender,31.0,30.0,2608.0,6.82,1.0,0.0,7.0,3.0,1566.0,6.0,92.0,49.0,18.0,28.0,17.0,12.0,228.0,143.0,30.0,31.0,4.0,0.0
61,Ligue 1,2025,84,Nice,417914,H. Koutoune,Hamza,Koutoune,19.0,Morocco,177,,https://media.api-sports.io/football/players/417914.png,Defender,1.0,0.0,1.0,,0.0,0.0,,,5.0,,100.0,,,,,,,,,,0.0,0.0
61,Ligue 1,2025,84,Nice,449509,Abdulay Bah,Abdulai Juma,Bah,19.0,Sierra Leone,195,80,https://media.api-sports.io/football/players/449509.png,Defender,28.0,23.0,2063.0,6.79,0.0,0.0,7.0,2.0,1241.0,6.0,91.0,35.0,29.0,29.0,13.0,9.0,191.0,103.0,7.0,27.0,7.0,0.0
61,Ligue 1,2025,84,Nice,503702,Bernard Nguene,Bernard,Nguene,19.0,Cameroon,178,70,https://media.api-sports.io/football/players/503702.png,Attacker,6.0,0.0,133.0,6.47,0.0,0.0,3.0,,33.0,,75.0,4.0,,3.0,3.0,1.0,23.0,13.0,2.0,3.0,1.0,0.0
61,Ligue 1,2025,84,Nice,504157,D. Coulibaly,Djibril,Coulibaly,17.0,France,173,76,https://media.api-sports.io/football/players/504157.png,Midfielder,4.0,1.0,125.0,6.65,0.0,0.0,,,44.0,1.0,88.0,3.0,1.0,3.0,1.0,1.0,10.0,5.0,,2.0,0.0,0.0
61,Ligue 1,2025,96,Toulouse,102,D. Sidibé,Djibril,Sidibé,33.0,France,182,71,https://media.api-sports.io/football/players/102.png,Defender,33.0,26.0,2175.0,6.75,3.0,4.0,7.0,5.0,912.0,16.0,79.0,49.0,4.0,18.0,19.0,9.0,169.0,92.0,14.0,30.0,1.0,0.0
61,Ligue 1,2025,96,Toulouse,15793,R. Nicolaisen,Rasmus,Schmidt Nicolaisen,28.0,Denmark,191,81,https://media.api-sports.io/football/players/15793.png,Defender,33.0,31.0,2585.0,6.75,1.0,0.0,13.0,5.0,1224.0,2.0,86.0,25.0,22.0,43.0,3.0,3.0,198.0,123.0,21.0,29.0,4.0,0.0
61,Ligue 1,2025,96,Toulouse,39104,K. Haug,Christian Kjetil,Haug,27.0,Norway,190,83,https://media.api-sports.io/football/players/39104.png,Goalkeeper,1.0,0.0,30.0,6.3,0.0,0.0,,,11.0,,54.0,,,,,,,,,,0.0,0.0
61,Ligue 1,2025,96,Toulouse,39115,A. Dønnum,Aron Leonard,Dønnum,27.0,Norway,179,73,https://media.api-sports.io/football/players/39115.png,Midfielder,28.0,28.0,2424.0,7.21,4.0,4.0,29.0,14.0,1007.0,62.0,78.0,46.0,3.0,27.0,55.0,25.0,256.0,112.0,38.0,41.0,9.0,0.0
61,Ligue 1,2025,96,Toulouse,50735,M. McKenzie,Mark Irwin Robert Alexander,McKenzie,26.0,USA,184,83,https://media.api-sports.io/football/players/50735.png,Defender,30.0,28.0,2422.0,6.81,0.0,2.0,4.0,1.0,1166.0,19.0,86.0,45.0,13.0,24.0,7.0,6.0,181.0,101.0,12.0,35.0,7.0,1.0
61,Ligue 1,2025,96,Toulouse,84128,Y. Gboho,Gnantin Yann,Gboho,24.0,France,178,63,https://media.api-sports.io/football/players/84128.png,Attacker,32.0,31.0,2625.0,7.11,8.0,3.0,34.0,16.0,808.0,57.0,81.0,26.0,1.0,14.0,155.0,77.0,366.0,174.0,69.0,16.0,1.0,1.0
61,Ligue 1,2025,96,Toulouse,174724,F. Magri,Frank,Magri,26.0,France,178,75,https://media.api-sports.io/football/players/174724.png,Attacker,17.0,16.0,1264.0,6.74,5.0,1.0,25.0,12.0,203.0,14.0,73.0,8.0,1.0,3.0,22.0,10.0,191.0,78.0,22.0,28.0,3.0,0.0
61,Ligue 1,2025,96,Toulouse,264383,W. Kamanzi,Warren Håkon Christofer,Kamanzi,25.0,Norway,177,70,https://media.api-sports.io/football/players/264383.png,Defender,24.0,7.0,865.0,6.68,1.0,1.0,6.0,2.0,292.0,8.0,87.0,19.0,2.0,8.0,20.0,13.0,77.0,42.0,8.0,8.0,1.0,0.0
61,Ligue 1,2025,96,Toulouse,278392,C. Cresswell,Charlie Richard,Cresswell,23.0,England,187,74,https://media.api-sports.io/football/players/278392.png,Defender,29.0,28.0,2533.0,6.96,3.0,2.0,31.0,12.0,1409.0,11.0,85.0,26.0,30.0,28.0,1.0,1.0,296.0,171.0,15.0,31.0,8.0,0.0
61,Ligue 1,2025,96,Toulouse,304140,M. Sauer,Mário,Sauer,21.0,Slovakia,182,,https://media.api-sports.io/football/players/304140.png,Midfielder,25.0,6.0,683.0,6.58,1.0,0.0,8.0,3.0,240.0,3.0,77.0,11.0,2.0,10.0,7.0,3.0,53.0,24.0,3.0,12.0,4.0,0.0
61,Ligue 1,2025,96,Toulouse,325346,G. Restes,Guillaume,Restes,20.0,France,188,82,https://media.api-sports.io/football/players/325346.png,Goalkeeper,34.0,34.0,2957.0,6.81,0.0,0.0,,,828.0,1.0,66.0,,,1.0,,,14.0,12.0,8.0,,3.0,0.0
61,Ligue 1,2025,96,Toulouse,362741,S. Hidalgo,Santiago,Hidalgo Massa,20.0,Argentina,174,71,https://media.api-sports.io/football/players/362741.png,Attacker,29.0,15.0,1328.0,6.68,4.0,6.0,25.0,13.0,284.0,12.0,74.0,38.0,1.0,7.0,42.0,11.0,255.0,94.0,30.0,41.0,4.0,0.0
61,Ligue 1,2025,96,Toulouse,412759,J. Canvot,Jaydee,Canvot,19.0,France,188,75,https://media.api-sports.io/football/players/412759.png,Midfielder,2.0,2.0,180.0,7.1,0.0,0.0,2.0,,106.0,,91.0,2.0,2.0,,3.0,2.0,12.0,7.0,,1.0,1.0,0.0
61,Ligue 1,2025,96,Toulouse,430816,N. Edjouma,Noah,Edjouma,20.0,France,181,73,https://media.api-sports.io/football/players/430816.png,Attacker,12.0,2.0,267.0,6.58,0.0,0.0,5.0,3.0,63.0,6.0,69.0,5.0,,3.0,22.0,9.0,51.0,20.0,4.0,4.0,0.0,0.0
61,Ligue 1,2025,79,Lille,430816,N. Edjouma,Noah,Edjouma,20.0,France,181,73,https://media.api-sports.io/football/players/430816.png,Midfielder,3.0,1.0,98.0,6.53,0.0,0.0,1.0,,28.0,1.0,71.0,6.0,,,2.0,1.0,20.0,10.0,2.0,1.0,0.0,0.0
61,Ligue 1,2025,96,Toulouse,449543,T. Garondo,Thibaud-Dorian,Garondo,19.0,France,,,https://media.api-sports.io/football/players/449543.png,Defender,0.0,0.0,,,0.0,0.0,,,,,,,,,,,,,,,0.0,0.0
61,Ligue 1,2025,96,Toulouse,452697,D. Methalie,Dayann,Methalie,19.0,France,186,70,https://media.api-sports.io/football/players/452697.png,Midfielder,28.0,23.0,1899.0,6.53,2.0,1.0,12.0,7.0,475.0,9.0,79.0,54.0,3.0,25.0,79.0,28.0,263.0,105.0,11.0,57.0,9.0,0.0
61,Ligue 1,2025,96,Toulouse,489905,S. Koumbassa,Seny,Koumbassa,18.0,France,187,,https://media.api-sports.io/football/players/489905.png,Defender,10.0,5.0,458.0,6.64,1.0,0.0,3.0,1.0,167.0,,85.0,9.0,2.0,3.0,,,20.0,13.0,,2.0,0.0,0.0
61,Ligue 1,2025,96,Toulouse,492727,E. Faty,Enzo,Faty,18.0,France,,,https://media.api-sports.io/football/players/492727.png,Attacker,0.0,0.0,,,0.0,0.0,,,,,,,,,,,,,,,0.0,0.0
61,Ligue 1,2025,96,Toulouse,514464,A. Vossah,Alexis,Vossah,17.0,France,181,69,https://media.api-sports.io/football/players/514464.png,Midfielder,23.0,12.0,1093.0,6.43,1.0,1.0,6.0,2.0,374.0,7.0,80.0,11.0,2.0,8.0,6.0,4.0,85.0,41.0,10.0,18.0,5.0,1.0
61,Ligue 1,2025,96,Toulouse,551200,M. Saka,,,19.0,,,,https://media.api-sports.io/football/players/551200.png,Midfielder,1.0,0.0,8.0,6.3,0.0,0.0,,,5.0,,40.0,,,,,,1.0,,,1.0,0.0,0.0
61,Ligue 1,2025,94,Rennes,3007,P. Frankowski,Przemysław Adam,Frankowski,30.0,Poland,175,70,https://media.api-sports.io/football/players/3007.png,Defender,19.0,15.0,1215.0,6.96,1.0,2.0,6.0,3.0,652.0,31.0,82.0,40.0,1.0,8.0,7.0,4.0,105.0,61.0,10.0,13.0,5.0,0.0
61,Ligue 1,2025,94,Rennes,15286,Mousa Tamari,Mousa Mohammad Mousa,Sulaiman Al Tamari,28.0,Jordan,175,72,https://media.api-sports.io/football/players/15286.png,Attacker,33.0,25.0,2224.0,6.9,6.0,6.0,46.0,23.0,639.0,34.0,81.0,27.0,2.0,11.0,93.0,33.0,230.0,88.0,27.0,17.0,4.0,0.0
61,Ligue 1,2025,94,Rennes,20916,C. Wooh,Christopher Maurice,Wooh,24.0,Cameroon,191,92,https://media.api-sports.io/football/players/20916.png,Defender,2.0,1.0,64.0,5,0.0,0.0,,,19.0,,94.0,,,,1.0,1.0,2.0,1.0,,1.0,0.0,1.0
61,Ligue 1,2025,94,Rennes,21102,V. Rongier,Valentin,Rongier,31.0,France,172,67,https://media.api-sports.io/football/players/21102.png,Midfielder,31.0,31.0,2745.0,7.24,2.0,5.0,16.0,10.0,2042.0,44.0,89.0,74.0,10.0,39.0,34.0,19.0,283.0,150.0,26.0,48.0,6.0,0.0
61,Ligue 1,2025,94,Rennes,21497,L. Blas,Ludovic Régis,Arsène Blas,28.0,France,180,70,https://media.api-sports.io/football/players/21497.png,Midfielder,32.0,15.0,1548.0,6.86,5.0,4.0,30.0,14.0,648.0,48.0,83.0,21.0,2.0,17.0,53.0,27.0,194.0,81.0,27.0,24.0,0.0,0.0
61,Ligue 1,2025,94,Rennes,21628,B. Samba,Brice Lauriche,Samba,31.0,France,187,90,https://media.api-sports.io/football/players/21628.png,Goalkeeper,32.0,32.0,2880.0,6.96,0.0,0.0,,,1184.0,2.0,77.0,2.0,,,,,16.0,13.0,7.0,1.0,5.0,0.0
61,Ligue 1,2025,94,Rennes,24147,M. Camara,Mahdi,Camara,27.0,France,178,73,https://media.api-sports.io/football/players/24147.png,Midfielder,32.0,31.0,2660.0,6.67,3.0,1.0,23.0,12.0,1173.0,23.0,88.0,62.0,9.0,32.0,62.0,25.0,272.0,140.0,28.0,39.0,5.0,1.0
61,Ligue 1,2025,94,Rennes,30807,S. Fofana,Seko Mohamed,Fofana,30.0,Côte d'Ivoire,183,74,https://media.api-sports.io/football/players/30807.png,Midfielder,12.0,7.0,668.0,6.85,1.0,0.0,8.0,3.0,360.0,11.0,91.0,3.0,1.0,4.0,20.0,12.0,60.0,36.0,13.0,3.0,0.0,0.0
61,Ligue 1,2025,94,Rennes,50104,D. Alemdar,Doğan,Alemdar,23.0,Türkiye,192,78,https://media.api-sports.io/football/players/50104.png,Goalkeeper,0.0,0.0,,,0.0,0.0,,,,,,,,,,,,,,,0.0,0.0
61,Ligue 1,2025,94,Rennes,129681,A. Rouault,Anthony,Rouault,24.0,France,186,77,https://media.api-sports.io/football/players/129681.png,Defender,21.0,19.0,1724.0,7.06,1.0,0.0,6.0,3.0,1199.0,6.0,88.0,25.0,20.0,19.0,4.0,3.0,157.0,81.0,8.0,26.0,5.0,0.0
61,Ligue 1,2025,94,Rennes,163032,F. Rieder,Fabian,Rieder,23.0,Switzerland,179,74,https://media.api-sports.io/football/players/163032.png,Midfielder,3.0,2.0,139.0,6.3,0.0,0.0,1.0,,34.0,2.0,82.0,3.0,1.0,2.0,1.0,,18.0,5.0,1.0,2.0,0.0,0.0
61,Ligue 1,2025,94,Rennes,272460,Q. Merlin,Quentin,Merlin,23.0,France,174,68,https://media.api-sports.io/football/players/272460.png,Defender,33.0,27.0,2532.0,6.92,1.0,5.0,14.0,7.0,1350.0,47.0,78.0,56.0,12.0,35.0,32.0,16.0,218.0,114.0,30.0,22.0,2.0,0.0
61,Ligue 1,2025,94,Rennes,328074,J. James,Jordan Anthony,James,21.0,Wales,182,68,https://media.api-sports.io/football/players/328074.png,Midfielder,0.0,0.0,,,0.0,0.0,,,,,,,,,,,,,,,0.0,0.0
61,Ligue 1,2025,94,Rennes,367636,J. Jacquet,Jérémy,Jacquet,20.0,France,188,77,https://media.api-sports.io/football/players/367636.png,Defender,19.0,19.0,1673.0,7.03,0.0,0.0,8.0,3.0,1076.0,9.0,90.0,27.0,16.0,19.0,8.0,4.0,120.0,81.0,17.0,20.0,5.0,0.0
61,Ligue 1,2025,94,Rennes,375000,I. Salah,Ibrahim,Salah,24.0,Morocco,185,72,https://media.api-sports.io/football/players/375000.png,Attacker,2.0,0.0,40.0,6.45,0.0,0.0,,,22.0,,100.0,1.0,,,,,7.0,4.0,2.0,,0.0,0.0
61,Ligue 1,2025,94,Rennes,417830,A. Ait Boudlal,Abdelhamid,Aït Boudlal,19.0,Morocco,190,78,https://media.api-sports.io/football/players/417830.png,Defender,20.0,17.0,1415.0,6.88,2.0,1.0,12.0,4.0,820.0,1.0,88.0,22.0,17.0,19.0,18.0,10.0,142.0,80.0,10.0,14.0,3.0,1.0
61,Ligue 1,2025,94,Rennes,438281,M. Nagida,Mahamadou Aboubakar,Nagida,20.0,Cameroon,176,63,https://media.api-sports.io/football/players/438281.png,Defender,19.0,7.0,810.0,6.6,0.0,0.0,9.0,3.0,508.0,5.0,83.0,20.0,3.0,18.0,19.0,12.0,109.0,57.0,11.0,14.0,2.0,0.0
61,Ligue 1,2025,94,Rennes,449662,M. Meïté,Mohamed Kader,Meïté,18.0,France,191,76,https://media.api-sports.io/football/players/449662.png,Attacker,17.0,6.0,530.0,6.74,3.0,2.0,14.0,7.0,83.0,5.0,65.0,3.0,1.0,1.0,11.0,6.0,66.0,33.0,4.0,12.0,0.0,0.0
61,Ligue 1,2025,81,Marseille,6,L. Balerdi,Leonardo Julián,Balerdi Rosa,26.0,Argentina,187,76,https://media.api-sports.io/football/players/6.png,Defender,26.0,21.0,1998.0,6.91,0.0,1.0,17.0,5.0,1496.0,5.0,92.0,49.0,11.0,27.0,16.0,10.0,210.0,120.0,21.0,23.0,5.0,0.0
61,Ligue 1,2025,81,Marseille,272,A. Rabiot,Adrien Thibault Marie,Rabiot-Provost,30.0,France,188,72,https://media.api-sports.io/football/players/272.png,Midfielder,1.0,1.0,90.0,6.3,0.0,0.0,1.0,,41.0,4.0,95.0,,,,1.0,,5.0,1.0,1.0,2.0,1.0,0.0
61,Ligue 1,2025,81,Marseille,412,A. Harit,Amine,Harit,28.0,Morocco,180,67,https://media.api-sports.io/football/players/412.png,Midfielder,0.0,0.0,,,0.0,0.0,,,,,,,,,,,,,,,0.0,0.0
61,Ligue 1,2025,81,Marseille,896,A. Gomes,Adilson Angel,Abreu de Almeida Gomes,25.0,England,168,56,https://media.api-sports.io/football/players/896.png,Midfielder,14.0,12.0,892.0,6.87,3.0,0.0,9.0,5.0,582.0,18.0,90.0,10.0,,4.0,9.0,6.0,73.0,33.0,12.0,19.0,4.0,0.0
61,Ligue 1,2025,81,Marseille,897,M. Greenwood,Mason Will John,Greenwood,24.0,England,181,70,https://media.api-sports.io/football/players/897.png,Attacker,32.0,29.0,2469.0,7.37,16.0,7.0,86.0,48.0,1251.0,61.0,81.0,15.0,1.0,4.0,105.0,54.0,229.0,105.0,34.0,22.0,4.0,0.0
61,Ligue 1,2025,81,Marseille,926,G. Kondogbia,Geoffrey Edwin,Kondogbia,32.0,Central African Republic,188,80,https://media.api-sports.io/football/players/926.png,Defender,10.0,9.0,593.0,6.98,0.0,0.0,3.0,1.0,432.0,2.0,87.0,14.0,5.0,10.0,6.0,6.0,64.0,37.0,8.0,12.0,3.0,0.0
61,Ligue 1,2025,81,Marseille,943,U. Garcia,Ulisses Alexandre,Garcia Lopes,29.0,Switzerland,182,73,https://media.api-sports.io/football/players/943.png,Defender,4.0,2.0,211.0,6.33,0.0,0.0,2.0,1.0,84.0,1.0,91.0,3.0,2.0,,3.0,1.0,17.0,7.0,2.0,4.0,1.0,1.0
61,Ligue 1,2025,81,Marseille,1138,T. Weah,Timothy,Tarpeh Weah,25.0,USA,183,66,https://media.api-sports.io/football/players/1138.png,Attacker,29.0,26.0,2263.0,6.76,2.0,2.0,20.0,10.0,1019.0,29.0,85.0,48.0,4.0,17.0,38.0,15.0,188.0,96.0,18.0,32.0,5.0,0.0
61,Ligue 1,2025,81,Marseille,1465,P. Aubameyang,Pierre-Emerick Emiliano Franço,Aubameyang,36.0,Gabon,187,80,https://media.api-sports.io/football/players/1465.png,Attacker,30.0,23.0,2046.0,6.94,10.0,5.0,53.0,34.0,443.0,26.0,81.0,8.0,,5.0,20.0,11.0,121.0,48.0,16.0,19.0,1.0,0.0
61,Ligue 1,2025,81,Marseille,2735,P. Højbjerg,Pierre-Emile Kordt,Højbjerg,30.0,Denmark,185,84,https://media.api-sports.io/football/players/2735.png,Midfielder,32.0,30.0,2715.0,7.2,4.0,5.0,35.0,14.0,2230.0,42.0,89.0,38.0,6.0,27.0,31.0,17.0,250.0,130.0,45.0,38.0,4.0,0.0
61,Ligue 1,2025,81,Marseille,2973,A. Murillo,Michael Amir,Murillo Bermúdez,29.0,Panama,184,75,https://media.api-sports.io/football/players/2973.png,Midfielder,16.0,11.0,988.0,6.71,2.0,1.0,7.0,2.0,486.0,11.0,86.0,21.0,2.0,6.0,19.0,8.0,112.0,55.0,16.0,22.0,4.0,0.0
61,Ligue 1,2025,81,Marseille,36827,J. de Lange,Jeffrey,de Lange,27.0,Netherlands,191,80,https://media.api-sports.io/football/players/36827.png,Goalkeeper,5.0,5.0,450.0,6.64,0.0,0.0,,,137.0,1.0,81.0,,,,,,1.0,,,,0.0,0.0
61,Ligue 1,2025,81,Marseille,47296,G. Rulli,Gerónimo,Rulli,33.0,Argentina,189,84,https://media.api-sports.io/football/players/47296.png,Goalkeeper,29.0,29.0,2610.0,7.07,0.0,0.0,1.0,,890.0,1.0,80.0,2.0,,,1.0,1.0,30.0,26.0,14.0,1.0,3.0,0.0
61,Ligue 1,2025,81,Marseille,51295,D. Cornelius,Derek Austin,Cornelius,28.0,Canada,188,86,https://media.api-sports.io/football/players/51295.png,Defender,2.0,0.0,57.0,6.9,0.0,0.0,,,14.0,,85.0,,2.0,1.0,,,3.0,2.0,2.0,,0.0,0.0
61,Ligue 1,2025,81,Marseille,85041,A. Gouiri,Amine Ferid,Gouiri,25.0,France,180,72,https://media.api-sports.io/football/players/85041.png,Attacker,22.0,15.0,1328.0,6.96,8.0,3.0,27.0,17.0,412.0,32.0,83.0,12.0,1.0,3.0,48.0,19.0,142.0,55.0,16.0,17.0,1.0,0.0
61,Ligue 1,2025,81,Marseille,181827,C. Egan-Riley,Conrad Jaden,Egan-Riley,22.0,England,183,70,https://media.api-sports.io/football/players/181827.png,Defender,11.0,8.0,626.0,6.67,0.0,0.0,,,523.0,2.0,92.0,10.0,4.0,1.0,3.0,1.0,45.0,26.0,5.0,5.0,1.0,1.0
61,Ligue 1,2025,81,Marseille,278095,J. Rowe,Jonathan David Henry,Rowe,22.0,England,178,74,https://media.api-sports.io/football/players/278095.png,Attacker,1.0,1.0,63.0,6.2,0.0,0.0,4.0,,24.0,,79.0,,,1.0,1.0,,7.0,2.0,2.0,2.0,0.0,0.0
61,Ligue 1,2025,81,Marseille,283216,B. Nadir,Bilal,Nadir,22.0,France,172,65,https://media.api-sports.io/football/players/283216.png,Midfielder,20.0,5.0,596.0,6.59,0.0,4.0,4.0,1.0,371.0,12.0,90.0,17.0,1.0,7.0,6.0,4.0,77.0,27.0,4.0,24.0,5.0,0.0
61,Ligue 1,2025,81,Marseille,435482,R. Vaz,Robinio,Vaz,18.0,France,185,75,https://media.api-sports.io/football/players/435482.png,Attacker,14.0,3.0,393.0,6.78,4.0,2.0,8.0,6.0,70.0,6.0,77.0,5.0,,2.0,3.0,1.0,50.0,20.0,9.0,8.0,2.0,0.0
61,Ligue 1,2025,81,Marseille,455245,D. Bakola,Darryl,Bakola,18.0,France,178,70,https://media.api-sports.io/football/players/455245.png,Midfielder,8.0,0.0,90.0,6.47,0.0,0.0,2.0,1.0,44.0,1.0,84.0,2.0,,,2.0,1.0,19.0,8.0,4.0,4.0,0.0,0.0
61,Ligue 1,2025,79,Lille,264,T. Meunier,Thomas André A.,Meunier,34.0,Belgium,190,78,https://media.api-sports.io/football/players/264.png,Defender,25.0,21.0,1915.0,6.87,2.0,2.0,13.0,5.0,1026.0,18.0,82.0,31.0,2.0,16.0,20.0,12.0,135.0,63.0,3.0,29.0,3.0,0.0
61,Ligue 1,2025,79,Lille,1567,A. Mandi,Aïssa,Mandi,34.0,Algeria,184,78,https://media.api-sports.io/football/players/1567.png,Defender,29.0,28.0,2435.0,7.25,1.0,0.0,9.0,4.0,1902.0,10.0,91.0,33.0,15.0,44.0,6.0,4.0,143.0,96.0,17.0,17.0,8.0,0.0
61,Ligue 1,2025,111,Le Havre,2336,L. Négo,Loïc,Négo,34.0,Hungary,181,71,https://media.api-sports.io/football/players/2336.png,Defender,30.0,26.0,2347.0,6.81,0.0,0.0,13.0,3.0,987.0,14.0,77.0,52.0,8.0,33.0,26.0,13.0,172.0,102.0,18.0,18.0,3.0,0.0
61,Ligue 1,2025,112,Metz,20529,G. Hein,Gauthier,Hein,29.0,France,170,65,https://media.api-sports.io/football/players/20529.png,Midfielder,29.0,26.0,2354.0,6.99,8.0,7.0,26.0,13.0,1435.0,58.0,89.0,18.0,2.0,8.0,22.0,9.0,148.0,51.0,17.0,15.0,2.0,0.0
61,Ligue 1,2025,111,Le Havre,21103,A. Touré,Abdoulaye,Touré,31.0,France,188,84,https://media.api-sports.io/football/players/21103.png,Midfielder,11.0,8.0,741.0,6.91,2.0,0.0,8.0,4.0,297.0,3.0,87.0,12.0,4.0,9.0,9.0,3.0,72.0,39.0,17.0,13.0,2.0,0.0
61,Ligue 1,2025,116,Lens,21635,J. Gradit,Jonathan,Gradit,33.0,France,180,75,https://media.api-sports.io/football/players/21635.png,Defender,10.0,10.0,809.0,6.72,0.0,0.0,1.0,,473.0,2.0,91.0,17.0,9.0,16.0,5.0,3.0,76.0,43.0,9.0,15.0,2.0,1.0
61,Ligue 1,2025,81,Marseille,30525,Pol Lirola,Pol Mikel,Lirola Kosok,28.0,Spain,183,70,https://media.api-sports.io/football/players/30525.png,Defender,3.0,0.0,42.0,6.37,0.0,0.0,,,12.0,1.0,83.0,,,1.0,2.0,,12.0,5.0,2.0,1.0,0.0,0.0
61,Ligue 1,2025,79,Lille,48392,E. Zhegrova,Edon,Zhegrova,26.0,Kosovo,181,66,https://media.api-sports.io/football/players/48392.png,Midfielder,0.0,0.0,,,0.0,0.0,,,,,,,,,,,,,,,0.0,0.0
61,Ligue 1,2025,80,Lyon,61142,D. Greif,Dominik,Greif,28.0,Slovakia,197,82,https://media.api-sports.io/football/players/61142.png,Goalkeeper,29.0,29.0,2610.0,7.03,0.0,1.0,,,939.0,2.0,78.0,2.0,,,,,14.0,13.0,5.0,,1.0,0.0
61,Ligue 1,2025,81,Marseille,129672,T. Vermot,Théo,Vermot,28.0,France,190,75,https://media.api-sports.io/football/players/129672.png,Goalkeeper,0.0,0.0,,,0.0,0.0,,,,,,,,,,,,,,,0.0,0.0
61,Ligue 1,2025,91,Monaco,138835,F. Balogun,Folarin Jerry,Balogun,24.0,USA,178,66,https://media.api-sports.io/football/players/138835.png,Attacker,30.0,26.0,2245.0,6.77,13.0,4.0,60.0,32.0,406.0,24.0,73.0,5.0,2.0,4.0,33.0,14.0,220.0,80.0,37.0,43.0,4.0,1.0
61,Ligue 1,2025,94,Rennes,196187,A. Seidu,Alidu,Seidu,25.0,Ghana,173,68,https://media.api-sports.io/football/players/196187.png,Defender,21.0,13.0,1185.0,6.88,0.0,1.0,5.0,1.0,757.0,8.0,91.0,35.0,2.0,17.0,14.0,7.0,139.0,87.0,31.0,16.0,1.0,0.0
61,Ligue 1,2025,94,Rennes,237249,M. Faye,Mikayil Ngor,Faye,21.0,Senegal,186,81,https://media.api-sports.io/football/players/237249.png,Defender,1.0,0.0,12.0,6.6,0.0,0.0,,,9.0,,77.0,,,,,,1.0,1.0,,,0.0,0.0
61,Ligue 1,2025,116,Lens,277306,M. Sangaré,Mamadou,Sangaré,23.0,Mali,178,63,https://media.api-sports.io/football/players/277306.png,Midfielder,29.0,27.0,2327.0,7.12,3.0,4.0,34.0,14.0,1452.0,38.0,86.0,86.0,5.0,40.0,57.0,32.0,336.0,190.0,43.0,35.0,5.0,0.0
61,Ligue 1,2025,111,Le Havre,339416,A. Thiare,Aliou,Thiare,22.0,Senegal,197,,https://media.api-sports.io/football/players/339416.png,Defender,0.0,0.0,,,0.0,0.0,,,,,,,,,,,,,,,0.0,0.0
61,Ligue 1,2025,94,Rennes,361462,M. Silistrie,Mathys,Silistrie,20.0,France,,,https://media.api-sports.io/football/players/361462.png,Goalkeeper,2.0,2.0,180.0,6.4,0.0,0.0,,,57.0,,87.0,,,,,,,,,,0.0,0.0
61,Ligue 1,2025,112,Metz,384683,I. Guerti,Ismaël,Guerti,21.0,Morocco,178,,https://media.api-sports.io/football/players/384683.png,Midfielder,3.0,0.0,35.0,6.37,0.0,0.0,,,22.0,,86.0,2.0,,1.0,2.0,1.0,6.0,3.0,,,0.0,0.0
61,Ligue 1,2025,94,Rennes,399890,N. Mukiele,Nordan,Mukiele,19.0,France,,,https://media.api-sports.io/football/players/399890.png,Attacker,8.0,0.0,106.0,6.59,1.0,0.0,1.0,1.0,47.0,1.0,85.0,1.0,,,3.0,2.0,20.0,6.0,2.0,4.0,0.0,0.0
61,Ligue 1,2025,112,Metz,404588,C. Melieres,Cleo,Melieres,20.0,France,,,https://media.api-sports.io/football/players/404588.png,Defender,2.0,0.0,30.0,5.7,0.0,0.0,,,12.0,,91.0,,,,,,1.0,,,1.0,1.0,0.0
61,Ligue 1,2025,97,Lorient,437776,A. Faye,Abdoulaye,Faye,21.0,Senegal,,,https://media.api-sports.io/football/players/437776.png,Defender,17.0,16.0,1446.0,6.63,0.0,0.0,7.0,2.0,834.0,2.0,87.0,32.0,6.0,28.0,10.0,7.0,147.0,85.0,14.0,25.0,8.0,0.0
61,Ligue 1,2025,114,Paris FC,120,W. Geubbels,Willem Davnis Louis Didier,Geubbels,24.0,France,185,81,https://media.api-sports.io/football/players/120.png,Attacker,24.0,12.0,1019.0,6.56,5.0,0.0,26.0,9.0,209.0,7.0,69.0,3.0,3.0,6.0,7.0,1.0,116.0,38.0,3.0,19.0,0.0,0.0
61,Ligue 1,2025,114,Paris FC,1800,K. Trapp,Kevin Christian,Trapp,35.0,Germany,189,84,https://media.api-sports.io/football/players/1800.png,Goalkeeper,22.0,22.0,1980.0,6.93,0.0,0.0,,,813.0,,69.0,,,1.0,,,7.0,7.0,5.0,,2.0,0.0
61,Ligue 1,2025,114,Paris FC,8474,T. De Smet,Thibault,De Smet,27.0,Belgium,183,65,https://media.api-sports.io/football/players/8474.png,Defender,17.0,13.0,1147.0,6.48,0.0,1.0,3.0,,551.0,5.0,84.0,23.0,2.0,8.0,6.0,3.0,89.0,51.0,13.0,11.0,5.0,0.0
61,Ligue 1,2025,81,Marseille,19364,N. Maupay,Neal,Maupay,29.0,France,173,69,https://media.api-sports.io/football/players/19364.png,Attacker,1.0,0.0,1.0,,0.0,0.0,,,1.0,,100.0,,,,,,,,,,0.0,0.0
61,Ligue 1,2025,108,Auxerre,19625,D. Namaso,Daniel Namaso,Edi-Mesumbe Loader,25.0,England,182,77,https://media.api-sports.io/football/players/19625.png,Attacker,30.0,29.0,2525.0,6.67,3.0,3.0,40.0,17.0,703.0,32.0,84.0,35.0,2.0,10.0,86.0,33.0,403.0,161.0,47.0,64.0,9.0,0.0
61,Ligue 1,2025,96,Toulouse,50956,C. Cásseres,Cristian Sleiker,Cásseres Yepes Jr.,25.0,Venezuela,176,68,https://media.api-sports.io/football/players/50956.png,Midfielder,31.0,29.0,2516.0,7.14,2.0,3.0,18.0,6.0,1395.0,39.0,85.0,79.0,9.0,35.0,35.0,16.0,270.0,151.0,44.0,40.0,7.0,0.0
61,Ligue 1,2025,95,Strasbourg,129673,S. Bajić,Stefan,Bajić,24.0,France,191,84,https://media.api-sports.io/football/players/129673.png,Goalkeeper,0.0,0.0,,,0.0,0.0,,,,,,,,,,,,,,,0.0,0.0
61,Ligue 1,2025,95,Strasbourg,147835,A. Omobamidele,Andrew Abiola,Omobamidele,23.0,Republic of Ireland,188,78,https://media.api-sports.io/football/players/147835.png,Defender,25.0,13.0,1375.0,6.83,1.0,0.0,4.0,3.0,1181.0,,96.0,7.0,9.0,17.0,2.0,,71.0,45.0,10.0,13.0,4.0,0.0
61,Ligue 1,2025,84,Nice,188319,Kevin Carlos,Kevin Carlos,Omoruyi Benjamin,24.0,Spain,186,98,https://media.api-sports.io/football/players/188319.png,Attacker,24.0,9.0,901.0,6.4,0.0,0.0,13.0,7.0,167.0,3.0,69.0,2.0,1.0,1.0,8.0,2.0,132.0,50.0,17.0,29.0,3.0,0.0
61,Ligue 1,2025,114,Paris FC,266013,Otávio,Otávio,Ataide da Silva,23.0,Brazil,187,79,https://media.api-sports.io/football/players/266013.png,Defender,23.0,21.0,1908.0,6.89,1.0,0.0,8.0,3.0,1368.0,4.0,88.0,50.0,18.0,28.0,11.0,6.0,185.0,112.0,33.0,24.0,6.0,1.0
61,Ligue 1,2025,95,Strasbourg,271542,I. Doukouré,Ismaël,Landry Doukouré,22.0,France,183,76,https://media.api-sports.io/football/players/271542.png,Defender,25.0,25.0,2076.0,6.57,0.0,2.0,7.0,3.0,1479.0,7.0,91.0,20.0,12.0,23.0,15.0,12.0,133.0,78.0,17.0,21.0,4.0,2.0
61,Ligue 1,2025,85,Paris Saint Germain,335051,João Neves,João Pedro,Gonçalves Neves,21.0,Portugal,174,66,https://media.api-sports.io/football/players/335051.png,Midfielder,21.0,13.0,1287.0,7.16,5.0,1.0,19.0,6.0,1039.0,14.0,91.0,27.0,5.0,7.0,14.0,8.0,107.0,61.0,13.0,13.0,0.0,0.0
61,Ligue 1,2025,95,Strasbourg,335056,Diego Moreira,Diego Manuel Jadon,da Silva Moreira,21.0,Portugal,179,73,https://media.api-sports.io/football/players/335056.png,Attacker,27.0,23.0,2041.0,7.02,4.0,6.0,18.0,11.0,949.0,38.0,81.0,44.0,4.0,21.0,86.0,36.0,259.0,121.0,27.0,18.0,4.0,0.0
61,Ligue 1,2025,95,Strasbourg,345416,Rafael LuÃ­s,Rafael Filipe,Gonçalves Soares Luís,20.0,Portugal,188,83,https://media.api-sports.io/football/players/345416.png,Midfielder,12.0,6.0,585.0,6.59,0.0,1.0,3.0,3.0,385.0,6.0,88.0,18.0,,4.0,12.0,4.0,56.0,25.0,2.0,7.0,0.0,0.0
61,Ligue 1,2025,81,Marseille,449158,K. Abdallah,Keyliane,Hikram Abdallah,19.0,France,185,71,https://media.api-sports.io/football/players/449158.png,Attacker,0.0,0.0,,,0.0,0.0,,,,,,,,,,,,,,,0.0,0.0
61,Ligue 1,2025,96,Toulouse,457025,Julián Vignolo,Julián,Vignolo,19.0,Argentina,,,https://media.api-sports.io/football/players/457025.png,Attacker,13.0,1.0,207.0,6.71,2.0,0.0,7.0,7.0,41.0,7.0,60.0,3.0,,,6.0,3.0,20.0,7.0,1.0,3.0,0.0,0.0
61,Ligue 1,2025,77,Angers,486627,I. Garin,Ilann,Garin,19.0,France,,,https://media.api-sports.io/football/players/486627.png,Midfielder,0.0,0.0,,,0.0,0.0,,,,,,,,,,,,,,,0.0,0.0
61,Ligue 1,2025,85,Paris Saint Germain,493026,N. Kamara,Noham,Kamara,18.0,France,185,,https://media.api-sports.io/football/players/493026.png,Defender,0.0,0.0,,,0.0,0.0,,,,,,,,,,,,,,,0.0,0.0
61,Ligue 1,2025,80,Lyon,493026,N. Kamara,Noham,Kamara,18.0,France,185,,https://media.api-sports.io/football/players/493026.png,Defender,2.0,0.0,11.0,6.2,0.0,0.0,,,4.0,,100.0,,,,,,,,,,0.0,0.0
61,Ligue 1,2025,84,Nice,1914,M. Sanson,Morgan Stéphane,Sanson,31.0,France,180,73,https://media.api-sports.io/football/players/1914.png,Midfielder,33.0,22.0,1955.0,6.6,0.0,2.0,13.0,4.0,722.0,12.0,81.0,36.0,10.0,27.0,48.0,24.0,224.0,100.0,24.0,39.0,4.0,0.0
61,Ligue 1,2025,111,Le Havre,20521,T. Delaine,Thomas,Delaine,33.0,France,180,72,https://media.api-sports.io/football/players/20521.png,Defender,5.0,2.0,200.0,6.68,0.0,0.0,1.0,,122.0,3.0,73.0,2.0,,3.0,2.0,2.0,10.0,5.0,1.0,2.0,1.0,0.0
61,Ligue 1,2025,97,Lorient,23363,N. Cadiou,Noah,Cadiou,27.0,France,191,84,https://media.api-sports.io/football/players/23363.png,Midfielder,28.0,20.0,1881.0,6.91,3.0,1.0,16.0,9.0,1164.0,11.0,87.0,24.0,13.0,23.0,26.0,13.0,153.0,68.0,13.0,27.0,2.0,0.0
61,Ligue 1,2025,81,Marseille,31057,H. Traorè,Hamed Junior,Traorè,25.0,Côte d'Ivoire,184,77,https://media.api-sports.io/football/players/31057.png,Midfielder,13.0,7.0,619.0,6.68,2.0,1.0,11.0,6.0,224.0,10.0,83.0,9.0,2.0,4.0,21.0,10.0,75.0,39.0,11.0,8.0,1.0,0.0
61,Ligue 1,2025,91,Monaco,47480,M. Salisu,Mohammed,Salisu Abdul Karim,26.0,Ghana,191,82,https://media.api-sports.io/football/players/47480.png,Defender,12.0,12.0,1080.0,7.01,1.0,0.0,6.0,2.0,816.0,2.0,87.0,25.0,21.0,17.0,2.0,2.0,118.0,68.0,3.0,17.0,3.0,0.0
61,Ligue 1,2025,79,Lille,99576,O. Sahraoui,Osame,Sahraoui,24.0,Norway,170,65,https://media.api-sports.io/football/players/99576.png,Attacker,18.0,4.0,507.0,6.67,1.0,2.0,7.0,4.0,266.0,10.0,80.0,6.0,1.0,3.0,32.0,15.0,92.0,47.0,25.0,4.0,0.0,0.0
61,Ligue 1,2025,94,Rennes,126757,L. Brassier,Lilian,Brassier,26.0,France,186,78,https://media.api-sports.io/football/players/126757.png,Defender,27.0,25.0,2252.0,6.8,0.0,1.0,8.0,2.0,1574.0,13.0,85.0,30.0,23.0,38.0,15.0,7.0,166.0,95.0,21.0,27.0,2.0,0.0
61,Ligue 1,2025,106,Stade Brestois 29,128287,J. Chotard,Joris,Chotard,24.0,France,179,70,https://media.api-sports.io/football/players/128287.png,Midfielder,33.0,31.0,2777.0,6.93,2.0,1.0,18.0,8.0,1190.0,11.0,80.0,66.0,14.0,47.0,12.0,4.0,194.0,107.0,12.0,28.0,2.0,0.0
61,Ligue 1,2025,77,Angers,174973,M. Zinga,Melvin,Zinga,23.0,France,187,80,https://media.api-sports.io/football/players/174973.png,Goalkeeper,3.0,2.0,221.0,6.9,0.0,0.0,,,64.0,,64.0,1.0,,,,,2.0,2.0,,,0.0,0.0
61,Ligue 1,2025,108,Auxerre,275368,T. Negrel,Tom,Negrel,22.0,France,192,85,https://media.api-sports.io/football/players/275368.png,Goalkeeper,0.0,0.0,,,0.0,0.0,,,,,,,,,,,,,,,0.0,0.0
61,Ligue 1,2025,106,Stade Brestois 29,302868,D. Guindo,Daouda,Guindo,23.0,Mali,183,68,https://media.api-sports.io/football/players/302868.png,Defender,25.0,19.0,1700.0,6.46,1.0,1.0,16.0,5.0,675.0,9.0,78.0,37.0,8.0,30.0,9.0,4.0,122.0,68.0,15.0,26.0,4.0,1.0
61,Ligue 1,2025,79,Lille,306979,H. Igamane,Hamza,Igamane,23.0,Morocco,181,77,https://media.api-sports.io/football/players/306979.png,Attacker,13.0,4.0,428.0,6.94,5.0,1.0,18.0,9.0,127.0,4.0,74.0,7.0,,2.0,22.0,13.0,68.0,32.0,3.0,6.0,2.0,0.0
61,Ligue 1,2025,108,Auxerre,319919,O. El Azzouzi,Oussama,El Azzouzi,24.0,Morocco,189,82,https://media.api-sports.io/football/players/319919.png,Midfielder,11.0,10.0,813.0,6.88,1.0,0.0,4.0,1.0,386.0,9.0,90.0,19.0,3.0,16.0,18.0,6.0,89.0,42.0,7.0,18.0,1.0,1.0
61,Ligue 1,2025,112,Metz,363792,T. Yegbe,Terry,Yegbe,24.0,Ghana,195,88,https://media.api-sports.io/football/players/363792.png,Defender,24.0,22.0,1966.0,6.45,0.0,1.0,6.0,2.0,1153.0,5.0,88.0,15.0,19.0,23.0,3.0,2.0,88.0,44.0,8.0,19.0,3.0,0.0
61,Ligue 1,2025,95,Strasbourg,395762,M. Amougou,Mathis,Amougou,19.0,France,177,65,https://media.api-sports.io/football/players/395762.png,Midfielder,12.0,4.0,406.0,6.61,0.0,0.0,3.0,2.0,229.0,5.0,89.0,17.0,1.0,2.0,9.0,4.0,46.0,25.0,4.0,4.0,1.0,0.0
61,Ligue 1,2025,77,Angers,405074,J. Kalumba,Justin-Noël,Kalumba Mwana Ngongo,21.0,France,180,75,https://media.api-sports.io/football/players/405074.png,Attacker,4.0,3.0,225.0,6.55,0.0,0.0,,,75.0,4.0,76.0,6.0,,1.0,14.0,4.0,39.0,14.0,3.0,3.0,0.0,0.0
61,Ligue 1,2025,91,Monaco,419035,M. Coulibaly,Mamadou,Coulibaly,21.0,France,180,75,https://media.api-sports.io/football/players/419035.png,Midfielder,25.0,15.0,1382.0,6.78,3.0,3.0,9.0,5.0,683.0,12.0,85.0,37.0,2.0,19.0,35.0,15.0,184.0,81.0,16.0,31.0,7.0,1.0
61,Ligue 1,2025,80,Lyon,471106,E. Molébé,Enzo Anthony,Honoré Molébé,18.0,France,178,62,https://media.api-sports.io/football/players/471106.png,Attacker,1.0,0.0,9.0,6.2,0.0,0.0,,,5.0,,60.0,,,,,,1.0,,,,0.0,0.0
61,Ligue 1,2025,81,Marseille,495153,F. Camara,Fodé,Camara,18.0,France,,,https://media.api-sports.io/football/players/495153.png,Defender,0.0,0.0,,,0.0,0.0,,,,,,,,,,,,,,,0.0,0.0
61,Ligue 1,2025,108,Auxerre,496787,E. Legros,Elikya,Legros,17.0,France,,,https://media.api-sports.io/football/players/496787.png,Defender,0.0,0.0,,,0.0,0.0,,,,,,,,,,,,,,,0.0,0.0
61,Ligue 1,2025,79,Lille,375,C. Mbemba,Chancel,Mbemba Mangulu,31.0,Congo DR,182,81,https://media.api-sports.io/football/players/375.png,Defender,13.0,9.0,953.0,6.78,0.0,0.0,5.0,3.0,662.0,4.0,91.0,14.0,4.0,14.0,3.0,1.0,69.0,41.0,6.0,10.0,3.0,0.0
61,Ligue 1,2025,97,Lorient,1142,Y. Mvogo,Yvon Landry,Mvogo Nganoma,31.0,Switzerland,190,88,https://media.api-sports.io/football/players/1142.png,Goalkeeper,31.0,31.0,2790.0,7.01,0.0,0.0,,,1122.0,,77.0,1.0,,1.0,1.0,1.0,18.0,14.0,4.0,,0.0,0.0
61,Ligue 1,2025,81,Marseille,2284,Emerson,Emerson,Palmieri dos Santos,31.0,Italy,176,63,https://media.api-sports.io/football/players/2284.png,Defender,28.0,23.0,2124.0,6.93,0.0,3.0,9.0,2.0,1260.0,46.0,88.0,47.0,8.0,35.0,22.0,8.0,162.0,95.0,17.0,16.0,3.0,0.0
61,Ligue 1,2025,81,Marseille,2725,B. Pavard,Benjamin Jacques Marcel,Pavard,29.0,France,186,76,https://media.api-sports.io/football/players/2725.png,Defender,27.0,22.0,1952.0,6.8,1.0,2.0,8.0,3.0,1341.0,11.0,91.0,28.0,12.0,25.0,2.0,,141.0,86.0,15.0,22.0,6.0,0.0
61,Ligue 1,2025,81,Marseille,9363,Igor Paixão,Igor Guilherme,Barbosa da Paixão,25.0,Brazil,168,65,https://media.api-sports.io/football/players/9363.png,Attacker,30.0,22.0,1981.0,6.95,6.0,5.0,46.0,23.0,699.0,29.0,82.0,29.0,2.0,15.0,83.0,27.0,255.0,107.0,34.0,21.0,3.0,0.0
61,Ligue 1,2025,79,Lille,18765,André Gomes,André Filipe,Tavares Gomes,32.0,Portugal,188,84,https://media.api-sports.io/football/players/18765.png,Midfielder,2.0,0.0,14.0,6.9,0.0,0.0,,,7.0,,100.0,,,,3.0,3.0,7.0,3.0,,2.0,0.0,0.0
61,Ligue 1,2025,81,Marseille,19030,M. O&apos;Riley,Matthew Sean,O'Riley,25.0,Denmark,187,77,https://media.api-sports.io/football/players/19030.png,Midfielder,15.0,6.0,739.0,6.75,1.0,2.0,6.0,3.0,444.0,13.0,88.0,18.0,3.0,6.0,7.0,2.0,63.0,23.0,1.0,15.0,2.0,0.0
61,Ligue 1,2025,81,Marseille,21694,N. Aguerd,Nayef,Aguerd,29.0,Morocco,190,76,https://media.api-sports.io/football/players/21694.png,Defender,16.0,16.0,1399.0,7.17,1.0,0.0,6.0,1.0,1303.0,3.0,92.0,22.0,9.0,21.0,3.0,1.0,118.0,67.0,6.0,21.0,4.0,0.0
61,Ligue 1,2025,79,Lille,37151,C. Verdonk,Calvin Ronald,Verdonk,28.0,Netherlands,174,69,https://media.api-sports.io/football/players/37151.png,Defender,18.0,7.0,796.0,6.68,0.0,0.0,2.0,1.0,543.0,8.0,82.0,15.0,1.0,18.0,2.0,,57.0,31.0,3.0,14.0,3.0,1.0
61,Ligue 1,2025,106,Stade Brestois 29,90594,J. Dina Ebimbe,Éric Junior,Dina Ebimbe,25.0,France,183,76,https://media.api-sports.io/football/players/90594.png,Midfielder,27.0,15.0,1180.0,6.61,5.0,0.0,17.0,9.0,276.0,8.0,76.0,25.0,,6.0,17.0,3.0,134.0,52.0,15.0,22.0,3.0,0.0
61,Ligue 1,2025,96,Toulouse,118345,A. Francis,Abu,Francis,24.0,Ghana,182,65,https://media.api-sports.io/football/players/118345.png,Midfielder,8.0,7.0,532.0,6.73,0.0,0.0,2.0,,238.0,1.0,82.0,19.0,3.0,8.0,4.0,3.0,49.0,33.0,4.0,5.0,2.0,0.0
61,Ligue 1,2025,97,Lorient,193501,B. Meité,Abdoul Bamo,Meité,24.0,Côte d'Ivoire,183,75,https://media.api-sports.io/football/players/193501.png,Defender,25.0,22.0,1983.0,6.72,0.0,3.0,8.0,1.0,862.0,7.0,84.0,28.0,13.0,13.0,13.0,7.0,222.0,125.0,25.0,30.0,5.0,0.0
61,Ligue 1,2025,91,Monaco,274296,Y. Lienard,Yann François,Lienard,22.0,France,194,83,https://media.api-sports.io/football/players/274296.png,Goalkeeper,0.0,0.0,,,0.0,0.0,,,,,,,,,,,,,,,0.0,0.0
61,Ligue 1,2025,96,Toulouse,334952,R. Messali,Rafik,Messali,22.0,Algeria,177,74,https://media.api-sports.io/football/players/334952.png,Midfielder,12.0,5.0,500.0,6.76,0.0,0.0,,,177.0,3.0,75.0,10.0,2.0,12.0,11.0,4.0,56.0,29.0,9.0,11.0,2.0,0.0
61,Ligue 1,2025,81,Marseille,340154,A. Vermeeren,Arthur Denis,Vermeeren,20.0,Belgium,180,76,https://media.api-sports.io/football/players/340154.png,Midfielder,20.0,10.0,830.0,6.49,0.0,1.0,2.0,1.0,572.0,11.0,88.0,28.0,1.0,12.0,8.0,5.0,80.0,38.0,1.0,15.0,1.0,1.0
61,Ligue 1,2025,106,Stade Brestois 29,348052,N. Jauny,Noah,Jauny,21.0,France,194,70,https://media.api-sports.io/football/players/348052.png,Goalkeeper,0.0,0.0,,,0.0,0.0,,,,,,,,,,,,,,,0.0,0.0
61,Ligue 1,2025,106,Stade Brestois 29,375990,P. Mboup,Pathé,Mboup,22.0,Senegal,175,,https://media.api-sports.io/football/players/375990.png,Attacker,28.0,9.0,1069.0,6.5,1.0,0.0,20.0,10.0,244.0,9.0,79.0,20.0,2.0,11.0,75.0,32.0,224.0,81.0,19.0,34.0,6.0,0.0
61,Ligue 1,2025,79,Lille,379329,Tiago Santos,Tiago,Carvalho Santos,23.0,Portugal,175,67,https://media.api-sports.io/football/players/379329.png,Defender,15.0,8.0,727.0,6.65,0.0,0.0,6.0,,291.0,6.0,83.0,14.0,,6.0,17.0,3.0,90.0,41.0,21.0,13.0,0.0,0.0
61,Ligue 1,2025,79,Lille,386287,E. Mbappé,Ethan,Mbappé Lottin,19.0,France,176,70,https://media.api-sports.io/football/players/386287.png,Midfielder,18.0,4.0,568.0,6.85,3.0,1.0,10.0,7.0,237.0,15.0,82.0,14.0,,3.0,20.0,6.0,71.0,29.0,9.0,7.0,1.0,0.0
61,Ligue 1,2025,108,Auxerre,422689,A. Petit Dol,Alvin,Petit Dol,19.0,France,191,,https://media.api-sports.io/football/players/422689.png,Defender,0.0,0.0,,,0.0,0.0,,,,,,,,,,,,,,,0.0,0.0
61,Ligue 1,2025,94,Rennes,421,B. Embolo,Breel Donald,Embolo,28.0,Switzerland,187,84,https://media.api-sports.io/football/players/421.png,Attacker,31.0,20.0,1872.0,6.71,9.0,3.0,36.0,18.0,362.0,15.0,70.0,19.0,4.0,4.0,44.0,15.0,274.0,121.0,58.0,48.0,3.0,0.0
61,Ligue 1,2025,116,Lens,1135,O. Édouard,Odsonne,Édouard,27.0,France,187,83,https://media.api-sports.io/football/players/1135.png,Attacker,29.0,26.0,1818.0,6.9,12.0,3.0,49.0,31.0,288.0,20.0,80.0,10.0,4.0,3.0,40.0,16.0,191.0,69.0,17.0,21.0,1.0,0.0
61,Ligue 1,2025,94,Rennes,1754,G. Kamara,Glen,Adjei Kamara,30.0,Finland,181,78,https://media.api-sports.io/football/players/1754.png,Midfielder,4.0,0.0,63.0,6.55,0.0,0.0,,,57.0,,91.0,,,,,,5.0,4.0,2.0,,0.0,0.0
61,Ligue 1,2025,95,Strasbourg,2933,B. Chilwell,Benjamin James,Chilwell,29.0,England,178,77,https://media.api-sports.io/football/players/2933.png,Midfielder,20.0,19.0,1602.0,6.64,0.0,2.0,4.0,3.0,792.0,7.0,87.0,25.0,4.0,22.0,17.0,10.0,122.0,67.0,22.0,14.0,4.0,0.0
61,Ligue 1,2025,84,Nice,8680,C. Vanhoutte,Charles,Vanhoutte,27.0,Belgium,182,76,https://media.api-sports.io/football/players/8680.png,Midfielder,27.0,21.0,1864.0,6.82,0.0,2.0,3.0,1.0,1032.0,15.0,84.0,48.0,11.0,20.0,16.0,8.0,197.0,101.0,8.0,36.0,6.0,0.0
61,Ligue 1,2025,80,Lyon,18780,R. Ghezzal,Rachid,Ghezzal,33.0,Algeria,182,70,https://media.api-sports.io/football/players/18780.png,Attacker,10.0,2.0,219.0,6.39,0.0,0.0,1.0,1.0,107.0,1.0,81.0,7.0,,1.0,2.0,1.0,33.0,13.0,2.0,9.0,0.0,0.0
61,Ligue 1,2025,112,Metz,20535,H. Diallo,Mouhamadou Habibou,Diallo,30.0,Senegal,186,79,https://media.api-sports.io/football/players/20535.png,Attacker,25.0,21.0,1910.0,6.71,4.0,1.0,28.0,12.0,267.0,12.0,66.0,9.0,4.0,2.0,26.0,13.0,261.0,123.0,29.0,27.0,0.0,0.0
61,Ligue 1,2025,77,Angers,20692,H. Abdelli,Himad Said,Abdelli,26.0,Algeria,185,81,https://media.api-sports.io/football/players/20692.png,Midfielder,13.0,11.0,946.0,7.08,2.0,0.0,9.0,5.0,613.0,8.0,87.0,21.0,3.0,14.0,32.0,15.0,107.0,56.0,12.0,16.0,1.0,0.0
61,Ligue 1,2025,81,Marseille,20692,H. Abdelli,Himad Said,Abdelli,26.0,Algeria,185,81,https://media.api-sports.io/football/players/20692.png,Midfielder,8.0,1.0,150.0,6.49,0.0,0.0,2.0,1.0,96.0,1.0,88.0,3.0,,2.0,1.0,,12.0,4.0,,3.0,1.0,0.0
61,Ligue 1,2025,84,Nice,22163,Dante,Dante Bonfim,Costa Santos,42.0,Brazil,188,87,https://media.api-sports.io/football/players/22163.png,Defender,13.0,10.0,930.0,6.79,0.0,1.0,5.0,2.0,530.0,2.0,90.0,10.0,6.0,10.0,2.0,1.0,57.0,34.0,4.0,11.0,2.0,0.0
61,Ligue 1,2025,94,Rennes,30423,H. Hateboer,Hans,Hateboer,31.0,Netherlands,185,72,https://media.api-sports.io/football/players/30423.png,Midfielder,1.0,0.0,21.0,5.2,0.0,0.0,,,8.0,,100.0,,,,,,3.0,1.0,,2.0,0.0,0.0
61,Ligue 1,2025,80,Lyon,30423,H. Hateboer,Hans,Hateboer,31.0,Netherlands,185,72,https://media.api-sports.io/football/players/30423.png,Defender,15.0,8.0,752.0,6.32,0.0,0.0,5.0,1.0,359.0,1.0,86.0,12.0,3.0,10.0,2.0,1.0,47.0,23.0,3.0,8.0,0.0,1.0
61,Ligue 1,2025,111,Le Havre,145476,R. Khadra,Reda Jousef,Khadra,24.0,Germany,180,72,https://media.api-sports.io/football/players/145476.png,Midfielder,8.0,1.0,223.0,6.7,0.0,0.0,4.0,3.0,55.0,7.0,70.0,7.0,,,13.0,5.0,34.0,15.0,1.0,4.0,0.0,0.0
61,Ligue 1,2025,95,Strasbourg,162568,S. Coulibaly,Soumaïla,Coulibaly,22.0,France,191,73,https://media.api-sports.io/football/players/162568.png,Defender,0.0,0.0,,,0.0,0.0,,,,,,,,,,,,,,,0.0,0.0
61,Ligue 1,2025,106,Stade Brestois 29,162568,S. Coulibaly,Soumaïla,Coulibaly,22.0,France,191,73,https://media.api-sports.io/football/players/162568.png,Defender,16.0,15.0,1339.0,6.61,0.0,0.0,5.0,2.0,745.0,2.0,90.0,14.0,9.0,14.0,3.0,3.0,99.0,63.0,20.0,26.0,3.0,0.0
61,Ligue 1,2025,83,Nantes,266200,M. Lahdo,Mayckel,Lahdo,23.0,Sweden,171,76,https://media.api-sports.io/football/players/266200.png,Attacker,8.0,5.0,418.0,6.56,1.0,1.0,2.0,1.0,100.0,5.0,86.0,5.0,,,12.0,6.0,44.0,18.0,6.0,5.0,0.0,0.0
61,Ligue 1,2025,116,Lens,277191,A. Sima,Abdallah Dipo,Sima,24.0,Senegal,188,79,https://media.api-sports.io/football/players/277191.png,Attacker,21.0,6.0,718.0,6.63,2.0,2.0,23.0,9.0,241.0,10.0,76.0,7.0,,2.0,11.0,4.0,100.0,46.0,14.0,14.0,3.0,0.0
61,Ligue 1,2025,97,Lorient,284072,B. Dieng,Cheikh Ahmadou Bamba,Mbacké Dieng,25.0,Senegal,178,72,https://media.api-sports.io/football/players/284072.png,Attacker,22.0,15.0,1220.0,6.81,10.0,1.0,41.0,24.0,191.0,11.0,76.0,7.0,1.0,3.0,16.0,6.0,127.0,54.0,13.0,15.0,3.0,0.0
61,Ligue 1,2025,95,Strasbourg,359386,M. Godo,Becket Fabrice-Martial,Godo,22.0,England,169,61,https://media.api-sports.io/football/players/359386.png,Attacker,28.0,18.0,1613.0,6.93,10.0,1.0,31.0,17.0,441.0,24.0,82.0,16.0,1.0,14.0,54.0,24.0,160.0,76.0,32.0,15.0,2.0,0.0
61,Ligue 1,2025,85,Paris Saint Germain,409216,Senny Mayulu,Senny,Mayulu,19.0,France,183,69,https://media.api-sports.io/football/players/409216.png,Midfielder,26.0,21.0,1681.0,6.8,4.0,4.0,29.0,11.0,767.0,39.0,89.0,48.0,1.0,11.0,41.0,16.0,192.0,92.0,20.0,26.0,2.0,0.0
61,Ligue 1,2025,97,Lorient,434785,M. Bley,Martin,Nogoto Bley,19.0,Burkina Faso,,,https://media.api-sports.io/football/players/434785.png,Midfielder,1.0,0.0,1.0,,0.0,0.0,,,,,,,,,1.0,,1.0,,,,0.0,0.0
61,Ligue 1,2025,83,Nantes,443755,B. Deuff,Bahmed,Deuff,19.0,France,,,https://media.api-sports.io/football/players/443755.png,Midfielder,11.0,1.0,245.0,6.55,0.0,0.0,7.0,3.0,67.0,1.0,83.0,5.0,3.0,2.0,6.0,2.0,40.0,17.0,3.0,6.0,1.0,0.0
61,Ligue 1,2025,95,Strasbourg,529246,Ogbonna Chizurum,,,18.0,,,,https://media.api-sports.io/football/players/529246.png,Attacker,0.0,0.0,,,0.0,0.0,,,,,,,,,,,,,,,0.0,0.0
61,Ligue 1,2025,91,Monaco,81,K. Diatta,Krépin,Diatta,26.0,Senegal,175,68,https://media.api-sports.io/football/players/81.png,Midfielder,18.0,10.0,1026.0,6.9,0.0,1.0,5.0,1.0,458.0,13.0,78.0,31.0,3.0,16.0,9.0,6.0,107.0,73.0,10.0,8.0,2.0,0.0
61,Ligue 1,2025,112,Metz,105,F. Ballo-Touré,Fodé,Ballo-Touré,28.0,Senegal,182,70,https://media.api-sports.io/football/players/105.png,Midfielder,13.0,11.0,843.0,6.49,0.0,0.0,4.0,1.0,343.0,4.0,90.0,21.0,,5.0,20.0,13.0,97.0,57.0,18.0,13.0,2.0,0.0
61,Ligue 1,2025,114,Paris FC,2202,H. Traoré,Hamari,Traoré,33.0,Mali,175,64,https://media.api-sports.io/football/players/2202.png,Defender,18.0,14.0,1158.0,6.63,0.0,1.0,1.0,,602.0,9.0,83.0,30.0,1.0,17.0,3.0,1.0,98.0,54.0,6.0,21.0,4.0,0.0
61,Ligue 1,2025,83,Nantes,66013,U. Radaković,Uroš,Radaković,31.0,Serbia,194,89,https://media.api-sports.io/football/players/66013.png,Defender,6.0,1.0,112.0,6.54,0.0,0.0,,,24.0,1.0,62.0,2.0,2.0,3.0,,,12.0,5.0,,2.0,0.0,0.0
61,Ligue 1,2025,91,Monaco,135775,Ansu Fati,Anssumane,Fati Vieira,23.0,Spain,178,66,https://media.api-sports.io/football/players/135775.png,Attacker,25.0,10.0,1086.0,6.82,11.0,0.0,33.0,24.0,427.0,15.0,82.0,15.0,,4.0,29.0,14.0,110.0,49.0,6.0,9.0,1.0,0.0
61,Ligue 1,2025,95,Strasbourg,161747,G. Doué,Guéla Maho Lewis,Doué,23.0,Côte d'Ivoire,187,84,https://media.api-sports.io/football/players/161747.png,Defender,24.0,23.0,2063.0,6.92,2.0,6.0,9.0,5.0,1248.0,19.0,87.0,50.0,9.0,27.0,33.0,18.0,282.0,150.0,24.0,42.0,3.0,0.0
61,Ligue 1,2025,84,Nice,274312,M. Cho,Mohamed-Ali,Cho,21.0,France,181,66,https://media.api-sports.io/football/players/274312.png,Attacker,26.0,22.0,1789.0,6.78,4.0,3.0,25.0,14.0,483.0,24.0,79.0,16.0,2.0,4.0,55.0,18.0,224.0,83.0,33.0,14.0,1.0,0.0
61,Ligue 1,2025,96,Toulouse,321648,Emersonn,Emersonn,Correia da Silva,21.0,Brazil,186,72,https://media.api-sports.io/football/players/321648.png,Attacker,28.0,19.0,1521.0,6.55,6.0,2.0,42.0,19.0,249.0,18.0,75.0,20.0,1.0,7.0,35.0,10.0,266.0,103.0,10.0,41.0,5.0,1.0
61,Ligue 1,2025,91,Monaco,340152,S. Idumbo-Muzambo,Stanis,Idumbo-Muzambo,20.0,Belgium,170,60,https://media.api-sports.io/football/players/340152.png,Midfielder,8.0,0.0,164.0,6.73,1.0,1.0,4.0,2.0,51.0,3.0,90.0,3.0,,,4.0,1.0,16.0,7.0,2.0,3.0,0.0,0.0
61,Ligue 1,2025,111,Le Havre,344165,D. Pizarro,Damián Nicolás,Pizarro Huenuqueo,20.0,Chile,187,85,https://media.api-sports.io/football/players/344165.png,Attacker,2.0,0.0,26.0,6.4,0.0,0.0,,,3.0,,66.0,,,,,,4.0,1.0,1.0,1.0,0.0,0.0
61,Ligue 1,2025,80,Lyon,353482,T. Barišić,Téo,Barišić,21.0,Croatia,185,67,https://media.api-sports.io/football/players/353482.png,Defender,0.0,0.0,,,0.0,0.0,,,,,,,,,,,,,,,0.0,0.0
61,Ligue 1,2025,108,Auxerre,381123,R. Rodin,Ryan,Rodin,19.0,France,,,https://media.api-sports.io/football/players/381123.png,Attacker,3.0,0.0,34.0,6.27,0.0,0.0,,,4.0,,100.0,,,,,,3.0,,,,0.0,0.0
61,Ligue 1,2025,96,Toulouse,385351,N. Lahmadi,Noah,Lahmadi,20.0,France,178,74,https://media.api-sports.io/football/players/385351.png,Midfielder,0.0,0.0,,,0.0,0.0,,,,,,,,,,,,,,,0.0,0.0
61,Ligue 1,2025,84,Nice,407017,M. Lumpungu,Moïse Bombito,Lumpungu,25.0,Canada,190,83,https://media.api-sports.io/football/players/407017.png,Defender,2.0,2.0,146.0,6.55,0.0,0.0,,,64.0,,84.0,2.0,3.0,2.0,,,15.0,9.0,1.0,3.0,1.0,0.0
61,Ligue 1,2025,111,Le Havre,437349,E. Koffi Vinette,Enzo,Koffi Vinette,19.0,France,,,https://media.api-sports.io/football/players/437349.png,Attacker,14.0,4.0,387.0,6.51,0.0,0.0,4.0,2.0,151.0,4.0,72.0,15.0,,9.0,18.0,8.0,78.0,39.0,10.0,12.0,2.0,0.0
61,Ligue 1,2025,97,Lorient,486028,I. Monnier,Isaac,Monnier,19.0,France,,,https://media.api-sports.io/football/players/486028.png,Defender,0.0,0.0,,,0.0,0.0,,,,,,,,,,,,,,,0.0,0.0
61,Ligue 1,2025,79,Lille,551417,T. Sajous,,,17.0,,,,https://media.api-sports.io/football/players/551417.png,Goalkeeper,0.0,0.0,,,0.0,0.0,,,,,,,,,,,,,,,0.0,0.0
61,Ligue 1,2025,84,Nice,662,T. Ndombélé,Tanguy,Ndombélé Alvaro,29.0,France,181,76,https://media.api-sports.io/football/players/662.png,Midfielder,8.0,3.0,279.0,6.7,0.0,1.0,3.0,1.0,77.0,5.0,90.0,3.0,,1.0,5.0,1.0,22.0,11.0,7.0,1.0,0.0,0.0
61,Ligue 1,2025,106,Stade Brestois 29,664,L. Tousart,Lucas Simon Pierre,Tousart,28.0,France,185,83,https://media.api-sports.io/football/players/664.png,Midfielder,24.0,9.0,857.0,6.62,1.0,0.0,8.0,3.0,269.0,4.0,81.0,29.0,2.0,8.0,4.0,3.0,115.0,56.0,5.0,21.0,0.0,0.0
61,Ligue 1,2025,112,Metz,19323,J. Asoro,Joel Joshoghene,Asoro,26.0,Sweden,175,75,https://media.api-sports.io/football/players/19323.png,Attacker,8.0,2.0,233.0,6.37,0.0,0.0,3.0,1.0,37.0,1.0,56.0,,,,4.0,1.0,24.0,5.0,1.0,2.0,0.0,0.0
61,Ligue 1,2025,95,Strasbourg,70747,J. Enciso,Julio César,Enciso Espínola,21.0,Paraguay,173,64,https://media.api-sports.io/football/players/70747.png,Midfielder,27.0,22.0,1892.0,7.06,3.0,6.0,43.0,22.0,636.0,29.0,83.0,21.0,1.0,7.0,96.0,54.0,246.0,118.0,31.0,20.0,2.0,0.0
61,Ligue 1,2025,108,Auxerre,162466,S. Diomandé,Sinaly,Diomandé,24.0,Côte d'Ivoire,184,74,https://media.api-sports.io/football/players/162466.png,Defender,24.0,24.0,2134.0,6.93,2.0,2.0,7.0,4.0,953.0,4.0,86.0,33.0,14.0,31.0,9.0,5.0,167.0,99.0,26.0,31.0,3.0,0.0
61,Ligue 1,2025,77,Angers,191289,A. Sbaï,Mohamed Amine,Sbaï,25.0,France,175,72,https://media.api-sports.io/football/players/191289.png,Midfielder,25.0,23.0,1834.0,6.73,3.0,1.0,23.0,16.0,578.0,29.0,72.0,20.0,,7.0,99.0,37.0,228.0,84.0,24.0,15.0,2.0,0.0
61,Ligue 1,2025,97,Lorient,214310,N. Adjei,Nathaniel,Adjei,23.0,Ghana,191,,https://media.api-sports.io/football/players/214310.png,Defender,15.0,9.0,840.0,6.6,0.0,0.0,4.0,2.0,389.0,1.0,91.0,11.0,2.0,8.0,2.0,1.0,59.0,30.0,6.0,8.0,0.0,0.0
61,Ligue 1,2025,116,Lens,237191,J. Chávez,Jhoanner Stalin,Chávez Quintero,23.0,Ecuador,182,77,https://media.api-sports.io/football/players/237191.png,Defender,0.0,0.0,,,0.0,0.0,,,,,,,,,,,,,,,0.0,0.0
61,Ligue 1,2025,95,Strasbourg,364810,A. Sylla,Loubadhe Abakar,Sylla,23.0,Côte d'Ivoire,188,78,https://media.api-sports.io/football/players/364810.png,Defender,1.0,0.0,1.0,,0.0,0.0,,,1.0,,100.0,,,,,,,,,,0.0,0.0
61,Ligue 1,2025,83,Nantes,364810,A. Sylla,Loubadhe Abakar,Sylla,23.0,Côte d'Ivoire,188,78,https://media.api-sports.io/football/players/364810.png,Defender,2.0,1.0,64.0,6.05,0.0,0.0,2.0,,47.0,,85.0,,,,,,10.0,5.0,,2.0,0.0,0.0
61,Ligue 1,2025,91,Monaco,399893,B. Kiwa,Bradel,Kiwa,19.0,France,191 cm,90 kg,https://media.api-sports.io/football/players/399893.png,Defender,0.0,0.0,,,0.0,0.0,,,,,,,,,,,,,,,0.0,0.0
61,Ligue 1,2025,96,Toulouse,400920,F. Efuele Ngoyala,Frédéric,Efuele Ngoyala,20.0,France,,,https://media.api-sports.io/football/players/400920.png,Defender,0.0,0.0,,,0.0,0.0,,,,,,,,,,,,,,,0.0,0.0
61,Ligue 1,2025,85,Paris Saint Germain,471107,Quentin Ndjantou Mbitcha,Quentin,Ndjantou Mbitcha,18.0,France,,,https://media.api-sports.io/football/players/471107.png,Attacker,10.0,3.0,354.0,6.64,1.0,1.0,7.0,3.0,198.0,5.0,84.0,2.0,1.0,2.0,10.0,6.0,32.0,10.0,2.0,7.0,1.0,0.0
61,Ligue 1,2025,91,Monaco,483126,M. Oyatambwe,Matthias,Wamu Oyatambwe,17.0,Belgium,,,https://media.api-sports.io/football/players/483126.png,Midfielder,0.0,0.0,,,0.0,0.0,,,,,,,,,,,,,,,0.0,0.0
61,Ligue 1,2025,85,Paris Saint Germain,493032,W. Slama,Wassim,Slama,17.0,France,,,https://media.api-sports.io/football/players/493032.png,Midfielder,0.0,0.0,,,0.0,0.0,,,,,,,,,,,,,,,0.0,0.0
61,Ligue 1,2025,111,Le Havre,513415,Stephan Zagadou,Stephan,Zagadou,17.0,France,,,https://media.api-sports.io/football/players/513415.png,Defender,8.0,6.0,504.0,6.78,1.0,0.0,1.0,1.0,201.0,2.0,89.0,11.0,8.0,2.0,3.0,2.0,41.0,21.0,1.0,7.0,0.0,1.0
61,Ligue 1,2025,108,Auxerre,551415,T. Devernois,,,18.0,,,,https://media.api-sports.io/football/players/551415.png,Midfielder,2.0,0.0,18.0,6.45,0.0,0.0,,,10.0,2.0,60.0,,,,,,,,,,0.0,0.0
61,Ligue 1,2025,85,Paris Saint Germain,551416,Y. Khafi,,,19.0,,,,https://media.api-sports.io/football/players/551416.png,Midfielder,0.0,0.0,,,0.0,0.0,,,,,,,,,,,,,,,0.0,0.0
61,Ligue 1,2025,106,Stade Brestois 29,554352,Ibrahim Yayiya Kante,,,18.0,,,,https://media.api-sports.io/football/players/554352.png,Attacker,1.0,0.0,8.0,6.3,0.0,0.0,,,3.0,,100.0,,,,2.0,1.0,2.0,1.0,,,0.0,0.0
61,Ligue 1,2025,83,Nantes,554353,Sacha Ziani,,,22.0,,,,https://media.api-sports.io/football/players/554353.png,Midfielder,0.0,0.0,,,0.0,0.0,,,,,,,,,,,,,,,0.0,0.0
61,Ligue 1,2025,94,Rennes,562237,Ayoube Akabou,,,18.0,,,,https://media.api-sports.io/football/players/562237.png,Goalkeeper,0.0,0.0,,,0.0,0.0,,,,,,,,,,,,,,,0.0,0.0
61,Ligue 1,2025,83,Nantes,20654,F. Centonze,Fabien,Centonze,29.0,France,182,75,https://media.api-sports.io/football/players/20654.png,Defender,15.0,9.0,765.0,6.87,3.0,0.0,6.0,3.0,199.0,4.0,75.0,31.0,2.0,23.0,15.0,4.0,96.0,53.0,8.0,13.0,4.0,0.0
61,Ligue 1,2025,91,Monaco,343319,L. Michal,Lucas,Michal,20.0,France,172,61,https://media.api-sports.io/football/players/343319.png,Attacker,2.0,0.0,58.0,6.4,0.0,0.0,1.0,,26.0,,88.0,,,,1.0,1.0,9.0,4.0,1.0,2.0,0.0,0.0
61,Ligue 1,2025,112,Metz,343319,L. Michal,Lucas,Michal,20.0,France,172,61,https://media.api-sports.io/football/players/343319.png,Midfielder,9.0,2.0,219.0,6.31,0.0,0.0,6.0,2.0,65.0,2.0,84.0,,,,5.0,2.0,27.0,7.0,2.0,3.0,1.0,0.0
61,Ligue 1,2025,114,Paris FC,362284,K. Prouchet,Killian,Prouchet,20.0,France,,,https://media.api-sports.io/football/players/362284.png,Defender,0.0,0.0,,,0.0,0.0,,,,,,,,,,,,,,,0.0,0.0
61,Ligue 1,2025,77,Angers,419595,Dan Sinaté,Dan,Sinaté,19.0,France,,,https://media.api-sports.io/football/players/419595.png,Midfielder,3.0,0.0,31.0,6.25,0.0,0.0,1.0,,17.0,,88.0,,,,3.0,2.0,5.0,2.0,,,0.0,0.0
61,Ligue 1,2025,116,Lens,437143,A. Delplace,Adam,Delplace,19.0,France,180 cm,78 kg,https://media.api-sports.io/football/players/437143.png,Goalkeeper,0.0,0.0,,,0.0,0.0,,,,,,,,,,,,,,,0.0,0.0
61,Ligue 1,2025,112,Metz,456867,Yannis Lawson,Yannis,Lawson,21.0,Belgium,178,,https://media.api-sports.io/football/players/456867.png,Defender,0.0,0.0,,,0.0,0.0,,,,,,,,,,,,,,,0.0,0.0
61,Ligue 1,2025,80,Lyon,497080,M. Da Silva,Matthias,Da Silva,18.0,France,,,https://media.api-sports.io/football/players/497080.png,Goalkeeper,0.0,0.0,,,0.0,0.0,,,,,,,,,,,,,,,0.0,0.0
61,Ligue 1,2025,81,Marseille,562661,T. Mmadi,,,18.0,,,,https://media.api-sports.io/football/players/562661.png,Midfielder,3.0,0.0,46.0,6.33,0.0,0.0,1.0,,23.0,1.0,82.0,1.0,,2.0,3.0,1.0,10.0,3.0,,2.0,0.0,0.0
61,Ligue 1,2025,81,Marseille,568242,P. N'Zinga Pambani,,,18.0,,,,https://media.api-sports.io/football/players/568242.png,Defender,0.0,0.0,,,0.0,0.0,,,,,,,,,,,,,,,0.0,0.0
61,Ligue 1,2025,112,Metz,570580,B. Munongo,,,15.0,,,,https://media.api-sports.io/football/players/570580.png,Midfielder,11.0,5.0,428.0,6.58,0.0,0.0,4.0,1.0,200.0,3.0,84.0,11.0,1.0,6.0,6.0,3.0,63.0,27.0,2.0,17.0,1.0,0.0
61,Ligue 1,2025,94,Rennes,585073,L. Rosier,,,18.0,,,,https://media.api-sports.io/football/players/585073.png,Attacker,2.0,0.0,2.0,,0.0,0.0,,,,,,,,,,,1.0,,,,0.0,0.0
61,Ligue 1,2025,94,Rennes,601332,Kilian Belazzoug,,,19.0,,,,https://media.api-sports.io/football/players/601332.png,Goalkeeper,0.0,0.0,,,0.0,0.0,,,,,,,,,,,,,,,0.0,0.0
61,Ligue 1,2025,84,Nice,611321,Brad-Hamilton Mantsounga,,,18.0,,,,https://media.api-sports.io/football/players/611321.png,Defender,1.0,1.0,90.0,7,0.0,0.0,,,86.0,,98.0,6.0,3.0,,,,9.0,8.0,2.0,,0.0,0.0
61,Ligue 1,2025,112,Metz,613214,Romain Jean-Baptiste,,,19.0,,,,https://media.api-sports.io/football/players/613214.png,Goalkeeper,0.0,0.0,,,0.0,0.0,,,,,,,,,,,,,,,0.0,0.0
61,Ligue 1,2025,112,Metz,613215,Moustapha Diop,,,,,,,https://media.api-sports.io/football/players/613215.png,Defender,0.0,0.0,,,0.0,0.0,,,,,,,,,,,,,,,0.0,0.0
61,Ligue 1,2025,108,Auxerre,613216,Y. Zaddy,,,19.0,,,,https://media.api-sports.io/football/players/613216.png,Attacker,1.0,0.0,1.0,,0.0,0.0,,,3.0,,100.0,,,,,,,,,,0.0,0.0
61,Ligue 1,2025,91,Monaco,904,P. Pogba,Paul Labile,Pogba,32.0,France,191,84,https://media.api-sports.io/football/players/904.png,Midfielder,6.0,1.0,133.0,6.75,0.0,0.0,1.0,,106.0,,83.0,4.0,,1.0,1.0,,15.0,10.0,1.0,2.0,0.0,0.0
61,Ligue 1,2025,80,Lyon,24882,O. Mangala,Orel Johnson,Mangala,27.0,Belgium,178,80,https://media.api-sports.io/football/players/24882.png,Midfielder,9.0,5.0,426.0,6.57,0.0,0.0,3.0,1.0,222.0,5.0,90.0,6.0,2.0,7.0,8.0,5.0,35.0,18.0,5.0,8.0,0.0,0.0
61,Ligue 1,2025,96,Toulouse,25533,N. Schmidt,Niklas Uwe,Schmidt,27.0,Germany,184,89,https://media.api-sports.io/football/players/25533.png,Midfielder,0.0,0.0,,,0.0,0.0,,,,,,,,,,,,,,,0.0,0.0
61,Ligue 1,2025,112,Metz,237198,O. Ba,Ousmane,Ba,23.0,Senegal,185,74,https://media.api-sports.io/football/players/237198.png,Goalkeeper,0.0,0.0,,,0.0,0.0,,,,,,,,,,,,,,,0.0,0.0
61,Ligue 1,2025,84,Nice,362470,Z. Diallo,Zoumana,Diallo,20.0,France,185,,https://media.api-sports.io/football/players/362470.png,Attacker,1.0,0.0,9.0,6.3,0.0,0.0,,,1.0,1.0,,,,,,,3.0,1.0,1.0,2.0,0.0,0.0
61,Ligue 1,2025,111,Le Havre,395808,Paul Argney,Paul,Argney,19.0,France,186,75,https://media.api-sports.io/football/players/395808.png,Goalkeeper,1.0,1.0,90.0,6.6,0.0,0.0,,,30.0,,80.0,,,,,,,,,,0.0,0.0
61,Ligue 1,2025,112,Metz,403883,M. Mbaye,Malick,Mbaye,21.0,Senegal,173,71,https://media.api-sports.io/football/players/403883.png,Attacker,5.0,3.0,299.0,6.6,0.0,0.0,1.0,1.0,96.0,2.0,82.0,10.0,,3.0,7.0,3.0,38.0,17.0,3.0,3.0,1.0,0.0
61,Ligue 1,2025,111,Le Havre,437529,N. Obougoujacquet,Noam,Obougou Jacquet,18.0,France,185 cm,76 kg,https://media.api-sports.io/football/players/437529.png,Attacker,5.0,0.0,99.0,6.8,1.0,0.0,3.0,3.0,13.0,,46.0,,,1.0,3.0,2.0,22.0,10.0,3.0,5.0,0.0,0.0
61,Ligue 1,2025,116,Lens,441264,K. Antonio,Kyllian,Anderson Antonio,17.0,France,183,75,https://media.api-sports.io/football/players/441264.png,Defender,4.0,2.0,189.0,7.1,0.0,1.0,1.0,,86.0,1.0,86.0,6.0,,5.0,3.0,2.0,24.0,17.0,4.0,1.0,1.0,0.0
61,Ligue 1,2025,111,Le Havre,471290,A. Diabate,Adams,Diabaté,20.0,France,,,https://media.api-sports.io/football/players/471290.png,Midfielder,0.0,0.0,,,0.0,0.0,,,,,,,,,,,,,,,0.0,0.0
61,Ligue 1,2025,85,Paris Saint Germain,568266,M. James,,,17.0,,,,https://media.api-sports.io/football/players/568266.png,Goalkeeper,0.0,0.0,,,0.0,0.0,,,,,,,,,,,,,,,0.0,0.0
61,Ligue 1,2025,111,Le Havre,584356,K. Quetant,,,19.0,,,,https://media.api-sports.io/football/players/584356.png,Attacker,9.0,4.0,387.0,6.56,1.0,0.0,6.0,2.0,63.0,1.0,63.0,,,1.0,3.0,2.0,37.0,13.0,3.0,6.0,1.0,0.0
61,Ligue 1,2025,80,Lyon,585333,T. Goncalves,,,18.0,,,,https://media.api-sports.io/football/players/585333.png,Midfielder,0.0,0.0,,,0.0,0.0,,,,,,,,,,,,,,,0.0,0.0
61,Ligue 1,2025,85,Paris Saint Germain,610763,D. Boly,,,16.0,,,,https://media.api-sports.io/football/players/610763.png,Defender,0.0,0.0,,,0.0,0.0,,,,,,,,,,,,,,,0.0,0.0
61,Ligue 1,2025,80,Lyon,623922,A. Hamdani,,,16.0,,,,https://media.api-sports.io/football/players/623922.png,Attacker,4.0,0.0,28.0,6.43,0.0,0.0,1.0,,13.0,,84.0,1.0,1.0,,2.0,1.0,5.0,2.0,,1.0,0.0,0.0
61,Ligue 1,2025,108,Auxerre,624607,E. Diamalunda,,,19.0,,,,https://media.api-sports.io/football/players/624607.png,Defender,0.0,0.0,,,0.0,0.0,,,,,,,,,,,,,,,0.0,0.0
61,Ligue 1,2025,80,Lyon,624608,F. Fall,,,19.0,,,,https://media.api-sports.io/football/players/624608.png,Midfielder,0.0,0.0,,,0.0,0.0,,,,,,,,,,,,,,,0.0,0.0
61,Ligue 1,2025,94,Rennes,625629,Elias Legendre Quiñonez,,,17.0,,,,https://media.api-sports.io/football/players/625629.png,Midfielder,6.0,0.0,41.0,6.45,0.0,0.0,1.0,,18.0,2.0,83.0,2.0,,1.0,6.0,1.0,14.0,5.0,1.0,1.0,0.0,0.0
61,Ligue 1,2025,108,Auxerre,627298,Mamoudou Cissokho,,,17.0,,,,https://media.api-sports.io/football/players/627298.png,Attacker,2.0,0.0,2.0,,0.0,0.0,,,,,,,,,,,1.0,1.0,1.0,,0.0,0.0
61,Ligue 1,2025,111,Le Havre,630733,Yanis Beau Djellel,,,20.0,,,,https://media.api-sports.io/football/players/630733.png,Attacker,0.0,0.0,,,0.0,0.0,,,,,,,,,,,,,,,0.0,0.0
61,Ligue 1,2025,83,Nantes,22093,R. Cabella,Rémy Joseph,Cabella,35.0,France,171 cm,68 kg,https://media.api-sports.io/football/players/22093.png,Midfielder,12.0,7.0,591.0,6.98,2.0,0.0,8.0,6.0,374.0,16.0,84.0,16.0,,6.0,10.0,4.0,71.0,36.0,11.0,7.0,1.0,0.0
61,Ligue 1,2025,84,Nice,162707,E. Wahi,Sepe Elye,Wahi,22.0,France,184,74,https://media.api-sports.io/football/players/162707.png,Attacker,15.0,12.0,1015.0,6.81,7.0,1.0,24.0,20.0,155.0,8.0,69.0,5.0,,2.0,16.0,6.0,93.0,24.0,6.0,21.0,6.0,0.0
61,Ligue 1,2025,97,Lorient,399903,I. Akakpo,Izak,Akakpo,21.0,France,,,https://media.api-sports.io/football/players/399903.png,Defender,0.0,0.0,,,0.0,0.0,,,,,,,,,,,,,,,0.0,0.0
61,Ligue 1,2025,97,Lorient,401389,T. Sanusi,Trevan,Sanusi,18.0,England,178,60,https://media.api-sports.io/football/players/401389.png,Attacker,0.0,0.0,,,0.0,0.0,,,,,,,,,,,,,,,0.0,0.0
61,Ligue 1,2025,84,Nice,401493,B. Żelazowski,Bartosz,Żelazowski,20.0,Poland,193,73,https://media.api-sports.io/football/players/401493.png,Goalkeeper,0.0,0.0,,,0.0,0.0,,,,,,,,,,,,,,,0.0,0.0
61,Ligue 1,2025,84,Nice,442866,E. Pereira,Everton,Pereira da Silva,18.0,France,175 cm,64 kg,https://media.api-sports.io/football/players/442866.png,Midfielder,3.0,2.0,137.0,5.95,0.0,0.0,,,65.0,,81.0,,,3.0,,,13.0,3.0,,4.0,0.0,0.0
61,Ligue 1,2025,84,Nice,444562,M. Youssouf,Mousslim,Youssouf,19.0,France,166 cm,56 kg,https://media.api-sports.io/football/players/444562.png,Defender,0.0,0.0,,,0.0,0.0,,,,,,,,,,,,,,,0.0,0.0
61,Ligue 1,2025,114,Paris FC,461595,M. Dao,,,,,,,https://media.api-sports.io/football/players/461595.png,Attacker,0.0,0.0,9.0,6.3,0.0,0.0,,,2.0,,100.0,,,,,,,,,,0.0,0.0
61,Ligue 1,2025,111,Le Havre,515772,Alex Teixeira,Kabangu Alex,Teixeira,18.0,France,,,https://media.api-sports.io/football/players/515772.png,Goalkeeper,0.0,0.0,,,0.0,0.0,,,,,,,,,,,,,,,0.0,0.0
61,Ligue 1,2025,91,Monaco,531402,I. Toure,,,19.0,,,,https://media.api-sports.io/football/players/531402.png,Midfielder,2.0,0.0,33.0,6.15,0.0,0.0,,,23.0,1.0,78.0,,,,2.0,,5.0,,,1.0,0.0,0.0
61,Ligue 1,2025,85,Paris Saint Germain,567804,N. Nsoki,,,18.0,,,,https://media.api-sports.io/football/players/567804.png,Midfielder,1.0,0.0,15.0,6.3,0.0,0.0,,,8.0,,75.0,1.0,,,,,1.0,1.0,,,0.0,0.0
61,Ligue 1,2025,85,Paris Saint Germain,568273,A. Vignaud,,,18.0,,,,https://media.api-sports.io/football/players/568273.png,Goalkeeper,0.0,0.0,,,0.0,0.0,,,,,,,,,,,,,,,0.0,0.0
61,Ligue 1,2025,83,Nantes,610593,J. Kone,,,18.0,,,,https://media.api-sports.io/football/players/610593.png,Attacker,0.0,0.0,,,0.0,0.0,,,,,,,,,,,,,,,0.0,0.0
61,Ligue 1,2025,84,Nice,629379,M. Brignone,,,18.0,,,,https://media.api-sports.io/football/players/629379.png,Midfielder,0.0,0.0,,,0.0,0.0,,,,,,,,,,,,,,,0.0,0.0
61,Ligue 1,2025,94,Rennes,629380,P. Limon,,,20.0,,,,https://media.api-sports.io/football/players/629380.png,Midfielder,0.0,0.0,,,0.0,0.0,,,,,,,,,,,,,,,0.0,0.0
61,Ligue 1,2025,97,Lorient,629869,D. Semedo,,,22.0,,,,https://media.api-sports.io/football/players/629869.png,Midfielder,1.0,0.0,10.0,6.5,0.0,0.0,,,2.0,,100.0,,,1.0,,,3.0,,,2.0,0.0,0.0
61,Ligue 1,2025,79,Lille,630699,Saad Boussadia,,,17.0,,,,https://media.api-sports.io/football/players/630699.png,Midfielder,0.0,0.0,,,0.0,0.0,,,,,,,,,,,,,,,0.0,0.0
61,Ligue 1,2025,79,Lille,630702,Matah Yondjio,,,18.0,,,,https://media.api-sports.io/football/players/630702.png,Attacker,0.0,0.0,,,0.0,0.0,,,,,,,,,,,,,,,0.0,0.0
61,Ligue 1,2025,111,Le Havre,630730,Thierno Bah,,,19.0,,,,https://media.api-sports.io/football/players/630730.png,Midfielder,0.0,0.0,,,0.0,0.0,,,,,,,,,,,,,,,0.0,0.0
61,Ligue 1,2025,111,Le Havre,630731,Thomas Rousseau,,,17.0,,,,https://media.api-sports.io/football/players/630731.png,Midfielder,0.0,0.0,,,0.0,0.0,,,,,,,,,,,,,,,0.0,0.0
61,Ligue 1,2025,91,Monaco,8694,W. Faes,Wout Felix Lina,Faes,27.0,Belgium,187,84,https://media.api-sports.io/football/players/8694.png,Defender,14.0,13.0,1141.0,6.78,0.0,0.0,4.0,1.0,782.0,1.0,92.0,15.0,11.0,16.0,2.0,1.0,78.0,43.0,3.0,14.0,3.0,0.0
61,Ligue 1,2025,83,Nantes,22177,I. Ganago,Ignatius,Kpene Ganago,26.0,Cameroon,179,73,https://media.api-sports.io/football/players/22177.png,Attacker,14.0,11.0,858.0,6.81,3.0,1.0,16.0,7.0,152.0,7.0,65.0,5.0,1.0,2.0,12.0,7.0,116.0,60.0,14.0,12.0,1.0,0.0
61,Ligue 1,2025,83,Nantes,22260,I. Sissoko,Ibrahima,Sissoko,28.0,France,193,90,https://media.api-sports.io/football/players/22260.png,Defender,14.0,10.0,828.0,6.57,0.0,0.0,3.0,,330.0,4.0,80.0,15.0,5.0,18.0,11.0,7.0,98.0,47.0,8.0,25.0,4.0,0.0
61,Ligue 1,2025,114,Paris FC,23126,L. Gueye,Mamadou Lamine,Gueye,27.0,Senegal,178,74,https://media.api-sports.io/football/players/23126.png,Attacker,0.0,0.0,,,0.0,0.0,,,,,,,,,,,,,,,0.0,0.0
61,Ligue 1,2025,108,Auxerre,84082,R. Faivre,Romain,Faivre,27.0,France,180,75,https://media.api-sports.io/football/players/84082.png,Midfielder,10.0,7.0,587.0,6.8,0.0,2.0,8.0,3.0,178.0,10.0,82.0,7.0,1.0,5.0,22.0,12.0,54.0,33.0,11.0,5.0,0.0,0.0
61,Ligue 1,2025,108,Auxerre,152418,N. Ahamada,Naouirou Mohamed,Ahamada,23.0,France,183,73,https://media.api-sports.io/football/players/152418.png,Midfielder,15.0,8.0,687.0,6.77,0.0,1.0,5.0,1.0,265.0,6.0,86.0,10.0,1.0,5.0,16.0,8.0,54.0,29.0,8.0,5.0,0.0,0.0
61,Ligue 1,2025,97,Lorient,162018,B. Fadiga,Bandiougou,Fadiga,24.0,France,178,75,https://media.api-sports.io/football/players/162018.png,Midfielder,0.0,0.0,,,0.0,0.0,,,,,,,,,,,,,,,0.0,0.0
61,Ligue 1,2025,80,Lyon,377122,Endrick,Endrick Felipe,Moreira de Sousa,19.0,Brazil,173,66,https://media.api-sports.io/football/players/377122.png,Attacker,16.0,14.0,1222.0,7.09,5.0,7.0,41.0,26.0,302.0,30.0,74.0,13.0,,3.0,75.0,36.0,168.0,73.0,21.0,21.0,4.0,0.0
61,Ligue 1,2025,116,Lens,395589,N. Äelik,Nidal,Čelik,19.0,Bosnia and Herzegovina,189,,https://media.api-sports.io/football/players/395589.png,Defender,8.0,8.0,618.0,6.61,0.0,0.0,1.0,1.0,322.0,,91.0,20.0,5.0,9.0,5.0,1.0,52.0,28.0,1.0,13.0,2.0,0.0
61,Ligue 1,2025,91,Monaco,440070,J. Stawiecki,Jules,Stawiecki,18.0,France,186,80,https://media.api-sports.io/football/players/440070.png,Goalkeeper,0.0,0.0,,,0.0,0.0,,,,,,,,,,,,,,,0.0,0.0
61,Ligue 1,2025,91,Monaco,449676,S. Nibombé,Samuel Kondi,Nibombé,18.0,Belgium,198 cm,83 kg,https://media.api-sports.io/football/players/449676.png,Midfielder,1.0,0.0,1.0,,0.0,0.0,,,,,,,,,,,,,,,0.0,0.0
61,Ligue 1,2025,80,Lyon,497617,R. Himbert,Rémi Stéphane,Himbert,17.0,France,,,https://media.api-sports.io/football/players/497617.png,Attacker,6.0,1.0,139.0,6.68,1.0,0.0,7.0,1.0,23.0,,60.0,3.0,,,8.0,4.0,30.0,14.0,4.0,2.0,0.0,0.0
61,Ligue 1,2025,116,Lens,497661,I. Jourdren,Ilan,Jourdren,17.0,France,185,72,https://media.api-sports.io/football/players/497661.png,Goalkeeper,0.0,0.0,,,0.0,0.0,,,,,,,,,,,,,,,0.0,0.0
61,Ligue 1,2025,97,Lorient,582785,S. Baldoni,,,22.0,,,,https://media.api-sports.io/football/players/582785.png,Attacker,0.0,0.0,,,0.0,0.0,,,,,,,,,,,,,,,0.0,0.0
61,Ligue 1,2025,96,Toulouse,584362,G. Bakhouche Piernas,,,20.0,,,,https://media.api-sports.io/football/players/584362.png,Defender,0.0,0.0,,,0.0,0.0,,,,,,,,,,,,,,,0.0,0.0
61,Ligue 1,2025,116,Lens,633361,Erawan Garnier,Erawan,Garnier,20.0,Thailand,,,https://media.api-sports.io/football/players/633361.png,Attacker,1.0,0.0,14.0,6.6,0.0,0.0,,,9.0,,88.0,1.0,,,,,1.0,1.0,,,0.0,0.0
61,Ligue 1,2025,116,Lens,646,M. Gorgelin,Mathieu,Gorgelin,35.0,France,187 cm,83 kg,https://media.api-sports.io/football/players/646.png,Goalkeeper,1.0,1.0,90.0,8.2,0.0,0.0,,,34.0,,70.0,,,,,,2.0,2.0,,,0.0,0.0
61,Ligue 1,2025,116,Lens,1153,A. Haidara,Amadou,Haidara,27.0,Mali,175,72,https://media.api-sports.io/football/players/1153.png,Midfielder,7.0,2.0,257.0,6.93,1.0,1.0,2.0,2.0,125.0,2.0,88.0,,1.0,2.0,,,16.0,7.0,2.0,4.0,0.0,0.0
61,Ligue 1,2025,77,Angers,20817,G. Koyalipou,Goduine,Koyalipou,25.0,France,184,82,https://media.api-sports.io/football/players/20817.png,Attacker,13.0,7.0,675.0,6.56,2.0,1.0,18.0,9.0,124.0,5.0,75.0,3.0,,2.0,17.0,6.0,75.0,28.0,5.0,4.0,0.0,0.0
61,Ligue 1,2025,77,Angers,37652,B. van den Boomen,Branco,van den Boomen,30.0,Netherlands,188,75,https://media.api-sports.io/football/players/37652.png,Midfielder,15.0,14.0,1242.0,7.05,0.0,1.0,10.0,5.0,788.0,28.0,89.0,27.0,4.0,7.0,9.0,4.0,102.0,47.0,9.0,19.0,3.0,0.0
61,Ligue 1,2025,81,Marseille,38747,Q. Timber,Quinten Ryan Crispito,Timber,24.0,Netherlands,179,71,https://media.api-sports.io/football/players/38747.png,Midfielder,15.0,14.0,1111.0,6.67,0.0,0.0,7.0,2.0,485.0,9.0,85.0,31.0,,8.0,33.0,16.0,132.0,69.0,20.0,13.0,5.0,0.0
61,Ligue 1,2025,94,Rennes,40403,S. Szymański,Sebastian,Szymański,26.0,Poland,174,60,https://media.api-sports.io/football/players/40403.png,Midfielder,16.0,10.0,786.0,6.8,1.0,3.0,9.0,5.0,345.0,20.0,78.0,23.0,3.0,3.0,9.0,3.0,82.0,41.0,12.0,13.0,2.0,0.0
61,Ligue 1,2025,111,Le Havre,179843,L. Gourna-Douath,Lucas,Gourna-Douath,22.0,France,185 cm,81 kg,https://media.api-sports.io/football/players/179843.png,Midfielder,15.0,14.0,1275.0,6.84,0.0,0.0,6.0,2.0,560.0,6.0,86.0,26.0,11.0,14.0,16.0,8.0,149.0,84.0,35.0,24.0,5.0,0.0
61,Ligue 1,2025,83,Nantes,197779,M. Kaba,Mohamed,Kaba,24.0,France,185,71,https://media.api-sports.io/football/players/197779.png,Midfielder,13.0,12.0,941.0,6.8,0.0,2.0,11.0,6.0,298.0,12.0,79.0,28.0,3.0,14.0,14.0,7.0,138.0,77.0,29.0,14.0,2.0,0.0
61,Ligue 1,2025,83,Nantes,304427,Ali Yousef Musrati,Ali Yousef Ibrahim,Al Musrati,24.0,Libya,193,82,https://media.api-sports.io/football/players/304427.png,Defender,13.0,10.0,968.0,6.72,0.0,0.0,3.0,1.0,408.0,3.0,83.0,11.0,5.0,20.0,2.0,2.0,67.0,46.0,11.0,11.0,4.0,0.0
61,Ligue 1,2025,81,Marseille,313236,E. Nwaneri,Ethan Chidiebere,Nwaneri,18.0,England,176,70,https://media.api-sports.io/football/players/313236.png,Attacker,9.0,3.0,322.0,6.83,2.0,1.0,5.0,3.0,131.0,5.0,87.0,3.0,,4.0,16.0,5.0,39.0,10.0,1.0,4.0,1.0,0.0
61,Ligue 1,2025,114,Paris FC,342063,D. Coppola,Diego,Coppola,22.0,Italy,192,78,https://media.api-sports.io/football/players/342063.png,Defender,13.0,13.0,1170.0,6.93,0.0,2.0,5.0,3.0,629.0,4.0,86.0,12.0,10.0,6.0,2.0,2.0,83.0,43.0,3.0,6.0,1.0,0.0
61,Ligue 1,2025,80,Lyon,361352,N. Nartey,Noah,Teye Nartey,20.0,Denmark,180,70,https://media.api-sports.io/football/players/361352.png,Midfielder,11.0,5.0,547.0,6.79,2.0,0.0,3.0,2.0,228.0,3.0,87.0,11.0,,2.0,23.0,14.0,73.0,33.0,7.0,6.0,0.0,0.0
61,Ligue 1,2025,95,Strasbourg,369544,Gessime Yassine,Gessime,Yassine,20.0,France,173,"
    ",https://media.api-sports.io/football/players/369544.png,Attacker,12.0,6.0,514.0,6.82,0.0,1.0,5.0,1.0,179.0,8.0,82.0,23.0,,2.0,29.0,10.0,97.0,52.0,19.0,9.0,0.0,0.0
61,Ligue 1,2025,83,Nantes,386438,M. Acapandié,Mathieu,Acapandié,21.0,France,182,73,https://media.api-sports.io/football/players/386438.png,Defender,7.0,3.0,284.0,6.43,0.0,0.0,,,83.0,4.0,68.0,6.0,,3.0,3.0,2.0,24.0,11.0,,3.0,0.0,0.0
61,Ligue 1,2025,79,Lille,401333,L. Baret,Lilian,Baret,19.0,France,168,60,https://media.api-sports.io/football/players/401333.png,Midfielder,0.0,0.0,,,0.0,0.0,,,,,,,,,,,,,,,0.0,0.0
61,Ligue 1,2025,84,Nice,405237,K. Boudache,Kaïl,Boudache,17.0,France,,,https://media.api-sports.io/football/players/405237.png,Attacker,14.0,3.0,580.0,6.69,2.0,0.0,11.0,4.0,135.0,5.0,74.0,13.0,,6.0,21.0,6.0,90.0,29.0,4.0,6.0,1.0,0.0
61,Ligue 1,2025,96,Toulouse,571904,N. Said Mchindra,,,20.0,,,,https://media.api-sports.io/football/players/571904.png,Goalkeeper,0.0,0.0,,,0.0,0.0,,,,,,,,,,,,,,,0.0,0.0
61,Ligue 1,2025,112,Metz,584096,N. Mbala,,,17.0,,,,https://media.api-sports.io/football/players/584096.png,Attacker,13.0,4.0,448.0,6.67,2.0,2.0,12.0,4.0,84.0,13.0,73.0,9.0,,1.0,16.0,6.0,52.0,25.0,6.0,3.0,0.0,0.0
61,Ligue 1,2025,95,Strasbourg,588425,Tyrese Noubissie,,,16.0,,,,https://media.api-sports.io/football/players/588425.png,Midfielder,4.0,0.0,55.0,6.63,0.0,0.0,,,45.0,1.0,91.0,,1.0,2.0,,,5.0,2.0,1.0,2.0,1.0,0.0
61,Ligue 1,2025,97,Lorient,608028,M. Kone,,,,,,,https://media.api-sports.io/football/players/608028.png,Attacker,0.0,0.0,,,0.0,0.0,,,,,,,,,,,,,,,0.0,0.0
61,Ligue 1,2025,114,Paris FC,1863,C. Immobile,Ciro,Immobile,35.0,Italy,185,78,https://media.api-sports.io/football/players/1863.png,Attacker,12.0,9.0,711.0,6.66,2.0,2.0,12.0,5.0,156.0,9.0,69.0,,2.0,1.0,5.0,3.0,54.0,18.0,6.0,8.0,2.0,0.0
61,Ligue 1,2025,112,Metz,1915,B. Sarr,Bouna Junior,Sarr,32.0,Senegal,177 cm,69 kg,https://media.api-sports.io/football/players/1915.png,Defender,12.0,10.0,897.0,6.6,0.0,0.0,11.0,3.0,354.0,8.0,89.0,23.0,6.0,11.0,32.0,11.0,117.0,62.0,20.0,12.0,1.0,0.0
61,Ligue 1,2025,112,Metz,8490,G. Kvilitaia,Giorgi,Kvilitaia,32.0,Georgia,193,82,https://media.api-sports.io/football/players/8490.png,Attacker,10.0,5.0,502.0,6.71,2.0,0.0,10.0,7.0,123.0,9.0,69.0,7.0,1.0,,6.0,4.0,81.0,36.0,6.0,11.0,1.0,0.0
61,Ligue 1,2025,80,Lyon,8493,R. Yaremchuk,Roman,Yaremchuk,30.0,Ukraine,191,79,https://media.api-sports.io/football/players/8493.png,Attacker,11.0,5.0,561.0,6.78,4.0,1.0,12.0,6.0,103.0,6.0,76.0,4.0,,,10.0,2.0,53.0,22.0,4.0,7.0,1.0,0.0
61,Ligue 1,2025,116,Lens,18816,A. Masuaku,Fuka-Arthur,Masuaku Kawela,32.0,Congo DR,179,80,https://media.api-sports.io/football/players/18816.png,Defender,4.0,3.0,229.0,6.3,0.0,0.0,1.0,1.0,163.0,2.0,87.0,5.0,1.0,1.0,3.0,3.0,25.0,11.0,1.0,2.0,1.0,0.0
61,Ligue 1,2025,79,Lille,20732,G. Perrin,Gaëtan,Perrin,29.0,France,169,63,https://media.api-sports.io/football/players/20732.png,Attacker,12.0,3.0,346.0,6.71,1.0,0.0,6.0,4.0,122.0,10.0,78.0,12.0,,2.0,18.0,10.0,51.0,23.0,1.0,8.0,2.0,0.0
61,Ligue 1,2025,94,Rennes,22097,A. Nordin,Arnaud Dominique,Nordin,27.0,France,170,70,https://media.api-sports.io/football/players/22097.png,Midfielder,10.0,7.0,573.0,6.77,1.0,3.0,15.0,5.0,158.0,6.0,78.0,9.0,,,15.0,6.0,75.0,35.0,17.0,8.0,1.0,0.0
61,Ligue 1,2025,116,Lens,22173,A. Saint-Maximin,Allan Irénée,Saint-Maximin,28.0,France,173,67,https://media.api-sports.io/football/players/22173.png,Attacker,10.0,2.0,403.0,7.34,3.0,3.0,11.0,3.0,167.0,18.0,86.0,3.0,,1.0,26.0,14.0,60.0,26.0,7.0,3.0,1.0,0.0
61,Ligue 1,2025,108,Auxerre,115588,B. Okoh,Bryan Ikemefuna,Okoh,22.0,Switzerland,189,88,https://media.api-sports.io/football/players/115588.png,Defender,13.0,12.0,1011.0,7.12,3.0,0.0,6.0,3.0,423.0,4.0,84.0,13.0,13.0,27.0,2.0,,82.0,52.0,8.0,13.0,2.0,0.0
61,Ligue 1,2025,96,Toulouse,203428,J. Russell-Rowe,Jacen Rex Orlando,Russell-Rowe,23.0,Canada,183,73,https://media.api-sports.io/football/players/203428.png,Attacker,13.0,5.0,473.0,6.38,1.0,0.0,10.0,4.0,100.0,6.0,72.0,5.0,2.0,1.0,5.0,2.0,52.0,15.0,1.0,9.0,0.0,0.0
61,Ligue 1,2025,95,Strasbourg,291476,D. Fofana,David Datro,Fofana,23.0,Côte d'Ivoire,181,76,https://media.api-sports.io/football/players/291476.png,Attacker,5.0,3.0,180.0,6.42,0.0,0.0,3.0,1.0,33.0,1.0,84.0,2.0,,1.0,4.0,2.0,19.0,6.0,1.0,3.0,0.0,0.0
61,Ligue 1,2025,91,Monaco,301771,S. Adingra,Simon,Adingra,23.0,Côte d'Ivoire,175,68,https://media.api-sports.io/football/players/301771.png,Midfielder,14.0,10.0,868.0,6.71,3.0,2.0,13.0,6.0,346.0,13.0,76.0,11.0,,6.0,69.0,23.0,135.0,46.0,8.0,7.0,0.0,0.0
61,Ligue 1,2025,95,Strasbourg,422780,A. Anselmino,Aaron,Anselmino,20.0,Argentina,186,83,https://media.api-sports.io/football/players/422780.png,Defender,3.0,0.0,24.0,6.7,0.0,0.0,,,8.0,,100.0,,,1.0,,,2.0,2.0,,,0.0,0.0
61,Ligue 1,2025,94,Rennes,456765,H. Do Marcolino,Henrick,Do Marcolino,19.0,France,179,63,https://media.api-sports.io/football/players/456765.png,Attacker,1.0,0.0,2.0,,0.0,0.0,,,3.0,,,1.0,,2.0,,,2.0,2.0,,,0.0,0.0
61,Ligue 1,2025,85,Paris Saint Germain,491087,Pedro Fernández,Pedro,Fernández Sarmiento,17.0,Spain,182,68,https://media.api-sports.io/football/players/491087.png,Midfielder,12.0,7.0,682.0,6.68,1.0,0.0,7.0,3.0,392.0,8.0,91.0,13.0,3.0,8.0,13.0,6.0,67.0,35.0,12.0,8.0,0.0,0.0
61,Ligue 1,2025,95,Strasbourg,585206,Y. Becker,,,17.0,,,,https://media.api-sports.io/football/players/585206.png,Defender,0.0,0.0,,,0.0,0.0,,,,,,,,,,,,,,,0.0,0.0
61,Ligue 1,2025,94,Rennes,639279,Chibuike Ugochukwu,,,17.0,,,,https://media.api-sports.io/football/players/639279.png,Midfielder,0.0,0.0,,,0.0,0.0,,,,,,,,,,,,,,,0.0,0.0
61,Ligue 1,2025,106,Stade Brestois 29,639289,Axel Lassus,,,,,,,https://media.api-sports.io/football/players/639289.png,Midfielder,0.0,0.0,,,0.0,0.0,,,,,,,,,,,,,,,0.0,0.0
61,Ligue 1,2025,77,Angers,639473,Yahia Jlidi,Yahia,Jlidi,17.0,France,,,https://media.api-sports.io/football/players/639473.png,Forward,0.0,0.0,,,0.0,0.0,,,,,,,,,,,,,,,0.0,0.0
61,Ligue 1,2025,94,Rennes,640701,Junior Ake,,,18.0,,,,https://media.api-sports.io/football/players/640701.png,Defender,0.0,0.0,,,0.0,0.0,,,,,,,,,,,,,,,0.0,0.0
61,Ligue 1,2025,84,Nice,3099,Y. Ndayishimiye,Youssouf,Nyange Ndayishimiye,27.0,Burundi,183,79,https://media.api-sports.io/football/players/3099.png,Midfielder,2.0,1.0,72.0,6.1,0.0,0.0,,,19.0,,73.0,,1.0,2.0,,,4.0,1.0,,2.0,0.0,1.0
61,Ligue 1,2025,83,Nantes,21636,F. Guilbert,Frédéric,Guilbert,31.0,France,178,70,https://media.api-sports.io/football/players/21636.png,Defender,8.0,7.0,610.0,7.05,0.0,0.0,6.0,2.0,179.0,7.0,76.0,16.0,5.0,21.0,9.0,5.0,72.0,42.0,13.0,7.0,1.0,0.0
61,Ligue 1,2025,81,Marseille,354298,T. Nnadi,Tochukwu,Nnadi,22.0,Nigeria,,,https://media.api-sports.io/football/players/354298.png,Midfielder,8.0,4.0,352.0,6.43,0.0,1.0,4.0,1.0,161.0,3.0,88.0,7.0,,3.0,3.0,2.0,41.0,16.0,4.0,10.0,1.0,0.0
61,Ligue 1,2025,80,Lyon,438694,Y. Konan,Yvann Birama,Konan,18.0,Côte d'Ivoire,,,https://media.api-sports.io/football/players/438694.png,Goalkeeper,0.0,0.0,,,0.0,0.0,,,,,,,,,,,,,,,0.0,0.0
61,Ligue 1,2025,116,Lens,441256,O. Lenne,Oscar Quentin David,Lenne,19.0,France,180 cm,67 kg,https://media.api-sports.io/football/players/441256.png,Defender,0.0,0.0,,,0.0,0.0,,,,,,,,,,,,,,,0.0,0.0
61,Ligue 1,2025,94,Rennes,457101,M. Zabiri,Mohamed Yassir,Zabiri,20.0,Morocco,177,69,https://media.api-sports.io/football/players/457101.png,Attacker,6.0,0.0,63.0,6.53,0.0,0.0,4.0,2.0,13.0,,92.0,3.0,1.0,,2.0,2.0,16.0,6.0,,6.0,0.0,0.0
61,Ligue 1,2025,96,Toulouse,489903,Y. Azizi,Ilyas,Azizi,17.0,France,173,63,https://media.api-sports.io/football/players/489903.png,Attacker,3.0,0.0,30.0,6.53,0.0,0.0,1.0,,13.0,1.0,100.0,1.0,,,1.0,1.0,4.0,2.0,,,0.0,0.0
61,Ligue 1,2025,95,Strasbourg,551210,A. Cisse,,,19.0,,,,https://media.api-sports.io/football/players/551210.png,Defender,1.0,1.0,90.0,6.3,0.0,0.0,,,53.0,1.0,84.0,3.0,1.0,,1.0,1.0,9.0,5.0,,3.0,0.0,0.0
61,Ligue 1,2025,85,Paris Saint Germain,568268,D. Lucea,,,19.0,,,,https://media.api-sports.io/football/players/568268.png,Defender,2.0,1.0,59.0,6.8,0.0,0.0,,,52.0,,90.0,4.0,,2.0,1.0,,12.0,7.0,1.0,1.0,0.0,0.0
61,Ligue 1,2025,85,Paris Saint Germain,568269,T. Cordier,,,20.0,,,,https://media.api-sports.io/football/players/568269.png,Defender,0.0,0.0,,,0.0,0.0,,,,,,,,,,,,,,,0.0,0.0
61,Ligue 1,2025,77,Angers,570586,M. Gernigon,Mael,Gernigon,16.0,France,,,https://media.api-sports.io/football/players/570586.png,Defender,0.0,0.0,,,0.0,0.0,,,,,,,,,,,,,,,0.0,0.0
61,Ligue 1,2025,96,Toulouse,584361,A. El Ouali,,,19.0,,,,https://media.api-sports.io/football/players/584361.png,Midfielder,0.0,0.0,,,0.0,0.0,,,,,,,,,,,,,,,0.0,0.0
61,Ligue 1,2025,81,Marseille,606267,Ange Lago,,,20.0,,,,https://media.api-sports.io/football/players/606267.png,Attacker,2.0,0.0,58.0,6.75,0.0,0.0,2.0,2.0,10.0,1.0,80.0,5.0,,,,,14.0,7.0,1.0,2.0,1.0,0.0
61,Ligue 1,2025,95,Strasbourg,629148,Jean-Baptiste Bosey,,,17.0,,,,https://media.api-sports.io/football/players/629148.png,Attacker,1.0,0.0,11.0,6.3,0.0,0.0,,,,,,,,,,,1.0,,,1.0,0.0,0.0
61,Ligue 1,2025,80,Lyon,645969,Steeve Kango,,,19.0,,,,https://media.api-sports.io/football/players/645969.png,Defender,4.0,1.0,86.0,6.65,0.0,0.0,,,55.0,,92.0,2.0,1.0,,2.0,1.0,10.0,4.0,1.0,1.0,0.0,0.0
61,Ligue 1,2025,112,Metz,647405,J. Pandore,,,18.0,,,,https://media.api-sports.io/football/players/647405.png,Attacker,4.0,0.0,85.0,6.7,1.0,0.0,1.0,1.0,39.0,1.0,71.0,4.0,,,3.0,,16.0,5.0,1.0,2.0,0.0,0.0
61,Ligue 1,2025,77,Angers,648492,Yann Llahona,,,,,,,https://media.api-sports.io/football/players/648492.png,Goalkeeper,0.0,0.0,,,0.0,0.0,,,,,,,,,,,,,,,0.0,0.0
61,Ligue 1,2025,94,Rennes,653231,Isiaka Soukouna,,,20.0,,,,https://media.api-sports.io/football/players/653231.png,Defender,0.0,0.0,,,0.0,0.0,,,,,,,,,,,,,,,0.0,0.0
61,Ligue 1,2025,95,Strasbourg,659107,Yaya Diémé,,,18.0,,,,https://media.api-sports.io/football/players/659107.png,Attacker,3.0,2.0,155.0,6.47,0.0,0.0,1.0,1.0,17.0,,82.0,,,,,,11.0,1.0,1.0,4.0,2.0,0.0
61,Ligue 1,2025,116,Lens,660571,M. Soares,,,16.0,,,,https://media.api-sports.io/football/players/660571.png,Midfielder,1.0,0.0,11.0,7.6,1.0,0.0,1.0,1.0,4.0,1.0,75.0,,,,,,,,,,0.0,0.0
61,Ligue 1,2025,97,Lorient,195893,S. Touré,Souleymane Isaak,Touré,22.0,France,206,98,https://media.api-sports.io/football/players/195893.png,Defender,1.0,0.0,28.0,6.9,0.0,0.0,,,19.0,,78.0,,,,,,,,,,0.0,0.0
61,Ligue 1,2025,84,Nice,196343,Mohamed Abdelmonem,Mohamed Abdelmonem El Sayed,Mohamed Ahmed,26.0,Egypt,183,78,https://media.api-sports.io/football/players/196343.png,Defender,0.0,0.0,,,0.0,0.0,,,,,,,,,,,,,,,0.0,0.0
61,Ligue 1,2025,83,Nantes,342994,H. Lamy,Hugo Florent Nicolas,Lamy,21.0,France,176,67,https://media.api-sports.io/football/players/342994.png,Defender,0.0,0.0,,,0.0,0.0,,,,,,,,,,,,,,,0.0,0.0
61,Ligue 1,2025,80,Lyon,350856,E. Nuamah,Ernest,Nuamah Appiah,22.0,Ghana,178,71,https://media.api-sports.io/football/players/350856.png,Attacker,3.0,0.0,47.0,6.6,0.0,0.0,,,18.0,,94.0,1.0,,,6.0,3.0,10.0,4.0,,,0.0,0.0
61,Ligue 1,2025,83,Nantes,413061,E. Mongo,Enzo,Mongo,20.0,France,185,,https://media.api-sports.io/football/players/413061.png,Defender,0.0,0.0,,,0.0,0.0,,,,,,,,,,,,,,,0.0,0.0
61,Ligue 1,2025,85,Paris Saint Germain,567805,P. Mounguengue,,,17.0,,,,https://media.api-sports.io/football/players/567805.png,Attacker,1.0,0.0,15.0,5.6,0.0,0.0,1.0,1.0,4.0,,50.0,,,,,,,,,,0.0,0.0
61,Ligue 1,2025,81,Marseille,568058,U. Lamare El Kadmiri,,,18.0,,,,https://media.api-sports.io/football/players/568058.png,Attacker,3.0,0.0,25.0,6.25,0.0,0.0,1.0,,5.0,,60.0,,,1.0,1.0,,5.0,2.0,,1.0,0.0,0.0
61,Ligue 1,2025,81,Marseille,568060,K. Bezahaf,,,19.0,,,,https://media.api-sports.io/football/players/568060.png,Defender,0.0,0.0,,,0.0,0.0,,,,,,,,,,,,,,,0.0,0.0
61,Ligue 1,2025,85,Paris Saint Germain,568147,S. Coulibaly,,,18.0,,,,https://media.api-sports.io/football/players/568147.png,Defender,0.0,0.0,,,0.0,0.0,,,,,,,,,,,,,,,0.0,0.0
61,Ligue 1,2025,108,Auxerre,629378,L. Dioubate,,,18.0,,,,https://media.api-sports.io/football/players/629378.png,Midfielder,0.0,0.0,,,0.0,0.0,,,,,,,,,,,,,,,0.0,0.0
61,Ligue 1,2025,77,Angers,655113,Bane Diatta,Bane,Diatta,17.0,France,,,https://media.api-sports.io/football/players/655113.png,Midfielder,1.0,0.0,9.0,6.6,0.0,0.0,,,2.0,,100.0,1.0,,,,,1.0,1.0,,,0.0,0.0
61,Ligue 1,2025,95,Strasbourg,656711,Idrissa Sabaly,,,18.0,,,,https://media.api-sports.io/football/players/656711.png,Midfielder,1.0,1.0,57.0,6.2,0.0,0.0,1.0,,24.0,,66.0,1.0,,1.0,1.0,1.0,3.0,2.0,,1.0,0.0,0.0
61,Ligue 1,2025,81,Marseille,656975,Hilan Hamzaoui Slimani,,,20.0,,,,https://media.api-sports.io/football/players/656975.png,Defender,1.0,0.0,9.0,6.9,0.0,0.0,,,7.0,,100.0,2.0,,,,,4.0,3.0,,,0.0,0.0
61,Ligue 1,2025,81,Marseille,656976,Nouhoum Kamissoko,,,21.0,,,,https://media.api-sports.io/football/players/656976.png,Midfielder,3.0,0.0,31.0,6.6,0.0,0.0,1.0,,18.0,2.0,83.0,1.0,3.0,,,,3.0,2.0,,,0.0,0.0
61,Ligue 1,2025,83,Nantes,659069,L. Bonelli,,,23.0,,,,https://media.api-sports.io/football/players/659069.png,Goalkeeper,0.0,0.0,,,0.0,0.0,,,,,,,,,,,,,,,0.0,0.0
61,Ligue 1,2025,85,Paris Saint Germain,659070,B. Laurendon,,,20.0,,,,https://media.api-sports.io/football/players/659070.png,Goalkeeper,0.0,0.0,,,0.0,0.0,,,,,,,,,,,,,,,0.0,0.0
61,Ligue 1,2025,1063,Saint Etienne,8683,I. Cardona,Irvin Charly Jose,Cardona,28.0,France,185,76,https://media.api-sports.io/football/players/8683.png,Midfielder,3.0,3.0,207.0,6.37,0.0,0.0,2.0,,71.0,1.0,66.0,,1.0,1.0,1.0,,12.0,2.0,1.0,1.0,0.0,0.0
61,Ligue 1,2025,1063,Saint Etienne,20541,G. Larsonneur,Gautier,Larsonneur,28.0,France,181,70,https://media.api-sports.io/football/players/20541.png,Goalkeeper,3.0,3.0,269.0,7.27,0.0,0.0,,,64.0,,78.0,,,,,,,,,,0.0,0.0
61,Ligue 1,2025,1063,Saint Etienne,24743,Z. Davitashvili,Zuriko,Davitashvili,24.0,Georgia,175,63,https://media.api-sports.io/football/players/24743.png,Midfielder,3.0,3.0,269.0,7.27,1.0,0.0,4.0,1.0,94.0,7.0,86.0,1.0,,,9.0,3.0,23.0,9.0,3.0,2.0,0.0,0.0
61,Ligue 1,2025,1063,Saint Etienne,90599,M. Bernauer,Maxime,Bernauer,27.0,France,186,77,https://media.api-sports.io/football/players/90599.png,Defender,3.0,3.0,270.0,7.57,0.0,0.0,2.0,,164.0,,89.0,6.0,4.0,3.0,,,11.0,6.0,,2.0,0.0,0.0
61,Ligue 1,2025,1063,Saint Etienne,179856,B. Old,Benjamin Craig,Old,23.0,New Zealand,173,66,https://media.api-sports.io/football/players/179856.png,Defender,1.0,1.0,90.0,7.3,0.0,0.0,,,84.0,2.0,90.0,1.0,,,,,6.0,4.0,3.0,,0.0,0.0
61,Ligue 1,2025,1063,Saint Etienne,305735,J. Duffus,Joshua James,Leslie Duffus,21.0,England,,,https://media.api-sports.io/football/players/305735.png,Midfielder,3.0,1.0,99.0,6.37,0.0,0.0,1.0,,22.0,,81.0,1.0,1.0,,2.0,1.0,10.0,3.0,1.0,2.0,0.0,0.0
61,Ligue 1,2025,1063,Saint Etienne,384828,A. Kanté,Abdoulaye,Raslan Kanté,20.0,France,180,75,https://media.api-sports.io/football/players/384828.png,Midfielder,3.0,3.0,243.0,7.3,0.0,0.0,2.0,,149.0,1.0,93.0,6.0,,3.0,1.0,1.0,20.0,10.0,1.0,7.0,2.0,0.0
61,Ligue 1,2025,1063,Saint Etienne,452315,K. Pedro,Kévin,Pedro,19.0,France,183,72,https://media.api-sports.io/football/players/452315.png,Defender,3.0,3.0,270.0,6.9,0.0,0.0,,,129.0,1.0,79.0,8.0,2.0,6.0,6.0,2.0,27.0,17.0,1.0,3.0,0.0,0.0
61,Ligue 1,2025,1063,Saint Etienne,495154,L. Gadegbeku,Luan,Gadegbeku,18.0,France,,,https://media.api-sports.io/football/players/495154.png,Midfielder,3.0,3.0,252.0,6.8,0.0,0.0,1.0,,92.0,2.0,91.0,,2.0,1.0,5.0,2.0,24.0,11.0,5.0,3.0,0.0,0.0
61,Ligue 1,2025,84,Nice,240,P. Rosario,Pablo Paulino,Rosario,29.0,Netherlands,188,73,https://media.api-sports.io/football/players/240.png,Midfielder,1.0,0.0,27.0,6.900000,,0.0,2.0,1.0,16.0,1.0,,1.0,,,3.0,2.0,5.0,3.0,,,0.0,0.0
61,Ligue 1,2025,1063,Saint Etienne,1407,D. Appiah,Dennis,Appiah,33.0,France,179,68,https://media.api-sports.io/football/players/1407.png,Defender,2.0,2.0,123.0,7,0.0,0.0,,,48.0,5.0,75.0,1.0,1.0,3.0,2.0,,8.0,1.0,,1.0,0.0,0.0
61,Ligue 1,2025,1063,Saint Etienne,8624,F. Tardieu,Florian,Tardieu,33.0,France,181,70,https://media.api-sports.io/football/players/8624.png,Midfielder,2.0,0.0,38.0,6.6,0.0,0.0,,,40.0,,85.0,,,,,,4.0,4.0,1.0,,0.0,0.0
61,Ligue 1,2025,1063,Saint Etienne,20736,B. Maubleu,Brice,Maubleu,36.0,France,192,83,https://media.api-sports.io/football/players/20736.png,Goalkeeper,1.0,0.0,1.0,,0.0,0.0,,,1.0,,100.0,,,,,,,,,,0.0,0.0
61,Ligue 1,2025,1063,Saint Etienne,22087,M. Nadé,Mickaël,Nadé,26.0,France,186,81,https://media.api-sports.io/football/players/22087.png,Defender,2.0,0.0,64.0,6.5,0.0,0.0,,,31.0,,90.0,1.0,,1.0,,,2.0,1.0,,,0.0,0.0
61,Ligue 1,2025,1063,Saint Etienne,127634,João Ferreira,João Diogo,Fonseca Ferreira,24.0,Portugal,185,79,https://media.api-sports.io/football/players/127634.png,Defender,3.0,0.0,58.0,6.1,0.0,0.0,,,25.0,,72.0,2.0,,1.0,2.0,,12.0,4.0,1.0,1.0,0.0,0.0
61,Ligue 1,2025,84,Nice,158065,Tiago Gouveia,Tiago Maria,Antunes Gouveia,25.0,Portugal,176,70,https://media.api-sports.io/football/players/158065.png,Forward,16.0,13.0,585.0,6.425000,,0.0,11.0,4.0,195.0,2.0,,8.0,1.0,9.0,23.0,7.0,65.0,27.0,10.0,6.0,2.0,0.0
61,Ligue 1,2025,1063,Saint Etienne,174801,A. Moueffek,Aïmen,Moueffek,24.0,France,179,71,https://media.api-sports.io/football/players/174801.png,Midfielder,3.0,0.0,52.0,5.9,0.0,0.0,2.0,1.0,24.0,,83.0,1.0,,,1.0,,9.0,3.0,2.0,2.0,0.0,0.0
61,Ligue 1,2025,1063,Saint Etienne,305450,E. Annan,Ebenezer,Annan,23.0,Ghana,,,https://media.api-sports.io/football/players/305450.png,Defender,0.0,0.0,,,0.0,0.0,,,,,,,,,,,,,,,0.0,0.0
61,Ligue 1,2025,1063,Saint Etienne,322560,L. Stassin,Lucas Frédéric,Stassin,21.0,Belgium,171,81,https://media.api-sports.io/football/players/322560.png,Attacker,3.0,3.0,270.0,6.37,0.0,0.0,3.0,,53.0,2.0,73.0,1.0,,,2.0,1.0,10.0,3.0,1.0,,0.0,0.0
61,Ligue 1,2025,114,Paris FC,327592,L. Doucet,Lohann,Doucet,23.0,France,180,73,https://media.api-sports.io/football/players/327592.png,Midfielder,5.0,4.0,127.0,6.450000,1.0,0.0,2.0,1.0,56.0,3.0,,1.0,1.0,,3.0,2.0,13.0,4.0,1.0,4.0,2.0,0.0
61,Ligue 1,2025,1063,Saint Etienne,337426,A. Boakye,Augustine,Boakye,25.0,Ghana,178,70,https://media.api-sports.io/football/players/337426.png,Midfielder,2.0,2.0,180.0,6.5,0.0,0.0,4.0,1.0,58.0,1.0,86.0,4.0,,,1.0,,20.0,9.0,5.0,3.0,0.0,0.0
61,Ligue 1,2025,1063,Saint Etienne,363053,I. Miladinović,Igor,Miladinović,22.0,Serbia,166,50,https://media.api-sports.io/football/players/363053.png,Midfielder,0.0,0.0,,,0.0,0.0,,,,,,,,,,,,,,,0.0,0.0
61,Ligue 1,2025,85,Paris Saint Germain,437099,Renato Bellucci,Renato,Bellucci Marin,20.0,Italy,190,78,https://media.api-sports.io/football/players/437099.png,Goalkeeper,2.0,2.0,180.0,7.250000,,0.0,,,37.0,,,,,,,,1.0,1.0,1.0,,0.0,0.0
61,Ligue 1,2025,77,Angers,456831,Marius Louër,Marius,Louër,19.0,France,181,70,https://media.api-sports.io/football/players/456831.png,Defender,9.0,7.0,552.0,6.655555,,0.0,,,205.0,3.0,,20.0,2.0,3.0,5.0,4.0,53.0,32.0,3.0,7.0,1.0,0.0
61,Ligue 1,2025,1063,Saint Etienne,531403,D. N'Guessan,,,17.0,,,,https://media.api-sports.io/football/players/531403.png,Attacker,1.0,0.0,19.0,7.3,0.0,0.0,,,6.0,1.0,100.0,1.0,,,,,1.0,1.0,,,0.0,0.0
61,Ligue 1,2025,85,Paris Saint Germain,543469,Mathis Jangeal,Mathis,Jangeal,17.0,France,,,https://media.api-sports.io/football/players/543469.png,Forward,2.0,1.0,10.0,6.200000,,0.0,,,9.0,,,,,,,,2.0,,,1.0,0.0,0.0
61,Ligue 1,2025,77,Angers,579375,Djibirin Harouna,Harouna,Djibirin,19.0,Cameroon,,,https://media.api-sports.io/football/players/579375.png,Forward,9.0,4.0,157.0,6.788888,2.0,1.0,4.0,3.0,39.0,3.0,,2.0,,2.0,7.0,2.0,36.0,13.0,4.0,6.0,1.0,0.0
61,Ligue 1,2025,1063,Saint Etienne,663280,Mylan Toty,,,,,,,https://media.api-sports.io/football/players/663280.png,Defender,0.0,0.0,,,0.0,0.0,,,,,,,,,,,,,,,0.0,0.0
