league_id,league,season,team_id,team,player_id,name,age,nationality,photo,position,appearances,minutes,rating,goals,assists,shots,shots_on_target,passes,key_passes,tackles,interceptions,dribble_attempts,successful_dribbles,goals_per90,assists_per90,shots_per90,shots_on_target_per90,key_passes_per90,tackles_per90,interceptions_per90,dribble_attempts_per90,successful_dribbles_per90
39,Premier League,2024,33,Manchester United,889,V. Lindelöf,31,Sweden,https://media.api-sports.io/football/players/889.png,Defender,16,693,6.671428,0,0,0,0,380,3,7,8,0,0,0.0,0.0,0.0,0.0,0.39,0.909,1.039,0.0,0.0
39,Premier League,2024,33,Manchester United,284324,A. Garnacho,21,Argentina,https://media.api-sports.io/football/players/284324.png,Attacker,36,2196,6.797222,6,2,55,30,750,37,30,13,81,26,0.246,0.082,2.254,1.23,1.516,1.23,0.533,3.32,1.066
39,Premier League,2024,33,Manchester United,402329,A. Heaven,19,England,https://media.api-sports.io/football/players/402329.png,Defender,4,170,,0,0,0,0,0,0,0,0,0,0,0.0,0.0,0.0,0.0,0.0,0.0,0.0,0.0,0.0
39,Premier League,2024,33,Manchester United,37145,T. Malacia,26,Netherlands,https://media.api-sports.io/football/players/37145.png,Defender,3,101,6.566666,0,0,0,0,48,1,2,1,1,1,0.0,0.0,0.0,0.0,0.891,1.782,0.891,0.891,0.891
39,Premier League,2024,33,Manchester United,2935,H. Maguire,32,England,https://media.api-sports.io/football/players/2935.png,Defender,30,1764,6.892592,1,0,13,7,1118,8,30,40,5,2,0.051,0.0,0.663,0.357,0.408,1.531,2.041,0.255,0.102
39,Premier League,2024,33,Manchester United,545,N. Mazraoui,28,Morocco,https://media.api-sports.io/football/players/545.png,Defender,37,2848,6.980555,0,1,7,3,1589,20,115,34,44,26,0.0,0.032,0.221,0.095,0.632,3.634,1.074,1.39,0.822
39,Premier League,2024,33,Manchester United,532,M. de Ligt,26,Netherlands,https://media.api-sports.io/football/players/532.png,Defender,30,2128,6.913793,2,0,14,9,1370,6,30,33,4,2,0.085,0.0,0.592,0.381,0.254,1.269,1.396,0.169,0.085
39,Premier League,2024,33,Manchester United,891,L. Shaw,30,England,https://media.api-sports.io/football/players/891.png,Defender,8,348,6.814285,0,0,1,0,277,6,4,2,1,0,0.0,0.0,0.259,0.0,1.552,1.034,0.517,0.259,0.0
39,Premier League,2024,33,Manchester United,403064,H. Amass,18,England,https://media.api-sports.io/football/players/403064.png,Defender,13,346,6.46,0,0,2,0,143,1,6,2,7,3,0.0,0.0,0.52,0.0,0.26,1.561,0.52,1.821,0.78
39,Premier League,2024,33,Manchester United,342970,L. Yoro,20,France,https://media.api-sports.io/football/players/342970.png,Defender,21,1169,6.657142,0,0,3,1,757,2,29,18,4,2,0.0,0.0,0.231,0.077,0.154,2.233,1.386,0.308,0.154
39,Premier League,2024,33,Manchester United,382452,P. Dorgu,21,Denmark,https://media.api-sports.io/football/players/382452.png,Defender,12,842,6.9,0,0,8,2,389,12,31,4,9,3,0.0,0.0,0.855,0.214,1.283,3.314,0.428,0.962,0.321
39,Premier League,2024,33,Manchester United,886,Diogo Dalot,26,Portugal,https://media.api-sports.io/football/players/886.png,Defender,33,2814,6.975757,0,3,17,5,1374,27,68,37,49,27,0.0,0.096,0.544,0.16,0.864,2.175,1.183,1.567,0.864
39,Premier League,2024,33,Manchester United,2467,Lisandro Martínez,27,Argentina,https://media.api-sports.io/football/players/2467.png,Defender,22,1754,7.13,2,1,11,6,1314,9,40,32,7,6,0.103,0.051,0.564,0.308,0.462,2.052,1.642,0.359,0.308
39,Premier League,2024,33,Manchester United,328101,T. Fredricson,20,England,https://media.api-sports.io/football/players/328101.png,Defender,8,166,6.95,0,0,0,0,122,0,5,1,1,1,0.0,0.0,0.0,0.0,0.0,2.711,0.542,0.542,0.542
39,Premier League,2024,33,Manchester United,1485,Bruno Fernandes,31,Portugal,https://media.api-sports.io/football/players/1485.png,Midfielder,37,3024,7.605555,8,10,65,29,2020,91,84,26,61,28,0.238,0.298,1.935,0.863,2.708,2.5,0.774,1.815,0.833
39,Premier League,2024,33,Manchester United,19220,M. Mount,26,England,https://media.api-sports.io/football/players/19220.png,Midfielder,20,625,6.635294,1,0,15,9,237,8,15,4,9,1,0.144,0.0,2.16,1.296,1.152,2.16,0.576,1.296,0.144
39,Premier League,2024,33,Manchester United,284322,K. Mainoo,20,England,https://media.api-sports.io/football/players/284322.png,Midfielder,26,1656,6.736,0,0,7,2,818,14,46,19,48,23,0.0,0.0,0.38,0.109,0.761,2.5,1.033,2.609,1.25
39,Premier League,2024,33,Manchester United,51494,M. Ugarte,24,Uruguay,https://media.api-sports.io/football/players/51494.png,Midfielder,32,1796,6.824137,1,2,12,4,897,10,77,27,28,18,0.05,0.1,0.601,0.2,0.501,3.859,1.353,1.403,0.902
39,Premier League,2024,33,Manchester United,747,Casemiro,33,Brazil,https://media.api-sports.io/football/players/747.png,Midfielder,38,1513,7.195833,1,0,25,10,960,22,83,14,6,3,0.059,0.0,1.487,0.595,1.309,4.937,0.833,0.357,0.178
39,Premier League,2024,33,Manchester United,157997,A. Diallo,23,Côte d'Ivoire,https://media.api-sports.io/football/players/157997.png,Attacker,26,1901,7.4,8,6,27,17,854,49,38,11,84,41,0.379,0.284,1.278,0.805,2.32,1.799,0.521,3.977,1.941
39,Premier League,2024,33,Manchester United,70100,J. Zirkzee,24,Netherlands,https://media.api-sports.io/football/players/70100.png,Attacker,32,1406,6.603125,3,1,19,11,405,12,14,6,35,11,0.192,0.064,1.216,0.704,0.768,0.896,0.384,2.24,0.704
39,Premier League,2024,33,Manchester United,9971,Antony,25,Brazil,https://media.api-sports.io/football/players/9971.png,Attacker,8,133,6.6,0,0,5,3,59,3,6,2,10,4,0.0,0.0,3.383,2.03,2.03,4.06,1.353,6.767,2.707
39,Premier League,2024,33,Manchester United,288006,R. Højlund,22,Denmark,https://media.api-sports.io/football/players/288006.png,Attacker,34,2022,6.5625,4,0,25,13,325,16,3,2,30,9,0.178,0.0,1.113,0.579,0.712,0.134,0.089,1.335,0.401
39,Premier League,2024,33,Manchester United,389309,O. Martin,18,Denmark,https://media.api-sports.io/football/players/389309.png,Attacker,7,159,6.45,0,0,2,1,24,0,2,0,3,1,0.0,0.0,1.132,0.566,0.0,1.132,0.0,1.698,0.566
39,Premier League,2024,33,Manchester United,1165,Matheus Cunha,26,Brazil,https://media.api-sports.io/football/players/1165.png,Attacker,33,2600,7.630303,15,6,80,44,949,58,38,17,122,61,0.519,0.208,2.769,1.523,2.008,1.315,0.588,4.223,2.112
39,Premier League,2024,33,Manchester United,284400,Tobias Christopher Collyer,21,England,https://media.api-sports.io/football/players/284400.png,Midfielder,17,175,7.016666,0,0,1,0,90,2,12,2,2,1,0.0,0.0,0.514,0.0,1.029,6.171,1.029,1.029,0.514
39,Premier League,2024,34,Newcastle,2864,A. Isak,26,Sweden,https://media.api-sports.io/football/players/2864.png,Attacker,34,2769,7.279411,23,6,76,46,658,42,12,3,89,42,0.748,0.195,2.47,1.495,1.365,0.39,0.098,2.893,1.365
39,Premier League,2024,34,Newcastle,18911,N. Pope,33,England,https://media.api-sports.io/football/players/18911.png,Goalkeeper,31,2520,7.057142,0,0,0,0,590,1,0,1,0,0,0.0,0.0,0.0,0.0,0.036,0.0,0.036,0.0,0.0
39,Premier League,2024,34,Newcastle,158694,T. Livramento,23,England,https://media.api-sports.io/football/players/158694.png,Defender,37,2842,6.875675,0,1,4,2,1355,26,54,23,48,25,0.0,0.032,0.127,0.063,0.823,1.71,0.728,1.52,0.792
39,Premier League,2024,34,Newcastle,18941,M. Targett,30,England,https://media.api-sports.io/football/players/18941.png,Defender,18,20,6.7,0,0,0,0,14,0,0,1,0,0,0.0,0.0,0.0,0.0,0.0,0.0,4.5,0.0,0.0
39,Premier League,2024,34,Newcastle,169,K. Trippier,35,England,https://media.api-sports.io/football/players/169.png,Defender,25,1310,6.96,0,3,2,0,1037,22,38,12,8,4,0.0,0.206,0.137,0.0,1.511,2.611,0.824,0.55,0.275
39,Premier League,2024,34,Newcastle,2855,E. Krafth,31,Sweden,https://media.api-sports.io/football/players/2855.png,Defender,26,349,6.65,0,0,0,0,140,1,4,2,1,0,0.0,0.0,0.0,0.0,0.258,1.032,0.516,0.258,0.0
39,Premier League,2024,34,Newcastle,284492,L. Hall,21,England,https://media.api-sports.io/football/players/284492.png,Defender,27,2192,7.274074,0,4,7,1,1313,34,58,18,18,11,0.0,0.164,0.287,0.041,1.396,2.381,0.739,0.739,0.452
39,Premier League,2024,34,Newcastle,38734,S. Botman,25,Netherlands,https://media.api-sports.io/football/players/38734.png,Defender,10,418,7.057142,0,0,2,2,245,2,12,5,2,1,0.0,0.0,0.431,0.431,0.431,2.584,1.077,0.431,0.215
39,Premier League,2024,34,Newcastle,18961,D. Burn,33,England,https://media.api-sports.io/football/players/18961.png,Defender,37,3330,6.978378,1,1,20,7,1993,9,39,27,4,3,0.027,0.027,0.541,0.189,0.243,1.054,0.73,0.108,0.081
39,Premier League,2024,34,Newcastle,2806,F. Schär,34,Switzerland,https://media.api-sports.io/football/players/2806.png,Defender,34,2937,6.964705,4,0,28,11,1941,5,36,45,11,8,0.123,0.0,0.858,0.337,0.153,1.103,1.379,0.337,0.245
39,Premier League,2024,34,Newcastle,31146,S. Tonali,25,Italy,https://media.api-sports.io/football/players/31146.png,Midfielder,36,2631,7.052777,4,2,22,12,1462,28,51,34,34,20,0.137,0.068,0.753,0.41,0.958,1.745,1.163,1.163,0.684
39,Premier League,2024,34,Newcastle,10135,Bruno Guimarães,28,Brazil,https://media.api-sports.io/football/players/10135.png,Midfielder,38,3282,7.2,5,6,36,15,1758,53,83,30,61,34,0.137,0.165,0.987,0.411,1.453,2.276,0.823,1.673,0.932
39,Premier League,2024,34,Newcastle,328105,L. Miley,19,England,https://media.api-sports.io/football/players/328105.png,Midfielder,26,324,6.616666,1,0,2,2,190,1,14,2,2,1,0.278,0.0,0.556,0.556,0.278,3.889,0.556,0.556,0.278
39,Premier League,2024,34,Newcastle,723,Joelinton,29,Brazil,https://media.api-sports.io/football/players/723.png,Midfielder,29,2404,6.937931,4,3,32,14,1008,24,57,22,43,15,0.15,0.112,1.198,0.524,0.899,2.134,0.824,1.61,0.562
39,Premier League,2024,34,Newcastle,18778,H. Barnes,28,England,https://media.api-sports.io/football/players/18778.png,Midfielder,34,1766,7.021212,9,4,40,21,548,26,16,6,58,25,0.459,0.204,2.039,1.07,1.325,0.815,0.306,2.956,1.274
39,Premier League,2024,34,Newcastle,19163,J. Murphy,30,England,https://media.api-sports.io/football/players/19163.png,Midfielder,35,2379,7.128571,8,11,31,15,844,41,28,13,66,35,0.303,0.416,1.173,0.567,1.551,1.059,0.492,2.497,1.324
39,Premier League,2024,34,Newcastle,19192,J. Ramsey,24,England,https://media.api-sports.io/football/players/19192.png,Midfielder,29,1628,6.87931,1,3,12,4,569,22,30,8,38,25,0.055,0.166,0.663,0.221,1.216,1.658,0.442,2.101,1.382
39,Premier League,2024,34,Newcastle,1463,J. Willock,26,England,https://media.api-sports.io/football/players/1463.png,Midfielder,32,1075,6.665625,0,2,12,3,338,22,30,6,29,12,0.0,0.167,1.005,0.251,1.842,2.512,0.502,2.428,1.005
39,Premier League,2024,34,Newcastle,153430,A. Elanga,23,Sweden,https://media.api-sports.io/football/players/153430.png,Attacker,38,2508,7.018421,6,11,37,24,631,50,20,6,64,25,0.215,0.395,1.328,0.861,1.794,0.718,0.215,2.297,0.897
39,Premier League,2024,34,Newcastle,138787,A. Gordon,24,England,https://media.api-sports.io/football/players/138787.png,Attacker,34,2444,7.07647,6,5,40,19,809,52,32,7,85,38,0.221,0.184,1.473,0.7,1.915,1.178,0.258,3.13,1.399
39,Premier League,2024,34,Newcastle,315237,W. Osula,22,Denmark,https://media.api-sports.io/football/players/315237.png,Attacker,38,168,6.558333,1,0,3,1,25,2,2,4,6,3,0.536,0.0,1.607,0.536,1.071,1.071,2.143,3.214,1.607
39,Premier League,2024,34,Newcastle,18901,S. Longstaff,28,England,https://media.api-sports.io/football/players/18901.png,Midfielder,25,785,6.691304,0,0,3,1,343,4,27,7,6,2,0.0,0.0,0.344,0.115,0.459,3.096,0.803,0.688,0.229
39,Premier League,2024,34,Newcastle,18886,M. Dúbravka,36,Slovakia,https://media.api-sports.io/football/players/18886.png,Goalkeeper,10,900,7.03,0,0,0,0,278,0,0,0,0,0,0.0,0.0,0.0,0.0,0.0,0.0,0.0,0.0,0.0
39,Premier League,2024,34,Newcastle,2939,C. Wilson,33,England,https://media.api-sports.io/football/players/2939.png,Attacker,18,368,6.341176,0,0,4,1,50,3,2,1,5,1,0.0,0.0,0.978,0.245,0.734,0.489,0.245,1.223,0.245
39,Premier League,2024,34,Newcastle,19263,L. Kelly,27,England,https://media.api-sports.io/football/players/19263.png,Defender,10,300,6.533333,0,1,3,0,165,2,5,1,3,2,0.0,0.3,0.9,0.0,0.6,1.5,0.3,0.9,0.6
39,Premier League,2024,34,Newcastle,2507,M. Almirón,31,Paraguay,https://media.api-sports.io/football/players/2507.png,Midfielder,9,150,6.8125,0,0,5,2,64,3,3,0,2,1,0.0,0.0,3.0,1.2,1.8,1.8,0.0,1.2,0.6
39,Premier League,2024,35,Bournemouth,284797,D. Ouattara,23,Burkina Faso,https://media.api-sports.io/football/players/284797.png,Attacker,32,2007,7.071875,7,4,48,20,495,35,35,11,73,39,0.314,0.179,2.152,0.897,1.57,1.57,0.493,3.274,1.749
39,Premier League,2024,35,Bournemouth,18860,M. Travers,26,Republic of Ireland,https://media.api-sports.io/football/players/18860.png,Goalkeeper,5,450,7.64,0,0,0,0,113,0,0,0,0,0,0.0,0.0,0.0,0.0,0.0,0.0,0.0,0.0,0.0
39,Premier League,2024,35,Bournemouth,2273,Kepa,31,Spain,https://media.api-sports.io/football/players/2273.png,Goalkeeper,31,2790,7.145161,0,0,1,0,901,1,1,0,1,1,0.0,0.0,0.032,0.0,0.032,0.032,0.0,0.032,0.032
39,Premier League,2024,35,Bournemouth,206254,M. Kerkez,22,Hungary,https://media.api-sports.io/football/players/206254.png,Defender,38,3342,7.042105,2,5,11,5,1349,37,52,46,39,22,0.054,0.135,0.296,0.135,0.996,1.4,1.239,1.05,0.592
39,Premier League,2024,35,Bournemouth,18869,A. Smith,34,England,https://media.api-sports.io/football/players/18869.png,Defender,25,1597,6.576,0,0,2,0,525,9,24,15,13,6,0.0,0.0,0.113,0.0,0.507,1.353,0.845,0.733,0.338
39,Premier League,2024,35,Bournemouth,51051,J. Araujo,24,Mexico,https://media.api-sports.io/football/players/51051.png,Defender,19,516,6.358333,0,0,0,0,191,1,10,6,1,0,0.0,0.0,0.0,0.0,0.174,1.744,1.047,0.174,0.0
39,Premier League,2024,35,Bournemouth,6610,M. Senesi,28,Argentina,https://media.api-sports.io/football/players/6610.png,Defender,21,1118,6.823529,0,0,3,0,714,5,39,14,10,6,0.0,0.0,0.242,0.0,0.403,3.14,1.127,0.805,0.483
39,Premier League,2024,35,Bournemouth,20093,J. Hill,23,England,https://media.api-sports.io/football/players/20093.png,Defender,10,448,6.722222,0,1,4,0,205,3,15,9,2,1,0.0,0.201,0.804,0.0,0.603,3.013,1.808,0.402,0.201
39,Premier League,2024,35,Bournemouth,363333,J. Soler,20,Argentina,https://media.api-sports.io/football/players/363333.png,Defender,13,24,6.5,0,0,0,0,13,0,1,0,0,0,0.0,0.0,0.0,0.0,0.0,3.75,0.0,0.0,0.0
39,Premier League,2024,35,Bournemouth,1150,T. Adams,26,USA,https://media.api-sports.io/football/players/1150.png,Midfielder,29,1965,6.864285,0,3,2,2,1056,18,83,32,14,4,0.0,0.137,0.092,0.092,0.824,3.802,1.466,0.641,0.183
39,Premier League,2024,35,Bournemouth,402432,Ben Winterburn,21,England,https://media.api-sports.io/football/players/402432.png,Midfielder,20,22,6.8,0,0,0,0,7,0,0,2,0,0,0.0,0.0,0.0,0.0,0.0,0.0,8.182,0.0,0.0
39,Premier League,2024,35,Bournemouth,304853,A. Scott,22,England,https://media.api-sports.io/football/players/304853.png,Midfielder,21,751,6.731578,0,0,11,7,332,12,27,10,19,6,0.0,0.0,1.318,0.839,1.438,3.236,1.198,2.277,0.719
39,Premier League,2024,35,Bournemouth,2734,P. Billing,29,Denmark,https://media.api-sports.io/football/players/2734.png,Midfielder,10,177,6.83,0,0,4,1,90,8,14,5,1,1,0.0,0.0,2.034,0.508,4.068,7.119,2.542,0.508,0.508
39,Premier League,2024,35,Bournemouth,1125,R. Christie,30,Scotland,https://media.api-sports.io/football/players/1125.png,Midfielder,29,2131,7.1,2,3,20,12,999,41,54,30,45,23,0.084,0.127,0.845,0.507,1.732,2.281,1.267,1.901,0.971
39,Premier League,2024,35,Bournemouth,18872,L. Cook,28,England,https://media.api-sports.io/football/players/18872.png,Midfielder,36,2978,7.002777,1,3,11,4,1378,48,81,41,20,13,0.03,0.091,0.332,0.121,1.451,2.448,1.239,0.604,0.393
39,Premier League,2024,35,Bournemouth,19245,M. Tavernier,26,England,https://media.api-sports.io/football/players/19245.png,Midfielder,29,1938,7.037931,3,5,40,17,792,43,44,5,59,28,0.139,0.232,1.858,0.789,1.997,2.043,0.232,2.74,1.3
39,Premier League,2024,35,Bournemouth,18870,D. Brooks,28,Wales,https://media.api-sports.io/football/players/18870.png,Midfielder,29,949,6.725,2,0,22,12,348,21,14,5,31,11,0.19,0.0,2.086,1.138,1.992,1.328,0.474,2.94,1.043
39,Premier League,2024,35,Bournemouth,19281,A. Semenyo,25,Ghana,https://media.api-sports.io/football/players/19281.png,Attacker,37,3209,7.21081,11,5,81,41,997,46,55,11,126,69,0.309,0.14,2.272,1.15,1.29,1.543,0.309,3.534,1.935
39,Premier League,2024,35,Bournemouth,37161,L. Sinisterra,26,Colombia,https://media.api-sports.io/football/players/37161.png,Attacker,12,229,6.91,1,1,9,6,85,10,7,1,18,8,0.393,0.393,3.537,2.358,3.93,2.751,0.393,7.074,3.144
39,Premier League,2024,35,Bournemouth,792,J. Kluivert,26,Netherlands,https://media.api-sports.io/football/players/792.png,Attacker,34,2356,7.161764,12,6,52,29,679,45,23,14,76,36,0.458,0.229,1.986,1.108,1.719,0.879,0.535,2.903,1.375
39,Premier League,2024,35,Bournemouth,152856,Evanilson,26,Brazil,https://media.api-sports.io/football/players/152856.png,Attacker,32,2335,7.090322,10,1,57,32,341,26,16,1,15,7,0.385,0.039,2.197,1.233,1.002,0.617,0.039,0.578,0.27
39,Premier League,2024,35,Bournemouth,402434,Remy Rees-Dottin,19,England,https://media.api-sports.io/football/players/402434.png,Attacker,7,1,,0,0,0,0,0,0,0,0,0,0,0.0,0.0,0.0,0.0,0.0,0.0,0.0,0.0,0.0
39,Premier League,2024,35,Bournemouth,298060,Z. Silcott-Duberry,20,England,https://media.api-sports.io/football/players/298060.png,Attacker,1,0,,0,0,0,0,2,0,1,0,0,0,0.0,0.0,0.0,0.0,0.0,0.0,0.0,0.0,0.0
39,Premier League,2024,35,Bournemouth,296458,D. Jebbison,22,Canada,https://media.api-sports.io/football/players/296458.png,Attacker,20,180,6.557142,1,0,5,2,39,3,5,1,7,4,0.5,0.0,2.5,1.0,1.5,2.5,0.5,3.5,2.0
39,Premier League,2024,35,Bournemouth,161671,I. Zabarnyi,23,Ukraine,https://media.api-sports.io/football/players/161671.png,Defender,36,3112,6.938888,0,1,9,1,1697,12,52,41,8,6,0.0,0.029,0.26,0.029,0.347,1.504,1.186,0.231,0.174
39,Premier League,2024,35,Bournemouth,19070,M. Aarons,25,England,https://media.api-sports.io/football/players/19070.png,Defender,14,85,6.8,0,0,0,0,51,0,2,1,1,0,0.0,0.0,0.0,0.0,0.0,2.118,1.059,1.059,0.0
39,Premier League,2024,35,Bournemouth,361497,D. Huijsen,20,Netherlands,https://media.api-sports.io/football/players/361497.png,Defender,38,2422,7.229032,3,2,12,4,1601,15,36,51,5,2,0.111,0.074,0.446,0.149,0.557,1.338,1.895,0.186,0.074
39,Premier League,2024,35,Bournemouth,912,Neto,36,Brazil,https://media.api-sports.io/football/players/912.png,Goalkeeper,2,180,8.0,0,0,0,0,54,0,0,0,0,0,0.0,0.0,0.0,0.0,0.0,0.0,0.0,0.0,0.0
39,Premier League,2024,35,Bournemouth,47499,E. Ünal,28,Türkiye,https://media.api-sports.io/football/players/47499.png,Forward,17,345,6.647058,2,1,16,7,94,4,1,0,11,1,0.522,0.261,4.174,1.826,1.043,0.261,0.0,2.87,0.261
39,Premier League,2024,36,Fulham,727,R. Nelson,26,England,https://media.api-sports.io/football/players/727.png,Attacker,11,486,,1,0,0,0,0,0,1,0,0,0,0.185,0.0,0.0,0.0,0.0,0.185,0.0,0.0,0.0
39,Premier League,2024,36,Fulham,1438,B. Leno,33,Germany,https://media.api-sports.io/football/players/1438.png,Goalkeeper,38,3420,7.013157,0,1,0,0,1237,2,2,0,0,0,0.0,0.026,0.0,0.0,0.053,0.053,0.0,0.0,0.0
39,Premier League,2024,36,Fulham,152967,C. Bassey,26,Nigeria,https://media.api-sports.io/football/players/152967.png,Defender,37,3074,6.865714,1,0,9,4,2135,3,54,20,26,15,0.029,0.0,0.264,0.117,0.088,1.581,0.586,0.761,0.439
39,Premier League,2024,36,Fulham,2729,J. Andersen,29,Denmark,https://media.api-sports.io/football/players/2729.png,Defender,29,2584,6.3,0,0,1,1,82,0,1,0,0,0,0.0,0.0,0.035,0.035,0.0,0.035,0.0,0.0,0.0
39,Premier League,2024,36,Fulham,657,K. Tete,30,Netherlands,https://media.api-sports.io/football/players/657.png,Defender,24,1779,7.036363,0,2,12,2,767,9,56,32,15,9,0.0,0.101,0.607,0.101,0.455,2.833,1.619,0.759,0.455
39,Premier League,2024,36,Fulham,18814,I. Diop,28,France,https://media.api-sports.io/football/players/18814.png,Defender,30,1357,6.71,0,0,4,2,755,3,26,9,2,1,0.0,0.0,0.265,0.133,0.199,1.724,0.597,0.133,0.066
39,Premier League,2024,36,Fulham,131,Jorge Cuenca,26,Spain,https://media.api-sports.io/football/players/131.png,Defender,26,358,6.5,0,0,1,0,170,0,6,2,2,2,0.0,0.0,0.251,0.0,0.0,1.508,0.503,0.503,0.503
39,Premier League,2024,36,Fulham,19549,A. Robinson,28,USA,https://media.api-sports.io/football/players/19549.png,Defender,36,3167,7.136111,0,10,11,2,1628,44,95,61,72,38,0.0,0.284,0.313,0.057,1.25,2.7,1.734,2.046,1.08
39,Premier League,2024,36,Fulham,2920,T. Castagne,30,Belgium,https://media.api-sports.io/football/players/2920.png,Defender,33,1651,6.8125,0,1,6,3,785,9,46,22,10,5,0.0,0.055,0.327,0.164,0.491,2.508,1.199,0.545,0.273
39,Premier League,2024,36,Fulham,2823,S. Lukić,29,Serbia,https://media.api-sports.io/football/players/2823.png,Midfielder,30,2356,6.91,0,2,11,3,1195,27,68,28,13,8,0.0,0.076,0.42,0.115,1.031,2.598,1.07,0.497,0.306
39,Premier League,2024,36,Fulham,899,Andreas Pereira,29,Brazil,https://media.api-sports.io/football/players/899.png,Midfielder,33,2024,6.90303,2,4,26,9,784,57,24,8,22,14,0.089,0.178,1.156,0.4,2.535,1.067,0.356,0.978,0.623
39,Premier League,2024,36,Fulham,1934,S. Berge,27,Norway,https://media.api-sports.io/football/players/1934.png,Midfielder,31,2232,6.829032,0,0,2,1,1190,18,50,21,17,11,0.0,0.0,0.081,0.04,0.726,2.016,0.847,0.685,0.444
39,Premier League,2024,36,Fulham,389315,Joshua King,18,England,https://media.api-sports.io/football/players/389315.png,Midfielder,23,145,6.75,0,0,1,0,62,3,7,1,8,4,0.0,0.0,0.621,0.0,1.862,4.345,0.621,4.966,2.483
39,Premier League,2024,36,Fulham,1161,E. Smith Rowe,25,England,https://media.api-sports.io/football/players/1161.png,Midfielder,34,2061,6.933333,6,3,24,11,999,24,31,11,32,16,0.262,0.131,1.048,0.48,1.048,1.354,0.48,1.397,0.699
39,Premier League,2024,36,Fulham,19032,R. Sessegnon,25,England,https://media.api-sports.io/football/players/19032.png,Midfielder,16,578,6.957142,4,2,11,8,212,12,27,3,18,8,0.623,0.311,1.713,1.246,1.869,4.204,0.467,2.803,1.246
39,Premier League,2024,36,Fulham,19025,T. Cairney,34,Scotland,https://media.api-sports.io/football/players/19025.png,Midfielder,35,632,6.856,2,0,7,4,606,11,13,4,9,5,0.285,0.0,0.997,0.57,1.566,1.851,0.57,1.282,0.712
39,Premier League,2024,36,Fulham,19480,H. Reed,30,England,https://media.api-sports.io/football/players/19480.png,Midfielder,12,99,6.40909,0,0,3,2,48,1,6,1,1,0,0.0,0.0,2.727,1.818,0.909,5.455,0.909,0.909,0.0
39,Premier League,2024,36,Fulham,359386,M. Godo,22,England,https://media.api-sports.io/football/players/359386.png,Attacker,2,21,6.6,0,0,0,0,14,1,0,1,4,1,0.0,0.0,0.0,0.0,4.286,0.0,4.286,17.143,4.286
39,Premier League,2024,36,Fulham,19221,H. Wilson,28,Wales,https://media.api-sports.io/football/players/19221.png,Attacker,28,1163,7.076,6,1,32,17,398,21,20,7,19,9,0.464,0.077,2.476,1.316,1.625,1.548,0.542,1.47,0.696
39,Premier League,2024,36,Fulham,195106,Rodrigo Muniz,24,Brazil,https://media.api-sports.io/football/players/195106.png,Attacker,31,950,6.846666,8,1,36,19,140,7,10,5,15,6,0.758,0.095,3.411,1.8,0.663,0.947,0.474,1.421,0.568
39,Premier League,2024,36,Fulham,18753,Adama Traoré,29,Spain,https://media.api-sports.io/football/players/18753.png,Attacker,37,1794,6.822222,2,7,24,12,484,42,20,1,84,48,0.1,0.351,1.204,0.602,2.107,1.003,0.05,4.214,2.408
39,Premier League,2024,36,Fulham,1455,A. Iwobi,29,Nigeria,https://media.api-sports.io/football/players/1455.png,Attacker,38,2994,7.281578,9,6,48,29,1376,60,44,14,90,48,0.271,0.18,1.443,0.872,1.804,1.323,0.421,2.705,1.443
39,Premier League,2024,36,Fulham,2887,R. Jiménez,34,Mexico,https://media.api-sports.io/football/players/2887.png,Attacker,38,2505,7.013157,12,3,73,33,616,24,35,10,47,21,0.431,0.108,2.623,1.186,0.862,1.257,0.359,1.689,0.754
39,Premier League,2024,36,Fulham,191971,J. Stansfield,23,England,https://media.api-sports.io/football/players/191971.png,Attacker,1,0,,0,0,0,0,0,0,0,0,0,0,0.0,0.0,0.0,0.0,0.0,0.0,0.0,0.0,0.0
39,Premier League,2024,36,Fulham,104,Carlos Vinícius,30,Brazil,https://media.api-sports.io/football/players/104.png,Forward,3,33,6.6,0,0,1,1,3,0,0,0,1,1,0.0,0.0,2.727,2.727,0.0,0.0,0.0,2.727,2.727
39,Premier League,2024,39,Wolves,19143,S. Johnstone,32,England,https://media.api-sports.io/football/players/19143.png,Goalkeeper,7,630,,0,0,0,0,0,0,0,0,0,0,0.0,0.0,0.0,0.0,0.0,0.0,0.0,0.0,0.0
39,Premier League,2024,39,Wolves,1165,Matheus Cunha,26,Brazil,https://media.api-sports.io/football/players/1165.png,Attacker,33,2603,7.630303,15,6,80,44,949,58,38,17,122,61,0.519,0.207,2.766,1.521,2.005,1.314,0.588,4.218,2.109
39,Premier League,2024,39,Wolves,21138,R. Aït-Nouri,24,Algeria,https://media.api-sports.io/football/players/21138.png,Defender,37,3129,7.008108,4,7,21,13,1377,47,89,27,119,63,0.115,0.201,0.604,0.374,1.352,2.56,0.777,3.423,1.812
39,Premier League,2024,39,Wolves,82855,T. King,30,Wales,https://media.api-sports.io/football/players/82855.png,Goalkeeper,1,0,,0,0,0,0,0,0,0,0,0,0,0.0,0.0,0.0,0.0,0.0,0.0,0.0,0.0,0.0
39,Premier League,2024,39,Wolves,19341,D. Bentley,32,England,https://media.api-sports.io/football/players/19341.png,Goalkeeper,18,180,6.95,0,0,0,0,60,0,0,0,0,0,0.0,0.0,0.0,0.0,0.0,0.0,0.0,0.0,0.0
39,Premier League,2024,39,Wolves,1590,José Sá,32,Portugal,https://media.api-sports.io/football/players/1590.png,Goalkeeper,33,2609,6.768965,0,0,0,0,801,3,2,0,8,8,0.0,0.0,0.0,0.0,0.103,0.069,0.0,0.276,0.276
39,Premier League,2024,39,Wolves,18742,M. Doherty,33,Republic of Ireland,https://media.api-sports.io/football/players/18742.png,Defender,30,2113,7.0,2,1,6,3,1208,12,38,22,18,11,0.085,0.043,0.256,0.128,0.511,1.619,0.937,0.767,0.469
39,Premier League,2024,39,Wolves,135334,S. Bueno,27,Uruguay,https://media.api-sports.io/football/players/135334.png,Defender,37,1716,6.660714,0,0,6,3,836,0,41,15,4,0,0.0,0.0,0.315,0.157,0.0,2.15,0.787,0.21,0.0
39,Premier League,2024,39,Wolves,41606,Toti Gomes,26,Portugal,https://media.api-sports.io/football/players/41606.png,Defender,31,2616,6.890322,0,1,7,3,1662,9,61,25,30,20,0.0,0.034,0.241,0.103,0.31,2.099,0.86,1.032,0.688
39,Premier League,2024,39,Wolves,195717,Y. Mosquera,24,Colombia,https://media.api-sports.io/football/players/195717.png,Defender,5,442,7.02,0,0,1,0,237,2,11,10,0,0,0.0,0.0,0.204,0.0,0.407,2.24,2.036,0.0,0.0
39,Premier League,2024,39,Wolves,449245,Pedro Lima,19,Brazil,https://media.api-sports.io/football/players/449245.png,Defender,21,70,6.85,0,0,1,1,26,2,1,2,3,1,0.0,0.0,1.286,1.286,2.571,1.286,2.571,3.857,1.286
39,Premier League,2024,39,Wolves,135068,E. Agbadou,28,Côte d'Ivoire,https://media.api-sports.io/football/players/135068.png,Defender,16,1411,7.1125,1,0,6,2,991,4,30,13,12,10,0.064,0.0,0.383,0.128,0.255,1.914,0.829,0.765,0.638
39,Premier League,2024,39,Wolves,282770,Rodrigo Gomes,22,Portugal,https://media.api-sports.io/football/players/282770.png,Defender,34,823,6.734782,2,0,5,3,246,13,23,7,12,5,0.219,0.0,0.547,0.328,1.422,2.515,0.765,1.312,0.547
39,Premier League,2024,39,Wolves,20665,J. Bellegarde,27,France,https://media.api-sports.io/football/players/20665.png,Midfielder,37,1706,6.808823,2,7,16,5,550,29,39,10,45,14,0.106,0.369,0.844,0.264,1.53,2.057,0.528,2.374,0.739
39,Premier League,2024,39,Wolves,3080,M. Munetsi,29,Zimbabwe,https://media.api-sports.io/football/players/3080.png,Midfielder,14,1079,6.864285,2,1,16,7,201,9,24,6,10,3,0.167,0.083,1.335,0.584,0.751,2.002,0.5,0.834,0.25
39,Premier League,2024,39,Wolves,195103,João Gomes,24,Brazil,https://media.api-sports.io/football/players/195103.png,Midfielder,36,2987,6.861111,3,1,24,7,1571,23,117,25,58,30,0.09,0.03,0.723,0.211,0.693,3.525,0.753,1.748,0.904
39,Premier League,2024,39,Wolves,265784,André,24,Brazil,https://media.api-sports.io/football/players/265784.png,Midfielder,35,2495,6.93125,0,0,8,1,1335,18,92,37,28,16,0.0,0.0,0.289,0.036,0.649,3.319,1.335,1.01,0.577
39,Premier League,2024,39,Wolves,24888,Hwang Hee-Chan,29,Korea Republic,https://media.api-sports.io/football/players/24888.png,Attacker,21,650,6.585,2,0,4,3,189,3,6,2,14,2,0.277,0.0,0.554,0.415,0.415,0.831,0.277,1.938,0.277
39,Premier League,2024,39,Wolves,456206,M. Mane,18,England,https://media.api-sports.io/football/players/456206.png,Attacker,5,1,,0,0,0,0,5,0,0,0,0,0,0.0,0.0,0.0,0.0,0.0,0.0,0.0,0.0,0.0
39,Premier League,2024,39,Wolves,2032,J. Strand Larsen,25,Norway,https://media.api-sports.io/football/players/2032.png,Attacker,35,2601,6.888571,14,4,49,34,451,21,10,6,19,8,0.484,0.138,1.696,1.176,0.727,0.346,0.208,0.657,0.277
39,Premier League,2024,39,Wolves,144732,T. Doyle,24,England,https://media.api-sports.io/football/players/144732.png,Midfielder,33,521,6.657142,0,1,6,2,370,7,11,5,6,5,0.0,0.173,1.036,0.345,1.209,1.9,0.864,1.036,0.864
39,Premier League,2024,39,Wolves,303322,N. Djiga,23,Burkina Faso,https://media.api-sports.io/football/players/303322.png,Defender,13,65,6.25,0,0,0,0,46,0,0,2,0,0,0.0,0.0,0.0,0.0,0.0,0.0,2.769,0.0,0.0
39,Premier League,2024,39,Wolves,2056,Pablo Sarabia,33,Spain,https://media.api-sports.io/football/players/2056.png,Midfielder,23,805,6.730434,3,2,15,8,378,15,16,4,13,6,0.335,0.224,1.677,0.894,1.677,1.789,0.447,1.453,0.671
39,Premier League,2024,39,Wolves,19147,C. Dawson,35,England,https://media.api-sports.io/football/players/19147.png,Defender,15,967,6.633333,0,0,4,1,558,2,15,9,3,1,0.0,0.0,0.372,0.093,0.186,1.396,0.838,0.279,0.093
39,Premier League,2024,39,Wolves,283272,A. Pond,21,England,https://media.api-sports.io/football/players/283272.png,Defender,1,0,,0,0,0,0,1,0,0,0,0,0,0.0,0.0,0.0,0.0,0.0,0.0,0.0,0.0,0.0
39,Premier League,2024,39,Wolves,925,Gonçalo Guedes,29,Portugal,https://media.api-sports.io/football/players/925.png,Attacker,29,985,6.562962,2,4,19,8,310,14,16,5,24,9,0.183,0.365,1.736,0.731,1.279,1.462,0.457,2.193,0.822
39,Premier League,2024,39,Wolves,157912,B. Traoré,24,Mali,https://media.api-sports.io/football/players/157912.png,Midfielder,1,0,,0,0,0,0,0,0,2,0,0,0,0.0,0.0,0.0,0.0,0.0,0.0,0.0,0.0,0.0
39,Premier League,2024,39,Wolves,282126,Carlos Forbs,21,Portugal,https://media.api-sports.io/football/players/282126.png,Attacker,27,241,6.525,0,0,0,0,80,2,8,1,12,7,0.0,0.0,0.0,0.0,0.747,2.988,0.373,4.481,2.614
39,Premier League,2024,39,Wolves,1605,Daniel Podence,30,Portugal,https://media.api-sports.io/football/players/1605.png,Attacker,2,46,6.45,0,0,1,0,15,0,0,0,2,2,0.0,0.0,1.957,0.0,0.0,0.0,0.0,3.913,3.913
39,Premier League,2024,39,Wolves,195962,Chiquinho,25,Portugal,https://media.api-sports.io/football/players/195962.png,Attacker,1,6,6.7,0,0,0,0,2,1,0,0,0,0,0.0,0.0,0.0,0.0,15.0,0.0,0.0,0.0,0.0
39,Premier League,2024,39,Wolves,18947,M. Lemina,32,Gabon,https://media.api-sports.io/football/players/18947.png,Midfielder,17,1363,7.023529,1,3,14,5,589,10,51,27,14,10,0.066,0.198,0.924,0.33,0.66,3.368,1.783,0.924,0.66
39,Premier League,2024,39,Wolves,130,Nélson Semedo,32,Portugal,https://media.api-sports.io/football/players/130.png,Defender,34,2891,6.770588,0,4,12,7,1091,25,62,23,63,32,0.0,0.125,0.374,0.218,0.778,1.93,0.716,1.961,0.996
39,Premier League,2024,40,Liverpool,280,Alisson Becker,33,Brazil,https://media.api-sports.io/football/players/280.png,Goalkeeper,28,2509,7.110714,0,0,0,0,828,1,1,0,1,1,0.0,0.0,0.0,0.0,0.036,0.036,0.0,0.036,0.036
39,Premier League,2024,40,Liverpool,1600,K. Tsimikas,29,Greece,https://media.api-sports.io/football/players/1600.png,Defender,18,834,7.016666,0,1,3,2,525,17,31,11,10,5,0.0,0.108,0.324,0.216,1.835,3.345,1.187,1.079,0.54
39,Premier League,2024,40,Liverpool,289,A. Robertson,31,Scotland,https://media.api-sports.io/football/players/289.png,Defender,38,2492,6.836363,0,1,13,3,1541,40,39,20,17,7,0.0,0.036,0.47,0.108,1.445,1.409,0.722,0.614,0.253
39,Premier League,2024,40,Liverpool,180317,C. Bradley,22,Northern Ireland,https://media.api-sports.io/football/players/180317.png,Defender,19,748,6.783333,0,2,5,3,476,7,14,4,22,10,0.0,0.241,0.602,0.361,0.842,1.684,0.481,2.647,1.203
39,Premier League,2024,40,Liverpool,290,V. van Dijk,34,Netherlands,https://media.api-sports.io/football/players/290.png,Defender,38,3330,7.275675,3,1,24,8,2920,12,38,56,5,3,0.081,0.027,0.649,0.216,0.324,1.027,1.514,0.135,0.081
39,Premier League,2024,40,Liverpool,284,J. Gomez,28,England,https://media.api-sports.io/football/players/284.png,Defender,9,518,6.9,0,0,3,2,416,2,13,7,0,0,0.0,0.0,0.521,0.347,0.347,2.259,1.216,0.0,0.0
39,Premier League,2024,40,Liverpool,1145,I. Konaté,26,France,https://media.api-sports.io/football/players/1145.png,Defender,32,2565,7.132258,1,2,15,4,1895,10,41,17,5,3,0.035,0.07,0.526,0.14,0.351,1.439,0.596,0.175,0.105
39,Premier League,2024,40,Liverpool,542,R. Gravenberch,23,Netherlands,https://media.api-sports.io/football/players/542.png,Midfielder,37,3168,7.07027,0,4,13,5,1904,26,69,59,67,37,0.0,0.114,0.369,0.142,0.739,1.96,1.676,1.903,1.051
39,Premier League,2024,40,Liverpool,293,C. Jones,24,England,https://media.api-sports.io/football/players/293.png,Midfielder,34,1735,6.878125,3,3,19,13,1059,22,39,7,20,12,0.156,0.156,0.986,0.674,1.141,2.023,0.363,1.037,0.622
39,Premier League,2024,40,Liverpool,8500,W. Endo,32,Japan,https://media.api-sports.io/football/players/8500.png,Midfielder,20,257,6.65625,0,0,0,0,189,2,12,6,2,2,0.0,0.0,0.0,0.0,0.7,4.202,2.101,0.7,0.7
39,Premier League,2024,40,Liverpool,6716,A. Mac Allister,27,Argentina,https://media.api-sports.io/football/players/6716.png,Midfielder,35,2607,7.242857,5,5,25,14,1425,45,97,22,37,16,0.173,0.173,0.863,0.483,1.554,3.349,0.759,1.277,0.552
39,Premier League,2024,40,Liverpool,19035,H. Elliott,22,England,https://media.api-sports.io/football/players/19035.png,Midfielder,18,356,6.83125,1,2,13,4,269,10,5,1,8,4,0.253,0.506,3.287,1.011,2.528,1.264,0.253,2.022,1.011
39,Premier League,2024,40,Liverpool,1096,D. Szoboszlai,25,Hungary,https://media.api-sports.io/football/players/1096.png,Midfielder,36,2495,7.130555,6,6,42,23,1242,56,40,9,39,21,0.216,0.216,1.515,0.83,2.02,1.443,0.325,1.407,0.758
39,Premier League,2024,40,Liverpool,30410,F. Chiesa,28,Italy,https://media.api-sports.io/football/players/30410.png,Attacker,6,104,6.416666,0,0,3,2,28,2,1,0,2,0,0.0,0.0,2.596,1.731,1.731,0.865,0.0,1.731,0.0
39,Premier League,2024,40,Liverpool,314661,J. Danns,19,England,https://media.api-sports.io/football/players/314661.png,Attacker,1,10,6.3,0,0,0,0,1,0,0,0,0,0,0.0,0.0,0.0,0.0,0.0,0.0,0.0,0.0,0.0
39,Premier League,2024,40,Liverpool,306,Mohamed Salah,33,Egypt,https://media.api-sports.io/football/players/306.png,Attacker,38,3377,7.792105,29,18,104,61,1153,91,22,9,130,57,0.773,0.48,2.772,1.626,2.425,0.586,0.24,3.465,1.519
39,Premier League,2024,40,Liverpool,281,C. Kelleher,27,Republic of Ireland,https://media.api-sports.io/football/players/281.png,Goalkeeper,10,900,6.88,0,0,0,0,332,0,0,0,1,1,0.0,0.0,0.0,0.0,0.0,0.0,0.0,0.1,0.1
39,Premier League,2024,40,Liverpool,162687,V. Jaroš,24,Czechia,https://media.api-sports.io/football/players/162687.png,Goalkeeper,12,11,7.3,0,0,0,0,6,0,0,0,0,0,0.0,0.0,0.0,0.0,0.0,0.0,0.0,0.0,0.0
39,Premier League,2024,40,Liverpool,2678,Diogo Jota,29,Portugal,https://media.api-sports.io/football/players/2678.png,Attacker,26,1194,6.7,6,3,35,13,297,11,14,8,31,11,0.452,0.226,2.638,0.98,0.829,1.055,0.603,2.337,0.829
39,Premier League,2024,40,Liverpool,51617,D. Núñez,26,Uruguay,https://media.api-sports.io/football/players/51617.png,Attacker,30,1119,6.786666,5,2,28,13,224,12,21,4,22,8,0.402,0.161,2.252,1.046,0.965,1.689,0.322,1.769,0.643
39,Premier League,2024,40,Liverpool,283,T. Alexander-Arnold,27,England,https://media.api-sports.io/football/players/283.png,Defender,33,2377,7.257575,3,6,27,8,1616,56,72,31,33,16,0.114,0.227,1.022,0.303,2.12,2.726,1.174,1.249,0.606
39,Premier League,2024,40,Liverpool,158698,J. Quansah,22,England,https://media.api-sports.io/football/players/158698.png,Defender,13,487,6.6,0,0,0,0,378,2,12,7,3,1,0.0,0.0,0.0,0.0,0.37,2.218,1.294,0.554,0.185
39,Premier League,2024,40,Liverpool,2489,L. Díaz,28,Colombia,https://media.api-sports.io/football/players/2489.png,Attacker,36,2413,7.269444,13,5,49,30,827,56,39,7,104,53,0.485,0.186,1.828,1.119,2.089,1.455,0.261,3.879,1.977
39,Premier League,2024,40,Liverpool,247,C. Gakpo,26,Netherlands,https://media.api-sports.io/football/players/247.png,Attacker,35,1945,7.22,10,4,47,23,547,38,28,12,51,30,0.463,0.185,2.175,1.064,1.758,1.296,0.555,2.36,1.388
39,Premier League,2024,41,Southampton,304317,T. Dibling,19,England,https://media.api-sports.io/football/players/304317.png,Midfielder,33,1872,6.712121,2,0,20,9,585,20,34,8,89,45,0.096,0.0,0.962,0.433,0.962,1.635,0.385,4.279,2.163
39,Premier League,2024,41,Southampton,195993,C. Alcaraz,23,Argentina,https://media.api-sports.io/football/players/195993.png,Midfielder,1,9,7.04,0,3,20,11,260,14,11,5,16,9,0.0,30.0,200.0,110.0,140.0,110.0,50.0,160.0,90.0
39,Premier League,2024,41,Southampton,20355,A. Ramsdale,27,England,https://media.api-sports.io/football/players/20355.png,Goalkeeper,30,2700,,0,0,0,0,0,0,0,0,0,0,0.0,0.0,0.0,0.0,0.0,0.0,0.0,0.0,0.0
39,Premier League,2024,41,Southampton,270508,L. Ugochukwu,21,France,https://media.api-sports.io/football/players/270508.png,Midfielder,26,1663,6.688,1,1,6,1,698,14,48,14,28,19,0.054,0.054,0.325,0.054,0.758,2.598,0.758,1.515,1.028
39,Premier League,2024,41,Southampton,171,K. Walker-Peters,28,England,https://media.api-sports.io/football/players/171.png,Defender,33,2922,6.80909,0,2,12,6,1496,25,44,18,77,38,0.0,0.062,0.37,0.185,0.77,1.355,0.554,2.372,1.17
39,Premier League,2024,41,Southampton,336585,Mateus Fernandes,21,Portugal,https://media.api-sports.io/football/players/336585.png,Midfielder,36,2922,6.944444,2,4,22,14,1233,34,89,28,96,48,0.062,0.123,0.678,0.431,1.047,2.741,0.862,2.957,1.478
39,Premier League,2024,41,Southampton,665,M. Cornet,29,Côte d'Ivoire,https://media.api-sports.io/football/players/665.png,Attacker,5,71,6.7,0,0,0,0,19,0,5,0,1,0,0.0,0.0,0.0,0.0,0.0,6.338,0.0,1.268,0.0
39,Premier League,2024,41,Southampton,144729,T. Harwood-Bellis,23,England,https://media.api-sports.io/football/players/144729.png,Defender,34,2828,6.873529,1,0,14,8,2123,14,28,30,3,3,0.032,0.0,0.446,0.255,0.446,0.891,0.955,0.095,0.095
39,Premier League,2024,41,Southampton,18873,R. Fraser,31,Scotland,https://media.api-sports.io/football/players/18873.png,Midfielder,8,307,6.125,0,0,1,1,86,2,6,1,3,2,0.0,0.0,0.293,0.293,0.586,1.759,0.293,0.879,0.586
39,Premier League,2024,41,Southampton,263177,A. Grønbæk,24,Denmark,https://media.api-sports.io/football/players/263177.png,Midfielder,4,143,6.3,0,0,0,0,16,1,4,0,4,0,0.0,0.0,0.0,0.0,0.629,2.517,0.0,2.517,0.0
39,Premier League,2024,41,Southampton,130421,W. Smallbone,25,Republic of Ireland,https://media.api-sports.io/football/players/130421.png,Midfielder,18,682,6.552941,1,0,3,1,313,10,20,2,6,4,0.132,0.0,0.396,0.132,1.32,2.639,0.264,0.792,0.528
39,Premier League,2024,41,Southampton,18918,C. Taylor,32,England,https://media.api-sports.io/football/players/18918.png,Defender,8,351,6.6875,0,0,0,0,192,1,7,5,2,2,0.0,0.0,0.0,0.0,0.256,1.795,1.282,0.513,0.513
39,Premier League,2024,41,Southampton,19485,B. Brereton,26,Chile,https://media.api-sports.io/football/players/19485.png,Attacker,10,446,6.51,0,0,5,1,159,3,3,0,3,1,0.0,0.0,1.009,0.202,0.605,0.605,0.0,0.605,0.202
39,Premier League,2024,41,Southampton,18935,A. McCarthy,36,England,https://media.api-sports.io/football/players/18935.png,Goalkeeper,5,450,7.12,0,0,0,0,126,0,0,0,0,0,0.0,0.0,0.0,0.0,0.0,0.0,0.0,0.0,0.0
39,Premier League,2024,41,Southampton,180919,Welington,24,Brazil,https://media.api-sports.io/football/players/180919.png,Defender,10,482,6.677777,0,0,1,0,142,3,21,6,8,5,0.0,0.0,0.187,0.0,0.56,3.921,1.12,1.494,0.934
39,Premier League,2024,41,Southampton,18940,J. Stephens,31,England,https://media.api-sports.io/football/players/18940.png,Defender,19,1393,6.716666,1,0,4,2,938,3,34,13,4,0,0.065,0.0,0.258,0.129,0.194,2.197,0.84,0.258,0.0
39,Premier League,2024,41,Southampton,19248,N. Wood-Gordon,23,England,https://media.api-sports.io/football/players/19248.png,Defender,11,774,6.690909,0,0,2,0,471,1,14,5,5,4,0.0,0.0,0.233,0.0,0.116,1.628,0.581,0.581,0.465
39,Premier League,2024,41,Southampton,159420,R. Edwards,22,England,https://media.api-sports.io/football/players/159420.png,Defender,1,12,6.2,0,0,0,0,5,0,0,0,0,0,0.0,0.0,0.0,0.0,0.0,0.0,0.0,0.0,0.0
39,Premier League,2024,41,Southampton,19719,J. Bree,28,England,https://media.api-sports.io/football/players/19719.png,Defender,17,1076,6.670588,0,1,1,1,531,9,20,9,6,4,0.0,0.084,0.084,0.084,0.753,1.673,0.753,0.502,0.335
39,Premier League,2024,41,Southampton,19587,R. Manning,29,Republic of Ireland,https://media.api-sports.io/football/players/19587.png,Defender,24,1470,6.9875,0,1,3,1,621,34,29,17,27,11,0.0,0.061,0.184,0.061,2.082,1.776,1.041,1.653,0.673
39,Premier League,2024,41,Southampton,395809,J. Sanda,19,France,https://media.api-sports.io/football/players/395809.png,Defender,2,12,6.55,0,0,0,0,15,0,0,2,0,0,0.0,0.0,0.0,0.0,0.0,0.0,15.0,0.0,0.0
39,Premier League,2024,41,Southampton,25061,A. Bella-Kotchap,24,Germany,https://media.api-sports.io/football/players/25061.png,Defender,12,329,6.45,0,0,1,0,223,0,7,5,1,0,0.0,0.0,0.274,0.0,0.0,1.915,1.368,0.274,0.0
39,Premier League,2024,41,Southampton,32887,Y. Sugawara,25,Japan,https://media.api-sports.io/football/players/32887.png,Defender,35,1564,6.703333,1,1,9,6,720,18,31,11,19,9,0.058,0.058,0.518,0.345,1.036,1.784,0.633,1.093,0.518
39,Premier League,2024,41,Southampton,19825,J. Aribo,29,Nigeria,https://media.api-sports.io/football/players/19825.png,Midfielder,32,2014,6.734375,3,0,11,7,1031,16,48,20,44,21,0.134,0.0,0.492,0.313,0.715,2.145,0.894,1.966,0.938
39,Premier League,2024,41,Southampton,19733,F. Downes,26,England,https://media.api-sports.io/football/players/19733.png,Midfielder,27,2156,6.722222,1,0,6,3,1105,15,49,32,16,8,0.042,0.0,0.25,0.125,0.626,2.045,1.336,0.668,0.334
39,Premier League,2024,41,Southampton,278085,S. Edozie,22,England,https://media.api-sports.io/football/players/278085.png,Midfielder,2,63,6.9,0,0,0,0,29,1,3,0,4,2,0.0,0.0,0.0,0.0,1.429,4.286,0.0,5.714,2.857
39,Premier League,2024,41,Southampton,137302,C. Archer,24,England,https://media.api-sports.io/football/players/137302.png,Attacker,35,1430,6.44,2,0,22,11,246,5,13,2,35,15,0.126,0.0,1.385,0.692,0.315,0.818,0.126,2.203,0.944
39,Premier League,2024,41,Southampton,380691,Jay Robinson,18,England,https://media.api-sports.io/football/players/380691.png,Attacker,4,135,6.75,0,0,1,1,33,3,4,0,11,6,0.0,0.0,0.667,0.667,2.0,2.667,0.0,7.333,4.0
39,Premier League,2024,41,Southampton,45078,R. Stewart,29,Scotland,https://media.api-sports.io/football/players/45078.png,Attacker,12,385,6.5,1,0,5,2,95,0,6,1,5,3,0.234,0.0,1.169,0.468,0.0,1.403,0.234,1.169,0.701
39,Premier League,2024,41,Southampton,19573,J. Lumley,30,England,https://media.api-sports.io/football/players/19573.png,Goalkeeper,3,270,6.8,0,0,0,0,136,0,0,0,0,0,0.0,0.0,0.0,0.0,0.0,0.0,0.0,0.0,0.0
39,Premier League,2024,41,Southampton,295,A. Lallana,37,England,https://media.api-sports.io/football/players/295.png,Midfielder,14,357,6.630769,0,2,2,0,255,4,8,5,10,5,0.0,0.504,0.504,0.0,1.008,2.017,1.261,2.521,1.261
39,Premier League,2024,41,Southampton,334035,S. Amo-Ameyaw,19,England,https://media.api-sports.io/football/players/334035.png,Attacker,2,26,6.5,0,0,0,0,7,1,1,0,3,0,0.0,0.0,0.0,0.0,3.462,3.462,0.0,10.385,0.0
39,Premier League,2024,41,Southampton,2999,J. Bednarek,29,Poland,https://media.api-sports.io/football/players/2999.png,Defender,30,2535,6.956666,2,0,4,3,1677,5,36,56,3,3,0.071,0.0,0.142,0.107,0.178,1.278,1.988,0.107,0.107
39,Premier League,2024,41,Southampton,199837,K. Sulemana,23,Ghana,https://media.api-sports.io/football/players/199837.png,Attacker,26,1405,6.616,1,1,16,8,330,10,22,6,94,38,0.064,0.064,1.025,0.512,0.641,1.409,0.384,6.021,2.434
39,Premier League,2024,41,Southampton,19484,A. Armstrong,28,England,https://media.api-sports.io/football/players/19484.png,Attacker,20,1254,6.595,2,2,18,9,269,9,12,3,14,6,0.144,0.144,1.292,0.646,0.646,0.861,0.215,1.005,0.431
39,Premier League,2024,41,Southampton,15812,P. Onuachu,31,Nigeria,https://media.api-sports.io/football/players/15812.png,Forward,25,1067,6.67826,4,1,26,15,262,8,7,1,24,8,0.337,0.084,2.193,1.265,0.675,0.59,0.084,2.024,0.675
39,Premier League,2024,42,Arsenal,19465,David Raya,30,Spain,https://media.api-sports.io/football/players/19465.png,Goalkeeper,38,3420,7.052631,0,0,0,0,1232,1,0,2,1,1,0.0,0.0,0.0,0.0,0.026,0.0,0.053,0.026,0.026
39,Premier League,2024,42,Arsenal,2273,Kepa,31,Spain,https://media.api-sports.io/football/players/2273.png,Goalkeeper,32,2790,7.145161,0,0,1,0,901,1,1,0,1,1,0.0,0.0,0.032,0.0,0.032,0.032,0.0,0.032,0.032
39,Premier League,2024,42,Arsenal,38746,J. Timber,24,Netherlands,https://media.api-sports.io/football/players/38746.png,Defender,30,2423,6.953333,1,3,8,4,1182,17,58,22,48,24,0.037,0.111,0.297,0.149,0.631,2.154,0.817,1.783,0.891
39,Premier League,2024,42,Arsenal,19959,B. White,28,England,https://media.api-sports.io/football/players/19959.png,Defender,20,1213,6.970588,0,2,5,2,590,10,20,16,5,0,0.0,0.148,0.371,0.148,0.742,1.484,1.187,0.371,0.0
39,Premier League,2024,42,Arsenal,61431,J. Kiwior,25,Poland,https://media.api-sports.io/football/players/61431.png,Defender,37,1132,6.888235,1,0,1,1,729,5,22,6,5,3,0.08,0.0,0.08,0.08,0.398,1.749,0.477,0.398,0.239
39,Premier League,2024,42,Arsenal,313245,M. Lewis-Skelly,19,England,https://media.api-sports.io/football/players/313245.png,Defender,23,1370,6.77826,1,0,1,1,667,8,22,7,21,12,0.066,0.0,0.066,0.066,0.526,1.445,0.46,1.38,0.788
39,Premier League,2024,42,Arsenal,22224,Gabriel Magalhães,28,Brazil,https://media.api-sports.io/football/players/22224.png,Defender,28,2366,7.239285,3,1,15,5,1628,14,25,16,5,4,0.114,0.038,0.571,0.19,0.533,0.951,0.609,0.19,0.152
39,Premier League,2024,42,Arsenal,22090,W. Saliba,24,France,https://media.api-sports.io/football/players/22090.png,Defender,35,3042,6.997142,2,0,5,3,2548,7,61,21,18,12,0.059,0.0,0.148,0.089,0.207,1.805,0.621,0.533,0.355
39,Premier League,2024,42,Arsenal,641,O. Zinchenko,29,Ukraine,https://media.api-sports.io/football/players/641.png,Defender,31,542,6.742857,0,1,2,0,402,3,5,5,4,3,0.0,0.166,0.332,0.0,0.498,0.83,0.83,0.664,0.498
39,Premier League,2024,42,Arsenal,157052,R. Calafiori,23,Italy,https://media.api-sports.io/football/players/157052.png,Defender,22,984,6.938888,2,1,9,6,479,6,27,9,12,9,0.183,0.091,0.823,0.549,0.549,2.47,0.823,1.098,0.823
39,Premier League,2024,42,Arsenal,2937,D. Rice,26,England,https://media.api-sports.io/football/players/2937.png,Midfielder,35,2833,7.351428,4,7,33,15,1476,61,53,25,28,14,0.127,0.222,1.048,0.477,1.938,1.684,0.794,0.89,0.445
39,Premier League,2024,42,Arsenal,313236,E. Nwaneri,18,England,https://media.api-sports.io/football/players/313236.png,Midfielder,36,946,6.915384,4,2,12,9,364,16,11,2,56,37,0.381,0.19,1.142,0.856,1.522,1.047,0.19,5.328,3.52
39,Premier League,2024,42,Arsenal,37127,M. Ødegaard,27,Norway,https://media.api-sports.io/football/players/37127.png,Midfielder,30,2331,7.29,3,8,30,17,1390,64,19,6,57,25,0.116,0.309,1.158,0.656,2.471,0.734,0.232,2.201,0.965
39,Premier League,2024,42,Arsenal,47311,Mikel Merino,29,Spain,https://media.api-sports.io/football/players/47311.png,Midfielder,28,1581,7.039285,7,2,31,15,558,18,46,15,19,9,0.398,0.114,1.765,0.854,1.025,2.619,0.854,1.082,0.512
39,Premier League,2024,42,Arsenal,727,R. Nelson,26,England,https://media.api-sports.io/football/players/727.png,Attacker,2,2,,0,0,0,0,0,0,1,0,0,0,0.0,0.0,0.0,0.0,0.0,45.0,0.0,0.0,0.0
39,Premier League,2024,42,Arsenal,643,Gabriel Jesus,28,Brazil,https://media.api-sports.io/football/players/643.png,Attacker,17,603,6.8625,3,0,16,8,190,8,10,4,19,9,0.448,0.0,2.388,1.194,1.194,1.493,0.597,2.836,1.343
39,Premier League,2024,42,Arsenal,1460,B. Saka,24,England,https://media.api-sports.io/football/players/1460.png,Attacker,25,1735,7.528,6,10,41,23,598,61,30,3,78,41,0.311,0.519,2.127,1.193,3.164,1.556,0.156,4.046,2.127
39,Premier League,2024,42,Arsenal,978,K. Havertz,26,Germany,https://media.api-sports.io/football/players/978.png,Attacker,23,1875,7.056521,9,3,44,21,502,17,16,6,33,9,0.432,0.144,2.112,1.008,0.816,0.768,0.288,1.584,0.432
39,Premier League,2024,42,Arsenal,1946,L. Trossard,31,Belgium,https://media.api-sports.io/football/players/1946.png,Attacker,38,2551,7.078947,8,7,44,22,853,42,31,9,75,38,0.282,0.247,1.552,0.776,1.482,1.094,0.318,2.646,1.341
39,Premier League,2024,42,Arsenal,127769,Gabriel Martinelli,24,Brazil,https://media.api-sports.io/football/players/127769.png,Attacker,33,2298,6.893939,8,4,40,25,589,40,23,5,92,33,0.313,0.157,1.567,0.979,1.567,0.901,0.196,3.603,1.292
39,Premier League,2024,42,Arsenal,402329,A. Heaven,19,England,https://media.api-sports.io/football/players/402329.png,Defender,3,0,,0,0,0,0,0,0,0,0,0,0,0.0,0.0,0.0,0.0,0.0,0.0,0.0,0.0,0.0
39,Premier League,2024,42,Arsenal,153407,N. Butler-Oyedeji,22,England,https://media.api-sports.io/football/players/153407.png,Attacker,1,6,6.7,0,0,1,1,0,0,0,0,0,0,0.0,0.0,15.0,15.0,0.0,0.0,0.0,0.0,0.0
39,Premier League,2024,42,Arsenal,645,R. Sterling,31,England,https://media.api-sports.io/football/players/645.png,Attacker,17,496,6.64375,0,2,4,0,182,8,9,1,20,10,0.0,0.363,0.726,0.0,1.452,1.633,0.181,3.629,1.815
39,Premier League,2024,42,Arsenal,49,T. Partey,32,Ghana,https://media.api-sports.io/football/players/49.png,Midfielder,35,2798,7.154285,4,2,21,9,1840,19,89,35,33,24,0.129,0.064,0.675,0.289,0.611,2.863,1.126,1.061,0.772
39,Premier League,2024,42,Arsenal,1117,K. Tierney,28,Scotland,https://media.api-sports.io/football/players/1117.png,Defender,13,250,6.863636,1,0,2,1,145,8,7,3,3,2,0.36,0.0,0.72,0.36,2.88,2.52,1.08,1.08,0.72
39,Premier League,2024,42,Arsenal,2597,T. Tomiyasu,27,Japan,https://media.api-sports.io/football/players/2597.png,Defender,1,16,6.7,0,0,1,0,4,0,0,0,0,0,0.0,0.0,5.625,0.0,0.0,0.0,0.0,0.0,0.0
39,Premier League,2024,42,Arsenal,2289,Jorginho,34,Italy,https://media.api-sports.io/football/players/2289.png,Midfielder,15,705,6.675,0,0,2,0,473,3,12,7,3,1,0.0,0.0,0.255,0.0,0.383,1.532,0.894,0.383,0.128
39,Premier League,2024,45,Everton,18860,M. Travers,26,Republic of Ireland,https://media.api-sports.io/football/players/18860.png,Goalkeeper,23,450,7.64,0,0,0,0,113,0,0,0,0,0,0.0,0.0,0.0,0.0,0.0,0.0,0.0,0.0,0.0
39,Premier League,2024,45,Everton,82855,T. King,30,Wales,https://media.api-sports.io/football/players/82855.png,Goalkeeper,3,1,,0,0,0,0,0,0,0,0,0,0,0.0,0.0,0.0,0.0,0.0,0.0,0.0,0.0,0.0
39,Premier League,2024,45,Everton,2932,J. Pickford,31,England,https://media.api-sports.io/football/players/2932.png,Goalkeeper,38,3420,7.260526,0,1,0,0,1425,2,1,1,0,0,0.0,0.026,0.0,0.0,0.053,0.026,0.026,0.0,0.0
39,Premier League,2024,45,Everton,2934,M. Keane,32,England,https://media.api-sports.io/football/players/2934.png,Defender,14,1046,6.984615,3,0,8,4,372,2,12,16,1,0,0.258,0.0,0.688,0.344,0.172,1.033,1.377,0.086,0.0
39,Premier League,2024,45,Everton,138417,N. Patterson,24,Scotland,https://media.api-sports.io/football/players/138417.png,Defender,10,343,6.675,0,1,1,0,120,4,11,2,11,9,0.0,0.262,0.262,0.0,1.05,2.886,0.525,2.886,2.362
39,Premier League,2024,45,Everton,17661,J. Branthwaite,23,England,https://media.api-sports.io/football/players/17661.png,Defender,30,2510,7.053333,0,1,7,3,1184,3,36,27,5,3,0.0,0.036,0.251,0.108,0.108,1.291,0.968,0.179,0.108
39,Premier League,2024,45,Everton,18758,S. Coleman,37,Republic of Ireland,https://media.api-sports.io/football/players/18758.png,Defender,5,215,6.58,0,0,1,1,74,0,3,1,5,4,0.0,0.0,0.419,0.419,0.0,1.256,0.419,2.093,1.674
39,Premier League,2024,45,Everton,2936,J. Tarkowski,33,England,https://media.api-sports.io/football/players/2936.png,Defender,33,2924,7.266666,1,1,11,4,1277,16,64,41,7,5,0.031,0.031,0.339,0.123,0.492,1.97,1.262,0.215,0.154
39,Premier League,2024,45,Everton,270139,J. O&apos;Brien,24,Republic of Ireland,https://media.api-sports.io/football/players/270139.png,Defender,20,1569,6.905,2,0,4,3,605,6,26,4,9,4,0.115,0.0,0.229,0.172,0.344,1.491,0.229,0.516,0.229
39,Premier League,2024,45,Everton,2165,V. Mykolenko,26,Ukraine,https://media.api-sports.io/football/players/2165.png,Defender,35,3084,6.988571,1,2,8,1,972,25,63,44,17,8,0.029,0.058,0.233,0.029,0.73,1.839,1.284,0.496,0.233
39,Premier League,2024,45,Everton,2990,I. Gueye,36,Senegal,https://media.api-sports.io/football/players/2990.png,Midfielder,37,3070,6.983783,0,3,20,5,1400,19,133,48,37,18,0.0,0.088,0.586,0.147,0.557,3.899,1.407,1.085,0.528
39,Premier League,2024,45,Everton,895,J. Garner,24,England,https://media.api-sports.io/football/players/895.png,Midfielder,21,1595,6.942857,0,1,10,4,697,13,47,23,20,7,0.0,0.056,0.564,0.226,0.734,2.652,1.298,1.129,0.395
39,Premier League,2024,45,Everton,405360,H. Armstrong,18,England,https://media.api-sports.io/football/players/405360.png,Midfielder,3,45,6.3,0,0,1,0,13,1,0,0,1,1,0.0,0.0,2.0,0.0,2.0,0.0,0.0,2.0,2.0
39,Premier League,2024,45,Everton,195993,C. Alcaraz,23,Argentina,https://media.api-sports.io/football/players/195993.png,Midfielder,15,761,7.04,2,3,20,11,260,14,11,5,16,9,0.237,0.355,2.365,1.301,1.656,1.301,0.591,1.892,1.064
39,Premier League,2024,45,Everton,284500,T. Iroegbunam,22,England,https://media.api-sports.io/football/players/284500.png,Midfielder,18,563,6.623529,0,1,3,0,155,3,29,16,16,8,0.0,0.16,0.48,0.0,0.48,4.636,2.558,2.558,1.279
39,Premier League,2024,45,Everton,18929,D. McNeil,26,England,https://media.api-sports.io/football/players/18929.png,Attacker,21,1376,7.185,4,6,19,10,505,38,13,6,44,24,0.262,0.392,1.243,0.654,2.485,0.85,0.392,2.878,1.57
39,Premier League,2024,45,Everton,18592,I. Ndiaye,25,Senegal,https://media.api-sports.io/football/players/18592.png,Attacker,33,2441,7.051515,9,0,27,18,691,18,53,20,132,68,0.332,0.0,0.995,0.664,0.664,1.954,0.737,4.867,2.507
39,Premier League,2024,45,Everton,125743,Beto,27,Portugal,https://media.api-sports.io/football/players/125743.png,Attacker,30,1529,6.763333,8,0,41,23,265,12,14,4,36,19,0.471,0.0,2.413,1.354,0.706,0.824,0.235,2.119,1.118
39,Premier League,2024,45,Everton,330412,Youssef Chermiti,21,Portugal,https://media.api-sports.io/football/players/330412.png,Attacker,4,41,6.466666,0,0,1,1,10,0,0,0,1,1,0.0,0.0,2.195,2.195,0.0,0.0,0.0,2.195,2.195
39,Premier League,2024,45,Everton,18766,D. Calvert-Lewin,28,England,https://media.api-sports.io/football/players/18766.png,Attacker,26,1629,6.66923,3,1,42,20,282,8,9,7,23,10,0.166,0.055,2.32,1.105,0.442,0.497,0.387,1.271,0.552
39,Premier League,2024,45,Everton,19128,J. Harrison,29,England,https://media.api-sports.io/football/players/19128.png,Attacker,34,2084,6.657575,1,0,19,7,513,34,32,10,67,24,0.043,0.0,0.821,0.302,1.468,1.382,0.432,2.893,1.036
39,Premier League,2024,45,Everton,138822,A. Broja,24,Albania,https://media.api-sports.io/football/players/138822.png,Attacker,10,331,6.57,0,0,4,0,71,4,3,1,15,8,0.0,0.0,1.088,0.0,1.088,0.816,0.272,4.079,2.175
39,Premier League,2024,45,Everton,24882,O. Mangala,27,Belgium,https://media.api-sports.io/football/players/24882.png,Midfielder,19,1262,6.931578,1,0,14,6,483,8,16,21,23,14,0.071,0.0,0.998,0.428,0.571,1.141,1.498,1.64,0.998
39,Premier League,2024,45,Everton,894,A. Young,40,England,https://media.api-sports.io/football/players/894.png,Defender,32,1868,6.896774,1,3,3,3,737,26,58,25,16,7,0.048,0.145,0.145,0.145,1.253,2.794,1.204,0.771,0.337
39,Premier League,2024,45,Everton,18805,A. Doucouré,32,Mali,https://media.api-sports.io/football/players/18805.png,Midfielder,33,2577,6.757575,3,2,18,10,874,27,48,10,45,24,0.105,0.07,0.629,0.349,0.943,1.676,0.349,1.572,0.838
39,Premier League,2024,45,Everton,297640,Roman Dixon,21,England,https://media.api-sports.io/football/players/297640.png,Defender,3,90,6.2,0,0,0,0,16,0,5,1,3,0,0.0,0.0,0.0,0.0,0.0,5.0,1.0,3.0,0.0
39,Premier League,2024,45,Everton,15884,J. Lindstrøm,25,Denmark,https://media.api-sports.io/football/players/15884.png,Midfielder,25,1241,6.656,0,1,20,10,348,19,45,12,39,8,0.0,0.073,1.45,0.725,1.378,3.263,0.87,2.828,0.58
39,Premier League,2024,45,Everton,19150,M. Holgate,29,England,https://media.api-sports.io/football/players/19150.png,Defender,1,5,6.2,0,0,0,0,0,0,0,0,0,0,0.0,0.0,0.0,0.0,0.0,0.0,0.0,0.0,0.0
39,Premier League,2024,46,Leicester,1135,O. Édouard,27,France,https://media.api-sports.io/football/players/1135.png,Attacker,4,25,6.7,0,0,3,1,27,1,1,0,1,0,0.0,0.0,10.8,3.6,3.6,3.6,0.0,3.6,0.0
39,Premier League,2024,46,Leicester,311334,F. Buonanotte,21,Argentina,https://media.api-sports.io/football/players/311334.png,Midfielder,31,1515,6.829032,5,2,27,12,515,25,53,12,78,28,0.297,0.119,1.604,0.713,1.485,3.149,0.713,4.634,1.663
39,Premier League,2024,46,Leicester,19760,J. Justin,27,England,https://media.api-sports.io/football/players/19760.png,Defender,36,2920,6.769444,2,2,14,7,1233,14,58,46,22,9,0.062,0.062,0.432,0.216,0.432,1.788,1.418,0.678,0.277
39,Premier League,2024,46,Leicester,15870,M. Hermansen,25,Denmark,https://media.api-sports.io/football/players/15870.png,Goalkeeper,27,2386,6.962962,0,0,0,0,936,0,1,0,1,1,0.0,0.0,0.0,0.0,0.0,0.038,0.0,0.038,0.038
39,Premier League,2024,46,Leicester,330986,M. Golding,19,England,https://media.api-sports.io/football/players/330986.png,Midfielder,2,1,,0,0,0,0,0,0,0,0,0,0,0.0,0.0,0.0,0.0,0.0,0.0,0.0,0.0,0.0
39,Premier League,2024,46,Leicester,19004,B. De Cordova-Reid,32,Jamaica,https://media.api-sports.io/football/players/19004.png,Attacker,23,740,6.490476,1,2,5,3,186,6,9,0,8,0,0.122,0.243,0.608,0.365,0.73,1.095,0.0,0.973,0.0
39,Premier League,2024,46,Leicester,18741,C. Coady,32,England,https://media.api-sports.io/football/players/18741.png,Defender,22,1714,6.545454,1,0,2,2,1069,1,13,13,2,1,0.053,0.0,0.105,0.105,0.053,0.683,0.683,0.105,0.053
39,Premier League,2024,46,Leicester,18146,D. Ward,32,Wales,https://media.api-sports.io/football/players/18146.png,Goalkeeper,2,134,6.25,0,0,0,0,44,0,0,0,1,0,0.0,0.0,0.0,0.0,0.0,0.0,0.0,0.672,0.0
39,Premier League,2024,46,Leicester,283290,K. McAteer,24,England,https://media.api-sports.io/football/players/283290.png,Midfielder,18,851,6.694117,1,1,12,7,218,9,21,5,21,6,0.106,0.106,1.269,0.74,0.952,2.221,0.529,2.221,0.635
39,Premier League,2024,46,Leicester,152970,J. Stolarczyk,25,Poland,https://media.api-sports.io/football/players/152970.png,Goalkeeper,10,900,6.93,0,0,0,0,350,0,2,0,0,0,0.0,0.0,0.0,0.0,0.0,0.2,0.0,0.0,0.0
39,Premier League,2024,46,Leicester,18943,J. Vestergaard,33,Denmark,https://media.api-sports.io/football/players/18943.png,Defender,20,1395,6.744444,0,0,2,2,954,3,22,16,4,4,0.0,0.0,0.129,0.129,0.194,1.419,1.032,0.258,0.258
39,Premier League,2024,46,Leicester,152969,L. Thomas,24,England,https://media.api-sports.io/football/players/152969.png,Defender,14,1113,6.853846,0,0,0,0,516,9,31,21,6,3,0.0,0.0,0.0,0.0,0.728,2.507,1.698,0.485,0.243
39,Premier League,2024,46,Leicester,417310,O. Aluko,19,England,https://media.api-sports.io/football/players/417310.png,Defender,2,1,,0,0,0,0,5,0,1,0,1,0,0.0,0.0,0.0,0.0,0.0,90.0,0.0,90.0,0.0
39,Premier League,2024,46,Leicester,8694,W. Faes,27,Belgium,https://media.api-sports.io/football/players/8694.png,Defender,34,2811,6.8,1,0,9,1,1550,4,42,25,6,5,0.032,0.0,0.288,0.032,0.128,1.345,0.8,0.192,0.16
39,Premier League,2024,46,Leicester,18771,Ricardo Pereira,32,Portugal,https://media.api-sports.io/football/players/18771.png,Defender,18,392,6.75,0,0,2,1,210,0,13,4,8,6,0.0,0.0,0.459,0.23,0.0,2.985,0.918,1.837,1.378
39,Premier League,2024,46,Leicester,128338,W. Coulibaly,26,France,https://media.api-sports.io/football/players/128338.png,Defender,4,107,6.6,0,0,2,1,44,0,6,5,1,0,0.0,0.0,1.682,0.841,0.0,5.047,4.206,0.841,0.0
39,Premier League,2024,46,Leicester,158710,V. Kristiansen,23,Denmark,https://media.api-sports.io/football/players/158710.png,Defender,30,2490,6.723333,0,1,3,0,1027,18,87,42,17,8,0.0,0.036,0.108,0.0,0.651,3.145,1.518,0.614,0.289
39,Premier League,2024,46,Leicester,30427,C. Okoli,24,Italy,https://media.api-sports.io/football/players/30427.png,Defender,19,1122,6.752941,1,0,4,2,643,0,25,15,0,0,0.08,0.0,0.321,0.16,0.0,2.005,1.203,0.0,0.0
39,Premier League,2024,46,Leicester,460853,J. Monga,16,England,https://media.api-sports.io/football/players/460853.png,Midfielder,7,118,6.585714,0,0,2,1,25,1,2,0,5,2,0.0,0.0,1.525,0.763,0.763,1.525,0.0,3.814,1.525
39,Premier League,2024,46,Leicester,340573,B. El Khannouss,21,Morocco,https://media.api-sports.io/football/players/340573.png,Midfielder,32,2194,6.8875,2,3,19,7,956,42,51,6,57,34,0.082,0.123,0.779,0.287,1.723,2.092,0.246,2.338,1.395
39,Premier League,2024,46,Leicester,180,O. Skipp,25,England,https://media.api-sports.io/football/players/180.png,Midfielder,24,1121,6.5375,0,0,3,1,495,9,21,11,12,7,0.0,0.0,0.241,0.08,0.723,1.686,0.883,0.963,0.562
39,Premier League,2024,46,Leicester,18779,H. Choudhury,28,England,https://media.api-sports.io/football/players/18779.png,Midfielder,4,130,6.675,0,0,0,0,76,2,1,5,4,3,0.0,0.0,0.0,0.0,1.385,0.692,3.462,2.769,2.077
39,Premier League,2024,46,Leicester,305733,W. Alves,20,England,https://media.api-sports.io/football/players/305733.png,Midfielder,1,0,,0,0,0,0,1,0,0,0,0,0,0.0,0.0,0.0,0.0,0.0,0.0,0.0,0.0,0.0
39,Premier League,2024,46,Leicester,182,H. Winks,29,England,https://media.api-sports.io/football/players/182.png,Midfielder,22,1539,6.822727,0,2,9,4,1003,17,24,9,11,3,0.0,0.117,0.526,0.234,0.994,1.404,0.526,0.643,0.175
39,Premier League,2024,46,Leicester,22233,B. Soumaré,26,France,https://media.api-sports.io/football/players/22233.png,Midfielder,31,2171,6.706451,0,0,4,0,1219,11,37,27,41,27,0.0,0.0,0.166,0.0,0.456,1.534,1.119,1.7,1.119
39,Premier League,2024,46,Leicester,434183,J. Evans,17,England,https://media.api-sports.io/football/players/434183.png,Attacker,5,31,6.4,0,0,0,0,3,0,1,0,0,0,0.0,0.0,0.0,0.0,0.0,2.903,0.0,0.0,0.0
39,Premier League,2024,46,Leicester,303467,A. Fatawu,21,Ghana,https://media.api-sports.io/football/players/303467.png,Attacker,11,575,7.055555,0,2,11,5,158,6,21,4,57,29,0.0,0.313,1.722,0.783,0.939,3.287,0.626,8.922,4.539
39,Premier League,2024,46,Leicester,3428,J. Ayew,34,Ghana,https://media.api-sports.io/football/players/3428.png,Attacker,30,1642,6.3,5,0,1,0,9,1,1,0,0,0,0.274,0.0,0.055,0.0,0.055,0.055,0.0,0.0,0.0
39,Premier League,2024,46,Leicester,879,S. Mavididi,27,England,https://media.api-sports.io/football/players/879.png,Attacker,30,1615,6.713333,4,1,16,7,528,24,34,11,82,35,0.223,0.056,0.892,0.39,1.337,1.895,0.613,4.57,1.95
39,Premier League,2024,46,Leicester,1098,P. Daka,27,Zambia,https://media.api-sports.io/football/players/1098.png,Attacker,23,721,6.531818,1,0,10,4,137,1,20,1,13,2,0.125,0.0,1.248,0.499,0.125,2.497,0.125,1.623,0.25
39,Premier League,2024,46,Leicester,18788,J. Vardy,38,England,https://media.api-sports.io/football/players/18788.png,Attacker,35,2840,6.754285,9,4,47,26,371,19,19,5,21,11,0.285,0.127,1.489,0.824,0.602,0.602,0.158,0.665,0.349
39,Premier League,2024,46,Leicester,18786,W. Ndidi,29,Nigeria,https://media.api-sports.io/football/players/18786.png,Midfielder,28,2336,6.939285,0,5,20,8,1004,17,86,30,31,13,0.0,0.193,0.771,0.308,0.655,3.313,1.156,1.194,0.501
39,Premier League,2024,47,Tottenham,265826,A. Kinský,22,Czechia,https://media.api-sports.io/football/players/265826.png,Goalkeeper,6,540,7.45,0,0,0,0,179,1,3,0,0,0,0.0,0.0,0.0,0.0,0.167,0.5,0.0,0.0,0.0
39,Premier League,2024,47,Tottenham,156428,B. Austin,26,England,https://media.api-sports.io/football/players/156428.png,Goalkeeper,1,90,7.3,0,0,0,0,27,0,0,0,0,0,0.0,0.0,0.0,0.0,0.0,0.0,0.0,0.0,0.0
39,Premier League,2024,47,Tottenham,31354,G. Vicario,29,Italy,https://media.api-sports.io/football/players/31354.png,Goalkeeper,26,2160,7.0625,0,0,0,0,753,0,0,1,1,1,0.0,0.0,0.0,0.0,0.0,0.0,0.042,0.042,0.042
39,Premier League,2024,47,Tottenham,164,B. Davies,32,Wales,https://media.api-sports.io/football/players/164.png,Defender,24,1330,6.870588,0,0,4,1,1009,2,18,12,1,1,0.0,0.0,0.271,0.068,0.135,1.218,0.812,0.068,0.068
39,Premier League,2024,47,Tottenham,19235,D. Spence,25,England,https://media.api-sports.io/football/players/19235.png,Defender,25,1788,6.820833,1,2,7,3,975,11,49,22,68,36,0.05,0.101,0.352,0.151,0.554,2.466,1.107,3.423,1.812
39,Premier League,2024,47,Tottenham,30776,C. Romero,27,Argentina,https://media.api-sports.io/football/players/30776.png,Defender,18,1421,7.027777,1,0,14,8,1209,8,36,20,3,1,0.063,0.0,0.887,0.507,0.507,2.28,1.267,0.19,0.063
39,Premier League,2024,47,Tottenham,47519,Pedro Porro,26,Spain,https://media.api-sports.io/football/players/47519.png,Defender,33,2609,7.20303,2,6,27,8,1440,57,66,36,38,14,0.069,0.207,0.931,0.276,1.966,2.277,1.242,1.311,0.483
39,Premier League,2024,47,Tottenham,152849,M. van de Ven,24,Netherlands,https://media.api-sports.io/football/players/152849.png,Defender,19,1018,6.753846,0,2,5,2,793,2,10,10,8,4,0.0,0.177,0.442,0.177,0.177,0.884,0.884,0.707,0.354
39,Premier League,2024,47,Tottenham,25287,K. Danso,27,Austria,https://media.api-sports.io/football/players/25287.png,Defender,10,842,6.94,0,0,7,3,553,2,7,6,3,2,0.0,0.0,0.748,0.321,0.214,0.748,0.641,0.321,0.214
39,Premier League,2024,47,Tottenham,162498,R. Drăgușin,23,Romania,https://media.api-sports.io/football/players/162498.png,Defender,16,1253,6.65625,0,0,5,1,836,4,10,15,0,0,0.0,0.0,0.359,0.072,0.287,0.718,1.077,0.0,0.0
39,Premier League,2024,47,Tottenham,204039,D. Udogie,23,Italy,https://media.api-sports.io/football/players/204039.png,Defender,25,1933,6.98,0,1,2,1,953,16,75,22,28,12,0.0,0.047,0.093,0.047,0.745,3.492,1.024,1.304,0.559
39,Premier League,2024,47,Tottenham,30435,D. Kulusevski,25,Sweden,https://media.api-sports.io/football/players/30435.png,Midfielder,32,2390,6.9,7,4,28,18,789,66,43,13,109,38,0.264,0.151,1.054,0.678,2.485,1.619,0.49,4.105,1.431
39,Premier League,2024,47,Tottenham,18968,Y. Bissouma,29,Mali,https://media.api-sports.io/football/players/18968.png,Midfielder,28,1407,6.632142,2,0,7,4,846,6,49,18,22,7,0.128,0.0,0.448,0.256,0.384,3.134,1.151,1.407,0.448
39,Premier League,2024,47,Tottenham,237129,P. Sarr,23,Senegal,https://media.api-sports.io/football/players/237129.png,Midfielder,36,1915,6.844444,3,2,27,13,996,16,49,30,28,11,0.141,0.094,1.269,0.611,0.752,2.303,1.41,1.316,0.517
39,Premier League,2024,47,Tottenham,347316,L. Bergvall,19,Sweden,https://media.api-sports.io/football/players/347316.png,Midfielder,27,1202,6.726923,0,1,7,2,688,12,39,23,41,21,0.0,0.075,0.524,0.15,0.899,2.92,1.722,3.07,1.572
39,Premier League,2024,47,Tottenham,863,R. Bentancur,28,Uruguay,https://media.api-sports.io/football/players/863.png,Midfielder,26,1654,6.896153,2,0,13,6,1067,10,40,40,16,9,0.109,0.0,0.707,0.326,0.544,2.177,2.177,0.871,0.49
39,Premier League,2024,47,Tottenham,18784,J. Maddison,29,England,https://media.api-sports.io/football/players/18784.png,Midfielder,31,1817,7.329032,9,7,28,17,1147,42,31,12,67,33,0.446,0.347,1.387,0.842,2.08,1.535,0.594,3.319,1.635
39,Premier League,2024,47,Tottenham,336564,W. Odobert,21,France,https://media.api-sports.io/football/players/336564.png,Attacker,16,849,6.546666,1,0,8,4,245,6,14,4,29,12,0.106,0.0,0.848,0.424,0.636,1.484,0.424,3.074,1.272
39,Premier League,2024,47,Tottenham,129711,B. Johnson,24,Wales,https://media.api-sports.io/football/players/129711.png,Attacker,33,2178,7.072727,11,3,43,20,570,19,39,4,41,19,0.455,0.124,1.777,0.826,0.785,1.612,0.165,1.694,0.785
39,Premier League,2024,47,Tottenham,270510,M. Tel,20,France,https://media.api-sports.io/football/players/270510.png,Attacker,13,913,6.923076,2,1,14,9,223,14,16,2,46,15,0.197,0.099,1.38,0.887,1.38,1.577,0.197,4.535,1.479
39,Premier League,2024,47,Tottenham,18883,D. Solanke,28,England,https://media.api-sports.io/football/players/18883.png,Attacker,27,2205,6.862962,9,3,44,26,353,14,18,1,48,17,0.367,0.122,1.796,1.061,0.571,0.735,0.041,1.959,0.694
39,Premier League,2024,47,Tottenham,2413,Richarlison,28,Brazil,https://media.api-sports.io/football/players/2413.png,Attacker,17,514,6.606666,4,1,15,7,96,4,5,0,15,1,0.7,0.175,2.626,1.226,0.7,0.875,0.0,2.626,0.175
39,Premier League,2024,47,Tottenham,739,Reguilón,29,Spain,https://media.api-sports.io/football/players/739.png,Defender,4,194,6.7,0,0,1,0,107,1,4,4,3,2,0.0,0.0,0.464,0.0,0.464,1.856,1.856,1.392,0.928
39,Premier League,2024,47,Tottenham,18932,F. Forster,37,England,https://media.api-sports.io/football/players/18932.png,Goalkeeper,7,630,7.085714,0,0,0,0,167,0,0,0,1,1,0.0,0.0,0.0,0.0,0.0,0.0,0.0,0.143,0.143
39,Premier League,2024,47,Tottenham,1166,T. Werner,29,Germany,https://media.api-sports.io/football/players/1166.png,Attacker,18,508,6.635294,0,3,8,3,198,10,6,1,18,10,0.0,0.531,1.417,0.531,1.772,1.063,0.177,3.189,1.772
39,Premier League,2024,47,Tottenham,186,Son Heung-Min,33,Korea Republic,https://media.api-sports.io/football/players/186.png,Attacker,30,2116,7.263333,7,9,39,26,833,50,17,5,70,29,0.298,0.383,1.659,1.106,2.127,0.723,0.213,2.977,1.233
39,Premier League,2024,47,Tottenham,311817,A. Dorrington,20,England,https://media.api-sports.io/football/players/311817.png,Defender,1,13,6.7,0,0,0,0,16,0,0,0,0,0,0.0,0.0,0.0,0.0,0.0,0.0,0.0,0.0,0.0
39,Premier League,2024,47,Tottenham,380690,M. Moore,18,England,https://media.api-sports.io/football/players/380690.png,Attacker,10,362,6.44,0,1,2,1,78,3,2,1,16,2,0.0,0.249,0.497,0.249,0.746,0.497,0.249,3.978,0.497
39,Premier League,2024,47,Tottenham,328089,A. Gray,19,England,https://media.api-sports.io/football/players/328089.png,Midfielder,28,1746,6.532142,0,0,1,1,1079,3,16,19,12,7,0.0,0.0,0.052,0.052,0.155,0.825,0.979,0.619,0.361
39,Premier League,2024,47,Tottenham,393195,W. Lankshear,20,England,https://media.api-sports.io/football/players/393195.png,Attacker,3,8,6.2,0,0,0,0,1,0,0,0,0,0,0.0,0.0,0.0,0.0,0.0,0.0,0.0,0.0,0.0
39,Premier League,2024,48,West Ham,129643,E. Ferguson,21,Republic of Ireland,https://media.api-sports.io/football/players/129643.png,Attacker,8,150,6.584615,0,0,5,2,57,3,4,0,2,1,0.0,0.0,3.0,1.2,1.8,2.4,0.0,1.2,0.6
39,Premier League,2024,48,West Ham,15911,M. Kudus,25,Ghana,https://media.api-sports.io/football/players/15911.png,Midfielder,32,2604,6.846875,5,3,46,22,769,31,38,4,189,91,0.173,0.104,1.59,0.76,1.071,1.313,0.138,6.532,3.145
39,Premier League,2024,48,West Ham,2997,Ł. Fabiański,40,Poland,https://media.api-sports.io/football/players/2997.png,Goalkeeper,14,1160,7.028571,0,0,0,0,435,0,1,0,3,3,0.0,0.0,0.0,0.0,0.0,0.078,0.0,0.233,0.233
39,Premier League,2024,48,West Ham,253,A. Areola,32,France,https://media.api-sports.io/football/players/253.png,Goalkeeper,26,2260,6.907692,0,0,0,0,865,0,2,0,0,0,0.0,0.0,0.0,0.0,0.0,0.08,0.0,0.0,0.0
39,Premier League,2024,48,West Ham,2284,Emerson,31,Italy,https://media.api-sports.io/football/players/2284.png,Defender,35,2132,6.703225,2,1,12,7,868,16,60,21,27,10,0.084,0.042,0.507,0.295,0.675,2.533,0.886,1.14,0.422
39,Premier League,2024,48,West Ham,1445,K. Mavropanos,28,Greece,https://media.api-sports.io/football/players/1445.png,Defender,33,2038,6.765625,0,0,15,5,1241,5,35,40,14,9,0.0,0.0,0.662,0.221,0.221,1.546,1.766,0.618,0.397
39,Premier League,2024,48,West Ham,138,J. Todibo,26,France,https://media.api-sports.io/football/players/138.png,Defender,32,1855,6.674074,0,0,5,0,1071,2,47,26,16,9,0.0,0.0,0.243,0.0,0.097,2.28,1.261,0.776,0.437
39,Premier League,2024,48,West Ham,18744,M. Kilman,28,England,https://media.api-sports.io/football/players/18744.png,Defender,38,3349,6.960526,0,1,9,3,1948,16,39,36,18,16,0.0,0.027,0.242,0.081,0.43,1.048,0.967,0.484,0.43
39,Premier League,2024,48,West Ham,18846,A. Wan-Bissaka,28,England,https://media.api-sports.io/football/players/18846.png,Defender,36,3155,7.169444,2,5,13,5,1503,33,70,65,106,64,0.057,0.143,0.371,0.143,0.941,1.997,1.854,3.024,1.826
39,Premier League,2024,48,West Ham,327730,O. Scarles,20,England,https://media.api-sports.io/football/players/327730.png,Defender,15,662,6.7,0,0,1,0,322,2,21,11,7,2,0.0,0.0,0.136,0.0,0.272,2.855,1.495,0.952,0.272
39,Premier League,2024,48,West Ham,1646,Lucas Paquetá,28,Brazil,https://media.api-sports.io/football/players/1646.png,Midfielder,33,2384,6.890909,4,0,27,6,1408,36,66,18,42,21,0.151,0.0,1.019,0.227,1.359,2.492,0.68,1.586,0.793
39,Premier League,2024,48,West Ham,1243,T. Souček,30,Czechia,https://media.api-sports.io/football/players/1243.png,Midfielder,35,2572,7.014285,9,1,45,18,948,15,46,20,12,6,0.315,0.035,1.575,0.63,0.525,1.61,0.7,0.42,0.21
39,Premier League,2024,48,West Ham,2476,G. Rodríguez,31,Argentina,https://media.api-sports.io/football/players/2476.png,Midfielder,36,1172,6.74,0,1,5,1,563,4,36,13,4,3,0.0,0.077,0.384,0.077,0.307,2.765,0.998,0.307,0.23
39,Premier League,2024,48,West Ham,288118,L. Orford,19,England,https://media.api-sports.io/football/players/288118.png,Midfielder,5,47,6.8,0,0,1,0,37,2,0,1,0,0,0.0,0.0,1.915,0.0,3.83,0.0,1.915,0.0,0.0
39,Premier League,2024,48,West Ham,68466,A. Irving,25,Scotland,https://media.api-sports.io/football/players/68466.png,Midfielder,10,160,6.725,0,0,3,2,120,1,7,1,1,1,0.0,0.0,1.688,1.125,0.562,3.937,0.562,0.562,0.562
39,Premier League,2024,48,West Ham,19428,J. Bowen,29,England,https://media.api-sports.io/football/players/19428.png,Attacker,34,2979,7.197058,13,8,59,37,700,52,41,16,120,44,0.393,0.242,1.782,1.118,1.571,1.239,0.483,3.625,1.329
39,Premier League,2024,48,West Ham,25391,N. Füllkrug,32,Germany,https://media.api-sports.io/football/players/25391.png,Attacker,18,785,6.838888,3,2,14,7,196,14,4,1,7,1,0.344,0.229,1.605,0.803,1.605,0.459,0.115,0.803,0.115
39,Premier League,2024,48,West Ham,37724,C. Summerville,24,Netherlands,https://media.api-sports.io/football/players/37724.png,Attacker,19,779,6.757894,1,1,8,5,231,17,13,0,31,13,0.116,0.116,0.924,0.578,1.964,1.502,0.0,3.582,1.502
39,Premier League,2024,48,West Ham,404574,Luis Guilherme,19,Brazil,https://media.api-sports.io/football/players/404574.png,Attacker,12,140,6.608333,0,0,2,1,58,3,1,3,11,7,0.0,0.0,1.286,0.643,1.929,0.643,1.929,7.071,4.5
39,Premier League,2024,48,West Ham,288116,K. Casey,21,England,https://media.api-sports.io/football/players/288116.png,Defender,8,1,,0,0,0,0,0,0,0,0,0,0,0.0,0.0,0.0,0.0,0.0,0.0,0.0,0.0,0.0
39,Premier League,2024,48,West Ham,18813,A. Cresswell,36,England,https://media.api-sports.io/football/players/18813.png,Defender,18,822,6.94375,0,0,4,0,521,9,11,8,2,1,0.0,0.0,0.438,0.0,0.985,1.204,0.876,0.219,0.109
39,Premier League,2024,48,West Ham,18955,D. Ings,33,England,https://media.api-sports.io/football/players/18955.png,Attacker,15,271,6.74,1,2,10,5,89,6,4,1,6,4,0.332,0.664,3.321,1.661,1.993,1.328,0.332,1.993,1.328
39,Premier League,2024,48,West Ham,18819,M. Antonio,35,Jamaica,https://media.api-sports.io/football/players/18819.png,Attacker,14,844,6.564285,1,1,12,4,153,9,2,0,23,9,0.107,0.107,1.28,0.427,0.96,0.213,0.0,2.453,0.96
39,Premier League,2024,48,West Ham,930,Carlos Soler,28,Spain,https://media.api-sports.io/football/players/930.png,Midfielder,31,1403,6.619354,1,1,17,9,629,17,15,8,17,8,0.064,0.064,1.091,0.577,1.091,0.962,0.513,1.091,0.513
39,Premier League,2024,48,West Ham,1231,V. Coufal,33,Czechia,https://media.api-sports.io/football/players/1231.png,Defender,22,1062,6.627272,0,0,5,2,473,8,22,8,12,5,0.0,0.0,0.424,0.169,0.678,1.864,0.678,1.017,0.424
39,Premier League,2024,48,West Ham,2938,J. Ward-Prowse,31,England,https://media.api-sports.io/football/players/2938.png,Midfielder,1,16,6.588888,0,1,1,1,162,5,4,5,0,0,0.0,5.625,5.625,5.625,28.125,22.5,28.125,0.0,0.0
39,Premier League,2024,48,West Ham,2869,E. Álvarez,28,Mexico,https://media.api-sports.io/football/players/2869.png,Midfielder,28,1783,6.760714,0,1,6,1,986,12,50,18,28,14,0.0,0.05,0.303,0.05,0.606,2.524,0.909,1.413,0.707
39,Premier League,2024,49,Chelsea,136723,N. Madueke,23,England,https://media.api-sports.io/football/players/136723.png,Attacker,32,2049,7.053125,7,3,57,32,599,35,25,10,91,45,0.307,0.132,2.504,1.406,1.537,1.098,0.439,3.997,1.977
39,Premier League,2024,49,Chelsea,286616,F. Jörgensen,23,Denmark,https://media.api-sports.io/football/players/286616.png,Goalkeeper,6,540,6.766666,0,0,0,0,170,0,0,0,0,0,0.0,0.0,0.0,0.0,0.0,0.0,0.0,0.0,0.0
39,Premier League,2024,49,Chelsea,18959,Robert Sánchez,28,Spain,https://media.api-sports.io/football/players/18959.png,Goalkeeper,32,2880,7.046875,0,0,0,0,1050,2,0,2,0,0,0.0,0.0,0.0,0.0,0.062,0.0,0.062,0.0,0.0
39,Premier League,2024,49,Chelsea,19545,R. James,26,England,https://media.api-sports.io/football/players/19545.png,Defender,19,1063,6.952631,1,1,8,3,743,11,10,13,13,7,0.085,0.085,0.677,0.254,0.931,0.847,1.101,1.101,0.593
39,Premier League,2024,49,Chelsea,2933,B. Chilwell,29,England,https://media.api-sports.io/football/players/2933.png,Defender,12,262,6.9125,1,0,5,3,94,5,7,6,5,2,0.344,0.0,1.718,1.031,1.718,2.405,2.061,1.718,0.687
39,Premier League,2024,49,Chelsea,19145,T. Adarabioyo,28,England,https://media.api-sports.io/football/players/19145.png,Defender,22,1403,6.95,1,1,9,2,1174,2,17,11,5,4,0.064,0.064,0.577,0.128,0.128,1.091,0.706,0.321,0.257
39,Premier League,2024,49,Chelsea,22094,W. Fofana,25,France,https://media.api-sports.io/football/players/22094.png,Defender,15,1176,6.857142,0,0,3,0,781,6,13,14,11,8,0.0,0.0,0.23,0.0,0.459,0.995,1.071,0.842,0.612
39,Premier League,2024,49,Chelsea,161907,M. Gusto,22,France,https://media.api-sports.io/football/players/161907.png,Defender,32,1855,6.840625,0,1,16,5,1211,22,45,25,15,4,0.0,0.049,0.776,0.243,1.067,2.183,1.213,0.728,0.194
39,Premier League,2024,49,Chelsea,47380,Marc Cucurella,27,Spain,https://media.api-sports.io/football/players/47380.png,Defender,36,2990,7.033333,5,1,19,12,1632,19,67,28,13,4,0.151,0.03,0.572,0.361,0.572,2.017,0.843,0.391,0.12
39,Premier League,2024,49,Chelsea,152953,L. Colwill,22,England,https://media.api-sports.io/football/players/152953.png,Defender,35,3150,7.002857,2,1,14,4,2593,13,47,33,11,6,0.057,0.029,0.4,0.114,0.371,1.343,0.943,0.314,0.171
39,Premier League,2024,49,Chelsea,366735,Joshua Kofi Acheampong,19,England,https://media.api-sports.io/football/players/366735.png,Defender,23,181,6.325,0,0,2,0,123,0,2,1,1,1,0.0,0.0,0.994,0.0,0.0,0.994,0.497,0.497,0.497
39,Premier League,2024,49,Chelsea,95,B. Badiashile,24,France,https://media.api-sports.io/football/players/95.png,Defender,22,333,6.92,0,0,0,0,303,0,9,6,1,0,0.0,0.0,0.0,0.0,0.0,2.432,1.622,0.27,0.0
39,Premier League,2024,49,Chelsea,63577,M. Mudryk,24,Ukraine,https://media.api-sports.io/football/players/63577.png,Midfielder,12,158,6.657142,0,0,1,1,35,2,2,0,8,3,0.0,0.0,0.57,0.57,1.139,1.139,0.0,4.557,1.709
39,Premier League,2024,49,Chelsea,5996,E. Fernández,24,Argentina,https://media.api-sports.io/football/players/5996.png,Midfielder,36,2948,7.322222,6,7,39,20,1778,80,65,13,47,26,0.183,0.214,1.191,0.611,2.442,1.984,0.397,1.435,0.794
39,Premier League,2024,49,Chelsea,336671,Renato Veiga,22,Portugal,https://media.api-sports.io/football/players/336671.png,Midfielder,7,176,6.585714,0,0,3,1,132,0,9,1,5,3,0.0,0.0,1.534,0.511,0.0,4.602,0.511,2.557,1.534
39,Premier League,2024,49,Chelsea,152982,C. Palmer,23,England,https://media.api-sports.io/football/players/152982.png,Midfielder,37,3199,7.656756,15,8,86,51,1311,91,34,11,98,51,0.422,0.225,2.42,1.435,2.56,0.957,0.309,2.757,1.435
39,Premier League,2024,49,Chelsea,282125,R. Lavia,21,Belgium,https://media.api-sports.io/football/players/282125.png,Midfielder,16,803,6.6125,0,1,0,0,422,7,22,16,16,10,0.0,0.112,0.0,0.0,0.785,2.466,1.793,1.793,1.121
39,Premier League,2024,49,Chelsea,116117,M. Caicedo,24,Ecuador,https://media.api-sports.io/football/players/116117.png,Midfielder,38,3356,7.236842,1,2,11,3,2153,30,114,48,51,29,0.027,0.054,0.295,0.08,0.805,3.057,1.287,1.368,0.778
39,Premier League,2024,49,Chelsea,1864,Pedro Neto,25,Portugal,https://media.api-sports.io/football/players/1864.png,Attacker,35,2267,7.014285,4,6,33,17,730,47,22,9,79,33,0.159,0.238,1.31,0.675,1.866,0.873,0.357,3.136,1.31
39,Premier League,2024,49,Chelsea,392270,Marc Guiu,19,Spain,https://media.api-sports.io/football/players/392270.png,Attacker,3,71,6.466666,0,0,0,0,16,1,1,0,1,0,0.0,0.0,0.0,0.0,1.268,1.268,0.0,1.268,0.0
39,Premier League,2024,49,Chelsea,334037,Tyrique George,19,England,https://media.api-sports.io/football/players/334037.png,Attacker,8,177,6.757142,1,1,2,1,49,6,2,2,5,3,0.508,0.508,1.017,0.508,3.051,1.017,1.017,2.542,1.525
39,Premier League,2024,49,Chelsea,269,C. Nkunku,28,France,https://media.api-sports.io/football/players/269.png,Attacker,27,912,6.825925,3,2,20,12,330,14,12,7,24,10,0.296,0.197,1.974,1.184,1.382,1.184,0.691,2.368,0.987
39,Premier League,2024,49,Chelsea,10329,João Pedro,24,Brazil,https://media.api-sports.io/football/players/10329.png,Attacker,27,1953,7.17037,10,6,33,20,626,30,16,9,76,29,0.461,0.276,1.521,0.922,1.382,0.737,0.415,3.502,1.336
39,Premier League,2024,49,Chelsea,284324,A. Garnacho,21,Argentina,https://media.api-sports.io/football/players/284324.png,Attacker,36,2195,6.797222,6,2,55,30,750,37,30,13,81,26,0.246,0.082,2.255,1.23,1.517,1.23,0.533,3.321,1.066
39,Premier League,2024,49,Chelsea,283058,N. Jackson,24,Senegal,https://media.api-sports.io/football/players/283058.png,Attacker,31,2238,6.926666,10,5,64,35,390,28,22,3,51,18,0.402,0.201,2.574,1.408,1.126,0.885,0.121,2.051,0.724
39,Premier League,2024,49,Chelsea,148099,K. Dewsbury-Hall,27,England,https://media.api-sports.io/football/players/148099.png,Midfielder,13,256,6.7,0,1,0,0,149,3,8,2,4,2,0.0,0.352,0.0,0.0,1.055,2.812,0.703,1.406,0.703
39,Premier League,2024,49,Chelsea,18,J. Sancho,25,England,https://media.api-sports.io/football/players/18.png,Attacker,31,1764,6.964516,3,4,12,8,768,38,13,2,86,45,0.153,0.204,0.612,0.408,1.939,0.663,0.102,4.388,2.296
39,Premier League,2024,50,Manchester City,25004,S. Ortega,33,Germany,https://media.api-sports.io/football/players/25004.png,Goalkeeper,38,1099,6.846153,0,0,0,0,402,0,0,0,0,0,0.0,0.0,0.0,0.0,0.0,0.0,0.0,0.0,0.0
39,Premier League,2024,50,Manchester City,626,J. Stones,31,England,https://media.api-sports.io/football/players/626.png,Defender,15,545,6.87,2,0,2,2,402,2,6,4,2,2,0.33,0.0,0.33,0.33,0.33,0.991,0.661,0.33,0.33
39,Premier League,2024,50,Manchester City,360114,A. Khusanov,21,Uzbekistan,https://media.api-sports.io/football/players/360114.png,Defender,11,504,6.733333,0,0,0,0,391,2,5,3,2,0,0.0,0.0,0.0,0.0,0.357,0.893,0.536,0.357,0.0
39,Premier League,2024,50,Manchester City,21138,R. Aït-Nouri,24,Algeria,https://media.api-sports.io/football/players/21138.png,Defender,37,3128,7.008108,4,7,21,13,1377,47,89,27,119,63,0.115,0.201,0.604,0.374,1.352,2.561,0.777,3.424,1.813
39,Premier League,2024,50,Manchester City,18861,N. Aké,30,Netherlands,https://media.api-sports.io/football/players/18861.png,Defender,19,688,6.83,0,0,2,0,532,1,9,3,1,1,0.0,0.0,0.262,0.0,0.131,1.177,0.392,0.131,0.131
39,Premier League,2024,50,Manchester City,5,M. Akanji,30,Switzerland,https://media.api-sports.io/football/players/5.png,Defender,28,2020,7.0,0,0,10,2,1721,9,19,9,2,2,0.0,0.0,0.446,0.089,0.401,0.847,0.401,0.089,0.089
39,Premier League,2024,50,Manchester City,129033,J. Gvardiol,23,Croatia,https://media.api-sports.io/football/players/129033.png,Defender,38,3279,7.356756,5,0,30,12,2524,26,59,44,39,25,0.137,0.0,0.823,0.329,0.714,1.619,1.208,1.07,0.686
39,Premier League,2024,50,Manchester City,284230,R. Lewis,21,England,https://media.api-sports.io/football/players/284230.png,Defender,36,1897,6.911111,1,2,8,2,1201,7,30,13,20,9,0.047,0.095,0.38,0.095,0.332,1.423,0.617,0.949,0.427
39,Premier League,2024,50,Manchester City,567,Rúben Dias,28,Portugal,https://media.api-sports.io/football/players/567.png,Defender,27,2273,7.155555,0,0,16,7,2294,5,17,20,3,2,0.0,0.0,0.634,0.277,0.198,0.673,0.792,0.119,0.079
39,Premier League,2024,50,Manchester City,41621,Matheus Nunes,27,Portugal,https://media.api-sports.io/football/players/41621.png,Midfielder,35,1682,7.204761,1,6,7,4,1074,23,35,15,32,18,0.054,0.321,0.375,0.214,1.231,1.873,0.803,1.712,0.963
39,Premier League,2024,50,Manchester City,161933,Nico González,23,Spain,https://media.api-sports.io/football/players/161933.png,Midfielder,14,763,6.94,1,0,7,2,621,1,16,8,4,1,0.118,0.0,0.826,0.236,0.118,1.887,0.944,0.472,0.118
39,Premier League,2024,50,Manchester City,278133,Oscar Bobb,22,Norway,https://media.api-sports.io/football/players/278133.png,Midfielder,3,13,6.75,0,0,0,0,15,1,0,0,2,2,0.0,0.0,0.0,0.0,6.923,0.0,0.0,13.846,13.846
39,Premier League,2024,50,Manchester City,307123,N. O&apos;Reilly,20,England,https://media.api-sports.io/football/players/307123.png,Midfielder,9,527,6.955555,2,0,6,3,306,4,9,4,15,9,0.342,0.0,1.025,0.512,0.683,1.537,0.683,2.562,1.537
39,Premier League,2024,50,Manchester City,636,Bernardo Silva,31,Portugal,https://media.api-sports.io/football/players/636.png,Midfielder,38,2671,7.233333,4,4,21,12,1665,53,55,23,53,27,0.135,0.135,0.708,0.404,1.786,1.853,0.775,1.786,0.91
39,Premier League,2024,50,Manchester City,414385,C. Echeverri,19,Argentina,https://media.api-sports.io/football/players/414385.png,Midfielder,1,11,6.2,0,0,0,0,3,0,1,0,0,0,0.0,0.0,0.0,0.0,0.0,8.182,0.0,0.0,0.0
39,Premier League,2024,50,Manchester City,158697,J. McAtee,23,England,https://media.api-sports.io/football/players/158697.png,Midfielder,15,340,6.66923,3,0,12,4,117,3,4,2,6,2,0.794,0.0,3.176,1.059,0.794,1.059,0.529,1.588,0.529
39,Premier League,2024,50,Manchester City,2291,M. Kovačić,31,Croatia,https://media.api-sports.io/football/players/2291.png,Midfielder,33,2207,7.316129,6,2,26,12,1875,33,69,23,33,22,0.245,0.082,1.06,0.489,1.346,2.814,0.938,1.346,0.897
39,Premier League,2024,50,Manchester City,631,P. Foden,25,England,https://media.api-sports.io/football/players/631.png,Midfielder,33,1786,7.239285,7,2,36,16,852,43,13,9,37,14,0.353,0.101,1.814,0.806,2.167,0.655,0.454,1.865,0.705
39,Premier League,2024,50,Manchester City,44,Rodri,29,Spain,https://media.api-sports.io/football/players/44.png,Midfielder,5,80,6.833333,0,0,0,0,68,1,2,1,0,0,0.0,0.0,0.0,0.0,1.125,2.25,1.125,0.0,0.0
39,Premier League,2024,50,Manchester City,266657,Sávio,21,Brazil,https://media.api-sports.io/football/players/266657.png,Attacker,36,1770,7.333333,1,8,37,21,763,46,23,6,92,52,0.051,0.407,1.881,1.068,2.339,1.169,0.305,4.678,2.644
39,Premier League,2024,50,Manchester City,1422,J. Doku,23,Belgium,https://media.api-sports.io/football/players/1422.png,Attacker,33,1532,7.321428,3,6,16,9,699,32,31,3,166,105,0.176,0.352,0.94,0.529,1.88,1.821,0.176,9.752,6.168
39,Premier League,2024,50,Manchester City,1100,E. Haaland,25,Norway,https://media.api-sports.io/football/players/1100.png,Attacker,32,2741,7.254838,22,3,92,60,372,29,12,5,33,13,0.722,0.099,3.021,1.97,0.952,0.394,0.164,1.084,0.427
39,Premier League,2024,50,Manchester City,81573,Omar Marmoush,26,Egypt,https://media.api-sports.io/football/players/81573.png,Attacker,16,1190,7.30625,7,0,34,17,286,15,13,6,40,19,0.529,0.0,2.571,1.286,1.134,0.983,0.454,3.025,1.437
39,Premier League,2024,50,Manchester City,19187,J. Grealish,30,England,https://media.api-sports.io/football/players/19187.png,Midfielder,32,735,7.0,1,1,9,5,411,24,9,2,22,13,0.122,0.122,1.102,0.612,2.939,1.102,0.245,2.694,1.592
39,Premier League,2024,50,Manchester City,627,K. Walker,35,England,https://media.api-sports.io/football/players/627.png,Defender,17,973,6.713333,0,0,3,2,731,7,17,3,5,3,0.0,0.0,0.277,0.185,0.647,1.572,0.277,0.462,0.277
39,Premier League,2024,50,Manchester City,284409,D. Mubama,21,England,https://media.api-sports.io/football/players/284409.png,Attacker,1,27,6.2,0,0,0,0,3,0,0,0,0,0,0.0,0.0,0.0,0.0,0.0,0.0,0.0,0.0,0.0
39,Premier League,2024,50,Manchester City,414359,Vitor Nunes,19,Brazil,https://media.api-sports.io/football/players/414359.png,Defender,1,0,,0,0,0,0,2,0,0,0,1,1,0.0,0.0,0.0,0.0,0.0,0.0,0.0,0.0,0.0
39,Premier League,2024,50,Manchester City,404656,Jahmai Simpson-Pusey,20,England,https://media.api-sports.io/football/players/404656.png,Defender,2,95,6.2,0,0,0,0,114,0,1,0,0,0,0.0,0.0,0.0,0.0,0.0,0.947,0.0,0.0,0.0
39,Premier League,2024,50,Manchester City,629,K. De Bruyne,34,Belgium,https://media.api-sports.io/football/players/629.png,Midfielder,33,1715,7.321428,4,7,40,18,1018,58,16,7,28,12,0.21,0.367,2.099,0.945,3.044,0.84,0.367,1.469,0.63
39,Premier League,2024,51,Brighton,10329,João Pedro,24,Brazil,https://media.api-sports.io/football/players/10329.png,Attacker,27,1955,7.17037,10,6,33,20,626,30,16,9,76,29,0.46,0.276,1.519,0.921,1.381,0.737,0.414,3.499,1.335
39,Premier League,2024,51,Brighton,301771,S. Adingra,23,Côte d'Ivoire,https://media.api-sports.io/football/players/301771.png,Attacker,29,1090,6.664285,2,2,19,8,332,16,23,8,48,21,0.165,0.165,1.569,0.661,1.321,1.899,0.661,3.963,1.734
39,Premier League,2024,51,Brighton,18960,J. Steele,35,England,https://media.api-sports.io/football/players/18960.png,Goalkeeper,26,180,7.25,0,0,0,0,105,0,0,0,0,0,0.0,0.0,0.0,0.0,0.0,0.0,0.0,0.0,0.0
39,Premier League,2024,51,Brighton,129058,B. Verbruggen,23,Netherlands,https://media.api-sports.io/football/players/129058.png,Goalkeeper,36,3240,6.875,0,1,0,0,1187,1,0,0,2,2,0.0,0.028,0.0,0.0,0.028,0.0,0.0,0.056,0.056
39,Premier League,2024,51,Brighton,138815,T. Lamptey,25,Ghana,https://media.api-sports.io/football/players/138815.png,Defender,15,861,6.58,2,2,6,2,324,5,17,7,28,10,0.209,0.209,0.627,0.209,0.523,1.777,0.732,2.927,1.045
39,Premier League,2024,51,Brighton,19265,A. Webster,30,England,https://media.api-sports.io/football/players/19265.png,Defender,21,888,6.96923,0,0,3,1,721,3,10,20,3,1,0.0,0.0,0.304,0.101,0.304,1.014,2.027,0.304,0.101
39,Premier League,2024,51,Brighton,7600,Igor,27,Brazil,https://media.api-sports.io/football/players/7600.png,Defender,23,967,6.7,0,0,1,0,713,2,5,4,6,5,0.0,0.0,0.093,0.0,0.186,0.465,0.372,0.558,0.465
39,Premier League,2024,51,Brighton,18963,L. Dunk,34,England,https://media.api-sports.io/football/players/18963.png,Defender,25,2083,6.828,0,0,9,3,1934,6,17,13,1,0,0.0,0.0,0.389,0.13,0.259,0.735,0.562,0.043,0.0
39,Premier League,2024,51,Brighton,38695,J. van Hecke,25,Netherlands,https://media.api-sports.io/football/players/38695.png,Defender,34,2961,7.085294,1,1,13,5,2265,16,45,24,9,5,0.03,0.03,0.395,0.152,0.486,1.368,0.729,0.274,0.152
39,Premier League,2024,51,Brighton,537,J. Veltman,33,Netherlands,https://media.api-sports.io/football/players/537.png,Defender,24,1699,6.880952,0,0,4,1,774,6,43,19,9,4,0.0,0.0,0.212,0.053,0.318,2.278,1.006,0.477,0.212
39,Premier League,2024,51,Brighton,106835,K. Mitoma,28,Japan,https://media.api-sports.io/football/players/106835.png,Midfielder,36,2610,6.983333,10,4,45,27,890,37,45,14,126,52,0.345,0.138,1.552,0.931,1.276,1.552,0.483,4.345,1.793
39,Premier League,2024,51,Brighton,202086,J. Sarmiento,23,Ecuador,https://media.api-sports.io/football/players/202086.png,Midfielder,1,8,6.2,0,0,0,0,6,0,0,0,0,0,0.0,0.0,0.0,0.0,0.0,0.0,0.0,0.0,0.0
39,Premier League,2024,51,Brighton,278370,D. Gómez,22,Paraguay,https://media.api-sports.io/football/players/278370.png,Midfielder,17,512,6.828571,1,0,7,3,289,9,21,8,12,6,0.176,0.0,1.23,0.527,1.582,3.691,1.406,2.109,1.055
39,Premier League,2024,51,Brighton,265820,Y. Ayari,22,Sweden,https://media.api-sports.io/football/players/265820.png,Midfielder,34,1969,6.902941,2,1,22,8,900,30,59,20,36,18,0.091,0.046,1.006,0.366,1.371,2.697,0.914,1.646,0.823
39,Premier League,2024,51,Brighton,305730,J. Hinshelwood,20,England,https://media.api-sports.io/football/players/305730.png,Midfielder,26,1854,6.9,5,2,14,10,943,17,27,16,10,2,0.243,0.097,0.68,0.485,0.825,1.311,0.777,0.485,0.097
39,Premier League,2024,51,Brighton,392610,H. Howell,17,England,https://media.api-sports.io/football/players/392610.png,Midfielder,5,14,6.7,0,0,0,0,9,0,1,0,0,0,0.0,0.0,0.0,0.0,0.0,6.429,0.0,0.0,0.0
39,Premier League,2024,51,Brighton,19030,M. O&apos;Riley,25,Denmark,https://media.api-sports.io/football/players/19030.png,Midfielder,21,938,6.885714,2,2,15,7,360,21,16,13,12,8,0.192,0.192,1.439,0.672,2.015,1.535,1.247,1.151,0.768
39,Premier League,2024,51,Brighton,296,J. Milner,39,England,https://media.api-sports.io/football/players/296.png,Midfielder,4,173,6.933333,0,0,2,1,66,4,5,2,1,1,0.0,0.0,1.04,0.52,2.081,2.601,1.04,0.52,0.52
39,Premier League,2024,51,Brighton,328225,B. Gruda,21,Germany,https://media.api-sports.io/football/players/328225.png,Midfielder,28,698,6.845,1,4,10,5,212,23,16,2,25,13,0.129,0.516,1.289,0.645,2.966,2.063,0.258,3.223,1.676
39,Premier League,2024,51,Brighton,18973,S. March,31,England,https://media.api-sports.io/football/players/18973.png,Midfielder,13,168,6.628571,0,0,1,0,69,3,6,2,4,1,0.0,0.0,0.536,0.0,1.607,3.214,1.071,2.143,0.536
39,Premier League,2024,51,Brighton,356041,C. Baleba,21,Cameroon,https://media.api-sports.io/football/players/356041.png,Midfielder,36,2670,6.982352,3,1,26,11,1300,22,79,46,53,33,0.101,0.034,0.876,0.371,0.742,2.663,1.551,1.787,1.112
39,Premier League,2024,51,Brighton,70747,J. Enciso,21,Paraguay,https://media.api-sports.io/football/players/70747.png,Midfielder,12,286,6.827272,0,0,17,11,130,5,0,0,18,10,0.0,0.0,5.35,3.462,1.573,0.0,0.0,5.664,3.147
39,Premier League,2024,51,Brighton,92993,M. Wieffer,26,Netherlands,https://media.api-sports.io/football/players/92993.png,Midfielder,28,1045,6.85,1,3,8,4,647,15,58,17,14,7,0.086,0.258,0.689,0.344,1.292,4.995,1.464,1.206,0.603
39,Premier League,2024,51,Brighton,383685,Y. Minteh,21,Gambia,https://media.api-sports.io/football/players/383685.png,Attacker,33,1855,6.953125,6,4,27,16,444,29,48,11,90,46,0.291,0.194,1.31,0.776,1.407,2.329,0.534,4.367,2.232
39,Premier League,2024,51,Brighton,90590,G. Rutter,23,France,https://media.api-sports.io/football/players/90590.png,Attacker,28,1672,6.807142,5,3,30,12,344,19,39,10,61,27,0.269,0.161,1.615,0.646,1.023,2.099,0.538,3.283,1.453
39,Premier League,2024,51,Brighton,1469,D. Welbeck,35,England,https://media.api-sports.io/football/players/1469.png,Attacker,30,2122,6.986666,10,4,42,24,485,23,26,5,34,13,0.424,0.17,1.781,1.018,0.975,1.103,0.212,1.442,0.551
39,Premier League,2024,51,Brighton,129643,E. Ferguson,21,Republic of Ireland,https://media.api-sports.io/football/players/129643.png,Attacker,15,261,6.584615,1,0,5,2,57,3,4,0,2,1,0.345,0.0,1.724,0.69,1.034,1.379,0.0,0.69,0.345
39,Premier League,2024,51,Brighton,130423,B. Gilmour,24,Scotland,https://media.api-sports.io/football/players/130423.png,Midfielder,2,97,7.0,0,0,0,0,66,0,3,0,2,1,0.0,0.0,0.0,0.0,0.0,2.784,0.0,1.856,0.928
39,Premier League,2024,51,Brighton,161663,E. Cashin,24,Republic of Ireland,https://media.api-sports.io/football/players/161663.png,Defender,11,19,6.3,0,0,0,0,27,0,0,0,1,0,0.0,0.0,0.0,0.0,0.0,0.0,0.0,4.737,0.0
39,Premier League,2024,51,Brighton,40911,J. Moder,26,Poland,https://media.api-sports.io/football/players/40911.png,Midfielder,4,7,6.633333,0,0,0,0,21,3,1,0,0,0,0.0,0.0,0.0,0.0,38.571,12.857,0.0,0.0,0.0
39,Premier League,2024,52,Crystal Palace,2933,B. Chilwell,29,England,https://media.api-sports.io/football/players/2933.png,Defender,8,253,6.9125,1,0,5,3,94,5,7,6,5,2,0.356,0.0,1.779,1.067,1.779,2.49,2.134,1.779,0.711
39,Premier League,2024,52,Crystal Palace,19586,E. Eze,27,England,https://media.api-sports.io/football/players/19586.png,Midfielder,34,2603,7.297058,8,8,61,29,912,59,39,11,129,67,0.277,0.277,2.109,1.003,2.04,1.348,0.38,4.46,2.317
39,Premier League,2024,52,Crystal Palace,19088,D. Henderson,28,England,https://media.api-sports.io/football/players/19088.png,Goalkeeper,38,3420,6.944736,0,0,1,0,1101,3,2,0,0,0,0.0,0.0,0.026,0.0,0.079,0.053,0.0,0.0,0.0
39,Premier League,2024,52,Crystal Palace,182201,T. Mitchell,26,England,https://media.api-sports.io/football/players/182201.png,Defender,38,3102,6.916216,0,5,9,3,1023,41,90,19,33,16,0.0,0.145,0.261,0.087,1.19,2.611,0.551,0.957,0.464
39,Premier League,2024,52,Crystal Palace,20995,M. Lacroix,25,France,https://media.api-sports.io/football/players/20995.png,Defender,35,3118,7.022857,1,1,25,6,1463,8,68,54,12,8,0.029,0.029,0.722,0.173,0.231,1.963,1.559,0.346,0.231
39,Premier League,2024,52,Crystal Palace,278898,C. Riad,22,Morocco,https://media.api-sports.io/football/players/278898.png,Defender,6,90,6.7,0,0,0,0,82,0,5,2,0,0,0.0,0.0,0.0,0.0,0.0,5.0,2.0,0.0,0.0
39,Premier League,2024,52,Crystal Palace,67971,M. Guéhi,25,England,https://media.api-sports.io/football/players/67971.png,Defender,34,3060,7.091176,3,2,9,7,1731,16,62,28,14,12,0.088,0.059,0.265,0.206,0.471,1.824,0.824,0.412,0.353
39,Premier League,2024,52,Crystal Palace,126949,C. Richards,25,USA,https://media.api-sports.io/football/players/126949.png,Defender,29,1925,6.847826,1,0,9,6,835,2,47,18,6,1,0.047,0.0,0.421,0.281,0.094,2.197,0.842,0.281,0.047
39,Premier League,2024,52,Crystal Palace,13736,D. Muñoz,29,Colombia,https://media.api-sports.io/football/players/13736.png,Defender,37,3233,7.086486,4,5,31,18,1135,47,123,44,54,21,0.111,0.139,0.863,0.501,1.308,3.424,1.225,1.503,0.585
39,Premier League,2024,52,Crystal Palace,380679,C. Kporha,19,England,https://media.api-sports.io/football/players/380679.png,Defender,27,19,6.5,0,0,0,0,4,0,2,0,0,0,0.0,0.0,0.0,0.0,0.0,9.474,0.0,0.0,0.0
39,Premier League,2024,52,Crystal Palace,18862,N. Clyne,34,England,https://media.api-sports.io/football/players/18862.png,Defender,13,479,6.536363,0,0,2,0,202,3,12,3,1,0,0.0,0.0,0.376,0.0,0.564,2.255,0.564,0.188,0.0
39,Premier League,2024,52,Crystal Palace,288102,A. Wharton,21,England,https://media.api-sports.io/football/players/288102.png,Midfielder,21,1336,6.965,0,2,10,5,677,26,34,20,10,2,0.0,0.135,0.674,0.337,1.751,2.29,1.347,0.674,0.135
39,Premier League,2024,52,Crystal Palace,3339,C. Doucouré,25,Mali,https://media.api-sports.io/football/players/3339.png,Midfielder,17,462,6.630769,0,0,2,0,203,1,16,11,4,2,0.0,0.0,0.39,0.0,0.195,3.117,2.143,0.779,0.39
39,Premier League,2024,52,Crystal Palace,286458,J. Devenny,22,Scotland,https://media.api-sports.io/football/players/286458.png,Midfielder,23,493,6.629411,1,1,7,6,186,7,17,0,4,2,0.183,0.183,1.278,1.095,1.278,3.103,0.0,0.73,0.365
39,Premier League,2024,52,Crystal Palace,2601,D. Kamada,29,Japan,https://media.api-sports.io/football/players/2601.png,Midfielder,35,1593,6.75,0,0,11,4,716,20,47,18,16,7,0.0,0.0,0.621,0.226,1.13,2.655,1.017,0.904,0.395
39,Premier League,2024,52,Crystal Palace,2490,J. Lerma,31,Colombia,https://media.api-sports.io/football/players/2490.png,Midfielder,34,2290,6.827272,0,1,19,8,1052,10,35,42,10,6,0.0,0.039,0.747,0.314,0.393,1.376,1.651,0.393,0.236
39,Premier League,2024,52,Crystal Palace,402640,R. Esse,20,England,https://media.api-sports.io/football/players/402640.png,Midfielder,15,146,6.8,1,1,1,1,42,3,9,1,6,2,0.616,0.616,0.616,0.616,1.849,5.548,0.616,3.699,1.233
39,Premier League,2024,52,Crystal Palace,367634,A. Agbinone,20,England,https://media.api-sports.io/football/players/367634.png,Midfielder,2,4,6.7,0,0,1,0,2,1,2,0,1,0,0.0,0.0,22.5,0.0,22.5,45.0,0.0,22.5,0.0
39,Premier League,2024,52,Crystal Palace,311157,Matheus França,21,Brazil,https://media.api-sports.io/football/players/311157.png,Attacker,11,52,7.033333,1,0,6,3,14,0,2,1,0,0,1.731,0.0,10.385,5.192,0.0,3.462,1.731,0.0,0.0
39,Premier League,2024,52,Crystal Palace,1135,O. Édouard,27,France,https://media.api-sports.io/football/players/1135.png,Attacker,2,115,6.7,0,0,3,1,27,1,1,0,1,0,0.0,0.0,2.348,0.783,0.783,0.783,0.0,0.783,0.0
39,Premier League,2024,52,Crystal Palace,25927,J. Mateta,28,France,https://media.api-sports.io/football/players/25927.png,Attacker,37,2658,6.927027,14,2,53,33,422,29,18,2,41,19,0.474,0.068,1.795,1.117,0.982,0.609,0.068,1.388,0.643
39,Premier League,2024,52,Crystal Palace,1468,E. Nketiah,26,England,https://media.api-sports.io/football/players/1468.png,Attacker,2,0,,0,0,0,0,0,0,0,0,0,0,0.0,0.0,0.0,0.0,0.0,0.0,0.0,0.0,0.0
39,Premier League,2024,52,Crystal Palace,2218,I. Sarr,27,Senegal,https://media.api-sports.io/football/players/2218.png,Attacker,38,2719,7.060526,8,6,49,29,678,46,22,7,52,17,0.265,0.199,1.622,0.96,1.523,0.728,0.232,1.721,0.563
39,Premier League,2024,52,Crystal Palace,19720,T. Chalobah,26,England,https://media.api-sports.io/football/players/19720.png,Defender,12,1063,6.923076,3,1,7,3,666,4,11,10,3,2,0.254,0.085,0.593,0.254,0.339,0.931,0.847,0.254,0.169
39,Premier League,2024,52,Crystal Palace,2729,J. Andersen,29,Denmark,https://media.api-sports.io/football/players/2729.png,Defender,1,90,6.3,0,0,1,1,82,0,1,0,0,0,0.0,0.0,1.0,1.0,0.0,1.0,0.0,0.0,0.0
39,Premier League,2024,52,Crystal Palace,19143,S. Johnstone,32,England,https://media.api-sports.io/football/players/19143.png,Goalkeeper,2,0,,0,0,0,0,0,0,0,0,0,0,0.0,0.0,0.0,0.0,0.0,0.0,0.0,0.0,0.0
39,Premier League,2024,52,Crystal Palace,18843,J. Schlupp,33,Ghana,https://media.api-sports.io/football/players/18843.png,Midfielder,12,92,6.555555,0,0,3,2,43,3,2,0,1,1,0.0,0.0,2.935,1.957,2.935,1.957,0.0,0.978,0.978
39,Premier League,2024,52,Crystal Palace,3428,J. Ayew,34,Ghana,https://media.api-sports.io/football/players/3428.png,Attacker,1,20,6.3,0,0,1,0,9,1,1,0,0,0,0.0,0.0,4.5,0.0,4.5,4.5,0.0,0.0,0.0
39,Premier League,2024,52,Crystal Palace,18847,J. Ward,36,England,https://media.api-sports.io/football/players/18847.png,Defender,2,71,6.1,0,0,0,0,24,1,2,0,1,0,0.0,0.0,0.0,0.0,1.268,2.535,0.0,1.268,0.0
39,Premier League,2024,52,Crystal Palace,18806,W. Hughes,30,England,https://media.api-sports.io/football/players/18806.png,Midfielder,33,2118,6.775,0,3,9,1,890,33,66,22,12,5,0.0,0.127,0.382,0.042,1.402,2.805,0.935,0.51,0.212
39,Premier League,2024,55,Brentford,30407,C. Nørgaard,31,Denmark,https://media.api-sports.io/football/players/30407.png,Midfielder,34,2829,7.088235,5,4,27,16,1391,18,79,49,12,7,0.159,0.127,0.859,0.509,0.573,2.513,1.559,0.382,0.223
39,Premier League,2024,55,Brentford,284797,D. Ouattara,23,Burkina Faso,https://media.api-sports.io/football/players/284797.png,Attacker,32,2014,7.071875,7,4,48,20,495,35,35,11,73,39,0.313,0.179,2.145,0.894,1.564,1.564,0.492,3.262,1.743
39,Premier League,2024,55,Brentford,20589,B. Mbeumo,26,Cameroon,https://media.api-sports.io/football/players/20589.png,Attacker,38,3417,7.45,20,7,65,41,1090,70,49,14,99,52,0.527,0.184,1.712,1.08,1.844,1.291,0.369,2.608,1.37
39,Premier League,2024,55,Brentford,20649,Y. Wissa,29,Congo DR,https://media.api-sports.io/football/players/20649.png,Attacker,35,2929,7.157142,19,4,69,43,564,29,22,8,40,15,0.584,0.123,2.12,1.321,0.891,0.676,0.246,1.229,0.461
39,Premier League,2024,55,Brentford,61742,H. Valdimarsson,24,Iceland,https://media.api-sports.io/football/players/61742.png,Goalkeeper,2,144,6.65,0,0,0,0,63,0,0,0,0,0,0.0,0.0,0.0,0.0,0.0,0.0,0.0,0.0,0.0
39,Premier League,2024,55,Brentford,1119,K. Ajer,27,Norway,https://media.api-sports.io/football/players/1119.png,Defender,26,1460,6.658333,0,0,5,3,557,8,27,11,16,7,0.0,0.0,0.308,0.185,0.493,1.664,0.678,0.986,0.432
39,Premier League,2024,55,Brentford,342022,M. Kayode,21,Italy,https://media.api-sports.io/football/players/342022.png,Defender,12,527,6.890909,0,1,2,0,173,8,17,7,17,9,0.0,0.171,0.342,0.0,1.366,2.903,1.195,2.903,1.537
39,Premier League,2024,55,Brentford,19789,E. Pinnock,32,Jamaica,https://media.api-sports.io/football/players/19789.png,Defender,31,1913,6.954545,2,0,10,6,1030,8,35,24,9,3,0.094,0.0,0.47,0.282,0.376,1.647,1.129,0.423,0.141
39,Premier League,2024,55,Brentford,350625,J. Meghoma,19,England,https://media.api-sports.io/football/players/350625.png,Defender,1,4,6.2,0,0,0,0,3,0,0,0,0,0,0.0,0.0,0.0,0.0,0.0,0.0,0.0,0.0,0.0
39,Premier League,2024,55,Brentford,36922,S. van den Berg,24,Netherlands,https://media.api-sports.io/football/players/36922.png,Defender,31,2588,6.958064,0,0,18,6,1205,6,39,22,7,4,0.0,0.0,0.626,0.209,0.209,1.356,0.765,0.243,0.139
39,Premier League,2024,55,Brentford,19346,R. Henry,28,England,https://media.api-sports.io/football/players/19346.png,Defender,5,93,6.24,0,0,0,0,35,0,2,1,2,0,0.0,0.0,0.0,0.0,0.0,1.935,0.968,1.935,0.0
39,Premier League,2024,55,Brentford,15745,M. Roerslev,26,Denmark,https://media.api-sports.io/football/players/15745.png,Defender,19,1096,6.761111,0,2,5,2,443,14,18,4,15,7,0.0,0.164,0.411,0.164,1.15,1.478,0.328,1.232,0.575
39,Premier League,2024,55,Brentford,19495,N. Collins,24,Republic of Ireland,https://media.api-sports.io/football/players/19495.png,Defender,38,3420,7.160526,2,3,14,6,1958,10,40,35,11,6,0.053,0.079,0.368,0.158,0.263,1.053,0.921,0.289,0.158
39,Premier League,2024,55,Brentford,263538,Y. Yarmolyuk,21,Ukraine,https://media.api-sports.io/football/players/263538.png,Midfielder,31,1441,6.793333,0,0,5,2,739,9,49,14,24,13,0.0,0.0,0.312,0.125,0.562,3.06,0.874,1.499,0.812
39,Premier League,2024,55,Brentford,153066,Fábio Carvalho,23,Portugal,https://media.api-sports.io/football/players/153066.png,Midfielder,19,444,6.664705,2,1,8,6,166,4,13,3,12,2,0.405,0.203,1.622,1.216,0.811,2.635,0.608,2.432,0.405
39,Premier League,2024,55,Brentford,25073,V. Janelt,27,Germany,https://media.api-sports.io/football/players/25073.png,Midfielder,32,2287,6.840625,1,3,11,4,1014,15,38,27,10,3,0.039,0.118,0.433,0.157,0.59,1.495,1.063,0.394,0.118
39,Premier League,2024,55,Brentford,162075,P. Maghoma,24,England,https://media.api-sports.io/football/players/162075.png,Midfielder,8,111,6.614285,0,0,0,0,81,1,2,1,4,3,0.0,0.0,0.0,0.0,0.811,1.622,0.811,3.243,2.432
39,Premier League,2024,55,Brentford,178077,K. Schade,24,Germany,https://media.api-sports.io/football/players/178077.png,Midfielder,38,2300,7.013157,11,2,43,27,448,23,39,5,82,30,0.43,0.078,1.683,1.057,0.9,1.526,0.196,3.209,1.174
39,Premier League,2024,55,Brentford,15799,F. Onyeka,27,Nigeria,https://media.api-sports.io/football/players/15799.png,Midfielder,2,23,6.3,0,0,0,0,7,0,0,0,0,0,0.0,0.0,0.0,0.0,0.0,0.0,0.0,0.0,0.0
39,Premier League,2024,55,Brentford,15908,M. Damsgaard,25,Denmark,https://media.api-sports.io/football/players/15908.png,Midfielder,38,2930,7.210526,2,10,20,7,1368,64,83,27,86,50,0.061,0.307,0.614,0.215,1.966,2.549,0.829,2.642,1.536
39,Premier League,2024,55,Brentford,47438,M. Jensen,29,Denmark,https://media.api-sports.io/football/players/47438.png,Midfielder,24,853,6.7875,0,2,5,1,403,17,14,8,14,8,0.0,0.211,0.528,0.106,1.794,1.477,0.844,1.477,0.844
39,Premier League,2024,55,Brentford,106725,K. Lewis-Potter,24,England,https://media.api-sports.io/football/players/106725.png,Attacker,38,3102,6.878947,1,3,23,14,1047,26,49,21,91,40,0.029,0.087,0.667,0.406,0.754,1.422,0.609,2.64,1.161
39,Premier League,2024,55,Brentford,427736,Gustavo Gomes,20,Brazil,https://media.api-sports.io/football/players/427736.png,Attacker,7,11,6.9,0,0,0,0,1,0,3,0,0,0,0.0,0.0,0.0,0.0,0.0,24.545,0.0,0.0,0.0
39,Premier League,2024,55,Brentford,196156,Thiago,24,Brazil,https://media.api-sports.io/football/players/196156.png,Attacker,8,174,6.6875,0,0,2,0,54,2,5,2,5,3,0.0,0.0,1.034,0.0,1.034,2.586,1.034,2.586,1.552
39,Premier League,2024,55,Brentford,382925,R. Trevitt,22,England,https://media.api-sports.io/football/players/382925.png,Midfielder,1,3,6.7,0,0,0,0,6,0,1,0,0,0,0.0,0.0,0.0,0.0,0.0,30.0,0.0,0.0,0.0
39,Premier League,2024,55,Brentford,18917,B. Mee,36,England,https://media.api-sports.io/football/players/18917.png,Defender,7,179,6.55,0,0,0,0,116,0,2,4,0,0,0.0,0.0,0.0,0.0,0.0,1.006,2.011,0.0,0.0
39,Premier League,2024,55,Brentford,26232,M. Flekken,32,Netherlands,https://media.api-sports.io/football/players/26232.png,Goalkeeper,37,3276,7.375675,0,2,0,0,1583,3,4,0,1,1,0.0,0.055,0.0,0.0,0.082,0.11,0.0,0.027,0.027
39,Premier League,2024,55,Brentford,356237,Kim Ji-Soo,21,Korea Republic,https://media.api-sports.io/football/players/356237.png,Defender,3,27,6.2,0,0,0,0,28,0,0,0,0,0,0.0,0.0,0.0,0.0,0.0,0.0,0.0,0.0,0.0
39,Premier League,2024,55,Brentford,430734,Y. Konak,20,Türkiye,https://media.api-sports.io/football/players/430734.png,Midfielder,10,72,6.36,0,0,1,0,35,0,4,0,2,0,0.0,0.0,1.25,0.0,0.0,5.0,0.0,2.5,0.0
39,Premier League,2024,57,Ipswich,19130,K. Phillips,30,England,https://media.api-sports.io/football/players/19130.png,Midfielder,19,1239,6.615789,0,0,5,2,528,5,35,19,11,5,0.0,0.0,0.363,0.145,0.363,2.542,1.38,0.799,0.363
39,Premier League,2024,57,Ipswich,161948,L. Delap,22,England,https://media.api-sports.io/football/players/161948.png,Attacker,37,2612,6.878378,12,2,53,32,346,20,11,2,76,40,0.413,0.069,1.826,1.103,0.689,0.379,0.069,2.619,1.378
39,Premier League,2024,57,Ipswich,70747,J. Enciso,21,Paraguay,https://media.api-sports.io/football/players/70747.png,Midfielder,13,878,6.827272,2,0,17,11,130,5,0,0,18,10,0.205,0.0,1.743,1.128,0.513,0.0,0.0,1.845,1.025
39,Premier League,2024,57,Ipswich,284428,O. Hutchinson,22,Jamaica,https://media.api-sports.io/football/players/284428.png,Attacker,31,2594,6.638709,3,2,28,19,788,31,32,11,119,51,0.104,0.069,0.971,0.659,1.076,1.11,0.382,4.129,1.769
39,Premier League,2024,57,Ipswich,19182,A. Tuanzebe,28,England,https://media.api-sports.io/football/players/19182.png,Defender,22,1717,6.523809,0,1,2,0,671,5,31,22,10,4,0.0,0.052,0.105,0.0,0.262,1.625,1.153,0.524,0.21
39,Premier League,2024,57,Ipswich,19073,B. Godfrey,27,England,https://media.api-sports.io/football/players/19073.png,Defender,11,159,6.1,0,0,0,0,50,0,1,2,0,0,0.0,0.0,0.0,0.0,0.0,0.566,1.132,0.0,0.0
39,Premier League,2024,57,Ipswich,18823,B. Johnson,25,England,https://media.api-sports.io/football/players/18823.png,Defender,32,1366,6.460869,1,2,5,3,320,12,38,13,22,8,0.066,0.132,0.329,0.198,0.791,2.504,0.857,1.449,0.527
39,Premier League,2024,57,Ipswich,20457,C. Burgess,30,Australia,https://media.api-sports.io/football/players/20457.png,Defender,23,1540,6.894444,0,2,8,3,770,7,17,14,0,0,0.0,0.117,0.468,0.175,0.409,0.994,0.818,0.0,0.0
39,Premier League,2024,57,Ipswich,2752,M. Luongo,33,Australia,https://media.api-sports.io/football/players/2752.png,Midfielder,11,195,6.555555,0,0,0,0,64,0,9,2,0,0,0.0,0.0,0.0,0.0,0.0,4.154,0.923,0.0,0.0
39,Premier League,2024,57,Ipswich,17739,G. Edmundson,28,England,https://media.api-sports.io/football/players/17739.png,Defender,1,1,,0,0,0,0,2,0,0,0,0,0,0.0,0.0,0.0,0.0,0.0,0.0,0.0,0.0,0.0
39,Premier League,2024,57,Ipswich,126791,N. Broadhead,27,Wales,https://media.api-sports.io/football/players/126791.png,Attacker,25,697,6.666666,2,0,9,8,216,7,9,4,32,17,0.258,0.0,1.162,1.033,0.904,1.162,0.516,4.132,2.195
39,Premier League,2024,57,Ipswich,20007,C. Chaplin,28,England,https://media.api-sports.io/football/players/20007.png,Attacker,28,869,6.655,1,1,10,4,306,8,15,4,8,4,0.104,0.104,1.036,0.414,0.829,1.554,0.414,0.829,0.414
39,Premier League,2024,57,Ipswich,17714,L. Woolfenden,27,England,https://media.api-sports.io/football/players/17714.png,Defender,15,1185,6.733333,0,0,1,0,559,0,9,19,0,0,0.0,0.0,0.076,0.0,0.0,0.684,1.443,0.0,0.0
39,Premier League,2024,57,Ipswich,299813,Ali Al Hamadi,23,Iraq,https://media.api-sports.io/football/players/299813.png,Attacker,13,144,6.51,0,0,2,0,30,2,1,0,7,4,0.0,0.0,1.25,0.0,1.25,0.625,0.0,4.375,2.5
39,Premier League,2024,57,Ipswich,19541,C. Walton,30,England,https://media.api-sports.io/football/players/19541.png,Goalkeeper,7,630,6.657142,0,0,0,0,220,1,0,0,0,0,0.0,0.0,0.0,0.0,0.143,0.0,0.0,0.0,0.0
39,Premier League,2024,57,Ipswich,82097,A. Palmer,29,England,https://media.api-sports.io/football/players/82097.png,Goalkeeper,13,1170,7.092307,0,0,0,0,368,1,0,0,0,0,0.0,0.0,0.0,0.0,0.077,0.0,0.0,0.0,0.0
39,Premier League,2024,57,Ipswich,127579,J. Greaves,25,England,https://media.api-sports.io/football/players/127579.png,Defender,27,2205,6.892,1,0,8,4,1093,6,40,21,5,4,0.041,0.0,0.327,0.163,0.245,1.633,0.857,0.204,0.163
39,Premier League,2024,57,Ipswich,17597,D. O&apos;Shea,26,Republic of Ireland,https://media.api-sports.io/football/players/17597.png,Defender,36,3123,6.988571,0,2,13,2,1500,3,49,33,2,1,0.0,0.058,0.375,0.058,0.086,1.412,0.951,0.058,0.029
39,Premier League,2024,57,Ipswich,19119,L. Davis,26,England,https://media.api-sports.io/football/players/19119.png,Defender,33,2746,6.787878,1,2,11,2,949,61,45,25,31,13,0.033,0.066,0.361,0.066,1.999,1.475,0.819,1.016,0.426
39,Premier League,2024,57,Ipswich,138836,H. Clarke,24,England,https://media.api-sports.io/football/players/138836.png,Defender,7,377,6.333333,0,0,1,1,208,1,5,4,2,1,0.0,0.0,0.239,0.239,0.239,1.194,0.955,0.477,0.239
39,Premier League,2024,57,Ipswich,18397,J. Taylor,27,Republic of Ireland,https://media.api-sports.io/football/players/18397.png,Midfielder,33,846,6.586666,1,0,13,4,414,5,20,9,8,4,0.106,0.0,1.383,0.426,0.532,2.128,0.957,0.851,0.426
39,Premier League,2024,57,Ipswich,19152,C. Townsend,32,England,https://media.api-sports.io/football/players/19152.png,Defender,32,342,7.0,0,1,0,0,94,4,11,4,0,0,0.0,0.263,0.0,0.0,1.053,2.895,1.053,0.0,0.0
39,Premier League,2024,57,Ipswich,15797,J. Cajuste,26,Sweden,https://media.api-sports.io/football/players/15797.png,Midfielder,30,1978,6.717241,1,1,8,1,730,13,44,28,46,27,0.046,0.046,0.364,0.046,0.592,2.002,1.274,2.093,1.229
39,Premier League,2024,57,Ipswich,17579,S. Szmodics,30,Republic of Ireland,https://media.api-sports.io/football/players/17579.png,Attacker,22,1001,6.638888,4,0,20,12,187,5,16,6,10,4,0.36,0.0,1.798,1.079,0.45,1.439,0.539,0.899,0.36
39,Premier League,2024,57,Ipswich,8794,G. Hirst,26,England,https://media.api-sports.io/football/players/8794.png,Attacker,26,649,6.58,3,1,14,7,118,4,3,2,5,2,0.416,0.139,1.941,0.971,0.555,0.416,0.277,0.693,0.277
39,Premier League,2024,57,Ipswich,138931,J. Philogene,23,England,https://media.api-sports.io/football/players/138931.png,Attacker,10,474,6.53,2,0,6,0,81,1,11,3,12,4,0.38,0.0,1.139,0.0,0.19,2.089,0.57,2.278,0.759
39,Premier League,2024,57,Ipswich,20089,W. Burns,31,Wales,https://media.api-sports.io/football/players/20089.png,Attacker,21,933,6.67647,0,1,4,1,199,10,13,10,23,9,0.0,0.096,0.386,0.096,0.965,1.254,0.965,2.219,0.868
39,Premier League,2024,57,Ipswich,19136,J. Clarke,25,England,https://media.api-sports.io/football/players/19136.png,Attacker,35,1186,6.73125,0,4,9,2,370,28,32,7,43,25,0.0,0.304,0.683,0.152,2.125,2.428,0.531,3.263,1.897
39,Premier League,2024,57,Ipswich,19365,C. Ogbene,28,Republic of Ireland,https://media.api-sports.io/football/players/19365.png,Attacker,7,240,6.52,0,0,0,0,39,2,7,1,4,1,0.0,0.0,0.0,0.0,0.75,2.625,0.375,1.5,0.375
39,Premier League,2024,57,Ipswich,20031,M. Harness,29,England,https://media.api-sports.io/football/players/20031.png,Midfielder,2,43,6.25,0,0,0,0,16,0,1,0,1,0,0.0,0.0,0.0,0.0,0.0,2.093,0.0,2.093,0.0
39,Premier League,2024,57,Ipswich,19558,Sam Morsy,34,Egypt,https://media.api-sports.io/football/players/19558.png,Midfielder,33,2755,6.754545,1,1,9,3,1421,24,68,29,26,17,0.033,0.033,0.294,0.098,0.784,2.221,0.947,0.849,0.555
39,Premier League,2024,57,Ipswich,616,A. Murić,27,Kosovo,https://media.api-sports.io/football/players/616.png,Goalkeeper,18,1620,7.094444,0,0,0,0,535,0,0,0,0,0,0.0,0.0,0.0,0.0,0.0,0.0,0.0,0.0,0.0
39,Premier League,2024,65,Nottingham Forest,153430,A. Elanga,23,Sweden,https://media.api-sports.io/football/players/153430.png,Attacker,38,2511,7.018421,6,11,37,24,631,50,20,6,64,25,0.215,0.394,1.326,0.86,1.792,0.717,0.215,2.294,0.896
39,Premier League,2024,65,Nottingham Forest,47547,Álex Moreno,32,Spain,https://media.api-sports.io/football/players/47547.png,Defender,15,959,6.653333,0,1,1,0,320,8,25,15,16,8,0.0,0.094,0.094,0.0,0.751,2.346,1.408,1.502,0.751
39,Premier League,2024,65,Nottingham Forest,2919,M. Sels,33,Belgium,https://media.api-sports.io/football/players/2919.png,Goalkeeper,38,3420,7.142105,0,0,0,0,901,2,1,0,0,0,0.0,0.0,0.0,0.0,0.053,0.026,0.0,0.0,0.0
39,Premier League,2024,65,Nottingham Forest,18739,W. Boly,34,Côte d'Ivoire,https://media.api-sports.io/football/players/18739.png,Defender,29,146,6.75,0,0,1,1,70,0,6,3,0,0,0.0,0.0,0.616,0.616,0.0,3.699,1.849,0.0,0.0
39,Premier League,2024,65,Nottingham Forest,363695,Murillo,23,Brazil,https://media.api-sports.io/football/players/363695.png,Defender,36,3191,7.183333,2,0,20,6,1415,13,53,35,36,27,0.056,0.0,0.564,0.169,0.367,1.495,0.987,1.015,0.762
39,Premier League,2024,65,Nottingham Forest,2817,N. Milenković,28,Serbia,https://media.api-sports.io/football/players/2817.png,Defender,37,3330,7.127027,5,2,24,8,1023,9,50,27,1,1,0.135,0.054,0.649,0.216,0.243,1.351,0.73,0.027,0.027
39,Premier League,2024,65,Nottingham Forest,138780,N. Williams,24,Wales,https://media.api-sports.io/football/players/138780.png,Defender,38,2599,7.002857,1,3,21,7,850,18,90,31,37,18,0.035,0.104,0.727,0.242,0.623,3.117,1.073,1.281,0.623
39,Premier League,2024,65,Nottingham Forest,2771,O. Aina,29,Nigeria,https://media.api-sports.io/football/players/2771.png,Defender,35,3002,6.888571,2,1,8,2,1027,16,55,33,60,33,0.06,0.03,0.24,0.06,0.48,1.649,0.989,1.799,0.989
39,Premier League,2024,65,Nottingham Forest,67943,Morato,24,Brazil,https://media.api-sports.io/football/players/67943.png,Defender,34,922,6.607692,0,0,1,1,306,0,22,9,2,2,0.0,0.0,0.098,0.098,0.0,2.148,0.879,0.195,0.195
39,Premier League,2024,65,Nottingham Forest,22149,I. Sangaré,28,Côte d'Ivoire,https://media.api-sports.io/football/players/22149.png,Midfielder,18,597,6.8,0,1,1,1,320,5,28,6,1,0,0.0,0.151,0.151,0.151,0.754,4.221,0.905,0.151,0.0
39,Premier League,2024,65,Nottingham Forest,6056,N. Domínguez,27,Argentina,https://media.api-sports.io/football/players/6056.png,Midfielder,37,1970,6.885294,0,1,18,9,925,13,86,29,7,3,0.0,0.046,0.822,0.411,0.594,3.929,1.325,0.32,0.137
39,Premier League,2024,65,Nottingham Forest,19305,R. Yates,28,England,https://media.api-sports.io/football/players/19305.png,Midfielder,35,1905,6.782857,2,1,22,9,747,18,42,25,14,9,0.094,0.047,1.039,0.425,0.85,1.984,1.181,0.661,0.425
39,Premier League,2024,65,Nottingham Forest,138908,E. Anderson,23,Scotland,https://media.api-sports.io/football/players/138908.png,Midfielder,37,2742,7.027027,2,6,20,7,1287,37,91,31,69,37,0.066,0.197,0.656,0.23,1.214,2.987,1.018,2.265,1.214
39,Premier League,2024,65,Nottingham Forest,18746,M. Gibbs-White,25,England,https://media.api-sports.io/football/players/18746.png,Midfielder,34,2822,7.264705,7,8,48,22,1214,52,43,21,67,32,0.223,0.255,1.531,0.702,1.658,1.371,0.67,2.137,1.021
39,Premier League,2024,65,Nottingham Forest,380492,Eric Emanuel da Silva Moreira,19,Germany,https://media.api-sports.io/football/players/380492.png,Attacker,9,28,6.2,0,0,0,0,5,0,2,1,1,0,0.0,0.0,0.0,0.0,0.0,6.429,3.214,3.214,0.0
39,Premier League,2024,65,Nottingham Forest,2298,C. Hudson-Odoi,25,England,https://media.api-sports.io/football/players/2298.png,Attacker,32,2218,7.164516,5,2,26,17,755,45,23,13,54,36,0.203,0.081,1.055,0.69,1.826,0.933,0.528,2.191,1.461
39,Premier League,2024,65,Nottingham Forest,8598,T. Awoniyi,28,Nigeria,https://media.api-sports.io/football/players/8598.png,Attacker,33,477,6.416666,1,0,9,4,93,2,6,0,9,4,0.189,0.0,1.698,0.755,0.377,1.132,0.0,1.698,0.755
39,Premier League,2024,65,Nottingham Forest,18931,C. Wood,34,New Zealand,https://media.api-sports.io/football/players/18931.png,Attacker,36,2978,6.986111,20,3,56,35,482,22,6,5,13,5,0.604,0.091,1.692,1.058,0.665,0.181,0.151,0.393,0.151
39,Premier League,2024,65,Nottingham Forest,2938,J. Ward-Prowse,31,England,https://media.api-sports.io/football/players/2938.png,Midfielder,9,399,6.588888,0,1,1,1,162,5,4,5,0,0,0.0,0.226,0.226,0.226,1.128,0.902,1.128,0.0,0.0
39,Premier League,2024,65,Nottingham Forest,17365,H. Toffolo,30,England,https://media.api-sports.io/football/players/17365.png,Defender,24,135,7.033333,0,0,0,0,35,0,5,2,0,0,0.0,0.0,0.0,0.0,0.0,3.333,1.333,0.0,0.0
39,Premier League,2024,65,Nottingham Forest,196298,R. Sosa,26,Paraguay,https://media.api-sports.io/football/players/196298.png,Attacker,32,327,6.729411,1,0,8,5,84,8,5,4,12,8,0.275,0.0,2.202,1.376,2.202,1.376,1.101,3.303,2.202
39,Premier League,2024,65,Nottingham Forest,141901,Jota Silva,26,Portugal,https://media.api-sports.io/football/players/141901.png,Forward,31,891,6.77,3,1,16,7,171,14,27,12,25,10,0.303,0.101,1.616,0.707,1.414,2.727,1.212,2.525,1.01
39,Premier League,2024,65,Nottingham Forest,275170,Danilo Santos,25,Brazil,https://media.api-sports.io/football/players/275170.png,Midfielder,8,293,6.585714,0,0,0,0,117,0,8,4,6,3,0.0,0.0,0.0,0.0,0.0,2.457,1.229,1.843,0.922
39,Premier League,2024,66,Aston Villa,19192,J. Ramsey,24,England,https://media.api-sports.io/football/players/19192.png,Midfielder,29,1631,6.87931,1,3,12,4,569,22,30,8,38,25,0.055,0.166,0.662,0.221,1.214,1.655,0.441,2.097,1.38
39,Premier League,2024,66,Aston Villa,19599,E. Martínez,33,Argentina,https://media.api-sports.io/football/players/19599.png,Goalkeeper,37,3196,7.094594,0,0,0,0,1247,2,3,0,1,1,0.0,0.0,0.0,0.0,0.056,0.084,0.0,0.028,0.028
39,Premier League,2024,66,Aston Villa,2724,L. Digne,32,France,https://media.api-sports.io/football/players/2724.png,Defender,38,2358,6.971875,0,4,8,3,979,36,65,25,18,9,0.0,0.153,0.305,0.115,1.374,2.481,0.954,0.687,0.344
39,Premier League,2024,66,Aston Villa,138816,I. Maatsen,23,Netherlands,https://media.api-sports.io/football/players/138816.png,Defender,37,1164,6.807142,1,2,13,5,616,21,29,15,29,13,0.077,0.155,1.005,0.387,1.624,2.242,1.16,2.242,1.005
39,Premier League,2024,66,Aston Villa,19354,E. Konsa,28,England,https://media.api-sports.io/football/players/19354.png,Defender,35,2937,6.923529,2,0,9,5,1636,6,34,24,15,8,0.061,0.0,0.276,0.153,0.184,1.042,0.735,0.46,0.245
39,Premier League,2024,66,Aston Villa,19179,T. Mings,32,England,https://media.api-sports.io/football/players/19179.png,Defender,14,1121,7.028571,0,0,7,1,675,3,7,7,3,2,0.0,0.0,0.562,0.08,0.241,0.562,0.562,0.241,0.161
39,Premier League,2024,66,Aston Villa,19298,M. Cash,28,Poland,https://media.api-sports.io/football/players/19298.png,Defender,29,2077,6.929629,1,1,12,6,763,11,56,23,35,19,0.043,0.043,0.52,0.26,0.477,2.427,0.997,1.517,0.823
39,Premier League,2024,66,Aston Villa,284457,L. Bogarde,21,Netherlands,https://media.api-sports.io/football/players/284457.png,Defender,8,476,6.55,0,0,1,1,253,2,14,1,3,2,0.0,0.0,0.189,0.189,0.378,2.647,0.189,0.567,0.378
39,Premier League,2024,66,Aston Villa,889,V. Lindelöf,31,Sweden,https://media.api-sports.io/football/players/889.png,Defender,23,725,6.671428,0,0,0,0,380,3,7,8,0,0,0.0,0.0,0.0,0.0,0.372,0.869,0.993,0.0,0.0
39,Premier League,2024,66,Aston Villa,388013,Andrés García,22,Spain,https://media.api-sports.io/football/players/388013.png,Defender,16,325,6.457142,0,0,1,0,158,3,9,2,17,5,0.0,0.0,0.277,0.0,0.831,2.492,0.554,4.708,1.385
39,Premier League,2024,66,Aston Villa,46815,Pau Torres,28,Spain,https://media.api-sports.io/football/players/46815.png,Defender,28,2020,6.708333,0,0,5,3,1355,3,21,10,17,15,0.0,0.0,0.223,0.134,0.134,0.936,0.446,0.757,0.668
39,Premier League,2024,66,Aston Villa,1904,B. Kamara,26,France,https://media.api-sports.io/football/players/1904.png,Midfielder,27,1735,6.857692,1,0,7,3,930,11,50,18,18,9,0.052,0.0,0.363,0.156,0.571,2.594,0.934,0.934,0.467
39,Premier League,2024,66,Aston Villa,19191,J.  McGinn,31,Scotland,https://media.api-sports.io/football/players/19191.png,Midfielder,34,2247,6.95,1,4,21,5,790,32,33,14,33,20,0.04,0.16,0.841,0.2,1.282,1.322,0.561,1.322,0.801
39,Premier League,2024,66,Aston Villa,162714,A. Onana,24,Belgium,https://media.api-sports.io/football/players/162714.png,Midfielder,28,1631,6.980769,3,0,13,6,797,10,55,26,17,14,0.166,0.0,0.717,0.331,0.552,3.035,1.435,0.938,0.773
39,Premier League,2024,66,Aston Villa,2287,R. Barkley,32,England,https://media.api-sports.io/football/players/2287.png,Midfielder,20,566,6.83,3,1,12,6,392,9,14,10,16,12,0.477,0.159,1.908,0.954,1.431,2.226,1.59,2.544,1.908
39,Premier League,2024,66,Aston Villa,2926,Y. Tielemans,28,Belgium,https://media.api-sports.io/football/players/2926.png,Midfielder,36,3032,7.394444,3,7,27,13,1930,62,84,23,50,31,0.089,0.208,0.801,0.386,1.84,2.493,0.683,1.484,0.92
39,Premier League,2024,66,Aston Villa,19071,E. Buendía,29,Argentina,https://media.api-sports.io/football/players/19071.png,Midfielder,12,87,6.56,0,0,4,0,60,1,6,0,2,0,0.0,0.0,4.138,0.0,1.034,6.207,0.0,2.069,0.0
39,Premier League,2024,66,Aston Villa,19170,M. Rogers,23,England,https://media.api-sports.io/football/players/19170.png,Attacker,37,3129,6.989189,8,10,34,20,865,52,43,6,140,66,0.23,0.288,0.978,0.575,1.496,1.237,0.173,4.027,1.898
39,Premier League,2024,66,Aston Villa,983,L. Bailey,28,Jamaica,https://media.api-sports.io/football/players/983.png,Attacker,29,1151,6.760869,1,2,13,6,352,16,7,3,46,22,0.078,0.156,1.017,0.469,1.251,0.547,0.235,3.597,1.72
39,Premier League,2024,66,Aston Villa,249,D. Malen,26,Netherlands,https://media.api-sports.io/football/players/249.png,Attacker,17,332,6.761538,3,0,13,9,67,3,7,0,9,4,0.813,0.0,3.524,2.44,0.813,1.898,0.0,2.44,1.084
39,Premier League,2024,66,Aston Villa,19366,O. Watkins,30,England,https://media.api-sports.io/football/players/19366.png,Attacker,38,2610,6.907894,16,8,67,40,415,25,10,8,37,10,0.552,0.276,2.31,1.379,0.862,0.345,0.276,1.276,0.345
39,Premier League,2024,66,Aston Villa,138931,J. Philogene,23,England,https://media.api-sports.io/football/players/138931.png,Attacker,11,325,6.53,0,0,6,0,81,1,11,3,12,4,0.0,0.0,1.662,0.0,0.277,3.046,0.831,3.323,1.108
39,Premier League,2024,66,Aston Villa,21998,A. Disasi,27,France,https://media.api-sports.io/football/players/21998.png,Defender,7,488,6.714285,0,0,2,0,266,3,9,5,15,9,0.0,0.0,0.369,0.0,0.553,1.66,0.922,2.766,1.66
39,Premier League,2024,66,Aston Villa,909,M. Rashford,28,England,https://media.api-sports.io/football/players/909.png,Attacker,10,441,7.0,2,2,14,7,134,13,10,1,22,9,0.408,0.408,2.857,1.429,2.653,2.041,0.204,4.49,1.837
39,Premier League,2024,66,Aston Villa,342320,K. Nedeljković,20,Serbia,https://media.api-sports.io/football/players/342320.png,Defender,5,121,6.52,0,0,0,0,41,0,7,0,2,1,0.0,0.0,0.0,0.0,0.0,5.207,0.0,1.488,0.744
