league_id,league,season,team_id,team,player_id,name,firstname,lastname,age,nationality,height,weight,photo,position,appearances,lineups,minutes,rating,goals,assists,shots,shots_on_target,passes,key_passes,pass_accuracy,tackles,blocks,interceptions,dribble_attempts,successful_dribbles,duels_total,duels_won,fouls_drawn,fouls_committed,yellow_cards,red_cards
135,Serie A,2025,505,Inter,215,S. Esposito,Sebastiano,Esposito,23.0,Italy,186,76,https://media.api-sports.io/football/players/215.png,Attacker,4.0,4.0,261.0,6.750000,,0.0,5.0,,83.0,7.0,,8.0,1.0,3.0,5.0,3.0,45.0,21.0,7.0,9.0,2.0,0.0
135,Serie A,2025,490,Cagliari,215,S. Esposito,Sebastiano,Esposito,23.0,Italy,186,76,https://media.api-sports.io/football/players/215.png,Midfielder,36.0,34.0,2699.0,7,7.0,5.0,42.0,16.0,1003.0,71.0,75.0,56.0,4.0,20.0,41.0,17.0,312.0,149.0,56.0,45.0,6.0,0.0
135,Serie A,2025,520,Cremonese,1652,F. Tsadjout,Frank Cédric,Tsadjout,26.0,Italy,190,75,https://media.api-sports.io/football/players/1652.png,Attacker,,,,,,,,,,,,,,,,,,,,,,
135,Serie A,2025,895,Como,30441,E. Audero,Emilio,Audero Mulyadi,28.0,Italy,190,83,https://media.api-sports.io/football/players/30441.png,Goalkeeper,4.0,4.0,360.0,7.375000,,0.0,,,146.0,,,,,,,,2.0,2.0,1.0,,0.0,0.0
135,Serie A,2025,520,Cremonese,30441,E. Audero,Emilio,Audero Mulyadi,28.0,Italy,190,83,https://media.api-sports.io/football/players/30441.png,Goalkeeper,34.0,34.0,3060.0,7.06,0.0,0.0,,,1293.0,,61.0,,,,1.0,1.0,17.0,14.0,6.0,,0.0,0.0
135,Serie A,2025,895,Como,30509,A. Belotti,Andrea,Belotti,32.0,Italy,181,72,https://media.api-sports.io/football/players/30509.png,Attacker,2.0,2.0,147.0,7.600000,2.0,0.0,6.0,4.0,28.0,1.0,,,,1.0,1.0,1.0,21.0,8.0,4.0,1.0,0.0,0.0
135,Serie A,2025,490,Cagliari,30509,A. Belotti,Andrea,Belotti,32.0,Italy,181,72,https://media.api-sports.io/football/players/30509.png,Attacker,8.0,3.0,233.0,6.73,2.0,0.0,6.0,4.0,31.0,1.0,74.0,1.0,,4.0,4.0,1.0,37.0,16.0,10.0,3.0,0.0,0.0
135,Serie A,2025,895,Como,30780,L. Mazzitelli,Luca,Mazzitelli,30.0,Italy,184,76,https://media.api-sports.io/football/players/30780.png,Midfielder,4.0,2.0,38.0,6.800000,,0.0,,,13.0,1.0,,,,,,,4.0,2.0,1.0,1.0,1.0,0.0
135,Serie A,2025,490,Cagliari,30780,L. Mazzitelli,Luca,Mazzitelli,30.0,Italy,184,76,https://media.api-sports.io/football/players/30780.png,Midfielder,18.0,9.0,785.0,6.8,2.0,2.0,11.0,5.0,370.0,5.0,75.0,20.0,3.0,11.0,6.0,3.0,103.0,46.0,13.0,22.0,3.0,0.0
135,Serie A,2025,520,Cremonese,31038,G. Saro,Gianluca,Saro,25.0,Italy,180,,https://media.api-sports.io/football/players/31038.png,Goalkeeper,,,,,,,,,,,,,,,,,,,,,,
135,Serie A,2025,503,Torino,31156,V. Milinković-Savić,Vanja,Milinković-Savić,28.0,Serbia,202,96,https://media.api-sports.io/football/players/31156.png,Goalkeeper,3.0,2.0,90.0,6.700000,,0.0,,,31.0,,,,,,,,2.0,2.0,1.0,,0.0,0.0
135,Serie A,2025,492,Napoli,31156,V. Milinković-Savić,Vanja,Milinković-Savić,28.0,Serbia,202,96,https://media.api-sports.io/football/players/31156.png,Goalkeeper,27.0,27.0,2430.0,6.79,0.0,1.0,,,1014.0,3.0,72.0,,,,,,11.0,8.0,6.0,1.0,0.0,0.0
135,Serie A,2025,492,Napoli,31219,A. Zerbin,Alessio,Zerbin,26.0,Italy,182,80,https://media.api-sports.io/football/players/31219.png,Attacker,4.0,4.0,334.0,6.900000,,1.0,,,123.0,2.0,,10.0,,,8.0,3.0,47.0,21.0,6.0,5.0,0.0,0.0
135,Serie A,2025,520,Cremonese,31219,A. Zerbin,Alessio,Zerbin,26.0,Italy,182,80,https://media.api-sports.io/football/players/31219.png,Midfielder,32.0,17.0,1655.0,6.54,0.0,3.0,15.0,7.0,456.0,17.0,72.0,40.0,3.0,3.0,27.0,8.0,212.0,76.0,20.0,37.0,1.0,0.0
135,Serie A,2025,505,Inter,42315,M. Taremi,Mehdi,Taremi,33.0,Iran,185,82,https://media.api-sports.io/football/players/42315.png,Forward,,,,,,,,,,,,,,,,,,,,,,
135,Serie A,2025,520,Cremonese,48555,C. Pickel,Charles,Monginda Pickel,28.0,Switzerland,187,76,https://media.api-sports.io/football/players/48555.png,Midfielder,,,,,,,,,,,,,,,,,,,,,,
135,Serie A,2025,492,Napoli,56851,M. Folorunsho,Michael Ijemuan,Folorunsho,27.0,Italy,190,92,https://media.api-sports.io/football/players/56851.png,Midfielder,4.0,4.0,351.0,6.325000,,0.0,6.0,1.0,88.0,3.0,,5.0,1.0,2.0,7.0,1.0,42.0,16.0,7.0,3.0,0.0,0.0
135,Serie A,2025,490,Cagliari,56851,M. Folorunsho,Michael Ijemuan,Folorunsho,27.0,Italy,190,92,https://media.api-sports.io/football/players/56851.png,Attacker,27.0,24.0,2008.0,6.56,2.0,0.0,25.0,9.0,486.0,15.0,66.0,24.0,3.0,9.0,50.0,22.0,281.0,127.0,49.0,35.0,3.0,0.0
135,Serie A,2025,497,AS Roma,162451,A. Salah-Eddine,Anass,Salah-Eddine,24.0,Morocco,180,66,https://media.api-sports.io/football/players/162451.png,Defender,,,,,,,,,,,,,,,,,,,,,,
135,Serie A,2025,494,Udinese,179502,M. Ballarini,Marco,Ballarini,24.0,Italy,186,,https://media.api-sports.io/football/players/179502.png,Midfielder,,,,,,,,,,,,,,,,,,,,,,
135,Serie A,2025,520,Cremonese,237266,L. Moretti,Lorenzo,Moretti,23.0,Italy,187,75,https://media.api-sports.io/football/players/237266.png,Defender,,,,,,,,,,,,,,,,,,,,,,
135,Serie A,2025,489,AC Milan,264472,F. Terracciano,Filippo,Terracciano,22.0,Italy,180,68,https://media.api-sports.io/football/players/264472.png,Defender,4.0,4.0,360.0,7.200000,1.0,0.0,1.0,1.0,242.0,1.0,52.0,4.0,4.0,6.0,2.0,2.0,21.0,18.0,5.0,1.0,1.0,0.0
135,Serie A,2025,520,Cremonese,264472,F. Terracciano,Filippo,Terracciano,22.0,Italy,180,68,https://media.api-sports.io/football/players/264472.png,Defender,36.0,33.0,3012.0,6.71,2.0,0.0,9.0,4.0,1550.0,11.0,86.0,33.0,23.0,56.0,13.0,5.0,174.0,106.0,26.0,18.0,6.0,0.0
135,Serie A,2025,489,AC Milan,266813,W. Bondo,Warren Pierre,Bondo,22.0,France,177,63,https://media.api-sports.io/football/players/266813.png,Midfielder,4.0,4.0,250.0,7.075000,,0.0,,,122.0,,,9.0,1.0,2.0,4.0,3.0,29.0,20.0,6.0,2.0,1.0,0.0
135,Serie A,2025,520,Cremonese,266813,W. Bondo,Warren Pierre,Bondo,22.0,France,177,63,https://media.api-sports.io/football/players/266813.png,Midfielder,27.0,22.0,1769.0,6.63,0.0,0.0,5.0,2.0,776.0,3.0,89.0,31.0,3.0,8.0,26.0,15.0,173.0,85.0,33.0,39.0,5.0,0.0
135,Serie A,2025,496,Juventus,286595,Facundo González,Facundo,González Molino,22.0,Uruguay,193,78,https://media.api-sports.io/football/players/286595.png,Defender,,,,,,,,,,,,,,,,,,,,,,
135,Serie A,2025,494,Udinese,344165,D. Pizarro,Damián Nicolás,Pizarro Huenuqueo,20.0,Chile,187,85,https://media.api-sports.io/football/players/344165.png,Attacker,,,,,,,,,,,,,,,,,,,,,,
135,Serie A,2025,494,Udinese,506554,C. De Paoli,Cristiano,De Paoli,17.0,Italy,182,,https://media.api-sports.io/football/players/506554.png,Defender,,,,,,,,,,,,,,,,,,,,,,
135,Serie A,2025,895,Como,506554,C. De Paoli,Cristiano,De Paoli,17.0,Italy,182,,https://media.api-sports.io/football/players/506554.png,Midfielder,0.0,0.0,,,0.0,0.0,,,,,,,,,,,,,,,0.0,0.0
135,Serie A,2025,489,AC Milan,530000,C. Balentien,Cheveyo,Balentien,19.0,Netherlands,189,,https://media.api-sports.io/football/players/530000.png,Attacker,,,,,,,,,,,,,,,,,,,,,,
135,Serie A,2025,503,Torino,535,P. Schuurs,Perr,Schuurs,26.0,Netherlands,191,80,https://media.api-sports.io/football/players/535.png,Defender,,,,,,,,,,,,,,,,,,,,,,
135,Serie A,2025,502,Fiorentina,6010,L. Beltrán,Lucas,Beltrán,24.0,Argentina,174,75,https://media.api-sports.io/football/players/6010.png,Midfielder,,,,,,,,,,,,,,,,,,,,,,
135,Serie A,2025,494,Udinese,20656,E. Ebosse,Enzo Jacques Rodolphe,Ebosse,26.0,Cameroon,185,74,https://media.api-sports.io/football/players/20656.png,Defender,4.0,2.0,53.0,6.050000,,0.0,,,30.0,,,,,,,,3.0,,,3.0,1.0,0.0
135,Serie A,2025,504,Hellas Verona,20656,E. Ebosse,Enzo Jacques Rodolphe,Ebosse,26.0,Cameroon,185,74,https://media.api-sports.io/football/players/20656.png,Defender,4.0,3.0,214.0,6.35,0.0,0.0,1.0,,103.0,,90.0,1.0,2.0,,,,10.0,2.0,1.0,5.0,1.0,0.0
135,Serie A,2025,503,Torino,20656,E. Ebosse,Enzo Jacques Rodolphe,Ebosse,26.0,Cameroon,185,74,https://media.api-sports.io/football/players/20656.png,Defender,13.0,13.0,1117.0,6.78,0.0,1.0,,,724.0,7.0,89.0,11.0,13.0,10.0,4.0,2.0,82.0,38.0,9.0,16.0,3.0,0.0
135,Serie A,2025,488,Sassuolo,30766,A. Russo,Alessandro,Russo,24.0,Italy,196,,https://media.api-sports.io/football/players/30766.png,Goalkeeper,,,,,,,,,,,,,,,,,,,,,,
135,Serie A,2025,489,AC Milan,31273,T. Pobega,Tommaso,Pobega,26.0,Italy,188,75,https://media.api-sports.io/football/players/31273.png,Midfielder,2.0,1.0,115.0,6.450000,,0.0,1.0,,30.0,,,,2.0,2.0,1.0,1.0,10.0,4.0,1.0,1.0,1.0,0.0
135,Serie A,2025,500,Bologna,31273,T. Pobega,Tommaso,Pobega,26.0,Italy,188,75,https://media.api-sports.io/football/players/31273.png,Midfielder,26.0,17.0,1452.0,6.66,3.0,1.0,21.0,10.0,510.0,6.0,77.0,37.0,11.0,19.0,10.0,7.0,158.0,78.0,12.0,35.0,2.0,1.0
135,Serie A,2025,495,Genoa,31521,A. Vogliacco,Alessandro,Vogliacco,27.0,Italy,186,82,https://media.api-sports.io/football/players/31521.png,Defender,,,,,,,,,,,,,,,,,,,,,,
135,Serie A,2025,495,Genoa,39286,E. Bohinen,Emil,Bohinen,26.0,Norway,189,75,https://media.api-sports.io/football/players/39286.png,Midfielder,,,,,,,,,,,,,,,,,,,,,,
135,Serie A,2025,503,Torino,40582,S. Walukiewicz,Sebastian Wiktor,Walukiewicz,25.0,Poland,188,80,https://media.api-sports.io/football/players/40582.png,Defender,3.0,3.0,225.0,6.566666,,0.0,,,129.0,2.0,,5.0,1.0,2.0,5.0,4.0,20.0,10.0,,4.0,0.0,0.0
135,Serie A,2025,488,Sassuolo,40582,S. Walukiewicz,Sebastian Wiktor,Walukiewicz,25.0,Poland,188,80,https://media.api-sports.io/football/players/40582.png,Defender,34.0,33.0,2855.0,6.74,0.0,1.0,4.0,,1238.0,21.0,85.0,50.0,10.0,25.0,36.0,21.0,213.0,110.0,13.0,35.0,7.0,0.0
135,Serie A,2025,801,Pisa,56275,P. Beruatto,Pietro,Beruatto,27.0,Italy,190,80,https://media.api-sports.io/football/players/56275.png,Defender,,,,,,,,,,,,,,,,,,,,,,
135,Serie A,2025,489,AC Milan,263481,L. Colombo,Lorenzo,Colombo,23.0,Italy,186,74,https://media.api-sports.io/football/players/263481.png,Attacker,4.0,4.0,285.0,6.050000,,0.0,5.0,2.0,50.0,,,3.0,1.0,,3.0,1.0,62.0,18.0,4.0,10.0,0.0,0.0
135,Serie A,2025,495,Genoa,263481,L. Colombo,Lorenzo,Colombo,23.0,Italy,186,74,https://media.api-sports.io/football/players/263481.png,Attacker,38.0,30.0,2353.0,6.56,7.0,1.0,53.0,27.0,477.0,19.0,70.0,20.0,2.0,1.0,50.0,19.0,403.0,150.0,55.0,41.0,2.0,0.0
135,Serie A,2025,895,Como,263699,A. Fadera,Alieu,Fadera,24.0,Gambia,182,71,https://media.api-sports.io/football/players/263699.png,Attacker,4.0,2.0,87.0,6.825000,1.0,0.0,1.0,1.0,25.0,,,3.0,,1.0,4.0,2.0,26.0,11.0,4.0,4.0,0.0,0.0
135,Serie A,2025,488,Sassuolo,263699,A. Fadera,Alieu,Fadera,24.0,Gambia,182,71,https://media.api-sports.io/football/players/263699.png,Attacker,28.0,8.0,980.0,6.68,2.0,1.0,8.0,4.0,257.0,7.0,78.0,36.0,,7.0,35.0,11.0,199.0,90.0,36.0,36.0,5.0,0.0
135,Serie A,2025,523,Parma,292543,M. Frigan,Matija,Frigan,22.0,Croatia,185,77,https://media.api-sports.io/football/players/292543.png,Attacker,,,,,,,,,,,,,,,,,,,,,,
135,Serie A,2025,502,Fiorentina,302432,A. Bianco,Alessandro,Bianco,23.0,Italy,173,67,https://media.api-sports.io/football/players/302432.png,Midfielder,,,,,,,,,,,,,,,,,,,,,,
135,Serie A,2025,495,Genoa,310109,D. Ankeye,David,Akpan Ankeye,23.0,Nigeria,191,84,https://media.api-sports.io/football/players/310109.png,Attacker,,,,,,,,,,,,,,,,,,,,,,
135,Serie A,2025,801,Pisa,335043,Ž. Jevšenak,Žan,Jevšenak,22.0,Slovenia,191,80,https://media.api-sports.io/football/players/335043.png,Midfielder,,,,,,,,,,,,,,,,,,,,,,
135,Serie A,2025,505,Inter,341646,V. Carboni,Valentín,Carboni,20.0,Argentina,185,78,https://media.api-sports.io/football/players/341646.png,Midfielder,4.0,4.0,178.0,6.700000,,0.0,1.0,1.0,63.0,1.0,,8.0,,1.0,10.0,5.0,34.0,17.0,2.0,5.0,1.0,0.0
135,Serie A,2025,495,Genoa,341646,V. Carboni,Valentín,Carboni,20.0,Argentina,185,78,https://media.api-sports.io/football/players/341646.png,Midfielder,12.0,3.0,360.0,6.71,0.0,0.0,4.0,2.0,131.0,4.0,82.0,14.0,,2.0,19.0,10.0,69.0,32.0,5.0,11.0,2.0,0.0
135,Serie A,2025,503,Torino,343538,A. Ciammaglichella,Aaron,Ciammaglichella,20.0,Italy,180,70,https://media.api-sports.io/football/players/343538.png,Midfielder,,,,,,,,,,,,,,,,,,,,,,
135,Serie A,2025,500,Bologna,346923,M. Ilić,Mihajlo,Ilić,22.0,Serbia,192,,https://media.api-sports.io/football/players/346923.png,Defender,,,,,,,,,,,,,,,,,,,,,,
135,Serie A,2025,801,Pisa,526861,M. Casarosa,Matias,Emilio Casarosa,18.0,Italy,,,https://media.api-sports.io/football/players/526861.png,Defender,,,,,,,,,,,,,,,,,,,,,,
135,Serie A,2025,504,Hellas Verona,527234,F. Cham,Fallou,Cham,19.0,Gambia,,,https://media.api-sports.io/football/players/527234.png,Defender,,,,,,,,,,,,,,,,,,,,,,
135,Serie A,2025,500,Bologna,951,M. Aebischer,Michel,Aebischer,28.0,Switzerland,183,78,https://media.api-sports.io/football/players/951.png,Midfielder,3.0,3.0,266.0,6.733333,,0.0,3.0,,132.0,1.0,,9.0,,4.0,2.0,1.0,23.0,13.0,2.0,3.0,0.0,0.0
135,Serie A,2025,801,Pisa,951,M. Aebischer,Michel,Aebischer,28.0,Switzerland,183,78,https://media.api-sports.io/football/players/951.png,Midfielder,35.0,33.0,2900.0,6.91,1.0,2.0,16.0,5.0,1530.0,34.0,85.0,65.0,6.0,37.0,29.0,14.0,257.0,131.0,38.0,45.0,8.0,0.0
135,Serie A,2025,496,Juventus,1138,T. Weah,Timothy,Tarpeh Weah,25.0,USA,183,66,https://media.api-sports.io/football/players/1138.png,Attacker,,,,,,,,,,,,,,,,,,,,,,
135,Serie A,2025,801,Pisa,30755,E. Vignato,Emanuel,Vignato,25.0,Italy,175,70,https://media.api-sports.io/football/players/30755.png,Attacker,,,,,,,,,,,,,,,,,,,,,,
135,Serie A,2025,497,AS Roma,30924,M. Kumbulla,Marash,Kumbulla,25.0,Albania,191,78,https://media.api-sports.io/football/players/30924.png,Defender,,,,,,,,,,,,,,,,,,,,,,
135,Serie A,2025,502,Fiorentina,31318,M&apos;Bala Nzola,M'Bala,Nzola,29.0,Angola,185,91,https://media.api-sports.io/football/players/31318.png,Attacker,3.0,1.0,107.0,6.433333,,0.0,,,32.0,4.0,,,1.0,,3.0,2.0,20.0,7.0,1.0,4.0,0.0,0.0
135,Serie A,2025,801,Pisa,31318,M&apos;Bala Nzola,M'Bala,Nzola,29.0,Angola,185,91,https://media.api-sports.io/football/players/31318.png,Attacker,16.0,11.0,1053.0,6.64,3.0,0.0,20.0,7.0,186.0,15.0,77.0,4.0,1.0,1.0,28.0,14.0,151.0,71.0,17.0,18.0,1.0,1.0
135,Serie A,2025,488,Sassuolo,31318,M&apos;Bala Nzola,M'Bala,Nzola,29.0,Angola,185,91,https://media.api-sports.io/football/players/31318.png,Attacker,14.0,4.0,467.0,6.57,1.0,1.0,8.0,4.0,111.0,5.0,80.0,4.0,,2.0,9.0,5.0,58.0,25.0,9.0,11.0,1.0,0.0
135,Serie A,2025,502,Fiorentina,31507,R. Sottil,Riccardo,Sottil,26.0,Italy,180,75,https://media.api-sports.io/football/players/31507.png,Attacker,4.0,3.0,179.0,6.625000,,1.0,1.0,,51.0,2.0,,,,,10.0,2.0,25.0,9.0,7.0,2.0,0.0,0.0
135,Serie A,2025,867,Lecce,31507,R. Sottil,Riccardo,Sottil,26.0,Italy,180,75,https://media.api-sports.io/football/players/31507.png,Attacker,21.0,13.0,1072.0,6.81,1.0,2.0,10.0,3.0,250.0,24.0,82.0,4.0,,2.0,39.0,13.0,118.0,47.0,27.0,10.0,1.0,0.0
135,Serie A,2025,490,Cagliari,40392,M. Wieteska,Mateusz,Wieteska,28.0,Poland,187,77,https://media.api-sports.io/football/players/40392.png,Defender,,,,,,,,,,,,,,,,,,,,,,
135,Serie A,2025,497,AS Roma,44594,Saud Abdulhamid,Saud Abdullah Salem,Abdulhamid,26.0,Saudi Arabia,171,71,https://media.api-sports.io/football/players/44594.png,Defender,,,,,,,,,,,,,,,,,,,,,,
135,Serie A,2025,801,Pisa,56267,L. Loria,Leonardo,Loria,26.0,Italy,195,75,https://media.api-sports.io/football/players/56267.png,Goalkeeper,,,,,,,,,,,,,,,,,,,,,,
135,Serie A,2025,801,Pisa,127055,A. Arena,Alessandro,Arena,25.0,Italy,171,58,https://media.api-sports.io/football/players/127055.png,Attacker,,,,,,,,,,,,,,,,,,,,,,
135,Serie A,2025,801,Pisa,162181,N. Bonfanti,Nicholas,Bonfanti,23.0,Italy,178,68,https://media.api-sports.io/football/players/162181.png,Attacker,,,,,,,,,,,,,,,,,,,,,,
135,Serie A,2025,801,Pisa,180982,A. Lind,Alexander Lucas,Lind Rasmussen,23.0,Denmark,185,85,https://media.api-sports.io/football/players/180982.png,Attacker,,,,,,,,,,,,,,,,,,,,,,
135,Serie A,2025,500,Bologna,314254,A. Raimondo,Antonio,Raimondo,21.0,Italy,185,73,https://media.api-sports.io/football/players/314254.png,Attacker,,,,,,,,,,,,,,,,,,,,,,
135,Serie A,2025,500,Bologna,319919,O. El Azzouzi,Oussama,El Azzouzi,24.0,Morocco,189,82,https://media.api-sports.io/football/players/319919.png,Midfielder,,,,,,,,,,,,,,,,,,,,,,
135,Serie A,2025,497,AS Roma,342042,L. Cherubini,Luigi,Cherubini,21.0,Italy,175,,https://media.api-sports.io/football/players/342042.png,Attacker,,,,,,,,,,,,,,,,,,,,,,
135,Serie A,2025,494,Udinese,367577,S. Pafundi,Simone,Pafundi,19.0,Italy,166,64,https://media.api-sports.io/football/players/367577.png,Midfielder,,,,,,,,,,,,,,,,,,,,,,
135,Serie A,2025,867,Lecce,368163,V. Addo,Vernon,Addo,20.0,Netherlands,188,80,https://media.api-sports.io/football/players/368163.png,Defender,,,,,,,,,,,,,,,,,,,,,,
135,Serie A,2025,523,Parma,386393,R. Kouda,Rachid,Kouda,23.0,Italy,188,78,https://media.api-sports.io/football/players/386393.png,Midfielder,,,,,,,,,,,,,,,,,,,,,,
135,Serie A,2025,505,Inter,408635,E. Akinsanmiro,Ebenezer,Akinsanmiro,21.0,Nigeria,184,70,https://media.api-sports.io/football/players/408635.png,Midfielder,3.0,2.0,119.0,7.050000,,0.0,1.0,1.0,54.0,2.0,,4.0,,,3.0,2.0,13.0,8.0,,2.0,0.0,0.0
135,Serie A,2025,801,Pisa,408635,E. Akinsanmiro,Ebenezer,Akinsanmiro,21.0,Nigeria,184,70,https://media.api-sports.io/football/players/408635.png,Midfielder,24.0,16.0,1445.0,6.81,0.0,1.0,11.0,3.0,509.0,16.0,85.0,39.0,6.0,27.0,40.0,21.0,196.0,102.0,28.0,30.0,2.0,0.0
135,Serie A,2025,489,AC Milan,436260,F. Camarda,Francesco,Camarda,17.0,Italy,184,77,https://media.api-sports.io/football/players/436260.png,Attacker,4.0,3.0,164.0,6.375000,,0.0,1.0,,20.0,,,,,,3.0,2.0,16.0,6.0,2.0,2.0,0.0,0.0
135,Serie A,2025,867,Lecce,436260,F. Camarda,Francesco,Camarda,17.0,Italy,184,77,https://media.api-sports.io/football/players/436260.png,Attacker,21.0,7.0,693.0,6.4,1.0,0.0,10.0,3.0,107.0,4.0,71.0,3.0,1.0,,9.0,3.0,83.0,24.0,4.0,12.0,1.0,0.0
135,Serie A,2025,496,Juventus,150,Arthur,Arthur Henrique,Ramos de Oliveira Melo,29.0,Brazil,171,73,https://media.api-sports.io/football/players/150.png,Midfielder,,,,,,,,,,,,,,,,,,,,,,
135,Serie A,2025,494,Udinese,9975,Brenner,Brenner,Souza da Silva,25.0,Brazil,175,70,https://media.api-sports.io/football/players/9975.png,Attacker,,,,,,,,,,,,,,,,,,,,,,
135,Serie A,2025,499,Atalanta,30417,M. Carnesecchi,Marco,Carnesecchi,25.0,Italy,191,83,https://media.api-sports.io/football/players/30417.png,Goalkeeper,37.0,37.0,3330.0,7.34,0.0,0.0,,,1174.0,,65.0,1.0,,,1.0,1.0,18.0,17.0,6.0,1.0,0.0,0.0
135,Serie A,2025,499,Atalanta,30421,B. Djimsiti,Berat,Djimsiti,32.0,Albania,190,83,https://media.api-sports.io/football/players/30421.png,Defender,34.0,29.0,2533.0,6.91,0.0,0.0,12.0,2.0,1568.0,6.0,90.0,52.0,24.0,43.0,4.0,3.0,250.0,149.0,8.0,17.0,4.0,0.0
135,Serie A,2025,520,Cremonese,56304,L. Zanimacchia,Luca,Zanimacchia,27.0,Italy,178,72,https://media.api-sports.io/football/players/56304.png,Attacker,,,,,,,,,,,,,,,,,,,,,,
135,Serie A,2025,488,Sassuolo,57899,Yeferson David Paz Paz,Yeferson David,Paz Paz,34.0,Venezuela,174 cm,62 kg,https://media.api-sports.io/football/players/57899.png,Defender,0.0,0.0,,,0.0,0.0,,,,,,,,,,,,,,,0.0,0.0
135,Serie A,2025,499,Atalanta,91422,R. Bellanova,Raoul,Bellanova,25.0,Italy,188,82,https://media.api-sports.io/football/players/91422.png,Midfielder,24.0,15.0,1387.0,6.66,0.0,1.0,8.0,5.0,550.0,21.0,88.0,18.0,3.0,9.0,13.0,9.0,87.0,48.0,12.0,5.0,2.0,0.0
135,Serie A,2025,801,Pisa,91457,J. Mlakar,Jan,Mlakar,27.0,Slovenia,183,78,https://media.api-sports.io/football/players/91457.png,Attacker,,,,,,,,,,,,,,,,,,,,,,
135,Serie A,2025,499,Atalanta,137976,I. Hien,Isak Malcolm Kwaku,Hien,26.0,Sweden,191,88,https://media.api-sports.io/football/players/137976.png,Defender,28.0,20.0,1965.0,6.87,1.0,0.0,8.0,3.0,1135.0,2.0,92.0,49.0,16.0,29.0,9.0,4.0,239.0,122.0,21.0,36.0,5.0,0.0
135,Serie A,2025,895,Como,178709,Y. Engelhardt,Yannik,Engelhardt,24.0,Germany,184,74,https://media.api-sports.io/football/players/178709.png,Midfielder,,,,,,,,,,,,,,,,,,,,,,
135,Serie A,2025,496,Juventus,181806,N. Savona,Nicolò,Savona,22.0,Italy,192,80,https://media.api-sports.io/football/players/181806.png,Defender,,,,,,,,,,,,,,,,,,,,,,
135,Serie A,2025,499,Atalanta,194750,E. Touré,El Bilal,Touré,24.0,Mali,185,77,https://media.api-sports.io/football/players/194750.png,Forward,,,,,,,,,,,,,,,,,,,,,,
135,Serie A,2025,500,Bologna,195508,J. Sosa,Enzo Joaquín,Sosa Romañuk,23.0,Uruguay,189,82,https://media.api-sports.io/football/players/195508.png,Defender,,,,,,,,,,,,,,,,,,,,,,
135,Serie A,2025,490,Cagliari,204054,N. Prelec,Nik,Prelec,24.0,Slovenia,186,80,https://media.api-sports.io/football/players/204054.png,Attacker,,,,,,,,,,,,,,,,,,,,,,
135,Serie A,2025,499,Atalanta,289761,G. Scalvini,Giorgio,Scalvini,22.0,Italy,194,76,https://media.api-sports.io/football/players/289761.png,Defender,24.0,23.0,1817.0,7.08,3.0,1.0,12.0,6.0,1210.0,15.0,87.0,46.0,12.0,43.0,29.0,13.0,206.0,112.0,10.0,31.0,2.0,0.0
135,Serie A,2025,867,Lecce,327763,R. Burnete,Rareş Cătălin,Burnete,21.0,Romania,185,77,https://media.api-sports.io/football/players/327763.png,Attacker,,,,,,,,,,,,,,,,,,,,,,
135,Serie A,2025,520,Cremonese,345467,M. Nasti,Marco,Nasti,22.0,Italy,179,,https://media.api-sports.io/football/players/345467.png,Attacker,,,,,,,,,,,,,,,,,,,,,,
135,Serie A,2025,504,Hellas Verona,359100,A. Cissè,Alphadjo,Cissè,19.0,Italy,178,68,https://media.api-sports.io/football/players/359100.png,Attacker,,,,,,,,,,,,,,,,,,,,,,
135,Serie A,2025,494,Udinese,528604,Gioele Venuti,,,,,,,https://media.api-sports.io/football/players/528604.png,Goalkeeper,0.0,0.0,,,0.0,0.0,,,,,,,,,,,,,,,0.0,0.0
135,Serie A,2025,488,Sassuolo,599203,Lorenzo Nyarko,,,18.0,,,,https://media.api-sports.io/football/players/599203.png,Goalkeeper,0.0,0.0,,,0.0,0.0,,,,,,,,,,,,,,,0.0,0.0
135,Serie A,2025,499,Atalanta,1639,M. Brescianini,Marco,Brescianini,25.0,Italy,188,80,https://media.api-sports.io/football/players/1639.png,Midfielder,9.0,0.0,178.0,6.75,1.0,0.0,2.0,2.0,88.0,2.0,87.0,8.0,1.0,2.0,3.0,1.0,23.0,11.0,2.0,4.0,1.0,0.0
135,Serie A,2025,502,Fiorentina,1639,M. Brescianini,Marco,Brescianini,25.0,Italy,188,80,https://media.api-sports.io/football/players/1639.png,Midfielder,17.0,10.0,866.0,6.64,1.0,1.0,6.0,2.0,304.0,8.0,81.0,5.0,3.0,,10.0,7.0,77.0,28.0,9.0,13.0,1.0,0.0
135,Serie A,2025,499,Atalanta,2286,D. Zappacosta,Davide,Zappacosta,33.0,Italy,182,70,https://media.api-sports.io/football/players/2286.png,Midfielder,35.0,30.0,2580.0,6.86,3.0,3.0,23.0,9.0,1152.0,42.0,84.0,22.0,2.0,20.0,57.0,25.0,159.0,66.0,8.0,18.0,3.0,0.0
135,Serie A,2025,499,Atalanta,2763,Mario Pasalic,Mario,Pasalic,30.0,Croatia,188,77,https://media.api-sports.io/football/players/2763.png,Midfielder,33.0,21.0,1932.0,6.88,3.0,4.0,20.0,6.0,1402.0,40.0,88.0,25.0,3.0,14.0,13.0,7.0,159.0,67.0,6.0,22.0,3.0,0.0
135,Serie A,2025,499,Atalanta,10097,Éderson,Éderson José,dos Santos Lourenço da Silva,26.0,Brazil,183,83,https://media.api-sports.io/football/players/10097.png,Midfielder,30.0,26.0,2235.0,7,2.0,1.0,21.0,11.0,1334.0,25.0,89.0,59.0,7.0,28.0,29.0,16.0,252.0,135.0,40.0,34.0,3.0,0.0
135,Serie A,2025,499,Atalanta,30419,F. Rossi,Francesco,Rossi,34.0,Italy,193,83,https://media.api-sports.io/football/players/30419.png,Goalkeeper,0.0,0.0,,,0.0,0.0,,,,,,,,,,,,,,,0.0,0.0
135,Serie A,2025,499,Atalanta,30432,M. de Roon,Marten Elco,de Roon,34.0,Netherlands,186,76,https://media.api-sports.io/football/players/30432.png,Midfielder,34.0,32.0,2704.0,7.04,1.0,2.0,13.0,4.0,1942.0,24.0,85.0,81.0,5.0,28.0,7.0,3.0,249.0,130.0,11.0,37.0,7.0,0.0
135,Serie A,2025,499,Atalanta,30544,G. Scamacca,Gianluca,Scamacca,26.0,Italy,196,85,https://media.api-sports.io/football/players/30544.png,Attacker,24.0,16.0,1319.0,6.69,10.0,1.0,49.0,22.0,316.0,17.0,70.0,8.0,2.0,3.0,23.0,13.0,141.0,65.0,18.0,26.0,2.0,0.0
135,Serie A,2025,801,Pisa,30733,A. Šemper,Adrian,Šemper,27.0,Croatia,194,89,https://media.api-sports.io/football/players/30733.png,Goalkeeper,25.0,25.0,2250.0,6.95,0.0,0.0,,,746.0,,61.0,,,,,,18.0,16.0,6.0,,0.0,0.0
135,Serie A,2025,499,Atalanta,31069,M. Sportiello,Marco,Sportiello,33.0,Italy,192,87,https://media.api-sports.io/football/players/31069.png,Goalkeeper,1.0,1.0,90.0,6.6,0.0,0.0,,,18.0,,83.0,1.0,,,,,1.0,1.0,,,0.0,0.0
135,Serie A,2025,499,Atalanta,48119,O. Kossounou,Kouakou Odilon Dorgeless,Kossounou,24.0,Côte d'Ivoire,191,79,https://media.api-sports.io/football/players/48119.png,Defender,19.0,10.0,994.0,6.65,1.0,0.0,3.0,1.0,629.0,4.0,91.0,17.0,7.0,9.0,11.0,5.0,87.0,37.0,3.0,16.0,1.0,0.0
135,Serie A,2025,499,Atalanta,66817,N. Krstović,Nikola,Krstović,25.0,Montenegro,185,83,https://media.api-sports.io/football/players/66817.png,Attacker,33.0,18.0,1786.0,6.68,10.0,5.0,75.0,34.0,501.0,21.0,73.0,15.0,3.0,3.0,39.0,17.0,266.0,117.0,27.0,45.0,4.0,0.0
135,Serie A,2025,499,Atalanta,134926,D. Maldini,Daniel,Maldini,24.0,Italy,188,83,https://media.api-sports.io/football/players/134926.png,Attacker,9.0,3.0,265.0,6.68,0.0,0.0,6.0,2.0,97.0,4.0,76.0,3.0,,,15.0,9.0,37.0,22.0,7.0,4.0,1.0,0.0
135,Serie A,2025,487,Lazio,134926,D. Maldini,Daniel,Maldini,24.0,Italy,188,83,https://media.api-sports.io/football/players/134926.png,Attacker,12.0,9.0,690.0,6.74,2.0,1.0,9.0,5.0,212.0,7.0,83.0,12.0,1.0,4.0,19.0,7.0,105.0,44.0,20.0,14.0,0.0,0.0
135,Serie A,2025,499,Atalanta,147859,C. De Ketelaere,Charles Marc,De Ketelaere,24.0,Belgium,192,74,https://media.api-sports.io/football/players/147859.png,Attacker,31.0,26.0,2188.0,7.25,3.0,5.0,30.0,16.0,1016.0,63.0,78.0,24.0,2.0,5.0,102.0,51.0,346.0,153.0,36.0,23.0,4.0,0.0
135,Serie A,2025,499,Atalanta,178749,L. Samardžić,Lazar Vujadin,Samardžić,23.0,Serbia,184,70,https://media.api-sports.io/football/players/178749.png,Midfielder,26.0,11.0,1028.0,6.77,2.0,1.0,19.0,9.0,524.0,28.0,84.0,12.0,,9.0,33.0,14.0,121.0,41.0,10.0,17.0,1.0,0.0
135,Serie A,2025,499,Atalanta,199837,K. Sulemana,Kamaldeen,Sulemana,23.0,Ghana,175,70,https://media.api-sports.io/football/players/199837.png,Attacker,25.0,9.0,1008.0,6.74,2.0,1.0,19.0,10.0,342.0,13.0,84.0,9.0,1.0,2.0,49.0,22.0,132.0,57.0,14.0,13.0,4.0,0.0
135,Serie A,2025,499,Atalanta,203474,N. Zalewski,Nicola,Zalewski,23.0,Poland,175,68,https://media.api-sports.io/football/players/203474.png,Midfielder,33.0,24.0,1910.0,6.98,2.0,4.0,26.0,7.0,703.0,36.0,75.0,29.0,1.0,18.0,66.0,28.0,232.0,122.0,52.0,21.0,3.0,0.0
135,Serie A,2025,499,Atalanta,264857,L. Bernasconi,Lorenzo,Bernasconi,22.0,Italy,190,72,https://media.api-sports.io/football/players/264857.png,Defender,23.0,17.0,1572.0,6.99,0.0,3.0,4.0,1.0,708.0,27.0,84.0,29.0,6.0,14.0,17.0,9.0,88.0,47.0,5.0,8.0,3.0,0.0
135,Serie A,2025,499,Atalanta,341838,G. Bonfanti,Giovanni,Bonfanti,22.0,Italy,187,83,https://media.api-sports.io/football/players/341838.png,Defender,0.0,0.0,,,0.0,0.0,,,,,,,,,,,,,,,0.0,0.0
135,Serie A,2025,801,Pisa,341838,G. Bonfanti,Giovanni,Bonfanti,22.0,Italy,187,83,https://media.api-sports.io/football/players/341838.png,Defender,9.0,6.0,495.0,6.54,0.0,0.0,4.0,1.0,140.0,3.0,65.0,13.0,2.0,7.0,12.0,5.0,61.0,30.0,3.0,10.0,1.0,0.0
135,Serie A,2025,499,Atalanta,453906,H. Ahanor,Honest,Ahanor,17.0,Italy,184,79,https://media.api-sports.io/football/players/453906.png,Defender,22.0,15.0,1380.0,6.64,0.0,0.0,11.0,4.0,713.0,2.0,89.0,36.0,10.0,23.0,8.0,5.0,171.0,102.0,28.0,25.0,2.0,1.0
135,Serie A,2025,801,Pisa,485960,D. Denoon,Daniel,Denoon,21.0,Switzerland,187,85,https://media.api-sports.io/football/players/485960.png,Defender,2.0,2.0,123.0,6.6,0.0,0.0,,,32.0,,84.0,3.0,,1.0,,,13.0,6.0,3.0,4.0,1.0,0.0
135,Serie A,2025,801,Pisa,866,J. Cuadrado,Juan Guillermo,Cuadrado Bello,37.0,Colombia,179,72,https://media.api-sports.io/football/players/866.png,Midfielder,19.0,2.0,501.0,6.84,1.0,0.0,5.0,2.0,216.0,13.0,81.0,18.0,2.0,4.0,30.0,13.0,97.0,49.0,16.0,9.0,3.0,0.0
135,Serie A,2025,801,Pisa,15723,M. Højholt,Malthe,Højholt,24.0,Denmark,182,65,https://media.api-sports.io/football/players/15723.png,Midfielder,17.0,9.0,856.0,6.46,0.0,0.0,4.0,2.0,280.0,3.0,84.0,14.0,3.0,9.0,3.0,1.0,68.0,25.0,5.0,14.0,2.0,0.0
135,Serie A,2025,801,Pisa,20959,M. Tramoni,Mattéo,Tramoni,25.0,France,175,72,https://media.api-sports.io/football/players/20959.png,Attacker,27.0,21.0,1615.0,6.79,2.0,2.0,21.0,9.0,363.0,28.0,71.0,32.0,1.0,16.0,34.0,8.0,152.0,67.0,15.0,15.0,3.0,0.0
135,Serie A,2025,801,Pisa,30469,A. Calabresi,Arturo,Calabresi,29.0,Italy,186,75,https://media.api-sports.io/football/players/30469.png,Defender,26.0,17.0,1516.0,6.56,0.0,0.0,2.0,1.0,518.0,4.0,82.0,20.0,13.0,18.0,9.0,2.0,146.0,62.0,25.0,33.0,8.0,0.0
135,Serie A,2025,801,Pisa,30723,M. Marin,Marius Mihai,Marin,27.0,Romania,180,72,https://media.api-sports.io/football/players/30723.png,Midfielder,23.0,18.0,1292.0,6.73,0.0,0.0,1.0,,449.0,2.0,77.0,45.0,4.0,13.0,5.0,1.0,150.0,73.0,20.0,36.0,7.0,0.0
135,Serie A,2025,490,Cagliari,30731,E. Caprile,Elia,Caprile,24.0,Italy,191,74,https://media.api-sports.io/football/players/30731.png,Goalkeeper,38.0,38.0,3420.0,7.04,0.0,0.0,,,1091.0,1.0,63.0,,,,,,21.0,18.0,8.0,,2.0,0.0
135,Serie A,2025,801,Pisa,30753,M. Léris,Mehdi Pascal,Marcel Léris,27.0,Algeria,186,83,https://media.api-sports.io/football/players/30753.png,Midfielder,34.0,21.0,1912.0,6.87,2.0,3.0,15.0,7.0,563.0,27.0,70.0,67.0,8.0,22.0,42.0,17.0,275.0,161.0,22.0,27.0,2.0,0.0
135,Serie A,2025,801,Pisa,30792,Nícolas,Nícolas David,Andrade,37.0,Brazil,190,85,https://media.api-sports.io/football/players/30792.png,Goalkeeper,6.0,6.0,540.0,6.52,0.0,0.0,,,191.0,,64.0,,,,1.0,1.0,9.0,7.0,3.0,,0.0,0.0
135,Serie A,2025,801,Pisa,31560,S. Moreo,Stefano,Moreo,32.0,Italy,191,86,https://media.api-sports.io/football/players/31560.png,Attacker,37.0,29.0,2321.0,6.78,7.0,1.0,46.0,20.0,549.0,25.0,59.0,17.0,4.0,22.0,27.0,13.0,281.0,145.0,20.0,22.0,2.0,0.0
135,Serie A,2025,801,Pisa,31604,A. Caracciolo,Antonio Aldo,Caracciolo,35.0,Italy,185,83,https://media.api-sports.io/football/players/31604.png,Defender,35.0,34.0,3074.0,6.62,2.0,0.0,20.0,6.0,1232.0,2.0,84.0,71.0,24.0,50.0,9.0,3.0,261.0,139.0,11.0,40.0,10.0,0.0
135,Serie A,2025,801,Pisa,50054,S. Scuffet,Simone,Scuffet,29.0,Italy,193,77,https://media.api-sports.io/football/players/50054.png,Goalkeeper,7.0,7.0,630.0,7.04,0.0,0.0,,,237.0,,67.0,,,,,,6.0,6.0,4.0,,0.0,0.0
135,Serie A,2025,801,Pisa,56293,I. Touré,Idrissa,Touré,27.0,Germany,188,76,https://media.api-sports.io/football/players/56293.png,Midfielder,32.0,26.0,2286.0,6.76,1.0,0.0,22.0,8.0,669.0,20.0,65.0,43.0,8.0,23.0,44.0,21.0,406.0,222.0,19.0,23.0,4.0,1.0
135,Serie A,2025,801,Pisa,91503,S. Canestrelli,Simone,Canestrelli,25.0,Italy,192,85,https://media.api-sports.io/football/players/91503.png,Defender,37.0,36.0,3201.0,6.58,1.0,0.0,11.0,3.0,1261.0,10.0,81.0,40.0,20.0,33.0,5.0,3.0,276.0,158.0,21.0,42.0,4.0,0.0
135,Serie A,2025,801,Pisa,302069,S. Angori,Samuele,Angori,22.0,Italy,186,77,https://media.api-sports.io/football/players/302069.png,Midfielder,35.0,30.0,2604.0,6.88,0.0,2.0,8.0,3.0,785.0,38.0,72.0,46.0,8.0,22.0,18.0,9.0,205.0,128.0,55.0,17.0,2.0,0.0
135,Serie A,2025,801,Pisa,325387,G. Piccinini,Gabriele,Piccinini,24.0,Italy,184,76,https://media.api-sports.io/football/players/325387.png,Midfielder,25.0,5.0,872.0,6.53,0.0,0.0,13.0,7.0,232.0,7.0,78.0,22.0,1.0,2.0,12.0,4.0,108.0,54.0,12.0,11.0,3.0,0.0
135,Serie A,2025,801,Pisa,331678,H. Meister,Henrik,Wendel Meister,22.0,Denmark,192,83,https://media.api-sports.io/football/players/331678.png,Attacker,28.0,15.0,1512.0,6.39,2.0,0.0,16.0,8.0,155.0,5.0,64.0,5.0,,1.0,37.0,13.0,190.0,68.0,17.0,26.0,2.0,0.0
135,Serie A,2025,801,Pisa,384831,M. Durmush,Mert,Myuslyum Durmush,20.0,Bulgaria,,,https://media.api-sports.io/football/players/384831.png,Midfielder,0.0,0.0,,,0.0,0.0,,,,,,,,,,,,,,,0.0,0.0
135,Serie A,2025,801,Pisa,497255,G. Maucci,Giacomo,Maucci,18.0,Italy,,,https://media.api-sports.io/football/players/497255.png,Midfielder,0.0,0.0,,,0.0,0.0,,,,,,,,,,,,,,,0.0,0.0
135,Serie A,2025,801,Pisa,510473,Louis Buffon,Louis,Buffon,18.0,Italy,,,https://media.api-sports.io/football/players/510473.png,Attacker,4.0,0.0,36.0,6.4,0.0,0.0,,,6.0,,83.0,,,,1.0,,7.0,1.0,1.0,1.0,0.0,0.0
135,Serie A,2025,801,Pisa,526688,Jeremy Kandje Mbambi,Jeremy,Kandje Mbambi,17.0,Belgium,,,https://media.api-sports.io/football/players/526688.png,Defender,0.0,0.0,,,0.0,0.0,,,,,,,,,,,,,,,0.0,0.0
135,Serie A,2025,490,Cagliari,200,G. Zappa,Gabriele,Zappa,26.0,Italy,180,78,https://media.api-sports.io/football/players/200.png,Defender,31.0,18.0,1608.0,6.58,0.0,3.0,9.0,2.0,883.0,13.0,84.0,28.0,2.0,17.0,14.0,5.0,105.0,49.0,5.0,13.0,2.0,0.0
135,Serie A,2025,490,Cagliari,319,S. Luperto,Sebastiano,Luperto,29.0,Italy,191,75,https://media.api-sports.io/football/players/319.png,Defender,19.0,19.0,1707.0,6.74,1.0,0.0,5.0,3.0,850.0,3.0,89.0,15.0,10.0,18.0,1.0,1.0,97.0,48.0,17.0,23.0,3.0,0.0
135,Serie A,2025,520,Cremonese,319,S. Luperto,Sebastiano,Luperto,29.0,Italy,191,75,https://media.api-sports.io/football/players/319.png,Defender,15.0,15.0,1310.0,6.68,0.0,1.0,4.0,2.0,780.0,3.0,86.0,20.0,9.0,12.0,4.0,4.0,92.0,53.0,12.0,9.0,1.0,0.0
135,Serie A,2025,490,Cagliari,325,G. Gaetano,Gianluca,Gaetano,25.0,Italy,183,71,https://media.api-sports.io/football/players/325.png,Midfielder,33.0,21.0,1911.0,6.86,2.0,4.0,25.0,11.0,1055.0,28.0,80.0,29.0,2.0,22.0,29.0,17.0,182.0,89.0,29.0,26.0,4.0,0.0
135,Serie A,2025,502,Fiorentina,882,David de Gea,David,de Gea Quintana,35.0,Spain,192,76,https://media.api-sports.io/football/players/882.png,Goalkeeper,37.0,37.0,3330.0,6.99,0.0,0.0,,,1067.0,1.0,66.0,,,,,,15.0,11.0,6.0,,1.0,0.0
135,Serie A,2025,490,Cagliari,2484,Y. Mina,Yerry Fernando,Mina González,31.0,Colombia,195,94,https://media.api-sports.io/football/players/2484.png,Defender,26.0,26.0,2153.0,6.98,2.0,0.0,8.0,3.0,1201.0,8.0,91.0,32.0,23.0,26.0,5.0,2.0,203.0,129.0,37.0,26.0,4.0,0.0
135,Serie A,2025,490,Cagliari,30505,M. Adopo,Michel Ndary,Adopo,25.0,France,187,76,https://media.api-sports.io/football/players/30505.png,Midfielder,38.0,33.0,3055.0,6.63,1.0,2.0,19.0,11.0,1084.0,27.0,82.0,56.0,6.0,29.0,36.0,14.0,276.0,126.0,25.0,35.0,4.0,0.0
135,Serie A,2025,490,Cagliari,30561,A. Deiola,Alessandro,Deiola,30.0,Italy,189,85,https://media.api-sports.io/football/players/30561.png,Midfielder,20.0,17.0,1435.0,6.67,0.0,2.0,16.0,7.0,595.0,6.0,81.0,35.0,7.0,14.0,5.0,3.0,122.0,61.0,12.0,22.0,3.0,0.0
135,Serie A,2025,490,Cagliari,31499,G. Borrelli,Gennaro,Borrelli,25.0,Italy,194,,https://media.api-sports.io/football/players/31499.png,Attacker,27.0,13.0,1273.0,6.76,5.0,1.0,21.0,12.0,227.0,12.0,70.0,15.0,2.0,3.0,16.0,6.0,241.0,121.0,49.0,44.0,4.0,0.0
135,Serie A,2025,490,Cagliari,31734,M. Felici,Mattia,Felici,24.0,Italy,182,75,https://media.api-sports.io/football/players/31734.png,Attacker,12.0,4.0,409.0,6.7,2.0,1.0,7.0,6.0,105.0,8.0,67.0,11.0,,5.0,19.0,7.0,61.0,25.0,6.0,10.0,3.0,0.0
135,Serie A,2025,490,Cagliari,56287,A. Di Pardo,Alessandro,Di Pardo,26.0,Italy,182,76,https://media.api-sports.io/football/players/56287.png,Defender,3.0,0.0,60.0,6.25,0.0,0.0,1.0,,17.0,,76.0,1.0,1.0,,,,5.0,2.0,1.0,,0.0,0.0
135,Serie A,2025,490,Cagliari,135863,G. Ciocci,Giuseppe,Ciocci,23.0,Italy,193,90,https://media.api-sports.io/football/players/135863.png,Goalkeeper,0.0,0.0,,,0.0,0.0,,,,,,,,,,,,,,,0.0,0.0
135,Serie A,2025,490,Cagliari,140831,Zito Luvumbo,Zito André,Sebastião Luvumbo,23.0,Angola,171,65,https://media.api-sports.io/football/players/140831.png,Attacker,12.0,2.0,335.0,6.53,0.0,0.0,11.0,6.0,65.0,3.0,76.0,2.0,,1.0,12.0,3.0,48.0,24.0,18.0,4.0,0.0,0.0
135,Serie A,2025,490,Cagliari,309388,M. Prati,Matteo,Prati,22.0,Italy,183,73,https://media.api-sports.io/football/players/309388.png,Midfielder,20.0,15.0,1273.0,6.66,1.0,0.0,13.0,1.0,551.0,8.0,80.0,24.0,6.0,15.0,4.0,2.0,76.0,37.0,3.0,17.0,4.0,0.0
135,Serie A,2025,503,Torino,309388,M. Prati,Matteo,Prati,22.0,Italy,183,73,https://media.api-sports.io/football/players/309388.png,Midfielder,13.0,7.0,616.0,6.58,0.0,1.0,9.0,,299.0,4.0,78.0,15.0,3.0,5.0,10.0,5.0,68.0,34.0,7.0,12.0,2.0,0.0
135,Serie A,2025,490,Cagliari,321744,A. Obert,Adam,Obert,23.0,Slovakia,188,84,https://media.api-sports.io/football/players/321744.png,Defender,35.0,33.0,2788.0,6.85,0.0,3.0,8.0,3.0,1209.0,27.0,81.0,68.0,18.0,42.0,25.0,16.0,239.0,128.0,13.0,40.0,9.0,0.0
135,Serie A,2025,490,Cagliari,329550,N. Cavuoti,Nicolò,Cavuoti,22.0,Italy,177,,https://media.api-sports.io/football/players/329550.png,Midfielder,4.0,0.0,52.0,6.63,0.0,0.0,,,14.0,,85.0,,,,2.0,1.0,10.0,3.0,1.0,1.0,0.0,0.0
135,Serie A,2025,490,Cagliari,336567,S. Kılıçsoy,Semih,Kılıçsoy,20.0,Türkiye,178,68,https://media.api-sports.io/football/players/336567.png,Attacker,22.0,11.0,983.0,6.57,4.0,0.0,11.0,8.0,240.0,11.0,77.0,5.0,1.0,1.0,25.0,14.0,126.0,40.0,15.0,14.0,1.0,0.0
135,Serie A,2025,490,Cagliari,341987,A. Vinciguerra,Alessandro,Vinciguerra,20.0,Italy,167,58,https://media.api-sports.io/football/players/341987.png,Attacker,0.0,0.0,,,0.0,0.0,,,,,,,,,,,,,,,0.0,0.0
135,Serie A,2025,490,Cagliari,342311,V. Iliev,Velizar-Iliya,Svetozarov Iliev,20.0,Bulgaria,194,88,https://media.api-sports.io/football/players/342311.png,Goalkeeper,0.0,0.0,,,0.0,0.0,,,,,,,,,,,,,,,0.0,0.0
135,Serie A,2025,490,Cagliari,383026,Riyad Idrissi,Riyad,Idrissi,20.0,Morocco,182,69,https://media.api-sports.io/football/players/383026.png,Defender,23.0,4.0,781.0,6.62,2.0,0.0,6.0,6.0,287.0,6.0,79.0,21.0,4.0,8.0,14.0,8.0,78.0,36.0,6.0,9.0,3.0,0.0
135,Serie A,2025,502,Fiorentina,396637,P. Comuzzo,Pietro,Comuzzo,20.0,Italy,185,75,https://media.api-sports.io/football/players/396637.png,Defender,27.0,18.0,1700.0,6.65,1.0,0.0,9.0,2.0,992.0,3.0,90.0,32.0,14.0,24.0,2.0,1.0,137.0,69.0,4.0,24.0,2.0,0.0
135,Serie A,2025,502,Fiorentina,876,N. Fagioli,Nicolò,Fagioli,24.0,Italy,178,71,https://media.api-sports.io/football/players/876.png,Midfielder,33.0,30.0,2564.0,7.25,2.0,3.0,20.0,7.0,1672.0,62.0,89.0,46.0,10.0,16.0,31.0,19.0,204.0,111.0,45.0,23.0,5.0,0.0
135,Serie A,2025,502,Fiorentina,877,M. Kean,Moise Bioty,Kean,25.0,Italy,183,67,https://media.api-sports.io/football/players/877.png,Attacker,26.0,23.0,2047.0,6.68,8.0,1.0,75.0,27.0,213.0,3.0,72.0,6.0,1.0,7.0,60.0,25.0,228.0,102.0,44.0,29.0,4.0,0.0
135,Serie A,2025,502,Fiorentina,1014,S. Sohm,Simon Solomon Junior,Sohm,24.0,Switzerland,188,85,https://media.api-sports.io/football/players/1014.png,Midfielder,16.0,9.0,718.0,6.58,0.0,1.0,4.0,,300.0,9.0,88.0,10.0,4.0,6.0,11.0,7.0,86.0,35.0,11.0,15.0,2.0,0.0
135,Serie A,2025,500,Bologna,1014,S. Sohm,Simon Solomon Junior,Sohm,24.0,Switzerland,188,85,https://media.api-sports.io/football/players/1014.png,Midfielder,12.0,9.0,720.0,6.61,0.0,0.0,2.0,1.0,271.0,6.0,81.0,10.0,1.0,2.0,5.0,4.0,53.0,30.0,3.0,9.0,1.0,0.0
135,Serie A,2025,502,Fiorentina,1084,M. Pongračić,Marin,Pongračić,28.0,Croatia,190,95,https://media.api-sports.io/football/players/1084.png,Defender,35.0,33.0,2917.0,6.77,0.0,0.0,5.0,1.0,1901.0,8.0,91.0,31.0,27.0,35.0,22.0,16.0,241.0,117.0,21.0,69.0,12.0,0.0
135,Serie A,2025,502,Fiorentina,2799,A. Guðmundsson,Albert,Guðmundsson,28.0,Iceland,177,80,https://media.api-sports.io/football/players/2799.png,Attacker,33.0,27.0,2262.0,6.71,5.0,4.0,28.0,15.0,839.0,32.0,86.0,8.0,3.0,3.0,39.0,20.0,173.0,61.0,30.0,34.0,4.0,1.0
135,Serie A,2025,502,Fiorentina,19053,A. Sabiri,Abdelhamid,Sabiri,29.0,Morocco,183,80,https://media.api-sports.io/football/players/19053.png,Midfielder,1.0,0.0,26.0,6.9,0.0,0.0,1.0,,19.0,3.0,68.0,2.0,,,,,6.0,3.0,1.0,1.0,0.0,0.0
135,Serie A,2025,502,Fiorentina,30422,R. Gosens,Robin Everardus,Gosens,31.0,Germany,183,76,https://media.api-sports.io/football/players/30422.png,Midfielder,26.0,24.0,1893.0,6.87,3.0,1.0,13.0,7.0,776.0,12.0,79.0,31.0,6.0,25.0,3.0,,176.0,88.0,25.0,24.0,2.0,0.0
135,Serie A,2025,502,Fiorentina,30810,R. Mandragora,Rolando,Mandragora,28.0,Italy,183,76,https://media.api-sports.io/football/players/30810.png,Midfielder,34.0,30.0,2438.0,7.02,7.0,3.0,43.0,18.0,990.0,35.0,84.0,45.0,5.0,13.0,16.0,6.0,236.0,142.0,56.0,37.0,7.0,0.0
135,Serie A,2025,502,Fiorentina,31352,L. Lezzerini,Luca,Lezzerini,30.0,Italy,195,86,https://media.api-sports.io/football/players/31352.png,Goalkeeper,1.0,0.0,3.0,,0.0,0.0,,,5.0,,60.0,,,,,,,,,,0.0,0.0
135,Serie A,2025,502,Fiorentina,31642,L. Ranieri,Luca,Ranieri,26.0,Italy,187,73,https://media.api-sports.io/football/players/31642.png,Defender,34.0,29.0,2479.0,6.88,1.0,0.0,12.0,3.0,1411.0,7.0,85.0,34.0,13.0,24.0,15.0,6.0,191.0,114.0,27.0,22.0,8.0,1.0
135,Serie A,2025,502,Fiorentina,41144,Dodô,Domilson,Cordeiro dos Santos,27.0,Brazil,166,68,https://media.api-sports.io/football/players/41144.png,Midfielder,36.0,36.0,3139.0,6.98,1.0,2.0,20.0,4.0,1400.0,51.0,83.0,29.0,3.0,30.0,85.0,46.0,257.0,145.0,53.0,22.0,7.0,0.0
135,Serie A,2025,502,Fiorentina,46792,Pablo Marí,Pablo,Marí Villar,32.0,Spain,193,87,https://media.api-sports.io/football/players/46792.png,Defender,11.0,9.0,809.0,6.57,0.0,0.0,2.0,,455.0,2.0,91.0,12.0,7.0,22.0,1.0,,75.0,38.0,8.0,17.0,3.0,0.0
135,Serie A,2025,502,Fiorentina,136087,F. Parisi,Fabiano,Parisi,25.0,Italy,178,70,https://media.api-sports.io/football/players/136087.png,Defender,23.0,18.0,1527.0,6.98,1.0,1.0,16.0,7.0,639.0,19.0,84.0,21.0,6.0,20.0,55.0,31.0,211.0,124.0,66.0,14.0,6.0,0.0
135,Serie A,2025,502,Fiorentina,180510,M. Viti,Mattia,Viti,23.0,Italy,190,82,https://media.api-sports.io/football/players/180510.png,Defender,10.0,2.0,267.0,6.4,0.0,0.0,,,143.0,,83.0,9.0,1.0,4.0,2.0,1.0,41.0,18.0,4.0,9.0,2.0,0.0
135,Serie A,2025,502,Fiorentina,311083,C. Ndour,Cher,Ndour,21.0,Italy,190,82,https://media.api-sports.io/football/players/311083.png,Attacker,33.0,20.0,1885.0,6.67,3.0,0.0,14.0,8.0,756.0,6.0,82.0,35.0,9.0,14.0,23.0,7.0,210.0,97.0,23.0,26.0,2.0,0.0
135,Serie A,2025,502,Fiorentina,314231,A. Richardson,Michael Amir Junior,Richardson,23.0,Morocco,197,79,https://media.api-sports.io/football/players/314231.png,Midfielder,2.0,0.0,40.0,6.55,0.0,0.0,1.0,,29.0,,68.0,1.0,,,4.0,1.0,12.0,6.0,3.0,1.0,0.0,0.0
135,Serie A,2025,502,Fiorentina,340700,J. Fazzini,Jacopo,Fazzini,22.0,Italy,178,62,https://media.api-sports.io/football/players/340700.png,Midfielder,20.0,5.0,590.0,6.67,0.0,0.0,3.0,1.0,188.0,9.0,74.0,18.0,1.0,6.0,22.0,9.0,106.0,51.0,15.0,12.0,2.0,0.0
135,Serie A,2025,502,Fiorentina,383267,T. Martinelli,Tommaso,Martinelli,19.0,Italy,194,82,https://media.api-sports.io/football/players/383267.png,Goalkeeper,0.0,0.0,,,0.0,0.0,,,,,,,,,,,,,,,0.0,0.0
135,Serie A,2025,502,Fiorentina,441290,E. Košpo,Eman,Košpo,18.0,Bosnia and Herzegovina,191,,https://media.api-sports.io/football/players/441290.png,Defender,1.0,0.0,,,0.0,0.0,,,,,,,,,,,,,,,0.0,0.0
135,Serie A,2025,502,Fiorentina,448977,E. Kouadio,Eddy Nda Konan,Kouadio,19.0,Italy,191,74,https://media.api-sports.io/football/players/448977.png,Defender,3.0,0.0,80.0,6.8,0.0,0.0,,,24.0,1.0,87.0,4.0,,1.0,2.0,1.0,9.0,6.0,1.0,1.0,0.0,0.0
135,Serie A,2025,895,Como,59,Álvaro Morata,Álvaro Borja,Morata Martín,33.0,Spain,190,84,https://media.api-sports.io/football/players/59.png,Attacker,26.0,9.0,932.0,6.58,0.0,1.0,19.0,8.0,231.0,10.0,75.0,14.0,,1.0,7.0,2.0,124.0,65.0,33.0,16.0,3.0,0.0
135,Serie A,2025,895,Como,137,Sergi Roberto,Sergi,Roberto Carnicer,33.0,Spain,178,68,https://media.api-sports.io/football/players/137.png,Midfielder,20.0,5.0,554.0,6.6,0.0,0.0,6.0,2.0,435.0,8.0,92.0,7.0,1.0,5.0,8.0,4.0,56.0,25.0,9.0,9.0,3.0,0.0
135,Serie A,2025,895,Como,659,M. Caqueret,Maxence,Caqueret,25.0,France,174,63,https://media.api-sports.io/football/players/659.png,Midfielder,30.0,17.0,1487.0,6.85,2.0,6.0,12.0,4.0,906.0,26.0,88.0,35.0,3.0,13.0,32.0,17.0,179.0,82.0,23.0,26.0,3.0,0.0
135,Serie A,2025,502,Fiorentina,790,E. Džeko,Edin,Džeko,39.0,Bosnia and Herzegovina,193,80,https://media.api-sports.io/football/players/790.png,Attacker,11.0,2.0,250.0,6.61,0.0,0.0,1.0,1.0,81.0,2.0,74.0,1.0,1.0,1.0,6.0,2.0,43.0,26.0,5.0,2.0,1.0,0.0
135,Serie A,2025,895,Como,8574,J. Butez,Jean,Butez,30.0,France,188,70,https://media.api-sports.io/football/players/8574.png,Goalkeeper,38.0,38.0,3420.0,7.23,0.0,1.0,,,1340.0,3.0,81.0,2.0,,1.0,1.0,1.0,24.0,22.0,9.0,,3.0,0.0
135,Serie A,2025,895,Como,8586,M. Vojvoda,Mërgim,Vojvoda,30.0,Kosovo,187,78,https://media.api-sports.io/football/players/8586.png,Midfielder,30.0,19.0,1599.0,6.73,2.0,2.0,16.0,7.0,753.0,29.0,83.0,13.0,2.0,14.0,21.0,13.0,115.0,48.0,12.0,15.0,2.0,0.0
135,Serie A,2025,895,Como,14266,I. Smolčić,Ivan,Smolčić,25.0,Croatia,181,78,https://media.api-sports.io/football/players/14266.png,Defender,28.0,19.0,1665.0,6.87,0.0,1.0,9.0,4.0,878.0,15.0,87.0,38.0,9.0,23.0,3.0,2.0,146.0,82.0,17.0,26.0,8.0,0.0
135,Serie A,2025,895,Como,26301,M. Kempf,Marc Oliver,Kempf,30.0,Germany,186,87,https://media.api-sports.io/football/players/26301.png,Defender,34.0,27.0,2323.0,6.98,4.0,1.0,17.0,6.0,1735.0,8.0,89.0,21.0,20.0,12.0,6.0,2.0,225.0,134.0,19.0,26.0,3.0,0.0
135,Serie A,2025,895,Como,26845,T. Douvikas,Anastasios,Douvikas,26.0,Greece,186,76,https://media.api-sports.io/football/players/26845.png,Attacker,38.0,25.0,2278.0,6.84,14.0,1.0,49.0,30.0,318.0,23.0,77.0,13.0,4.0,4.0,33.0,13.0,239.0,100.0,42.0,36.0,0.0,0.0
135,Serie A,2025,895,Como,38753,N. Kühn,Nicolas-Gerrit,Kühn,25.0,Germany,174,74,https://media.api-sports.io/football/players/38753.png,Attacker,23.0,6.0,655.0,6.58,1.0,1.0,5.0,3.0,217.0,11.0,82.0,13.0,,5.0,19.0,10.0,73.0,28.0,2.0,6.0,0.0,0.0
135,Serie A,2025,895,Como,129119,I. Van der Brempt,Ignace,Van der Brempt,23.0,Belgium,187,76,https://media.api-sports.io/football/players/129119.png,Defender,20.0,11.0,943.0,6.82,0.0,1.0,2.0,,468.0,5.0,85.0,30.0,,8.0,15.0,6.0,110.0,62.0,15.0,19.0,2.0,0.0
135,Serie A,2025,895,Como,162266,L. da Cunha,Lucas,da Cunha,24.0,France,174,66,https://media.api-sports.io/football/players/162266.png,Midfielder,36.0,31.0,2748.0,7.12,6.0,4.0,30.0,16.0,1981.0,45.0,90.0,57.0,1.0,18.0,33.0,22.0,240.0,115.0,19.0,35.0,4.0,0.0
135,Serie A,2025,895,Como,288699,M. Perrone,Máximo,Perrone,22.0,Argentina,177,68,https://media.api-sports.io/football/players/288699.png,Midfielder,36.0,33.0,2749.0,6.99,3.0,4.0,14.0,9.0,2175.0,34.0,91.0,56.0,3.0,22.0,17.0,9.0,214.0,100.0,23.0,43.0,8.0,0.0
135,Serie A,2025,895,Como,336560,Álex Valle,Álex,Valle Gómez,21.0,Spain,178,72,https://media.api-sports.io/football/players/336560.png,Defender,28.0,23.0,2025.0,6.75,1.0,4.0,7.0,2.0,1013.0,14.0,84.0,51.0,7.0,23.0,19.0,5.0,184.0,93.0,19.0,34.0,3.0,0.0
135,Serie A,2025,895,Como,350037,N. Paz,Nicolás,Paz Martínez,21.0,Argentina,186,74,https://media.api-sports.io/football/players/350037.png,Midfielder,35.0,33.0,2884.0,7.31,12.0,6.0,86.0,48.0,1394.0,51.0,82.0,91.0,3.0,28.0,125.0,69.0,439.0,230.0,41.0,53.0,5.0,0.0
135,Serie A,2025,895,Como,386305,Jacobo Ramón Naveros,Jacobo Ramón,Naveros,20.0,Spain,195,80,https://media.api-sports.io/football/players/386305.png,Defender,32.0,30.0,2743.0,7.18,2.0,0.0,29.0,9.0,2121.0,11.0,91.0,50.0,17.0,37.0,12.0,7.0,299.0,182.0,12.0,33.0,11.0,1.0
135,Serie A,2025,502,Fiorentina,437093,N. Fortini,Niccolò,Fortini,19.0,Italy,185,,https://media.api-sports.io/football/players/437093.png,Defender,16.0,2.0,546.0,6.74,0.0,0.0,5.0,2.0,210.0,4.0,87.0,22.0,2.0,4.0,19.0,8.0,87.0,52.0,18.0,5.0,0.0,0.0
135,Serie A,2025,502,Fiorentina,437094,R. Braschi,Riccardo,Braschi,19.0,Italy,,,https://media.api-sports.io/football/players/437094.png,Attacker,2.0,1.0,106.0,6.35,0.0,0.0,3.0,,18.0,,61.0,2.0,,,3.0,2.0,16.0,6.0,,,0.0,0.0
135,Serie A,2025,895,Como,443162,Jesús Rodríguez,Jesús,Rodríguez Caraballo,20.0,Spain,185,68,https://media.api-sports.io/football/players/443162.png,Midfielder,31.0,18.0,1734.0,6.86,2.0,9.0,36.0,12.0,456.0,36.0,79.0,26.0,,5.0,99.0,41.0,243.0,112.0,32.0,25.0,3.0,1.0
135,Serie A,2025,895,Como,463951,Henrique Menke,Henrique,Menke Lopes,18.0,Brazil,192,80,https://media.api-sports.io/football/players/463951.png,Goalkeeper,0.0,0.0,,,0.0,0.0,,,,,,,,,,,,,,,0.0,0.0
135,Serie A,2025,895,Como,288,Alberto Moreno,Alberto,Moreno Pérez,33.0,Spain,171,65,https://media.api-sports.io/football/players/288.png,Defender,19.0,13.0,1240.0,6.84,2.0,1.0,8.0,4.0,692.0,15.0,90.0,22.0,1.0,6.0,6.0,1.0,95.0,48.0,12.0,17.0,4.0,0.0
135,Serie A,2025,487,Lazio,1454,M. Guendouzi,Mattéo Elias Kenzo,Guendouzi Olié,26.0,France,185,68,https://media.api-sports.io/football/players/1454.png,Midfielder,16.0,16.0,1430.0,7.01,2.0,1.0,14.0,8.0,735.0,15.0,87.0,14.0,6.0,11.0,17.0,8.0,97.0,49.0,21.0,17.0,6.0,1.0
135,Serie A,2025,895,Como,1649,P. Cutrone,Patrick,Cutrone,27.0,Italy,183,75,https://media.api-sports.io/football/players/1649.png,Attacker,0.0,0.0,,,0.0,0.0,,,,,,,,,,,,,,,0.0,0.0
135,Serie A,2025,523,Parma,1649,P. Cutrone,Patrick,Cutrone,27.0,Italy,183,75,https://media.api-sports.io/football/players/1649.png,Attacker,15.0,11.0,891.0,6.46,1.0,0.0,17.0,7.0,175.0,3.0,65.0,6.0,2.0,3.0,12.0,4.0,79.0,35.0,16.0,7.0,0.0,0.0
135,Serie A,2025,487,Lazio,1844,A. Marušić,Adam,Marušić,33.0,Montenegro,185,76,https://media.api-sports.io/football/players/1844.png,Defender,33.0,32.0,2783.0,6.66,1.0,2.0,13.0,7.0,1534.0,9.0,87.0,35.0,12.0,33.0,20.0,6.0,174.0,89.0,18.0,22.0,1.0,1.0
135,Serie A,2025,487,Lazio,1852,D. Cataldi,Danilo,Cataldi,31.0,Italy,180,70,https://media.api-sports.io/football/players/1852.png,Midfielder,27.0,24.0,1993.0,6.88,3.0,3.0,20.0,7.0,1098.0,23.0,85.0,34.0,9.0,21.0,15.0,6.0,117.0,64.0,12.0,22.0,6.0,0.0
135,Serie A,2025,487,Lazio,30866,M. Lazzari,Manuel,Lazzari,32.0,Italy,174,67,https://media.api-sports.io/football/players/30866.png,Defender,23.0,9.0,957.0,6.6,0.0,0.0,3.0,2.0,397.0,2.0,85.0,13.0,1.0,6.0,22.0,10.0,88.0,44.0,19.0,10.0,2.0,0.0
135,Serie A,2025,487,Lazio,30937,M. Zaccagni,Mattia,Zaccagni,30.0,Italy,177,63,https://media.api-sports.io/football/players/30937.png,Attacker,26.0,26.0,2114.0,6.98,3.0,0.0,27.0,14.0,773.0,35.0,82.0,37.0,1.0,19.0,60.0,23.0,292.0,157.0,82.0,30.0,6.0,1.0
135,Serie A,2025,487,Lazio,31037,I. Provedel,Ivan,Provedel,31.0,Italy,194,82,https://media.api-sports.io/football/players/31037.png,Goalkeeper,27.0,27.0,2430.0,7.17,0.0,0.0,,,862.0,1.0,75.0,,,,1.0,1.0,14.0,12.0,2.0,,1.0,0.0
135,Serie A,2025,895,Como,31073,E. Goldaniga,Edoardo,Goldaniga,32.0,Italy,193,87,https://media.api-sports.io/football/players/31073.png,Defender,2.0,0.0,14.0,7,0.0,0.0,,,18.0,,100.0,,1.0,,,,1.0,1.0,,,0.0,0.0
135,Serie A,2025,895,Como,31719,M. Vigorito,Mauro,Vigorito,35.0,Italy,187,81,https://media.api-sports.io/football/players/31719.png,Goalkeeper,0.0,0.0,,,0.0,0.0,,,,,,,,,,,,,,,0.0,0.0
135,Serie A,2025,487,Lazio,41577,Nuno Tavares,Nuno Albertino,Varela Tavares,25.0,Portugal,183,75,https://media.api-sports.io/football/players/41577.png,Defender,23.0,17.0,1493.0,6.85,0.0,0.0,10.0,1.0,895.0,21.0,86.0,30.0,1.0,18.0,39.0,23.0,154.0,86.0,22.0,20.0,5.0,0.0
135,Serie A,2025,487,Lazio,50856,V. Castellanos,Valentín Mariano José,Castellanos Giménez,27.0,Argentina,178,70,https://media.api-sports.io/football/players/50856.png,Attacker,11.0,8.0,694.0,6.9,2.0,3.0,14.0,8.0,135.0,8.0,68.0,7.0,,3.0,17.0,8.0,88.0,47.0,18.0,9.0,2.0,0.0
135,Serie A,2025,895,Como,106257,A. Gabrielloni,Alessandro,Gabrielloni,31.0,Italy,178,70,https://media.api-sports.io/football/players/106257.png,Attacker,0.0,0.0,,,0.0,0.0,,,,,,,,,,,,,,,0.0,0.0
135,Serie A,2025,487,Lazio,144740,F. Dele-Bashiru,Fisayo,Dele-Bashiru,24.0,England,176,70,https://media.api-sports.io/football/players/144740.png,Midfielder,24.0,11.0,1185.0,6.53,1.0,0.0,8.0,2.0,449.0,11.0,92.0,19.0,,3.0,13.0,5.0,74.0,31.0,3.0,8.0,0.0,0.0
135,Serie A,2025,895,Como,161590,Iván Azón,Iván,Azón Monzón,23.0,Spain,182,79,https://media.api-sports.io/football/players/161590.png,Attacker,0.0,0.0,,,0.0,0.0,,,,,,,,,,,,,,,0.0,0.0
135,Serie A,2025,487,Lazio,162952,Mario Gila,Mario,Gila Fuentes,25.0,Spain,185,74,https://media.api-sports.io/football/players/162952.png,Defender,31.0,31.0,2482.0,7.21,0.0,0.0,9.0,3.0,1820.0,5.0,90.0,46.0,17.0,25.0,7.0,6.0,203.0,134.0,25.0,19.0,4.0,1.0
135,Serie A,2025,487,Lazio,286474,M. Cancellieri,Matteo,Cancellieri,23.0,Italy,180,79,https://media.api-sports.io/football/players/286474.png,Attacker,30.0,21.0,1739.0,6.87,4.0,2.0,33.0,17.0,457.0,18.0,76.0,42.0,2.0,24.0,41.0,14.0,305.0,155.0,67.0,39.0,6.0,0.0
135,Serie A,2025,895,Como,295026,M. Baturina,Martin,Baturina,22.0,Croatia,172,68,https://media.api-sports.io/football/players/295026.png,Midfielder,29.0,17.0,1591.0,7.14,6.0,3.0,20.0,9.0,845.0,63.0,87.0,21.0,2.0,5.0,45.0,23.0,192.0,94.0,44.0,15.0,0.0,0.0
135,Serie A,2025,487,Lazio,350857,O. Provstgaard,Oliver,Provstgaard Nielsen,22.0,Denmark,194,70,https://media.api-sports.io/football/players/350857.png,Defender,26.0,13.0,1544.0,6.89,0.0,0.0,6.0,2.0,1153.0,4.0,92.0,12.0,13.0,15.0,3.0,1.0,119.0,63.0,9.0,14.0,3.0,0.0
135,Serie A,2025,895,Como,469318,Fellipe Jack,Fellipe Jack Ozilio,Moreira Pacheco,19.0,Brazil,187,80,https://media.api-sports.io/football/players/469318.png,Defender,0.0,0.0,,,0.0,0.0,,,,,,,,,,,,,,,0.0,0.0
135,Serie A,2025,487,Lazio,317,E. Hysaj,Elseid,Hysaj,31.0,Albania,182,70,https://media.api-sports.io/football/players/317.png,Defender,5.0,1.0,170.0,6.5,0.0,0.0,,,74.0,,77.0,2.0,,2.0,1.0,,8.0,5.0,1.0,,0.0,0.0
135,Serie A,2025,487,Lazio,1266,T. Bašić,Toma,Bašić,29.0,Croatia,189,80,https://media.api-sports.io/football/players/1266.png,Midfielder,23.0,23.0,1746.0,6.85,2.0,3.0,24.0,12.0,875.0,22.0,87.0,21.0,7.0,11.0,4.0,1.0,119.0,62.0,19.0,20.0,0.0,1.0
135,Serie A,2025,487,Lazio,2299,Pedro,Pedro Eliezer,Rodríguez Ledesma,38.0,Spain,169,65,https://media.api-sports.io/football/players/2299.png,Attacker,29.0,9.0,993.0,6.78,5.0,2.0,18.0,11.0,482.0,20.0,86.0,11.0,,4.0,25.0,13.0,97.0,50.0,26.0,10.0,4.0,0.0
135,Serie A,2025,495,Genoa,15881,M. Frendrup,Morten,Wetche Frendrup,24.0,Denmark,178,63,https://media.api-sports.io/football/players/15881.png,Midfielder,36.0,35.0,3089.0,6.93,1.0,0.0,7.0,3.0,1316.0,15.0,87.0,99.0,12.0,41.0,14.0,8.0,286.0,173.0,39.0,40.0,5.0,0.0
135,Serie A,2025,487,Lazio,22015,B. Dia,Boulaye,Dia,29.0,Senegal,180,75,https://media.api-sports.io/football/players/22015.png,Attacker,27.0,14.0,1256.0,6.45,1.0,2.0,8.0,7.0,325.0,15.0,83.0,13.0,2.0,3.0,9.0,5.0,132.0,46.0,14.0,19.0,1.0,0.0
135,Serie A,2025,495,Genoa,25914,Aarón Martín,Aarón,Martín Caricol,28.0,Spain,180,72,https://media.api-sports.io/football/players/25914.png,Defender,33.0,26.0,2185.0,6.94,1.0,5.0,5.0,4.0,737.0,62.0,78.0,43.0,11.0,10.0,26.0,13.0,176.0,92.0,27.0,31.0,2.0,0.0
135,Serie A,2025,487,Lazio,26644,C. Mandas,Christos,Mandas,24.0,Greece,189,83,https://media.api-sports.io/football/players/26644.png,Goalkeeper,0.0,0.0,,,0.0,0.0,,,,,,,,,,,,,,,0.0,0.0
135,Serie A,2025,487,Lazio,30554,L. Pellegrini,Luca,Pellegrini,26.0,Italy,178,72,https://media.api-sports.io/football/players/30554.png,Defender,24.0,17.0,1476.0,6.7,1.0,0.0,7.0,5.0,810.0,16.0,80.0,27.0,10.0,17.0,24.0,10.0,131.0,56.0,12.0,26.0,8.0,0.0
135,Serie A,2025,487,Lazio,30784,N. Rovella,Nicolò,Rovella,24.0,Italy,179,66,https://media.api-sports.io/football/players/30784.png,Midfielder,11.0,6.0,512.0,7.07,0.0,1.0,1.0,,492.0,13.0,92.0,11.0,1.0,9.0,9.0,6.0,51.0,32.0,12.0,7.0,1.0,1.0
135,Serie A,2025,495,Genoa,31631,N. Leali,Nicola,Leali,32.0,Italy,195,80,https://media.api-sports.io/football/players/31631.png,Goalkeeper,22.0,21.0,1848.0,6.93,0.0,0.0,,,547.0,2.0,64.0,1.0,,1.0,,,8.0,5.0,2.0,2.0,2.0,1.0
135,Serie A,2025,495,Genoa,35544,J. Vásquez,Johan Felipe,Vázquez Ibarra,27.0,Mexico,184,78,https://media.api-sports.io/football/players/35544.png,Defender,36.0,36.0,3217.0,6.8,1.0,0.0,19.0,6.0,1994.0,9.0,85.0,59.0,28.0,45.0,17.0,8.0,323.0,185.0,46.0,23.0,2.0,0.0
135,Serie A,2025,495,Genoa,44439,N. Stanciu,Nicolae Claudiu,Stanciu,32.0,Romania,173,72,https://media.api-sports.io/football/players/44439.png,Midfielder,4.0,2.0,190.0,6.6,0.0,0.0,3.0,,79.0,2.0,74.0,4.0,,3.0,2.0,1.0,13.0,8.0,2.0,1.0,0.0,0.0
135,Serie A,2025,495,Genoa,56396,Junior Messias,Junior Walter,Messias,34.0,Brazil,174,70,https://media.api-sports.io/football/players/56396.png,Attacker,20.0,5.0,675.0,6.99,3.0,1.0,14.0,7.0,260.0,6.0,76.0,20.0,1.0,5.0,37.0,20.0,135.0,75.0,22.0,10.0,1.0,0.0
135,Serie A,2025,487,Lazio,63934,A. Furlanetto,Alessio,Furlanetto,23.0,Italy,191,84,https://media.api-sports.io/football/players/63934.png,Goalkeeper,2.0,2.0,180.0,6.95,0.0,0.0,,,45.0,,82.0,,,,,,,,,,0.0,0.0
135,Serie A,2025,487,Lazio,133729,T. Noslin,Tijjani,Noslin,26.0,Netherlands,180,75,https://media.api-sports.io/football/players/133729.png,Attacker,29.0,9.0,1181.0,6.77,4.0,2.0,30.0,13.0,372.0,16.0,81.0,7.0,3.0,3.0,31.0,17.0,149.0,68.0,23.0,19.0,5.0,0.0
135,Serie A,2025,495,Genoa,263177,A. Grønbæk,Albert,Grønbæk Erlykke,24.0,Denmark,176,65,https://media.api-sports.io/football/players/263177.png,Midfielder,4.0,1.0,107.0,6.7,0.0,0.0,1.0,1.0,17.0,2.0,76.0,4.0,,,6.0,2.0,14.0,8.0,1.0,1.0,1.0,0.0
135,Serie A,2025,495,Genoa,281096,P. Masini,Patrizio,Masini,24.0,Italy,182,72,https://media.api-sports.io/football/players/281096.png,Midfielder,28.0,13.0,1431.0,6.74,0.0,1.0,12.0,5.0,565.0,9.0,74.0,68.0,8.0,25.0,9.0,2.0,253.0,141.0,45.0,39.0,5.0,0.0
135,Serie A,2025,495,Genoa,281826,A. Marcandalli,Alessandro,Marcandalli,23.0,Italy,195,80,https://media.api-sports.io/football/players/281826.png,Defender,32.0,29.0,2606.0,6.68,0.0,2.0,4.0,2.0,1232.0,10.0,82.0,33.0,11.0,20.0,9.0,4.0,176.0,104.0,11.0,23.0,4.0,0.0
135,Serie A,2025,495,Genoa,284570,B. Norton-Cuffy,Brooke Dion Nelson,Norton-Cuffy,21.0,England,181,70,https://media.api-sports.io/football/players/284570.png,Defender,27.0,25.0,2214.0,6.84,2.0,1.0,11.0,6.0,720.0,21.0,81.0,43.0,6.0,10.0,54.0,32.0,213.0,106.0,16.0,23.0,4.0,0.0
135,Serie A,2025,487,Lazio,333116,R. Belahyane,Reda,Belahyane,21.0,France,169,53,https://media.api-sports.io/football/players/333116.png,Midfielder,13.0,5.0,612.0,6.69,0.0,2.0,3.0,1.0,281.0,6.0,85.0,13.0,1.0,3.0,21.0,7.0,61.0,26.0,3.0,11.0,1.0,1.0
135,Serie A,2025,867,Lecce,1748,L. Coulibaly,Lassana,Coulibaly,29.0,Mali,183,77,https://media.api-sports.io/football/players/1748.png,Midfielder,33.0,31.0,2695.0,6.75,3.0,1.0,23.0,8.0,781.0,21.0,81.0,48.0,6.0,8.0,42.0,24.0,301.0,159.0,52.0,36.0,4.0,0.0
135,Serie A,2025,495,Genoa,1938,R. Malinovskyi,Ruslan,Malinovskyi,32.0,Ukraine,181,79,https://media.api-sports.io/football/players/1938.png,Midfielder,34.0,28.0,2250.0,6.91,6.0,3.0,43.0,15.0,1218.0,39.0,82.0,30.0,5.0,15.0,20.0,11.0,235.0,102.0,26.0,36.0,10.0,0.0
135,Serie A,2025,867,Lecce,15673,Y. Ramadani,Ylber,Ramadani,29.0,Albania,185,80,https://media.api-sports.io/football/players/15673.png,Midfielder,37.0,37.0,3214.0,6.94,1.0,0.0,24.0,5.0,1446.0,19.0,80.0,91.0,11.0,46.0,27.0,14.0,347.0,192.0,59.0,43.0,10.0,0.0
135,Serie A,2025,495,Genoa,18967,L. Østigård,Leo,Skiri Østigård,26.0,Norway,182,81,https://media.api-sports.io/football/players/18967.png,Defender,30.0,30.0,2623.0,7.23,5.0,1.0,18.0,12.0,1692.0,10.0,88.0,36.0,27.0,30.0,1.0,1.0,242.0,157.0,15.0,38.0,7.0,0.0
135,Serie A,2025,495,Genoa,31137,S. Sabelli,Stefano,Sabelli,32.0,Italy,176,70,https://media.api-sports.io/football/players/31137.png,Defender,16.0,12.0,929.0,6.66,0.0,0.0,6.0,,332.0,7.0,69.0,22.0,6.0,4.0,8.0,1.0,84.0,45.0,19.0,6.0,1.0,0.0
135,Serie A,2025,495,Genoa,31445,D. Sommariva,Daniele,Sommariva,28.0,Italy,185,76,https://media.api-sports.io/football/players/31445.png,Goalkeeper,2.0,1.0,175.0,6.75,0.0,0.0,,,90.0,,54.0,,,,,,1.0,1.0,1.0,,0.0,0.0
135,Serie A,2025,867,Lecce,31543,A. Gallo,Antonino,Gallo,25.0,Italy,183,69,https://media.api-sports.io/football/players/31543.png,Defender,37.0,34.0,3058.0,6.77,0.0,4.0,5.0,1.0,1126.0,36.0,70.0,58.0,6.0,15.0,25.0,13.0,184.0,110.0,13.0,7.0,3.0,0.0
135,Serie A,2025,495,Genoa,36980,M. Thorsby,Morten,Thorsby,29.0,Norway,188,72,https://media.api-sports.io/football/players/36980.png,Midfielder,13.0,8.0,736.0,6.62,2.0,1.0,8.0,4.0,213.0,6.0,65.0,7.0,3.0,3.0,2.0,2.0,124.0,65.0,5.0,15.0,2.0,0.0
135,Serie A,2025,520,Cremonese,36980,M. Thorsby,Morten,Thorsby,29.0,Norway,188,72,https://media.api-sports.io/football/players/36980.png,Midfielder,11.0,8.0,644.0,6.64,1.0,0.0,9.0,4.0,225.0,3.0,74.0,15.0,4.0,2.0,1.0,1.0,127.0,66.0,6.0,10.0,2.0,0.0
135,Serie A,2025,495,Genoa,45083,B. Siegrist,Benjamin Kevin,Siegrist,33.0,Switzerland,194,85,https://media.api-sports.io/football/players/45083.png,Goalkeeper,0.0,0.0,,,0.0,0.0,,,,,,,,,,,,,,,0.0,0.0
135,Serie A,2025,867,Lecce,56459,W. Falcone,Wladimiro,Falcone,30.0,Italy,195,85,https://media.api-sports.io/football/players/56459.png,Goalkeeper,38.0,38.0,3420.0,6.98,0.0,0.0,,,1141.0,1.0,45.0,2.0,,,,,26.0,24.0,8.0,,2.0,0.0
135,Serie A,2025,495,Genoa,89520,M. Ellertsson,Mikael Egill,Ellertsson,23.0,Iceland,182,74,https://media.api-sports.io/football/players/89520.png,Midfielder,36.0,31.0,2777.0,6.58,1.0,1.0,18.0,6.0,638.0,16.0,75.0,44.0,8.0,15.0,40.0,11.0,236.0,108.0,42.0,28.0,1.0,1.0
135,Serie A,2025,867,Lecce,161702,Danilo Veiga,Danilo Filipe,Melo Veiga,23.0,Portugal,183,78,https://media.api-sports.io/football/players/161702.png,Defender,36.0,33.0,3022.0,6.73,0.0,1.0,5.0,2.0,1003.0,21.0,70.0,97.0,14.0,32.0,64.0,21.0,402.0,215.0,47.0,44.0,9.0,0.0
135,Serie A,2025,495,Genoa,281408,Vítinha,Vítor Manuel,Carvalho Oliveira,25.0,Portugal,178,74,https://media.api-sports.io/football/players/281408.png,Attacker,35.0,28.0,2254.0,6.8,5.0,1.0,41.0,20.0,396.0,17.0,66.0,39.0,5.0,14.0,113.0,36.0,446.0,201.0,68.0,34.0,5.0,0.0
135,Serie A,2025,867,Lecce,291589,Kialonda Gaspar,Esmevânio Kialonda,Gaspar,28.0,Angola,193,90,https://media.api-sports.io/football/players/291589.png,Defender,23.0,21.0,1830.0,6.81,0.0,0.0,6.0,1.0,792.0,,84.0,23.0,21.0,17.0,3.0,1.0,153.0,94.0,22.0,13.0,6.0,1.0
135,Serie A,2025,867,Lecce,335071,M. Berisha,Medon,Berisha,22.0,Albania,186,81,https://media.api-sports.io/football/players/335071.png,Midfielder,13.0,12.0,880.0,7.25,2.0,3.0,15.0,5.0,364.0,20.0,81.0,21.0,2.0,5.0,4.0,3.0,74.0,41.0,10.0,11.0,0.0,0.0
135,Serie A,2025,495,Genoa,348533,S. Fini,Seydou,Fini,19.0,Italy,178,62,https://media.api-sports.io/football/players/348533.png,Attacker,1.0,0.0,31.0,6.5,0.0,0.0,,,3.0,1.0,66.0,,,,1.0,1.0,3.0,1.0,,1.0,0.0,0.0
135,Serie A,2025,495,Genoa,382947,H. Cuenca,Hugo Francisco,Cuenca Martínez,20.0,Paraguay,183,75,https://media.api-sports.io/football/players/382947.png,Midfielder,0.0,0.0,,,0.0,0.0,,,,,,,,,,,,,,,0.0,0.0
135,Serie A,2025,495,Genoa,451504,J. Ekhator,Jeff,Ekhator Osayuki,19.0,Italy,190,82,https://media.api-sports.io/football/players/451504.png,Attacker,30.0,9.0,949.0,6.56,3.0,0.0,14.0,5.0,179.0,10.0,58.0,12.0,,2.0,22.0,12.0,152.0,69.0,19.0,20.0,3.0,0.0
135,Serie A,2025,495,Genoa,452033,L. Venturino,Lorenzo,Venturino,19.0,Italy,169,57,https://media.api-sports.io/football/players/452033.png,Attacker,2.0,0.0,43.0,6.9,0.0,0.0,1.0,1.0,24.0,1.0,87.0,,,,2.0,1.0,6.0,2.0,,1.0,0.0,0.0
135,Serie A,2025,497,AS Roma,452033,L. Venturino,Lorenzo,Venturino,19.0,Italy,169,57,https://media.api-sports.io/football/players/452033.png,Attacker,10.0,1.0,211.0,6.64,0.0,0.0,2.0,,73.0,6.0,78.0,,,,4.0,3.0,17.0,8.0,3.0,,0.0,0.0
135,Serie A,2025,867,Lecce,455316,Tiago Gabriel,Tiago Gabriel,Coelho Oliveira,21.0,Portugal,196,88,https://media.api-sports.io/football/players/455316.png,Defender,37.0,36.0,3220.0,6.9,2.0,0.0,18.0,4.0,1326.0,2.0,87.0,63.0,21.0,45.0,1.0,1.0,338.0,227.0,40.0,29.0,7.0,0.0
135,Serie A,2025,505,Inter,226,D. Dumfries,Denzel Justus Morris,Dumfries,29.0,Netherlands,188,80,https://media.api-sports.io/football/players/226.png,Midfielder,20.0,15.0,1327.0,6.62,3.0,1.0,16.0,5.0,377.0,13.0,80.0,15.0,,7.0,19.0,6.0,130.0,63.0,13.0,20.0,2.0,0.0
135,Serie A,2025,867,Lecce,495,C. Früchtl,Christian,Früchtl,25.0,Germany,193,84,https://media.api-sports.io/football/players/495.png,Goalkeeper,0.0,0.0,,,0.0,0.0,,,,,,,,,,,,,,,0.0,0.0
135,Serie A,2025,505,Inter,1836,F. Acerbi,Francesco,Acerbi,37.0,Italy,192,88,https://media.api-sports.io/football/players/1836.png,Defender,18.0,15.0,1387.0,6.96,0.0,1.0,3.0,1.0,979.0,5.0,94.0,10.0,16.0,18.0,2.0,1.0,107.0,69.0,13.0,17.0,3.0,0.0
135,Serie A,2025,505,Inter,2725,B. Pavard,Benjamin Jacques Marcel,Pavard,29.0,France,186,76,https://media.api-sports.io/football/players/2725.png,Defender,1.0,1.0,90.0,7.5,0.0,0.0,1.0,1.0,84.0,1.0,95.0,2.0,2.0,2.0,,,4.0,2.0,,1.0,0.0,0.0
135,Serie A,2025,505,Inter,2802,Y. Sommer,Yann,Sommer,37.0,Switzerland,183,79,https://media.api-sports.io/football/players/2802.png,Goalkeeper,33.0,33.0,2961.0,6.93,0.0,0.0,,,1047.0,,81.0,,,,,,6.0,4.0,3.0,,0.0,0.0
135,Serie A,2025,867,Lecce,8643,K. N’Dri,Konan Ignace,Jocelyn N’Dri,25.0,Côte d'Ivoire,174,73,https://media.api-sports.io/football/players/8643.png,Attacker,27.0,1.0,545.0,6.59,2.0,0.0,15.0,5.0,132.0,4.0,69.0,11.0,,2.0,45.0,10.0,119.0,44.0,18.0,9.0,3.0,0.0
135,Serie A,2025,867,Lecce,19738,C. Ndaba,Corrie Richard,Ndaba,26.0,Republic of Ireland,188,82,https://media.api-sports.io/football/players/19738.png,Defender,14.0,6.0,552.0,6.52,0.0,0.0,1.0,,199.0,2.0,83.0,7.0,1.0,4.0,6.0,6.0,34.0,20.0,,2.0,0.0,0.0
135,Serie A,2025,867,Lecce,28744,Þ. Helgason,Þórir Jóhann,Helgason,25.0,Iceland,187,66,https://media.api-sports.io/football/players/28744.png,Midfielder,8.0,1.0,145.0,6.6,0.0,0.0,2.0,2.0,46.0,3.0,71.0,2.0,2.0,3.0,7.0,6.0,15.0,9.0,,,0.0,0.0
135,Serie A,2025,505,Inter,31009,A. Bastoni,Alessandro,Bastoni,26.0,Italy,190,75,https://media.api-sports.io/football/players/31009.png,Defender,28.0,28.0,2249.0,7.27,1.0,4.0,14.0,8.0,1850.0,25.0,87.0,51.0,6.0,23.0,10.0,6.0,219.0,129.0,20.0,45.0,6.0,0.0
135,Serie A,2025,867,Lecce,47182,Tete Morente,José Antonio,Morente Oliva,29.0,Spain,180,76,https://media.api-sports.io/football/players/47182.png,Attacker,16.0,9.0,859.0,6.51,0.0,0.0,6.0,2.0,262.0,10.0,74.0,11.0,2.0,3.0,27.0,9.0,108.0,42.0,12.0,13.0,2.0,0.0
135,Serie A,2025,867,Lecce,56560,Y. Maleh,Youssef,Maleh,27.0,Morocco,179,70,https://media.api-sports.io/football/players/56560.png,Midfielder,9.0,5.0,464.0,6.63,0.0,0.0,5.0,1.0,155.0,3.0,72.0,11.0,1.0,6.0,7.0,5.0,46.0,26.0,8.0,9.0,2.0,0.0
135,Serie A,2025,520,Cremonese,56560,Y. Maleh,Youssef,Maleh,27.0,Morocco,179,70,https://media.api-sports.io/football/players/56560.png,Midfielder,14.0,14.0,1106.0,6.56,1.0,0.0,12.0,3.0,433.0,6.0,80.0,27.0,2.0,8.0,9.0,2.0,117.0,48.0,10.0,27.0,2.0,1.0
135,Serie A,2025,867,Lecce,118956,L. Banda,Lameck,Banda,24.0,Zambia,169,69,https://media.api-sports.io/football/players/118956.png,Attacker,32.0,21.0,1760.0,6.77,5.0,4.0,24.0,15.0,342.0,24.0,80.0,27.0,,7.0,87.0,34.0,288.0,121.0,49.0,44.0,6.0,1.0
135,Serie A,2025,867,Lecce,136016,H. Rafia,Hamza,Rafia,26.0,Tunisia,180,75,https://media.api-sports.io/football/players/136016.png,Midfielder,0.0,0.0,,,0.0,0.0,,,,,,,,,,,,,,,0.0,0.0
135,Serie A,2025,867,Lecce,156619,J. Samooja,Jasper Lauri Petteri,Samooja,22.0,Finland,190,85,https://media.api-sports.io/football/players/156619.png,Goalkeeper,0.0,0.0,,,0.0,0.0,,,,,,,,,,,,,,,0.0,0.0
135,Serie A,2025,867,Lecce,190958,B. Pierret,Balthazar Jean Philippe Marie,Pierret,25.0,France,186,82,https://media.api-sports.io/football/players/190958.png,Midfielder,3.0,0.0,32.0,6.77,0.0,0.0,,,16.0,,68.0,2.0,,,,,5.0,5.0,2.0,,0.0,0.0
135,Serie A,2025,867,Lecce,197779,M. Kaba,Mohamed,Kaba,24.0,France,185,71,https://media.api-sports.io/football/players/197779.png,Midfielder,15.0,5.0,646.0,6.6,0.0,0.0,7.0,4.0,186.0,5.0,76.0,12.0,2.0,4.0,16.0,9.0,112.0,55.0,21.0,12.0,1.0,0.0
135,Serie A,2025,867,Lecce,203219,J. Siebert,Jamil,Siebert,23.0,Germany,193,86,https://media.api-sports.io/football/players/203219.png,Defender,21.0,18.0,1707.0,6.85,1.0,0.0,3.0,2.0,602.0,3.0,77.0,27.0,21.0,15.0,6.0,4.0,143.0,75.0,7.0,22.0,3.0,0.0
135,Serie A,2025,867,Lecce,387537,Olaf Gorter,Olaf,Gorter,20.0,Netherlands,181,,https://media.api-sports.io/football/players/387537.png,Midfielder,2.0,0.0,27.0,6.7,0.0,0.0,,,19.0,,94.0,1.0,,,,,2.0,1.0,,1.0,0.0,0.0
135,Serie A,2025,867,Lecce,458543,M. Pérez,Matías Rodrigo,Pérez Sepúlveda,20.0,Chile,192,80,https://media.api-sports.io/football/players/458543.png,Defender,1.0,1.0,32.0,7,0.0,0.0,,,15.0,1.0,93.0,,2.0,,,,1.0,,,,0.0,0.0
135,Serie A,2025,867,Lecce,482309,Owen Kouassi,Christ-Owen,Kouassi Bathele,22.0,France,184,78,https://media.api-sports.io/football/players/482309.png,Defender,4.0,3.0,228.0,6.45,0.0,0.0,,,81.0,,80.0,11.0,,1.0,1.0,,21.0,17.0,3.0,1.0,0.0,0.0
135,Serie A,2025,505,Inter,194,S. de Vrij,Stefan,de Vrij,33.0,Netherlands,190,78,https://media.api-sports.io/football/players/194.png,Defender,11.0,8.0,671.0,7.06,0.0,0.0,5.0,2.0,467.0,2.0,93.0,15.0,4.0,7.0,2.0,1.0,58.0,37.0,5.0,5.0,1.0,0.0
135,Serie A,2025,505,Inter,217,Lautaro Martínez,Lautaro Javier,Martínez,28.0,Argentina,174,72,https://media.api-sports.io/football/players/217.png,Attacker,30.0,27.0,2178.0,7.08,17.0,6.0,69.0,39.0,600.0,37.0,78.0,24.0,,7.0,43.0,20.0,253.0,115.0,47.0,47.0,4.0,0.0
135,Serie A,2025,505,Inter,329,P. Zieliński,Piotr Sebastian,Zieliński,31.0,Poland,180,76,https://media.api-sports.io/football/players/329.png,Midfielder,34.0,22.0,2055.0,7.08,6.0,3.0,17.0,10.0,1496.0,29.0,92.0,31.0,3.0,5.0,27.0,18.0,132.0,78.0,18.0,18.0,3.0,0.0
135,Serie A,2025,505,Inter,887,M. Darmian,Matteo,Darmian,36.0,Italy,182,70,https://media.api-sports.io/football/players/887.png,Defender,6.0,2.0,246.0,6.53,0.0,0.0,,,121.0,,90.0,3.0,3.0,1.0,2.0,,15.0,6.0,2.0,4.0,0.0,0.0
135,Serie A,2025,505,Inter,1457,H. Mkhitaryan,Henrikh,Hamlet Mkhitaryan,36.0,Armenia,177,75,https://media.api-sports.io/football/players/1457.png,Midfielder,30.0,16.0,1556.0,6.97,4.0,1.0,31.0,14.0,997.0,23.0,88.0,33.0,4.0,14.0,29.0,12.0,169.0,74.0,17.0,28.0,5.0,0.0
135,Serie A,2025,505,Inter,10077,Luis Henrique,Luis Henrique,Tomaz de Lima,24.0,Brazil,181,85,https://media.api-sports.io/football/players/10077.png,Attacker,30.0,18.0,1627.0,6.86,1.0,2.0,11.0,7.0,820.0,22.0,86.0,20.0,1.0,6.0,23.0,13.0,61.0,38.0,,5.0,1.0,0.0
135,Serie A,2025,505,Inter,10238,Carlos Augusto,Carlos Augusto,Zopolato Neves,26.0,Brazil,184,78,https://media.api-sports.io/football/players/10238.png,Defender,34.0,18.0,1765.0,6.9,1.0,1.0,16.0,6.0,1131.0,11.0,89.0,37.0,9.0,18.0,13.0,6.0,188.0,116.0,13.0,26.0,6.0,0.0
135,Serie A,2025,505,Inter,21509,M. Thuram,Marcus Lilian,Thuram-Ulien,28.0,France,192,90,https://media.api-sports.io/football/players/21509.png,Attacker,29.0,24.0,1913.0,7.04,13.0,6.0,56.0,29.0,480.0,29.0,75.0,23.0,2.0,1.0,28.0,17.0,258.0,129.0,41.0,43.0,2.0,0.0
135,Serie A,2025,505,Inter,24953,Y. Bisseck,Yann Aurel Ludger,Bisseck,25.0,Germany,196,83,https://media.api-sports.io/football/players/24953.png,Defender,23.0,21.0,1922.0,7.15,3.0,1.0,17.0,12.0,1298.0,9.0,92.0,27.0,7.0,23.0,12.0,8.0,148.0,89.0,16.0,21.0,2.0,0.0
135,Serie A,2025,503,Torino,25353,V. Lazaro,Valentino Lando,Lazaro,29.0,Austria,180,75,https://media.api-sports.io/football/players/25353.png,Defender,31.0,26.0,2263.0,6.81,0.0,2.0,5.0,2.0,844.0,31.0,79.0,47.0,8.0,22.0,25.0,11.0,180.0,82.0,9.0,37.0,4.0,0.0
135,Serie A,2025,505,Inter,30558,N. Barella,Nicolò,Barella,28.0,Italy,175,68,https://media.api-sports.io/football/players/30558.png,Midfielder,34.0,31.0,2533.0,7.18,3.0,8.0,23.0,5.0,1761.0,72.0,85.0,53.0,3.0,9.0,50.0,25.0,231.0,113.0,22.0,33.0,7.0,0.0
135,Serie A,2025,505,Inter,31010,F. Dimarco,Federico,Dimarco,28.0,Italy,175,75,https://media.api-sports.io/football/players/31010.png,Midfielder,35.0,30.0,2704.0,7.42,7.0,16.0,46.0,22.0,1454.0,96.0,83.0,50.0,4.0,31.0,14.0,7.0,171.0,82.0,23.0,41.0,3.0,0.0
135,Serie A,2025,505,Inter,31173,D. Frattesi,Davide,Frattesi,26.0,Italy,178,74,https://media.api-sports.io/football/players/31173.png,Midfielder,22.0,3.0,574.0,6.55,0.0,0.0,13.0,4.0,121.0,6.0,77.0,15.0,1.0,3.0,9.0,5.0,68.0,35.0,11.0,9.0,0.0,0.0
135,Serie A,2025,505,Inter,46988,Josep Martínez,Josep,Martínez Riera,27.0,Spain,191,78,https://media.api-sports.io/football/players/46988.png,Goalkeeper,5.0,5.0,450.0,6.76,0.0,0.0,,,184.0,,86.0,,,,,,,,,,0.0,0.0
135,Serie A,2025,503,Torino,56266,F. Israel,Franco,Israel Wibmer,25.0,Uruguay,190,82,https://media.api-sports.io/football/players/56266.png,Goalkeeper,9.0,9.0,810.0,6.63,0.0,0.0,,,290.0,,58.0,,,,,,7.0,6.0,3.0,,1.0,0.0
135,Serie A,2025,505,Inter,91488,R. Di Gennaro,Raffaele,Di Gennaro,32.0,Italy,186,80,https://media.api-sports.io/football/players/91488.png,Goalkeeper,1.0,0.0,9.0,6.2,0.0,0.0,,,7.0,,57.0,,,,,,,,,,0.0,0.0
135,Serie A,2025,505,Inter,270509,A. Diouf,Andy Alune,Diouf,22.0,France,187,82,https://media.api-sports.io/football/players/270509.png,Midfielder,19.0,4.0,499.0,6.72,1.0,0.0,6.0,3.0,234.0,12.0,85.0,12.0,,1.0,23.0,12.0,73.0,33.0,3.0,5.0,1.0,0.0
135,Serie A,2025,505,Inter,275651,A. Bonny,Ange-Yoan,Bonny,22.0,France,189,83,https://media.api-sports.io/football/players/275651.png,Attacker,33.0,10.0,1156.0,6.76,5.0,4.0,17.0,9.0,269.0,17.0,79.0,17.0,,1.0,40.0,20.0,171.0,72.0,24.0,17.0,1.0,0.0
135,Serie A,2025,505,Inter,311360,T. Palacios,Tiago Tomás,Palacios,22.0,Argentina,196,80,https://media.api-sports.io/football/players/311360.png,Defender,0.0,0.0,,,0.0,0.0,,,,,,,,,,,,,,,0.0,0.0
135,Serie A,2025,505,Inter,348205,P. Sučić,Petar,Sučić,22.0,Bosnia and Herzegovina,183,76,https://media.api-sports.io/football/players/348205.png,Midfielder,34.0,21.0,1783.0,6.88,2.0,2.0,16.0,6.0,1133.0,29.0,89.0,46.0,1.0,9.0,35.0,15.0,201.0,98.0,25.0,30.0,5.0,0.0
135,Serie A,2025,503,Torino,85,C. Ngonge,Cyril,Ngonge,25.0,Belgium,179,73,https://media.api-sports.io/football/players/85.png,Attacker,20.0,11.0,1013.0,6.69,1.0,1.0,19.0,12.0,255.0,12.0,69.0,11.0,,2.0,32.0,19.0,139.0,66.0,18.0,20.0,2.0,0.0
135,Serie A,2025,503,Torino,243,Z. Aboukhlal,Zakaria,Aboukhlal,25.0,Morocco,179,74,https://media.api-sports.io/football/players/243.png,Attacker,15.0,6.0,520.0,6.64,0.0,0.0,5.0,2.0,166.0,3.0,74.0,22.0,1.0,1.0,17.0,6.0,92.0,43.0,11.0,12.0,4.0,0.0
135,Serie A,2025,503,Torino,842,N. Vlašić,Nikola,Vlašić,28.0,Croatia,179,79,https://media.api-sports.io/football/players/842.png,Attacker,37.0,36.0,3053.0,6.92,8.0,3.0,36.0,17.0,1155.0,54.0,83.0,67.0,4.0,21.0,55.0,28.0,340.0,162.0,45.0,44.0,7.0,0.0
135,Serie A,2025,503,Torino,2553,G. Maripán,Guillermo Alfonso,Maripán Loaysa,31.0,Chile,190,84,https://media.api-sports.io/football/players/2553.png,Defender,27.0,24.0,2151.0,6.89,2.0,0.0,11.0,8.0,990.0,9.0,85.0,51.0,26.0,28.0,6.0,4.0,223.0,121.0,7.0,27.0,4.0,0.0
135,Serie A,2025,503,Torino,18799,A. Masina,Adam,Masina,31.0,Morocco,189,78,https://media.api-sports.io/football/players/18799.png,Defender,5.0,2.0,232.0,6.24,0.0,1.0,,,99.0,2.0,85.0,7.0,1.0,5.0,4.0,1.0,28.0,12.0,2.0,6.0,0.0,0.0
135,Serie A,2025,503,Torino,19524,C. Adams,Ché Zach Everton Fred,Adams,29.0,Scotland,175,70,https://media.api-sports.io/football/players/19524.png,Attacker,33.0,19.0,1896.0,6.71,6.0,2.0,35.0,18.0,535.0,26.0,75.0,14.0,1.0,1.0,28.0,13.0,177.0,72.0,15.0,18.0,0.0,0.0
135,Serie A,2025,503,Torino,22174,A. Tamèze,Adrien Fidele,Tamèze Aoutsa,31.0,France,180,78,https://media.api-sports.io/football/players/22174.png,Midfielder,24.0,12.0,1133.0,6.5,0.0,0.0,3.0,,513.0,8.0,80.0,15.0,6.0,20.0,5.0,,88.0,41.0,7.0,16.0,3.0,0.0
135,Serie A,2025,503,Torino,30396,C. Biraghi,Cristiano,Biraghi,33.0,Italy,185,78,https://media.api-sports.io/football/players/30396.png,Defender,14.0,5.0,530.0,6.6,0.0,0.0,,,181.0,7.0,80.0,9.0,,3.0,3.0,1.0,39.0,23.0,6.0,9.0,0.0,0.0
135,Serie A,2025,503,Torino,30414,G. Simeone,Giovanni Pablo,Simeone Baldini,30.0,Argentina,180,81,https://media.api-sports.io/football/players/30414.png,Attacker,32.0,27.0,2245.0,6.76,11.0,0.0,59.0,28.0,417.0,23.0,72.0,16.0,2.0,5.0,52.0,22.0,294.0,112.0,41.0,31.0,1.0,0.0
135,Serie A,2025,503,Torino,30642,A. Paleari,Alberto Andrea,Paleari,33.0,Italy,193,88,https://media.api-sports.io/football/players/30642.png,Goalkeeper,29.0,29.0,2610.0,7.09,0.0,0.0,,,913.0,,66.0,,,,,,22.0,19.0,7.0,,1.0,0.0
135,Serie A,2025,503,Torino,39362,M. Pedersen,Marcus,Holmgren Pedersen,25.0,Norway,184,76,https://media.api-sports.io/football/players/39362.png,Defender,29.0,23.0,2138.0,6.56,1.0,2.0,11.0,3.0,552.0,20.0,77.0,23.0,4.0,10.0,21.0,9.0,139.0,45.0,6.0,31.0,3.0,0.0
135,Serie A,2025,503,Torino,42796,M. Popa,Mihai Maximilian,Popa,25.0,Romania,190,,https://media.api-sports.io/football/players/42796.png,Goalkeeper,0.0,0.0,,,0.0,0.0,,,,,,,,,,,,,,,0.0,0.0
135,Serie A,2025,503,Torino,46170,I. Ilić,Ivan,Ilić,24.0,Serbia,186,77,https://media.api-sports.io/football/players/46170.png,Midfielder,8.0,5.0,415.0,6.64,0.0,0.0,,,190.0,8.0,82.0,8.0,,6.0,3.0,2.0,45.0,17.0,4.0,9.0,2.0,0.0
135,Serie A,2025,503,Torino,122468,Saúl Coco,Saúl Basilio,Coco-Bassey Oubiña,26.0,Equatorial Guinea,187,86,https://media.api-sports.io/football/players/122468.png,Defender,35.0,35.0,3090.0,6.86,1.0,1.0,12.0,4.0,1508.0,11.0,85.0,58.0,42.0,43.0,11.0,7.0,292.0,165.0,34.0,46.0,3.0,0.0
135,Serie A,2025,503,Torino,138777,F. Anjorin,Faustino Adebola Rasheed,Anjorin,24.0,England,185,73,https://media.api-sports.io/football/players/138777.png,Midfielder,15.0,1.0,286.0,6.59,0.0,0.0,1.0,1.0,124.0,3.0,81.0,9.0,1.0,6.0,5.0,3.0,42.0,21.0,1.0,8.0,1.0,0.0
135,Serie A,2025,503,Torino,270507,C. Casadei,Cesare,Casadei,22.0,Italy,192,77,https://media.api-sports.io/football/players/270507.png,Midfielder,33.0,19.0,1990.0,6.83,6.0,0.0,28.0,17.0,748.0,17.0,75.0,36.0,3.0,10.0,24.0,13.0,316.0,170.0,16.0,52.0,5.0,0.0
135,Serie A,2025,503,Torino,336573,E. İlkhan,Emirhan,İlkhan,21.0,Türkiye,175,67,https://media.api-sports.io/football/players/336573.png,Midfielder,19.0,13.0,1018.0,6.82,1.0,2.0,7.0,3.0,474.0,11.0,83.0,26.0,2.0,13.0,13.0,7.0,115.0,64.0,18.0,11.0,2.0,1.0
135,Serie A,2025,503,Torino,343189,G. Gineitis,Gvidas,Gineitis,21.0,Lithuania,187,79,https://media.api-sports.io/football/players/343189.png,Midfielder,29.0,23.0,1763.0,6.77,0.0,1.0,18.0,5.0,573.0,27.0,76.0,45.0,10.0,22.0,29.0,17.0,222.0,121.0,32.0,43.0,5.0,0.0
135,Serie A,2025,503,Torino,349232,A. Dembélé,Ali,Dembélé,21.0,France,185,69,https://media.api-sports.io/football/players/349232.png,Defender,2.0,0.0,24.0,6.55,0.0,0.0,1.0,,6.0,,83.0,,,,1.0,,2.0,1.0,,,0.0,0.0
135,Serie A,2025,503,Torino,438215,C. Bianay Balcot,Côme,Bianay Balcot,20.0,France,188,,https://media.api-sports.io/football/players/438215.png,Defender,0.0,0.0,,,0.0,0.0,,,,,,,,,,,,,,,0.0,0.0
135,Serie A,2025,496,Juventus,116,K. Thuram,Khéphren,Thuram-Ulien,24.0,France,192,80,https://media.api-sports.io/football/players/116.png,Midfielder,35.0,30.0,2453.0,6.97,3.0,3.0,36.0,15.0,1507.0,24.0,86.0,60.0,9.0,12.0,37.0,23.0,245.0,132.0,12.0,38.0,2.0,0.0
135,Serie A,2025,496,Juventus,415,W. McKennie,Weston James Earl,McKennie,27.0,USA,183,84,https://media.api-sports.io/football/players/415.png,Midfielder,36.0,32.0,2841.0,6.87,5.0,5.0,36.0,16.0,1187.0,48.0,83.0,40.0,8.0,25.0,33.0,17.0,237.0,114.0,11.0,44.0,5.0,0.0
135,Serie A,2025,496,Juventus,850,C. Pinsoglio,Carlo,Pinsoglio,35.0,Italy,194,85,https://media.api-sports.io/football/players/850.png,Goalkeeper,0.0,0.0,,,0.0,0.0,,,,,,,,,,,,,,,0.0,0.0
135,Serie A,2025,503,Torino,2495,D. Zapata,Duván Esteban,Zapata Banguero,34.0,Colombia,189,88,https://media.api-sports.io/football/players/2495.png,Attacker,28.0,11.0,1125.0,6.61,3.0,1.0,24.0,15.0,245.0,10.0,73.0,4.0,1.0,1.0,16.0,6.0,149.0,67.0,24.0,15.0,0.0,0.0
135,Serie A,2025,496,Juventus,8489,J. David,Jonathan Christian,David,25.0,Canada,178,81,https://media.api-sports.io/football/players/8489.png,Attacker,35.0,20.0,1795.0,6.43,6.0,4.0,30.0,16.0,524.0,33.0,78.0,17.0,,5.0,25.0,6.0,193.0,66.0,26.0,30.0,0.0,0.0
135,Serie A,2025,496,Juventus,19263,L. Kelly,Lloyd Casius,Kelly,27.0,England,178,70,https://media.api-sports.io/football/players/19263.png,Defender,35.0,33.0,2998.0,7,1.0,1.0,11.0,3.0,2033.0,11.0,88.0,48.0,17.0,14.0,23.0,18.0,287.0,173.0,20.0,43.0,4.0,0.0
135,Serie A,2025,496,Juventus,26315,N. González,Nicolás Iván,González,27.0,Argentina,180,72,https://media.api-sports.io/football/players/26315.png,Attacker,2.0,0.0,24.0,6.6,0.0,0.0,1.0,,5.0,1.0,40.0,,,,,,5.0,5.0,3.0,,0.0,0.0
135,Serie A,2025,496,Juventus,30415,D. Vlahović,Dušan,Vlahović,25.0,Serbia,190,88,https://media.api-sports.io/football/players/30415.png,Attacker,19.0,11.0,976.0,6.76,7.0,1.0,38.0,18.0,175.0,12.0,69.0,3.0,2.0,2.0,7.0,3.0,109.0,49.0,18.0,9.0,0.0,0.0
135,Serie A,2025,496,Juventus,30497,Bremer,Gleison Bremer,Silva Nascimento,28.0,Brazil,188,80,https://media.api-sports.io/football/players/30497.png,Defender,26.0,25.0,2175.0,7.13,4.0,3.0,20.0,9.0,1334.0,8.0,89.0,28.0,11.0,32.0,7.0,1.0,189.0,105.0,10.0,21.0,5.0,0.0
135,Serie A,2025,496,Juventus,30533,M. Locatelli,Manuel,Locatelli,27.0,Italy,185,75,https://media.api-sports.io/football/players/30533.png,Midfielder,36.0,36.0,3005.0,7.73,1.0,2.0,32.0,12.0,2805.0,47.0,88.0,102.0,23.0,39.0,18.0,10.0,318.0,190.0,44.0,55.0,9.0,0.0
135,Serie A,2025,496,Juventus,30670,M. Di Gregorio,Michele,Di Gregorio,28.0,Italy,187,82,https://media.api-sports.io/football/players/30670.png,Goalkeeper,30.0,29.0,2655.0,6.95,0.0,0.0,,,667.0,,75.0,,,,1.0,1.0,7.0,7.0,5.0,,1.0,0.0
135,Serie A,2025,496,Juventus,36899,T. Koopmeiners,Teun,Koopmeiners,27.0,Netherlands,184,77,https://media.api-sports.io/football/players/36899.png,Midfielder,33.0,18.0,1829.0,6.71,0.0,0.0,16.0,7.0,1161.0,17.0,90.0,33.0,7.0,18.0,9.0,5.0,158.0,80.0,11.0,33.0,5.0,0.0
135,Serie A,2025,496,Juventus,41734,João Mário,João Mário,Neto Lopes,25.0,Portugal,178,66,https://media.api-sports.io/football/players/41734.png,Defender,10.0,2.0,267.0,6.76,0.0,0.0,1.0,,109.0,3.0,73.0,4.0,2.0,3.0,12.0,5.0,34.0,21.0,10.0,5.0,1.0,0.0
135,Serie A,2025,500,Bologna,41734,João Mário,João Mário,Neto Lopes,25.0,Portugal,178,66,https://media.api-sports.io/football/players/41734.png,Midfielder,10.0,10.0,741.0,6.95,1.0,0.0,2.0,2.0,383.0,5.0,79.0,10.0,1.0,10.0,20.0,10.0,82.0,45.0,21.0,5.0,1.0,0.0
135,Serie A,2025,496,Juventus,127011,A. Cambiaso,Andrea,Cambiaso,25.0,Italy,182,77,https://media.api-sports.io/football/players/127011.png,Midfielder,36.0,35.0,2794.0,6.91,3.0,4.0,23.0,13.0,1545.0,56.0,88.0,61.0,7.0,20.0,27.0,9.0,202.0,100.0,21.0,29.0,3.0,1.0
135,Serie A,2025,496,Juventus,161585,Francisco Conceição,Francisco,Fernandes da Conceição,23.0,Portugal,170,64,https://media.api-sports.io/football/players/161585.png,Attacker,31.0,27.0,2098.0,7,3.0,5.0,45.0,23.0,849.0,42.0,87.0,34.0,1.0,7.0,102.0,54.0,264.0,130.0,40.0,32.0,3.0,0.0
135,Serie A,2025,496,Juventus,162188,P. Kalulu,Pierre Kazeye Rommel,Kalulu Kyatengwa,25.0,France,179,69,https://media.api-sports.io/football/players/162188.png,Midfielder,37.0,37.0,3282.0,6.93,2.0,4.0,9.0,4.0,2197.0,43.0,88.0,62.0,8.0,24.0,22.0,7.0,223.0,119.0,16.0,34.0,3.0,0.0
135,Serie A,2025,496,Juventus,268341,F. Gatti,Federico,Gatti,27.0,Italy,190,82,https://media.api-sports.io/football/players/268341.png,Defender,21.0,12.0,1100.0,6.77,2.0,0.0,11.0,6.0,645.0,3.0,90.0,12.0,6.0,13.0,1.0,1.0,82.0,46.0,6.0,17.0,3.0,0.0
135,Serie A,2025,496,Juventus,339883,K. Yıldız,Kenan,Yıldız,20.0,Türkiye,185,77,https://media.api-sports.io/football/players/339883.png,Attacker,36.0,33.0,2838.0,7.39,10.0,6.0,64.0,40.0,1223.0,76.0,84.0,26.0,,7.0,149.0,78.0,348.0,176.0,56.0,23.0,2.0,0.0
135,Serie A,2025,503,Torino,383006,A. Njie,Alieu Eybi,Njie,20.0,Sweden,171,60,https://media.api-sports.io/football/players/383006.png,Attacker,15.0,2.0,311.0,6.67,1.0,1.0,6.0,3.0,61.0,3.0,72.0,6.0,,,15.0,7.0,55.0,25.0,8.0,8.0,2.0,0.0
135,Serie A,2025,503,Torino,452430,S. Perciun,Sergiu,Perciun,19.0,Moldova,175,65,https://media.api-sports.io/football/players/452430.png,Midfielder,0.0,0.0,,,0.0,0.0,,,,,,,,,,,,,,,0.0,0.0
135,Serie A,2025,523,Parma,628,Adrián Bernabé,Adrián,Bernabé García,24.0,Spain,170,66,https://media.api-sports.io/football/players/628.png,Midfielder,32.0,31.0,2493.0,7.05,3.0,1.0,29.0,12.0,1268.0,55.0,84.0,39.0,6.0,17.0,42.0,15.0,228.0,119.0,61.0,15.0,0.0,0.0
135,Serie A,2025,496,Juventus,861,D. Rugani,Daniele,Rugani,31.0,Italy,190,84,https://media.api-sports.io/football/players/861.png,Defender,6.0,3.0,266.0,6.58,0.0,0.0,,,146.0,,90.0,3.0,1.0,5.0,,,17.0,11.0,,2.0,0.0,0.0
135,Serie A,2025,502,Fiorentina,861,D. Rugani,Daniele,Rugani,31.0,Italy,190,84,https://media.api-sports.io/football/players/861.png,Defender,5.0,4.0,328.0,6.46,0.0,0.0,1.0,,177.0,,92.0,5.0,3.0,4.0,,,28.0,12.0,,7.0,2.0,0.0
135,Serie A,2025,496,Juventus,1821,F. Kostić,Filip,Kostić,33.0,Serbia,184,81,https://media.api-sports.io/football/players/1821.png,Midfielder,18.0,4.0,490.0,6.86,3.0,1.0,6.0,4.0,229.0,10.0,82.0,17.0,,4.0,8.0,4.0,56.0,30.0,5.0,8.0,1.0,0.0
135,Serie A,2025,523,Parma,6221,L. Valenti,Lautaro Rodrigo,Valenti,26.0,Argentina,188,80,https://media.api-sports.io/football/players/6221.png,Defender,27.0,25.0,2251.0,6.88,0.0,0.0,9.0,4.0,1099.0,11.0,78.0,49.0,25.0,25.0,14.0,8.0,199.0,116.0,17.0,25.0,7.0,0.0
135,Serie A,2025,523,Parma,6409,N. Estévez,Nahuel,Estévez Álvarez,30.0,Argentina,181,77,https://media.api-sports.io/football/players/6409.png,Midfielder,32.0,9.0,1044.0,6.75,0.0,1.0,3.0,1.0,536.0,13.0,77.0,18.0,4.0,6.0,2.0,,113.0,63.0,13.0,11.0,2.0,0.0
135,Serie A,2025,523,Parma,30420,E. Del Prato,Enrico,Del Prato,26.0,Italy,183,76,https://media.api-sports.io/football/players/30420.png,Defender,35.0,34.0,2953.0,6.75,2.0,0.0,15.0,9.0,1118.0,7.0,86.0,36.0,22.0,24.0,9.0,5.0,161.0,85.0,10.0,16.0,5.0,0.0
135,Serie A,2025,523,Parma,31692,M. Đurić,Milan,Đurić,35.0,Bosnia and Herzegovina,198,94,https://media.api-sports.io/football/players/31692.png,Attacker,12.0,0.0,101.0,6.65,0.0,0.0,3.0,,26.0,1.0,,,,,,,23.0,16.0,1.0,2.0,1.0,0.0
135,Serie A,2025,520,Cremonese,31692,M. Đurić,Milan,Đurić,35.0,Bosnia and Herzegovina,198,94,https://media.api-sports.io/football/players/31692.png,Attacker,11.0,3.0,394.0,6.8,0.0,1.0,9.0,5.0,133.0,4.0,48.0,1.0,,,3.0,1.0,94.0,68.0,8.0,4.0,1.0,1.0
135,Serie A,2025,523,Parma,40592,A. Benedyczak,Adrian Dawid,Benedyczak,25.0,Poland,191,78,https://media.api-sports.io/football/players/40592.png,Attacker,14.0,5.0,486.0,6.64,1.0,1.0,7.0,3.0,96.0,9.0,73.0,6.0,1.0,,4.0,,69.0,31.0,6.0,9.0,1.0,0.0
135,Serie A,2025,523,Parma,48193,P. Almqvist,Pontus Skule Erik,Almqvist,26.0,Sweden,183,67,https://media.api-sports.io/football/players/48193.png,Attacker,13.0,4.0,452.0,6.59,0.0,1.0,3.0,2.0,106.0,9.0,78.0,9.0,,6.0,16.0,6.0,73.0,35.0,14.0,6.0,0.0,0.0
135,Serie A,2025,523,Parma,91358,E. Valeri,Emanuele,Valeri,27.0,Italy,180,78,https://media.api-sports.io/football/players/91358.png,Midfielder,34.0,29.0,2645.0,6.88,0.0,2.0,15.0,5.0,751.0,51.0,73.0,47.0,3.0,22.0,34.0,15.0,213.0,102.0,26.0,23.0,2.0,0.0
135,Serie A,2025,523,Parma,161569,O. Sørensen,Oliver,Sørensen Jensen,23.0,Denmark,184,78,https://media.api-sports.io/football/players/161569.png,Midfielder,34.0,19.0,1835.0,6.54,1.0,1.0,10.0,3.0,514.0,10.0,82.0,18.0,2.0,17.0,23.0,7.0,142.0,57.0,20.0,13.0,2.0,0.0
135,Serie A,2025,523,Parma,199578,Z. Suzuki,Zion,Suzuki,23.0,Japan,190,98,https://media.api-sports.io/football/players/199578.png,Goalkeeper,20.0,20.0,1800.0,7.06,0.0,0.0,,,700.0,1.0,62.0,,,,,,12.0,11.0,4.0,,1.0,0.0
135,Serie A,2025,523,Parma,292172,Mateo Pellegrino,Mateo,Pellegrino Casalánguida,24.0,Argentina,193,85,https://media.api-sports.io/football/players/292172.png,Attacker,37.0,34.0,2991.0,6.72,9.0,1.0,53.0,22.0,480.0,22.0,62.0,17.0,5.0,4.0,48.0,25.0,546.0,233.0,71.0,87.0,5.0,0.0
135,Serie A,2025,523,Parma,308836,M. Keita,Lamine Mandela,Keita,23.0,Belgium,180,78,https://media.api-sports.io/football/players/308836.png,Midfielder,37.0,36.0,2999.0,6.94,1.0,1.0,13.0,5.0,1211.0,11.0,88.0,74.0,11.0,44.0,45.0,29.0,287.0,179.0,57.0,30.0,1.0,0.0
135,Serie A,2025,523,Parma,323369,M. Løvik,Mathias Johan,Fjørtoft Løvik,22.0,Norway,183,78,https://media.api-sports.io/football/players/323369.png,Midfielder,9.0,5.0,479.0,6.48,0.0,0.0,2.0,,127.0,2.0,79.0,11.0,,6.0,11.0,2.0,46.0,18.0,2.0,3.0,0.0,0.0
135,Serie A,2025,496,Juventus,335101,J. Rouhi,Jonas Jakob,Rouhi,21.0,Sweden,183,68,https://media.api-sports.io/football/players/335101.png,Defender,0.0,0.0,,,0.0,0.0,,,,,,,,,,,,,,,0.0,0.0
135,Serie A,2025,496,Juventus,339872,Vasilije Adžić,Vasilije,Adžić,19.0,Montenegro,185,75,https://media.api-sports.io/football/players/339872.png,Midfielder,10.0,1.0,193.0,6.62,1.0,0.0,5.0,4.0,100.0,4.0,86.0,4.0,,2.0,7.0,1.0,28.0,8.0,2.0,3.0,0.0,0.0
135,Serie A,2025,523,Parma,348568,A. Circati,Alessandro,Circati,22.0,Australia,190,78,https://media.api-sports.io/football/players/348568.png,Defender,31.0,31.0,2666.0,7,1.0,0.0,4.0,1.0,1478.0,9.0,87.0,42.0,30.0,24.0,6.0,4.0,222.0,140.0,18.0,30.0,6.0,0.0
135,Serie A,2025,523,Parma,362752,C. Ordoñez,Christian Nahuel,Ordoñez,21.0,Argentina,177,65,https://media.api-sports.io/football/players/362752.png,Attacker,28.0,12.0,1095.0,6.51,1.0,0.0,7.0,2.0,265.0,5.0,82.0,24.0,7.0,8.0,14.0,5.0,123.0,48.0,11.0,16.0,4.0,0.0
135,Serie A,2025,496,Juventus,408319,M. Fuscaldo,Matteo,Fuscaldo,20.0,Italy,196,,https://media.api-sports.io/football/players/408319.png,Goalkeeper,0.0,0.0,,,0.0,0.0,,,,,,,,,,,,,,,0.0,0.0
135,Serie A,2025,489,AC Milan,17,C. Pulišić,Christian Mate,Pulišić,27.0,USA,177,73,https://media.api-sports.io/football/players/17.png,Attacker,30.0,18.0,1612.0,6.99,8.0,4.0,41.0,25.0,668.0,38.0,85.0,15.0,1.0,3.0,64.0,30.0,166.0,78.0,23.0,11.0,0.0,0.0
135,Serie A,2025,489,AC Milan,754,L. Modrić,Luka,Modrić,40.0,Croatia,172,66,https://media.api-sports.io/football/players/754.png,Midfielder,34.0,32.0,2821.0,7.55,2.0,3.0,14.0,8.0,2219.0,53.0,90.0,51.0,12.0,39.0,35.0,17.0,202.0,112.0,33.0,23.0,4.0,0.0
135,Serie A,2025,489,AC Milan,1417,A. Saelemaekers,Alexis Jesse,Saelemaekers,26.0,Belgium,180,72,https://media.api-sports.io/football/players/1417.png,Midfielder,35.0,33.0,2798.0,7.17,3.0,3.0,29.0,11.0,1326.0,52.0,83.0,74.0,4.0,28.0,106.0,50.0,338.0,197.0,64.0,26.0,5.0,0.0
135,Serie A,2025,489,AC Milan,1696,S. Chukwueze,Samuel Chimerenka,Chukwueze,26.0,Nigeria,172,70,https://media.api-sports.io/football/players/1696.png,Attacker,1.0,0.0,25.0,7.3,0.0,0.0,,,13.0,,84.0,,,,1.0,1.0,5.0,4.0,3.0,,0.0,0.0
135,Serie A,2025,489,AC Milan,2292,R. Loftus-Cheek,Ruben Ira,Loftus-Cheek,29.0,England,191,88,https://media.api-sports.io/football/players/2292.png,Midfielder,28.0,12.0,1149.0,6.6,3.0,1.0,18.0,6.0,406.0,10.0,84.0,14.0,1.0,5.0,26.0,12.0,161.0,76.0,19.0,23.0,2.0,0.0
135,Serie A,2025,489,AC Milan,19209,F. Tomori,Oluwafikayomi Oluwadamilola,Tomori,28.0,England,185,75,https://media.api-sports.io/football/players/19209.png,Defender,33.0,31.0,2563.0,6.86,0.0,2.0,6.0,2.0,1571.0,4.0,90.0,65.0,23.0,29.0,5.0,3.0,169.0,91.0,7.0,36.0,7.0,0.0
135,Serie A,2025,489,AC Milan,22221,M. Maignan,Mike Peterson,Maignan,30.0,France,191,89,https://media.api-sports.io/football/players/22221.png,Goalkeeper,37.0,37.0,3296.0,7.23,0.0,0.0,,,1082.0,,77.0,,,1.0,3.0,3.0,13.0,13.0,6.0,,4.0,0.0
135,Serie A,2025,489,AC Milan,22254,Y. Fofana,Youssouf,Fofana,26.0,France,185,75,https://media.api-sports.io/football/players/22254.png,Midfielder,33.0,28.0,2217.0,6.6,2.0,3.0,36.0,18.0,803.0,36.0,82.0,41.0,4.0,19.0,38.0,13.0,192.0,80.0,16.0,21.0,4.0,0.0
135,Serie A,2025,489,AC Milan,45826,S. Pavlović,Strahinja,Pavlović,24.0,Serbia,194,88,https://media.api-sports.io/football/players/45826.png,Defender,34.0,33.0,2870.0,7.05,5.0,1.0,21.0,6.0,1850.0,16.0,90.0,54.0,14.0,20.0,32.0,17.0,294.0,168.0,27.0,30.0,4.0,0.0
135,Serie A,2025,489,AC Milan,46731,P. Estupiñán,Pervis Josué,Estupiñán Tenorio,27.0,Ecuador,175,73,https://media.api-sports.io/football/players/46731.png,Midfielder,19.0,13.0,1046.0,6.72,1.0,1.0,9.0,1.0,527.0,13.0,86.0,15.0,,11.0,7.0,2.0,77.0,33.0,8.0,16.0,5.0,1.0
135,Serie A,2025,489,AC Milan,56473,M. Gabbia,Matteo,Gabbia,26.0,Italy,185,78,https://media.api-sports.io/football/players/56473.png,Defender,30.0,28.0,2531.0,6.95,0.0,0.0,17.0,3.0,1499.0,2.0,91.0,21.0,22.0,14.0,1.0,,153.0,90.0,6.0,25.0,4.0,0.0
135,Serie A,2025,489,AC Milan,94562,S. Giménez,Santiago Tomás,Giménez,24.0,Mexico,182,79,https://media.api-sports.io/football/players/94562.png,Attacker,16.0,11.0,896.0,6.49,0.0,1.0,23.0,9.0,134.0,4.0,80.0,8.0,1.0,1.0,19.0,3.0,86.0,32.0,15.0,10.0,2.0,0.0
135,Serie A,2025,523,Parma,180762,E. Corvi,Edoardo,Corvi,24.0,Italy,187,77,https://media.api-sports.io/football/players/180762.png,Goalkeeper,17.0,17.0,1530.0,6.95,0.0,0.0,,,512.0,,74.0,1.0,,,,,8.0,7.0,5.0,,1.0,0.0
135,Serie A,2025,523,Parma,201466,T. Begić,Tjaš,Begić,22.0,Slovenia,175,,https://media.api-sports.io/football/players/201466.png,Attacker,1.0,0.0,1.0,,0.0,0.0,,,1.0,,,,,,,,,,,,0.0,0.0
135,Serie A,2025,523,Parma,237268,F. Rinaldi,Filippo,Rinaldi,23.0,Italy,188,70,https://media.api-sports.io/football/players/237268.png,Goalkeeper,1.0,1.0,90.0,7.7,0.0,0.0,,,44.0,,47.0,,,,,,2.0,2.0,,,1.0,0.0
135,Serie A,2025,523,Parma,289304,A. Joujou,Antoine,Joujou,22.0,France,189,84,https://media.api-sports.io/football/players/289304.png,Attacker,0.0,0.0,,,0.0,0.0,,,,,,,,,,,,,,,0.0,0.0
135,Serie A,2025,489,AC Milan,330437,Álex Jiménez,Alejandro,Jiménez Sánchez,20.0,Spain,177,73,https://media.api-sports.io/football/players/330437.png,Defender,1.0,0.0,45.0,6.7,0.0,0.0,,,20.0,2.0,95.0,,,,7.0,4.0,9.0,5.0,1.0,,1.0,0.0
135,Serie A,2025,523,Parma,348309,P. Amoran,Peter Toluwanimi,Amoran,21.0,Sweden,189,,https://media.api-sports.io/football/players/348309.png,Defender,0.0,0.0,,,0.0,0.0,,,,,,,,,,,,,,,0.0,0.0
135,Serie A,2025,523,Parma,357985,D. Šits,Dario,Šits,21.0,Latvia,187,71,https://media.api-sports.io/football/players/357985.png,Attacker,0.0,0.0,,,0.0,0.0,,,,,,,,,,,,,,,0.0,0.0
135,Serie A,2025,523,Parma,446006,E. Plicco,Elia,Plicco,18.0,Italy,168,57,https://media.api-sports.io/football/players/446006.png,Midfielder,0.0,0.0,,,0.0,0.0,,,,,,,,,,,,,,,0.0,0.0
135,Serie A,2025,520,Cremonese,2522,A. Sanabria,Arnaldo Antonio,Sanabria Ayala,29.0,Paraguay,180,70,https://media.api-sports.io/football/players/2522.png,Attacker,25.0,10.0,940.0,6.5,1.0,1.0,8.0,4.0,175.0,6.0,82.0,2.0,,1.0,9.0,7.0,121.0,53.0,15.0,15.0,2.0,0.0
135,Serie A,2025,520,Cremonese,6383,M. Payero,Martín Ismael,Payero,27.0,Argentina,183,80,https://media.api-sports.io/football/players/6383.png,Midfielder,25.0,16.0,1459.0,6.58,1.0,0.0,18.0,8.0,458.0,12.0,75.0,19.0,3.0,10.0,48.0,22.0,215.0,93.0,34.0,37.0,8.0,0.0
135,Serie A,2025,489,AC Milan,30394,P. Terracciano,Pietro,Terracciano,35.0,Italy,193,85,https://media.api-sports.io/football/players/30394.png,Goalkeeper,2.0,1.0,124.0,7.05,0.0,0.0,,,31.0,,93.0,,,,,,,,,,0.0,0.0
135,Serie A,2025,520,Cremonese,30397,F. Ceccherini,Federico,Ceccherini,33.0,Italy,187,72,https://media.api-sports.io/football/players/30397.png,Defender,9.0,6.0,489.0,6.57,0.0,1.0,5.0,2.0,226.0,2.0,80.0,7.0,5.0,7.0,1.0,1.0,53.0,32.0,9.0,10.0,1.0,1.0
135,Serie A,2025,520,Cremonese,30775,G. Pezzella,Giuseppe,Pezzella,28.0,Italy,185,81,https://media.api-sports.io/football/players/30775.png,Midfielder,31.0,30.0,2591.0,6.65,0.0,1.0,5.0,,749.0,27.0,76.0,53.0,14.0,11.0,29.0,14.0,261.0,127.0,32.0,49.0,8.0,1.0
135,Serie A,2025,520,Cremonese,30848,D. Okereke,David Chidozie,Okereke,28.0,Nigeria,182,75,https://media.api-sports.io/football/players/30848.png,Attacker,10.0,3.0,400.0,6.69,2.0,0.0,7.0,5.0,98.0,3.0,87.0,3.0,1.0,,13.0,5.0,67.0,24.0,4.0,1.0,0.0,1.0
135,Serie A,2025,520,Cremonese,30919,M. Bianchetti,Matteo,Bianchetti,32.0,Italy,189,81,https://media.api-sports.io/football/players/30919.png,Defender,27.0,25.0,2197.0,6.77,0.0,2.0,6.0,1.0,1161.0,4.0,83.0,46.0,19.0,19.0,4.0,2.0,194.0,115.0,15.0,28.0,4.0,0.0
135,Serie A,2025,520,Cremonese,31021,A. Grassi,Alberto,Grassi,30.0,Italy,183,75,https://media.api-sports.io/football/players/31021.png,Midfielder,30.0,18.0,1754.0,6.74,0.0,0.0,10.0,4.0,854.0,8.0,85.0,23.0,9.0,32.0,9.0,8.0,125.0,76.0,30.0,17.0,4.0,1.0
135,Serie A,2025,489,AC Milan,31056,S. Ricci,Samuele,Ricci,24.0,Italy,181,76,https://media.api-sports.io/football/players/31056.png,Midfielder,31.0,11.0,1305.0,6.89,1.0,4.0,12.0,6.0,647.0,20.0,90.0,16.0,5.0,9.0,8.0,5.0,93.0,56.0,33.0,17.0,3.0,0.0
135,Serie A,2025,520,Cremonese,31211,J. Vandeputte,Jari,Vandeputte,29.0,Belgium,177,69,https://media.api-sports.io/football/players/31211.png,Midfielder,32.0,23.0,1952.0,6.83,1.0,5.0,14.0,8.0,911.0,54.0,77.0,38.0,2.0,18.0,22.0,7.0,171.0,75.0,25.0,34.0,3.0,0.0
135,Serie A,2025,520,Cremonese,31436,F. Bonazzoli,Federico,Bonazzoli,28.0,Italy,185,79,https://media.api-sports.io/football/players/31436.png,Attacker,35.0,31.0,2524.0,7.01,10.0,1.0,57.0,32.0,833.0,13.0,84.0,30.0,,11.0,34.0,11.0,248.0,130.0,80.0,26.0,4.0,0.0
135,Serie A,2025,520,Cremonese,31853,M. De Luca,Manuel,De Luca,27.0,Italy,192,79,https://media.api-sports.io/football/players/31853.png,Attacker,2.0,0.0,19.0,6.7,1.0,0.0,2.0,2.0,5.0,,,,,,,,7.0,2.0,1.0,1.0,0.0,0.0
135,Serie A,2025,520,Cremonese,126889,M. Collocolo,Michele,Collocolo,26.0,Italy,188,,https://media.api-sports.io/football/players/126889.png,Midfielder,8.0,5.0,363.0,6.44,0.0,0.0,1.0,1.0,118.0,2.0,81.0,3.0,2.0,1.0,1.0,1.0,21.0,9.0,2.0,2.0,1.0,0.0
135,Serie A,2025,520,Cremonese,127035,F. Baschirotto,Federico,Baschirotto,29.0,Italy,184,90,https://media.api-sports.io/football/players/127035.png,Defender,29.0,29.0,2541.0,6.82,2.0,0.0,9.0,5.0,1316.0,2.0,86.0,26.0,33.0,26.0,2.0,1.0,193.0,93.0,9.0,45.0,2.0,0.0
135,Serie A,2025,489,AC Milan,162106,Y. Musah,Yunus Dimoara,Musah,23.0,USA,178,71,https://media.api-sports.io/football/players/162106.png,Midfielder,1.0,1.0,90.0,7,0.0,0.0,,,40.0,2.0,85.0,1.0,1.0,,4.0,2.0,10.0,5.0,2.0,2.0,0.0,0.0
135,Serie A,2025,499,Atalanta,162106,Y. Musah,Yunus Dimoara,Musah,23.0,USA,178,71,https://media.api-sports.io/football/players/162106.png,Midfielder,19.0,4.0,568.0,6.75,1.0,0.0,6.0,2.0,327.0,2.0,88.0,9.0,1.0,5.0,17.0,12.0,80.0,42.0,16.0,7.0,1.0,0.0
135,Serie A,2025,489,AC Milan,162141,K. De Winter,Koni,De Winter,23.0,Belgium,188,74,https://media.api-sports.io/football/players/162141.png,Defender,26.0,19.0,1805.0,6.88,1.0,1.0,5.0,1.0,1263.0,5.0,91.0,29.0,12.0,13.0,6.0,3.0,138.0,82.0,8.0,27.0,1.0,0.0
135,Serie A,2025,489,AC Milan,264705,A. Jashari,Ardon,Jashari,23.0,Switzerland,181,81,https://media.api-sports.io/football/players/264705.png,Midfielder,14.0,7.0,706.0,6.72,0.0,1.0,6.0,2.0,435.0,9.0,91.0,14.0,1.0,5.0,14.0,6.0,69.0,30.0,8.0,11.0,0.0,0.0
135,Serie A,2025,489,AC Milan,374359,D. Bartesaghi,Davide,Bartesaghi,20.0,Italy,193,86,https://media.api-sports.io/football/players/374359.png,Defender,31.0,27.0,2442.0,6.91,2.0,0.0,15.0,7.0,1063.0,44.0,85.0,49.0,10.0,12.0,32.0,12.0,208.0,100.0,14.0,19.0,3.0,0.0
135,Serie A,2025,489,AC Milan,396380,Z. Athekame,Zachary,Athekame,21.0,Switzerland,181,74,https://media.api-sports.io/football/players/396380.png,Defender,27.0,7.0,850.0,6.74,2.0,2.0,9.0,4.0,358.0,12.0,80.0,15.0,,3.0,12.0,5.0,79.0,42.0,12.0,16.0,3.0,0.0
135,Serie A,2025,489,AC Milan,484293,M. Pittarella,Matteo,Pittarella,17.0,Italy,,,https://media.api-sports.io/football/players/484293.png,Goalkeeper,0.0,0.0,,,0.0,0.0,,,,,,,,,,,,,,,0.0,0.0
135,Serie A,2025,497,AS Roma,227,Angeliño,José Ángel,Esmoris Tasende,29.0,Spain,175,69,https://media.api-sports.io/football/players/227.png,Midfielder,7.0,5.0,418.0,6.86,0.0,0.0,4.0,2.0,209.0,5.0,78.0,9.0,,2.0,3.0,,35.0,15.0,2.0,5.0,2.0,0.0
135,Serie A,2025,497,AS Roma,556,M. Svilar,Mile,Svilar,26.0,Serbia,189,77,https://media.api-sports.io/football/players/556.png,Goalkeeper,38.0,38.0,3420.0,7.07,0.0,0.0,,,1167.0,,69.0,3.0,,1.0,,,24.0,20.0,8.0,,0.0,0.0
135,Serie A,2025,497,AS Roma,778,B. Cristante,Bryan,Cristante,30.0,Italy,186,80,https://media.api-sports.io/football/players/778.png,Midfielder,37.0,36.0,3103.0,7.04,2.0,1.0,29.0,8.0,2129.0,27.0,81.0,72.0,8.0,27.0,22.0,13.0,416.0,206.0,9.0,63.0,6.0,0.0
135,Serie A,2025,497,AS Roma,791,S. El Shaarawy,Stephan Kareem,El Shaarawy,33.0,Italy,178,72,https://media.api-sports.io/football/players/791.png,Attacker,20.0,5.0,656.0,6.74,1.0,2.0,14.0,7.0,331.0,12.0,84.0,10.0,2.0,7.0,27.0,12.0,87.0,35.0,7.0,10.0,4.0,0.0
135,Serie A,2025,497,AS Roma,875,P. Dybala,Paulo Exequiel,Dybala,32.0,Argentina,177,75,https://media.api-sports.io/football/players/875.png,Attacker,22.0,15.0,1355.0,6.9,2.0,6.0,29.0,18.0,683.0,55.0,83.0,10.0,1.0,4.0,54.0,19.0,170.0,78.0,40.0,11.0,0.0,0.0
135,Serie A,2025,497,AS Roma,1807,E. Ndicka,Obite Evan,Ndicka,26.0,Côte d'Ivoire,192,82,https://media.api-sports.io/football/players/1807.png,Defender,31.0,31.0,2683.0,6.97,3.0,0.0,21.0,6.0,1634.0,6.0,90.0,24.0,12.0,49.0,9.0,4.0,237.0,139.0,35.0,32.0,5.0,0.0
135,Serie A,2025,497,AS Roma,2669,Hermoso,Mario,Hermoso Canseco,30.0,Spain,184,75,https://media.api-sports.io/football/players/2669.png,Defender,27.0,25.0,2095.0,6.91,3.0,2.0,15.0,6.0,1421.0,10.0,86.0,36.0,6.0,29.0,13.0,4.0,199.0,107.0,19.0,40.0,9.0,0.0
135,Serie A,2025,497,AS Roma,22147,M. Koné,Kouadio Emmanuel,Koné,24.0,France,185,80,https://media.api-sports.io/football/players/22147.png,Midfielder,29.0,28.0,2459.0,7.04,2.0,3.0,12.0,5.0,1370.0,25.0,90.0,49.0,3.0,18.0,47.0,29.0,307.0,155.0,53.0,47.0,2.0,0.0
135,Serie A,2025,497,AS Roma,30425,G. Mancini,Gianluca,Mancini,29.0,Italy,190,77,https://media.api-sports.io/football/players/30425.png,Defender,36.0,36.0,3066.0,7,4.0,2.0,15.0,8.0,1649.0,22.0,86.0,52.0,14.0,49.0,6.0,4.0,336.0,188.0,42.0,71.0,9.0,0.0
135,Serie A,2025,520,Cremonese,30530,L. Sernicola,Leonardo,Sernicola,28.0,Italy,188,78,https://media.api-sports.io/football/players/30530.png,Defender,0.0,0.0,,,0.0,0.0,,,,,,,,,,,,,,,0.0,0.0
135,Serie A,2025,520,Cremonese,30915,M. Silvestri,Marco,Silvestri,34.0,Italy,191,80,https://media.api-sports.io/football/players/30915.png,Goalkeeper,4.0,4.0,360.0,6.85,0.0,0.0,,,140.0,,57.0,,,,,,2.0,2.0,,,0.0,0.0
135,Serie A,2025,520,Cremonese,31614,M. Castagnetti,Michele,Castagnetti,36.0,Italy,180,71,https://media.api-sports.io/football/players/31614.png,Midfielder,0.0,0.0,,,0.0,0.0,,,,,,,,,,,,,,,0.0,0.0
135,Serie A,2025,497,AS Roma,129643,E. Ferguson,Evan Joe,Ferguson,21.0,Republic of Ireland,183,78,https://media.api-sports.io/football/players/129643.png,Attacker,16.0,10.0,776.0,6.54,3.0,2.0,25.0,15.0,165.0,15.0,76.0,7.0,1.0,1.0,17.0,8.0,112.0,34.0,9.0,11.0,1.0,0.0
135,Serie A,2025,497,AS Roma,277003,N. El Aynaoui,Neil,El Aynaoui,24.0,Morocco,185,77,https://media.api-sports.io/football/players/277003.png,Midfielder,25.0,8.0,996.0,6.7,1.0,2.0,6.0,4.0,583.0,12.0,89.0,20.0,2.0,17.0,17.0,9.0,109.0,51.0,10.0,23.0,5.0,0.0
135,Serie A,2025,497,AS Roma,323936,M. Soulé,Matías,Soulé Malvano,22.0,Argentina,182,76,https://media.api-sports.io/football/players/323936.png,Attacker,33.0,28.0,2167.0,7.1,6.0,5.0,37.0,18.0,989.0,46.0,84.0,19.0,2.0,9.0,94.0,35.0,261.0,104.0,41.0,7.0,1.0,0.0
135,Serie A,2025,520,Cremonese,342651,R. Floriani Mussolini,Romano,Floriani Mussolini,22.0,Italy,188,72,https://media.api-sports.io/football/players/342651.png,Defender,28.0,12.0,1185.0,6.55,0.0,1.0,4.0,1.0,308.0,9.0,70.0,27.0,5.0,5.0,16.0,6.0,131.0,59.0,5.0,21.0,2.0,0.0
135,Serie A,2025,520,Cremonese,342995,L. Nava,Lapo Francesco Maria,Nava,21.0,Italy,197,91,https://media.api-sports.io/football/players/342995.png,Goalkeeper,0.0,0.0,,,0.0,0.0,,,,,,,,,,,,,,,0.0,0.0
135,Serie A,2025,497,AS Roma,349001,Wesley,Wesley Vinícius,França Lima,22.0,Brazil,173,73,https://media.api-sports.io/football/players/349001.png,Midfielder,30.0,28.0,2457.0,7.02,5.0,0.0,20.0,13.0,1028.0,33.0,80.0,53.0,5.0,23.0,60.0,14.0,317.0,149.0,57.0,36.0,6.0,1.0
135,Serie A,2025,520,Cremonese,361412,D. Lordkipanidze,Dachi,Lordkipanidze,20.0,Georgia,186,70,https://media.api-sports.io/football/players/361412.png,Midfielder,1.0,0.0,28.0,6.3,0.0,0.0,,,7.0,,71.0,,,1.0,,,4.0,1.0,,,0.0,0.0
135,Serie A,2025,520,Cremonese,385788,F. Folino,Francesco,Folino,23.0,Italy,192,,https://media.api-sports.io/football/players/385788.png,Defender,18.0,7.0,738.0,6.68,1.0,0.0,2.0,1.0,311.0,1.0,80.0,8.0,9.0,3.0,3.0,,61.0,33.0,9.0,11.0,1.0,0.0
135,Serie A,2025,500,Bologna,1863,C. Immobile,Ciro,Immobile,35.0,Italy,185,78,https://media.api-sports.io/football/players/1863.png,Attacker,6.0,2.0,191.0,6.22,0.0,0.0,1.0,,49.0,1.0,71.0,1.0,1.0,,2.0,,27.0,7.0,3.0,8.0,1.0,0.0
135,Serie A,2025,500,Bologna,1929,J. Lucumí,Jhon Janer,Lucumí Bonilla,27.0,Colombia,187,84,https://media.api-sports.io/football/players/1929.png,Defender,29.0,26.0,2300.0,7,1.0,0.0,7.0,2.0,1620.0,7.0,89.0,41.0,14.0,32.0,5.0,5.0,181.0,107.0,19.0,23.0,5.0,0.0
135,Serie A,2025,500,Bologna,2807,R. Freuler,Remo Marco,Freuler,33.0,Switzerland,180,77,https://media.api-sports.io/football/players/2807.png,Midfielder,29.0,26.0,2217.0,6.92,1.0,2.0,4.0,1.0,1348.0,22.0,87.0,55.0,5.0,23.0,7.0,2.0,170.0,96.0,24.0,19.0,5.0,0.0
135,Serie A,2025,500,Bologna,2998,Ł. Skorupski,Łukasz,Skorupski,34.0,Poland,187,90,https://media.api-sports.io/football/players/2998.png,Goalkeeper,19.0,19.0,1594.0,6.8,0.0,0.0,,,646.0,,73.0,,,,,,12.0,11.0,8.0,1.0,1.0,1.0
135,Serie A,2025,497,AS Roma,15811,A. Dovbyk,Artem,Dovbyk,28.0,Ukraine,189,92,https://media.api-sports.io/football/players/15811.png,Attacker,14.0,3.0,396.0,6.5,3.0,1.0,11.0,6.0,87.0,11.0,71.0,3.0,,1.0,3.0,2.0,56.0,26.0,6.0,11.0,0.0,0.0
135,Serie A,2025,500,Bologna,30438,N. Cambiaghi,Nicolò,Cambiaghi,25.0,Italy,173,66,https://media.api-sports.io/football/players/30438.png,Midfielder,28.0,17.0,1530.0,6.94,3.0,4.0,16.0,6.0,397.0,18.0,83.0,30.0,,8.0,33.0,15.0,220.0,121.0,71.0,32.0,3.0,1.0
135,Serie A,2025,500,Bologna,30488,R. Orsolini,Riccardo,Orsolini,28.0,Italy,183,73,https://media.api-sports.io/football/players/30488.png,Midfielder,35.0,26.0,2131.0,6.87,10.0,1.0,66.0,31.0,561.0,26.0,70.0,21.0,1.0,8.0,67.0,32.0,235.0,126.0,44.0,21.0,2.0,0.0
135,Serie A,2025,500,Bologna,30498,L. De Silvestri,Lorenzo,De Silvestri,37.0,Italy,186,84,https://media.api-sports.io/football/players/30498.png,Defender,12.0,6.0,503.0,6.7,0.0,0.0,,,183.0,5.0,85.0,2.0,3.0,7.0,2.0,1.0,27.0,13.0,3.0,9.0,2.0,0.0
135,Serie A,2025,500,Bologna,30542,J. Odgaard,Jens,Odgaard,26.0,Denmark,188,83,https://media.api-sports.io/football/players/30542.png,Midfielder,26.0,16.0,1403.0,6.64,5.0,1.0,26.0,13.0,326.0,14.0,73.0,21.0,,4.0,27.0,7.0,217.0,92.0,28.0,28.0,1.0,0.0
135,Serie A,2025,500,Bologna,30553,C. Lykogiannis,Charalampos,Lykogiannis,32.0,Greece,190,82,https://media.api-sports.io/football/players/30553.png,Defender,10.0,7.0,627.0,6.74,0.0,1.0,4.0,2.0,296.0,13.0,77.0,14.0,3.0,5.0,5.0,3.0,50.0,25.0,1.0,8.0,3.0,0.0
135,Serie A,2025,500,Bologna,31099,N. Casale,Nicolò,Casale,27.0,Italy,191,84,https://media.api-sports.io/football/players/31099.png,Defender,12.0,8.0,684.0,6.62,0.0,0.0,4.0,,357.0,4.0,86.0,7.0,5.0,7.0,,,79.0,43.0,5.0,15.0,0.0,0.0
135,Serie A,2025,497,AS Roma,81012,D. Vásquez,Devis Estiven,Vásquez Llach,27.0,Colombia,195,93,https://media.api-sports.io/football/players/81012.png,Goalkeeper,0.0,0.0,,,0.0,0.0,,,,,,,,,,,,,,,0.0,0.0
135,Serie A,2025,500,Bologna,128461,N. Zortea,Nadir,Zortea,26.0,Italy,175,70,https://media.api-sports.io/football/players/128461.png,Defender,32.0,16.0,1818.0,6.68,0.0,2.0,10.0,1.0,777.0,24.0,79.0,26.0,6.0,20.0,42.0,20.0,176.0,80.0,17.0,28.0,2.0,0.0
135,Serie A,2025,497,AS Roma,162452,D. Rensch,Devyne Fabian Jairo,Rensch,22.0,Netherlands,181,75,https://media.api-sports.io/football/players/162452.png,Defender,24.0,12.0,1196.0,6.89,1.0,4.0,4.0,2.0,543.0,10.0,81.0,31.0,5.0,17.0,7.0,4.0,103.0,64.0,18.0,6.0,1.0,0.0
135,Serie A,2025,500,Bologna,287564,M. Vitík,Martin,Vitík,22.0,Czechia,193,84,https://media.api-sports.io/football/players/287564.png,Defender,19.0,14.0,1324.0,6.83,0.0,0.0,5.0,2.0,731.0,3.0,87.0,36.0,7.0,10.0,3.0,2.0,152.0,85.0,4.0,23.0,3.0,0.0
135,Serie A,2025,497,AS Roma,288769,T. Baldanzi,Tommaso,Baldanzi,22.0,Italy,176,63,https://media.api-sports.io/football/players/288769.png,Midfielder,10.0,3.0,391.0,6.71,1.0,0.0,8.0,4.0,135.0,6.0,85.0,5.0,,3.0,5.0,,50.0,24.0,18.0,8.0,2.0,0.0
135,Serie A,2025,495,Genoa,288769,T. Baldanzi,Tommaso,Baldanzi,22.0,Italy,176,63,https://media.api-sports.io/football/players/288769.png,Midfielder,8.0,5.0,401.0,6.78,0.0,2.0,7.0,3.0,212.0,9.0,89.0,11.0,,2.0,11.0,5.0,46.0,22.0,6.0,2.0,0.0,0.0
135,Serie A,2025,500,Bologna,311067,S. Castro,Santiago Thomas,Castro,21.0,Argentina,180,80,https://media.api-sports.io/football/players/311067.png,Attacker,35.0,26.0,2365.0,6.72,7.0,2.0,49.0,20.0,388.0,28.0,76.0,10.0,2.0,1.0,35.0,16.0,292.0,129.0,50.0,35.0,3.0,0.0
135,Serie A,2025,497,AS Roma,342019,D. Ghilardi,Daniele,Ghilardi,22.0,Italy,189,77,https://media.api-sports.io/football/players/342019.png,Defender,23.0,9.0,1089.0,6.8,0.0,0.0,2.0,,603.0,5.0,85.0,30.0,6.0,20.0,5.0,3.0,135.0,75.0,17.0,23.0,1.0,0.0
135,Serie A,2025,497,AS Roma,356888,N. Pisilli,Niccolò,Pisilli,21.0,Italy,181,73,https://media.api-sports.io/football/players/356888.png,Midfielder,25.0,13.0,1295.0,6.69,2.0,4.0,13.0,5.0,812.0,13.0,86.0,27.0,1.0,24.0,27.0,8.0,151.0,52.0,4.0,20.0,3.0,0.0
135,Serie A,2025,497,AS Roma,452423,R. Żelezny,Radosław Dominik,Żelezny,19.0,Poland,191,,https://media.api-sports.io/football/players/452423.png,Goalkeeper,0.0,0.0,,,0.0,0.0,,,,,,,,,,,,,,,0.0,0.0
135,Serie A,2025,500,Bologna,711,S. Posch,Stefan,Posch,28.0,Austria,190,82,https://media.api-sports.io/football/players/711.png,Defender,0.0,0.0,,,0.0,0.0,,,,,,,,,,,,,,,0.0,0.0
135,Serie A,2025,895,Como,711,S. Posch,Stefan,Posch,28.0,Austria,190,82,https://media.api-sports.io/football/players/711.png,Defender,14.0,3.0,406.0,6.73,1.0,0.0,7.0,3.0,242.0,2.0,80.0,12.0,1.0,4.0,1.0,1.0,53.0,27.0,6.0,9.0,1.0,0.0
135,Serie A,2025,500,Bologna,873,F. Bernardeschi,Federico,Bernardeschi,31.0,Italy,185,77,https://media.api-sports.io/football/players/873.png,Attacker,29.0,12.0,1222.0,6.91,4.0,2.0,30.0,13.0,540.0,30.0,87.0,7.0,2.0,7.0,49.0,24.0,109.0,48.0,11.0,13.0,3.0,0.0
135,Serie A,2025,500,Bologna,1322,N. Moro,Nikola,Moro,27.0,Croatia,183,77,https://media.api-sports.io/football/players/1322.png,Midfielder,30.0,19.0,1797.0,7.14,1.0,0.0,17.0,2.0,1338.0,26.0,84.0,32.0,7.0,17.0,19.0,13.0,143.0,80.0,17.0,18.0,1.0,0.0
135,Serie A,2025,488,Sassuolo,30519,S. Turati,Stefano,Turati,24.0,Italy,188,84,https://media.api-sports.io/football/players/30519.png,Goalkeeper,6.0,6.0,533.0,6.95,0.0,0.0,,,157.0,2.0,49.0,,,1.0,,,4.0,4.0,1.0,,0.0,0.0
135,Serie A,2025,488,Sassuolo,30537,D. Berardi,Domenico,Berardi,31.0,Italy,183,72,https://media.api-sports.io/football/players/30537.png,Attacker,26.0,24.0,1970.0,7.02,8.0,4.0,35.0,21.0,647.0,33.0,76.0,26.0,,24.0,25.0,10.0,184.0,82.0,34.0,31.0,2.0,1.0
135,Serie A,2025,488,Sassuolo,30556,F. Romagna,Filippo,Romagna,28.0,Italy,186,75,https://media.api-sports.io/football/players/30556.png,Defender,5.0,4.0,315.0,6.76,0.0,0.0,2.0,,183.0,,90.0,1.0,5.0,5.0,,,11.0,5.0,1.0,,0.0,0.0
135,Serie A,2025,500,Bologna,31098,F. Ravaglia,Federico,Ravaglia,26.0,Italy,196,88,https://media.api-sports.io/football/players/31098.png,Goalkeeper,17.0,16.0,1469.0,7.13,0.0,0.0,,,759.0,,74.0,3.0,,1.0,1.0,1.0,17.0,11.0,3.0,2.0,4.0,0.0
135,Serie A,2025,500,Bologna,39254,T. Heggem,Torbjørn,Lysaker Heggem,26.0,Norway,192,73,https://media.api-sports.io/football/players/39254.png,Defender,27.0,23.0,2113.0,6.69,0.0,0.0,8.0,2.0,1196.0,3.0,91.0,32.0,8.0,24.0,10.0,8.0,180.0,89.0,12.0,31.0,0.0,1.0
135,Serie A,2025,500,Bologna,44814,L. Ferguson,Lewis,Ferguson,26.0,Scotland,181,75,https://media.api-sports.io/football/players/44814.png,Midfielder,27.0,17.0,1608.0,6.74,1.0,0.0,7.0,2.0,1041.0,16.0,87.0,26.0,8.0,11.0,7.0,3.0,159.0,84.0,26.0,33.0,6.0,0.0
135,Serie A,2025,500,Bologna,48079,J. Karlsson,Karl Jesper,Karlsson,27.0,Sweden,171,70,https://media.api-sports.io/football/players/48079.png,Attacker,0.0,0.0,,,0.0,0.0,,,,,,,,,,,,,,,0.0,0.0
135,Serie A,2025,500,Bologna,93016,T. Dallinga,Thijs,Dallinga,25.0,Netherlands,180,75,https://media.api-sports.io/football/players/93016.png,Attacker,23.0,9.0,829.0,6.5,2.0,2.0,16.0,5.0,226.0,10.0,71.0,7.0,2.0,1.0,6.0,2.0,102.0,36.0,9.0,20.0,2.0,0.0
135,Serie A,2025,488,Sassuolo,135526,J. Doig,Josh Thomas,Doig,23.0,Scotland,189,71,https://media.api-sports.io/football/players/135526.png,Defender,30.0,22.0,1926.0,6.61,0.0,0.0,10.0,4.0,732.0,15.0,81.0,33.0,14.0,23.0,30.0,9.0,177.0,89.0,19.0,16.0,5.0,0.0
135,Serie A,2025,488,Sassuolo,271350,T. Muharemović,Tarik,Muharemović,22.0,Bosnia and Herzegovina,182,76,https://media.api-sports.io/football/players/271350.png,Defender,32.0,32.0,2835.0,6.86,2.0,2.0,12.0,6.0,1649.0,5.0,85.0,44.0,31.0,45.0,11.0,7.0,208.0,134.0,20.0,24.0,7.0,0.0
135,Serie A,2025,488,Sassuolo,291780,D. Boloca,Daniel,Boloca,27.0,Romania,188,80,https://media.api-sports.io/football/players/291780.png,Midfielder,2.0,2.0,135.0,6.45,0.0,0.0,2.0,,56.0,1.0,94.0,2.0,,2.0,2.0,1.0,9.0,4.0,1.0,,0.0,0.0
135,Serie A,2025,500,Bologna,322630,G. Fabbian,Giovanni,Fabbian,22.0,Italy,186,75,https://media.api-sports.io/football/players/322630.png,Midfielder,14.0,8.0,708.0,6.59,2.0,0.0,12.0,4.0,167.0,4.0,80.0,7.0,,5.0,7.0,2.0,85.0,42.0,18.0,13.0,0.0,0.0
135,Serie A,2025,502,Fiorentina,322630,G. Fabbian,Giovanni,Fabbian,22.0,Italy,186,75,https://media.api-sports.io/football/players/322630.png,Midfielder,15.0,4.0,466.0,6.55,0.0,0.0,7.0,2.0,129.0,5.0,78.0,5.0,1.0,1.0,8.0,4.0,73.0,34.0,9.0,6.0,2.0,0.0
135,Serie A,2025,488,Sassuolo,328046,I. Koné,Ismaël Kenneth Jordan,Koné,23.0,Canada,188,76,https://media.api-sports.io/football/players/328046.png,Midfielder,35.0,33.0,2756.0,7.03,6.0,0.0,20.0,10.0,1144.0,23.0,91.0,31.0,4.0,15.0,44.0,26.0,210.0,116.0,54.0,25.0,4.0,0.0
135,Serie A,2025,500,Bologna,341974,T. Corazza,Tommaso,Corazza,21.0,Italy,174,64,https://media.api-sports.io/football/players/341974.png,Defender,0.0,0.0,,,0.0,0.0,,,,,,,,,,,,,,,0.0,0.0
135,Serie A,2025,488,Sassuolo,343562,L. Lipani,Luca,Lipani,20.0,Italy,185,65,https://media.api-sports.io/football/players/343562.png,Midfielder,24.0,10.0,1028.0,6.6,0.0,1.0,8.0,3.0,482.0,11.0,84.0,29.0,2.0,15.0,10.0,5.0,127.0,55.0,8.0,28.0,3.0,0.0
135,Serie A,2025,500,Bologna,347265,B. Domínguez,Benjamín,Domínguez,22.0,Argentina,172,68,https://media.api-sports.io/football/players/347265.png,Attacker,15.0,6.0,542.0,6.51,0.0,3.0,7.0,2.0,121.0,7.0,80.0,9.0,,2.0,21.0,9.0,94.0,38.0,18.0,6.0,1.0,0.0
135,Serie A,2025,500,Bologna,446089,M. Pessina,Massimo,Pessina,18.0,Italy,200,85,https://media.api-sports.io/football/players/446089.png,Goalkeeper,4.0,3.0,352.0,6.8,0.0,0.0,,,136.0,,66.0,,,,,,2.0,2.0,1.0,,0.0,0.0
135,Serie A,2025,492,Napoli,312,A. Meret,Alex,Meret,28.0,Italy,190,82,https://media.api-sports.io/football/players/312.png,Goalkeeper,11.0,11.0,980.0,6.8,0.0,1.0,,,350.0,1.0,84.0,,,,,,4.0,2.0,1.0,1.0,1.0,0.0
135,Serie A,2025,488,Sassuolo,616,A. Murić,Arijanet,Murić,27.0,Kosovo,198,81,https://media.api-sports.io/football/players/616.png,Goalkeeper,32.0,32.0,2880.0,7.17,0.0,0.0,,,927.0,1.0,60.0,,,,,,21.0,19.0,3.0,1.0,4.0,0.0
135,Serie A,2025,492,Napoli,774,Juan Jesus,Juan Guilherme,Nunes Jesus,34.0,Brazil,185,83,https://media.api-sports.io/football/players/774.png,Defender,24.0,19.0,1682.0,6.78,0.0,0.0,,,1382.0,4.0,91.0,40.0,12.0,27.0,1.0,,157.0,77.0,2.0,39.0,9.0,0.0
135,Serie A,2025,492,Napoli,1314,Amir Rrahmani,Amir,Rrahmani,31.0,Kosovo,192,87,https://media.api-sports.io/football/players/1314.png,Defender,21.0,21.0,1800.0,7.26,2.0,1.0,11.0,4.0,1672.0,7.0,92.0,22.0,10.0,24.0,4.0,2.0,165.0,108.0,16.0,20.0,2.0,0.0
135,Serie A,2025,488,Sassuolo,2215,A. Laurienté,Armand,Laurienté,27.0,France,171,59,https://media.api-sports.io/football/players/2215.png,Attacker,38.0,33.0,2614.0,6.99,7.0,9.0,53.0,26.0,814.0,54.0,84.0,28.0,1.0,7.0,80.0,29.0,285.0,111.0,47.0,42.0,4.0,0.0
135,Serie A,2025,488,Sassuolo,30518,G. Satalino,Giacomo,Satalino,26.0,Italy,188,75,https://media.api-sports.io/football/players/30518.png,Goalkeeper,0.0,0.0,,,0.0,0.0,,,,,,,,,,,,,,,0.0,0.0
135,Serie A,2025,488,Sassuolo,30849,N. Pierini,Nicholas,Pierini,27.0,Italy,176,70,https://media.api-sports.io/football/players/30849.png,Attacker,11.0,0.0,144.0,6.49,0.0,0.0,3.0,2.0,53.0,4.0,83.0,4.0,,2.0,7.0,2.0,28.0,11.0,3.0,1.0,1.0,0.0
135,Serie A,2025,492,Napoli,31042,G. Di Lorenzo,Giovanni,Di Lorenzo,32.0,Italy,183,83,https://media.api-sports.io/football/players/31042.png,Defender,26.0,26.0,2278.0,6.88,2.0,1.0,22.0,9.0,1467.0,16.0,85.0,45.0,9.0,9.0,21.0,8.0,198.0,111.0,23.0,33.0,1.0,0.0
135,Serie A,2025,488,Sassuolo,31094,A. Pinamonti,Andrea,Pinamonti,26.0,Italy,188,72,https://media.api-sports.io/football/players/31094.png,Attacker,36.0,32.0,2576.0,6.55,9.0,3.0,57.0,30.0,468.0,17.0,72.0,11.0,2.0,1.0,19.0,5.0,260.0,103.0,33.0,14.0,2.0,1.0
135,Serie A,2025,488,Sassuolo,31440,L. Moro,Luca,Moro,24.0,Italy,189,,https://media.api-sports.io/football/players/31440.png,Attacker,14.0,1.0,231.0,6.43,0.0,0.0,6.0,1.0,44.0,1.0,77.0,5.0,,2.0,1.0,1.0,52.0,27.0,9.0,7.0,1.0,0.0
135,Serie A,2025,488,Sassuolo,37651,J. Idzes,Jay,Idzes,25.0,Netherlands,184,82,https://media.api-sports.io/football/players/37651.png,Defender,35.0,35.0,3063.0,6.71,0.0,0.0,3.0,,1417.0,3.0,90.0,28.0,23.0,42.0,7.0,6.0,198.0,100.0,14.0,33.0,2.0,0.0
135,Serie A,2025,488,Sassuolo,41371,Fali Candé,Fali,Candé,27.0,Guinea-Bissau,184,82,https://media.api-sports.io/football/players/41371.png,Defender,12.0,5.0,512.0,6.54,0.0,0.0,3.0,,191.0,1.0,76.0,9.0,3.0,2.0,,,56.0,26.0,6.0,9.0,2.0,0.0
135,Serie A,2025,492,Napoli,47254,M. Olivera,Mathías,Olivera Miramontes,28.0,Uruguay,185,78,https://media.api-sports.io/football/players/47254.png,Defender,25.0,15.0,1368.0,6.79,0.0,0.0,8.0,3.0,1104.0,10.0,91.0,42.0,5.0,15.0,5.0,2.0,141.0,88.0,10.0,17.0,3.0,0.0
135,Serie A,2025,488,Sassuolo,68407,A. Ghion,Andrea,Ghion,25.0,Italy,174,,https://media.api-sports.io/football/players/68407.png,Midfielder,1.0,0.0,9.0,6.6,0.0,0.0,,,1.0,,100.0,1.0,,,,,1.0,1.0,,,0.0,0.0
135,Serie A,2025,488,Sassuolo,91490,S. Mulattieri,Samuele,Mulattieri,25.0,Italy,183,77,https://media.api-sports.io/football/players/91490.png,Attacker,0.0,0.0,,,0.0,0.0,,,,,,,,,,,,,,,0.0,0.0
135,Serie A,2025,488,Sassuolo,278190,A. Álvarez,Agustín,Álvarez Martínez,24.0,Uruguay,177,75,https://media.api-sports.io/football/players/278190.png,Attacker,0.0,0.0,,,0.0,0.0,,,,,,,,,,,,,,,0.0,0.0
135,Serie A,2025,488,Sassuolo,292519,G. Zacchi,Gioele,Zacchi,22.0,Italy,178,,https://media.api-sports.io/football/players/292519.png,Goalkeeper,1.0,0.0,14.0,6.7,0.0,0.0,,,1.0,,100.0,,,,,,,,,,0.0,0.0
135,Serie A,2025,488,Sassuolo,342035,C. Volpato,Cristian,Volpato,22.0,Italy,187,,https://media.api-sports.io/football/players/342035.png,Midfielder,24.0,11.0,1090.0,6.75,2.0,4.0,14.0,7.0,406.0,23.0,79.0,16.0,1.0,6.0,53.0,23.0,143.0,55.0,11.0,19.0,4.0,0.0
135,Serie A,2025,488,Sassuolo,342055,E. Pieragnolo,Edoardo,Pieragnolo,22.0,Italy,184,,https://media.api-sports.io/football/players/342055.png,Defender,0.0,0.0,,,0.0,0.0,,,,,,,,,,,,,,,0.0,0.0
135,Serie A,2025,488,Sassuolo,342653,F. Missori,Filippo,Missori,21.0,Italy,182,,https://media.api-sports.io/football/players/342653.png,Defender,0.0,0.0,,,0.0,0.0,,,,,,,,,,,,,,,0.0,0.0
135,Serie A,2025,492,Napoli,219,M. Politano,Matteo,Politano,32.0,Italy,171,67,https://media.api-sports.io/football/players/219.png,Midfielder,34.0,26.0,2213.0,6.9,2.0,5.0,35.0,13.0,940.0,37.0,82.0,15.0,2.0,5.0,69.0,33.0,182.0,84.0,28.0,19.0,4.0,0.0
135,Serie A,2025,492,Napoli,544,N. Lang,Noa Noëll,Lang,26.0,Netherlands,173,70,https://media.api-sports.io/football/players/544.png,Attacker,18.0,7.0,668.0,6.96,1.0,2.0,6.0,4.0,269.0,15.0,78.0,12.0,,2.0,20.0,8.0,70.0,37.0,11.0,5.0,2.0,0.0
135,Serie A,2025,492,Napoli,552,David Neres,David,Neres Campos,28.0,Brazil,176,66,https://media.api-sports.io/football/players/552.png,Attacker,16.0,10.0,925.0,7.03,3.0,3.0,10.0,4.0,331.0,21.0,81.0,10.0,3.0,1.0,50.0,19.0,114.0,40.0,7.0,19.0,3.0,0.0
135,Serie A,2025,492,Napoli,629,K. De Bruyne,Kevin,De Bruyne,34.0,Belgium,181,68,https://media.api-sports.io/football/players/629.png,Midfielder,18.0,13.0,1169.0,7.04,5.0,2.0,20.0,11.0,740.0,37.0,83.0,12.0,,5.0,14.0,9.0,73.0,30.0,6.0,8.0,1.0,0.0
135,Serie A,2025,492,Napoli,862,L. Spinazzola,Leonardo,Spinazzola,32.0,Italy,186,75,https://media.api-sports.io/football/players/862.png,Defender,32.0,22.0,1908.0,6.99,3.0,3.0,15.0,7.0,986.0,33.0,80.0,24.0,2.0,4.0,51.0,16.0,121.0,51.0,9.0,9.0,2.0,0.0
135,Serie A,2025,492,Napoli,903,S. McTominay,Scott Francis,McTominay,29.0,Scotland,193,88,https://media.api-sports.io/football/players/903.png,Midfielder,33.0,31.0,2793.0,7.06,10.0,3.0,73.0,34.0,1329.0,22.0,88.0,28.0,13.0,21.0,57.0,26.0,318.0,169.0,73.0,24.0,1.0,0.0
135,Serie A,2025,492,Napoli,3406,A. Zambo Anguissa,André-Frank,Zambo Anguissa,30.0,Cameroon,184,78,https://media.api-sports.io/football/players/3406.png,Midfielder,18.0,14.0,1256.0,6.87,4.0,1.0,20.0,9.0,714.0,13.0,86.0,18.0,3.0,12.0,17.0,9.0,158.0,77.0,18.0,18.0,1.0,0.0
135,Serie A,2025,492,Napoli,31226,A. Buongiorno,Alessandro,Buongiorno,26.0,Italy,190,86,https://media.api-sports.io/football/players/31226.png,Defender,33.0,28.0,2521.0,6.82,0.0,1.0,6.0,3.0,1848.0,3.0,91.0,33.0,12.0,40.0,5.0,1.0,237.0,134.0,26.0,50.0,3.0,0.0
135,Serie A,2025,492,Napoli,31390,P. Mazzocchi,Pasquale,Mazzocchi,30.0,Italy,183,78,https://media.api-sports.io/football/players/31390.png,Defender,16.0,2.0,316.0,6.6,0.0,1.0,2.0,1.0,169.0,4.0,84.0,2.0,,3.0,9.0,4.0,26.0,12.0,,1.0,0.0,1.0
135,Serie A,2025,492,Napoli,32172,N. Contini,Nikita,Contini Baranovsky,29.0,Italy,190,82,https://media.api-sports.io/football/players/32172.png,Goalkeeper,1.0,0.0,10.0,6.7,0.0,0.0,,,3.0,,66.0,,,,,,,,,,0.0,0.0
135,Serie A,2025,492,Napoli,37604,S. Beukema,Sam,Beukema,27.0,Netherlands,188,77,https://media.api-sports.io/football/players/37604.png,Defender,24.0,18.0,1686.0,6.79,2.0,0.0,8.0,4.0,1372.0,6.0,91.0,19.0,11.0,14.0,3.0,2.0,117.0,57.0,5.0,19.0,2.0,0.0
135,Serie A,2025,492,Napoli,47439,S. Lobotka,Stanislav,Lobotka,31.0,Slovakia,168,68,https://media.api-sports.io/football/players/47439.png,Midfielder,32.0,29.0,2441.0,6.93,1.0,1.0,6.0,4.0,1824.0,22.0,92.0,28.0,3.0,16.0,8.0,4.0,140.0,88.0,45.0,13.0,3.0,0.0
135,Serie A,2025,492,Napoli,128478,W. Cheddira,Walid,Cheddira,27.0,Morocco,187,80,https://media.api-sports.io/football/players/128478.png,Attacker,0.0,0.0,,,0.0,0.0,,,,,,,,,,,,,,,0.0,0.0
135,Serie A,2025,488,Sassuolo,128478,W. Cheddira,Walid,Cheddira,27.0,Morocco,187,80,https://media.api-sports.io/football/players/128478.png,Attacker,16.0,1.0,244.0,6.51,1.0,0.0,4.0,2.0,60.0,3.0,66.0,1.0,1.0,,8.0,5.0,50.0,21.0,9.0,7.0,1.0,0.0
135,Serie A,2025,867,Lecce,128478,W. Cheddira,Walid,Cheddira,27.0,Morocco,187,80,https://media.api-sports.io/football/players/128478.png,Attacker,17.0,11.0,1003.0,6.69,3.0,1.0,18.0,10.0,147.0,8.0,68.0,4.0,2.0,2.0,17.0,7.0,133.0,53.0,25.0,20.0,2.0,0.0
135,Serie A,2025,492,Napoli,130423,B. Gilmour,Billy Clifford,Gilmour,24.0,Scotland,170,60,https://media.api-sports.io/football/players/130423.png,Midfielder,17.0,8.0,802.0,7.05,1.0,0.0,6.0,3.0,792.0,7.0,90.0,14.0,1.0,11.0,11.0,9.0,62.0,35.0,7.0,9.0,1.0,0.0
135,Serie A,2025,492,Napoli,162907,A. Zanoli,Alessandro,Zanoli,25.0,Italy,188,74,https://media.api-sports.io/football/players/162907.png,Defender,0.0,0.0,,,0.0,0.0,,,,,,,,,,,,,,,0.0,0.0
135,Serie A,2025,494,Udinese,162907,A. Zanoli,Alessandro,Zanoli,25.0,Italy,188,74,https://media.api-sports.io/football/players/162907.png,Defender,19.0,16.0,1290.0,6.82,1.0,2.0,3.0,1.0,348.0,15.0,80.0,25.0,5.0,7.0,33.0,14.0,115.0,61.0,5.0,16.0,1.0,0.0
135,Serie A,2025,492,Napoli,199089,L. Lucca,Lorenzo,Lucca,25.0,Italy,201,80,https://media.api-sports.io/football/players/199089.png,Attacker,16.0,4.0,420.0,6.58,1.0,0.0,9.0,5.0,66.0,2.0,78.0,,,,9.0,6.0,67.0,28.0,13.0,17.0,1.0,0.0
135,Serie A,2025,492,Napoli,335102,L. Hasa,Luis,Hasa,21.0,Italy,172,60,https://media.api-sports.io/football/players/335102.png,Midfielder,0.0,0.0,,,0.0,0.0,,,,,,,,,,,,,,,0.0,0.0
135,Serie A,2025,492,Napoli,341912,G. Ambrosino,Giuseppe,Ambrosino Di Bruttopilo,22.0,Italy,187,76,https://media.api-sports.io/football/players/341912.png,Attacker,3.0,0.0,41.0,6.63,0.0,0.0,,,5.0,,40.0,,1.0,,2.0,2.0,7.0,4.0,1.0,1.0,0.0,0.0
135,Serie A,2025,492,Napoli,347395,A. Vergara,Antonio,Vergara,22.0,Italy,182,70,https://media.api-sports.io/football/players/347395.png,Midfielder,12.0,8.0,618.0,6.9,1.0,2.0,7.0,3.0,176.0,11.0,76.0,12.0,,4.0,26.0,8.0,113.0,45.0,20.0,17.0,2.0,0.0
135,Serie A,2025,492,Napoli,388547,Luca Marianucci,Luca,Marianucci,21.0,Italy,186,75,https://media.api-sports.io/football/players/388547.png,Defender,2.0,1.0,118.0,6.95,0.0,1.0,,,126.0,3.0,93.0,3.0,,1.0,,,8.0,3.0,,2.0,0.0,0.0
135,Serie A,2025,503,Torino,388547,Luca Marianucci,Luca,Marianucci,21.0,Italy,186,75,https://media.api-sports.io/football/players/388547.png,Defender,10.0,6.0,573.0,6.66,0.0,0.0,1.0,,286.0,5.0,79.0,13.0,3.0,9.0,5.0,2.0,67.0,32.0,3.0,9.0,2.0,0.0
135,Serie A,2025,494,Udinese,189,D. Padelli,Daniele,Padelli,40.0,Italy,191,82,https://media.api-sports.io/football/players/189.png,Goalkeeper,2.0,2.0,180.0,6.95,0.0,0.0,,,63.0,,66.0,,,,,,,,,,0.0,0.0
135,Serie A,2025,494,Udinese,656,O. Solet,Oumar Mickaël,Solet Bomawoko,25.0,France,192,88,https://media.api-sports.io/football/players/656.png,Defender,35.0,34.0,2961.0,7.21,3.0,1.0,25.0,6.0,2075.0,23.0,89.0,75.0,19.0,48.0,58.0,41.0,324.0,193.0,29.0,30.0,1.0,0.0
135,Serie A,2025,494,Udinese,1134,V. Bayo,Vakoun Issouf,Bayo,28.0,Côte d'Ivoire,184,72,https://media.api-sports.io/football/players/1134.png,Attacker,15.0,4.0,451.0,6.41,0.0,2.0,14.0,2.0,112.0,3.0,75.0,2.0,1.0,,7.0,1.0,90.0,34.0,6.0,15.0,0.0,0.0
135,Serie A,2025,494,Udinese,1939,J. Piotrowski,Jakub,Piotrowski,28.0,Poland,188,79,https://media.api-sports.io/football/players/1939.png,Midfielder,33.0,20.0,1697.0,6.67,1.0,1.0,22.0,9.0,553.0,12.0,82.0,45.0,8.0,17.0,29.0,13.0,199.0,109.0,29.0,29.0,2.0,0.0
135,Serie A,2025,494,Udinese,7591,S. Lovrić,Sandi,Lovrić,27.0,Slovenia,180,70,https://media.api-sports.io/football/players/7591.png,Midfielder,6.0,1.0,169.0,6.53,0.0,1.0,3.0,1.0,86.0,6.0,81.0,7.0,,4.0,3.0,2.0,28.0,11.0,1.0,4.0,1.0,0.0
135,Serie A,2025,504,Hellas Verona,7591,S. Lovrić,Sandi,Lovrić,27.0,Slovenia,180,70,https://media.api-sports.io/football/players/7591.png,Midfielder,8.0,3.0,366.0,6.86,0.0,0.0,3.0,1.0,150.0,6.0,91.0,15.0,,7.0,5.0,3.0,41.0,22.0,3.0,5.0,1.0,0.0
135,Serie A,2025,494,Udinese,18797,C. Kabasele,Christian,Kabasele,34.0,Belgium,187,84,https://media.api-sports.io/football/players/18797.png,Defender,30.0,28.0,2262.0,6.8,3.0,0.0,8.0,6.0,841.0,1.0,88.0,18.0,21.0,36.0,6.0,5.0,185.0,111.0,25.0,33.0,5.0,1.0
135,Serie A,2025,494,Udinese,19185,K. Davis,Keinan Vincent Joseph,Davis,27.0,England,191,68,https://media.api-sports.io/football/players/19185.png,Attacker,30.0,27.0,2079.0,7.01,10.0,4.0,38.0,25.0,396.0,31.0,77.0,11.0,3.0,2.0,44.0,30.0,318.0,147.0,47.0,41.0,5.0,0.0
135,Serie A,2025,494,Udinese,19824,J. Zemura,Jordan Bhekithemba,Zemura,26.0,Zimbabwe,173,63,https://media.api-sports.io/football/players/19824.png,Midfielder,17.0,13.0,1128.0,6.64,0.0,1.0,4.0,1.0,333.0,12.0,73.0,31.0,4.0,7.0,30.0,9.0,141.0,58.0,11.0,26.0,3.0,0.0
135,Serie A,2025,494,Udinese,22007,H. Kamara,Hassane,Kamara,31.0,Côte d'Ivoire,168,67,https://media.api-sports.io/football/players/22007.png,Defender,26.0,22.0,1869.0,6.79,0.0,2.0,13.0,5.0,734.0,24.0,81.0,31.0,3.0,23.0,32.0,17.0,135.0,77.0,11.0,16.0,5.0,0.0
135,Serie A,2025,494,Udinese,36916,K. Ehizibue,Kingsley Osezele,Ehizibue,30.0,Netherlands,189,78,https://media.api-sports.io/football/players/36916.png,Midfielder,32.0,20.0,1829.0,6.67,2.0,0.0,6.0,2.0,477.0,8.0,79.0,39.0,3.0,12.0,26.0,7.0,172.0,80.0,23.0,34.0,5.0,0.0
135,Serie A,2025,494,Udinese,48047,J. Karlström,Jesper Kewe,Karlström,30.0,Sweden,185,81,https://media.api-sports.io/football/players/48047.png,Midfielder,36.0,36.0,3152.0,6.8,1.0,0.0,11.0,3.0,1356.0,16.0,81.0,54.0,16.0,36.0,21.0,10.0,228.0,121.0,30.0,41.0,6.0,0.0
135,Serie A,2025,494,Udinese,142442,Rui Modesto,Rui Manuel,Muati Modesto,26.0,Angola,181,72,https://media.api-sports.io/football/players/142442.png,Midfielder,3.0,0.0,116.0,6.87,0.0,1.0,1.0,1.0,44.0,2.0,72.0,6.0,,1.0,3.0,,16.0,7.0,,,0.0,0.0
135,Serie A,2025,494,Udinese,182560,Oier Zarraga,Oier,Zarraga Egaña,26.0,Spain,175,76,https://media.api-sports.io/football/players/182560.png,Midfielder,24.0,2.0,497.0,6.54,0.0,0.0,2.0,1.0,158.0,2.0,89.0,6.0,3.0,6.0,3.0,1.0,54.0,20.0,5.0,8.0,2.0,0.0
135,Serie A,2025,494,Udinese,197830,R. Sava,Răzvan Sergiu,Sava,23.0,Romania,195,84,https://media.api-sports.io/football/players/197830.png,Goalkeeper,7.0,6.0,619.0,6.6,0.0,0.0,,,172.0,,75.0,,,,,,1.0,,,,1.0,0.0
135,Serie A,2025,494,Udinese,281495,T. Kristensen,Thomas,Thiesson Kristensen,23.0,Denmark,198,85,https://media.api-sports.io/football/players/281495.png,Defender,28.0,28.0,2475.0,6.92,3.0,0.0,9.0,6.0,1249.0,3.0,85.0,26.0,22.0,25.0,12.0,6.0,215.0,122.0,9.0,25.0,4.0,0.0
135,Serie A,2025,494,Udinese,315249,N. Bertola,Nicolò,Bertola,22.0,Italy,185,79,https://media.api-sports.io/football/players/315249.png,Defender,28.0,18.0,1780.0,6.68,0.0,1.0,10.0,4.0,817.0,11.0,78.0,37.0,14.0,23.0,16.0,5.0,160.0,89.0,12.0,20.0,3.0,0.0
135,Serie A,2025,494,Udinese,318053,S. Goglichidze,Saba,Goglichidze,21.0,Georgia,193,82,https://media.api-sports.io/football/players/318053.png,Defender,8.0,4.0,422.0,6.58,0.0,0.0,3.0,1.0,184.0,2.0,81.0,11.0,1.0,8.0,,,33.0,20.0,4.0,5.0,2.0,0.0
135,Serie A,2025,494,Udinese,330599,Iker Bravo,Iker,Bravo Solanilla,20.0,Spain,182,75,https://media.api-sports.io/football/players/330599.png,Attacker,8.0,3.0,216.0,6.7,1.0,0.0,1.0,1.0,44.0,3.0,81.0,1.0,,,2.0,1.0,21.0,4.0,1.0,3.0,1.0,0.0
135,Serie A,2025,494,Udinese,347644,A. Atta,Arthur,Atta,22.0,France,189,77,https://media.api-sports.io/football/players/347644.png,Midfielder,32.0,29.0,2563.0,6.89,5.0,3.0,38.0,20.0,1039.0,34.0,83.0,27.0,1.0,19.0,120.0,63.0,322.0,141.0,32.0,23.0,3.0,0.0
135,Serie A,2025,494,Udinese,418940,A. Nunziante,Alessandro,Nunziante,18.0,Italy,194,,https://media.api-sports.io/football/players/418940.png,Goalkeeper,0.0,0.0,,,0.0,0.0,,,,,,,,,,,,,,,0.0,0.0
135,Serie A,2025,504,Hellas Verona,418,S. Serdar,Suat,Serdar,28.0,Germany,184,75,https://media.api-sports.io/football/players/418.png,Midfielder,20.0,12.0,1116.0,6.74,2.0,0.0,13.0,7.0,395.0,13.0,71.0,31.0,5.0,9.0,17.0,9.0,122.0,60.0,12.0,19.0,3.0,0.0
135,Serie A,2025,494,Udinese,541,J. Ekkelenkamp,Jurgen,Ekkelenkamp,25.0,Netherlands,188,83,https://media.api-sports.io/football/players/541.png,Midfielder,31.0,27.0,2203.0,6.87,5.0,3.0,27.0,15.0,643.0,28.0,79.0,47.0,6.0,15.0,25.0,16.0,181.0,97.0,19.0,22.0,1.0,0.0
135,Serie A,2025,504,Hellas Verona,1090,A. Bernede,Antoine Joseph Emmanuel,Bernede,26.0,France,178,73,https://media.api-sports.io/football/players/1090.png,Midfielder,32.0,29.0,2320.0,6.68,1.0,2.0,14.0,4.0,890.0,30.0,77.0,70.0,6.0,14.0,37.0,17.0,282.0,120.0,20.0,55.0,2.0,0.0
135,Serie A,2025,504,Hellas Verona,14327,D. Bradarić,Domagoj,Bradarić,26.0,Croatia,178,69,https://media.api-sports.io/football/players/14327.png,Midfielder,29.0,23.0,1976.0,6.64,0.0,1.0,9.0,6.0,531.0,28.0,75.0,30.0,3.0,9.0,18.0,7.0,108.0,54.0,10.0,8.0,2.0,0.0
135,Serie A,2025,504,Hellas Verona,15909,M. Frese,Martin,Sønder Frese,27.0,Denmark,179,75,https://media.api-sports.io/football/players/15909.png,Defender,31.0,27.0,2412.0,6.8,2.0,0.0,18.0,11.0,718.0,31.0,75.0,84.0,10.0,29.0,8.0,,244.0,144.0,20.0,46.0,8.0,0.0
135,Serie A,2025,504,Hellas Verona,15912,V. Nelsson,Victor Enok,Nelsson,27.0,Denmark,185,78,https://media.api-sports.io/football/players/15912.png,Defender,38.0,37.0,3315.0,6.71,0.0,0.0,7.0,1.0,1230.0,3.0,84.0,72.0,23.0,68.0,4.0,3.0,343.0,221.0,20.0,44.0,4.0,0.0
135,Serie A,2025,504,Hellas Verona,22239,C. Niasse,Cheikh Ahmet Tidiane,Niasse,25.0,Senegal,188,73,https://media.api-sports.io/football/players/22239.png,Midfielder,20.0,11.0,983.0,6.6,0.0,1.0,5.0,1.0,361.0,11.0,81.0,21.0,5.0,14.0,6.0,4.0,128.0,61.0,15.0,20.0,1.0,0.0
135,Serie A,2025,504,Hellas Verona,30611,L. Montipò,Lorenzo,Montipò,29.0,Italy,191,82,https://media.api-sports.io/football/players/30611.png,Goalkeeper,35.0,35.0,3150.0,6.73,0.0,1.0,,,928.0,3.0,46.0,1.0,,,1.0,1.0,14.0,14.0,8.0,,0.0,0.0
135,Serie A,2025,504,Hellas Verona,37437,A. Harroui,Abdoulrahmane,Harroui,27.0,Morocco,182,76,https://media.api-sports.io/football/players/37437.png,Midfielder,23.0,11.0,929.0,6.48,1.0,0.0,6.0,2.0,361.0,14.0,81.0,27.0,5.0,1.0,24.0,11.0,110.0,40.0,1.0,22.0,3.0,0.0
135,Serie A,2025,504,Hellas Verona,47277,Unai Núñez,Unai,Núñez Gestoso,28.0,Spain,186,80,https://media.api-sports.io/football/players/47277.png,Defender,17.0,15.0,1265.0,6.56,0.0,0.0,4.0,1.0,552.0,5.0,78.0,24.0,13.0,23.0,12.0,9.0,140.0,70.0,10.0,27.0,5.0,0.0
135,Serie A,2025,504,Hellas Verona,59421,D. Mosquera,Daniel Fernando,Mosquera Bonilla,26.0,Colombia,181,75,https://media.api-sports.io/football/players/59421.png,Attacker,22.0,5.0,610.0,6.4,0.0,2.0,11.0,5.0,114.0,5.0,73.0,5.0,3.0,2.0,16.0,7.0,124.0,34.0,6.0,22.0,1.0,0.0
135,Serie A,2025,504,Hellas Verona,153408,D. Oyegoke,Daniel Oladele,Akinbiyi Oyegoke,22.0,England,188,63,https://media.api-sports.io/football/players/153408.png,Defender,15.0,8.0,606.0,6.64,0.0,0.0,3.0,1.0,177.0,3.0,75.0,16.0,,7.0,12.0,7.0,70.0,35.0,5.0,13.0,2.0,0.0
135,Serie A,2025,504,Hellas Verona,236955,A. Sarr,Amin,Sarr,24.0,Sweden,188,83,https://media.api-sports.io/football/players/236955.png,Attacker,34.0,9.0,1087.0,6.54,0.0,1.0,13.0,6.0,287.0,15.0,75.0,15.0,,3.0,23.0,10.0,211.0,85.0,22.0,25.0,1.0,0.0
135,Serie A,2025,504,Hellas Verona,303362,R. Belghali,Rafik,Belghali,23.0,Algeria,186,73,https://media.api-sports.io/football/players/303362.png,Defender,26.0,22.0,1926.0,6.72,2.0,0.0,13.0,6.0,492.0,28.0,76.0,21.0,6.0,18.0,71.0,39.0,184.0,79.0,10.0,20.0,6.0,0.0
135,Serie A,2025,504,Hellas Verona,312615,Giovane,Giovane,Santana do Nascimento,22.0,Brazil,183,84,https://media.api-sports.io/football/players/312615.png,Attacker,21.0,19.0,1541.0,6.59,3.0,4.0,35.0,25.0,367.0,28.0,66.0,13.0,1.0,5.0,68.0,30.0,297.0,95.0,15.0,21.0,2.0,0.0
135,Serie A,2025,492,Napoli,312615,Giovane,Giovane,Santana do Nascimento,22.0,Brazil,183,84,https://media.api-sports.io/football/players/312615.png,Attacker,12.0,2.0,342.0,6.4,0.0,1.0,3.0,2.0,92.0,4.0,79.0,2.0,1.0,1.0,16.0,6.0,49.0,17.0,9.0,3.0,0.0,0.0
135,Serie A,2025,494,Udinese,343558,L. Miller,Lennon Lee,Miller,19.0,Scotland,182,72,https://media.api-sports.io/football/players/343558.png,Midfielder,24.0,9.0,1018.0,6.7,0.0,2.0,7.0,1.0,384.0,14.0,77.0,21.0,4.0,7.0,15.0,10.0,106.0,64.0,17.0,14.0,4.0,0.0
135,Serie A,2025,494,Udinese,383257,D. Pejičić,David,Pejičić,18.0,Slovenia,175,66,https://media.api-sports.io/football/players/383257.png,Midfielder,0.0,0.0,,,0.0,0.0,,,,,,,,,,,,,,,0.0,0.0
135,Serie A,2025,494,Udinese,490138,A. Camara,Abdoulaye,Camara,17.0,France,186,68,https://media.api-sports.io/football/players/490138.png,Midfielder,1.0,0.0,11.0,6.9,0.0,0.0,,,9.0,1.0,100.0,,,,,,1.0,,,,0.0,0.0
135,Serie A,2025,494,Udinese,493365,G. Vinciati,Giulio,Vinciati,18.0,Italy,,,https://media.api-sports.io/football/players/493365.png,Attacker,0.0,0.0,,,0.0,0.0,,,,,,,,,,,,,,,0.0,0.0
135,Serie A,2025,504,Hellas Verona,527889,Fallou Cham,,,19.0,,,,https://media.api-sports.io/football/players/527889.png,Midfielder,6.0,3.0,235.0,6.5,0.0,0.0,5.0,2.0,53.0,4.0,60.0,14.0,,4.0,2.0,1.0,36.0,22.0,5.0,7.0,0.0,0.0
135,Serie A,2025,500,Bologna,134,Juan Miranda,Juan,Miranda González,25.0,Spain,185,76,https://media.api-sports.io/football/players/134.png,Defender,32.0,29.0,2573.0,6.98,1.0,3.0,10.0,5.0,1456.0,66.0,83.0,49.0,5.0,35.0,16.0,8.0,206.0,126.0,35.0,25.0,6.0,0.0
135,Serie A,2025,504,Hellas Verona,867,G. Kastanos,Grigoris,Kastanos,27.0,Cyprus,176,71,https://media.api-sports.io/football/players/867.png,Midfielder,6.0,0.0,59.0,6.64,0.0,0.0,1.0,,26.0,1.0,69.0,5.0,,3.0,2.0,1.0,19.0,8.0,1.0,3.0,0.0,0.0
135,Serie A,2025,488,Sassuolo,902,N. Matić,Nemanja,Matić,37.0,Serbia,194,85,https://media.api-sports.io/football/players/902.png,Midfielder,34.0,31.0,2669.0,6.95,1.0,1.0,8.0,4.0,1721.0,20.0,86.0,43.0,10.0,28.0,24.0,12.0,226.0,123.0,39.0,24.0,7.0,1.0
135,Serie A,2025,520,Cremonese,2057,F. Vázquez,Franco Damián,Vázquez,36.0,Argentina,187,82,https://media.api-sports.io/football/players/2057.png,Attacker,15.0,4.0,529.0,6.79,1.0,2.0,10.0,4.0,198.0,10.0,78.0,19.0,1.0,4.0,12.0,5.0,104.0,48.0,16.0,9.0,1.0,0.0
135,Serie A,2025,520,Cremonese,30875,M. Valoti,Mattia,Valoti,32.0,Italy,187,62,https://media.api-sports.io/football/players/30875.png,Midfielder,0.0,0.0,,,0.0,0.0,,,,,,,,,,,,,,,0.0,0.0
135,Serie A,2025,504,Hellas Verona,31383,S. Perilli,Simone,Perilli,30.0,Italy,195,88,https://media.api-sports.io/football/players/31383.png,Goalkeeper,3.0,3.0,270.0,6.53,0.0,0.0,,,78.0,,47.0,,,,,,,,,,0.0,0.0
135,Serie A,2025,488,Sassuolo,59513,Y. Paz,Yeferson,Paz Blandón,23.0,Colombia,176,67,https://media.api-sports.io/football/players/59513.png,Defender,0.0,0.0,,,0.0,0.0,,,,,,,,,,,,,,,0.0,0.0
135,Serie A,2025,488,Sassuolo,127413,A. Vranckx,Aster Jan,Vranckx,23.0,Belgium,183,78,https://media.api-sports.io/football/players/127413.png,Midfielder,16.0,9.0,692.0,6.55,0.0,0.0,2.0,1.0,245.0,2.0,84.0,16.0,,,13.0,3.0,92.0,44.0,17.0,16.0,2.0,0.0
135,Serie A,2025,504,Hellas Verona,180128,S. Mitrović,Stefan,Mitrović,23.0,Serbia,181,,https://media.api-sports.io/football/players/180128.png,Attacker,0.0,0.0,,,0.0,0.0,,,,,,,,,,,,,,,0.0,0.0
135,Serie A,2025,895,Como,207804,N. Čavlina,Nikola,Čavlina,23.0,Croatia,,,https://media.api-sports.io/football/players/207804.png,Goalkeeper,0.0,0.0,,,0.0,0.0,,,,,,,,,,,,,,,0.0,0.0
135,Serie A,2025,500,Bologna,278095,J. Rowe,Jonathan David Henry,Rowe,22.0,England,178,74,https://media.api-sports.io/football/players/278095.png,Attacker,28.0,17.0,1611.0,6.8,3.0,2.0,34.0,17.0,388.0,21.0,80.0,21.0,,8.0,91.0,49.0,266.0,135.0,50.0,23.0,2.0,0.0
135,Serie A,2025,488,Sassuolo,281291,E. Iannoni,Edoardo,Iannoni,24.0,Italy,185,,https://media.api-sports.io/football/players/281291.png,Midfielder,15.0,1.0,269.0,6.54,1.0,0.0,3.0,1.0,111.0,,81.0,6.0,,3.0,5.0,,37.0,13.0,,11.0,3.0,0.0
135,Serie A,2025,504,Hellas Verona,343287,D. Livramento,Dailon,Rocha Livramento do Rosario,24.0,Netherlands,185,82,https://media.api-sports.io/football/players/343287.png,Attacker,0.0,0.0,,,0.0,0.0,,,,,,,,,,,,,,,0.0,0.0
135,Serie A,2025,504,Hellas Verona,343565,A. Kurti,Adi,Kurti,19.0,Albania,194,,https://media.api-sports.io/football/players/343565.png,Defender,0.0,0.0,,,0.0,0.0,,,,,,,,,,,,,,,0.0,0.0
135,Serie A,2025,504,Hellas Verona,350539,G. Toniolo,Giacomo,Toniolo,21.0,Italy,,,https://media.api-sports.io/football/players/350539.png,Goalkeeper,0.0,0.0,,,0.0,0.0,,,,,,,,,,,,,,,0.0,0.0
135,Serie A,2025,895,Como,354533,J. Addai,Jayden,Osei Addai,20.0,Netherlands,175,74,https://media.api-sports.io/football/players/354533.png,Attacker,12.0,7.0,688.0,6.88,3.0,0.0,11.0,6.0,167.0,7.0,74.0,6.0,1.0,3.0,30.0,14.0,86.0,36.0,14.0,13.0,4.0,0.0
135,Serie A,2025,504,Hellas Verona,368129,T. Slotsager,Tobias,Slotsager,19.0,Denmark,190,,https://media.api-sports.io/football/players/368129.png,Defender,8.0,4.0,443.0,6.79,0.0,0.0,2.0,1.0,227.0,,77.0,14.0,4.0,3.0,,,50.0,40.0,5.0,3.0,0.0,0.0
135,Serie A,2025,504,Hellas Verona,395761,M. Lambourde,Mathis,Lambourde,19.0,France,179,72,https://media.api-sports.io/football/players/395761.png,Attacker,0.0,0.0,,,0.0,0.0,,,,,,,,,,,,,,,0.0,0.0
135,Serie A,2025,504,Hellas Verona,405273,Charlys,Charlys Matheus,Lima Pontes,21.0,Brazil,186,70,https://media.api-sports.io/football/players/405273.png,Midfielder,0.0,0.0,,,0.0,0.0,,,,,,,,,,,,,,,0.0,0.0
135,Serie A,2025,504,Hellas Verona,408634,J. Ajayi,Junior,Ajayi,21.0,Côte d'Ivoire,183,75,https://media.api-sports.io/football/players/408634.png,Attacker,1.0,0.0,1.0,,0.0,0.0,,,1.0,,100.0,,,,,,2.0,1.0,,,0.0,0.0
135,Serie A,2025,505,Inter,1640,H. Çalhanoğlu,Hakan,Çalhanoğlu,31.0,Türkiye,178,76,https://media.api-sports.io/football/players/1640.png,Midfielder,22.0,20.0,1650.0,7.51,9.0,4.0,37.0,17.0,1393.0,41.0,90.0,34.0,6.0,16.0,15.0,5.0,125.0,63.0,11.0,28.0,7.0,0.0
135,Serie A,2025,490,Cagliari,2055,M. Rog,Marko,Rog,30.0,Croatia,180,73,https://media.api-sports.io/football/players/2055.png,Midfielder,0.0,0.0,,,0.0,0.0,,,,,,,,,,,,,,,0.0,0.0
135,Serie A,2025,495,Genoa,3430,C. Ekuban,Caleb,Ansah Ekuban,31.0,Ghana,188,80,https://media.api-sports.io/football/players/3430.png,Attacker,31.0,6.0,986.0,6.59,4.0,1.0,24.0,10.0,153.0,11.0,68.0,4.0,1.0,5.0,24.0,8.0,140.0,64.0,29.0,16.0,0.0,0.0
135,Serie A,2025,867,Lecce,6662,S. Pierotti,Santiago Daniel,Pierotti,24.0,Argentina,189,69,https://media.api-sports.io/football/players/6662.png,Attacker,37.0,31.0,2614.0,6.49,1.0,2.0,22.0,8.0,640.0,22.0,75.0,83.0,5.0,20.0,97.0,39.0,524.0,197.0,23.0,67.0,4.0,0.0
135,Serie A,2025,504,Hellas Verona,25061,A. Bella-Kotchap,Armel,Bella-Kotchap,24.0,Germany,190,87,https://media.api-sports.io/football/players/25061.png,Defender,19.0,14.0,1355.0,6.73,0.0,0.0,2.0,,566.0,1.0,84.0,20.0,16.0,32.0,4.0,1.0,113.0,77.0,17.0,22.0,3.0,0.0
135,Serie A,2025,494,Udinese,40594,A. Buksa,Adam,Buksa,29.0,Poland,191,78,https://media.api-sports.io/football/players/40594.png,Attacker,25.0,6.0,926.0,6.67,3.0,0.0,8.0,6.0,181.0,11.0,60.0,10.0,,2.0,10.0,2.0,170.0,80.0,16.0,24.0,3.0,0.0
135,Serie A,2025,504,Hellas Verona,42006,Al Musrati,Al Moatasembellah Ali Mohamed,Al Musrati,29.0,Libya,189,80,https://media.api-sports.io/football/players/42006.png,Midfielder,18.0,8.0,847.0,6.62,0.0,1.0,4.0,1.0,480.0,7.0,82.0,14.0,8.0,9.0,2.0,,82.0,31.0,3.0,15.0,5.0,0.0
135,Serie A,2025,523,Parma,161859,G. Oristanio,Gaetano Pio,Oristanio,23.0,Italy,175,62,https://media.api-sports.io/football/players/161859.png,Midfielder,20.0,8.0,857.0,6.6,1.0,0.0,14.0,4.0,156.0,10.0,82.0,9.0,,2.0,31.0,15.0,120.0,52.0,20.0,13.0,1.0,0.0
135,Serie A,2025,867,Lecce,181218,Álex Sala,Álex,Sala Herrero,24.0,Spain,185,77,https://media.api-sports.io/football/players/181218.png,Midfielder,9.0,2.0,182.0,6.52,0.0,1.0,3.0,2.0,75.0,3.0,86.0,4.0,,3.0,1.0,,30.0,10.0,5.0,6.0,0.0,0.0
135,Serie A,2025,523,Parma,203483,A. N&apos;Diaye,Abdoulaye,Niakhate N'Diaye,23.0,Senegal,185,75,https://media.api-sports.io/football/players/203483.png,Defender,11.0,9.0,780.0,6.6,0.0,0.0,6.0,,423.0,1.0,83.0,17.0,3.0,12.0,3.0,2.0,95.0,54.0,12.0,13.0,4.0,0.0
135,Serie A,2025,867,Lecce,264122,N. Štulić,Nikola,Štulić,24.0,Serbia,188,80,https://media.api-sports.io/football/players/264122.png,Attacker,34.0,20.0,1725.0,6.46,4.0,0.0,21.0,9.0,314.0,20.0,68.0,12.0,4.0,2.0,9.0,4.0,236.0,89.0,26.0,37.0,1.0,0.0
135,Serie A,2025,489,AC Milan,336928,M. Valletta,Manuel,Valletta,31.0,Luxembourg,,,https://media.api-sports.io/football/players/336928.png,Attacker,2.0,0.0,9.0,6.3,0.0,0.0,1.0,,1.0,,,,,,,,2.0,,,,0.0,0.0
135,Serie A,2025,492,Napoli,341914,C. Saco,Coli,Saco,23.0,Mali,198,92,https://media.api-sports.io/football/players/341914.png,Midfielder,0.0,0.0,,,0.0,0.0,,,,,,,,,,,,,,,0.0,0.0
135,Serie A,2025,505,Inter,345808,F. Esposito,Francesco Pio,Esposito,20.0,Italy,190,80,https://media.api-sports.io/football/players/345808.png,Attacker,35.0,15.0,1571.0,6.65,7.0,3.0,43.0,23.0,365.0,22.0,73.0,9.0,2.0,5.0,16.0,4.0,206.0,104.0,50.0,29.0,1.0,0.0
135,Serie A,2025,504,Hellas Verona,352940,Ioan Vermeșan,Ioan,Vermeșan,19.0,Romania,"
    ","
    ",https://media.api-sports.io/football/players/352940.png,Attacker,6.0,0.0,95.0,6.53,0.0,0.0,4.0,1.0,28.0,,75.0,,,,1.0,,7.0,5.0,1.0,,0.0,0.0
135,Serie A,2025,490,Cagliari,383018,M. Palestra,Marco,Palestra,20.0,Italy,186,80,https://media.api-sports.io/football/players/383018.png,Midfielder,37.0,34.0,3084.0,7.05,1.0,4.0,20.0,7.0,867.0,33.0,85.0,55.0,3.0,20.0,135.0,70.0,416.0,248.0,108.0,41.0,3.0,0.0
135,Serie A,2025,523,Parma,428237,M. Troilo,Mariano,Troilo,22.0,Argentina,191,86,https://media.api-sports.io/football/players/428237.png,Defender,21.0,18.0,1636.0,6.91,1.0,0.0,6.0,2.0,850.0,7.0,89.0,27.0,18.0,18.0,7.0,5.0,151.0,88.0,20.0,27.0,7.0,1.0
135,Serie A,2025,490,Cagliari,485289,V. Sarno,Vincenzo,Sarno,17.0,Italy,189,,https://media.api-sports.io/football/players/485289.png,Goalkeeper,0.0,0.0,,,0.0,0.0,,,,,,,,,,,,,,,0.0,0.0
135,Serie A,2025,523,Parma,499380,S. Britschgi,Sascha,Britschgi,19.0,Switzerland,182,78,https://media.api-sports.io/football/players/499380.png,Defender,29.0,22.0,2112.0,6.52,0.0,2.0,9.0,3.0,615.0,18.0,76.0,33.0,5.0,8.0,18.0,9.0,171.0,76.0,23.0,18.0,6.0,0.0
135,Serie A,2025,494,Udinese,551412,G. Venuti,,,16.0,,,,https://media.api-sports.io/football/players/551412.png,Goalkeeper,0.0,0.0,,,0.0,0.0,,,,,,,,,,,,,,,0.0,0.0
135,Serie A,2025,497,AS Roma,782,L. Pellegrini,Lorenzo,Pellegrini,29.0,Italy,186,77,https://media.api-sports.io/football/players/782.png,Midfielder,24.0,20.0,1475.0,6.83,4.0,2.0,24.0,12.0,682.0,28.0,77.0,12.0,4.0,14.0,24.0,5.0,175.0,77.0,39.0,20.0,2.0,0.0
135,Serie A,2025,502,Fiorentina,881,H. Nicolussi,Hans,Nicolussi Caviglia,25.0,Italy,180,76,https://media.api-sports.io/football/players/881.png,Midfielder,11.0,7.0,591.0,6.8,0.0,1.0,3.0,1.0,315.0,10.0,81.0,12.0,,3.0,7.0,2.0,70.0,33.0,15.0,15.0,4.0,0.0
135,Serie A,2025,523,Parma,881,H. Nicolussi,Hans,Nicolussi Caviglia,25.0,Italy,180,76,https://media.api-sports.io/football/players/881.png,Midfielder,15.0,10.0,882.0,6.68,0.0,3.0,7.0,2.0,452.0,9.0,86.0,15.0,4.0,3.0,15.0,9.0,89.0,40.0,9.0,8.0,0.0,0.0
135,Serie A,2025,895,Como,21090,Diego Carlos,Diego Carlos,Santos Silva,32.0,Brazil,186,79,https://media.api-sports.io/football/players/21090.png,Defender,27.0,21.0,1948.0,6.85,1.0,0.0,8.0,2.0,1321.0,2.0,92.0,30.0,17.0,22.0,,,159.0,85.0,7.0,39.0,8.0,0.0
135,Serie A,2025,497,AS Roma,22222,Z. Çelik,Mehmet Zeki,Çelik,28.0,Türkiye,180,78,https://media.api-sports.io/football/players/22222.png,Defender,34.0,32.0,2730.0,6.83,1.0,2.0,14.0,4.0,1347.0,28.0,85.0,64.0,6.0,22.0,36.0,8.0,249.0,125.0,18.0,35.0,2.0,1.0
135,Serie A,2025,502,Fiorentina,30440,R. Piccoli,Roberto,Piccoli,24.0,Italy,187,78,https://media.api-sports.io/football/players/30440.png,Attacker,32.0,16.0,1698.0,6.49,4.0,1.0,37.0,15.0,228.0,15.0,65.0,8.0,,4.0,20.0,9.0,262.0,110.0,40.0,34.0,1.0,0.0
135,Serie A,2025,895,Como,30570,A. Cerri,Alberto,Cerri,29.0,Italy,194,92,https://media.api-sports.io/football/players/30570.png,Attacker,0.0,0.0,,,0.0,0.0,,,,,,,,,,,,,,,0.0,0.0
135,Serie A,2025,801,Pisa,36910,C. Stengs,Calvin,Stengs,27.0,Netherlands,182,74,https://media.api-sports.io/football/players/36910.png,Midfielder,4.0,0.0,61.0,6.43,0.0,0.0,2.0,1.0,28.0,1.0,82.0,2.0,,,,,14.0,5.0,2.0,,0.0,0.0
135,Serie A,2025,490,Cagliari,41964,Zé Pedro,José Pedro,da Silva Figueiredo Freitas,28.0,Portugal,187,84,https://media.api-sports.io/football/players/41964.png,Defender,23.0,20.0,1713.0,6.63,0.0,1.0,6.0,,954.0,3.0,86.0,31.0,13.0,20.0,7.0,5.0,145.0,68.0,15.0,29.0,6.0,0.0
135,Serie A,2025,523,Parma,180763,B. Balogh,Botond,Balogh,23.0,Hungary,189,83,https://media.api-sports.io/football/players/180763.png,Defender,0.0,0.0,,,0.0,0.0,,,,,,,,,,,,,,,0.0,0.0
135,Serie A,2025,503,Torino,275776,K. Asllani,Kristjan,Asllani,23.0,Albania,179,69,https://media.api-sports.io/football/players/275776.png,Midfielder,15.0,13.0,1135.0,6.87,0.0,0.0,13.0,4.0,617.0,15.0,84.0,21.0,1.0,12.0,6.0,3.0,73.0,39.0,14.0,7.0,3.0,0.0
135,Serie A,2025,867,Lecce,340179,N. Kovač ,Niko,Kovač,20.0,Bosnia and Herzegovina,185,,https://media.api-sports.io/football/players/340179.png,Midfielder,0.0,0.0,,,0.0,0.0,,,,,,,,,,,,,,,0.0,0.0
135,Serie A,2025,499,Atalanta,353609,I. Sulemana,Ibrahim,Sulemana Kakari,22.0,Ghana,180,72,https://media.api-sports.io/football/players/353609.png,Midfielder,0.0,0.0,,,0.0,0.0,,,,,,,,,,,,,,,0.0,0.0
135,Serie A,2025,500,Bologna,353609,I. Sulemana,Ibrahim,Sulemana Kakari,22.0,Ghana,180,72,https://media.api-sports.io/football/players/353609.png,Midfielder,3.0,0.0,49.0,6.67,0.0,0.0,,,21.0,,85.0,,1.0,,1.0,1.0,8.0,4.0,,1.0,1.0,0.0
135,Serie A,2025,490,Cagliari,353609,I. Sulemana,Ibrahim,Sulemana Kakari,22.0,Ghana,180,72,https://media.api-sports.io/football/players/353609.png,Midfielder,16.0,7.0,853.0,6.58,1.0,0.0,7.0,2.0,369.0,6.0,88.0,19.0,2.0,5.0,22.0,10.0,104.0,51.0,10.0,12.0,2.0,0.0
135,Serie A,2025,523,Parma,362061,B. Cremaschi,Benjamin,Cremaschi,20.0,USA,180,72,https://media.api-sports.io/football/players/362061.png,Midfielder,8.0,2.0,144.0,6.53,0.0,0.0,1.0,,51.0,1.0,72.0,2.0,1.0,,4.0,2.0,17.0,7.0,,2.0,0.0,0.0
135,Serie A,2025,490,Cagliari,384422,Nicola Pintus,Nicola,Pintus,20.0,Italy,189,,https://media.api-sports.io/football/players/384422.png,Defender,0.0,0.0,,,0.0,0.0,,,,,,,,,,,,,,,0.0,0.0
135,Serie A,2025,499,Atalanta,400530,R. ObriÄ,Relja,Obrić,19.0,Slovenia,194,,https://media.api-sports.io/football/players/400530.png,Defender,0.0,0.0,,,0.0,0.0,,,,,,,,,,,,,,,0.0,0.0
135,Serie A,2025,490,Cagliari,417892,J. Liteta,Joseph,Liteta,19.0,Zambia,,,https://media.api-sports.io/football/players/417892.png,Midfielder,4.0,4.0,266.0,6.45,0.0,0.0,,,131.0,,84.0,5.0,3.0,8.0,2.0,2.0,26.0,9.0,,4.0,0.0,0.0
135,Serie A,2025,801,Pisa,435548,Mateus Lusuardi,Mateus Henrique,Vanelli Lusuardi,21.0,Brazil,190,,https://media.api-sports.io/football/players/435548.png,Defender,3.0,3.0,199.0,6.6,0.0,0.0,1.0,,79.0,1.0,82.0,2.0,5.0,,2.0,1.0,21.0,11.0,,4.0,1.0,0.0
135,Serie A,2025,499,Atalanta,458409,H. Camara,Henry Naby Junior,Camara,19.0,Guinea,191,77,https://media.api-sports.io/football/players/458409.png,Attacker,0.0,0.0,,,0.0,0.0,,,,,,,,,,,,,,,0.0,0.0
135,Serie A,2025,523,Parma,470975,N. Trabucchi,Nicolas,Trabucchi,18.0,Italy,180,71,https://media.api-sports.io/football/players/470975.png,Defender,0.0,0.0,,,0.0,0.0,,,,,,,,,,,,,,,0.0,0.0
135,Serie A,2025,497,AS Roma,484027,A. Arena,Antonio,Arena,16.0,Australia,188,,https://media.api-sports.io/football/players/484027.png,Attacker,2.0,0.0,25.0,6.5,0.0,0.0,,,4.0,,75.0,,,,,,3.0,,,,0.0,0.0
135,Serie A,2025,505,Inter,5,M. Akanji,Manuel Obafemi,Akanji,30.0,Switzerland,188,91,https://media.api-sports.io/football/players/5.png,Defender,33.0,31.0,2820.0,7.15,2.0,0.0,19.0,6.0,2108.0,7.0,92.0,48.0,13.0,37.0,2.0,1.0,202.0,117.0,18.0,26.0,4.0,0.0
135,Serie A,2025,496,Juventus,86,L. Openda,Ikoma-Loïs,Openda,25.0,Belgium,177,75,https://media.api-sports.io/football/players/86.png,Attacker,24.0,6.0,676.0,6.51,1.0,0.0,19.0,6.0,151.0,8.0,72.0,6.0,1.0,1.0,11.0,4.0,79.0,38.0,21.0,8.0,0.0,0.0
135,Serie A,2025,489,AC Milan,269,C. Nkunku,Christopher Alan,Nkunku,28.0,France,178,68,https://media.api-sports.io/football/players/269.png,Attacker,32.0,15.0,1377.0,6.68,7.0,3.0,24.0,16.0,342.0,16.0,88.0,5.0,1.0,2.0,26.0,9.0,114.0,50.0,22.0,9.0,0.0,0.0
135,Serie A,2025,489,AC Milan,272,A. Rabiot,Adrien Thibault Marie,Rabiot-Provost,30.0,France,188,72,https://media.api-sports.io/football/players/272.png,Attacker,29.0,28.0,2550.0,7.24,6.0,4.0,34.0,12.0,1319.0,27.0,85.0,57.0,5.0,20.0,41.0,20.0,308.0,173.0,55.0,35.0,5.0,0.0
135,Serie A,2025,801,Pisa,314,Raúl Albiol,Raúl,Albiol i Tortajada,40.0,Spain,190,82,https://media.api-sports.io/football/players/314.png,Defender,8.0,5.0,502.0,6.65,0.0,1.0,,,253.0,3.0,86.0,7.0,6.0,6.0,,,33.0,16.0,2.0,6.0,1.0,0.0
135,Serie A,2025,494,Udinese,786,N. Zaniolo,Nicolò,Zaniolo,26.0,Italy,190,79,https://media.api-sports.io/football/players/786.png,Midfielder,32.0,28.0,2269.0,6.83,5.0,6.0,47.0,22.0,579.0,53.0,78.0,28.0,,4.0,94.0,33.0,375.0,140.0,61.0,62.0,8.0,0.0
135,Serie A,2025,496,Juventus,849,M. Perin,Mattia,Perin,33.0,Italy,188,85,https://media.api-sports.io/football/players/849.png,Goalkeeper,9.0,9.0,765.0,6.69,0.0,0.0,,,161.0,1.0,85.0,,,,,,2.0,2.0,2.0,,0.0,0.0
135,Serie A,2025,492,Napoli,1358,E. Elmas,Eljif,Elmas,26.0,North Macedonia,184,78,https://media.api-sports.io/football/players/1358.png,Midfielder,33.0,20.0,1788.0,6.72,1.0,3.0,17.0,9.0,778.0,24.0,89.0,24.0,6.0,7.0,22.0,13.0,110.0,52.0,13.0,18.0,3.0,0.0
135,Serie A,2025,496,Juventus,125674,J. Cabal,Juan David,Cabal Murillo,24.0,Colombia,186,79,https://media.api-sports.io/football/players/125674.png,Defender,12.0,2.0,295.0,6.72,2.0,0.0,4.0,2.0,134.0,2.0,80.0,9.0,,4.0,1.0,1.0,35.0,15.0,1.0,4.0,1.0,0.0
135,Serie A,2025,502,Fiorentina,138815,T. Lamptey,Tariq Kwame,Nii-Lante Lamptey,25.0,Ghana,163,55,https://media.api-sports.io/football/players/138815.png,Defender,2.0,1.0,32.0,6.8,0.0,0.0,,,10.0,2.0,70.0,2.0,,,,,3.0,2.0,,,0.0,0.0
135,Serie A,2025,492,Napoli,162032,Miguel Gutiérrez,Miguel,Gutiérrez Ortega,24.0,Spain,180,73,https://media.api-sports.io/football/players/162032.png,Defender,28.0,15.0,1490.0,6.83,1.0,1.0,13.0,5.0,794.0,21.0,88.0,33.0,1.0,9.0,23.0,8.0,140.0,78.0,28.0,19.0,0.0,0.0
135,Serie A,2025,492,Napoli,288006,R. Højlund,Rasmus,Winther Højlund,22.0,Denmark,191,86,https://media.api-sports.io/football/players/288006.png,Attacker,33.0,32.0,2761.0,6.57,12.0,5.0,46.0,25.0,507.0,33.0,74.0,4.0,2.0,,34.0,12.0,309.0,111.0,53.0,37.0,1.0,0.0
135,Serie A,2025,492,Napoli,355007,A. Yazıcı,Arda,Yazıcı,21.0,Türkiye,193 cm,84 kg,https://media.api-sports.io/football/players/355007.png,Goalkeeper,0.0,0.0,,,0.0,0.0,,,,,,,,,,,,,,,0.0,0.0
135,Serie A,2025,801,Pisa,364600,İ. Vural,İsak,Vural,19.0,Türkiye,175,,https://media.api-sports.io/football/players/364600.png,Midfielder,15.0,9.0,752.0,6.69,0.0,0.0,5.0,1.0,210.0,3.0,82.0,9.0,3.0,2.0,18.0,9.0,102.0,58.0,33.0,16.0,4.0,0.0
135,Serie A,2025,495,Genoa,387128,S. Otoa,Sebastian,Otoa,21.0,Denmark,188,75,https://media.api-sports.io/football/players/387128.png,Defender,13.0,9.0,843.0,6.71,0.0,0.0,2.0,2.0,362.0,,90.0,11.0,11.0,9.0,4.0,3.0,68.0,48.0,13.0,5.0,1.0,0.0
135,Serie A,2025,489,AC Milan,394740,D. Odogu,David Uyoyo,Odogu,19.0,Germany,191,83,https://media.api-sports.io/football/players/394740.png,Defender,2.0,0.0,9.0,6.6,0.0,0.0,,,2.0,,50.0,,,,,,1.0,1.0,,,0.0,0.0
135,Serie A,2025,500,Bologna,394947,B. Tomašević,Bodin,Tomašević,19.0,Montenegro,,,https://media.api-sports.io/football/players/394947.png,Defender,0.0,0.0,,,0.0,0.0,,,,,,,,,,,,,,,0.0,0.0
135,Serie A,2025,801,Pisa,403300,Lorran,Lorran Lucas,Pereira de Sousa,19.0,Brazil,182,72,https://media.api-sports.io/football/players/403300.png,Midfielder,9.0,0.0,113.0,6.54,1.0,0.0,2.0,1.0,60.0,1.0,78.0,5.0,,3.0,12.0,6.0,26.0,14.0,3.0,,0.0,0.0
135,Serie A,2025,500,Bologna,416518,U. Happonen,Ukko,Happonen,18.0,Finland,,,https://media.api-sports.io/football/players/416518.png,Goalkeeper,0.0,0.0,,,0.0,0.0,,,,,,,,,,,,,,,0.0,0.0
135,Serie A,2025,494,Udinese,422156,M. Palma,Matteo,Palma,17.0,Germany,194,,https://media.api-sports.io/football/players/422156.png,Defender,5.0,1.0,124.0,6.48,0.0,0.0,,,53.0,,75.0,2.0,1.0,2.0,1.0,,17.0,10.0,,3.0,0.0,0.0
135,Serie A,2025,504,Hellas Verona,203,R. Gagliardini,Roberto,Gagliardini,31.0,Italy,190,77,https://media.api-sports.io/football/players/203.png,Midfielder,29.0,25.0,2216.0,6.97,1.0,0.0,9.0,3.0,1165.0,16.0,81.0,73.0,13.0,54.0,10.0,6.0,285.0,169.0,35.0,45.0,10.0,0.0
135,Serie A,2025,497,AS Roma,1600,K. Tsimikas,Konstantinos,Tsimikas,29.0,Greece,179,77,https://media.api-sports.io/football/players/1600.png,Defender,18.0,6.0,644.0,6.61,0.0,0.0,4.0,,265.0,4.0,80.0,11.0,2.0,8.0,10.0,6.0,63.0,30.0,8.0,9.0,1.0,0.0
135,Serie A,2025,487,Lazio,1632,A. Romagnoli,Alessio,Romagnoli,30.0,Italy,185,75,https://media.api-sports.io/football/players/1632.png,Defender,32.0,31.0,2667.0,6.97,0.0,0.0,9.0,4.0,2001.0,3.0,93.0,23.0,20.0,32.0,1.0,1.0,169.0,101.0,15.0,18.0,6.0,1.0
135,Serie A,2025,503,Torino,14329,A. Ismajli,Ardian,Ismajli,29.0,Albania,185,76,https://media.api-sports.io/football/players/14329.png,Defender,25.0,21.0,1915.0,6.89,0.0,1.0,6.0,4.0,953.0,4.0,88.0,33.0,18.0,34.0,6.0,2.0,155.0,104.0,18.0,21.0,5.0,0.0
135,Serie A,2025,520,Cremonese,18788,J. Vardy,Jamie Richard,Vardy,38.0,England,179,74,https://media.api-sports.io/football/players/18788.png,Attacker,29.0,24.0,2107.0,6.67,7.0,2.0,22.0,14.0,303.0,15.0,62.0,12.0,3.0,3.0,15.0,6.0,214.0,87.0,21.0,19.0,5.0,0.0
135,Serie A,2025,497,AS Roma,30418,P. Gollini,Pierluigi,Gollini,30.0,Italy,194,94,https://media.api-sports.io/football/players/30418.png,Goalkeeper,0.0,0.0,,,0.0,0.0,,,,,,,,,,,,,,,0.0,0.0
135,Serie A,2025,504,Hellas Verona,31678,J. Akpa Akpro,Jean-Daniel Dave,Lewis Akpa Akpro,33.0,Côte d'Ivoire,180,70,https://media.api-sports.io/football/players/31678.png,Midfielder,22.0,17.0,1507.0,6.69,1.0,0.0,7.0,4.0,385.0,11.0,74.0,44.0,7.0,23.0,37.0,23.0,221.0,109.0,15.0,39.0,9.0,0.0
135,Serie A,2025,520,Cremonese,36986,D. Johnsen,Dennis,Tørset Johnsen,27.0,Norway,185,72,https://media.api-sports.io/football/players/36986.png,Attacker,11.0,5.0,390.0,6.67,1.0,1.0,3.0,2.0,96.0,4.0,51.0,3.0,,,13.0,5.0,44.0,20.0,4.0,2.0,0.0,0.0
135,Serie A,2025,488,Sassuolo,39143,K. Thorstvedt,Kristian,Thorstvedt,26.0,Norway,189,84,https://media.api-sports.io/football/players/39143.png,Midfielder,32.0,27.0,2458.0,6.89,4.0,4.0,31.0,13.0,1055.0,32.0,82.0,44.0,13.0,32.0,42.0,18.0,286.0,149.0,57.0,34.0,9.0,0.0
135,Serie A,2025,500,Bologna,47985,E. Holm,Emil Alfons,Holm,25.0,Sweden,191,83,https://media.api-sports.io/football/players/47985.png,Defender,11.0,8.0,663.0,6.84,1.0,4.0,6.0,1.0,298.0,7.0,78.0,20.0,2.0,6.0,7.0,2.0,87.0,48.0,14.0,11.0,2.0,0.0
135,Serie A,2025,496,Juventus,47985,E. Holm,Emil Alfons,Holm,25.0,Sweden,191,83,https://media.api-sports.io/football/players/47985.png,Defender,7.0,2.0,232.0,6.77,0.0,0.0,5.0,1.0,76.0,2.0,77.0,10.0,1.0,3.0,8.0,5.0,36.0,24.0,5.0,,0.0,0.0
135,Serie A,2025,520,Cremonese,102447,F. Moumbagna,Faris,Pemi Moumbagna,25.0,Cameroon,185,77,https://media.api-sports.io/football/players/102447.png,Attacker,5.0,0.0,88.0,6.28,0.0,0.0,1.0,,15.0,1.0,60.0,,,,1.0,,9.0,3.0,,1.0,0.0,0.0
135,Serie A,2025,520,Cremonese,126980,T. Barbieri,Tommaso,Barbieri,23.0,Italy,181,59,https://media.api-sports.io/football/players/126980.png,Defender,29.0,18.0,1713.0,6.72,0.0,1.0,9.0,2.0,536.0,10.0,73.0,45.0,8.0,13.0,33.0,16.0,231.0,112.0,26.0,40.0,8.0,0.0
135,Serie A,2025,488,Sassuolo,128338,W. Coulibaly,Woyo,Coulibaly,26.0,France,188,77,https://media.api-sports.io/football/players/128338.png,Defender,20.0,9.0,1048.0,6.64,0.0,0.0,3.0,1.0,435.0,4.0,90.0,24.0,4.0,9.0,11.0,8.0,96.0,50.0,12.0,15.0,2.0,0.0
135,Serie A,2025,487,Lazio,135519,G. Isaksen,Gustav,Tang Isaksen,24.0,Denmark,181,68,https://media.api-sports.io/football/players/135519.png,Attacker,30.0,18.0,1598.0,6.8,5.0,1.0,34.0,19.0,514.0,17.0,80.0,16.0,3.0,7.0,71.0,27.0,223.0,110.0,57.0,18.0,0.0,0.0
135,Serie A,2025,503,Torino,156490,N. Nkounkou,Niels Patrick,Nkounkou,25.0,France,184,75,https://media.api-sports.io/football/players/156490.png,Defender,11.0,3.0,361.0,6.86,0.0,1.0,3.0,1.0,117.0,6.0,80.0,16.0,1.0,8.0,12.0,8.0,53.0,29.0,3.0,4.0,3.0,0.0
135,Serie A,2025,520,Cremonese,202086,J. Sarmiento,Jeremy Leonel,Sarmiento Morante,23.0,Ecuador,178,72,https://media.api-sports.io/football/players/202086.png,Midfielder,7.0,0.0,143.0,6.78,0.0,0.0,2.0,2.0,58.0,3.0,91.0,6.0,,2.0,8.0,5.0,21.0,12.0,1.0,,0.0,0.0
135,Serie A,2025,520,Cremonese,237249,M. Faye,Mikayil Ngor,Faye,21.0,Senegal,186,81,https://media.api-sports.io/football/players/237249.png,Defender,8.0,2.0,250.0,6.8,0.0,0.0,,,124.0,1.0,78.0,7.0,2.0,6.0,3.0,3.0,29.0,17.0,4.0,2.0,1.0,0.0
135,Serie A,2025,504,Hellas Verona,368260,G. Orban,Gift Emmanuel,Orban,23.0,Nigeria,178,73,https://media.api-sports.io/football/players/368260.png,Attacker,28.0,23.0,2036.0,6.52,7.0,2.0,61.0,28.0,376.0,20.0,71.0,4.0,,4.0,38.0,19.0,205.0,71.0,21.0,23.0,4.0,1.0
135,Serie A,2025,497,AS Roma,384543,J. Ziółkowski,Jan,Ziółkowski,20.0,Poland,194,76,https://media.api-sports.io/football/players/384543.png,Defender,18.0,5.0,527.0,6.81,0.0,0.0,2.0,,254.0,1.0,83.0,19.0,5.0,8.0,,,84.0,50.0,8.0,12.0,3.0,0.0
135,Serie A,2025,495,Genoa,395788,E. Lysionok,Ernestas,Lysionok,18.0,Lithuania,,,https://media.api-sports.io/football/players/395788.png,Goalkeeper,0.0,0.0,,,0.0,0.0,,,,,,,,,,,,,,,0.0,0.0
135,Serie A,2025,495,Genoa,665,M. Cornet,Gnaly Albert Maxwel,Cornet,29.0,Côte d'Ivoire,179,69,https://media.api-sports.io/football/players/665.png,Attacker,8.0,1.0,121.0,6.27,0.0,0.0,3.0,2.0,40.0,6.0,77.0,6.0,,,3.0,,25.0,10.0,1.0,6.0,0.0,0.0
135,Serie A,2025,487,Lazio,1841,Patric,Patricio,Gabarrón Gil,32.0,Spain,184,72,https://media.api-sports.io/football/players/1841.png,Defender,14.0,6.0,682.0,6.79,0.0,0.0,2.0,,571.0,2.0,91.0,2.0,6.0,4.0,2.0,2.0,30.0,17.0,2.0,4.0,2.0,0.0
135,Serie A,2025,499,Atalanta,18767,A. Lookman,Ademola Lookman Olajade,Alade Aylola Lookman,28.0,Nigeria,174,71,https://media.api-sports.io/football/players/18767.png,Attacker,12.0,9.0,797.0,6.77,2.0,0.0,13.0,8.0,240.0,18.0,79.0,5.0,,3.0,30.0,16.0,70.0,31.0,8.0,10.0,0.0,0.0
135,Serie A,2025,489,AC Milan,22236,Rafael Leão,Rafael Alexandre,da Conceição Leão,26.0,Portugal,188,81,https://media.api-sports.io/football/players/22236.png,Attacker,29.0,23.0,1859.0,6.92,9.0,3.0,45.0,24.0,582.0,23.0,83.0,6.0,,5.0,56.0,26.0,200.0,94.0,34.0,19.0,5.0,0.0
135,Serie A,2025,490,Cagliari,30573,L. Pavoletti,Leonardo,Pavoletti,37.0,Italy,188,80,https://media.api-sports.io/football/players/30573.png,Attacker,13.0,1.0,246.0,6.4,1.0,1.0,4.0,1.0,63.0,2.0,58.0,2.0,,1.0,1.0,,39.0,13.0,,10.0,1.0,0.0
135,Serie A,2025,496,Juventus,48392,E. Zhegrova,Edon,Zhegrova,26.0,Kosovo,181,66,https://media.api-sports.io/football/players/48392.png,Attacker,19.0,0.0,386.0,6.67,0.0,0.0,11.0,9.0,229.0,10.0,82.0,5.0,,,44.0,21.0,74.0,34.0,6.0,4.0,1.0,0.0
135,Serie A,2025,488,Sassuolo,127802,C. Odenthal,Cas,Odenthal,25.0,Netherlands,190,79,https://media.api-sports.io/football/players/127802.png,Defender,1.0,0.0,1.0,,0.0,0.0,,,2.0,,100.0,,,,,,,,,,0.0,0.0
135,Serie A,2025,488,Sassuolo,264739,L. Skjellerup,Laurs,Skjellerup,23.0,Denmark,195,81,https://media.api-sports.io/football/players/264739.png,Attacker,1.0,0.0,9.0,6.3,0.0,0.0,,,3.0,,,,,,,,1.0,1.0,,,0.0,0.0
135,Serie A,2025,504,Hellas Verona,340076,L. Monticelli,Luca,Monticelli,20.0,Belgium,184,,https://media.api-sports.io/football/players/340076.png,Attacker,0.0,0.0,,,0.0,0.0,,,,,,,,,,,,,,,0.0,0.0
135,Serie A,2025,489,AC Milan,386298,L. Torriani,Lorenzo,Torriani,20.0,Italy,197,87,https://media.api-sports.io/football/players/386298.png,Goalkeeper,0.0,0.0,,,0.0,0.0,,,,,,,,,,,,,,,0.0,0.0
135,Serie A,2025,496,Juventus,415064,Pedro Felipe,Pedro Felipe,de Jesus Gomes,21.0,Brazil,189 cm,84 kg,https://media.api-sports.io/football/players/415064.png,Defender,0.0,0.0,,,0.0,0.0,,,,,,,,,,,,,,,0.0,0.0
135,Serie A,2025,488,Sassuolo,415064,Pedro Felipe,Pedro Felipe,de Jesus Gomes,21.0,Brazil,189 cm,84 kg,https://media.api-sports.io/football/players/415064.png,Defender,3.0,1.0,127.0,6.6,0.0,1.0,,,96.0,1.0,90.0,2.0,1.0,2.0,1.0,1.0,14.0,7.0,1.0,2.0,0.0,0.0
135,Serie A,2025,490,Cagliari,415155,J. Rodríguez,Juan Martín,Rodríguez Camejo,20.0,Uruguay,190,80,https://media.api-sports.io/football/players/415155.png,Defender,17.0,16.0,1315.0,6.72,1.0,0.0,3.0,2.0,662.0,,88.0,37.0,14.0,18.0,1.0,1.0,101.0,62.0,8.0,15.0,3.0,0.0
135,Serie A,2025,504,Hellas Verona,418846,D. De Battisti,Davide,De Battisti,19.0,Italy,180,78,https://media.api-sports.io/football/players/418846.png,Defender,0.0,0.0,,,0.0,0.0,,,,,,,,,,,,,,,0.0,0.0
135,Serie A,2025,494,Udinese,434410,I. Gueye,Idrissa,Gueye,19.0,Senegal,174,66,https://media.api-sports.io/football/players/434410.png,Attacker,19.0,1.0,427.0,6.49,1.0,0.0,12.0,6.0,71.0,4.0,67.0,6.0,3.0,3.0,5.0,2.0,80.0,38.0,9.0,15.0,2.0,0.0
135,Serie A,2025,520,Cremonese,441550,A. Malovec,Adrián,Malovec,18.0,Slovakia,,,https://media.api-sports.io/football/players/441550.png,Goalkeeper,0.0,0.0,,,0.0,0.0,,,,,,,,,,,,,,,0.0,0.0
135,Serie A,2025,497,AS Roma,446067,Buba Sangaré,Aboubacar,Sangaré Traoré,18.0,Spain,183,75,https://media.api-sports.io/football/players/446067.png,Defender,0.0,0.0,,,0.0,0.0,,,,,,,,,,,,,,,0.0,0.0
135,Serie A,2025,487,Lazio,470737,P. Pinelli,Pietro,Pinelli,19.0,Italy,,,https://media.api-sports.io/football/players/470737.png,Defender,0.0,0.0,,,0.0,0.0,,,,,,,,,,,,,,,0.0,0.0
135,Serie A,2025,487,Lazio,483662,V. Farcomeni,Valerio,Farcomeni,19.0,Italy,176,,https://media.api-sports.io/football/players/483662.png,Midfielder,0.0,0.0,,,0.0,0.0,,,,,,,,,,,,,,,0.0,0.0
135,Serie A,2025,504,Hellas Verona,546632,Mirko Castagnini,,,18.0,,,,https://media.api-sports.io/football/players/546632.png,Goalkeeper,0.0,0.0,,,0.0,0.0,,,,,,,,,,,,,,,0.0,0.0
135,Serie A,2025,895,Como,554467,Lorenzo Bonsignori Goggi,,,18.0,,,,https://media.api-sports.io/football/players/554467.png,Midfielder,0.0,0.0,,,0.0,0.0,,,,,,,,,,,,,,,0.0,0.0
135,Serie A,2025,487,Lazio,211,M. Vecino,Matías,Vecino Falero,34.0,Uruguay,187,81,https://media.api-sports.io/football/players/211.png,Midfielder,13.0,5.0,605.0,6.72,0.0,1.0,4.0,,369.0,3.0,88.0,10.0,3.0,7.0,2.0,,57.0,25.0,3.0,8.0,1.0,0.0
135,Serie A,2025,497,AS Roma,983,L. Bailey,Leon Patrick,Bailey Butler,28.0,Jamaica,178,77,https://media.api-sports.io/football/players/983.png,Attacker,7.0,1.0,182.0,6.46,0.0,0.0,1.0,1.0,59.0,2.0,83.0,2.0,,,6.0,2.0,21.0,8.0,1.0,2.0,0.0,0.0
135,Serie A,2025,523,Parma,1208,Hernani,Hernani,Azevedo Júnior,31.0,Brazil,188,77,https://media.api-sports.io/football/players/1208.png,Midfielder,4.0,0.0,69.0,6.65,0.0,0.0,,,24.0,1.0,70.0,1.0,,1.0,1.0,,11.0,6.0,3.0,2.0,0.0,0.0
135,Serie A,2025,499,Atalanta,1442,S. Kolašinac,Sead,Kolašinac,32.0,Bosnia and Herzegovina,183,85,https://media.api-sports.io/football/players/1442.png,Defender,19.0,15.0,1224.0,6.66,0.0,0.0,2.0,,771.0,,90.0,27.0,5.0,11.0,7.0,5.0,109.0,55.0,10.0,22.0,3.0,0.0
135,Serie A,2025,495,Genoa,41748,J. Onana,Jean Emile Junior,Onana Onana,26.0,Cameroon,189,85,https://media.api-sports.io/football/players/41748.png,Midfielder,3.0,0.0,45.0,6.6,0.0,0.0,1.0,,23.0,1.0,73.0,3.0,2.0,,,,12.0,4.0,,4.0,0.0,0.0
135,Serie A,2025,494,Udinese,143648,M. Okoye,Maduka Emilio,Okoye,26.0,Nigeria,197,94,https://media.api-sports.io/football/players/143648.png,Goalkeeper,30.0,30.0,2617.0,6.98,0.0,0.0,,,904.0,2.0,64.0,,,,,,12.0,9.0,4.0,2.0,1.0,1.0
135,Serie A,2025,496,Juventus,181808,F. Miretti,Fabio,Miretti,22.0,Italy,179,75,https://media.api-sports.io/football/players/181808.png,Midfielder,23.0,5.0,631.0,6.7,1.0,2.0,12.0,5.0,379.0,12.0,85.0,19.0,,3.0,19.0,7.0,86.0,36.0,7.0,15.0,1.0,0.0
135,Serie A,2025,504,Hellas Verona,311071,N. Valentini,Nicolás,Valentini,24.0,Argentina,184,79,https://media.api-sports.io/football/players/311071.png,Defender,21.0,15.0,1406.0,6.67,0.0,0.0,16.0,7.0,513.0,4.0,71.0,31.0,14.0,15.0,6.0,5.0,167.0,95.0,7.0,30.0,7.0,0.0
135,Serie A,2025,496,Juventus,335099,S. Scaglia,Simone,Scaglia,21.0,Italy,196,,https://media.api-sports.io/football/players/335099.png,Goalkeeper,0.0,0.0,,,0.0,0.0,,,,,,,,,,,,,,,0.0,0.0
135,Serie A,2025,505,Inter,336707,A. Calligaris,Alessandro,Calligaris,20.0,Italy,185 cm,80 kg,https://media.api-sports.io/football/players/336707.png,Goalkeeper,0.0,0.0,,,0.0,0.0,,,,,,,,,,,,,,,0.0,0.0
135,Serie A,2025,895,Como,400948,Assane Diao,Assane,Diao Diaoune,20.0,Spain,185,80,https://media.api-sports.io/football/players/400948.png,Attacker,17.0,13.0,1089.0,6.76,2.0,1.0,17.0,10.0,324.0,9.0,79.0,16.0,1.0,4.0,69.0,27.0,195.0,90.0,39.0,15.0,2.0,0.0
135,Serie A,2025,801,Pisa,419603,F. Coppola,Francesco,Coppola,20.0,Italy,,,https://media.api-sports.io/football/players/419603.png,Defender,7.0,5.0,461.0,6.27,0.0,0.0,,,123.0,,83.0,13.0,4.0,4.0,,,51.0,24.0,8.0,7.0,3.0,0.0
135,Serie A,2025,505,Inter,449683,A. Taho,Alain,Taho,18.0,Albania,,,https://media.api-sports.io/football/players/449683.png,Goalkeeper,0.0,0.0,,,0.0,0.0,,,,,,,,,,,,,,,0.0,0.0
135,Serie A,2025,489,AC Milan,554588,E. Sala,,,17.0,,,,https://media.api-sports.io/football/players/554588.png,Midfielder,0.0,0.0,,,0.0,0.0,,,,,,,,,,,,,,,0.0,0.0
135,Serie A,2025,520,Cremonese,556945,A. Lickunas,,,19.0,,,,https://media.api-sports.io/football/players/556945.png,Attacker,0.0,0.0,,,0.0,0.0,,,,,,,,,,,,,,,0.0,0.0
135,Serie A,2025,895,Como,562612,A. Le Borgne,,,19.0,,,,https://media.api-sports.io/football/players/562612.png,Midfielder,1.0,0.0,1.0,,0.0,0.0,,,1.0,,100.0,,,,,,,,,,0.0,0.0
135,Serie A,2025,503,Torino,565709,L. Siviero,,,18.0,,,,https://media.api-sports.io/football/players/565709.png,Goalkeeper,0.0,0.0,,,0.0,0.0,,,,,,,,,,,,,,,0.0,0.0
135,Serie A,2025,492,Napoli,568115,D. Spinelli,,,17.0,,,,https://media.api-sports.io/football/players/568115.png,Goalkeeper,0.0,0.0,,,0.0,0.0,,,,,,,,,,,,,,,0.0,0.0
135,Serie A,2025,523,Parma,595822,Alessandro Cardinali,,,19.0,,,,https://media.api-sports.io/football/players/595822.png,Attacker,1.0,0.0,45.0,6.5,0.0,0.0,,,9.0,,88.0,,,,1.0,,2.0,,,,0.0,0.0
135,Serie A,2025,488,Sassuolo,613213,L. Nyarko,,,18.0,,,,https://media.api-sports.io/football/players/613213.png,Goalkeeper,0.0,0.0,,,0.0,0.0,,,,,,,,,,,,,,,0.0,0.0
135,Serie A,2025,523,Parma,18835,Guaita,Vicente,Guaita Panadero,38.0,Spain,190 cm,80 kg,https://media.api-sports.io/football/players/18835.png,Goalkeeper,0.0,0.0,,,0.0,0.0,,,,,,,,,,,,,,,0.0,0.0
135,Serie A,2025,502,Fiorentina,30789,C. Kouamé,Christian Michael,Kouamé Kouakou,28.0,Côte d'Ivoire,188,70,https://media.api-sports.io/football/players/30789.png,Attacker,2.0,0.0,32.0,6.4,0.0,0.0,,,15.0,,80.0,1.0,,1.0,,,2.0,1.0,,,0.0,0.0
135,Serie A,2025,490,Cagliari,31601,B. Radunović,Boris,Radunović,29.0,Serbia,194,84,https://media.api-sports.io/football/players/31601.png,Goalkeeper,0.0,0.0,,,0.0,0.0,,,,,,,,,,,,,,,0.0,0.0
135,Serie A,2025,523,Parma,191979,J. Ondrejka,Jacob Axel Per,Ondrejka,23.0,Sweden,180,73,https://media.api-sports.io/football/players/191979.png,Attacker,16.0,9.0,776.0,6.55,0.0,0.0,15.0,7.0,205.0,5.0,79.0,7.0,,3.0,30.0,10.0,81.0,32.0,14.0,8.0,2.0,0.0
135,Serie A,2025,505,Inter,343345,C. Alexiou,Christos,Alexiou,20.0,Greece,184 cm,79 kg,https://media.api-sports.io/football/players/343345.png,Defender,0.0,0.0,,,0.0,0.0,,,,,,,,,,,,,,,0.0,0.0
135,Serie A,2025,801,Pisa,374142,A. Vuković,Ante,Vuković,21.0,Croatia,,,https://media.api-sports.io/football/players/374142.png,Goalkeeper,0.0,0.0,,,0.0,0.0,,,,,,,,,,,,,,,0.0,0.0
135,Serie A,2025,505,Inter,392493,M. Cocchi,Matteo,Cocchi,18.0,Italy,178 cm,74 kg,https://media.api-sports.io/football/players/392493.png,Defender,1.0,0.0,16.0,6.9,0.0,0.0,,,8.0,,62.0,1.0,,,,,3.0,2.0,,,0.0,0.0
135,Serie A,2025,505,Inter,437678,M. Mosconi,Mattia,Mosconi,18.0,Italy,176 cm,72 kg,https://media.api-sports.io/football/players/437678.png,Attacker,2.0,0.0,25.0,6.2,0.0,0.0,2.0,,13.0,,100.0,,,,1.0,,6.0,2.0,2.0,1.0,0.0,0.0
135,Serie A,2025,495,Genoa,445516,A. Kumer,Alin,Kumer Čelik,18.0,Slovenia,,,https://media.api-sports.io/football/players/445516.png,Defender,0.0,0.0,,,0.0,0.0,,,,,,,,,,,,,,,0.0,0.0
135,Serie A,2025,505,Inter,461830,M. Lavelli,Matteo,Lavelli,19.0,Italy,185 cm,78 kg,https://media.api-sports.io/football/players/461830.png,Attacker,1.0,0.0,12.0,6.5,0.0,0.0,,,1.0,,100.0,,,,,,2.0,,,,0.0,0.0
135,Serie A,2025,523,Parma,462188,A. Ciardi,Alessandro,Ciardi,18.0,Italy,184,73,https://media.api-sports.io/football/players/462188.png,Midfielder,0.0,0.0,,,0.0,0.0,,,,,,,,,,,,,,,0.0,0.0
135,Serie A,2025,496,Juventus,476231,S. Mangiapoco,Stefano,Mangiapoco,21.0,Italy,,,https://media.api-sports.io/football/players/476231.png,Goalkeeper,0.0,0.0,,,0.0,0.0,,,,,,,,,,,,,,,0.0,0.0
135,Serie A,2025,801,Pisa,545975,B. Bettazzi,,,17.0,,,,https://media.api-sports.io/football/players/545975.png,Midfielder,1.0,0.0,13.0,6.6,0.0,0.0,,,4.0,,100.0,1.0,,,2.0,1.0,5.0,3.0,1.0,1.0,0.0,0.0
135,Serie A,2025,488,Sassuolo,584501,C. Frangella,,,19.0,,,,https://media.api-sports.io/football/players/584501.png,Midfielder,1.0,0.0,9.0,6.5,0.0,0.0,,,7.0,,57.0,,,1.0,,,,,,,0.0,0.0
135,Serie A,2025,523,Parma,595810,Bernardo Conde,,,19.0,,,,https://media.api-sports.io/football/players/595810.png,Defender,0.0,0.0,,,0.0,0.0,,,,,,,,,,,,,,,0.0,0.0
135,Serie A,2025,523,Parma,595817,Abdou Konate,,,18.0,,,,https://media.api-sports.io/football/players/595817.png,Midfielder,0.0,0.0,,,0.0,0.0,,,,,,,,,,,,,,,0.0,0.0
135,Serie A,2025,523,Parma,595819,Edoardo Tigani,,,19.0,,,,https://media.api-sports.io/football/players/595819.png,Midfielder,0.0,0.0,,,0.0,0.0,,,,,,,,,,,,,,,0.0,0.0
135,Serie A,2025,489,AC Milan,598671,A. Castiello,,,18.0,,,,https://media.api-sports.io/football/players/598671.png,Attacker,0.0,0.0,,,0.0,0.0,,,,,,,,,,,,,,,0.0,0.0
135,Serie A,2025,488,Sassuolo,613352,T. Macchioni,,,19.0,,,,https://media.api-sports.io/football/players/613352.png,Defender,1.0,1.0,90.0,6.2,0.0,0.0,1.0,,35.0,,80.0,,,2.0,,,6.0,3.0,,1.0,1.0,0.0
135,Serie A,2025,500,Bologna,616142,Matteo Franceschelli,,,17.0,,,,https://media.api-sports.io/football/players/616142.png,Goalkeeper,0.0,0.0,,,0.0,0.0,,,,,,,,,,,,,,,0.0,0.0
135,Serie A,2025,496,Juventus,333,A. Milik,Arkadiusz Krystian,Milik,31.0,Poland,186,80,https://media.api-sports.io/football/players/333.png,Attacker,2.0,0.0,34.0,6.2,0.0,0.0,2.0,2.0,11.0,,81.0,,,,4.0,1.0,7.0,1.0,,1.0,0.0,0.0
135,Serie A,2025,867,Lecce,23253,G. Jean,Gaby,Jean,25.0,France,191,75,https://media.api-sports.io/football/players/23253.png,Defender,7.0,1.0,196.0,6.86,0.0,0.0,,,104.0,,80.0,3.0,,1.0,,,17.0,9.0,2.0,1.0,1.0,0.0
135,Serie A,2025,489,AC Milan,25391,N. Füllkrug,Niclas,Füllkrug,32.0,Germany,189,83,https://media.api-sports.io/football/players/25391.png,Attacker,20.0,3.0,647.0,6.46,1.0,0.0,11.0,5.0,181.0,9.0,71.0,1.0,,3.0,6.0,3.0,73.0,31.0,8.0,8.0,0.0,0.0
135,Serie A,2025,895,Como,32034,A. Dossena,Alberto,Dossena,27.0,Italy,195,85,https://media.api-sports.io/football/players/32034.png,Defender,0.0,0.0,,,0.0,0.0,,,,,,,,,,,,,,,0.0,0.0
135,Serie A,2025,490,Cagliari,32034,A. Dossena,Alberto,Dossena,27.0,Italy,195,85,https://media.api-sports.io/football/players/32034.png,Defender,12.0,9.0,856.0,6.81,0.0,1.0,6.0,2.0,458.0,3.0,89.0,16.0,9.0,9.0,1.0,1.0,71.0,43.0,8.0,11.0,5.0,0.0
135,Serie A,2025,867,Lecce,40563,F. Marchwiński,Filip,Marchwiński,23.0,Poland,187,72,https://media.api-sports.io/football/players/40563.png,Midfielder,0.0,0.0,,,0.0,0.0,,,,,,,,,,,,,,,0.0,0.0
135,Serie A,2025,867,Lecce,126974,O. Gandelman,Omri,Gandelman,25.0,Israel,188,84,https://media.api-sports.io/football/players/126974.png,Midfielder,19.0,10.0,978.0,6.51,2.0,1.0,7.0,3.0,243.0,7.0,63.0,9.0,1.0,4.0,11.0,2.0,184.0,69.0,3.0,13.0,0.0,0.0
135,Serie A,2025,895,Como,193328,N. Törnqvist,Noel Max Joachim,Törnqvist,23.0,Sweden,195,82,https://media.api-sports.io/football/players/193328.png,Goalkeeper,0.0,0.0,,,0.0,0.0,,,,,,,,,,,,,,,0.0,0.0
135,Serie A,2025,867,Lecce,334925,O. Ngom,Oumar,Ngom,21.0,France,184,75,https://media.api-sports.io/football/players/334925.png,Midfielder,15.0,10.0,847.0,6.65,0.0,0.0,2.0,2.0,262.0,4.0,82.0,23.0,2.0,13.0,11.0,6.0,98.0,46.0,6.0,15.0,1.0,0.0
135,Serie A,2025,505,Inter,395849,Thomas Berenbruch,Thomas,Berenbruch,20.0,Italy,176 cm,67 kg,https://media.api-sports.io/football/players/395849.png,Midfielder,0.0,0.0,,,0.0,0.0,,,,,,,,,,,,,,,0.0,0.0
135,Serie A,2025,487,Lazio,436193,S. Fernandes,Saná,Fernandes,19.0,Italy,165,57,https://media.api-sports.io/football/players/436193.png,Attacker,0.0,0.0,,,0.0,0.0,,,,,,,,,,,,,,,0.0,0.0
135,Serie A,2025,489,AC Milan,438044,M. Duțu,Matteo,Duțu,20.0,Romania,192 cm,,https://media.api-sports.io/football/players/438044.png,Defender,0.0,0.0,,,0.0,0.0,,,,,,,,,,,,,,,0.0,0.0
135,Serie A,2025,497,AS Roma,458411,Jacopo Mirra,Jacopo,Mirra,19.0,Italy,,,https://media.api-sports.io/football/players/458411.png,Defender,0.0,0.0,,,0.0,0.0,,,,,,,,,,,,,,,0.0,0.0
135,Serie A,2025,505,Inter,562597,L. Bovo,,,20.0,,,,https://media.api-sports.io/football/players/562597.png,Midfielder,0.0,0.0,,,0.0,0.0,,,,,,,,,,,,,,,0.0,0.0
135,Serie A,2025,505,Inter,563846,S. Cinquegrano,,,21.0,,,,https://media.api-sports.io/football/players/563846.png,Defender,0.0,0.0,,,0.0,0.0,,,,,,,,,,,,,,,0.0,0.0
135,Serie A,2025,505,Inter,563858,Y. Maye,,,19.0,,,,https://media.api-sports.io/football/players/563858.png,Defender,0.0,0.0,,,0.0,0.0,,,,,,,,,,,,,,,0.0,0.0
135,Serie A,2025,490,Cagliari,584116,Y. Trepy,,,19.0,,,,https://media.api-sports.io/football/players/584116.png,Attacker,8.0,0.0,105.0,6.67,1.0,0.0,4.0,2.0,15.0,2.0,60.0,2.0,,1.0,2.0,2.0,17.0,7.0,2.0,1.0,0.0,0.0
135,Serie A,2025,523,Parma,595808,Gabriele Casentini,,,18.0,,,,https://media.api-sports.io/football/players/595808.png,Goalkeeper,0.0,0.0,,,0.0,0.0,,,,,,,,,,,,,,,0.0,0.0
135,Serie A,2025,500,Bologna,616148,Petar Markovic,,,19.0,,,,https://media.api-sports.io/football/players/616148.png,Defender,0.0,0.0,,,0.0,0.0,,,,,,,,,,,,,,,0.0,0.0
135,Serie A,2025,497,AS Roma,626686,M. Bah,,,18.0,,,,https://media.api-sports.io/football/players/626686.png,Midfielder,0.0,0.0,,,0.0,0.0,,,,,,,,,,,,,,,0.0,0.0
135,Serie A,2025,867,Lecce,628513,Daniele Bleve,,,17.0,,,,https://media.api-sports.io/football/players/628513.png,Goalkeeper,0.0,0.0,,,0.0,0.0,,,,,,,,,,,,,,,0.0,0.0
135,Serie A,2025,502,Fiorentina,697,M. Solomon,Manor,Solomon,26.0,Israel,170,66,https://media.api-sports.io/football/players/697.png,Attacker,16.0,9.0,903.0,7.09,2.0,1.0,6.0,4.0,315.0,25.0,89.0,13.0,1.0,1.0,36.0,25.0,92.0,55.0,16.0,2.0,1.0,0.0
135,Serie A,2025,490,Cagliari,3737,A. Sherri,Alen,Sherri,28.0,Albania,197,92,https://media.api-sports.io/football/players/3737.png,Goalkeeper,0.0,0.0,,,0.0,0.0,,,,,,,,,,,,,,,0.0,0.0
135,Serie A,2025,502,Fiorentina,15843,O. Christensen,Oliver,Christensen,26.0,Denmark,190,82,https://media.api-sports.io/football/players/15843.png,Goalkeeper,1.0,1.0,87.0,8.7,0.0,0.0,,,41.0,,73.0,,,,,,1.0,1.0,1.0,,0.0,0.0
135,Serie A,2025,503,Torino,268728,S. Sazonov,Saba,Sazonov,23.0,Georgia,192,82,https://media.api-sports.io/football/players/268728.png,Defender,0.0,0.0,,,0.0,0.0,,,,,,,,,,,,,,,0.0,0.0
135,Serie A,2025,505,Inter,383000,I. Kamate,Issiaka,Kamate,21.0,France,186 cm,78 kg,https://media.api-sports.io/football/players/383000.png,Midfielder,0.0,0.0,,,0.0,0.0,,,,,,,,,,,,,,,0.0,0.0
135,Serie A,2025,497,AS Roma,394183,A. Romano,Alessandro Gianni,Romano,19.0,Switzerland,180,73,https://media.api-sports.io/football/players/394183.png,Midfielder,2.0,0.0,10.0,6.3,0.0,0.0,,,7.0,,85.0,,,,1.0,1.0,4.0,1.0,,2.0,0.0,0.0
135,Serie A,2025,504,Hellas Verona,414281,Isaac,Isaac,Aguiar Tomich,21.0,Brazil,185,78,https://media.api-sports.io/football/players/414281.png,Attacker,3.0,0.0,37.0,6.43,0.0,0.0,,,22.0,,90.0,,,,1.0,1.0,7.0,4.0,2.0,1.0,0.0,0.0
135,Serie A,2025,505,Inter,436238,M. Spinaccè,Matteo,Spinaccè,19.0,Italy,189 cm,75 kg,https://media.api-sports.io/football/players/436238.png,Attacker,0.0,0.0,,,0.0,0.0,,,,,,,,,,,,,,,0.0,0.0
135,Serie A,2025,487,Lazio,436244,F. Serra,Federico,Serra,19.0,Italy,,,https://media.api-sports.io/football/players/436244.png,Attacker,0.0,0.0,,,0.0,0.0,,,,,,,,,,,,,,,0.0,0.0
135,Serie A,2025,499,Atalanta,436251,P. Comi,Pietro,Comi,20.0,Italy,180 cm,70 kg,https://media.api-sports.io/football/players/436251.png,Defender,0.0,0.0,,,0.0,0.0,,,,,,,,,,,,,,,0.0,0.0
135,Serie A,2025,490,Cagliari,438208,Andra Cogoni,Andra,Cogoni,19.0,Italy,188 cm,74 kg,https://media.api-sports.io/football/players/438208.png,Defender,0.0,0.0,,,0.0,0.0,,,,,,,,,,,,,,,0.0,0.0
135,Serie A,2025,867,Lecce,446138,P. Penev,Plamen,Valentinov Penev,17.0,Bulgaria,,,https://media.api-sports.io/football/players/446138.png,Goalkeeper,0.0,0.0,,,0.0,0.0,,,,,,,,,,,,,,,0.0,0.0
135,Serie A,2025,492,Napoli,561707,V. Prisco,,,17.0,,,,https://media.api-sports.io/football/players/561707.png,Midfielder,0.0,0.0,,,0.0,0.0,,,,,,,,,,,,,,,0.0,0.0
135,Serie A,2025,523,Parma,576948,D. Drobnic,,,18.0,,,,https://media.api-sports.io/football/players/576948.png,Defender,0.0,0.0,,,0.0,0.0,,,,,,,,,,,,,,,0.0,0.0
135,Serie A,2025,492,Napoli,579072,E. De Chiara,,,19.0,,,,https://media.api-sports.io/football/players/579072.png,Midfielder,0.0,0.0,,,0.0,0.0,,,,,,,,,,,,,,,0.0,0.0
135,Serie A,2025,495,Genoa,592741,Joi Nuredini,,,18.0,,,,https://media.api-sports.io/football/players/592741.png,Attacker,1.0,0.0,1.0,,0.0,0.0,,,,,,,,,,,2.0,,,,0.0,0.0
135,Serie A,2025,503,Torino,598593,M. Pellini,,,18.0,,,,https://media.api-sports.io/football/players/598593.png,Defender,0.0,0.0,,,0.0,0.0,,,,,,,,,,,,,,,0.0,0.0
135,Serie A,2025,497,AS Roma,598615,E. Lulli,,,18.0,,,,https://media.api-sports.io/football/players/598615.png,Defender,0.0,0.0,,,0.0,0.0,,,,,,,,,,,,,,,0.0,0.0
135,Serie A,2025,495,Genoa,605470,Rendijs Mihelsons,,,17.0,,,,https://media.api-sports.io/football/players/605470.png,Goalkeeper,0.0,0.0,,,0.0,0.0,,,,,,,,,,,,,,,0.0,0.0
135,Serie A,2025,488,Sassuolo,626695,L. Barani,,,19.0,,,,https://media.api-sports.io/football/players/626695.png,Defender,0.0,0.0,,,0.0,0.0,,,,,,,,,,,,,,,0.0,0.0
135,Serie A,2025,497,AS Roma,249,D. Malen,Donyell,Malen,26.0,Netherlands,176,68,https://media.api-sports.io/football/players/249.png,Attacker,18.0,18.0,1478.0,7.24,14.0,2.0,49.0,31.0,220.0,8.0,77.0,5.0,,2.0,43.0,16.0,146.0,48.0,17.0,12.0,1.0,0.0
135,Serie A,2025,502,Fiorentina,19128,J. Harrison,Jack David,Harrison,29.0,England,175,70,https://media.api-sports.io/football/players/19128.png,Attacker,15.0,10.0,979.0,6.73,1.0,3.0,9.0,4.0,381.0,15.0,82.0,10.0,1.0,1.0,32.0,11.0,101.0,32.0,7.0,9.0,1.0,0.0
135,Serie A,2025,504,Hellas Verona,30525,Pol Lirola,Pol Mikel,Lirola Kosok,28.0,Spain,183,70,https://media.api-sports.io/football/players/30525.png,Midfielder,6.0,3.0,313.0,6.43,0.0,0.0,,,113.0,1.0,62.0,5.0,1.0,4.0,4.0,1.0,22.0,8.0,,3.0,1.0,0.0
135,Serie A,2025,499,Atalanta,30543,G. Raspadori,Giacomo,Raspadori,25.0,Italy,172,69,https://media.api-sports.io/football/players/30543.png,Attacker,13.0,7.0,791.0,6.82,3.0,1.0,17.0,11.0,299.0,17.0,80.0,8.0,,1.0,15.0,5.0,66.0,26.0,6.0,7.0,0.0,0.0
135,Serie A,2025,495,Genoa,37137,J. Bijlow,Justin,Bijlow,27.0,Netherlands,188,76,https://media.api-sports.io/football/players/37137.png,Goalkeeper,16.0,16.0,1395.0,6.99,0.0,0.0,,,610.0,,75.0,,,,,,9.0,8.0,1.0,1.0,1.0,0.0
135,Serie A,2025,487,Lazio,38749,K. Taylor,Kenneth,Taylor,23.0,Netherlands,182,75,https://media.api-sports.io/football/players/38749.png,Midfielder,17.0,17.0,1400.0,6.85,3.0,2.0,11.0,6.0,673.0,13.0,88.0,21.0,6.0,10.0,19.0,8.0,110.0,47.0,13.0,17.0,5.0,0.0
135,Serie A,2025,503,Torino,265722,Rafael Obrador,Rafael,Obrador Burguera,21.0,Spain,181,72,https://media.api-sports.io/football/players/265722.png,Defender,16.0,14.0,1123.0,6.62,1.0,3.0,5.0,2.0,359.0,13.0,81.0,23.0,1.0,11.0,28.0,9.0,92.0,39.0,5.0,7.0,1.0,0.0
135,Serie A,2025,867,Lecce,280431,S. Fofana,Sadik,Fofana,22.0,Togo,192,78,https://media.api-sports.io/football/players/280431.png,Midfielder,5.0,1.0,94.0,6.33,0.0,0.0,2.0,,27.0,2.0,51.0,2.0,,,2.0,1.0,17.0,6.0,1.0,3.0,0.0,0.0
135,Serie A,2025,487,Lazio,301763,P. Ratkov,Petar,Ratkov,22.0,Serbia,193,76,https://media.api-sports.io/football/players/301763.png,Attacker,8.0,2.0,228.0,6.41,0.0,0.0,4.0,1.0,45.0,1.0,60.0,3.0,,1.0,1.0,,20.0,13.0,3.0,,0.0,0.0
135,Serie A,2025,801,Pisa,341226,R. Durosinmi,Rafiu,Adekunle Durosinmi,22.0,Nigeria,,,https://media.api-sports.io/football/players/341226.png,Attacker,12.0,4.0,430.0,6.37,1.0,1.0,8.0,5.0,85.0,3.0,60.0,,,1.0,7.0,3.0,87.0,28.0,2.0,15.0,1.0,1.0
135,Serie A,2025,801,Pisa,342310,R. Bozhinov,Rosen,Petkov Bozhinov,20.0,Bulgaria,193,,https://media.api-sports.io/football/players/342310.png,Defender,9.0,8.0,614.0,6.3,0.0,0.0,3.0,1.0,413.0,4.0,87.0,7.0,4.0,11.0,1.0,,48.0,23.0,1.0,12.0,2.0,0.0
135,Serie A,2025,496,Juventus,349218,L. Anghelè,Lorenzo,Anghelè,20.0,Italy,,,https://media.api-sports.io/football/players/349218.png,Attacker,0.0,0.0,,,0.0,0.0,,,,,,,,,,,,,,,0.0,0.0
135,Serie A,2025,523,Parma,394882,D. Mikołajewski,Daniel,Mikołajewski,19.0,Poland,178 cm,81 kg,https://media.api-sports.io/football/players/394882.png,Attacker,3.0,1.0,75.0,6.5,0.0,0.0,1.0,,9.0,,100.0,1.0,,,2.0,,10.0,3.0,2.0,2.0,0.0,0.0
135,Serie A,2025,500,Bologna,416062,E. Helland,Eivind,Fauske Helland,20.0,Norway,,,https://media.api-sports.io/football/players/416062.png,Defender,6.0,6.0,488.0,6.8,0.0,0.0,1.0,,335.0,3.0,87.0,7.0,6.0,6.0,,,37.0,23.0,1.0,5.0,2.0,0.0
135,Serie A,2025,497,AS Roma,435482,R. Vaz,Robinio,Vaz,18.0,France,185,75,https://media.api-sports.io/football/players/435482.png,Attacker,12.0,0.0,221.0,6.53,1.0,0.0,4.0,2.0,35.0,,65.0,,,2.0,2.0,,39.0,17.0,12.0,2.0,0.0,0.0
135,Serie A,2025,503,Torino,437088,T. Gabellini,Tommaso,Gabellini,19.0,Italy,180 cm,78 kg,https://media.api-sports.io/football/players/437088.png,Attacker,0.0,0.0,,,0.0,0.0,,,,,,,,,,,,,,,0.0,0.0
135,Serie A,2025,495,Genoa,443779,N. Zätterström,Nils Erik Ulf,Zätterström,20.0,Sweden,186,,https://media.api-sports.io/football/players/443779.png,Defender,3.0,2.0,181.0,6.45,0.0,0.0,,,115.0,,85.0,2.0,,2.0,2.0,1.0,11.0,3.0,,3.0,0.0,0.0
135,Serie A,2025,502,Fiorentina,575285,L. Balbo,,,19.0,,,,https://media.api-sports.io/football/players/575285.png,Defender,6.0,1.0,208.0,6.77,0.0,0.0,,,54.0,1.0,66.0,6.0,5.0,1.0,1.0,,28.0,15.0,6.0,2.0,0.0,0.0
135,Serie A,2025,503,Torino,613435,W. Acquah,,,18.0,,,,https://media.api-sports.io/football/players/613435.png,Midfielder,0.0,0.0,,,0.0,0.0,,,,,,,,,,,,,,,0.0,0.0
135,Serie A,2025,503,Torino,616236,Zalan Kugyela,,,18.0,,,,https://media.api-sports.io/football/players/616236.png,Midfielder,0.0,0.0,,,0.0,0.0,,,,,,,,,,,,,,,0.0,0.0
135,Serie A,2025,499,Atalanta,530,M. Bakker,Mitchel,Bakker,25.0,Netherlands,185,85,https://media.api-sports.io/football/players/530.png,Defender,1.0,0.0,8.0,6.6,0.0,0.0,,,7.0,,100.0,,,,,,,,,,0.0,0.0
135,Serie A,2025,492,Napoli,907,R. Lukaku,Romelu Menama,Lukaku Bolingoli,32.0,Belgium,191,93,https://media.api-sports.io/football/players/907.png,Attacker,5.0,0.0,50.0,6.63,1.0,0.0,2.0,1.0,16.0,2.0,68.0,,1.0,,,,6.0,,,2.0,1.0,0.0
135,Serie A,2025,496,Juventus,30531,J. Boga,Jérémie,Boga,28.0,Côte d'Ivoire,172,68,https://media.api-sports.io/football/players/30531.png,Attacker,15.0,6.0,684.0,7.06,4.0,0.0,18.0,12.0,213.0,15.0,82.0,7.0,,2.0,42.0,22.0,81.0,39.0,7.0,3.0,1.0,0.0
135,Serie A,2025,523,Parma,31624,Gabriel Strefezza,Gabriel Tadeu,Strefezza Rebelato,28.0,Brazil,168 cm,63 kg,https://media.api-sports.io/football/players/31624.png,Attacker,14.0,13.0,1015.0,6.91,2.0,2.0,18.0,7.0,347.0,14.0,85.0,16.0,,5.0,33.0,17.0,141.0,66.0,28.0,21.0,3.0,0.0
135,Serie A,2025,503,Torino,40405,S. Kulenović,Sandro,Kulenović,26.0,Croatia,188,76,https://media.api-sports.io/football/players/40405.png,Attacker,13.0,3.0,310.0,6.45,0.0,1.0,3.0,2.0,65.0,5.0,63.0,4.0,1.0,1.0,5.0,2.0,43.0,14.0,4.0,11.0,2.0,0.0
135,Serie A,2025,801,Pisa,123476,F. Stojilković,Filip,Stojilković,25.0,Switzerland,185,80,https://media.api-sports.io/football/players/123476.png,Attacker,13.0,8.0,659.0,6.46,0.0,0.0,9.0,4.0,68.0,2.0,72.0,2.0,1.0,,4.0,2.0,28.0,5.0,,8.0,0.0,0.0
135,Serie A,2025,523,Parma,286473,F. Carboni,Franco Ezequiel,Carboni,22.0,Argentina,190,83,https://media.api-sports.io/football/players/286473.png,Defender,7.0,1.0,123.0,6.5,0.0,0.0,,,30.0,,80.0,2.0,,2.0,4.0,1.0,15.0,6.0,,3.0,0.0,0.0
135,Serie A,2025,801,Pisa,298165,F. Loyola,Felipe Ignacio,Loyola Olea,25.0,Chile,180,76,https://media.api-sports.io/football/players/298165.png,Defender,11.0,6.0,538.0,6.44,1.0,0.0,4.0,1.0,216.0,4.0,87.0,10.0,1.0,7.0,6.0,3.0,49.0,16.0,2.0,8.0,0.0,1.0
135,Serie A,2025,523,Parma,301924,N. Elphege,Nesta,Elphege,24.0,France,196,82,https://media.api-sports.io/football/players/301924.png,Attacker,9.0,2.0,306.0,6.83,2.0,1.0,5.0,3.0,62.0,4.0,66.0,2.0,,,6.0,4.0,47.0,25.0,,3.0,0.0,0.0
135,Serie A,2025,492,Napoli,310943,Alisson Santos,Alisson,de Almeida Santos,23.0,Brazil,177,82,https://media.api-sports.io/football/players/310943.png,Attacker,14.0,9.0,836.0,7.32,4.0,0.0,22.0,16.0,286.0,14.0,82.0,20.0,1.0,2.0,57.0,34.0,119.0,66.0,8.0,4.0,1.0,0.0
135,Serie A,2025,490,Cagliari,404523,A. Albarracín,Agustín,Albarracín Basil,20.0,Uruguay,175,63,https://media.api-sports.io/football/players/404523.png,Attacker,2.0,0.0,31.0,6.55,0.0,0.0,,,16.0,,87.0,,,,1.0,,5.0,3.0,3.0,,0.0,0.0
135,Serie A,2025,495,Genoa,405239,Alexsandro Amorim,Alexsandro,Amorim de Freitas Filho,20.0,Brazil,177,68,https://media.api-sports.io/football/players/405239.png,Midfielder,11.0,6.0,561.0,6.76,0.0,0.0,,,282.0,11.0,85.0,16.0,2.0,8.0,9.0,7.0,72.0,42.0,18.0,7.0,1.0,0.0
135,Serie A,2025,487,Lazio,405241,A. Przyborek,Adrian,Przyborek,18.0,Poland,184,72,https://media.api-sports.io/football/players/405241.png,Midfielder,1.0,0.0,8.0,6.7,0.0,0.0,1.0,,8.0,,87.0,,,,,,,,,,0.0,0.0
135,Serie A,2025,494,Udinese,411171,J. Arizala,Juan David,Arizala Micolta,20.0,Colombia,176,74,https://media.api-sports.io/football/players/411171.png,Midfielder,10.0,1.0,197.0,6.65,0.0,0.0,1.0,1.0,75.0,1.0,89.0,8.0,,1.0,5.0,2.0,23.0,13.0,1.0,1.0,0.0,0.0
135,Serie A,2025,487,Lazio,431413,E. Motta,Edoardo,Motta,20.0,Italy,194,87,https://media.api-sports.io/football/players/431413.png,Goalkeeper,9.0,9.0,810.0,6.9,0.0,0.0,,,237.0,1.0,71.0,,,,,,7.0,4.0,1.0,1.0,1.0,0.0
135,Serie A,2025,497,AS Roma,472080,Mattia Della Rocca,Mattia,Della Rocca,19.0,Italy,,,https://media.api-sports.io/football/players/472080.png,Midfielder,0.0,0.0,,,0.0,0.0,,,,,,,,,,,,,,,0.0,0.0
135,Serie A,2025,520,Cremonese,492934,D. Pavesi,Davide,Pavesi,17.0,Italy,,,https://media.api-sports.io/football/players/492934.png,Defender,0.0,0.0,,,0.0,0.0,,,,,,,,,,,,,,,0.0,0.0
135,Serie A,2025,494,Udinese,507646,Branimir Mlačić,Branimir,Mlacic,19.0,Croatia,,,https://media.api-sports.io/football/players/507646.png,Defender,7.0,2.0,162.0,6.83,0.0,0.0,,,78.0,1.0,87.0,3.0,2.0,2.0,1.0,1.0,17.0,6.0,,4.0,2.0,0.0
135,Serie A,2025,496,Juventus,620060,R. Huli,,,17.0,,,,https://media.api-sports.io/football/players/620060.png,Goalkeeper,0.0,0.0,,,0.0,0.0,,,,,,,,,,,,,,,0.0,0.0
135,Serie A,2025,801,Pisa,635992,Tommaso Guizzo,,,17.0,,,,https://media.api-sports.io/football/players/635992.png,Goalkeeper,0.0,0.0,,,0.0,0.0,,,,,,,,,,,,,,,0.0,0.0
135,Serie A,2025,488,Sassuolo,943,U. Garcia,Ulisses Alexandre,Garcia Lopes,29.0,Switzerland,182,73,https://media.api-sports.io/football/players/943.png,Defender,13.0,10.0,943.0,6.89,1.0,2.0,1.0,1.0,445.0,13.0,86.0,17.0,4.0,8.0,6.0,2.0,70.0,27.0,2.0,11.0,3.0,0.0
135,Serie A,2025,504,Hellas Verona,126690,K. Bowie,Kieran,Bowie,23.0,Scotland,,,https://media.api-sports.io/football/players/126690.png,Attacker,14.0,14.0,1204.0,6.76,4.0,0.0,25.0,11.0,200.0,13.0,70.0,9.0,3.0,,15.0,5.0,185.0,71.0,27.0,34.0,1.0,0.0
135,Serie A,2025,505,Inter,161831,Iwo Kaczmarski,Iwo,Kaczmarski,21.0,Poland,183,,https://media.api-sports.io/football/players/161831.png,Midfielder,0.0,0.0,,,0.0,0.0,,,,,,,,,,,,,,,0.0,0.0
135,Serie A,2025,801,Pisa,162173,S. Iling-Junior,Samuel,Iling-Junior,22.0,England,182,74,https://media.api-sports.io/football/players/162173.png,Attacker,5.0,1.0,107.0,6.5,0.0,0.0,,,30.0,1.0,56.0,2.0,,,3.0,,12.0,2.0,,1.0,0.0,0.0
135,Serie A,2025,504,Hellas Verona,169297,A. Edmundsson,Andrias,Edmundsson,25.0,Faroe Islands,193,81,https://media.api-sports.io/football/players/169297.png,Defender,15.0,15.0,1320.0,6.89,0.0,0.0,4.0,1.0,524.0,2.0,75.0,26.0,14.0,27.0,2.0,1.0,137.0,72.0,7.0,13.0,3.0,0.0
135,Serie A,2025,504,Hellas Verona,194837,T. Suslov,Tomáš,Suslov,23.0,Slovakia,173,72,https://media.api-sports.io/football/players/194837.png,Midfielder,11.0,5.0,445.0,6.43,0.0,0.0,7.0,4.0,102.0,4.0,83.0,8.0,,1.0,17.0,4.0,59.0,24.0,12.0,9.0,1.0,1.0
135,Serie A,2025,497,AS Roma,286639,Bryan Zaragoza,Bryan,Zaragoza Martínez,24.0,Spain,164,61,https://media.api-sports.io/football/players/286639.png,Attacker,4.0,2.0,135.0,7,0.0,1.0,1.0,1.0,59.0,4.0,83.0,1.0,,,10.0,6.0,25.0,12.0,5.0,5.0,1.0,0.0
135,Serie A,2025,505,Inter,367878,L. Topalović,Luka,Topalović,19.0,Slovenia,186 cm,77 kg,https://media.api-sports.io/football/players/367878.png,Midfielder,1.0,0.0,9.0,6.6,0.0,1.0,,,5.0,1.0,60.0,,,,1.0,,2.0,,,,0.0,0.0
135,Serie A,2025,499,Atalanta,383017,D. Vavassori,Dominic,Vavassori,20.0,Italy,173 cm,60 kg,https://media.api-sports.io/football/players/383017.png,Attacker,1.0,0.0,9.0,6.6,0.0,0.0,,,2.0,,100.0,,,,,,3.0,2.0,1.0,1.0,0.0,0.0
135,Serie A,2025,496,Juventus,405298,N. Rizzo,Niccolò,Rizzo,18.0,Italy,186 cm,,https://media.api-sports.io/football/players/405298.png,Defender,0.0,0.0,,,0.0,0.0,,,,,,,,,,,,,,,0.0,0.0
135,Serie A,2025,490,Cagliari,419627,O. Raterink,Othniël,Raterink,19.0,Netherlands,189 cm,85 kg,https://media.api-sports.io/football/players/419627.png,Defender,1.0,0.0,12.0,6.7,0.0,0.0,,,6.0,,83.0,,,,,,,,,,0.0,0.0
135,Serie A,2025,488,Sassuolo,455245,D. Bakola,Darryl,Bakola,18.0,France,178,70,https://media.api-sports.io/football/players/455245.png,Midfielder,6.0,1.0,144.0,6.77,0.0,1.0,2.0,1.0,62.0,3.0,79.0,8.0,,1.0,6.0,3.0,25.0,16.0,3.0,2.0,0.0,0.0
135,Serie A,2025,895,Como,459029,A. Lahdo,Adrian Adriano,Lahdo,18.0,Sweden,,,https://media.api-sports.io/football/players/459029.png,Midfielder,0.0,0.0,,,0.0,0.0,,,,,,,,,,,,,,,0.0,0.0
135,Serie A,2025,497,AS Roma,483676,G. De Marzi,Giorgio,De Marzi,18.0,USA,182 cm,72 kg,https://media.api-sports.io/football/players/483676.png,Goalkeeper,0.0,0.0,,,0.0,0.0,,,,,,,,,,,,,,,0.0,0.0
135,Serie A,2025,523,Parma,575272,M. Mena,,,19.0,,,,https://media.api-sports.io/football/players/575272.png,Defender,0.0,0.0,,,0.0,0.0,,,,,,,,,,,,,,,0.0,0.0
135,Serie A,2025,502,Fiorentina,610724,P. Bonanno,,,18.0,,,,https://media.api-sports.io/football/players/610724.png,Midfielder,0.0,0.0,,,0.0,0.0,,,,,,,,,,,,,,,0.0,0.0
135,Serie A,2025,495,Genoa,616216,Mamedi Doucoure,,,18.0,,,,https://media.api-sports.io/football/players/616216.png,Defender,0.0,0.0,8.0,6.6,0.0,0.0,,,9.0,,100.0,,,,,,1.0,,,,0.0,0.0
135,Serie A,2025,504,Hellas Verona,620793,A. Popovic,,,19.0,,,,https://media.api-sports.io/football/players/620793.png,Defender,0.0,0.0,,,0.0,0.0,,,,,,,,,,,,,,,0.0,0.0
135,Serie A,2025,490,Cagliari,626704,P. Mendy,,,19.0,,,,https://media.api-sports.io/football/players/626704.png,Attacker,9.0,3.0,338.0,6.61,2.0,0.0,12.0,3.0,74.0,6.0,70.0,,1.0,1.0,5.0,2.0,77.0,24.0,4.0,12.0,1.0,0.0
135,Serie A,2025,801,Pisa,640703,Matteo Luppichini,,,,,,,https://media.api-sports.io/football/players/640703.png,Goalkeeper,0.0,0.0,,,0.0,0.0,,,,,,,,,,,,,,,0.0,0.0
135,Serie A,2025,490,Cagliari,341307,Ivan Stoyanov Sulev,Ivan,Stoyanov Sulev,19.0,Bulgaria,"
    ","
    ",https://media.api-sports.io/football/players/341307.png,Midfielder,0.0,0.0,,,0.0,0.0,,,,,,,,,,,,,,,0.0,0.0
135,Serie A,2025,499,Atalanta,392279,P. Pardel,Piotr,Pardel,20.0,Poland,,,https://media.api-sports.io/football/players/392279.png,Goalkeeper,0.0,0.0,,,0.0,0.0,,,,,,,,,,,,,,,0.0,0.0
135,Serie A,2025,495,Genoa,393926,Gaël Lafont,Gaël,Lafont,19.0,France,175,59,https://media.api-sports.io/football/players/393926.png,Midfielder,1.0,0.0,10.0,6.7,0.0,0.0,,,14.0,,92.0,,,,,,,,,,0.0,0.0
135,Serie A,2025,499,Atalanta,412695,Albert Navarro,Albert,Navarro Escriche,18.0,Spain,,,https://media.api-sports.io/football/players/412695.png,Defender,0.0,0.0,,,0.0,0.0,,,,,,,,,,,,,,,0.0,0.0
135,Serie A,2025,499,Atalanta,412893,S. Levak,Sergej,Levak,19.0,Croatia,,,https://media.api-sports.io/football/players/412893.png,Midfielder,0.0,0.0,,,0.0,0.0,,,,,,,,,,,,,,,0.0,0.0
135,Serie A,2025,502,Fiorentina,458413,P. Leonardelli,Pietro,Leonardelli,19.0,Italy,182 cm,74 kg,https://media.api-sports.io/football/players/458413.png,Goalkeeper,0.0,0.0,,,0.0,0.0,,,,,,,,,,,,,,,0.0,0.0
135,Serie A,2025,490,Cagliari,468711,N. Grandu,Nicola,Grandu,19.0,Italy,186 cm,,https://media.api-sports.io/football/players/468711.png,Attacker,0.0,0.0,,,0.0,0.0,,,,,,,,,,,,,,,0.0,0.0
135,Serie A,2025,504,Hellas Verona,576967,L. Szimionas,,,19.0,,,,https://media.api-sports.io/football/players/576967.png,Midfielder,0.0,0.0,,,0.0,0.0,,,,,,,,,,,,,,,0.0,0.0
135,Serie A,2025,500,Bologna,584426,F. Castaldo,,,18.0,,,,https://media.api-sports.io/football/players/584426.png,Attacker,0.0,0.0,,,0.0,0.0,,,,,,,,,,,,,,,0.0,0.0
135,Serie A,2025,496,Juventus,597936,R. Radu,,,18.0,,,,https://media.api-sports.io/football/players/597936.png,Goalkeeper,0.0,0.0,,,0.0,0.0,,,,,,,,,,,,,,,0.0,0.0
135,Serie A,2025,502,Fiorentina,610778,E. Sadotti,,,19.0,,,,https://media.api-sports.io/football/players/610778.png,Defender,0.0,0.0,,,0.0,0.0,,,,,,,,,,,,,,,0.0,0.0
135,Serie A,2025,520,Cremonese,616178,Simone Lottici Tessadri,,,19.0,,,,https://media.api-sports.io/football/players/616178.png,Midfielder,1.0,0.0,8.0,6.7,0.0,0.0,1.0,,2.0,,100.0,,,,,,,,,,0.0,0.0
135,Serie A,2025,520,Cremonese,616187,Nouroudine Faye,,,18.0,,,,https://media.api-sports.io/football/players/616187.png,Attacker,0.0,0.0,,,0.0,0.0,,,,,,,,,,,,,,,0.0,0.0
135,Serie A,2025,487,Lazio,616196,Giacomo Giacomone,,,17.0,,,,https://media.api-sports.io/football/players/616196.png,Goalkeeper,0.0,0.0,,,0.0,0.0,,,,,,,,,,,,,,,0.0,0.0
135,Serie A,2025,495,Genoa,616217,Kris Gecaj,,,16.0,,,,https://media.api-sports.io/football/players/616217.png,Defender,0.0,0.0,,,0.0,0.0,,,,,,,,,,,,,,,0.0,0.0
135,Serie A,2025,495,Genoa,616225,Jacopo Grossi,,,19.0,,,,https://media.api-sports.io/football/players/616225.png,Midfielder,1.0,0.0,21.0,6.7,0.0,0.0,,,14.0,,92.0,,,,,,1.0,,,,0.0,0.0
135,Serie A,2025,502,Fiorentina,626661,L. Deli,,,19.0,,,,https://media.api-sports.io/football/players/626661.png,Midfielder,0.0,0.0,,,0.0,0.0,,,,,,,,,,,,,,,0.0,0.0
135,Serie A,2025,490,Cagliari,626674,R. Malfitano,,,18.0,,,,https://media.api-sports.io/football/players/626674.png,Midfielder,0.0,0.0,,,0.0,0.0,,,,,,,,,,,,,,,0.0,0.0
135,Serie A,2025,504,Hellas Verona,626701,J. Peci,,,19.0,,,,https://media.api-sports.io/football/players/626701.png,Midfielder,0.0,0.0,,,0.0,0.0,,,,,,,,,,,,,,,0.0,0.0
135,Serie A,2025,495,Genoa,636538,W. L. Ouedraogo,,,18.0,,,,https://media.api-sports.io/football/players/636538.png,Defender,2.0,0.0,49.0,6.75,0.0,0.0,,,16.0,,62.0,5.0,,1.0,2.0,,12.0,7.0,2.0,2.0,0.0,0.0
135,Serie A,2025,487,Lazio,1775,S. Gigot,Samuel Florent,Thomas Gigot,32.0,France,187,83,https://media.api-sports.io/football/players/1775.png,Defender,0.0,0.0,,,0.0,0.0,,,,,,,,,,,,,,,0.0,0.0
135,Serie A,2025,503,Torino,343332,Zannetos Savva,Zannetos,Savva,20.0,Cyprus,188,,https://media.api-sports.io/football/players/343332.png,Attacker,0.0,0.0,,,0.0,0.0,,,,,,,,,,,,,,,0.0,0.0
135,Serie A,2025,489,AC Milan,448968,J. Sardo,Jacopo,Sardo,20.0,Italy,186,,https://media.api-sports.io/football/players/448968.png,Midfielder,0.0,0.0,,,0.0,0.0,,,,,,,,,,,,,,,0.0,0.0
135,Serie A,2025,495,Genoa,455883,F. Carbone,Filippo,Carbone,19.0,Italy,,,https://media.api-sports.io/football/players/455883.png,Midfielder,0.0,0.0,10.0,7.2,0.0,0.0,,,7.0,,100.0,3.0,,1.0,,,5.0,4.0,1.0,,0.0,0.0
135,Serie A,2025,489,AC Milan,496790,V. Vladimirov,Valeri,Ivanov Vladimirov,17.0,Bulgaria,,,https://media.api-sports.io/football/players/496790.png,Defender,0.0,0.0,,,0.0,0.0,,,,,,,,,,,,,,,0.0,0.0
135,Serie A,2025,520,Cremonese,498776,M. Cassin,Marco,Cassin,17.0,Italy,,,https://media.api-sports.io/football/players/498776.png,Goalkeeper,0.0,0.0,,,0.0,0.0,,,,,,,,,,,,,,,0.0,0.0
135,Serie A,2025,495,Genoa,554589,M. Romano,,,19.0,,,,https://media.api-sports.io/football/players/554589.png,Midfielder,0.0,0.0,,,0.0,0.0,,,,,,,,,,,,,,,0.0,0.0
135,Serie A,2025,895,Como,567667,S. Pisati,,,16.0,,,,https://media.api-sports.io/football/players/567667.png,Midfielder,0.0,0.0,,,0.0,0.0,,,,,,,,,,,,,,,0.0,0.0
135,Serie A,2025,502,Fiorentina,579241,G. Puzzoli,,,19.0,,,,https://media.api-sports.io/football/players/579241.png,Attacker,0.0,0.0,,,0.0,0.0,,,,,,,,,,,,,,,0.0,0.0
135,Serie A,2025,523,Parma,585335,G. Astaldi,,,19.0,,,,https://media.api-sports.io/football/players/585335.png,Goalkeeper,0.0,0.0,,,0.0,0.0,,,,,,,,,,,,,,,0.0,0.0
135,Serie A,2025,502,Fiorentina,610955,S. Cianciulli,,,,,,,https://media.api-sports.io/football/players/610955.png,Midfielder,0.0,0.0,,,0.0,0.0,,,,,,,,,,,,,,,0.0,0.0
135,Serie A,2025,500,Bologna,616143,Riccardo Gnudi,,,17.0,,,,https://media.api-sports.io/football/players/616143.png,Goalkeeper,0.0,0.0,,,0.0,0.0,,,,,,,,,,,,,,,0.0,0.0
135,Serie A,2025,487,Lazio,616197,Nicolo Pannozzo,,,17.0,,,,https://media.api-sports.io/football/players/616197.png,Goalkeeper,0.0,0.0,,,0.0,0.0,,,,,,,,,,,,,,,0.0,0.0
135,Serie A,2025,495,Genoa,616219,Klisys,,,18.0,,,,https://media.api-sports.io/football/players/616219.png,Defender,0.0,0.0,,,0.0,0.0,,,,,,,,,,,,,,,0.0,0.0
135,Serie A,2025,495,Genoa,616228,Daniel Ndulue,,,18.0,,,,https://media.api-sports.io/football/players/616228.png,Attacker,0.0,0.0,,,0.0,0.0,,,,,,,,,,,,,,,0.0,0.0
135,Serie A,2025,495,Genoa,616229,Elia Spicuglia,,,18.0,,,,https://media.api-sports.io/football/players/616229.png,Attacker,0.0,0.0,,,0.0,0.0,,,,,,,,,,,,,,,0.0,0.0
135,Serie A,2025,497,AS Roma,626713,M. Seck,,,19.0,,,,https://media.api-sports.io/football/players/626713.png,Defender,0.0,0.0,,,0.0,0.0,,,,,,,,,,,,,,,0.0,0.0
135,Serie A,2025,502,Fiorentina,631204,Pirro,,,17.0,,,,https://media.api-sports.io/football/players/631204.png,Midfielder,0.0,0.0,,,0.0,0.0,,,,,,,,,,,,,,,0.0,0.0
135,Serie A,2025,520,Cremonese,635925,T. Vigilati,,,18.0,,,,https://media.api-sports.io/football/players/635925.png,Defender,0.0,0.0,,,0.0,0.0,,,,,,,,,,,,,,,0.0,0.0
135,Serie A,2025,895,Como,662278,R. Cassano,,,17.0,,,,https://media.api-sports.io/football/players/662278.png,Midfielder,0.0,0.0,,,0.0,0.0,,,,,,,,,,,,,,,0.0,0.0
135,Serie A,2025,801,Pisa,129790,Tomás Esteves,Tomás,do Lago Pontes Esteves,24.0,Portugal,180,72,https://media.api-sports.io/football/players/129790.png,Defender,1.0,0.0,13.0,6.300000,,0.0,,,5.0,,,,,,,,1.0,1.0,,,0.0,0.0
135,Serie A,2025,504,Hellas Verona,364415,Jesús Santiago,Jesús,Santiago Pérez,22.0,Spain,192,78,https://media.api-sports.io/football/players/364415.png,Midfielder,2.0,1.0,11.0,6.900000,,0.0,2.0,1.0,7.0,1.0,,2.0,,,1.0,1.0,5.0,4.0,1.0,,0.0,0.0
135,Serie A,2025,490,Cagliari,626706,A. Russo,,,19.0,,,,https://media.api-sports.io/football/players/626706.png,Midfielder,0.0,0.0,,,0.0,0.0,,,,,,,,,,,,,,,0.0,0.0
135,Serie A,2025,488,Sassuolo,626711,G. Vezzosi,,,18.0,,,,https://media.api-sports.io/football/players/626711.png,Defender,0.0,0.0,,,0.0,0.0,,,,,,,,,,,,,,,0.0,0.0
135,Serie A,2025,523,Parma,637969,A. Mazzocchi,,,17.0,,,,https://media.api-sports.io/football/players/637969.png,Goalkeeper,0.0,0.0,,,0.0,0.0,,,,,,,,,,,,,,,0.0,0.0
135,Serie A,2025,488,Sassuolo,663096,N. Baffoh,,,18.0,,,,https://media.api-sports.io/football/players/663096.png,Midfielder,0.0,0.0,,,0.0,0.0,,,,,,,,,,,,,,,0.0,0.0
